# Blender 5.2.1 LTS
# www.blender.org
mtllib bonkling.mtl
o Icosphere
v 0.000000 0.100000 0.000000
v 0.361804 0.376390 0.262863
v -0.138194 0.376390 0.425325
v -0.447213 0.376392 0.000000
v -0.138194 0.376390 -0.425325
v 0.361804 0.376390 -0.262863
v 0.138194 0.823610 0.425325
v -0.361804 0.823610 0.262863
v -0.361804 0.823610 -0.262863
v 0.138194 0.823610 -0.425325
v 0.447213 0.823608 0.000000
v 0.000000 1.100000 0.000000
v -0.081228 0.174673 0.249998
v 0.212661 0.174673 0.154506
v 0.131434 0.337131 0.404506
v 0.425324 0.337132 0.000000
v 0.212661 0.174673 -0.154506
v -0.262865 0.174674 0.000000
v -0.344095 0.337132 0.249998
v -0.081228 0.174673 -0.249998
v -0.344095 0.337132 -0.249998
v 0.131434 0.337131 -0.404506
v 0.475529 0.600000 0.154506
v 0.475529 0.600000 -0.154506
v 0.000000 0.600000 0.500000
v 0.293893 0.600000 0.404508
v -0.475529 0.600000 0.154506
v -0.293893 0.600000 0.404508
v -0.293893 0.600000 -0.404508
v -0.475529 0.600000 -0.154506
v 0.293893 0.600000 -0.404508
v 0.000000 0.600000 -0.500000
v 0.344095 0.862868 0.249998
v -0.131434 0.862869 0.404506
v -0.425324 0.862868 0.000000
v -0.131434 0.862869 -0.404506
v 0.344095 0.862868 -0.249998
v 0.081228 1.025327 0.249998
v 0.262865 1.025326 0.000000
v -0.212661 1.025327 0.154506
v -0.212661 1.025327 -0.154506
v 0.081228 1.025327 -0.249998
vn 0.1024 -0.9435 0.3151
vn 0.7002 -0.6617 0.2680
vn -0.2680 -0.9435 0.1947
vn -0.2680 -0.9435 -0.1947
vn 0.1024 -0.9435 -0.3151
vn 0.9050 -0.3304 0.2680
vn 0.0247 -0.3304 0.9435
vn -0.8897 -0.3304 0.3151
vn -0.5746 -0.3304 -0.7488
vn 0.5346 -0.3304 -0.7779
vn 0.8026 -0.1256 0.5831
vn -0.3066 -0.1256 0.9435
vn -0.9921 -0.1256 -0.0000
vn -0.3066 -0.1256 -0.9435
vn 0.8026 -0.1256 -0.5831
vn 0.4089 0.6617 0.6284
vn -0.4713 0.6617 0.5831
vn -0.7002 0.6617 -0.2680
vn 0.0385 0.6617 -0.7488
vn 0.7240 0.6617 -0.1947
vn 0.2680 0.9435 -0.1947
vn 0.4911 0.7947 -0.3568
vn 0.4089 0.6617 -0.6284
vn -0.1024 0.9435 -0.3151
vn -0.1876 0.7947 -0.5773
vn -0.4713 0.6617 -0.5831
vn -0.3313 0.9435 -0.0000
vn -0.6071 0.7947 -0.0000
vn -0.7002 0.6617 0.2680
vn -0.1024 0.9435 0.3151
vn -0.1876 0.7947 0.5773
vn 0.0385 0.6617 0.7488
vn 0.2680 0.9435 0.1947
vn 0.4911 0.7947 0.3568
vn 0.7240 0.6617 0.1947
vn 0.8897 0.3304 -0.3151
vn 0.7947 0.1876 -0.5773
vn 0.5746 0.3304 -0.7488
vn -0.0247 0.3304 -0.9435
vn -0.3035 0.1876 -0.9342
vn -0.5346 0.3304 -0.7779
vn -0.9050 0.3304 -0.2680
vn -0.9822 0.1876 -0.0000
vn -0.9050 0.3304 0.2680
vn -0.5346 0.3304 0.7779
vn -0.3035 0.1876 0.9342
vn -0.0247 0.3304 0.9435
vn 0.5746 0.3304 0.7488
vn 0.7947 0.1876 0.5773
vn 0.8897 0.3304 0.3151
vn 0.3066 0.1256 -0.9435
vn 0.3035 -0.1876 -0.9342
vn 0.0247 -0.3304 -0.9435
vn -0.8026 0.1256 -0.5831
vn -0.7947 -0.1876 -0.5773
vn -0.8897 -0.3304 -0.3151
vn -0.8026 0.1256 0.5831
vn -0.7947 -0.1876 0.5773
vn -0.5746 -0.3304 0.7488
vn 0.3066 0.1256 0.9435
vn 0.3035 -0.1876 0.9342
vn 0.5346 -0.3304 0.7779
vn 0.9921 0.1256 -0.0000
vn 0.9822 -0.1876 -0.0000
vn 0.9050 -0.3304 -0.2680
vn 0.4713 -0.6617 -0.5831
vn 0.1876 -0.7947 -0.5773
vn -0.0385 -0.6617 -0.7488
vn -0.4089 -0.6617 -0.6284
vn -0.4911 -0.7947 -0.3568
vn -0.7240 -0.6617 -0.1947
vn -0.7240 -0.6617 0.1947
vn -0.4911 -0.7947 0.3568
vn -0.4089 -0.6617 0.6284
vn 0.7002 -0.6617 -0.2680
vn 0.6071 -0.7947 -0.0000
vn 0.3313 -0.9435 -0.0000
vn -0.0385 -0.6617 0.7488
vn 0.1876 -0.7947 0.5773
vn 0.4713 -0.6617 0.5831
vt 0.181819 0.000000
vt 0.227273 0.078731
vt 0.136365 0.078731
vt 0.272728 0.157461
vt 0.318182 0.078731
vt 0.363637 0.157461
vt 0.909091 0.000000
vt 0.954545 0.078731
vt 0.863636 0.078731
vt 0.727273 0.000000
vt 0.772727 0.078731
vt 0.681818 0.078731
vt 0.545455 0.000000
vt 0.590909 0.078731
vt 0.500000 0.078731
vt 0.318182 0.236191
vt 0.090910 0.157461
vt 0.181819 0.157461
vt 0.136365 0.236191
vt 0.818182 0.157461
vt 0.909091 0.157461
vt 0.863636 0.236191
vt 0.636364 0.157461
vt 0.727273 0.157461
vt 0.681818 0.236191
vt 0.454546 0.157461
vt 0.545455 0.157461
vt 0.500000 0.236191
vt 0.227273 0.236191
vt 0.045455 0.236191
vt 0.772727 0.236191
vt 0.590909 0.236191
vt 0.409092 0.236191
vt 0.181819 0.314921
vt 0.272728 0.314921
vt 0.227273 0.393651
vt 0.000000 0.314921
vt 0.090910 0.314921
vt 0.045455 0.393651
vt 0.727273 0.314921
vt 0.818182 0.314921
vt 0.772727 0.393651
vt 0.545455 0.314921
vt 0.636364 0.314921
vt 0.590909 0.393651
vt 0.363637 0.314921
vt 0.454546 0.314921
vt 0.409092 0.393651
vt 0.500000 0.393651
vt 0.454546 0.472382
vt 0.681818 0.393651
vt 0.636364 0.472382
vt 0.863636 0.393651
vt 0.818182 0.472382
vt 0.909091 0.314921
vt 0.136365 0.393651
vt 0.090910 0.472382
vt 0.318182 0.393651
vt 0.272728 0.472382
vt 0.954545 0.236191
vt 1.000000 0.157461
vt 0.409092 0.078731
vt 0.363637 0.000000
s 0
usemtl Mat_Goblin
f 1/1/1 14/2/1 13/3/1
f 2/4/2 14/5/2 16/6/2
f 1/7/3 13/8/3 18/9/3
f 1/10/4 18/11/4 20/12/4
f 1/13/5 20/14/5 17/15/5
f 2/4/6 16/6/6 23/16/6
f 3/17/7 15/18/7 25/19/7
f 4/20/8 19/21/8 27/22/8
f 5/23/9 21/24/9 29/25/9
f 6/26/10 22/27/10 31/28/10
f 2/4/11 23/16/11 26/29/11
f 3/17/12 25/19/12 28/30/12
f 4/20/13 27/22/13 30/31/13
f 5/23/14 29/25/14 32/32/14
f 6/26/15 31/28/15 24/33/15
f 7/34/16 33/35/16 38/36/16
f 8/37/17 34/38/17 40/39/17
f 9/40/18 35/41/18 41/42/18
f 10/43/19 36/44/19 42/45/19
f 11/46/20 37/47/20 39/48/20
f 39/48/21 42/49/21 12/50/21
f 39/48/22 37/47/22 42/49/22
f 37/47/23 10/43/23 42/49/23
f 42/45/24 41/51/24 12/52/24
f 42/45/25 36/44/25 41/51/25
f 36/44/26 9/40/26 41/51/26
f 41/42/27 40/53/27 12/54/27
f 41/42/28 35/41/28 40/53/28
f 35/41/29 8/55/29 40/53/29
f 40/39/30 38/56/30 12/57/30
f 40/39/31 34/38/31 38/56/31
f 34/38/32 7/34/32 38/56/32
f 38/36/33 39/58/33 12/59/33
f 38/36/34 33/35/34 39/58/34
f 33/35/35 11/46/35 39/58/35
f 24/33/36 37/47/36 11/46/36
f 24/33/37 31/28/37 37/47/37
f 31/28/38 10/43/38 37/47/38
f 32/32/39 36/44/39 10/43/39
f 32/32/40 29/25/40 36/44/40
f 29/25/41 9/40/41 36/44/41
f 30/31/42 35/41/42 9/40/42
f 30/31/43 27/22/43 35/41/43
f 27/22/44 8/55/44 35/41/44
f 28/30/45 34/38/45 8/37/45
f 28/30/46 25/19/46 34/38/46
f 25/19/47 7/34/47 34/38/47
f 26/29/48 33/35/48 7/34/48
f 26/29/49 23/16/49 33/35/49
f 23/16/50 11/46/50 33/35/50
f 31/28/51 32/32/51 10/43/51
f 31/28/52 22/27/52 32/32/52
f 22/27/53 5/23/53 32/32/53
f 29/25/54 30/31/54 9/40/54
f 29/25/55 21/24/55 30/31/55
f 21/24/56 4/20/56 30/31/56
f 27/22/57 28/60/57 8/55/57
f 27/22/58 19/21/58 28/60/58
f 19/21/59 3/61/59 28/60/59
f 25/19/60 26/29/60 7/34/60
f 25/19/61 15/18/61 26/29/61
f 15/18/62 2/4/62 26/29/62
f 23/16/63 24/33/63 11/46/63
f 23/16/64 16/6/64 24/33/64
f 16/6/65 6/26/65 24/33/65
f 17/15/66 22/27/66 6/26/66
f 17/15/67 20/14/67 22/27/67
f 20/14/68 5/23/68 22/27/68
f 20/12/69 21/24/69 5/23/69
f 20/12/70 18/11/70 21/24/70
f 18/11/71 4/20/71 21/24/71
f 18/9/72 19/21/72 4/20/72
f 18/9/73 13/8/73 19/21/73
f 13/8/74 3/61/74 19/21/74
f 16/6/75 17/62/75 6/26/75
f 16/6/76 14/5/76 17/62/76
f 14/5/77 1/63/77 17/62/77
f 13/3/78 15/18/78 3/17/78
f 13/3/79 14/2/79 15/18/79
f 14/2/80 2/4/80 15/18/80
o Cone
v -0.273223 0.623223 -0.120000
v -0.256669 0.639777 -0.117694
v -0.240752 0.655695 -0.110866
v -0.226082 0.670365 -0.099776
v -0.213223 0.683223 -0.084853
v -0.202671 0.693776 -0.066668
v -0.194830 0.701617 -0.045922
v -0.190001 0.706446 -0.023411
v -0.188370 0.708076 0.000000
v -0.190001 0.706446 0.023411
v -0.194830 0.701617 0.045922
v -0.202671 0.693776 0.066668
v -0.213223 0.683223 0.084853
v -0.226082 0.670365 0.099776
v -0.240752 0.655695 0.110866
v -0.256669 0.639777 0.117694
v -0.273223 0.623223 0.120000
v -0.289777 0.606669 0.117694
v -0.305695 0.590752 0.110866
v -0.320365 0.576082 0.099776
v -0.333223 0.563223 0.084853
v -0.343776 0.552671 0.066668
v -0.351617 0.544830 0.045922
v -0.356446 0.540001 0.023411
v -0.358076 0.538370 0.000000
v -0.356446 0.540001 -0.023411
v -0.351617 0.544830 -0.045922
v -0.343776 0.552671 -0.066668
v -0.333223 0.563223 -0.084853
v -0.320365 0.576082 -0.099776
v -0.305695 0.590752 -0.110866
v -0.289777 0.606669 -0.117694
v -0.626777 0.976777 0.000000
vn -0.0969 0.2317 -0.9680
vn 0.0354 0.3639 -0.9308
vn 0.1599 0.4885 -0.8578
vn 0.2720 0.6006 -0.7519
vn 0.3674 0.6959 -0.6170
vn 0.4423 0.7708 -0.4585
vn 0.4939 0.8224 -0.2823
vn 0.5202 0.8487 -0.0953
vn 0.5202 0.8487 0.0953
vn 0.4939 0.8224 0.2823
vn 0.4423 0.7708 0.4585
vn 0.3674 0.6959 0.6170
vn 0.2720 0.6006 0.7519
vn 0.1599 0.4885 0.8578
vn 0.0354 0.3639 0.9308
vn -0.0969 0.2317 0.9680
vn -0.2317 0.0969 0.9680
vn -0.3639 -0.0354 0.9308
vn -0.4885 -0.1599 0.8578
vn -0.6006 -0.2720 0.7519
vn -0.6959 -0.3674 0.6170
vn -0.7708 -0.4423 0.4585
vn -0.8224 -0.4939 0.2823
vn -0.8487 -0.5202 0.0953
vn -0.8487 -0.5202 -0.0953
vn -0.8224 -0.4939 -0.2823
vn -0.7708 -0.4423 -0.4585
vn -0.6959 -0.3674 -0.6170
vn -0.6006 -0.2720 -0.7519
vn -0.4885 -0.1599 -0.8578
vn 0.7071 -0.7071 -0.0000
vn -0.3639 -0.0354 -0.9308
vn -0.2317 0.0969 -0.9680
vt 0.250000 0.490000
vt 0.250000 0.250000
vt 0.296822 0.485388
vt 0.341844 0.471731
vt 0.383337 0.449553
vt 0.419706 0.419706
vt 0.449553 0.383337
vt 0.471731 0.341844
vt 0.485388 0.296822
vt 0.490000 0.250000
vt 0.485388 0.203178
vt 0.471731 0.158156
vt 0.449553 0.116663
vt 0.419706 0.080294
vt 0.383337 0.050447
vt 0.341844 0.028269
vt 0.296822 0.014612
vt 0.250000 0.010000
vt 0.203178 0.014612
vt 0.158156 0.028269
vt 0.116663 0.050447
vt 0.080294 0.080294
vt 0.050447 0.116663
vt 0.028269 0.158156
vt 0.014612 0.203178
vt 0.010000 0.250000
vt 0.014612 0.296822
vt 0.028269 0.341844
vt 0.050447 0.383337
vt 0.080294 0.419706
vt 0.116663 0.449553
vt 0.158156 0.471731
vt 0.750000 0.490000
vt 0.796822 0.485388
vt 0.841844 0.471731
vt 0.883337 0.449553
vt 0.919706 0.419706
vt 0.949553 0.383337
vt 0.971731 0.341844
vt 0.985388 0.296822
vt 0.990000 0.250000
vt 0.985388 0.203178
vt 0.971731 0.158156
vt 0.949553 0.116663
vt 0.919706 0.080294
vt 0.883337 0.050447
vt 0.841844 0.028269
vt 0.796822 0.014612
vt 0.750000 0.010000
vt 0.703178 0.014612
vt 0.658156 0.028269
vt 0.616663 0.050447
vt 0.580294 0.080294
vt 0.550447 0.116663
vt 0.528269 0.158156
vt 0.514612 0.203178
vt 0.510000 0.250000
vt 0.514612 0.296822
vt 0.528269 0.341844
vt 0.550447 0.383337
vt 0.580294 0.419706
vt 0.616663 0.449553
vt 0.658156 0.471731
vt 0.703178 0.485388
vt 0.203178 0.485388
s 0
usemtl Mat_Goblin
f 43/64/81 75/65/81 44/66/81
f 44/66/82 75/65/82 45/67/82
f 45/67/83 75/65/83 46/68/83
f 46/68/84 75/65/84 47/69/84
f 47/69/85 75/65/85 48/70/85
f 48/70/86 75/65/86 49/71/86
f 49/71/87 75/65/87 50/72/87
f 50/72/88 75/65/88 51/73/88
f 51/73/89 75/65/89 52/74/89
f 52/74/90 75/65/90 53/75/90
f 53/75/91 75/65/91 54/76/91
f 54/76/92 75/65/92 55/77/92
f 55/77/93 75/65/93 56/78/93
f 56/78/94 75/65/94 57/79/94
f 57/79/95 75/65/95 58/80/95
f 58/80/96 75/65/96 59/81/96
f 59/81/97 75/65/97 60/82/97
f 60/82/98 75/65/98 61/83/98
f 61/83/99 75/65/99 62/84/99
f 62/84/100 75/65/100 63/85/100
f 63/85/101 75/65/101 64/86/101
f 64/86/102 75/65/102 65/87/102
f 65/87/103 75/65/103 66/88/103
f 66/88/104 75/65/104 67/89/104
f 67/89/105 75/65/105 68/90/105
f 68/90/106 75/65/106 69/91/106
f 69/91/107 75/65/107 70/92/107
f 70/92/108 75/65/108 71/93/108
f 71/93/109 75/65/109 72/94/109
f 72/94/110 75/65/110 73/95/110
f 43/96/111 44/97/111 45/98/111 46/99/111 47/100/111 48/101/111 49/102/111 50/103/111 51/104/111 52/105/111 53/106/111 54/107/111 55/108/111 56/109/111 57/110/111 58/111/111 59/112/111 60/113/111 61/114/111 62/115/111 63/116/111 64/117/111 65/118/111 66/119/111 67/120/111 68/121/111 69/122/111 70/123/111 71/124/111 72/125/111 73/126/111 74/127/111
f 73/95/112 75/65/112 74/128/112
f 74/128/113 75/65/113 43/64/113
o Cone.001
v 0.273223 0.623223 -0.120000
v 0.289777 0.606669 -0.117694
v 0.305695 0.590752 -0.110866
v 0.320365 0.576082 -0.099776
v 0.333223 0.563223 -0.084853
v 0.343776 0.552671 -0.066668
v 0.351617 0.544830 -0.045922
v 0.356446 0.540001 -0.023411
v 0.358076 0.538370 0.000000
v 0.356446 0.540001 0.023411
v 0.351617 0.544830 0.045922
v 0.343776 0.552671 0.066668
v 0.333223 0.563223 0.084853
v 0.320365 0.576082 0.099776
v 0.305695 0.590752 0.110866
v 0.289777 0.606669 0.117694
v 0.273223 0.623223 0.120000
v 0.256669 0.639777 0.117694
v 0.240752 0.655695 0.110866
v 0.226082 0.670365 0.099776
v 0.213223 0.683223 0.084853
v 0.202671 0.693776 0.066668
v 0.194830 0.701617 0.045922
v 0.190001 0.706446 0.023411
v 0.188370 0.708076 0.000000
v 0.190001 0.706446 -0.023411
v 0.194830 0.701617 -0.045922
v 0.202671 0.693776 -0.066668
v 0.213223 0.683223 -0.084853
v 0.226082 0.670365 -0.099776
v 0.240752 0.655695 -0.110866
v 0.256669 0.639777 -0.117694
v 0.626777 0.976777 0.000000
vn 0.2317 0.0969 -0.9680
vn 0.3639 -0.0354 -0.9308
vn 0.4885 -0.1599 -0.8578
vn 0.6006 -0.2720 -0.7519
vn 0.6959 -0.3674 -0.6170
vn 0.7708 -0.4423 -0.4585
vn 0.8224 -0.4939 -0.2823
vn 0.8487 -0.5202 -0.0953
vn 0.8487 -0.5202 0.0953
vn 0.8224 -0.4939 0.2823
vn 0.7708 -0.4423 0.4585
vn 0.6959 -0.3674 0.6170
vn 0.6006 -0.2720 0.7519
vn 0.4885 -0.1599 0.8578
vn 0.3639 -0.0354 0.9308
vn 0.2317 0.0969 0.9680
vn 0.0969 0.2317 0.9680
vn -0.0354 0.3639 0.9308
vn -0.1599 0.4885 0.8578
vn -0.2720 0.6006 0.7519
vn -0.3674 0.6959 0.6170
vn -0.4423 0.7708 0.4585
vn -0.4939 0.8224 0.2823
vn -0.5202 0.8487 0.0953
vn -0.5202 0.8487 -0.0953
vn -0.4939 0.8224 -0.2823
vn -0.4423 0.7708 -0.4585
vn -0.3674 0.6959 -0.6170
vn -0.2720 0.6006 -0.7519
vn -0.1599 0.4885 -0.8578
vn -0.7071 -0.7071 -0.0000
vn -0.0354 0.3639 -0.9308
vn 0.0969 0.2317 -0.9680
vt 0.250000 0.490000
vt 0.250000 0.250000
vt 0.296822 0.485388
vt 0.341844 0.471731
vt 0.383337 0.449553
vt 0.419706 0.419706
vt 0.449553 0.383337
vt 0.471731 0.341844
vt 0.485388 0.296822
vt 0.490000 0.250000
vt 0.485388 0.203178
vt 0.471731 0.158156
vt 0.449553 0.116663
vt 0.419706 0.080294
vt 0.383337 0.050447
vt 0.341844 0.028269
vt 0.296822 0.014612
vt 0.250000 0.010000
vt 0.203178 0.014612
vt 0.158156 0.028269
vt 0.116663 0.050447
vt 0.080294 0.080294
vt 0.050447 0.116663
vt 0.028269 0.158156
vt 0.014612 0.203178
vt 0.010000 0.250000
vt 0.014612 0.296822
vt 0.028269 0.341844
vt 0.050447 0.383337
vt 0.080294 0.419706
vt 0.116663 0.449553
vt 0.158156 0.471731
vt 0.750000 0.490000
vt 0.796822 0.485388
vt 0.841844 0.471731
vt 0.883337 0.449553
vt 0.919706 0.419706
vt 0.949553 0.383337
vt 0.971731 0.341844
vt 0.985388 0.296822
vt 0.990000 0.250000
vt 0.985388 0.203178
vt 0.971731 0.158156
vt 0.949553 0.116663
vt 0.919706 0.080294
vt 0.883337 0.050447
vt 0.841844 0.028269
vt 0.796822 0.014612
vt 0.750000 0.010000
vt 0.703178 0.014612
vt 0.658156 0.028269
vt 0.616663 0.050447
vt 0.580294 0.080294
vt 0.550447 0.116663
vt 0.528269 0.158156
vt 0.514612 0.203178
vt 0.510000 0.250000
vt 0.514612 0.296822
vt 0.528269 0.341844
vt 0.550447 0.383337
vt 0.580294 0.419706
vt 0.616663 0.449553
vt 0.658156 0.471731
vt 0.703178 0.485388
vt 0.203178 0.485388
s 0
usemtl Mat_Goblin
f 76/129/114 108/130/114 77/131/114
f 77/131/115 108/130/115 78/132/115
f 78/132/116 108/130/116 79/133/116
f 79/133/117 108/130/117 80/134/117
f 80/134/118 108/130/118 81/135/118
f 81/135/119 108/130/119 82/136/119
f 82/136/120 108/130/120 83/137/120
f 83/137/121 108/130/121 84/138/121
f 84/138/122 108/130/122 85/139/122
f 85/139/123 108/130/123 86/140/123
f 86/140/124 108/130/124 87/141/124
f 87/141/125 108/130/125 88/142/125
f 88/142/126 108/130/126 89/143/126
f 89/143/127 108/130/127 90/144/127
f 90/144/128 108/130/128 91/145/128
f 91/145/129 108/130/129 92/146/129
f 92/146/130 108/130/130 93/147/130
f 93/147/131 108/130/131 94/148/131
f 94/148/132 108/130/132 95/149/132
f 95/149/133 108/130/133 96/150/133
f 96/150/134 108/130/134 97/151/134
f 97/151/135 108/130/135 98/152/135
f 98/152/136 108/130/136 99/153/136
f 99/153/137 108/130/137 100/154/137
f 100/154/138 108/130/138 101/155/138
f 101/155/139 108/130/139 102/156/139
f 102/156/140 108/130/140 103/157/140
f 103/157/141 108/130/141 104/158/141
f 104/158/142 108/130/142 105/159/142
f 105/159/143 108/130/143 106/160/143
f 76/161/144 77/162/144 78/163/144 79/164/144 80/165/144 81/166/144 82/167/144 83/168/144 84/169/144 85/170/144 86/171/144 87/172/144 88/173/144 89/174/144 90/175/144 91/176/144 92/177/144 93/178/144 94/179/144 95/180/144 96/181/144 97/182/144 98/183/144 99/184/144 100/185/144 101/186/144 102/187/144 103/188/144 104/189/144 105/190/144 106/191/144 107/192/144
f 106/160/145 108/130/145 107/193/145
f 107/193/146 108/130/146 76/129/146
o Sphere
v -0.180000 0.790000 0.420000
v -0.180000 0.788271 0.402442
v -0.180000 0.774832 0.369999
v -0.180000 0.763640 0.356360
v -0.180000 0.734442 0.336851
v -0.180000 0.700000 0.330000
v -0.180000 0.665558 0.336851
v -0.180000 0.636360 0.356360
v -0.180000 0.610000 0.420000
v -0.176575 0.788271 0.402779
v -0.173281 0.783149 0.386220
v -0.170245 0.774832 0.370959
v -0.167585 0.763640 0.357583
v -0.165401 0.750001 0.346606
v -0.163778 0.734442 0.338449
v -0.162779 0.717558 0.333425
v -0.162442 0.700000 0.331729
v -0.162779 0.682442 0.333425
v -0.163778 0.665558 0.338449
v -0.165401 0.649999 0.346606
v -0.167585 0.636360 0.357583
v -0.170245 0.625168 0.370959
v -0.173281 0.616851 0.386220
v -0.176575 0.611729 0.402779
v -0.173281 0.788271 0.403778
v -0.166820 0.783149 0.388180
v -0.160865 0.774832 0.373805
v -0.155646 0.763640 0.361205
v -0.151363 0.750001 0.350864
v -0.148180 0.734442 0.343180
v -0.146220 0.717558 0.338449
v -0.145559 0.700000 0.336851
v -0.146220 0.682442 0.338449
v -0.148180 0.665558 0.343180
v -0.151363 0.649999 0.350864
v -0.155646 0.636360 0.361205
v -0.160865 0.625168 0.373805
v -0.166820 0.616851 0.388180
v -0.173281 0.611729 0.403778
v -0.170245 0.788271 0.405401
v -0.160865 0.783149 0.391363
v -0.152221 0.774832 0.378425
v -0.144644 0.763640 0.367086
v -0.138425 0.750001 0.357779
v -0.133805 0.734442 0.350864
v -0.130959 0.717558 0.346606
v -0.129999 0.700000 0.345168
v -0.130959 0.682442 0.346606
v -0.133805 0.665558 0.350864
v -0.138425 0.649999 0.357779
v -0.144644 0.636360 0.367086
v -0.152221 0.625168 0.378425
v -0.160865 0.616851 0.391363
v -0.170245 0.611729 0.405401
v -0.167585 0.788271 0.407585
v -0.155646 0.783149 0.395646
v -0.144644 0.774832 0.384644
v -0.135000 0.763640 0.375000
v -0.127086 0.750001 0.367086
v -0.121205 0.734442 0.361205
v -0.117583 0.717558 0.357583
v -0.116360 0.700000 0.356360
v -0.117583 0.682442 0.357583
v -0.121205 0.665558 0.361205
v -0.127086 0.649999 0.367086
v -0.135000 0.636360 0.375000
v -0.144644 0.625168 0.384644
v -0.155646 0.616851 0.395646
v -0.167585 0.611729 0.407585
v -0.165401 0.788271 0.410245
v -0.151363 0.783149 0.400865
v -0.138425 0.774832 0.392221
v -0.127086 0.763640 0.384644
v -0.117779 0.750001 0.378425
v -0.110864 0.734442 0.373805
v -0.106606 0.717558 0.370959
v -0.105168 0.700000 0.369999
v -0.106606 0.682442 0.370959
v -0.110864 0.665558 0.373805
v -0.117779 0.649999 0.378425
v -0.127086 0.636360 0.384644
v -0.138425 0.625168 0.392221
v -0.151363 0.616851 0.400865
v -0.165401 0.611729 0.410245
v -0.163778 0.788271 0.413281
v -0.148180 0.783149 0.406820
v -0.133805 0.774832 0.400865
v -0.121205 0.763640 0.395646
v -0.110864 0.750001 0.391363
v -0.103180 0.734442 0.388180
v -0.098449 0.717558 0.386220
v -0.096851 0.700000 0.385558
v -0.098449 0.682442 0.386220
v -0.103180 0.665558 0.388180
v -0.110864 0.649999 0.391363
v -0.121205 0.636360 0.395646
v -0.133805 0.625168 0.400865
v -0.148180 0.616851 0.406820
v -0.163778 0.611729 0.413281
v -0.162779 0.788271 0.416575
v -0.146220 0.783149 0.413281
v -0.130959 0.774832 0.410245
v -0.117583 0.763640 0.407585
v -0.106606 0.750001 0.405401
v -0.098449 0.734442 0.403778
v -0.093425 0.717558 0.402779
v -0.091729 0.700000 0.402442
v -0.093425 0.682442 0.402779
v -0.098449 0.665558 0.403778
v -0.106606 0.649999 0.405401
v -0.117583 0.636360 0.407585
v -0.130959 0.625168 0.410245
v -0.146220 0.616851 0.413281
v -0.162779 0.611729 0.416575
v -0.162442 0.788271 0.420000
v -0.145559 0.783149 0.420000
v -0.129999 0.774832 0.420000
v -0.116360 0.763640 0.420000
v -0.105168 0.750001 0.420000
v -0.096851 0.734442 0.420000
v -0.091729 0.717558 0.420000
v -0.090000 0.700000 0.420000
v -0.091729 0.682442 0.420000
v -0.096851 0.665558 0.420000
v -0.105168 0.649999 0.420000
v -0.116360 0.636360 0.420000
v -0.129999 0.625168 0.420000
v -0.145559 0.616851 0.420000
v -0.162442 0.611729 0.420000
v -0.162779 0.788271 0.423425
v -0.146220 0.783149 0.426719
v -0.130959 0.774832 0.429755
v -0.117583 0.763640 0.432415
v -0.106606 0.750001 0.434599
v -0.098449 0.734442 0.436222
v -0.093425 0.717558 0.437221
v -0.091729 0.700000 0.437558
v -0.093425 0.682442 0.437221
v -0.098449 0.665558 0.436222
v -0.106606 0.649999 0.434599
v -0.117583 0.636360 0.432415
v -0.130959 0.625168 0.429755
v -0.146220 0.616851 0.426719
v -0.162779 0.611729 0.423425
v -0.163778 0.788271 0.426719
v -0.148180 0.783149 0.433180
v -0.133805 0.774832 0.439135
v -0.121205 0.763640 0.444354
v -0.110864 0.750001 0.448637
v -0.103180 0.734442 0.451820
v -0.098449 0.717558 0.453780
v -0.096851 0.700000 0.454441
v -0.098449 0.682442 0.453780
v -0.103180 0.665558 0.451820
v -0.110864 0.649999 0.448637
v -0.121205 0.636360 0.444354
v -0.133805 0.625168 0.439135
v -0.148180 0.616851 0.433180
v -0.163778 0.611729 0.426719
v -0.165401 0.788271 0.429755
v -0.151363 0.783149 0.439135
v -0.138425 0.774832 0.447779
v -0.127086 0.763640 0.455356
v -0.117779 0.750001 0.461575
v -0.110864 0.734442 0.466195
v -0.106606 0.717558 0.469041
v -0.105168 0.700000 0.470001
v -0.106606 0.682442 0.469041
v -0.110864 0.665558 0.466195
v -0.117779 0.649999 0.461575
v -0.127086 0.636360 0.455356
v -0.138425 0.625168 0.447779
v -0.151363 0.616851 0.439135
v -0.165401 0.611729 0.429755
v -0.167585 0.788271 0.432415
v -0.155646 0.783149 0.444354
v -0.144644 0.774832 0.455356
v -0.135000 0.763640 0.465000
v -0.127086 0.750001 0.472914
v -0.121205 0.734442 0.478795
v -0.117583 0.717558 0.482417
v -0.116360 0.700000 0.483640
v -0.117583 0.682442 0.482417
v -0.121205 0.665558 0.478795
v -0.127086 0.649999 0.472914
v -0.135000 0.636360 0.465000
v -0.144644 0.625168 0.455356
v -0.155646 0.616851 0.444354
v -0.167585 0.611729 0.432415
v -0.170245 0.788271 0.434599
v -0.160865 0.783149 0.448637
v -0.152221 0.774832 0.461575
v -0.144644 0.763640 0.472914
v -0.138425 0.750001 0.482221
v -0.133805 0.734442 0.489136
v -0.130959 0.717558 0.493394
v -0.129999 0.700000 0.494832
v -0.130959 0.682442 0.493394
v -0.133805 0.665558 0.489136
v -0.138425 0.649999 0.482221
v -0.144644 0.636360 0.472914
v -0.152221 0.625168 0.461575
v -0.160865 0.616851 0.448637
v -0.170245 0.611729 0.434599
v -0.173281 0.788271 0.436222
v -0.166820 0.783149 0.451820
v -0.160865 0.774832 0.466195
v -0.155646 0.763640 0.478795
v -0.151363 0.750001 0.489136
v -0.148180 0.734442 0.496820
v -0.146220 0.717558 0.501551
v -0.145559 0.700000 0.503149
v -0.146220 0.682442 0.501551
v -0.148180 0.665558 0.496820
v -0.151363 0.649999 0.489136
v -0.155646 0.636360 0.478795
v -0.160865 0.625168 0.466195
v -0.166820 0.616851 0.451820
v -0.173281 0.611729 0.436222
v -0.176575 0.788271 0.437221
v -0.173281 0.783149 0.453780
v -0.170245 0.774832 0.469041
v -0.167585 0.763640 0.482417
v -0.165401 0.750001 0.493394
v -0.163778 0.734442 0.501551
v -0.162779 0.717558 0.506575
v -0.162442 0.700000 0.508271
v -0.162779 0.682442 0.506575
v -0.163778 0.665558 0.501551
v -0.165401 0.649999 0.493394
v -0.167585 0.636360 0.482417
v -0.170245 0.625168 0.469041
v -0.173281 0.616851 0.453780
v -0.176575 0.611729 0.437221
v -0.180000 0.788271 0.437558
v -0.180000 0.783149 0.454441
v -0.180000 0.774832 0.470001
v -0.180000 0.763640 0.483640
v -0.180000 0.750001 0.494832
v -0.180000 0.734442 0.503149
v -0.180000 0.717558 0.508271
v -0.180000 0.700000 0.510000
v -0.180000 0.682442 0.508271
v -0.180000 0.665558 0.503149
v -0.180000 0.649999 0.494832
v -0.180000 0.636360 0.483640
v -0.180000 0.625168 0.470001
v -0.180000 0.616851 0.454441
v -0.180000 0.611729 0.437558
v -0.183425 0.788271 0.437221
v -0.186719 0.783149 0.453780
v -0.189755 0.774832 0.469041
v -0.192415 0.763640 0.482417
v -0.194599 0.750001 0.493394
v -0.196222 0.734442 0.501551
v -0.197221 0.717558 0.506575
v -0.197558 0.700000 0.508271
v -0.197221 0.682442 0.506575
v -0.196222 0.665558 0.501551
v -0.194599 0.649999 0.493394
v -0.192415 0.636360 0.482417
v -0.189755 0.625168 0.469041
v -0.186719 0.616851 0.453780
v -0.183425 0.611729 0.437221
v -0.186719 0.788271 0.436222
v -0.193180 0.783149 0.451820
v -0.199135 0.774832 0.466195
v -0.204354 0.763640 0.478795
v -0.208637 0.750001 0.489136
v -0.211820 0.734442 0.496820
v -0.213780 0.717558 0.501551
v -0.214442 0.700000 0.503149
v -0.213780 0.682442 0.501551
v -0.211820 0.665558 0.496820
v -0.208637 0.649999 0.489136
v -0.204354 0.636360 0.478795
v -0.199135 0.625168 0.466195
v -0.193180 0.616851 0.451820
v -0.186719 0.611729 0.436222
v -0.189755 0.788271 0.434599
v -0.199135 0.783149 0.448637
v -0.207779 0.774832 0.461575
v -0.215356 0.763640 0.472914
v -0.221575 0.750001 0.482221
v -0.226195 0.734442 0.489136
v -0.229041 0.717558 0.493394
v -0.230001 0.700000 0.494832
v -0.229041 0.682442 0.493394
v -0.226195 0.665558 0.489136
v -0.221575 0.649999 0.482221
v -0.215356 0.636360 0.472914
v -0.207779 0.625168 0.461575
v -0.199135 0.616851 0.448637
v -0.189755 0.611729 0.434599
v -0.192415 0.788271 0.432415
v -0.204354 0.783149 0.444354
v -0.215356 0.774832 0.455356
v -0.225000 0.763640 0.465000
v -0.232914 0.750001 0.472914
v -0.238795 0.734442 0.478795
v -0.242417 0.717558 0.482417
v -0.243640 0.700000 0.483640
v -0.242417 0.682442 0.482417
v -0.238795 0.665558 0.478795
v -0.232914 0.649999 0.472914
v -0.225000 0.636360 0.465000
v -0.215356 0.625168 0.455356
v -0.204354 0.616851 0.444354
v -0.192415 0.611729 0.432415
v -0.194599 0.788271 0.429755
v -0.208637 0.783149 0.439135
v -0.221575 0.774832 0.447779
v -0.232914 0.763640 0.455356
v -0.242221 0.750001 0.461575
v -0.249136 0.734442 0.466195
v -0.253394 0.717558 0.469041
v -0.254832 0.700000 0.470001
v -0.253394 0.682442 0.469041
v -0.249136 0.665558 0.466195
v -0.242221 0.649999 0.461575
v -0.232914 0.636360 0.455356
v -0.221575 0.625168 0.447779
v -0.208637 0.616851 0.439135
v -0.194599 0.611729 0.429755
v -0.196222 0.788271 0.426719
v -0.211820 0.783149 0.433180
v -0.226195 0.774832 0.439135
v -0.238795 0.763640 0.444354
v -0.249136 0.750001 0.448637
v -0.256820 0.734442 0.451820
v -0.261551 0.717558 0.453780
v -0.263149 0.700000 0.454441
v -0.261551 0.682442 0.453780
v -0.256820 0.665558 0.451820
v -0.249136 0.649999 0.448637
v -0.238795 0.636360 0.444354
v -0.226195 0.625168 0.439135
v -0.211820 0.616851 0.433180
v -0.196222 0.611729 0.426719
v -0.197221 0.788271 0.423425
v -0.213780 0.783149 0.426719
v -0.229041 0.774832 0.429755
v -0.242417 0.763640 0.432415
v -0.253394 0.750001 0.434599
v -0.261551 0.734442 0.436222
v -0.266575 0.717558 0.437221
v -0.268271 0.700000 0.437558
v -0.266575 0.682442 0.437221
v -0.261551 0.665558 0.436222
v -0.253394 0.649999 0.434599
v -0.242417 0.636360 0.432415
v -0.229041 0.625168 0.429755
v -0.213780 0.616851 0.426719
v -0.197221 0.611729 0.423425
v -0.197558 0.788271 0.420000
v -0.214442 0.783149 0.420000
v -0.230001 0.774832 0.420000
v -0.243640 0.763640 0.420000
v -0.254832 0.750001 0.420000
v -0.263149 0.734442 0.420000
v -0.268271 0.717558 0.420000
v -0.270000 0.700000 0.420000
v -0.268271 0.682442 0.420000
v -0.263149 0.665558 0.420000
v -0.254832 0.649999 0.420000
v -0.243640 0.636360 0.420000
v -0.230001 0.625168 0.420000
v -0.214442 0.616851 0.420000
v -0.197558 0.611729 0.420000
v -0.197221 0.788271 0.416575
v -0.213780 0.783149 0.413281
v -0.229041 0.774832 0.410245
v -0.242417 0.763640 0.407585
v -0.253394 0.750001 0.405401
v -0.261551 0.734442 0.403778
v -0.266575 0.717558 0.402779
v -0.268271 0.700000 0.402442
v -0.266575 0.682442 0.402779
v -0.261551 0.665558 0.403778
v -0.253394 0.649999 0.405401
v -0.242417 0.636360 0.407585
v -0.229041 0.625168 0.410245
v -0.213780 0.616851 0.413281
v -0.197221 0.611729 0.416575
v -0.196222 0.788271 0.413281
v -0.211820 0.783149 0.406820
v -0.226195 0.774832 0.400865
v -0.238795 0.763640 0.395646
v -0.249136 0.750001 0.391363
v -0.256820 0.734442 0.388180
v -0.261551 0.717558 0.386220
v -0.263149 0.700000 0.385558
v -0.261551 0.682442 0.386220
v -0.256820 0.665558 0.388180
v -0.249136 0.649999 0.391363
v -0.238795 0.636360 0.395646
v -0.226195 0.625168 0.400865
v -0.211820 0.616851 0.406820
v -0.196222 0.611729 0.413281
v -0.194599 0.788271 0.410245
v -0.208637 0.783149 0.400865
v -0.221575 0.774832 0.392221
v -0.232914 0.763640 0.384644
v -0.242221 0.750001 0.378425
v -0.249136 0.734442 0.373805
v -0.253394 0.717558 0.370959
v -0.254832 0.700000 0.369999
v -0.253394 0.682442 0.370959
v -0.249136 0.665558 0.373805
v -0.242221 0.649999 0.378425
v -0.232914 0.636360 0.384644
v -0.221575 0.625168 0.392221
v -0.208637 0.616851 0.400865
v -0.194599 0.611729 0.410245
v -0.192415 0.788271 0.407585
v -0.204354 0.783149 0.395646
v -0.215356 0.774832 0.384644
v -0.225000 0.763640 0.375000
v -0.232914 0.750001 0.367086
v -0.238795 0.734442 0.361205
v -0.242417 0.717558 0.357583
v -0.243640 0.700000 0.356360
v -0.242417 0.682442 0.357583
v -0.238795 0.665558 0.361205
v -0.232914 0.649999 0.367086
v -0.225000 0.636360 0.375000
v -0.215356 0.625168 0.384644
v -0.204354 0.616851 0.395646
v -0.192415 0.611729 0.407585
v -0.189755 0.788271 0.405401
v -0.199135 0.783149 0.391363
v -0.207779 0.774832 0.378425
v -0.215356 0.763640 0.367086
v -0.221575 0.750001 0.357779
v -0.226195 0.734442 0.350864
v -0.229041 0.717558 0.346606
v -0.230001 0.700000 0.345168
v -0.229041 0.682442 0.346606
v -0.226195 0.665558 0.350864
v -0.221575 0.649999 0.357779
v -0.215356 0.636360 0.367086
v -0.207779 0.625168 0.378425
v -0.199135 0.616851 0.391363
v -0.189755 0.611729 0.405401
v -0.186719 0.788271 0.403778
v -0.193180 0.783149 0.388180
v -0.199135 0.774832 0.373805
v -0.204354 0.763640 0.361205
v -0.208637 0.750001 0.350864
v -0.211820 0.734442 0.343180
v -0.213780 0.717558 0.338449
v -0.214442 0.700000 0.336851
v -0.213780 0.682442 0.338449
v -0.211820 0.665558 0.343180
v -0.208637 0.649999 0.350864
v -0.204354 0.636360 0.361205
v -0.199135 0.625168 0.373805
v -0.193180 0.616851 0.388180
v -0.186719 0.611729 0.403778
v -0.183425 0.788271 0.402779
v -0.186719 0.783149 0.386220
v -0.189755 0.774832 0.370959
v -0.192415 0.763640 0.357583
v -0.194599 0.750001 0.346606
v -0.196222 0.734442 0.338449
v -0.197221 0.717558 0.333425
v -0.197558 0.700000 0.331729
v -0.197221 0.682442 0.333425
v -0.196222 0.665558 0.338449
v -0.194599 0.649999 0.346606
v -0.192415 0.636360 0.357583
v -0.189755 0.625168 0.370959
v -0.186719 0.616851 0.386220
v -0.183425 0.611729 0.402779
v -0.180000 0.783149 0.385558
v -0.180000 0.750001 0.345168
v -0.180000 0.717558 0.331729
v -0.180000 0.682442 0.331729
v -0.180000 0.649999 0.345168
v -0.180000 0.625168 0.369999
v -0.180000 0.616851 0.385558
v -0.180000 0.611729 0.402442
vn 0.0865 0.4696 -0.8786
vn 0.0464 -0.8810 -0.4709
vn 0.0938 0.2890 -0.9527
vn 0.0286 -0.9565 -0.2902
vn 0.0975 0.0976 -0.9904
vn 0.0097 0.9951 -0.0980
vn 0.0097 -0.9951 -0.0980
vn 0.0975 -0.0976 -0.9904
vn 0.0286 0.9565 -0.2902
vn 0.0938 -0.2890 -0.9527
vn 0.0464 0.8810 -0.4709
vn 0.0865 -0.4696 -0.8786
vn 0.0624 0.7715 -0.6332
vn 0.0759 -0.6326 -0.7708
vn 0.0759 0.6326 -0.7708
vn 0.0624 -0.7715 -0.6332
vn 0.2248 -0.6326 -0.7412
vn 0.2248 0.6326 -0.7412
vn 0.1847 -0.7715 -0.6088
vn 0.2563 0.4696 -0.8448
vn 0.1374 -0.8810 -0.4528
vn 0.2779 0.2890 -0.9161
vn 0.0846 -0.9565 -0.2790
vn 0.2889 0.0975 -0.9524
vn 0.0286 0.9951 -0.0942
vn 0.0286 -0.9951 -0.0942
vn 0.2889 -0.0975 -0.9524
vn 0.0846 0.9565 -0.2790
vn 0.2779 -0.2890 -0.9161
vn 0.1374 0.8810 -0.4528
vn 0.2563 -0.4696 -0.8448
vn 0.1847 0.7715 -0.6088
vn 0.0464 -0.9951 -0.0869
vn 0.4691 -0.0975 -0.8777
vn 0.1374 0.9565 -0.2571
vn 0.4513 -0.2890 -0.8443
vn 0.2230 0.8810 -0.4173
vn 0.4162 -0.4696 -0.7786
vn 0.2999 0.7715 -0.5611
vn 0.3651 -0.6326 -0.6831
vn 0.3651 0.6326 -0.6831
vn 0.2999 -0.7715 -0.5611
vn 0.4162 0.4696 -0.7786
vn 0.2230 -0.8810 -0.4173
vn 0.4513 0.2890 -0.8443
vn 0.1374 -0.9565 -0.2571
vn 0.4691 0.0975 -0.8777
vn 0.0464 0.9951 -0.0869
vn 0.4036 -0.7715 -0.4918
vn 0.5601 0.4696 -0.6825
vn 0.3002 -0.8810 -0.3658
vn 0.6073 0.2890 -0.7400
vn 0.1850 -0.9565 -0.2254
vn 0.6314 0.0975 -0.7693
vn 0.0625 0.9951 -0.0761
vn 0.0625 -0.9951 -0.0761
vn 0.6314 -0.0975 -0.7693
vn 0.1850 0.9565 -0.2254
vn 0.6073 -0.2890 -0.7400
vn 0.3002 0.8810 -0.3658
vn 0.5601 -0.4696 -0.6825
vn 0.4036 0.7715 -0.4918
vn 0.4913 -0.6326 -0.5987
vn 0.4913 0.6326 -0.5987
vn 0.2254 0.9565 -0.1850
vn 0.7400 -0.2890 -0.6073
vn 0.3658 0.8810 -0.3002
vn 0.6825 -0.4696 -0.5601
vn 0.4918 0.7715 -0.4036
vn 0.5987 -0.6326 -0.4913
vn 0.5987 0.6326 -0.4913
vn 0.4918 -0.7715 -0.4036
vn 0.6825 0.4696 -0.5601
vn 0.3658 -0.8810 -0.3002
vn 0.7400 0.2890 -0.6073
vn 0.2254 -0.9565 -0.1850
vn 0.7693 0.0975 -0.6314
vn 0.0761 0.9951 -0.0625
vn 0.0761 -0.9951 -0.0625
vn 0.7693 -0.0975 -0.6314
vn 0.7786 0.4696 -0.4162
vn 0.4173 -0.8810 -0.2230
vn 0.8443 0.2890 -0.4513
vn 0.2571 -0.9565 -0.1374
vn 0.8777 0.0976 -0.4691
vn 0.0869 0.9951 -0.0464
vn 0.0869 -0.9951 -0.0464
vn 0.8777 -0.0976 -0.4691
vn 0.2571 0.9565 -0.1374
vn 0.8443 -0.2890 -0.4513
vn 0.4173 0.8810 -0.2230
vn 0.7786 -0.4696 -0.4162
vn 0.5611 0.7715 -0.2999
vn 0.6831 -0.6326 -0.3651
vn 0.6831 0.6326 -0.3651
vn 0.5611 -0.7715 -0.2999
vn 0.9161 -0.2890 -0.2779
vn 0.4528 0.8810 -0.1374
vn 0.8448 -0.4696 -0.2563
vn 0.6088 0.7715 -0.1847
vn 0.7412 -0.6326 -0.2248
vn 0.7412 0.6326 -0.2248
vn 0.6088 -0.7715 -0.1847
vn 0.8448 0.4696 -0.2563
vn 0.4528 -0.8810 -0.1374
vn 0.9161 0.2890 -0.2779
vn 0.2790 -0.9565 -0.0846
vn 0.9524 0.0976 -0.2889
vn 0.0942 0.9951 -0.0286
vn 0.0942 -0.9951 -0.0286
vn 0.9524 -0.0976 -0.2889
vn 0.2790 0.9565 -0.0846
vn 0.4709 -0.8810 -0.0464
vn 0.9527 0.2890 -0.0938
vn 0.2902 -0.9565 -0.0286
vn 0.9904 0.0975 -0.0975
vn 0.0980 0.9951 -0.0097
vn 0.0980 -0.9951 -0.0097
vn 0.9904 -0.0975 -0.0975
vn 0.2902 0.9565 -0.0286
vn 0.9527 -0.2890 -0.0938
vn 0.4709 0.8810 -0.0464
vn 0.8786 -0.4696 -0.0865
vn 0.6332 0.7715 -0.0624
vn 0.7708 -0.6326 -0.0759
vn 0.7708 0.6326 -0.0759
vn 0.6332 -0.7715 -0.0624
vn 0.8786 0.4696 -0.0865
vn 0.4709 0.8810 0.0464
vn 0.8786 -0.4696 0.0865
vn 0.6332 0.7715 0.0624
vn 0.7708 -0.6326 0.0759
vn 0.7708 0.6326 0.0759
vn 0.6332 -0.7715 0.0624
vn 0.8786 0.4696 0.0865
vn 0.4709 -0.8810 0.0464
vn 0.9527 0.2890 0.0938
vn 0.2902 -0.9565 0.0286
vn 0.9904 0.0975 0.0976
vn 0.0980 0.9951 0.0097
vn 0.0980 -0.9951 0.0097
vn 0.9904 -0.0975 0.0976
vn 0.2902 0.9565 0.0286
vn 0.9527 -0.2890 0.0938
vn 0.9161 0.2890 0.2779
vn 0.2790 -0.9565 0.0846
vn 0.9524 0.0975 0.2889
vn 0.0942 0.9951 0.0286
vn 0.0942 -0.9951 0.0286
vn 0.9524 -0.0975 0.2889
vn 0.2790 0.9565 0.0846
vn 0.9161 -0.2890 0.2779
vn 0.4528 0.8810 0.1374
vn 0.8448 -0.4696 0.2563
vn 0.6088 0.7715 0.1847
vn 0.7412 -0.6326 0.2248
vn 0.7412 0.6326 0.2248
vn 0.6088 -0.7715 0.1847
vn 0.8448 0.4696 0.2563
vn 0.4528 -0.8810 0.1374
vn 0.7786 -0.4696 0.4162
vn 0.5611 0.7715 0.2999
vn 0.6831 -0.6326 0.3651
vn 0.6831 0.6326 0.3651
vn 0.5611 -0.7715 0.2999
vn 0.7786 0.4696 0.4162
vn 0.4173 -0.8810 0.2230
vn 0.8443 0.2890 0.4513
vn 0.2571 -0.9565 0.1374
vn 0.8777 0.0975 0.4691
vn 0.0869 0.9951 0.0464
vn 0.0869 -0.9951 0.0464
vn 0.8777 -0.0975 0.4691
vn 0.2571 0.9565 0.1374
vn 0.8443 -0.2890 0.4513
vn 0.4173 0.8810 0.2230
vn 0.2254 -0.9565 0.1850
vn 0.7693 0.0975 0.6314
vn 0.0761 0.9951 0.0625
vn 0.0761 -0.9951 0.0625
vn 0.7693 -0.0975 0.6314
vn 0.2254 0.9565 0.1850
vn 0.7400 -0.2890 0.6073
vn 0.3658 0.8810 0.3002
vn 0.6825 -0.4696 0.5601
vn 0.4918 0.7715 0.4036
vn 0.5987 -0.6326 0.4913
vn 0.5987 0.6326 0.4913
vn 0.4918 -0.7715 0.4036
vn 0.6825 0.4696 0.5601
vn 0.3658 -0.8810 0.3002
vn 0.7400 0.2890 0.6073
vn 0.4913 -0.6326 0.5987
vn 0.4913 0.6326 0.5987
vn 0.4036 -0.7715 0.4918
vn 0.5601 0.4696 0.6825
vn 0.3002 -0.8810 0.3658
vn 0.6073 0.2890 0.7400
vn 0.1850 -0.9565 0.2254
vn 0.6314 0.0975 0.7693
vn 0.0625 0.9951 0.0761
vn 0.0625 -0.9951 0.0761
vn 0.6314 -0.0976 0.7693
vn 0.1850 0.9565 0.2254
vn 0.6073 -0.2890 0.7400
vn 0.3002 0.8810 0.3658
vn 0.5601 -0.4696 0.6825
vn 0.4036 0.7715 0.4918
vn 0.0464 0.9951 0.0869
vn 0.0464 -0.9951 0.0869
vn 0.4691 -0.0975 0.8777
vn 0.1374 0.9565 0.2571
vn 0.4513 -0.2890 0.8443
vn 0.2230 0.8810 0.4173
vn 0.4162 -0.4696 0.7786
vn 0.2999 0.7715 0.5611
vn 0.3651 -0.6326 0.6831
vn 0.3651 0.6326 0.6831
vn 0.2999 -0.7715 0.5611
vn 0.4162 0.4696 0.7786
vn 0.2230 -0.8810 0.4173
vn 0.4513 0.2890 0.8443
vn 0.1374 -0.9565 0.2571
vn 0.4691 0.0975 0.8777
vn 0.2248 0.6326 0.7412
vn 0.1847 -0.7715 0.6088
vn 0.2563 0.4696 0.8448
vn 0.1374 -0.8810 0.4528
vn 0.2779 0.2890 0.9161
vn 0.0846 -0.9565 0.2790
vn 0.2889 0.0976 0.9524
vn 0.0286 0.9951 0.0942
vn 0.0286 -0.9951 0.0942
vn 0.2889 -0.0976 0.9524
vn 0.0846 0.9565 0.2790
vn 0.2779 -0.2890 0.9161
vn 0.1374 0.8810 0.4528
vn 0.2563 -0.4696 0.8448
vn 0.1847 0.7715 0.6088
vn 0.2248 -0.6326 0.7412
vn 0.0975 -0.0976 0.9904
vn 0.0286 0.9565 0.2902
vn 0.0938 -0.2890 0.9527
vn 0.0464 0.8810 0.4709
vn 0.0865 -0.4696 0.8786
vn 0.0624 0.7715 0.6332
vn 0.0759 -0.6326 0.7708
vn 0.0759 0.6326 0.7708
vn 0.0624 -0.7715 0.6332
vn 0.0865 0.4696 0.8786
vn 0.0464 -0.8810 0.4709
vn 0.0938 0.2890 0.9527
vn 0.0286 -0.9565 0.2902
vn 0.0975 0.0976 0.9904
vn 0.0097 0.9951 0.0980
vn 0.0097 -0.9951 0.0980
vn -0.0624 -0.7715 0.6332
vn -0.0865 0.4696 0.8786
vn -0.0464 -0.8810 0.4709
vn -0.0938 0.2890 0.9527
vn -0.0286 -0.9565 0.2902
vn -0.0975 0.0976 0.9904
vn -0.0097 0.9951 0.0980
vn -0.0097 -0.9951 0.0980
vn -0.0975 -0.0976 0.9904
vn -0.0286 0.9565 0.2902
vn -0.0938 -0.2890 0.9527
vn -0.0464 0.8810 0.4709
vn -0.0865 -0.4696 0.8786
vn -0.0624 0.7715 0.6332
vn -0.0759 -0.6326 0.7708
vn -0.0759 0.6326 0.7708
vn -0.0846 0.9565 0.2790
vn -0.2779 -0.2890 0.9161
vn -0.1374 0.8810 0.4528
vn -0.2563 -0.4696 0.8448
vn -0.1847 0.7715 0.6088
vn -0.2248 -0.6326 0.7412
vn -0.2248 0.6326 0.7412
vn -0.1847 -0.7715 0.6088
vn -0.2563 0.4696 0.8448
vn -0.1374 -0.8810 0.4528
vn -0.2779 0.2890 0.9161
vn -0.0846 -0.9565 0.2790
vn -0.2889 0.0976 0.9524
vn -0.0286 0.9951 0.0942
vn -0.0286 -0.9951 0.0942
vn -0.2889 -0.0976 0.9524
vn -0.4162 0.4696 0.7786
vn -0.2230 -0.8810 0.4173
vn -0.4513 0.2890 0.8443
vn -0.1374 -0.9565 0.2571
vn -0.4691 0.0976 0.8777
vn -0.0464 0.9951 0.0869
vn -0.0464 -0.9951 0.0869
vn -0.4691 -0.0976 0.8777
vn -0.1374 0.9565 0.2571
vn -0.4513 -0.2890 0.8443
vn -0.2230 0.8810 0.4173
vn -0.4162 -0.4696 0.7786
vn -0.2999 0.7715 0.5611
vn -0.3651 -0.6326 0.6831
vn -0.3651 0.6326 0.6831
vn -0.2999 -0.7715 0.5611
vn -0.6073 -0.2890 0.7400
vn -0.3002 0.8810 0.3658
vn -0.5601 -0.4696 0.6825
vn -0.4036 0.7715 0.4918
vn -0.4913 -0.6326 0.5987
vn -0.4913 0.6326 0.5987
vn -0.4036 -0.7715 0.4918
vn -0.5601 0.4696 0.6825
vn -0.3002 -0.8810 0.3658
vn -0.6073 0.2890 0.7400
vn -0.1850 -0.9565 0.2254
vn -0.6314 0.0976 0.7693
vn -0.0625 0.9951 0.0761
vn -0.0625 -0.9951 0.0761
vn -0.6314 -0.0976 0.7693
vn -0.1850 0.9565 0.2254
vn -0.3658 -0.8810 0.3002
vn -0.7400 0.2890 0.6073
vn -0.2254 -0.9565 0.1850
vn -0.7693 0.0976 0.6314
vn -0.0761 0.9951 0.0625
vn -0.0761 -0.9951 0.0625
vn -0.7693 -0.0976 0.6314
vn -0.2254 0.9565 0.1850
vn -0.7400 -0.2890 0.6073
vn -0.3658 0.8810 0.3002
vn -0.6825 -0.4696 0.5601
vn -0.4918 0.7715 0.4036
vn -0.5987 -0.6326 0.4913
vn -0.5987 0.6326 0.4913
vn -0.4918 -0.7715 0.4036
vn -0.6825 0.4696 0.5601
vn -0.7786 -0.4696 0.4162
vn -0.5611 0.7715 0.2999
vn -0.6831 -0.6326 0.3651
vn -0.6831 0.6326 0.3651
vn -0.5611 -0.7715 0.2999
vn -0.7786 0.4696 0.4162
vn -0.4173 -0.8810 0.2230
vn -0.8443 0.2890 0.4513
vn -0.2571 -0.9565 0.1374
vn -0.8777 0.0976 0.4691
vn -0.0869 0.9951 0.0464
vn -0.0869 -0.9951 0.0464
vn -0.8777 -0.0976 0.4691
vn -0.2571 0.9565 0.1374
vn -0.8443 -0.2890 0.4513
vn -0.4173 0.8810 0.2230
vn -0.2790 -0.9565 0.0846
vn -0.9524 0.0976 0.2889
vn -0.0942 0.9951 0.0286
vn -0.0942 -0.9951 0.0286
vn -0.9524 -0.0976 0.2889
vn -0.2790 0.9565 0.0846
vn -0.9161 -0.2890 0.2779
vn -0.4528 0.8810 0.1374
vn -0.8448 -0.4696 0.2563
vn -0.6088 0.7715 0.1847
vn -0.7412 -0.6326 0.2248
vn -0.7412 0.6326 0.2248
vn -0.6088 -0.7715 0.1847
vn -0.8448 0.4696 0.2563
vn -0.4528 -0.8810 0.1374
vn -0.9161 0.2890 0.2779
vn -0.6332 0.7715 0.0624
vn -0.7708 -0.6326 0.0759
vn -0.7708 0.6326 0.0759
vn -0.6332 -0.7715 0.0624
vn -0.8786 0.4696 0.0865
vn -0.4709 -0.8810 0.0464
vn -0.9527 0.2890 0.0938
vn -0.2902 -0.9565 0.0286
vn -0.9904 0.0976 0.0975
vn -0.0980 0.9951 0.0097
vn -0.0980 -0.9951 0.0097
vn -0.9904 -0.0976 0.0975
vn -0.2902 0.9565 0.0286
vn -0.9527 -0.2890 0.0938
vn -0.4709 0.8810 0.0464
vn -0.8786 -0.4696 0.0865
vn -0.9904 0.0976 -0.0975
vn -0.0980 0.9951 -0.0097
vn -0.0980 -0.9951 -0.0097
vn -0.9904 -0.0976 -0.0975
vn -0.2902 0.9565 -0.0286
vn -0.9527 -0.2890 -0.0938
vn -0.4709 0.8810 -0.0464
vn -0.8786 -0.4696 -0.0865
vn -0.6332 0.7715 -0.0624
vn -0.7708 -0.6326 -0.0759
vn -0.7708 0.6326 -0.0759
vn -0.6332 -0.7715 -0.0624
vn -0.8786 0.4696 -0.0865
vn -0.4709 -0.8810 -0.0464
vn -0.9527 0.2890 -0.0938
vn -0.2902 -0.9565 -0.0286
vn -0.7412 -0.6326 -0.2248
vn -0.7412 0.6326 -0.2248
vn -0.6088 -0.7715 -0.1847
vn -0.8448 0.4696 -0.2563
vn -0.4528 -0.8810 -0.1374
vn -0.9161 0.2890 -0.2779
vn -0.2790 -0.9565 -0.0846
vn -0.9524 0.0976 -0.2889
vn -0.0942 0.9951 -0.0286
vn -0.0942 -0.9951 -0.0286
vn -0.9524 -0.0976 -0.2889
vn -0.2790 0.9565 -0.0846
vn -0.9161 -0.2890 -0.2779
vn -0.4528 0.8810 -0.1374
vn -0.8448 -0.4696 -0.2563
vn -0.6088 0.7715 -0.1847
vn -0.0869 0.9951 -0.0464
vn -0.0869 -0.9951 -0.0464
vn -0.8777 -0.0976 -0.4691
vn -0.2571 0.9565 -0.1374
vn -0.8443 -0.2890 -0.4513
vn -0.4173 0.8810 -0.2230
vn -0.7786 -0.4696 -0.4162
vn -0.5611 0.7715 -0.2999
vn -0.6831 -0.6326 -0.3651
vn -0.6831 0.6326 -0.3651
vn -0.5611 -0.7715 -0.2999
vn -0.7786 0.4696 -0.4162
vn -0.4173 -0.8810 -0.2230
vn -0.8443 0.2890 -0.4513
vn -0.2571 -0.9565 -0.1374
vn -0.8777 0.0976 -0.4691
vn -0.5987 0.6326 -0.4913
vn -0.4918 -0.7715 -0.4036
vn -0.6825 0.4696 -0.5601
vn -0.3658 -0.8810 -0.3002
vn -0.7400 0.2890 -0.6073
vn -0.2254 -0.9565 -0.1850
vn -0.7693 0.0976 -0.6314
vn -0.0761 0.9951 -0.0625
vn -0.0761 -0.9951 -0.0625
vn -0.7693 -0.0976 -0.6314
vn -0.2254 0.9565 -0.1850
vn -0.7400 -0.2890 -0.6073
vn -0.3658 0.8810 -0.3002
vn -0.6825 -0.4696 -0.5601
vn -0.4918 0.7715 -0.4036
vn -0.5987 -0.6326 -0.4913
vn -0.6314 -0.0976 -0.7693
vn -0.1850 0.9565 -0.2254
vn -0.6073 -0.2890 -0.7400
vn -0.3002 0.8810 -0.3658
vn -0.5601 -0.4696 -0.6825
vn -0.4036 0.7715 -0.4918
vn -0.4913 -0.6326 -0.5987
vn -0.4913 0.6326 -0.5987
vn -0.4036 -0.7715 -0.4918
vn -0.5601 0.4696 -0.6825
vn -0.3002 -0.8810 -0.3658
vn -0.6073 0.2890 -0.7400
vn -0.1850 -0.9565 -0.2254
vn -0.6314 0.0976 -0.7693
vn -0.0625 0.9951 -0.0761
vn -0.0625 -0.9951 -0.0761
vn -0.2999 -0.7715 -0.5611
vn -0.4162 0.4696 -0.7786
vn -0.2230 -0.8810 -0.4173
vn -0.4513 0.2890 -0.8443
vn -0.1374 -0.9565 -0.2571
vn -0.4691 0.0976 -0.8777
vn -0.0464 0.9951 -0.0869
vn -0.0464 -0.9951 -0.0869
vn -0.4691 -0.0976 -0.8777
vn -0.1374 0.9565 -0.2571
vn -0.4513 -0.2890 -0.8443
vn -0.2230 0.8810 -0.4173
vn -0.4162 -0.4696 -0.7786
vn -0.2999 0.7715 -0.5611
vn -0.3651 -0.6326 -0.6831
vn -0.3651 0.6326 -0.6831
vn -0.2779 -0.2890 -0.9161
vn -0.1374 0.8810 -0.4528
vn -0.2563 -0.4696 -0.8448
vn -0.1847 0.7715 -0.6088
vn -0.2248 -0.6326 -0.7412
vn -0.2248 0.6326 -0.7412
vn -0.1847 -0.7715 -0.6088
vn -0.2563 0.4696 -0.8448
vn -0.1374 -0.8810 -0.4528
vn -0.2779 0.2890 -0.9161
vn -0.0846 -0.9565 -0.2790
vn -0.2889 0.0976 -0.9524
vn -0.0286 0.9951 -0.0942
vn -0.0286 -0.9951 -0.0942
vn -0.2889 -0.0976 -0.9524
vn -0.0846 0.9565 -0.2790
vn -0.0464 -0.8810 -0.4709
vn -0.0938 0.2890 -0.9527
vn -0.0286 -0.9565 -0.2902
vn -0.0976 0.0976 -0.9904
vn -0.0097 0.9951 -0.0980
vn -0.0097 -0.9951 -0.0980
vn -0.0976 -0.0976 -0.9904
vn -0.0286 0.9565 -0.2902
vn -0.0938 -0.2890 -0.9527
vn -0.0464 0.8810 -0.4709
vn -0.0865 -0.4696 -0.8786
vn -0.0624 0.7715 -0.6332
vn -0.0759 -0.6326 -0.7708
vn -0.0759 0.6326 -0.7708
vn -0.0624 -0.7715 -0.6332
vn -0.0865 0.4696 -0.8786
vt 0.750000 0.625000
vt 0.750000 0.687500
vt 0.718750 0.687500
vt 0.718750 0.625000
vt 0.750000 0.125000
vt 0.750000 0.187500
vt 0.718750 0.187500
vt 0.718750 0.125000
vt 0.750000 0.562500
vt 0.718750 0.562500
vt 0.750000 0.062500
vt 0.718750 0.062500
vt 0.750000 0.500000
vt 0.718750 0.500000
vt 0.750000 0.937500
vt 0.734375 1.000000
vt 0.718750 0.937500
vt 0.734375 0.000000
vt 0.750000 0.437500
vt 0.718750 0.437500
vt 0.750000 0.875000
vt 0.718750 0.875000
vt 0.750000 0.375000
vt 0.718750 0.375000
vt 0.750000 0.812500
vt 0.718750 0.812500
vt 0.750000 0.312500
vt 0.718750 0.312500
vt 0.750000 0.750000
vt 0.718750 0.750000
vt 0.750000 0.250000
vt 0.718750 0.250000
vt 0.687500 0.312500
vt 0.687500 0.250000
vt 0.687500 0.750000
vt 0.687500 0.687500
vt 0.687500 0.187500
vt 0.687500 0.625000
vt 0.687500 0.125000
vt 0.687500 0.562500
vt 0.687500 0.062500
vt 0.687500 0.500000
vt 0.703125 1.000000
vt 0.687500 0.937500
vt 0.703125 0.000000
vt 0.687500 0.437500
vt 0.687500 0.875000
vt 0.687500 0.375000
vt 0.687500 0.812500
vt 0.671875 0.000000
vt 0.656250 0.062500
vt 0.656250 0.500000
vt 0.656250 0.437500
vt 0.656250 0.937500
vt 0.656250 0.875000
vt 0.656250 0.375000
vt 0.656250 0.812500
vt 0.656250 0.312500
vt 0.656250 0.750000
vt 0.656250 0.250000
vt 0.656250 0.687500
vt 0.656250 0.187500
vt 0.656250 0.625000
vt 0.656250 0.125000
vt 0.656250 0.562500
vt 0.671875 1.000000
vt 0.625000 0.250000
vt 0.625000 0.187500
vt 0.625000 0.687500
vt 0.625000 0.625000
vt 0.625000 0.125000
vt 0.625000 0.562500
vt 0.625000 0.062500
vt 0.625000 0.500000
vt 0.640625 1.000000
vt 0.625000 0.937500
vt 0.640625 0.000000
vt 0.625000 0.437500
vt 0.625000 0.875000
vt 0.625000 0.375000
vt 0.625000 0.812500
vt 0.625000 0.312500
vt 0.625000 0.750000
vt 0.593750 0.937500
vt 0.593750 0.875000
vt 0.593750 0.437500
vt 0.593750 0.375000
vt 0.593750 0.812500
vt 0.593750 0.312500
vt 0.593750 0.750000
vt 0.593750 0.250000
vt 0.593750 0.687500
vt 0.593750 0.187500
vt 0.593750 0.625000
vt 0.593750 0.125000
vt 0.593750 0.562500
vt 0.593750 0.062500
vt 0.593750 0.500000
vt 0.609375 1.000000
vt 0.609375 0.000000
vt 0.562500 0.687500
vt 0.562500 0.625000
vt 0.562500 0.187500
vt 0.562500 0.125000
vt 0.562500 0.562500
vt 0.562500 0.062500
vt 0.562500 0.500000
vt 0.578125 1.000000
vt 0.562500 0.937500
vt 0.578125 0.000000
vt 0.562500 0.437500
vt 0.562500 0.875000
vt 0.562500 0.375000
vt 0.562500 0.812500
vt 0.562500 0.312500
vt 0.562500 0.750000
vt 0.562500 0.250000
vt 0.531250 0.437500
vt 0.531250 0.375000
vt 0.531250 0.875000
vt 0.531250 0.812500
vt 0.531250 0.312500
vt 0.531250 0.750000
vt 0.531250 0.250000
vt 0.531250 0.687500
vt 0.531250 0.187500
vt 0.531250 0.625000
vt 0.531250 0.125000
vt 0.531250 0.562500
vt 0.531250 0.062500
vt 0.531250 0.500000
vt 0.546875 1.000000
vt 0.531250 0.937500
vt 0.546875 0.000000
vt 0.500000 0.187500
vt 0.500000 0.125000
vt 0.500000 0.625000
vt 0.500000 0.562500
vt 0.500000 0.062500
vt 0.500000 0.500000
vt 0.515625 1.000000
vt 0.500000 0.937500
vt 0.515625 0.000000
vt 0.500000 0.437500
vt 0.500000 0.875000
vt 0.500000 0.375000
vt 0.500000 0.812500
vt 0.500000 0.312500
vt 0.500000 0.750000
vt 0.500000 0.250000
vt 0.500000 0.687500
vt 0.468750 0.875000
vt 0.468750 0.812500
vt 0.468750 0.375000
vt 0.468750 0.312500
vt 0.468750 0.750000
vt 0.468750 0.250000
vt 0.468750 0.687500
vt 0.468750 0.187500
vt 0.468750 0.625000
vt 0.468750 0.125000
vt 0.468750 0.562500
vt 0.468750 0.062500
vt 0.468750 0.500000
vt 0.484375 1.000000
vt 0.468750 0.937500
vt 0.484375 0.000000
vt 0.468750 0.437500
vt 0.437500 0.625000
vt 0.437500 0.562500
vt 0.437500 0.125000
vt 0.437500 0.062500
vt 0.437500 0.500000
vt 0.453125 1.000000
vt 0.437500 0.937500
vt 0.453125 0.000000
vt 0.437500 0.437500
vt 0.437500 0.875000
vt 0.437500 0.375000
vt 0.437500 0.812500
vt 0.437500 0.312500
vt 0.437500 0.750000
vt 0.437500 0.250000
vt 0.437500 0.687500
vt 0.437500 0.187500
vt 0.406250 0.375000
vt 0.406250 0.312500
vt 0.406250 0.812500
vt 0.406250 0.750000
vt 0.406250 0.250000
vt 0.406250 0.687500
vt 0.406250 0.187500
vt 0.406250 0.625000
vt 0.406250 0.125000
vt 0.406250 0.562500
vt 0.406250 0.062500
vt 0.406250 0.500000
vt 0.421875 1.000000
vt 0.406250 0.937500
vt 0.421875 0.000000
vt 0.406250 0.437500
vt 0.406250 0.875000
vt 0.375000 0.125000
vt 0.375000 0.062500
vt 0.375000 0.562500
vt 0.375000 0.500000
vt 0.390625 1.000000
vt 0.375000 0.937500
vt 0.390625 0.000000
vt 0.375000 0.437500
vt 0.375000 0.875000
vt 0.375000 0.375000
vt 0.375000 0.812500
vt 0.375000 0.312500
vt 0.375000 0.750000
vt 0.375000 0.250000
vt 0.375000 0.687500
vt 0.375000 0.187500
vt 0.375000 0.625000
vt 0.343750 0.312500
vt 0.343750 0.250000
vt 0.343750 0.750000
vt 0.343750 0.687500
vt 0.343750 0.187500
vt 0.343750 0.625000
vt 0.343750 0.125000
vt 0.343750 0.562500
vt 0.343750 0.062500
vt 0.343750 0.500000
vt 0.359375 1.000000
vt 0.343750 0.937500
vt 0.359375 0.000000
vt 0.343750 0.437500
vt 0.343750 0.875000
vt 0.343750 0.375000
vt 0.343750 0.812500
vt 0.328125 1.000000
vt 0.312500 0.937500
vt 0.328125 0.000000
vt 0.312500 0.062500
vt 0.312500 0.500000
vt 0.312500 0.437500
vt 0.312500 0.875000
vt 0.312500 0.375000
vt 0.312500 0.812500
vt 0.312500 0.312500
vt 0.312500 0.750000
vt 0.312500 0.250000
vt 0.312500 0.687500
vt 0.312500 0.187500
vt 0.312500 0.625000
vt 0.312500 0.125000
vt 0.312500 0.562500
vt 0.281250 0.750000
vt 0.281250 0.687500
vt 0.281250 0.250000
vt 0.281250 0.187500
vt 0.281250 0.625000
vt 0.281250 0.125000
vt 0.281250 0.562500
vt 0.281250 0.062500
vt 0.281250 0.500000
vt 0.296875 1.000000
vt 0.281250 0.937500
vt 0.296875 0.000000
vt 0.281250 0.437500
vt 0.281250 0.875000
vt 0.281250 0.375000
vt 0.281250 0.812500
vt 0.281250 0.312500
vt 0.250000 0.500000
vt 0.250000 0.437500
vt 0.250000 0.937500
vt 0.250000 0.875000
vt 0.250000 0.375000
vt 0.250000 0.812500
vt 0.250000 0.312500
vt 0.250000 0.750000
vt 0.250000 0.250000
vt 0.250000 0.687500
vt 0.250000 0.187500
vt 0.250000 0.625000
vt 0.250000 0.125000
vt 0.250000 0.562500
vt 0.250000 0.062500
vt 0.265625 1.000000
vt 0.265625 0.000000
vt 0.218750 0.250000
vt 0.218750 0.187500
vt 0.218750 0.687500
vt 0.218750 0.625000
vt 0.218750 0.125000
vt 0.218750 0.562500
vt 0.218750 0.062500
vt 0.218750 0.500000
vt 0.234375 1.000000
vt 0.218750 0.937500
vt 0.234375 0.000000
vt 0.218750 0.437500
vt 0.218750 0.875000
vt 0.218750 0.375000
vt 0.218750 0.812500
vt 0.218750 0.312500
vt 0.218750 0.750000
vt 0.187500 0.937500
vt 0.187500 0.875000
vt 0.187500 0.437500
vt 0.187500 0.375000
vt 0.187500 0.812500
vt 0.187500 0.312500
vt 0.187500 0.750000
vt 0.187500 0.250000
vt 0.187500 0.687500
vt 0.187500 0.187500
vt 0.187500 0.625000
vt 0.187500 0.125000
vt 0.187500 0.562500
vt 0.187500 0.062500
vt 0.187500 0.500000
vt 0.203125 1.000000
vt 0.203125 0.000000
vt 0.156250 0.687500
vt 0.156250 0.625000
vt 0.156250 0.187500
vt 0.156250 0.125000
vt 0.156250 0.562500
vt 0.156250 0.062500
vt 0.156250 0.500000
vt 0.171875 1.000000
vt 0.156250 0.937500
vt 0.171875 0.000000
vt 0.156250 0.437500
vt 0.156250 0.875000
vt 0.156250 0.375000
vt 0.156250 0.812500
vt 0.156250 0.312500
vt 0.156250 0.750000
vt 0.156250 0.250000
vt 0.125000 0.437500
vt 0.125000 0.375000
vt 0.125000 0.875000
vt 0.125000 0.812500
vt 0.125000 0.312500
vt 0.125000 0.750000
vt 0.125000 0.250000
vt 0.125000 0.687500
vt 0.125000 0.187500
vt 0.125000 0.625000
vt 0.125000 0.125000
vt 0.125000 0.562500
vt 0.125000 0.062500
vt 0.125000 0.500000
vt 0.140625 1.000000
vt 0.125000 0.937500
vt 0.140625 0.000000
vt 0.093750 0.187500
vt 0.093750 0.125000
vt 0.093750 0.625000
vt 0.093750 0.562500
vt 0.093750 0.062500
vt 0.093750 0.500000
vt 0.109375 1.000000
vt 0.093750 0.937500
vt 0.109375 0.000000
vt 0.093750 0.437500
vt 0.093750 0.875000
vt 0.093750 0.375000
vt 0.093750 0.812500
vt 0.093750 0.312500
vt 0.093750 0.750000
vt 0.093750 0.250000
vt 0.093750 0.687500
vt 0.062500 0.375000
vt 0.062500 0.312500
vt 0.062500 0.812500
vt 0.062500 0.750000
vt 0.062500 0.250000
vt 0.062500 0.687500
vt 0.062500 0.187500
vt 0.062500 0.625000
vt 0.062500 0.125000
vt 0.062500 0.562500
vt 0.062500 0.062500
vt 0.062500 0.500000
vt 0.078125 1.000000
vt 0.062500 0.937500
vt 0.078125 0.000000
vt 0.062500 0.437500
vt 0.062500 0.875000
vt 0.031250 0.125000
vt 0.031250 0.062500
vt 0.031250 0.562500
vt 0.031250 0.500000
vt 0.046875 1.000000
vt 0.031250 0.937500
vt 0.046875 0.000000
vt 0.031250 0.437500
vt 0.031250 0.875000
vt 0.031250 0.375000
vt 0.031250 0.812500
vt 0.031250 0.312500
vt 0.031250 0.750000
vt 0.031250 0.250000
vt 0.031250 0.687500
vt 0.031250 0.187500
vt 0.031250 0.625000
vt 0.000000 0.812500
vt 0.000000 0.750000
vt 0.000000 0.312500
vt 0.000000 0.250000
vt 0.000000 0.687500
vt 0.000000 0.187500
vt 0.000000 0.625000
vt 0.000000 0.125000
vt 0.000000 0.562500
vt 0.000000 0.062500
vt 0.000000 0.500000
vt 0.015625 1.000000
vt 0.000000 0.937500
vt 0.015625 0.000000
vt 0.000000 0.437500
vt 0.000000 0.875000
vt 0.000000 0.375000
vt 1.000000 0.500000
vt 1.000000 0.562500
vt 0.968750 0.562500
vt 0.968750 0.500000
vt 1.000000 0.937500
vt 0.984375 1.000000
vt 0.968750 0.937500
vt 0.984375 0.000000
vt 1.000000 0.062500
vt 0.968750 0.062500
vt 1.000000 0.437500
vt 0.968750 0.437500
vt 1.000000 0.875000
vt 0.968750 0.875000
vt 1.000000 0.375000
vt 0.968750 0.375000
vt 1.000000 0.812500
vt 0.968750 0.812500
vt 1.000000 0.312500
vt 0.968750 0.312500
vt 1.000000 0.750000
vt 0.968750 0.750000
vt 1.000000 0.250000
vt 0.968750 0.250000
vt 1.000000 0.687500
vt 0.968750 0.687500
vt 1.000000 0.187500
vt 0.968750 0.187500
vt 1.000000 0.625000
vt 0.968750 0.625000
vt 1.000000 0.125000
vt 0.968750 0.125000
vt 0.937500 0.312500
vt 0.937500 0.250000
vt 0.937500 0.750000
vt 0.937500 0.687500
vt 0.937500 0.187500
vt 0.937500 0.625000
vt 0.937500 0.125000
vt 0.937500 0.562500
vt 0.937500 0.062500
vt 0.937500 0.500000
vt 0.953125 1.000000
vt 0.937500 0.937500
vt 0.953125 0.000000
vt 0.937500 0.437500
vt 0.937500 0.875000
vt 0.937500 0.375000
vt 0.937500 0.812500
vt 0.921875 1.000000
vt 0.906250 0.937500
vt 0.921875 0.000000
vt 0.906250 0.062500
vt 0.906250 0.500000
vt 0.906250 0.437500
vt 0.906250 0.875000
vt 0.906250 0.375000
vt 0.906250 0.812500
vt 0.906250 0.312500
vt 0.906250 0.750000
vt 0.906250 0.250000
vt 0.906250 0.687500
vt 0.906250 0.187500
vt 0.906250 0.625000
vt 0.906250 0.125000
vt 0.906250 0.562500
vt 0.875000 0.750000
vt 0.875000 0.687500
vt 0.875000 0.250000
vt 0.875000 0.187500
vt 0.875000 0.625000
vt 0.875000 0.125000
vt 0.875000 0.562500
vt 0.875000 0.062500
vt 0.875000 0.500000
vt 0.890625 1.000000
vt 0.875000 0.937500
vt 0.890625 0.000000
vt 0.875000 0.437500
vt 0.875000 0.875000
vt 0.875000 0.375000
vt 0.875000 0.812500
vt 0.875000 0.312500
vt 0.843750 0.500000
vt 0.843750 0.437500
vt 0.843750 0.937500
vt 0.843750 0.875000
vt 0.843750 0.375000
vt 0.843750 0.812500
vt 0.843750 0.312500
vt 0.843750 0.750000
vt 0.843750 0.250000
vt 0.843750 0.687500
vt 0.843750 0.187500
vt 0.843750 0.625000
vt 0.843750 0.125000
vt 0.843750 0.562500
vt 0.843750 0.062500
vt 0.859375 1.000000
vt 0.859375 0.000000
vt 0.812500 0.250000
vt 0.812500 0.187500
vt 0.812500 0.687500
vt 0.812500 0.625000
vt 0.812500 0.125000
vt 0.812500 0.562500
vt 0.812500 0.062500
vt 0.812500 0.500000
vt 0.828125 1.000000
vt 0.812500 0.937500
vt 0.828125 0.000000
vt 0.812500 0.437500
vt 0.812500 0.875000
vt 0.812500 0.375000
vt 0.812500 0.812500
vt 0.812500 0.312500
vt 0.812500 0.750000
vt 0.781250 0.437500
vt 0.781250 0.375000
vt 0.781250 0.875000
vt 0.781250 0.812500
vt 0.781250 0.312500
vt 0.781250 0.750000
vt 0.781250 0.250000
vt 0.781250 0.687500
vt 0.781250 0.187500
vt 0.781250 0.625000
vt 0.781250 0.125000
vt 0.781250 0.562500
vt 0.781250 0.062500
vt 0.781250 0.500000
vt 0.796875 1.000000
vt 0.781250 0.937500
vt 0.796875 0.000000
vt 0.765625 1.000000
vt 0.765625 0.000000
s 0
usemtl Mat_RedEyes
f 113/194/147 584/195/147 122/196/147 123/197/147
f 589/198/148 588/199/148 130/200/148 131/201/148
f 585/202/149 113/194/149 123/197/149 124/203/149
f 590/204/150 589/198/150 131/201/150 132/205/150
f 114/206/151 585/202/151 124/203/151 125/207/151
f 110/208/152 109/209/152 118/210/152
f 117/211/153 590/204/153 132/205/153
f 586/212/154 114/206/154 125/207/154 126/213/154
f 583/214/155 110/208/155 118/210/155 119/215/155
f 115/216/156 586/212/156 126/213/156 127/217/156
f 111/218/157 583/214/157 119/215/157 120/219/157
f 587/220/158 115/216/158 127/217/158 128/221/158
f 112/222/159 111/218/159 120/219/159 121/223/159
f 116/224/160 587/220/160 128/221/160 129/225/160
f 584/195/161 112/222/161 121/223/161 122/196/161
f 588/199/162 116/224/162 129/225/162 130/200/162
f 129/225/163 128/221/163 143/226/163 144/227/163
f 122/196/164 121/223/164 136/228/164 137/229/164
f 130/200/165 129/225/165 144/227/165 145/230/165
f 123/197/166 122/196/166 137/229/166 138/231/166
f 131/201/167 130/200/167 145/230/167 146/232/167
f 124/203/168 123/197/168 138/231/168 139/233/168
f 132/205/169 131/201/169 146/232/169 147/234/169
f 125/207/170 124/203/170 139/233/170 140/235/170
f 118/210/171 109/236/171 133/237/171
f 117/238/172 132/205/172 147/234/172
f 126/213/173 125/207/173 140/235/173 141/239/173
f 119/215/174 118/210/174 133/237/174 134/240/174
f 127/217/175 126/213/175 141/239/175 142/241/175
f 120/219/176 119/215/176 134/240/176 135/242/176
f 128/221/177 127/217/177 142/241/177 143/226/177
f 121/223/178 120/219/178 135/242/178 136/228/178
f 117/243/179 147/234/179 162/244/179
f 141/239/180 140/235/180 155/245/180 156/246/180
f 134/240/181 133/237/181 148/247/181 149/248/181
f 142/241/182 141/239/182 156/246/182 157/249/182
f 135/242/183 134/240/183 149/248/183 150/250/183
f 143/226/184 142/241/184 157/249/184 158/251/184
f 136/228/185 135/242/185 150/250/185 151/252/185
f 144/227/186 143/226/186 158/251/186 159/253/186
f 137/229/187 136/228/187 151/252/187 152/254/187
f 145/230/188 144/227/188 159/253/188 160/255/188
f 138/231/189 137/229/189 152/254/189 153/256/189
f 146/232/190 145/230/190 160/255/190 161/257/190
f 139/233/191 138/231/191 153/256/191 154/258/191
f 147/234/192 146/232/192 161/257/192 162/244/192
f 140/235/193 139/233/193 154/258/193 155/245/193
f 133/237/194 109/259/194 148/247/194
f 160/255/195 159/253/195 174/260/195 175/261/195
f 153/256/196 152/254/196 167/262/196 168/263/196
f 161/257/197 160/255/197 175/261/197 176/264/197
f 154/258/198 153/256/198 168/263/198 169/265/198
f 162/244/199 161/257/199 176/264/199 177/266/199
f 155/245/200 154/258/200 169/265/200 170/267/200
f 148/247/201 109/268/201 163/269/201
f 117/270/202 162/244/202 177/266/202
f 156/246/203 155/245/203 170/267/203 171/271/203
f 149/248/204 148/247/204 163/269/204 164/272/204
f 157/249/205 156/246/205 171/271/205 172/273/205
f 150/250/206 149/248/206 164/272/206 165/274/206
f 158/251/207 157/249/207 172/273/207 173/275/207
f 151/252/208 150/250/208 165/274/208 166/276/208
f 159/253/209 158/251/209 173/275/209 174/260/209
f 152/254/210 151/252/210 166/276/210 167/262/210
f 164/272/211 163/269/211 178/277/211 179/278/211
f 172/273/212 171/271/212 186/279/212 187/280/212
f 165/274/213 164/272/213 179/278/213 180/281/213
f 173/275/214 172/273/214 187/280/214 188/282/214
f 166/276/215 165/274/215 180/281/215 181/283/215
f 174/260/216 173/275/216 188/282/216 189/284/216
f 167/262/217 166/276/217 181/283/217 182/285/217
f 175/261/218 174/260/218 189/284/218 190/286/218
f 168/263/219 167/262/219 182/285/219 183/287/219
f 176/264/220 175/261/220 190/286/220 191/288/220
f 169/265/221 168/263/221 183/287/221 184/289/221
f 177/266/222 176/264/222 191/288/222 192/290/222
f 170/267/223 169/265/223 184/289/223 185/291/223
f 163/269/224 109/292/224 178/277/224
f 117/293/225 177/266/225 192/290/225
f 171/271/226 170/267/226 185/291/226 186/279/226
f 183/287/227 182/285/227 197/294/227 198/295/227
f 191/288/228 190/286/228 205/296/228 206/297/228
f 184/289/229 183/287/229 198/295/229 199/298/229
f 192/290/230 191/288/230 206/297/230 207/299/230
f 185/291/231 184/289/231 199/298/231 200/300/231
f 178/277/232 109/301/232 193/302/232
f 117/303/233 192/290/233 207/299/233
f 186/279/234 185/291/234 200/300/234 201/304/234
f 179/278/235 178/277/235 193/302/235 194/305/235
f 187/280/236 186/279/236 201/304/236 202/306/236
f 180/281/237 179/278/237 194/305/237 195/307/237
f 188/282/238 187/280/238 202/306/238 203/308/238
f 181/283/239 180/281/239 195/307/239 196/309/239
f 189/284/240 188/282/240 203/308/240 204/310/240
f 182/285/241 181/283/241 196/309/241 197/294/241
f 190/286/242 189/284/242 204/310/242 205/296/242
f 202/306/243 201/304/243 216/311/243 217/312/243
f 195/307/244 194/305/244 209/313/244 210/314/244
f 203/308/245 202/306/245 217/312/245 218/315/245
f 196/309/246 195/307/246 210/314/246 211/316/246
f 204/310/247 203/308/247 218/315/247 219/317/247
f 197/294/248 196/309/248 211/316/248 212/318/248
f 205/296/249 204/310/249 219/317/249 220/319/249
f 198/295/250 197/294/250 212/318/250 213/320/250
f 206/297/251 205/296/251 220/319/251 221/321/251
f 199/298/252 198/295/252 213/320/252 214/322/252
f 207/299/253 206/297/253 221/321/253 222/323/253
f 200/300/254 199/298/254 214/322/254 215/324/254
f 193/302/255 109/325/255 208/326/255
f 117/327/256 207/299/256 222/323/256
f 201/304/257 200/300/257 215/324/257 216/311/257
f 194/305/258 193/302/258 208/326/258 209/313/258
f 221/321/259 220/319/259 235/328/259 236/329/259
f 214/322/260 213/320/260 228/330/260 229/331/260
f 222/323/261 221/321/261 236/329/261 237/332/261
f 215/324/262 214/322/262 229/331/262 230/333/262
f 208/326/263 109/334/263 223/335/263
f 117/336/264 222/323/264 237/332/264
f 216/311/265 215/324/265 230/333/265 231/337/265
f 209/313/266 208/326/266 223/335/266 224/338/266
f 217/312/267 216/311/267 231/337/267 232/339/267
f 210/314/268 209/313/268 224/338/268 225/340/268
f 218/315/269 217/312/269 232/339/269 233/341/269
f 211/316/270 210/314/270 225/340/270 226/342/270
f 219/317/271 218/315/271 233/341/271 234/343/271
f 212/318/272 211/316/272 226/342/272 227/344/272
f 220/319/273 219/317/273 234/343/273 235/328/273
f 213/320/274 212/318/274 227/344/274 228/330/274
f 225/340/275 224/338/275 239/345/275 240/346/275
f 233/341/276 232/339/276 247/347/276 248/348/276
f 226/342/277 225/340/277 240/346/277 241/349/277
f 234/343/278 233/341/278 248/348/278 249/350/278
f 227/344/279 226/342/279 241/349/279 242/351/279
f 235/328/280 234/343/280 249/350/280 250/352/280
f 228/330/281 227/344/281 242/351/281 243/353/281
f 236/329/282 235/328/282 250/352/282 251/354/282
f 229/331/283 228/330/283 243/353/283 244/355/283
f 237/332/284 236/329/284 251/354/284 252/356/284
f 230/333/285 229/331/285 244/355/285 245/357/285
f 223/335/286 109/358/286 238/359/286
f 117/360/287 237/332/287 252/356/287
f 231/337/288 230/333/288 245/357/288 246/361/288
f 224/338/289 223/335/289 238/359/289 239/345/289
f 232/339/290 231/337/290 246/361/290 247/347/290
f 244/355/291 243/353/291 258/362/291 259/363/291
f 252/356/292 251/354/292 266/364/292 267/365/292
f 245/357/293 244/355/293 259/363/293 260/366/293
f 238/359/294 109/367/294 253/368/294
f 117/369/295 252/356/295 267/365/295
f 246/361/296 245/357/296 260/366/296 261/370/296
f 239/345/297 238/359/297 253/368/297 254/371/297
f 247/347/298 246/361/298 261/370/298 262/372/298
f 240/346/299 239/345/299 254/371/299 255/373/299
f 248/348/300 247/347/300 262/372/300 263/374/300
f 241/349/301 240/346/301 255/373/301 256/375/301
f 249/350/302 248/348/302 263/374/302 264/376/302
f 242/351/303 241/349/303 256/375/303 257/377/303
f 250/352/304 249/350/304 264/376/304 265/378/304
f 243/353/305 242/351/305 257/377/305 258/362/305
f 251/354/306 250/352/306 265/378/306 266/364/306
f 263/374/307 262/372/307 277/379/307 278/380/307
f 256/375/308 255/373/308 270/381/308 271/382/308
f 264/376/309 263/374/309 278/380/309 279/383/309
f 257/377/310 256/375/310 271/382/310 272/384/310
f 265/378/311 264/376/311 279/383/311 280/385/311
f 258/362/312 257/377/312 272/384/312 273/386/312
f 266/364/313 265/378/313 280/385/313 281/387/313
f 259/363/314 258/362/314 273/386/314 274/388/314
f 267/365/315 266/364/315 281/387/315 282/389/315
f 260/366/316 259/363/316 274/388/316 275/390/316
f 253/368/317 109/391/317 268/392/317
f 117/393/318 267/365/318 282/389/318
f 261/370/319 260/366/319 275/390/319 276/394/319
f 254/371/320 253/368/320 268/392/320 269/395/320
f 262/372/321 261/370/321 276/394/321 277/379/321
f 255/373/322 254/371/322 269/395/322 270/381/322
f 282/389/323 281/387/323 296/396/323 297/397/323
f 275/390/324 274/388/324 289/398/324 290/399/324
f 268/392/325 109/400/325 283/401/325
f 117/402/326 282/389/326 297/397/326
f 276/394/327 275/390/327 290/399/327 291/403/327
f 269/395/328 268/392/328 283/401/328 284/404/328
f 277/379/329 276/394/329 291/403/329 292/405/329
f 270/381/330 269/395/330 284/404/330 285/406/330
f 278/380/331 277/379/331 292/405/331 293/407/331
f 271/382/332 270/381/332 285/406/332 286/408/332
f 279/383/333 278/380/333 293/407/333 294/409/333
f 272/384/334 271/382/334 286/408/334 287/410/334
f 280/385/335 279/383/335 294/409/335 295/411/335
f 273/386/336 272/384/336 287/410/336 288/412/336
f 281/387/337 280/385/337 295/411/337 296/396/337
f 274/388/338 273/386/338 288/412/338 289/398/338
f 294/409/339 293/407/339 308/413/339 309/414/339
f 287/410/340 286/408/340 301/415/340 302/416/340
f 295/411/341 294/409/341 309/414/341 310/417/341
f 288/412/342 287/410/342 302/416/342 303/418/342
f 296/396/343 295/411/343 310/417/343 311/419/343
f 289/398/344 288/412/344 303/418/344 304/420/344
f 297/397/345 296/396/345 311/419/345 312/421/345
f 290/399/346 289/398/346 304/420/346 305/422/346
f 283/401/347 109/423/347 298/424/347
f 117/425/348 297/397/348 312/421/348
f 291/403/349 290/399/349 305/422/349 306/426/349
f 284/404/350 283/401/350 298/424/350 299/427/350
f 292/405/351 291/403/351 306/426/351 307/428/351
f 285/406/352 284/404/352 299/427/352 300/429/352
f 293/407/353 292/405/353 307/428/353 308/413/353
f 286/408/354 285/406/354 300/429/354 301/415/354
f 298/424/355 109/430/355 313/431/355
f 117/432/356 312/421/356 327/433/356
f 306/426/357 305/422/357 320/434/357 321/435/357
f 299/427/358 298/424/358 313/431/358 314/436/358
f 307/428/359 306/426/359 321/435/359 322/437/359
f 300/429/360 299/427/360 314/436/360 315/438/360
f 308/413/361 307/428/361 322/437/361 323/439/361
f 301/415/362 300/429/362 315/438/362 316/440/362
f 309/414/363 308/413/363 323/439/363 324/441/363
f 302/416/364 301/415/364 316/440/364 317/442/364
f 310/417/365 309/414/365 324/441/365 325/443/365
f 303/418/366 302/416/366 317/442/366 318/444/366
f 311/419/367 310/417/367 325/443/367 326/445/367
f 304/420/368 303/418/368 318/444/368 319/446/368
f 312/421/369 311/419/369 326/445/369 327/433/369
f 305/422/370 304/420/370 319/446/370 320/434/370
f 317/442/371 316/440/371 331/447/371 332/448/371
f 325/443/372 324/441/372 339/449/372 340/450/372
f 318/444/373 317/442/373 332/448/373 333/451/373
f 326/445/374 325/443/374 340/450/374 341/452/374
f 319/446/375 318/444/375 333/451/375 334/453/375
f 327/433/376 326/445/376 341/452/376 342/454/376
f 320/434/377 319/446/377 334/453/377 335/455/377
f 313/431/378 109/456/378 328/457/378
f 117/458/379 327/433/379 342/454/379
f 321/435/380 320/434/380 335/455/380 336/459/380
f 314/436/381 313/431/381 328/457/381 329/460/381
f 322/437/382 321/435/382 336/459/382 337/461/382
f 315/438/383 314/436/383 329/460/383 330/462/383
f 323/439/384 322/437/384 337/461/384 338/463/384
f 316/440/385 315/438/385 330/462/385 331/447/385
f 324/441/386 323/439/386 338/463/386 339/449/386
f 336/459/387 335/455/387 350/464/387 351/465/387
f 329/460/388 328/457/388 343/466/388 344/467/388
f 337/461/389 336/459/389 351/465/389 352/468/389
f 330/462/390 329/460/390 344/467/390 345/469/390
f 338/463/391 337/461/391 352/468/391 353/470/391
f 331/447/392 330/462/392 345/469/392 346/471/392
f 339/449/393 338/463/393 353/470/393 354/472/393
f 332/448/394 331/447/394 346/471/394 347/473/394
f 340/450/395 339/449/395 354/472/395 355/474/395
f 333/451/396 332/448/396 347/473/396 348/475/396
f 341/452/397 340/450/397 355/474/397 356/476/397
f 334/453/398 333/451/398 348/475/398 349/477/398
f 342/454/399 341/452/399 356/476/399 357/478/399
f 335/455/400 334/453/400 349/477/400 350/464/400
f 328/457/401 109/479/401 343/466/401
f 117/480/402 342/454/402 357/478/402
f 355/474/403 354/472/403 369/481/403 370/482/403
f 348/475/404 347/473/404 362/483/404 363/484/404
f 356/476/405 355/474/405 370/482/405 371/485/405
f 349/477/406 348/475/406 363/484/406 364/486/406
f 357/478/407 356/476/407 371/485/407 372/487/407
f 350/464/408 349/477/408 364/486/408 365/488/408
f 343/466/409 109/489/409 358/490/409
f 117/491/410 357/478/410 372/487/410
f 351/465/411 350/464/411 365/488/411 366/492/411
f 344/467/412 343/466/412 358/490/412 359/493/412
f 352/468/413 351/465/413 366/492/413 367/494/413
f 345/469/414 344/467/414 359/493/414 360/495/414
f 353/470/415 352/468/415 367/494/415 368/496/415
f 346/471/416 345/469/416 360/495/416 361/497/416
f 354/472/417 353/470/417 368/496/417 369/481/417
f 347/473/418 346/471/418 361/497/418 362/483/418
f 359/493/419 358/490/419 373/498/419 374/499/419
f 367/494/420 366/492/420 381/500/420 382/501/420
f 360/495/421 359/493/421 374/499/421 375/502/421
f 368/496/422 367/494/422 382/501/422 383/503/422
f 361/497/423 360/495/423 375/502/423 376/504/423
f 369/481/424 368/496/424 383/503/424 384/505/424
f 362/483/425 361/497/425 376/504/425 377/506/425
f 370/482/426 369/481/426 384/505/426 385/507/426
f 363/484/427 362/483/427 377/506/427 378/508/427
f 371/485/428 370/482/428 385/507/428 386/509/428
f 364/486/429 363/484/429 378/508/429 379/510/429
f 372/487/430 371/485/430 386/509/430 387/511/430
f 365/488/431 364/486/431 379/510/431 380/512/431
f 358/490/432 109/513/432 373/498/432
f 117/514/433 372/487/433 387/511/433
f 366/492/434 365/488/434 380/512/434 381/500/434
f 378/508/435 377/506/435 392/515/435 393/516/435
f 386/509/436 385/507/436 400/517/436 401/518/436
f 379/510/437 378/508/437 393/516/437 394/519/437
f 387/511/438 386/509/438 401/518/438 402/520/438
f 380/512/439 379/510/439 394/519/439 395/521/439
f 373/498/440 109/522/440 388/523/440
f 117/524/441 387/511/441 402/520/441
f 381/500/442 380/512/442 395/521/442 396/525/442
f 374/499/443 373/498/443 388/523/443 389/526/443
f 382/501/444 381/500/444 396/525/444 397/527/444
f 375/502/445 374/499/445 389/526/445 390/528/445
f 383/503/446 382/501/446 397/527/446 398/529/446
f 376/504/447 375/502/447 390/528/447 391/530/447
f 384/505/448 383/503/448 398/529/448 399/531/448
f 377/506/449 376/504/449 391/530/449 392/515/449
f 385/507/450 384/505/450 399/531/450 400/517/450
f 397/527/451 396/525/451 411/532/451 412/533/451
f 390/528/452 389/526/452 404/534/452 405/535/452
f 398/529/453 397/527/453 412/533/453 413/536/453
f 391/530/454 390/528/454 405/535/454 406/537/454
f 399/531/455 398/529/455 413/536/455 414/538/455
f 392/515/456 391/530/456 406/537/456 407/539/456
f 400/517/457 399/531/457 414/538/457 415/540/457
f 393/516/458 392/515/458 407/539/458 408/541/458
f 401/518/459 400/517/459 415/540/459 416/542/459
f 394/519/460 393/516/460 408/541/460 409/543/460
f 402/520/461 401/518/461 416/542/461 417/544/461
f 395/521/462 394/519/462 409/543/462 410/545/462
f 388/523/463 109/546/463 403/547/463
f 117/548/464 402/520/464 417/544/464
f 396/525/465 395/521/465 410/545/465 411/532/465
f 389/526/466 388/523/466 403/547/466 404/534/466
f 416/542/467 415/540/467 430/549/467 431/550/467
f 409/543/468 408/541/468 423/551/468 424/552/468
f 417/544/469 416/542/469 431/550/469 432/553/469
f 410/545/470 409/543/470 424/552/470 425/554/470
f 403/547/471 109/555/471 418/556/471
f 117/557/472 417/544/472 432/553/472
f 411/532/473 410/545/473 425/554/473 426/558/473
f 404/534/474 403/547/474 418/556/474 419/559/474
f 412/533/475 411/532/475 426/558/475 427/560/475
f 405/535/476 404/534/476 419/559/476 420/561/476
f 413/536/477 412/533/477 427/560/477 428/562/477
f 406/537/478 405/535/478 420/561/478 421/563/478
f 414/538/479 413/536/479 428/562/479 429/564/479
f 407/539/480 406/537/480 421/563/480 422/565/480
f 415/540/481 414/538/481 429/564/481 430/549/481
f 408/541/482 407/539/482 422/565/482 423/551/482
f 428/562/483 427/560/483 442/566/483 443/567/483
f 421/563/484 420/561/484 435/568/484 436/569/484
f 429/564/485 428/562/485 443/567/485 444/570/485
f 422/565/486 421/563/486 436/569/486 437/571/486
f 430/549/487 429/564/487 444/570/487 445/572/487
f 423/551/488 422/565/488 437/571/488 438/573/488
f 431/550/489 430/549/489 445/572/489 446/574/489
f 424/552/490 423/551/490 438/573/490 439/575/490
f 432/553/491 431/550/491 446/574/491 447/576/491
f 425/554/492 424/552/492 439/575/492 440/577/492
f 418/556/493 109/578/493 433/579/493
f 117/580/494 432/553/494 447/576/494
f 426/558/495 425/554/495 440/577/495 441/581/495
f 419/559/496 418/556/496 433/579/496 434/582/496
f 427/560/497 426/558/497 441/581/497 442/566/497
f 420/561/498 419/559/498 434/582/498 435/568/498
f 447/576/499 446/574/499 461/583/499 462/584/499
f 440/577/500 439/575/500 454/585/500 455/586/500
f 433/579/501 109/587/501 448/588/501
f 117/589/502 447/576/502 462/584/502
f 441/581/503 440/577/503 455/586/503 456/590/503
f 434/582/504 433/579/504 448/588/504 449/591/504
f 442/566/505 441/581/505 456/590/505 457/592/505
f 435/568/506 434/582/506 449/591/506 450/593/506
f 443/567/507 442/566/507 457/592/507 458/594/507
f 436/569/508 435/568/508 450/593/508 451/595/508
f 444/570/509 443/567/509 458/594/509 459/596/509
f 437/571/510 436/569/510 451/595/510 452/597/510
f 445/572/511 444/570/511 459/596/511 460/598/511
f 438/573/512 437/571/512 452/597/512 453/599/512
f 446/574/513 445/572/513 460/598/513 461/583/513
f 439/575/514 438/573/514 453/599/514 454/585/514
f 451/595/515 450/593/515 465/600/515 466/601/515
f 459/596/516 458/594/516 473/602/516 474/603/516
f 452/597/517 451/595/517 466/601/517 467/604/517
f 460/598/518 459/596/518 474/603/518 475/605/518
f 453/599/519 452/597/519 467/604/519 468/606/519
f 461/583/520 460/598/520 475/605/520 476/607/520
f 454/585/521 453/599/521 468/606/521 469/608/521
f 462/584/522 461/583/522 476/607/522 477/609/522
f 455/586/523 454/585/523 469/608/523 470/610/523
f 448/588/524 109/611/524 463/612/524
f 117/613/525 462/584/525 477/609/525
f 456/590/526 455/586/526 470/610/526 471/614/526
f 449/591/527 448/588/527 463/612/527 464/615/527
f 457/592/528 456/590/528 471/614/528 472/616/528
f 450/593/529 449/591/529 464/615/529 465/600/529
f 458/594/530 457/592/530 472/616/530 473/602/530
f 470/617/531 469/618/531 484/619/531 485/620/531
f 463/621/532 109/622/532 478/623/532
f 117/624/533 477/625/533 492/626/533
f 471/627/534 470/617/534 485/620/534 486/628/534
f 464/629/535 463/621/535 478/623/535 479/630/535
f 472/631/536 471/627/536 486/628/536 487/632/536
f 465/633/537 464/629/537 479/630/537 480/634/537
f 473/635/538 472/631/538 487/632/538 488/636/538
f 466/637/539 465/633/539 480/634/539 481/638/539
f 474/639/540 473/635/540 488/636/540 489/640/540
f 467/641/541 466/637/541 481/638/541 482/642/541
f 475/643/542 474/639/542 489/640/542 490/644/542
f 468/645/543 467/641/543 482/642/543 483/646/543
f 476/647/544 475/643/544 490/644/544 491/648/544
f 469/618/545 468/645/545 483/646/545 484/619/545
f 477/625/546 476/647/546 491/648/546 492/626/546
f 489/640/547 488/636/547 503/649/547 504/650/547
f 482/642/548 481/638/548 496/651/548 497/652/548
f 490/644/549 489/640/549 504/650/549 505/653/549
f 483/646/550 482/642/550 497/652/550 498/654/550
f 491/648/551 490/644/551 505/653/551 506/655/551
f 484/619/552 483/646/552 498/654/552 499/656/552
f 492/626/553 491/648/553 506/655/553 507/657/553
f 485/620/554 484/619/554 499/656/554 500/658/554
f 478/623/555 109/659/555 493/660/555
f 117/661/556 492/626/556 507/657/556
f 486/628/557 485/620/557 500/658/557 501/662/557
f 479/630/558 478/623/558 493/660/558 494/663/558
f 487/632/559 486/628/559 501/662/559 502/664/559
f 480/634/560 479/630/560 494/663/560 495/665/560
f 488/636/561 487/632/561 502/664/561 503/649/561
f 481/638/562 480/634/562 495/665/562 496/651/562
f 493/660/563 109/666/563 508/667/563
f 117/668/564 507/657/564 522/669/564
f 501/662/565 500/658/565 515/670/565 516/671/565
f 494/663/566 493/660/566 508/667/566 509/672/566
f 502/664/567 501/662/567 516/671/567 517/673/567
f 495/665/568 494/663/568 509/672/568 510/674/568
f 503/649/569 502/664/569 517/673/569 518/675/569
f 496/651/570 495/665/570 510/674/570 511/676/570
f 504/650/571 503/649/571 518/675/571 519/677/571
f 497/652/572 496/651/572 511/676/572 512/678/572
f 505/653/573 504/650/573 519/677/573 520/679/573
f 498/654/574 497/652/574 512/678/574 513/680/574
f 506/655/575 505/653/575 520/679/575 521/681/575
f 499/656/576 498/654/576 513/680/576 514/682/576
f 507/657/577 506/655/577 521/681/577 522/669/577
f 500/658/578 499/656/578 514/682/578 515/670/578
f 512/678/579 511/676/579 526/683/579 527/684/579
f 520/679/580 519/677/580 534/685/580 535/686/580
f 513/680/581 512/678/581 527/684/581 528/687/581
f 521/681/582 520/679/582 535/686/582 536/688/582
f 514/682/583 513/680/583 528/687/583 529/689/583
f 522/669/584 521/681/584 536/688/584 537/690/584
f 515/670/585 514/682/585 529/689/585 530/691/585
f 508/667/586 109/692/586 523/693/586
f 117/694/587 522/669/587 537/690/587
f 516/671/588 515/670/588 530/691/588 531/695/588
f 509/672/589 508/667/589 523/693/589 524/696/589
f 517/673/590 516/671/590 531/695/590 532/697/590
f 510/674/591 509/672/591 524/696/591 525/698/591
f 518/675/592 517/673/592 532/697/592 533/699/592
f 511/676/593 510/674/593 525/698/593 526/683/593
f 519/677/594 518/675/594 533/699/594 534/685/594
f 531/695/595 530/691/595 545/700/595 546/701/595
f 524/696/596 523/693/596 538/702/596 539/703/596
f 532/697/597 531/695/597 546/701/597 547/704/597
f 525/698/598 524/696/598 539/703/598 540/705/598
f 533/699/599 532/697/599 547/704/599 548/706/599
f 526/683/600 525/698/600 540/705/600 541/707/600
f 534/685/601 533/699/601 548/706/601 549/708/601
f 527/684/602 526/683/602 541/707/602 542/709/602
f 535/686/603 534/685/603 549/708/603 550/710/603
f 528/687/604 527/684/604 542/709/604 543/711/604
f 536/688/605 535/686/605 550/710/605 551/712/605
f 529/689/606 528/687/606 543/711/606 544/713/606
f 537/690/607 536/688/607 551/712/607 552/714/607
f 530/691/608 529/689/608 544/713/608 545/700/608
f 523/693/609 109/715/609 538/702/609
f 117/716/610 537/690/610 552/714/610
f 550/710/611 549/708/611 564/717/611 565/718/611
f 543/711/612 542/709/612 557/719/612 558/720/612
f 551/712/613 550/710/613 565/718/613 566/721/613
f 544/713/614 543/711/614 558/720/614 559/722/614
f 552/714/615 551/712/615 566/721/615 567/723/615
f 545/700/616 544/713/616 559/722/616 560/724/616
f 538/702/617 109/725/617 553/726/617
f 117/727/618 552/714/618 567/723/618
f 546/701/619 545/700/619 560/724/619 561/728/619
f 539/703/620 538/702/620 553/726/620 554/729/620
f 547/704/621 546/701/621 561/728/621 562/730/621
f 540/705/622 539/703/622 554/729/622 555/731/622
f 548/706/623 547/704/623 562/730/623 563/732/623
f 541/707/624 540/705/624 555/731/624 556/733/624
f 549/708/625 548/706/625 563/732/625 564/717/625
f 542/709/626 541/707/626 556/733/626 557/719/626
f 562/730/627 561/728/627 576/734/627 577/735/627
f 555/731/628 554/729/628 569/736/628 570/737/628
f 563/732/629 562/730/629 577/735/629 578/738/629
f 556/733/630 555/731/630 570/737/630 571/739/630
f 564/717/631 563/732/631 578/738/631 579/740/631
f 557/719/632 556/733/632 571/739/632 572/741/632
f 565/718/633 564/717/633 579/740/633 580/742/633
f 558/720/634 557/719/634 572/741/634 573/743/634
f 566/721/635 565/718/635 580/742/635 581/744/635
f 559/722/636 558/720/636 573/743/636 574/745/636
f 567/723/637 566/721/637 581/744/637 582/746/637
f 560/724/638 559/722/638 574/745/638 575/747/638
f 553/726/639 109/748/639 568/749/639
f 117/750/640 567/723/640 582/746/640
f 561/728/641 560/724/641 575/747/641 576/734/641
f 554/729/642 553/726/642 568/749/642 569/736/642
f 581/744/643 580/742/643 588/199/643 589/198/643
f 574/745/644 573/743/644 113/194/644 585/202/644
f 582/746/645 581/744/645 589/198/645 590/204/645
f 575/747/646 574/745/646 585/202/646 114/206/646
f 568/749/647 109/751/647 110/208/647
f 117/752/648 582/746/648 590/204/648
f 576/734/649 575/747/649 114/206/649 586/212/649
f 569/736/650 568/749/650 110/208/650 583/214/650
f 577/735/651 576/734/651 586/212/651 115/216/651
f 570/737/652 569/736/652 583/214/652 111/218/652
f 578/738/653 577/735/653 115/216/653 587/220/653
f 571/739/654 570/737/654 111/218/654 112/222/654
f 579/740/655 578/738/655 587/220/655 116/224/655
f 572/741/656 571/739/656 112/222/656 584/195/656
f 580/742/657 579/740/657 116/224/657 588/199/657
f 573/743/658 572/741/658 584/195/658 113/194/658
o Sphere.001
v 0.180000 0.790000 0.420000
v 0.180000 0.788271 0.402442
v 0.180000 0.774832 0.369999
v 0.180000 0.763640 0.356360
v 0.180000 0.734442 0.336851
v 0.180000 0.700000 0.330000
v 0.180000 0.665558 0.336851
v 0.180000 0.636360 0.356360
v 0.180000 0.610000 0.420000
v 0.183425 0.788271 0.402779
v 0.186719 0.783149 0.386220
v 0.189755 0.774832 0.370959
v 0.192415 0.763640 0.357583
v 0.194599 0.750001 0.346606
v 0.196222 0.734442 0.338449
v 0.197221 0.717558 0.333425
v 0.197558 0.700000 0.331729
v 0.197221 0.682442 0.333425
v 0.196222 0.665558 0.338449
v 0.194599 0.649999 0.346606
v 0.192415 0.636360 0.357583
v 0.189755 0.625168 0.370959
v 0.186719 0.616851 0.386220
v 0.183425 0.611729 0.402779
v 0.186719 0.788271 0.403778
v 0.193180 0.783149 0.388180
v 0.199135 0.774832 0.373805
v 0.204354 0.763640 0.361205
v 0.208637 0.750001 0.350864
v 0.211820 0.734442 0.343180
v 0.213780 0.717558 0.338449
v 0.214442 0.700000 0.336851
v 0.213780 0.682442 0.338449
v 0.211820 0.665558 0.343180
v 0.208637 0.649999 0.350864
v 0.204354 0.636360 0.361205
v 0.199135 0.625168 0.373805
v 0.193180 0.616851 0.388180
v 0.186719 0.611729 0.403778
v 0.189755 0.788271 0.405401
v 0.199135 0.783149 0.391363
v 0.207779 0.774832 0.378425
v 0.215356 0.763640 0.367086
v 0.221575 0.750001 0.357779
v 0.226195 0.734442 0.350864
v 0.229041 0.717558 0.346606
v 0.230001 0.700000 0.345168
v 0.229041 0.682442 0.346606
v 0.226195 0.665558 0.350864
v 0.221575 0.649999 0.357779
v 0.215356 0.636360 0.367086
v 0.207779 0.625168 0.378425
v 0.199135 0.616851 0.391363
v 0.189755 0.611729 0.405401
v 0.192415 0.788271 0.407585
v 0.204354 0.783149 0.395646
v 0.215356 0.774832 0.384644
v 0.225000 0.763640 0.375000
v 0.232914 0.750001 0.367086
v 0.238795 0.734442 0.361205
v 0.242417 0.717558 0.357583
v 0.243640 0.700000 0.356360
v 0.242417 0.682442 0.357583
v 0.238795 0.665558 0.361205
v 0.232914 0.649999 0.367086
v 0.225000 0.636360 0.375000
v 0.215356 0.625168 0.384644
v 0.204354 0.616851 0.395646
v 0.192415 0.611729 0.407585
v 0.194599 0.788271 0.410245
v 0.208637 0.783149 0.400865
v 0.221575 0.774832 0.392221
v 0.232914 0.763640 0.384644
v 0.242221 0.750001 0.378425
v 0.249136 0.734442 0.373805
v 0.253394 0.717558 0.370959
v 0.254832 0.700000 0.369999
v 0.253394 0.682442 0.370959
v 0.249136 0.665558 0.373805
v 0.242221 0.649999 0.378425
v 0.232914 0.636360 0.384644
v 0.221575 0.625168 0.392221
v 0.208637 0.616851 0.400865
v 0.194599 0.611729 0.410245
v 0.196222 0.788271 0.413281
v 0.211820 0.783149 0.406820
v 0.226195 0.774832 0.400865
v 0.238795 0.763640 0.395646
v 0.249136 0.750001 0.391363
v 0.256820 0.734442 0.388180
v 0.261551 0.717558 0.386220
v 0.263149 0.700000 0.385558
v 0.261551 0.682442 0.386220
v 0.256820 0.665558 0.388180
v 0.249136 0.649999 0.391363
v 0.238795 0.636360 0.395646
v 0.226195 0.625168 0.400865
v 0.211820 0.616851 0.406820
v 0.196222 0.611729 0.413281
v 0.197221 0.788271 0.416575
v 0.213780 0.783149 0.413281
v 0.229041 0.774832 0.410245
v 0.242417 0.763640 0.407585
v 0.253394 0.750001 0.405401
v 0.261551 0.734442 0.403778
v 0.266575 0.717558 0.402779
v 0.268271 0.700000 0.402442
v 0.266575 0.682442 0.402779
v 0.261551 0.665558 0.403778
v 0.253394 0.649999 0.405401
v 0.242417 0.636360 0.407585
v 0.229041 0.625168 0.410245
v 0.213780 0.616851 0.413281
v 0.197221 0.611729 0.416575
v 0.197558 0.788271 0.420000
v 0.214442 0.783149 0.420000
v 0.230001 0.774832 0.420000
v 0.243640 0.763640 0.420000
v 0.254832 0.750001 0.420000
v 0.263149 0.734442 0.420000
v 0.268271 0.717558 0.420000
v 0.270000 0.700000 0.420000
v 0.268271 0.682442 0.420000
v 0.263149 0.665558 0.420000
v 0.254832 0.649999 0.420000
v 0.243640 0.636360 0.420000
v 0.230001 0.625168 0.420000
v 0.214442 0.616851 0.420000
v 0.197558 0.611729 0.420000
v 0.197221 0.788271 0.423425
v 0.213780 0.783149 0.426719
v 0.229041 0.774832 0.429755
v 0.242417 0.763640 0.432415
v 0.253394 0.750001 0.434599
v 0.261551 0.734442 0.436222
v 0.266575 0.717558 0.437221
v 0.268271 0.700000 0.437558
v 0.266575 0.682442 0.437221
v 0.261551 0.665558 0.436222
v 0.253394 0.649999 0.434599
v 0.242417 0.636360 0.432415
v 0.229041 0.625168 0.429755
v 0.213780 0.616851 0.426719
v 0.197221 0.611729 0.423425
v 0.196222 0.788271 0.426719
v 0.211820 0.783149 0.433180
v 0.226195 0.774832 0.439135
v 0.238795 0.763640 0.444354
v 0.249136 0.750001 0.448637
v 0.256820 0.734442 0.451820
v 0.261551 0.717558 0.453780
v 0.263149 0.700000 0.454441
v 0.261551 0.682442 0.453780
v 0.256820 0.665558 0.451820
v 0.249136 0.649999 0.448637
v 0.238795 0.636360 0.444354
v 0.226195 0.625168 0.439135
v 0.211820 0.616851 0.433180
v 0.196222 0.611729 0.426719
v 0.194599 0.788271 0.429755
v 0.208637 0.783149 0.439135
v 0.221575 0.774832 0.447779
v 0.232914 0.763640 0.455356
v 0.242221 0.750001 0.461575
v 0.249136 0.734442 0.466195
v 0.253394 0.717558 0.469041
v 0.254832 0.700000 0.470001
v 0.253394 0.682442 0.469041
v 0.249136 0.665558 0.466195
v 0.242221 0.649999 0.461575
v 0.232914 0.636360 0.455356
v 0.221575 0.625168 0.447779
v 0.208637 0.616851 0.439135
v 0.194599 0.611729 0.429755
v 0.192415 0.788271 0.432415
v 0.204354 0.783149 0.444354
v 0.215356 0.774832 0.455356
v 0.225000 0.763640 0.465000
v 0.232914 0.750001 0.472914
v 0.238795 0.734442 0.478795
v 0.242417 0.717558 0.482417
v 0.243640 0.700000 0.483640
v 0.242417 0.682442 0.482417
v 0.238795 0.665558 0.478795
v 0.232914 0.649999 0.472914
v 0.225000 0.636360 0.465000
v 0.215356 0.625168 0.455356
v 0.204354 0.616851 0.444354
v 0.192415 0.611729 0.432415
v 0.189755 0.788271 0.434599
v 0.199135 0.783149 0.448637
v 0.207779 0.774832 0.461575
v 0.215356 0.763640 0.472914
v 0.221575 0.750001 0.482221
v 0.226195 0.734442 0.489136
v 0.229041 0.717558 0.493394
v 0.230001 0.700000 0.494832
v 0.229041 0.682442 0.493394
v 0.226195 0.665558 0.489136
v 0.221575 0.649999 0.482221
v 0.215356 0.636360 0.472914
v 0.207779 0.625168 0.461575
v 0.199135 0.616851 0.448637
v 0.189755 0.611729 0.434599
v 0.186719 0.788271 0.436222
v 0.193180 0.783149 0.451820
v 0.199135 0.774832 0.466195
v 0.204354 0.763640 0.478795
v 0.208637 0.750001 0.489136
v 0.211820 0.734442 0.496820
v 0.213780 0.717558 0.501551
v 0.214442 0.700000 0.503149
v 0.213780 0.682442 0.501551
v 0.211820 0.665558 0.496820
v 0.208637 0.649999 0.489136
v 0.204354 0.636360 0.478795
v 0.199135 0.625168 0.466195
v 0.193180 0.616851 0.451820
v 0.186719 0.611729 0.436222
v 0.183425 0.788271 0.437221
v 0.186719 0.783149 0.453780
v 0.189755 0.774832 0.469041
v 0.192415 0.763640 0.482417
v 0.194599 0.750001 0.493394
v 0.196222 0.734442 0.501551
v 0.197221 0.717558 0.506575
v 0.197558 0.700000 0.508271
v 0.197221 0.682442 0.506575
v 0.196222 0.665558 0.501551
v 0.194599 0.649999 0.493394
v 0.192415 0.636360 0.482417
v 0.189755 0.625168 0.469041
v 0.186719 0.616851 0.453780
v 0.183425 0.611729 0.437221
v 0.180000 0.788271 0.437558
v 0.180000 0.783149 0.454441
v 0.180000 0.774832 0.470001
v 0.180000 0.763640 0.483640
v 0.180000 0.750001 0.494832
v 0.180000 0.734442 0.503149
v 0.180000 0.717558 0.508271
v 0.180000 0.700000 0.510000
v 0.180000 0.682442 0.508271
v 0.180000 0.665558 0.503149
v 0.180000 0.649999 0.494832
v 0.180000 0.636360 0.483640
v 0.180000 0.625168 0.470001
v 0.180000 0.616851 0.454441
v 0.180000 0.611729 0.437558
v 0.176575 0.788271 0.437221
v 0.173281 0.783149 0.453780
v 0.170245 0.774832 0.469041
v 0.167585 0.763640 0.482417
v 0.165401 0.750001 0.493394
v 0.163778 0.734442 0.501551
v 0.162779 0.717558 0.506575
v 0.162442 0.700000 0.508271
v 0.162779 0.682442 0.506575
v 0.163778 0.665558 0.501551
v 0.165401 0.649999 0.493394
v 0.167585 0.636360 0.482417
v 0.170245 0.625168 0.469041
v 0.173281 0.616851 0.453780
v 0.176575 0.611729 0.437221
v 0.173281 0.788271 0.436222
v 0.166820 0.783149 0.451820
v 0.160865 0.774832 0.466195
v 0.155646 0.763640 0.478795
v 0.151363 0.750001 0.489136
v 0.148180 0.734442 0.496820
v 0.146220 0.717558 0.501551
v 0.145559 0.700000 0.503149
v 0.146220 0.682442 0.501551
v 0.148180 0.665558 0.496820
v 0.151363 0.649999 0.489136
v 0.155646 0.636360 0.478795
v 0.160865 0.625168 0.466195
v 0.166820 0.616851 0.451820
v 0.173281 0.611729 0.436222
v 0.170245 0.788271 0.434599
v 0.160865 0.783149 0.448637
v 0.152221 0.774832 0.461575
v 0.144644 0.763640 0.472914
v 0.138425 0.750001 0.482221
v 0.133805 0.734442 0.489136
v 0.130959 0.717558 0.493394
v 0.129999 0.700000 0.494832
v 0.130959 0.682442 0.493394
v 0.133805 0.665558 0.489136
v 0.138425 0.649999 0.482221
v 0.144644 0.636360 0.472914
v 0.152221 0.625168 0.461575
v 0.160865 0.616851 0.448637
v 0.170245 0.611729 0.434599
v 0.167585 0.788271 0.432415
v 0.155646 0.783149 0.444354
v 0.144644 0.774832 0.455356
v 0.135000 0.763640 0.465000
v 0.127086 0.750001 0.472914
v 0.121205 0.734442 0.478795
v 0.117583 0.717558 0.482417
v 0.116360 0.700000 0.483640
v 0.117583 0.682442 0.482417
v 0.121205 0.665558 0.478795
v 0.127086 0.649999 0.472914
v 0.135000 0.636360 0.465000
v 0.144644 0.625168 0.455356
v 0.155646 0.616851 0.444354
v 0.167585 0.611729 0.432415
v 0.165401 0.788271 0.429755
v 0.151363 0.783149 0.439135
v 0.138425 0.774832 0.447779
v 0.127086 0.763640 0.455356
v 0.117779 0.750001 0.461575
v 0.110864 0.734442 0.466195
v 0.106606 0.717558 0.469041
v 0.105168 0.700000 0.470001
v 0.106606 0.682442 0.469041
v 0.110864 0.665558 0.466195
v 0.117779 0.649999 0.461575
v 0.127086 0.636360 0.455356
v 0.138425 0.625168 0.447779
v 0.151363 0.616851 0.439135
v 0.165401 0.611729 0.429755
v 0.163778 0.788271 0.426719
v 0.148180 0.783149 0.433180
v 0.133805 0.774832 0.439135
v 0.121205 0.763640 0.444354
v 0.110864 0.750001 0.448637
v 0.103180 0.734442 0.451820
v 0.098449 0.717558 0.453780
v 0.096851 0.700000 0.454441
v 0.098449 0.682442 0.453780
v 0.103180 0.665558 0.451820
v 0.110864 0.649999 0.448637
v 0.121205 0.636360 0.444354
v 0.133805 0.625168 0.439135
v 0.148180 0.616851 0.433180
v 0.163778 0.611729 0.426719
v 0.162779 0.788271 0.423425
v 0.146220 0.783149 0.426719
v 0.130959 0.774832 0.429755
v 0.117583 0.763640 0.432415
v 0.106606 0.750001 0.434599
v 0.098449 0.734442 0.436222
v 0.093425 0.717558 0.437221
v 0.091729 0.700000 0.437558
v 0.093425 0.682442 0.437221
v 0.098449 0.665558 0.436222
v 0.106606 0.649999 0.434599
v 0.117583 0.636360 0.432415
v 0.130959 0.625168 0.429755
v 0.146220 0.616851 0.426719
v 0.162779 0.611729 0.423425
v 0.162442 0.788271 0.420000
v 0.145559 0.783149 0.420000
v 0.129999 0.774832 0.420000
v 0.116360 0.763640 0.420000
v 0.105168 0.750001 0.420000
v 0.096851 0.734442 0.420000
v 0.091729 0.717558 0.420000
v 0.090000 0.700000 0.420000
v 0.091729 0.682442 0.420000
v 0.096851 0.665558 0.420000
v 0.105168 0.649999 0.420000
v 0.116360 0.636360 0.420000
v 0.129999 0.625168 0.420000
v 0.145559 0.616851 0.420000
v 0.162442 0.611729 0.420000
v 0.162779 0.788271 0.416575
v 0.146220 0.783149 0.413281
v 0.130959 0.774832 0.410245
v 0.117583 0.763640 0.407585
v 0.106606 0.750001 0.405401
v 0.098449 0.734442 0.403778
v 0.093425 0.717558 0.402779
v 0.091729 0.700000 0.402442
v 0.093425 0.682442 0.402779
v 0.098449 0.665558 0.403778
v 0.106606 0.649999 0.405401
v 0.117583 0.636360 0.407585
v 0.130959 0.625168 0.410245
v 0.146220 0.616851 0.413281
v 0.162779 0.611729 0.416575
v 0.163778 0.788271 0.413281
v 0.148180 0.783149 0.406820
v 0.133805 0.774832 0.400865
v 0.121205 0.763640 0.395646
v 0.110864 0.750001 0.391363
v 0.103180 0.734442 0.388180
v 0.098449 0.717558 0.386220
v 0.096851 0.700000 0.385558
v 0.098449 0.682442 0.386220
v 0.103180 0.665558 0.388180
v 0.110864 0.649999 0.391363
v 0.121205 0.636360 0.395646
v 0.133805 0.625168 0.400865
v 0.148180 0.616851 0.406820
v 0.163778 0.611729 0.413281
v 0.165401 0.788271 0.410245
v 0.151363 0.783149 0.400865
v 0.138425 0.774832 0.392221
v 0.127086 0.763640 0.384644
v 0.117779 0.750001 0.378425
v 0.110864 0.734442 0.373805
v 0.106606 0.717558 0.370959
v 0.105168 0.700000 0.369999
v 0.106606 0.682442 0.370959
v 0.110864 0.665558 0.373805
v 0.117779 0.649999 0.378425
v 0.127086 0.636360 0.384644
v 0.138425 0.625168 0.392221
v 0.151363 0.616851 0.400865
v 0.165401 0.611729 0.410245
v 0.167585 0.788271 0.407585
v 0.155646 0.783149 0.395646
v 0.144644 0.774832 0.384644
v 0.135000 0.763640 0.375000
v 0.127086 0.750001 0.367086
v 0.121205 0.734442 0.361205
v 0.117583 0.717558 0.357583
v 0.116360 0.700000 0.356360
v 0.117583 0.682442 0.357583
v 0.121205 0.665558 0.361205
v 0.127086 0.649999 0.367086
v 0.135000 0.636360 0.375000
v 0.144644 0.625168 0.384644
v 0.155646 0.616851 0.395646
v 0.167585 0.611729 0.407585
v 0.170245 0.788271 0.405401
v 0.160865 0.783149 0.391363
v 0.152221 0.774832 0.378425
v 0.144644 0.763640 0.367086
v 0.138425 0.750001 0.357779
v 0.133805 0.734442 0.350864
v 0.130959 0.717558 0.346606
v 0.129999 0.700000 0.345168
v 0.130959 0.682442 0.346606
v 0.133805 0.665558 0.350864
v 0.138425 0.649999 0.357779
v 0.144644 0.636360 0.367086
v 0.152221 0.625168 0.378425
v 0.160865 0.616851 0.391363
v 0.170245 0.611729 0.405401
v 0.173281 0.788271 0.403778
v 0.166820 0.783149 0.388180
v 0.160865 0.774832 0.373805
v 0.155646 0.763640 0.361205
v 0.151363 0.750001 0.350864
v 0.148180 0.734442 0.343180
v 0.146220 0.717558 0.338449
v 0.145559 0.700000 0.336851
v 0.146220 0.682442 0.338449
v 0.148180 0.665558 0.343180
v 0.151363 0.649999 0.350864
v 0.155646 0.636360 0.361205
v 0.160865 0.625168 0.373805
v 0.166820 0.616851 0.388180
v 0.173281 0.611729 0.403778
v 0.176575 0.788271 0.402779
v 0.173281 0.783149 0.386220
v 0.170245 0.774832 0.370959
v 0.167585 0.763640 0.357583
v 0.165401 0.750001 0.346606
v 0.163778 0.734442 0.338449
v 0.162779 0.717558 0.333425
v 0.162442 0.700000 0.331729
v 0.162779 0.682442 0.333425
v 0.163778 0.665558 0.338449
v 0.165401 0.649999 0.346606
v 0.167585 0.636360 0.357583
v 0.170245 0.625168 0.370959
v 0.173281 0.616851 0.386220
v 0.176575 0.611729 0.402779
v 0.180000 0.783149 0.385558
v 0.180000 0.750001 0.345168
v 0.180000 0.717558 0.331729
v 0.180000 0.682442 0.331729
v 0.180000 0.649999 0.345168
v 0.180000 0.625168 0.369999
v 0.180000 0.616851 0.385558
v 0.180000 0.611729 0.402442
vn 0.0865 0.4696 -0.8786
vn 0.0464 -0.8810 -0.4709
vn 0.0938 0.2890 -0.9527
vn 0.0286 -0.9565 -0.2902
vn 0.0975 0.0976 -0.9904
vn 0.0097 0.9951 -0.0980
vn 0.0097 -0.9951 -0.0980
vn 0.0975 -0.0976 -0.9904
vn 0.0286 0.9565 -0.2902
vn 0.0938 -0.2890 -0.9527
vn 0.0464 0.8810 -0.4709
vn 0.0865 -0.4696 -0.8786
vn 0.0624 0.7715 -0.6332
vn 0.0759 -0.6326 -0.7708
vn 0.0759 0.6326 -0.7708
vn 0.0624 -0.7715 -0.6332
vn 0.2248 -0.6326 -0.7412
vn 0.2248 0.6326 -0.7412
vn 0.1847 -0.7715 -0.6088
vn 0.2563 0.4696 -0.8448
vn 0.1374 -0.8810 -0.4528
vn 0.2779 0.2890 -0.9161
vn 0.0846 -0.9565 -0.2790
vn 0.2889 0.0975 -0.9524
vn 0.0286 0.9951 -0.0942
vn 0.0286 -0.9951 -0.0942
vn 0.2889 -0.0975 -0.9524
vn 0.0846 0.9565 -0.2790
vn 0.2779 -0.2890 -0.9161
vn 0.1374 0.8810 -0.4528
vn 0.2563 -0.4696 -0.8448
vn 0.1847 0.7715 -0.6088
vn 0.0464 -0.9951 -0.0869
vn 0.4691 -0.0975 -0.8777
vn 0.1374 0.9565 -0.2571
vn 0.4513 -0.2890 -0.8443
vn 0.2230 0.8810 -0.4173
vn 0.4162 -0.4696 -0.7786
vn 0.2999 0.7715 -0.5611
vn 0.3651 -0.6326 -0.6831
vn 0.3651 0.6326 -0.6831
vn 0.2999 -0.7715 -0.5611
vn 0.4162 0.4696 -0.7786
vn 0.2230 -0.8810 -0.4173
vn 0.4513 0.2890 -0.8443
vn 0.1374 -0.9565 -0.2571
vn 0.4691 0.0975 -0.8777
vn 0.0464 0.9951 -0.0869
vn 0.4036 -0.7715 -0.4918
vn 0.5601 0.4696 -0.6825
vn 0.3002 -0.8810 -0.3658
vn 0.6073 0.2890 -0.7400
vn 0.1850 -0.9565 -0.2254
vn 0.6314 0.0975 -0.7693
vn 0.0625 0.9951 -0.0761
vn 0.0625 -0.9951 -0.0761
vn 0.6314 -0.0975 -0.7693
vn 0.1850 0.9565 -0.2254
vn 0.6073 -0.2890 -0.7400
vn 0.3002 0.8810 -0.3658
vn 0.5601 -0.4696 -0.6825
vn 0.4036 0.7715 -0.4918
vn 0.4913 -0.6326 -0.5987
vn 0.4913 0.6326 -0.5987
vn 0.2254 0.9565 -0.1850
vn 0.7400 -0.2890 -0.6073
vn 0.3658 0.8810 -0.3002
vn 0.6825 -0.4696 -0.5601
vn 0.4918 0.7715 -0.4036
vn 0.5987 -0.6326 -0.4913
vn 0.5987 0.6326 -0.4913
vn 0.4918 -0.7715 -0.4036
vn 0.6825 0.4696 -0.5601
vn 0.3658 -0.8810 -0.3002
vn 0.7400 0.2890 -0.6073
vn 0.2254 -0.9565 -0.1850
vn 0.7693 0.0975 -0.6314
vn 0.0761 0.9951 -0.0625
vn 0.0761 -0.9951 -0.0625
vn 0.7693 -0.0975 -0.6314
vn 0.7786 0.4696 -0.4162
vn 0.4173 -0.8810 -0.2230
vn 0.8443 0.2890 -0.4513
vn 0.2571 -0.9565 -0.1374
vn 0.8777 0.0976 -0.4691
vn 0.0869 0.9951 -0.0464
vn 0.0869 -0.9951 -0.0464
vn 0.8777 -0.0976 -0.4691
vn 0.2571 0.9565 -0.1374
vn 0.8443 -0.2890 -0.4513
vn 0.4173 0.8810 -0.2230
vn 0.7786 -0.4696 -0.4162
vn 0.5611 0.7715 -0.2999
vn 0.6831 -0.6326 -0.3651
vn 0.6831 0.6326 -0.3651
vn 0.5611 -0.7715 -0.2999
vn 0.9161 -0.2890 -0.2779
vn 0.4528 0.8810 -0.1374
vn 0.8448 -0.4696 -0.2563
vn 0.6088 0.7715 -0.1847
vn 0.7412 -0.6326 -0.2248
vn 0.7412 0.6326 -0.2248
vn 0.6088 -0.7715 -0.1847
vn 0.8448 0.4696 -0.2563
vn 0.4528 -0.8810 -0.1374
vn 0.9161 0.2890 -0.2779
vn 0.2790 -0.9565 -0.0846
vn 0.9524 0.0976 -0.2889
vn 0.0942 0.9951 -0.0286
vn 0.0942 -0.9951 -0.0286
vn 0.9524 -0.0976 -0.2889
vn 0.2790 0.9565 -0.0846
vn 0.4709 -0.8810 -0.0464
vn 0.9527 0.2890 -0.0938
vn 0.2902 -0.9565 -0.0286
vn 0.9904 0.0975 -0.0975
vn 0.0980 0.9951 -0.0097
vn 0.0980 -0.9951 -0.0097
vn 0.9904 -0.0975 -0.0975
vn 0.2902 0.9565 -0.0286
vn 0.9527 -0.2890 -0.0938
vn 0.4709 0.8810 -0.0464
vn 0.8786 -0.4696 -0.0865
vn 0.6332 0.7715 -0.0624
vn 0.7708 -0.6326 -0.0759
vn 0.7708 0.6326 -0.0759
vn 0.6332 -0.7715 -0.0624
vn 0.8786 0.4696 -0.0865
vn 0.4709 0.8810 0.0464
vn 0.8786 -0.4696 0.0865
vn 0.6332 0.7715 0.0624
vn 0.7708 -0.6326 0.0759
vn 0.7708 0.6326 0.0759
vn 0.6332 -0.7715 0.0624
vn 0.8786 0.4696 0.0865
vn 0.4709 -0.8810 0.0464
vn 0.9527 0.2890 0.0938
vn 0.2902 -0.9565 0.0286
vn 0.9904 0.0975 0.0976
vn 0.0980 0.9951 0.0097
vn 0.0980 -0.9951 0.0097
vn 0.9904 -0.0975 0.0976
vn 0.2902 0.9565 0.0286
vn 0.9527 -0.2890 0.0938
vn 0.9161 0.2890 0.2779
vn 0.2790 -0.9565 0.0846
vn 0.9524 0.0975 0.2889
vn 0.0942 0.9951 0.0286
vn 0.0942 -0.9951 0.0286
vn 0.9524 -0.0975 0.2889
vn 0.2790 0.9565 0.0846
vn 0.9161 -0.2890 0.2779
vn 0.4528 0.8810 0.1374
vn 0.8448 -0.4696 0.2563
vn 0.6088 0.7715 0.1847
vn 0.7412 -0.6326 0.2248
vn 0.7412 0.6326 0.2248
vn 0.6088 -0.7715 0.1847
vn 0.8448 0.4696 0.2563
vn 0.4528 -0.8810 0.1374
vn 0.7786 -0.4696 0.4162
vn 0.5611 0.7715 0.2999
vn 0.6831 -0.6326 0.3651
vn 0.6831 0.6326 0.3651
vn 0.5611 -0.7715 0.2999
vn 0.7786 0.4696 0.4162
vn 0.4173 -0.8810 0.2230
vn 0.8443 0.2890 0.4513
vn 0.2571 -0.9565 0.1374
vn 0.8777 0.0975 0.4691
vn 0.0869 0.9951 0.0464
vn 0.0869 -0.9951 0.0464
vn 0.8777 -0.0975 0.4691
vn 0.2571 0.9565 0.1374
vn 0.8443 -0.2890 0.4513
vn 0.4173 0.8810 0.2230
vn 0.2254 -0.9565 0.1850
vn 0.7693 0.0975 0.6314
vn 0.0761 0.9951 0.0625
vn 0.0761 -0.9951 0.0625
vn 0.7693 -0.0975 0.6314
vn 0.2254 0.9565 0.1850
vn 0.7400 -0.2890 0.6073
vn 0.3658 0.8810 0.3002
vn 0.6825 -0.4696 0.5601
vn 0.4918 0.7715 0.4036
vn 0.5987 -0.6326 0.4913
vn 0.5987 0.6326 0.4913
vn 0.4918 -0.7715 0.4036
vn 0.6825 0.4696 0.5601
vn 0.3658 -0.8810 0.3002
vn 0.7400 0.2890 0.6073
vn 0.4913 -0.6326 0.5987
vn 0.4913 0.6326 0.5987
vn 0.4036 -0.7715 0.4918
vn 0.5601 0.4696 0.6825
vn 0.3002 -0.8810 0.3658
vn 0.6073 0.2890 0.7400
vn 0.1850 -0.9565 0.2254
vn 0.6314 0.0975 0.7693
vn 0.0625 0.9951 0.0761
vn 0.0625 -0.9951 0.0761
vn 0.6314 -0.0976 0.7693
vn 0.1850 0.9565 0.2254
vn 0.6073 -0.2890 0.7400
vn 0.3002 0.8810 0.3658
vn 0.5601 -0.4696 0.6825
vn 0.4036 0.7715 0.4918
vn 0.0464 0.9951 0.0869
vn 0.0464 -0.9951 0.0869
vn 0.4691 -0.0975 0.8777
vn 0.1374 0.9565 0.2571
vn 0.4513 -0.2890 0.8443
vn 0.2230 0.8810 0.4173
vn 0.4162 -0.4696 0.7786
vn 0.2999 0.7715 0.5611
vn 0.3651 -0.6326 0.6831
vn 0.3651 0.6326 0.6831
vn 0.2999 -0.7715 0.5611
vn 0.4162 0.4696 0.7786
vn 0.2230 -0.8810 0.4173
vn 0.4513 0.2890 0.8443
vn 0.1374 -0.9565 0.2571
vn 0.4691 0.0975 0.8777
vn 0.2248 0.6326 0.7412
vn 0.1847 -0.7715 0.6088
vn 0.2563 0.4696 0.8448
vn 0.1374 -0.8810 0.4528
vn 0.2779 0.2890 0.9161
vn 0.0846 -0.9565 0.2790
vn 0.2889 0.0976 0.9524
vn 0.0286 0.9951 0.0942
vn 0.0286 -0.9951 0.0942
vn 0.2889 -0.0976 0.9524
vn 0.0846 0.9565 0.2790
vn 0.2779 -0.2890 0.9161
vn 0.1374 0.8810 0.4528
vn 0.2563 -0.4696 0.8448
vn 0.1847 0.7715 0.6088
vn 0.2248 -0.6326 0.7412
vn 0.0975 -0.0976 0.9904
vn 0.0286 0.9565 0.2902
vn 0.0938 -0.2890 0.9527
vn 0.0464 0.8810 0.4709
vn 0.0865 -0.4696 0.8786
vn 0.0624 0.7715 0.6332
vn 0.0759 -0.6326 0.7708
vn 0.0759 0.6326 0.7708
vn 0.0624 -0.7715 0.6332
vn 0.0865 0.4696 0.8786
vn 0.0464 -0.8810 0.4709
vn 0.0938 0.2890 0.9527
vn 0.0286 -0.9565 0.2902
vn 0.0975 0.0976 0.9904
vn 0.0097 0.9951 0.0980
vn 0.0097 -0.9951 0.0980
vn -0.0624 -0.7715 0.6332
vn -0.0865 0.4696 0.8786
vn -0.0464 -0.8810 0.4709
vn -0.0938 0.2890 0.9527
vn -0.0286 -0.9565 0.2902
vn -0.0975 0.0976 0.9904
vn -0.0097 0.9951 0.0980
vn -0.0097 -0.9951 0.0980
vn -0.0975 -0.0976 0.9904
vn -0.0286 0.9565 0.2902
vn -0.0938 -0.2890 0.9527
vn -0.0464 0.8810 0.4709
vn -0.0865 -0.4696 0.8786
vn -0.0624 0.7715 0.6332
vn -0.0759 -0.6326 0.7708
vn -0.0759 0.6326 0.7708
vn -0.0846 0.9565 0.2790
vn -0.2779 -0.2890 0.9161
vn -0.1374 0.8810 0.4528
vn -0.2563 -0.4696 0.8448
vn -0.1847 0.7715 0.6088
vn -0.2248 -0.6326 0.7412
vn -0.2248 0.6326 0.7412
vn -0.1847 -0.7715 0.6088
vn -0.2563 0.4696 0.8448
vn -0.1374 -0.8810 0.4528
vn -0.2779 0.2890 0.9161
vn -0.0846 -0.9565 0.2790
vn -0.2889 0.0976 0.9524
vn -0.0286 0.9951 0.0942
vn -0.0286 -0.9951 0.0942
vn -0.2889 -0.0976 0.9524
vn -0.4162 0.4696 0.7786
vn -0.2230 -0.8810 0.4173
vn -0.4513 0.2890 0.8443
vn -0.1374 -0.9565 0.2571
vn -0.4691 0.0976 0.8777
vn -0.0464 0.9951 0.0869
vn -0.0464 -0.9951 0.0869
vn -0.4691 -0.0976 0.8777
vn -0.1374 0.9565 0.2571
vn -0.4513 -0.2890 0.8443
vn -0.2230 0.8810 0.4173
vn -0.4162 -0.4696 0.7786
vn -0.2999 0.7715 0.5611
vn -0.3651 -0.6326 0.6831
vn -0.3651 0.6326 0.6831
vn -0.2999 -0.7715 0.5611
vn -0.6073 -0.2890 0.7400
vn -0.3002 0.8810 0.3658
vn -0.5601 -0.4696 0.6825
vn -0.4036 0.7715 0.4918
vn -0.4913 -0.6326 0.5987
vn -0.4913 0.6326 0.5987
vn -0.4036 -0.7715 0.4918
vn -0.5601 0.4696 0.6825
vn -0.3002 -0.8810 0.3658
vn -0.6073 0.2890 0.7400
vn -0.1850 -0.9565 0.2254
vn -0.6314 0.0976 0.7693
vn -0.0625 0.9951 0.0761
vn -0.0625 -0.9951 0.0761
vn -0.6314 -0.0976 0.7693
vn -0.1850 0.9565 0.2254
vn -0.3658 -0.8810 0.3002
vn -0.7400 0.2890 0.6073
vn -0.2254 -0.9565 0.1850
vn -0.7693 0.0976 0.6314
vn -0.0761 0.9951 0.0625
vn -0.0761 -0.9951 0.0625
vn -0.7693 -0.0976 0.6314
vn -0.2254 0.9565 0.1850
vn -0.7400 -0.2890 0.6073
vn -0.3658 0.8810 0.3002
vn -0.6825 -0.4696 0.5601
vn -0.4918 0.7715 0.4036
vn -0.5987 -0.6326 0.4913
vn -0.5987 0.6326 0.4913
vn -0.4918 -0.7715 0.4036
vn -0.6825 0.4696 0.5601
vn -0.7786 -0.4696 0.4162
vn -0.5611 0.7715 0.2999
vn -0.6831 -0.6326 0.3651
vn -0.6831 0.6326 0.3651
vn -0.5611 -0.7715 0.2999
vn -0.7786 0.4696 0.4162
vn -0.4173 -0.8810 0.2230
vn -0.8443 0.2890 0.4513
vn -0.2571 -0.9565 0.1374
vn -0.8777 0.0976 0.4691
vn -0.0869 0.9951 0.0464
vn -0.0869 -0.9951 0.0464
vn -0.8777 -0.0976 0.4691
vn -0.2571 0.9565 0.1374
vn -0.8443 -0.2890 0.4513
vn -0.4173 0.8810 0.2230
vn -0.2790 -0.9565 0.0846
vn -0.9524 0.0976 0.2889
vn -0.0942 0.9951 0.0286
vn -0.0942 -0.9951 0.0286
vn -0.9524 -0.0976 0.2889
vn -0.2790 0.9565 0.0846
vn -0.9161 -0.2890 0.2779
vn -0.4528 0.8810 0.1374
vn -0.8448 -0.4696 0.2563
vn -0.6088 0.7715 0.1847
vn -0.7412 -0.6326 0.2248
vn -0.7412 0.6326 0.2248
vn -0.6088 -0.7715 0.1847
vn -0.8448 0.4696 0.2563
vn -0.4528 -0.8810 0.1374
vn -0.9161 0.2890 0.2779
vn -0.6332 0.7715 0.0624
vn -0.7708 -0.6326 0.0759
vn -0.7708 0.6326 0.0759
vn -0.6332 -0.7715 0.0624
vn -0.8786 0.4696 0.0865
vn -0.4709 -0.8810 0.0464
vn -0.9527 0.2890 0.0938
vn -0.2902 -0.9565 0.0286
vn -0.9904 0.0976 0.0975
vn -0.0980 0.9951 0.0097
vn -0.0980 -0.9951 0.0097
vn -0.9904 -0.0976 0.0975
vn -0.2902 0.9565 0.0286
vn -0.9527 -0.2890 0.0938
vn -0.4709 0.8810 0.0464
vn -0.8786 -0.4696 0.0865
vn -0.9904 0.0976 -0.0975
vn -0.0980 0.9951 -0.0097
vn -0.0980 -0.9951 -0.0097
vn -0.9904 -0.0976 -0.0975
vn -0.2902 0.9565 -0.0286
vn -0.9527 -0.2890 -0.0938
vn -0.4709 0.8810 -0.0464
vn -0.8786 -0.4696 -0.0865
vn -0.6332 0.7715 -0.0624
vn -0.7708 -0.6326 -0.0759
vn -0.7708 0.6326 -0.0759
vn -0.6332 -0.7715 -0.0624
vn -0.8786 0.4696 -0.0865
vn -0.4709 -0.8810 -0.0464
vn -0.9527 0.2890 -0.0938
vn -0.2902 -0.9565 -0.0286
vn -0.7412 -0.6326 -0.2248
vn -0.7412 0.6326 -0.2248
vn -0.6088 -0.7715 -0.1847
vn -0.8448 0.4696 -0.2563
vn -0.4528 -0.8810 -0.1374
vn -0.9161 0.2890 -0.2779
vn -0.2790 -0.9565 -0.0846
vn -0.9524 0.0976 -0.2889
vn -0.0942 0.9951 -0.0286
vn -0.0942 -0.9951 -0.0286
vn -0.9524 -0.0976 -0.2889
vn -0.2790 0.9565 -0.0846
vn -0.9161 -0.2890 -0.2779
vn -0.4528 0.8810 -0.1374
vn -0.8448 -0.4696 -0.2563
vn -0.6088 0.7715 -0.1847
vn -0.0869 0.9951 -0.0464
vn -0.0869 -0.9951 -0.0464
vn -0.8777 -0.0976 -0.4691
vn -0.2571 0.9565 -0.1374
vn -0.8443 -0.2890 -0.4513
vn -0.4173 0.8810 -0.2230
vn -0.7786 -0.4696 -0.4162
vn -0.5611 0.7715 -0.2999
vn -0.6831 -0.6326 -0.3651
vn -0.6831 0.6326 -0.3651
vn -0.5611 -0.7715 -0.2999
vn -0.7786 0.4696 -0.4162
vn -0.4173 -0.8810 -0.2230
vn -0.8443 0.2890 -0.4513
vn -0.2571 -0.9565 -0.1374
vn -0.8777 0.0976 -0.4691
vn -0.5987 0.6326 -0.4913
vn -0.4918 -0.7715 -0.4036
vn -0.6825 0.4696 -0.5601
vn -0.3658 -0.8810 -0.3002
vn -0.7400 0.2890 -0.6073
vn -0.2254 -0.9565 -0.1850
vn -0.7693 0.0976 -0.6314
vn -0.0761 0.9951 -0.0625
vn -0.0761 -0.9951 -0.0625
vn -0.7693 -0.0976 -0.6314
vn -0.2254 0.9565 -0.1850
vn -0.7400 -0.2890 -0.6073
vn -0.3658 0.8810 -0.3002
vn -0.6825 -0.4696 -0.5601
vn -0.4918 0.7715 -0.4036
vn -0.5987 -0.6326 -0.4913
vn -0.6314 -0.0976 -0.7693
vn -0.1850 0.9565 -0.2254
vn -0.6073 -0.2890 -0.7400
vn -0.3002 0.8810 -0.3658
vn -0.5601 -0.4696 -0.6825
vn -0.4036 0.7715 -0.4918
vn -0.4913 -0.6326 -0.5987
vn -0.4913 0.6326 -0.5987
vn -0.4036 -0.7715 -0.4918
vn -0.5601 0.4696 -0.6825
vn -0.3002 -0.8810 -0.3658
vn -0.6073 0.2890 -0.7400
vn -0.1850 -0.9565 -0.2254
vn -0.6314 0.0976 -0.7693
vn -0.0625 0.9951 -0.0761
vn -0.0625 -0.9951 -0.0761
vn -0.2999 -0.7715 -0.5611
vn -0.4162 0.4696 -0.7786
vn -0.2230 -0.8810 -0.4173
vn -0.4513 0.2890 -0.8443
vn -0.1374 -0.9565 -0.2571
vn -0.4691 0.0976 -0.8777
vn -0.0464 0.9951 -0.0869
vn -0.0464 -0.9951 -0.0869
vn -0.4691 -0.0976 -0.8777
vn -0.1374 0.9565 -0.2571
vn -0.4513 -0.2890 -0.8443
vn -0.2230 0.8810 -0.4173
vn -0.4162 -0.4696 -0.7786
vn -0.2999 0.7715 -0.5611
vn -0.3651 -0.6326 -0.6831
vn -0.3651 0.6326 -0.6831
vn -0.2779 -0.2890 -0.9161
vn -0.1374 0.8810 -0.4528
vn -0.2563 -0.4696 -0.8448
vn -0.1847 0.7715 -0.6088
vn -0.2248 -0.6326 -0.7412
vn -0.2248 0.6326 -0.7412
vn -0.1847 -0.7715 -0.6088
vn -0.2563 0.4696 -0.8448
vn -0.1374 -0.8810 -0.4528
vn -0.2779 0.2890 -0.9161
vn -0.0846 -0.9565 -0.2790
vn -0.2889 0.0976 -0.9524
vn -0.0286 0.9951 -0.0942
vn -0.0286 -0.9951 -0.0942
vn -0.2889 -0.0976 -0.9524
vn -0.0846 0.9565 -0.2790
vn -0.0464 -0.8810 -0.4709
vn -0.0938 0.2890 -0.9527
vn -0.0286 -0.9565 -0.2902
vn -0.0976 0.0976 -0.9904
vn -0.0097 0.9951 -0.0980
vn -0.0097 -0.9951 -0.0980
vn -0.0976 -0.0976 -0.9904
vn -0.0286 0.9565 -0.2902
vn -0.0938 -0.2890 -0.9527
vn -0.0464 0.8810 -0.4709
vn -0.0865 -0.4696 -0.8786
vn -0.0624 0.7715 -0.6332
vn -0.0759 -0.6326 -0.7708
vn -0.0759 0.6326 -0.7708
vn -0.0624 -0.7715 -0.6332
vn -0.0865 0.4696 -0.8786
vt 0.750000 0.625000
vt 0.750000 0.687500
vt 0.718750 0.687500
vt 0.718750 0.625000
vt 0.750000 0.125000
vt 0.750000 0.187500
vt 0.718750 0.187500
vt 0.718750 0.125000
vt 0.750000 0.562500
vt 0.718750 0.562500
vt 0.750000 0.062500
vt 0.718750 0.062500
vt 0.750000 0.500000
vt 0.718750 0.500000
vt 0.750000 0.937500
vt 0.734375 1.000000
vt 0.718750 0.937500
vt 0.734375 0.000000
vt 0.750000 0.437500
vt 0.718750 0.437500
vt 0.750000 0.875000
vt 0.718750 0.875000
vt 0.750000 0.375000
vt 0.718750 0.375000
vt 0.750000 0.812500
vt 0.718750 0.812500
vt 0.750000 0.312500
vt 0.718750 0.312500
vt 0.750000 0.750000
vt 0.718750 0.750000
vt 0.750000 0.250000
vt 0.718750 0.250000
vt 0.687500 0.312500
vt 0.687500 0.250000
vt 0.687500 0.750000
vt 0.687500 0.687500
vt 0.687500 0.187500
vt 0.687500 0.625000
vt 0.687500 0.125000
vt 0.687500 0.562500
vt 0.687500 0.062500
vt 0.687500 0.500000
vt 0.703125 1.000000
vt 0.687500 0.937500
vt 0.703125 0.000000
vt 0.687500 0.437500
vt 0.687500 0.875000
vt 0.687500 0.375000
vt 0.687500 0.812500
vt 0.671875 0.000000
vt 0.656250 0.062500
vt 0.656250 0.500000
vt 0.656250 0.437500
vt 0.656250 0.937500
vt 0.656250 0.875000
vt 0.656250 0.375000
vt 0.656250 0.812500
vt 0.656250 0.312500
vt 0.656250 0.750000
vt 0.656250 0.250000
vt 0.656250 0.687500
vt 0.656250 0.187500
vt 0.656250 0.625000
vt 0.656250 0.125000
vt 0.656250 0.562500
vt 0.671875 1.000000
vt 0.625000 0.250000
vt 0.625000 0.187500
vt 0.625000 0.687500
vt 0.625000 0.625000
vt 0.625000 0.125000
vt 0.625000 0.562500
vt 0.625000 0.062500
vt 0.625000 0.500000
vt 0.640625 1.000000
vt 0.625000 0.937500
vt 0.640625 0.000000
vt 0.625000 0.437500
vt 0.625000 0.875000
vt 0.625000 0.375000
vt 0.625000 0.812500
vt 0.625000 0.312500
vt 0.625000 0.750000
vt 0.593750 0.937500
vt 0.593750 0.875000
vt 0.593750 0.437500
vt 0.593750 0.375000
vt 0.593750 0.812500
vt 0.593750 0.312500
vt 0.593750 0.750000
vt 0.593750 0.250000
vt 0.593750 0.687500
vt 0.593750 0.187500
vt 0.593750 0.625000
vt 0.593750 0.125000
vt 0.593750 0.562500
vt 0.593750 0.062500
vt 0.593750 0.500000
vt 0.609375 1.000000
vt 0.609375 0.000000
vt 0.562500 0.687500
vt 0.562500 0.625000
vt 0.562500 0.187500
vt 0.562500 0.125000
vt 0.562500 0.562500
vt 0.562500 0.062500
vt 0.562500 0.500000
vt 0.578125 1.000000
vt 0.562500 0.937500
vt 0.578125 0.000000
vt 0.562500 0.437500
vt 0.562500 0.875000
vt 0.562500 0.375000
vt 0.562500 0.812500
vt 0.562500 0.312500
vt 0.562500 0.750000
vt 0.562500 0.250000
vt 0.531250 0.437500
vt 0.531250 0.375000
vt 0.531250 0.875000
vt 0.531250 0.812500
vt 0.531250 0.312500
vt 0.531250 0.750000
vt 0.531250 0.250000
vt 0.531250 0.687500
vt 0.531250 0.187500
vt 0.531250 0.625000
vt 0.531250 0.125000
vt 0.531250 0.562500
vt 0.531250 0.062500
vt 0.531250 0.500000
vt 0.546875 1.000000
vt 0.531250 0.937500
vt 0.546875 0.000000
vt 0.500000 0.187500
vt 0.500000 0.125000
vt 0.500000 0.625000
vt 0.500000 0.562500
vt 0.500000 0.062500
vt 0.500000 0.500000
vt 0.515625 1.000000
vt 0.500000 0.937500
vt 0.515625 0.000000
vt 0.500000 0.437500
vt 0.500000 0.875000
vt 0.500000 0.375000
vt 0.500000 0.812500
vt 0.500000 0.312500
vt 0.500000 0.750000
vt 0.500000 0.250000
vt 0.500000 0.687500
vt 0.468750 0.875000
vt 0.468750 0.812500
vt 0.468750 0.375000
vt 0.468750 0.312500
vt 0.468750 0.750000
vt 0.468750 0.250000
vt 0.468750 0.687500
vt 0.468750 0.187500
vt 0.468750 0.625000
vt 0.468750 0.125000
vt 0.468750 0.562500
vt 0.468750 0.062500
vt 0.468750 0.500000
vt 0.484375 1.000000
vt 0.468750 0.937500
vt 0.484375 0.000000
vt 0.468750 0.437500
vt 0.437500 0.625000
vt 0.437500 0.562500
vt 0.437500 0.125000
vt 0.437500 0.062500
vt 0.437500 0.500000
vt 0.453125 1.000000
vt 0.437500 0.937500
vt 0.453125 0.000000
vt 0.437500 0.437500
vt 0.437500 0.875000
vt 0.437500 0.375000
vt 0.437500 0.812500
vt 0.437500 0.312500
vt 0.437500 0.750000
vt 0.437500 0.250000
vt 0.437500 0.687500
vt 0.437500 0.187500
vt 0.406250 0.375000
vt 0.406250 0.312500
vt 0.406250 0.812500
vt 0.406250 0.750000
vt 0.406250 0.250000
vt 0.406250 0.687500
vt 0.406250 0.187500
vt 0.406250 0.625000
vt 0.406250 0.125000
vt 0.406250 0.562500
vt 0.406250 0.062500
vt 0.406250 0.500000
vt 0.421875 1.000000
vt 0.406250 0.937500
vt 0.421875 0.000000
vt 0.406250 0.437500
vt 0.406250 0.875000
vt 0.375000 0.125000
vt 0.375000 0.062500
vt 0.375000 0.562500
vt 0.375000 0.500000
vt 0.390625 1.000000
vt 0.375000 0.937500
vt 0.390625 0.000000
vt 0.375000 0.437500
vt 0.375000 0.875000
vt 0.375000 0.375000
vt 0.375000 0.812500
vt 0.375000 0.312500
vt 0.375000 0.750000
vt 0.375000 0.250000
vt 0.375000 0.687500
vt 0.375000 0.187500
vt 0.375000 0.625000
vt 0.343750 0.312500
vt 0.343750 0.250000
vt 0.343750 0.750000
vt 0.343750 0.687500
vt 0.343750 0.187500
vt 0.343750 0.625000
vt 0.343750 0.125000
vt 0.343750 0.562500
vt 0.343750 0.062500
vt 0.343750 0.500000
vt 0.359375 1.000000
vt 0.343750 0.937500
vt 0.359375 0.000000
vt 0.343750 0.437500
vt 0.343750 0.875000
vt 0.343750 0.375000
vt 0.343750 0.812500
vt 0.328125 1.000000
vt 0.312500 0.937500
vt 0.328125 0.000000
vt 0.312500 0.062500
vt 0.312500 0.500000
vt 0.312500 0.437500
vt 0.312500 0.875000
vt 0.312500 0.375000
vt 0.312500 0.812500
vt 0.312500 0.312500
vt 0.312500 0.750000
vt 0.312500 0.250000
vt 0.312500 0.687500
vt 0.312500 0.187500
vt 0.312500 0.625000
vt 0.312500 0.125000
vt 0.312500 0.562500
vt 0.281250 0.750000
vt 0.281250 0.687500
vt 0.281250 0.250000
vt 0.281250 0.187500
vt 0.281250 0.625000
vt 0.281250 0.125000
vt 0.281250 0.562500
vt 0.281250 0.062500
vt 0.281250 0.500000
vt 0.296875 1.000000
vt 0.281250 0.937500
vt 0.296875 0.000000
vt 0.281250 0.437500
vt 0.281250 0.875000
vt 0.281250 0.375000
vt 0.281250 0.812500
vt 0.281250 0.312500
vt 0.250000 0.500000
vt 0.250000 0.437500
vt 0.250000 0.937500
vt 0.250000 0.875000
vt 0.250000 0.375000
vt 0.250000 0.812500
vt 0.250000 0.312500
vt 0.250000 0.750000
vt 0.250000 0.250000
vt 0.250000 0.687500
vt 0.250000 0.187500
vt 0.250000 0.625000
vt 0.250000 0.125000
vt 0.250000 0.562500
vt 0.250000 0.062500
vt 0.265625 1.000000
vt 0.265625 0.000000
vt 0.218750 0.250000
vt 0.218750 0.187500
vt 0.218750 0.687500
vt 0.218750 0.625000
vt 0.218750 0.125000
vt 0.218750 0.562500
vt 0.218750 0.062500
vt 0.218750 0.500000
vt 0.234375 1.000000
vt 0.218750 0.937500
vt 0.234375 0.000000
vt 0.218750 0.437500
vt 0.218750 0.875000
vt 0.218750 0.375000
vt 0.218750 0.812500
vt 0.218750 0.312500
vt 0.218750 0.750000
vt 0.187500 0.937500
vt 0.187500 0.875000
vt 0.187500 0.437500
vt 0.187500 0.375000
vt 0.187500 0.812500
vt 0.187500 0.312500
vt 0.187500 0.750000
vt 0.187500 0.250000
vt 0.187500 0.687500
vt 0.187500 0.187500
vt 0.187500 0.625000
vt 0.187500 0.125000
vt 0.187500 0.562500
vt 0.187500 0.062500
vt 0.187500 0.500000
vt 0.203125 1.000000
vt 0.203125 0.000000
vt 0.156250 0.687500
vt 0.156250 0.625000
vt 0.156250 0.187500
vt 0.156250 0.125000
vt 0.156250 0.562500
vt 0.156250 0.062500
vt 0.156250 0.500000
vt 0.171875 1.000000
vt 0.156250 0.937500
vt 0.171875 0.000000
vt 0.156250 0.437500
vt 0.156250 0.875000
vt 0.156250 0.375000
vt 0.156250 0.812500
vt 0.156250 0.312500
vt 0.156250 0.750000
vt 0.156250 0.250000
vt 0.125000 0.437500
vt 0.125000 0.375000
vt 0.125000 0.875000
vt 0.125000 0.812500
vt 0.125000 0.312500
vt 0.125000 0.750000
vt 0.125000 0.250000
vt 0.125000 0.687500
vt 0.125000 0.187500
vt 0.125000 0.625000
vt 0.125000 0.125000
vt 0.125000 0.562500
vt 0.125000 0.062500
vt 0.125000 0.500000
vt 0.140625 1.000000
vt 0.125000 0.937500
vt 0.140625 0.000000
vt 0.093750 0.187500
vt 0.093750 0.125000
vt 0.093750 0.625000
vt 0.093750 0.562500
vt 0.093750 0.062500
vt 0.093750 0.500000
vt 0.109375 1.000000
vt 0.093750 0.937500
vt 0.109375 0.000000
vt 0.093750 0.437500
vt 0.093750 0.875000
vt 0.093750 0.375000
vt 0.093750 0.812500
vt 0.093750 0.312500
vt 0.093750 0.750000
vt 0.093750 0.250000
vt 0.093750 0.687500
vt 0.062500 0.375000
vt 0.062500 0.312500
vt 0.062500 0.812500
vt 0.062500 0.750000
vt 0.062500 0.250000
vt 0.062500 0.687500
vt 0.062500 0.187500
vt 0.062500 0.625000
vt 0.062500 0.125000
vt 0.062500 0.562500
vt 0.062500 0.062500
vt 0.062500 0.500000
vt 0.078125 1.000000
vt 0.062500 0.937500
vt 0.078125 0.000000
vt 0.062500 0.437500
vt 0.062500 0.875000
vt 0.031250 0.125000
vt 0.031250 0.062500
vt 0.031250 0.562500
vt 0.031250 0.500000
vt 0.046875 1.000000
vt 0.031250 0.937500
vt 0.046875 0.000000
vt 0.031250 0.437500
vt 0.031250 0.875000
vt 0.031250 0.375000
vt 0.031250 0.812500
vt 0.031250 0.312500
vt 0.031250 0.750000
vt 0.031250 0.250000
vt 0.031250 0.687500
vt 0.031250 0.187500
vt 0.031250 0.625000
vt 0.000000 0.812500
vt 0.000000 0.750000
vt 0.000000 0.312500
vt 0.000000 0.250000
vt 0.000000 0.687500
vt 0.000000 0.187500
vt 0.000000 0.625000
vt 0.000000 0.125000
vt 0.000000 0.562500
vt 0.000000 0.062500
vt 0.000000 0.500000
vt 0.015625 1.000000
vt 0.000000 0.937500
vt 0.015625 0.000000
vt 0.000000 0.437500
vt 0.000000 0.875000
vt 0.000000 0.375000
vt 1.000000 0.500000
vt 1.000000 0.562500
vt 0.968750 0.562500
vt 0.968750 0.500000
vt 1.000000 0.937500
vt 0.984375 1.000000
vt 0.968750 0.937500
vt 0.984375 0.000000
vt 1.000000 0.062500
vt 0.968750 0.062500
vt 1.000000 0.437500
vt 0.968750 0.437500
vt 1.000000 0.875000
vt 0.968750 0.875000
vt 1.000000 0.375000
vt 0.968750 0.375000
vt 1.000000 0.812500
vt 0.968750 0.812500
vt 1.000000 0.312500
vt 0.968750 0.312500
vt 1.000000 0.750000
vt 0.968750 0.750000
vt 1.000000 0.250000
vt 0.968750 0.250000
vt 1.000000 0.687500
vt 0.968750 0.687500
vt 1.000000 0.187500
vt 0.968750 0.187500
vt 1.000000 0.625000
vt 0.968750 0.625000
vt 1.000000 0.125000
vt 0.968750 0.125000
vt 0.937500 0.312500
vt 0.937500 0.250000
vt 0.937500 0.750000
vt 0.937500 0.687500
vt 0.937500 0.187500
vt 0.937500 0.625000
vt 0.937500 0.125000
vt 0.937500 0.562500
vt 0.937500 0.062500
vt 0.937500 0.500000
vt 0.953125 1.000000
vt 0.937500 0.937500
vt 0.953125 0.000000
vt 0.937500 0.437500
vt 0.937500 0.875000
vt 0.937500 0.375000
vt 0.937500 0.812500
vt 0.921875 1.000000
vt 0.906250 0.937500
vt 0.921875 0.000000
vt 0.906250 0.062500
vt 0.906250 0.500000
vt 0.906250 0.437500
vt 0.906250 0.875000
vt 0.906250 0.375000
vt 0.906250 0.812500
vt 0.906250 0.312500
vt 0.906250 0.750000
vt 0.906250 0.250000
vt 0.906250 0.687500
vt 0.906250 0.187500
vt 0.906250 0.625000
vt 0.906250 0.125000
vt 0.906250 0.562500
vt 0.875000 0.750000
vt 0.875000 0.687500
vt 0.875000 0.250000
vt 0.875000 0.187500
vt 0.875000 0.625000
vt 0.875000 0.125000
vt 0.875000 0.562500
vt 0.875000 0.062500
vt 0.875000 0.500000
vt 0.890625 1.000000
vt 0.875000 0.937500
vt 0.890625 0.000000
vt 0.875000 0.437500
vt 0.875000 0.875000
vt 0.875000 0.375000
vt 0.875000 0.812500
vt 0.875000 0.312500
vt 0.843750 0.500000
vt 0.843750 0.437500
vt 0.843750 0.937500
vt 0.843750 0.875000
vt 0.843750 0.375000
vt 0.843750 0.812500
vt 0.843750 0.312500
vt 0.843750 0.750000
vt 0.843750 0.250000
vt 0.843750 0.687500
vt 0.843750 0.187500
vt 0.843750 0.625000
vt 0.843750 0.125000
vt 0.843750 0.562500
vt 0.843750 0.062500
vt 0.859375 1.000000
vt 0.859375 0.000000
vt 0.812500 0.250000
vt 0.812500 0.187500
vt 0.812500 0.687500
vt 0.812500 0.625000
vt 0.812500 0.125000
vt 0.812500 0.562500
vt 0.812500 0.062500
vt 0.812500 0.500000
vt 0.828125 1.000000
vt 0.812500 0.937500
vt 0.828125 0.000000
vt 0.812500 0.437500
vt 0.812500 0.875000
vt 0.812500 0.375000
vt 0.812500 0.812500
vt 0.812500 0.312500
vt 0.812500 0.750000
vt 0.781250 0.437500
vt 0.781250 0.375000
vt 0.781250 0.875000
vt 0.781250 0.812500
vt 0.781250 0.312500
vt 0.781250 0.750000
vt 0.781250 0.250000
vt 0.781250 0.687500
vt 0.781250 0.187500
vt 0.781250 0.625000
vt 0.781250 0.125000
vt 0.781250 0.562500
vt 0.781250 0.062500
vt 0.781250 0.500000
vt 0.796875 1.000000
vt 0.781250 0.937500
vt 0.796875 0.000000
vt 0.765625 1.000000
vt 0.765625 0.000000
s 0
usemtl Mat_RedEyes
f 595/753/659 1066/754/659 604/755/659 605/756/659
f 1071/757/660 1070/758/660 612/759/660 613/760/660
f 1067/761/661 595/753/661 605/756/661 606/762/661
f 1072/763/662 1071/757/662 613/760/662 614/764/662
f 596/765/663 1067/761/663 606/762/663 607/766/663
f 592/767/664 591/768/664 600/769/664
f 599/770/665 1072/763/665 614/764/665
f 1068/771/666 596/765/666 607/766/666 608/772/666
f 1065/773/667 592/767/667 600/769/667 601/774/667
f 597/775/668 1068/771/668 608/772/668 609/776/668
f 593/777/669 1065/773/669 601/774/669 602/778/669
f 1069/779/670 597/775/670 609/776/670 610/780/670
f 594/781/671 593/777/671 602/778/671 603/782/671
f 598/783/672 1069/779/672 610/780/672 611/784/672
f 1066/754/673 594/781/673 603/782/673 604/755/673
f 1070/758/674 598/783/674 611/784/674 612/759/674
f 611/784/675 610/780/675 625/785/675 626/786/675
f 604/755/676 603/782/676 618/787/676 619/788/676
f 612/759/677 611/784/677 626/786/677 627/789/677
f 605/756/678 604/755/678 619/788/678 620/790/678
f 613/760/679 612/759/679 627/789/679 628/791/679
f 606/762/680 605/756/680 620/790/680 621/792/680
f 614/764/681 613/760/681 628/791/681 629/793/681
f 607/766/682 606/762/682 621/792/682 622/794/682
f 600/769/683 591/795/683 615/796/683
f 599/797/684 614/764/684 629/793/684
f 608/772/685 607/766/685 622/794/685 623/798/685
f 601/774/686 600/769/686 615/796/686 616/799/686
f 609/776/687 608/772/687 623/798/687 624/800/687
f 602/778/688 601/774/688 616/799/688 617/801/688
f 610/780/689 609/776/689 624/800/689 625/785/689
f 603/782/690 602/778/690 617/801/690 618/787/690
f 599/802/691 629/793/691 644/803/691
f 623/798/692 622/794/692 637/804/692 638/805/692
f 616/799/693 615/796/693 630/806/693 631/807/693
f 624/800/694 623/798/694 638/805/694 639/808/694
f 617/801/695 616/799/695 631/807/695 632/809/695
f 625/785/696 624/800/696 639/808/696 640/810/696
f 618/787/697 617/801/697 632/809/697 633/811/697
f 626/786/698 625/785/698 640/810/698 641/812/698
f 619/788/699 618/787/699 633/811/699 634/813/699
f 627/789/700 626/786/700 641/812/700 642/814/700
f 620/790/701 619/788/701 634/813/701 635/815/701
f 628/791/702 627/789/702 642/814/702 643/816/702
f 621/792/703 620/790/703 635/815/703 636/817/703
f 629/793/704 628/791/704 643/816/704 644/803/704
f 622/794/705 621/792/705 636/817/705 637/804/705
f 615/796/706 591/818/706 630/806/706
f 642/814/707 641/812/707 656/819/707 657/820/707
f 635/815/708 634/813/708 649/821/708 650/822/708
f 643/816/709 642/814/709 657/820/709 658/823/709
f 636/817/710 635/815/710 650/822/710 651/824/710
f 644/803/711 643/816/711 658/823/711 659/825/711
f 637/804/712 636/817/712 651/824/712 652/826/712
f 630/806/713 591/827/713 645/828/713
f 599/829/714 644/803/714 659/825/714
f 638/805/715 637/804/715 652/826/715 653/830/715
f 631/807/716 630/806/716 645/828/716 646/831/716
f 639/808/717 638/805/717 653/830/717 654/832/717
f 632/809/718 631/807/718 646/831/718 647/833/718
f 640/810/719 639/808/719 654/832/719 655/834/719
f 633/811/720 632/809/720 647/833/720 648/835/720
f 641/812/721 640/810/721 655/834/721 656/819/721
f 634/813/722 633/811/722 648/835/722 649/821/722
f 646/831/723 645/828/723 660/836/723 661/837/723
f 654/832/724 653/830/724 668/838/724 669/839/724
f 647/833/725 646/831/725 661/837/725 662/840/725
f 655/834/726 654/832/726 669/839/726 670/841/726
f 648/835/727 647/833/727 662/840/727 663/842/727
f 656/819/728 655/834/728 670/841/728 671/843/728
f 649/821/729 648/835/729 663/842/729 664/844/729
f 657/820/730 656/819/730 671/843/730 672/845/730
f 650/822/731 649/821/731 664/844/731 665/846/731
f 658/823/732 657/820/732 672/845/732 673/847/732
f 651/824/733 650/822/733 665/846/733 666/848/733
f 659/825/734 658/823/734 673/847/734 674/849/734
f 652/826/735 651/824/735 666/848/735 667/850/735
f 645/828/736 591/851/736 660/836/736
f 599/852/737 659/825/737 674/849/737
f 653/830/738 652/826/738 667/850/738 668/838/738
f 665/846/739 664/844/739 679/853/739 680/854/739
f 673/847/740 672/845/740 687/855/740 688/856/740
f 666/848/741 665/846/741 680/854/741 681/857/741
f 674/849/742 673/847/742 688/856/742 689/858/742
f 667/850/743 666/848/743 681/857/743 682/859/743
f 660/836/744 591/860/744 675/861/744
f 599/862/745 674/849/745 689/858/745
f 668/838/746 667/850/746 682/859/746 683/863/746
f 661/837/747 660/836/747 675/861/747 676/864/747
f 669/839/748 668/838/748 683/863/748 684/865/748
f 662/840/749 661/837/749 676/864/749 677/866/749
f 670/841/750 669/839/750 684/865/750 685/867/750
f 663/842/751 662/840/751 677/866/751 678/868/751
f 671/843/752 670/841/752 685/867/752 686/869/752
f 664/844/753 663/842/753 678/868/753 679/853/753
f 672/845/754 671/843/754 686/869/754 687/855/754
f 684/865/755 683/863/755 698/870/755 699/871/755
f 677/866/756 676/864/756 691/872/756 692/873/756
f 685/867/757 684/865/757 699/871/757 700/874/757
f 678/868/758 677/866/758 692/873/758 693/875/758
f 686/869/759 685/867/759 700/874/759 701/876/759
f 679/853/760 678/868/760 693/875/760 694/877/760
f 687/855/761 686/869/761 701/876/761 702/878/761
f 680/854/762 679/853/762 694/877/762 695/879/762
f 688/856/763 687/855/763 702/878/763 703/880/763
f 681/857/764 680/854/764 695/879/764 696/881/764
f 689/858/765 688/856/765 703/880/765 704/882/765
f 682/859/766 681/857/766 696/881/766 697/883/766
f 675/861/767 591/884/767 690/885/767
f 599/886/768 689/858/768 704/882/768
f 683/863/769 682/859/769 697/883/769 698/870/769
f 676/864/770 675/861/770 690/885/770 691/872/770
f 703/880/771 702/878/771 717/887/771 718/888/771
f 696/881/772 695/879/772 710/889/772 711/890/772
f 704/882/773 703/880/773 718/888/773 719/891/773
f 697/883/774 696/881/774 711/890/774 712/892/774
f 690/885/775 591/893/775 705/894/775
f 599/895/776 704/882/776 719/891/776
f 698/870/777 697/883/777 712/892/777 713/896/777
f 691/872/778 690/885/778 705/894/778 706/897/778
f 699/871/779 698/870/779 713/896/779 714/898/779
f 692/873/780 691/872/780 706/897/780 707/899/780
f 700/874/781 699/871/781 714/898/781 715/900/781
f 693/875/782 692/873/782 707/899/782 708/901/782
f 701/876/783 700/874/783 715/900/783 716/902/783
f 694/877/784 693/875/784 708/901/784 709/903/784
f 702/878/785 701/876/785 716/902/785 717/887/785
f 695/879/786 694/877/786 709/903/786 710/889/786
f 707/899/787 706/897/787 721/904/787 722/905/787
f 715/900/788 714/898/788 729/906/788 730/907/788
f 708/901/789 707/899/789 722/905/789 723/908/789
f 716/902/790 715/900/790 730/907/790 731/909/790
f 709/903/791 708/901/791 723/908/791 724/910/791
f 717/887/792 716/902/792 731/909/792 732/911/792
f 710/889/793 709/903/793 724/910/793 725/912/793
f 718/888/794 717/887/794 732/911/794 733/913/794
f 711/890/795 710/889/795 725/912/795 726/914/795
f 719/891/796 718/888/796 733/913/796 734/915/796
f 712/892/797 711/890/797 726/914/797 727/916/797
f 705/894/798 591/917/798 720/918/798
f 599/919/799 719/891/799 734/915/799
f 713/896/800 712/892/800 727/916/800 728/920/800
f 706/897/801 705/894/801 720/918/801 721/904/801
f 714/898/802 713/896/802 728/920/802 729/906/802
f 726/914/803 725/912/803 740/921/803 741/922/803
f 734/915/804 733/913/804 748/923/804 749/924/804
f 727/916/805 726/914/805 741/922/805 742/925/805
f 720/918/806 591/926/806 735/927/806
f 599/928/807 734/915/807 749/924/807
f 728/920/808 727/916/808 742/925/808 743/929/808
f 721/904/809 720/918/809 735/927/809 736/930/809
f 729/906/810 728/920/810 743/929/810 744/931/810
f 722/905/811 721/904/811 736/930/811 737/932/811
f 730/907/812 729/906/812 744/931/812 745/933/812
f 723/908/813 722/905/813 737/932/813 738/934/813
f 731/909/814 730/907/814 745/933/814 746/935/814
f 724/910/815 723/908/815 738/934/815 739/936/815
f 732/911/816 731/909/816 746/935/816 747/937/816
f 725/912/817 724/910/817 739/936/817 740/921/817
f 733/913/818 732/911/818 747/937/818 748/923/818
f 745/933/819 744/931/819 759/938/819 760/939/819
f 738/934/820 737/932/820 752/940/820 753/941/820
f 746/935/821 745/933/821 760/939/821 761/942/821
f 739/936/822 738/934/822 753/941/822 754/943/822
f 747/937/823 746/935/823 761/942/823 762/944/823
f 740/921/824 739/936/824 754/943/824 755/945/824
f 748/923/825 747/937/825 762/944/825 763/946/825
f 741/922/826 740/921/826 755/945/826 756/947/826
f 749/924/827 748/923/827 763/946/827 764/948/827
f 742/925/828 741/922/828 756/947/828 757/949/828
f 735/927/829 591/950/829 750/951/829
f 599/952/830 749/924/830 764/948/830
f 743/929/831 742/925/831 757/949/831 758/953/831
f 736/930/832 735/927/832 750/951/832 751/954/832
f 744/931/833 743/929/833 758/953/833 759/938/833
f 737/932/834 736/930/834 751/954/834 752/940/834
f 764/948/835 763/946/835 778/955/835 779/956/835
f 757/949/836 756/947/836 771/957/836 772/958/836
f 750/951/837 591/959/837 765/960/837
f 599/961/838 764/948/838 779/956/838
f 758/953/839 757/949/839 772/958/839 773/962/839
f 751/954/840 750/951/840 765/960/840 766/963/840
f 759/938/841 758/953/841 773/962/841 774/964/841
f 752/940/842 751/954/842 766/963/842 767/965/842
f 760/939/843 759/938/843 774/964/843 775/966/843
f 753/941/844 752/940/844 767/965/844 768/967/844
f 761/942/845 760/939/845 775/966/845 776/968/845
f 754/943/846 753/941/846 768/967/846 769/969/846
f 762/944/847 761/942/847 776/968/847 777/970/847
f 755/945/848 754/943/848 769/969/848 770/971/848
f 763/946/849 762/944/849 777/970/849 778/955/849
f 756/947/850 755/945/850 770/971/850 771/957/850
f 776/968/851 775/966/851 790/972/851 791/973/851
f 769/969/852 768/967/852 783/974/852 784/975/852
f 777/970/853 776/968/853 791/973/853 792/976/853
f 770/971/854 769/969/854 784/975/854 785/977/854
f 778/955/855 777/970/855 792/976/855 793/978/855
f 771/957/856 770/971/856 785/977/856 786/979/856
f 779/956/857 778/955/857 793/978/857 794/980/857
f 772/958/858 771/957/858 786/979/858 787/981/858
f 765/960/859 591/982/859 780/983/859
f 599/984/860 779/956/860 794/980/860
f 773/962/861 772/958/861 787/981/861 788/985/861
f 766/963/862 765/960/862 780/983/862 781/986/862
f 774/964/863 773/962/863 788/985/863 789/987/863
f 767/965/864 766/963/864 781/986/864 782/988/864
f 775/966/865 774/964/865 789/987/865 790/972/865
f 768/967/866 767/965/866 782/988/866 783/974/866
f 780/983/867 591/989/867 795/990/867
f 599/991/868 794/980/868 809/992/868
f 788/985/869 787/981/869 802/993/869 803/994/869
f 781/986/870 780/983/870 795/990/870 796/995/870
f 789/987/871 788/985/871 803/994/871 804/996/871
f 782/988/872 781/986/872 796/995/872 797/997/872
f 790/972/873 789/987/873 804/996/873 805/998/873
f 783/974/874 782/988/874 797/997/874 798/999/874
f 791/973/875 790/972/875 805/998/875 806/1000/875
f 784/975/876 783/974/876 798/999/876 799/1001/876
f 792/976/877 791/973/877 806/1000/877 807/1002/877
f 785/977/878 784/975/878 799/1001/878 800/1003/878
f 793/978/879 792/976/879 807/1002/879 808/1004/879
f 786/979/880 785/977/880 800/1003/880 801/1005/880
f 794/980/881 793/978/881 808/1004/881 809/992/881
f 787/981/882 786/979/882 801/1005/882 802/993/882
f 799/1001/883 798/999/883 813/1006/883 814/1007/883
f 807/1002/884 806/1000/884 821/1008/884 822/1009/884
f 800/1003/885 799/1001/885 814/1007/885 815/1010/885
f 808/1004/886 807/1002/886 822/1009/886 823/1011/886
f 801/1005/887 800/1003/887 815/1010/887 816/1012/887
f 809/992/888 808/1004/888 823/1011/888 824/1013/888
f 802/993/889 801/1005/889 816/1012/889 817/1014/889
f 795/990/890 591/1015/890 810/1016/890
f 599/1017/891 809/992/891 824/1013/891
f 803/994/892 802/993/892 817/1014/892 818/1018/892
f 796/995/893 795/990/893 810/1016/893 811/1019/893
f 804/996/894 803/994/894 818/1018/894 819/1020/894
f 797/997/895 796/995/895 811/1019/895 812/1021/895
f 805/998/896 804/996/896 819/1020/896 820/1022/896
f 798/999/897 797/997/897 812/1021/897 813/1006/897
f 806/1000/898 805/998/898 820/1022/898 821/1008/898
f 818/1018/899 817/1014/899 832/1023/899 833/1024/899
f 811/1019/900 810/1016/900 825/1025/900 826/1026/900
f 819/1020/901 818/1018/901 833/1024/901 834/1027/901
f 812/1021/902 811/1019/902 826/1026/902 827/1028/902
f 820/1022/903 819/1020/903 834/1027/903 835/1029/903
f 813/1006/904 812/1021/904 827/1028/904 828/1030/904
f 821/1008/905 820/1022/905 835/1029/905 836/1031/905
f 814/1007/906 813/1006/906 828/1030/906 829/1032/906
f 822/1009/907 821/1008/907 836/1031/907 837/1033/907
f 815/1010/908 814/1007/908 829/1032/908 830/1034/908
f 823/1011/909 822/1009/909 837/1033/909 838/1035/909
f 816/1012/910 815/1010/910 830/1034/910 831/1036/910
f 824/1013/911 823/1011/911 838/1035/911 839/1037/911
f 817/1014/912 816/1012/912 831/1036/912 832/1023/912
f 810/1016/913 591/1038/913 825/1025/913
f 599/1039/914 824/1013/914 839/1037/914
f 837/1033/915 836/1031/915 851/1040/915 852/1041/915
f 830/1034/916 829/1032/916 844/1042/916 845/1043/916
f 838/1035/917 837/1033/917 852/1041/917 853/1044/917
f 831/1036/918 830/1034/918 845/1043/918 846/1045/918
f 839/1037/919 838/1035/919 853/1044/919 854/1046/919
f 832/1023/920 831/1036/920 846/1045/920 847/1047/920
f 825/1025/921 591/1048/921 840/1049/921
f 599/1050/922 839/1037/922 854/1046/922
f 833/1024/923 832/1023/923 847/1047/923 848/1051/923
f 826/1026/924 825/1025/924 840/1049/924 841/1052/924
f 834/1027/925 833/1024/925 848/1051/925 849/1053/925
f 827/1028/926 826/1026/926 841/1052/926 842/1054/926
f 835/1029/927 834/1027/927 849/1053/927 850/1055/927
f 828/1030/928 827/1028/928 842/1054/928 843/1056/928
f 836/1031/929 835/1029/929 850/1055/929 851/1040/929
f 829/1032/930 828/1030/930 843/1056/930 844/1042/930
f 841/1052/931 840/1049/931 855/1057/931 856/1058/931
f 849/1053/932 848/1051/932 863/1059/932 864/1060/932
f 842/1054/933 841/1052/933 856/1058/933 857/1061/933
f 850/1055/934 849/1053/934 864/1060/934 865/1062/934
f 843/1056/935 842/1054/935 857/1061/935 858/1063/935
f 851/1040/936 850/1055/936 865/1062/936 866/1064/936
f 844/1042/937 843/1056/937 858/1063/937 859/1065/937
f 852/1041/938 851/1040/938 866/1064/938 867/1066/938
f 845/1043/939 844/1042/939 859/1065/939 860/1067/939
f 853/1044/940 852/1041/940 867/1066/940 868/1068/940
f 846/1045/941 845/1043/941 860/1067/941 861/1069/941
f 854/1046/942 853/1044/942 868/1068/942 869/1070/942
f 847/1047/943 846/1045/943 861/1069/943 862/1071/943
f 840/1049/944 591/1072/944 855/1057/944
f 599/1073/945 854/1046/945 869/1070/945
f 848/1051/946 847/1047/946 862/1071/946 863/1059/946
f 860/1067/947 859/1065/947 874/1074/947 875/1075/947
f 868/1068/948 867/1066/948 882/1076/948 883/1077/948
f 861/1069/949 860/1067/949 875/1075/949 876/1078/949
f 869/1070/950 868/1068/950 883/1077/950 884/1079/950
f 862/1071/951 861/1069/951 876/1078/951 877/1080/951
f 855/1057/952 591/1081/952 870/1082/952
f 599/1083/953 869/1070/953 884/1079/953
f 863/1059/954 862/1071/954 877/1080/954 878/1084/954
f 856/1058/955 855/1057/955 870/1082/955 871/1085/955
f 864/1060/956 863/1059/956 878/1084/956 879/1086/956
f 857/1061/957 856/1058/957 871/1085/957 872/1087/957
f 865/1062/958 864/1060/958 879/1086/958 880/1088/958
f 858/1063/959 857/1061/959 872/1087/959 873/1089/959
f 866/1064/960 865/1062/960 880/1088/960 881/1090/960
f 859/1065/961 858/1063/961 873/1089/961 874/1074/961
f 867/1066/962 866/1064/962 881/1090/962 882/1076/962
f 879/1086/963 878/1084/963 893/1091/963 894/1092/963
f 872/1087/964 871/1085/964 886/1093/964 887/1094/964
f 880/1088/965 879/1086/965 894/1092/965 895/1095/965
f 873/1089/966 872/1087/966 887/1094/966 888/1096/966
f 881/1090/967 880/1088/967 895/1095/967 896/1097/967
f 874/1074/968 873/1089/968 888/1096/968 889/1098/968
f 882/1076/969 881/1090/969 896/1097/969 897/1099/969
f 875/1075/970 874/1074/970 889/1098/970 890/1100/970
f 883/1077/971 882/1076/971 897/1099/971 898/1101/971
f 876/1078/972 875/1075/972 890/1100/972 891/1102/972
f 884/1079/973 883/1077/973 898/1101/973 899/1103/973
f 877/1080/974 876/1078/974 891/1102/974 892/1104/974
f 870/1082/975 591/1105/975 885/1106/975
f 599/1107/976 884/1079/976 899/1103/976
f 878/1084/977 877/1080/977 892/1104/977 893/1091/977
f 871/1085/978 870/1082/978 885/1106/978 886/1093/978
f 898/1101/979 897/1099/979 912/1108/979 913/1109/979
f 891/1102/980 890/1100/980 905/1110/980 906/1111/980
f 899/1103/981 898/1101/981 913/1109/981 914/1112/981
f 892/1104/982 891/1102/982 906/1111/982 907/1113/982
f 885/1106/983 591/1114/983 900/1115/983
f 599/1116/984 899/1103/984 914/1112/984
f 893/1091/985 892/1104/985 907/1113/985 908/1117/985
f 886/1093/986 885/1106/986 900/1115/986 901/1118/986
f 894/1092/987 893/1091/987 908/1117/987 909/1119/987
f 887/1094/988 886/1093/988 901/1118/988 902/1120/988
f 895/1095/989 894/1092/989 909/1119/989 910/1121/989
f 888/1096/990 887/1094/990 902/1120/990 903/1122/990
f 896/1097/991 895/1095/991 910/1121/991 911/1123/991
f 889/1098/992 888/1096/992 903/1122/992 904/1124/992
f 897/1099/993 896/1097/993 911/1123/993 912/1108/993
f 890/1100/994 889/1098/994 904/1124/994 905/1110/994
f 910/1121/995 909/1119/995 924/1125/995 925/1126/995
f 903/1122/996 902/1120/996 917/1127/996 918/1128/996
f 911/1123/997 910/1121/997 925/1126/997 926/1129/997
f 904/1124/998 903/1122/998 918/1128/998 919/1130/998
f 912/1108/999 911/1123/999 926/1129/999 927/1131/999
f 905/1110/1000 904/1124/1000 919/1130/1000 920/1132/1000
f 913/1109/1001 912/1108/1001 927/1131/1001 928/1133/1001
f 906/1111/1002 905/1110/1002 920/1132/1002 921/1134/1002
f 914/1112/1003 913/1109/1003 928/1133/1003 929/1135/1003
f 907/1113/1004 906/1111/1004 921/1134/1004 922/1136/1004
f 900/1115/1005 591/1137/1005 915/1138/1005
f 599/1139/1006 914/1112/1006 929/1135/1006
f 908/1117/1007 907/1113/1007 922/1136/1007 923/1140/1007
f 901/1118/1008 900/1115/1008 915/1138/1008 916/1141/1008
f 909/1119/1009 908/1117/1009 923/1140/1009 924/1125/1009
f 902/1120/1010 901/1118/1010 916/1141/1010 917/1127/1010
f 929/1135/1011 928/1133/1011 943/1142/1011 944/1143/1011
f 922/1136/1012 921/1134/1012 936/1144/1012 937/1145/1012
f 915/1138/1013 591/1146/1013 930/1147/1013
f 599/1148/1014 929/1135/1014 944/1143/1014
f 923/1140/1015 922/1136/1015 937/1145/1015 938/1149/1015
f 916/1141/1016 915/1138/1016 930/1147/1016 931/1150/1016
f 924/1125/1017 923/1140/1017 938/1149/1017 939/1151/1017
f 917/1127/1018 916/1141/1018 931/1150/1018 932/1152/1018
f 925/1126/1019 924/1125/1019 939/1151/1019 940/1153/1019
f 918/1128/1020 917/1127/1020 932/1152/1020 933/1154/1020
f 926/1129/1021 925/1126/1021 940/1153/1021 941/1155/1021
f 919/1130/1022 918/1128/1022 933/1154/1022 934/1156/1022
f 927/1131/1023 926/1129/1023 941/1155/1023 942/1157/1023
f 920/1132/1024 919/1130/1024 934/1156/1024 935/1158/1024
f 928/1133/1025 927/1131/1025 942/1157/1025 943/1142/1025
f 921/1134/1026 920/1132/1026 935/1158/1026 936/1144/1026
f 933/1154/1027 932/1152/1027 947/1159/1027 948/1160/1027
f 941/1155/1028 940/1153/1028 955/1161/1028 956/1162/1028
f 934/1156/1029 933/1154/1029 948/1160/1029 949/1163/1029
f 942/1157/1030 941/1155/1030 956/1162/1030 957/1164/1030
f 935/1158/1031 934/1156/1031 949/1163/1031 950/1165/1031
f 943/1142/1032 942/1157/1032 957/1164/1032 958/1166/1032
f 936/1144/1033 935/1158/1033 950/1165/1033 951/1167/1033
f 944/1143/1034 943/1142/1034 958/1166/1034 959/1168/1034
f 937/1145/1035 936/1144/1035 951/1167/1035 952/1169/1035
f 930/1147/1036 591/1170/1036 945/1171/1036
f 599/1172/1037 944/1143/1037 959/1168/1037
f 938/1149/1038 937/1145/1038 952/1169/1038 953/1173/1038
f 931/1150/1039 930/1147/1039 945/1171/1039 946/1174/1039
f 939/1151/1040 938/1149/1040 953/1173/1040 954/1175/1040
f 932/1152/1041 931/1150/1041 946/1174/1041 947/1159/1041
f 940/1153/1042 939/1151/1042 954/1175/1042 955/1161/1042
f 952/1176/1043 951/1177/1043 966/1178/1043 967/1179/1043
f 945/1180/1044 591/1181/1044 960/1182/1044
f 599/1183/1045 959/1184/1045 974/1185/1045
f 953/1186/1046 952/1176/1046 967/1179/1046 968/1187/1046
f 946/1188/1047 945/1180/1047 960/1182/1047 961/1189/1047
f 954/1190/1048 953/1186/1048 968/1187/1048 969/1191/1048
f 947/1192/1049 946/1188/1049 961/1189/1049 962/1193/1049
f 955/1194/1050 954/1190/1050 969/1191/1050 970/1195/1050
f 948/1196/1051 947/1192/1051 962/1193/1051 963/1197/1051
f 956/1198/1052 955/1194/1052 970/1195/1052 971/1199/1052
f 949/1200/1053 948/1196/1053 963/1197/1053 964/1201/1053
f 957/1202/1054 956/1198/1054 971/1199/1054 972/1203/1054
f 950/1204/1055 949/1200/1055 964/1201/1055 965/1205/1055
f 958/1206/1056 957/1202/1056 972/1203/1056 973/1207/1056
f 951/1177/1057 950/1204/1057 965/1205/1057 966/1178/1057
f 959/1184/1058 958/1206/1058 973/1207/1058 974/1185/1058
f 971/1199/1059 970/1195/1059 985/1208/1059 986/1209/1059
f 964/1201/1060 963/1197/1060 978/1210/1060 979/1211/1060
f 972/1203/1061 971/1199/1061 986/1209/1061 987/1212/1061
f 965/1205/1062 964/1201/1062 979/1211/1062 980/1213/1062
f 973/1207/1063 972/1203/1063 987/1212/1063 988/1214/1063
f 966/1178/1064 965/1205/1064 980/1213/1064 981/1215/1064
f 974/1185/1065 973/1207/1065 988/1214/1065 989/1216/1065
f 967/1179/1066 966/1178/1066 981/1215/1066 982/1217/1066
f 960/1182/1067 591/1218/1067 975/1219/1067
f 599/1220/1068 974/1185/1068 989/1216/1068
f 968/1187/1069 967/1179/1069 982/1217/1069 983/1221/1069
f 961/1189/1070 960/1182/1070 975/1219/1070 976/1222/1070
f 969/1191/1071 968/1187/1071 983/1221/1071 984/1223/1071
f 962/1193/1072 961/1189/1072 976/1222/1072 977/1224/1072
f 970/1195/1073 969/1191/1073 984/1223/1073 985/1208/1073
f 963/1197/1074 962/1193/1074 977/1224/1074 978/1210/1074
f 975/1219/1075 591/1225/1075 990/1226/1075
f 599/1227/1076 989/1216/1076 1004/1228/1076
f 983/1221/1077 982/1217/1077 997/1229/1077 998/1230/1077
f 976/1222/1078 975/1219/1078 990/1226/1078 991/1231/1078
f 984/1223/1079 983/1221/1079 998/1230/1079 999/1232/1079
f 977/1224/1080 976/1222/1080 991/1231/1080 992/1233/1080
f 985/1208/1081 984/1223/1081 999/1232/1081 1000/1234/1081
f 978/1210/1082 977/1224/1082 992/1233/1082 993/1235/1082
f 986/1209/1083 985/1208/1083 1000/1234/1083 1001/1236/1083
f 979/1211/1084 978/1210/1084 993/1235/1084 994/1237/1084
f 987/1212/1085 986/1209/1085 1001/1236/1085 1002/1238/1085
f 980/1213/1086 979/1211/1086 994/1237/1086 995/1239/1086
f 988/1214/1087 987/1212/1087 1002/1238/1087 1003/1240/1087
f 981/1215/1088 980/1213/1088 995/1239/1088 996/1241/1088
f 989/1216/1089 988/1214/1089 1003/1240/1089 1004/1228/1089
f 982/1217/1090 981/1215/1090 996/1241/1090 997/1229/1090
f 994/1237/1091 993/1235/1091 1008/1242/1091 1009/1243/1091
f 1002/1238/1092 1001/1236/1092 1016/1244/1092 1017/1245/1092
f 995/1239/1093 994/1237/1093 1009/1243/1093 1010/1246/1093
f 1003/1240/1094 1002/1238/1094 1017/1245/1094 1018/1247/1094
f 996/1241/1095 995/1239/1095 1010/1246/1095 1011/1248/1095
f 1004/1228/1096 1003/1240/1096 1018/1247/1096 1019/1249/1096
f 997/1229/1097 996/1241/1097 1011/1248/1097 1012/1250/1097
f 990/1226/1098 591/1251/1098 1005/1252/1098
f 599/1253/1099 1004/1228/1099 1019/1249/1099
f 998/1230/1100 997/1229/1100 1012/1250/1100 1013/1254/1100
f 991/1231/1101 990/1226/1101 1005/1252/1101 1006/1255/1101
f 999/1232/1102 998/1230/1102 1013/1254/1102 1014/1256/1102
f 992/1233/1103 991/1231/1103 1006/1255/1103 1007/1257/1103
f 1000/1234/1104 999/1232/1104 1014/1256/1104 1015/1258/1104
f 993/1235/1105 992/1233/1105 1007/1257/1105 1008/1242/1105
f 1001/1236/1106 1000/1234/1106 1015/1258/1106 1016/1244/1106
f 1013/1254/1107 1012/1250/1107 1027/1259/1107 1028/1260/1107
f 1006/1255/1108 1005/1252/1108 1020/1261/1108 1021/1262/1108
f 1014/1256/1109 1013/1254/1109 1028/1260/1109 1029/1263/1109
f 1007/1257/1110 1006/1255/1110 1021/1262/1110 1022/1264/1110
f 1015/1258/1111 1014/1256/1111 1029/1263/1111 1030/1265/1111
f 1008/1242/1112 1007/1257/1112 1022/1264/1112 1023/1266/1112
f 1016/1244/1113 1015/1258/1113 1030/1265/1113 1031/1267/1113
f 1009/1243/1114 1008/1242/1114 1023/1266/1114 1024/1268/1114
f 1017/1245/1115 1016/1244/1115 1031/1267/1115 1032/1269/1115
f 1010/1246/1116 1009/1243/1116 1024/1268/1116 1025/1270/1116
f 1018/1247/1117 1017/1245/1117 1032/1269/1117 1033/1271/1117
f 1011/1248/1118 1010/1246/1118 1025/1270/1118 1026/1272/1118
f 1019/1249/1119 1018/1247/1119 1033/1271/1119 1034/1273/1119
f 1012/1250/1120 1011/1248/1120 1026/1272/1120 1027/1259/1120
f 1005/1252/1121 591/1274/1121 1020/1261/1121
f 599/1275/1122 1019/1249/1122 1034/1273/1122
f 1032/1269/1123 1031/1267/1123 1046/1276/1123 1047/1277/1123
f 1025/1270/1124 1024/1268/1124 1039/1278/1124 1040/1279/1124
f 1033/1271/1125 1032/1269/1125 1047/1277/1125 1048/1280/1125
f 1026/1272/1126 1025/1270/1126 1040/1279/1126 1041/1281/1126
f 1034/1273/1127 1033/1271/1127 1048/1280/1127 1049/1282/1127
f 1027/1259/1128 1026/1272/1128 1041/1281/1128 1042/1283/1128
f 1020/1261/1129 591/1284/1129 1035/1285/1129
f 599/1286/1130 1034/1273/1130 1049/1282/1130
f 1028/1260/1131 1027/1259/1131 1042/1283/1131 1043/1287/1131
f 1021/1262/1132 1020/1261/1132 1035/1285/1132 1036/1288/1132
f 1029/1263/1133 1028/1260/1133 1043/1287/1133 1044/1289/1133
f 1022/1264/1134 1021/1262/1134 1036/1288/1134 1037/1290/1134
f 1030/1265/1135 1029/1263/1135 1044/1289/1135 1045/1291/1135
f 1023/1266/1136 1022/1264/1136 1037/1290/1136 1038/1292/1136
f 1031/1267/1137 1030/1265/1137 1045/1291/1137 1046/1276/1137
f 1024/1268/1138 1023/1266/1138 1038/1292/1138 1039/1278/1138
f 1044/1289/1139 1043/1287/1139 1058/1293/1139 1059/1294/1139
f 1037/1290/1140 1036/1288/1140 1051/1295/1140 1052/1296/1140
f 1045/1291/1141 1044/1289/1141 1059/1294/1141 1060/1297/1141
f 1038/1292/1142 1037/1290/1142 1052/1296/1142 1053/1298/1142
f 1046/1276/1143 1045/1291/1143 1060/1297/1143 1061/1299/1143
f 1039/1278/1144 1038/1292/1144 1053/1298/1144 1054/1300/1144
f 1047/1277/1145 1046/1276/1145 1061/1299/1145 1062/1301/1145
f 1040/1279/1146 1039/1278/1146 1054/1300/1146 1055/1302/1146
f 1048/1280/1147 1047/1277/1147 1062/1301/1147 1063/1303/1147
f 1041/1281/1148 1040/1279/1148 1055/1302/1148 1056/1304/1148
f 1049/1282/1149 1048/1280/1149 1063/1303/1149 1064/1305/1149
f 1042/1283/1150 1041/1281/1150 1056/1304/1150 1057/1306/1150
f 1035/1285/1151 591/1307/1151 1050/1308/1151
f 599/1309/1152 1049/1282/1152 1064/1305/1152
f 1043/1287/1153 1042/1283/1153 1057/1306/1153 1058/1293/1153
f 1036/1288/1154 1035/1285/1154 1050/1308/1154 1051/1295/1154
f 1063/1303/1155 1062/1301/1155 1070/758/1155 1071/757/1155
f 1056/1304/1156 1055/1302/1156 595/753/1156 1067/761/1156
f 1064/1305/1157 1063/1303/1157 1071/757/1157 1072/763/1157
f 1057/1306/1158 1056/1304/1158 1067/761/1158 596/765/1158
f 1050/1308/1159 591/1310/1159 592/767/1159
f 599/1311/1160 1064/1305/1160 1072/763/1160
f 1058/1293/1161 1057/1306/1161 596/765/1161 1068/771/1161
f 1051/1295/1162 1050/1308/1162 592/767/1162 1065/773/1162
f 1059/1294/1163 1058/1293/1163 1068/771/1163 597/775/1163
f 1052/1296/1164 1051/1295/1164 1065/773/1164 593/777/1164
f 1060/1297/1165 1059/1294/1165 597/775/1165 1069/779/1165
f 1053/1298/1166 1052/1296/1166 593/777/1166 594/781/1166
f 1061/1299/1167 1060/1297/1167 1069/779/1167 598/783/1167
f 1054/1300/1168 1053/1298/1168 594/781/1168 1066/754/1168
f 1062/1301/1169 1061/1299/1169 598/783/1169 1070/758/1169
f 1055/1302/1170 1054/1300/1170 1066/754/1170 595/753/1170
o Cylinder
v 0.614542 0.204500 0.001607
v 0.460633 1.050223 0.268185
v 0.627336 0.203974 0.010662
v 0.473427 1.049698 0.277240
v 0.638194 0.202417 0.021870
v 0.484285 1.048141 0.288448
v 0.646699 0.199889 0.034802
v 0.492790 1.045612 0.301380
v 0.652523 0.196486 0.048960
v 0.498614 1.042209 0.315538
v 0.655443 0.192340 0.063800
v 0.501534 1.038063 0.330378
v 0.655347 0.187609 0.078752
v 0.501438 1.033333 0.345330
v 0.652238 0.182476 0.093241
v 0.498329 1.028200 0.359819
v 0.646237 0.177138 0.106711
v 0.492328 1.022862 0.373289
v 0.637572 0.171800 0.118643
v 0.483663 1.017524 0.385222
v 0.626579 0.166668 0.128580
v 0.472670 1.012391 0.395158
v 0.613678 0.161937 0.136139
v 0.459769 1.007660 0.402718
v 0.599366 0.157791 0.141030
v 0.445457 1.003514 0.407609
v 0.584193 0.154388 0.143065
v 0.430283 1.000111 0.409644
v 0.568741 0.151860 0.142166
v 0.414832 0.997583 0.408745
v 0.553605 0.150302 0.138367
v 0.399696 0.996026 0.404946
v 0.539367 0.149777 0.131815
v 0.385458 0.995500 0.398393
v 0.526573 0.150302 0.122760
v 0.372664 0.996026 0.389338
v 0.515715 0.151860 0.111552
v 0.361806 0.997583 0.378130
v 0.507210 0.154388 0.098620
v 0.353301 1.000111 0.365198
v 0.501386 0.157791 0.084462
v 0.347477 1.003514 0.351040
v 0.498466 0.161937 0.069622
v 0.344557 1.007660 0.336200
v 0.498562 0.166668 0.054670
v 0.344653 1.012391 0.321248
v 0.501671 0.171800 0.040181
v 0.347762 1.017524 0.306759
v 0.507672 0.177138 0.026711
v 0.353763 1.022862 0.293289
v 0.516337 0.182476 0.014778
v 0.362428 1.028200 0.281357
v 0.527331 0.187609 0.004842
v 0.373421 1.033333 0.271420
v 0.540231 0.192340 -0.002718
v 0.386322 1.038063 0.263861
v 0.554543 0.196486 -0.007609
v 0.400634 1.042209 0.258970
v 0.569717 0.199889 -0.009644
v 0.415807 1.045612 0.256935
v 0.585168 0.202417 -0.008745
v 0.431259 1.048141 0.257834
v 0.600304 0.203974 -0.004946
v 0.446395 1.049698 0.261633
vn 0.5525 0.3404 -0.7609
vn 0.7010 0.3273 -0.6336
vn 0.8226 0.3016 -0.4820
vn 0.9126 0.2644 -0.3119
vn 0.9675 0.2170 -0.1298
vn 0.9853 0.1612 0.0573
vn 0.9651 0.0993 0.2422
vn 0.9079 0.0335 0.4178
vn 0.8158 -0.0335 0.5774
vn 0.6923 -0.0993 0.7147
vn 0.5423 -0.1612 0.8246
vn 0.3714 -0.2170 0.9028
vn 0.1862 -0.2644 0.9463
vn -0.0061 -0.3016 0.9534
vn -0.1982 -0.3273 0.9239
vn -0.3827 -0.3404 0.8589
vn -0.5525 -0.3404 0.7609
vn -0.7010 -0.3273 0.6336
vn -0.8226 -0.3016 0.4820
vn -0.9126 -0.2644 0.3119
vn -0.9675 -0.2170 0.1298
vn -0.9853 -0.1612 -0.0573
vn -0.9651 -0.0993 -0.2422
vn -0.9079 -0.0335 -0.4178
vn -0.8158 0.0335 -0.5774
vn -0.6923 0.0993 -0.7147
vn -0.5423 0.1612 -0.8246
vn -0.3714 0.2170 -0.9028
vn -0.1862 0.2644 -0.9463
vn 0.0061 0.3016 -0.9534
vn -0.1710 0.9397 0.2962
vn 0.1982 0.3273 -0.9239
vn 0.3827 0.3404 -0.8589
vn 0.1710 -0.9397 -0.2962
vt 1.000000 0.500000
vt 1.000000 1.000000
vt 0.968750 1.000000
vt 0.968750 0.500000
vt 0.937500 1.000000
vt 0.937500 0.500000
vt 0.906250 1.000000
vt 0.906250 0.500000
vt 0.875000 1.000000
vt 0.875000 0.500000
vt 0.843750 1.000000
vt 0.843750 0.500000
vt 0.812500 1.000000
vt 0.812500 0.500000
vt 0.781250 1.000000
vt 0.781250 0.500000
vt 0.750000 1.000000
vt 0.750000 0.500000
vt 0.718750 1.000000
vt 0.718750 0.500000
vt 0.687500 1.000000
vt 0.687500 0.500000
vt 0.656250 1.000000
vt 0.656250 0.500000
vt 0.625000 1.000000
vt 0.625000 0.500000
vt 0.593750 1.000000
vt 0.593750 0.500000
vt 0.562500 1.000000
vt 0.562500 0.500000
vt 0.531250 1.000000
vt 0.531250 0.500000
vt 0.500000 1.000000
vt 0.500000 0.500000
vt 0.468750 1.000000
vt 0.468750 0.500000
vt 0.437500 1.000000
vt 0.437500 0.500000
vt 0.406250 1.000000
vt 0.406250 0.500000
vt 0.375000 1.000000
vt 0.375000 0.500000
vt 0.343750 1.000000
vt 0.343750 0.500000
vt 0.312500 1.000000
vt 0.312500 0.500000
vt 0.281250 1.000000
vt 0.281250 0.500000
vt 0.250000 1.000000
vt 0.250000 0.500000
vt 0.218750 1.000000
vt 0.218750 0.500000
vt 0.187500 1.000000
vt 0.187500 0.500000
vt 0.156250 1.000000
vt 0.156250 0.500000
vt 0.125000 1.000000
vt 0.125000 0.500000
vt 0.093750 1.000000
vt 0.093750 0.500000
vt 0.062500 1.000000
vt 0.062500 0.500000
vt 0.296822 0.485388
vt 0.250000 0.490000
vt 0.203178 0.485388
vt 0.158156 0.471731
vt 0.116663 0.449553
vt 0.080294 0.419706
vt 0.050447 0.383337
vt 0.028269 0.341844
vt 0.014612 0.296822
vt 0.010000 0.250000
vt 0.014612 0.203178
vt 0.028269 0.158156
vt 0.050447 0.116663
vt 0.080294 0.080294
vt 0.116663 0.050447
vt 0.158156 0.028269
vt 0.203178 0.014612
vt 0.250000 0.010000
vt 0.296822 0.014612
vt 0.341844 0.028269
vt 0.383337 0.050447
vt 0.419706 0.080294
vt 0.449553 0.116663
vt 0.471731 0.158156
vt 0.485388 0.203178
vt 0.490000 0.250000
vt 0.485388 0.296822
vt 0.471731 0.341844
vt 0.449553 0.383337
vt 0.419706 0.419706
vt 0.383337 0.449553
vt 0.341844 0.471731
vt 0.031250 1.000000
vt 0.031250 0.500000
vt 0.000000 1.000000
vt 0.000000 0.500000
vt 0.750000 0.490000
vt 0.796822 0.485388
vt 0.841844 0.471731
vt 0.883337 0.449553
vt 0.919706 0.419706
vt 0.949553 0.383337
vt 0.971731 0.341844
vt 0.985388 0.296822
vt 0.990000 0.250000
vt 0.985388 0.203178
vt 0.971731 0.158156
vt 0.949553 0.116663
vt 0.919706 0.080294
vt 0.883337 0.050447
vt 0.841844 0.028269
vt 0.796822 0.014612
vt 0.750000 0.010000
vt 0.703178 0.014612
vt 0.658156 0.028269
vt 0.616663 0.050447
vt 0.580294 0.080294
vt 0.550447 0.116663
vt 0.528269 0.158156
vt 0.514612 0.203178
vt 0.510000 0.250000
vt 0.514612 0.296822
vt 0.528269 0.341844
vt 0.550447 0.383337
vt 0.580294 0.419706
vt 0.616663 0.449553
vt 0.658156 0.471731
vt 0.703178 0.485388
s 0
usemtl Mat_Wood
f 1073/1312/1171 1074/1313/1171 1076/1314/1171 1075/1315/1171
f 1075/1315/1172 1076/1314/1172 1078/1316/1172 1077/1317/1172
f 1077/1317/1173 1078/1316/1173 1080/1318/1173 1079/1319/1173
f 1079/1319/1174 1080/1318/1174 1082/1320/1174 1081/1321/1174
f 1081/1321/1175 1082/1320/1175 1084/1322/1175 1083/1323/1175
f 1083/1323/1176 1084/1322/1176 1086/1324/1176 1085/1325/1176
f 1085/1325/1177 1086/1324/1177 1088/1326/1177 1087/1327/1177
f 1087/1327/1178 1088/1326/1178 1090/1328/1178 1089/1329/1178
f 1089/1329/1179 1090/1328/1179 1092/1330/1179 1091/1331/1179
f 1091/1331/1180 1092/1330/1180 1094/1332/1180 1093/1333/1180
f 1093/1333/1181 1094/1332/1181 1096/1334/1181 1095/1335/1181
f 1095/1335/1182 1096/1334/1182 1098/1336/1182 1097/1337/1182
f 1097/1337/1183 1098/1336/1183 1100/1338/1183 1099/1339/1183
f 1099/1339/1184 1100/1338/1184 1102/1340/1184 1101/1341/1184
f 1101/1341/1185 1102/1340/1185 1104/1342/1185 1103/1343/1185
f 1103/1343/1186 1104/1342/1186 1106/1344/1186 1105/1345/1186
f 1105/1345/1187 1106/1344/1187 1108/1346/1187 1107/1347/1187
f 1107/1347/1188 1108/1346/1188 1110/1348/1188 1109/1349/1188
f 1109/1349/1189 1110/1348/1189 1112/1350/1189 1111/1351/1189
f 1111/1351/1190 1112/1350/1190 1114/1352/1190 1113/1353/1190
f 1113/1353/1191 1114/1352/1191 1116/1354/1191 1115/1355/1191
f 1115/1355/1192 1116/1354/1192 1118/1356/1192 1117/1357/1192
f 1117/1357/1193 1118/1356/1193 1120/1358/1193 1119/1359/1193
f 1119/1359/1194 1120/1358/1194 1122/1360/1194 1121/1361/1194
f 1121/1361/1195 1122/1360/1195 1124/1362/1195 1123/1363/1195
f 1123/1363/1196 1124/1362/1196 1126/1364/1196 1125/1365/1196
f 1125/1365/1197 1126/1364/1197 1128/1366/1197 1127/1367/1197
f 1127/1367/1198 1128/1366/1198 1130/1368/1198 1129/1369/1198
f 1129/1369/1199 1130/1368/1199 1132/1370/1199 1131/1371/1199
f 1131/1371/1200 1132/1370/1200 1134/1372/1200 1133/1373/1200
f 1076/1374/1201 1074/1375/1201 1136/1376/1201 1134/1377/1201 1132/1378/1201 1130/1379/1201 1128/1380/1201 1126/1381/1201 1124/1382/1201 1122/1383/1201 1120/1384/1201 1118/1385/1201 1116/1386/1201 1114/1387/1201 1112/1388/1201 1110/1389/1201 1108/1390/1201 1106/1391/1201 1104/1392/1201 1102/1393/1201 1100/1394/1201 1098/1395/1201 1096/1396/1201 1094/1397/1201 1092/1398/1201 1090/1399/1201 1088/1400/1201 1086/1401/1201 1084/1402/1201 1082/1403/1201 1080/1404/1201 1078/1405/1201
f 1133/1373/1202 1134/1372/1202 1136/1406/1202 1135/1407/1202
f 1135/1407/1203 1136/1406/1203 1074/1408/1203 1073/1409/1203
f 1073/1410/1204 1075/1411/1204 1077/1412/1204 1079/1413/1204 1081/1414/1204 1083/1415/1204 1085/1416/1204 1087/1417/1204 1089/1418/1204 1091/1419/1204 1093/1420/1204 1095/1421/1204 1097/1422/1204 1099/1423/1204 1101/1424/1204 1103/1425/1204 1105/1426/1204 1107/1427/1204 1109/1428/1204 1111/1429/1204 1113/1430/1204 1115/1431/1204 1117/1432/1204 1119/1433/1204 1121/1434/1204 1123/1435/1204 1125/1436/1204 1127/1437/1204 1129/1438/1204 1131/1439/1204 1133/1440/1204 1135/1441/1204
