# Blender 5.2.1 LTS
# www.blender.org
mtllib angel.mtl
o Halo_Ring
v 0.000000 1.355704 0.047628
v 0.000000 1.347940 0.076605
v 0.091844 1.338058 0.042899
v 0.091844 1.330293 0.071877
v 0.169706 1.287805 0.029434
v 0.169706 1.280041 0.058412
v 0.221731 1.212597 0.009282
v 0.221731 1.204832 0.038260
v 0.240000 1.123882 -0.014489
v 0.240000 1.116118 0.014489
v 0.221731 1.035168 -0.038260
v 0.221731 1.027403 -0.009282
v 0.169706 0.959959 -0.058412
v 0.169706 0.952195 -0.029434
v 0.091844 0.909707 -0.071877
v 0.091844 0.901942 -0.042899
v 0.000000 0.892060 -0.076605
v 0.000000 0.884296 -0.047628
v -0.091844 0.909707 -0.071877
v -0.091844 0.901942 -0.042899
v -0.169706 0.959959 -0.058412
v -0.169706 0.952195 -0.029434
v -0.221731 1.035168 -0.038260
v -0.221731 1.027403 -0.009282
v -0.240000 1.123882 -0.014489
v -0.240000 1.116118 0.014489
v -0.221731 1.212597 0.009282
v -0.221731 1.204832 0.038260
v -0.169706 1.287805 0.029434
v -0.169706 1.280041 0.058412
v -0.091844 1.338058 0.042899
v -0.091844 1.330293 0.071877
vn 0.1951 0.9474 0.2538
vn 0.5556 0.8031 0.2152
vn 0.8315 0.5366 0.1438
vn 0.9808 0.1884 0.0505
vn 0.9808 -0.1884 -0.0505
vn 0.8315 -0.5366 -0.1438
vn 0.5556 -0.8031 -0.2152
vn 0.1951 -0.9474 -0.2538
vn -0.1951 -0.9474 -0.2538
vn -0.5556 -0.8031 -0.2152
vn -0.8315 -0.5366 -0.1438
vn -0.9808 -0.1884 -0.0505
vn -0.9808 0.1884 0.0505
vn -0.8315 0.5366 0.1438
vn -0.0000 -0.2588 0.9659
vn -0.5556 0.8031 0.2152
vn -0.1951 0.9474 0.2538
vn -0.0000 0.2588 -0.9659
vt 1.000000 0.500000
vt 1.000000 1.000000
vt 0.937500 1.000000
vt 0.937500 0.500000
vt 0.875000 1.000000
vt 0.875000 0.500000
vt 0.812500 1.000000
vt 0.812500 0.500000
vt 0.750000 1.000000
vt 0.750000 0.500000
vt 0.687500 1.000000
vt 0.687500 0.500000
vt 0.625000 1.000000
vt 0.625000 0.500000
vt 0.562500 1.000000
vt 0.562500 0.500000
vt 0.500000 1.000000
vt 0.500000 0.500000
vt 0.437500 1.000000
vt 0.437500 0.500000
vt 0.375000 1.000000
vt 0.375000 0.500000
vt 0.312500 1.000000
vt 0.312500 0.500000
vt 0.250000 1.000000
vt 0.250000 0.500000
vt 0.187500 1.000000
vt 0.187500 0.500000
vt 0.125000 1.000000
vt 0.125000 0.500000
vt 0.341844 0.471731
vt 0.250000 0.490000
vt 0.158156 0.471731
vt 0.080294 0.419706
vt 0.028269 0.341844
vt 0.010000 0.250000
vt 0.028269 0.158156
vt 0.080294 0.080294
vt 0.158156 0.028269
vt 0.250000 0.010000
vt 0.341844 0.028269
vt 0.419706 0.080294
vt 0.471731 0.158156
vt 0.490000 0.250000
vt 0.471731 0.341844
vt 0.419706 0.419706
vt 0.062500 1.000000
vt 0.062500 0.500000
vt 0.000000 1.000000
vt 0.000000 0.500000
vt 0.750000 0.490000
vt 0.841844 0.471731
vt 0.919706 0.419706
vt 0.971731 0.341844
vt 0.990000 0.250000
vt 0.971731 0.158156
vt 0.919706 0.080294
vt 0.841844 0.028269
vt 0.750000 0.010000
vt 0.658156 0.028269
vt 0.580294 0.080294
vt 0.528269 0.158156
vt 0.510000 0.250000
vt 0.528269 0.341844
vt 0.580294 0.419706
vt 0.658156 0.471731
s 0
usemtl Ang_Halo
f 1/1/1 2/2/1 4/3/1 3/4/1
f 3/4/2 4/3/2 6/5/2 5/6/2
f 5/6/3 6/5/3 8/7/3 7/8/3
f 7/8/4 8/7/4 10/9/4 9/10/4
f 9/10/5 10/9/5 12/11/5 11/12/5
f 11/12/6 12/11/6 14/13/6 13/14/6
f 13/14/7 14/13/7 16/15/7 15/16/7
f 15/16/8 16/15/8 18/17/8 17/18/8
f 17/18/9 18/17/9 20/19/9 19/20/9
f 19/20/10 20/19/10 22/21/10 21/22/10
f 21/22/11 22/21/11 24/23/11 23/24/11
f 23/24/12 24/23/12 26/25/12 25/26/12
f 25/26/13 26/25/13 28/27/13 27/28/13
f 27/28/14 28/27/14 30/29/14 29/30/14
f 4/31/15 2/32/15 32/33/15 30/34/15 28/35/15 26/36/15 24/37/15 22/38/15 20/39/15 18/40/15 16/41/15 14/42/15 12/43/15 10/44/15 8/45/15 6/46/15
f 29/30/16 30/29/16 32/47/16 31/48/16
f 31/48/17 32/47/17 2/49/17 1/50/17
f 1/51/18 3/52/18 5/53/18 7/54/18 9/55/18 11/56/18 13/57/18 15/58/18 17/59/18 19/60/18 21/61/18 23/62/18 25/63/18 27/64/18 29/65/18 31/66/18
o Head_Face
v 0.000000 0.740000 0.180000
v 0.000000 0.786587 0.173867
v 0.000000 0.830000 0.155885
v 0.000000 0.895885 0.090000
v 0.000000 0.913867 0.046587
v 0.000000 0.920000 0.000000
v 0.000000 0.913867 -0.046587
v 0.000000 0.895885 -0.090000
v 0.000000 0.830000 -0.155885
v 0.000000 0.786587 -0.173867
v 0.000000 0.740000 -0.180000
v 0.017828 0.783041 0.173867
v 0.034442 0.823149 0.155885
v 0.048708 0.857591 0.127279
v 0.059654 0.884019 0.090000
v 0.066536 0.900632 0.046587
v 0.068883 0.906298 0.000000
v 0.066536 0.900632 -0.046587
v 0.059654 0.884019 -0.090000
v 0.048708 0.857591 -0.127279
v 0.034442 0.823149 -0.155885
v 0.017828 0.783041 -0.173867
v 0.032942 0.772942 0.173867
v 0.063640 0.803640 0.155885
v 0.090000 0.830000 0.127279
v 0.110227 0.850227 0.090000
v 0.122942 0.862942 0.046587
v 0.127279 0.867279 0.000000
v 0.122942 0.862942 -0.046587
v 0.110227 0.850227 -0.090000
v 0.090000 0.830000 -0.127279
v 0.063640 0.803640 -0.155885
v 0.032942 0.772942 -0.173867
v 0.043041 0.757828 0.173867
v 0.083149 0.774441 0.155885
v 0.117591 0.788708 0.127279
v 0.144019 0.799654 0.090000
v 0.160632 0.806536 0.046587
v 0.166298 0.808883 0.000000
v 0.160632 0.806536 -0.046587
v 0.144019 0.799654 -0.090000
v 0.117591 0.788708 -0.127279
v 0.083149 0.774441 -0.155885
v 0.043041 0.757828 -0.173867
v 0.046587 0.740000 0.173867
v 0.090000 0.740000 0.155885
v 0.127279 0.740000 0.127279
v 0.155885 0.740000 0.090000
v 0.173867 0.740000 0.046587
v 0.180000 0.740000 0.000000
v 0.173867 0.740000 -0.046587
v 0.155885 0.740000 -0.090000
v 0.127279 0.740000 -0.127279
v 0.090000 0.740000 -0.155885
v 0.046587 0.740000 -0.173867
v 0.043041 0.722172 0.173867
v 0.083149 0.705558 0.155885
v 0.117591 0.691292 0.127279
v 0.144019 0.680346 0.090000
v 0.160632 0.673464 0.046587
v 0.166298 0.671117 0.000000
v 0.160632 0.673464 -0.046587
v 0.144019 0.680346 -0.090000
v 0.117591 0.691292 -0.127279
v 0.083149 0.705558 -0.155885
v 0.043041 0.722172 -0.173867
v 0.032942 0.707058 0.173867
v 0.063640 0.676360 0.155885
v 0.090000 0.650000 0.127279
v 0.110227 0.629773 0.090000
v 0.122942 0.617058 0.046587
v 0.127279 0.612721 0.000000
v 0.122942 0.617058 -0.046587
v 0.110227 0.629773 -0.090000
v 0.090000 0.650000 -0.127279
v 0.063640 0.676360 -0.155885
v 0.032942 0.707058 -0.173867
v 0.017828 0.696959 0.173867
v 0.034441 0.656851 0.155885
v 0.048708 0.622409 0.127279
v 0.059654 0.595981 0.090000
v 0.066536 0.579368 0.046587
v 0.068883 0.573702 0.000000
v 0.066536 0.579368 -0.046587
v 0.059654 0.595981 -0.090000
v 0.048708 0.622409 -0.127279
v 0.034441 0.656851 -0.155885
v 0.017828 0.696959 -0.173867
v -0.000000 0.693413 0.173867
v -0.000000 0.650000 0.155885
v -0.000000 0.612721 0.127279
v -0.000000 0.584116 0.090000
v -0.000000 0.566133 0.046587
v -0.000000 0.560000 0.000000
v -0.000000 0.566133 -0.046587
v -0.000000 0.584116 -0.090000
v -0.000000 0.612721 -0.127279
v -0.000000 0.650000 -0.155885
v -0.000000 0.693413 -0.173867
v -0.017828 0.696959 0.173867
v -0.034442 0.656851 0.155885
v -0.048708 0.622409 0.127279
v -0.059654 0.595981 0.090000
v -0.066536 0.579368 0.046587
v -0.068883 0.573702 0.000000
v -0.066536 0.579368 -0.046587
v -0.059654 0.595981 -0.090000
v -0.048708 0.622409 -0.127279
v -0.034442 0.656851 -0.155885
v -0.017828 0.696959 -0.173867
v -0.032942 0.707058 0.173867
v -0.063640 0.676360 0.155885
v -0.090000 0.650000 0.127279
v -0.110227 0.629773 0.090000
v -0.122942 0.617058 0.046587
v -0.127279 0.612721 0.000000
v -0.122942 0.617058 -0.046587
v -0.110227 0.629773 -0.090000
v -0.090000 0.650000 -0.127279
v -0.063640 0.676360 -0.155885
v -0.032942 0.707058 -0.173867
v -0.043041 0.722172 0.173867
v -0.083149 0.705559 0.155885
v -0.117591 0.691292 0.127279
v -0.144019 0.680346 0.090000
v -0.160632 0.673464 0.046587
v -0.166298 0.671117 0.000000
v -0.160632 0.673464 -0.046587
v -0.144019 0.680346 -0.090000
v -0.117591 0.691292 -0.127279
v -0.083149 0.705559 -0.155885
v -0.043041 0.722172 -0.173867
v -0.046587 0.740000 0.173867
v -0.090000 0.740000 0.155885
v -0.127279 0.740000 0.127279
v -0.155885 0.740000 0.090000
v -0.173867 0.740000 0.046587
v -0.180000 0.740000 0.000000
v -0.173867 0.740000 -0.046587
v -0.155885 0.740000 -0.090000
v -0.127279 0.740000 -0.127279
v -0.090000 0.740000 -0.155885
v -0.046587 0.740000 -0.173867
v -0.043041 0.757828 0.173867
v -0.083149 0.774442 0.155885
v -0.117591 0.788708 0.127279
v -0.144019 0.799654 0.090000
v -0.160632 0.806536 0.046587
v -0.166298 0.808883 0.000000
v -0.160632 0.806536 -0.046587
v -0.144019 0.799654 -0.090000
v -0.117591 0.788708 -0.127279
v -0.083149 0.774442 -0.155885
v -0.043041 0.757828 -0.173867
v -0.032942 0.772942 0.173867
v -0.063640 0.803640 0.155885
v -0.090000 0.830000 0.127279
v -0.110227 0.850227 0.090000
v -0.122942 0.862942 0.046587
v -0.127279 0.867279 0.000000
v -0.122942 0.862942 -0.046587
v -0.110227 0.850227 -0.090000
v -0.090000 0.830000 -0.127279
v -0.063640 0.803640 -0.155885
v -0.032942 0.772942 -0.173867
v -0.017828 0.783041 0.173867
v -0.034441 0.823149 0.155885
v -0.048708 0.857591 0.127279
v -0.059654 0.884019 0.090000
v -0.066536 0.900632 0.046587
v -0.068883 0.906298 0.000000
v -0.066536 0.900632 -0.046587
v -0.059654 0.884019 -0.090000
v -0.048708 0.857591 -0.127279
v -0.034441 0.823149 -0.155885
v -0.017828 0.783041 -0.173867
v 0.000000 0.867279 0.127279
v 0.000000 0.867279 -0.127279
vn 0.1935 0.9727 -0.1281
vn 0.1559 0.7837 0.6013
vn 0.0759 0.3816 -0.9212
vn 0.0260 0.1305 0.9911
vn 0.1807 0.9087 -0.3764
vn 0.1807 0.9087 0.3764
vn 0.0260 0.1305 -0.9911
vn 0.0759 0.3816 0.9212
vn 0.1559 0.7837 -0.6013
vn 0.1935 0.9727 0.1281
vn 0.1202 0.6043 0.7876
vn 0.1202 0.6043 -0.7876
vn 0.5147 0.7703 0.3764
vn 0.0739 0.1106 -0.9911
vn 0.2161 0.3235 0.9212
vn 0.4439 0.6644 -0.6013
vn 0.5510 0.8246 0.1281
vn 0.3423 0.5123 0.7876
vn 0.3423 0.5123 -0.7876
vn 0.5510 0.8246 -0.1281
vn 0.4439 0.6644 0.6013
vn 0.2161 0.3235 -0.9212
vn 0.0739 0.1106 0.9911
vn 0.5147 0.7703 -0.3764
vn 0.6644 0.4439 0.6013
vn 0.3235 0.2161 -0.9212
vn 0.1106 0.0739 0.9911
vn 0.7703 0.5147 -0.3764
vn 0.7703 0.5147 0.3764
vn 0.1106 0.0739 -0.9911
vn 0.3235 0.2161 0.9212
vn 0.6644 0.4439 -0.6013
vn 0.8246 0.5510 0.1281
vn 0.5123 0.3423 0.7876
vn 0.5123 0.3423 -0.7876
vn 0.8246 0.5510 -0.1281
vn 0.9727 0.1935 0.1281
vn 0.6043 0.1202 0.7876
vn 0.6043 0.1202 -0.7876
vn 0.9727 0.1935 -0.1281
vn 0.7837 0.1559 0.6013
vn 0.3816 0.0759 -0.9212
vn 0.1305 0.0260 0.9911
vn 0.9087 0.1807 -0.3764
vn 0.9087 0.1807 0.3764
vn 0.1305 0.0260 -0.9911
vn 0.3816 0.0759 0.9212
vn 0.7837 0.1559 -0.6013
vn 0.9087 -0.1807 0.3764
vn 0.1305 -0.0260 -0.9911
vn 0.3816 -0.0759 0.9212
vn 0.7837 -0.1559 -0.6013
vn 0.9727 -0.1935 0.1281
vn 0.6043 -0.1202 0.7876
vn 0.6043 -0.1202 -0.7876
vn 0.9727 -0.1935 -0.1281
vn 0.7837 -0.1559 0.6013
vn 0.3816 -0.0759 -0.9212
vn 0.1305 -0.0260 0.9911
vn 0.9087 -0.1807 -0.3764
vn 0.8246 -0.5510 -0.1281
vn 0.6644 -0.4439 0.6013
vn 0.3235 -0.2161 -0.9212
vn 0.1106 -0.0739 0.9911
vn 0.7703 -0.5147 -0.3764
vn 0.7703 -0.5147 0.3764
vn 0.1106 -0.0739 -0.9911
vn 0.3235 -0.2161 0.9212
vn 0.6644 -0.4439 -0.6013
vn 0.8246 -0.5510 0.1281
vn 0.5123 -0.3423 0.7876
vn 0.5123 -0.3423 -0.7876
vn 0.5510 -0.8246 0.1281
vn 0.3423 -0.5123 0.7876
vn 0.3423 -0.5123 -0.7876
vn 0.5510 -0.8246 -0.1281
vn 0.4439 -0.6644 0.6013
vn 0.2161 -0.3235 -0.9212
vn 0.0739 -0.1106 0.9911
vn 0.5147 -0.7703 -0.3764
vn 0.5147 -0.7703 0.3764
vn 0.0739 -0.1106 -0.9911
vn 0.2161 -0.3235 0.9212
vn 0.4439 -0.6644 -0.6013
vn 0.1807 -0.9087 -0.3764
vn 0.1807 -0.9087 0.3764
vn 0.0260 -0.1305 -0.9911
vn 0.0759 -0.3816 0.9212
vn 0.1559 -0.7837 -0.6013
vn 0.1935 -0.9727 0.1281
vn 0.1202 -0.6043 0.7876
vn 0.1202 -0.6043 -0.7876
vn 0.1935 -0.9727 -0.1281
vn 0.1559 -0.7837 0.6013
vn 0.0759 -0.3816 -0.9212
vn 0.0260 -0.1305 0.9911
vn -0.1935 -0.9727 -0.1281
vn -0.1559 -0.7837 0.6013
vn -0.0759 -0.3816 -0.9212
vn -0.0260 -0.1305 0.9911
vn -0.1807 -0.9087 -0.3764
vn -0.1807 -0.9087 0.3764
vn -0.0260 -0.1305 -0.9911
vn -0.0759 -0.3816 0.9212
vn -0.1559 -0.7837 -0.6013
vn -0.1935 -0.9727 0.1281
vn -0.1202 -0.6043 0.7876
vn -0.1202 -0.6043 -0.7876
vn -0.4439 -0.6644 -0.6013
vn -0.5510 -0.8246 0.1281
vn -0.3423 -0.5123 0.7876
vn -0.3423 -0.5123 -0.7876
vn -0.5510 -0.8246 -0.1281
vn -0.4439 -0.6644 0.6013
vn -0.2161 -0.3235 -0.9212
vn -0.0739 -0.1106 0.9911
vn -0.5147 -0.7703 -0.3764
vn -0.5147 -0.7703 0.3764
vn -0.0739 -0.1106 -0.9911
vn -0.2161 -0.3235 0.9212
vn -0.1106 -0.0739 0.9911
vn -0.7703 -0.5147 -0.3764
vn -0.7703 -0.5147 0.3764
vn -0.1106 -0.0739 -0.9911
vn -0.3235 -0.2161 0.9212
vn -0.6644 -0.4439 -0.6013
vn -0.8246 -0.5510 0.1281
vn -0.5123 -0.3423 0.7876
vn -0.5123 -0.3423 -0.7876
vn -0.8246 -0.5510 -0.1281
vn -0.6644 -0.4439 0.6013
vn -0.3235 -0.2161 -0.9212
vn -0.6043 -0.1202 -0.7876
vn -0.9727 -0.1935 -0.1281
vn -0.7837 -0.1559 0.6013
vn -0.3816 -0.0759 -0.9212
vn -0.1305 -0.0260 0.9911
vn -0.9087 -0.1807 -0.3764
vn -0.9087 -0.1807 0.3764
vn -0.1305 -0.0260 -0.9911
vn -0.3816 -0.0759 0.9212
vn -0.7837 -0.1559 -0.6013
vn -0.9727 -0.1935 0.1281
vn -0.6043 -0.1202 0.7876
vn -0.3816 0.0759 0.9212
vn -0.7837 0.1559 -0.6013
vn -0.9727 0.1935 0.1281
vn -0.6043 0.1202 0.7876
vn -0.6043 0.1202 -0.7876
vn -0.9727 0.1935 -0.1281
vn -0.7837 0.1559 0.6013
vn -0.3816 0.0759 -0.9212
vn -0.1305 0.0260 0.9911
vn -0.9087 0.1807 -0.3764
vn -0.9087 0.1807 0.3764
vn -0.1305 0.0260 -0.9911
vn -0.3235 0.2161 -0.9212
vn -0.1106 0.0739 0.9911
vn -0.7703 0.5147 -0.3764
vn -0.7703 0.5147 0.3764
vn -0.1106 0.0739 -0.9911
vn -0.3235 0.2161 0.9212
vn -0.6644 0.4439 -0.6013
vn -0.8246 0.5510 0.1281
vn -0.5123 0.3423 0.7876
vn -0.5123 0.3423 -0.7876
vn -0.8246 0.5510 -0.1281
vn -0.6644 0.4439 0.6013
vn -0.3423 0.5123 0.7876
vn -0.3423 0.5123 -0.7876
vn -0.5510 0.8246 -0.1281
vn -0.4439 0.6644 0.6013
vn -0.2161 0.3235 -0.9212
vn -0.0739 0.1106 0.9911
vn -0.5147 0.7703 -0.3764
vn -0.5147 0.7703 0.3764
vn -0.0739 0.1106 -0.9911
vn -0.2161 0.3235 0.9212
vn -0.4439 0.6644 -0.6013
vn -0.5510 0.8246 0.1281
vn -0.0260 0.1305 -0.9911
vn -0.0759 0.3816 0.9212
vn -0.1559 0.7837 -0.6013
vn -0.1935 0.9727 0.1281
vn -0.1202 0.6043 0.7876
vn -0.1202 0.6043 -0.7876
vn -0.1935 0.9727 -0.1281
vn -0.1559 0.7837 0.6013
vn -0.0759 0.3816 -0.9212
vn -0.0260 0.1305 0.9911
vn -0.1807 0.9087 -0.3764
vn -0.1807 0.9087 0.3764
vt 0.750000 0.416667
vt 0.750000 0.500000
vt 0.687500 0.500000
vt 0.687500 0.416667
vt 0.750000 0.666667
vt 0.750000 0.750000
vt 0.687500 0.750000
vt 0.687500 0.666667
vt 0.750000 0.083333
vt 0.750000 0.166667
vt 0.687500 0.166667
vt 0.687500 0.083333
vt 0.750000 0.916667
vt 0.718750 1.000000
vt 0.687500 0.916667
vt 0.750000 0.333333
vt 0.687500 0.333333
vt 0.750000 0.583333
vt 0.687500 0.583333
vt 0.718750 0.000000
vt 0.750000 0.833333
vt 0.687500 0.833333
vt 0.750000 0.250000
vt 0.687500 0.250000
vt 0.625000 0.666667
vt 0.625000 0.583333
vt 0.656250 0.000000
vt 0.625000 0.083333
vt 0.625000 0.916667
vt 0.625000 0.833333
vt 0.625000 0.333333
vt 0.625000 0.250000
vt 0.625000 0.500000
vt 0.625000 0.750000
vt 0.625000 0.166667
vt 0.625000 0.416667
vt 0.656250 1.000000
vt 0.562500 0.750000
vt 0.562500 0.666667
vt 0.562500 0.166667
vt 0.562500 0.083333
vt 0.593750 1.000000
vt 0.562500 0.916667
vt 0.562500 0.416667
vt 0.562500 0.333333
vt 0.562500 0.583333
vt 0.593750 0.000000
vt 0.562500 0.833333
vt 0.562500 0.250000
vt 0.562500 0.500000
vt 0.500000 0.583333
vt 0.500000 0.500000
vt 0.500000 0.833333
vt 0.500000 0.750000
vt 0.500000 0.250000
vt 0.500000 0.166667
vt 0.500000 0.416667
vt 0.500000 0.666667
vt 0.500000 0.083333
vt 0.531250 1.000000
vt 0.500000 0.916667
vt 0.500000 0.333333
vt 0.531250 0.000000
vt 0.437500 0.666667
vt 0.437500 0.583333
vt 0.468750 0.000000
vt 0.437500 0.083333
vt 0.437500 0.916667
vt 0.437500 0.833333
vt 0.437500 0.333333
vt 0.437500 0.250000
vt 0.437500 0.500000
vt 0.437500 0.750000
vt 0.437500 0.166667
vt 0.437500 0.416667
vt 0.468750 1.000000
vt 0.375000 0.500000
vt 0.375000 0.416667
vt 0.375000 0.750000
vt 0.375000 0.666667
vt 0.375000 0.166667
vt 0.375000 0.083333
vt 0.406250 1.000000
vt 0.375000 0.916667
vt 0.375000 0.333333
vt 0.375000 0.583333
vt 0.406250 0.000000
vt 0.375000 0.833333
vt 0.375000 0.250000
vt 0.312500 0.583333
vt 0.312500 0.500000
vt 0.312500 0.833333
vt 0.312500 0.750000
vt 0.312500 0.250000
vt 0.312500 0.166667
vt 0.312500 0.416667
vt 0.312500 0.666667
vt 0.312500 0.083333
vt 0.343750 1.000000
vt 0.312500 0.916667
vt 0.312500 0.333333
vt 0.343750 0.000000
vt 0.250000 0.416667
vt 0.250000 0.333333
vt 0.250000 0.666667
vt 0.250000 0.583333
vt 0.281250 0.000000
vt 0.250000 0.083333
vt 0.250000 0.916667
vt 0.250000 0.833333
vt 0.250000 0.250000
vt 0.250000 0.500000
vt 0.250000 0.750000
vt 0.250000 0.166667
vt 0.281250 1.000000
vt 0.187500 0.500000
vt 0.187500 0.416667
vt 0.187500 0.750000
vt 0.187500 0.666667
vt 0.187500 0.166667
vt 0.187500 0.083333
vt 0.218750 1.000000
vt 0.187500 0.916667
vt 0.187500 0.333333
vt 0.187500 0.583333
vt 0.218750 0.000000
vt 0.187500 0.833333
vt 0.187500 0.250000
vt 0.125000 0.333333
vt 0.125000 0.250000
vt 0.125000 0.583333
vt 0.125000 0.500000
vt 0.125000 0.833333
vt 0.125000 0.750000
vt 0.125000 0.166667
vt 0.125000 0.416667
vt 0.125000 0.666667
vt 0.125000 0.083333
vt 0.156250 1.000000
vt 0.125000 0.916667
vt 0.156250 0.000000
vt 0.093750 1.000000
vt 0.062500 0.916667
vt 0.062500 0.416667
vt 0.062500 0.333333
vt 0.062500 0.666667
vt 0.062500 0.583333
vt 0.093750 0.000000
vt 0.062500 0.083333
vt 0.062500 0.833333
vt 0.062500 0.250000
vt 0.062500 0.500000
vt 0.062500 0.750000
vt 0.062500 0.166667
vt 0.000000 0.250000
vt 0.000000 0.166667
vt 0.000000 0.500000
vt 0.000000 0.416667
vt 0.000000 0.750000
vt 0.000000 0.666667
vt 0.000000 0.083333
vt 0.031250 1.000000
vt 0.000000 0.916667
vt 0.000000 0.333333
vt 0.000000 0.583333
vt 0.031250 0.000000
vt 0.000000 0.833333
vt 1.000000 0.833333
vt 1.000000 0.916667
vt 0.937500 0.916667
vt 0.937500 0.833333
vt 1.000000 0.250000
vt 1.000000 0.333333
vt 0.937500 0.333333
vt 0.937500 0.250000
vt 1.000000 0.500000
vt 1.000000 0.583333
vt 0.937500 0.583333
vt 0.937500 0.500000
vt 1.000000 0.750000
vt 0.937500 0.750000
vt 1.000000 0.166667
vt 0.937500 0.166667
vt 1.000000 0.416667
vt 0.937500 0.416667
vt 1.000000 0.666667
vt 0.937500 0.666667
vt 1.000000 0.083333
vt 0.937500 0.083333
vt 0.968750 1.000000
vt 0.968750 0.000000
vt 0.875000 0.166667
vt 0.875000 0.083333
vt 0.906250 1.000000
vt 0.875000 0.916667
vt 0.875000 0.416667
vt 0.875000 0.333333
vt 0.875000 0.666667
vt 0.875000 0.583333
vt 0.906250 0.000000
vt 0.875000 0.833333
vt 0.875000 0.250000
vt 0.875000 0.500000
vt 0.875000 0.750000
vt 0.812500 0.833333
vt 0.812500 0.750000
vt 0.812500 0.250000
vt 0.812500 0.166667
vt 0.812500 0.500000
vt 0.812500 0.416667
vt 0.812500 0.666667
vt 0.812500 0.083333
vt 0.843750 1.000000
vt 0.812500 0.916667
vt 0.812500 0.333333
vt 0.812500 0.583333
vt 0.843750 0.000000
vt 0.781250 0.000000
vt 0.781250 1.000000
s 0
usemtl Ang_Skin
f 39/67/19 38/68/19 49/69/19 50/70/19
f 36/71/20 209/72/20 46/73/20 47/74/20
f 42/75/21 41/76/21 53/77/21 54/78/21
f 34/79/22 33/80/22 44/81/22
f 40/82/23 39/67/23 50/70/23 51/83/23
f 37/84/24 36/71/24 47/74/24 48/85/24
f 43/86/25 42/75/25 54/78/25
f 35/87/26 34/79/26 44/81/26 45/88/26
f 210/89/27 40/82/27 51/83/27 52/90/27
f 38/68/28 37/84/28 48/85/28 49/69/28
f 209/72/29 35/87/29 45/88/29 46/73/29
f 41/76/30 210/89/30 52/90/30 53/77/30
f 48/85/31 47/74/31 58/91/31 59/92/31
f 43/93/32 54/78/32 65/94/32
f 45/88/33 44/81/33 55/95/33 56/96/33
f 52/90/34 51/83/34 62/97/34 63/98/34
f 49/69/35 48/85/35 59/92/35 60/99/35
f 46/73/36 45/88/36 56/96/36 57/100/36
f 53/77/37 52/90/37 63/98/37 64/101/37
f 50/70/38 49/69/38 60/99/38 61/102/38
f 47/74/39 46/73/39 57/100/39 58/91/39
f 54/78/40 53/77/40 64/101/40 65/94/40
f 44/81/41 33/103/41 55/95/41
f 51/83/42 50/70/42 61/102/42 62/97/42
f 58/91/43 57/100/43 68/104/43 69/105/43
f 65/94/44 64/101/44 75/106/44 76/107/44
f 55/95/45 33/108/45 66/109/45
f 62/97/46 61/102/46 72/110/46 73/111/46
f 59/92/47 58/91/47 69/105/47 70/112/47
f 43/113/48 65/94/48 76/107/48
f 56/96/49 55/95/49 66/109/49 67/114/49
f 63/98/50 62/97/50 73/111/50 74/115/50
f 60/99/51 59/92/51 70/112/51 71/116/51
f 57/100/52 56/96/52 67/114/52 68/104/52
f 64/101/53 63/98/53 74/115/53 75/106/53
f 61/102/54 60/99/54 71/116/54 72/110/54
f 71/116/55 70/112/55 81/117/55 82/118/55
f 68/104/56 67/114/56 78/119/56 79/120/56
f 75/106/57 74/115/57 85/121/57 86/122/57
f 72/110/58 71/116/58 82/118/58 83/123/58
f 69/105/59 68/104/59 79/120/59 80/124/59
f 76/107/60 75/106/60 86/122/60 87/125/60
f 66/109/61 33/126/61 77/127/61
f 73/111/62 72/110/62 83/123/62 84/128/62
f 70/112/63 69/105/63 80/124/63 81/117/63
f 43/129/64 76/107/64 87/125/64
f 67/114/65 66/109/65 77/127/65 78/119/65
f 74/115/66 73/111/66 84/128/66 85/121/66
f 81/117/67 80/124/67 91/130/67 92/131/67
f 43/132/68 87/125/68 98/133/68
f 78/119/69 77/127/69 88/134/69 89/135/69
f 85/121/70 84/128/70 95/136/70 96/137/70
f 82/118/71 81/117/71 92/131/71 93/138/71
f 79/120/72 78/119/72 89/135/72 90/139/72
f 86/122/73 85/121/73 96/137/73 97/140/73
f 83/123/74 82/118/74 93/138/74 94/141/74
f 80/124/75 79/120/75 90/139/75 91/130/75
f 87/125/76 86/122/76 97/140/76 98/133/76
f 77/127/77 33/142/77 88/134/77
f 84/128/78 83/123/78 94/141/78 95/136/78
f 94/141/79 93/138/79 104/143/79 105/144/79
f 91/130/80 90/139/80 101/145/80 102/146/80
f 98/133/81 97/140/81 108/147/81 109/148/81
f 88/134/82 33/149/82 99/150/82
f 95/136/83 94/141/83 105/144/83 106/151/83
f 92/131/84 91/130/84 102/146/84 103/152/84
f 43/153/85 98/133/85 109/148/85
f 89/135/86 88/134/86 99/150/86 100/154/86
f 96/137/87 95/136/87 106/151/87 107/155/87
f 93/138/88 92/131/88 103/152/88 104/143/88
f 90/139/89 89/135/89 100/154/89 101/145/89
f 97/140/90 96/137/90 107/155/90 108/147/90
f 104/143/91 103/152/91 114/156/91 115/157/91
f 101/145/92 100/154/92 111/158/92 112/159/92
f 108/147/93 107/155/93 118/160/93 119/161/93
f 105/144/94 104/143/94 115/157/94 116/162/94
f 102/146/95 101/145/95 112/159/95 113/163/95
f 109/148/96 108/147/96 119/161/96 120/164/96
f 99/150/97 33/165/97 110/166/97
f 106/151/98 105/144/98 116/162/98 117/167/98
f 103/152/99 102/146/99 113/163/99 114/156/99
f 43/168/100 109/148/100 120/164/100
f 100/154/101 99/150/101 110/166/101 111/158/101
f 107/155/102 106/151/102 117/167/102 118/160/102
f 117/167/103 116/162/103 127/169/103 128/170/103
f 114/156/104 113/163/104 124/171/104 125/172/104
f 43/173/105 120/164/105 131/174/105
f 111/158/106 110/166/106 121/175/106 122/176/106
f 118/160/107 117/167/107 128/170/107 129/177/107
f 115/157/108 114/156/108 125/172/108 126/178/108
f 112/159/109 111/158/109 122/176/109 123/179/109
f 119/161/110 118/160/110 129/177/110 130/180/110
f 116/162/111 115/157/111 126/178/111 127/169/111
f 113/163/112 112/159/112 123/179/112 124/171/112
f 120/164/113 119/161/113 130/180/113 131/174/113
f 110/166/114 33/181/114 121/175/114
f 127/169/115 126/178/115 137/182/115 138/183/115
f 124/171/116 123/179/116 134/184/116 135/185/116
f 131/174/117 130/180/117 141/186/117 142/187/117
f 121/175/118 33/188/118 132/189/118
f 128/170/119 127/169/119 138/183/119 139/190/119
f 125/172/120 124/171/120 135/185/120 136/191/120
f 43/192/121 131/174/121 142/187/121
f 122/176/122 121/175/122 132/189/122 133/193/122
f 129/177/123 128/170/123 139/190/123 140/194/123
f 126/178/124 125/172/124 136/191/124 137/182/124
f 123/179/125 122/176/125 133/193/125 134/184/125
f 130/180/126 129/177/126 140/194/126 141/186/126
f 140/194/127 139/190/127 150/195/127 151/196/127
f 137/182/128 136/191/128 147/197/128 148/198/128
f 134/184/129 133/193/129 144/199/129 145/200/129
f 141/186/130 140/194/130 151/196/130 152/201/130
f 138/183/131 137/182/131 148/198/131 149/202/131
f 135/185/132 134/184/132 145/200/132 146/203/132
f 142/187/133 141/186/133 152/201/133 153/204/133
f 132/189/134 33/205/134 143/206/134
f 139/190/135 138/183/135 149/202/135 150/195/135
f 136/191/136 135/185/136 146/203/136 147/197/136
f 43/207/137 142/187/137 153/204/137
f 133/193/138 132/189/138 143/206/138 144/199/138
f 143/206/139 33/208/139 154/209/139
f 150/195/140 149/202/140 160/210/140 161/211/140
f 147/197/141 146/203/141 157/212/141 158/213/141
f 43/214/142 153/204/142 164/215/142
f 144/199/143 143/206/143 154/209/143 155/216/143
f 151/196/144 150/195/144 161/211/144 162/217/144
f 148/198/145 147/197/145 158/213/145 159/218/145
f 145/200/146 144/199/146 155/216/146 156/219/146
f 152/201/147 151/196/147 162/217/147 163/220/147
f 149/202/148 148/198/148 159/218/148 160/210/148
f 146/203/149 145/200/149 156/219/149 157/212/149
f 153/204/150 152/201/150 163/220/150 164/215/150
f 163/220/151 162/217/151 173/221/151 174/222/151
f 160/210/152 159/218/152 170/223/152 171/224/152
f 157/212/153 156/219/153 167/225/153 168/226/153
f 164/215/154 163/220/154 174/222/154 175/227/154
f 154/209/155 33/228/155 165/229/155
f 161/211/156 160/210/156 171/224/156 172/230/156
f 158/213/157 157/212/157 168/226/157 169/231/157
f 43/232/158 164/215/158 175/227/158
f 155/216/159 154/209/159 165/229/159 166/233/159
f 162/217/160 161/211/160 172/230/160 173/221/160
f 159/218/161 158/213/161 169/231/161 170/223/161
f 156/219/162 155/216/162 166/233/162 167/225/162
f 166/234/163 165/235/163 176/236/163 177/237/163
f 173/238/164 172/239/164 183/240/164 184/241/164
f 170/242/165 169/243/165 180/244/165 181/245/165
f 167/246/166 166/234/166 177/237/166 178/247/166
f 174/248/167 173/238/167 184/241/167 185/249/167
f 171/250/168 170/242/168 181/245/168 182/251/168
f 168/252/169 167/246/169 178/247/169 179/253/169
f 175/254/170 174/248/170 185/249/170 186/255/170
f 165/235/171 33/256/171 176/236/171
f 172/239/172 171/250/172 182/251/172 183/240/172
f 169/243/173 168/252/173 179/253/173 180/244/173
f 43/257/174 175/254/174 186/255/174
f 186/255/175 185/249/175 196/258/175 197/259/175
f 176/236/176 33/260/176 187/261/176
f 183/240/177 182/251/177 193/262/177 194/263/177
f 180/244/178 179/253/178 190/264/178 191/265/178
f 43/266/179 186/255/179 197/259/179
f 177/237/180 176/236/180 187/261/180 188/267/180
f 184/241/181 183/240/181 194/263/181 195/268/181
f 181/245/182 180/244/182 191/265/182 192/269/182
f 178/247/183 177/237/183 188/267/183 189/270/183
f 185/249/184 184/241/184 195/268/184 196/258/184
f 182/251/185 181/245/185 192/269/185 193/262/185
f 179/253/186 178/247/186 189/270/186 190/264/186
f 189/270/187 188/267/187 199/271/187 200/272/187
f 196/258/188 195/268/188 206/273/188 207/274/188
f 193/262/189 192/269/189 203/275/189 204/276/189
f 190/264/190 189/270/190 200/272/190 201/277/190
f 197/259/191 196/258/191 207/274/191 208/278/191
f 187/261/192 33/279/192 198/280/192
f 194/263/193 193/262/193 204/276/193 205/281/193
f 191/265/194 190/264/194 201/277/194 202/282/194
f 43/283/195 197/259/195 208/278/195
f 188/267/196 187/261/196 198/280/196 199/271/196
f 195/268/197 194/263/197 205/281/197 206/273/197
f 192/269/198 191/265/198 202/282/198 203/275/198
f 43/284/199 208/278/199 42/75/199
f 199/271/200 198/280/200 34/79/200 35/87/200
f 206/273/201 205/281/201 40/82/201 210/89/201
f 203/275/202 202/282/202 37/84/202 38/68/202
f 200/272/203 199/271/203 35/87/203 209/72/203
f 207/274/204 206/273/204 210/89/204 41/76/204
f 204/276/205 203/275/205 38/68/205 39/67/205
f 201/277/206 200/272/206 209/72/206 36/71/206
f 208/278/207 207/274/207 41/76/207 42/75/207
f 198/280/208 33/285/208 34/79/208
f 205/281/209 204/276/209 39/67/209 40/82/209
f 202/282/210 201/277/210 36/71/210 37/84/210
o Diadem
v -0.190000 0.810000 -0.190000
v -0.190000 0.810000 0.190000
v -0.190000 0.870000 -0.190000
v -0.190000 0.870000 0.190000
v 0.190000 0.810000 -0.190000
v 0.190000 0.810000 0.190000
v 0.190000 0.870000 -0.190000
v 0.190000 0.870000 0.190000
vn -1.0000 -0.0000 -0.0000
vn -0.0000 1.0000 -0.0000
vn 1.0000 -0.0000 -0.0000
vn -0.0000 -1.0000 -0.0000
vn -0.0000 -0.0000 -1.0000
vn -0.0000 -0.0000 1.0000
vt 0.375000 0.000000
vt 0.625000 0.000000
vt 0.625000 0.250000
vt 0.375000 0.250000
vt 0.625000 0.500000
vt 0.375000 0.500000
vt 0.625000 0.750000
vt 0.375000 0.750000
vt 0.625000 1.000000
vt 0.375000 1.000000
vt 0.125000 0.500000
vt 0.125000 0.750000
vt 0.875000 0.500000
vt 0.875000 0.750000
s 0
usemtl Ang_Gold
f 211/286/211 212/287/211 214/288/211 213/289/211
f 213/289/212 214/288/212 218/290/212 217/291/212
f 217/291/213 218/290/213 216/292/213 215/293/213
f 215/293/214 216/292/214 212/294/214 211/295/214
f 213/296/215 217/291/215 215/293/215 211/297/215
f 218/290/216 214/298/216 212/299/216 216/292/216
o Eye_L
v -0.080000 0.760000 0.190000
v -0.080000 0.767765 0.188978
v -0.080000 0.775000 0.185981
v -0.080000 0.781213 0.181213
v -0.080000 0.785981 0.175000
v -0.080000 0.788978 0.167765
v -0.080000 0.790000 0.160000
v -0.080000 0.788978 0.152235
v -0.080000 0.785981 0.145000
v -0.080000 0.781213 0.138787
v -0.080000 0.775000 0.134019
v -0.080000 0.767765 0.131022
v -0.080000 0.760000 0.130000
v -0.077029 0.767174 0.188978
v -0.074260 0.773858 0.185981
v -0.071882 0.779598 0.181213
v -0.070058 0.784003 0.175000
v -0.068911 0.786772 0.167765
v -0.068519 0.787716 0.160000
v -0.068911 0.786772 0.152235
v -0.070058 0.784003 0.145000
v -0.071882 0.779598 0.138787
v -0.074260 0.773858 0.134019
v -0.077029 0.767174 0.131022
v -0.074510 0.765490 0.188978
v -0.069393 0.770607 0.185981
v -0.065000 0.775000 0.181213
v -0.061629 0.778371 0.175000
v -0.059510 0.780490 0.167765
v -0.058787 0.781213 0.160000
v -0.059510 0.780490 0.152235
v -0.061629 0.778371 0.145000
v -0.065000 0.775000 0.138787
v -0.069393 0.770607 0.134019
v -0.074510 0.765490 0.131022
v -0.072826 0.762971 0.188978
v -0.066142 0.765740 0.185981
v -0.060402 0.768118 0.181213
v -0.055997 0.769942 0.175000
v -0.053228 0.771089 0.167765
v -0.052284 0.771481 0.160000
v -0.053228 0.771089 0.152235
v -0.055997 0.769942 0.145000
v -0.060402 0.768118 0.138787
v -0.066142 0.765740 0.134019
v -0.072826 0.762971 0.131022
v -0.072235 0.760000 0.188978
v -0.065000 0.760000 0.185981
v -0.058787 0.760000 0.181213
v -0.054019 0.760000 0.175000
v -0.051022 0.760000 0.167765
v -0.050000 0.760000 0.160000
v -0.051022 0.760000 0.152235
v -0.054019 0.760000 0.145000
v -0.058787 0.760000 0.138787
v -0.065000 0.760000 0.134019
v -0.072235 0.760000 0.131022
v -0.072826 0.757029 0.188978
v -0.066142 0.754260 0.185981
v -0.060402 0.751882 0.181213
v -0.055997 0.750058 0.175000
v -0.053228 0.748911 0.167765
v -0.052284 0.748519 0.160000
v -0.053228 0.748911 0.152235
v -0.055997 0.750058 0.145000
v -0.060402 0.751882 0.138787
v -0.066142 0.754260 0.134019
v -0.072826 0.757029 0.131022
v -0.074510 0.754510 0.188978
v -0.069393 0.749393 0.185981
v -0.065000 0.745000 0.181213
v -0.061629 0.741629 0.175000
v -0.059510 0.739510 0.167765
v -0.058787 0.738787 0.160000
v -0.059510 0.739510 0.152235
v -0.061629 0.741629 0.145000
v -0.065000 0.745000 0.138787
v -0.069393 0.749393 0.134019
v -0.074510 0.754510 0.131022
v -0.077029 0.752826 0.188978
v -0.074260 0.746142 0.185981
v -0.071882 0.740402 0.181213
v -0.070058 0.735997 0.175000
v -0.068911 0.733228 0.167765
v -0.068520 0.732284 0.160000
v -0.068911 0.733228 0.152235
v -0.070058 0.735997 0.145000
v -0.071882 0.740402 0.138787
v -0.074260 0.746142 0.134019
v -0.077029 0.752826 0.131022
v -0.080000 0.752235 0.188978
v -0.080000 0.745000 0.185981
v -0.080000 0.738787 0.181213
v -0.080000 0.734019 0.175000
v -0.080000 0.731022 0.167765
v -0.080000 0.730000 0.160000
v -0.080000 0.731022 0.152235
v -0.080000 0.734019 0.145000
v -0.080000 0.738787 0.138787
v -0.080000 0.745000 0.134019
v -0.080000 0.752235 0.131022
v -0.082971 0.752826 0.188978
v -0.085740 0.746142 0.185981
v -0.088118 0.740402 0.181213
v -0.089942 0.735997 0.175000
v -0.091089 0.733228 0.167765
v -0.091481 0.732284 0.160000
v -0.091089 0.733228 0.152235
v -0.089942 0.735997 0.145000
v -0.088118 0.740402 0.138787
v -0.085740 0.746142 0.134019
v -0.082971 0.752826 0.131022
v -0.085490 0.754510 0.188978
v -0.090607 0.749393 0.185981
v -0.095000 0.745000 0.181213
v -0.098371 0.741629 0.175000
v -0.100490 0.739510 0.167765
v -0.101213 0.738787 0.160000
v -0.100490 0.739510 0.152235
v -0.098371 0.741629 0.145000
v -0.095000 0.745000 0.138787
v -0.090607 0.749393 0.134019
v -0.085490 0.754510 0.131022
v -0.087174 0.757029 0.188978
v -0.093858 0.754260 0.185981
v -0.099598 0.751882 0.181213
v -0.104003 0.750058 0.175000
v -0.106772 0.748911 0.167765
v -0.107716 0.748519 0.160000
v -0.106772 0.748911 0.152235
v -0.104003 0.750058 0.145000
v -0.099598 0.751882 0.138787
v -0.093858 0.754260 0.134019
v -0.087174 0.757029 0.131022
v -0.087765 0.760000 0.188978
v -0.095000 0.760000 0.185981
v -0.101213 0.760000 0.181213
v -0.105981 0.760000 0.175000
v -0.108978 0.760000 0.167765
v -0.110000 0.760000 0.160000
v -0.108978 0.760000 0.152235
v -0.105981 0.760000 0.145000
v -0.101213 0.760000 0.138787
v -0.095000 0.760000 0.134019
v -0.087765 0.760000 0.131022
v -0.087174 0.762971 0.188978
v -0.093858 0.765740 0.185981
v -0.099598 0.768118 0.181213
v -0.104003 0.769942 0.175000
v -0.106772 0.771089 0.167765
v -0.107716 0.771481 0.160000
v -0.106772 0.771089 0.152235
v -0.104003 0.769942 0.145000
v -0.099598 0.768118 0.138787
v -0.093858 0.765740 0.134019
v -0.087174 0.762971 0.131022
v -0.085490 0.765490 0.188978
v -0.090607 0.770607 0.185981
v -0.095000 0.775000 0.181213
v -0.098371 0.778371 0.175000
v -0.100490 0.780490 0.167765
v -0.101213 0.781213 0.160000
v -0.100490 0.780490 0.152235
v -0.098371 0.778371 0.145000
v -0.095000 0.775000 0.138787
v -0.090607 0.770607 0.134019
v -0.085490 0.765490 0.131022
v -0.082971 0.767174 0.188978
v -0.085740 0.773858 0.185981
v -0.088118 0.779598 0.181213
v -0.089942 0.784003 0.175000
v -0.091089 0.786772 0.167765
v -0.091480 0.787716 0.160000
v -0.091089 0.786772 0.152235
v -0.089942 0.784003 0.145000
v -0.088118 0.779598 0.138787
v -0.085740 0.773858 0.134019
v -0.082971 0.767174 0.131022
vn 0.1935 0.9727 -0.1281
vn 0.1559 0.7837 0.6013
vn 0.0759 0.3816 -0.9212
vn 0.0260 0.1305 0.9911
vn 0.1807 0.9087 -0.3764
vn 0.1807 0.9087 0.3764
vn 0.0260 0.1305 -0.9911
vn 0.0759 0.3816 0.9212
vn 0.1559 0.7837 -0.6013
vn 0.1935 0.9727 0.1281
vn 0.1202 0.6043 0.7876
vn 0.1202 0.6043 -0.7876
vn 0.5147 0.7703 0.3764
vn 0.0739 0.1106 -0.9911
vn 0.2161 0.3235 0.9212
vn 0.4439 0.6644 -0.6013
vn 0.5510 0.8246 0.1281
vn 0.3423 0.5123 0.7876
vn 0.3423 0.5123 -0.7876
vn 0.5510 0.8246 -0.1281
vn 0.4439 0.6644 0.6013
vn 0.2161 0.3235 -0.9212
vn 0.0739 0.1106 0.9911
vn 0.5147 0.7703 -0.3764
vn 0.6644 0.4439 0.6013
vn 0.3235 0.2161 -0.9212
vn 0.1106 0.0739 0.9911
vn 0.7703 0.5147 -0.3764
vn 0.7703 0.5147 0.3764
vn 0.1106 0.0739 -0.9911
vn 0.3235 0.2161 0.9212
vn 0.6644 0.4439 -0.6013
vn 0.8246 0.5510 0.1281
vn 0.5123 0.3423 0.7876
vn 0.5123 0.3423 -0.7876
vn 0.8246 0.5510 -0.1281
vn 0.9727 0.1935 0.1281
vn 0.6043 0.1202 0.7876
vn 0.6043 0.1202 -0.7876
vn 0.9727 0.1935 -0.1281
vn 0.7837 0.1559 0.6013
vn 0.3816 0.0759 -0.9212
vn 0.1305 0.0260 0.9911
vn 0.9087 0.1807 -0.3764
vn 0.9087 0.1807 0.3764
vn 0.1305 0.0260 -0.9911
vn 0.3816 0.0759 0.9212
vn 0.7837 0.1559 -0.6013
vn 0.9087 -0.1807 0.3764
vn 0.1305 -0.0260 -0.9911
vn 0.3816 -0.0759 0.9212
vn 0.7837 -0.1559 -0.6013
vn 0.9727 -0.1935 0.1281
vn 0.6043 -0.1202 0.7876
vn 0.6043 -0.1202 -0.7876
vn 0.9727 -0.1935 -0.1281
vn 0.7837 -0.1559 0.6013
vn 0.3816 -0.0759 -0.9212
vn 0.1305 -0.0260 0.9911
vn 0.9087 -0.1807 -0.3764
vn 0.8246 -0.5510 -0.1281
vn 0.6644 -0.4439 0.6013
vn 0.3235 -0.2161 -0.9212
vn 0.1106 -0.0739 0.9911
vn 0.7703 -0.5147 -0.3764
vn 0.7703 -0.5147 0.3764
vn 0.1106 -0.0739 -0.9911
vn 0.3235 -0.2161 0.9212
vn 0.6644 -0.4439 -0.6013
vn 0.8246 -0.5510 0.1281
vn 0.5123 -0.3423 0.7876
vn 0.5123 -0.3423 -0.7876
vn 0.5510 -0.8246 0.1281
vn 0.3423 -0.5123 0.7876
vn 0.3423 -0.5123 -0.7876
vn 0.5510 -0.8246 -0.1281
vn 0.4439 -0.6644 0.6013
vn 0.2161 -0.3235 -0.9212
vn 0.0739 -0.1106 0.9911
vn 0.5147 -0.7703 -0.3764
vn 0.5147 -0.7703 0.3764
vn 0.0739 -0.1106 -0.9911
vn 0.2161 -0.3235 0.9212
vn 0.4439 -0.6644 -0.6013
vn 0.1807 -0.9087 -0.3764
vn 0.1807 -0.9087 0.3764
vn 0.0260 -0.1305 -0.9911
vn 0.0759 -0.3816 0.9212
vn 0.1559 -0.7837 -0.6013
vn 0.1935 -0.9727 0.1281
vn 0.1202 -0.6043 0.7876
vn 0.1202 -0.6043 -0.7876
vn 0.1935 -0.9727 -0.1281
vn 0.1559 -0.7837 0.6013
vn 0.0759 -0.3816 -0.9212
vn 0.0260 -0.1305 0.9911
vn -0.1935 -0.9727 -0.1281
vn -0.1559 -0.7837 0.6013
vn -0.0759 -0.3816 -0.9212
vn -0.0260 -0.1305 0.9911
vn -0.1807 -0.9087 -0.3764
vn -0.1807 -0.9087 0.3764
vn -0.0260 -0.1305 -0.9911
vn -0.0759 -0.3816 0.9212
vn -0.1559 -0.7837 -0.6013
vn -0.1935 -0.9727 0.1281
vn -0.1202 -0.6043 0.7876
vn -0.1202 -0.6043 -0.7876
vn -0.4439 -0.6644 -0.6013
vn -0.5510 -0.8246 0.1281
vn -0.3423 -0.5123 0.7876
vn -0.3423 -0.5123 -0.7876
vn -0.5510 -0.8246 -0.1281
vn -0.4439 -0.6644 0.6013
vn -0.2161 -0.3235 -0.9212
vn -0.0739 -0.1106 0.9911
vn -0.5147 -0.7703 -0.3764
vn -0.5147 -0.7703 0.3764
vn -0.0739 -0.1106 -0.9911
vn -0.2161 -0.3235 0.9212
vn -0.1106 -0.0739 0.9911
vn -0.7703 -0.5147 -0.3764
vn -0.7703 -0.5147 0.3764
vn -0.1106 -0.0739 -0.9911
vn -0.3235 -0.2161 0.9212
vn -0.6644 -0.4439 -0.6013
vn -0.8246 -0.5510 0.1281
vn -0.5123 -0.3423 0.7876
vn -0.5123 -0.3423 -0.7876
vn -0.8246 -0.5510 -0.1281
vn -0.6644 -0.4439 0.6013
vn -0.3235 -0.2161 -0.9212
vn -0.6043 -0.1202 -0.7876
vn -0.9727 -0.1935 -0.1281
vn -0.7837 -0.1559 0.6013
vn -0.3816 -0.0759 -0.9212
vn -0.1305 -0.0260 0.9911
vn -0.9087 -0.1807 -0.3764
vn -0.9087 -0.1807 0.3764
vn -0.1305 -0.0260 -0.9911
vn -0.3816 -0.0759 0.9212
vn -0.7837 -0.1559 -0.6013
vn -0.9727 -0.1935 0.1281
vn -0.6043 -0.1202 0.7876
vn -0.3816 0.0759 0.9212
vn -0.7837 0.1559 -0.6013
vn -0.9727 0.1935 0.1281
vn -0.6043 0.1202 0.7876
vn -0.6043 0.1202 -0.7876
vn -0.9727 0.1935 -0.1281
vn -0.7837 0.1559 0.6013
vn -0.3816 0.0759 -0.9212
vn -0.1305 0.0260 0.9911
vn -0.9087 0.1807 -0.3764
vn -0.9087 0.1807 0.3764
vn -0.1305 0.0260 -0.9911
vn -0.3235 0.2161 -0.9212
vn -0.1106 0.0739 0.9911
vn -0.7703 0.5147 -0.3764
vn -0.7703 0.5147 0.3764
vn -0.1106 0.0739 -0.9911
vn -0.3235 0.2161 0.9212
vn -0.6644 0.4439 -0.6013
vn -0.8246 0.5510 0.1281
vn -0.5123 0.3423 0.7876
vn -0.5123 0.3423 -0.7876
vn -0.8246 0.5510 -0.1281
vn -0.6644 0.4439 0.6013
vn -0.3423 0.5123 0.7876
vn -0.3423 0.5123 -0.7876
vn -0.5510 0.8246 -0.1281
vn -0.4439 0.6644 0.6013
vn -0.2161 0.3235 -0.9212
vn -0.0739 0.1106 0.9911
vn -0.5147 0.7703 -0.3764
vn -0.5147 0.7703 0.3764
vn -0.0739 0.1106 -0.9911
vn -0.2161 0.3235 0.9212
vn -0.4439 0.6644 -0.6013
vn -0.5510 0.8246 0.1281
vn -0.0260 0.1305 -0.9911
vn -0.0759 0.3816 0.9212
vn -0.1559 0.7837 -0.6013
vn -0.1935 0.9727 0.1281
vn -0.1202 0.6043 0.7876
vn -0.1202 0.6043 -0.7876
vn -0.1935 0.9727 -0.1281
vn -0.1559 0.7837 0.6013
vn -0.0759 0.3816 -0.9212
vn -0.0260 0.1305 0.9911
vn -0.1807 0.9087 -0.3764
vn -0.1807 0.9087 0.3764
vt 0.750000 0.416667
vt 0.750000 0.500000
vt 0.687500 0.500000
vt 0.687500 0.416667
vt 0.750000 0.666667
vt 0.750000 0.750000
vt 0.687500 0.750000
vt 0.687500 0.666667
vt 0.750000 0.083333
vt 0.750000 0.166667
vt 0.687500 0.166667
vt 0.687500 0.083333
vt 0.750000 0.916667
vt 0.718750 1.000000
vt 0.687500 0.916667
vt 0.750000 0.333333
vt 0.687500 0.333333
vt 0.750000 0.583333
vt 0.687500 0.583333
vt 0.718750 0.000000
vt 0.750000 0.833333
vt 0.687500 0.833333
vt 0.750000 0.250000
vt 0.687500 0.250000
vt 0.625000 0.666667
vt 0.625000 0.583333
vt 0.656250 0.000000
vt 0.625000 0.083333
vt 0.625000 0.916667
vt 0.625000 0.833333
vt 0.625000 0.333333
vt 0.625000 0.250000
vt 0.625000 0.500000
vt 0.625000 0.750000
vt 0.625000 0.166667
vt 0.625000 0.416667
vt 0.656250 1.000000
vt 0.562500 0.750000
vt 0.562500 0.666667
vt 0.562500 0.166667
vt 0.562500 0.083333
vt 0.593750 1.000000
vt 0.562500 0.916667
vt 0.562500 0.416667
vt 0.562500 0.333333
vt 0.562500 0.583333
vt 0.593750 0.000000
vt 0.562500 0.833333
vt 0.562500 0.250000
vt 0.562500 0.500000
vt 0.500000 0.583333
vt 0.500000 0.500000
vt 0.500000 0.833333
vt 0.500000 0.750000
vt 0.500000 0.250000
vt 0.500000 0.166667
vt 0.500000 0.416667
vt 0.500000 0.666667
vt 0.500000 0.083333
vt 0.531250 1.000000
vt 0.500000 0.916667
vt 0.500000 0.333333
vt 0.531250 0.000000
vt 0.437500 0.666667
vt 0.437500 0.583333
vt 0.468750 0.000000
vt 0.437500 0.083333
vt 0.437500 0.916667
vt 0.437500 0.833333
vt 0.437500 0.333333
vt 0.437500 0.250000
vt 0.437500 0.500000
vt 0.437500 0.750000
vt 0.437500 0.166667
vt 0.437500 0.416667
vt 0.468750 1.000000
vt 0.375000 0.500000
vt 0.375000 0.416667
vt 0.375000 0.750000
vt 0.375000 0.666667
vt 0.375000 0.166667
vt 0.375000 0.083333
vt 0.406250 1.000000
vt 0.375000 0.916667
vt 0.375000 0.333333
vt 0.375000 0.583333
vt 0.406250 0.000000
vt 0.375000 0.833333
vt 0.375000 0.250000
vt 0.312500 0.583333
vt 0.312500 0.500000
vt 0.312500 0.833333
vt 0.312500 0.750000
vt 0.312500 0.250000
vt 0.312500 0.166667
vt 0.312500 0.416667
vt 0.312500 0.666667
vt 0.312500 0.083333
vt 0.343750 1.000000
vt 0.312500 0.916667
vt 0.312500 0.333333
vt 0.343750 0.000000
vt 0.250000 0.416667
vt 0.250000 0.333333
vt 0.250000 0.666667
vt 0.250000 0.583333
vt 0.281250 0.000000
vt 0.250000 0.083333
vt 0.250000 0.916667
vt 0.250000 0.833333
vt 0.250000 0.250000
vt 0.250000 0.500000
vt 0.250000 0.750000
vt 0.250000 0.166667
vt 0.281250 1.000000
vt 0.187500 0.500000
vt 0.187500 0.416667
vt 0.187500 0.750000
vt 0.187500 0.666667
vt 0.187500 0.166667
vt 0.187500 0.083333
vt 0.218750 1.000000
vt 0.187500 0.916667
vt 0.187500 0.333333
vt 0.187500 0.583333
vt 0.218750 0.000000
vt 0.187500 0.833333
vt 0.187500 0.250000
vt 0.125000 0.333333
vt 0.125000 0.250000
vt 0.125000 0.583333
vt 0.125000 0.500000
vt 0.125000 0.833333
vt 0.125000 0.750000
vt 0.125000 0.166667
vt 0.125000 0.416667
vt 0.125000 0.666667
vt 0.125000 0.083333
vt 0.156250 1.000000
vt 0.125000 0.916667
vt 0.156250 0.000000
vt 0.093750 1.000000
vt 0.062500 0.916667
vt 0.062500 0.416667
vt 0.062500 0.333333
vt 0.062500 0.666667
vt 0.062500 0.583333
vt 0.093750 0.000000
vt 0.062500 0.083333
vt 0.062500 0.833333
vt 0.062500 0.250000
vt 0.062500 0.500000
vt 0.062500 0.750000
vt 0.062500 0.166667
vt 0.000000 0.250000
vt 0.000000 0.166667
vt 0.000000 0.500000
vt 0.000000 0.416667
vt 0.000000 0.750000
vt 0.000000 0.666667
vt 0.000000 0.083333
vt 0.031250 1.000000
vt 0.000000 0.916667
vt 0.000000 0.333333
vt 0.000000 0.583333
vt 0.031250 0.000000
vt 0.000000 0.833333
vt 1.000000 0.833333
vt 1.000000 0.916667
vt 0.937500 0.916667
vt 0.937500 0.833333
vt 1.000000 0.250000
vt 1.000000 0.333333
vt 0.937500 0.333333
vt 0.937500 0.250000
vt 1.000000 0.500000
vt 1.000000 0.583333
vt 0.937500 0.583333
vt 0.937500 0.500000
vt 1.000000 0.750000
vt 0.937500 0.750000
vt 1.000000 0.166667
vt 0.937500 0.166667
vt 1.000000 0.416667
vt 0.937500 0.416667
vt 1.000000 0.666667
vt 0.937500 0.666667
vt 1.000000 0.083333
vt 0.937500 0.083333
vt 0.968750 1.000000
vt 0.968750 0.000000
vt 0.875000 0.166667
vt 0.875000 0.083333
vt 0.906250 1.000000
vt 0.875000 0.916667
vt 0.875000 0.416667
vt 0.875000 0.333333
vt 0.875000 0.666667
vt 0.875000 0.583333
vt 0.906250 0.000000
vt 0.875000 0.833333
vt 0.875000 0.250000
vt 0.875000 0.500000
vt 0.875000 0.750000
vt 0.812500 0.833333
vt 0.812500 0.750000
vt 0.812500 0.250000
vt 0.812500 0.166667
vt 0.812500 0.500000
vt 0.812500 0.416667
vt 0.812500 0.666667
vt 0.812500 0.083333
vt 0.843750 1.000000
vt 0.812500 0.916667
vt 0.812500 0.333333
vt 0.812500 0.583333
vt 0.843750 0.000000
vt 0.781250 0.000000
vt 0.781250 1.000000
s 0
usemtl Ang_Halo
f 226/300/217 225/301/217 237/302/217 238/303/217
f 223/304/218 222/305/218 234/306/218 235/307/218
f 230/308/219 229/309/219 241/310/219 242/311/219
f 220/312/220 219/313/220 232/314/220
f 227/315/221 226/300/221 238/303/221 239/316/221
f 224/317/222 223/304/222 235/307/222 236/318/222
f 231/319/223 230/308/223 242/311/223
f 221/320/224 220/312/224 232/314/224 233/321/224
f 228/322/225 227/315/225 239/316/225 240/323/225
f 225/301/226 224/317/226 236/318/226 237/302/226
f 222/305/227 221/320/227 233/321/227 234/306/227
f 229/309/228 228/322/228 240/323/228 241/310/228
f 236/318/229 235/307/229 246/324/229 247/325/229
f 231/326/230 242/311/230 253/327/230
f 233/321/231 232/314/231 243/328/231 244/329/231
f 240/323/232 239/316/232 250/330/232 251/331/232
f 237/302/233 236/318/233 247/325/233 248/332/233
f 234/306/234 233/321/234 244/329/234 245/333/234
f 241/310/235 240/323/235 251/331/235 252/334/235
f 238/303/236 237/302/236 248/332/236 249/335/236
f 235/307/237 234/306/237 245/333/237 246/324/237
f 242/311/238 241/310/238 252/334/238 253/327/238
f 232/314/239 219/336/239 243/328/239
f 239/316/240 238/303/240 249/335/240 250/330/240
f 246/324/241 245/333/241 256/337/241 257/338/241
f 253/327/242 252/334/242 263/339/242 264/340/242
f 243/328/243 219/341/243 254/342/243
f 250/330/244 249/335/244 260/343/244 261/344/244
f 247/325/245 246/324/245 257/338/245 258/345/245
f 231/346/246 253/327/246 264/340/246
f 244/329/247 243/328/247 254/342/247 255/347/247
f 251/331/248 250/330/248 261/344/248 262/348/248
f 248/332/249 247/325/249 258/345/249 259/349/249
f 245/333/250 244/329/250 255/347/250 256/337/250
f 252/334/251 251/331/251 262/348/251 263/339/251
f 249/335/252 248/332/252 259/349/252 260/343/252
f 259/349/253 258/345/253 269/350/253 270/351/253
f 256/337/254 255/347/254 266/352/254 267/353/254
f 263/339/255 262/348/255 273/354/255 274/355/255
f 260/343/256 259/349/256 270/351/256 271/356/256
f 257/338/257 256/337/257 267/353/257 268/357/257
f 264/340/258 263/339/258 274/355/258 275/358/258
f 254/342/259 219/359/259 265/360/259
f 261/344/260 260/343/260 271/356/260 272/361/260
f 258/345/261 257/338/261 268/357/261 269/350/261
f 231/362/262 264/340/262 275/358/262
f 255/347/263 254/342/263 265/360/263 266/352/263
f 262/348/264 261/344/264 272/361/264 273/354/264
f 269/350/265 268/357/265 279/363/265 280/364/265
f 231/365/266 275/358/266 286/366/266
f 266/352/267 265/360/267 276/367/267 277/368/267
f 273/354/268 272/361/268 283/369/268 284/370/268
f 270/351/269 269/350/269 280/364/269 281/371/269
f 267/353/270 266/352/270 277/368/270 278/372/270
f 274/355/271 273/354/271 284/370/271 285/373/271
f 271/356/272 270/351/272 281/371/272 282/374/272
f 268/357/273 267/353/273 278/372/273 279/363/273
f 275/358/274 274/355/274 285/373/274 286/366/274
f 265/360/275 219/375/275 276/367/275
f 272/361/276 271/356/276 282/374/276 283/369/276
f 282/374/277 281/371/277 292/376/277 293/377/277
f 279/363/278 278/372/278 289/378/278 290/379/278
f 286/366/279 285/373/279 296/380/279 297/381/279
f 276/367/280 219/382/280 287/383/280
f 283/369/281 282/374/281 293/377/281 294/384/281
f 280/364/282 279/363/282 290/379/282 291/385/282
f 231/386/283 286/366/283 297/381/283
f 277/368/284 276/367/284 287/383/284 288/387/284
f 284/370/285 283/369/285 294/384/285 295/388/285
f 281/371/286 280/364/286 291/385/286 292/376/286
f 278/372/287 277/368/287 288/387/287 289/378/287
f 285/373/288 284/370/288 295/388/288 296/380/288
f 292/376/289 291/385/289 302/389/289 303/390/289
f 289/378/290 288/387/290 299/391/290 300/392/290
f 296/380/291 295/388/291 306/393/291 307/394/291
f 293/377/292 292/376/292 303/390/292 304/395/292
f 290/379/293 289/378/293 300/392/293 301/396/293
f 297/381/294 296/380/294 307/394/294 308/397/294
f 287/383/295 219/398/295 298/399/295
f 294/384/296 293/377/296 304/395/296 305/400/296
f 291/385/297 290/379/297 301/396/297 302/389/297
f 231/401/298 297/381/298 308/397/298
f 288/387/299 287/383/299 298/399/299 299/391/299
f 295/388/300 294/384/300 305/400/300 306/393/300
f 305/400/301 304/395/301 315/402/301 316/403/301
f 302/389/302 301/396/302 312/404/302 313/405/302
f 231/406/303 308/397/303 319/407/303
f 299/391/304 298/399/304 309/408/304 310/409/304
f 306/393/305 305/400/305 316/403/305 317/410/305
f 303/390/306 302/389/306 313/405/306 314/411/306
f 300/392/307 299/391/307 310/409/307 311/412/307
f 307/394/308 306/393/308 317/410/308 318/413/308
f 304/395/309 303/390/309 314/411/309 315/402/309
f 301/396/310 300/392/310 311/412/310 312/404/310
f 308/397/311 307/394/311 318/413/311 319/407/311
f 298/399/312 219/414/312 309/408/312
f 315/402/313 314/411/313 325/415/313 326/416/313
f 312/404/314 311/412/314 322/417/314 323/418/314
f 319/407/315 318/413/315 329/419/315 330/420/315
f 309/408/316 219/421/316 320/422/316
f 316/403/317 315/402/317 326/416/317 327/423/317
f 313/405/318 312/404/318 323/418/318 324/424/318
f 231/425/319 319/407/319 330/420/319
f 310/409/320 309/408/320 320/422/320 321/426/320
f 317/410/321 316/403/321 327/423/321 328/427/321
f 314/411/322 313/405/322 324/424/322 325/415/322
f 311/412/323 310/409/323 321/426/323 322/417/323
f 318/413/324 317/410/324 328/427/324 329/419/324
f 328/427/325 327/423/325 338/428/325 339/429/325
f 325/415/326 324/424/326 335/430/326 336/431/326
f 322/417/327 321/426/327 332/432/327 333/433/327
f 329/419/328 328/427/328 339/429/328 340/434/328
f 326/416/329 325/415/329 336/431/329 337/435/329
f 323/418/330 322/417/330 333/433/330 334/436/330
f 330/420/331 329/419/331 340/434/331 341/437/331
f 320/422/332 219/438/332 331/439/332
f 327/423/333 326/416/333 337/435/333 338/428/333
f 324/424/334 323/418/334 334/436/334 335/430/334
f 231/440/335 330/420/335 341/437/335
f 321/426/336 320/422/336 331/439/336 332/432/336
f 331/439/337 219/441/337 342/442/337
f 338/428/338 337/435/338 348/443/338 349/444/338
f 335/430/339 334/436/339 345/445/339 346/446/339
f 231/447/340 341/437/340 352/448/340
f 332/432/341 331/439/341 342/442/341 343/449/341
f 339/429/342 338/428/342 349/444/342 350/450/342
f 336/431/343 335/430/343 346/446/343 347/451/343
f 333/433/344 332/432/344 343/449/344 344/452/344
f 340/434/345 339/429/345 350/450/345 351/453/345
f 337/435/346 336/431/346 347/451/346 348/443/346
f 334/436/347 333/433/347 344/452/347 345/445/347
f 341/437/348 340/434/348 351/453/348 352/448/348
f 351/453/349 350/450/349 361/454/349 362/455/349
f 348/443/350 347/451/350 358/456/350 359/457/350
f 345/445/351 344/452/351 355/458/351 356/459/351
f 352/448/352 351/453/352 362/455/352 363/460/352
f 342/442/353 219/461/353 353/462/353
f 349/444/354 348/443/354 359/457/354 360/463/354
f 346/446/355 345/445/355 356/459/355 357/464/355
f 231/465/356 352/448/356 363/460/356
f 343/449/357 342/442/357 353/462/357 354/466/357
f 350/450/358 349/444/358 360/463/358 361/454/358
f 347/451/359 346/446/359 357/464/359 358/456/359
f 344/452/360 343/449/360 354/466/360 355/458/360
f 354/467/361 353/468/361 364/469/361 365/470/361
f 361/471/362 360/472/362 371/473/362 372/474/362
f 358/475/363 357/476/363 368/477/363 369/478/363
f 355/479/364 354/467/364 365/470/364 366/480/364
f 362/481/365 361/471/365 372/474/365 373/482/365
f 359/483/366 358/475/366 369/478/366 370/484/366
f 356/485/367 355/479/367 366/480/367 367/486/367
f 363/487/368 362/481/368 373/482/368 374/488/368
f 353/468/369 219/489/369 364/469/369
f 360/472/370 359/483/370 370/484/370 371/473/370
f 357/476/371 356/485/371 367/486/371 368/477/371
f 231/490/372 363/487/372 374/488/372
f 374/488/373 373/482/373 384/491/373 385/492/373
f 364/469/374 219/493/374 375/494/374
f 371/473/375 370/484/375 381/495/375 382/496/375
f 368/477/376 367/486/376 378/497/376 379/498/376
f 231/499/377 374/488/377 385/492/377
f 365/470/378 364/469/378 375/494/378 376/500/378
f 372/474/379 371/473/379 382/496/379 383/501/379
f 369/478/380 368/477/380 379/498/380 380/502/380
f 366/480/381 365/470/381 376/500/381 377/503/381
f 373/482/382 372/474/382 383/501/382 384/491/382
f 370/484/383 369/478/383 380/502/383 381/495/383
f 367/486/384 366/480/384 377/503/384 378/497/384
f 377/503/385 376/500/385 387/504/385 388/505/385
f 384/491/386 383/501/386 394/506/386 395/507/386
f 381/495/387 380/502/387 391/508/387 392/509/387
f 378/497/388 377/503/388 388/505/388 389/510/388
f 385/492/389 384/491/389 395/507/389 396/511/389
f 375/494/390 219/512/390 386/513/390
f 382/496/391 381/495/391 392/509/391 393/514/391
f 379/498/392 378/497/392 389/510/392 390/515/392
f 231/516/393 385/492/393 396/511/393
f 376/500/394 375/494/394 386/513/394 387/504/394
f 383/501/395 382/496/395 393/514/395 394/506/395
f 380/502/396 379/498/396 390/515/396 391/508/396
f 231/517/397 396/511/397 230/308/397
f 387/504/398 386/513/398 220/312/398 221/320/398
f 394/506/399 393/514/399 227/315/399 228/322/399
f 391/508/400 390/515/400 224/317/400 225/301/400
f 388/505/401 387/504/401 221/320/401 222/305/401
f 395/507/402 394/506/402 228/322/402 229/309/402
f 392/509/403 391/508/403 225/301/403 226/300/403
f 389/510/404 388/505/404 222/305/404 223/304/404
f 396/511/405 395/507/405 229/309/405 230/308/405
f 386/513/406 219/518/406 220/312/406
f 393/514/407 392/509/407 226/300/407 227/315/407
f 390/515/408 389/510/408 223/304/408 224/317/408
o Eye_R
v 0.080000 0.760000 0.190000
v 0.080000 0.767765 0.188978
v 0.080000 0.775000 0.185981
v 0.080000 0.781213 0.181213
v 0.080000 0.785981 0.175000
v 0.080000 0.788978 0.167765
v 0.080000 0.790000 0.160000
v 0.080000 0.788978 0.152235
v 0.080000 0.785981 0.145000
v 0.080000 0.781213 0.138787
v 0.080000 0.775000 0.134019
v 0.080000 0.767765 0.131022
v 0.080000 0.760000 0.130000
v 0.082971 0.767174 0.188978
v 0.085740 0.773858 0.185981
v 0.088118 0.779598 0.181213
v 0.089942 0.784003 0.175000
v 0.091089 0.786772 0.167765
v 0.091481 0.787716 0.160000
v 0.091089 0.786772 0.152235
v 0.089942 0.784003 0.145000
v 0.088118 0.779598 0.138787
v 0.085740 0.773858 0.134019
v 0.082971 0.767174 0.131022
v 0.085490 0.765490 0.188978
v 0.090607 0.770607 0.185981
v 0.095000 0.775000 0.181213
v 0.098371 0.778371 0.175000
v 0.100490 0.780490 0.167765
v 0.101213 0.781213 0.160000
v 0.100490 0.780490 0.152235
v 0.098371 0.778371 0.145000
v 0.095000 0.775000 0.138787
v 0.090607 0.770607 0.134019
v 0.085490 0.765490 0.131022
v 0.087174 0.762971 0.188978
v 0.093858 0.765740 0.185981
v 0.099598 0.768118 0.181213
v 0.104003 0.769942 0.175000
v 0.106772 0.771089 0.167765
v 0.107716 0.771481 0.160000
v 0.106772 0.771089 0.152235
v 0.104003 0.769942 0.145000
v 0.099598 0.768118 0.138787
v 0.093858 0.765740 0.134019
v 0.087174 0.762971 0.131022
v 0.087765 0.760000 0.188978
v 0.095000 0.760000 0.185981
v 0.101213 0.760000 0.181213
v 0.105981 0.760000 0.175000
v 0.108978 0.760000 0.167765
v 0.110000 0.760000 0.160000
v 0.108978 0.760000 0.152235
v 0.105981 0.760000 0.145000
v 0.101213 0.760000 0.138787
v 0.095000 0.760000 0.134019
v 0.087765 0.760000 0.131022
v 0.087174 0.757029 0.188978
v 0.093858 0.754260 0.185981
v 0.099598 0.751882 0.181213
v 0.104003 0.750058 0.175000
v 0.106772 0.748911 0.167765
v 0.107716 0.748519 0.160000
v 0.106772 0.748911 0.152235
v 0.104003 0.750058 0.145000
v 0.099598 0.751882 0.138787
v 0.093858 0.754260 0.134019
v 0.087174 0.757029 0.131022
v 0.085490 0.754510 0.188978
v 0.090607 0.749393 0.185981
v 0.095000 0.745000 0.181213
v 0.098371 0.741629 0.175000
v 0.100490 0.739510 0.167765
v 0.101213 0.738787 0.160000
v 0.100490 0.739510 0.152235
v 0.098371 0.741629 0.145000
v 0.095000 0.745000 0.138787
v 0.090607 0.749393 0.134019
v 0.085490 0.754510 0.131022
v 0.082971 0.752826 0.188978
v 0.085740 0.746142 0.185981
v 0.088118 0.740402 0.181213
v 0.089942 0.735997 0.175000
v 0.091089 0.733228 0.167765
v 0.091480 0.732284 0.160000
v 0.091089 0.733228 0.152235
v 0.089942 0.735997 0.145000
v 0.088118 0.740402 0.138787
v 0.085740 0.746142 0.134019
v 0.082971 0.752826 0.131022
v 0.080000 0.752235 0.188978
v 0.080000 0.745000 0.185981
v 0.080000 0.738787 0.181213
v 0.080000 0.734019 0.175000
v 0.080000 0.731022 0.167765
v 0.080000 0.730000 0.160000
v 0.080000 0.731022 0.152235
v 0.080000 0.734019 0.145000
v 0.080000 0.738787 0.138787
v 0.080000 0.745000 0.134019
v 0.080000 0.752235 0.131022
v 0.077029 0.752826 0.188978
v 0.074260 0.746142 0.185981
v 0.071882 0.740402 0.181213
v 0.070058 0.735997 0.175000
v 0.068911 0.733228 0.167765
v 0.068519 0.732284 0.160000
v 0.068911 0.733228 0.152235
v 0.070058 0.735997 0.145000
v 0.071882 0.740402 0.138787
v 0.074260 0.746142 0.134019
v 0.077029 0.752826 0.131022
v 0.074510 0.754510 0.188978
v 0.069393 0.749393 0.185981
v 0.065000 0.745000 0.181213
v 0.061629 0.741629 0.175000
v 0.059510 0.739510 0.167765
v 0.058787 0.738787 0.160000
v 0.059510 0.739510 0.152235
v 0.061629 0.741629 0.145000
v 0.065000 0.745000 0.138787
v 0.069393 0.749393 0.134019
v 0.074510 0.754510 0.131022
v 0.072826 0.757029 0.188978
v 0.066142 0.754260 0.185981
v 0.060402 0.751882 0.181213
v 0.055997 0.750058 0.175000
v 0.053228 0.748911 0.167765
v 0.052284 0.748519 0.160000
v 0.053228 0.748911 0.152235
v 0.055997 0.750058 0.145000
v 0.060402 0.751882 0.138787
v 0.066142 0.754260 0.134019
v 0.072826 0.757029 0.131022
v 0.072235 0.760000 0.188978
v 0.065000 0.760000 0.185981
v 0.058787 0.760000 0.181213
v 0.054019 0.760000 0.175000
v 0.051022 0.760000 0.167765
v 0.050000 0.760000 0.160000
v 0.051022 0.760000 0.152235
v 0.054019 0.760000 0.145000
v 0.058787 0.760000 0.138787
v 0.065000 0.760000 0.134019
v 0.072235 0.760000 0.131022
v 0.072826 0.762971 0.188978
v 0.066142 0.765740 0.185981
v 0.060402 0.768118 0.181213
v 0.055997 0.769942 0.175000
v 0.053228 0.771089 0.167765
v 0.052284 0.771481 0.160000
v 0.053228 0.771089 0.152235
v 0.055997 0.769942 0.145000
v 0.060402 0.768118 0.138787
v 0.066142 0.765740 0.134019
v 0.072826 0.762971 0.131022
v 0.074510 0.765490 0.188978
v 0.069393 0.770607 0.185981
v 0.065000 0.775000 0.181213
v 0.061629 0.778371 0.175000
v 0.059510 0.780490 0.167765
v 0.058787 0.781213 0.160000
v 0.059510 0.780490 0.152235
v 0.061629 0.778371 0.145000
v 0.065000 0.775000 0.138787
v 0.069393 0.770607 0.134019
v 0.074510 0.765490 0.131022
v 0.077029 0.767174 0.188978
v 0.074260 0.773858 0.185981
v 0.071882 0.779598 0.181213
v 0.070058 0.784003 0.175000
v 0.068911 0.786772 0.167765
v 0.068520 0.787716 0.160000
v 0.068911 0.786772 0.152235
v 0.070058 0.784003 0.145000
v 0.071882 0.779598 0.138787
v 0.074260 0.773858 0.134019
v 0.077029 0.767174 0.131022
vn 0.1935 0.9727 -0.1281
vn 0.1559 0.7837 0.6013
vn 0.0759 0.3816 -0.9212
vn 0.0260 0.1305 0.9911
vn 0.1807 0.9087 -0.3764
vn 0.1807 0.9087 0.3764
vn 0.0260 0.1305 -0.9911
vn 0.0759 0.3816 0.9212
vn 0.1559 0.7837 -0.6013
vn 0.1935 0.9727 0.1281
vn 0.1202 0.6043 0.7876
vn 0.1202 0.6043 -0.7876
vn 0.5147 0.7703 0.3764
vn 0.0739 0.1106 -0.9911
vn 0.2161 0.3235 0.9212
vn 0.4439 0.6644 -0.6013
vn 0.5510 0.8246 0.1281
vn 0.3423 0.5123 0.7876
vn 0.3423 0.5123 -0.7876
vn 0.5510 0.8246 -0.1281
vn 0.4439 0.6644 0.6013
vn 0.2161 0.3235 -0.9212
vn 0.0739 0.1106 0.9911
vn 0.5147 0.7703 -0.3764
vn 0.6644 0.4439 0.6013
vn 0.3235 0.2161 -0.9212
vn 0.1106 0.0739 0.9911
vn 0.7703 0.5147 -0.3764
vn 0.7703 0.5147 0.3764
vn 0.1106 0.0739 -0.9911
vn 0.3235 0.2161 0.9212
vn 0.6644 0.4439 -0.6013
vn 0.8246 0.5510 0.1281
vn 0.5123 0.3423 0.7876
vn 0.5123 0.3423 -0.7876
vn 0.8246 0.5510 -0.1281
vn 0.9727 0.1935 0.1281
vn 0.6043 0.1202 0.7876
vn 0.6043 0.1202 -0.7876
vn 0.9727 0.1935 -0.1281
vn 0.7837 0.1559 0.6013
vn 0.3816 0.0759 -0.9212
vn 0.1305 0.0260 0.9911
vn 0.9087 0.1807 -0.3764
vn 0.9087 0.1807 0.3764
vn 0.1305 0.0260 -0.9911
vn 0.3816 0.0759 0.9212
vn 0.7837 0.1559 -0.6013
vn 0.9087 -0.1807 0.3764
vn 0.1305 -0.0260 -0.9911
vn 0.3816 -0.0759 0.9212
vn 0.7837 -0.1559 -0.6013
vn 0.9727 -0.1935 0.1281
vn 0.6043 -0.1202 0.7876
vn 0.6043 -0.1202 -0.7876
vn 0.9727 -0.1935 -0.1281
vn 0.7837 -0.1559 0.6013
vn 0.3816 -0.0759 -0.9212
vn 0.1305 -0.0260 0.9911
vn 0.9087 -0.1807 -0.3764
vn 0.8246 -0.5510 -0.1281
vn 0.6644 -0.4439 0.6013
vn 0.3235 -0.2161 -0.9212
vn 0.1106 -0.0739 0.9911
vn 0.7703 -0.5147 -0.3764
vn 0.7703 -0.5147 0.3764
vn 0.1106 -0.0739 -0.9911
vn 0.3235 -0.2161 0.9212
vn 0.6644 -0.4439 -0.6013
vn 0.8246 -0.5510 0.1281
vn 0.5123 -0.3423 0.7876
vn 0.5123 -0.3423 -0.7876
vn 0.5510 -0.8246 0.1281
vn 0.3423 -0.5123 0.7876
vn 0.3423 -0.5123 -0.7876
vn 0.5510 -0.8246 -0.1281
vn 0.4439 -0.6644 0.6013
vn 0.2161 -0.3235 -0.9212
vn 0.0739 -0.1106 0.9911
vn 0.5147 -0.7703 -0.3764
vn 0.5147 -0.7703 0.3764
vn 0.0739 -0.1106 -0.9911
vn 0.2161 -0.3235 0.9212
vn 0.4439 -0.6644 -0.6013
vn 0.1807 -0.9087 -0.3764
vn 0.1807 -0.9087 0.3764
vn 0.0260 -0.1305 -0.9911
vn 0.0759 -0.3816 0.9212
vn 0.1559 -0.7837 -0.6013
vn 0.1935 -0.9727 0.1281
vn 0.1202 -0.6043 0.7876
vn 0.1202 -0.6043 -0.7876
vn 0.1935 -0.9727 -0.1281
vn 0.1559 -0.7837 0.6013
vn 0.0759 -0.3816 -0.9212
vn 0.0260 -0.1305 0.9911
vn -0.1935 -0.9727 -0.1281
vn -0.1559 -0.7837 0.6013
vn -0.0759 -0.3816 -0.9212
vn -0.0260 -0.1305 0.9911
vn -0.1807 -0.9087 -0.3764
vn -0.1807 -0.9087 0.3764
vn -0.0260 -0.1305 -0.9911
vn -0.0759 -0.3816 0.9212
vn -0.1559 -0.7837 -0.6013
vn -0.1935 -0.9727 0.1281
vn -0.1202 -0.6043 0.7876
vn -0.1202 -0.6043 -0.7876
vn -0.4439 -0.6644 -0.6013
vn -0.5510 -0.8246 0.1281
vn -0.3423 -0.5123 0.7876
vn -0.3423 -0.5123 -0.7876
vn -0.5510 -0.8246 -0.1281
vn -0.4439 -0.6644 0.6013
vn -0.2161 -0.3235 -0.9212
vn -0.0739 -0.1106 0.9911
vn -0.5147 -0.7703 -0.3764
vn -0.5147 -0.7703 0.3764
vn -0.0739 -0.1106 -0.9911
vn -0.2161 -0.3235 0.9212
vn -0.1106 -0.0739 0.9911
vn -0.7703 -0.5147 -0.3764
vn -0.7703 -0.5147 0.3764
vn -0.1106 -0.0739 -0.9911
vn -0.3235 -0.2161 0.9212
vn -0.6644 -0.4439 -0.6013
vn -0.8246 -0.5510 0.1281
vn -0.5123 -0.3423 0.7876
vn -0.5123 -0.3423 -0.7876
vn -0.8246 -0.5510 -0.1281
vn -0.6644 -0.4439 0.6013
vn -0.3235 -0.2161 -0.9212
vn -0.6043 -0.1202 -0.7876
vn -0.9727 -0.1935 -0.1281
vn -0.7837 -0.1559 0.6013
vn -0.3816 -0.0759 -0.9212
vn -0.1305 -0.0260 0.9911
vn -0.9087 -0.1807 -0.3764
vn -0.9087 -0.1807 0.3764
vn -0.1305 -0.0260 -0.9911
vn -0.3816 -0.0759 0.9212
vn -0.7837 -0.1559 -0.6013
vn -0.9727 -0.1935 0.1281
vn -0.6043 -0.1202 0.7876
vn -0.3816 0.0759 0.9212
vn -0.7837 0.1559 -0.6013
vn -0.9727 0.1935 0.1281
vn -0.6043 0.1202 0.7876
vn -0.6043 0.1202 -0.7876
vn -0.9727 0.1935 -0.1281
vn -0.7837 0.1559 0.6013
vn -0.3816 0.0759 -0.9212
vn -0.1305 0.0260 0.9911
vn -0.9087 0.1807 -0.3764
vn -0.9087 0.1807 0.3764
vn -0.1305 0.0260 -0.9911
vn -0.3235 0.2161 -0.9212
vn -0.1106 0.0739 0.9911
vn -0.7703 0.5147 -0.3764
vn -0.7703 0.5147 0.3764
vn -0.1106 0.0739 -0.9911
vn -0.3235 0.2161 0.9212
vn -0.6644 0.4439 -0.6013
vn -0.8246 0.5510 0.1281
vn -0.5123 0.3423 0.7876
vn -0.5123 0.3423 -0.7876
vn -0.8246 0.5510 -0.1281
vn -0.6644 0.4439 0.6013
vn -0.3423 0.5123 0.7876
vn -0.3423 0.5123 -0.7876
vn -0.5510 0.8246 -0.1281
vn -0.4439 0.6644 0.6013
vn -0.2161 0.3235 -0.9212
vn -0.0739 0.1106 0.9911
vn -0.5147 0.7703 -0.3764
vn -0.5147 0.7703 0.3764
vn -0.0739 0.1106 -0.9911
vn -0.2161 0.3235 0.9212
vn -0.4439 0.6644 -0.6013
vn -0.5510 0.8246 0.1281
vn -0.0260 0.1305 -0.9911
vn -0.0759 0.3816 0.9212
vn -0.1559 0.7837 -0.6013
vn -0.1935 0.9727 0.1281
vn -0.1202 0.6043 0.7876
vn -0.1202 0.6043 -0.7876
vn -0.1935 0.9727 -0.1281
vn -0.1559 0.7837 0.6013
vn -0.0759 0.3816 -0.9212
vn -0.0260 0.1305 0.9911
vn -0.1807 0.9087 -0.3764
vn -0.1807 0.9087 0.3764
vt 0.750000 0.416667
vt 0.750000 0.500000
vt 0.687500 0.500000
vt 0.687500 0.416667
vt 0.750000 0.666667
vt 0.750000 0.750000
vt 0.687500 0.750000
vt 0.687500 0.666667
vt 0.750000 0.083333
vt 0.750000 0.166667
vt 0.687500 0.166667
vt 0.687500 0.083333
vt 0.750000 0.916667
vt 0.718750 1.000000
vt 0.687500 0.916667
vt 0.750000 0.333333
vt 0.687500 0.333333
vt 0.750000 0.583333
vt 0.687500 0.583333
vt 0.718750 0.000000
vt 0.750000 0.833333
vt 0.687500 0.833333
vt 0.750000 0.250000
vt 0.687500 0.250000
vt 0.625000 0.666667
vt 0.625000 0.583333
vt 0.656250 0.000000
vt 0.625000 0.083333
vt 0.625000 0.916667
vt 0.625000 0.833333
vt 0.625000 0.333333
vt 0.625000 0.250000
vt 0.625000 0.500000
vt 0.625000 0.750000
vt 0.625000 0.166667
vt 0.625000 0.416667
vt 0.656250 1.000000
vt 0.562500 0.750000
vt 0.562500 0.666667
vt 0.562500 0.166667
vt 0.562500 0.083333
vt 0.593750 1.000000
vt 0.562500 0.916667
vt 0.562500 0.416667
vt 0.562500 0.333333
vt 0.562500 0.583333
vt 0.593750 0.000000
vt 0.562500 0.833333
vt 0.562500 0.250000
vt 0.562500 0.500000
vt 0.500000 0.583333
vt 0.500000 0.500000
vt 0.500000 0.833333
vt 0.500000 0.750000
vt 0.500000 0.250000
vt 0.500000 0.166667
vt 0.500000 0.416667
vt 0.500000 0.666667
vt 0.500000 0.083333
vt 0.531250 1.000000
vt 0.500000 0.916667
vt 0.500000 0.333333
vt 0.531250 0.000000
vt 0.437500 0.666667
vt 0.437500 0.583333
vt 0.468750 0.000000
vt 0.437500 0.083333
vt 0.437500 0.916667
vt 0.437500 0.833333
vt 0.437500 0.333333
vt 0.437500 0.250000
vt 0.437500 0.500000
vt 0.437500 0.750000
vt 0.437500 0.166667
vt 0.437500 0.416667
vt 0.468750 1.000000
vt 0.375000 0.500000
vt 0.375000 0.416667
vt 0.375000 0.750000
vt 0.375000 0.666667
vt 0.375000 0.166667
vt 0.375000 0.083333
vt 0.406250 1.000000
vt 0.375000 0.916667
vt 0.375000 0.333333
vt 0.375000 0.583333
vt 0.406250 0.000000
vt 0.375000 0.833333
vt 0.375000 0.250000
vt 0.312500 0.583333
vt 0.312500 0.500000
vt 0.312500 0.833333
vt 0.312500 0.750000
vt 0.312500 0.250000
vt 0.312500 0.166667
vt 0.312500 0.416667
vt 0.312500 0.666667
vt 0.312500 0.083333
vt 0.343750 1.000000
vt 0.312500 0.916667
vt 0.312500 0.333333
vt 0.343750 0.000000
vt 0.250000 0.416667
vt 0.250000 0.333333
vt 0.250000 0.666667
vt 0.250000 0.583333
vt 0.281250 0.000000
vt 0.250000 0.083333
vt 0.250000 0.916667
vt 0.250000 0.833333
vt 0.250000 0.250000
vt 0.250000 0.500000
vt 0.250000 0.750000
vt 0.250000 0.166667
vt 0.281250 1.000000
vt 0.187500 0.500000
vt 0.187500 0.416667
vt 0.187500 0.750000
vt 0.187500 0.666667
vt 0.187500 0.166667
vt 0.187500 0.083333
vt 0.218750 1.000000
vt 0.187500 0.916667
vt 0.187500 0.333333
vt 0.187500 0.583333
vt 0.218750 0.000000
vt 0.187500 0.833333
vt 0.187500 0.250000
vt 0.125000 0.333333
vt 0.125000 0.250000
vt 0.125000 0.583333
vt 0.125000 0.500000
vt 0.125000 0.833333
vt 0.125000 0.750000
vt 0.125000 0.166667
vt 0.125000 0.416667
vt 0.125000 0.666667
vt 0.125000 0.083333
vt 0.156250 1.000000
vt 0.125000 0.916667
vt 0.156250 0.000000
vt 0.093750 1.000000
vt 0.062500 0.916667
vt 0.062500 0.416667
vt 0.062500 0.333333
vt 0.062500 0.666667
vt 0.062500 0.583333
vt 0.093750 0.000000
vt 0.062500 0.083333
vt 0.062500 0.833333
vt 0.062500 0.250000
vt 0.062500 0.500000
vt 0.062500 0.750000
vt 0.062500 0.166667
vt 0.000000 0.250000
vt 0.000000 0.166667
vt 0.000000 0.500000
vt 0.000000 0.416667
vt 0.000000 0.750000
vt 0.000000 0.666667
vt 0.000000 0.083333
vt 0.031250 1.000000
vt 0.000000 0.916667
vt 0.000000 0.333333
vt 0.000000 0.583333
vt 0.031250 0.000000
vt 0.000000 0.833333
vt 1.000000 0.833333
vt 1.000000 0.916667
vt 0.937500 0.916667
vt 0.937500 0.833333
vt 1.000000 0.250000
vt 1.000000 0.333333
vt 0.937500 0.333333
vt 0.937500 0.250000
vt 1.000000 0.500000
vt 1.000000 0.583333
vt 0.937500 0.583333
vt 0.937500 0.500000
vt 1.000000 0.750000
vt 0.937500 0.750000
vt 1.000000 0.166667
vt 0.937500 0.166667
vt 1.000000 0.416667
vt 0.937500 0.416667
vt 1.000000 0.666667
vt 0.937500 0.666667
vt 1.000000 0.083333
vt 0.937500 0.083333
vt 0.968750 1.000000
vt 0.968750 0.000000
vt 0.875000 0.166667
vt 0.875000 0.083333
vt 0.906250 1.000000
vt 0.875000 0.916667
vt 0.875000 0.416667
vt 0.875000 0.333333
vt 0.875000 0.666667
vt 0.875000 0.583333
vt 0.906250 0.000000
vt 0.875000 0.833333
vt 0.875000 0.250000
vt 0.875000 0.500000
vt 0.875000 0.750000
vt 0.812500 0.833333
vt 0.812500 0.750000
vt 0.812500 0.250000
vt 0.812500 0.166667
vt 0.812500 0.500000
vt 0.812500 0.416667
vt 0.812500 0.666667
vt 0.812500 0.083333
vt 0.843750 1.000000
vt 0.812500 0.916667
vt 0.812500 0.333333
vt 0.812500 0.583333
vt 0.843750 0.000000
vt 0.781250 0.000000
vt 0.781250 1.000000
s 0
usemtl Ang_Halo
f 404/519/409 403/520/409 415/521/409 416/522/409
f 401/523/410 400/524/410 412/525/410 413/526/410
f 408/527/411 407/528/411 419/529/411 420/530/411
f 398/531/412 397/532/412 410/533/412
f 405/534/413 404/519/413 416/522/413 417/535/413
f 402/536/414 401/523/414 413/526/414 414/537/414
f 409/538/415 408/527/415 420/530/415
f 399/539/416 398/531/416 410/533/416 411/540/416
f 406/541/417 405/534/417 417/535/417 418/542/417
f 403/520/418 402/536/418 414/537/418 415/521/418
f 400/524/419 399/539/419 411/540/419 412/525/419
f 407/528/420 406/541/420 418/542/420 419/529/420
f 414/537/421 413/526/421 424/543/421 425/544/421
f 409/545/422 420/530/422 431/546/422
f 411/540/423 410/533/423 421/547/423 422/548/423
f 418/542/424 417/535/424 428/549/424 429/550/424
f 415/521/425 414/537/425 425/544/425 426/551/425
f 412/525/426 411/540/426 422/548/426 423/552/426
f 419/529/427 418/542/427 429/550/427 430/553/427
f 416/522/428 415/521/428 426/551/428 427/554/428
f 413/526/429 412/525/429 423/552/429 424/543/429
f 420/530/430 419/529/430 430/553/430 431/546/430
f 410/533/431 397/555/431 421/547/431
f 417/535/432 416/522/432 427/554/432 428/549/432
f 424/543/433 423/552/433 434/556/433 435/557/433
f 431/546/434 430/553/434 441/558/434 442/559/434
f 421/547/435 397/560/435 432/561/435
f 428/549/436 427/554/436 438/562/436 439/563/436
f 425/544/437 424/543/437 435/557/437 436/564/437
f 409/565/438 431/546/438 442/559/438
f 422/548/439 421/547/439 432/561/439 433/566/439
f 429/550/440 428/549/440 439/563/440 440/567/440
f 426/551/441 425/544/441 436/564/441 437/568/441
f 423/552/442 422/548/442 433/566/442 434/556/442
f 430/553/443 429/550/443 440/567/443 441/558/443
f 427/554/444 426/551/444 437/568/444 438/562/444
f 437/568/445 436/564/445 447/569/445 448/570/445
f 434/556/446 433/566/446 444/571/446 445/572/446
f 441/558/447 440/567/447 451/573/447 452/574/447
f 438/562/448 437/568/448 448/570/448 449/575/448
f 435/557/449 434/556/449 445/572/449 446/576/449
f 442/559/450 441/558/450 452/574/450 453/577/450
f 432/561/451 397/578/451 443/579/451
f 439/563/452 438/562/452 449/575/452 450/580/452
f 436/564/453 435/557/453 446/576/453 447/569/453
f 409/581/454 442/559/454 453/577/454
f 433/566/455 432/561/455 443/579/455 444/571/455
f 440/567/456 439/563/456 450/580/456 451/573/456
f 447/569/457 446/576/457 457/582/457 458/583/457
f 409/584/458 453/577/458 464/585/458
f 444/571/459 443/579/459 454/586/459 455/587/459
f 451/573/460 450/580/460 461/588/460 462/589/460
f 448/570/461 447/569/461 458/583/461 459/590/461
f 445/572/462 444/571/462 455/587/462 456/591/462
f 452/574/463 451/573/463 462/589/463 463/592/463
f 449/575/464 448/570/464 459/590/464 460/593/464
f 446/576/465 445/572/465 456/591/465 457/582/465
f 453/577/466 452/574/466 463/592/466 464/585/466
f 443/579/467 397/594/467 454/586/467
f 450/580/468 449/575/468 460/593/468 461/588/468
f 460/593/469 459/590/469 470/595/469 471/596/469
f 457/582/470 456/591/470 467/597/470 468/598/470
f 464/585/471 463/592/471 474/599/471 475/600/471
f 454/586/472 397/601/472 465/602/472
f 461/588/473 460/593/473 471/596/473 472/603/473
f 458/583/474 457/582/474 468/598/474 469/604/474
f 409/605/475 464/585/475 475/600/475
f 455/587/476 454/586/476 465/602/476 466/606/476
f 462/589/477 461/588/477 472/603/477 473/607/477
f 459/590/478 458/583/478 469/604/478 470/595/478
f 456/591/479 455/587/479 466/606/479 467/597/479
f 463/592/480 462/589/480 473/607/480 474/599/480
f 470/595/481 469/604/481 480/608/481 481/609/481
f 467/597/482 466/606/482 477/610/482 478/611/482
f 474/599/483 473/607/483 484/612/483 485/613/483
f 471/596/484 470/595/484 481/609/484 482/614/484
f 468/598/485 467/597/485 478/611/485 479/615/485
f 475/600/486 474/599/486 485/613/486 486/616/486
f 465/602/487 397/617/487 476/618/487
f 472/603/488 471/596/488 482/614/488 483/619/488
f 469/604/489 468/598/489 479/615/489 480/608/489
f 409/620/490 475/600/490 486/616/490
f 466/606/491 465/602/491 476/618/491 477/610/491
f 473/607/492 472/603/492 483/619/492 484/612/492
f 483/619/493 482/614/493 493/621/493 494/622/493
f 480/608/494 479/615/494 490/623/494 491/624/494
f 409/625/495 486/616/495 497/626/495
f 477/610/496 476/618/496 487/627/496 488/628/496
f 484/612/497 483/619/497 494/622/497 495/629/497
f 481/609/498 480/608/498 491/624/498 492/630/498
f 478/611/499 477/610/499 488/628/499 489/631/499
f 485/613/500 484/612/500 495/629/500 496/632/500
f 482/614/501 481/609/501 492/630/501 493/621/501
f 479/615/502 478/611/502 489/631/502 490/623/502
f 486/616/503 485/613/503 496/632/503 497/626/503
f 476/618/504 397/633/504 487/627/504
f 493/621/505 492/630/505 503/634/505 504/635/505
f 490/623/506 489/631/506 500/636/506 501/637/506
f 497/626/507 496/632/507 507/638/507 508/639/507
f 487/627/508 397/640/508 498/641/508
f 494/622/509 493/621/509 504/635/509 505/642/509
f 491/624/510 490/623/510 501/637/510 502/643/510
f 409/644/511 497/626/511 508/639/511
f 488/628/512 487/627/512 498/641/512 499/645/512
f 495/629/513 494/622/513 505/642/513 506/646/513
f 492/630/514 491/624/514 502/643/514 503/634/514
f 489/631/515 488/628/515 499/645/515 500/636/515
f 496/632/516 495/629/516 506/646/516 507/638/516
f 506/646/517 505/642/517 516/647/517 517/648/517
f 503/634/518 502/643/518 513/649/518 514/650/518
f 500/636/519 499/645/519 510/651/519 511/652/519
f 507/638/520 506/646/520 517/648/520 518/653/520
f 504/635/521 503/634/521 514/650/521 515/654/521
f 501/637/522 500/636/522 511/652/522 512/655/522
f 508/639/523 507/638/523 518/653/523 519/656/523
f 498/641/524 397/657/524 509/658/524
f 505/642/525 504/635/525 515/654/525 516/647/525
f 502/643/526 501/637/526 512/655/526 513/649/526
f 409/659/527 508/639/527 519/656/527
f 499/645/528 498/641/528 509/658/528 510/651/528
f 509/658/529 397/660/529 520/661/529
f 516/647/530 515/654/530 526/662/530 527/663/530
f 513/649/531 512/655/531 523/664/531 524/665/531
f 409/666/532 519/656/532 530/667/532
f 510/651/533 509/658/533 520/661/533 521/668/533
f 517/648/534 516/647/534 527/663/534 528/669/534
f 514/650/535 513/649/535 524/665/535 525/670/535
f 511/652/536 510/651/536 521/668/536 522/671/536
f 518/653/537 517/648/537 528/669/537 529/672/537
f 515/654/538 514/650/538 525/670/538 526/662/538
f 512/655/539 511/652/539 522/671/539 523/664/539
f 519/656/540 518/653/540 529/672/540 530/667/540
f 529/672/541 528/669/541 539/673/541 540/674/541
f 526/662/542 525/670/542 536/675/542 537/676/542
f 523/664/543 522/671/543 533/677/543 534/678/543
f 530/667/544 529/672/544 540/674/544 541/679/544
f 520/661/545 397/680/545 531/681/545
f 527/663/546 526/662/546 537/676/546 538/682/546
f 524/665/547 523/664/547 534/678/547 535/683/547
f 409/684/548 530/667/548 541/679/548
f 521/668/549 520/661/549 531/681/549 532/685/549
f 528/669/550 527/663/550 538/682/550 539/673/550
f 525/670/551 524/665/551 535/683/551 536/675/551
f 522/671/552 521/668/552 532/685/552 533/677/552
f 532/686/553 531/687/553 542/688/553 543/689/553
f 539/690/554 538/691/554 549/692/554 550/693/554
f 536/694/555 535/695/555 546/696/555 547/697/555
f 533/698/556 532/686/556 543/689/556 544/699/556
f 540/700/557 539/690/557 550/693/557 551/701/557
f 537/702/558 536/694/558 547/697/558 548/703/558
f 534/704/559 533/698/559 544/699/559 545/705/559
f 541/706/560 540/700/560 551/701/560 552/707/560
f 531/687/561 397/708/561 542/688/561
f 538/691/562 537/702/562 548/703/562 549/692/562
f 535/695/563 534/704/563 545/705/563 546/696/563
f 409/709/564 541/706/564 552/707/564
f 552/707/565 551/701/565 562/710/565 563/711/565
f 542/688/566 397/712/566 553/713/566
f 549/692/567 548/703/567 559/714/567 560/715/567
f 546/696/568 545/705/568 556/716/568 557/717/568
f 409/718/569 552/707/569 563/711/569
f 543/689/570 542/688/570 553/713/570 554/719/570
f 550/693/571 549/692/571 560/715/571 561/720/571
f 547/697/572 546/696/572 557/717/572 558/721/572
f 544/699/573 543/689/573 554/719/573 555/722/573
f 551/701/574 550/693/574 561/720/574 562/710/574
f 548/703/575 547/697/575 558/721/575 559/714/575
f 545/705/576 544/699/576 555/722/576 556/716/576
f 555/722/577 554/719/577 565/723/577 566/724/577
f 562/710/578 561/720/578 572/725/578 573/726/578
f 559/714/579 558/721/579 569/727/579 570/728/579
f 556/716/580 555/722/580 566/724/580 567/729/580
f 563/711/581 562/710/581 573/726/581 574/730/581
f 553/713/582 397/731/582 564/732/582
f 560/715/583 559/714/583 570/728/583 571/733/583
f 557/717/584 556/716/584 567/729/584 568/734/584
f 409/735/585 563/711/585 574/730/585
f 554/719/586 553/713/586 564/732/586 565/723/586
f 561/720/587 560/715/587 571/733/587 572/725/587
f 558/721/588 557/717/588 568/734/588 569/727/588
f 409/736/589 574/730/589 408/527/589
f 565/723/590 564/732/590 398/531/590 399/539/590
f 572/725/591 571/733/591 405/534/591 406/541/591
f 569/727/592 568/734/592 402/536/592 403/520/592
f 566/724/593 565/723/593 399/539/593 400/524/593
f 573/726/594 572/725/594 406/541/594 407/528/594
f 570/728/595 569/727/595 403/520/595 404/519/595
f 567/729/596 566/724/596 400/524/596 401/523/596
f 574/730/597 573/726/597 407/528/597 408/527/597
f 564/732/598 397/737/598 398/531/598
f 571/733/599 570/728/599 404/519/599 405/534/599
f 568/734/600 567/729/600 401/523/600 402/536/600
o Chest_Plate
v -0.260000 0.070000 -0.150000
v -0.260000 0.070000 0.190000
v -0.260000 0.570000 -0.150000
v -0.260000 0.570000 0.190000
v 0.260000 0.070000 -0.150000
v 0.260000 0.070000 0.190000
v 0.260000 0.570000 -0.150000
v 0.260000 0.570000 0.190000
vn -1.0000 -0.0000 -0.0000
vn -0.0000 1.0000 -0.0000
vn 1.0000 -0.0000 -0.0000
vn -0.0000 -1.0000 -0.0000
vn -0.0000 -0.0000 -1.0000
vn -0.0000 -0.0000 1.0000
vt 0.375000 0.000000
vt 0.625000 0.000000
vt 0.625000 0.250000
vt 0.375000 0.250000
vt 0.625000 0.500000
vt 0.375000 0.500000
vt 0.625000 0.750000
vt 0.375000 0.750000
vt 0.625000 1.000000
vt 0.375000 1.000000
vt 0.125000 0.500000
vt 0.125000 0.750000
vt 0.875000 0.500000
vt 0.875000 0.750000
s 0
usemtl Ang_PearlWhite
f 575/738/601 576/739/601 578/740/601 577/741/601
f 577/741/602 578/740/602 582/742/602 581/743/602
f 581/743/603 582/742/603 580/744/603 579/745/603
f 579/745/604 580/744/604 576/746/604 575/747/604
f 577/748/605 581/743/605 579/745/605 575/749/605
f 582/742/606 578/750/606 576/751/606 580/744/606
o Solar_Sun_Core
v 0.000000 0.360000 0.290000
v 0.000000 0.383294 0.286933
v 0.000000 0.405000 0.277942
v 0.000000 0.437942 0.245000
v 0.000000 0.446933 0.223294
v 0.000000 0.450000 0.200000
v 0.000000 0.446933 0.176706
v 0.000000 0.437942 0.155000
v 0.000000 0.405000 0.122058
v 0.000000 0.383294 0.113067
v 0.000000 0.360000 0.110000
v 0.008914 0.381521 0.286933
v 0.017221 0.401575 0.277942
v 0.024354 0.418795 0.263640
v 0.029827 0.432009 0.245000
v 0.033268 0.440316 0.223294
v 0.034442 0.443149 0.200000
v 0.033268 0.440316 0.176706
v 0.029827 0.432009 0.155000
v 0.024354 0.418795 0.136360
v 0.017221 0.401575 0.122058
v 0.008914 0.381521 0.113067
v 0.016471 0.376471 0.286933
v 0.031820 0.391820 0.277942
v 0.045000 0.405000 0.263640
v 0.055114 0.415114 0.245000
v 0.061471 0.421471 0.223294
v 0.063640 0.423640 0.200000
v 0.061471 0.421471 0.176706
v 0.055114 0.415114 0.155000
v 0.045000 0.405000 0.136360
v 0.031820 0.391820 0.122058
v 0.016471 0.376471 0.113067
v 0.021521 0.368914 0.286933
v 0.041575 0.377221 0.277942
v 0.058795 0.384354 0.263640
v 0.072009 0.389827 0.245000
v 0.080316 0.393268 0.223294
v 0.083149 0.394442 0.200000
v 0.080316 0.393268 0.176706
v 0.072009 0.389827 0.155000
v 0.058795 0.384354 0.136360
v 0.041575 0.377221 0.122058
v 0.021521 0.368914 0.113067
v 0.023294 0.360000 0.286933
v 0.045000 0.360000 0.277942
v 0.063640 0.360000 0.263640
v 0.077942 0.360000 0.245000
v 0.086933 0.360000 0.223294
v 0.090000 0.360000 0.200000
v 0.086933 0.360000 0.176706
v 0.077942 0.360000 0.155000
v 0.063640 0.360000 0.136360
v 0.045000 0.360000 0.122058
v 0.023294 0.360000 0.113067
v 0.021521 0.351086 0.286933
v 0.041575 0.342779 0.277942
v 0.058795 0.335646 0.263640
v 0.072009 0.330173 0.245000
v 0.080316 0.326732 0.223294
v 0.083149 0.325558 0.200000
v 0.080316 0.326732 0.176706
v 0.072009 0.330173 0.155000
v 0.058795 0.335646 0.136360
v 0.041575 0.342779 0.122058
v 0.021521 0.351086 0.113067
v 0.016471 0.343529 0.286933
v 0.031820 0.328180 0.277942
v 0.045000 0.315000 0.263640
v 0.055113 0.304886 0.245000
v 0.061471 0.298529 0.223294
v 0.063640 0.296360 0.200000
v 0.061471 0.298529 0.176706
v 0.055113 0.304886 0.155000
v 0.045000 0.315000 0.136360
v 0.031820 0.328180 0.122058
v 0.016471 0.343529 0.113067
v 0.008914 0.338479 0.286933
v 0.017221 0.318425 0.277942
v 0.024354 0.301205 0.263640
v 0.029827 0.287991 0.245000
v 0.033268 0.279684 0.223294
v 0.034441 0.276851 0.200000
v 0.033268 0.279684 0.176706
v 0.029827 0.287991 0.155000
v 0.024354 0.301205 0.136360
v 0.017221 0.318425 0.122058
v 0.008914 0.338479 0.113067
v -0.000000 0.336706 0.286933
v -0.000000 0.315000 0.277942
v -0.000000 0.296360 0.263640
v -0.000000 0.282058 0.245000
v -0.000000 0.273067 0.223294
v -0.000000 0.270000 0.200000
v -0.000000 0.273067 0.176706
v -0.000000 0.282058 0.155000
v -0.000000 0.296360 0.136360
v -0.000000 0.315000 0.122058
v -0.000000 0.336706 0.113067
v -0.008914 0.338479 0.286933
v -0.017221 0.318425 0.277942
v -0.024354 0.301205 0.263640
v -0.029827 0.287991 0.245000
v -0.033268 0.279684 0.223294
v -0.034442 0.276851 0.200000
v -0.033268 0.279684 0.176706
v -0.029827 0.287991 0.155000
v -0.024354 0.301205 0.136360
v -0.017221 0.318425 0.122058
v -0.008914 0.338479 0.113067
v -0.016471 0.343529 0.286933
v -0.031820 0.328180 0.277942
v -0.045000 0.315000 0.263640
v -0.055114 0.304887 0.245000
v -0.061471 0.298529 0.223294
v -0.063640 0.296360 0.200000
v -0.061471 0.298529 0.176706
v -0.055114 0.304887 0.155000
v -0.045000 0.315000 0.136360
v -0.031820 0.328180 0.122058
v -0.016471 0.343529 0.113067
v -0.021521 0.351086 0.286933
v -0.041575 0.342779 0.277942
v -0.058795 0.335646 0.263640
v -0.072009 0.330173 0.245000
v -0.080316 0.326732 0.223294
v -0.083149 0.325559 0.200000
v -0.080316 0.326732 0.176706
v -0.072009 0.330173 0.155000
v -0.058795 0.335646 0.136360
v -0.041575 0.342779 0.122058
v -0.021521 0.351086 0.113067
v -0.023294 0.360000 0.286933
v -0.045000 0.360000 0.277942
v -0.063640 0.360000 0.263640
v -0.077942 0.360000 0.245000
v -0.086933 0.360000 0.223294
v -0.090000 0.360000 0.200000
v -0.086933 0.360000 0.176706
v -0.077942 0.360000 0.155000
v -0.063640 0.360000 0.136360
v -0.045000 0.360000 0.122058
v -0.023294 0.360000 0.113067
v -0.021521 0.368914 0.286933
v -0.041575 0.377221 0.277942
v -0.058795 0.384354 0.263640
v -0.072009 0.389827 0.245000
v -0.080316 0.393268 0.223294
v -0.083149 0.394442 0.200000
v -0.080316 0.393268 0.176706
v -0.072009 0.389827 0.155000
v -0.058795 0.384354 0.136360
v -0.041575 0.377221 0.122058
v -0.021521 0.368914 0.113067
v -0.016471 0.376471 0.286933
v -0.031820 0.391820 0.277942
v -0.045000 0.405000 0.263640
v -0.055113 0.415114 0.245000
v -0.061471 0.421471 0.223294
v -0.063640 0.423640 0.200000
v -0.061471 0.421471 0.176706
v -0.055113 0.415114 0.155000
v -0.045000 0.405000 0.136360
v -0.031820 0.391820 0.122058
v -0.016471 0.376471 0.113067
v -0.008914 0.381521 0.286933
v -0.017221 0.401575 0.277942
v -0.024354 0.418795 0.263640
v -0.029827 0.432009 0.245000
v -0.033268 0.440316 0.223294
v -0.034441 0.443149 0.200000
v -0.033268 0.440316 0.176706
v -0.029827 0.432009 0.155000
v -0.024354 0.418795 0.136360
v -0.017221 0.401575 0.122058
v -0.008914 0.381521 0.113067
v 0.000000 0.423640 0.263640
v 0.000000 0.423640 0.136360
vn 0.1935 0.9727 -0.1281
vn 0.1559 0.7837 0.6013
vn 0.0759 0.3816 -0.9212
vn 0.0260 0.1305 0.9911
vn 0.1807 0.9087 -0.3764
vn 0.1807 0.9087 0.3764
vn 0.0260 0.1305 -0.9911
vn 0.0759 0.3816 0.9212
vn 0.1559 0.7837 -0.6013
vn 0.1935 0.9727 0.1281
vn 0.1202 0.6043 0.7876
vn 0.1202 0.6043 -0.7876
vn 0.5147 0.7703 0.3764
vn 0.0739 0.1106 -0.9911
vn 0.2161 0.3235 0.9212
vn 0.4439 0.6644 -0.6013
vn 0.5510 0.8246 0.1281
vn 0.3423 0.5123 0.7876
vn 0.3423 0.5123 -0.7876
vn 0.5510 0.8246 -0.1281
vn 0.4439 0.6644 0.6013
vn 0.2161 0.3235 -0.9212
vn 0.0739 0.1106 0.9911
vn 0.5147 0.7703 -0.3764
vn 0.6644 0.4439 0.6013
vn 0.3235 0.2161 -0.9212
vn 0.1106 0.0739 0.9911
vn 0.7703 0.5147 -0.3764
vn 0.7703 0.5147 0.3764
vn 0.1106 0.0739 -0.9911
vn 0.3235 0.2161 0.9212
vn 0.6644 0.4439 -0.6013
vn 0.8246 0.5510 0.1281
vn 0.5123 0.3423 0.7876
vn 0.5123 0.3423 -0.7876
vn 0.8246 0.5510 -0.1281
vn 0.9727 0.1935 0.1281
vn 0.6043 0.1202 0.7876
vn 0.6043 0.1202 -0.7876
vn 0.9727 0.1935 -0.1281
vn 0.7837 0.1559 0.6013
vn 0.3816 0.0759 -0.9212
vn 0.1305 0.0260 0.9911
vn 0.9087 0.1807 -0.3764
vn 0.9087 0.1807 0.3764
vn 0.1305 0.0260 -0.9911
vn 0.3816 0.0759 0.9212
vn 0.7837 0.1559 -0.6013
vn 0.9087 -0.1807 0.3764
vn 0.1305 -0.0260 -0.9911
vn 0.3816 -0.0759 0.9212
vn 0.7837 -0.1559 -0.6013
vn 0.9727 -0.1935 0.1281
vn 0.6043 -0.1202 0.7876
vn 0.6043 -0.1202 -0.7876
vn 0.9727 -0.1935 -0.1281
vn 0.7837 -0.1559 0.6013
vn 0.3816 -0.0759 -0.9212
vn 0.1305 -0.0260 0.9911
vn 0.9087 -0.1807 -0.3764
vn 0.8246 -0.5510 -0.1281
vn 0.6644 -0.4439 0.6013
vn 0.3235 -0.2161 -0.9212
vn 0.1106 -0.0739 0.9911
vn 0.7703 -0.5147 -0.3764
vn 0.7703 -0.5147 0.3764
vn 0.1106 -0.0739 -0.9911
vn 0.3235 -0.2161 0.9212
vn 0.6644 -0.4439 -0.6013
vn 0.8246 -0.5510 0.1281
vn 0.5123 -0.3423 0.7876
vn 0.5123 -0.3423 -0.7876
vn 0.5510 -0.8246 0.1281
vn 0.3423 -0.5123 0.7876
vn 0.3423 -0.5123 -0.7876
vn 0.5510 -0.8246 -0.1281
vn 0.4439 -0.6644 0.6013
vn 0.2161 -0.3235 -0.9212
vn 0.0739 -0.1106 0.9911
vn 0.5147 -0.7703 -0.3764
vn 0.5147 -0.7703 0.3764
vn 0.0739 -0.1106 -0.9911
vn 0.2161 -0.3235 0.9212
vn 0.4439 -0.6644 -0.6013
vn 0.1807 -0.9087 -0.3764
vn 0.1807 -0.9087 0.3764
vn 0.0260 -0.1305 -0.9911
vn 0.0759 -0.3816 0.9212
vn 0.1559 -0.7837 -0.6013
vn 0.1935 -0.9727 0.1281
vn 0.1202 -0.6043 0.7876
vn 0.1202 -0.6043 -0.7876
vn 0.1935 -0.9727 -0.1281
vn 0.1559 -0.7837 0.6013
vn 0.0759 -0.3816 -0.9212
vn 0.0260 -0.1305 0.9911
vn -0.1935 -0.9727 -0.1281
vn -0.1559 -0.7837 0.6013
vn -0.0759 -0.3816 -0.9212
vn -0.0260 -0.1305 0.9911
vn -0.1807 -0.9087 -0.3764
vn -0.1807 -0.9087 0.3764
vn -0.0260 -0.1305 -0.9911
vn -0.0759 -0.3816 0.9212
vn -0.1559 -0.7837 -0.6013
vn -0.1935 -0.9727 0.1281
vn -0.1202 -0.6043 0.7876
vn -0.1202 -0.6043 -0.7876
vn -0.4439 -0.6644 -0.6013
vn -0.5510 -0.8246 0.1281
vn -0.3423 -0.5123 0.7876
vn -0.3423 -0.5123 -0.7876
vn -0.5510 -0.8246 -0.1281
vn -0.4439 -0.6644 0.6013
vn -0.2161 -0.3235 -0.9212
vn -0.0739 -0.1106 0.9911
vn -0.5147 -0.7703 -0.3764
vn -0.5147 -0.7703 0.3764
vn -0.0739 -0.1106 -0.9911
vn -0.2161 -0.3235 0.9212
vn -0.1106 -0.0739 0.9911
vn -0.7703 -0.5147 -0.3764
vn -0.7703 -0.5147 0.3764
vn -0.1106 -0.0739 -0.9911
vn -0.3235 -0.2161 0.9212
vn -0.6644 -0.4439 -0.6013
vn -0.8246 -0.5510 0.1281
vn -0.5123 -0.3423 0.7876
vn -0.5123 -0.3423 -0.7876
vn -0.8246 -0.5510 -0.1281
vn -0.6644 -0.4439 0.6013
vn -0.3235 -0.2161 -0.9212
vn -0.6043 -0.1202 -0.7876
vn -0.9727 -0.1935 -0.1281
vn -0.7837 -0.1559 0.6013
vn -0.3816 -0.0759 -0.9212
vn -0.1305 -0.0260 0.9911
vn -0.9087 -0.1807 -0.3764
vn -0.9087 -0.1807 0.3764
vn -0.1305 -0.0260 -0.9911
vn -0.3816 -0.0759 0.9212
vn -0.7837 -0.1559 -0.6013
vn -0.9727 -0.1935 0.1281
vn -0.6043 -0.1202 0.7876
vn -0.3816 0.0759 0.9212
vn -0.7837 0.1559 -0.6013
vn -0.9727 0.1935 0.1281
vn -0.6043 0.1202 0.7876
vn -0.6043 0.1202 -0.7876
vn -0.9727 0.1935 -0.1281
vn -0.7837 0.1559 0.6013
vn -0.3816 0.0759 -0.9212
vn -0.1305 0.0260 0.9911
vn -0.9087 0.1807 -0.3764
vn -0.9087 0.1807 0.3764
vn -0.1305 0.0260 -0.9911
vn -0.3235 0.2161 -0.9212
vn -0.1106 0.0739 0.9911
vn -0.7703 0.5147 -0.3764
vn -0.7703 0.5147 0.3764
vn -0.1106 0.0739 -0.9911
vn -0.3235 0.2161 0.9212
vn -0.6644 0.4439 -0.6013
vn -0.8246 0.5510 0.1281
vn -0.5123 0.3423 0.7876
vn -0.5123 0.3423 -0.7876
vn -0.8246 0.5510 -0.1281
vn -0.6644 0.4439 0.6013
vn -0.3423 0.5123 0.7876
vn -0.3423 0.5123 -0.7876
vn -0.5510 0.8246 -0.1281
vn -0.4439 0.6644 0.6013
vn -0.2161 0.3235 -0.9212
vn -0.0739 0.1106 0.9911
vn -0.5147 0.7703 -0.3764
vn -0.5147 0.7703 0.3764
vn -0.0739 0.1106 -0.9911
vn -0.2161 0.3235 0.9212
vn -0.4439 0.6644 -0.6013
vn -0.5510 0.8246 0.1281
vn -0.0260 0.1305 -0.9911
vn -0.0759 0.3816 0.9212
vn -0.1559 0.7837 -0.6013
vn -0.1935 0.9727 0.1281
vn -0.1202 0.6043 0.7876
vn -0.1202 0.6043 -0.7876
vn -0.1935 0.9727 -0.1281
vn -0.1559 0.7837 0.6013
vn -0.0759 0.3816 -0.9212
vn -0.0260 0.1305 0.9911
vn -0.1807 0.9087 -0.3764
vn -0.1807 0.9087 0.3764
vt 0.750000 0.416667
vt 0.750000 0.500000
vt 0.687500 0.500000
vt 0.687500 0.416667
vt 0.750000 0.666667
vt 0.750000 0.750000
vt 0.687500 0.750000
vt 0.687500 0.666667
vt 0.750000 0.083333
vt 0.750000 0.166667
vt 0.687500 0.166667
vt 0.687500 0.083333
vt 0.750000 0.916667
vt 0.718750 1.000000
vt 0.687500 0.916667
vt 0.750000 0.333333
vt 0.687500 0.333333
vt 0.750000 0.583333
vt 0.687500 0.583333
vt 0.718750 0.000000
vt 0.750000 0.833333
vt 0.687500 0.833333
vt 0.750000 0.250000
vt 0.687500 0.250000
vt 0.625000 0.666667
vt 0.625000 0.583333
vt 0.656250 0.000000
vt 0.625000 0.083333
vt 0.625000 0.916667
vt 0.625000 0.833333
vt 0.625000 0.333333
vt 0.625000 0.250000
vt 0.625000 0.500000
vt 0.625000 0.750000
vt 0.625000 0.166667
vt 0.625000 0.416667
vt 0.656250 1.000000
vt 0.562500 0.750000
vt 0.562500 0.666667
vt 0.562500 0.166667
vt 0.562500 0.083333
vt 0.593750 1.000000
vt 0.562500 0.916667
vt 0.562500 0.416667
vt 0.562500 0.333333
vt 0.562500 0.583333
vt 0.593750 0.000000
vt 0.562500 0.833333
vt 0.562500 0.250000
vt 0.562500 0.500000
vt 0.500000 0.583333
vt 0.500000 0.500000
vt 0.500000 0.833333
vt 0.500000 0.750000
vt 0.500000 0.250000
vt 0.500000 0.166667
vt 0.500000 0.416667
vt 0.500000 0.666667
vt 0.500000 0.083333
vt 0.531250 1.000000
vt 0.500000 0.916667
vt 0.500000 0.333333
vt 0.531250 0.000000
vt 0.437500 0.666667
vt 0.437500 0.583333
vt 0.468750 0.000000
vt 0.437500 0.083333
vt 0.437500 0.916667
vt 0.437500 0.833333
vt 0.437500 0.333333
vt 0.437500 0.250000
vt 0.437500 0.500000
vt 0.437500 0.750000
vt 0.437500 0.166667
vt 0.437500 0.416667
vt 0.468750 1.000000
vt 0.375000 0.500000
vt 0.375000 0.416667
vt 0.375000 0.750000
vt 0.375000 0.666667
vt 0.375000 0.166667
vt 0.375000 0.083333
vt 0.406250 1.000000
vt 0.375000 0.916667
vt 0.375000 0.333333
vt 0.375000 0.583333
vt 0.406250 0.000000
vt 0.375000 0.833333
vt 0.375000 0.250000
vt 0.312500 0.583333
vt 0.312500 0.500000
vt 0.312500 0.833333
vt 0.312500 0.750000
vt 0.312500 0.250000
vt 0.312500 0.166667
vt 0.312500 0.416667
vt 0.312500 0.666667
vt 0.312500 0.083333
vt 0.343750 1.000000
vt 0.312500 0.916667
vt 0.312500 0.333333
vt 0.343750 0.000000
vt 0.250000 0.416667
vt 0.250000 0.333333
vt 0.250000 0.666667
vt 0.250000 0.583333
vt 0.281250 0.000000
vt 0.250000 0.083333
vt 0.250000 0.916667
vt 0.250000 0.833333
vt 0.250000 0.250000
vt 0.250000 0.500000
vt 0.250000 0.750000
vt 0.250000 0.166667
vt 0.281250 1.000000
vt 0.187500 0.500000
vt 0.187500 0.416667
vt 0.187500 0.750000
vt 0.187500 0.666667
vt 0.187500 0.166667
vt 0.187500 0.083333
vt 0.218750 1.000000
vt 0.187500 0.916667
vt 0.187500 0.333333
vt 0.187500 0.583333
vt 0.218750 0.000000
vt 0.187500 0.833333
vt 0.187500 0.250000
vt 0.125000 0.333333
vt 0.125000 0.250000
vt 0.125000 0.583333
vt 0.125000 0.500000
vt 0.125000 0.833333
vt 0.125000 0.750000
vt 0.125000 0.166667
vt 0.125000 0.416667
vt 0.125000 0.666667
vt 0.125000 0.083333
vt 0.156250 1.000000
vt 0.125000 0.916667
vt 0.156250 0.000000
vt 0.093750 1.000000
vt 0.062500 0.916667
vt 0.062500 0.416667
vt 0.062500 0.333333
vt 0.062500 0.666667
vt 0.062500 0.583333
vt 0.093750 0.000000
vt 0.062500 0.083333
vt 0.062500 0.833333
vt 0.062500 0.250000
vt 0.062500 0.500000
vt 0.062500 0.750000
vt 0.062500 0.166667
vt 0.000000 0.250000
vt 0.000000 0.166667
vt 0.000000 0.500000
vt 0.000000 0.416667
vt 0.000000 0.750000
vt 0.000000 0.666667
vt 0.000000 0.083333
vt 0.031250 1.000000
vt 0.000000 0.916667
vt 0.000000 0.333333
vt 0.000000 0.583333
vt 0.031250 0.000000
vt 0.000000 0.833333
vt 1.000000 0.833333
vt 1.000000 0.916667
vt 0.937500 0.916667
vt 0.937500 0.833333
vt 1.000000 0.250000
vt 1.000000 0.333333
vt 0.937500 0.333333
vt 0.937500 0.250000
vt 1.000000 0.500000
vt 1.000000 0.583333
vt 0.937500 0.583333
vt 0.937500 0.500000
vt 1.000000 0.750000
vt 0.937500 0.750000
vt 1.000000 0.166667
vt 0.937500 0.166667
vt 1.000000 0.416667
vt 0.937500 0.416667
vt 1.000000 0.666667
vt 0.937500 0.666667
vt 1.000000 0.083333
vt 0.937500 0.083333
vt 0.968750 1.000000
vt 0.968750 0.000000
vt 0.875000 0.166667
vt 0.875000 0.083333
vt 0.906250 1.000000
vt 0.875000 0.916667
vt 0.875000 0.416667
vt 0.875000 0.333333
vt 0.875000 0.666667
vt 0.875000 0.583333
vt 0.906250 0.000000
vt 0.875000 0.833333
vt 0.875000 0.250000
vt 0.875000 0.500000
vt 0.875000 0.750000
vt 0.812500 0.833333
vt 0.812500 0.750000
vt 0.812500 0.250000
vt 0.812500 0.166667
vt 0.812500 0.500000
vt 0.812500 0.416667
vt 0.812500 0.666667
vt 0.812500 0.083333
vt 0.843750 1.000000
vt 0.812500 0.916667
vt 0.812500 0.333333
vt 0.812500 0.583333
vt 0.843750 0.000000
vt 0.781250 0.000000
vt 0.781250 1.000000
s 0
usemtl Ang_Halo
f 589/752/607 588/753/607 599/754/607 600/755/607
f 586/756/608 759/757/608 596/758/608 597/759/608
f 592/760/609 591/761/609 603/762/609 604/763/609
f 584/764/610 583/765/610 594/766/610
f 590/767/611 589/752/611 600/755/611 601/768/611
f 587/769/612 586/756/612 597/759/612 598/770/612
f 593/771/613 592/760/613 604/763/613
f 585/772/614 584/764/614 594/766/614 595/773/614
f 760/774/615 590/767/615 601/768/615 602/775/615
f 588/753/616 587/769/616 598/770/616 599/754/616
f 759/757/617 585/772/617 595/773/617 596/758/617
f 591/761/618 760/774/618 602/775/618 603/762/618
f 598/770/619 597/759/619 608/776/619 609/777/619
f 593/778/620 604/763/620 615/779/620
f 595/773/621 594/766/621 605/780/621 606/781/621
f 602/775/622 601/768/622 612/782/622 613/783/622
f 599/754/623 598/770/623 609/777/623 610/784/623
f 596/758/624 595/773/624 606/781/624 607/785/624
f 603/762/625 602/775/625 613/783/625 614/786/625
f 600/755/626 599/754/626 610/784/626 611/787/626
f 597/759/627 596/758/627 607/785/627 608/776/627
f 604/763/628 603/762/628 614/786/628 615/779/628
f 594/766/629 583/788/629 605/780/629
f 601/768/630 600/755/630 611/787/630 612/782/630
f 608/776/631 607/785/631 618/789/631 619/790/631
f 615/779/632 614/786/632 625/791/632 626/792/632
f 605/780/633 583/793/633 616/794/633
f 612/782/634 611/787/634 622/795/634 623/796/634
f 609/777/635 608/776/635 619/790/635 620/797/635
f 593/798/636 615/779/636 626/792/636
f 606/781/637 605/780/637 616/794/637 617/799/637
f 613/783/638 612/782/638 623/796/638 624/800/638
f 610/784/639 609/777/639 620/797/639 621/801/639
f 607/785/640 606/781/640 617/799/640 618/789/640
f 614/786/641 613/783/641 624/800/641 625/791/641
f 611/787/642 610/784/642 621/801/642 622/795/642
f 621/801/643 620/797/643 631/802/643 632/803/643
f 618/789/644 617/799/644 628/804/644 629/805/644
f 625/791/645 624/800/645 635/806/645 636/807/645
f 622/795/646 621/801/646 632/803/646 633/808/646
f 619/790/647 618/789/647 629/805/647 630/809/647
f 626/792/648 625/791/648 636/807/648 637/810/648
f 616/794/649 583/811/649 627/812/649
f 623/796/650 622/795/650 633/808/650 634/813/650
f 620/797/651 619/790/651 630/809/651 631/802/651
f 593/814/652 626/792/652 637/810/652
f 617/799/653 616/794/653 627/812/653 628/804/653
f 624/800/654 623/796/654 634/813/654 635/806/654
f 631/802/655 630/809/655 641/815/655 642/816/655
f 593/817/656 637/810/656 648/818/656
f 628/804/657 627/812/657 638/819/657 639/820/657
f 635/806/658 634/813/658 645/821/658 646/822/658
f 632/803/659 631/802/659 642/816/659 643/823/659
f 629/805/660 628/804/660 639/820/660 640/824/660
f 636/807/661 635/806/661 646/822/661 647/825/661
f 633/808/662 632/803/662 643/823/662 644/826/662
f 630/809/663 629/805/663 640/824/663 641/815/663
f 637/810/664 636/807/664 647/825/664 648/818/664
f 627/812/665 583/827/665 638/819/665
f 634/813/666 633/808/666 644/826/666 645/821/666
f 644/826/667 643/823/667 654/828/667 655/829/667
f 641/815/668 640/824/668 651/830/668 652/831/668
f 648/818/669 647/825/669 658/832/669 659/833/669
f 638/819/670 583/834/670 649/835/670
f 645/821/671 644/826/671 655/829/671 656/836/671
f 642/816/672 641/815/672 652/831/672 653/837/672
f 593/838/673 648/818/673 659/833/673
f 639/820/674 638/819/674 649/835/674 650/839/674
f 646/822/675 645/821/675 656/836/675 657/840/675
f 643/823/676 642/816/676 653/837/676 654/828/676
f 640/824/677 639/820/677 650/839/677 651/830/677
f 647/825/678 646/822/678 657/840/678 658/832/678
f 654/828/679 653/837/679 664/841/679 665/842/679
f 651/830/680 650/839/680 661/843/680 662/844/680
f 658/832/681 657/840/681 668/845/681 669/846/681
f 655/829/682 654/828/682 665/842/682 666/847/682
f 652/831/683 651/830/683 662/844/683 663/848/683
f 659/833/684 658/832/684 669/846/684 670/849/684
f 649/835/685 583/850/685 660/851/685
f 656/836/686 655/829/686 666/847/686 667/852/686
f 653/837/687 652/831/687 663/848/687 664/841/687
f 593/853/688 659/833/688 670/849/688
f 650/839/689 649/835/689 660/851/689 661/843/689
f 657/840/690 656/836/690 667/852/690 668/845/690
f 667/852/691 666/847/691 677/854/691 678/855/691
f 664/841/692 663/848/692 674/856/692 675/857/692
f 593/858/693 670/849/693 681/859/693
f 661/843/694 660/851/694 671/860/694 672/861/694
f 668/845/695 667/852/695 678/855/695 679/862/695
f 665/842/696 664/841/696 675/857/696 676/863/696
f 662/844/697 661/843/697 672/861/697 673/864/697
f 669/846/698 668/845/698 679/862/698 680/865/698
f 666/847/699 665/842/699 676/863/699 677/854/699
f 663/848/700 662/844/700 673/864/700 674/856/700
f 670/849/701 669/846/701 680/865/701 681/859/701
f 660/851/702 583/866/702 671/860/702
f 677/854/703 676/863/703 687/867/703 688/868/703
f 674/856/704 673/864/704 684/869/704 685/870/704
f 681/859/705 680/865/705 691/871/705 692/872/705
f 671/860/706 583/873/706 682/874/706
f 678/855/707 677/854/707 688/868/707 689/875/707
f 675/857/708 674/856/708 685/870/708 686/876/708
f 593/877/709 681/859/709 692/872/709
f 672/861/710 671/860/710 682/874/710 683/878/710
f 679/862/711 678/855/711 689/875/711 690/879/711
f 676/863/712 675/857/712 686/876/712 687/867/712
f 673/864/713 672/861/713 683/878/713 684/869/713
f 680/865/714 679/862/714 690/879/714 691/871/714
f 690/879/715 689/875/715 700/880/715 701/881/715
f 687/867/716 686/876/716 697/882/716 698/883/716
f 684/869/717 683/878/717 694/884/717 695/885/717
f 691/871/718 690/879/718 701/881/718 702/886/718
f 688/868/719 687/867/719 698/883/719 699/887/719
f 685/870/720 684/869/720 695/885/720 696/888/720
f 692/872/721 691/871/721 702/886/721 703/889/721
f 682/874/722 583/890/722 693/891/722
f 689/875/723 688/868/723 699/887/723 700/880/723
f 686/876/724 685/870/724 696/888/724 697/882/724
f 593/892/725 692/872/725 703/889/725
f 683/878/726 682/874/726 693/891/726 694/884/726
f 693/891/727 583/893/727 704/894/727
f 700/880/728 699/887/728 710/895/728 711/896/728
f 697/882/729 696/888/729 707/897/729 708/898/729
f 593/899/730 703/889/730 714/900/730
f 694/884/731 693/891/731 704/894/731 705/901/731
f 701/881/732 700/880/732 711/896/732 712/902/732
f 698/883/733 697/882/733 708/898/733 709/903/733
f 695/885/734 694/884/734 705/901/734 706/904/734
f 702/886/735 701/881/735 712/902/735 713/905/735
f 699/887/736 698/883/736 709/903/736 710/895/736
f 696/888/737 695/885/737 706/904/737 707/897/737
f 703/889/738 702/886/738 713/905/738 714/900/738
f 713/905/739 712/902/739 723/906/739 724/907/739
f 710/895/740 709/903/740 720/908/740 721/909/740
f 707/897/741 706/904/741 717/910/741 718/911/741
f 714/900/742 713/905/742 724/907/742 725/912/742
f 704/894/743 583/913/743 715/914/743
f 711/896/744 710/895/744 721/909/744 722/915/744
f 708/898/745 707/897/745 718/911/745 719/916/745
f 593/917/746 714/900/746 725/912/746
f 705/901/747 704/894/747 715/914/747 716/918/747
f 712/902/748 711/896/748 722/915/748 723/906/748
f 709/903/749 708/898/749 719/916/749 720/908/749
f 706/904/750 705/901/750 716/918/750 717/910/750
f 716/919/751 715/920/751 726/921/751 727/922/751
f 723/923/752 722/924/752 733/925/752 734/926/752
f 720/927/753 719/928/753 730/929/753 731/930/753
f 717/931/754 716/919/754 727/922/754 728/932/754
f 724/933/755 723/923/755 734/926/755 735/934/755
f 721/935/756 720/927/756 731/930/756 732/936/756
f 718/937/757 717/931/757 728/932/757 729/938/757
f 725/939/758 724/933/758 735/934/758 736/940/758
f 715/920/759 583/941/759 726/921/759
f 722/924/760 721/935/760 732/936/760 733/925/760
f 719/928/761 718/937/761 729/938/761 730/929/761
f 593/942/762 725/939/762 736/940/762
f 736/940/763 735/934/763 746/943/763 747/944/763
f 726/921/764 583/945/764 737/946/764
f 733/925/765 732/936/765 743/947/765 744/948/765
f 730/929/766 729/938/766 740/949/766 741/950/766
f 593/951/767 736/940/767 747/944/767
f 727/922/768 726/921/768 737/946/768 738/952/768
f 734/926/769 733/925/769 744/948/769 745/953/769
f 731/930/770 730/929/770 741/950/770 742/954/770
f 728/932/771 727/922/771 738/952/771 739/955/771
f 735/934/772 734/926/772 745/953/772 746/943/772
f 732/936/773 731/930/773 742/954/773 743/947/773
f 729/938/774 728/932/774 739/955/774 740/949/774
f 739/955/775 738/952/775 749/956/775 750/957/775
f 746/943/776 745/953/776 756/958/776 757/959/776
f 743/947/777 742/954/777 753/960/777 754/961/777
f 740/949/778 739/955/778 750/957/778 751/962/778
f 747/944/779 746/943/779 757/959/779 758/963/779
f 737/946/780 583/964/780 748/965/780
f 744/948/781 743/947/781 754/961/781 755/966/781
f 741/950/782 740/949/782 751/962/782 752/967/782
f 593/968/783 747/944/783 758/963/783
f 738/952/784 737/946/784 748/965/784 749/956/784
f 745/953/785 744/948/785 755/966/785 756/958/785
f 742/954/786 741/950/786 752/967/786 753/960/786
f 593/969/787 758/963/787 592/760/787
f 749/956/788 748/965/788 584/764/788 585/772/788
f 756/958/789 755/966/789 590/767/789 760/774/789
f 753/960/790 752/967/790 587/769/790 588/753/790
f 750/957/791 749/956/791 585/772/791 759/757/791
f 757/959/792 756/958/792 760/774/792 591/761/792
f 754/961/793 753/960/793 588/753/793 589/752/793
f 751/962/794 750/957/794 759/757/794 586/756/794
f 758/963/795 757/959/795 591/761/795 592/760/795
f 748/965/796 583/970/796 584/764/796
f 755/966/797 754/961/797 589/752/797 590/767/797
f 752/967/798 751/962/798 586/756/798 587/769/798
o Gold_Ribs
v -0.210000 0.140000 -0.160000
v -0.210000 0.140000 0.200000
v -0.210000 0.260000 -0.160000
v -0.210000 0.260000 0.200000
v 0.210000 0.140000 -0.160000
v 0.210000 0.140000 0.200000
v 0.210000 0.260000 -0.160000
v 0.210000 0.260000 0.200000
vn -1.0000 -0.0000 -0.0000
vn -0.0000 1.0000 -0.0000
vn 1.0000 -0.0000 -0.0000
vn -0.0000 -1.0000 -0.0000
vn -0.0000 -0.0000 -1.0000
vn -0.0000 -0.0000 1.0000
vt 0.375000 0.000000
vt 0.625000 0.000000
vt 0.625000 0.250000
vt 0.375000 0.250000
vt 0.625000 0.500000
vt 0.375000 0.500000
vt 0.625000 0.750000
vt 0.375000 0.750000
vt 0.625000 1.000000
vt 0.375000 1.000000
vt 0.125000 0.500000
vt 0.125000 0.750000
vt 0.875000 0.500000
vt 0.875000 0.750000
s 0
usemtl Ang_Gold
f 761/971/799 762/972/799 764/973/799 763/974/799
f 763/974/800 764/973/800 768/975/800 767/976/800
f 767/976/801 768/975/801 766/977/801 765/978/801
f 765/978/802 766/977/802 762/979/802 761/980/802
f 763/981/803 767/976/803 765/978/803 761/982/803
f 768/975/804 764/983/804 762/984/804 766/977/804
o Wing_Bone_L
v -0.085650 0.472218 -0.459808
v -0.297782 0.684350 0.059808
v -0.078429 0.460691 -0.452154
v -0.290561 0.672823 0.067461
v -0.076613 0.446613 -0.445665
v -0.288746 0.658746 0.073950
v -0.080480 0.432128 -0.441330
v -0.292612 0.644260 0.078285
v -0.089439 0.419439 -0.439808
v -0.301571 0.631571 0.079808
v -0.102128 0.410480 -0.441330
v -0.314260 0.622612 0.078285
v -0.116613 0.406613 -0.445665
v -0.328746 0.618746 0.073950
v -0.130691 0.408429 -0.452154
v -0.342823 0.620561 0.067461
v -0.142218 0.415650 -0.459808
v -0.354350 0.627782 0.059808
v -0.149439 0.427177 -0.467461
v -0.361571 0.639309 0.052154
v -0.151254 0.441254 -0.473950
v -0.363387 0.653387 0.045665
v -0.147388 0.455740 -0.478285
v -0.359520 0.667872 0.041330
v -0.138429 0.468429 -0.479808
v -0.350561 0.680561 0.039808
v -0.125740 0.477388 -0.478285
v -0.337872 0.689520 0.041330
v -0.111254 0.481255 -0.473950
v -0.323387 0.693387 0.045665
v -0.097177 0.479439 -0.467461
v -0.309309 0.691571 0.052154
vn 0.8130 0.5741 0.0975
vn 0.9282 0.2477 0.2778
vn 0.9020 -0.1163 0.4157
vn 0.7386 -0.4627 0.4904
vn 0.4627 -0.7386 0.4904
vn 0.1163 -0.9020 0.4157
vn -0.2477 -0.9282 0.2778
vn -0.5741 -0.8130 0.0975
vn -0.8130 -0.5741 -0.0975
vn -0.9282 -0.2477 -0.2778
vn -0.9020 0.1163 -0.4157
vn -0.7386 0.4627 -0.4904
vn -0.4627 0.7386 -0.4904
vn -0.1163 0.9020 -0.4157
vn -0.3536 0.3536 0.8660
vn 0.2477 0.9282 -0.2778
vn 0.5741 0.8130 -0.0975
vn 0.3536 -0.3536 -0.8660
vt 1.000000 0.500000
vt 1.000000 1.000000
vt 0.937500 1.000000
vt 0.937500 0.500000
vt 0.875000 1.000000
vt 0.875000 0.500000
vt 0.812500 1.000000
vt 0.812500 0.500000
vt 0.750000 1.000000
vt 0.750000 0.500000
vt 0.687500 1.000000
vt 0.687500 0.500000
vt 0.625000 1.000000
vt 0.625000 0.500000
vt 0.562500 1.000000
vt 0.562500 0.500000
vt 0.500000 1.000000
vt 0.500000 0.500000
vt 0.437500 1.000000
vt 0.437500 0.500000
vt 0.375000 1.000000
vt 0.375000 0.500000
vt 0.312500 1.000000
vt 0.312500 0.500000
vt 0.250000 1.000000
vt 0.250000 0.500000
vt 0.187500 1.000000
vt 0.187500 0.500000
vt 0.125000 1.000000
vt 0.125000 0.500000
vt 0.341844 0.471731
vt 0.250000 0.490000
vt 0.158156 0.471731
vt 0.080294 0.419706
vt 0.028269 0.341844
vt 0.010000 0.250000
vt 0.028269 0.158156
vt 0.080294 0.080294
vt 0.158156 0.028269
vt 0.250000 0.010000
vt 0.341844 0.028269
vt 0.419706 0.080294
vt 0.471731 0.158156
vt 0.490000 0.250000
vt 0.471731 0.341844
vt 0.419706 0.419706
vt 0.062500 1.000000
vt 0.062500 0.500000
vt 0.000000 1.000000
vt 0.000000 0.500000
vt 0.750000 0.490000
vt 0.841844 0.471731
vt 0.919706 0.419706
vt 0.971731 0.341844
vt 0.990000 0.250000
vt 0.971731 0.158156
vt 0.919706 0.080294
vt 0.841844 0.028269
vt 0.750000 0.010000
vt 0.658156 0.028269
vt 0.580294 0.080294
vt 0.528269 0.158156
vt 0.510000 0.250000
vt 0.528269 0.341844
vt 0.580294 0.419706
vt 0.658156 0.471731
s 0
usemtl Ang_Gold
f 769/985/805 770/986/805 772/987/805 771/988/805
f 771/988/806 772/987/806 774/989/806 773/990/806
f 773/990/807 774/989/807 776/991/807 775/992/807
f 775/992/808 776/991/808 778/993/808 777/994/808
f 777/994/809 778/993/809 780/995/809 779/996/809
f 779/996/810 780/995/810 782/997/810 781/998/810
f 781/998/811 782/997/811 784/999/811 783/1000/811
f 783/1000/812 784/999/812 786/1001/812 785/1002/812
f 785/1002/813 786/1001/813 788/1003/813 787/1004/813
f 787/1004/814 788/1003/814 790/1005/814 789/1006/814
f 789/1006/815 790/1005/815 792/1007/815 791/1008/815
f 791/1008/816 792/1007/816 794/1009/816 793/1010/816
f 793/1010/817 794/1009/817 796/1011/817 795/1012/817
f 795/1012/818 796/1011/818 798/1013/818 797/1014/818
f 772/1015/819 770/1016/819 800/1017/819 798/1018/819 796/1019/819 794/1020/819 792/1021/819 790/1022/819 788/1023/819 786/1024/819 784/1025/819 782/1026/819 780/1027/819 778/1028/819 776/1029/819 774/1030/819
f 797/1014/820 798/1013/820 800/1031/820 799/1032/820
f 799/1032/821 800/1031/821 770/1033/821 769/1034/821
f 769/1035/822 771/1036/822 773/1037/822 775/1038/822 777/1039/822 779/1040/822 781/1041/822 783/1042/822 785/1043/822 787/1044/822 789/1045/822 791/1046/822 793/1047/822 795/1048/822 797/1049/822 799/1050/822
o Feather_L_0
v -0.465171 0.274908 -0.314726
v -0.475557 0.282181 -0.287536
v -0.258684 0.569803 -0.314726
v -0.269069 0.577075 -0.287536
v -0.390931 0.222925 -0.272464
v -0.401316 0.230197 -0.245274
v -0.184443 0.517820 -0.272464
v -0.194829 0.525092 -0.245274
vn -0.7424 0.5198 -0.4226
vn 0.5736 0.8192 -0.0000
vn 0.7424 -0.5198 0.4226
vn -0.5736 -0.8192 -0.0000
vn 0.3462 -0.2424 -0.9063
vn -0.3462 0.2424 0.9063
vt 0.375000 0.000000
vt 0.625000 0.000000
vt 0.625000 0.250000
vt 0.375000 0.250000
vt 0.625000 0.500000
vt 0.375000 0.500000
vt 0.625000 0.750000
vt 0.375000 0.750000
vt 0.625000 1.000000
vt 0.375000 1.000000
vt 0.125000 0.500000
vt 0.125000 0.750000
vt 0.875000 0.500000
vt 0.875000 0.750000
s 0
usemtl Ang_WingFeather
f 801/1051/823 802/1052/823 804/1053/823 803/1054/823
f 803/1054/824 804/1053/824 808/1055/824 807/1056/824
f 807/1056/825 808/1055/825 806/1057/825 805/1058/825
f 805/1058/826 806/1057/826 802/1059/826 801/1060/826
f 803/1061/827 807/1056/827 805/1058/827 801/1062/827
f 808/1055/828 804/1063/828 802/1064/828 806/1057/828
o Feather_L_1
v -0.645171 0.414908 -0.354726
v -0.655557 0.422181 -0.327536
v -0.438684 0.709803 -0.354726
v -0.449069 0.717075 -0.327536
v -0.570931 0.362925 -0.312464
v -0.581316 0.370197 -0.285274
v -0.364443 0.657820 -0.312464
v -0.374829 0.665092 -0.285274
vn -0.7424 0.5198 -0.4226
vn 0.5736 0.8192 -0.0000
vn 0.7424 -0.5198 0.4226
vn -0.5736 -0.8192 -0.0000
vn 0.3462 -0.2424 -0.9063
vn -0.3462 0.2424 0.9063
vt 0.375000 0.000000
vt 0.625000 0.000000
vt 0.625000 0.250000
vt 0.375000 0.250000
vt 0.625000 0.500000
vt 0.375000 0.500000
vt 0.625000 0.750000
vt 0.375000 0.750000
vt 0.625000 1.000000
vt 0.375000 1.000000
vt 0.125000 0.500000
vt 0.125000 0.750000
vt 0.875000 0.500000
vt 0.875000 0.750000
s 0
usemtl Ang_WingFeather
f 809/1065/829 810/1066/829 812/1067/829 811/1068/829
f 811/1068/830 812/1067/830 816/1069/830 815/1070/830
f 815/1070/831 816/1069/831 814/1071/831 813/1072/831
f 813/1072/832 814/1071/832 810/1073/832 809/1074/832
f 811/1075/833 815/1070/833 813/1072/833 809/1076/833
f 816/1069/834 812/1077/834 810/1078/834 814/1071/834
o Feather_L_2
v -0.825171 0.554908 -0.394726
v -0.835557 0.562181 -0.367536
v -0.618684 0.849803 -0.394726
v -0.629069 0.857075 -0.367536
v -0.750931 0.502925 -0.352464
v -0.761316 0.510197 -0.325274
v -0.544443 0.797819 -0.352464
v -0.554829 0.805092 -0.325274
vn -0.7424 0.5198 -0.4226
vn 0.5736 0.8192 -0.0000
vn 0.7424 -0.5198 0.4226
vn -0.5736 -0.8192 -0.0000
vn 0.3462 -0.2424 -0.9063
vn -0.3462 0.2424 0.9063
vt 0.375000 0.000000
vt 0.625000 0.000000
vt 0.625000 0.250000
vt 0.375000 0.250000
vt 0.625000 0.500000
vt 0.375000 0.500000
vt 0.625000 0.750000
vt 0.375000 0.750000
vt 0.625000 1.000000
vt 0.375000 1.000000
vt 0.125000 0.500000
vt 0.125000 0.750000
vt 0.875000 0.500000
vt 0.875000 0.750000
s 0
usemtl Ang_WingFeather
f 817/1079/835 818/1080/835 820/1081/835 819/1082/835
f 819/1082/836 820/1081/836 824/1083/836 823/1084/836
f 823/1084/837 824/1083/837 822/1085/837 821/1086/837
f 821/1086/838 822/1085/838 818/1087/838 817/1088/838
f 819/1089/839 823/1084/839 821/1086/839 817/1090/839
f 824/1083/840 820/1091/840 818/1092/840 822/1085/840
o Feather_L_3
v -1.005171 0.694908 -0.434726
v -1.015557 0.702181 -0.407536
v -0.798684 0.989803 -0.434726
v -0.809069 0.997075 -0.407536
v -0.930931 0.642925 -0.392464
v -0.941316 0.650197 -0.365274
v -0.724443 0.937819 -0.392464
v -0.734829 0.945092 -0.365274
vn -0.7424 0.5198 -0.4226
vn 0.5736 0.8192 -0.0000
vn 0.7424 -0.5198 0.4226
vn -0.5736 -0.8192 -0.0000
vn 0.3462 -0.2424 -0.9063
vn -0.3462 0.2424 0.9063
vt 0.375000 0.000000
vt 0.625000 0.000000
vt 0.625000 0.250000
vt 0.375000 0.250000
vt 0.625000 0.500000
vt 0.375000 0.500000
vt 0.625000 0.750000
vt 0.375000 0.750000
vt 0.625000 1.000000
vt 0.375000 1.000000
vt 0.125000 0.500000
vt 0.125000 0.750000
vt 0.875000 0.500000
vt 0.875000 0.750000
s 0
usemtl Ang_WingFeather
f 825/1093/841 826/1094/841 828/1095/841 827/1096/841
f 827/1096/842 828/1095/842 832/1097/842 831/1098/842
f 831/1098/843 832/1097/843 830/1099/843 829/1100/843
f 829/1100/844 830/1099/844 826/1101/844 825/1102/844
f 827/1103/845 831/1098/845 829/1100/845 825/1104/845
f 832/1097/846 828/1105/846 826/1106/846 830/1099/846
o Wing_Bone_R
v 0.085650 0.472218 -0.459808
v 0.297782 0.684350 0.059808
v 0.097177 0.479439 -0.467461
v 0.309309 0.691571 0.052154
v 0.111254 0.481255 -0.473950
v 0.323387 0.693387 0.045665
v 0.125740 0.477388 -0.478285
v 0.337872 0.689520 0.041330
v 0.138429 0.468429 -0.479808
v 0.350561 0.680561 0.039808
v 0.147388 0.455740 -0.478285
v 0.359520 0.667872 0.041330
v 0.151254 0.441254 -0.473950
v 0.363387 0.653387 0.045665
v 0.149439 0.427177 -0.467461
v 0.361571 0.639309 0.052154
v 0.142218 0.415650 -0.459808
v 0.354350 0.627782 0.059808
v 0.130691 0.408429 -0.452154
v 0.342823 0.620561 0.067461
v 0.116613 0.406613 -0.445665
v 0.328746 0.618746 0.073950
v 0.102128 0.410480 -0.441330
v 0.314260 0.622612 0.078285
v 0.089439 0.419439 -0.439808
v 0.301571 0.631571 0.079808
v 0.080480 0.432128 -0.441330
v 0.292612 0.644260 0.078285
v 0.076613 0.446613 -0.445665
v 0.288746 0.658746 0.073950
v 0.078429 0.460691 -0.452154
v 0.290561 0.672823 0.067461
vn -0.5741 0.8130 -0.0975
vn -0.2477 0.9282 -0.2778
vn 0.1163 0.9020 -0.4157
vn 0.4627 0.7386 -0.4904
vn 0.7386 0.4627 -0.4904
vn 0.9020 0.1163 -0.4157
vn 0.9282 -0.2477 -0.2778
vn 0.8130 -0.5741 -0.0975
vn 0.5741 -0.8130 0.0975
vn 0.2477 -0.9282 0.2778
vn -0.1163 -0.9020 0.4157
vn -0.4627 -0.7386 0.4904
vn -0.7386 -0.4627 0.4904
vn -0.9020 -0.1163 0.4157
vn 0.3536 0.3536 0.8660
vn -0.9282 0.2477 0.2778
vn -0.8130 0.5741 0.0975
vn -0.3536 -0.3536 -0.8660
vt 1.000000 0.500000
vt 1.000000 1.000000
vt 0.937500 1.000000
vt 0.937500 0.500000
vt 0.875000 1.000000
vt 0.875000 0.500000
vt 0.812500 1.000000
vt 0.812500 0.500000
vt 0.750000 1.000000
vt 0.750000 0.500000
vt 0.687500 1.000000
vt 0.687500 0.500000
vt 0.625000 1.000000
vt 0.625000 0.500000
vt 0.562500 1.000000
vt 0.562500 0.500000
vt 0.500000 1.000000
vt 0.500000 0.500000
vt 0.437500 1.000000
vt 0.437500 0.500000
vt 0.375000 1.000000
vt 0.375000 0.500000
vt 0.312500 1.000000
vt 0.312500 0.500000
vt 0.250000 1.000000
vt 0.250000 0.500000
vt 0.187500 1.000000
vt 0.187500 0.500000
vt 0.125000 1.000000
vt 0.125000 0.500000
vt 0.341844 0.471731
vt 0.250000 0.490000
vt 0.158156 0.471731
vt 0.080294 0.419706
vt 0.028269 0.341844
vt 0.010000 0.250000
vt 0.028269 0.158156
vt 0.080294 0.080294
vt 0.158156 0.028269
vt 0.250000 0.010000
vt 0.341844 0.028269
vt 0.419706 0.080294
vt 0.471731 0.158156
vt 0.490000 0.250000
vt 0.471731 0.341844
vt 0.419706 0.419706
vt 0.062500 1.000000
vt 0.062500 0.500000
vt 0.000000 1.000000
vt 0.000000 0.500000
vt 0.750000 0.490000
vt 0.841844 0.471731
vt 0.919706 0.419706
vt 0.971731 0.341844
vt 0.990000 0.250000
vt 0.971731 0.158156
vt 0.919706 0.080294
vt 0.841844 0.028269
vt 0.750000 0.010000
vt 0.658156 0.028269
vt 0.580294 0.080294
vt 0.528269 0.158156
vt 0.510000 0.250000
vt 0.528269 0.341844
vt 0.580294 0.419706
vt 0.658156 0.471731
s 0
usemtl Ang_Gold
f 833/1107/847 834/1108/847 836/1109/847 835/1110/847
f 835/1110/848 836/1109/848 838/1111/848 837/1112/848
f 837/1112/849 838/1111/849 840/1113/849 839/1114/849
f 839/1114/850 840/1113/850 842/1115/850 841/1116/850
f 841/1116/851 842/1115/851 844/1117/851 843/1118/851
f 843/1118/852 844/1117/852 846/1119/852 845/1120/852
f 845/1120/853 846/1119/853 848/1121/853 847/1122/853
f 847/1122/854 848/1121/854 850/1123/854 849/1124/854
f 849/1124/855 850/1123/855 852/1125/855 851/1126/855
f 851/1126/856 852/1125/856 854/1127/856 853/1128/856
f 853/1128/857 854/1127/857 856/1129/857 855/1130/857
f 855/1130/858 856/1129/858 858/1131/858 857/1132/858
f 857/1132/859 858/1131/859 860/1133/859 859/1134/859
f 859/1134/860 860/1133/860 862/1135/860 861/1136/860
f 836/1137/861 834/1138/861 864/1139/861 862/1140/861 860/1141/861 858/1142/861 856/1143/861 854/1144/861 852/1145/861 850/1146/861 848/1147/861 846/1148/861 844/1149/861 842/1150/861 840/1151/861 838/1152/861
f 861/1136/862 862/1135/862 864/1153/862 863/1154/862
f 863/1154/863 864/1153/863 834/1155/863 833/1156/863
f 833/1157/864 835/1158/864 837/1159/864 839/1160/864 841/1161/864 843/1162/864 845/1163/864 847/1164/864 849/1165/864 851/1166/864 853/1167/864 855/1168/864 857/1169/864 859/1170/864 861/1171/864 863/1172/864
o Feather_R_0
v 0.390931 0.222925 -0.272464
v 0.401316 0.230197 -0.245274
v 0.184443 0.517820 -0.272464
v 0.194829 0.525092 -0.245274
v 0.465171 0.274908 -0.314726
v 0.475557 0.282181 -0.287536
v 0.258684 0.569803 -0.314726
v 0.269069 0.577075 -0.287536
vn -0.7424 -0.5198 0.4226
vn -0.5736 0.8192 -0.0000
vn 0.7424 0.5198 -0.4226
vn 0.5736 -0.8192 -0.0000
vn -0.3462 -0.2424 -0.9063
vn 0.3462 0.2424 0.9063
vt 0.375000 0.000000
vt 0.625000 0.000000
vt 0.625000 0.250000
vt 0.375000 0.250000
vt 0.625000 0.500000
vt 0.375000 0.500000
vt 0.625000 0.750000
vt 0.375000 0.750000
vt 0.625000 1.000000
vt 0.375000 1.000000
vt 0.125000 0.500000
vt 0.125000 0.750000
vt 0.875000 0.500000
vt 0.875000 0.750000
s 0
usemtl Ang_WingFeather
f 865/1173/865 866/1174/865 868/1175/865 867/1176/865
f 867/1176/866 868/1175/866 872/1177/866 871/1178/866
f 871/1178/867 872/1177/867 870/1179/867 869/1180/867
f 869/1180/868 870/1179/868 866/1181/868 865/1182/868
f 867/1183/869 871/1178/869 869/1180/869 865/1184/869
f 872/1177/870 868/1185/870 866/1186/870 870/1179/870
o Feather_R_1
v 0.570931 0.362925 -0.312464
v 0.581316 0.370197 -0.285274
v 0.364443 0.657820 -0.312464
v 0.374829 0.665092 -0.285274
v 0.645171 0.414908 -0.354726
v 0.655557 0.422181 -0.327536
v 0.438684 0.709803 -0.354726
v 0.449069 0.717075 -0.327536
vn -0.7424 -0.5198 0.4226
vn -0.5736 0.8192 -0.0000
vn 0.7424 0.5198 -0.4226
vn 0.5736 -0.8192 -0.0000
vn -0.3462 -0.2424 -0.9063
vn 0.3462 0.2424 0.9063
vt 0.375000 0.000000
vt 0.625000 0.000000
vt 0.625000 0.250000
vt 0.375000 0.250000
vt 0.625000 0.500000
vt 0.375000 0.500000
vt 0.625000 0.750000
vt 0.375000 0.750000
vt 0.625000 1.000000
vt 0.375000 1.000000
vt 0.125000 0.500000
vt 0.125000 0.750000
vt 0.875000 0.500000
vt 0.875000 0.750000
s 0
usemtl Ang_WingFeather
f 873/1187/871 874/1188/871 876/1189/871 875/1190/871
f 875/1190/872 876/1189/872 880/1191/872 879/1192/872
f 879/1192/873 880/1191/873 878/1193/873 877/1194/873
f 877/1194/874 878/1193/874 874/1195/874 873/1196/874
f 875/1197/875 879/1192/875 877/1194/875 873/1198/875
f 880/1191/876 876/1199/876 874/1200/876 878/1193/876
o Feather_R_2
v 0.750931 0.502925 -0.352464
v 0.761316 0.510197 -0.325274
v 0.544443 0.797819 -0.352464
v 0.554829 0.805092 -0.325274
v 0.825171 0.554908 -0.394726
v 0.835557 0.562181 -0.367536
v 0.618684 0.849803 -0.394726
v 0.629069 0.857075 -0.367536
vn -0.7424 -0.5198 0.4226
vn -0.5736 0.8192 -0.0000
vn 0.7424 0.5198 -0.4226
vn 0.5736 -0.8192 -0.0000
vn -0.3462 -0.2424 -0.9063
vn 0.3462 0.2424 0.9063
vt 0.375000 0.000000
vt 0.625000 0.000000
vt 0.625000 0.250000
vt 0.375000 0.250000
vt 0.625000 0.500000
vt 0.375000 0.500000
vt 0.625000 0.750000
vt 0.375000 0.750000
vt 0.625000 1.000000
vt 0.375000 1.000000
vt 0.125000 0.500000
vt 0.125000 0.750000
vt 0.875000 0.500000
vt 0.875000 0.750000
s 0
usemtl Ang_WingFeather
f 881/1201/877 882/1202/877 884/1203/877 883/1204/877
f 883/1204/878 884/1203/878 888/1205/878 887/1206/878
f 887/1206/879 888/1205/879 886/1207/879 885/1208/879
f 885/1208/880 886/1207/880 882/1209/880 881/1210/880
f 883/1211/881 887/1206/881 885/1208/881 881/1212/881
f 888/1205/882 884/1213/882 882/1214/882 886/1207/882
o Feather_R_3
v 0.930931 0.642925 -0.392464
v 0.941316 0.650197 -0.365274
v 0.724443 0.937819 -0.392464
v 0.734829 0.945092 -0.365274
v 1.005171 0.694908 -0.434726
v 1.015557 0.702181 -0.407536
v 0.798684 0.989803 -0.434726
v 0.809069 0.997075 -0.407536
vn -0.7424 -0.5198 0.4226
vn -0.5736 0.8192 -0.0000
vn 0.7424 0.5198 -0.4226
vn 0.5736 -0.8192 -0.0000
vn -0.3462 -0.2424 -0.9063
vn 0.3462 0.2424 0.9063
vt 0.375000 0.000000
vt 0.625000 0.000000
vt 0.625000 0.250000
vt 0.375000 0.250000
vt 0.625000 0.500000
vt 0.375000 0.500000
vt 0.625000 0.750000
vt 0.375000 0.750000
vt 0.625000 1.000000
vt 0.375000 1.000000
vt 0.125000 0.500000
vt 0.125000 0.750000
vt 0.875000 0.500000
vt 0.875000 0.750000
s 0
usemtl Ang_WingFeather
f 889/1215/883 890/1216/883 892/1217/883 891/1218/883
f 891/1218/884 892/1217/884 896/1219/884 895/1220/884
f 895/1220/885 896/1219/885 894/1221/885 893/1222/885
f 893/1222/886 894/1221/886 890/1223/886 889/1224/886
f 891/1225/887 895/1220/887 893/1222/887 889/1226/887
f 896/1219/888 892/1227/888 890/1228/888 894/1221/888
o Pauldron_L
v -0.360000 0.420000 0.160000
v -0.360000 0.461411 0.154548
v -0.360000 0.500000 0.138564
v -0.360000 0.558564 0.080000
v -0.360000 0.574548 0.041411
v -0.360000 0.580000 0.000000
v -0.360000 0.558564 -0.080000
v -0.360000 0.500000 -0.138564
v -0.360000 0.461411 -0.154548
v -0.360000 0.420000 -0.160000
v -0.344153 0.458259 0.154548
v -0.329385 0.493910 0.138564
v -0.316704 0.524525 0.113137
v -0.306974 0.548016 0.080000
v -0.300857 0.562784 0.041411
v -0.298771 0.567821 0.000000
v -0.300857 0.562784 -0.041411
v -0.306974 0.548016 -0.080000
v -0.316704 0.524525 -0.113137
v -0.329385 0.493910 -0.138564
v -0.344153 0.458259 -0.154548
v -0.330718 0.449282 0.154548
v -0.303431 0.476569 0.138564
v -0.280000 0.500000 0.113137
v -0.262020 0.517980 0.080000
v -0.250718 0.529282 0.041411
v -0.246863 0.533137 0.000000
v -0.250718 0.529282 -0.041411
v -0.262020 0.517980 -0.080000
v -0.280000 0.500000 -0.113137
v -0.303431 0.476569 -0.138564
v -0.330718 0.449282 -0.154548
v -0.321741 0.435847 0.154548
v -0.286090 0.450615 0.138564
v -0.255475 0.463296 0.113137
v -0.231984 0.473026 0.080000
v -0.217216 0.479143 0.041411
v -0.212179 0.481229 0.000000
v -0.217216 0.479143 -0.041411
v -0.231984 0.473026 -0.080000
v -0.255475 0.463296 -0.113137
v -0.286090 0.450615 -0.138564
v -0.321741 0.435847 -0.154548
v -0.318589 0.420000 0.154548
v -0.280000 0.420000 0.138564
v -0.246863 0.420000 0.113137
v -0.221436 0.420000 0.080000
v -0.205452 0.420000 0.041411
v -0.200000 0.420000 0.000000
v -0.205452 0.420000 -0.041411
v -0.221436 0.420000 -0.080000
v -0.246863 0.420000 -0.113137
v -0.280000 0.420000 -0.138564
v -0.318589 0.420000 -0.154548
v -0.321741 0.404153 0.154548
v -0.286090 0.389385 0.138564
v -0.255475 0.376704 0.113137
v -0.231984 0.366974 0.080000
v -0.217216 0.360857 0.041411
v -0.212179 0.358771 0.000000
v -0.217216 0.360857 -0.041411
v -0.231984 0.366974 -0.080000
v -0.255475 0.376704 -0.113137
v -0.286090 0.389385 -0.138564
v -0.321741 0.404153 -0.154548
v -0.330718 0.390718 0.154548
v -0.303431 0.363431 0.138564
v -0.280000 0.340000 0.113137
v -0.262020 0.322020 0.080000
v -0.250718 0.310718 0.041411
v -0.246863 0.306863 0.000000
v -0.250718 0.310718 -0.041411
v -0.262020 0.322020 -0.080000
v -0.280000 0.340000 -0.113137
v -0.303431 0.363431 -0.138564
v -0.330718 0.390718 -0.154548
v -0.344153 0.381741 0.154548
v -0.329385 0.346090 0.138564
v -0.316704 0.315475 0.113137
v -0.306974 0.291983 0.080000
v -0.300857 0.277216 0.041411
v -0.298771 0.272179 0.000000
v -0.300857 0.277216 -0.041411
v -0.306974 0.291983 -0.080000
v -0.316704 0.315475 -0.113137
v -0.329385 0.346090 -0.138564
v -0.344153 0.381741 -0.154548
v -0.360000 0.378589 0.154548
v -0.360000 0.340000 0.138564
v -0.360000 0.306863 0.113137
v -0.360000 0.281436 0.080000
v -0.360000 0.265452 0.041411
v -0.360000 0.260000 0.000000
v -0.360000 0.265452 -0.041411
v -0.360000 0.281436 -0.080000
v -0.360000 0.306863 -0.113137
v -0.360000 0.340000 -0.138564
v -0.360000 0.378589 -0.154548
v -0.375847 0.381741 0.154548
v -0.390615 0.346090 0.138564
v -0.403296 0.315475 0.113137
v -0.413026 0.291984 0.080000
v -0.419143 0.277216 0.041411
v -0.421229 0.272179 0.000000
v -0.419143 0.277216 -0.041411
v -0.413026 0.291984 -0.080000
v -0.403296 0.315475 -0.113137
v -0.390615 0.346090 -0.138564
v -0.375847 0.381741 -0.154548
v -0.389282 0.390718 0.154548
v -0.416569 0.363431 0.138564
v -0.440000 0.340000 0.113137
v -0.457980 0.322020 0.080000
v -0.469282 0.310718 0.041411
v -0.473137 0.306863 0.000000
v -0.469282 0.310718 -0.041411
v -0.457980 0.322020 -0.080000
v -0.440000 0.340000 -0.113137
v -0.416569 0.363431 -0.138564
v -0.389282 0.390718 -0.154548
v -0.398259 0.404153 0.154548
v -0.433910 0.389385 0.138564
v -0.464525 0.376704 0.113137
v -0.488017 0.366974 0.080000
v -0.502784 0.360857 0.041411
v -0.507821 0.358771 0.000000
v -0.502784 0.360857 -0.041411
v -0.488017 0.366974 -0.080000
v -0.464525 0.376704 -0.113137
v -0.433910 0.389385 -0.138564
v -0.398259 0.404153 -0.154548
v -0.401411 0.420000 0.154548
v -0.440000 0.420000 0.138564
v -0.473137 0.420000 0.113137
v -0.498564 0.420000 0.080000
v -0.514548 0.420000 0.041411
v -0.520000 0.420000 0.000000
v -0.514548 0.420000 -0.041411
v -0.498564 0.420000 -0.080000
v -0.473137 0.420000 -0.113137
v -0.440000 0.420000 -0.138564
v -0.401411 0.420000 -0.154548
v -0.398259 0.435847 0.154548
v -0.433910 0.450615 0.138564
v -0.464525 0.463296 0.113137
v -0.488016 0.473026 0.080000
v -0.502784 0.479143 0.041411
v -0.507821 0.481229 0.000000
v -0.502784 0.479143 -0.041411
v -0.488016 0.473026 -0.080000
v -0.464525 0.463296 -0.113137
v -0.433910 0.450615 -0.138564
v -0.398259 0.435847 -0.154548
v -0.389282 0.449282 0.154548
v -0.416569 0.476569 0.138564
v -0.440000 0.500000 0.113137
v -0.457980 0.517980 0.080000
v -0.469282 0.529282 0.041411
v -0.473137 0.533137 0.000000
v -0.469282 0.529282 -0.041411
v -0.457980 0.517980 -0.080000
v -0.440000 0.500000 -0.113137
v -0.416569 0.476569 -0.138564
v -0.389282 0.449282 -0.154548
v -0.375847 0.458259 0.154548
v -0.390615 0.493910 0.138564
v -0.403296 0.524525 0.113137
v -0.413026 0.548017 0.080000
v -0.419143 0.562784 0.041411
v -0.421229 0.567821 0.000000
v -0.419143 0.562784 -0.041411
v -0.413026 0.548017 -0.080000
v -0.403296 0.524525 -0.113137
v -0.390615 0.493910 -0.138564
v -0.375847 0.458259 -0.154548
v -0.360000 0.533137 0.113137
v -0.360000 0.574548 -0.041411
v -0.360000 0.533137 -0.113137
vn 0.1935 0.9727 -0.1281
vn 0.1559 0.7837 0.6013
vn 0.0759 0.3816 -0.9212
vn 0.0260 0.1305 0.9911
vn 0.1807 0.9087 -0.3764
vn 0.1807 0.9087 0.3764
vn 0.0260 0.1305 -0.9911
vn 0.0759 0.3816 0.9212
vn 0.1559 0.7837 -0.6013
vn 0.1935 0.9727 0.1281
vn 0.1202 0.6043 0.7876
vn 0.1202 0.6043 -0.7876
vn 0.5147 0.7703 0.3764
vn 0.0739 0.1106 -0.9911
vn 0.2161 0.3235 0.9212
vn 0.4439 0.6644 -0.6013
vn 0.5510 0.8246 0.1281
vn 0.3423 0.5123 0.7876
vn 0.3423 0.5123 -0.7876
vn 0.5510 0.8246 -0.1281
vn 0.4439 0.6644 0.6013
vn 0.2161 0.3235 -0.9212
vn 0.0739 0.1106 0.9911
vn 0.5147 0.7703 -0.3764
vn 0.6644 0.4439 0.6013
vn 0.3235 0.2161 -0.9212
vn 0.1106 0.0739 0.9911
vn 0.7703 0.5147 -0.3764
vn 0.7703 0.5147 0.3764
vn 0.1106 0.0739 -0.9911
vn 0.3235 0.2161 0.9212
vn 0.6644 0.4439 -0.6013
vn 0.8246 0.5510 0.1281
vn 0.5123 0.3423 0.7876
vn 0.5123 0.3423 -0.7876
vn 0.8246 0.5510 -0.1281
vn 0.9727 0.1935 0.1281
vn 0.6043 0.1202 0.7876
vn 0.6043 0.1202 -0.7876
vn 0.9727 0.1935 -0.1281
vn 0.7837 0.1559 0.6013
vn 0.3816 0.0759 -0.9212
vn 0.1305 0.0260 0.9911
vn 0.9087 0.1807 -0.3764
vn 0.9087 0.1807 0.3764
vn 0.1305 0.0260 -0.9911
vn 0.3816 0.0759 0.9212
vn 0.7837 0.1559 -0.6013
vn 0.9087 -0.1807 0.3764
vn 0.1305 -0.0260 -0.9911
vn 0.3816 -0.0759 0.9212
vn 0.7837 -0.1559 -0.6013
vn 0.9727 -0.1935 0.1281
vn 0.6043 -0.1202 0.7876
vn 0.6043 -0.1202 -0.7876
vn 0.9727 -0.1935 -0.1281
vn 0.7837 -0.1559 0.6013
vn 0.3816 -0.0759 -0.9212
vn 0.1305 -0.0260 0.9911
vn 0.9087 -0.1807 -0.3764
vn 0.8246 -0.5510 -0.1281
vn 0.6644 -0.4439 0.6013
vn 0.3235 -0.2161 -0.9212
vn 0.1106 -0.0739 0.9911
vn 0.7703 -0.5147 -0.3764
vn 0.7703 -0.5147 0.3764
vn 0.1106 -0.0739 -0.9911
vn 0.3235 -0.2161 0.9212
vn 0.6644 -0.4439 -0.6013
vn 0.8246 -0.5510 0.1281
vn 0.5123 -0.3423 0.7876
vn 0.5123 -0.3423 -0.7876
vn 0.5510 -0.8246 0.1281
vn 0.3423 -0.5123 0.7876
vn 0.3423 -0.5123 -0.7876
vn 0.5510 -0.8246 -0.1281
vn 0.4439 -0.6644 0.6013
vn 0.2161 -0.3235 -0.9212
vn 0.0739 -0.1106 0.9911
vn 0.5147 -0.7703 -0.3764
vn 0.5147 -0.7703 0.3764
vn 0.0739 -0.1106 -0.9911
vn 0.2161 -0.3235 0.9212
vn 0.4439 -0.6644 -0.6013
vn 0.1807 -0.9087 -0.3764
vn 0.1807 -0.9087 0.3764
vn 0.0260 -0.1305 -0.9911
vn 0.0759 -0.3816 0.9212
vn 0.1559 -0.7837 -0.6013
vn 0.1935 -0.9727 0.1281
vn 0.1202 -0.6043 0.7876
vn 0.1202 -0.6043 -0.7876
vn 0.1935 -0.9727 -0.1281
vn 0.1559 -0.7837 0.6013
vn 0.0759 -0.3816 -0.9212
vn 0.0260 -0.1305 0.9911
vn -0.1935 -0.9727 -0.1281
vn -0.1559 -0.7837 0.6013
vn -0.0759 -0.3816 -0.9212
vn -0.0260 -0.1305 0.9911
vn -0.1807 -0.9087 -0.3764
vn -0.1807 -0.9087 0.3764
vn -0.0260 -0.1305 -0.9911
vn -0.0759 -0.3816 0.9212
vn -0.1559 -0.7837 -0.6013
vn -0.1935 -0.9727 0.1281
vn -0.1202 -0.6043 0.7876
vn -0.1202 -0.6043 -0.7876
vn -0.4439 -0.6644 -0.6013
vn -0.5510 -0.8246 0.1281
vn -0.3423 -0.5123 0.7876
vn -0.3423 -0.5123 -0.7876
vn -0.5510 -0.8246 -0.1281
vn -0.4439 -0.6644 0.6013
vn -0.2161 -0.3235 -0.9212
vn -0.0739 -0.1106 0.9911
vn -0.5147 -0.7703 -0.3764
vn -0.5147 -0.7703 0.3764
vn -0.0739 -0.1106 -0.9911
vn -0.2161 -0.3235 0.9212
vn -0.1106 -0.0739 0.9911
vn -0.7703 -0.5147 -0.3764
vn -0.7703 -0.5147 0.3764
vn -0.1106 -0.0739 -0.9911
vn -0.3235 -0.2161 0.9212
vn -0.6644 -0.4439 -0.6013
vn -0.8246 -0.5510 0.1281
vn -0.5123 -0.3423 0.7876
vn -0.5123 -0.3423 -0.7876
vn -0.8246 -0.5510 -0.1281
vn -0.6644 -0.4439 0.6013
vn -0.3235 -0.2161 -0.9212
vn -0.6043 -0.1202 -0.7876
vn -0.9727 -0.1935 -0.1281
vn -0.7837 -0.1559 0.6013
vn -0.3816 -0.0759 -0.9212
vn -0.1305 -0.0260 0.9911
vn -0.9087 -0.1807 -0.3764
vn -0.9087 -0.1807 0.3764
vn -0.1305 -0.0260 -0.9911
vn -0.3816 -0.0759 0.9212
vn -0.7837 -0.1559 -0.6013
vn -0.9727 -0.1935 0.1281
vn -0.6043 -0.1202 0.7876
vn -0.3816 0.0759 0.9212
vn -0.7837 0.1559 -0.6013
vn -0.9727 0.1935 0.1281
vn -0.6043 0.1202 0.7876
vn -0.6043 0.1202 -0.7876
vn -0.9727 0.1935 -0.1281
vn -0.7837 0.1559 0.6013
vn -0.3816 0.0759 -0.9212
vn -0.1305 0.0260 0.9911
vn -0.9087 0.1807 -0.3764
vn -0.9087 0.1807 0.3764
vn -0.1305 0.0260 -0.9911
vn -0.3235 0.2161 -0.9212
vn -0.1106 0.0739 0.9911
vn -0.7703 0.5147 -0.3764
vn -0.7703 0.5147 0.3764
vn -0.1106 0.0739 -0.9911
vn -0.3235 0.2161 0.9212
vn -0.6644 0.4439 -0.6013
vn -0.8246 0.5510 0.1281
vn -0.5123 0.3423 0.7876
vn -0.5123 0.3423 -0.7876
vn -0.8246 0.5510 -0.1281
vn -0.6644 0.4439 0.6013
vn -0.3423 0.5123 0.7876
vn -0.3423 0.5123 -0.7876
vn -0.5510 0.8246 -0.1281
vn -0.4439 0.6644 0.6013
vn -0.2161 0.3235 -0.9212
vn -0.0739 0.1106 0.9911
vn -0.5147 0.7703 -0.3764
vn -0.5147 0.7703 0.3764
vn -0.0739 0.1106 -0.9911
vn -0.2161 0.3235 0.9212
vn -0.4439 0.6644 -0.6013
vn -0.5510 0.8246 0.1281
vn -0.0260 0.1305 -0.9911
vn -0.0759 0.3816 0.9212
vn -0.1559 0.7837 -0.6013
vn -0.1935 0.9727 0.1281
vn -0.1202 0.6043 0.7876
vn -0.1202 0.6043 -0.7876
vn -0.1935 0.9727 -0.1281
vn -0.1559 0.7837 0.6013
vn -0.0759 0.3816 -0.9212
vn -0.0260 0.1305 0.9911
vn -0.1807 0.9087 -0.3764
vn -0.1807 0.9087 0.3764
vt 0.750000 0.416667
vt 0.750000 0.500000
vt 0.687500 0.500000
vt 0.687500 0.416667
vt 0.750000 0.666667
vt 0.750000 0.750000
vt 0.687500 0.750000
vt 0.687500 0.666667
vt 0.750000 0.083333
vt 0.750000 0.166667
vt 0.687500 0.166667
vt 0.687500 0.083333
vt 0.750000 0.916667
vt 0.718750 1.000000
vt 0.687500 0.916667
vt 0.750000 0.333333
vt 0.687500 0.333333
vt 0.750000 0.583333
vt 0.687500 0.583333
vt 0.718750 0.000000
vt 0.750000 0.833333
vt 0.687500 0.833333
vt 0.750000 0.250000
vt 0.687500 0.250000
vt 0.625000 0.666667
vt 0.625000 0.583333
vt 0.656250 0.000000
vt 0.625000 0.083333
vt 0.625000 0.916667
vt 0.625000 0.833333
vt 0.625000 0.333333
vt 0.625000 0.250000
vt 0.625000 0.500000
vt 0.625000 0.750000
vt 0.625000 0.166667
vt 0.625000 0.416667
vt 0.656250 1.000000
vt 0.562500 0.750000
vt 0.562500 0.666667
vt 0.562500 0.166667
vt 0.562500 0.083333
vt 0.593750 1.000000
vt 0.562500 0.916667
vt 0.562500 0.416667
vt 0.562500 0.333333
vt 0.562500 0.583333
vt 0.593750 0.000000
vt 0.562500 0.833333
vt 0.562500 0.250000
vt 0.562500 0.500000
vt 0.500000 0.583333
vt 0.500000 0.500000
vt 0.500000 0.833333
vt 0.500000 0.750000
vt 0.500000 0.250000
vt 0.500000 0.166667
vt 0.500000 0.416667
vt 0.500000 0.666667
vt 0.500000 0.083333
vt 0.531250 1.000000
vt 0.500000 0.916667
vt 0.500000 0.333333
vt 0.531250 0.000000
vt 0.437500 0.666667
vt 0.437500 0.583333
vt 0.468750 0.000000
vt 0.437500 0.083333
vt 0.437500 0.916667
vt 0.437500 0.833333
vt 0.437500 0.333333
vt 0.437500 0.250000
vt 0.437500 0.500000
vt 0.437500 0.750000
vt 0.437500 0.166667
vt 0.437500 0.416667
vt 0.468750 1.000000
vt 0.375000 0.500000
vt 0.375000 0.416667
vt 0.375000 0.750000
vt 0.375000 0.666667
vt 0.375000 0.166667
vt 0.375000 0.083333
vt 0.406250 1.000000
vt 0.375000 0.916667
vt 0.375000 0.333333
vt 0.375000 0.583333
vt 0.406250 0.000000
vt 0.375000 0.833333
vt 0.375000 0.250000
vt 0.312500 0.583333
vt 0.312500 0.500000
vt 0.312500 0.833333
vt 0.312500 0.750000
vt 0.312500 0.250000
vt 0.312500 0.166667
vt 0.312500 0.416667
vt 0.312500 0.666667
vt 0.312500 0.083333
vt 0.343750 1.000000
vt 0.312500 0.916667
vt 0.312500 0.333333
vt 0.343750 0.000000
vt 0.250000 0.416667
vt 0.250000 0.333333
vt 0.250000 0.666667
vt 0.250000 0.583333
vt 0.281250 0.000000
vt 0.250000 0.083333
vt 0.250000 0.916667
vt 0.250000 0.833333
vt 0.250000 0.250000
vt 0.250000 0.500000
vt 0.250000 0.750000
vt 0.250000 0.166667
vt 0.281250 1.000000
vt 0.187500 0.500000
vt 0.187500 0.416667
vt 0.187500 0.750000
vt 0.187500 0.666667
vt 0.187500 0.166667
vt 0.187500 0.083333
vt 0.218750 1.000000
vt 0.187500 0.916667
vt 0.187500 0.333333
vt 0.187500 0.583333
vt 0.218750 0.000000
vt 0.187500 0.833333
vt 0.187500 0.250000
vt 0.125000 0.333333
vt 0.125000 0.250000
vt 0.125000 0.583333
vt 0.125000 0.500000
vt 0.125000 0.833333
vt 0.125000 0.750000
vt 0.125000 0.166667
vt 0.125000 0.416667
vt 0.125000 0.666667
vt 0.125000 0.083333
vt 0.156250 1.000000
vt 0.125000 0.916667
vt 0.156250 0.000000
vt 0.093750 1.000000
vt 0.062500 0.916667
vt 0.062500 0.416667
vt 0.062500 0.333333
vt 0.062500 0.666667
vt 0.062500 0.583333
vt 0.093750 0.000000
vt 0.062500 0.083333
vt 0.062500 0.833333
vt 0.062500 0.250000
vt 0.062500 0.500000
vt 0.062500 0.750000
vt 0.062500 0.166667
vt 0.000000 0.250000
vt 0.000000 0.166667
vt 0.000000 0.500000
vt 0.000000 0.416667
vt 0.000000 0.750000
vt 0.000000 0.666667
vt 0.000000 0.083333
vt 0.031250 1.000000
vt 0.000000 0.916667
vt 0.000000 0.333333
vt 0.000000 0.583333
vt 0.031250 0.000000
vt 0.000000 0.833333
vt 1.000000 0.833333
vt 1.000000 0.916667
vt 0.937500 0.916667
vt 0.937500 0.833333
vt 1.000000 0.250000
vt 1.000000 0.333333
vt 0.937500 0.333333
vt 0.937500 0.250000
vt 1.000000 0.500000
vt 1.000000 0.583333
vt 0.937500 0.583333
vt 0.937500 0.500000
vt 1.000000 0.750000
vt 0.937500 0.750000
vt 1.000000 0.166667
vt 0.937500 0.166667
vt 1.000000 0.416667
vt 0.937500 0.416667
vt 1.000000 0.666667
vt 0.937500 0.666667
vt 1.000000 0.083333
vt 0.937500 0.083333
vt 0.968750 1.000000
vt 0.968750 0.000000
vt 0.875000 0.166667
vt 0.875000 0.083333
vt 0.906250 1.000000
vt 0.875000 0.916667
vt 0.875000 0.416667
vt 0.875000 0.333333
vt 0.875000 0.666667
vt 0.875000 0.583333
vt 0.906250 0.000000
vt 0.875000 0.833333
vt 0.875000 0.250000
vt 0.875000 0.500000
vt 0.875000 0.750000
vt 0.812500 0.833333
vt 0.812500 0.750000
vt 0.812500 0.250000
vt 0.812500 0.166667
vt 0.812500 0.500000
vt 0.812500 0.416667
vt 0.812500 0.666667
vt 0.812500 0.083333
vt 0.843750 1.000000
vt 0.812500 0.916667
vt 0.812500 0.333333
vt 0.812500 0.583333
vt 0.843750 0.000000
vt 0.781250 0.000000
vt 0.781250 1.000000
s 0
usemtl Ang_PearlWhite
f 1073/1229/889 902/1230/889 912/1231/889 913/1232/889
f 900/1233/890 1072/1234/890 909/1235/890 910/1236/890
f 905/1237/891 904/1238/891 916/1239/891 917/1240/891
f 898/1241/892 897/1242/892 907/1243/892
f 903/1244/893 1073/1229/893 913/1232/893 914/1245/893
f 901/1246/894 900/1233/894 910/1236/894 911/1247/894
f 906/1248/895 905/1237/895 917/1240/895
f 899/1249/896 898/1241/896 907/1243/896 908/1250/896
f 1074/1251/897 903/1244/897 914/1245/897 915/1252/897
f 902/1230/898 901/1246/898 911/1247/898 912/1231/898
f 1072/1234/899 899/1249/899 908/1250/899 909/1235/899
f 904/1238/900 1074/1251/900 915/1252/900 916/1239/900
f 911/1247/901 910/1236/901 921/1253/901 922/1254/901
f 906/1255/902 917/1240/902 928/1256/902
f 908/1250/903 907/1243/903 918/1257/903 919/1258/903
f 915/1252/904 914/1245/904 925/1259/904 926/1260/904
f 912/1231/905 911/1247/905 922/1254/905 923/1261/905
f 909/1235/906 908/1250/906 919/1258/906 920/1262/906
f 916/1239/907 915/1252/907 926/1260/907 927/1263/907
f 913/1232/908 912/1231/908 923/1261/908 924/1264/908
f 910/1236/909 909/1235/909 920/1262/909 921/1253/909
f 917/1240/910 916/1239/910 927/1263/910 928/1256/910
f 907/1243/911 897/1265/911 918/1257/911
f 914/1245/912 913/1232/912 924/1264/912 925/1259/912
f 921/1253/913 920/1262/913 931/1266/913 932/1267/913
f 928/1256/914 927/1263/914 938/1268/914 939/1269/914
f 918/1257/915 897/1270/915 929/1271/915
f 925/1259/916 924/1264/916 935/1272/916 936/1273/916
f 922/1254/917 921/1253/917 932/1267/917 933/1274/917
f 906/1275/918 928/1256/918 939/1269/918
f 919/1258/919 918/1257/919 929/1271/919 930/1276/919
f 926/1260/920 925/1259/920 936/1273/920 937/1277/920
f 923/1261/921 922/1254/921 933/1274/921 934/1278/921
f 920/1262/922 919/1258/922 930/1276/922 931/1266/922
f 927/1263/923 926/1260/923 937/1277/923 938/1268/923
f 924/1264/924 923/1261/924 934/1278/924 935/1272/924
f 934/1278/925 933/1274/925 944/1279/925 945/1280/925
f 931/1266/926 930/1276/926 941/1281/926 942/1282/926
f 938/1268/927 937/1277/927 948/1283/927 949/1284/927
f 935/1272/928 934/1278/928 945/1280/928 946/1285/928
f 932/1267/929 931/1266/929 942/1282/929 943/1286/929
f 939/1269/930 938/1268/930 949/1284/930 950/1287/930
f 929/1271/931 897/1288/931 940/1289/931
f 936/1273/932 935/1272/932 946/1285/932 947/1290/932
f 933/1274/933 932/1267/933 943/1286/933 944/1279/933
f 906/1291/934 939/1269/934 950/1287/934
f 930/1276/935 929/1271/935 940/1289/935 941/1281/935
f 937/1277/936 936/1273/936 947/1290/936 948/1283/936
f 944/1279/937 943/1286/937 954/1292/937 955/1293/937
f 906/1294/938 950/1287/938 961/1295/938
f 941/1281/939 940/1289/939 951/1296/939 952/1297/939
f 948/1283/940 947/1290/940 958/1298/940 959/1299/940
f 945/1280/941 944/1279/941 955/1293/941 956/1300/941
f 942/1282/942 941/1281/942 952/1297/942 953/1301/942
f 949/1284/943 948/1283/943 959/1299/943 960/1302/943
f 946/1285/944 945/1280/944 956/1300/944 957/1303/944
f 943/1286/945 942/1282/945 953/1301/945 954/1292/945
f 950/1287/946 949/1284/946 960/1302/946 961/1295/946
f 940/1289/947 897/1304/947 951/1296/947
f 947/1290/948 946/1285/948 957/1303/948 958/1298/948
f 957/1303/949 956/1300/949 967/1305/949 968/1306/949
f 954/1292/950 953/1301/950 964/1307/950 965/1308/950
f 961/1295/951 960/1302/951 971/1309/951 972/1310/951
f 951/1296/952 897/1311/952 962/1312/952
f 958/1298/953 957/1303/953 968/1306/953 969/1313/953
f 955/1293/954 954/1292/954 965/1308/954 966/1314/954
f 906/1315/955 961/1295/955 972/1310/955
f 952/1297/956 951/1296/956 962/1312/956 963/1316/956
f 959/1299/957 958/1298/957 969/1313/957 970/1317/957
f 956/1300/958 955/1293/958 966/1314/958 967/1305/958
f 953/1301/959 952/1297/959 963/1316/959 964/1307/959
f 960/1302/960 959/1299/960 970/1317/960 971/1309/960
f 967/1305/961 966/1314/961 977/1318/961 978/1319/961
f 964/1307/962 963/1316/962 974/1320/962 975/1321/962
f 971/1309/963 970/1317/963 981/1322/963 982/1323/963
f 968/1306/964 967/1305/964 978/1319/964 979/1324/964
f 965/1308/965 964/1307/965 975/1321/965 976/1325/965
f 972/1310/966 971/1309/966 982/1323/966 983/1326/966
f 962/1312/967 897/1327/967 973/1328/967
f 969/1313/968 968/1306/968 979/1324/968 980/1329/968
f 966/1314/969 965/1308/969 976/1325/969 977/1318/969
f 906/1330/970 972/1310/970 983/1326/970
f 963/1316/971 962/1312/971 973/1328/971 974/1320/971
f 970/1317/972 969/1313/972 980/1329/972 981/1322/972
f 980/1329/973 979/1324/973 990/1331/973 991/1332/973
f 977/1318/974 976/1325/974 987/1333/974 988/1334/974
f 906/1335/975 983/1326/975 994/1336/975
f 974/1320/976 973/1328/976 984/1337/976 985/1338/976
f 981/1322/977 980/1329/977 991/1332/977 992/1339/977
f 978/1319/978 977/1318/978 988/1334/978 989/1340/978
f 975/1321/979 974/1320/979 985/1338/979 986/1341/979
f 982/1323/980 981/1322/980 992/1339/980 993/1342/980
f 979/1324/981 978/1319/981 989/1340/981 990/1331/981
f 976/1325/982 975/1321/982 986/1341/982 987/1333/982
f 983/1326/983 982/1323/983 993/1342/983 994/1336/983
f 973/1328/984 897/1343/984 984/1337/984
f 990/1331/985 989/1340/985 1000/1344/985 1001/1345/985
f 987/1333/986 986/1341/986 997/1346/986 998/1347/986
f 994/1336/987 993/1342/987 1004/1348/987 1005/1349/987
f 984/1337/988 897/1350/988 995/1351/988
f 991/1332/989 990/1331/989 1001/1345/989 1002/1352/989
f 988/1334/990 987/1333/990 998/1347/990 999/1353/990
f 906/1354/991 994/1336/991 1005/1349/991
f 985/1338/992 984/1337/992 995/1351/992 996/1355/992
f 992/1339/993 991/1332/993 1002/1352/993 1003/1356/993
f 989/1340/994 988/1334/994 999/1353/994 1000/1344/994
f 986/1341/995 985/1338/995 996/1355/995 997/1346/995
f 993/1342/996 992/1339/996 1003/1356/996 1004/1348/996
f 1003/1356/997 1002/1352/997 1013/1357/997 1014/1358/997
f 1000/1344/998 999/1353/998 1010/1359/998 1011/1360/998
f 997/1346/999 996/1355/999 1007/1361/999 1008/1362/999
f 1004/1348/1000 1003/1356/1000 1014/1358/1000 1015/1363/1000
f 1001/1345/1001 1000/1344/1001 1011/1360/1001 1012/1364/1001
f 998/1347/1002 997/1346/1002 1008/1362/1002 1009/1365/1002
f 1005/1349/1003 1004/1348/1003 1015/1363/1003 1016/1366/1003
f 995/1351/1004 897/1367/1004 1006/1368/1004
f 1002/1352/1005 1001/1345/1005 1012/1364/1005 1013/1357/1005
f 999/1353/1006 998/1347/1006 1009/1365/1006 1010/1359/1006
f 906/1369/1007 1005/1349/1007 1016/1366/1007
f 996/1355/1008 995/1351/1008 1006/1368/1008 1007/1361/1008
f 1006/1368/1009 897/1370/1009 1017/1371/1009
f 1013/1357/1010 1012/1364/1010 1023/1372/1010 1024/1373/1010
f 1010/1359/1011 1009/1365/1011 1020/1374/1011 1021/1375/1011
f 906/1376/1012 1016/1366/1012 1027/1377/1012
f 1007/1361/1013 1006/1368/1013 1017/1371/1013 1018/1378/1013
f 1014/1358/1014 1013/1357/1014 1024/1373/1014 1025/1379/1014
f 1011/1360/1015 1010/1359/1015 1021/1375/1015 1022/1380/1015
f 1008/1362/1016 1007/1361/1016 1018/1378/1016 1019/1381/1016
f 1015/1363/1017 1014/1358/1017 1025/1379/1017 1026/1382/1017
f 1012/1364/1018 1011/1360/1018 1022/1380/1018 1023/1372/1018
f 1009/1365/1019 1008/1362/1019 1019/1381/1019 1020/1374/1019
f 1016/1366/1020 1015/1363/1020 1026/1382/1020 1027/1377/1020
f 1026/1382/1021 1025/1379/1021 1036/1383/1021 1037/1384/1021
f 1023/1372/1022 1022/1380/1022 1033/1385/1022 1034/1386/1022
f 1020/1374/1023 1019/1381/1023 1030/1387/1023 1031/1388/1023
f 1027/1377/1024 1026/1382/1024 1037/1384/1024 1038/1389/1024
f 1017/1371/1025 897/1390/1025 1028/1391/1025
f 1024/1373/1026 1023/1372/1026 1034/1386/1026 1035/1392/1026
f 1021/1375/1027 1020/1374/1027 1031/1388/1027 1032/1393/1027
f 906/1394/1028 1027/1377/1028 1038/1389/1028
f 1018/1378/1029 1017/1371/1029 1028/1391/1029 1029/1395/1029
f 1025/1379/1030 1024/1373/1030 1035/1392/1030 1036/1383/1030
f 1022/1380/1031 1021/1375/1031 1032/1393/1031 1033/1385/1031
f 1019/1381/1032 1018/1378/1032 1029/1395/1032 1030/1387/1032
f 1029/1396/1033 1028/1397/1033 1039/1398/1033 1040/1399/1033
f 1036/1400/1034 1035/1401/1034 1046/1402/1034 1047/1403/1034
f 1033/1404/1035 1032/1405/1035 1043/1406/1035 1044/1407/1035
f 1030/1408/1036 1029/1396/1036 1040/1399/1036 1041/1409/1036
f 1037/1410/1037 1036/1400/1037 1047/1403/1037 1048/1411/1037
f 1034/1412/1038 1033/1404/1038 1044/1407/1038 1045/1413/1038
f 1031/1414/1039 1030/1408/1039 1041/1409/1039 1042/1415/1039
f 1038/1416/1040 1037/1410/1040 1048/1411/1040 1049/1417/1040
f 1028/1397/1041 897/1418/1041 1039/1398/1041
f 1035/1401/1042 1034/1412/1042 1045/1413/1042 1046/1402/1042
f 1032/1405/1043 1031/1414/1043 1042/1415/1043 1043/1406/1043
f 906/1419/1044 1038/1416/1044 1049/1417/1044
f 1049/1417/1045 1048/1411/1045 1059/1420/1045 1060/1421/1045
f 1039/1398/1046 897/1422/1046 1050/1423/1046
f 1046/1402/1047 1045/1413/1047 1056/1424/1047 1057/1425/1047
f 1043/1406/1048 1042/1415/1048 1053/1426/1048 1054/1427/1048
f 906/1428/1049 1049/1417/1049 1060/1421/1049
f 1040/1399/1050 1039/1398/1050 1050/1423/1050 1051/1429/1050
f 1047/1403/1051 1046/1402/1051 1057/1425/1051 1058/1430/1051
f 1044/1407/1052 1043/1406/1052 1054/1427/1052 1055/1431/1052
f 1041/1409/1053 1040/1399/1053 1051/1429/1053 1052/1432/1053
f 1048/1411/1054 1047/1403/1054 1058/1430/1054 1059/1420/1054
f 1045/1413/1055 1044/1407/1055 1055/1431/1055 1056/1424/1055
f 1042/1415/1056 1041/1409/1056 1052/1432/1056 1053/1426/1056
f 1052/1432/1057 1051/1429/1057 1062/1433/1057 1063/1434/1057
f 1059/1420/1058 1058/1430/1058 1069/1435/1058 1070/1436/1058
f 1056/1424/1059 1055/1431/1059 1066/1437/1059 1067/1438/1059
f 1053/1426/1060 1052/1432/1060 1063/1434/1060 1064/1439/1060
f 1060/1421/1061 1059/1420/1061 1070/1436/1061 1071/1440/1061
f 1050/1423/1062 897/1441/1062 1061/1442/1062
f 1057/1425/1063 1056/1424/1063 1067/1438/1063 1068/1443/1063
f 1054/1427/1064 1053/1426/1064 1064/1439/1064 1065/1444/1064
f 906/1445/1065 1060/1421/1065 1071/1440/1065
f 1051/1429/1066 1050/1423/1066 1061/1442/1066 1062/1433/1066
f 1058/1430/1067 1057/1425/1067 1068/1443/1067 1069/1435/1067
f 1055/1431/1068 1054/1427/1068 1065/1444/1068 1066/1437/1068
f 906/1446/1069 1071/1440/1069 905/1237/1069
f 1062/1433/1070 1061/1442/1070 898/1241/1070 899/1249/1070
f 1069/1435/1071 1068/1443/1071 903/1244/1071 1074/1251/1071
f 1066/1437/1072 1065/1444/1072 901/1246/1072 902/1230/1072
f 1063/1434/1073 1062/1433/1073 899/1249/1073 1072/1234/1073
f 1070/1436/1074 1069/1435/1074 1074/1251/1074 904/1238/1074
f 1067/1438/1075 1066/1437/1075 902/1230/1075 1073/1229/1075
f 1064/1439/1076 1063/1434/1076 1072/1234/1076 900/1233/1076
f 1071/1440/1077 1070/1436/1077 904/1238/1077 905/1237/1077
f 1061/1442/1078 897/1447/1078 898/1241/1078
f 1068/1443/1079 1067/1438/1079 1073/1229/1079 903/1244/1079
f 1065/1444/1080 1064/1439/1080 900/1233/1080 901/1246/1080
o Pauldron_Ring_L
v -0.360000 0.600000 -0.020000
v -0.360000 0.600000 0.020000
v -0.291117 0.586298 -0.020000
v -0.291117 0.586298 0.020000
v -0.232721 0.547279 -0.020000
v -0.232721 0.547279 0.020000
v -0.193702 0.488883 -0.020000
v -0.193702 0.488883 0.020000
v -0.180000 0.420000 -0.020000
v -0.180000 0.420000 0.020000
v -0.193702 0.351117 -0.020000
v -0.193702 0.351117 0.020000
v -0.232721 0.292721 -0.020000
v -0.232721 0.292721 0.020000
v -0.291117 0.253702 -0.020000
v -0.291117 0.253702 0.020000
v -0.360000 0.240000 -0.020000
v -0.360000 0.240000 0.020000
v -0.428883 0.253702 -0.020000
v -0.428883 0.253702 0.020000
v -0.487279 0.292721 -0.020000
v -0.487279 0.292721 0.020000
v -0.526298 0.351117 -0.020000
v -0.526298 0.351117 0.020000
v -0.540000 0.420000 -0.020000
v -0.540000 0.420000 0.020000
v -0.526298 0.488883 -0.020000
v -0.526298 0.488883 0.020000
v -0.487279 0.547279 -0.020000
v -0.487279 0.547279 0.020000
v -0.428883 0.586298 -0.020000
v -0.428883 0.586298 0.020000
vn 0.1951 0.9808 -0.0000
vn 0.5556 0.8315 -0.0000
vn 0.8315 0.5556 -0.0000
vn 0.9808 0.1951 -0.0000
vn 0.9808 -0.1951 -0.0000
vn 0.8315 -0.5556 -0.0000
vn 0.5556 -0.8315 -0.0000
vn 0.1951 -0.9808 -0.0000
vn -0.1951 -0.9808 -0.0000
vn -0.5556 -0.8315 -0.0000
vn -0.8315 -0.5556 -0.0000
vn -0.9808 -0.1951 -0.0000
vn -0.9808 0.1951 -0.0000
vn -0.8315 0.5556 -0.0000
vn -0.0000 -0.0000 1.0000
vn -0.5556 0.8315 -0.0000
vn -0.1951 0.9808 -0.0000
vn -0.0000 -0.0000 -1.0000
vt 1.000000 0.500000
vt 1.000000 1.000000
vt 0.937500 1.000000
vt 0.937500 0.500000
vt 0.875000 1.000000
vt 0.875000 0.500000
vt 0.812500 1.000000
vt 0.812500 0.500000
vt 0.750000 1.000000
vt 0.750000 0.500000
vt 0.687500 1.000000
vt 0.687500 0.500000
vt 0.625000 1.000000
vt 0.625000 0.500000
vt 0.562500 1.000000
vt 0.562500 0.500000
vt 0.500000 1.000000
vt 0.500000 0.500000
vt 0.437500 1.000000
vt 0.437500 0.500000
vt 0.375000 1.000000
vt 0.375000 0.500000
vt 0.312500 1.000000
vt 0.312500 0.500000
vt 0.250000 1.000000
vt 0.250000 0.500000
vt 0.187500 1.000000
vt 0.187500 0.500000
vt 0.125000 1.000000
vt 0.125000 0.500000
vt 0.341844 0.471731
vt 0.250000 0.490000
vt 0.158156 0.471731
vt 0.080294 0.419706
vt 0.028269 0.341844
vt 0.010000 0.250000
vt 0.028269 0.158156
vt 0.080294 0.080294
vt 0.158156 0.028269
vt 0.250000 0.010000
vt 0.341844 0.028269
vt 0.419706 0.080294
vt 0.471731 0.158156
vt 0.490000 0.250000
vt 0.471731 0.341844
vt 0.419706 0.419706
vt 0.062500 1.000000
vt 0.062500 0.500000
vt 0.000000 1.000000
vt 0.000000 0.500000
vt 0.750000 0.490000
vt 0.841844 0.471731
vt 0.919706 0.419706
vt 0.971731 0.341844
vt 0.990000 0.250000
vt 0.971731 0.158156
vt 0.919706 0.080294
vt 0.841844 0.028269
vt 0.750000 0.010000
vt 0.658156 0.028269
vt 0.580294 0.080294
vt 0.528269 0.158156
vt 0.510000 0.250000
vt 0.528269 0.341844
vt 0.580294 0.419706
vt 0.658156 0.471731
s 0
usemtl Ang_Gold
f 1075/1448/1081 1076/1449/1081 1078/1450/1081 1077/1451/1081
f 1077/1451/1082 1078/1450/1082 1080/1452/1082 1079/1453/1082
f 1079/1453/1083 1080/1452/1083 1082/1454/1083 1081/1455/1083
f 1081/1455/1084 1082/1454/1084 1084/1456/1084 1083/1457/1084
f 1083/1457/1085 1084/1456/1085 1086/1458/1085 1085/1459/1085
f 1085/1459/1086 1086/1458/1086 1088/1460/1086 1087/1461/1086
f 1087/1461/1087 1088/1460/1087 1090/1462/1087 1089/1463/1087
f 1089/1463/1088 1090/1462/1088 1092/1464/1088 1091/1465/1088
f 1091/1465/1089 1092/1464/1089 1094/1466/1089 1093/1467/1089
f 1093/1467/1090 1094/1466/1090 1096/1468/1090 1095/1469/1090
f 1095/1469/1091 1096/1468/1091 1098/1470/1091 1097/1471/1091
f 1097/1471/1092 1098/1470/1092 1100/1472/1092 1099/1473/1092
f 1099/1473/1093 1100/1472/1093 1102/1474/1093 1101/1475/1093
f 1101/1475/1094 1102/1474/1094 1104/1476/1094 1103/1477/1094
f 1078/1478/1095 1076/1479/1095 1106/1480/1095 1104/1481/1095 1102/1482/1095 1100/1483/1095 1098/1484/1095 1096/1485/1095 1094/1486/1095 1092/1487/1095 1090/1488/1095 1088/1489/1095 1086/1490/1095 1084/1491/1095 1082/1492/1095 1080/1493/1095
f 1103/1477/1096 1104/1476/1096 1106/1494/1096 1105/1495/1096
f 1105/1495/1097 1106/1494/1097 1076/1496/1097 1075/1497/1097
f 1075/1498/1098 1077/1499/1098 1079/1500/1098 1081/1501/1098 1083/1502/1098 1085/1503/1098 1087/1504/1098 1089/1505/1098 1091/1506/1098 1093/1507/1098 1095/1508/1098 1097/1509/1098 1099/1510/1098 1101/1511/1098 1103/1512/1098 1105/1513/1098
o Arm_L
v -0.360000 0.260000 -0.140000
v -0.360000 0.260000 0.140000
v -0.329385 0.253910 -0.140000
v -0.329385 0.253910 0.140000
v -0.303431 0.236569 -0.140000
v -0.303431 0.236569 0.140000
v -0.286090 0.210615 -0.140000
v -0.286090 0.210615 0.140000
v -0.280000 0.180000 -0.140000
v -0.280000 0.180000 0.140000
v -0.286090 0.149385 -0.140000
v -0.286090 0.149385 0.140000
v -0.303431 0.123431 -0.140000
v -0.303431 0.123431 0.140000
v -0.329385 0.106090 -0.140000
v -0.329385 0.106090 0.140000
v -0.360000 0.100000 -0.140000
v -0.360000 0.100000 0.140000
v -0.390615 0.106090 -0.140000
v -0.390615 0.106090 0.140000
v -0.416569 0.123431 -0.140000
v -0.416569 0.123431 0.140000
v -0.433910 0.149385 -0.140000
v -0.433910 0.149385 0.140000
v -0.440000 0.180000 -0.140000
v -0.440000 0.180000 0.140000
v -0.433910 0.210615 -0.140000
v -0.433910 0.210615 0.140000
v -0.416569 0.236569 -0.140000
v -0.416569 0.236569 0.140000
v -0.390615 0.253910 -0.140000
v -0.390615 0.253910 0.140000
vn 0.1951 0.9808 -0.0000
vn 0.5556 0.8315 -0.0000
vn 0.8315 0.5556 -0.0000
vn 0.9808 0.1951 -0.0000
vn 0.9808 -0.1951 -0.0000
vn 0.8315 -0.5556 -0.0000
vn 0.5556 -0.8315 -0.0000
vn 0.1951 -0.9808 -0.0000
vn -0.1951 -0.9808 -0.0000
vn -0.5556 -0.8315 -0.0000
vn -0.8315 -0.5556 -0.0000
vn -0.9808 -0.1951 -0.0000
vn -0.9808 0.1951 -0.0000
vn -0.8315 0.5556 -0.0000
vn -0.0000 -0.0000 1.0000
vn -0.5556 0.8315 -0.0000
vn -0.1951 0.9808 -0.0000
vn -0.0000 -0.0000 -1.0000
vt 1.000000 0.500000
vt 1.000000 1.000000
vt 0.937500 1.000000
vt 0.937500 0.500000
vt 0.875000 1.000000
vt 0.875000 0.500000
vt 0.812500 1.000000
vt 0.812500 0.500000
vt 0.750000 1.000000
vt 0.750000 0.500000
vt 0.687500 1.000000
vt 0.687500 0.500000
vt 0.625000 1.000000
vt 0.625000 0.500000
vt 0.562500 1.000000
vt 0.562500 0.500000
vt 0.500000 1.000000
vt 0.500000 0.500000
vt 0.437500 1.000000
vt 0.437500 0.500000
vt 0.375000 1.000000
vt 0.375000 0.500000
vt 0.312500 1.000000
vt 0.312500 0.500000
vt 0.250000 1.000000
vt 0.250000 0.500000
vt 0.187500 1.000000
vt 0.187500 0.500000
vt 0.125000 1.000000
vt 0.125000 0.500000
vt 0.341844 0.471731
vt 0.250000 0.490000
vt 0.158156 0.471731
vt 0.080294 0.419706
vt 0.028269 0.341844
vt 0.010000 0.250000
vt 0.028269 0.158156
vt 0.080294 0.080294
vt 0.158156 0.028269
vt 0.250000 0.010000
vt 0.341844 0.028269
vt 0.419706 0.080294
vt 0.471731 0.158156
vt 0.490000 0.250000
vt 0.471731 0.341844
vt 0.419706 0.419706
vt 0.062500 1.000000
vt 0.062500 0.500000
vt 0.000000 1.000000
vt 0.000000 0.500000
vt 0.750000 0.490000
vt 0.841844 0.471731
vt 0.919706 0.419706
vt 0.971731 0.341844
vt 0.990000 0.250000
vt 0.971731 0.158156
vt 0.919706 0.080294
vt 0.841844 0.028269
vt 0.750000 0.010000
vt 0.658156 0.028269
vt 0.580294 0.080294
vt 0.528269 0.158156
vt 0.510000 0.250000
vt 0.528269 0.341844
vt 0.580294 0.419706
vt 0.658156 0.471731
s 0
usemtl Ang_PearlWhite
f 1107/1514/1099 1108/1515/1099 1110/1516/1099 1109/1517/1099
f 1109/1517/1100 1110/1516/1100 1112/1518/1100 1111/1519/1100
f 1111/1519/1101 1112/1518/1101 1114/1520/1101 1113/1521/1101
f 1113/1521/1102 1114/1520/1102 1116/1522/1102 1115/1523/1102
f 1115/1523/1103 1116/1522/1103 1118/1524/1103 1117/1525/1103
f 1117/1525/1104 1118/1524/1104 1120/1526/1104 1119/1527/1104
f 1119/1527/1105 1120/1526/1105 1122/1528/1105 1121/1529/1105
f 1121/1529/1106 1122/1528/1106 1124/1530/1106 1123/1531/1106
f 1123/1531/1107 1124/1530/1107 1126/1532/1107 1125/1533/1107
f 1125/1533/1108 1126/1532/1108 1128/1534/1108 1127/1535/1108
f 1127/1535/1109 1128/1534/1109 1130/1536/1109 1129/1537/1109
f 1129/1537/1110 1130/1536/1110 1132/1538/1110 1131/1539/1110
f 1131/1539/1111 1132/1538/1111 1134/1540/1111 1133/1541/1111
f 1133/1541/1112 1134/1540/1112 1136/1542/1112 1135/1543/1112
f 1110/1544/1113 1108/1545/1113 1138/1546/1113 1136/1547/1113 1134/1548/1113 1132/1549/1113 1130/1550/1113 1128/1551/1113 1126/1552/1113 1124/1553/1113 1122/1554/1113 1120/1555/1113 1118/1556/1113 1116/1557/1113 1114/1558/1113 1112/1559/1113
f 1135/1543/1114 1136/1542/1114 1138/1560/1114 1137/1561/1114
f 1137/1561/1115 1138/1560/1115 1108/1562/1115 1107/1563/1115
f 1107/1564/1116 1109/1565/1116 1111/1566/1116 1113/1567/1116 1115/1568/1116 1117/1569/1116 1119/1570/1116 1121/1571/1116 1123/1572/1116 1125/1573/1116 1127/1574/1116 1129/1575/1116 1131/1576/1116 1133/1577/1116 1135/1578/1116 1137/1579/1116
o Gauntlet_L
v -0.430000 -0.210000 -0.050000
v -0.430000 -0.210000 0.090000
v -0.430000 0.050000 -0.050000
v -0.430000 0.050000 0.090000
v -0.290000 -0.210000 -0.050000
v -0.290000 -0.210000 0.090000
v -0.290000 0.050000 -0.050000
v -0.290000 0.050000 0.090000
vn -1.0000 -0.0000 -0.0000
vn -0.0000 1.0000 -0.0000
vn 1.0000 -0.0000 -0.0000
vn -0.0000 -1.0000 -0.0000
vn -0.0000 -0.0000 -1.0000
vn -0.0000 -0.0000 1.0000
vt 0.375000 0.000000
vt 0.625000 0.000000
vt 0.625000 0.250000
vt 0.375000 0.250000
vt 0.625000 0.500000
vt 0.375000 0.500000
vt 0.625000 0.750000
vt 0.375000 0.750000
vt 0.625000 1.000000
vt 0.375000 1.000000
vt 0.125000 0.500000
vt 0.125000 0.750000
vt 0.875000 0.500000
vt 0.875000 0.750000
s 0
usemtl Ang_Gold
f 1139/1580/1117 1140/1581/1117 1142/1582/1117 1141/1583/1117
f 1141/1583/1118 1142/1582/1118 1146/1584/1118 1145/1585/1118
f 1145/1585/1119 1146/1584/1119 1144/1586/1119 1143/1587/1119
f 1143/1587/1120 1144/1586/1120 1140/1588/1120 1139/1589/1120
f 1141/1590/1121 1145/1585/1121 1143/1587/1121 1139/1591/1121
f 1146/1584/1122 1142/1592/1122 1140/1593/1122 1144/1586/1122
o Pauldron_R
v 0.360000 0.420000 0.160000
v 0.360000 0.461411 0.154548
v 0.360000 0.500000 0.138564
v 0.360000 0.558564 0.080000
v 0.360000 0.574548 0.041411
v 0.360000 0.580000 0.000000
v 0.360000 0.558564 -0.080000
v 0.360000 0.500000 -0.138564
v 0.360000 0.461411 -0.154548
v 0.360000 0.420000 -0.160000
v 0.375847 0.458259 0.154548
v 0.390615 0.493910 0.138564
v 0.403296 0.524525 0.113137
v 0.413026 0.548016 0.080000
v 0.419143 0.562784 0.041411
v 0.421229 0.567821 0.000000
v 0.419143 0.562784 -0.041411
v 0.413026 0.548016 -0.080000
v 0.403296 0.524525 -0.113137
v 0.390615 0.493910 -0.138564
v 0.375847 0.458259 -0.154548
v 0.389282 0.449282 0.154548
v 0.416569 0.476569 0.138564
v 0.440000 0.500000 0.113137
v 0.457980 0.517980 0.080000
v 0.469282 0.529282 0.041411
v 0.473137 0.533137 0.000000
v 0.469282 0.529282 -0.041411
v 0.457980 0.517980 -0.080000
v 0.440000 0.500000 -0.113137
v 0.416569 0.476569 -0.138564
v 0.389282 0.449282 -0.154548
v 0.398259 0.435847 0.154548
v 0.433910 0.450615 0.138564
v 0.464525 0.463296 0.113137
v 0.488017 0.473026 0.080000
v 0.502784 0.479143 0.041411
v 0.507821 0.481229 0.000000
v 0.502784 0.479143 -0.041411
v 0.488017 0.473026 -0.080000
v 0.464525 0.463296 -0.113137
v 0.433910 0.450615 -0.138564
v 0.398259 0.435847 -0.154548
v 0.401411 0.420000 0.154548
v 0.440000 0.420000 0.138564
v 0.473137 0.420000 0.113137
v 0.498564 0.420000 0.080000
v 0.514548 0.420000 0.041411
v 0.520000 0.420000 0.000000
v 0.514548 0.420000 -0.041411
v 0.498564 0.420000 -0.080000
v 0.473137 0.420000 -0.113137
v 0.440000 0.420000 -0.138564
v 0.401411 0.420000 -0.154548
v 0.398259 0.404153 0.154548
v 0.433910 0.389385 0.138564
v 0.464525 0.376704 0.113137
v 0.488016 0.366974 0.080000
v 0.502784 0.360857 0.041411
v 0.507821 0.358771 0.000000
v 0.502784 0.360857 -0.041411
v 0.488016 0.366974 -0.080000
v 0.464525 0.376704 -0.113137
v 0.433910 0.389385 -0.138564
v 0.398259 0.404153 -0.154548
v 0.389282 0.390718 0.154548
v 0.416569 0.363431 0.138564
v 0.440000 0.340000 0.113137
v 0.457980 0.322020 0.080000
v 0.469282 0.310718 0.041411
v 0.473137 0.306863 0.000000
v 0.469282 0.310718 -0.041411
v 0.457980 0.322020 -0.080000
v 0.440000 0.340000 -0.113137
v 0.416569 0.363431 -0.138564
v 0.389282 0.390718 -0.154548
v 0.375847 0.381741 0.154548
v 0.390615 0.346090 0.138564
v 0.403296 0.315475 0.113137
v 0.413026 0.291983 0.080000
v 0.419143 0.277216 0.041411
v 0.421229 0.272179 0.000000
v 0.419143 0.277216 -0.041411
v 0.413026 0.291983 -0.080000
v 0.403296 0.315475 -0.113137
v 0.390615 0.346090 -0.138564
v 0.375847 0.381741 -0.154548
v 0.360000 0.378589 0.154548
v 0.360000 0.340000 0.138564
v 0.360000 0.306863 0.113137
v 0.360000 0.281436 0.080000
v 0.360000 0.265452 0.041411
v 0.360000 0.260000 0.000000
v 0.360000 0.265452 -0.041411
v 0.360000 0.281436 -0.080000
v 0.360000 0.306863 -0.113137
v 0.360000 0.340000 -0.138564
v 0.360000 0.378589 -0.154548
v 0.344153 0.381741 0.154548
v 0.329385 0.346090 0.138564
v 0.316704 0.315475 0.113137
v 0.306974 0.291984 0.080000
v 0.300857 0.277216 0.041411
v 0.298771 0.272179 0.000000
v 0.300857 0.277216 -0.041411
v 0.306974 0.291984 -0.080000
v 0.316704 0.315475 -0.113137
v 0.329385 0.346090 -0.138564
v 0.344153 0.381741 -0.154548
v 0.330718 0.390718 0.154548
v 0.303431 0.363431 0.138564
v 0.280000 0.340000 0.113137
v 0.262020 0.322020 0.080000
v 0.250718 0.310718 0.041411
v 0.246863 0.306863 0.000000
v 0.250718 0.310718 -0.041411
v 0.262020 0.322020 -0.080000
v 0.280000 0.340000 -0.113137
v 0.303431 0.363431 -0.138564
v 0.330718 0.390718 -0.154548
v 0.321741 0.404153 0.154548
v 0.286090 0.389385 0.138564
v 0.255475 0.376704 0.113137
v 0.231983 0.366974 0.080000
v 0.217216 0.360857 0.041411
v 0.212179 0.358771 0.000000
v 0.217216 0.360857 -0.041411
v 0.231983 0.366974 -0.080000
v 0.255475 0.376704 -0.113137
v 0.286090 0.389385 -0.138564
v 0.321741 0.404153 -0.154548
v 0.318589 0.420000 0.154548
v 0.280000 0.420000 0.138564
v 0.246863 0.420000 0.113137
v 0.221436 0.420000 0.080000
v 0.205452 0.420000 0.041411
v 0.200000 0.420000 0.000000
v 0.205452 0.420000 -0.041411
v 0.221436 0.420000 -0.080000
v 0.246863 0.420000 -0.113137
v 0.280000 0.420000 -0.138564
v 0.318589 0.420000 -0.154548
v 0.321741 0.435847 0.154548
v 0.286090 0.450615 0.138564
v 0.255475 0.463296 0.113137
v 0.231984 0.473026 0.080000
v 0.217216 0.479143 0.041411
v 0.212179 0.481229 0.000000
v 0.217216 0.479143 -0.041411
v 0.231984 0.473026 -0.080000
v 0.255475 0.463296 -0.113137
v 0.286090 0.450615 -0.138564
v 0.321741 0.435847 -0.154548
v 0.330718 0.449282 0.154548
v 0.303432 0.476569 0.138564
v 0.280000 0.500000 0.113137
v 0.262020 0.517980 0.080000
v 0.250718 0.529282 0.041411
v 0.246863 0.533137 0.000000
v 0.250718 0.529282 -0.041411
v 0.262020 0.517980 -0.080000
v 0.280000 0.500000 -0.113137
v 0.303432 0.476569 -0.138564
v 0.330718 0.449282 -0.154548
v 0.344153 0.458259 0.154548
v 0.329385 0.493910 0.138564
v 0.316704 0.524525 0.113137
v 0.306974 0.548017 0.080000
v 0.300857 0.562784 0.041411
v 0.298771 0.567821 0.000000
v 0.300857 0.562784 -0.041411
v 0.306974 0.548017 -0.080000
v 0.316704 0.524525 -0.113137
v 0.329385 0.493910 -0.138564
v 0.344153 0.458259 -0.154548
v 0.360000 0.533137 0.113137
v 0.360000 0.574548 -0.041411
v 0.360000 0.533137 -0.113137
vn 0.1935 0.9727 -0.1281
vn 0.1559 0.7837 0.6013
vn 0.0759 0.3816 -0.9212
vn 0.0260 0.1305 0.9911
vn 0.1807 0.9087 -0.3764
vn 0.1807 0.9087 0.3764
vn 0.0260 0.1305 -0.9911
vn 0.0759 0.3816 0.9212
vn 0.1559 0.7837 -0.6013
vn 0.1935 0.9727 0.1281
vn 0.1202 0.6043 0.7876
vn 0.1202 0.6043 -0.7876
vn 0.5147 0.7703 0.3764
vn 0.0739 0.1106 -0.9911
vn 0.2161 0.3235 0.9212
vn 0.4439 0.6644 -0.6013
vn 0.5510 0.8246 0.1281
vn 0.3423 0.5123 0.7876
vn 0.3423 0.5123 -0.7876
vn 0.5510 0.8246 -0.1281
vn 0.4439 0.6644 0.6013
vn 0.2161 0.3235 -0.9212
vn 0.0739 0.1106 0.9911
vn 0.5147 0.7703 -0.3764
vn 0.6644 0.4439 0.6013
vn 0.3235 0.2161 -0.9212
vn 0.1106 0.0739 0.9911
vn 0.7703 0.5147 -0.3764
vn 0.7703 0.5147 0.3764
vn 0.1106 0.0739 -0.9911
vn 0.3235 0.2161 0.9212
vn 0.6644 0.4439 -0.6013
vn 0.8246 0.5510 0.1281
vn 0.5123 0.3423 0.7876
vn 0.5123 0.3423 -0.7876
vn 0.8246 0.5510 -0.1281
vn 0.9727 0.1935 0.1281
vn 0.6043 0.1202 0.7876
vn 0.6043 0.1202 -0.7876
vn 0.9727 0.1935 -0.1281
vn 0.7837 0.1559 0.6013
vn 0.3816 0.0759 -0.9212
vn 0.1305 0.0260 0.9911
vn 0.9087 0.1807 -0.3764
vn 0.9087 0.1807 0.3764
vn 0.1305 0.0260 -0.9911
vn 0.3816 0.0759 0.9212
vn 0.7837 0.1559 -0.6013
vn 0.9087 -0.1807 0.3764
vn 0.1305 -0.0260 -0.9911
vn 0.3816 -0.0759 0.9212
vn 0.7837 -0.1559 -0.6013
vn 0.9727 -0.1935 0.1281
vn 0.6043 -0.1202 0.7876
vn 0.6043 -0.1202 -0.7876
vn 0.9727 -0.1935 -0.1281
vn 0.7837 -0.1559 0.6013
vn 0.3816 -0.0759 -0.9212
vn 0.1305 -0.0260 0.9911
vn 0.9087 -0.1807 -0.3764
vn 0.8246 -0.5510 -0.1281
vn 0.6644 -0.4439 0.6013
vn 0.3235 -0.2161 -0.9212
vn 0.1106 -0.0739 0.9911
vn 0.7703 -0.5147 -0.3764
vn 0.7703 -0.5147 0.3764
vn 0.1106 -0.0739 -0.9911
vn 0.3235 -0.2161 0.9212
vn 0.6644 -0.4439 -0.6013
vn 0.8246 -0.5510 0.1281
vn 0.5123 -0.3423 0.7876
vn 0.5123 -0.3423 -0.7876
vn 0.5510 -0.8246 0.1281
vn 0.3423 -0.5123 0.7876
vn 0.3423 -0.5123 -0.7876
vn 0.5510 -0.8246 -0.1281
vn 0.4439 -0.6644 0.6013
vn 0.2161 -0.3235 -0.9212
vn 0.0739 -0.1106 0.9911
vn 0.5147 -0.7703 -0.3764
vn 0.5147 -0.7703 0.3764
vn 0.0739 -0.1106 -0.9911
vn 0.2161 -0.3235 0.9212
vn 0.4439 -0.6644 -0.6013
vn 0.1807 -0.9087 -0.3764
vn 0.1807 -0.9087 0.3764
vn 0.0260 -0.1305 -0.9911
vn 0.0759 -0.3816 0.9212
vn 0.1559 -0.7837 -0.6013
vn 0.1935 -0.9727 0.1281
vn 0.1202 -0.6043 0.7876
vn 0.1202 -0.6043 -0.7876
vn 0.1935 -0.9727 -0.1281
vn 0.1559 -0.7837 0.6013
vn 0.0759 -0.3816 -0.9212
vn 0.0260 -0.1305 0.9911
vn -0.1935 -0.9727 -0.1281
vn -0.1559 -0.7837 0.6013
vn -0.0759 -0.3816 -0.9212
vn -0.0260 -0.1305 0.9911
vn -0.1807 -0.9087 -0.3764
vn -0.1807 -0.9087 0.3764
vn -0.0260 -0.1305 -0.9911
vn -0.0759 -0.3816 0.9212
vn -0.1559 -0.7837 -0.6013
vn -0.1935 -0.9727 0.1281
vn -0.1202 -0.6043 0.7876
vn -0.1202 -0.6043 -0.7876
vn -0.4439 -0.6644 -0.6013
vn -0.5510 -0.8246 0.1281
vn -0.3423 -0.5123 0.7876
vn -0.3423 -0.5123 -0.7876
vn -0.5510 -0.8246 -0.1281
vn -0.4439 -0.6644 0.6013
vn -0.2161 -0.3235 -0.9212
vn -0.0739 -0.1106 0.9911
vn -0.5147 -0.7703 -0.3764
vn -0.5147 -0.7703 0.3764
vn -0.0739 -0.1106 -0.9911
vn -0.2161 -0.3235 0.9212
vn -0.1106 -0.0739 0.9911
vn -0.7703 -0.5147 -0.3764
vn -0.7703 -0.5147 0.3764
vn -0.1106 -0.0739 -0.9911
vn -0.3235 -0.2161 0.9212
vn -0.6644 -0.4439 -0.6013
vn -0.8246 -0.5510 0.1281
vn -0.5123 -0.3423 0.7876
vn -0.5123 -0.3423 -0.7876
vn -0.8246 -0.5510 -0.1281
vn -0.6644 -0.4439 0.6013
vn -0.3235 -0.2161 -0.9212
vn -0.6043 -0.1202 -0.7876
vn -0.9727 -0.1935 -0.1281
vn -0.7837 -0.1559 0.6013
vn -0.3816 -0.0759 -0.9212
vn -0.1305 -0.0260 0.9911
vn -0.9087 -0.1807 -0.3764
vn -0.9087 -0.1807 0.3764
vn -0.1305 -0.0260 -0.9911
vn -0.3816 -0.0759 0.9212
vn -0.7837 -0.1559 -0.6013
vn -0.9727 -0.1935 0.1281
vn -0.6043 -0.1202 0.7876
vn -0.3816 0.0759 0.9212
vn -0.7837 0.1559 -0.6013
vn -0.9727 0.1935 0.1281
vn -0.6043 0.1202 0.7876
vn -0.6043 0.1202 -0.7876
vn -0.9727 0.1935 -0.1281
vn -0.7837 0.1559 0.6013
vn -0.3816 0.0759 -0.9212
vn -0.1305 0.0260 0.9911
vn -0.9087 0.1807 -0.3764
vn -0.9087 0.1807 0.3764
vn -0.1305 0.0260 -0.9911
vn -0.3235 0.2161 -0.9212
vn -0.1106 0.0739 0.9911
vn -0.7703 0.5147 -0.3764
vn -0.7703 0.5147 0.3764
vn -0.1106 0.0739 -0.9911
vn -0.3235 0.2161 0.9212
vn -0.6644 0.4439 -0.6013
vn -0.8246 0.5510 0.1281
vn -0.5123 0.3423 0.7876
vn -0.5123 0.3423 -0.7876
vn -0.8246 0.5510 -0.1281
vn -0.6644 0.4439 0.6013
vn -0.3423 0.5123 0.7876
vn -0.3423 0.5123 -0.7876
vn -0.5510 0.8246 -0.1281
vn -0.4439 0.6644 0.6013
vn -0.2161 0.3235 -0.9212
vn -0.0739 0.1106 0.9911
vn -0.5147 0.7703 -0.3764
vn -0.5147 0.7703 0.3764
vn -0.0739 0.1106 -0.9911
vn -0.2161 0.3235 0.9212
vn -0.4439 0.6644 -0.6013
vn -0.5510 0.8246 0.1281
vn -0.0260 0.1305 -0.9911
vn -0.0759 0.3816 0.9212
vn -0.1559 0.7837 -0.6013
vn -0.1935 0.9727 0.1281
vn -0.1202 0.6043 0.7876
vn -0.1202 0.6043 -0.7876
vn -0.1935 0.9727 -0.1281
vn -0.1559 0.7837 0.6013
vn -0.0759 0.3816 -0.9212
vn -0.0260 0.1305 0.9911
vn -0.1807 0.9087 -0.3764
vn -0.1807 0.9087 0.3764
vt 0.750000 0.416667
vt 0.750000 0.500000
vt 0.687500 0.500000
vt 0.687500 0.416667
vt 0.750000 0.666667
vt 0.750000 0.750000
vt 0.687500 0.750000
vt 0.687500 0.666667
vt 0.750000 0.083333
vt 0.750000 0.166667
vt 0.687500 0.166667
vt 0.687500 0.083333
vt 0.750000 0.916667
vt 0.718750 1.000000
vt 0.687500 0.916667
vt 0.750000 0.333333
vt 0.687500 0.333333
vt 0.750000 0.583333
vt 0.687500 0.583333
vt 0.718750 0.000000
vt 0.750000 0.833333
vt 0.687500 0.833333
vt 0.750000 0.250000
vt 0.687500 0.250000
vt 0.625000 0.666667
vt 0.625000 0.583333
vt 0.656250 0.000000
vt 0.625000 0.083333
vt 0.625000 0.916667
vt 0.625000 0.833333
vt 0.625000 0.333333
vt 0.625000 0.250000
vt 0.625000 0.500000
vt 0.625000 0.750000
vt 0.625000 0.166667
vt 0.625000 0.416667
vt 0.656250 1.000000
vt 0.562500 0.750000
vt 0.562500 0.666667
vt 0.562500 0.166667
vt 0.562500 0.083333
vt 0.593750 1.000000
vt 0.562500 0.916667
vt 0.562500 0.416667
vt 0.562500 0.333333
vt 0.562500 0.583333
vt 0.593750 0.000000
vt 0.562500 0.833333
vt 0.562500 0.250000
vt 0.562500 0.500000
vt 0.500000 0.583333
vt 0.500000 0.500000
vt 0.500000 0.833333
vt 0.500000 0.750000
vt 0.500000 0.250000
vt 0.500000 0.166667
vt 0.500000 0.416667
vt 0.500000 0.666667
vt 0.500000 0.083333
vt 0.531250 1.000000
vt 0.500000 0.916667
vt 0.500000 0.333333
vt 0.531250 0.000000
vt 0.437500 0.666667
vt 0.437500 0.583333
vt 0.468750 0.000000
vt 0.437500 0.083333
vt 0.437500 0.916667
vt 0.437500 0.833333
vt 0.437500 0.333333
vt 0.437500 0.250000
vt 0.437500 0.500000
vt 0.437500 0.750000
vt 0.437500 0.166667
vt 0.437500 0.416667
vt 0.468750 1.000000
vt 0.375000 0.500000
vt 0.375000 0.416667
vt 0.375000 0.750000
vt 0.375000 0.666667
vt 0.375000 0.166667
vt 0.375000 0.083333
vt 0.406250 1.000000
vt 0.375000 0.916667
vt 0.375000 0.333333
vt 0.375000 0.583333
vt 0.406250 0.000000
vt 0.375000 0.833333
vt 0.375000 0.250000
vt 0.312500 0.583333
vt 0.312500 0.500000
vt 0.312500 0.833333
vt 0.312500 0.750000
vt 0.312500 0.250000
vt 0.312500 0.166667
vt 0.312500 0.416667
vt 0.312500 0.666667
vt 0.312500 0.083333
vt 0.343750 1.000000
vt 0.312500 0.916667
vt 0.312500 0.333333
vt 0.343750 0.000000
vt 0.250000 0.416667
vt 0.250000 0.333333
vt 0.250000 0.666667
vt 0.250000 0.583333
vt 0.281250 0.000000
vt 0.250000 0.083333
vt 0.250000 0.916667
vt 0.250000 0.833333
vt 0.250000 0.250000
vt 0.250000 0.500000
vt 0.250000 0.750000
vt 0.250000 0.166667
vt 0.281250 1.000000
vt 0.187500 0.500000
vt 0.187500 0.416667
vt 0.187500 0.750000
vt 0.187500 0.666667
vt 0.187500 0.166667
vt 0.187500 0.083333
vt 0.218750 1.000000
vt 0.187500 0.916667
vt 0.187500 0.333333
vt 0.187500 0.583333
vt 0.218750 0.000000
vt 0.187500 0.833333
vt 0.187500 0.250000
vt 0.125000 0.333333
vt 0.125000 0.250000
vt 0.125000 0.583333
vt 0.125000 0.500000
vt 0.125000 0.833333
vt 0.125000 0.750000
vt 0.125000 0.166667
vt 0.125000 0.416667
vt 0.125000 0.666667
vt 0.125000 0.083333
vt 0.156250 1.000000
vt 0.125000 0.916667
vt 0.156250 0.000000
vt 0.093750 1.000000
vt 0.062500 0.916667
vt 0.062500 0.416667
vt 0.062500 0.333333
vt 0.062500 0.666667
vt 0.062500 0.583333
vt 0.093750 0.000000
vt 0.062500 0.083333
vt 0.062500 0.833333
vt 0.062500 0.250000
vt 0.062500 0.500000
vt 0.062500 0.750000
vt 0.062500 0.166667
vt 0.000000 0.250000
vt 0.000000 0.166667
vt 0.000000 0.500000
vt 0.000000 0.416667
vt 0.000000 0.750000
vt 0.000000 0.666667
vt 0.000000 0.083333
vt 0.031250 1.000000
vt 0.000000 0.916667
vt 0.000000 0.333333
vt 0.000000 0.583333
vt 0.031250 0.000000
vt 0.000000 0.833333
vt 1.000000 0.833333
vt 1.000000 0.916667
vt 0.937500 0.916667
vt 0.937500 0.833333
vt 1.000000 0.250000
vt 1.000000 0.333333
vt 0.937500 0.333333
vt 0.937500 0.250000
vt 1.000000 0.500000
vt 1.000000 0.583333
vt 0.937500 0.583333
vt 0.937500 0.500000
vt 1.000000 0.750000
vt 0.937500 0.750000
vt 1.000000 0.166667
vt 0.937500 0.166667
vt 1.000000 0.416667
vt 0.937500 0.416667
vt 1.000000 0.666667
vt 0.937500 0.666667
vt 1.000000 0.083333
vt 0.937500 0.083333
vt 0.968750 1.000000
vt 0.968750 0.000000
vt 0.875000 0.166667
vt 0.875000 0.083333
vt 0.906250 1.000000
vt 0.875000 0.916667
vt 0.875000 0.416667
vt 0.875000 0.333333
vt 0.875000 0.666667
vt 0.875000 0.583333
vt 0.906250 0.000000
vt 0.875000 0.833333
vt 0.875000 0.250000
vt 0.875000 0.500000
vt 0.875000 0.750000
vt 0.812500 0.833333
vt 0.812500 0.750000
vt 0.812500 0.250000
vt 0.812500 0.166667
vt 0.812500 0.500000
vt 0.812500 0.416667
vt 0.812500 0.666667
vt 0.812500 0.083333
vt 0.843750 1.000000
vt 0.812500 0.916667
vt 0.812500 0.333333
vt 0.812500 0.583333
vt 0.843750 0.000000
vt 0.781250 0.000000
vt 0.781250 1.000000
s 0
usemtl Ang_PearlWhite
f 1323/1594/1123 1152/1595/1123 1162/1596/1123 1163/1597/1123
f 1150/1598/1124 1322/1599/1124 1159/1600/1124 1160/1601/1124
f 1155/1602/1125 1154/1603/1125 1166/1604/1125 1167/1605/1125
f 1148/1606/1126 1147/1607/1126 1157/1608/1126
f 1153/1609/1127 1323/1594/1127 1163/1597/1127 1164/1610/1127
f 1151/1611/1128 1150/1598/1128 1160/1601/1128 1161/1612/1128
f 1156/1613/1129 1155/1602/1129 1167/1605/1129
f 1149/1614/1130 1148/1606/1130 1157/1608/1130 1158/1615/1130
f 1324/1616/1131 1153/1609/1131 1164/1610/1131 1165/1617/1131
f 1152/1595/1132 1151/1611/1132 1161/1612/1132 1162/1596/1132
f 1322/1599/1133 1149/1614/1133 1158/1615/1133 1159/1600/1133
f 1154/1603/1134 1324/1616/1134 1165/1617/1134 1166/1604/1134
f 1161/1612/1135 1160/1601/1135 1171/1618/1135 1172/1619/1135
f 1156/1620/1136 1167/1605/1136 1178/1621/1136
f 1158/1615/1137 1157/1608/1137 1168/1622/1137 1169/1623/1137
f 1165/1617/1138 1164/1610/1138 1175/1624/1138 1176/1625/1138
f 1162/1596/1139 1161/1612/1139 1172/1619/1139 1173/1626/1139
f 1159/1600/1140 1158/1615/1140 1169/1623/1140 1170/1627/1140
f 1166/1604/1141 1165/1617/1141 1176/1625/1141 1177/1628/1141
f 1163/1597/1142 1162/1596/1142 1173/1626/1142 1174/1629/1142
f 1160/1601/1143 1159/1600/1143 1170/1627/1143 1171/1618/1143
f 1167/1605/1144 1166/1604/1144 1177/1628/1144 1178/1621/1144
f 1157/1608/1145 1147/1630/1145 1168/1622/1145
f 1164/1610/1146 1163/1597/1146 1174/1629/1146 1175/1624/1146
f 1171/1618/1147 1170/1627/1147 1181/1631/1147 1182/1632/1147
f 1178/1621/1148 1177/1628/1148 1188/1633/1148 1189/1634/1148
f 1168/1622/1149 1147/1635/1149 1179/1636/1149
f 1175/1624/1150 1174/1629/1150 1185/1637/1150 1186/1638/1150
f 1172/1619/1151 1171/1618/1151 1182/1632/1151 1183/1639/1151
f 1156/1640/1152 1178/1621/1152 1189/1634/1152
f 1169/1623/1153 1168/1622/1153 1179/1636/1153 1180/1641/1153
f 1176/1625/1154 1175/1624/1154 1186/1638/1154 1187/1642/1154
f 1173/1626/1155 1172/1619/1155 1183/1639/1155 1184/1643/1155
f 1170/1627/1156 1169/1623/1156 1180/1641/1156 1181/1631/1156
f 1177/1628/1157 1176/1625/1157 1187/1642/1157 1188/1633/1157
f 1174/1629/1158 1173/1626/1158 1184/1643/1158 1185/1637/1158
f 1184/1643/1159 1183/1639/1159 1194/1644/1159 1195/1645/1159
f 1181/1631/1160 1180/1641/1160 1191/1646/1160 1192/1647/1160
f 1188/1633/1161 1187/1642/1161 1198/1648/1161 1199/1649/1161
f 1185/1637/1162 1184/1643/1162 1195/1645/1162 1196/1650/1162
f 1182/1632/1163 1181/1631/1163 1192/1647/1163 1193/1651/1163
f 1189/1634/1164 1188/1633/1164 1199/1649/1164 1200/1652/1164
f 1179/1636/1165 1147/1653/1165 1190/1654/1165
f 1186/1638/1166 1185/1637/1166 1196/1650/1166 1197/1655/1166
f 1183/1639/1167 1182/1632/1167 1193/1651/1167 1194/1644/1167
f 1156/1656/1168 1189/1634/1168 1200/1652/1168
f 1180/1641/1169 1179/1636/1169 1190/1654/1169 1191/1646/1169
f 1187/1642/1170 1186/1638/1170 1197/1655/1170 1198/1648/1170
f 1194/1644/1171 1193/1651/1171 1204/1657/1171 1205/1658/1171
f 1156/1659/1172 1200/1652/1172 1211/1660/1172
f 1191/1646/1173 1190/1654/1173 1201/1661/1173 1202/1662/1173
f 1198/1648/1174 1197/1655/1174 1208/1663/1174 1209/1664/1174
f 1195/1645/1175 1194/1644/1175 1205/1658/1175 1206/1665/1175
f 1192/1647/1176 1191/1646/1176 1202/1662/1176 1203/1666/1176
f 1199/1649/1177 1198/1648/1177 1209/1664/1177 1210/1667/1177
f 1196/1650/1178 1195/1645/1178 1206/1665/1178 1207/1668/1178
f 1193/1651/1179 1192/1647/1179 1203/1666/1179 1204/1657/1179
f 1200/1652/1180 1199/1649/1180 1210/1667/1180 1211/1660/1180
f 1190/1654/1181 1147/1669/1181 1201/1661/1181
f 1197/1655/1182 1196/1650/1182 1207/1668/1182 1208/1663/1182
f 1207/1668/1183 1206/1665/1183 1217/1670/1183 1218/1671/1183
f 1204/1657/1184 1203/1666/1184 1214/1672/1184 1215/1673/1184
f 1211/1660/1185 1210/1667/1185 1221/1674/1185 1222/1675/1185
f 1201/1661/1186 1147/1676/1186 1212/1677/1186
f 1208/1663/1187 1207/1668/1187 1218/1671/1187 1219/1678/1187
f 1205/1658/1188 1204/1657/1188 1215/1673/1188 1216/1679/1188
f 1156/1680/1189 1211/1660/1189 1222/1675/1189
f 1202/1662/1190 1201/1661/1190 1212/1677/1190 1213/1681/1190
f 1209/1664/1191 1208/1663/1191 1219/1678/1191 1220/1682/1191
f 1206/1665/1192 1205/1658/1192 1216/1679/1192 1217/1670/1192
f 1203/1666/1193 1202/1662/1193 1213/1681/1193 1214/1672/1193
f 1210/1667/1194 1209/1664/1194 1220/1682/1194 1221/1674/1194
f 1217/1670/1195 1216/1679/1195 1227/1683/1195 1228/1684/1195
f 1214/1672/1196 1213/1681/1196 1224/1685/1196 1225/1686/1196
f 1221/1674/1197 1220/1682/1197 1231/1687/1197 1232/1688/1197
f 1218/1671/1198 1217/1670/1198 1228/1684/1198 1229/1689/1198
f 1215/1673/1199 1214/1672/1199 1225/1686/1199 1226/1690/1199
f 1222/1675/1200 1221/1674/1200 1232/1688/1200 1233/1691/1200
f 1212/1677/1201 1147/1692/1201 1223/1693/1201
f 1219/1678/1202 1218/1671/1202 1229/1689/1202 1230/1694/1202
f 1216/1679/1203 1215/1673/1203 1226/1690/1203 1227/1683/1203
f 1156/1695/1204 1222/1675/1204 1233/1691/1204
f 1213/1681/1205 1212/1677/1205 1223/1693/1205 1224/1685/1205
f 1220/1682/1206 1219/1678/1206 1230/1694/1206 1231/1687/1206
f 1230/1694/1207 1229/1689/1207 1240/1696/1207 1241/1697/1207
f 1227/1683/1208 1226/1690/1208 1237/1698/1208 1238/1699/1208
f 1156/1700/1209 1233/1691/1209 1244/1701/1209
f 1224/1685/1210 1223/1693/1210 1234/1702/1210 1235/1703/1210
f 1231/1687/1211 1230/1694/1211 1241/1697/1211 1242/1704/1211
f 1228/1684/1212 1227/1683/1212 1238/1699/1212 1239/1705/1212
f 1225/1686/1213 1224/1685/1213 1235/1703/1213 1236/1706/1213
f 1232/1688/1214 1231/1687/1214 1242/1704/1214 1243/1707/1214
f 1229/1689/1215 1228/1684/1215 1239/1705/1215 1240/1696/1215
f 1226/1690/1216 1225/1686/1216 1236/1706/1216 1237/1698/1216
f 1233/1691/1217 1232/1688/1217 1243/1707/1217 1244/1701/1217
f 1223/1693/1218 1147/1708/1218 1234/1702/1218
f 1240/1696/1219 1239/1705/1219 1250/1709/1219 1251/1710/1219
f 1237/1698/1220 1236/1706/1220 1247/1711/1220 1248/1712/1220
f 1244/1701/1221 1243/1707/1221 1254/1713/1221 1255/1714/1221
f 1234/1702/1222 1147/1715/1222 1245/1716/1222
f 1241/1697/1223 1240/1696/1223 1251/1710/1223 1252/1717/1223
f 1238/1699/1224 1237/1698/1224 1248/1712/1224 1249/1718/1224
f 1156/1719/1225 1244/1701/1225 1255/1714/1225
f 1235/1703/1226 1234/1702/1226 1245/1716/1226 1246/1720/1226
f 1242/1704/1227 1241/1697/1227 1252/1717/1227 1253/1721/1227
f 1239/1705/1228 1238/1699/1228 1249/1718/1228 1250/1709/1228
f 1236/1706/1229 1235/1703/1229 1246/1720/1229 1247/1711/1229
f 1243/1707/1230 1242/1704/1230 1253/1721/1230 1254/1713/1230
f 1253/1721/1231 1252/1717/1231 1263/1722/1231 1264/1723/1231
f 1250/1709/1232 1249/1718/1232 1260/1724/1232 1261/1725/1232
f 1247/1711/1233 1246/1720/1233 1257/1726/1233 1258/1727/1233
f 1254/1713/1234 1253/1721/1234 1264/1723/1234 1265/1728/1234
f 1251/1710/1235 1250/1709/1235 1261/1725/1235 1262/1729/1235
f 1248/1712/1236 1247/1711/1236 1258/1727/1236 1259/1730/1236
f 1255/1714/1237 1254/1713/1237 1265/1728/1237 1266/1731/1237
f 1245/1716/1238 1147/1732/1238 1256/1733/1238
f 1252/1717/1239 1251/1710/1239 1262/1729/1239 1263/1722/1239
f 1249/1718/1240 1248/1712/1240 1259/1730/1240 1260/1724/1240
f 1156/1734/1241 1255/1714/1241 1266/1731/1241
f 1246/1720/1242 1245/1716/1242 1256/1733/1242 1257/1726/1242
f 1256/1733/1243 1147/1735/1243 1267/1736/1243
f 1263/1722/1244 1262/1729/1244 1273/1737/1244 1274/1738/1244
f 1260/1724/1245 1259/1730/1245 1270/1739/1245 1271/1740/1245
f 1156/1741/1246 1266/1731/1246 1277/1742/1246
f 1257/1726/1247 1256/1733/1247 1267/1736/1247 1268/1743/1247
f 1264/1723/1248 1263/1722/1248 1274/1738/1248 1275/1744/1248
f 1261/1725/1249 1260/1724/1249 1271/1740/1249 1272/1745/1249
f 1258/1727/1250 1257/1726/1250 1268/1743/1250 1269/1746/1250
f 1265/1728/1251 1264/1723/1251 1275/1744/1251 1276/1747/1251
f 1262/1729/1252 1261/1725/1252 1272/1745/1252 1273/1737/1252
f 1259/1730/1253 1258/1727/1253 1269/1746/1253 1270/1739/1253
f 1266/1731/1254 1265/1728/1254 1276/1747/1254 1277/1742/1254
f 1276/1747/1255 1275/1744/1255 1286/1748/1255 1287/1749/1255
f 1273/1737/1256 1272/1745/1256 1283/1750/1256 1284/1751/1256
f 1270/1739/1257 1269/1746/1257 1280/1752/1257 1281/1753/1257
f 1277/1742/1258 1276/1747/1258 1287/1749/1258 1288/1754/1258
f 1267/1736/1259 1147/1755/1259 1278/1756/1259
f 1274/1738/1260 1273/1737/1260 1284/1751/1260 1285/1757/1260
f 1271/1740/1261 1270/1739/1261 1281/1753/1261 1282/1758/1261
f 1156/1759/1262 1277/1742/1262 1288/1754/1262
f 1268/1743/1263 1267/1736/1263 1278/1756/1263 1279/1760/1263
f 1275/1744/1264 1274/1738/1264 1285/1757/1264 1286/1748/1264
f 1272/1745/1265 1271/1740/1265 1282/1758/1265 1283/1750/1265
f 1269/1746/1266 1268/1743/1266 1279/1760/1266 1280/1752/1266
f 1279/1761/1267 1278/1762/1267 1289/1763/1267 1290/1764/1267
f 1286/1765/1268 1285/1766/1268 1296/1767/1268 1297/1768/1268
f 1283/1769/1269 1282/1770/1269 1293/1771/1269 1294/1772/1269
f 1280/1773/1270 1279/1761/1270 1290/1764/1270 1291/1774/1270
f 1287/1775/1271 1286/1765/1271 1297/1768/1271 1298/1776/1271
f 1284/1777/1272 1283/1769/1272 1294/1772/1272 1295/1778/1272
f 1281/1779/1273 1280/1773/1273 1291/1774/1273 1292/1780/1273
f 1288/1781/1274 1287/1775/1274 1298/1776/1274 1299/1782/1274
f 1278/1762/1275 1147/1783/1275 1289/1763/1275
f 1285/1766/1276 1284/1777/1276 1295/1778/1276 1296/1767/1276
f 1282/1770/1277 1281/1779/1277 1292/1780/1277 1293/1771/1277
f 1156/1784/1278 1288/1781/1278 1299/1782/1278
f 1299/1782/1279 1298/1776/1279 1309/1785/1279 1310/1786/1279
f 1289/1763/1280 1147/1787/1280 1300/1788/1280
f 1296/1767/1281 1295/1778/1281 1306/1789/1281 1307/1790/1281
f 1293/1771/1282 1292/1780/1282 1303/1791/1282 1304/1792/1282
f 1156/1793/1283 1299/1782/1283 1310/1786/1283
f 1290/1764/1284 1289/1763/1284 1300/1788/1284 1301/1794/1284
f 1297/1768/1285 1296/1767/1285 1307/1790/1285 1308/1795/1285
f 1294/1772/1286 1293/1771/1286 1304/1792/1286 1305/1796/1286
f 1291/1774/1287 1290/1764/1287 1301/1794/1287 1302/1797/1287
f 1298/1776/1288 1297/1768/1288 1308/1795/1288 1309/1785/1288
f 1295/1778/1289 1294/1772/1289 1305/1796/1289 1306/1789/1289
f 1292/1780/1290 1291/1774/1290 1302/1797/1290 1303/1791/1290
f 1302/1797/1291 1301/1794/1291 1312/1798/1291 1313/1799/1291
f 1309/1785/1292 1308/1795/1292 1319/1800/1292 1320/1801/1292
f 1306/1789/1293 1305/1796/1293 1316/1802/1293 1317/1803/1293
f 1303/1791/1294 1302/1797/1294 1313/1799/1294 1314/1804/1294
f 1310/1786/1295 1309/1785/1295 1320/1801/1295 1321/1805/1295
f 1300/1788/1296 1147/1806/1296 1311/1807/1296
f 1307/1790/1297 1306/1789/1297 1317/1803/1297 1318/1808/1297
f 1304/1792/1298 1303/1791/1298 1314/1804/1298 1315/1809/1298
f 1156/1810/1299 1310/1786/1299 1321/1805/1299
f 1301/1794/1300 1300/1788/1300 1311/1807/1300 1312/1798/1300
f 1308/1795/1301 1307/1790/1301 1318/1808/1301 1319/1800/1301
f 1305/1796/1302 1304/1792/1302 1315/1809/1302 1316/1802/1302
f 1156/1811/1303 1321/1805/1303 1155/1602/1303
f 1312/1798/1304 1311/1807/1304 1148/1606/1304 1149/1614/1304
f 1319/1800/1305 1318/1808/1305 1153/1609/1305 1324/1616/1305
f 1316/1802/1306 1315/1809/1306 1151/1611/1306 1152/1595/1306
f 1313/1799/1307 1312/1798/1307 1149/1614/1307 1322/1599/1307
f 1320/1801/1308 1319/1800/1308 1324/1616/1308 1154/1603/1308
f 1317/1803/1309 1316/1802/1309 1152/1595/1309 1323/1594/1309
f 1314/1804/1310 1313/1799/1310 1322/1599/1310 1150/1598/1310
f 1321/1805/1311 1320/1801/1311 1154/1603/1311 1155/1602/1311
f 1311/1807/1312 1147/1812/1312 1148/1606/1312
f 1318/1808/1313 1317/1803/1313 1323/1594/1313 1153/1609/1313
f 1315/1809/1314 1314/1804/1314 1150/1598/1314 1151/1611/1314
o Pauldron_Ring_R
v 0.360000 0.600000 -0.020000
v 0.360000 0.600000 0.020000
v 0.428883 0.586298 -0.020000
v 0.428883 0.586298 0.020000
v 0.487279 0.547279 -0.020000
v 0.487279 0.547279 0.020000
v 0.526298 0.488883 -0.020000
v 0.526298 0.488883 0.020000
v 0.540000 0.420000 -0.020000
v 0.540000 0.420000 0.020000
v 0.526298 0.351117 -0.020000
v 0.526298 0.351117 0.020000
v 0.487279 0.292721 -0.020000
v 0.487279 0.292721 0.020000
v 0.428883 0.253702 -0.020000
v 0.428883 0.253702 0.020000
v 0.360000 0.240000 -0.020000
v 0.360000 0.240000 0.020000
v 0.291117 0.253702 -0.020000
v 0.291117 0.253702 0.020000
v 0.232721 0.292721 -0.020000
v 0.232721 0.292721 0.020000
v 0.193702 0.351117 -0.020000
v 0.193702 0.351117 0.020000
v 0.180000 0.420000 -0.020000
v 0.180000 0.420000 0.020000
v 0.193702 0.488883 -0.020000
v 0.193702 0.488883 0.020000
v 0.232721 0.547279 -0.020000
v 0.232721 0.547279 0.020000
v 0.291117 0.586298 -0.020000
v 0.291117 0.586298 0.020000
vn 0.1951 0.9808 -0.0000
vn 0.5556 0.8315 -0.0000
vn 0.8315 0.5556 -0.0000
vn 0.9808 0.1951 -0.0000
vn 0.9808 -0.1951 -0.0000
vn 0.8315 -0.5556 -0.0000
vn 0.5556 -0.8315 -0.0000
vn 0.1951 -0.9808 -0.0000
vn -0.1951 -0.9808 -0.0000
vn -0.5556 -0.8315 -0.0000
vn -0.8315 -0.5556 -0.0000
vn -0.9808 -0.1951 -0.0000
vn -0.9808 0.1951 -0.0000
vn -0.8315 0.5556 -0.0000
vn -0.0000 -0.0000 1.0000
vn -0.5556 0.8315 -0.0000
vn -0.1951 0.9808 -0.0000
vn -0.0000 -0.0000 -1.0000
vt 1.000000 0.500000
vt 1.000000 1.000000
vt 0.937500 1.000000
vt 0.937500 0.500000
vt 0.875000 1.000000
vt 0.875000 0.500000
vt 0.812500 1.000000
vt 0.812500 0.500000
vt 0.750000 1.000000
vt 0.750000 0.500000
vt 0.687500 1.000000
vt 0.687500 0.500000
vt 0.625000 1.000000
vt 0.625000 0.500000
vt 0.562500 1.000000
vt 0.562500 0.500000
vt 0.500000 1.000000
vt 0.500000 0.500000
vt 0.437500 1.000000
vt 0.437500 0.500000
vt 0.375000 1.000000
vt 0.375000 0.500000
vt 0.312500 1.000000
vt 0.312500 0.500000
vt 0.250000 1.000000
vt 0.250000 0.500000
vt 0.187500 1.000000
vt 0.187500 0.500000
vt 0.125000 1.000000
vt 0.125000 0.500000
vt 0.341844 0.471731
vt 0.250000 0.490000
vt 0.158156 0.471731
vt 0.080294 0.419706
vt 0.028269 0.341844
vt 0.010000 0.250000
vt 0.028269 0.158156
vt 0.080294 0.080294
vt 0.158156 0.028269
vt 0.250000 0.010000
vt 0.341844 0.028269
vt 0.419706 0.080294
vt 0.471731 0.158156
vt 0.490000 0.250000
vt 0.471731 0.341844
vt 0.419706 0.419706
vt 0.062500 1.000000
vt 0.062500 0.500000
vt 0.000000 1.000000
vt 0.000000 0.500000
vt 0.750000 0.490000
vt 0.841844 0.471731
vt 0.919706 0.419706
vt 0.971731 0.341844
vt 0.990000 0.250000
vt 0.971731 0.158156
vt 0.919706 0.080294
vt 0.841844 0.028269
vt 0.750000 0.010000
vt 0.658156 0.028269
vt 0.580294 0.080294
vt 0.528269 0.158156
vt 0.510000 0.250000
vt 0.528269 0.341844
vt 0.580294 0.419706
vt 0.658156 0.471731
s 0
usemtl Ang_Gold
f 1325/1813/1315 1326/1814/1315 1328/1815/1315 1327/1816/1315
f 1327/1816/1316 1328/1815/1316 1330/1817/1316 1329/1818/1316
f 1329/1818/1317 1330/1817/1317 1332/1819/1317 1331/1820/1317
f 1331/1820/1318 1332/1819/1318 1334/1821/1318 1333/1822/1318
f 1333/1822/1319 1334/1821/1319 1336/1823/1319 1335/1824/1319
f 1335/1824/1320 1336/1823/1320 1338/1825/1320 1337/1826/1320
f 1337/1826/1321 1338/1825/1321 1340/1827/1321 1339/1828/1321
f 1339/1828/1322 1340/1827/1322 1342/1829/1322 1341/1830/1322
f 1341/1830/1323 1342/1829/1323 1344/1831/1323 1343/1832/1323
f 1343/1832/1324 1344/1831/1324 1346/1833/1324 1345/1834/1324
f 1345/1834/1325 1346/1833/1325 1348/1835/1325 1347/1836/1325
f 1347/1836/1326 1348/1835/1326 1350/1837/1326 1349/1838/1326
f 1349/1838/1327 1350/1837/1327 1352/1839/1327 1351/1840/1327
f 1351/1840/1328 1352/1839/1328 1354/1841/1328 1353/1842/1328
f 1328/1843/1329 1326/1844/1329 1356/1845/1329 1354/1846/1329 1352/1847/1329 1350/1848/1329 1348/1849/1329 1346/1850/1329 1344/1851/1329 1342/1852/1329 1340/1853/1329 1338/1854/1329 1336/1855/1329 1334/1856/1329 1332/1857/1329 1330/1858/1329
f 1353/1842/1330 1354/1841/1330 1356/1859/1330 1355/1860/1330
f 1355/1860/1331 1356/1859/1331 1326/1861/1331 1325/1862/1331
f 1325/1863/1332 1327/1864/1332 1329/1865/1332 1331/1866/1332 1333/1867/1332 1335/1868/1332 1337/1869/1332 1339/1870/1332 1341/1871/1332 1343/1872/1332 1345/1873/1332 1347/1874/1332 1349/1875/1332 1351/1876/1332 1353/1877/1332 1355/1878/1332
o Arm_R
v 0.360000 0.260000 -0.140000
v 0.360000 0.260000 0.140000
v 0.390615 0.253910 -0.140000
v 0.390615 0.253910 0.140000
v 0.416569 0.236569 -0.140000
v 0.416569 0.236569 0.140000
v 0.433910 0.210615 -0.140000
v 0.433910 0.210615 0.140000
v 0.440000 0.180000 -0.140000
v 0.440000 0.180000 0.140000
v 0.433910 0.149385 -0.140000
v 0.433910 0.149385 0.140000
v 0.416569 0.123431 -0.140000
v 0.416569 0.123431 0.140000
v 0.390615 0.106090 -0.140000
v 0.390615 0.106090 0.140000
v 0.360000 0.100000 -0.140000
v 0.360000 0.100000 0.140000
v 0.329385 0.106090 -0.140000
v 0.329385 0.106090 0.140000
v 0.303431 0.123431 -0.140000
v 0.303431 0.123431 0.140000
v 0.286090 0.149385 -0.140000
v 0.286090 0.149385 0.140000
v 0.280000 0.180000 -0.140000
v 0.280000 0.180000 0.140000
v 0.286090 0.210615 -0.140000
v 0.286090 0.210615 0.140000
v 0.303431 0.236569 -0.140000
v 0.303431 0.236569 0.140000
v 0.329385 0.253910 -0.140000
v 0.329385 0.253910 0.140000
vn 0.1951 0.9808 -0.0000
vn 0.5556 0.8315 -0.0000
vn 0.8315 0.5556 -0.0000
vn 0.9808 0.1951 -0.0000
vn 0.9808 -0.1951 -0.0000
vn 0.8315 -0.5556 -0.0000
vn 0.5556 -0.8315 -0.0000
vn 0.1951 -0.9808 -0.0000
vn -0.1951 -0.9808 -0.0000
vn -0.5556 -0.8315 -0.0000
vn -0.8315 -0.5556 -0.0000
vn -0.9808 -0.1951 -0.0000
vn -0.9808 0.1951 -0.0000
vn -0.8315 0.5556 -0.0000
vn -0.0000 -0.0000 1.0000
vn -0.5556 0.8315 -0.0000
vn -0.1951 0.9808 -0.0000
vn -0.0000 -0.0000 -1.0000
vt 1.000000 0.500000
vt 1.000000 1.000000
vt 0.937500 1.000000
vt 0.937500 0.500000
vt 0.875000 1.000000
vt 0.875000 0.500000
vt 0.812500 1.000000
vt 0.812500 0.500000
vt 0.750000 1.000000
vt 0.750000 0.500000
vt 0.687500 1.000000
vt 0.687500 0.500000
vt 0.625000 1.000000
vt 0.625000 0.500000
vt 0.562500 1.000000
vt 0.562500 0.500000
vt 0.500000 1.000000
vt 0.500000 0.500000
vt 0.437500 1.000000
vt 0.437500 0.500000
vt 0.375000 1.000000
vt 0.375000 0.500000
vt 0.312500 1.000000
vt 0.312500 0.500000
vt 0.250000 1.000000
vt 0.250000 0.500000
vt 0.187500 1.000000
vt 0.187500 0.500000
vt 0.125000 1.000000
vt 0.125000 0.500000
vt 0.341844 0.471731
vt 0.250000 0.490000
vt 0.158156 0.471731
vt 0.080294 0.419706
vt 0.028269 0.341844
vt 0.010000 0.250000
vt 0.028269 0.158156
vt 0.080294 0.080294
vt 0.158156 0.028269
vt 0.250000 0.010000
vt 0.341844 0.028269
vt 0.419706 0.080294
vt 0.471731 0.158156
vt 0.490000 0.250000
vt 0.471731 0.341844
vt 0.419706 0.419706
vt 0.062500 1.000000
vt 0.062500 0.500000
vt 0.000000 1.000000
vt 0.000000 0.500000
vt 0.750000 0.490000
vt 0.841844 0.471731
vt 0.919706 0.419706
vt 0.971731 0.341844
vt 0.990000 0.250000
vt 0.971731 0.158156
vt 0.919706 0.080294
vt 0.841844 0.028269
vt 0.750000 0.010000
vt 0.658156 0.028269
vt 0.580294 0.080294
vt 0.528269 0.158156
vt 0.510000 0.250000
vt 0.528269 0.341844
vt 0.580294 0.419706
vt 0.658156 0.471731
s 0
usemtl Ang_PearlWhite
f 1357/1879/1333 1358/1880/1333 1360/1881/1333 1359/1882/1333
f 1359/1882/1334 1360/1881/1334 1362/1883/1334 1361/1884/1334
f 1361/1884/1335 1362/1883/1335 1364/1885/1335 1363/1886/1335
f 1363/1886/1336 1364/1885/1336 1366/1887/1336 1365/1888/1336
f 1365/1888/1337 1366/1887/1337 1368/1889/1337 1367/1890/1337
f 1367/1890/1338 1368/1889/1338 1370/1891/1338 1369/1892/1338
f 1369/1892/1339 1370/1891/1339 1372/1893/1339 1371/1894/1339
f 1371/1894/1340 1372/1893/1340 1374/1895/1340 1373/1896/1340
f 1373/1896/1341 1374/1895/1341 1376/1897/1341 1375/1898/1341
f 1375/1898/1342 1376/1897/1342 1378/1899/1342 1377/1900/1342
f 1377/1900/1343 1378/1899/1343 1380/1901/1343 1379/1902/1343
f 1379/1902/1344 1380/1901/1344 1382/1903/1344 1381/1904/1344
f 1381/1904/1345 1382/1903/1345 1384/1905/1345 1383/1906/1345
f 1383/1906/1346 1384/1905/1346 1386/1907/1346 1385/1908/1346
f 1360/1909/1347 1358/1910/1347 1388/1911/1347 1386/1912/1347 1384/1913/1347 1382/1914/1347 1380/1915/1347 1378/1916/1347 1376/1917/1347 1374/1918/1347 1372/1919/1347 1370/1920/1347 1368/1921/1347 1366/1922/1347 1364/1923/1347 1362/1924/1347
f 1385/1908/1348 1386/1907/1348 1388/1925/1348 1387/1926/1348
f 1387/1926/1349 1388/1925/1349 1358/1927/1349 1357/1928/1349
f 1357/1929/1350 1359/1930/1350 1361/1931/1350 1363/1932/1350 1365/1933/1350 1367/1934/1350 1369/1935/1350 1371/1936/1350 1373/1937/1350 1375/1938/1350 1377/1939/1350 1379/1940/1350 1381/1941/1350 1383/1942/1350 1385/1943/1350 1387/1944/1350
o Gauntlet_R
v 0.290000 -0.210000 -0.050000
v 0.290000 -0.210000 0.090000
v 0.290000 0.050000 -0.050000
v 0.290000 0.050000 0.090000
v 0.430000 -0.210000 -0.050000
v 0.430000 -0.210000 0.090000
v 0.430000 0.050000 -0.050000
v 0.430000 0.050000 0.090000
vn -1.0000 -0.0000 -0.0000
vn -0.0000 1.0000 -0.0000
vn 1.0000 -0.0000 -0.0000
vn -0.0000 -1.0000 -0.0000
vn -0.0000 -0.0000 -1.0000
vn -0.0000 -0.0000 1.0000
vt 0.375000 0.000000
vt 0.625000 0.000000
vt 0.625000 0.250000
vt 0.375000 0.250000
vt 0.625000 0.500000
vt 0.375000 0.500000
vt 0.625000 0.750000
vt 0.375000 0.750000
vt 0.625000 1.000000
vt 0.375000 1.000000
vt 0.125000 0.500000
vt 0.125000 0.750000
vt 0.875000 0.500000
vt 0.875000 0.750000
s 0
usemtl Ang_Gold
f 1389/1945/1351 1390/1946/1351 1392/1947/1351 1391/1948/1351
f 1391/1948/1352 1392/1947/1352 1396/1949/1352 1395/1950/1352
f 1395/1950/1353 1396/1949/1353 1394/1951/1353 1393/1952/1353
f 1393/1952/1354 1394/1951/1354 1390/1953/1354 1389/1954/1354
f 1391/1955/1355 1395/1950/1355 1393/1952/1355 1389/1956/1355
f 1396/1949/1356 1392/1957/1356 1390/1958/1356 1394/1951/1356
o Thigh_L
v -0.160000 -0.090000 -0.160000
v -0.160000 -0.090000 0.160000
v -0.125558 -0.096851 -0.160000
v -0.125558 -0.096851 0.160000
v -0.096360 -0.116360 -0.160000
v -0.096360 -0.116360 0.160000
v -0.076851 -0.145558 -0.160000
v -0.076851 -0.145558 0.160000
v -0.070000 -0.180000 -0.160000
v -0.070000 -0.180000 0.160000
v -0.076851 -0.214442 -0.160000
v -0.076851 -0.214442 0.160000
v -0.096360 -0.243640 -0.160000
v -0.096360 -0.243640 0.160000
v -0.125558 -0.263149 -0.160000
v -0.125558 -0.263149 0.160000
v -0.160000 -0.270000 -0.160000
v -0.160000 -0.270000 0.160000
v -0.194442 -0.263149 -0.160000
v -0.194442 -0.263149 0.160000
v -0.223640 -0.243640 -0.160000
v -0.223640 -0.243640 0.160000
v -0.243149 -0.214442 -0.160000
v -0.243149 -0.214442 0.160000
v -0.250000 -0.180000 -0.160000
v -0.250000 -0.180000 0.160000
v -0.243149 -0.145558 -0.160000
v -0.243149 -0.145558 0.160000
v -0.223640 -0.116360 -0.160000
v -0.223640 -0.116360 0.160000
v -0.194442 -0.096851 -0.160000
v -0.194442 -0.096851 0.160000
vn 0.1951 0.9808 -0.0000
vn 0.5556 0.8315 -0.0000
vn 0.8315 0.5556 -0.0000
vn 0.9808 0.1951 -0.0000
vn 0.9808 -0.1951 -0.0000
vn 0.8315 -0.5556 -0.0000
vn 0.5556 -0.8315 -0.0000
vn 0.1951 -0.9808 -0.0000
vn -0.1951 -0.9808 -0.0000
vn -0.5556 -0.8315 -0.0000
vn -0.8315 -0.5556 -0.0000
vn -0.9808 -0.1951 -0.0000
vn -0.9808 0.1951 -0.0000
vn -0.8315 0.5556 -0.0000
vn -0.0000 -0.0000 1.0000
vn -0.5556 0.8315 -0.0000
vn -0.1951 0.9808 -0.0000
vn -0.0000 -0.0000 -1.0000
vt 1.000000 0.500000
vt 1.000000 1.000000
vt 0.937500 1.000000
vt 0.937500 0.500000
vt 0.875000 1.000000
vt 0.875000 0.500000
vt 0.812500 1.000000
vt 0.812500 0.500000
vt 0.750000 1.000000
vt 0.750000 0.500000
vt 0.687500 1.000000
vt 0.687500 0.500000
vt 0.625000 1.000000
vt 0.625000 0.500000
vt 0.562500 1.000000
vt 0.562500 0.500000
vt 0.500000 1.000000
vt 0.500000 0.500000
vt 0.437500 1.000000
vt 0.437500 0.500000
vt 0.375000 1.000000
vt 0.375000 0.500000
vt 0.312500 1.000000
vt 0.312500 0.500000
vt 0.250000 1.000000
vt 0.250000 0.500000
vt 0.187500 1.000000
vt 0.187500 0.500000
vt 0.125000 1.000000
vt 0.125000 0.500000
vt 0.341844 0.471731
vt 0.250000 0.490000
vt 0.158156 0.471731
vt 0.080294 0.419706
vt 0.028269 0.341844
vt 0.010000 0.250000
vt 0.028269 0.158156
vt 0.080294 0.080294
vt 0.158156 0.028269
vt 0.250000 0.010000
vt 0.341844 0.028269
vt 0.419706 0.080294
vt 0.471731 0.158156
vt 0.490000 0.250000
vt 0.471731 0.341844
vt 0.419706 0.419706
vt 0.062500 1.000000
vt 0.062500 0.500000
vt 0.000000 1.000000
vt 0.000000 0.500000
vt 0.750000 0.490000
vt 0.841844 0.471731
vt 0.919706 0.419706
vt 0.971731 0.341844
vt 0.990000 0.250000
vt 0.971731 0.158156
vt 0.919706 0.080294
vt 0.841844 0.028269
vt 0.750000 0.010000
vt 0.658156 0.028269
vt 0.580294 0.080294
vt 0.528269 0.158156
vt 0.510000 0.250000
vt 0.528269 0.341844
vt 0.580294 0.419706
vt 0.658156 0.471731
s 0
usemtl Ang_PearlWhite
f 1397/1959/1357 1398/1960/1357 1400/1961/1357 1399/1962/1357
f 1399/1962/1358 1400/1961/1358 1402/1963/1358 1401/1964/1358
f 1401/1964/1359 1402/1963/1359 1404/1965/1359 1403/1966/1359
f 1403/1966/1360 1404/1965/1360 1406/1967/1360 1405/1968/1360
f 1405/1968/1361 1406/1967/1361 1408/1969/1361 1407/1970/1361
f 1407/1970/1362 1408/1969/1362 1410/1971/1362 1409/1972/1362
f 1409/1972/1363 1410/1971/1363 1412/1973/1363 1411/1974/1363
f 1411/1974/1364 1412/1973/1364 1414/1975/1364 1413/1976/1364
f 1413/1976/1365 1414/1975/1365 1416/1977/1365 1415/1978/1365
f 1415/1978/1366 1416/1977/1366 1418/1979/1366 1417/1980/1366
f 1417/1980/1367 1418/1979/1367 1420/1981/1367 1419/1982/1367
f 1419/1982/1368 1420/1981/1368 1422/1983/1368 1421/1984/1368
f 1421/1984/1369 1422/1983/1369 1424/1985/1369 1423/1986/1369
f 1423/1986/1370 1424/1985/1370 1426/1987/1370 1425/1988/1370
f 1400/1989/1371 1398/1990/1371 1428/1991/1371 1426/1992/1371 1424/1993/1371 1422/1994/1371 1420/1995/1371 1418/1996/1371 1416/1997/1371 1414/1998/1371 1412/1999/1371 1410/2000/1371 1408/2001/1371 1406/2002/1371 1404/2003/1371 1402/2004/1371
f 1425/1988/1372 1426/1987/1372 1428/2005/1372 1427/2006/1372
f 1427/2006/1373 1428/2005/1373 1398/2007/1373 1397/2008/1373
f 1397/2009/1374 1399/2010/1374 1401/2011/1374 1403/2012/1374 1405/2013/1374 1407/2014/1374 1409/2015/1374 1411/2016/1374 1413/2017/1374 1415/2018/1374 1417/2019/1374 1419/2020/1374 1421/2021/1374 1423/2022/1374 1425/2023/1374 1427/2024/1374
o Knee_L
v -0.240000 -0.430000 -0.020000
v -0.240000 -0.430000 0.140000
v -0.240000 -0.290000 -0.020000
v -0.240000 -0.290000 0.140000
v -0.080000 -0.430000 -0.020000
v -0.080000 -0.430000 0.140000
v -0.080000 -0.290000 -0.020000
v -0.080000 -0.290000 0.140000
vn -1.0000 -0.0000 -0.0000
vn -0.0000 1.0000 -0.0000
vn 1.0000 -0.0000 -0.0000
vn -0.0000 -1.0000 -0.0000
vn -0.0000 -0.0000 -1.0000
vn -0.0000 -0.0000 1.0000
vt 0.375000 0.000000
vt 0.625000 0.000000
vt 0.625000 0.250000
vt 0.375000 0.250000
vt 0.625000 0.500000
vt 0.375000 0.500000
vt 0.625000 0.750000
vt 0.375000 0.750000
vt 0.625000 1.000000
vt 0.375000 1.000000
vt 0.125000 0.500000
vt 0.125000 0.750000
vt 0.875000 0.500000
vt 0.875000 0.750000
s 0
usemtl Ang_Gold
f 1429/2025/1375 1430/2026/1375 1432/2027/1375 1431/2028/1375
f 1431/2028/1376 1432/2027/1376 1436/2029/1376 1435/2030/1376
f 1435/2030/1377 1436/2029/1377 1434/2031/1377 1433/2032/1377
f 1433/2032/1378 1434/2031/1378 1430/2033/1378 1429/2034/1378
f 1431/2035/1379 1435/2030/1379 1433/2032/1379 1429/2036/1379
f 1436/2029/1380 1432/2037/1380 1430/2038/1380 1434/2031/1380
o Greave_L
v -0.240000 -0.740000 -0.080000
v -0.240000 -0.740000 0.080000
v -0.240000 -0.420000 -0.080000
v -0.240000 -0.420000 0.080000
v -0.080000 -0.740000 -0.080000
v -0.080000 -0.740000 0.080000
v -0.080000 -0.420000 -0.080000
v -0.080000 -0.420000 0.080000
vn -1.0000 -0.0000 -0.0000
vn -0.0000 1.0000 -0.0000
vn 1.0000 -0.0000 -0.0000
vn -0.0000 -1.0000 -0.0000
vn -0.0000 -0.0000 -1.0000
vn -0.0000 -0.0000 1.0000
vt 0.375000 0.000000
vt 0.625000 0.000000
vt 0.625000 0.250000
vt 0.375000 0.250000
vt 0.625000 0.500000
vt 0.375000 0.500000
vt 0.625000 0.750000
vt 0.375000 0.750000
vt 0.625000 1.000000
vt 0.375000 1.000000
vt 0.125000 0.500000
vt 0.125000 0.750000
vt 0.875000 0.500000
vt 0.875000 0.750000
s 0
usemtl Ang_PearlWhite
f 1437/2039/1381 1438/2040/1381 1440/2041/1381 1439/2042/1381
f 1439/2042/1382 1440/2041/1382 1444/2043/1382 1443/2044/1382
f 1443/2044/1383 1444/2043/1383 1442/2045/1383 1441/2046/1383
f 1441/2046/1384 1442/2045/1384 1438/2047/1384 1437/2048/1384
f 1439/2049/1385 1443/2044/1385 1441/2046/1385 1437/2050/1385
f 1444/2043/1386 1440/2051/1386 1438/2052/1386 1442/2045/1386
o Foot_L
v -0.240000 -0.840000 -0.080000
v -0.240000 -0.840000 0.200000
v -0.240000 -0.720000 -0.080000
v -0.240000 -0.720000 0.200000
v -0.080000 -0.840000 -0.080000
v -0.080000 -0.840000 0.200000
v -0.080000 -0.720000 -0.080000
v -0.080000 -0.720000 0.200000
vn -1.0000 -0.0000 -0.0000
vn -0.0000 1.0000 -0.0000
vn 1.0000 -0.0000 -0.0000
vn -0.0000 -1.0000 -0.0000
vn -0.0000 -0.0000 -1.0000
vn -0.0000 -0.0000 1.0000
vt 0.375000 0.000000
vt 0.625000 0.000000
vt 0.625000 0.250000
vt 0.375000 0.250000
vt 0.625000 0.500000
vt 0.375000 0.500000
vt 0.625000 0.750000
vt 0.375000 0.750000
vt 0.625000 1.000000
vt 0.375000 1.000000
vt 0.125000 0.500000
vt 0.125000 0.750000
vt 0.875000 0.500000
vt 0.875000 0.750000
s 0
usemtl Ang_Gold
f 1445/2053/1387 1446/2054/1387 1448/2055/1387 1447/2056/1387
f 1447/2056/1388 1448/2055/1388 1452/2057/1388 1451/2058/1388
f 1451/2058/1389 1452/2057/1389 1450/2059/1389 1449/2060/1389
f 1449/2060/1390 1450/2059/1390 1446/2061/1390 1445/2062/1390
f 1447/2063/1391 1451/2058/1391 1449/2060/1391 1445/2064/1391
f 1452/2057/1392 1448/2065/1392 1446/2066/1392 1450/2059/1392
o Thigh_R
v 0.160000 -0.090000 -0.160000
v 0.160000 -0.090000 0.160000
v 0.194442 -0.096851 -0.160000
v 0.194442 -0.096851 0.160000
v 0.223640 -0.116360 -0.160000
v 0.223640 -0.116360 0.160000
v 0.243149 -0.145558 -0.160000
v 0.243149 -0.145558 0.160000
v 0.250000 -0.180000 -0.160000
v 0.250000 -0.180000 0.160000
v 0.243149 -0.214442 -0.160000
v 0.243149 -0.214442 0.160000
v 0.223640 -0.243640 -0.160000
v 0.223640 -0.243640 0.160000
v 0.194442 -0.263149 -0.160000
v 0.194442 -0.263149 0.160000
v 0.160000 -0.270000 -0.160000
v 0.160000 -0.270000 0.160000
v 0.125558 -0.263149 -0.160000
v 0.125558 -0.263149 0.160000
v 0.096360 -0.243640 -0.160000
v 0.096360 -0.243640 0.160000
v 0.076851 -0.214442 -0.160000
v 0.076851 -0.214442 0.160000
v 0.070000 -0.180000 -0.160000
v 0.070000 -0.180000 0.160000
v 0.076851 -0.145558 -0.160000
v 0.076851 -0.145558 0.160000
v 0.096360 -0.116360 -0.160000
v 0.096360 -0.116360 0.160000
v 0.125558 -0.096851 -0.160000
v 0.125558 -0.096851 0.160000
vn 0.1951 0.9808 -0.0000
vn 0.5556 0.8315 -0.0000
vn 0.8315 0.5556 -0.0000
vn 0.9808 0.1951 -0.0000
vn 0.9808 -0.1951 -0.0000
vn 0.8315 -0.5556 -0.0000
vn 0.5556 -0.8315 -0.0000
vn 0.1951 -0.9808 -0.0000
vn -0.1951 -0.9808 -0.0000
vn -0.5556 -0.8315 -0.0000
vn -0.8315 -0.5556 -0.0000
vn -0.9808 -0.1951 -0.0000
vn -0.9808 0.1951 -0.0000
vn -0.8315 0.5556 -0.0000
vn -0.0000 -0.0000 1.0000
vn -0.5556 0.8315 -0.0000
vn -0.1951 0.9808 -0.0000
vn -0.0000 -0.0000 -1.0000
vt 1.000000 0.500000
vt 1.000000 1.000000
vt 0.937500 1.000000
vt 0.937500 0.500000
vt 0.875000 1.000000
vt 0.875000 0.500000
vt 0.812500 1.000000
vt 0.812500 0.500000
vt 0.750000 1.000000
vt 0.750000 0.500000
vt 0.687500 1.000000
vt 0.687500 0.500000
vt 0.625000 1.000000
vt 0.625000 0.500000
vt 0.562500 1.000000
vt 0.562500 0.500000
vt 0.500000 1.000000
vt 0.500000 0.500000
vt 0.437500 1.000000
vt 0.437500 0.500000
vt 0.375000 1.000000
vt 0.375000 0.500000
vt 0.312500 1.000000
vt 0.312500 0.500000
vt 0.250000 1.000000
vt 0.250000 0.500000
vt 0.187500 1.000000
vt 0.187500 0.500000
vt 0.125000 1.000000
vt 0.125000 0.500000
vt 0.341844 0.471731
vt 0.250000 0.490000
vt 0.158156 0.471731
vt 0.080294 0.419706
vt 0.028269 0.341844
vt 0.010000 0.250000
vt 0.028269 0.158156
vt 0.080294 0.080294
vt 0.158156 0.028269
vt 0.250000 0.010000
vt 0.341844 0.028269
vt 0.419706 0.080294
vt 0.471731 0.158156
vt 0.490000 0.250000
vt 0.471731 0.341844
vt 0.419706 0.419706
vt 0.062500 1.000000
vt 0.062500 0.500000
vt 0.000000 1.000000
vt 0.000000 0.500000
vt 0.750000 0.490000
vt 0.841844 0.471731
vt 0.919706 0.419706
vt 0.971731 0.341844
vt 0.990000 0.250000
vt 0.971731 0.158156
vt 0.919706 0.080294
vt 0.841844 0.028269
vt 0.750000 0.010000
vt 0.658156 0.028269
vt 0.580294 0.080294
vt 0.528269 0.158156
vt 0.510000 0.250000
vt 0.528269 0.341844
vt 0.580294 0.419706
vt 0.658156 0.471731
s 0
usemtl Ang_PearlWhite
f 1453/2067/1393 1454/2068/1393 1456/2069/1393 1455/2070/1393
f 1455/2070/1394 1456/2069/1394 1458/2071/1394 1457/2072/1394
f 1457/2072/1395 1458/2071/1395 1460/2073/1395 1459/2074/1395
f 1459/2074/1396 1460/2073/1396 1462/2075/1396 1461/2076/1396
f 1461/2076/1397 1462/2075/1397 1464/2077/1397 1463/2078/1397
f 1463/2078/1398 1464/2077/1398 1466/2079/1398 1465/2080/1398
f 1465/2080/1399 1466/2079/1399 1468/2081/1399 1467/2082/1399
f 1467/2082/1400 1468/2081/1400 1470/2083/1400 1469/2084/1400
f 1469/2084/1401 1470/2083/1401 1472/2085/1401 1471/2086/1401
f 1471/2086/1402 1472/2085/1402 1474/2087/1402 1473/2088/1402
f 1473/2088/1403 1474/2087/1403 1476/2089/1403 1475/2090/1403
f 1475/2090/1404 1476/2089/1404 1478/2091/1404 1477/2092/1404
f 1477/2092/1405 1478/2091/1405 1480/2093/1405 1479/2094/1405
f 1479/2094/1406 1480/2093/1406 1482/2095/1406 1481/2096/1406
f 1456/2097/1407 1454/2098/1407 1484/2099/1407 1482/2100/1407 1480/2101/1407 1478/2102/1407 1476/2103/1407 1474/2104/1407 1472/2105/1407 1470/2106/1407 1468/2107/1407 1466/2108/1407 1464/2109/1407 1462/2110/1407 1460/2111/1407 1458/2112/1407
f 1481/2096/1408 1482/2095/1408 1484/2113/1408 1483/2114/1408
f 1483/2114/1409 1484/2113/1409 1454/2115/1409 1453/2116/1409
f 1453/2117/1410 1455/2118/1410 1457/2119/1410 1459/2120/1410 1461/2121/1410 1463/2122/1410 1465/2123/1410 1467/2124/1410 1469/2125/1410 1471/2126/1410 1473/2127/1410 1475/2128/1410 1477/2129/1410 1479/2130/1410 1481/2131/1410 1483/2132/1410
o Knee_R
v 0.080000 -0.430000 -0.020000
v 0.080000 -0.430000 0.140000
v 0.080000 -0.290000 -0.020000
v 0.080000 -0.290000 0.140000
v 0.240000 -0.430000 -0.020000
v 0.240000 -0.430000 0.140000
v 0.240000 -0.290000 -0.020000
v 0.240000 -0.290000 0.140000
vn -1.0000 -0.0000 -0.0000
vn -0.0000 1.0000 -0.0000
vn 1.0000 -0.0000 -0.0000
vn -0.0000 -1.0000 -0.0000
vn -0.0000 -0.0000 -1.0000
vn -0.0000 -0.0000 1.0000
vt 0.375000 0.000000
vt 0.625000 0.000000
vt 0.625000 0.250000
vt 0.375000 0.250000
vt 0.625000 0.500000
vt 0.375000 0.500000
vt 0.625000 0.750000
vt 0.375000 0.750000
vt 0.625000 1.000000
vt 0.375000 1.000000
vt 0.125000 0.500000
vt 0.125000 0.750000
vt 0.875000 0.500000
vt 0.875000 0.750000
s 0
usemtl Ang_Gold
f 1485/2133/1411 1486/2134/1411 1488/2135/1411 1487/2136/1411
f 1487/2136/1412 1488/2135/1412 1492/2137/1412 1491/2138/1412
f 1491/2138/1413 1492/2137/1413 1490/2139/1413 1489/2140/1413
f 1489/2140/1414 1490/2139/1414 1486/2141/1414 1485/2142/1414
f 1487/2143/1415 1491/2138/1415 1489/2140/1415 1485/2144/1415
f 1492/2137/1416 1488/2145/1416 1486/2146/1416 1490/2139/1416
o Greave_R
v 0.080000 -0.740000 -0.080000
v 0.080000 -0.740000 0.080000
v 0.080000 -0.420000 -0.080000
v 0.080000 -0.420000 0.080000
v 0.240000 -0.740000 -0.080000
v 0.240000 -0.740000 0.080000
v 0.240000 -0.420000 -0.080000
v 0.240000 -0.420000 0.080000
vn -1.0000 -0.0000 -0.0000
vn -0.0000 1.0000 -0.0000
vn 1.0000 -0.0000 -0.0000
vn -0.0000 -1.0000 -0.0000
vn -0.0000 -0.0000 -1.0000
vn -0.0000 -0.0000 1.0000
vt 0.375000 0.000000
vt 0.625000 0.000000
vt 0.625000 0.250000
vt 0.375000 0.250000
vt 0.625000 0.500000
vt 0.375000 0.500000
vt 0.625000 0.750000
vt 0.375000 0.750000
vt 0.625000 1.000000
vt 0.375000 1.000000
vt 0.125000 0.500000
vt 0.125000 0.750000
vt 0.875000 0.500000
vt 0.875000 0.750000
s 0
usemtl Ang_PearlWhite
f 1493/2147/1417 1494/2148/1417 1496/2149/1417 1495/2150/1417
f 1495/2150/1418 1496/2149/1418 1500/2151/1418 1499/2152/1418
f 1499/2152/1419 1500/2151/1419 1498/2153/1419 1497/2154/1419
f 1497/2154/1420 1498/2153/1420 1494/2155/1420 1493/2156/1420
f 1495/2157/1421 1499/2152/1421 1497/2154/1421 1493/2158/1421
f 1500/2151/1422 1496/2159/1422 1494/2160/1422 1498/2153/1422
o Foot_R
v 0.080000 -0.840000 -0.080000
v 0.080000 -0.840000 0.200000
v 0.080000 -0.720000 -0.080000
v 0.080000 -0.720000 0.200000
v 0.240000 -0.840000 -0.080000
v 0.240000 -0.840000 0.200000
v 0.240000 -0.720000 -0.080000
v 0.240000 -0.720000 0.200000
vn -1.0000 -0.0000 -0.0000
vn -0.0000 1.0000 -0.0000
vn 1.0000 -0.0000 -0.0000
vn -0.0000 -1.0000 -0.0000
vn -0.0000 -0.0000 -1.0000
vn -0.0000 -0.0000 1.0000
vt 0.375000 0.000000
vt 0.625000 0.000000
vt 0.625000 0.250000
vt 0.375000 0.250000
vt 0.625000 0.500000
vt 0.375000 0.500000
vt 0.625000 0.750000
vt 0.375000 0.750000
vt 0.625000 1.000000
vt 0.375000 1.000000
vt 0.125000 0.500000
vt 0.125000 0.750000
vt 0.875000 0.500000
vt 0.875000 0.750000
s 0
usemtl Ang_Gold
f 1501/2161/1423 1502/2162/1423 1504/2163/1423 1503/2164/1423
f 1503/2164/1424 1504/2163/1424 1508/2165/1424 1507/2166/1424
f 1507/2166/1425 1508/2165/1425 1506/2167/1425 1505/2168/1425
f 1505/2168/1426 1506/2167/1426 1502/2169/1426 1501/2170/1426
f 1503/2171/1427 1507/2166/1427 1505/2168/1427 1501/2172/1427
f 1508/2165/1428 1504/2173/1428 1502/2174/1428 1506/2167/1428
