# Blender 5.2.1 LTS
# www.blender.org
mtllib archer_arm_l.mtl
o Archer_LeftArm
v -0.091611 -0.344570 -0.172372
v -0.099143 -0.293166 -0.169697
v -0.091657 -0.129601 0.015610
v -0.097953 -0.122798 0.042791
v -0.099089 -0.135279 0.061654
v -0.086343 -0.147604 0.039791
v -0.095642 -0.150556 0.065170
v -0.099004 -0.150729 0.079329
v -0.101143 -0.158848 0.087157
v -0.107157 -0.384237 -0.183942
v -0.106103 -0.163162 -0.031990
v -0.094389 -0.139329 -0.010367
v -0.097347 -0.176216 -0.019996
v -0.089334 -0.165749 -0.008901
v -0.098524 -0.187918 -0.017142
v -0.098972 -0.192476 -0.024203
v -0.102922 -0.216605 -0.011429
v -0.091978 -0.205819 -0.006741
v -0.099337 -0.199095 -0.020117
v -0.089902 -0.192667 -0.012260
v -0.089530 -0.186691 -0.003610
v -0.083370 -0.182126 0.011852
v -0.081886 -0.189135 0.002628
v -0.089554 -0.140122 0.003583
v -0.083259 -0.158630 0.011803
v -0.076397 -0.179387 0.026904
v -0.081345 -0.175333 0.026462
v -0.089644 -0.197955 -0.006526
v -0.091036 -0.214996 0.006630
v -0.082236 -0.204542 0.031453
v -0.090597 -0.218653 0.014728
v -0.095685 -0.221165 0.003521
v -0.098199 -0.222374 0.009250
v -0.086298 -0.214286 0.027329
v -0.097196 -0.229807 0.036629
v -0.088807 -0.209994 0.043725
v -0.090037 -0.215385 0.030768
v -0.105334 -0.235502 0.057984
v -0.101757 -0.219719 0.070126
v -0.097104 -0.192901 0.073666
v -0.099941 -0.173739 0.085549
v -0.098099 -0.183645 0.084019
v -0.091421 -0.201829 0.060127
v -0.084303 -0.206208 0.046115
v -0.078756 -0.193634 0.030041
v -0.081883 -0.196640 0.010682
v -0.083005 -0.195674 0.050785
v -0.088967 -0.194599 0.068110
v -0.087435 -0.187075 0.066568
v -0.092155 -0.173575 0.078035
v -0.095781 0.123907 -0.136560
v -0.101320 0.115761 -0.145179
v -0.092225 0.123017 -0.125832
v -0.098097 0.114799 -0.128287
v -0.102152 0.111729 -0.138544
v -0.104419 0.073016 -0.150429
v -0.097177 0.115551 -0.104466
v -0.100486 0.143832 -0.132371
v -0.085421 0.083049 -0.119218
v -0.087074 0.085770 -0.101297
v -0.093425 0.124402 -0.101596
v -0.103131 0.116165 -0.085728
v -0.093728 0.077459 -0.076982
v -0.101061 0.123845 -0.085166
v -0.102580 0.146263 -0.096432
v -0.078772 0.067094 -0.097008
v -0.101759 0.093924 -0.144393
v -0.098363 0.071069 -0.070427
v -0.098058 0.034054 -0.069232
v -0.079805 0.049919 -0.084309
v -0.083655 0.023535 -0.075293
v -0.105025 0.018896 -0.072835
v -0.098765 -0.011049 -0.075146
v -0.092673 0.012490 -0.073895
v -0.080079 -0.003997 -0.063821
v -0.087673 -0.004124 -0.072442
v -0.070591 0.004045 -0.070067
v -0.064604 0.002661 -0.063630
v -0.071124 -0.010250 -0.058603
v -0.059947 -0.010860 -0.053543
v -0.065567 -0.005863 -0.047342
v -0.061757 -0.016356 -0.052656
v -0.102461 -0.020315 -0.068346
v -0.100975 0.000539 -0.153854
v -0.099833 0.050767 -0.152412
v -0.090830 0.070421 -0.142403
v -0.090823 0.058967 -0.147563
v -0.077546 0.014661 -0.157140
v -0.086240 0.077540 -0.130564
v -0.065220 0.055499 -0.104693
v -0.078759 0.036210 -0.080176
v -0.053750 0.008152 -0.073820
v -0.055310 -0.003626 -0.059951
v -0.069761 -0.023474 -0.038946
v -0.076453 -0.021474 -0.053745
v -0.058696 -0.023258 -0.050298
v -0.056686 -0.031470 -0.048165
v -0.054947 -0.040482 -0.045838
v -0.070511 -0.021669 -0.033136
v -0.062332 -0.040019 -0.030922
v -0.058421 -0.029091 -0.022090
v -0.067489 -0.006997 -0.041379
v -0.055590 -0.001376 -0.030501
v -0.059907 -0.016153 -0.023450
v -0.052041 0.008790 -0.036386
v -0.049638 -0.049414 -0.023047
v -0.059179 -0.048171 -0.036343
v -0.055865 -0.046270 -0.043854
v -0.065112 -0.047227 -0.046996
v -0.074098 -0.054387 -0.049196
v -0.082107 -0.029709 -0.053649
v -0.087329 -0.019492 -0.062146
v -0.098374 0.144104 -0.104442
v -0.097427 0.142492 -0.120743
v -0.073242 -0.386418 0.168194
v -0.072319 -0.389473 0.144914
v -0.100732 -0.375149 0.148501
v -0.088450 -0.371334 0.126589
v -0.096457 -0.363346 0.126507
v -0.092184 -0.378026 0.142481
v -0.090287 -0.383482 0.136079
v -0.089211 -0.377406 0.124934
v -0.098366 -0.307063 0.169202
v -0.097415 -0.407557 -0.225428
v -0.101229 -0.359281 -0.223062
v -0.096223 -0.384834 -0.224356
v -0.093577 -0.423588 -0.226409
v -0.084230 -0.441715 -0.227770
v -0.091467 -0.320766 -0.171185
v -0.088443 -0.284856 -0.189322
v -0.081854 -0.373068 -0.175033
v -0.096333 -0.280931 -0.172290
v -0.082675 -0.347565 -0.175926
v -0.082335 -0.312824 -0.190010
v -0.076595 -0.343327 -0.190360
v -0.099957 -0.271592 -0.203856
v -0.098114 -0.239696 -0.190883
v -0.092346 -0.268590 -0.192147
v -0.100971 -0.231001 -0.197354
v -0.098787 -0.036694 -0.136924
v -0.103338 -0.033283 -0.068660
v -0.102646 -0.044224 -0.065950
v -0.096482 -0.052523 -0.064715
v -0.086390 -0.068953 -0.058482
v -0.093153 -0.079017 -0.070751
v -0.094661 -0.088756 -0.085440
v -0.093786 -0.094861 -0.086665
v -0.090955 -0.095956 -0.105687
v -0.101599 -0.084228 -0.096995
v -0.100736 -0.083973 -0.109693
v -0.108377 -0.061538 -0.122599
v -0.086513 -0.032305 -0.143712
v -0.092733 -0.010067 -0.154112
v -0.069584 -0.023651 -0.149246
v -0.082100 -0.001405 -0.157762
v -0.090584 0.010639 -0.158416
v -0.070600 0.001592 -0.155139
v -0.098002 -0.076255 -0.122928
v -0.091046 -0.084912 -0.123100
v -0.082169 -0.077117 -0.134139
v -0.081912 -0.093365 -0.121550
v -0.080303 -0.100283 -0.119456
v -0.069029 -0.087913 -0.132762
v -0.089447 -0.063907 -0.139357
v -0.086187 -0.050789 -0.142786
v -0.096167 -0.046783 -0.140639
v -0.067238 0.024998 -0.147501
v -0.065209 0.053582 -0.122039
v -0.054754 0.043268 -0.111240
v -0.049397 0.024585 -0.128129
v -0.035816 0.014221 -0.116601
v -0.037644 0.016031 -0.098182
v -0.046491 -0.004050 -0.139949
v -0.074982 -0.026988 -0.148031
v -0.073991 -0.033144 -0.151017
v -0.059724 -0.016461 -0.147464
v -0.061417 -0.025664 -0.150905
v -0.034285 0.003875 -0.127852
v -0.035161 0.015686 -0.100609
v -0.041043 0.014748 -0.089491
v -0.068346 0.043187 -0.088517
v -0.039755 0.014442 -0.082854
v -0.044843 0.010515 -0.073792
v -0.043874 0.011584 -0.082860
v -0.056387 0.015086 -0.060004
v -0.050480 0.027001 -0.067352
v -0.059276 0.011282 -0.052947
v -0.049152 0.018480 -0.044574
v -0.053359 0.001854 -0.062930
v -0.048602 0.006832 -0.068462
v -0.102923 -0.047296 -0.021608
v -0.101509 -0.041913 -0.023400
v -0.094802 -0.043465 -0.043540
v -0.104706 -0.042620 -0.037995
v -0.090843 -0.040740 -0.040195
v -0.103822 -0.036672 -0.034817
v -0.092661 -0.036130 -0.038049
v -0.059876 -0.378664 0.169529
v -0.098410 -0.305447 0.137239
v -0.101803 -0.341484 0.113033
v -0.105383 -0.353784 0.121866
v -0.099058 -0.361047 0.119345
v -0.098101 -0.388223 0.158313
v -0.083231 -0.372911 0.111047
v -0.082779 -0.367714 0.114645
v -0.075343 -0.364404 0.102933
v -0.075244 -0.372283 0.100288
v -0.047894 -0.381419 0.083814
v -0.031488 -0.384764 0.082912
v -0.069284 -0.369303 0.092852
v -0.059159 -0.370663 0.077997
v -0.106185 -0.316982 0.120578
v 0.001672 -0.368902 0.093211
v -0.103832 -0.380911 0.165362
v -0.068914 -0.423557 -0.212177
v -0.069777 -0.385072 -0.201790
v -0.074864 -0.354123 -0.197120
v -0.066433 -0.394695 -0.196208
v -0.061788 -0.426247 -0.205414
v -0.058805 -0.432319 -0.200198
v -0.069390 -0.450170 -0.183704
v -0.090645 -0.306922 -0.203044
v -0.079487 -0.368327 -0.208782
v -0.106221 -0.336087 0.105652
v -0.094709 -0.333698 0.096419
v -0.090041 -0.302471 0.095616
v -0.081161 -0.288711 0.080167
v -0.084266 -0.307458 0.065821
v -0.089492 -0.316250 0.073503
v -0.073314 -0.283975 0.107008
v -0.080397 -0.293945 0.132479
v -0.081283 -0.304950 0.169223
v -0.062200 -0.298655 0.153504
v -0.107131 -0.336452 -0.221942
v -0.088351 -0.163451 0.069483
v -0.093348 -0.149978 0.071876
v -0.100480 -0.143494 0.078325
v -0.083851 -0.159768 0.059684
v -0.090046 -0.156828 0.056934
v -0.086094 -0.162019 0.049619
v -0.082930 -0.168113 0.039452
v -0.077929 -0.185209 0.019114
v -0.077645 -0.170293 0.043772
v -0.078706 -0.179474 0.045187
v -0.081891 -0.172978 0.057229
v -0.099985 -0.421735 -0.188115
v -0.059226 -0.449267 -0.188316
v -0.064570 -0.446175 -0.183728
v -0.082656 -0.391926 -0.176760
v -0.073407 -0.408395 -0.179373
v -0.069157 -0.410355 -0.183319
v -0.094463 -0.326637 0.084584
v -0.059285 -0.310907 0.154637
v -0.065799 -0.306591 0.165742
v -0.053267 -0.315990 0.158744
v -0.057367 -0.299124 0.152008
v -0.049797 -0.310317 0.152224
v -0.051875 -0.300670 0.139919
v -0.063437 -0.289736 0.135654
v -0.047798 -0.280622 0.122413
v -0.049672 -0.291577 0.138244
v -0.050299 -0.304041 0.141333
v -0.043084 -0.303924 0.142727
v -0.053258 -0.326959 0.166071
v -0.043392 -0.315923 0.147617
v -0.035455 -0.326195 0.145921
v -0.047320 -0.339179 0.160391
v -0.039213 -0.338210 0.158034
v -0.041501 -0.336364 0.152625
v -0.030017 -0.336836 0.145822
v -0.043949 -0.329969 0.151864
v -0.034853 -0.333104 0.142443
v -0.053501 -0.353390 0.179387
v -0.011936 -0.350668 0.128901
v -0.020149 -0.339929 0.136769
v -0.089642 -0.333989 0.089364
v -0.095658 -0.339863 0.101712
v -0.097209 -0.344717 0.100246
v -0.087720 -0.325669 0.082329
v -0.089447 -0.336425 0.080944
v -0.091751 -0.350066 0.098691
v -0.083646 -0.330930 0.078264
v -0.098346 -0.325110 0.090195
v -0.080616 -0.316840 0.068836
v -0.083203 -0.337926 0.072032
v -0.079869 -0.343813 0.080907
v -0.089658 -0.359072 0.103907
v -0.092384 -0.081456 -0.065418
v -0.083763 -0.103288 -0.072776
v -0.081686 -0.097845 -0.061991
v -0.087120 -0.075895 -0.054789
v -0.081201 -0.036963 -0.053815
v -0.090214 -0.037260 -0.057042
v -0.100148 -0.036905 -0.044686
v -0.089254 -0.030656 -0.056724
v -0.077889 -0.060623 -0.050289
v -0.081294 -0.074971 -0.048054
v -0.079163 -0.107584 -0.077186
v -0.076741 -0.092798 -0.052300
v -0.077061 -0.100928 -0.063292
v -0.084605 -0.057273 -0.044616
v -0.088599 -0.071361 -0.040472
v -0.073155 -0.085187 -0.044047
v -0.085273 -0.077115 -0.043797
v -0.079540 -0.081850 -0.037414
v -0.083644 -0.074286 -0.036495
v -0.077578 -0.063985 -0.038563
v -0.069678 -0.095020 -0.050127
v -0.081191 -0.111171 -0.093975
v -0.076303 -0.113475 -0.092325
v -0.057298 -0.135695 -0.079440
v -0.067271 -0.116320 -0.108174
v -0.070652 -0.113815 -0.114687
v -0.050506 -0.138623 -0.096734
v -0.053027 -0.107143 -0.130080
v -0.072241 -0.096014 -0.130538
v -0.064011 -0.062627 -0.143272
v -0.065516 -0.050690 -0.149134
v -0.066983 -0.023415 -0.163142
v -0.043198 -0.013643 -0.145270
v -0.043525 -0.023165 -0.144700
v -0.065015 -0.029856 -0.165364
v -0.057380 -0.021164 -0.162930
v -0.059452 -0.019265 -0.173945
v -0.068327 -0.034629 -0.151194
v -0.063886 -0.033211 -0.149289
v -0.051144 -0.025772 -0.171378
v -0.052740 -0.041287 -0.149523
v -0.043928 -0.070995 -0.143365
v -0.045559 -0.050867 -0.144578
v -0.030851 -0.025538 -0.141848
v -0.029476 -0.034432 -0.140913
v -0.045212 -0.079448 -0.142521
v -0.053894 -0.079813 -0.139061
v -0.058886 -0.088234 -0.139064
v -0.043433 -0.087234 -0.141007
v -0.040851 -0.087816 -0.147378
v -0.042816 -0.067793 -0.151186
v -0.032896 0.005827 -0.123857
v -0.030600 -0.003112 -0.134878
v -0.032977 0.010447 -0.117815
v -0.028726 0.008058 -0.133349
v -0.027524 -0.005632 -0.142259
v -0.030924 -0.013327 -0.135945
v -0.028564 -0.024288 -0.150925
v -0.027817 -0.032398 -0.151810
v -0.009950 -0.009081 -0.148084
v -0.025732 -0.046104 -0.138307
v -0.013019 -0.028410 -0.156755
v -0.012461 0.002177 -0.141674
v -0.029540 0.024575 -0.122014
v -0.013277 0.019204 -0.130614
v -0.014736 0.031752 -0.120756
v -0.033986 0.031544 -0.113326
v -0.037934 0.042384 -0.100412
v -0.018833 0.049549 -0.101214
v -0.013167 0.038939 -0.109408
v -0.027431 0.049218 -0.101066
v -0.025070 0.055338 -0.090873
v -0.039760 -0.023255 -0.030664
v -0.055226 -0.056358 -0.032238
v -0.065513 -0.055876 -0.037743
v -0.075068 -0.050696 -0.041656
v -0.062479 -0.070452 -0.037188
v -0.063519 -0.079053 -0.034038
v -0.061138 -0.083951 -0.039727
v -0.083091 -0.057761 -0.037746
v -0.069834 -0.064198 -0.035672
v -0.054710 -0.077550 -0.037687
v -0.038004 -0.088168 -0.039518
v -0.054019 -0.068741 -0.035042
v -0.054246 -0.096764 -0.042186
v -0.043552 -0.077489 -0.038574
v -0.047658 -0.070543 -0.039738
v -0.039887 -0.084984 -0.029851
v -0.043034 -0.104955 -0.038448
v -0.063759 -0.115874 -0.057130
v -0.046899 -0.128862 -0.045175
v -0.050483 -0.135523 -0.053578
v -0.043094 -0.153744 -0.062306
v -0.033465 -0.097995 -0.038107
v -0.030083 -0.103378 -0.038316
v -0.027235 -0.109255 -0.038376
v -0.038772 -0.121304 -0.039670
v -0.041124 -0.163736 -0.072423
v -0.044423 -0.137828 -0.105151
v -0.053948 -0.112288 -0.121825
v -0.032044 -0.091745 -0.137571
v -0.038838 -0.099090 -0.135281
v -0.035320 -0.130709 -0.115579
v -0.039283 -0.109105 -0.126281
v -0.038342 -0.061770 -0.143582
v -0.022960 -0.054585 -0.137589
v -0.021242 -0.056267 -0.140371
v -0.030982 -0.060859 -0.148222
v -0.035427 -0.068279 -0.153250
v -0.033283 -0.075488 -0.145770
v -0.043965 -0.079470 -0.152580
v -0.039339 -0.084212 -0.151603
v -0.020677 -0.091472 -0.132926
v -0.031205 -0.088081 -0.145157
v -0.016118 -0.069650 -0.138248
v -0.021886 -0.082558 -0.141960
v -0.021890 -0.083594 -0.135343
v -0.024722 -0.103674 -0.127260
v -0.027570 -0.159472 -0.100389
v -0.039181 -0.160939 -0.082748
v -0.015145 -0.123072 -0.120164
v -0.015138 -0.077605 -0.132615
v -0.017973 -0.060525 -0.142461
v -0.023721 -0.043160 -0.149340
v -0.009389 0.012325 -0.132025
v -0.004914 0.016870 -0.102541
v -0.003329 -0.011179 -0.121047
v -0.003691 -0.025692 -0.129412
v -0.001747 -0.001357 -0.103505
v -0.002546 -0.015418 -0.131482
v -0.003067 0.001950 -0.118127
v -0.006205 0.008617 -0.101776
v -0.004990 -0.000055 -0.111776
v 0.011424 -0.044828 -0.089561
v 0.002444 -0.014584 -0.075925
v -0.006178 0.007626 -0.077159
v -0.008773 0.016101 -0.091787
v -0.013760 0.019694 -0.078798
v -0.015934 0.025496 -0.069608
v -0.036726 0.016313 -0.091410
v -0.046262 0.034492 -0.078889
v -0.038060 0.048238 -0.093818
v -0.040282 0.045660 -0.082231
v -0.039960 0.036987 -0.061988
v -0.009990 0.029093 -0.082346
v -0.022107 0.052229 -0.083397
v -0.028607 0.051801 -0.078237
v -0.042911 0.023404 -0.047897
v -0.030900 0.043065 -0.067211
v -0.034460 -0.000927 -0.040946
v -0.023459 0.018844 -0.057800
v -0.025663 0.007806 -0.056391
v -0.019513 0.016110 -0.067010
v -0.032189 -0.005343 -0.046163
v -0.033575 -0.045941 -0.028219
v -0.051414 -0.062763 -0.032685
v -0.034452 -0.036714 -0.034127
v -0.029432 -0.022070 -0.040548
v -0.036065 -0.017084 -0.039872
v -0.090308 -0.416236 -0.226156
v -0.089444 -0.031534 -0.047155
v -0.083947 -0.348120 0.092874
v -0.074008 -0.350661 0.072251
v -0.076052 -0.343958 0.068085
v -0.074403 -0.337294 0.069069
v -0.082161 -0.313198 0.062668
v -0.068978 -0.346404 0.070268
v -0.070872 -0.352200 0.078007
v -0.072908 -0.356416 0.086099
v -0.073133 -0.326028 0.060088
v -0.067792 -0.336673 0.058933
v -0.077486 -0.323944 0.053807
v -0.059639 -0.349797 0.061607
v -0.077262 -0.361244 0.090496
v -0.062392 -0.350942 0.055288
v -0.070491 -0.338619 0.053141
v -0.057851 -0.333284 0.038310
v -0.038606 -0.364778 0.045238
v -0.055015 -0.365485 0.063391
v -0.067428 -0.311683 0.040475
v -0.072280 -0.267684 0.070557
v -0.057437 -0.269030 0.092276
v -0.068891 -0.274446 0.088985
v -0.060161 -0.258986 0.073805
v -0.067368 -0.296421 0.043670
v -0.066727 -0.261570 0.073627
v -0.071987 -0.270000 0.064343
v -0.037160 -0.274235 0.108554
v -0.040901 -0.281195 0.119666
v -0.034763 -0.310997 0.130643
v -0.036477 -0.317110 0.136221
v -0.030357 -0.304406 0.128131
v -0.038722 -0.299809 0.134930
v -0.045897 -0.299800 0.132518
v -0.044388 -0.293214 0.125374
v -0.038965 -0.297419 0.124151
v -0.029056 -0.299722 0.124325
v -0.039763 -0.285471 0.112745
v -0.027492 -0.322569 0.130469
v -0.027348 -0.368211 0.138498
v -0.025841 -0.327478 0.137308
v -0.013005 -0.333483 0.126686
v -0.022292 -0.326316 0.125627
v -0.020507 -0.316547 0.118904
v -0.015184 -0.331910 0.120623
v -0.004347 -0.332609 0.117486
v -0.009516 -0.328897 0.113500
v -0.013466 -0.312825 0.108839
v -0.005621 -0.312506 0.110043
v -0.021013 -0.299469 0.107161
v -0.027895 -0.301867 0.116290
v -0.057413 -0.365187 0.077077
v -0.054432 -0.363012 0.070362
v -0.046295 -0.350710 0.040075
v -0.034974 -0.363193 0.042794
v -0.022434 -0.376809 0.048349
v -0.058335 -0.320389 0.037073
v -0.045797 -0.317660 0.041383
v -0.030607 -0.355041 0.042913
v -0.038950 -0.330717 0.042991
v -0.020600 -0.337185 0.051333
v 0.002217 -0.372962 0.051370
v -0.033605 -0.319728 0.032482
v -0.047126 -0.309430 0.043784
v -0.031528 -0.274382 0.102398
v -0.033439 -0.282412 0.104983
v -0.022207 -0.284486 0.105943
v -0.020294 -0.311623 0.124520
v -0.065946 -0.280062 0.051283
v -0.060565 -0.297186 0.041716
v -0.063392 -0.264456 0.062413
v -0.053468 -0.272511 0.055899
v -0.044117 -0.297800 0.050026
v -0.051506 -0.260820 0.067599
v -0.050553 -0.019847 -0.173547
v -0.053646 -0.018608 -0.185615
v -0.052676 -0.023793 -0.187234
v -0.040646 -0.023870 -0.193049
v -0.049018 -0.016192 -0.181966
v -0.045722 -0.014649 -0.197264
v -0.036798 -0.020167 -0.208426
v -0.039488 -0.016525 -0.190412
v -0.041224 -0.012871 -0.195106
v -0.032456 -0.018931 -0.201484
v -0.039324 -0.014080 -0.210604
v -0.031725 -0.014576 -0.220910
v -0.033692 -0.008822 -0.211695
v -0.032668 -0.011632 -0.203333
v -0.025382 -0.009798 -0.213227
v -0.029637 -0.007767 -0.223827
v -0.017721 -0.006835 -0.224531
v -0.023611 -0.003952 -0.227399
v -0.023694 -0.007798 -0.236430
v -0.017193 -0.001759 -0.245547
v -0.007692 -0.008274 -0.247744
v -0.011280 -0.003039 -0.236650
v -0.011000 -0.003011 -0.256176
v -0.012322 0.001111 -0.243469
v -0.003813 -0.003612 -0.264158
v -0.006348 0.003821 -0.261848
v -0.003354 0.001831 -0.251026
v -0.010003 -0.008209 -0.239095
v 0.003250 -0.000793 -0.258874
v -0.000929 0.005930 -0.260476
v 0.000760 0.003078 -0.275832
v 0.009233 0.006697 -0.270907
v 0.014105 0.001643 -0.282244
v 0.015875 0.006648 -0.280067
v 0.004899 0.008471 -0.281051
v 0.012625 0.011913 -0.282910
v 0.011211 0.003371 -0.288966
v 0.014731 0.013785 -0.292374
v 0.017814 0.013130 -0.303543
v 0.024677 0.014314 -0.297323
v 0.023739 0.009983 -0.311892
v 0.023078 0.006242 -0.302622
v 0.025993 0.018497 -0.306658
v 0.028526 0.009471 -0.302656
v 0.025556 0.017920 -0.315115
v 0.033894 0.022532 -0.324392
v 0.036637 0.020196 -0.316846
v 0.042452 0.018850 -0.344119
v 0.031902 0.018781 -0.328069
v 0.044203 0.014890 -0.333738
v 0.038386 0.023101 -0.337039
v 0.049230 0.021126 -0.336124
v 0.058512 0.021555 -0.356999
v 0.044298 0.026985 -0.343977
v 0.044349 0.023041 -0.330178
v -0.012671 -0.333807 0.057315
v 0.017664 -0.367164 0.064367
v 0.017632 -0.349586 0.072631
v -0.009973 -0.377552 0.048216
v -0.009381 -0.383977 0.055320
v -0.021518 -0.382631 0.084089
v 0.000772 -0.381286 0.053037
v 0.006046 -0.382932 0.062590
v -0.010593 -0.382158 0.072876
v 0.017890 -0.373525 0.066624
v 0.022562 -0.361052 0.075076
v 0.018835 -0.370115 0.078413
v 0.013901 -0.377345 0.070812
v 0.008824 -0.377343 0.055854
v -0.030374 -0.336075 0.046105
v -0.028825 -0.325491 0.034294
v -0.038403 -0.303128 0.035412
v -0.027120 -0.315433 0.019810
v -0.021867 -0.271534 0.084589
v -0.007540 -0.289078 0.091115
v -0.015262 -0.281646 0.079746
v -0.029012 -0.289442 0.065147
v -0.016957 -0.295376 0.071658
v -0.031576 -0.264882 0.076858
v -0.036750 -0.266227 0.070322
v -0.035603 -0.290558 0.058604
v -0.040854 -0.156504 -0.052508
v -0.040041 -0.145848 -0.043669
v -0.036627 -0.152628 -0.042618
v -0.040573 -0.150970 -0.036788
v -0.037965 -0.161982 -0.036879
v -0.032498 -0.135989 -0.036563
v -0.039349 -0.158878 -0.033118
v -0.030065 -0.165335 -0.039863
v -0.029083 -0.181784 -0.074407
v -0.027707 -0.179851 -0.055735
v -0.025108 -0.174372 -0.045851
v -0.021781 -0.195824 -0.049065
v -0.032641 -0.174680 -0.054015
v -0.034194 -0.139515 -0.031195
v -0.026261 -0.159104 -0.028203
v -0.028946 -0.166853 -0.029941
v -0.020827 -0.163074 -0.024480
v -0.022208 -0.166868 -0.037994
v -0.010710 -0.172165 -0.029472
v -0.014669 -0.164843 -0.031850
v -0.020192 -0.186580 -0.085901
v -0.034801 -0.166562 -0.089010
v -0.016533 -0.178615 -0.099114
v -0.004651 -0.184545 -0.098888
v -0.026750 -0.166186 -0.100108
v -0.026193 -0.178595 -0.089238
v -0.005975 -0.169745 -0.109316
v -0.016554 -0.161147 -0.109203
v -0.035708 -0.074134 -0.021642
v -0.022003 -0.067817 -0.026362
v -0.027723 -0.110180 -0.026449
v -0.021240 -0.121554 -0.035266
v -0.024844 -0.094968 -0.018797
v -0.029445 -0.147740 -0.029459
v -0.008276 -0.178961 -0.024614
v -0.021117 -0.198655 -0.064508
v -0.013224 -0.202833 -0.083433
v -0.009338 -0.157535 -0.112200
v -0.014617 -0.153830 -0.108910
v -0.005544 -0.146179 -0.112093
v -0.011502 -0.087730 -0.126371
v -0.004111 -0.059853 -0.145567
v -0.010012 -0.042619 -0.153200
v 0.002964 -0.051565 -0.134428
v -0.007781 -0.095143 -0.122182
v -0.002875 -0.105686 -0.118211
v -0.003511 -0.095013 -0.129425
v -0.008558 -0.081666 -0.135097
v 0.001397 -0.076991 -0.138768
v 0.007986 -0.066617 -0.123068
v 0.009861 -0.094728 -0.131748
v 0.005668 -0.115304 -0.122378
v 0.005009 -0.124629 -0.111947
v 0.000978 -0.115321 -0.115114
v 0.014297 -0.079835 -0.123172
v 0.022123 -0.099055 -0.111224
v 0.000158 -0.045524 -0.129956
v 0.011251 -0.051771 -0.105723
v 0.017428 -0.086494 -0.115429
v 0.012507 -0.047974 -0.076305
v 0.024665 -0.103963 -0.114810
v 0.032248 -0.123266 -0.102769
v -0.005242 -0.138431 -0.114708
v -0.008256 -0.151067 -0.117565
v -0.010998 -0.166700 -0.118008
v -0.006836 -0.153330 -0.121963
v -0.003903 -0.171268 -0.120659
v -0.004927 -0.174169 -0.117299
v 0.012060 -0.169736 -0.111890
v 0.000835 -0.159433 -0.115556
v 0.018295 -0.159415 -0.109709
v 0.003534 -0.146537 -0.116932
v 0.002576 -0.141350 -0.110328
v 0.013456 -0.132920 -0.116565
v 0.008877 -0.133937 -0.108395
v -0.004133 -0.173207 -0.107321
v 0.004469 -0.174902 -0.112724
v 0.016747 -0.152650 -0.106308
v -0.003051 -0.199488 -0.095588
v 0.022901 -0.147950 -0.112268
v 0.015049 -0.143777 -0.111402
v 0.032801 -0.150407 -0.112884
v 0.016461 -0.112128 -0.125599
v 0.025316 -0.131952 -0.118595
v 0.033513 -0.125663 -0.108384
v -0.025754 -0.286675 0.028211
v -0.029143 -0.288858 0.046433
v -0.034523 -0.292002 0.042860
v -0.023977 -0.288700 0.061557
v -0.010928 -0.291777 0.056390
v -0.023439 -0.286717 0.048739
v -0.010822 -0.296901 0.065759
v -0.003349 -0.297232 0.084901
v -0.015997 -0.295265 0.108042
v -0.030851 -0.295648 0.024699
v -0.006493 -0.281947 0.037488
v 0.008329 -0.316320 0.091403
v -0.024929 -0.056896 -0.031647
v -0.008553 -0.093600 -0.022912
v 0.000907 -0.114855 -0.020136
v -0.017399 -0.071261 -0.030172
v -0.009016 -0.087304 -0.028479
v -0.014274 -0.064010 -0.033620
v -0.001630 -0.103671 -0.026404
v -0.013587 -0.117176 -0.016141
v -0.019640 -0.132233 -0.033202
v -0.022221 -0.138891 -0.028221
v -0.014387 -0.150985 -0.021794
v -0.009042 -0.151501 -0.022635
v -0.006215 -0.155852 -0.028224
v -0.002230 -0.161065 -0.018360
v -0.017286 -0.132648 -0.025600
v -0.013039 -0.144431 -0.026221
v -0.000732 -0.166500 -0.023407
v -0.013462 -0.193759 -0.035186
v -0.017410 -0.188705 -0.034784
v -0.017717 -0.199900 -0.047189
v -0.019549 -0.217124 -0.041692
v -0.017526 -0.203428 -0.062453
v -0.017337 -0.222123 -0.051326
v -0.012482 -0.223506 -0.069534
v -0.000165 -0.226603 -0.082681
v 0.004391 -0.202575 -0.093921
v -0.009375 -0.206827 -0.080441
v -0.003642 -0.223574 -0.083911
v 0.009838 -0.173948 -0.104991
v 0.013176 -0.190139 -0.103356
v 0.020533 -0.193178 -0.099433
v 0.014900 -0.222327 -0.098444
v 0.020919 -0.176429 -0.103430
v 0.025511 -0.168209 -0.101292
v 0.023278 -0.204327 -0.098805
v 0.013822 -0.227043 -0.094820
v 0.023380 -0.159747 -0.106416
v 0.039053 -0.164078 -0.108706
v 0.046439 -0.218383 -0.103252
v 0.039368 -0.226490 -0.101069
v 0.039636 -0.190091 -0.098227
v 0.044433 -0.203490 -0.102032
v 0.031948 -0.178770 -0.100512
v 0.041883 -0.146333 -0.101823
v 0.040572 -0.145827 -0.096360
v 0.044600 -0.145982 -0.090055
v 0.005884 -0.048897 -0.059806
v -0.020291 -0.001324 -0.054551
v -0.029431 -0.302896 0.018833
v -0.025864 -0.294568 0.013959
v -0.015675 -0.280414 0.012429
v -0.015149 -0.280666 0.030635
v -0.004623 -0.309621 0.064349
v -0.005203 -0.300221 0.058554
v -0.006691 -0.316962 0.070243
v -0.016059 -0.283657 0.001882
v 0.000189 -0.287008 0.040776
v -0.002230 -0.276576 0.018317
v -0.003545 -0.274270 -0.002700
v -0.009693 -0.280694 -0.005281
v -0.010239 -0.260670 -0.003451
v -0.014279 -0.291347 -0.008294
v -0.013739 -0.302577 -0.008482
v -0.024201 -0.294736 -0.017005
v -0.024176 -0.316499 -0.016848
v -0.019316 -0.249762 -0.012098
v -0.028129 -0.314913 -0.025919
v -0.008456 -0.311066 -0.008403
v -0.010853 -0.326024 -0.013229
v -0.018312 -0.321311 -0.013499
v -0.003485 -0.240378 -0.001378
v 0.011677 -0.252069 0.007481
v -0.025018 -0.250407 -0.022930
v -0.001295 -0.221544 -0.009075
v 0.008768 -0.225683 -0.002734
v -0.009926 -0.220942 -0.018928
v -0.007715 -0.216209 -0.010918
v 0.005916 -0.272147 0.002606
v 0.005322 -0.281670 0.028160
v 0.014147 -0.277092 0.013186
v 0.018741 -0.230179 0.000992
v -0.005749 -0.201800 -0.013493
v 0.002647 -0.203398 -0.000284
v -0.002563 -0.190759 -0.011906
v -0.016371 -0.213747 -0.026048
v -0.012868 -0.223098 -0.046369
v -0.015276 -0.221237 -0.033299
v -0.008421 -0.224934 -0.055575
v 0.001732 -0.223643 -0.070750
v 0.011444 -0.226275 -0.083537
v -0.004370 -0.222242 -0.060213
v 0.022948 -0.228509 -0.091790
v 0.040522 -0.231151 -0.096443
v 0.057259 -0.212250 -0.099297
v 0.045281 -0.187490 -0.103850
v 0.028599 -0.094721 -0.063633
v 0.040658 -0.143866 -0.042534
v 0.005907 -0.102910 -0.030024
v 0.020047 -0.144484 -0.023145
v 0.006356 -0.122037 -0.024182
v 0.013704 -0.142168 -0.021253
v 0.009490 -0.136028 -0.017462
v 0.003518 -0.154668 -0.011439
v 0.003642 -0.181854 -0.014803
v 0.002188 -0.178849 -0.021259
v -0.004025 -0.185499 -0.025197
v 0.007192 -0.193000 -0.005949
v 0.010510 -0.214022 0.005668
v 0.009761 -0.222238 0.003902
v 0.025473 -0.233845 0.000157
v 0.020454 -0.227159 0.007720
v 0.032691 -0.237401 -0.001461
v 0.009549 -0.301338 0.040987
v 0.005667 -0.295470 0.043319
v 0.012056 -0.288536 0.030972
v -0.010024 -0.305653 0.073032
v 0.006452 -0.319356 0.082217
v -0.007822 -0.327350 0.063651
v 0.016369 -0.333765 0.088078
v 0.017363 -0.340674 0.090634
v 0.021174 -0.359431 0.083338
v 0.005356 -0.359590 0.102497
v -0.024045 -0.308924 0.011103
v -0.020196 -0.320391 0.018046
v -0.017124 -0.309194 0.001716
v -0.005831 -0.313988 -0.004997
v -0.000019 -0.314459 -0.012783
v -0.003896 -0.323580 -0.013883
v -0.025072 -0.327600 -0.028466
v -0.024488 -0.242822 -0.036059
v -0.026499 -0.320245 -0.036348
v -0.014012 -0.331908 -0.020213
v -0.019691 -0.233676 -0.022598
v -0.025508 -0.260213 -0.040299
v -0.018821 -0.237718 -0.048957
v -0.017760 -0.257211 -0.054225
v -0.019747 -0.309943 -0.044066
v -0.007651 -0.243273 -0.064109
v -0.019492 -0.330585 0.038762
v 0.005399 -0.318964 -0.021160
v 0.004922 -0.326738 -0.022605
v 0.008397 -0.312762 -0.021151
v 0.003750 -0.333091 -0.027000
v 0.008380 -0.338615 -0.037106
v -0.005119 -0.344070 -0.049201
v 0.010886 -0.349871 -0.053189
v 0.018110 -0.338398 -0.043569
v 0.017148 -0.348337 -0.055475
v 0.022624 -0.344842 -0.025714
v 0.030157 -0.344647 -0.039725
v 0.008960 -0.352279 -0.062001
v -0.019143 -0.333976 -0.032494
v -0.011280 -0.337378 -0.051452
v -0.011618 -0.307397 -0.047380
v -0.013575 -0.325206 -0.054439
v -0.011084 -0.314686 -0.053466
v -0.018970 -0.278564 -0.048433
v 0.004032 -0.253117 -0.068820
v -0.006806 -0.276815 -0.055474
v 0.000722 -0.282325 -0.054254
v 0.004136 -0.291477 -0.050513
v -0.000586 -0.306633 -0.045062
v -0.003310 -0.324009 -0.062951
v 0.000641 -0.310158 -0.052504
v 0.001302 -0.302109 -0.046738
v 0.002997 -0.306186 -0.043316
v 0.002753 -0.307040 -0.042950
v 0.003900 -0.306118 -0.044238
v 0.003974 -0.306064 -0.043194
v 0.003485 -0.306918 -0.041851
v 0.003485 -0.306918 -0.041851
v 0.003485 -0.306918 -0.041851
v 0.003118 -0.314869 -0.058603
v -0.000335 -0.304121 -0.065255
v -0.002829 -0.301331 -0.058500
v 0.000714 -0.296967 -0.050323
v 0.003818 -0.298164 -0.070632
v 0.010153 -0.320202 -0.062589
v 0.015597 -0.324895 -0.063834
v 0.014691 -0.302378 -0.070935
v -0.000184 -0.291852 -0.059141
v 0.000224 -0.294858 -0.066804
v 0.010997 -0.288493 -0.057118
v 0.015913 -0.291186 -0.065480
v 0.013469 -0.277677 -0.054826
v 0.023139 -0.273678 -0.069067
v 0.019444 -0.294024 -0.068236
v 0.026184 -0.279325 -0.077031
v 0.020725 -0.269523 -0.059049
v 0.026670 -0.293889 -0.076992
v 0.021384 -0.317510 -0.068083
v 0.009128 -0.331170 -0.069029
v 0.019760 -0.305870 -0.078353
v 0.020420 -0.298133 -0.077911
v 0.029071 -0.277897 -0.082422
v 0.032979 -0.297004 -0.081791
v 0.026947 -0.263450 -0.061251
v 0.011896 -0.266730 -0.063955
v 0.019452 -0.251408 -0.070273
v -0.004751 -0.328107 0.035620
v -0.010032 -0.325437 0.021003
v -0.007402 -0.327405 0.047250
v -0.002579 -0.316866 0.054768
v 0.017606 -0.308787 0.027623
v 0.003064 -0.320447 0.041844
v 0.014485 -0.318701 0.021794
v 0.001863 -0.317850 -0.004945
v 0.009493 -0.313148 -0.028170
v 0.009810 -0.317603 -0.021973
v 0.016093 -0.318193 -0.016682
v 0.016368 -0.316764 -0.010685
v 0.011154 -0.322003 0.010105
v 0.016470 -0.337266 -0.011871
v 0.027896 -0.325860 0.001901
v 0.013717 -0.341764 -0.023453
v 0.027193 -0.341642 -0.030870
v 0.022378 -0.338717 -0.053662
v 0.004545 -0.346220 -0.067539
v 0.017924 -0.344469 -0.065787
v 0.010424 -0.344495 -0.069334
v 0.025897 -0.318210 -0.074693
v 0.025649 -0.329339 -0.063093
v 0.031572 -0.314405 -0.080717
v 0.037950 -0.331743 -0.075765
v 0.035016 -0.337377 -0.069535
v 0.021469 -0.330922 -0.062083
v 0.034285 -0.337368 -0.055559
v 0.039984 -0.341620 -0.063190
v 0.045373 -0.329201 -0.078641
v 0.039066 -0.323792 -0.079108
v 0.035786 -0.324331 -0.087335
v 0.045440 -0.331556 -0.087644
v 0.022976 -0.309587 -0.089408
v 0.026011 -0.302754 -0.082040
v 0.025962 -0.305069 -0.095497
v 0.037523 -0.295662 -0.089062
v 0.048335 -0.296516 -0.090187
v 0.039548 -0.284856 -0.093583
v 0.036422 -0.304534 -0.097562
v 0.048265 -0.293372 -0.099529
v -0.009112 -0.022176 -0.152888
v -0.000695 -0.033657 -0.137667
v 0.021196 -0.243893 -0.080374
v 0.009895 -0.235923 -0.072104
v 0.051669 -0.281306 -0.113310
v 0.035639 -0.267214 -0.086390
v 0.031986 -0.262504 -0.069099
v 0.035045 -0.248563 -0.088794
v 0.061849 -0.226513 -0.098732
v 0.055156 -0.249497 -0.094949
v 0.047421 -0.193527 -0.095888
v 0.061169 -0.214044 -0.094750
v 0.056380 -0.208851 -0.090058
v 0.069516 -0.220803 -0.083021
v 0.076531 -0.225228 -0.083997
v 0.056851 -0.232292 -0.094277
v 0.048182 -0.181588 -0.105857
v 0.011778 -0.171531 -0.005647
v 0.008253 -0.183124 -0.011236
v 0.013721 -0.200947 -0.006713
v 0.021091 -0.190172 -0.015272
v 0.034415 -0.195281 -0.018192
v 0.011887 -0.187526 -0.015451
v 0.028017 -0.216003 0.000740
v 0.031418 -0.219792 0.006317
v 0.017900 -0.211319 0.004614
v 0.034163 -0.226816 0.010014
v 0.035485 -0.236356 0.007202
v 0.037118 -0.239856 -0.002542
v 0.054938 -0.217270 -0.011775
v 0.039173 -0.216471 -0.001658
v 0.030152 -0.189521 -0.012107
v 0.033100 -0.178118 -0.007406
v 0.017483 -0.157799 -0.013273
v 0.031203 -0.165381 -0.013890
v 0.021871 -0.160373 -0.017778
v 0.035026 -0.165088 -0.021107
v 0.046084 -0.193469 -0.016839
v 0.042576 -0.197196 -0.023298
v 0.048544 -0.199696 -0.027193
v 0.065045 -0.213548 -0.027318
v 0.055614 -0.201686 -0.033957
v 0.045071 -0.225578 0.000041
v 0.050067 -0.230570 0.006061
v 0.053807 -0.242348 0.005744
v 0.045285 -0.242076 -0.004014
v 0.050194 -0.245735 -0.007659
v 0.045866 -0.264263 0.009266
v 0.058390 -0.247345 -0.009608
v 0.062279 -0.251985 -0.013443
v 0.078471 -0.279143 -0.005912
v 0.084272 -0.289061 -0.006450
v 0.068022 -0.294433 0.003607
v 0.069009 -0.284770 0.003586
v 0.060724 -0.299011 0.012814
v 0.060865 -0.285590 0.012670
v 0.078754 -0.306091 -0.008807
v 0.085542 -0.295078 -0.011443
v 0.069076 -0.310736 -0.005045
v 0.063879 -0.303738 -0.000162
v 0.054396 -0.295683 0.017202
v 0.059925 -0.312511 -0.003850
v 0.057439 -0.313322 0.006382
v 0.052010 -0.288314 0.016498
v 0.023505 -0.315928 -0.005065
v 0.023686 -0.319165 -0.012702
v 0.026790 -0.317459 -0.012760
v 0.023177 -0.324627 -0.006236
v 0.023584 -0.345153 -0.011711
v 0.029413 -0.339260 0.001652
v 0.050035 -0.337778 -0.072606
v 0.054138 -0.343041 -0.062283
v 0.034231 -0.318122 -0.094370
v 0.042347 -0.313347 -0.097939
v 0.045854 -0.328590 -0.093912
v 0.058350 -0.324206 -0.094910
v 0.061833 -0.330217 -0.086655
v 0.061932 -0.337437 -0.068346
v 0.058230 -0.330463 -0.074365
v 0.076329 -0.307775 -0.087623
v 0.060521 -0.289647 -0.112180
v 0.039046 -0.270307 -0.094959
v 0.046442 -0.261890 -0.100862
v 0.050354 -0.254432 -0.091822
v 0.042163 -0.258217 -0.083300
v 0.066410 -0.236002 -0.088139
v 0.071778 -0.230884 -0.091599
v 0.062415 -0.244356 -0.094447
v 0.056870 -0.251048 -0.102137
v 0.067682 -0.247433 -0.096640
v 0.073576 -0.240055 -0.081897
v 0.082482 -0.236993 -0.078295
v 0.089013 -0.234999 -0.063710
v 0.078086 -0.250318 -0.087634
v 0.055053 -0.262969 -0.109477
v 0.049909 -0.266093 -0.110335
v 0.091941 -0.277936 -0.083663
v 0.092483 -0.261159 -0.068798
v 0.079137 -0.243054 -0.073014
v 0.078278 -0.226518 -0.071072
v 0.070562 -0.212551 -0.074773
v 0.056820 -0.198774 -0.078371
v 0.060908 -0.200538 -0.070846
v 0.049024 -0.194605 -0.088258
v 0.061776 -0.195309 -0.079712
v 0.056517 -0.191447 -0.092470
v 0.059097 -0.181987 -0.095203
v 0.066846 -0.187332 -0.078528
v 0.051297 -0.167042 -0.097497
v 0.046796 -0.162511 -0.093507
v 0.038014 -0.329925 0.007564
v 0.038886 -0.341185 0.002794
v 0.042276 -0.345271 -0.042758
v 0.047681 -0.340389 -0.047050
v 0.039388 -0.344270 -0.019725
v 0.078980 -0.327916 -0.074426
v 0.056393 -0.343026 -0.035947
v 0.068333 -0.335969 -0.062613
v 0.070452 -0.328343 -0.068214
v 0.076322 -0.317348 -0.090201
v 0.077109 -0.325267 -0.085976
v 0.067552 -0.303777 -0.083590
v 0.056651 -0.301488 -0.089263
v 0.064973 -0.297889 -0.105548
v 0.069137 -0.301250 -0.083098
v 0.082823 -0.297231 -0.084235
v 0.085078 -0.314333 -0.085092
v 0.088674 -0.291054 -0.089049
v 0.078205 -0.300456 -0.097299
v 0.062721 -0.302119 -0.084012
v 0.018581 -0.291169 0.024836
v 0.013617 -0.271466 0.004049
v 0.024689 -0.305974 0.016361
v 0.030488 -0.309120 0.003385
v 0.028344 -0.314774 -0.001234
v 0.048763 -0.329028 0.004449
v 0.050660 -0.313627 0.011842
v 0.040472 -0.307653 0.013473
v 0.033240 -0.301340 0.006722
v 0.026707 -0.296640 0.015634
v 0.031657 -0.288441 0.008316
v 0.051041 -0.151718 -0.056963
v 0.055156 -0.171326 -0.034684
v 0.046909 -0.168693 -0.027551
v 0.023496 -0.277031 0.007129
v 0.035572 -0.280780 0.012095
v 0.045812 -0.341859 -0.004956
v 0.051751 -0.331372 -0.003310
v 0.054255 -0.327342 -0.009333
v 0.047111 -0.339535 -0.014474
v 0.038058 -0.347133 -0.010320
v 0.049451 -0.347171 -0.027339
v 0.054452 -0.337919 -0.043557
v 0.064649 -0.339700 -0.051971
v 0.059358 -0.333318 -0.040853
v 0.078668 -0.317992 -0.060487
v 0.065401 -0.325021 -0.036369
v 0.074840 -0.324872 -0.042990
v 0.064768 -0.332125 -0.032287
v 0.078105 -0.324071 -0.053951
v 0.086881 -0.320162 -0.078614
v 0.087672 -0.314922 -0.066957
v 0.085724 -0.304383 -0.055421
v 0.094795 -0.300838 -0.063704
v 0.087712 -0.310607 -0.047198
v 0.090469 -0.302724 -0.031923
v 0.091733 -0.294580 -0.053254
v 0.095380 -0.295222 -0.075973
v 0.090010 -0.288838 -0.080826
v 0.072189 -0.297077 -0.104666
v 0.023640 -0.316484 -0.027545
v 0.028871 -0.312390 -0.026277
v 0.026210 -0.317314 -0.018954
v 0.032713 -0.317061 -0.020510
v 0.031846 -0.313173 -0.016133
v 0.036734 -0.311069 -0.018414
v 0.035827 -0.260845 -0.074856
v 0.055305 -0.169390 -0.085474
v 0.048965 -0.146842 -0.069670
v 0.062063 -0.173217 -0.064813
v 0.063467 -0.174083 -0.077956
v 0.046014 -0.169649 -0.020276
v 0.058612 -0.198769 -0.028639
v 0.061151 -0.202905 -0.042173
v 0.058546 -0.173235 -0.029054
v 0.060612 -0.185386 -0.022611
v 0.048932 -0.182224 -0.014347
v 0.070712 -0.190283 -0.038294
v 0.065957 -0.204500 -0.050932
v 0.067304 -0.200603 -0.048852
v 0.067424 -0.176295 -0.046251
v 0.071070 -0.190058 -0.061216
v 0.064352 -0.202528 -0.061245
v 0.054991 0.027076 -0.347630
v 0.056442 0.022755 -0.364225
v 0.061986 0.026304 -0.357569
v 0.051562 0.026378 -0.361109
v 0.051167 0.029716 -0.351114
v 0.059588 0.033323 -0.367084
v 0.059121 0.030392 -0.374003
v 0.065094 0.032529 -0.366014
v 0.066176 0.036488 -0.376184
v 0.067454 0.032636 -0.388384
v 0.073680 0.036515 -0.380637
v 0.077231 0.030711 -0.398048
v 0.072885 0.038534 -0.394925
v 0.076477 0.032621 -0.382258
v 0.073477 0.027574 -0.383452
v 0.082976 0.040129 -0.395880
v 0.085155 0.034016 -0.397808
v 0.082085 0.042728 -0.403112
v 0.080073 0.035742 -0.407848
v 0.095364 0.037624 -0.416011
v 0.081879 0.041629 -0.409982
v 0.101438 0.043950 -0.424053
v 0.091203 0.043599 -0.409471
v 0.092035 0.046908 -0.425360
v 0.091535 0.041796 -0.427593
v 0.098902 0.048567 -0.425235
v 0.103883 0.052411 -0.439099
v 0.100497 0.048939 -0.442794
v 0.098429 0.041331 -0.436155
v 0.109163 0.049762 -0.438186
v 0.115221 0.047228 -0.447703
v 0.055487 -0.339974 -0.018998
v 0.068167 -0.327049 -0.021952
v 0.064784 -0.323724 -0.011677
v 0.076404 -0.313586 -0.022272
v 0.082830 -0.300095 -0.023485
v 0.062414 -0.250305 -0.006033
v 0.087858 -0.284360 -0.020052
v 0.076402 -0.308609 -0.027782
v 0.071319 -0.316255 -0.031966
v 0.095296 -0.274942 -0.076119
v 0.085738 -0.233031 -0.053961
v 0.082330 -0.246830 -0.058909
v 0.088341 -0.242595 -0.064022
v 0.082786 -0.249610 -0.049959
v 0.086550 -0.236527 -0.038285
v 0.084137 -0.239378 -0.027571
v 0.091817 -0.240088 -0.039058
v 0.078567 -0.239478 -0.018062
v 0.082855 -0.242169 -0.015089
v 0.088928 -0.241287 -0.028393
v 0.087661 -0.248641 -0.021365
v 0.084110 -0.252421 -0.018322
v 0.077872 -0.252363 -0.031813
v 0.088523 -0.249004 -0.048290
v 0.077653 -0.254013 -0.020049
v 0.075144 -0.253174 -0.027287
v 0.080272 -0.252252 -0.037407
v 0.092567 -0.263036 -0.051594
v 0.094015 -0.273696 -0.034436
v 0.069984 -0.251498 -0.021519
v 0.072938 -0.251617 -0.006133
v 0.075371 -0.247613 -0.005199
v 0.063742 -0.236584 0.000736
v 0.073153 -0.239924 -0.005155
v 0.060573 -0.233344 -0.004772
v 0.071108 -0.237541 -0.010826
v 0.061525 -0.173600 -0.045706
v 0.077180 -0.233209 -0.182687
v 0.080135 -0.276474 -0.186277
v 0.074244 -0.245468 -0.179294
v 0.076162 -0.231018 -0.175952
v 0.098538 -0.255234 -0.150784
v 0.080673 -0.222685 -0.166257
v 0.099548 -0.219672 -0.145303
v 0.089926 -0.215200 -0.157335
v 0.084171 -0.221208 -0.178780
v 0.091809 -0.214507 -0.169818
v 0.114117 -0.227832 -0.136796
v 0.114421 -0.241008 -0.134024
v 0.134473 -0.318214 -0.135947
v 0.085914 -0.284939 -0.182585
v 0.101623 -0.307946 -0.176741
v 0.094165 -0.298135 -0.183346
v 0.076311 -0.260435 -0.189733
v 0.101922 -0.294386 -0.196216
v 0.087340 -0.269265 -0.200114
v 0.093144 -0.283008 -0.197695
v 0.097193 -0.275740 -0.197044
v 0.093939 -0.264045 -0.200023
v 0.093248 -0.260055 -0.207745
v 0.102172 -0.264256 -0.209178
v 0.109066 -0.279138 -0.208653
v 0.100207 -0.214697 -0.153524
v 0.102354 -0.238967 -0.201959
v 0.123474 -0.243191 -0.131770
v 0.127411 -0.228594 -0.149288
v 0.127760 -0.224351 -0.157312
v 0.111612 -0.220706 -0.144119
v 0.097249 -0.292468 -0.043571
v 0.098158 -0.283700 -0.051145
v 0.098523 -0.272245 -0.055420
v 0.100684 -0.280644 -0.066063
v 0.097513 -0.283764 -0.032407
v 0.095921 -0.295281 -0.033995
v 0.088158 -0.249189 -0.198617
v 0.093609 -0.228267 -0.188085
v 0.109141 -0.221263 -0.178551
v 0.125916 -0.222742 -0.171464
v 0.127084 -0.231730 -0.155502
v 0.123275 -0.226167 -0.196941
v 0.111541 -0.247045 -0.220173
v 0.123975 -0.229551 -0.210033
v 0.141340 -0.252260 -0.144692
v 0.137204 -0.268628 -0.127851
v 0.118110 -0.315727 -0.156212
v 0.129347 -0.293339 -0.131525
v 0.124210 -0.326848 -0.161212
v 0.111036 -0.315884 -0.167770
v 0.115504 -0.320022 -0.171132
v 0.110047 -0.299801 -0.195857
v 0.117170 -0.306834 -0.196339
v 0.114728 -0.295238 -0.197944
v 0.114781 -0.299532 -0.202520
v 0.106225 -0.289669 -0.195959
v 0.116933 -0.288050 -0.212430
v 0.122090 -0.288903 -0.222008
v 0.104578 -0.262382 -0.217670
v 0.091873 -0.248264 -0.041696
v 0.107499 0.042120 -0.441572
v 0.114018 0.055082 -0.450103
v 0.109667 0.054416 -0.456380
v 0.114309 0.050816 -0.465314
v 0.128866 0.051604 -0.475379
v 0.115231 0.056510 -0.466062
v 0.116047 0.048238 -0.464232
v 0.130562 0.055990 -0.472098
v 0.122554 0.055669 -0.460095
v 0.122894 0.060178 -0.467437
v 0.121994 0.058790 -0.478023
v 0.136046 0.063060 -0.483802
v 0.113677 -0.258890 -0.229213
v 0.125958 -0.258263 -0.238017
v 0.114775 -0.264186 -0.222315
v 0.125672 -0.264022 -0.237739
v 0.113590 -0.279330 -0.217104
v 0.123345 -0.254370 -0.243734
v 0.127373 -0.223689 -0.186804
v 0.128854 -0.266216 -0.127597
v 0.137187 -0.290219 -0.126021
v 0.129858 -0.327472 -0.148994
v 0.137546 -0.328141 -0.141925
v 0.143255 -0.314506 -0.131784
v 0.145462 -0.324498 -0.140601
v 0.149783 -0.312138 -0.137464
v 0.157141 -0.309538 -0.158094
v 0.141714 -0.327627 -0.150856
v 0.137479 -0.302970 -0.217052
v 0.149878 -0.307353 -0.209382
v 0.132867 -0.273320 -0.242415
v 0.126991 -0.279540 -0.222795
v 0.122454 -0.244626 -0.237145
v 0.130268 -0.254537 -0.247960
v 0.138432 -0.263676 -0.252416
v 0.131460 -0.280521 -0.226982
v 0.137937 -0.276360 -0.239108
v 0.142746 -0.274148 -0.247580
v 0.148866 -0.267475 -0.263359
v 0.147864 -0.276868 -0.257451
v 0.140078 -0.282179 -0.246192
v 0.134329 -0.257819 -0.255148
v 0.164458 -0.280577 -0.259357
v 0.164097 -0.291711 -0.237520
v 0.167783 -0.265302 -0.279654
v 0.154872 -0.260585 -0.268088
v 0.147086 -0.260448 -0.260739
v 0.157137 -0.262151 -0.276004
v 0.155876 -0.251576 -0.276716
v 0.160144 -0.249279 -0.287736
v 0.169001 -0.298557 -0.210498
v 0.134858 -0.329535 -0.154315
v 0.182772 -0.274028 -0.255399
v 0.147400 -0.253315 -0.273393
v 0.156235 -0.243321 -0.286531
v 0.167441 -0.252824 -0.292991
v 0.176022 -0.292548 -0.204447
v 0.179336 -0.285418 -0.196731
v 0.188453 -0.249163 -0.296213
v 0.166333 -0.246638 -0.290511
v 0.172132 -0.239320 -0.303203
v 0.164176 -0.234454 -0.301030
v 0.156849 -0.233765 -0.298781
v 0.176894 -0.238368 -0.311405
v 0.153637 -0.227663 -0.297588
v 0.169647 -0.232819 -0.311155
v 0.150965 -0.234996 -0.287386
v 0.148924 -0.245552 -0.281605
v 0.145131 -0.233386 -0.286432
v 0.142495 -0.228716 -0.280902
v 0.143882 -0.220706 -0.265733
v 0.145549 -0.240765 -0.277744
v 0.149703 -0.214065 -0.297094
v 0.154775 -0.203997 -0.278279
v 0.148757 -0.214010 -0.252092
v 0.133314 -0.228038 -0.234964
v 0.158556 -0.209458 -0.236281
v 0.152761 -0.219351 -0.306307
v 0.168116 -0.193663 -0.266589
v 0.158361 -0.191806 -0.319063
v 0.118373 -0.239071 -0.221205
v 0.136883 -0.232086 -0.168210
v 0.144640 -0.225809 -0.179475
v 0.136605 -0.226379 -0.167955
v 0.144974 -0.234301 -0.176125
v 0.136966 -0.248886 -0.150102
v 0.133246 0.058481 -0.496755
v 0.128166 0.063419 -0.481393
v 0.142566 0.058310 -0.505086
v 0.141110 0.057404 -0.492265
v 0.155294 0.063384 -0.515628
v 0.131346 0.062680 -0.493859
v 0.140101 0.068276 -0.498838
v 0.139093 0.067135 -0.504575
v 0.145599 0.069841 -0.515127
v 0.144738 0.065397 -0.496987
v 0.141585 -0.220474 -0.209286
v 0.151863 -0.245742 -0.166986
v 0.153329 -0.236997 -0.179222
v 0.158136 -0.243865 -0.178678
v 0.154752 -0.255290 -0.164219
v 0.162352 -0.253984 -0.169157
v 0.147086 -0.248156 -0.163919
v 0.157520 -0.258608 -0.159611
v 0.149375 -0.263603 -0.154882
v 0.158723 -0.252179 -0.175754
v 0.163681 -0.232292 -0.197020
v 0.153289 -0.232258 -0.190031
v 0.173596 -0.240327 -0.199707
v 0.161418 -0.227868 -0.202603
v 0.155185 -0.224339 -0.192085
v 0.152402 -0.218034 -0.207931
v 0.167281 -0.205763 -0.235371
v 0.171026 -0.212727 -0.220550
v 0.158683 -0.220081 -0.310656
v 0.165276 -0.223153 -0.315095
v 0.155567 -0.204072 -0.317661
v 0.179024 -0.177142 -0.285336
v 0.177164 -0.205767 -0.233838
v 0.179469 -0.161498 -0.312597
v 0.163066 -0.185623 -0.306814
v 0.166288 -0.206823 -0.323754
v 0.162926 -0.214438 -0.315655
v 0.176402 -0.225911 -0.315930
v 0.175564 -0.233668 -0.311196
v 0.177872 -0.212701 -0.328500
v 0.179848 -0.224067 -0.326347
v 0.175428 -0.198560 -0.338256
v 0.159974 -0.207387 -0.323574
v 0.182445 -0.187970 -0.263430
v 0.178118 -0.193643 -0.255526
v 0.173704 -0.216325 -0.223343
v 0.172206 -0.226345 -0.210980
v 0.186027 -0.221981 -0.231036
v 0.174357 -0.233583 -0.210414
v 0.179304 -0.234555 -0.219245
v 0.181646 -0.243230 -0.207747
v 0.180872 -0.247932 -0.197684
v 0.187193 -0.245746 -0.208107
v 0.182000 -0.259894 -0.192756
v 0.176215 -0.246814 -0.201076
v 0.168805 -0.248858 -0.193459
v 0.162788 -0.252124 -0.183141
v 0.171809 -0.251380 -0.183297
v 0.132676 -0.283949 -0.236337
v 0.133559 -0.236950 -0.257854
v 0.134393 -0.245304 -0.264081
v 0.136497 -0.248932 -0.261060
v 0.149065 -0.293599 -0.132610
v 0.150842 -0.265872 -0.147358
v 0.144631 -0.262270 -0.150277
v 0.144405 -0.297249 -0.127756
v 0.148910 0.064281 -0.521649
v 0.152480 0.071049 -0.512640
v 0.154081 0.066962 -0.510813
v 0.163895 0.066007 -0.530945
v 0.151593 0.070527 -0.526984
v 0.160632 0.065983 -0.536876
v 0.161541 0.069585 -0.542986
v 0.163914 0.073652 -0.529010
v 0.158351 0.075182 -0.528574
v 0.164155 0.062558 -0.531777
v 0.159318 0.073557 -0.538477
v 0.164607 0.076363 -0.544498
v 0.169198 0.077242 -0.540410
v 0.168732 0.070452 -0.533385
v 0.158711 0.056460 -0.546998
v 0.158926 0.038904 -0.526483
v 0.160442 0.080573 -0.567484
v 0.159982 0.041803 -0.541731
v 0.164452 0.037073 -0.546514
v 0.167486 0.038861 -0.506931
v 0.169662 0.055338 -0.519285
v 0.171465 0.023475 -0.538037
v 0.166212 0.023156 -0.535252
v 0.170098 0.037582 -0.550653
v 0.169929 0.049988 -0.562423
v 0.172994 0.041170 -0.560809
v 0.164890 0.053910 -0.562335
v 0.173168 0.058489 -0.577416
v 0.186021 0.073222 -0.604389
v 0.167558 0.076693 -0.587023
v 0.161118 0.071248 -0.570048
v 0.171249 0.070952 -0.584122
v 0.175351 0.082880 -0.600669
v 0.176345 0.075747 -0.597612
v 0.166298 0.090924 -0.592558
v 0.166871 0.099815 -0.583003
v 0.170275 0.098731 -0.568597
v 0.166862 0.086682 -0.554560
v 0.183254 0.078441 -0.545303
v 0.172591 0.100180 -0.610284
v 0.174488 0.104236 -0.574505
v 0.179300 0.116134 -0.594689
v 0.178638 0.101037 -0.568488
v 0.185700 0.095040 -0.566153
v 0.188364 0.088132 -0.564204
v 0.192938 0.083232 -0.561684
v 0.196748 0.095946 -0.578042
v 0.193085 0.063855 -0.542347
v 0.202049 0.061472 -0.561324
v 0.215484 0.097566 -0.611220
v 0.188786 0.110364 -0.586485
v 0.171552 0.106115 -0.601144
v 0.179348 0.097512 -0.619977
v 0.179793 0.119653 -0.616639
v 0.191307 0.101587 -0.580887
v 0.200108 0.108391 -0.593692
v 0.197502 0.113850 -0.599024
v 0.209454 0.076328 -0.591703
v 0.223284 0.121371 -0.633481
v 0.195326 0.120364 -0.603374
v 0.187200 0.122472 -0.602775
v 0.184202 0.125257 -0.610306
v 0.194095 0.132634 -0.619870
v 0.191145 0.133981 -0.631258
v 0.184452 0.121347 -0.633937
v 0.184097 0.094122 -0.626743
v 0.181774 0.108010 -0.631709
v 0.195425 0.103822 -0.651297
v 0.201048 0.043111 -0.553064
v 0.161320 0.033252 -0.513913
v 0.161251 0.010655 -0.513213
v 0.169321 0.006882 -0.523500
v 0.165301 0.023598 -0.507578
v 0.163520 0.006248 -0.505981
v 0.162484 0.020392 -0.501989
v 0.167872 0.025665 -0.494762
v 0.173386 0.026976 -0.494721
v 0.177538 0.030968 -0.493514
v 0.175507 0.043522 -0.505297
v 0.190336 0.029050 -0.499789
v 0.181862 0.048473 -0.512139
v 0.199667 -0.012687 -0.493370
v 0.193635 0.022311 -0.504902
v 0.197573 0.021795 -0.508721
v 0.194261 0.045706 -0.525484
v 0.176333 0.072046 -0.533813
v 0.187322 0.049838 -0.518718
v 0.188317 0.066061 -0.541040
v 0.190083 0.045191 -0.521533
v 0.198778 0.025697 -0.535172
v 0.191724 0.021317 -0.542610
v 0.177242 0.009335 -0.531943
v 0.174769 0.007746 -0.525132
v 0.190994 0.000622 -0.521060
v 0.197446 0.005890 -0.516030
v 0.185292 -0.009785 -0.513944
v 0.196852 0.037840 -0.557687
v 0.183517 0.022859 -0.548199
v 0.167626 -0.003419 -0.512067
v 0.169717 0.015393 -0.483185
v 0.176711 0.021386 -0.485882
v 0.165486 -0.005111 -0.473078
v 0.185250 -0.022033 -0.442492
v 0.188384 0.007291 -0.478307
v 0.185668 0.021576 -0.487079
v 0.186706 0.007017 -0.472601
v 0.193897 0.006357 -0.480263
v 0.194434 -0.011218 -0.462295
v 0.172704 0.003343 -0.469395
v 0.174972 -0.011649 -0.454678
v 0.189493 -0.015523 -0.451285
v 0.198960 -0.002376 -0.482519
v 0.197182 -0.042919 -0.430941
v 0.201889 -0.024758 -0.465169
v 0.194977 -0.010994 -0.468679
v 0.208028 -0.068787 -0.425065
v 0.201727 -0.023001 -0.480342
v 0.206290 -0.058145 -0.449346
v 0.202764 -0.068696 -0.453288
v 0.192488 -0.047629 -0.421148
v 0.199357 -0.071324 -0.402752
v 0.192894 -0.069471 -0.400127
v 0.186929 -0.073287 -0.398225
v 0.190802 -0.096511 -0.374697
v 0.170472 -0.064113 -0.425923
v 0.181549 -0.049882 -0.420067
v 0.176948 -0.050119 -0.424050
v 0.180718 -0.028889 -0.436852
v 0.171827 -0.028370 -0.445300
v 0.163813 -0.036012 -0.463793
v 0.165953 -0.042865 -0.471529
v 0.161292 -0.000231 -0.490117
v 0.161918 -0.004391 -0.500159
v 0.161912 -0.018138 -0.481243
v 0.166897 -0.006645 -0.503052
v 0.173271 -0.007448 -0.513591
v 0.179214 -0.004164 -0.516123
v 0.181475 -0.014338 -0.508342
v 0.173985 -0.019328 -0.502902
v 0.166038 -0.023233 -0.492080
v 0.172306 -0.020703 -0.496159
v 0.180069 -0.033595 -0.491412
v 0.188519 -0.029456 -0.495232
v 0.165585 -0.030285 -0.456556
v 0.165859 -0.054902 -0.453286
v 0.178011 -0.071897 -0.457178
v 0.174002 -0.040271 -0.483782
v 0.189264 -0.021233 -0.498415
v 0.196935 0.000932 -0.493531
v 0.188424 -0.195184 -0.356618
v 0.184848 -0.237142 -0.315187
v 0.195842 -0.195625 -0.356655
v 0.195439 -0.255729 -0.271627
v 0.200210 -0.240456 -0.295112
v 0.203253 -0.223966 -0.317971
v 0.199430 -0.212673 -0.337108
v 0.179336 -0.209549 -0.338385
v 0.169303 -0.196255 -0.342639
v 0.162826 -0.186517 -0.343060
v 0.161119 -0.182876 -0.332793
v 0.168430 -0.158764 -0.345991
v 0.187283 -0.164575 -0.297504
v 0.194423 -0.181924 -0.281344
v 0.188278 -0.191396 -0.262088
v 0.184413 -0.198776 -0.249279
v 0.183068 -0.206270 -0.247003
v 0.186513 -0.200060 -0.257754
v 0.188158 -0.206916 -0.251784
v 0.193660 -0.197665 -0.264830
v 0.194882 -0.216412 -0.250766
v 0.189915 -0.218189 -0.246349
v 0.196502 -0.201553 -0.267977
v 0.197424 -0.220225 -0.257343
v 0.196360 -0.210832 -0.265414
v 0.194695 -0.226667 -0.239094
v 0.200221 -0.229050 -0.244483
v 0.201547 -0.238794 -0.241418
v 0.192338 -0.233928 -0.227389
v 0.190017 -0.239495 -0.218828
v 0.186476 -0.234412 -0.227181
v 0.187772 -0.226070 -0.237841
v 0.184516 -0.270280 -0.198282
v 0.195773 -0.261490 -0.242801
v 0.198561 -0.253627 -0.238863
v 0.208709 -0.231830 -0.282235
v 0.205273 -0.219119 -0.262646
v 0.200973 -0.213349 -0.270384
v 0.211141 -0.216867 -0.312117
v 0.208773 -0.206480 -0.334298
v 0.164406 -0.219418 -0.206274
v 0.166683 -0.223757 -0.210887
v 0.178172 -0.200528 -0.346250
v 0.172652 -0.171190 -0.368026
v 0.188046 -0.150703 -0.316787
v 0.196347 -0.154664 -0.310597
v 0.190024 -0.175687 -0.282269
v 0.191634 -0.190824 -0.270294
v 0.209113 -0.210067 -0.277476
v 0.215678 -0.205337 -0.302780
v 0.205306 -0.208635 -0.276301
v 0.199482 -0.192293 -0.279733
v 0.195477 -0.187161 -0.285947
v 0.203951 -0.200843 -0.286675
v 0.199118 -0.175822 -0.301460
v 0.201745 -0.166981 -0.306074
v 0.196099 -0.167621 -0.296567
v 0.165442 -0.171085 -0.357029
v 0.207977 -0.171151 -0.311419
v 0.205953 -0.193029 -0.295721
v 0.210917 -0.200273 -0.289501
v 0.165774 -0.161788 -0.355882
v 0.169765 -0.154193 -0.378816
v 0.186452 -0.146827 -0.400321
v 0.202177 -0.171617 -0.377298
v 0.206212 -0.192160 -0.353999
v 0.210191 -0.166965 -0.374652
v 0.195607 -0.148764 -0.400090
v 0.167208 -0.151194 -0.371928
v 0.169423 -0.131441 -0.378538
v 0.185580 -0.125445 -0.350122
v 0.192313 -0.137266 -0.330602
v 0.215376 -0.181693 -0.317745
v 0.211344 -0.183961 -0.305752
v 0.206057 -0.182246 -0.305351
v 0.173750 0.026764 -0.546957
v 0.210960 0.110397 -0.675539
v 0.205027 0.092967 -0.645709
v 0.194412 0.070402 -0.606064
v 0.208988 0.085845 -0.633697
v 0.215502 0.088867 -0.637313
v 0.198699 0.063667 -0.597684
v 0.207351 0.073045 -0.607214
v 0.184829 0.040164 -0.567558
v 0.192607 0.041257 -0.567526
v 0.216976 0.088221 -0.625891
v 0.203439 0.056122 -0.573918
v 0.201394 0.056064 -0.582073
v 0.167441 -0.060871 -0.437462
v 0.167964 -0.079494 -0.432892
v 0.170283 -0.062840 -0.457530
v 0.184376 -0.068934 -0.463213
v 0.189455 -0.091669 -0.445699
v 0.172933 -0.087962 -0.438201
v 0.170762 -0.092775 -0.407807
v 0.169033 -0.098377 -0.420332
v 0.171627 -0.107715 -0.419072
v 0.172550 -0.122584 -0.408561
v 0.169129 -0.116582 -0.400669
v 0.183638 -0.110288 -0.428899
v 0.172439 -0.113539 -0.386135
v 0.177338 -0.078341 -0.403657
v 0.169431 -0.135221 -0.392240
v 0.201057 -0.090717 -0.383914
v 0.206518 -0.111108 -0.369229
v 0.215423 -0.122601 -0.378131
v 0.198163 -0.106874 -0.363970
v 0.183702 -0.213167 -0.235889
v 0.178958 -0.210170 -0.235521
v 0.187037 -0.039433 -0.488175
v 0.194287 -0.020438 -0.498277
v 0.196666 -0.022942 -0.486888
v 0.192821 -0.057086 -0.471855
v 0.194093 -0.077294 -0.455682
v 0.199090 -0.092945 -0.441851
v 0.200281 -0.108659 -0.430556
v 0.174668 -0.143428 -0.394307
v 0.199800 -0.128962 -0.415570
v 0.205740 -0.110446 -0.424576
v 0.206460 -0.130658 -0.409168
v 0.204603 -0.148169 -0.396758
v 0.215150 -0.148270 -0.382646
v 0.183396 -0.090763 -0.386343
v 0.190115 -0.114452 -0.357233
v 0.197485 -0.130443 -0.338240
v 0.200139 -0.146301 -0.323350
v 0.191775 -0.118741 -0.425038
v 0.201455 -0.126291 -0.345945
v 0.218324 -0.173115 -0.342146
v 0.216197 -0.188659 -0.338810
v 0.191489 0.124778 -0.650900
v 0.198595 0.139444 -0.640015
v 0.205061 0.131635 -0.625387
v 0.204994 0.122443 -0.616024
v 0.211375 0.128387 -0.629361
v 0.210524 0.120078 -0.615957
v 0.204431 0.141107 -0.641336
v 0.199405 0.120618 -0.665037
v 0.190452 0.107681 -0.643566
v 0.207519 0.118510 -0.673499
v 0.215256 0.134653 -0.639877
v 0.222406 0.127325 -0.636808
v 0.222381 0.096616 -0.629620
v 0.240374 0.125405 -0.660162
v 0.230273 0.103618 -0.679494
v 0.198049 0.134005 -0.657071
v 0.208801 0.144246 -0.657845
v 0.204613 0.134550 -0.671999
v 0.219955 0.141613 -0.653233
v 0.229946 0.099945 -0.662396
v 0.235796 0.105801 -0.660064
v 0.231469 0.107354 -0.690048
v 0.243421 0.108033 -0.681275
v 0.242782 0.115624 -0.665341
v 0.226472 0.135203 -0.654324
v 0.212408 0.136000 -0.684748
v 0.227320 0.117113 -0.698837
v 0.228697 0.124806 -0.702774
v 0.237690 0.114189 -0.706590
v 0.224978 0.129116 -0.702032
v 0.225969 0.140774 -0.699045
v 0.227648 0.136331 -0.705433
v 0.245044 0.130429 -0.726309
v 0.241517 0.140164 -0.718542
v 0.196941 -0.036202 -0.482951
v 0.211952 -0.113569 -0.413237
v 0.216102 -0.113950 -0.399585
v 0.235455 0.138025 -0.668168
v 0.251820 0.111788 -0.715258
v 0.260841 0.123714 -0.692770
v 0.245410 0.134994 -0.673383
v 0.232775 0.132619 -0.655532
v 0.247501 0.120118 -0.723697
v 0.249215 0.126396 -0.727466
v 0.270968 0.128936 -0.752450
v 0.245476 0.136031 -0.726592
v 0.245015 0.142633 -0.683919
v 0.254078 0.133658 -0.683155
v 0.262194 0.138440 -0.697976
v 0.271192 0.136219 -0.706857
v 0.266063 0.117537 -0.709804
v 0.267488 0.113358 -0.727767
v 0.267989 0.114985 -0.740119
v 0.280537 0.128627 -0.716957
v 0.270683 0.141991 -0.714950
v 0.260982 0.136173 -0.742229
v 0.282941 0.136249 -0.721906
v 0.274914 0.116756 -0.725268
v 0.290834 0.112323 -0.748393
v 0.278657 0.117624 -0.753843
v 0.300969 0.120680 -0.741117
v 0.298786 0.109779 -0.761623
v 0.308781 0.125789 -0.746796
v 0.314006 0.117273 -0.751626
v 0.275555 0.125071 -0.753052
v 0.276482 0.135237 -0.754614
v 0.288176 0.143913 -0.746264
v 0.285557 0.139473 -0.731068
v 0.287406 0.124294 -0.727592
v 0.296600 0.133353 -0.736643
v 0.283669 0.126564 -0.762367
v 0.298222 0.135238 -0.744021
v 0.294571 0.140983 -0.743909
v 0.293323 0.127074 -0.766584
v 0.300767 0.116155 -0.766917
v 0.300021 0.135991 -0.759566
v 0.304851 0.135883 -0.753706
v 0.307784 0.107213 -0.758833
v 0.306529 0.111151 -0.764140
v 0.310971 0.110256 -0.767017
v 0.312044 0.117125 -0.769802
v 0.312364 0.126225 -0.763963
v 0.318350 0.113977 -0.764197
v 0.313348 0.110791 -0.753877
v 0.314693 0.126291 -0.758369
v 0.316589 0.114665 -0.759282
vn 0.8773 0.3743 0.3005
vn 0.8883 0.2959 0.3511
vn 0.8095 0.1230 -0.5741
vn 0.8024 -0.2229 -0.5536
vn 0.7306 -0.4853 -0.4803
vn 0.6134 0.6453 -0.4555
vn 0.7313 -0.3871 -0.5616
vn 0.6145 0.6365 -0.4661
vn 0.8228 -0.2114 -0.5276
vn 0.8588 -0.1331 -0.4947
vn 0.8093 0.0031 -0.5874
vn 0.9341 -0.0957 -0.3439
vn 0.5945 0.6494 -0.4742
vn 0.5756 0.6931 -0.4340
vn 0.9310 0.1599 -0.3282
vn 0.9328 0.1782 -0.3132
vn 0.8414 0.4710 -0.2649
vn 0.9054 0.4109 0.1069
vn 0.9605 0.2784 -0.0038
vn 0.9542 0.2871 -0.0843
vn 0.9600 -0.0051 -0.2799
vn 0.6200 0.6696 -0.4090
vn 0.9908 -0.0050 -0.1350
vn 0.6011 0.6896 -0.4039
vn 0.9645 0.0820 -0.2510
vn 0.8889 -0.2533 -0.3816
vn 0.8532 -0.3814 -0.3557
vn 0.8536 -0.3633 -0.3734
vn 0.8756 -0.3673 -0.3138
vn 0.8980 -0.4162 -0.1431
vn 0.8295 -0.4908 -0.2665
vn 0.4382 -0.8989 0.0026
vn 0.2956 -0.9294 0.2211
vn 0.9220 -0.3317 -0.1997
vn 0.8552 -0.4914 -0.1647
vn 0.3979 -0.9061 0.1434
vn 0.9059 -0.4145 0.0864
vn 0.8700 -0.4447 0.2130
vn 0.8697 -0.4093 0.2758
vn 0.4174 -0.7852 0.4574
vn 0.8879 -0.3394 0.3105
vn 0.7960 -0.3517 -0.4926
vn 0.7210 -0.5466 -0.4259
vn 0.8459 -0.0637 0.5295
vn 0.8575 0.0810 0.5081
vn 0.8436 -0.2115 0.4936
vn 0.9073 -0.4126 0.0811
vn 0.5082 -0.8095 0.2942
vn 0.5241 -0.8028 0.2842
vn 0.9313 -0.3024 -0.2028
vn 0.9436 -0.3144 -0.1036
vn 0.9629 -0.1972 -0.1841
vn 0.9778 -0.1730 0.1183
vn 0.5151 -0.7081 0.4830
vn 0.2555 -0.7544 0.6047
vn 0.9086 -0.2577 0.3287
vn 0.9360 -0.1230 0.3297
vn 0.2996 -0.6968 0.6517
vn 0.6563 -0.3419 0.6726
vn 0.6945 -0.0216 0.7192
vn 0.8959 -0.0607 0.4402
vn 0.9058 -0.2742 -0.3230
vn 0.8249 -0.5332 -0.1878
vn 0.8789 0.2318 -0.4168
vn 0.8155 -0.5786 -0.0132
vn 0.9104 -0.4081 0.0684
vn 0.9189 0.2762 -0.2817
vn 0.8464 -0.4507 0.2837
vn 0.9323 0.3587 -0.0473
vn 0.9451 0.3246 0.0379
vn 0.8777 -0.2658 0.3989
vn 0.9159 0.2861 0.2817
vn 0.8738 0.3340 0.3533
vn 0.8705 0.2668 0.4136
vn 0.6973 0.4399 0.5659
vn 0.9002 0.3627 -0.2411
vn 0.5252 0.1737 -0.8331
vn 0.3548 0.1553 -0.9220
vn 0.7666 0.2156 -0.6048
vn 0.8688 0.3446 0.3555
vn 0.6413 0.4309 0.6349
vn 0.3036 -0.1283 0.9441
vn -0.0295 -0.2183 0.9754
vn 0.0511 -0.0662 0.9965
vn -0.5638 0.6229 0.5423
vn -0.5468 0.6919 0.4714
vn -0.2436 0.0115 0.9698
vn -0.3449 0.2589 0.9022
vn -0.1560 0.0393 0.9870
vn -0.4418 0.8141 0.3770
vn -0.3485 0.7958 0.4952
vn -0.0929 0.1993 0.9755
vn 0.1044 0.3222 0.9409
vn -0.1507 0.9284 0.3398
vn -0.1508 0.3237 0.9341
vn -0.1404 0.5081 0.8498
vn -0.2499 0.7269 0.6397
vn -0.7787 -0.1091 -0.6178
vn -0.3850 0.2691 0.8828
vn -0.3775 0.2723 0.8851
vn 0.5250 0.3498 -0.7758
vn 0.2491 0.2753 -0.9285
vn 0.8099 0.5864 -0.0143
vn 0.7122 0.1795 0.6786
vn 0.7438 0.2443 0.6221
vn 0.7077 0.4895 0.5094
vn 0.5369 0.4804 0.6935
vn 0.4743 0.2871 0.8323
vn 0.4903 0.0322 0.8710
vn 0.4749 0.1507 0.8671
vn 0.3306 0.4789 0.8133
vn 0.1289 0.3270 0.9362
vn -0.0199 0.4829 0.8754
vn -0.7709 -0.0462 -0.6353
vn -0.7674 -0.0724 -0.6371
vn -0.9528 0.0885 -0.2903
vn -0.2287 0.4761 0.8491
vn -0.1595 0.2551 0.9537
vn -0.1852 0.0523 0.9813
vn -0.2595 0.1828 0.9483
vn -0.2215 0.2259 0.9486
vn -0.6915 -0.2474 -0.6787
vn -0.6713 -0.3360 -0.6606
vn -0.9806 0.1114 -0.1612
vn -0.6662 -0.3043 -0.6809
vn -0.7034 -0.3656 -0.6096
vn -0.9137 -0.4062 0.0083
vn -0.7323 -0.2499 0.6335
vn -0.7188 0.4471 0.5323
vn -0.7073 0.4620 0.5350
vn -0.6957 0.5260 0.4892
vn -0.6745 0.0001 0.7383
vn -0.6581 -0.3166 0.6831
vn -0.9199 -0.3889 0.0498
vn -0.9155 0.0073 -0.4022
vn -0.3336 0.3526 0.8743
vn -0.2403 0.1990 0.9501
vn -0.2642 0.2111 0.9411
vn 0.0424 -0.0175 0.9989
vn -0.5250 0.3694 0.7668
vn -0.4022 0.4552 0.7944
vn -0.1675 0.9820 0.0869
vn -0.5997 0.0489 0.7987
vn -0.6302 0.4244 0.6502
vn -0.3793 0.0032 0.9253
vn -0.4573 0.5271 0.7163
vn 0.8794 0.2768 0.3872
vn 0.9677 0.2497 0.0337
vn 0.9683 0.2478 0.0317
vn 0.9296 0.3031 -0.2096
vn -0.6248 -0.6309 -0.4600
vn -0.5455 -0.7189 -0.4309
vn -0.9755 -0.1394 -0.1702
vn -0.9733 0.1654 -0.1591
vn -0.0423 0.0531 -0.9977
vn 0.5866 0.1552 -0.7949
vn 0.5829 0.1606 -0.7965
vn 0.0143 -0.0499 0.9987
vn 0.4624 0.0810 0.8830
vn 0.9051 0.2067 0.3716
vn 0.9069 0.1888 0.3766
vn 0.1237 -0.0502 0.9910
vn 0.7011 0.1052 0.7053
vn 0.5817 0.0472 0.8120
vn 0.8943 0.1605 0.4176
vn 0.8912 0.1629 0.4233
vn 0.8647 0.2002 -0.4607
vn 0.9091 0.1507 -0.3883
vn 0.7981 0.1973 -0.5694
vn 0.9669 0.2000 -0.1583
vn 0.8201 0.1104 -0.5614
vn 0.9633 0.2001 -0.1786
vn -0.5132 -0.3800 -0.7695
vn -0.6553 0.1423 0.7419
vn -0.7574 -0.2340 0.6095
vn -0.6844 -0.7174 0.1298
vn -0.9588 -0.1813 0.2186
vn -0.9837 -0.1129 -0.1399
vn -0.8069 -0.5844 -0.0864
vn -0.7624 -0.6439 -0.0648
vn -0.2511 -0.1720 -0.9526
vn -0.0201 -0.3673 -0.9299
vn -0.1836 -0.1818 -0.9660
vn 0.0477 0.1586 -0.9862
vn 0.0938 0.0120 -0.9955
vn 0.2291 -0.0272 -0.9730
vn -0.2920 -0.4709 -0.8324
vn -0.5054 0.1795 -0.8440
vn -0.6951 -0.5492 -0.4639
vn -0.6335 -0.6549 -0.4120
vn -0.4007 -0.5651 -0.7212
vn -0.5694 -0.6955 -0.4382
vn -0.7928 -0.3380 -0.5071
vn -0.6871 -0.3522 -0.6355
vn -0.3905 -0.5677 -0.7248
vn -0.5398 -0.4191 -0.7300
vn -0.5047 -0.5431 -0.6710
vn -0.6647 -0.0300 -0.7466
vn -0.3849 -0.5695 -0.7263
vn -0.4998 0.0615 -0.8639
vn 0.5696 0.1799 -0.8020
vn 0.4586 0.3169 -0.8302
vn 0.7975 0.3280 -0.5064
vn 0.7650 0.5559 -0.3252
vn 0.7800 0.6193 0.0899
vn 0.7928 0.5655 -0.2274
vn 0.5110 0.3533 -0.7836
vn 0.7202 0.4347 -0.5406
vn 0.7469 0.4995 -0.4389
vn 0.6666 0.4360 -0.6046
vn 0.8091 0.5045 -0.3015
vn 0.7425 0.5537 -0.3770
vn 0.8398 0.5420 0.0301
vn 0.7451 0.5384 -0.3937
vn 0.6971 0.3328 -0.6350
vn 0.5545 0.1851 -0.8113
vn 0.2689 -0.2087 -0.9403
vn -0.1245 -0.4487 -0.8850
vn -0.0017 -0.3398 -0.9405
vn -0.2924 -0.2308 -0.9280
vn -0.4598 0.3265 -0.8258
vn 0.3159 -0.2036 -0.9267
vn 0.5250 -0.0450 -0.8499
vn 0.5215 0.3702 -0.7687
vn 0.0473 0.9945 -0.0930
vn 0.7316 0.5723 0.3705
vn 0.7927 0.5831 0.1777
vn 0.6088 0.5702 0.5516
vn 0.6220 0.5695 0.5374
vn -0.2987 0.9489 0.1018
vn -0.3381 0.9411 0.0067
vn -0.5640 0.8126 0.1469
vn -0.2557 0.9629 0.0862
vn -0.5698 0.8210 0.0359
vn -0.7796 -0.2812 -0.5595
vn -0.8018 -0.1456 -0.5795
vn -0.9097 0.4100 -0.0664
vn -0.7790 -0.1005 -0.6189
vn -0.9213 0.3357 -0.1962
vn -0.7305 0.6362 0.2482
vn -0.7065 0.6384 0.3055
vn -0.9341 0.2643 -0.2399
vn -0.7934 -0.0474 -0.6068
vn -0.7472 -0.0241 -0.6642
vn 0.0310 0.8657 0.4995
vn -0.2951 0.8225 0.4862
vn -0.2319 0.8691 0.4370
vn 0.4825 0.5021 0.7177
vn 0.5364 -0.8424 0.0514
vn -0.3406 -0.8051 -0.4857
vn 0.8389 0.0802 0.5383
vn 0.8447 -0.0444 0.5333
vn -0.5155 -0.7774 -0.3604
vn -0.3364 -0.8899 -0.3080
vn -0.4928 -0.7431 -0.4527
vn -0.5532 -0.7001 -0.4516
vn -0.7381 0.4262 -0.5231
vn -0.8925 0.3066 -0.3308
vn -0.9213 0.2055 -0.3302
vn -0.6166 -0.6229 -0.4815
vn -0.8532 0.1563 -0.4976
vn -0.4960 -0.7532 -0.4321
vn -0.5562 -0.6974 -0.4520
vn -0.5088 -0.7558 -0.4123
vn -0.8020 0.1953 -0.5645
vn -0.6979 -0.7124 -0.0733
vn -0.8015 0.1812 -0.5698
vn -0.3541 -0.9180 -0.1786
vn -0.6492 -0.5167 -0.5582
vn -0.1892 -0.9529 -0.2371
vn 0.2902 -0.9473 0.1358
vn 0.4637 -0.8451 0.2659
vn -0.0421 0.0493 -0.9979
vn 0.5816 0.1889 -0.7912
vn 0.7634 0.1842 -0.6191
vn 0.9519 0.1924 -0.2384
vn 0.7130 0.1976 -0.6727
vn 0.9541 0.2044 -0.2191
vn 0.9348 0.2192 -0.2795
vn -0.3205 -0.1473 0.9357
vn 0.0047 -0.0914 0.9958
vn 0.5914 0.1809 -0.7858
vn -0.5295 0.8472 0.0436
vn -0.7709 0.6265 0.1148
vn -0.9151 0.3295 -0.2325
vn -0.8592 0.3935 -0.3269
vn -0.8923 0.3841 -0.2372
vn -0.9053 0.2210 -0.3628
vn -0.7202 0.6908 -0.0642
vn -0.7284 0.6734 -0.1264
vn -0.4904 0.8492 0.1960
vn -0.1181 0.9520 0.2823
vn 0.6211 0.1460 -0.7700
vn 0.5757 0.1879 -0.7958
vn 0.8190 0.1582 0.5516
vn 0.8106 0.2815 0.5134
vn 0.7618 0.2389 0.6022
vn 0.7748 0.1797 0.6061
vn 0.8487 0.2302 0.4762
vn 0.5192 0.8179 -0.2481
vn 0.5218 0.8160 -0.2488
vn 0.8797 0.2860 0.3800
vn 0.5092 0.8155 -0.2751
vn 0.9151 0.2378 0.3256
vn 0.9658 0.1573 0.2063
vn 0.5587 0.7765 -0.2915
vn 0.5823 0.7386 -0.3395
vn 0.9856 0.1633 0.0443
vn 0.9884 0.1472 0.0387
vn 0.9621 -0.2463 -0.1172
vn 0.6142 0.7127 -0.3388
vn 0.9877 -0.0950 0.1243
vn 0.9981 -0.0461 0.0399
vn 0.9323 -0.2657 0.2453
vn 0.9683 -0.2103 0.1350
vn 0.9130 -0.3920 0.1134
vn -0.3027 -0.1805 0.9358
vn 0.0865 -0.0985 0.9914
vn 0.1308 -0.0833 0.9879
vn -0.3250 -0.1658 0.9311
vn 0.6980 0.0812 0.7115
vn 0.1099 -0.0953 0.9894
vn 0.8972 0.1770 0.4046
vn 0.9494 0.1641 0.2677
vn -0.9455 0.0490 -0.3219
vn -0.8569 -0.2238 -0.4644
vn -0.8316 -0.1545 -0.5334
vn -0.2792 0.9217 0.2693
vn 0.0691 0.8943 0.4421
vn 0.2541 0.7757 0.5777
vn 0.8580 -0.0252 0.5130
vn 0.1311 0.7123 0.6895
vn 0.9065 -0.0541 0.4188
vn 0.0722 0.8656 0.4955
vn 0.5517 0.5284 0.6453
vn 0.8949 -0.1385 0.4243
vn -0.2804 0.9178 0.2812
vn 0.0360 0.8950 0.4447
vn 0.2523 0.7821 0.5699
vn -0.1105 0.8589 0.5000
vn 0.7141 0.2936 0.6355
vn 0.7012 0.2536 0.6663
vn 0.6821 0.4066 0.6078
vn 0.6725 0.4189 0.6101
vn 0.6255 -0.5717 0.5310
vn -0.0171 0.9440 0.3294
vn 0.6894 0.3399 0.6397
vn 0.7295 0.3491 0.5882
vn 0.6666 0.4947 0.5576
vn 0.6331 -0.3033 0.7122
vn 0.1850 0.9514 0.2464
vn 0.3112 0.8270 0.4681
vn 0.7362 0.2114 0.6429
vn 0.7634 0.1187 0.6349
vn 0.4832 0.8423 0.2389
vn -0.2298 -0.8337 -0.5022
vn -0.7693 -0.3440 -0.5384
vn -0.8741 0.4608 -0.1535
vn -0.8936 0.3646 -0.2619
vn -0.8222 -0.2927 -0.4882
vn -0.8328 0.3859 -0.3968
vn -0.6737 -0.5410 -0.5033
vn -0.7215 0.6605 -0.2078
vn -0.7840 -0.2851 -0.5514
vn -0.0483 -0.8573 -0.5125
vn -0.8314 -0.1673 -0.5298
vn -0.0744 -0.8161 -0.5731
vn -0.8241 -0.2424 -0.5120
vn -0.7606 -0.4633 -0.4549
vn -0.6782 -0.5502 -0.4872
vn -0.7305 -0.4613 -0.5037
vn -0.8084 -0.1973 -0.5547
vn -0.6910 0.4559 -0.5610
vn -0.2530 -0.8473 -0.4670
vn -0.7303 -0.4615 -0.5037
vn -0.3519 -0.8947 -0.2751
vn -0.9184 0.2925 0.2664
vn -0.9913 -0.0714 0.1105
vn -0.8331 -0.4413 0.3334
vn -0.9122 0.2630 0.3141
vn -0.8041 0.3429 0.4857
vn -0.4788 -0.2294 0.8474
vn -0.3096 -0.3225 0.8945
vn -0.7695 0.1419 -0.6227
vn 0.1613 -0.9164 -0.3663
vn 0.4968 -0.8605 0.1130
vn -0.7763 -0.1079 -0.6210
vn -0.4756 0.8573 -0.1972
vn 0.0951 0.8748 0.4751
vn -0.4336 0.8981 0.0739
vn -0.5705 -0.0149 0.8212
vn -0.3233 0.1171 0.9390
vn -0.5485 0.1908 0.8141
vn -0.6370 -0.1014 0.7641
vn -0.7460 0.2718 0.6080
vn -0.8085 -0.4479 0.3817
vn -0.3925 -0.7885 0.4735
vn -0.3425 -0.8261 0.4476
vn -0.3416 -0.7508 0.5653
vn -0.7362 -0.3685 0.5676
vn -0.7425 -0.3675 0.5600
vn -0.7469 0.0743 -0.6607
vn -0.6480 -0.0096 -0.7615
vn -0.7114 -0.0050 -0.7028
vn -0.6912 -0.3297 0.6431
vn -0.4126 -0.5982 -0.6870
vn -0.7675 -0.5894 0.2521
vn -0.5946 0.0805 0.8000
vn -0.7053 -0.4493 0.5483
vn 0.2737 0.0318 0.9613
vn -0.5523 -0.8255 -0.1164
vn -0.7163 -0.3295 0.6151
vn -0.4008 -0.5801 0.7091
vn -0.7492 -0.6454 0.1491
vn -0.5314 -0.8131 0.2379
vn -0.4788 -0.8450 0.2383
vn -0.7824 -0.6159 0.0918
vn -0.4065 -0.9111 -0.0681
vn -0.7007 -0.6594 -0.2724
vn -0.7014 -0.6226 -0.3470
vn -0.5268 -0.5910 -0.6109
vn -0.4433 -0.8894 -0.1120
vn -0.7030 -0.6933 -0.1587
vn -0.3541 -0.6394 -0.6825
vn -0.6701 0.0627 -0.7396
vn -0.2883 -0.1745 -0.9415
vn -0.5379 0.8386 -0.0864
vn -0.0983 0.3643 -0.9261
vn -0.8886 0.0764 -0.4523
vn 0.3354 -0.0678 -0.9397
vn 0.0669 0.3386 -0.9386
vn 0.3498 -0.3041 -0.8861
vn -0.8384 -0.0698 -0.5405
vn 0.2967 0.8574 0.4205
vn -0.2276 0.9734 -0.0261
vn -0.2276 0.9515 0.2069
vn -0.2472 -0.8993 -0.3608
vn 0.1429 -0.4978 -0.8554
vn -0.1369 -0.6147 0.7768
vn -0.2936 0.0189 -0.9557
vn -0.0257 -0.0065 -0.9996
vn 0.3462 -0.9312 -0.1139
vn -0.1174 -0.4201 -0.8999
vn -0.1138 -0.4494 -0.8860
vn 0.1994 -0.4116 -0.8893
vn 0.2081 -0.3210 -0.9239
vn 0.1222 0.1968 -0.9728
vn 0.2412 0.1332 -0.9613
vn 0.3578 -0.0427 -0.9328
vn 0.0533 -0.0558 -0.9970
vn -0.0307 -0.0626 -0.9976
vn -0.3686 -0.0367 -0.9289
vn -0.3691 0.2191 -0.9032
vn -0.1082 -0.2136 -0.9709
vn -0.3649 -0.0416 -0.9301
vn -0.1717 -0.3275 -0.9291
vn -0.1603 -0.3747 -0.9132
vn -0.2572 -0.4786 -0.8395
vn -0.5281 -0.0236 -0.8488
vn -0.0828 -0.4485 -0.8899
vn -0.9830 0.1371 -0.1221
vn -0.8509 0.5174 0.0909
vn 0.3871 -0.1770 -0.9049
vn 0.3230 -0.1064 -0.9404
vn 0.0314 0.4931 -0.8694
vn 0.1640 0.7411 -0.6510
vn 0.2290 0.5311 -0.8158
vn -0.7631 0.2116 -0.6107
vn -0.6716 0.7305 -0.1234
vn -0.8782 0.3742 -0.2979
vn 0.6678 -0.0673 -0.7413
vn -0.8761 0.2067 -0.4356
vn -0.9119 0.0712 -0.4043
vn 0.5309 0.0714 -0.8444
vn -0.2353 0.5156 -0.8239
vn -0.9414 0.1839 -0.2829
vn 0.2733 0.4200 -0.8654
vn -0.9677 0.1050 -0.2293
vn -0.9489 -0.1743 -0.2630
vn -0.9839 -0.0728 -0.1634
vn -0.3335 0.0718 -0.9400
vn -0.2097 0.4215 -0.8822
vn -0.1999 0.4508 -0.8700
vn -0.2472 0.5400 -0.8046
vn -0.2184 0.5870 -0.7796
vn -0.9926 -0.0221 -0.1193
vn -0.9718 -0.0994 -0.2137
vn -0.2709 0.6784 -0.6829
vn -0.2314 0.5221 -0.8209
vn 0.5389 0.6760 -0.5026
vn -0.0400 0.7346 -0.6773
vn -0.0419 0.8608 -0.5072
vn -0.2895 0.6157 -0.7328
vn 0.7820 0.6169 -0.0885
vn 0.0864 0.9948 -0.0531
vn -0.9033 -0.2204 -0.3680
vn -0.7275 0.5563 0.4015
vn -0.9324 0.2600 -0.2511
vn 0.4100 0.3456 0.8441
vn 0.4119 0.2916 0.8633
vn -0.6652 -0.3427 0.6634
vn -0.9122 -0.4028 0.0752
vn -0.1601 0.9714 0.1753
vn -0.4529 0.2151 0.8652
vn -0.4947 0.7537 -0.4326
vn -0.2208 0.9530 0.2075
vn 0.0208 -0.1952 0.9805
vn -0.3219 0.7113 0.6248
vn -0.4138 0.4163 0.8096
vn -0.4118 0.7964 -0.4429
vn -0.4569 0.4156 -0.7864
vn -0.9179 0.3266 0.2255
vn -0.3457 0.0980 0.9332
vn 0.0821 -0.1425 0.9864
vn 0.0497 -0.8722 0.4866
vn -0.2258 -0.5688 0.7908
vn -0.1399 -0.7786 0.6118
vn -0.4550 -0.3976 0.7968
vn 0.3897 -0.6109 0.6891
vn 0.2192 0.0663 0.9734
vn -0.2520 0.3595 0.8985
vn 0.4081 -0.2918 0.8651
vn 0.0794 -0.0468 0.9957
vn -0.0388 -0.2287 0.9727
vn -0.0797 -0.2291 0.9701
vn -0.2970 0.3598 0.8845
vn -0.3144 0.3797 0.8700
vn 0.0126 -0.1192 0.9928
vn -0.1044 -0.2293 0.9677
vn -0.1498 -0.3957 0.9061
vn 0.0763 0.2085 0.9750
vn 0.5163 -0.2832 0.8082
vn -0.2271 0.1295 0.9652
vn -0.4271 -0.1803 0.8861
vn -0.4661 -0.1872 0.8647
vn -0.4001 -0.7312 0.5525
vn -0.7133 -0.3965 0.5779
vn -0.7647 -0.5285 0.3688
vn -0.7358 -0.5978 0.3180
vn -0.8261 -0.5182 0.2212
vn -0.7143 -0.3964 0.5768
vn -0.8588 -0.4581 0.2294
vn -0.7103 -0.3719 0.5977
vn -0.4324 -0.1788 0.8838
vn -0.1039 0.0942 0.9901
vn -0.8879 -0.4595 -0.0216
vn -0.0130 -0.0311 0.9994
vn 0.1952 0.0846 0.9771
vn -0.8284 -0.5278 0.1876
vn -0.0267 -0.0814 0.9963
vn -0.7897 -0.2700 0.5509
vn -0.8081 -0.5868 0.0518
vn -0.6946 -0.6640 -0.2766
vn -0.5691 -0.6713 -0.4748
vn -0.1526 -0.8310 -0.5349
vn 0.1189 -0.3941 -0.9114
vn -0.0673 -0.4549 -0.8880
vn -0.0562 -0.9413 -0.3329
vn -0.4780 -0.5982 -0.6432
vn -0.3529 -0.6002 -0.7178
vn -0.1646 -0.4619 -0.8715
vn 0.2920 -0.8260 -0.4822
vn -0.9003 -0.2718 -0.3400
vn -0.9063 -0.4076 -0.1114
vn -0.9894 0.1088 -0.0961
vn -0.3734 0.8215 -0.4310
vn 0.2788 0.0973 -0.9554
vn -0.3034 0.9031 -0.3040
vn 0.0092 0.8581 -0.5133
vn 0.3487 0.0347 -0.9366
vn -0.1726 0.6213 -0.7643
vn 0.8661 -0.2121 -0.4526
vn -0.2579 0.1395 -0.9561
vn 0.8359 -0.2555 -0.4858
vn -0.4611 -0.5869 -0.6656
vn 0.0831 -0.1226 -0.9890
vn -0.3526 -0.9340 -0.0575
vn -0.0816 -0.6642 -0.7431
vn 0.0736 -0.9012 -0.4271
vn 0.1212 -0.7762 -0.6187
vn 0.5611 -0.7680 -0.3089
vn 0.6394 0.0682 -0.7659
vn 0.4653 -0.2913 -0.8358
vn 0.3209 0.0068 -0.9471
vn 0.6373 -0.7614 -0.1189
vn 0.3285 -0.5444 -0.7718
vn 0.3549 -0.6336 -0.6875
vn 0.1073 -0.4478 -0.8877
vn -0.4456 -0.5090 -0.7364
vn -0.6071 -0.6198 -0.4973
vn -0.8055 -0.5488 -0.2235
vn -0.9825 -0.0052 -0.1863
vn -0.8821 -0.3858 -0.2705
vn -0.6419 -0.6038 -0.4727
vn -0.8334 -0.0350 -0.5515
vn -0.8014 -0.1222 -0.5855
vn -0.3080 -0.5079 -0.8045
vn -0.0332 -0.4485 -0.8931
vn 0.0553 -0.3188 -0.9462
vn 0.3736 -0.2191 -0.9014
vn 0.3706 0.0999 -0.9234
vn 0.8429 -0.2379 -0.4826
vn 0.6844 -0.7204 -0.1125
vn 0.5028 -0.1819 -0.8451
vn -0.5637 -0.5224 -0.6397
vn -0.3787 -0.4503 -0.8086
vn 0.4002 -0.2123 -0.8915
vn 0.3108 0.6004 -0.7368
vn -0.2473 -0.4151 -0.8755
vn -0.0615 -0.4217 -0.9047
vn -0.8791 -0.3956 -0.2658
vn -0.9182 -0.3399 -0.2032
vn -0.2469 -0.3050 -0.9198
vn -0.2347 -0.2824 -0.9301
vn -0.9022 -0.3464 -0.2569
vn -0.8806 -0.3176 -0.3518
vn -0.8113 -0.4268 -0.3995
vn -0.2300 -0.4233 -0.8763
vn -0.2157 0.4280 -0.8777
vn 0.3233 0.3441 -0.8815
vn 0.5053 0.5094 -0.6966
vn 0.5772 0.4641 -0.6719
vn 0.9344 0.3556 0.0197
vn 0.6864 0.4969 -0.5310
vn 0.8007 0.4498 -0.3956
vn 0.9194 0.2204 -0.3259
vn 0.9392 0.2266 -0.2581
vn 0.8827 0.3715 -0.2876
vn 0.9607 -0.0783 0.2662
vn 0.9900 -0.0881 0.1101
vn 0.9951 -0.0401 0.0909
vn 0.9300 -0.0298 0.3662
vn 0.9124 0.1870 -0.3640
vn 0.9105 0.1880 -0.3683
vn 0.9324 0.3015 -0.1991
vn 0.9390 0.2972 -0.1733
vn 0.9629 -0.1287 0.2373
vn 0.9586 -0.1470 0.2439
vn 0.8609 0.4315 -0.2696
vn 0.9524 0.2213 -0.2098
vn 0.9477 0.2896 -0.1345
vn 0.9577 0.2877 -0.0075
vn 0.9574 0.2886 -0.0097
vn 0.9311 0.3633 0.0327
vn 0.9355 0.3513 0.0376
vn 0.8245 0.5407 0.1670
vn 0.8928 -0.2071 0.4000
vn 0.9054 -0.2279 0.3581
vn 0.8975 0.4377 0.0539
vn 0.8804 0.4652 0.0918
vn -0.3613 0.8340 -0.4171
vn -0.4649 0.6577 -0.5927
vn -0.4416 0.6162 -0.6522
vn -0.9819 -0.1008 -0.1602
vn -0.8922 -0.1838 -0.4126
vn -0.9269 0.2718 -0.2590
vn -0.8879 0.4548 -0.0691
vn 0.6984 0.7154 0.0208
vn 0.7687 0.4243 0.4785
vn 0.7025 0.5089 0.4975
vn 0.8990 -0.2416 0.3653
vn 0.1872 0.9311 0.3131
vn -0.4943 0.8638 0.0974
vn -0.4908 0.8650 0.1047
vn -0.7321 0.6219 0.2781
vn -0.8839 0.4673 -0.0197
vn -0.2250 0.7246 0.6514
vn -0.0952 0.7266 0.6804
vn 0.4871 0.4423 0.7531
vn -0.1297 0.6623 0.7379
vn -0.7153 0.5738 0.3988
vn 0.4241 0.3819 0.8212
vn 0.4887 0.3924 0.7793
vn 0.8905 -0.1218 0.4384
vn 0.9098 -0.2565 0.3263
vn 0.8651 -0.1102 0.4893
vn 0.8856 -0.0842 0.4568
vn 0.5571 0.4662 0.6872
vn 0.8957 -0.0597 0.4405
vn 0.4182 0.2962 0.8587
vn 0.3930 0.2038 0.8967
vn 0.2854 0.0996 0.9532
vn 0.4282 0.1430 0.8923
vn 0.9104 0.2810 0.3036
vn 0.8500 0.2111 0.4826
vn 0.3106 0.2904 0.9051
vn 0.2567 0.2158 0.9421
vn -0.6087 -0.4096 0.6795
vn -0.2918 -0.2382 0.9263
vn 0.4255 -0.4864 0.7631
vn -0.6963 -0.3570 0.6227
vn 0.2405 0.1896 0.9520
vn -0.6748 -0.2621 0.6899
vn -0.8861 -0.4629 -0.0254
vn -0.8639 -0.4961 0.0871
vn -0.0391 0.0517 -0.9979
vn 0.5769 0.1546 -0.8020
vn 0.8092 0.0464 0.5857
vn 0.8080 0.0876 0.5827
vn 0.2390 0.8303 0.5035
vn -0.6820 -0.4788 -0.5528
vn -0.8072 -0.5843 -0.0843
vn -0.7045 -0.5170 -0.4862
vn -0.2887 0.6265 -0.7239
vn -0.7623 -0.2651 -0.5905
vn 0.0239 -0.8582 -0.5128
vn -0.8287 0.0035 -0.5597
vn -0.8312 -0.1744 -0.5279
vn -0.0236 -0.9381 -0.3456
vn -0.6838 -0.5806 -0.4419
vn -0.6471 -0.7469 0.1528
vn 0.0898 -0.5057 -0.8580
vn -0.6964 -0.5496 -0.4615
vn -0.5885 -0.1860 -0.7868
vn -0.5770 -0.1063 -0.8098
vn 0.4636 -0.7599 -0.4557
vn 0.3138 0.0623 -0.9474
vn -0.3254 0.2165 -0.9205
vn -0.7705 -0.3419 -0.5379
vn -0.7801 -0.3339 -0.5292
vn -0.8231 -0.5548 -0.1214
vn -0.7432 -0.5874 0.3202
vn -0.9472 -0.2182 -0.2352
vn -0.6947 -0.5306 -0.4856
vn -0.6840 -0.4797 -0.5496
vn -0.6803 -0.4969 -0.5388
vn -0.5758 -0.2023 -0.7922
vn -0.6267 -0.6153 -0.4782
vn -0.6154 -0.6013 -0.5096
vn -0.8049 -0.4134 0.4257
vn -0.7631 -0.4153 0.4951
vn -0.5914 -0.4990 -0.6334
vn -0.5886 -0.4578 -0.6663
vn -0.5741 -0.5398 -0.6157
vn -0.8813 -0.2117 0.4224
vn -0.5813 -0.6007 -0.5489
vn -0.6741 -0.2905 -0.6791
vn -0.7533 -0.4317 0.4961
vn -0.8089 -0.4049 0.4263
vn -0.7890 0.6016 0.1245
vn -0.4691 0.8205 0.3267
vn -0.1815 0.8970 0.4031
vn -0.4782 0.8195 0.3159
vn -0.9354 0.2992 -0.1885
vn -0.8257 0.0685 -0.5599
vn -0.8174 0.1212 -0.5632
vn -0.8258 0.2508 -0.5051
vn -0.8069 0.4909 0.3285
vn -0.7749 0.5339 0.3384
vn -0.4825 0.7035 0.5218
vn -0.9334 0.3197 -0.1631
vn -0.6276 0.7194 -0.2976
vn -0.3310 0.8076 0.4880
vn -0.1742 0.8541 0.4901
vn -0.0648 0.9243 0.3762
vn 0.2929 0.7628 0.5764
vn 0.2900 0.7706 0.5675
vn 0.0029 0.8222 0.5693
vn -0.0910 0.9144 0.3945
vn 0.6272 0.5317 0.5691
vn -0.1342 0.9054 0.4028
vn 0.7357 0.2393 0.6336
vn 0.8422 -0.4495 0.2977
vn 0.8452 0.2110 0.4910
vn 0.6432 0.3880 0.6601
vn 0.6447 0.6948 0.3188
vn 0.7003 0.3902 0.5978
vn 0.6522 0.4838 0.5837
vn 0.9082 -0.1478 0.3917
vn 0.9182 -0.0823 0.3875
vn 0.5628 0.5451 0.6214
vn -0.0718 0.9734 0.2175
vn 0.9615 -0.1331 0.2404
vn 0.9546 -0.1565 0.2536
vn 0.5800 0.5824 0.5695
vn 0.5413 0.5325 0.6508
vn 0.6165 0.5648 0.5485
vn 0.2181 0.9538 0.2066
vn 0.2244 0.9491 -0.2210
vn 0.6976 0.3251 0.6385
vn 0.2880 0.1668 0.9430
vn 0.6543 0.4014 0.6409
vn 0.6380 0.6902 0.3414
vn 0.6102 -0.3132 0.7278
vn 0.4163 0.1515 0.8965
vn 0.6867 0.2849 0.6688
vn 0.7196 0.6346 0.2818
vn 0.7536 0.2736 0.5976
vn 0.4458 0.1831 0.8762
vn 0.5595 0.4236 0.7124
vn 0.8626 -0.3962 0.3146
vn 0.5731 0.7799 0.2517
vn 0.6119 0.7908 -0.0149
vn 0.6993 0.3142 0.6421
vn 0.6762 0.3091 0.6688
vn 0.1227 0.9705 0.2076
vn 0.6827 0.2914 0.6701
vn 0.7515 0.0967 0.6526
vn 0.2025 0.8337 0.5138
vn 0.7007 0.3521 0.6205
vn -0.1568 0.2393 0.9582
vn -0.4485 0.2852 0.8471
vn -0.1872 0.0176 0.9822
vn -0.1526 0.0229 0.9880
vn 0.6542 0.4464 0.6105
vn 0.6522 0.4384 0.6184
vn 0.7376 -0.3239 0.5925
vn 0.6006 -0.6949 0.3955
vn 0.4294 -0.8747 0.2247
vn 0.2022 -0.9776 0.0589
vn -0.2064 -0.9560 -0.2085
vn -0.1435 -0.9721 -0.1855
vn 0.8040 0.1985 -0.5605
vn 0.9817 0.1852 -0.0445
vn 0.8644 0.2331 -0.4456
vn 0.8958 0.0376 0.4429
vn 0.9329 -0.1498 0.3276
vn 0.9333 -0.1322 0.3340
vn 0.9553 -0.0660 0.2883
vn 0.9457 0.0818 0.3147
vn 0.8998 0.0530 0.4331
vn 0.5133 0.8060 -0.2946
vn 0.5550 0.7769 -0.2974
vn 0.7882 0.2165 -0.5761
vn 0.6949 0.0653 0.7161
vn 0.6059 0.0473 0.7941
vn 0.8994 0.1304 0.4172
vn 0.9133 0.1522 0.3778
vn -0.5964 0.7806 0.1869
vn -0.6117 -0.7085 -0.3520
vn -0.5546 0.0371 -0.8313
vn -0.6598 -0.5780 -0.4801
vn -0.9501 -0.2605 0.1718
vn -0.3354 -0.4807 -0.8102
vn -0.4728 -0.7536 -0.4567
vn -0.4684 -0.7684 -0.4361
vn -0.2738 -0.5686 -0.7757
vn 0.1587 -0.0706 -0.9848
vn 0.0087 -0.0951 -0.9954
vn 0.2487 0.3080 -0.9183
vn 0.3152 0.0486 -0.9478
vn 0.1699 -0.0300 -0.9850
vn 0.3490 0.1227 -0.9291
vn 0.3573 0.2270 -0.9060
vn 0.4169 0.1459 -0.8972
vn -0.5846 -0.3939 -0.7093
vn 0.3376 0.2158 -0.9162
vn -0.4328 -0.1021 -0.8957
vn -0.2550 0.1661 -0.9526
vn -0.1669 0.2027 -0.9649
vn -0.7248 0.3414 -0.5984
vn -0.5615 0.7456 -0.3588
vn -0.5059 0.5542 -0.6610
vn -0.3383 0.8822 -0.3276
vn 0.3752 0.8690 0.3225
vn 0.7611 0.0644 0.6454
vn -0.1588 -0.4549 0.8762
vn 0.8049 0.5919 -0.0418
vn 0.6103 0.5208 0.5969
vn 0.8587 0.3688 -0.3559
vn 0.9769 0.2014 -0.0715
vn -0.6673 -0.2247 -0.7101
vn -0.2049 0.4275 -0.8805
vn -0.0552 0.5857 -0.8086
vn 0.0234 0.4932 -0.8696
vn 0.4436 0.3473 -0.8262
vn 0.1610 0.9385 0.3053
vn 0.3430 0.8806 0.3269
vn 0.2027 0.9792 -0.0067
vn -0.0999 0.9077 -0.4075
vn 0.0977 0.6957 -0.7116
vn -0.8572 -0.0868 -0.5077
vn -0.1719 -0.9207 -0.3504
vn -0.8379 0.2165 -0.5010
vn 0.8330 0.3646 0.4161
vn 0.6672 -0.6973 0.2620
vn 0.0573 0.9856 0.1591
vn -0.8943 -0.0277 -0.4465
vn -0.1772 -0.9181 -0.3545
vn 0.0417 0.9137 0.4042
vn -0.3734 0.9179 -0.1341
vn -0.4573 0.8893 -0.0088
vn 0.8319 0.1158 0.5427
vn 0.8392 -0.0428 0.5422
vn 0.4051 0.8094 0.4252
vn 0.6877 -0.6722 0.2742
vn -0.1335 -0.9554 -0.2635
vn 0.4275 0.7832 0.4515
vn -0.3731 0.9277 0.0132
vn -0.8297 0.0192 -0.5579
vn -0.8837 0.2174 -0.4146
vn -0.6604 -0.4805 -0.5771
vn -0.3182 0.9413 -0.1125
vn 0.3548 0.7968 0.4890
vn 0.8490 0.1528 0.5059
vn 0.7769 0.1757 0.6047
vn -0.7175 -0.4787 -0.5060
vn -0.6900 0.7101 -0.1400
vn 0.1503 0.9426 0.2983
vn 0.1650 0.9408 0.2959
vn 0.1786 0.9015 0.3942
vn -0.6899 0.7039 -0.1694
vn -0.8050 -0.0073 -0.5932
vn -0.3465 -0.7955 -0.4971
vn 0.3316 -0.9426 -0.0396
vn 0.4289 -0.8968 -0.1086
vn 0.8074 0.1180 0.5781
vn 0.6528 -0.7358 0.1800
vn 0.8671 -0.1533 0.4739
vn 0.2411 0.8862 0.3957
vn -0.5825 0.8032 -0.1248
vn -0.9004 0.0941 -0.4248
vn -0.6306 0.7161 -0.2991
vn -0.0712 -0.9550 -0.2881
vn -0.6797 -0.4748 -0.5590
vn 0.8835 -0.0033 0.4685
vn 0.2367 0.8842 0.4027
vn -0.8123 0.5393 -0.2221
vn -0.6508 -0.5274 -0.5462
vn -0.8479 0.1418 -0.5108
vn 0.2873 0.8371 0.4655
vn -0.4854 0.8718 -0.0663
vn -0.8461 0.1519 -0.5109
vn -0.4967 0.8673 -0.0336
vn 0.3183 0.8306 0.4569
vn 0.3064 0.8421 0.4439
vn 0.8382 -0.0498 0.5430
vn 0.7733 0.3335 0.5393
vn -0.3666 0.9302 0.0180
vn 0.7209 0.5489 0.4231
vn -0.6561 -0.5146 -0.5520
vn -0.8660 0.2146 -0.4516
vn 0.5941 0.5163 0.6168
vn 0.6764 -0.7126 0.1861
vn 0.0084 -0.9624 -0.2714
vn 0.7124 -0.6507 0.2630
vn -0.8634 0.2262 -0.4509
vn 0.7774 0.2822 0.5622
vn 0.8305 -0.4415 0.3397
vn 0.0228 -0.9659 -0.2581
vn -0.6746 -0.4948 -0.5478
vn -0.3652 0.9308 0.0115
vn -0.4075 0.9132 -0.0026
vn 0.4112 0.7878 0.4586
vn 0.6287 0.6325 0.4525
vn -0.3858 0.9176 0.0956
vn 0.8006 -0.4536 0.3917
vn -0.8265 -0.2168 -0.5195
vn -0.7825 -0.0021 -0.6227
vn -0.6488 0.7279 -0.2218
vn 0.5388 0.6329 0.5560
vn -0.8330 -0.2044 -0.5141
vn 0.0496 0.9776 0.2044
vn -0.0351 -0.9715 -0.2346
vn -0.5909 0.7793 -0.2088
vn -0.2182 -0.8995 -0.3786
vn 0.5098 -0.8598 0.0305
vn 0.8574 0.1342 0.4969
vn 0.1627 0.8917 0.4225
vn -0.5558 0.8308 -0.0280
vn -0.5110 0.8590 -0.0322
vn 0.2689 0.8642 0.4251
vn 0.8399 0.0757 0.5374
vn 0.5074 -0.8550 0.1068
vn -0.1875 -0.9062 -0.3791
vn -0.8222 -0.0423 -0.5676
vn -0.6928 0.6577 -0.2957
vn 0.0974 0.9602 0.2619
vn -0.8984 0.0277 -0.4383
vn -0.8127 -0.2302 -0.5353
vn -0.1325 -0.9333 -0.3337
vn -0.7433 0.6260 -0.2359
vn 0.7946 -0.5221 0.3097
vn 0.0883 0.9601 0.2652
vn 0.1189 0.9548 0.2725
vn -0.7021 0.6776 -0.2189
vn 0.8312 0.0958 0.5476
vn 0.7760 0.3514 0.5238
vn -0.4975 0.2951 -0.8157
vn 0.8767 -0.1924 0.4409
vn -0.8845 0.4581 -0.0886
vn -0.9142 0.2360 -0.3295
vn 0.4855 0.3088 -0.8179
vn 0.5565 0.3275 -0.7636
vn 0.5151 0.3655 -0.7753
vn 0.6117 0.1224 -0.7816
vn -0.0339 -0.4041 -0.9141
vn 0.1692 -0.0763 -0.9826
vn 0.2501 0.0012 -0.9682
vn -0.3085 -0.8895 -0.3371
vn -0.2062 -0.9594 -0.1926
vn 0.1906 -0.9709 0.1447
vn 0.1765 -0.9777 0.1135
vn 0.1901 -0.9446 -0.2677
vn 0.0182 -0.9944 0.1043
vn 0.3797 -0.8629 0.3335
vn 0.0447 -0.7391 -0.6722
vn -0.0514 -0.7428 -0.6675
vn 0.3268 -0.2398 -0.9142
vn 0.5130 -0.7526 -0.4129
vn 0.9250 -0.0975 -0.3673
vn 0.7523 -0.6466 0.1267
vn 0.9285 -0.3698 0.0326
vn 0.7831 -0.1831 -0.5943
vn 0.2090 -0.8901 0.4051
vn 0.2086 -0.8721 0.4426
vn 0.3753 -0.7810 0.4993
vn 0.8219 0.2436 -0.5149
vn 0.4793 0.1399 -0.8664
vn -0.3683 -0.5427 -0.7549
vn -0.5926 -0.0292 -0.8050
vn -0.7209 0.0842 -0.6879
vn -0.7662 0.4464 -0.4623
vn -0.8556 -0.1605 -0.4922
vn 0.4089 0.3472 -0.8440
vn 0.3580 0.6298 -0.6894
vn 0.6103 0.6609 0.4368
vn 0.6070 0.6951 0.3852
vn 0.7925 0.5906 -0.1522
vn 0.7017 0.6235 -0.3448
vn 0.6237 0.5041 -0.5974
vn 0.5777 0.3563 -0.7344
vn 0.5746 0.3616 -0.7343
vn 0.3790 0.8003 -0.4647
vn 0.4884 0.3647 -0.7927
vn 0.5788 0.4735 -0.6639
vn 0.5333 0.3495 -0.7704
vn 0.8285 0.1178 0.5474
vn -0.8042 -0.4884 0.3387
vn -0.9410 -0.3139 0.1267
vn -0.9761 -0.0897 0.1979
vn -0.8938 -0.4175 0.1637
vn -0.8120 -0.3347 0.4782
vn -0.8194 -0.3200 0.4756
vn -0.8371 -0.1940 -0.5115
vn -0.5624 -0.1551 0.8122
vn -0.9598 -0.2259 -0.1668
vn -0.8283 -0.5581 0.0499
vn -0.6969 -0.7063 0.1245
vn -0.9218 -0.3727 0.1065
vn -0.9403 -0.3397 0.0219
vn -0.9168 -0.1944 0.3489
vn -0.5290 -0.6755 0.5136
vn -0.5462 -0.6498 0.5285
vn -0.8159 -0.4031 0.4146
vn -0.4697 -0.4119 -0.7809
vn -0.7904 -0.4606 -0.4040
vn -0.7918 0.1521 0.5915
vn -0.6354 -0.6939 0.3388
vn -0.3515 -0.0872 0.9321
vn -0.5608 0.0087 0.8279
vn -0.2938 -0.6347 0.7147
vn -0.4181 -0.9038 -0.0912
vn -0.6575 -0.4087 0.6330
vn -0.6169 -0.0792 0.7831
vn -0.1595 -0.9784 -0.1317
vn -0.7540 0.0968 0.6497
vn -0.7521 -0.5595 -0.3483
vn -0.7087 -0.6486 -0.2776
vn -0.8145 -0.5139 -0.2692
vn -0.7975 -0.5666 -0.2074
vn -0.5508 -0.6386 -0.5374
vn -0.3637 -0.7498 -0.5527
vn -0.6016 -0.5415 -0.5873
vn -0.4063 -0.6088 -0.6814
vn -0.3867 -0.3849 -0.8380
vn -0.4203 -0.5073 -0.7523
vn -0.6311 -0.1091 -0.7680
vn -0.6979 -0.4894 -0.5229
vn 0.2148 0.2412 0.9464
vn -0.6493 -0.2401 0.7216
vn -0.6949 -0.2441 0.6764
vn -0.8961 -0.4333 -0.0963
vn -0.2399 0.1264 0.9625
vn -0.8945 -0.4414 -0.0709
vn -0.8894 -0.4516 -0.0715
vn -0.5298 -0.0472 0.8468
vn -0.8247 0.5558 0.1044
vn -0.8940 0.3898 0.2211
vn -0.3452 -0.0013 0.9385
vn -0.3514 0.0050 0.9362
vn 0.1555 -0.9790 0.1318
vn 0.1777 -0.9129 0.3676
vn -0.7978 0.1344 0.5878
vn -0.9058 -0.1967 0.3753
vn -0.2682 -0.5670 -0.7788
vn -0.2421 -0.2857 -0.9272
vn -0.4433 0.1527 -0.8833
vn -0.5958 0.1890 -0.7806
vn -0.4414 0.1558 -0.8837
vn -0.0648 -0.3169 -0.9463
vn -0.0825 -0.3437 -0.9354
vn -0.0159 -0.3438 -0.9389
vn 0.6302 -0.4890 -0.6031
vn -0.1431 -0.4044 -0.9033
vn 0.8304 0.0382 -0.5558
vn 0.4049 -0.2874 -0.8680
vn 0.3658 -0.1551 -0.9177
vn 0.3628 -0.1758 -0.9151
vn 0.6265 -0.2336 -0.7436
vn -0.5735 -0.5693 -0.5891
vn -0.6633 -0.4909 -0.5649
vn -0.6938 -0.5853 -0.4195
vn -0.1463 -0.4236 -0.8940
vn -0.1285 -0.4286 -0.8943
vn 0.8080 0.0923 -0.5819
vn 0.8313 0.1743 -0.5278
vn 0.8901 0.4237 0.1679
vn -0.0060 -0.3705 -0.9288
vn 0.7660 0.0530 -0.6406
vn -0.1500 -0.3842 -0.9110
vn 0.3445 -0.1091 -0.9324
vn -0.7370 -0.5100 -0.4436
vn -0.1592 -0.3821 -0.9103
vn -0.7604 -0.4915 -0.4246
vn 0.3610 -0.1514 -0.9202
vn 0.7819 0.1389 -0.6077
vn 0.7216 0.0292 -0.6917
vn 0.9426 0.3155 -0.1098
vn 0.9255 0.3699 0.0810
vn 0.9073 0.2196 -0.3587
vn 0.8797 0.2666 -0.3938
vn 0.9024 0.4309 0.0056
vn 0.9928 0.1057 -0.0560
vn 0.9099 0.2537 -0.3283
vn 0.9066 0.4153 0.0743
vn 0.9085 0.4093 0.0839
vn 0.7450 0.0998 -0.6595
vn -0.7478 -0.4545 -0.4840
vn -0.7360 -0.4809 -0.4764
vn 0.4141 -0.1273 -0.9013
vn -0.9325 0.3098 0.1856
vn -0.9850 0.1725 0.0094
vn -0.9087 0.1702 -0.3811
vn -0.4214 -0.1341 -0.8969
vn -0.5733 -0.5257 -0.6285
vn -0.7655 -0.6002 0.2321
vn 0.4585 0.1906 -0.8680
vn 0.3175 0.0085 -0.9482
vn 0.6653 0.0546 -0.7446
vn 0.5302 -0.1989 -0.8242
vn -0.3495 0.7782 -0.5218
vn 0.3742 -0.3096 -0.8742
vn -0.7344 -0.4823 -0.4775
vn -0.1627 -0.3733 -0.9133
vn 0.4435 -0.1528 -0.8832
vn 0.4419 -0.1448 -0.8853
vn -0.3549 0.7797 -0.5158
vn -0.1939 0.7576 -0.6232
vn -0.8776 -0.1329 0.4606
vn -0.9025 -0.4158 0.1119
vn -0.1282 -0.9861 0.1053
vn 0.2297 -0.7702 -0.5951
vn 0.4449 -0.5381 -0.7159
vn 0.2779 0.4815 -0.8312
vn -0.6055 -0.2329 -0.7610
vn 0.1011 -0.5967 -0.7961
vn -0.0817 -0.9807 0.1777
vn 0.5597 -0.7752 -0.2930
vn 0.4993 0.4776 -0.7229
vn 0.5746 -0.3221 -0.7524
vn 0.4615 -0.1890 -0.8668
vn 0.1015 0.7894 -0.6054
vn -0.7353 -0.4859 -0.4726
vn -0.0292 0.2754 -0.9609
vn -0.4526 -0.4109 -0.7914
vn -0.3597 -0.5154 -0.7778
vn -0.7977 -0.3504 -0.4907
vn -0.3281 -0.4445 -0.8335
vn -0.1433 -0.3452 -0.9275
vn 0.7501 0.1020 -0.6535
vn 0.7474 0.0939 -0.6578
vn 0.3025 -0.1990 -0.9321
vn -0.6865 0.5544 -0.4705
vn -0.8417 0.4707 -0.2647
vn -0.7878 0.5534 -0.2704
vn -0.8618 0.2062 -0.4635
vn -0.5087 0.8609 0.0085
vn -0.5747 0.8104 -0.1138
vn -0.4448 0.8886 -0.1120
vn -0.1547 0.9879 -0.0126
vn 0.1894 0.8745 0.4465
vn 0.2856 0.9452 0.1581
vn -0.1694 0.9844 0.0476
vn -0.3923 0.9114 0.1245
vn -0.3663 0.9295 0.0432
vn 0.3682 0.8175 0.4429
vn 0.4534 0.8554 0.2503
vn 0.8094 0.5573 -0.1854
vn 0.5501 0.6783 0.4871
vn -0.0546 0.1604 0.9855
vn -0.1728 -0.0002 0.9850
vn 0.7002 0.4825 0.5262
vn 0.6884 0.4991 0.5264
vn 0.6853 0.3050 -0.6613
vn -0.5022 0.8628 0.0584
vn -0.0819 0.9559 0.2820
vn 0.0664 0.8788 0.4726
vn 0.8619 0.5013 -0.0765
vn 0.7578 0.4465 0.4758
vn 0.8321 0.2938 0.4705
vn 0.7878 0.2571 0.5597
vn 0.7955 0.2780 0.5384
vn -0.9052 -0.4233 -0.0369
vn 0.5207 0.6816 -0.5142
vn 0.6160 0.6198 -0.4862
vn -0.1918 0.7883 0.5847
vn -0.5264 0.7784 0.3419
vn 0.6418 0.4634 0.6110
vn 0.6225 0.4421 0.6458
vn 0.9413 -0.0716 0.3298
vn 0.3474 0.2741 0.8967
vn 0.7361 0.4132 0.5361
vn 0.7517 0.4394 0.4918
vn 0.2187 0.2406 0.9457
vn 0.2212 0.2225 0.9495
vn 0.7446 0.4539 0.4894
vn 0.7732 0.4510 0.4458
vn 0.3476 0.2762 0.8960
vn 0.3848 0.2809 0.8792
vn 0.8129 0.4182 0.4054
vn 0.2248 0.2273 0.9475
vn -0.6469 -0.2414 0.7233
vn -0.6517 -0.2761 0.7064
vn -0.2410 0.1012 0.9652
vn -0.2885 0.1399 0.9472
vn -0.3552 0.8289 0.4322
vn -0.2169 0.6373 0.7395
vn 0.4778 -0.6757 0.5614
vn 0.4578 -0.5744 0.6786
vn -0.5188 0.0874 0.8504
vn -0.2225 0.0453 0.9739
vn -0.2437 0.0635 0.9678
vn -0.5276 0.1062 0.8429
vn 0.1231 -0.2773 0.9529
vn 0.1816 0.5245 0.8318
vn 0.1407 0.5341 0.8336
vn -0.3001 -0.1577 0.9408
vn -0.8069 0.5210 0.2783
vn -0.9530 -0.0867 0.2903
vn -0.8990 -0.4220 -0.1167
vn 0.8113 0.4149 0.4119
vn 0.3909 0.2873 0.8744
vn -0.8289 -0.3228 0.4568
vn 0.3129 0.5643 0.7639
vn -0.7293 -0.2214 0.6474
vn -0.8203 -0.5711 0.0296
vn -0.5027 0.1279 0.8549
vn -0.5184 -0.0025 0.8552
vn -0.6700 -0.5619 0.4852
vn -0.7170 -0.4839 0.5018
vn -0.7332 -0.6645 0.1444
vn -0.9949 0.0949 -0.0344
vn -0.9797 -0.1099 -0.1679
vn -0.8116 -0.5799 0.0715
vn -0.9575 -0.1546 -0.2435
vn -0.2316 -0.9727 0.0121
vn -0.9134 -0.0894 -0.3970
vn -0.7502 -0.6385 -0.1720
vn -0.8691 -0.4138 -0.2712
vn -0.6552 -0.3800 -0.6529
vn -0.3309 -0.7489 -0.5741
vn -0.2547 -0.8565 -0.4489
vn -0.6510 -0.7432 -0.1546
vn -0.8383 -0.1803 -0.5146
vn -0.2277 -0.2331 -0.9454
vn -0.3470 -0.1648 -0.9233
vn -0.0571 -0.5775 -0.8144
vn 0.1268 -0.6548 -0.7451
vn -0.6838 -0.0839 -0.7248
vn -0.6047 -0.1423 -0.7837
vn -0.3406 0.0339 -0.9396
vn 0.1226 -0.0746 -0.9896
vn 0.1721 0.1569 -0.9725
vn 0.0508 -0.0437 -0.9978
vn 0.1317 -0.9698 0.2052
vn 0.1438 -0.9656 0.2167
vn -0.5492 -0.7660 -0.3341
vn -0.4597 -0.7319 -0.5030
vn -0.5379 -0.4328 -0.7234
vn 0.8587 -0.5112 -0.0356
vn 0.3625 -0.4719 -0.8037
vn 0.4911 -0.3574 -0.7944
vn -0.1649 -0.4437 -0.8809
vn -0.2359 -0.3811 -0.8939
vn 0.2736 0.0962 -0.9570
vn 0.2269 -0.1334 -0.9647
vn 0.3340 -0.3307 -0.8827
vn -0.1570 0.0533 -0.9862
vn -0.1307 -0.1499 -0.9800
vn -0.0970 0.1514 -0.9837
vn -0.6707 -0.0296 -0.7412
vn 0.0692 -0.0391 -0.9968
vn 0.0851 -0.1413 -0.9863
vn -0.7280 -0.4798 -0.4897
vn -0.2102 -0.2628 -0.9417
vn 0.6874 0.1647 -0.7074
vn 0.7401 0.1373 -0.6583
vn 0.9208 0.3878 0.0418
vn 0.8745 0.2394 -0.4218
vn 0.8470 0.3896 0.3618
vn 0.8899 0.2640 0.3720
vn 0.7418 0.3446 0.5753
vn 0.6687 0.2924 0.6836
vn 0.6127 0.3818 0.6920
vn 0.5089 0.3162 0.8007
vn 0.3490 0.2742 0.8961
vn 0.3495 0.2752 0.8956
vn 0.7446 0.4417 0.5005
vn -0.8614 -0.1953 -0.4689
vn -0.7729 0.5576 -0.3029
vn -0.7910 0.5378 -0.2918
vn 0.8873 0.4088 0.2136
vn 0.4396 0.4908 0.7522
vn 0.3561 0.7922 0.4956
vn -0.4974 0.8671 0.0264
vn -0.9024 0.1501 -0.4040
vn -0.8104 0.5676 -0.1451
vn -0.2831 0.9588 0.0215
vn -0.0605 0.9646 0.2568
vn 0.5907 0.5515 0.5890
vn 0.2219 0.9250 0.3085
vn -0.6344 0.7450 -0.2061
vn -0.6391 0.7201 -0.2701
vn -0.2994 -0.0950 0.9494
vn -0.8563 0.3288 -0.3982
vn -0.8724 -0.1259 -0.4724
vn -0.9404 -0.0396 -0.3378
vn -0.7501 0.4578 -0.4772
vn -0.6732 0.0820 0.7349
vn -0.5717 -0.0901 0.8155
vn -0.6606 0.0046 0.7507
vn -0.6920 -0.0036 0.7219
vn -0.8851 0.0456 0.4632
vn -0.9166 0.0018 0.3997
vn -0.6510 -0.0440 0.7578
vn -0.5392 -0.0732 0.8390
vn -0.2998 -0.1778 0.9373
vn -0.2050 -0.2706 0.9406
vn -0.6047 0.1209 0.7872
vn -0.4657 0.0648 0.8826
vn -0.6585 0.3490 0.6668
vn -0.8596 0.2650 0.4368
vn -0.6974 0.3802 0.6075
vn -0.6937 0.3508 0.6290
vn -0.3719 0.3879 0.8434
vn -0.6301 -0.5798 0.5165
vn -0.2566 0.3499 0.9010
vn -0.3956 -0.1446 0.9070
vn -0.2945 0.9442 0.1474
vn -0.3145 0.9437 0.1029
vn 0.1436 0.9196 0.3658
vn -0.3309 -0.1964 0.9230
vn 0.0319 0.2746 0.9610
vn 0.1014 0.3102 0.9453
vn -0.2255 0.2743 0.9348
vn -0.6323 -0.5855 0.5074
vn -0.8139 0.2079 0.5425
vn -0.8348 0.2052 0.5110
vn -0.8242 0.1598 0.5433
vn -0.9476 0.2362 0.2151
vn -0.9740 0.1560 0.1642
vn -0.2972 -0.9514 0.0807
vn -0.8010 -0.5865 0.1204
vn -0.8853 -0.3837 0.2627
vn -0.2746 -0.9598 0.0587
vn -0.4961 -0.4893 -0.7173
vn -0.1831 -0.5723 -0.7993
vn 0.0447 -0.9712 0.2339
vn 0.0337 -0.9966 0.0750
vn -0.7857 -0.4792 -0.3913
vn -0.1686 -0.9852 0.0315
vn -0.0530 -0.9522 -0.3009
vn -0.2780 -0.7105 -0.6465
vn -0.2865 -0.3084 -0.9071
vn 0.0970 -0.3368 -0.9366
vn 0.2823 0.1160 -0.9523
vn -0.4963 -0.4827 -0.7216
vn -0.4826 -0.4505 -0.7511
vn 0.8919 0.4168 0.1754
vn 0.9314 0.3596 0.0562
vn 0.9368 0.3398 -0.0839
vn 0.9299 0.3504 0.1118
vn 0.8319 0.3784 0.4060
vn 0.6626 0.3619 0.6558
vn 0.6409 0.3325 0.6919
vn 0.3931 0.2770 0.8768
vn 0.3884 0.2775 0.8787
vn 0.3625 0.2624 0.8943
vn 0.8578 0.3657 0.3613
vn -0.6511 -0.2054 0.7306
vn -0.7249 -0.0879 0.6832
vn -0.9712 -0.2356 -0.0346
vn -0.6143 0.3013 0.7293
vn -0.3048 0.0927 0.9479
vn -0.9620 -0.2550 0.0980
vn -0.4594 -0.4210 0.7821
vn -0.8511 0.3157 0.4196
vn -0.3345 0.5595 0.7583
vn -0.9485 0.2448 0.2012
vn -0.8081 0.3976 0.4347
vn -0.3616 0.5066 0.7827
vn -0.4623 0.4566 0.7602
vn -0.6612 -0.0840 0.7455
vn -0.5659 -0.6940 0.4451
vn -0.5018 -0.7347 0.4566
vn -0.5013 -0.7345 0.4573
vn -0.4523 -0.7650 0.4585
vn -0.4266 -0.8523 0.3026
vn 0.3611 0.4813 0.7988
vn 0.4186 0.5064 0.7539
vn -0.0191 0.9396 -0.3419
vn 0.3639 0.7954 0.4846
vn 0.7489 0.2519 0.6129
vn 0.5720 0.5525 0.6063
vn 0.5054 0.7015 0.5024
vn 0.8681 0.1383 0.4768
vn 0.8540 0.3764 0.3592
vn 0.6567 0.5165 0.5494
vn 0.6737 0.3687 -0.6405
vn 0.6819 0.3583 -0.6377
vn 0.8540 0.4162 -0.3121
vn 0.6612 0.3720 -0.6514
vn 0.9852 0.1299 0.1120
vn 0.7647 -0.0259 0.6438
vn 0.9765 -0.1808 0.1174
vn 0.9253 -0.1801 0.3336
vn 0.6654 0.3470 -0.6610
vn 0.6131 0.4357 -0.6590
vn 0.9048 0.3322 -0.2663
vn 0.9799 0.1462 0.1359
vn 0.9796 0.1765 0.0961
vn 0.7019 -0.4191 0.5760
vn 0.9285 -0.3025 0.2153
vn 0.3513 0.3494 0.8686
vn 0.4273 0.4134 0.8041
vn 0.4580 0.3498 0.8172
vn 0.7413 0.3205 0.5897
vn 0.7020 0.3930 0.5939
vn -0.5758 -0.6382 -0.5110
vn -0.8162 0.0115 -0.5776
vn -0.8046 0.0162 -0.5937
vn -0.8696 -0.1956 -0.4533
vn -0.5568 -0.5589 -0.6144
vn -0.6897 -0.5302 -0.4932
vn -0.7173 -0.4512 -0.5309
vn 0.3234 -0.3371 0.8842
vn 0.1555 -0.1832 0.9707
vn -0.8961 -0.2843 0.3408
vn -0.9374 0.0291 0.3471
vn -0.9982 0.0599 -0.0056
vn -0.9988 0.0481 0.0010
vn -0.9732 -0.2273 -0.0359
vn -0.7066 -0.5605 0.4320
vn -0.6287 -0.5375 0.5620
vn -0.9875 0.0059 -0.1574
vn -0.9450 0.2982 0.1341
vn -0.9207 0.3844 0.0669
vn -0.8847 0.4067 -0.2278
vn -0.9257 0.1400 -0.3514
vn -0.8782 0.0796 -0.4715
vn -0.8355 -0.0554 -0.5467
vn -0.8625 -0.0864 -0.4986
vn -0.7762 0.1247 -0.6180
vn -0.7276 0.2641 -0.6332
vn -0.7898 0.4034 -0.4620
vn -0.8890 0.4011 -0.2209
vn -0.7983 0.5298 0.2864
vn -0.8410 -0.4347 0.3220
vn -0.4984 -0.6684 -0.5521
vn -0.5832 -0.6334 -0.5085
vn -0.2734 -0.8667 -0.4172
vn -0.3063 -0.8582 -0.4119
vn -0.4451 -0.8881 -0.1146
vn -0.5158 -0.8051 -0.2928
vn -0.4910 -0.8113 -0.3173
vn 0.3016 -0.6797 0.6686
vn 0.6796 -0.3655 0.6361
vn 0.6596 -0.1763 0.7306
vn 0.4737 -0.5584 0.6810
vn 0.6970 -0.3379 0.6325
vn 0.1446 -0.8389 0.5248
vn 0.0203 -0.9197 0.3921
vn -0.1605 -0.8202 0.5491
vn 0.3946 -0.7208 0.5699
vn 0.7933 -0.4974 0.3512
vn 0.3856 -0.7266 0.5686
vn -0.6723 -0.7344 0.0934
vn -0.0978 -0.9788 -0.1801
vn -0.4177 -0.8964 -0.1483
vn -0.2560 -0.9168 0.3064
vn -0.3140 -0.9060 0.2838
vn -0.6976 -0.6975 -0.1642
vn -0.5592 -0.7470 0.3595
vn -0.8285 -0.4763 -0.2945
vn -0.7796 -0.5871 -0.2180
vn -0.7301 -0.0329 -0.6825
vn -0.8006 0.0798 -0.5938
vn -0.4572 0.5500 -0.6989
vn -0.6584 0.2224 -0.7190
vn -0.5022 -0.2274 -0.8343
vn -0.5215 -0.2250 -0.8231
vn -0.4677 -0.2066 -0.8594
vn -0.4863 -0.1086 -0.8670
vn -0.0666 -0.3015 -0.9511
vn -0.1706 -0.4294 -0.8868
vn -0.3544 -0.0810 -0.9316
vn 0.1453 -0.3275 -0.9336
vn 0.1983 -0.3745 -0.9058
vn 0.2145 -0.4167 -0.8834
vn -0.8160 -0.2782 -0.5067
vn -0.7570 -0.2868 -0.5871
vn -0.6378 0.2193 -0.7383
vn -0.4360 0.6179 -0.6543
vn -0.1787 0.6245 -0.7603
vn -0.1780 0.6230 -0.7617
vn 0.4338 -0.4665 -0.7708
vn 0.4350 -0.4569 -0.7759
vn -0.1840 0.8694 0.4586
vn -0.0243 0.9019 -0.4313
vn 0.0265 0.9051 -0.4244
vn -0.8456 0.5328 0.0316
vn -0.4586 0.8635 0.2098
vn -0.0000 1.0000 -0.0000
vn 0.7750 -0.4228 -0.4697
vn 0.1679 -0.8582 -0.4851
vn 0.1187 -0.9920 0.0432
vn -0.5062 -0.6681 -0.5453
vn -0.9118 -0.0857 0.4015
vn -0.9140 -0.4010 -0.0614
vn -0.9027 -0.3952 -0.1701
vn -0.9269 0.2758 0.2544
vn -0.4532 -0.4020 -0.7956
vn -0.5674 -0.4809 -0.6684
vn -0.6849 -0.5297 -0.5004
vn -0.1216 0.5110 -0.8509
vn -0.1159 0.4920 -0.8629
vn -0.6326 -0.0643 -0.7718
vn 0.2183 0.4789 -0.8503
vn -0.1048 0.7018 -0.7046
vn -0.9088 -0.0403 0.4153
vn -0.1119 -0.5770 -0.8091
vn -0.6112 0.4045 0.6803
vn -0.7826 0.5006 0.3701
vn -0.9547 0.2562 -0.1513
vn -0.9382 -0.0013 -0.3460
vn -0.7544 -0.0638 -0.6533
vn -0.3043 0.9461 0.1113
vn -0.1957 0.8941 -0.4029
vn -0.1824 0.9120 -0.3675
vn 0.0766 0.2667 -0.9607
vn -0.0588 0.6569 -0.7517
vn -0.7262 0.2974 -0.6199
vn -0.8078 0.2215 -0.5463
vn -0.8275 0.2910 -0.4802
vn -0.5773 0.0716 -0.8134
vn -0.8864 0.1430 -0.4403
vn -0.7707 -0.0274 -0.6366
vn -0.7800 0.5438 -0.3097
vn -0.1437 -0.3029 -0.9421
vn -0.2872 -0.2986 -0.9101
vn -0.4208 0.0384 -0.9063
vn 0.4757 0.2156 -0.8528
vn -0.8260 -0.4333 -0.3604
vn -0.7385 -0.5011 -0.4511
vn -0.7983 0.1020 -0.5935
vn -0.5401 0.0939 -0.8364
vn -0.4795 0.7892 -0.3836
vn -0.8778 -0.0306 -0.4781
vn -0.2126 0.4955 -0.8422
vn -0.3681 0.4806 -0.7959
vn -0.6458 -0.1568 -0.7472
vn -0.7449 -0.1084 -0.6583
vn 0.2333 -0.6028 -0.7630
vn 0.2628 -0.5553 -0.7890
vn 0.2547 -0.4733 -0.8433
vn -0.0478 -0.3605 -0.9315
vn -0.1770 -0.4203 -0.8900
vn 0.1890 -0.6128 -0.7673
vn 0.0856 -0.3495 -0.9330
vn -0.7788 0.4905 -0.3910
vn -0.9641 0.0103 -0.2654
vn -0.6256 0.4202 -0.6573
vn -0.1536 -0.6686 -0.7276
vn -0.1287 -0.7767 -0.6166
vn 0.1162 -0.9688 -0.2189
vn 0.1408 -0.8816 -0.4504
vn 0.0563 -0.9784 -0.1990
vn 0.5286 -0.8139 -0.2410
vn 0.5570 0.3297 -0.7623
vn 0.9023 -0.4304 0.0246
vn 0.6439 -0.6172 0.4521
vn 0.7839 -0.4188 0.4583
vn 0.7789 -0.4814 0.4018
vn 0.6087 -0.7715 0.1853
vn 0.1859 -0.9773 0.1014
vn 0.4737 -0.7963 -0.3763
vn 0.7888 -0.6143 0.0223
vn 0.4424 0.6559 0.6117
vn -0.4046 -0.6010 0.6893
vn 0.1720 -0.7903 0.5880
vn 0.6281 -0.6598 0.4125
vn 0.4248 -0.7179 0.5515
vn -0.8414 -0.3306 0.4276
vn -0.1694 -0.9187 -0.3568
vn -0.9571 -0.2564 -0.1353
vn 0.2348 -0.1916 0.9530
vn -0.4306 -0.8614 -0.2693
vn -0.0556 -0.9460 -0.3194
vn -0.6301 -0.3052 0.7141
vn -0.6411 -0.7394 0.2055
vn -0.3133 -0.8631 -0.3960
vn 0.0147 -0.9615 -0.2744
vn 0.5661 -0.7841 0.2542
vn -0.0267 -0.9677 -0.2505
vn -0.5193 0.5241 0.6750
vn -0.6554 0.3029 0.6919
vn -0.7734 -0.2579 0.5791
vn -0.7242 -0.0985 0.6825
vn -0.7261 -0.0949 0.6810
vn -0.6847 -0.6096 0.3994
vn -0.6785 -0.6159 0.4004
vn 0.0298 -0.8609 -0.5079
vn -0.3439 -0.9355 -0.0813
vn -0.4888 -0.8628 0.1292
vn -0.6625 -0.6998 -0.2671
vn -0.6518 -0.7125 -0.2600
vn 0.3148 -0.6815 -0.6606
vn -0.0223 -0.6833 -0.7298
vn 0.2986 -0.9352 0.1903
vn 0.5742 -0.7799 -0.2493
vn 0.4265 0.0621 -0.9024
vn -0.2902 -0.0064 -0.9569
vn 0.4859 0.1100 -0.8671
vn -0.1463 -0.4047 -0.9027
vn -0.0656 -0.4078 -0.9107
vn -0.7525 -0.4672 -0.4642
vn -0.5229 -0.4064 -0.7493
vn -0.2404 -0.3473 -0.9064
vn -0.5723 -0.4558 -0.6817
vn -0.7380 -0.4790 -0.4753
vn 0.0614 -0.6471 -0.7600
vn 0.8819 -0.4594 -0.1060
vn 0.9481 -0.1757 -0.2649
vn -0.6644 -0.7466 -0.0343
vn -0.0247 -0.7350 -0.6776
vn -0.6249 -0.7800 -0.0322
vn -0.2322 -0.3491 -0.9079
vn -0.6474 -0.7386 0.1883
vn -0.5698 -0.7734 0.2778
vn -0.7625 -0.5504 0.3400
vn -0.4821 -0.4608 -0.7452
vn -0.3796 -0.2812 -0.8814
vn -0.7560 -0.2944 0.5846
vn -0.8770 0.4741 -0.0784
vn -0.1736 0.6925 -0.7003
vn -0.5785 0.8042 -0.1363
vn -0.1247 -0.3630 -0.9234
vn -0.0203 0.6930 -0.7207
vn -0.8176 -0.1852 -0.5451
vn -0.6121 0.7523 -0.2436
vn 0.8162 -0.0272 -0.5771
vn 0.9024 0.1090 -0.4168
vn 0.9345 0.2387 0.2640
vn 0.9675 0.1830 0.1745
vn 0.9205 0.2060 -0.3319
vn 0.9129 0.1908 -0.3608
vn 0.7201 -0.0211 -0.6936
vn -0.7950 0.2282 -0.5620
vn -0.7539 -0.4482 -0.4803
vn -0.7128 -0.4855 -0.5062
vn -0.4820 0.2318 -0.8449
vn -0.4011 -0.0380 -0.9153
vn -0.5778 -0.4429 -0.6855
vn -0.7127 -0.4982 -0.4938
vn -0.0747 -0.1625 -0.9839
vn -0.7074 0.5762 -0.4094
vn -0.6313 0.4981 -0.5945
vn -0.8222 -0.0817 -0.5633
vn -0.8339 0.4429 -0.3292
vn -0.7211 0.5698 -0.3943
vn -0.5686 -0.6897 -0.4483
vn -0.5490 -0.6224 -0.5578
vn -0.5699 -0.4468 -0.6896
vn 0.3111 0.0625 -0.9483
vn 0.7004 0.6170 -0.3589
vn 0.4317 0.3762 -0.8198
vn 0.7505 0.4776 -0.4569
vn 0.7051 0.4546 -0.5442
vn 0.6945 0.7148 -0.0823
vn 0.5406 0.8357 0.0969
vn 0.7057 0.2811 -0.6504
vn 0.6233 0.1703 -0.7632
vn 0.0738 -0.6933 -0.7169
vn 0.1332 0.0256 -0.9908
vn 0.0569 -0.6399 -0.7663
vn -0.2916 -0.3064 -0.9062
vn -0.2923 -0.2926 -0.9105
vn 0.1898 -0.6971 -0.6914
vn 0.5347 0.8450 0.0120
vn 0.8285 0.3398 -0.4450
vn 0.8064 0.5521 0.2120
vn 0.4169 0.3833 -0.8242
vn -0.1873 -0.8063 -0.5610
vn -0.1845 -0.2340 -0.9546
vn 0.9341 -0.1484 0.3247
vn 0.9374 -0.1163 0.3282
vn 0.9047 0.4183 -0.0808
vn -0.4765 -0.3805 0.7925
vn -0.2912 -0.2711 0.9174
vn -0.7757 0.4871 0.4014
vn -0.7249 0.6095 0.3210
vn -0.6906 -0.0919 0.7173
vn -0.6320 -0.1721 0.7556
vn 0.8327 0.1891 0.5204
vn 0.6485 0.4756 0.5944
vn 0.1433 0.5537 0.8203
vn 0.3872 0.6197 0.6827
vn 0.1663 0.5411 0.8243
vn 0.2122 0.3103 0.9267
vn 0.4873 0.8312 0.2675
vn 0.5126 0.7190 0.4693
vn 0.1946 0.5774 0.7930
vn 0.2225 0.5207 0.8242
vn -0.0434 0.4636 0.8850
vn -0.6789 -0.0946 0.7281
vn -0.3959 -0.1584 0.9046
vn -0.1657 0.0285 0.9858
vn 0.0103 0.3386 0.9409
vn -0.1503 -0.2987 0.9424
vn -0.3874 -0.8921 0.2326
vn -0.4246 -0.8724 0.2422
vn -0.0169 -0.2849 0.9584
vn 0.4793 0.8338 0.2741
vn 0.4496 0.6100 0.6524
vn 0.5091 0.6424 0.5728
vn -0.1602 -0.7704 0.6171
vn -0.1830 -0.7180 0.6716
vn -0.2319 -0.7658 0.5998
vn -0.9051 -0.3952 0.1568
vn 0.2403 0.2280 0.9436
vn 0.2279 0.2123 0.9503
vn 0.1809 0.2495 0.9513
vn 0.2095 0.4165 0.8847
vn 0.1985 0.4039 0.8930
vn 0.2961 0.4680 0.8327
vn 0.4824 0.8754 -0.0304
vn 0.3805 0.8937 0.2379
vn -0.0550 -0.4200 0.9059
vn 0.0301 -0.7152 0.6982
vn 0.1641 -0.4119 0.8963
vn 0.0832 -0.8820 0.4638
vn -0.0696 -0.3648 0.9285
vn 0.0701 -0.8800 0.4697
vn 0.1644 -0.6963 0.6986
vn 0.5888 0.6434 0.4892
vn 0.5883 0.6971 0.4098
vn 0.5529 0.6541 0.5162
vn 0.6421 0.5378 0.5463
vn 0.4824 0.8279 0.2862
vn 0.2529 0.0543 0.9660
vn -0.1990 -0.9324 0.3016
vn -0.0912 -0.7614 0.6418
vn 0.5032 0.5158 0.6933
vn 0.5722 0.5175 0.6362
vn 0.0422 -0.6760 0.7357
vn 0.0721 -0.5989 0.7976
vn 0.5815 0.2991 0.7565
vn 0.5712 -0.2913 0.7674
vn 0.7430 -0.1476 0.6528
vn 0.5381 -0.0531 0.8412
vn 0.7459 -0.0747 0.6619
vn 0.7841 -0.0016 0.6207
vn 0.7485 -0.3227 0.5793
vn 0.8577 -0.4981 0.1276
vn 0.8462 -0.5145 0.1387
vn 0.4888 -0.3841 0.7833
vn 0.2142 -0.4471 0.8685
vn 0.8067 -0.3862 0.4474
vn 0.8691 -0.4603 0.1811
vn 0.5708 0.0028 0.8211
vn 0.6774 -0.6048 0.4187
vn 0.5144 -0.5187 0.6829
vn 0.2016 -0.4554 0.8671
vn 0.2067 -0.4982 0.8420
vn 0.8683 -0.4646 0.1741
vn 0.3359 -0.4369 0.8344
vn 0.9125 -0.3921 0.1169
vn 0.9030 -0.3859 0.1888
vn 0.5748 -0.4416 0.6889
vn 0.3374 0.1971 0.9205
vn 0.2824 0.3417 0.8964
vn 0.4618 0.5149 0.7222
vn 0.5420 0.4943 0.6797
vn 0.5416 0.4899 0.6831
vn 0.5848 0.5560 0.5906
vn 0.8139 -0.1340 0.5653
vn 0.7745 0.2887 0.5629
vn 0.4954 -0.8626 0.1025
vn 0.5849 -0.7956 0.1576
vn 0.2508 -0.9517 -0.1769
vn -0.2438 -0.9408 0.2353
vn -0.1924 -0.9051 0.3791
vn -0.3847 0.7198 0.5779
vn -0.2276 0.7526 0.6179
vn -0.4303 0.8216 0.3740
vn -0.3263 -0.9453 0.0014
vn -0.6366 -0.5636 0.5263
vn -0.1343 -0.9909 -0.0128
vn -0.1221 -0.8666 -0.4839
vn -0.0625 -0.8990 -0.4335
vn -0.1622 -0.6926 -0.7028
vn -0.5611 -0.7334 -0.3839
vn -0.7200 -0.5698 0.3962
vn -0.5838 -0.6684 -0.4608
vn -0.6233 -0.4500 -0.6396
vn -0.1801 -0.1973 -0.9637
vn -0.6590 -0.6302 -0.4106
vn -0.2319 -0.2979 -0.9260
vn -0.3115 -0.1694 -0.9350
vn 0.0115 -0.2529 -0.9674
vn 0.0990 -0.9020 -0.4202
vn -0.1759 -0.9527 0.2478
vn 0.0895 -0.8496 -0.5198
vn 0.0854 -0.3225 -0.9427
vn 0.0812 -0.9967 0.0038
vn 0.2112 -0.7456 -0.6320
vn 0.2629 -0.7238 -0.6380
vn 0.2685 0.1295 -0.9545
vn 0.1521 0.2569 -0.9544
vn 0.2039 0.4058 -0.8909
vn 0.3322 0.2621 -0.9060
vn -0.7519 -0.6265 -0.2051
vn -0.4809 -0.5974 -0.6418
vn -0.7490 -0.3957 -0.5314
vn -0.8429 -0.0794 -0.5322
vn -0.8253 0.3399 -0.4509
vn -0.8188 0.0175 -0.5737
vn -0.7142 0.6593 -0.2350
vn -0.6415 0.7044 -0.3037
vn -0.7178 0.6255 -0.3057
vn -0.8020 0.3840 -0.4575
vn -0.3799 -0.6530 -0.6552
vn 0.0447 0.0346 -0.9984
vn 0.1912 -0.6794 -0.7084
vn 0.5937 0.2844 -0.7527
vn -0.5378 0.7885 -0.2984
vn -0.7718 0.5582 -0.3045
vn 0.1202 0.7044 -0.6996
vn 0.7026 0.1832 -0.6876
vn 0.2122 -0.6902 -0.6918
vn 0.4687 -0.5970 -0.6512
vn 0.7996 0.1192 -0.5886
vn 0.8742 0.2368 -0.4238
vn 0.4593 -0.7139 -0.5286
vn 0.6217 0.5722 -0.5349
vn 0.2631 0.8166 -0.5138
vn 0.2673 0.4753 -0.8382
vn 0.6644 0.0743 -0.7437
vn -0.1878 0.5356 -0.8233
vn -0.6551 0.5720 -0.4935
vn -0.8013 0.3802 -0.4619
vn 0.0441 0.1967 -0.9795
vn 0.2636 0.1506 -0.9528
vn 0.6154 0.2033 -0.7615
vn 0.6147 0.1987 -0.7633
vn 0.8301 0.3545 -0.4305
vn 0.7956 0.5217 -0.3079
vn 0.7957 0.5107 -0.3258
vn 0.7181 0.6545 -0.2367
vn 0.6763 0.5451 -0.4955
vn 0.5942 -0.3686 -0.7149
vn 0.5934 -0.5049 -0.6268
vn 0.3889 -0.6808 -0.6207
vn 0.8762 0.4673 -0.1182
vn 0.7819 0.4573 -0.4237
vn 0.3521 -0.7302 -0.5856
vn 0.7977 -0.3578 -0.4854
vn 0.7816 -0.4297 -0.4522
vn 0.6820 0.2434 -0.6896
vn 0.6858 0.2532 -0.6823
vn 0.8406 0.3793 -0.3868
vn 0.4954 0.8687 0.0045
vn 0.9102 0.3710 0.1840
vn 0.8248 0.2185 -0.5215
vn 0.7595 0.2281 -0.6092
vn 0.8340 0.1575 -0.5289
vn 0.9353 0.2999 -0.1876
vn 0.8259 0.4064 0.3908
vn 0.8211 0.3859 0.4206
vn 0.7221 -0.3560 0.5932
vn 0.8007 -0.0688 0.5951
vn 0.7850 0.0599 0.6167
vn 0.8364 0.4462 -0.3184
vn 0.8296 0.4225 -0.3650
vn 0.4260 -0.2482 -0.8700
vn 0.5697 -0.8190 0.0690
vn 0.8639 -0.4561 0.2137
vn -0.4796 0.8751 0.0654
vn 0.0589 -0.9739 0.2190
vn -0.5307 -0.1621 0.8319
vn -0.5094 -0.0737 0.8574
vn 0.0115 -0.8476 -0.5305
vn -0.1298 -0.9364 -0.3260
vn 0.1746 -0.8985 -0.4028
vn 0.1297 -0.9535 -0.2719
vn 0.2118 -0.7669 -0.6057
vn -0.3552 -0.9039 0.2383
vn 0.1218 -0.9924 0.0158
vn 0.1215 -0.9876 0.0990
vn 0.2998 -0.5271 -0.7952
vn 0.2059 -0.8363 -0.5082
vn -0.1071 -0.9862 0.1263
vn 0.3556 -0.8074 -0.4708
vn 0.4266 -0.8681 -0.2539
vn 0.4647 -0.4241 -0.7773
vn 0.3081 -0.9152 -0.2598
vn 0.3738 -0.4074 -0.8332
vn 0.5589 -0.3464 -0.7534
vn -0.1935 0.4062 -0.8931
vn 0.3135 0.9211 -0.2307
vn 0.3335 0.9011 -0.2772
vn 0.3091 0.3530 -0.8831
vn -0.4700 -0.8376 -0.2783
vn -0.4024 -0.6959 -0.5948
vn 0.1624 -0.5638 -0.8098
vn -0.3654 -0.8519 -0.3751
vn 0.0022 -0.9926 -0.1218
vn -0.2607 0.3395 -0.9038
vn 0.4283 0.2346 -0.8726
vn 0.3396 0.0917 -0.9361
vn 0.2894 -0.9481 0.1318
vn 0.6965 -0.7142 -0.0699
vn 0.1304 -0.9911 0.0278
vn 0.1250 0.1134 -0.9857
vn 0.6030 0.7264 0.3296
vn 0.5776 0.6207 0.5302
vn 0.1335 0.9336 0.3324
vn -0.1720 0.8344 0.5237
vn 0.7654 0.0590 0.6408
vn 0.8637 0.0318 0.5030
vn 0.7134 0.3398 0.6129
vn 0.7939 -0.4739 0.3810
vn 0.7799 -0.4318 0.4532
vn -0.4956 -0.4290 0.7552
vn -0.8882 0.4592 0.0128
vn -0.8391 0.1792 0.5137
vn -0.9486 0.1210 0.2923
vn 0.7616 -0.4636 0.4528
vn -0.7134 0.0485 0.6990
vn 0.2874 -0.3546 0.8897
vn 0.0041 -0.2569 0.9664
vn -0.7058 -0.0534 0.7063
vn 0.7703 -0.1177 0.6267
vn 0.8132 0.0279 0.5814
vn 0.8535 -0.1456 0.5004
vn 0.7958 0.3459 0.4970
vn 0.8601 0.3811 0.3390
vn 0.8369 0.3761 0.3976
vn 0.7568 0.4330 0.4896
vn 0.3795 0.3349 0.8625
vn 0.5272 0.4543 0.7181
vn 0.5752 0.5239 0.6282
vn 0.6510 0.5056 0.5662
vn 0.3424 0.3357 0.8775
vn 0.6538 -0.6925 -0.3050
vn 0.6380 -0.7648 -0.0899
vn 0.8883 -0.4297 0.1623
vn -0.1396 0.8006 0.5827
vn -0.0271 0.4874 0.8727
vn 0.7571 0.5964 0.2668
vn 0.4079 0.6550 0.6361
vn 0.3093 0.8177 0.4855
vn -0.3917 -0.1981 0.8985
vn -0.4278 -0.2149 0.8779
vn -0.2981 -0.0955 0.9497
vn -0.4969 -0.1662 0.8517
vn -0.7229 -0.0968 0.6841
vn -0.2640 0.0066 0.9645
vn -0.2576 0.0025 0.9662
vn 0.2834 -0.4431 0.8505
vn -0.1888 -0.3954 0.8989
vn 0.5927 -0.5603 0.5785
vn 0.7508 -0.4940 0.4384
vn 0.7632 -0.4754 0.4376
vn 0.8598 -0.5104 0.0158
vn 0.8703 -0.4926 -0.0015
vn 0.3320 -0.8667 0.3722
vn -0.3669 -0.9114 0.1865
vn -0.2299 -0.8494 0.4750
vn -0.1624 -0.8947 0.4161
vn -0.1978 -0.9741 0.1096
vn -0.0732 -0.9934 -0.0883
vn 0.5237 -0.6395 -0.5628
vn 0.1009 -0.9720 0.2120
vn 0.4373 -0.8852 -0.1590
vn 0.1444 -0.9180 0.3694
vn 0.3575 -0.7263 0.5871
vn 0.6169 -0.5700 -0.5427
vn 0.7596 -0.6495 0.0352
vn 0.8433 -0.4501 -0.2938
vn 0.8330 -0.4391 -0.3367
vn 0.4239 -0.7333 0.5316
vn 0.7223 -0.4747 -0.5029
vn 0.4465 -0.6676 0.5957
vn 0.8155 -0.3413 -0.4675
vn 0.4415 -0.6537 0.6146
vn 0.7567 -0.6287 0.1795
vn 0.7561 -0.6294 0.1793
vn 0.8388 -0.4328 -0.3303
vn 0.7412 -0.6296 0.2327
vn 0.5731 -0.6614 0.4837
vn 0.5977 -0.7549 -0.2700
vn 0.6755 -0.4447 -0.5882
vn 0.8669 -0.4740 0.1543
vn 0.8586 -0.2870 -0.4248
vn 0.6163 -0.4594 0.6397
vn 0.6734 -0.5379 0.5072
vn 0.7561 -0.6271 0.1872
vn 0.7917 -0.3795 -0.4787
vn 0.9451 -0.3117 -0.0976
vn 0.8556 -0.2432 -0.4570
vn 0.3376 0.0915 -0.9368
vn 0.6675 -0.0045 -0.7446
vn 0.7467 -0.6627 0.0573
vn 0.6318 0.1545 -0.7596
vn 0.7114 -0.2014 -0.6733
vn 0.6251 0.2262 -0.7471
vn -0.0414 -0.9709 -0.2358
vn 0.1577 -0.8425 -0.5151
vn -0.1258 -0.3800 -0.9164
vn -0.1306 -0.3475 -0.9285
vn 0.6337 -0.7345 -0.2426
vn 0.6534 -0.7095 -0.2640
vn -0.5283 0.4524 0.7185
vn -0.0147 0.9948 0.1005
vn 0.3231 -0.9316 -0.1666
vn -0.7062 0.2409 0.6658
vn -0.5359 0.5757 -0.6176
vn -0.0326 0.9991 0.0264
vn -0.7253 0.4371 -0.5319
vn 0.5203 -0.8338 0.1846
vn -0.7333 0.5350 -0.4195
vn -0.5280 -0.6516 -0.5446
vn -0.5285 -0.6542 -0.5411
vn -0.7354 0.5982 -0.3183
vn -0.8589 0.4183 -0.2954
vn -0.4756 -0.6730 -0.5664
vn -0.7048 0.6258 -0.3341
vn 0.4668 0.4151 0.7809
vn -0.4277 -0.2146 0.8781
vn 0.9309 0.3651 -0.0120
vn 0.9076 0.3802 -0.1783
vn 0.8897 0.4020 -0.2166
vn 0.8017 0.4473 0.3965
vn 0.6711 0.7370 -0.0798
vn 0.9067 0.2460 -0.3425
vn 0.5010 0.8655 -0.0035
vn 0.8934 0.4485 0.0261
vn 0.7984 0.5298 0.2862
vn 0.7846 0.5135 0.3474
vn 0.3674 0.9153 0.1653
vn 0.3587 0.9055 0.2268
vn 0.4601 0.4637 0.7572
vn 0.4539 0.4570 0.7649
vn 0.3230 -0.2819 0.9034
vn 0.1421 -0.8995 0.4133
vn 0.6408 0.6937 0.3290
vn 0.5255 -0.4134 0.7436
vn 0.4935 -0.3054 0.8144
vn 0.3770 0.9112 0.1660
vn 0.5948 0.4532 0.6640
vn 0.5935 0.4517 0.6661
vn 0.7240 -0.3703 0.5819
vn 0.7111 -0.6037 0.3606
vn 0.7144 -0.5053 0.4840
vn 0.9547 -0.2275 -0.1921
vn 0.7430 -0.3726 0.5560
vn 0.4047 -0.8785 0.2538
vn 0.8177 0.4176 0.3962
vn 0.8725 -0.4697 -0.1349
vn 0.8346 0.5504 -0.0246
vn 0.7503 0.6471 -0.1350
vn 0.4391 -0.7920 -0.4241
vn 0.5983 -0.7144 -0.3628
vn 0.8287 -0.4854 -0.2786
vn 0.8416 -0.4527 -0.2944
vn 0.9459 -0.3242 0.0116
vn 0.9710 0.2382 0.0175
vn 0.5055 0.8628 -0.0029
vn 0.9331 0.3475 -0.0922
vn 0.9489 0.2503 -0.1922
vn 0.7913 -0.5073 0.3414
vn -0.2007 -0.9261 -0.3195
vn 0.1298 -0.9715 -0.1985
vn 0.7791 -0.5296 0.3355
vn -0.8304 0.1140 -0.5454
vn -0.0959 0.9570 0.2739
vn -0.7973 0.1909 -0.5725
vn -0.8973 0.2104 -0.3880
vn 0.7967 0.2721 0.5396
vn -0.6927 -0.4441 -0.5682
vn 0.2737 0.8870 0.3720
vn -0.5893 0.7590 -0.2768
vn 0.0708 -0.9806 -0.1831
vn -0.6950 -0.4618 -0.5512
vn 0.2474 0.8834 0.3980
vn 0.0874 0.9608 0.2631
vn -0.7316 0.6374 -0.2418
vn -0.7280 0.6475 -0.2252
vn 0.7854 0.3237 0.5276
vn 0.0623 0.9278 0.3679
vn -0.6761 0.6937 -0.2482
vn -0.6756 0.6798 -0.2854
vn -0.8331 0.4964 -0.2441
vn 0.0555 -0.9790 -0.1962
vn -0.7126 -0.4447 -0.5426
vn -0.5705 -0.6942 -0.4389
vn 0.0768 0.9878 0.1353
vn 0.7708 0.3260 0.5474
vn -0.1409 0.9792 0.1462
vn 0.7558 -0.5378 0.3735
vn 0.3856 -0.9174 -0.0980
vn 0.8575 0.1505 0.4920
vn -0.1141 0.9303 0.3485
vn -0.7097 -0.1170 -0.6947
vn -0.8571 -0.3129 -0.4091
vn -0.4997 0.8575 -0.1222
vn 0.3839 -0.9228 0.0324
vn 0.8337 0.1277 0.5372
vn -0.8630 0.0842 -0.4982
vn 0.1341 0.9377 0.3205
vn -0.5002 -0.7028 -0.5058
vn -0.4118 -0.7696 -0.4881
vn 0.3640 -0.9314 0.0090
vn 0.8657 0.0588 0.4971
vn 0.2182 -0.9491 0.2272
vn 0.8178 -0.0572 0.5727
vn 0.0506 0.9772 0.2062
vn -0.5855 0.8031 -0.1110
vn -0.8733 0.0947 -0.4779
vn -0.8422 0.2829 -0.4591
vn -0.2338 0.9542 0.1865
vn 0.6974 0.5116 0.5019
vn -0.5901 0.7834 -0.1952
vn -0.2340 0.9553 0.1808
vn -0.8803 0.2595 -0.3970
vn -0.7491 -0.3082 -0.5864
vn 0.3209 0.8093 0.4920
vn 0.8516 0.1129 0.5119
vn 0.6539 0.5037 0.5646
vn 0.3652 0.8550 0.3683
vn 0.8547 -0.2276 0.4666
vn 0.3206 0.5362 0.7808
vn 0.6233 -0.7683 -0.1457
vn 0.5765 -0.8084 -0.1188
vn 0.2634 -0.9349 -0.2377
vn 0.1561 -0.8367 0.5250
vn 0.2422 -0.8144 0.5274
vn 0.7227 -0.6725 0.1597
vn 0.7847 -0.6181 0.0455
vn 0.3783 -0.5389 0.7526
vn 0.3563 -0.5456 0.7585
vn 0.6944 -0.5857 0.4181
vn 0.9018 -0.4316 -0.0233
vn 0.7801 -0.4552 -0.4293
vn -0.2546 -0.8774 0.4067
vn -0.4226 -0.9018 0.0907
vn -0.4434 -0.8689 -0.2202
vn -0.6791 -0.7132 0.1740
vn 0.2769 -0.9382 0.2076
vn 0.5998 0.5250 0.6038
vn 0.7133 0.4976 0.4936
vn 0.7953 0.4428 0.4142
vn 0.8460 0.3940 0.3592
vn 0.7789 0.4511 0.4357
vn 0.6175 0.4819 0.6216
vn 0.9540 -0.2837 -0.0966
vn 0.9675 -0.0058 0.2530
vn 0.6363 -0.3530 0.6860
vn 0.8197 -0.4250 -0.3841
vn 0.8525 -0.5222 -0.0239
vn 0.4547 -0.6255 0.6341
vn 0.8283 -0.3328 -0.4507
vn 0.8657 -0.3501 -0.3578
vn 0.8576 -0.3815 -0.3449
vn 0.4446 -0.6313 0.6354
vn 0.4509 -0.6402 0.6220
vn 0.6759 -0.5280 0.5142
vn 0.6688 -0.0026 -0.7435
vn 0.9537 -0.2882 -0.0864
vn 0.8815 0.0002 -0.4721
vn 0.9743 -0.1998 -0.1044
vn 0.7548 0.4211 -0.5029
vn 0.9140 -0.0644 -0.4005
vn 0.5832 0.8117 0.0321
vn 0.6824 0.7307 -0.0193
vn 0.5118 -0.7073 -0.4877
vn 0.3523 -0.8811 -0.3156
vn 0.8075 0.5894 -0.0250
vn 0.8085 0.5724 0.1366
vn 0.8325 0.5512 0.0561
vn 0.1861 -0.9356 -0.3001
vn 0.3116 -0.8787 -0.3616
vn 0.8773 0.4264 -0.2202
vn 0.8196 0.5719 -0.0348
vn 0.8231 0.5619 0.0827
vn 0.3920 0.8884 0.2389
vn 0.3945 0.8873 0.2389
vn 0.8753 0.2467 0.4159
vn 0.3975 0.8605 0.3185
vn 0.5676 0.7869 0.2422
vn 0.9778 -0.0582 0.2015
vn 0.9583 0.0930 0.2700
vn 0.7780 -0.6101 0.1499
vn 0.2123 -0.9718 -0.1023
vn 0.2639 -0.9642 -0.0260
vn 0.6249 -0.7384 0.2534
vn 0.2698 -0.9543 -0.1288
vn 0.0656 -0.9883 -0.1374
vn 0.7926 0.5457 0.2721
vn 0.6510 -0.7112 0.2651
vn -0.3113 -0.9503 -0.0024
vn -0.1021 -0.8573 0.5046
vn -0.2983 -0.9517 -0.0725
vn -0.1214 -0.9843 0.1284
vn 0.3345 -0.4019 0.8524
vn 0.3997 0.1024 0.9109
vn 0.4604 0.4418 0.7700
vn 0.4900 0.8448 0.2151
vn 0.4778 0.8289 0.2908
vn 0.4518 -0.0037 0.8921
vn 0.5636 0.1579 0.8108
vn 0.4555 0.8567 0.2420
vn 0.4891 0.4868 0.7237
vn 0.5729 0.4878 0.6587
vn 0.4590 0.8660 0.1982
vn 0.6155 -0.5134 0.5980
vn 0.1763 -0.9583 0.2248
vn 0.8157 -0.0808 0.5728
vn 0.7230 0.2047 0.6598
vn 0.4147 0.8866 0.2046
vn 0.4329 0.8762 0.2119
vn 0.7199 -0.1271 0.6823
vn -0.0129 -0.2837 0.9588
vn 0.5836 -0.4087 0.7017
vn 0.4095 -0.3383 0.8472
vn 0.7826 0.2986 0.5463
vn 0.2870 -0.9383 -0.1928
vn 0.1869 -0.9163 -0.3543
vn 0.6506 -0.7406 0.1681
vn 0.3721 0.9239 0.0892
vn 0.8570 0.3475 0.3806
vn 0.4189 0.9064 0.0550
vn 0.4177 0.9081 0.0300
vn 0.4192 0.9062 0.0551
vn 0.8944 0.4461 0.0341
vn 0.7798 -0.5390 0.3185
vn 0.7820 -0.5333 0.3225
vn 0.7741 0.3317 0.5392
vn 0.7592 0.3582 0.5434
vn 0.2188 0.9012 0.3741
vn 0.6564 0.5329 0.5340
vn 0.7274 0.5334 0.4317
vn 0.7443 0.5969 0.2996
vn 0.7630 0.6032 0.2322
vn 0.7631 0.5609 0.3211
vn -0.9254 0.1224 -0.3587
vn -0.9636 0.1747 -0.2025
vn -0.9155 0.0287 0.4013
vn -0.7763 -0.2752 0.5672
vn -0.7764 -0.1334 0.6159
vn -0.7345 -0.0829 0.6735
vn -0.7798 0.5510 -0.2972
vn -0.7866 0.5992 -0.1490
vn -0.5866 0.8070 -0.0687
vn -0.6242 0.7796 -0.0509
vn -0.2234 0.8417 0.4915
vn -0.7454 0.1463 0.6504
vn -0.6824 -0.0924 0.7251
vn -0.4202 0.1775 0.8899
vn -0.6508 -0.1501 0.7442
vn -0.7619 -0.2995 0.5743
vn -0.7544 -0.2503 0.6068
vn -0.7627 -0.3897 0.5161
vn -0.8413 -0.5317 0.0978
vn -0.6962 -0.5182 -0.4967
vn -0.6300 -0.5564 -0.5418
vn -0.8338 -0.5302 0.1538
vn -0.9721 -0.2087 0.1068
vn -0.7097 -0.4016 -0.5788
vn -0.7707 -0.3044 -0.5599
vn 0.1131 -0.1257 -0.9856
vn 0.3779 -0.1284 -0.9169
vn -0.7237 -0.1013 -0.6826
vn 0.5673 -0.7098 -0.4175
vn -0.4432 -0.8119 -0.3799
vn -0.7122 0.2249 -0.6650
vn -0.7014 -0.3468 -0.6227
vn -0.7038 -0.3528 -0.6166
vn -0.7020 0.1994 -0.6837
vn 0.0047 0.7990 -0.6014
vn 0.0086 0.7991 -0.6011
vn -0.0657 0.9968 0.0455
vn 0.2285 0.9677 -0.1065
vn 0.2099 0.9297 -0.3028
vn -0.4013 0.4864 -0.7761
vn -0.0072 0.7154 0.6986
vn -0.1917 0.1978 0.9613
vn 0.5877 0.5517 0.5918
vn 0.5122 0.6965 0.5026
vn 0.5116 0.7502 0.4189
vn 0.3466 0.9226 0.1693
vn 0.0224 0.8545 0.5189
vn 0.4518 -0.6497 0.6114
vn 0.8861 -0.4632 -0.0132
vn 0.8416 -0.3624 -0.4003
vn 0.8267 -0.4145 -0.3805
vn 0.9843 0.0334 0.1735
vn 0.8170 -0.5591 0.1411
vn 0.7651 -0.2693 0.5849
vn 0.7236 0.3690 0.5833
vn 0.5634 -0.1888 0.8043
vn 0.9845 -0.1489 0.0928
vn -0.4019 0.4931 -0.7716
vn 0.0129 0.7957 -0.6056
vn 0.3377 0.9391 0.0628
vn 0.3010 0.9511 0.0690
vn 0.9957 -0.0926 -0.0057
vn -0.3656 0.7903 -0.4917
vn -0.5172 0.4885 -0.7028
vn -0.4975 0.6717 -0.5489
vn -0.4830 0.4194 -0.7687
vn 0.6620 0.4497 0.5997
vn -0.7772 0.0133 0.6292
vn -0.7237 -0.2626 0.6382
vn -0.7858 -0.3825 0.4861
vn -0.6942 -0.5753 0.4327
vn -0.6642 -0.7467 0.0363
vn -0.5429 -0.6599 -0.5194
vn -0.5295 -0.7125 -0.4605
vn 0.2523 0.3180 -0.9139
vn -0.4874 -0.7600 -0.4298
vn -0.6342 -0.6098 -0.4752
vn -0.3073 -0.8347 -0.4570
vn -0.6551 -0.7534 0.0565
vn -0.7116 0.5083 -0.4850
vn -0.3014 -0.1231 -0.9455
vn 0.0500 0.0089 -0.9987
vn 0.1089 -0.0451 -0.9930
vn 0.1376 0.0120 -0.9904
vn -0.6788 -0.4833 -0.5528
vn -0.7681 -0.5193 -0.3746
vn -0.9900 0.0971 -0.1025
vn -0.5292 -0.5910 -0.6088
vn -0.2910 -0.9136 -0.2841
vn -0.6784 -0.3373 -0.6527
vn -0.4452 -0.8395 -0.3114
vn -0.6986 0.4535 -0.5535
vn -0.6857 0.3594 -0.6330
vn -0.6445 -0.4240 -0.6363
vn 0.8583 0.4652 0.2166
vn 0.9069 0.3594 0.2197
vn 0.9992 -0.0190 0.0344
vn 0.9967 -0.0740 0.0341
vn 0.9217 0.3729 -0.1071
vn 0.8961 0.3365 -0.2893
vn 0.6948 -0.5088 0.5082
vn 0.9184 -0.2438 -0.3117
vn 0.9578 -0.2668 0.1075
vn 0.7930 0.5444 0.2735
vn 0.6703 0.7382 0.0762
vn 0.5688 0.8085 0.1509
vn 0.9937 0.0407 -0.1046
vn 0.1534 -0.9727 -0.1741
vn 0.9813 -0.0796 -0.1755
vn 0.6943 -0.6636 -0.2784
vn 0.8484 0.5266 0.0533
vn 0.6330 -0.7558 0.1676
vn -0.0914 -0.9522 -0.2916
vn -0.7826 -0.2748 -0.5586
vn 0.8431 0.2710 0.4644
vn -0.6437 -0.6215 -0.4466
vn -0.6397 0.7582 -0.1261
vn -0.2110 0.9766 0.0427
vn -0.8470 0.1633 -0.5059
vn 0.0400 -0.9683 -0.2464
vn -0.2459 0.9669 0.0679
vn -0.8716 0.0775 -0.4841
vn 0.6472 -0.7348 0.2029
vn 0.7892 -0.5332 0.3048
vn 0.8269 0.0953 0.5542
vn 0.6201 0.6554 0.4312
vn -0.4419 0.8935 -0.0795
vn -0.5980 -0.6176 -0.5108
vn -0.4241 0.9043 0.0488
vn 0.5000 0.7275 0.4699
vn 0.7160 0.3019 0.6294
vn -0.3452 -0.7702 -0.5363
vn -0.3748 -0.7633 -0.5263
vn -0.8787 -0.0923 -0.4683
vn -0.8087 -0.1338 -0.5728
vn -0.7649 -0.5066 -0.3979
vn -0.2793 -0.8483 -0.4500
vn -0.8401 0.2490 -0.4819
vn -0.8327 0.2331 -0.5022
vn -0.7600 0.6309 -0.1565
vn -0.4626 0.8521 -0.2450
vn 0.7741 0.0831 0.6276
vn 0.6598 0.4977 0.5630
vn 0.0867 0.1972 0.9765
vn 0.3061 0.0802 0.9486
vn 0.0546 0.0843 0.9949
vn -0.2109 0.1264 0.9693
vn -0.5801 -0.1270 0.8045
vn -0.5939 -0.5419 0.5946
vn -0.7361 -0.4013 0.5451
vn 0.0832 -0.4950 0.8649
vn -0.0688 -0.6686 0.7404
vn -0.3065 -0.2916 0.9061
vn 0.6805 -0.3946 0.6175
vn 0.8861 -0.3779 0.2684
vn 0.3959 -0.9087 0.1325
vn -0.2285 -0.9607 0.1577
vn -0.7610 -0.5626 0.3230
vn 0.2410 -0.9689 0.0568
vn -0.2059 -0.8811 -0.4257
vn -0.8665 -0.2230 -0.4466
vn -0.5352 -0.6409 -0.5503
vn -0.4248 -0.7186 -0.5506
vn -0.5029 -0.6604 -0.5577
vn -0.7382 -0.2577 -0.6234
vn -0.7293 -0.2426 -0.6398
vn -0.8167 0.0127 -0.5769
vn -0.2913 -0.8474 -0.4439
vn -0.5723 -0.6401 -0.5126
vn -0.9208 0.0269 -0.3891
vn -0.5354 -0.7456 -0.3967
vn -0.1595 -0.9263 -0.3414
vn -0.6271 0.2668 -0.7318
vn -0.3357 -0.5418 -0.7706
vn -0.8000 0.3798 -0.4645
vn -0.2426 -0.8705 -0.4283
vn -0.2758 -0.8802 -0.3863
vn -0.3152 -0.8240 -0.4708
vn -0.8933 -0.1671 -0.4172
vn -0.8725 0.2138 -0.4394
vn -0.7783 0.3491 -0.5219
vn -0.8474 0.1962 -0.4934
vn -0.8823 -0.0735 -0.4649
vn -0.3430 -0.7745 -0.5314
vn -0.7430 -0.2249 -0.6303
vn -0.2390 -0.7566 -0.6086
vn -0.2411 -0.7857 -0.5696
vn -0.0165 -0.8793 -0.4759
vn 0.0837 -0.8883 -0.4515
vn -0.4126 -0.6020 -0.6837
vn -0.7335 -0.3041 -0.6078
vn -0.5441 -0.6363 -0.5469
vn -0.7067 0.0830 -0.7026
vn -0.8120 0.4829 -0.3278
vn -0.6822 0.0974 -0.7246
vn -0.1490 -0.8598 -0.4884
vn -0.5898 -0.5233 -0.6151
vn -0.4103 -0.6712 -0.6174
vn -0.0140 -0.8709 -0.4913
vn -0.9597 -0.1311 -0.2486
vn 0.3856 -0.8753 -0.2918
vn -0.0707 -0.9110 -0.4064
vn 0.0067 -0.9282 -0.3721
vn -0.2975 -0.9506 0.0889
vn 0.3926 -0.8852 -0.2495
vn 0.4914 -0.8189 -0.2967
vn 0.3845 -0.8249 -0.4142
vn -0.6558 -0.4191 -0.6279
vn -0.8006 -0.4438 -0.4025
vn -0.9142 -0.1347 -0.3821
vn -0.0961 -0.7600 -0.6428
vn 0.3784 -0.8884 -0.2599
vn 0.6743 -0.7367 -0.0506
vn 0.7155 -0.6817 -0.1530
vn 0.1640 -0.8009 -0.5759
vn -0.4829 0.2501 -0.8392
vn -0.2029 -0.7177 -0.6662
vn -0.9102 0.0030 -0.4141
vn -0.8572 -0.0862 -0.5077
vn -0.5320 -0.6053 -0.5921
vn -0.0559 -0.6581 -0.7509
vn -0.2863 -0.5953 -0.7507
vn -0.8041 -0.4486 -0.3902
vn -0.5545 -0.7208 -0.4160
vn -0.6817 -0.5688 -0.4602
vn -0.2848 -0.6062 -0.7426
vn -0.8033 -0.3253 -0.4989
vn -0.8196 -0.3415 -0.4601
vn -0.7390 -0.5127 -0.4370
vn -0.4416 -0.3638 -0.8202
vn -0.3021 -0.7348 -0.6073
vn -0.3020 -0.7337 -0.6086
vn -0.8251 -0.1403 -0.5474
vn -0.2571 -0.6780 -0.6886
vn -0.9019 0.0025 -0.4319
vn -0.9319 0.3489 -0.0991
vn -0.8529 0.5198 -0.0482
vn -0.8296 0.5578 0.0226
vn -0.3543 -0.6943 -0.6264
vn -0.9186 -0.0549 -0.3914
vn -0.6118 0.7755 0.1559
vn -0.6860 0.7111 0.1542
vn -0.9185 0.3937 0.0369
vn -0.7185 0.6906 -0.0822
vn -0.7500 0.5410 -0.3806
vn -0.7034 0.6751 -0.2225
vn 0.1090 0.9927 -0.0509
vn 0.7920 0.0113 0.6104
vn 0.6714 0.5448 0.5024
vn 0.0183 0.9695 -0.2444
vn 0.2487 0.9432 0.2202
vn 0.1416 0.9888 -0.0476
vn 0.6996 0.0021 0.7146
vn 0.7877 0.2527 0.5619
vn 0.8183 0.4018 -0.4111
vn 0.8701 0.4200 -0.2578
vn -0.7250 0.5713 -0.3847
vn -0.8621 0.0737 -0.5013
vn -0.8492 -0.1448 -0.5078
vn -0.6574 0.7235 -0.2105
vn -0.4359 -0.7664 -0.4719
vn 0.1084 -0.9793 -0.1711
vn 0.6325 0.4953 0.5955
vn -0.6167 0.7856 -0.0505
vn 0.1258 0.9548 0.2692
vn -0.8570 -0.0332 -0.5143
vn 0.4073 -0.9131 -0.0183
vn 0.3513 -0.9359 -0.0263
vn -0.6059 0.7700 -0.2001
vn 0.1521 0.9204 0.3603
vn -0.5633 0.8237 -0.0648
vn 0.3675 0.8435 0.3917
vn -0.8158 0.0291 -0.5776
vn 0.8301 -0.0485 0.5555
vn 0.8383 -0.0603 0.5419
vn 0.7520 -0.5559 0.3543
vn 0.8799 0.0898 0.4665
vn -0.4357 0.8656 -0.2470
vn -0.3488 0.9331 -0.0871
vn 0.0482 0.9841 0.1712
vn 0.6550 0.5533 0.5147
vn 0.4349 0.7071 0.5575
vn 0.7204 0.2789 0.6350
vn 0.8607 -0.0755 0.5035
vn 0.4059 0.8376 0.3657
vn 0.9106 0.1929 0.3655
vn 0.0043 0.9651 0.2618
vn 0.1803 0.8463 0.5012
vn 0.7887 0.3790 0.4840
vn 0.7076 0.5321 0.4651
vn 0.1341 0.6665 0.7334
vn 0.3685 0.3600 0.8571
vn 0.4875 0.4936 0.7202
vn 0.7184 0.4275 0.5488
vn 0.6575 0.5538 0.5108
vn 0.6954 0.3903 0.6034
vn -0.3455 0.8777 0.3320
vn -0.1119 0.7733 0.6241
vn 0.2330 0.9630 0.1354
vn 0.8528 0.2259 0.4709
vn 0.6752 0.5144 0.5287
vn 0.2629 0.8840 0.3866
vn 0.6118 0.5723 0.5461
vn 0.8254 0.1749 0.5367
vn 0.8072 -0.0214 0.5899
vn 0.3369 0.7997 0.4970
vn 0.8475 -0.0712 0.5261
vn 0.8484 -0.0669 0.5252
vn 0.0576 0.9310 0.3604
vn 0.2292 0.8060 0.5457
vn 0.2539 0.9132 0.3188
vn -0.2390 0.9513 0.1947
vn -0.2416 0.9421 0.2325
vn -0.6730 0.7396 -0.0011
vn -0.4863 0.8723 0.0502
vn -0.9337 0.0715 -0.3509
vn -0.4997 -0.6515 -0.5709
vn -0.5279 -0.5788 -0.6215
vn -0.6303 -0.5200 -0.5764
vn 0.1392 -0.7132 -0.6870
vn -0.9552 -0.0422 -0.2929
vn -0.8372 -0.2188 -0.5013
vn -0.9637 0.1991 -0.1780
vn -0.7114 0.6666 0.2226
vn -0.8598 0.5050 0.0754
vn -0.3975 0.8591 0.3224
vn -0.0677 0.8963 0.4383
vn -0.3646 0.8715 0.3280
vn -0.4136 0.7889 0.4546
vn -0.4278 0.7870 0.4446
vn 0.0467 -0.7373 -0.6739
vn -0.0967 -0.0898 -0.9913
vn -0.6122 -0.2140 -0.7612
vn -0.1749 -0.4384 -0.8816
vn -0.0795 -0.5131 -0.8547
vn -0.1170 -0.7865 -0.6064
vn -0.8339 -0.2135 -0.5090
vn 0.1926 -0.8120 -0.5510
vn -0.2074 -0.7149 -0.6677
vn -0.8384 -0.2151 -0.5009
vn -0.4973 -0.5684 -0.6555
vn -0.9565 -0.2055 -0.2072
vn -0.5082 -0.5469 -0.6653
vn -0.6650 -0.3862 -0.6392
vn -0.7829 0.5838 0.2150
vn -0.4124 0.8319 0.3713
vn -0.0748 0.8718 0.4841
vn -0.3995 0.8979 0.1849
vn 0.3426 0.7091 0.6162
vn 0.6060 0.5805 0.5439
vn 0.8721 -0.0074 0.4893
vn 0.7635 0.2727 0.5855
vn 0.7649 0.2730 0.5834
vn 0.3982 0.8189 0.4133
vn 0.9029 0.1173 0.4135
vn 0.7877 0.2967 0.5399
vn 0.6337 0.6334 0.4440
vn 0.7253 0.1512 0.6716
vn -0.0860 0.9051 0.4163
vn -0.0748 0.9624 0.2610
vn -0.0793 0.9885 0.1290
vn 0.7699 0.2901 0.5684
vn 0.8844 -0.0335 0.4655
vn 0.6929 0.1302 0.7092
vn 0.0250 0.9592 0.2817
vn 0.0089 0.9711 0.2384
vn 0.7719 0.3030 0.5589
vn -0.7203 0.6158 -0.3193
vn -0.8336 0.4748 -0.2823
vn -0.3059 -0.7619 -0.5709
vn -0.7930 -0.0590 -0.6063
vn -0.8015 0.5543 -0.2244
vn -0.8677 0.4600 -0.1884
vn -0.8920 0.2095 -0.4006
vn -0.8958 0.1898 -0.4018
vn -0.8669 0.4692 -0.1685
vn -0.9390 0.1403 -0.3140
vn -0.4683 -0.7097 -0.5263
vn -0.8841 -0.0895 -0.4587
vn -0.4091 -0.7121 -0.5705
vn -0.4197 -0.7017 -0.5758
vn -0.4881 -0.2493 0.8365
vn -0.5343 -0.1306 0.8351
vn 0.0120 -0.2280 0.9736
vn 0.6840 -0.2087 0.6990
vn 0.7637 -0.1357 0.6312
vn 0.7835 0.2498 0.5690
vn 0.7768 0.2562 0.5752
vn 0.7744 0.2577 0.5778
vn 0.7254 0.3960 0.5631
vn 0.4270 0.8854 0.1837
vn 0.5501 0.3251 -0.7692
vn 0.7685 0.5865 -0.2557
vn -0.4512 0.8849 -0.1153
vn 0.6465 0.1651 0.7449
vn -0.8351 -0.1486 -0.5296
vn -0.8328 -0.1597 -0.5300
vn -0.6462 -0.4911 -0.5842
vn -0.8526 0.1155 -0.5096
vn -0.8577 0.0842 -0.5072
vn -0.4120 -0.7954 -0.4445
vn 0.8473 -0.3012 0.4373
vn -0.2128 0.9700 0.1175
vn -0.3465 0.9298 -0.1240
vn 0.3285 0.8248 0.4603
vn 0.6885 0.5031 0.5223
vn -0.8924 -0.0021 -0.4513
vn -0.4817 -0.7492 -0.4546
vn 0.2129 -0.9705 -0.1133
vn 0.4311 -0.8980 0.0883
vn -0.5323 -0.6923 -0.4872
vn -0.8486 -0.0819 -0.5227
vn -0.2280 0.9596 0.1649
vn -0.5885 0.7679 -0.2531
vn 0.6674 0.5057 0.5466
vn 0.8077 -0.3573 0.4690
vn 0.7474 0.3813 0.5441
vn 0.2741 0.9015 0.3348
vn 0.7232 -0.6224 0.2995
vn -0.8384 0.1313 -0.5289
vn -0.5867 0.7880 -0.1866
vn -0.0837 -0.8530 -0.5152
vn -0.6172 0.7646 -0.1857
vn 0.2719 0.8746 0.4014
vn -0.1874 0.9823 -0.0007
vn 0.5551 -0.1554 0.8171
vn 0.7452 0.4541 0.4884
vn -0.8616 -0.1795 0.4747
vn -0.9749 0.1641 0.1507
vn -0.8811 0.2801 0.3811
vn -0.9773 0.1735 0.1216
vn -0.9670 -0.1562 -0.2012
vn -0.8325 -0.3677 -0.4144
vn -0.9888 -0.1185 -0.0910
vn -0.9167 0.2688 0.2955
vn -0.4232 -0.6266 -0.6544
vn -0.8237 0.3511 0.4453
vn -0.6525 0.4951 0.5737
vn -0.6326 0.5164 0.5773
vn -0.8534 -0.3648 -0.3722
vn -0.4752 -0.5959 -0.6473
vn -0.8454 -0.3652 -0.3897
vn -0.8341 -0.3653 -0.4134
vn -0.8633 -0.3357 -0.3769
vn -0.5025 -0.6353 -0.5865
vn -0.4266 -0.6238 -0.6550
vn -0.3575 -0.6892 -0.6302
vn -0.4879 -0.6127 -0.6217
vn -0.4750 -0.6205 -0.6240
vn -0.8227 -0.3707 -0.4310
vn -0.8217 -0.3630 -0.4394
vn -0.5628 -0.5826 -0.5864
vn -0.8511 -0.3025 -0.4290
vn -0.5192 -0.6271 -0.5807
vn -0.8805 -0.2376 -0.4103
vn -0.9731 -0.0072 -0.2302
vn -0.9675 0.2114 -0.1387
vn -0.9912 -0.0369 -0.1272
vn -0.8291 0.5076 0.2342
vn -0.8629 0.4590 0.2117
vn -0.2191 0.7660 0.6043
vn -0.1897 0.7594 0.6223
vn 0.1099 0.8351 0.5390
vn -0.5802 0.6301 0.5161
vn -0.8639 0.4439 0.2378
vn -0.8757 0.4214 0.2358
vn -0.7816 0.2237 -0.5823
vn -0.1119 0.7182 0.6867
vn 0.3661 0.7018 0.6111
vn -0.2246 0.7876 0.5738
vn 0.3928 0.6965 0.6006
vn -0.8656 -0.2462 -0.4359
vn -0.6550 0.7260 0.2094
vn -0.9572 0.2382 -0.1643
vn -0.0538 0.8658 0.4975
vn 0.7634 0.4303 0.4817
vn 0.3885 0.6815 0.6202
vn 0.3851 0.6840 0.6196
vn 0.5523 0.5910 0.5880
vn 0.8728 0.3150 0.3727
vn 0.8070 0.3535 0.4730
vn 0.4007 0.7014 0.5895
vn 0.6985 0.5165 0.4953
vn -0.6775 0.6928 0.2469
vn -0.1861 0.8533 0.4870
vn 0.2673 0.7857 0.5579
vn -0.9519 0.1961 -0.2355
vn -0.7932 0.6090 0.0068
vn -0.8185 -0.3061 -0.4862
vn -0.5222 -0.6242 -0.5811
vn -0.8430 -0.3246 -0.4290
vn -0.8676 -0.2930 -0.4017
vn -0.9282 0.2548 -0.2710
vn -0.8116 0.5794 0.0747
vn 0.2462 0.7892 0.5626
vn 0.3808 0.6822 0.6242
vn 0.3081 0.7359 0.6029
vn 0.6113 0.5428 0.5758
vn 0.9768 -0.1063 0.1861
vn 0.8529 0.1791 0.4904
vn 0.5979 0.5599 0.5736
vn -0.2609 0.8670 0.4246
vn -0.8218 0.5651 0.0721
vn 0.2458 0.7864 0.5667
vn -0.2448 0.8736 0.4206
vn -0.9209 0.2404 -0.3068
vn -0.7848 0.6198 -0.0020
vn -0.4400 0.8714 0.2171
vn -0.9580 0.1517 -0.2432
vn -0.8127 -0.3405 -0.4728
vn -0.8525 0.4901 -0.1816
vn -0.7378 -0.4200 -0.5284
vn -0.6007 -0.6091 -0.5178
vn -0.8470 -0.2274 -0.4806
vn -0.8646 -0.1604 -0.4762
vn 0.3821 0.7326 0.5633
vn 0.6034 0.5724 0.5553
vn 0.3434 0.7657 0.5439
vn 0.6088 0.5639 0.5580
vn 0.7031 0.4559 0.5456
vn 0.4642 0.6408 0.6115
vn 0.3463 0.6640 0.6627
vn 0.7928 0.4281 0.4338
vn 0.7643 0.4661 0.4456
vn -0.1004 0.6754 0.7306
vn -0.8329 -0.3918 -0.3909
vn -0.7840 -0.4474 -0.4303
vn -0.3296 -0.6393 -0.6948
vn -0.9879 -0.1246 -0.0921
vn -0.9816 0.0089 0.1910
vn -0.7720 -0.4624 -0.4361
vn -0.7875 -0.3952 -0.4729
vn -0.9212 0.1284 0.3672
vn -0.9037 0.0536 -0.4247
vn -0.8328 0.0197 0.5533
vn -0.7799 0.0853 0.6201
vn -0.7214 0.6917 0.0332
vn -0.9655 0.0028 -0.2605
vn -0.8539 0.1006 0.5106
vn -0.2291 0.9672 -0.1100
vn -0.5963 0.4119 0.6891
vn -0.4665 0.5640 0.6814
vn -0.4683 0.5688 0.6761
vn 0.4084 0.6589 0.6317
vn 0.3876 0.7253 0.5689
vn 0.8528 0.4111 0.3222
vn 0.5995 0.5740 0.5577
vn 0.9284 0.3387 0.1527
vn 0.3174 0.6035 0.7314
vn -0.2401 0.6898 0.6830
vn 0.2116 0.6879 0.6942
vn 0.5458 0.6061 0.5787
vn 0.9311 0.3100 0.1922
vn 0.9847 0.0663 -0.1612
vn 0.9766 0.1969 0.0867
vn 0.6786 0.3327 0.6548
vn 0.9946 0.0862 0.0580
vn 0.5376 0.5488 0.6401
vn 0.8894 0.3510 0.2928
vn 0.4424 0.6435 0.6246
vn 0.8089 0.4579 0.3689
vn 0.4610 0.6199 0.6350
vn 0.7310 0.5361 0.4222
vn 0.6887 -0.0297 0.7244
vn 0.5200 0.6410 0.5645
vn 0.8643 0.3635 0.3477
vn 0.8524 0.3845 0.3544
vn 0.6818 -0.5315 -0.5026
vn 0.7485 -0.4862 -0.4510
vn 0.4307 -0.6582 -0.6175
vn -0.7221 -0.5681 -0.3947
vn 0.3234 -0.6766 -0.6615
vn 0.7597 -0.4817 -0.4368
vn 0.9972 -0.0650 0.0358
vn 0.9915 0.0045 0.1302
vn 0.7386 -0.5649 -0.3678
vn 0.8570 -0.4194 -0.2995
vn -0.1976 -0.7147 -0.6709
vn -0.4502 0.2056 0.8689
vn -0.1932 0.7948 0.5753
vn 0.0514 0.8527 0.5199
vn -0.3296 0.6795 0.6555
vn -0.3245 0.6763 0.6613
vn -0.7840 0.3970 0.4772
vn -0.1459 0.6848 0.7140
vn 0.1044 0.7132 0.6931
vn 0.6832 0.6917 0.2342
vn 0.3492 0.6513 0.6737
vn 0.1085 0.4546 0.8840
vn 0.8507 0.4499 0.2719
vn 0.8972 0.4320 0.0915
vn -0.7477 0.4113 0.5214
vn -0.1639 0.6783 0.7163
vn 0.3450 0.6671 0.6603
vn 0.3616 0.5331 0.7649
vn 0.6046 0.4680 0.6446
vn 0.6484 0.5639 0.5115
vn 0.6498 0.5622 0.5115
vn 0.8548 0.4006 0.3301
vn 0.8804 0.4654 0.0913
vn 0.8430 0.3941 0.3661
vn 0.8363 0.4284 0.3423
vn 0.9910 0.1335 0.0049
vn 0.9911 0.1329 0.0048
vn 0.9225 -0.1809 -0.3409
vn 0.5687 0.6009 0.5616
vn 0.8242 0.4294 0.3691
vn 0.4408 0.6267 0.6426
vn 0.8112 0.4553 0.3670
vn 0.1453 0.6875 0.7115
vn -0.2095 0.6784 0.7042
vn -0.5645 0.5391 0.6251
vn -0.6118 0.5256 0.5912
vn -0.6085 0.4592 0.6472
vn -0.8275 0.3213 0.4605
vn -0.1794 0.6489 0.7395
vn -0.3037 0.5876 0.7500
vn -0.5901 0.4742 0.6534
vn 0.5460 0.6222 0.5610
vn 0.4318 0.6127 0.6619
vn -0.1513 0.6857 0.7119
vn -0.5909 0.4763 0.6511
vn -0.7285 0.4342 0.5299
vn -0.8593 0.2783 0.4292
vn -0.9805 0.0735 0.1820
vn -0.7454 0.4062 0.5286
vn -0.8557 0.3407 0.3894
vn -0.9977 -0.0543 -0.0397
vn -0.9301 0.2222 0.2926
vn -0.9974 0.0176 -0.0695
vn -0.5803 -0.3219 -0.7481
vn -0.9114 -0.4099 0.0362
vn -0.9411 -0.2871 -0.1787
vn -0.1447 -0.5894 -0.7948
vn -0.0053 -0.6045 -0.7966
vn -0.5667 -0.5685 -0.5963
vn -0.4562 -0.7042 -0.5440
vn -0.0024 -0.6078 -0.7941
vn -0.5671 -0.5695 -0.5951
vn -0.8465 -0.4759 -0.2386
vn -0.9307 -0.2958 -0.2153
vn -0.9595 0.0976 0.2641
vn -0.9685 0.1340 0.2100
vn -0.5907 -0.4236 -0.6867
vn -0.8306 -0.4677 -0.3022
vn -0.3135 -0.5125 -0.7994
vn -0.9757 -0.1970 -0.0955
vn -0.9384 -0.2479 -0.2407
vn -0.0900 -0.6691 -0.7377
vn -0.3155 -0.6197 -0.7186
vn -0.7615 -0.5713 -0.3061
vn -0.3259 -0.4933 -0.8065
vn -0.3623 -0.5395 -0.7601
vn -0.0367 -0.6363 -0.7706
vn -0.0831 -0.6747 -0.7334
vn -0.8062 0.3053 0.5067
vn -0.9515 0.1193 0.2835
vn -0.8613 0.2670 0.4322
vn -0.9780 -0.1718 -0.1184
vn -0.8966 -0.3675 -0.2471
vn -0.6575 -0.5228 -0.5426
vn -0.6191 -0.5500 -0.5606
vn -0.3627 -0.6264 -0.6900
vn -0.6349 -0.5573 -0.5351
vn 0.6161 -0.3322 -0.7142
vn 0.8741 -0.2326 -0.4264
vn 0.9912 0.0812 -0.1044
vn 0.9659 0.2346 0.1097
vn 0.9610 0.2446 0.1291
vn 0.7450 -0.6634 -0.0699
vn 0.7748 -0.6263 0.0860
vn 0.8307 -0.5386 0.1409
vn -0.9287 -0.1585 -0.3353
vn -0.9129 -0.2234 -0.3416
vn -0.2021 -0.6793 -0.7054
vn -0.2263 -0.6810 -0.6965
vn -0.0452 -0.7000 -0.7128
vn 0.4347 -0.7211 -0.5395
vn 0.3852 -0.8110 -0.4404
vn 0.7524 -0.6448 -0.1347
vn 0.7533 -0.6432 -0.1373
vn 0.5972 -0.7225 -0.3485
vn 0.5758 -0.7314 -0.3654
vn 0.5622 -0.7044 -0.4333
vn 0.4441 -0.7300 -0.5195
vn 0.2065 -0.7183 -0.6644
vn -0.4481 -0.5800 -0.6803
vn 0.0658 -0.8843 -0.4623
vn -0.8375 -0.3074 -0.4518
vn -0.9749 0.2157 -0.0556
vn -0.9732 0.1113 -0.2012
vn -0.9060 0.3966 0.1478
vn -0.7549 0.5845 0.2974
vn -0.5169 0.7461 0.4197
vn 0.2966 0.7410 0.6024
vn 0.6780 0.5505 0.4871
vn 0.9627 -0.0959 0.2531
vn 0.3284 0.7722 0.5440
vn 0.9656 -0.0715 0.2501
vn 0.9035 0.1924 0.3829
vn 0.9256 0.0008 0.3786
vn 0.5829 0.6086 0.5383
vn 0.4113 0.6527 0.6363
vn 0.6127 0.4995 0.6125
vn 0.5052 0.4374 0.7439
vn 0.9090 0.2873 0.3020
vn 0.8668 0.3341 0.3700
vn 0.8981 0.4285 0.0987
vn 0.9477 0.1920 0.2550
vn 0.9738 -0.0743 -0.2148
vn 0.3063 0.7127 0.6311
vn 0.6973 0.5329 0.4794
vn 0.1854 0.6971 0.6925
vn 0.6955 0.5394 0.4747
vn 0.7801 0.4063 0.4757
vn 0.8576 0.2568 0.4457
vn 0.3767 0.7536 0.5386
vn 0.7278 0.2562 0.6362
vn 0.5237 0.7035 0.4804
vn 0.4109 0.9022 0.1309
vn 0.3794 0.8531 0.3582
vn 0.9237 -0.1738 0.3413
vn 0.5876 0.6010 0.5418
vn -0.0508 0.8435 0.5348
vn 0.8234 0.3683 0.4317
vn 0.6120 0.4992 0.6134
vn 0.8832 -0.3861 0.2663
vn 0.9366 -0.3024 0.1771
vn 0.8763 -0.4774 0.0647
vn 0.9056 -0.3966 0.1507
vn 0.9245 0.0214 0.3806
vn 0.9519 -0.1451 0.2699
vn 0.9349 -0.3524 0.0417
vn 0.8463 -0.5204 -0.1138
vn 0.9749 -0.1718 0.1418
vn 0.8930 0.2410 0.3801
vn 0.2208 0.8367 0.5012
vn 0.4227 0.6386 0.6430
vn 0.7514 0.4770 0.4560
vn 0.8285 -0.5248 -0.1953
vn -0.3555 -0.6398 -0.6813
vn 0.7630 0.3388 0.5504
vn 0.0450 0.9026 0.4280
vn 0.0016 0.9052 0.4250
vn 0.8595 -0.0850 0.5041
vn 0.3634 0.7562 0.5441
vn 0.9036 0.0191 0.4279
vn 0.8115 0.1701 0.5590
vn 0.9041 -0.2760 0.3264
vn 0.8890 -0.0835 0.4503
vn -0.4040 -0.9108 0.0856
vn 0.0267 -0.8689 -0.4943
vn -0.9159 -0.3229 -0.2386
vn -0.9167 -0.3232 -0.2350
vn -0.5299 -0.5675 -0.6302
vn -0.6789 -0.4757 -0.5593
vn -0.6585 -0.4636 -0.5929
vn -0.9578 0.2874 -0.0055
vn -0.6071 0.6563 0.4481
vn -0.0468 0.8117 0.5821
vn -0.0255 0.8055 0.5921
vn -0.2668 0.7552 0.5988
vn -0.2412 0.8545 0.4601
vn 0.6716 0.5735 0.4691
vn 0.8576 0.2754 0.4343
vn 0.7450 0.1670 0.6459
vn 0.7562 0.1138 0.6444
vn 0.8960 0.2361 0.3761
vn 0.9787 -0.1432 0.1473
vn 0.9613 0.0783 0.2641
vn 0.1377 0.8291 0.5418
vn 0.9467 0.1650 0.2765
vn 0.4256 0.5298 0.7336
vn 0.7784 0.3820 0.4982
vn 0.9717 -0.0116 0.2358
vn 0.5258 0.7905 0.3141
vn 0.8427 0.5276 -0.1073
vn 0.9740 -0.0029 0.2265
vn 0.6313 0.5293 0.5669
vn 0.7332 0.4259 0.5302
vn 0.7298 0.4589 0.5067
vn 0.7183 0.4596 0.5223
vn 0.9657 -0.2012 0.1644
vn 0.5410 0.6130 0.5757
vn 0.7656 0.4246 0.4833
vn -0.1475 0.7314 0.6658
vn -0.9855 0.0142 -0.1689
vn 0.7330 0.4932 0.4685
vn 0.6509 0.2744 0.7078
vn 0.7009 0.1550 0.6962
vn 0.7346 0.4677 0.4916
vn 0.6879 0.4960 0.5298
vn 0.2093 0.4411 0.8727
vn 0.2113 0.7160 0.6653
vn 0.1973 0.7455 0.6367
vn 0.4358 0.7461 0.5034
vn 0.9210 0.3597 0.1499
vn -0.9621 0.2696 -0.0404
vn -0.9660 0.0026 0.2586
vn -0.7903 -0.3322 -0.5149
vn -0.9972 0.0431 -0.0607
vn -0.7534 -0.4389 -0.4897
vn -0.3977 -0.5939 -0.6994
vn -0.4530 -0.6079 -0.6521
vn -0.0440 -0.6793 -0.7326
vn -0.1228 -0.6682 -0.7338
vn 0.1800 -0.6682 -0.7219
vn 0.3068 -0.6264 -0.7165
vn 0.3855 -0.6580 -0.6469
vn 0.5366 -0.5711 -0.6212
vn -0.9466 -0.1351 -0.2926
vn -0.9943 0.1049 -0.0196
vn -0.9436 -0.2022 -0.2623
vn -0.6993 -0.4640 -0.5438
vn -0.9518 0.2486 0.1796
vn -0.8285 0.4651 0.3119
vn -0.5524 0.6442 0.5290
vn -0.4016 0.7154 0.5718
vn 0.3197 0.7459 0.5842
vn 0.8515 0.3824 0.3587
vn 0.9077 0.2326 0.3492
vn 0.2627 0.6413 0.7209
vn 0.1362 0.6974 0.7036
vn 0.9412 0.2258 0.2513
vn 0.9476 -0.3098 -0.0780
vn 0.8542 -0.4299 -0.2925
vn 0.7560 -0.5581 -0.3421
vn 0.5783 -0.6468 -0.4972
vn 0.7534 -0.5768 -0.3158
vn -0.7870 -0.4856 -0.3806
vn -0.7775 -0.4884 -0.3962
vn -0.1418 -0.5972 -0.7895
vn -0.3462 -0.6512 -0.6754
vn -0.3390 -0.6174 -0.7099
vn -0.4234 -0.6264 -0.6545
vn -0.8373 -0.4073 -0.3647
vn -0.3483 -0.6592 -0.6665
vn -0.8287 -0.4100 -0.3811
vn -0.5477 -0.6342 -0.5457
vn -0.3623 -0.7457 -0.5591
vn -0.4975 -0.7022 -0.5093
vn -0.4833 -0.6989 -0.5272
vn -0.0343 -0.8646 -0.5013
vn -0.1910 -0.8105 -0.5537
vn 0.4754 -0.8033 -0.3589
vn 0.3716 -0.8078 -0.4576
vn -0.0190 -0.7840 -0.6204
vn -0.4117 -0.6654 -0.6227
vn 0.3736 -0.8069 -0.4575
vn 0.3950 -0.8020 -0.4481
vn 0.9756 -0.1463 0.1638
vn 0.7604 -0.6222 -0.1862
vn 0.9612 0.0679 0.2675
vn 0.1074 -0.7449 -0.6585
vn 0.2642 -0.7576 -0.5969
vn 0.6102 -0.6290 -0.4817
vn 0.8462 -0.4903 -0.2089
vn 0.1052 -0.7280 -0.6775
vn 0.4810 -0.7429 -0.4656
vn 0.9070 -0.3960 -0.1431
vn 0.8463 -0.4901 -0.2086
vn -0.9745 0.0189 0.2238
vn -0.9950 0.0023 0.1003
vn -0.9952 -0.0039 0.0980
vn -0.8915 -0.3320 -0.3083
vn -0.8922 -0.3307 -0.3075
vn -0.2147 -0.6195 -0.7551
vn 0.1405 -0.6469 -0.7495
vn -0.9638 0.0376 0.2638
vn -0.5928 -0.5294 -0.6068
vn 0.1112 -0.5908 -0.7991
vn -0.3706 -0.6174 -0.6939
vn -0.9836 0.0893 0.1569
vn -0.8598 0.2666 0.4354
vn -0.9918 0.0269 0.1248
vn -0.8849 -0.2916 -0.3631
vn -0.5856 -0.5346 -0.6093
vn -0.6147 -0.4804 -0.6256
vn -0.9909 0.0961 0.0938
vn -0.8834 -0.2946 -0.3645
vn -0.6006 -0.5354 -0.5938
vn -0.2727 -0.5962 -0.7551
vn -0.9192 -0.2911 -0.2651
vn -0.9447 -0.2264 -0.2373
vn -0.9727 0.1253 0.1953
vn -0.8847 0.3006 0.3564
vn -0.9436 -0.1490 -0.2957
vn -0.6059 -0.4901 -0.6266
vn -0.9576 0.2331 0.1693
vn -0.9999 -0.0147 0.0035
vn -0.7975 -0.3937 -0.4572
vn -0.7609 0.3709 0.5324
vn -0.0869 0.6860 0.7223
vn 0.4934 0.6395 0.5896
vn 0.8527 0.4050 0.3300
vn 0.4390 0.6456 0.6250
vn 0.6853 0.5375 0.4915
vn 0.0534 0.7972 0.6014
vn 0.5032 0.7469 0.4348
vn 0.9466 -0.0746 0.3135
vn 0.8098 0.4321 0.3969
vn 0.9691 0.0029 0.2468
vn 0.1781 0.7643 0.6198
vn -0.0522 0.8533 0.5188
vn -0.0934 -0.5656 -0.8194
vn -0.2048 -0.6501 -0.7317
vn 0.1582 -0.9569 -0.2435
vn 0.7873 -0.2833 -0.5476
vn 0.1378 -0.7596 -0.6357
vn 0.0847 -0.8007 -0.5931
vn 0.3722 -0.6541 -0.6585
vn 0.7468 -0.4311 -0.5064
vn 0.8556 -0.3560 -0.3757
vn 0.9825 0.1164 -0.1457
vn 0.7779 -0.1766 -0.6030
vn 0.7724 0.1622 0.6141
vn 0.8626 -0.4254 -0.2738
vn 0.6332 -0.4569 -0.6248
vn 0.0714 -0.6205 -0.7809
vn -0.2641 -0.5994 -0.7557
vn 0.1833 -0.5865 -0.7890
vn 0.2446 -0.5536 -0.7960
vn 0.6296 -0.4609 -0.6254
vn 0.9084 -0.1591 -0.3867
vn 0.7989 -0.3011 -0.5206
vn 0.6362 -0.4059 -0.6561
vn 0.5942 -0.4393 -0.6738
vn 0.5995 -0.4139 -0.6850
vn 0.2255 -0.6037 -0.7646
vn -0.9944 0.1019 -0.0287
vn -0.4971 -0.5772 -0.6479
vn -0.7799 -0.3706 -0.5044
vn -0.8095 0.4616 0.3628
vn -0.8510 0.3200 0.4163
vn -0.4993 -0.5573 -0.6634
vn 0.5292 -0.5024 -0.6837
vn 0.5124 -0.5320 -0.6741
vn 0.3070 -0.6256 -0.7172
vn 0.7237 -0.4246 -0.5440
vn 0.5391 -0.5832 -0.6076
vn 0.8328 0.2284 0.5043
vn 0.2122 0.8490 0.4839
vn 0.8611 0.1675 0.4801
vn 0.5050 0.7460 0.4341
vn 0.8682 0.1765 0.4638
vn 0.4757 0.6852 0.5516
vn -0.8132 0.3951 0.4273
vn -0.5104 0.6055 0.6106
vn -0.5727 0.5986 0.5601
vn -0.0365 0.7574 0.6519
vn 0.1385 0.6902 0.7103
vn 0.7666 0.4579 0.4501
vn -0.5839 0.4927 0.6452
vn -0.0091 0.6389 0.7692
vn -0.5842 0.4927 0.6450
vn -0.2744 -0.6054 -0.7471
vn 0.1835 -0.5866 -0.7888
vn 0.0355 -0.6640 -0.7469
vn -0.1065 -0.5983 -0.7942
vn -0.4886 0.6182 0.6158
vn -0.2918 0.6729 0.6798
vn 0.6230 0.5863 0.5178
vn -0.1457 0.6597 0.7373
vn 0.3966 0.7071 0.5854
vn 0.4856 0.6402 0.5952
vn 0.7480 0.4697 0.4689
vn 0.8503 0.3756 0.3686
vn 0.8512 0.3748 0.3675
vn 0.9810 0.1126 0.1581
vn 0.9877 -0.1467 -0.0537
vn 0.9658 0.1849 0.1817
vn 0.9864 -0.0939 -0.1349
vn 0.9684 -0.1714 -0.1810
vn 0.8059 -0.4369 -0.3995
vn 0.3856 -0.6591 -0.6457
vn 0.5737 -0.6253 -0.5291
vn 0.7464 -0.4884 -0.4520
vn -0.4053 0.8897 0.2102
vn 0.3262 0.7779 0.5370
vn 0.6287 0.5527 0.5471
vn 0.3325 0.7920 0.5121
vn 0.7201 0.4163 0.5551
vn 0.3141 0.8217 0.4756
vn -0.2064 0.9400 0.2717
vn -0.8339 0.4940 -0.2460
vn -0.9251 0.1259 -0.3583
vn -0.8768 -0.0403 -0.4791
vn -0.7527 -0.3761 -0.5404
vn -0.6992 -0.4450 -0.5596
vn -0.8591 0.4574 -0.2294
vn -0.7165 0.6709 -0.1910
vn 0.6293 0.5431 0.5559
vn 0.4105 0.7910 0.4536
vn 0.4104 0.7632 0.4991
vn 0.4530 0.6824 0.5737
vn 0.9359 0.0541 0.3480
vn 0.8401 -0.5425 -0.0039
vn 0.7542 -0.6429 -0.1337
vn 0.1803 -0.8899 -0.4190
vn 0.7972 0.2519 0.5487
vn 0.3101 -0.9260 -0.2152
vn -0.2240 -0.8689 -0.4413
vn -0.0574 -0.9391 -0.3389
vn -0.4697 -0.7184 -0.5132
vn -0.8549 -0.0726 -0.5137
vn -0.8003 -0.1971 -0.5663
vn -0.6831 0.7019 -0.2020
vn -0.6740 0.6871 -0.2713
vn -0.8567 0.3661 -0.3633
vn -0.8613 0.0706 -0.5031
vn -0.8547 0.0620 -0.5155
vn 0.3808 0.7583 0.5292
vn 0.9146 -0.1972 0.3530
vn 0.3706 -0.9095 -0.1883
vn 0.4765 -0.8722 -0.1108
vn 0.6650 -0.7290 0.1623
vn 0.7030 -0.7109 0.0215
vn 0.8611 -0.4454 0.2451
vn 0.2882 -0.9373 -0.1958
vn 0.8471 -0.4797 0.2286
vn 0.8764 -0.0385 0.4801
vn 0.7465 0.4050 0.5279
vn 0.5155 0.7063 0.4852
vn 0.6417 0.5640 0.5197
vn 0.7304 0.4277 0.5325
vn -0.8166 -0.0468 -0.5752
vn -0.4833 -0.6904 -0.5383
vn -0.7099 -0.3969 -0.5819
vn -0.7799 -0.1801 -0.5995
vn -0.7812 -0.1678 -0.6013
vn -0.6629 -0.4721 -0.5811
vn -0.5545 -0.6746 -0.4873
vn -0.5776 -0.6099 -0.5426
vn -0.7123 0.4744 -0.5172
vn -0.8051 0.0186 -0.5929
vn -0.6472 -0.5057 -0.5704
vn -0.6654 -0.4752 -0.5757
vn -0.7703 -0.0153 -0.6375
vn -0.6559 0.5279 -0.5396
vn 0.5235 -0.5424 -0.6570
vn 0.5267 -0.4775 -0.7032
vn 0.7798 -0.1633 -0.6044
vn 0.7676 -0.1677 -0.6186
vn 0.5875 0.5759 0.5685
vn 0.6357 0.5002 0.5879
vn 0.6257 0.5592 0.5438
vn 0.5595 -0.5008 -0.6605
vn 0.8229 -0.5380 -0.1827
vn 0.2322 0.8248 0.5155
vn 0.7675 -0.3711 -0.5227
vn 0.7813 -0.3707 -0.5022
vn 0.7118 -0.4548 -0.5353
vn 0.9416 -0.1697 -0.2910
vn 0.9909 0.1112 0.0762
vn 0.8444 -0.3838 -0.3738
vn 0.9519 -0.0930 -0.2920
vn 0.9527 -0.2808 -0.1163
vn 0.4118 0.8030 0.4309
vn -0.4237 -0.7698 -0.4774
vn 0.7232 -0.6640 0.1901
vn -0.2331 -0.9081 -0.3479
vn 0.8263 -0.3510 0.4405
vn 0.7226 0.3989 0.5645
vn 0.4615 0.7760 0.4299
vn 0.7079 0.4156 0.5711
vn -0.3590 -0.8672 -0.3450
vn -0.5865 -0.5998 -0.5443
vn -0.1489 -0.9407 -0.3046
vn -0.7510 -0.1892 -0.6326
vn -0.7514 -0.1765 -0.6358
vn -0.7643 0.0264 -0.6443
vn -0.6711 0.4715 -0.5721
vn -0.5995 -0.5583 -0.5735
vn -0.6881 -0.2130 -0.6936
vn -0.6842 -0.2289 -0.6925
vn -0.6350 -0.4840 -0.6021
vn -0.5751 -0.5953 -0.5612
vn -0.7100 0.0192 -0.7039
vn 0.8658 -0.0505 0.4979
vn 0.8311 0.0281 0.5555
vn 0.8114 -0.0132 0.5844
vn 0.4818 0.7179 0.5025
vn 0.3089 -0.9485 -0.0708
vn 0.5173 -0.8236 0.2326
vn -0.0051 -0.9914 -0.1308
vn 0.3365 -0.9109 0.2386
vn 0.7635 0.0888 0.6397
vn 0.5991 0.6692 0.4396
vn 0.7445 -0.5212 0.4172
vn 0.6734 -0.6044 0.4256
vn -0.7095 0.0160 -0.7045
vn -0.5891 0.5635 -0.5791
vn -0.5936 0.2577 -0.7624
vn 0.7792 0.1495 0.6087
vn 0.5754 0.6825 0.4506
vn -0.1629 -0.9773 -0.1353
vn 0.2831 -0.8870 0.3649
vn 0.2965 -0.8058 0.5126
vn 0.5154 -0.7033 0.4896
vn -0.0591 -0.9863 0.1542
vn -0.4761 -0.7177 -0.5082
vn 0.6153 -0.0678 0.7853
vn -0.2791 -0.9601 0.0169
vn -0.4718 -0.4719 -0.7448
vn -0.5719 0.2300 -0.7874
vn 0.5678 0.7123 0.4127
vn 0.5920 0.6923 0.4126
vn 0.4120 0.8405 0.3519
vn 0.6087 0.6530 0.4506
vn 0.6570 0.5341 0.5321
vn 0.5312 -0.7746 0.3432
vn 0.6503 -0.4576 0.6064
vn 0.7385 0.1876 0.6476
vn 0.6614 -0.2112 0.7197
vn 0.5770 -0.5553 0.5989
vn 0.7109 0.2769 0.6465
vn 0.5408 -0.3245 0.7761
vn -0.1475 -0.6043 -0.7829
vn 0.5775 0.7515 0.3190
vn 0.7097 0.4403 0.5500
vn -0.1518 0.7839 -0.6020
vn -0.5657 -0.5804 -0.5858
vn -0.3818 0.4197 -0.8234
vn -0.5112 -0.1226 -0.8507
vn -0.1709 0.6854 -0.7078
vn 0.6773 0.6633 0.3183
vn 0.7230 0.4493 0.5248
vn 0.3262 0.9111 -0.2521
vn -0.5334 -0.6291 -0.5655
vn -0.3791 -0.2311 -0.8960
vn -0.2351 -0.1309 -0.9631
vn -0.4492 -0.7693 -0.4543
vn 0.6507 0.5848 0.4844
vn 0.1151 -0.7280 0.6758
vn 0.0716 -0.8450 0.5299
vn -0.0481 -0.8075 -0.5878
vn -0.2055 -0.3400 -0.9177
vn 0.1457 0.5419 -0.8277
vn 0.1233 0.5328 -0.8372
vn 0.4941 -0.3919 -0.7761
vn 0.5244 0.7415 -0.4186
vn 0.8790 0.4500 0.1576
vn 0.6823 0.4038 0.6095
vn 0.5491 0.8012 -0.2380
vn 0.8982 -0.2228 0.3789
vn 0.1961 -0.8089 0.5544
vn 0.5048 -0.6318 -0.5882
vn 0.2281 -0.9497 0.2147
vn 0.7137 0.3603 -0.6007
vn 0.8377 0.4162 -0.3536
vn 0.9519 0.1336 0.2757
vn 0.6325 -0.7571 -0.1634
vn 0.9392 0.1282 0.3186
s 0
usemtl Archer_ForestTunic
f 5//1 6//1 4//1
f 6//2 5//2 239//2
f 11//3 12//3 14//3
f 18//4 19//4 28//4
f 20//5 28//5 19//5
f 15//6 20//6 16//6
f 19//7 16//7 20//7
f 15//8 21//8 20//8
f 13//9 21//9 15//9
f 14//10 21//10 13//10
f 13//11 11//11 14//11
f 22//12 21//12 14//12
f 21//13 23//13 20//13
f 22//14 23//14 21//14
f 25//15 14//15 12//15
f 24//16 25//16 12//16
f 24//17 12//17 3//17
f 3//18 4//18 6//18
f 3//19 6//19 25//19
f 3//20 25//20 24//20
f 14//21 25//21 22//21
f 26//22 23//22 22//22
f 22//23 25//23 27//23
f 26//24 22//24 27//24
f 23//25 26//25 242//25
f 46//26 18//26 28//26
f 46//27 28//27 23//27
f 23//28 28//28 20//28
f 46//29 29//29 18//29
f 30//30 29//30 46//30
f 29//31 31//31 32//31
f 32//32 31//32 33//32
f 31//33 34//33 33//33
f 34//34 31//34 29//34
f 37//35 35//35 33//35
f 37//36 33//36 34//36
f 35//37 37//37 36//37
f 38//38 35//38 36//38
f 39//39 38//39 36//39
f 36//40 44//40 43//40
f 36//41 43//41 39//41
f 32//42 17//42 29//42
f 29//43 17//43 18//43
f 42//44 48//44 49//44
f 42//45 49//45 41//45
f 40//46 39//46 43//46
f 30//47 44//47 34//47
f 34//48 44//48 37//48
f 37//49 44//49 36//49
f 30//50 34//50 29//50
f 30//51 46//51 45//51
f 46//52 23//52 242//52
f 30//53 47//53 44//53
f 48//54 43//54 44//54
f 43//55 48//55 40//55
f 48//56 44//56 47//56
f 47//57 49//57 48//57
f 40//58 48//58 42//58
f 49//59 50//59 41//59
f 9//60 41//60 50//60
f 49//61 245//61 50//61
f 51//62 53//62 52//62
f 54//63 52//63 53//63
f 59//64 55//64 54//64
f 57//65 54//65 53//65
f 57//66 53//66 61//66
f 51//67 58//67 53//67
f 61//68 62//68 57//68
f 57//69 59//69 54//69
f 60//70 59//70 57//70
f 64//71 62//71 61//71
f 62//72 63//72 57//72
f 63//73 60//73 57//73
f 64//74 61//74 65//74
f 60//75 66//75 90//75
f 89//76 55//76 59//76
f 86//77 56//77 67//77
f 85//78 56//78 87//78
f 55//79 89//79 67//79
f 70//80 60//80 63//80
f 70//81 66//81 60//81
f 69//82 74//82 71//82
f 74//83 69//83 72//83
f 72//84 73//84 74//84
f 73//85 83//85 75//85
f 76//86 73//86 75//86
f 73//87 76//87 74//87
f 75//88 112//88 79//88
f 77//89 74//89 76//89
f 77//90 76//90 75//90
f 78//91 77//91 75//91
f 74//92 77//92 71//92
f 71//93 77//93 91//93
f 92//94 77//94 78//94
f 78//95 75//95 93//95
f 93//96 75//96 79//96
f 79//97 80//97 93//97
f 94//98 81//98 80//98
f 79//99 82//99 80//99
f 112//100 75//100 83//100
f 87//101 56//101 86//101
f 88//102 85//102 87//102
f 59//103 60//103 90//103
f 70//104 63//104 68//104
f 91//105 70//105 68//105
f 90//106 66//106 181//106
f 181//107 66//107 70//107
f 181//108 70//108 91//108
f 91//109 68//109 69//109
f 91//110 69//110 71//110
f 181//111 91//111 92//111
f 92//112 91//112 77//112
f 189//113 78//113 93//113
f 93//114 81//114 185//114
f 93//115 80//115 81//115
f 102//116 81//116 94//116
f 79//117 95//117 82//117
f 95//118 96//118 82//118
f 96//119 95//119 292//119
f 96//120 292//120 97//120
f 82//121 96//121 80//121
f 80//122 96//122 94//122
f 96//123 97//123 94//123
f 102//124 94//124 99//124
f 94//125 97//125 98//125
f 94//126 98//126 107//126
f 94//127 100//127 99//127
f 101//128 99//128 100//128
f 102//129 99//129 104//129
f 102//130 104//130 103//130
f 103//131 105//131 102//131
f 104//132 99//132 101//132
f 106//133 101//133 100//133
f 107//134 100//134 94//134
f 107//135 98//135 108//135
f 108//136 98//136 109//136
f 109//137 98//137 97//137
f 292//138 109//138 97//138
f 292//139 95//139 111//139
f 95//140 112//140 111//140
f 112//141 295//141 111//141
f 295//142 448//142 111//142
f 142//143 293//143 295//143
f 141//144 295//144 112//144
f 141//145 112//145 83//145
f 79//146 112//146 95//146
f 113//147 65//147 61//147
f 53//148 114//148 61//148
f 61//149 114//149 113//149
f 53//150 58//150 114//150
f 117//151 119//151 118//151
f 117//152 118//152 120//152
f 122//153 121//153 120//153
f 118//154 122//154 120//154
f 447//155 128//155 127//155
f 125//156 223//156 126//156
f 126//157 223//157 215//157
f 129//158 2//158 1//158
f 2//159 129//159 132//159
f 130//160 137//160 132//160
f 134//161 130//161 132//161
f 129//162 1//162 131//162
f 129//163 133//163 132//163
f 133//164 129//164 131//164
f 132//165 133//165 134//165
f 133//166 135//166 134//166
f 222//167 130//167 134//167
f 222//168 138//168 130//168
f 138//169 222//169 136//169
f 137//170 138//170 139//170
f 136//171 139//171 138//171
f 138//172 137//172 130//172
f 84//173 153//173 140//173
f 141//174 142//174 295//174
f 143//175 145//175 144//175
f 149//176 148//176 146//176
f 147//177 145//177 146//177
f 146//178 148//178 147//178
f 309//179 147//179 148//179
f 149//180 150//180 148//180
f 84//181 156//181 153//181
f 154//182 153//182 155//182
f 155//183 153//183 156//183
f 156//184 85//184 88//184
f 88//185 155//185 156//185
f 155//186 88//186 157//186
f 153//187 152//187 140//187
f 140//188 175//188 166//188
f 159//189 150//189 158//189
f 150//190 159//190 148//190
f 161//191 159//191 160//191
f 159//192 161//192 148//192
f 161//193 162//193 148//193
f 316//194 162//194 161//194
f 161//195 160//195 163//195
f 159//196 158//196 160//196
f 164//197 160//197 158//197
f 164//198 151//198 165//198
f 165//199 151//199 166//199
f 152//200 175//200 140//200
f 157//201 88//201 167//201
f 167//202 88//202 87//202
f 89//203 86//203 67//203
f 89//204 59//204 168//204
f 59//205 90//205 169//205
f 59//206 169//206 168//206
f 87//207 86//207 167//207
f 167//208 86//208 89//208
f 170//209 89//209 168//209
f 170//210 167//210 89//210
f 168//211 169//211 170//211
f 169//212 171//212 170//212
f 169//213 172//213 171//213
f 171//214 178//214 170//214
f 167//215 170//215 173//215
f 167//216 173//216 157//216
f 155//217 157//217 154//217
f 152//218 153//218 174//218
f 174//219 153//219 154//219
f 175//220 165//220 166//220
f 152//221 174//221 175//221
f 176//222 154//222 157//222
f 157//223 173//223 176//223
f 178//224 173//224 170//224
f 172//225 179//225 171//225
f 90//226 180//226 172//226
f 90//227 172//227 169//227
f 90//228 181//228 184//228
f 90//229 184//229 180//229
f 182//230 427//230 180//230
f 180//231 427//231 172//231
f 182//232 180//232 184//232
f 184//233 92//233 183//233
f 183//234 182//234 184//234
f 183//235 185//235 182//235
f 182//236 185//236 428//236
f 186//237 428//237 185//237
f 185//238 183//238 190//238
f 185//239 187//239 186//239
f 186//240 187//240 431//240
f 187//241 188//241 431//241
f 187//242 185//242 81//242
f 185//243 189//243 93//243
f 190//244 189//244 185//244
f 78//245 189//245 92//245
f 92//246 189//246 190//246
f 190//247 183//247 92//247
f 181//248 92//248 184//248
f 193//249 195//249 191//249
f 293//250 193//250 194//250
f 197//251 192//251 195//251
f 192//252 191//252 195//252
f 214//253 117//253 120//253
f 121//254 208//254 203//254
f 204//255 121//255 122//255
f 207//256 121//256 204//256
f 207//257 204//257 205//257
f 118//258 205//258 204//258
f 118//259 204//259 122//259
f 205//260 118//260 119//260
f 206//261 207//261 205//261
f 211//262 208//262 121//262
f 211//263 121//263 207//263
f 211//264 466//264 208//264
f 211//265 207//265 210//265
f 461//266 210//266 206//266
f 207//267 206//267 210//267
f 461//268 206//268 287//268
f 206//269 205//269 119//269
f 287//270 119//270 202//270
f 116//271 582//271 115//271
f 198//272 115//272 213//272
f 447//273 124//273 126//273
f 128//274 447//274 215//274
f 223//275 216//275 215//275
f 218//276 216//276 217//276
f 215//277 216//277 219//277
f 219//278 216//278 218//278
f 218//279 220//279 219//279
f 1//280 10//280 249//280
f 131//281 1//281 249//281
f 222//282 223//282 125//282
f 199//283 123//283 231//283
f 227//284 226//284 230//284
f 228//285 226//285 227//285
f 226//286 283//286 212//286
f 283//287 226//287 228//287
f 283//288 228//288 229//288
f 230//289 226//289 212//289
f 230//290 212//290 199//290
f 231//291 230//291 199//291
f 231//292 123//292 232//292
f 234//293 136//293 222//293
f 234//294 222//294 125//294
f 9//295 50//295 235//295
f 235//296 8//296 9//296
f 237//297 8//297 236//297
f 236//298 8//298 235//298
f 235//299 238//299 236//299
f 237//300 236//300 7//300
f 236//301 238//301 7//301
f 7//302 239//302 5//302
f 239//303 7//303 238//303
f 6//304 239//304 240//304
f 241//305 6//305 240//305
f 243//306 241//306 240//306
f 241//307 243//307 27//307
f 241//308 25//308 6//308
f 27//309 25//309 241//309
f 242//310 45//310 46//310
f 243//311 26//311 27//311
f 244//312 26//312 243//312
f 45//313 242//313 244//313
f 30//314 45//314 244//314
f 30//315 244//315 47//315
f 244//316 242//316 26//316
f 246//317 221//317 249//317
f 221//318 248//318 249//318
f 250//319 249//319 248//319
f 10//320 246//320 249//320
f 250//321 248//321 251//321
f 249//322 250//322 131//322
f 251//323 247//323 218//323
f 218//324 247//324 220//324
f 120//325 121//325 203//325
f 120//326 203//326 214//326
f 224//327 283//327 252//327
f 259//328 231//328 232//328
f 259//329 232//329 233//329
f 254//330 256//330 233//330
f 256//331 254//331 253//331
f 257//332 253//332 255//332
f 258//333 256//333 253//333
f 262//334 253//334 257//334
f 262//335 258//335 253//335
f 256//336 258//336 261//336
f 231//337 259//337 230//337
f 261//338 259//338 233//338
f 261//339 233//339 256//339
f 263//340 262//340 257//340
f 257//341 255//341 265//341
f 257//342 265//342 263//342
f 255//343 264//343 265//343
f 266//344 265//344 264//344
f 271//345 266//345 264//345
f 269//346 267//346 268//346
f 267//347 269//347 271//347
f 272//348 271//348 269//348
f 268//349 275//349 270//349
f 266//350 271//350 272//350
f 270//351 269//351 268//351
f 269//352 270//352 272//352
f 275//353 268//353 273//353
f 273//354 274//354 275//354
f 275//355 272//355 270//355
f 225//356 224//356 252//356
f 276//357 277//357 225//357
f 276//358 280//358 278//358
f 276//359 278//359 277//359
f 225//360 277//360 200//360
f 277//361 278//361 200//361
f 278//362 280//362 281//362
f 280//363 276//363 282//363
f 276//364 225//364 279//364
f 252//365 279//365 225//365
f 252//366 283//366 229//366
f 279//367 252//367 284//367
f 282//368 276//368 279//368
f 281//369 280//369 285//369
f 278//370 281//370 201//370
f 201//371 281//371 202//371
f 284//372 282//372 279//372
f 280//373 282//373 285//373
f 285//374 286//374 281//374
f 202//375 281//375 287//375
f 119//376 287//376 206//376
f 288//377 144//377 145//377
f 288//378 145//378 147//378
f 147//379 289//379 288//379
f 291//380 144//380 288//380
f 144//381 291//381 296//381
f 142//382 143//382 293//382
f 143//383 292//383 293//383
f 293//384 294//384 295//384
f 193//385 293//385 292//385
f 195//386 193//386 292//386
f 194//387 294//387 293//387
f 294//388 196//388 448//388
f 448//389 196//389 197//389
f 294//390 448//390 295//390
f 110//391 292//391 143//391
f 292//392 110//392 109//392
f 296//393 110//393 143//393
f 296//394 143//394 144//394
f 296//395 291//395 297//395
f 288//396 289//396 290//396
f 300//397 290//397 289//397
f 300//398 289//398 298//398
f 290//399 300//399 299//399
f 299//400 291//400 290//400
f 291//401 288//401 290//401
f 296//402 297//402 304//402
f 304//403 301//403 296//403
f 302//404 301//404 304//404
f 291//405 299//405 297//405
f 303//406 304//406 297//406
f 302//407 304//407 305//407
f 306//408 367//408 302//408
f 306//409 302//409 305//409
f 306//410 305//410 307//410
f 303//411 305//411 304//411
f 297//412 299//412 303//412
f 303//413 299//413 308//413
f 289//414 147//414 309//414
f 298//415 289//415 309//415
f 309//416 310//416 298//416
f 310//417 311//417 298//417
f 310//418 309//418 312//418
f 313//419 309//419 148//419
f 313//420 148//420 162//420
f 313//421 162//421 316//421
f 309//422 313//422 312//422
f 311//423 310//423 314//423
f 316//424 315//424 313//424
f 316//425 161//425 163//425
f 318//426 164//426 165//426
f 174//427 154//427 319//427
f 177//428 154//428 176//428
f 175//429 174//429 319//429
f 321//430 177//430 320//430
f 320//431 177//431 176//431
f 177//432 321//432 326//432
f 319//433 322//433 175//433
f 323//434 154//434 177//434
f 154//435 323//435 319//435
f 319//436 323//436 324//436
f 322//437 325//437 175//437
f 175//438 326//438 165//438
f 325//439 326//439 175//439
f 165//440 326//440 318//440
f 328//441 318//441 326//441
f 326//442 325//442 327//442
f 160//443 164//443 317//443
f 317//444 164//444 318//444
f 330//445 317//445 318//445
f 318//446 328//446 330//446
f 321//447 328//447 326//447
f 328//448 321//448 331//448
f 331//449 332//449 328//449
f 330//450 392//450 329//450
f 329//451 317//451 330//451
f 329//452 333//452 334//452
f 335//453 334//453 333//453
f 333//454 336//454 335//454
f 334//455 163//455 329//455
f 329//456 163//456 160//456
f 329//457 160//457 317//457
f 315//458 316//458 335//458
f 335//459 316//459 163//459
f 315//460 335//460 336//460
f 398//461 333//461 329//461
f 329//462 392//462 338//462
f 332//463 330//463 328//463
f 348//464 330//464 332//464
f 320//465 176//465 173//465
f 178//466 340//466 173//466
f 320//467 173//467 340//467
f 342//468 340//468 178//468
f 342//469 178//469 339//469
f 339//470 341//470 342//470
f 340//471 321//471 320//471
f 343//472 340//472 342//472
f 340//473 343//473 344//473
f 340//474 344//474 321//474
f 343//475 342//475 350//475
f 345//476 344//476 343//476
f 344//477 331//477 321//477
f 331//478 344//478 345//478
f 332//479 331//479 345//479
f 332//480 345//480 346//480
f 349//481 346//481 345//481
f 347//482 345//482 343//482
f 347//483 343//483 350//483
f 342//484 351//484 352//484
f 353//485 352//485 351//485
f 341//486 179//486 354//486
f 355//487 354//487 179//487
f 351//488 354//488 353//488
f 342//489 352//489 350//489
f 357//490 353//490 356//490
f 358//491 356//491 353//491
f 359//492 356//492 358//492
f 354//493 358//493 353//493
f 341//494 171//494 179//494
f 427//495 179//495 172//495
f 427//496 182//496 428//496
f 105//497 188//497 187//497
f 187//498 81//498 102//498
f 437//499 105//499 103//499
f 360//500 103//500 104//500
f 106//501 100//501 361//501
f 361//502 100//502 107//502
f 109//503 107//503 108//503
f 107//504 362//504 361//504
f 109//505 110//505 363//505
f 109//506 363//506 107//506
f 362//507 107//507 367//507
f 107//508 363//508 367//508
f 368//509 361//509 362//509
f 301//510 363//510 110//510
f 110//511 296//511 301//511
f 367//512 301//512 302//512
f 368//513 307//513 305//513
f 368//514 305//514 364//514
f 365//515 305//515 303//515
f 366//516 303//516 308//516
f 303//517 366//517 365//517
f 372//518 366//518 308//518
f 365//519 366//519 369//519
f 367//520 306//520 307//520
f 364//521 305//521 365//521
f 371//522 365//522 369//522
f 373//523 369//523 370//523
f 370//524 369//524 372//524
f 372//525 369//525 366//525
f 365//526 371//526 364//526
f 307//527 368//527 362//527
f 307//528 362//528 367//528
f 371//529 361//529 368//529
f 368//530 364//530 371//530
f 369//531 373//531 374//531
f 369//532 374//532 371//532
f 376//533 370//533 372//533
f 372//534 378//534 376//534
f 378//535 372//535 308//535
f 308//536 299//536 300//536
f 300//537 377//537 308//537
f 300//538 298//538 377//538
f 377//539 298//539 311//539
f 377//540 311//540 379//540
f 377//541 378//541 308//541
f 311//542 380//542 379//542
f 377//543 379//543 378//543
f 378//544 384//544 376//544
f 376//545 381//545 370//545
f 373//546 370//546 375//546
f 376//547 383//547 381//547
f 381//548 383//548 382//548
f 375//549 381//549 382//549
f 383//550 376//550 384//550
f 379//551 604//551 378//551
f 311//552 407//552 380//552
f 312//553 314//553 310//553
f 312//554 386//554 314//554
f 387//555 313//555 315//555
f 388//556 389//556 336//556
f 336//557 389//557 315//557
f 387//558 312//558 313//558
f 312//559 387//559 386//559
f 390//560 386//560 387//560
f 387//561 391//561 390//561
f 387//562 315//562 389//562
f 337//563 336//563 333//563
f 337//564 333//564 398//564
f 338//565 398//565 329//565
f 338//566 392//566 395//566
f 392//567 330//567 348//567
f 392//568 393//568 395//568
f 395//569 393//569 394//569
f 393//570 392//570 348//570
f 396//571 338//571 395//571
f 396//572 395//572 397//572
f 338//573 396//573 398//573
f 396//574 397//574 399//574
f 398//575 399//575 337//575
f 398//576 396//576 399//576
f 336//577 337//577 388//577
f 389//578 391//578 387//578
f 401//579 388//579 337//579
f 401//580 337//580 399//580
f 401//581 403//581 388//581
f 397//582 401//582 399//582
f 397//583 410//583 402//583
f 397//584 403//584 401//584
f 403//585 404//585 388//585
f 389//586 388//586 400//586
f 391//587 389//587 400//587
f 405//588 391//588 400//588
f 390//589 406//589 386//589
f 314//590 386//590 407//590
f 314//591 407//591 311//591
f 385//592 380//592 407//592
f 407//593 624//593 385//593
f 406//594 407//594 386//594
f 407//595 406//595 624//595
f 406//596 627//596 624//596
f 406//597 390//597 641//597
f 408//598 390//598 391//598
f 408//599 391//599 405//599
f 400//600 388//600 404//600
f 403//601 397//601 402//601
f 402//602 409//602 403//602
f 404//603 403//603 409//603
f 404//604 409//604 400//604
f 650//605 409//605 402//605
f 402//606 410//606 650//606
f 395//607 410//607 397//607
f 410//608 395//608 394//608
f 410//609 645//609 650//609
f 650//610 645//610 644//610
f 346//611 411//611 348//611
f 346//612 348//612 332//612
f 645//613 411//613 346//613
f 346//614 349//614 645//614
f 411//615 394//615 348//615
f 393//616 348//616 394//616
f 411//617 410//617 394//617
f 645//618 410//618 411//618
f 349//619 345//619 347//619
f 940//620 349//620 347//620
f 347//621 350//621 412//621
f 350//622 352//622 412//622
f 357//623 432//623 413//623
f 353//624 412//624 352//624
f 412//625 353//625 357//625
f 347//626 412//626 417//626
f 417//627 412//627 418//627
f 416//628 414//628 420//628
f 420//629 414//629 418//629
f 414//630 415//630 417//630
f 414//631 417//631 418//631
f 941//632 417//632 415//632
f 659//633 415//633 414//633
f 659//634 414//634 660//634
f 418//635 412//635 357//635
f 418//636 357//636 413//636
f 418//637 413//637 419//637
f 420//638 418//638 419//638
f 420//639 419//639 416//639
f 414//640 416//640 421//640
f 414//641 421//641 660//641
f 416//642 422//642 421//642
f 662//643 421//643 422//643
f 422//644 416//644 423//644
f 424//645 423//645 416//645
f 424//646 425//646 423//646
f 425//647 424//647 432//647
f 426//648 425//648 432//648
f 432//649 357//649 356//649
f 356//650 433//650 432//650
f 358//651 429//651 359//651
f 429//652 358//652 355//652
f 358//653 354//653 355//653
f 355//654 179//654 427//654
f 427//655 428//655 355//655
f 429//656 355//656 428//656
f 430//657 429//657 428//657
f 359//658 433//658 356//658
f 433//659 426//659 432//659
f 425//660 440//660 423//660
f 440//661 425//661 426//661
f 434//662 433//662 359//662
f 359//663 429//663 430//663
f 430//664 434//664 359//664
f 431//665 430//665 186//665
f 430//666 428//666 186//666
f 188//667 435//667 431//667
f 431//668 435//668 436//668
f 435//669 438//669 436//669
f 435//670 188//670 105//670
f 187//671 102//671 105//671
f 105//672 437//672 435//672
f 435//673 437//673 438//673
f 437//674 439//674 438//674
f 440//675 426//675 439//675
f 439//676 426//676 438//676
f 437//677 441//677 439//677
f 747//678 440//678 439//678
f 441//679 437//679 446//679
f 437//680 103//680 360//680
f 360//681 104//681 442//681
f 442//682 104//682 106//682
f 106//683 104//683 101//683
f 360//684 442//684 444//684
f 444//685 446//685 360//685
f 446//686 444//686 445//686
f 106//687 632//687 442//687
f 106//688 361//688 443//688
f 443//689 361//689 371//689
f 371//690 374//690 443//690
f 631//691 106//691 443//691
f 106//692 631//692 632//692
f 631//693 443//693 375//693
f 373//694 375//694 443//694
f 443//695 374//695 373//695
f 124//696 447//696 127//696
f 215//697 447//697 126//697
f 197//698 195//698 292//698
f 197//699 292//699 111//699
f 197//700 111//700 448//700
f 461//701 287//701 281//701
f 286//702 285//702 450//702
f 450//703 285//703 451//703
f 285//704 282//704 452//704
f 229//705 453//705 252//705
f 252//706 453//706 284//706
f 228//707 453//707 229//707
f 284//708 457//708 282//708
f 281//709 286//709 449//709
f 455//710 449//710 286//710
f 455//711 286//711 450//711
f 451//712 454//712 450//712
f 455//713 456//713 449//713
f 461//714 281//714 456//714
f 456//715 281//715 449//715
f 455//716 450//716 454//716
f 452//717 454//717 451//717
f 285//718 452//718 451//718
f 457//719 452//719 282//719
f 458//720 452//720 457//720
f 453//721 457//721 284//721
f 459//722 457//722 453//722
f 228//723 459//723 453//723
f 458//724 460//724 452//724
f 454//725 452//725 460//725
f 454//726 460//726 455//726
f 456//727 499//727 461//727
f 499//728 456//728 455//728
f 499//729 455//729 460//729
f 460//730 458//730 462//730
f 462//731 458//731 463//731
f 462//732 463//732 501//732
f 501//733 463//733 464//733
f 462//734 501//734 465//734
f 466//735 460//735 462//735
f 462//736 465//736 466//736
f 459//737 464//737 463//737
f 457//738 463//738 458//738
f 457//739 459//739 463//739
f 470//740 227//740 230//740
f 469//741 230//741 259//741
f 259//742 260//742 469//742
f 470//743 230//743 469//743
f 228//744 227//744 474//744
f 459//745 228//745 467//745
f 467//746 228//746 472//746
f 472//747 228//747 474//747
f 470//748 468//748 227//748
f 473//749 468//749 470//749
f 473//750 470//750 469//750
f 468//751 474//751 227//751
f 474//752 468//752 473//752
f 471//753 473//753 469//753
f 471//754 469//754 475//754
f 475//755 469//755 260//755
f 260//756 476//756 475//756
f 476//757 260//757 261//757
f 259//758 261//758 260//758
f 481//759 262//759 263//759
f 262//760 481//760 258//760
f 480//761 481//761 263//761
f 263//762 265//762 479//762
f 479//763 265//763 477//763
f 478//764 477//764 265//764
f 265//765 266//765 488//765
f 488//766 478//766 265//766
f 479//767 480//767 263//767
f 481//768 482//768 258//768
f 482//769 261//769 258//769
f 482//770 476//770 261//770
f 483//771 482//771 481//771
f 481//772 480//772 483//772
f 485//773 475//773 476//773
f 485//774 476//774 482//774
f 485//775 482//775 483//775
f 513//776 485//776 498//776
f 485//777 483//777 498//777
f 483//778 480//778 484//778
f 498//779 483//779 484//779
f 484//780 480//780 479//780
f 479//781 477//781 486//781
f 486//782 477//782 478//782
f 486//783 478//783 488//783
f 488//784 266//784 272//784
f 488//785 272//785 275//785
f 489//786 488//786 275//786
f 486//787 488//787 490//787
f 490//788 491//788 486//788
f 486//789 515//789 479//789
f 479//790 515//790 484//790
f 515//791 486//791 491//791
f 489//792 490//792 488//792
f 489//793 492//793 490//793
f 492//794 491//794 490//794
f 494//795 491//795 492//795
f 493//796 492//796 489//796
f 493//797 489//797 275//797
f 275//798 274//798 493//798
f 493//799 494//799 492//799
f 491//800 494//800 495//800
f 495//801 494//801 496//801
f 494//802 493//802 496//802
f 497//803 495//803 696//803
f 495//804 496//804 696//804
f 498//805 495//805 497//805
f 495//806 498//806 491//806
f 821//807 274//807 487//807
f 487//808 198//808 213//808
f 213//809 115//809 582//809
f 116//810 209//810 582//810
f 116//811 208//811 209//811
f 208//812 116//812 203//812
f 222//813 217//813 223//813
f 217//814 134//814 135//814
f 217//815 222//815 134//815
f 235//816 50//816 245//816
f 245//817 49//817 244//817
f 244//818 49//818 47//818
f 244//819 243//819 245//819
f 245//820 243//820 238//820
f 245//821 238//821 235//821
f 238//822 240//822 239//822
f 238//823 243//823 240//823
f 223//824 217//824 216//824
f 251//825 133//825 250//825
f 133//826 131//826 250//826
f 135//827 133//827 218//827
f 218//828 133//828 251//828
f 301//829 367//829 363//829
f 210//830 461//830 211//830
f 499//831 211//831 461//831
f 499//832 460//832 500//832
f 460//833 466//833 500//833
f 465//834 501//834 502//834
f 466//835 465//835 503//835
f 208//836 466//836 503//836
f 503//837 465//837 502//837
f 501//838 506//838 502//838
f 504//839 501//839 464//839
f 511//840 505//840 504//840
f 504//841 505//841 507//841
f 504//842 506//842 501//842
f 507//843 506//843 504//843
f 506//844 508//844 509//844
f 506//845 507//845 591//845
f 507//846 505//846 510//846
f 511//847 504//847 517//847
f 467//848 504//848 464//848
f 517//849 504//849 472//849
f 472//850 504//850 467//850
f 516//851 472//851 474//851
f 474//852 473//852 518//852
f 516//853 474//853 518//853
f 473//854 471//854 518//854
f 600//855 475//855 512//855
f 475//856 485//856 513//856
f 513//857 514//857 475//857
f 484//858 515//858 498//858
f 498//859 497//859 513//859
f 498//860 515//860 491//860
f 218//861 217//861 135//861
f 459//862 467//862 464//862
f 516//863 517//863 472//863
f 519//864 516//864 518//864
f 516//865 519//865 517//865
f 517//866 519//866 511//866
f 475//867 600//867 471//867
f 595//868 600//868 512//868
f 600//869 521//869 471//869
f 471//870 521//870 518//870
f 521//871 519//871 518//871
f 524//872 322//872 319//872
f 322//873 525//873 325//873
f 324//874 524//874 319//874
f 327//875 323//875 177//875
f 327//876 325//876 525//876
f 324//877 323//877 522//877
f 524//878 324//878 523//878
f 525//879 322//879 524//879
f 522//880 526//880 324//880
f 324//881 526//881 523//881
f 527//882 523//882 526//882
f 522//883 327//883 531//883
f 522//884 531//884 529//884
f 522//885 529//885 526//885
f 531//886 327//886 525//886
f 525//887 524//887 528//887
f 526//888 529//888 530//888
f 530//889 527//889 526//889
f 527//890 524//890 523//890
f 524//891 527//891 532//891
f 528//892 524//892 532//892
f 532//893 527//893 530//893
f 535//894 530//894 529//894
f 535//895 529//895 531//895
f 531//896 536//896 535//896
f 532//897 533//897 528//897
f 532//898 530//898 534//898
f 534//899 530//899 535//899
f 534//900 535//900 536//900
f 534//901 536//901 539//901
f 537//902 532//902 534//902
f 533//903 532//903 537//903
f 533//904 542//904 528//904
f 528//905 542//905 531//905
f 528//906 531//906 525//906
f 536//907 531//907 538//907
f 549//908 531//908 542//908
f 531//909 549//909 538//909
f 536//910 538//910 539//910
f 539//911 537//911 534//911
f 537//912 540//912 533//912
f 537//913 539//913 540//913
f 546//914 542//914 533//914
f 540//915 546//915 533//915
f 538//916 549//916 543//916
f 539//917 538//917 543//917
f 539//918 541//918 540//918
f 546//919 540//919 544//919
f 544//920 540//920 541//920
f 545//921 539//921 543//921
f 539//922 545//922 541//922
f 547//923 544//923 541//923
f 541//924 545//924 547//924
f 548//925 545//925 543//925
f 545//926 548//926 551//926
f 543//927 549//927 550//927
f 543//928 550//928 548//928
f 547//929 545//929 551//929
f 550//930 551//930 548//930
f 544//931 552//931 546//931
f 547//932 552//932 544//932
f 553//933 551//933 550//933
f 550//934 549//934 542//934
f 554//935 542//935 546//935
f 554//936 550//936 542//936
f 552//937 547//937 556//937
f 553//938 550//938 555//938
f 555//939 550//939 554//939
f 554//940 546//940 558//940
f 558//941 546//941 552//941
f 547//942 551//942 556//942
f 556//943 551//943 557//943
f 557//944 551//944 553//944
f 553//945 555//945 557//945
f 556//946 557//946 559//946
f 565//947 555//947 554//947
f 560//948 558//948 556//948
f 556//949 558//949 552//949
f 560//950 556//950 559//950
f 557//951 555//951 561//951
f 562//952 558//952 560//952
f 559//953 557//953 561//953
f 563//954 554//954 558//954
f 559//955 564//955 560//955
f 558//956 562//956 563//956
f 565//957 554//957 563//957
f 555//958 565//958 561//958
f 559//959 561//959 564//959
f 566//960 560//960 564//960
f 564//961 567//961 566//961
f 568//962 564//962 561//962
f 568//963 561//963 565//963
f 571//964 565//964 563//964
f 571//965 563//965 562//965
f 562//966 560//966 566//966
f 567//967 570//967 566//967
f 564//968 568//968 567//968
f 570//969 562//969 566//969
f 562//970 570//970 569//970
f 569//971 571//971 562//971
f 570//972 567//972 572//972
f 571//973 573//973 565//973
f 575//974 567//974 568//974
f 575//975 568//975 576//975
f 572//976 567//976 575//976
f 568//977 565//977 573//977
f 568//978 573//978 576//978
f 334//979 335//979 163//979
f 327//980 177//980 326//980
f 500//981 466//981 211//981
f 499//982 500//982 211//982
f 509//983 508//983 577//983
f 503//987 502//987 580//987
f 580//988 502//988 506//988
f 580//989 506//989 509//989
f 503//990 581//990 208//990
f 209//991 208//991 581//991
f 582//992 209//992 585//992
f 585//993 209//993 581//993
f 581//994 583//994 584//994
f 585//995 581//995 584//995
f 585//996 213//996 582//996
f 580//997 583//997 581//997
f 580//998 581//998 503//998
f 580//999 509//999 583//999
f 583//1000 590//1000 584//1000
f 584//1005 589//1005 585//1005
f 591//1009 508//1009 506//1009
f 510//1010 592//1010 507//1010
f 593//1011 510//1011 505//1011
f 505//1012 511//1012 593//1012
f 520//1013 593//1013 511//1013
f 594//1014 510//1014 593//1014
f 520//1015 511//1015 519//1015
f 601//1016 519//1016 521//1016
f 596//1017 595//1017 512//1017
f 596//1018 512//1018 514//1018
f 596//1019 597//1019 595//1019
f 600//1020 595//1020 597//1020
f 600//1021 597//1021 601//1021
f 601//1022 597//1022 598//1022
f 597//1023 599//1023 598//1023
f 600//1024 601//1024 521//1024
f 520//1025 519//1025 602//1025
f 602//1026 519//1026 598//1026
f 601//1027 598//1027 519//1027
f 522//1028 323//1028 327//1028
f 379//1029 380//1029 604//1029
f 603//1030 380//1030 385//1030
f 380//1031 603//1031 604//1031
f 385//1032 615//1032 603//1032
f 604//1033 603//1033 605//1033
f 603//1034 610//1034 605//1034
f 607//1035 606//1035 605//1035
f 378//1036 604//1036 608//1036
f 606//1037 607//1037 609//1037
f 385//1038 611//1038 615//1038
f 615//1039 611//1039 612//1039
f 612//1040 611//1040 638//1040
f 614//1041 612//1041 638//1041
f 612//1042 614//1042 613//1042
f 615//1043 612//1043 613//1043
f 613//1044 610//1044 615//1044
f 603//1045 615//1045 610//1045
f 605//1046 610//1046 607//1046
f 605//1047 606//1047 604//1047
f 616//1048 606//1048 609//1048
f 607//1049 618//1049 609//1049
f 617//1050 609//1050 618//1050
f 619//1051 617//1051 618//1051
f 620//1052 610//1052 613//1052
f 610//1053 618//1053 607//1053
f 621//1054 620//1054 613//1054
f 620//1055 621//1055 622//1055
f 610//1056 620//1056 618//1056
f 621//1057 613//1057 718//1057
f 623//1058 638//1058 611//1058
f 628//1059 623//1059 611//1059
f 628//1060 611//1060 385//1060
f 385//1061 624//1061 628//1061
f 628//1062 625//1062 623//1062
f 625//1063 626//1063 623//1063
f 625//1064 628//1064 627//1064
f 627//1065 629//1065 678//1065
f 627//1066 678//1066 625//1066
f 630//1067 629//1067 627//1067
f 406//1068 630//1068 627//1068
f 627//1069 628//1069 624//1069
f 631//1070 635//1070 632//1070
f 635//1071 631//1071 633//1071
f 633//1072 631//1072 375//1072
f 375//1073 382//1073 383//1073
f 634//1074 383//1074 384//1074
f 383//1075 633//1075 375//1075
f 633//1076 383//1076 634//1076
f 608//1077 384//1077 378//1077
f 616//1078 608//1078 604//1078
f 616//1079 604//1079 606//1079
f 616//1080 609//1080 636//1080
f 636//1081 609//1081 617//1081
f 618//1082 620//1082 622//1082
f 618//1083 622//1083 619//1083
f 621//1084 718//1084 637//1084
f 718//1085 613//1085 614//1085
f 678//1086 626//1086 625//1086
f 629//1087 630//1087 640//1087
f 630//1088 641//1088 640//1088
f 641//1089 630//1089 406//1089
f 640//1090 641//1090 642//1090
f 642//1091 641//1091 665//1091
f 641//1092 390//1092 408//1092
f 641//1093 408//1093 665//1093
f 643//1094 405//1094 400//1094
f 650//1095 644//1095 651//1095
f 645//1096 646//1096 644//1096
f 647//1097 405//1097 643//1097
f 648//1098 408//1098 405//1098
f 648//1099 405//1099 647//1099
f 643//1100 400//1100 409//1100
f 650//1101 643//1101 409//1101
f 650//1102 649//1102 643//1102
f 647//1103 643//1103 649//1103
f 653//1104 649//1104 651//1104
f 651//1105 649//1105 650//1105
f 646//1106 657//1106 644//1106
f 644//1107 657//1107 663//1107
f 646//1108 652//1108 657//1108
f 651//1109 644//1109 653//1109
f 653//1110 644//1110 663//1110
f 653//1111 654//1111 649//1111
f 656//1112 665//1112 408//1112
f 648//1113 647//1113 649//1113
f 685//1114 654//1114 653//1114
f 649//1115 654//1115 648//1115
f 408//1116 648//1116 656//1116
f 663//1117 687//1117 653//1117
f 685//1118 653//1118 687//1118
f 658//1119 657//1119 661//1119
f 659//1120 652//1120 646//1120
f 660//1121 652//1121 659//1121
f 660//1122 661//1122 652//1122
f 652//1123 661//1123 657//1123
f 660//1124 421//1124 662//1124
f 661//1125 660//1125 664//1125
f 657//1126 658//1126 663//1126
f 663//1127 658//1127 664//1127
f 687//1128 686//1128 685//1128
f 654//1129 656//1129 648//1129
f 656//1130 654//1130 655//1130
f 656//1131 655//1131 665//1131
f 640//1132 642//1132 666//1132
f 667//1133 640//1133 666//1133
f 668//1134 667//1134 666//1134
f 667//1135 668//1135 669//1135
f 667//1136 669//1136 670//1136
f 629//1137 667//1137 670//1137
f 672//1140 669//1140 668//1140
f 668//1141 674//1141 672//1141
f 666//1142 642//1142 675//1142
f 675//1143 642//1143 665//1143
f 654//1144 676//1144 655//1144
f 676//1145 654//1145 685//1145
f 666//1148 675//1148 668//1148
f 668//1149 675//1149 674//1149
f 640//1150 667//1150 629//1150
f 629//1151 670//1151 678//1151
f 678//1152 670//1152 679//1152
f 679//1153 670//1153 669//1153
f 623//1156 626//1156 681//1156
f 658//1173 661//1173 664//1173
f 520//1174 690//1174 593//1174
f 697//1175 593//1175 690//1175
f 690//1176 688//1176 697//1176
f 593//1177 697//1177 748//1177
f 690//1178 689//1178 688//1178
f 520//1179 602//1179 690//1179
f 689//1180 690//1180 602//1180
f 598//1181 691//1181 602//1181
f 598//1182 599//1182 691//1182
f 693//1183 691//1183 692//1183
f 691//1184 689//1184 602//1184
f 693//1185 689//1185 691//1185
f 689//1186 693//1186 688//1186
f 692//1187 691//1187 694//1187
f 694//1188 691//1188 599//1188
f 695//1189 597//1189 596//1189
f 512//1190 475//1190 514//1190
f 696//1191 514//1191 513//1191
f 696//1192 513//1192 497//1192
f 696//1193 496//1193 596//1193
f 696//1194 596//1194 514//1194
f 597//1195 695//1195 599//1195
f 693//1196 751//1196 688//1196
f 751//1197 693//1197 698//1197
f 698//1198 693//1198 692//1198
f 699//1199 695//1199 596//1199
f 699//1200 596//1200 496//1200
f 381//1204 375//1204 370//1204
f 339//1205 178//1205 341//1205
f 341//1206 178//1206 171//1206
f 431//1207 436//1207 434//1207
f 434//1208 430//1208 431//1208
f 433//1209 436//1209 426//1209
f 426//1210 436//1210 438//1210
f 360//1211 446//1211 437//1211
f 700//1212 445//1212 444//1212
f 700//1213 444//1213 442//1213
f 700//1214 442//1214 632//1214
f 632//1215 635//1215 701//1215
f 702//1216 701//1216 635//1216
f 703//1217 632//1217 701//1217
f 701//1218 704//1218 703//1218
f 705//1219 703//1219 704//1219
f 797//1220 705//1220 704//1220
f 704//1221 701//1221 706//1221
f 702//1222 635//1222 707//1222
f 635//1223 633//1223 707//1223
f 707//1224 633//1224 714//1224
f 634//1225 384//1225 608//1225
f 708//1226 634//1226 608//1226
f 608//1227 616//1227 708//1227
f 709//1228 708//1228 616//1228
f 619//1229 622//1229 712//1229
f 619//1230 712//1230 711//1230
f 619//1231 710//1231 617//1231
f 617//1232 709//1232 636//1232
f 636//1233 709//1233 616//1233
f 709//1234 617//1234 710//1234
f 710//1235 619//1235 711//1235
f 711//1236 715//1236 710//1236
f 710//1237 715//1237 709//1237
f 709//1238 715//1238 714//1238
f 714//1239 708//1239 709//1239
f 708//1240 714//1240 634//1240
f 634//1241 714//1241 633//1241
f 701//1242 702//1242 706//1242
f 706//1243 797//1243 704//1243
f 714//1244 715//1244 713//1244
f 713//1245 715//1245 711//1245
f 713//1246 707//1246 714//1246
f 713//1247 711//1247 712//1247
f 716//1248 712//1248 622//1248
f 716//1249 622//1249 621//1249
f 717//1250 718//1250 614//1250
f 717//1251 614//1251 719//1251
f 721//1252 719//1252 614//1252
f 719//1253 721//1253 720//1253
f 721//1254 722//1254 720//1254
f 614//1255 638//1255 721//1255
f 721//1256 723//1256 722//1256
f 723//1257 724//1257 722//1257
f 723//1258 721//1258 726//1258
f 639//1259 721//1259 638//1259
f 623//1260 639//1260 638//1260
f 639//1261 623//1261 681//1261
f 639//1262 725//1262 726//1262
f 725//1263 639//1263 681//1263
f 639//1264 726//1264 721//1264
f 726//1265 727//1265 723//1265
f 725//1270 727//1270 726//1270
f 788//1276 790//1276 722//1276
f 788//1277 722//1277 724//1277
f 723//1278 727//1278 724//1278
f 687//1299 663//1299 664//1299
f 664//1300 660//1300 745//1300
f 795//1301 662//1301 746//1301
f 746//1302 662//1302 422//1302
f 746//1303 422//1303 747//1303
f 746//1304 747//1304 705//1304
f 797//1305 746//1305 705//1305
f 445//1306 705//1306 747//1306
f 445//1307 700//1307 705//1307
f 705//1308 700//1308 703//1308
f 703//1309 700//1309 632//1309
f 748//1310 594//1310 593//1310
f 749//1311 697//1311 688//1311
f 750//1312 749//1312 688//1312
f 692//1313 694//1313 752//1313
f 753//1314 692//1314 752//1314
f 698//1315 692//1315 756//1315
f 688//1316 751//1316 750//1316
f 697//1317 749//1317 748//1317
f 755//1318 749//1318 750//1318
f 757//1319 750//1319 751//1319
f 698//1320 757//1320 751//1320
f 692//1321 753//1321 756//1321
f 698//1322 778//1322 757//1322
f 755//1323 750//1323 758//1323
f 759//1324 755//1324 758//1324
f 758//1325 760//1325 759//1325
f 755//1326 761//1326 749//1326
f 824//1327 749//1327 761//1327
f 824//1328 761//1328 762//1328
f 761//1329 755//1329 759//1329
f 761//1330 759//1330 763//1330
f 760//1331 763//1331 759//1331
f 763//1332 764//1332 761//1332
f 765//1333 763//1333 760//1333
f 765//1334 772//1334 763//1334
f 763//1335 766//1335 764//1335
f 769//1336 762//1336 761//1336
f 769//1337 761//1337 764//1337
f 762//1338 769//1338 767//1338
f 767//1339 769//1339 768//1339
f 760//1340 770//1340 765//1340
f 771//1341 770//1341 760//1341
f 770//1342 773//1342 765//1342
f 772//1343 765//1343 832//1343
f 765//1344 773//1344 832//1344
f 832//1345 773//1345 775//1345
f 773//1347 776//1347 775//1347
f 771//1349 760//1349 758//1349
f 777//1350 758//1350 750//1350
f 777//1351 750//1351 757//1351
f 782//1358 781//1358 776//1358
f 784//1359 776//1359 781//1359
f 783//1360 781//1360 782//1360
f 717//1361 719//1361 784//1361
f 784//1362 719//1362 720//1362
f 722//1363 785//1363 786//1363
f 722//1364 786//1364 720//1364
f 720//1365 786//1365 784//1365
f 785//1366 722//1366 787//1366
f 787//1367 722//1367 790//1367
f 660//1382 662//1382 1118//1382
f 1118//1383 662//1383 795//1383
f 746//1384 796//1384 795//1384
f 796//1385 746//1385 797//1385
f 797//1387 706//1387 799//1387
f 797//1388 799//1388 798//1388
f 713//1391 802//1391 707//1391
f 713//1393 716//1393 804//1393
f 621//1394 637//1394 716//1394
f 716//1395 637//1395 804//1395
f 805//1397 718//1397 717//1397
f 781//1398 717//1398 784//1398
f 783//1400 805//1400 781//1400
f 781//1401 805//1401 717//1401
f 756//1413 778//1413 698//1413
f 815//1417 754//1417 752//1417
f 752//1418 694//1418 815//1418
f 815//1419 694//1419 599//1419
f 815//1420 599//1420 695//1420
f 695//1421 754//1421 815//1421
f 695//1423 816//1423 754//1423
f 752//1424 902//1424 753//1424
f 817//1426 752//1426 754//1426
f 817//1427 902//1427 752//1427
f 817//1428 754//1428 816//1428
f 441//1435 446//1435 445//1435
f 441//1436 747//1436 439//1436
f 747//1437 441//1437 445//1437
f 422//1438 423//1438 747//1438
f 440//1439 747//1439 423//1439
f 594//1440 592//1440 510//1440
f 822//1441 748//1441 749//1441
f 822//1442 749//1442 824//1442
f 748//1443 822//1443 594//1443
f 823//1444 594//1444 822//1444
f 823//1445 822//1445 824//1445
f 824//1446 762//1446 767//1446
f 826//1447 767//1447 768//1447
f 827//1448 826//1448 768//1448
f 764//1449 766//1449 828//1449
f 766//1450 763//1450 772//1450
f 829//1451 833//1451 772//1451
f 772//1452 833//1452 766//1452
f 766//1453 830//1453 828//1453
f 831//1454 769//1454 764//1454
f 831//1455 764//1455 828//1455
f 833//1456 830//1456 766//1456
f 832//1457 829//1457 772//1457
f 786//1458 829//1458 832//1458
f 834//1459 829//1459 786//1459
f 829//1460 834//1460 833//1460
f 835//1461 833//1461 834//1461
f 836//1462 833//1462 856//1462
f 835//1463 856//1463 833//1463
f 837//1464 835//1464 834//1464
f 837//1465 834//1465 787//1465
f 787//1466 834//1466 785//1466
f 786//1467 785//1467 834//1467
f 786//1468 832//1468 775//1468
f 784//1469 786//1469 775//1469
f 824//1470 906//1470 823//1470
f 592//1471 594//1471 823//1471
f 592//1472 823//1472 838//1472
f 838//1473 823//1473 900//1473
f 825//1474 906//1474 824//1474
f 824//1475 767//1475 825//1475
f 825//1476 767//1476 826//1476
f 768//1477 842//1477 827//1477
f 843//1482 842//1482 831//1482
f 843//1483 831//1483 844//1483
f 844//1492 831//1492 851//1492
f 852//1493 844//1493 851//1493
f 851//1494 831//1494 828//1494
f 828//1495 830//1495 852//1495
f 828//1496 852//1496 851//1496
f 836//1497 830//1497 833//1497
f 830//1498 836//1498 854//1498
f 836//1499 853//1499 855//1499
f 855//1500 854//1500 836//1500
f 835//1501 837//1501 858//1501
f 858//1502 837//1502 857//1502
f 858//1503 856//1503 835//1503
f 856//1504 858//1504 836//1504
f 836//1505 858//1505 859//1505
f 859//1507 853//1507 836//1507
f 859//1508 860//1508 853//1508
f 853//1509 860//1509 864//1509
f 853//1510 864//1510 861//1510
f 854//1511 852//1511 830//1511
f 852//1512 854//1512 917//1512
f 862//1513 854//1513 855//1513
f 863//1515 862//1515 855//1515
f 863//1516 855//1516 853//1516
f 861//1521 863//1521 853//1521
f 874//1531 873//1531 872//1531
f 880//1532 874//1532 875//1532
f 854//1538 862//1538 917//1538
f 874//1545 880//1545 881//1545
f 874//1546 881//1546 873//1546
f 342//1582 341//1582 354//1582
f 342//1583 354//1583 351//1583
f 838//1584 591//1584 507//1584
f 507//1585 592//1585 838//1585
f 899//1586 838//1586 900//1586
f 508//1587 591//1587 838//1587
f 900//1588 911//1588 899//1588
f 508//1589 901//1589 577//1589
f 577//1590 817//1590 579//1590
f 817//1591 901//1591 902//1591
f 902//1592 901//1592 904//1592
f 899//1595 904//1595 901//1595
f 899//1596 901//1596 838//1596
f 901//1597 508//1597 838//1597
f 577//1598 901//1598 817//1598
f 434//1599 436//1599 433//1599
f 831//1600 768//1600 769//1600
f 842//1601 768//1601 831//1601
f 821//1602 487//1602 213//1602
f 784//1604 775//1604 776//1604
f 826//1608 906//1608 825//1608
f 823//1612 906//1612 900//1612
f 917//1626 844//1626 852//1626
f 645//1662 940//1662 646//1662
f 941//1663 646//1663 940//1663
f 646//1664 941//1664 659//1664
f 659//1665 941//1665 415//1665
f 417//1666 941//1666 347//1666
f 940//1667 347//1667 941//1667
f 349//1668 940//1668 645//1668
f 787//1669 790//1669 837//1669
f 943//1672 837//1672 790//1672
f 432//1706 424//1706 413//1706
f 419//1707 413//1707 424//1707
f 419//1708 424//1708 416//1708
f 718//1709 805//1709 637//1709
f 637//1710 805//1710 804//1710
f 803//1712 805//1712 783//1712
f 713//1740 712//1740 716//1740
f 802//1741 801//1741 707//1741
f 707//1742 801//1742 702//1742
f 745//1888 660//1888 1118//1888
f 706//1889 702//1889 799//1889
f 702//1890 801//1890 799//1890
f 686//2031 676//2031 685//2031
f 571//2093 574//2093 573//2093
f 1134//2094 571//2094 569//2094
f 571//2095 1134//2095 574//2095
f 573//2096 574//2096 1135//2096
f 569//2097 570//2097 572//2097
f 576//2098 1137//2098 575//2098
f 569//2099 572//2099 575//2099
f 1136//2100 569//2100 575//2100
f 1135//2101 1133//2101 573//2101
f 1136//2102 1134//2102 569//2102
f 1133//2103 1137//2103 576//2103
f 575//2104 1137//2104 1136//2104
f 1147//2105 574//2105 1134//2105
f 1134//2106 1136//2106 1139//2106
f 1140//2107 1137//2107 1133//2107
f 1137//2108 1140//2108 1138//2108
f 1137//2109 1138//2109 1136//2109
f 1136//2110 1138//2110 1139//2110
f 1133//2111 1135//2111 1140//2111
f 1141//2112 1138//2112 1140//2112
f 1139//2113 1138//2113 1141//2113
f 1141//2114 1142//2114 1139//2114
f 1145//2115 1142//2115 1141//2115
f 1147//2116 1134//2116 1144//2116
f 1144//2117 1134//2117 1139//2117
f 1142//2118 1144//2118 1139//2118
f 1143//2119 1145//2119 1141//2119
f 1143//2120 1146//2120 1148//2120
f 1145//2121 1143//2121 1148//2121
f 1147//2122 1149//2122 1146//2122
f 1149//2123 1147//2123 1144//2123
f 1146//2124 1149//2124 1148//2124
f 1145//2125 1148//2125 1150//2125
f 1142//2126 1145//2126 1144//2126
f 1151//2127 1144//2127 1145//2127
f 1145//2128 1150//2128 1153//2128
f 1149//2129 1144//2129 1152//2129
f 1148//2130 1149//2130 1155//2130
f 1151//2131 1145//2131 1153//2131
f 1155//2132 1150//2132 1148//2132
f 1157//2133 1144//2133 1151//2133
f 1144//2134 1157//2134 1262//2134
f 1144//2135 1262//2135 1152//2135
f 1149//2136 1152//2136 1155//2136
f 1161//2137 1262//2137 1157//2137
f 1152//2138 1154//2138 1155//2138
f 1155//2139 1156//2139 1150//2139
f 1150//2140 1156//2140 1153//2140
f 1153//2141 1157//2141 1151//2141
f 1157//2142 1153//2142 1156//2142
f 1158//2143 1156//2143 1155//2143
f 1158//2144 1155//2144 1154//2144
f 1160//2145 1156//2145 1159//2145
f 1159//2146 1156//2146 1158//2146
f 1156//2147 1160//2147 1157//2147
f 1160//2148 1161//2148 1157//2148
f 1159//2149 1162//2149 1263//2149
f 1154//2150 1163//2150 1162//2150
f 1154//2151 1162//2151 1158//2151
f 1158//2152 1162//2152 1159//2152
f 1152//2153 1163//2153 1154//2153
f 1133//2248 576//2248 573//2248
f 574//2258 1147//2258 1146//2258
f 1135//2259 574//2259 1146//2259
f 1146//2260 1143//2260 1135//2260
f 1140//2261 1135//2261 1143//2261
f 1140//2262 1143//2262 1141//2262
f 1152//2379 1262//2379 1163//2379
f 1262//2380 1161//2380 1268//2380
f 1161//2381 1160//2381 1268//2381
f 1162//2382 1163//2382 1263//2382
f 1268//2383 1160//2383 1265//2383
f 1264//2384 1160//2384 1159//2384
f 1263//2385 1264//2385 1159//2385
f 1160//2386 1264//2386 1265//2386
f 1266//2387 1262//2387 1268//2387
f 1267//2388 1264//2388 1263//2388
f 1264//2389 1267//2389 1265//2389
f 1163//2390 1262//2390 1266//2390
f 1266//2391 1269//2391 1163//2391
f 1163//2392 1269//2392 1270//2392
f 1271//2393 1270//2393 1269//2393
f 1267//2394 1271//2394 1272//2394
f 1348//2395 1268//2395 1265//2395
f 1271//2396 1267//2396 1263//2396
f 1271//2397 1263//2397 1270//2397
f 1163//2398 1270//2398 1263//2398
f 1265//2525 1267//2525 1348//2525
f 1267//2526 1272//2526 1348//2526
f 1349//2527 1353//2527 1272//2527
f 1350//2528 1268//2528 1348//2528
f 1268//2529 1350//2529 1266//2529
f 1269//2530 1273//2530 1271//2530
f 1349//2531 1272//2531 1271//2531
f 1273//2532 1349//2532 1271//2532
f 1272//2533 1353//2533 1348//2533
f 1350//2534 1351//2534 1266//2534
f 1352//2535 1351//2535 1350//2535
f 1353//2536 1349//2536 1354//2536
f 1273//2537 1354//2537 1349//2537
f 1354//2538 1355//2538 1353//2538
f 1354//2539 1273//2539 1357//2539
f 1355//2540 1348//2540 1353//2540
f 1351//2541 1416//2541 1357//2541
f 1351//2542 1357//2542 1273//2542
f 1266//2543 1351//2543 1269//2543
f 1269//2544 1351//2544 1273//2544
f 1348//2666 1355//2666 1414//2666
f 1356//2667 1414//2667 1355//2667
f 1350//2668 1348//2668 1414//2668
f 1352//2669 1416//2669 1351//2669
f 1356//2670 1355//2670 1415//2670
f 1415//2671 1355//2671 1354//2671
f 1415//2672 1354//2672 1357//2672
f 1415//2673 1357//2673 1416//2673
f 1414//2674 1356//2674 1418//2674
f 1414//2675 1419//2675 1350//2675
f 1350//2676 1419//2676 1417//2676
f 1350//2677 1417//2677 1352//2677
f 1419//2678 1414//2678 1420//2678
f 1420//2679 1414//2679 1418//2679
f 1422//2680 1356//2680 1415//2680
f 1418//2681 1356//2681 1422//2681
f 1421//2682 1415//2682 1416//2682
f 1416//2683 1352//2683 1427//2683
f 1416//2684 1427//2684 1421//2684
f 1415//2685 1421//2685 1422//2685
f 1417//2686 1427//2686 1352//2686
f 1424//2687 1420//2687 1418//2687
f 1422//2688 1424//2688 1418//2688
f 1419//2689 1420//2689 1423//2689
f 1425//2690 1424//2690 1422//2690
f 1426//2691 1422//2691 1421//2691
f 1425//2692 1422//2692 1426//2692
f 1427//2693 1417//2693 1423//2693
f 1426//2694 1421//2694 1427//2694
f 1417//2695 1419//2695 1423//2695
f 1429//2696 1420//2696 1428//2696
f 1420//2697 1429//2697 1423//2697
f 1420//2698 1430//2698 1428//2698
f 1428//2699 1444//2699 1431//2699
f 1432//2700 1431//2700 1440//2700
f 1428//2701 1431//2701 1429//2701
f 1429//2702 1483//2702 1423//2702
f 1432//2703 1438//2703 1437//2703
f 1483//2704 1433//2704 1423//2704
f 1434//2705 1427//2705 1423//2705
f 1433//2706 1434//2706 1423//2706
f 1439//2707 1437//2707 1438//2707
f 1432//2708 1440//2708 1438//2708
f 1441//2709 1439//2709 1438//2709
f 1444//2710 1440//2710 1431//2710
f 1438//2711 1445//2711 1441//2711
f 1442//2712 1646//2712 1441//2712
f 1439//2713 1441//2713 1646//2713
f 1641//2714 1646//2714 1442//2714
f 1440//2715 1445//2715 1438//2715
f 1443//2716 1445//2716 1440//2716
f 1440//2717 1444//2717 1443//2717
f 1441//2718 1445//2718 1447//2718
f 1441//2719 1447//2719 1442//2719
f 1447//2720 1445//2720 1446//2720
f 1446//2721 1445//2721 1443//2721
f 1443//2722 1444//2722 1448//2722
f 1448//2723 1444//2723 1430//2723
f 1449//2724 1448//2724 1430//2724
f 1444//2725 1428//2725 1430//2725
f 1450//2726 1449//2726 1451//2726
f 1449//2727 1430//2727 1451//2727
f 1451//2728 1456//2728 1450//2728
f 1456//2729 1451//2729 1499//2729
f 1451//2730 1426//2730 1499//2730
f 1425//2731 1426//2731 1451//2731
f 1425//2732 1430//2732 1420//2732
f 1430//2733 1425//2733 1451//2733
f 1425//2734 1420//2734 1424//2734
f 1427//2735 1499//2735 1426//2735
f 1499//2736 1452//2736 1456//2736
f 1454//2737 1450//2737 1456//2737
f 1456//2738 1452//2738 1457//2738
f 1453//2739 1443//2739 1448//2739
f 1450//2740 1454//2740 1449//2740
f 1448//2741 1449//2741 1465//2741
f 1454//2742 1456//2742 1455//2742
f 1458//2743 1468//2743 1457//2743
f 1458//2744 1459//2744 1460//2744
f 1458//2745 1460//2745 1468//2745
f 1460//2746 1459//2746 1461//2746
f 1460//2747 1461//2747 1462//2747
f 1463//2748 1460//2748 1462//2748
f 1464//2749 1456//2749 1457//2749
f 1468//2750 1464//2750 1457//2750
f 1449//2751 1454//2751 1455//2751
f 1455//2752 1456//2752 1474//2752
f 1474//2753 1456//2753 1464//2753
f 1448//2754 1465//2754 1453//2754
f 1455//2755 1465//2755 1449//2755
f 1453//2756 1466//2756 1443//2756
f 1443//2757 1466//2757 1446//2757
f 1466//2758 1479//2758 1447//2758
f 1466//2759 1447//2759 1446//2759
f 1465//2760 1467//2760 1453//2760
f 1467//2761 1465//2761 1455//2761
f 1473//2762 1474//2762 1464//2762
f 1460//2763 1469//2763 1468//2763
f 1468//2764 1469//2764 1470//2764
f 1468//2765 1470//2765 1464//2765
f 1462//2766 1471//2766 1463//2766
f 1463//2767 1472//2767 1460//2767
f 1460//2768 1698//2768 1469//2768
f 1474//2769 1475//2769 1455//2769
f 1475//2770 1467//2770 1455//2770
f 1474//2771 1473//2771 1476//2771
f 1474//2772 1476//2772 1475//2772
f 1453//2773 1467//2773 1480//2773
f 1477//2774 1467//2774 1475//2774
f 1477//2775 1475//2775 1476//2775
f 1467//2776 1478//2776 1480//2776
f 1466//2777 1453//2777 1480//2777
f 1467//2778 1477//2778 1478//2778
f 1480//2779 1701//2779 1466//2779
f 1442//2780 1479//2780 1481//2780
f 1481//2781 1479//2781 1466//2781
f 1481//2782 1466//2782 1701//2782
f 1470//2783 1469//2783 1698//2783
f 1696//2784 1473//2784 1470//2784
f 1476//2785 1473//2785 1695//2785
f 1695//2786 1473//2786 1696//2786
f 1472//2787 1698//2787 1460//2787
f 1458//2788 1501//2788 1461//2788
f 1461//2789 1459//2789 1458//2789
f 1458//2790 1457//2790 1452//2790
f 1458//2791 1452//2791 1501//2791
f 1434//2792 1499//2792 1427//2792
f 1431//2793 1432//2793 1484//2793
f 1484//2794 1432//2794 1436//2794
f 1435//2795 1506//2795 1436//2795
f 1431//2796 1484//2796 1429//2796
f 1429//2797 1484//2797 1483//2797
f 1485//2798 1484//2798 1436//2798
f 1485//2799 1512//2799 1484//2799
f 1487//2800 1486//2800 1484//2800
f 1487//2801 1488//2801 1486//2801
f 1484//2802 1486//2802 1483//2802
f 1483//2803 1486//2803 1433//2803
f 1489//2804 1486//2804 1488//2804
f 1487//2805 1546//2805 1488//2805
f 1433//2806 1486//2806 1490//2806
f 1490//2807 1486//2807 1489//2807
f 1433//2808 1490//2808 1491//2808
f 1491//2809 1492//2809 1433//2809
f 1433//2810 1492//2810 1434//2810
f 1492//2811 1491//2811 1493//2811
f 1493//2812 1491//2812 1518//2812
f 1493//2813 1520//2813 1525//2813
f 1493//2814 1518//2814 1520//2814
f 1525//2815 1496//2815 1493//2815
f 1493//2816 1494//2816 1492//2816
f 1434//2817 1492//2817 1499//2817
f 1492//2818 1494//2818 1499//2818
f 1500//2819 1494//2819 1493//2819
f 1500//2820 1493//2820 1496//2820
f 1496//2821 1525//2821 1562//2821
f 1562//2822 1495//2822 1496//2822
f 1497//2823 1496//2823 1495//2823
f 1495//2824 1503//2824 1497//2824
f 1496//2825 1498//2825 1502//2825
f 1496//2826 1502//2826 1500//2826
f 1499//2827 1500//2827 1452//2827
f 1452//2828 1500//2828 1501//2828
f 1501//2829 1498//2829 1461//2829
f 1501//2830 1500//2830 1498//2830
f 1500//2831 1502//2831 1498//2831
f 1500//2832 1499//2832 1494//2832
f 1497//2833 1462//2833 1498//2833
f 1498//2834 1462//2834 1461//2834
f 1503//2835 1495//2835 1508//2835
f 1507//2836 1503//2836 1508//2836
f 1504//2837 1507//2837 1509//2837
f 1505//2838 1550//2838 1506//2838
f 1504//2839 1509//2839 1511//2839
f 1504//2840 1503//2840 1507//2840
f 1462//2841 1497//2841 1503//2841
f 1503//2842 1482//2842 1462//2842
f 1510//2843 1503//2843 1504//2843
f 1510//2844 1482//2844 1503//2844
f 1511//2845 1509//2845 1505//2845
f 1518//2846 1491//2846 1490//2846
f 1490//2847 1489//2847 1514//2847
f 1518//2848 1490//2848 1514//2848
f 1489//2849 1513//2849 1514//2849
f 1513//2850 1522//2850 1514//2850
f 1513//2851 1489//2851 1515//2851
f 1522//2852 1516//2852 1514//2852
f 1516//2853 1519//2853 1514//2853
f 1519//2854 1517//2854 1514//2854
f 1514//2855 1517//2855 1520//2855
f 1514//2856 1520//2856 1518//2856
f 1517//2857 1519//2857 1528//2857
f 1528//2858 1519//2858 1521//2858
f 1522//2859 1513//2859 1515//2859
f 1522//2860 1523//2860 1516//2860
f 1516//2861 1524//2861 1519//2861
f 1517//2862 1528//2862 1520//2862
f 1528//2863 1527//2863 1520//2863
f 1524//2864 1521//2864 1519//2864
f 1521//2865 1524//2865 1526//2865
f 1526//2866 1527//2866 1521//2866
f 1528//2867 1521//2867 1527//2867
f 1520//2868 1527//2868 1525//2868
f 1529//2869 1527//2869 1526//2869
f 1525//2870 1527//2870 1530//2870
f 1530//2871 1527//2871 1531//2871
f 1532//2872 1530//2872 1531//2872
f 1534//2873 1526//2873 1533//2873
f 1529//2874 1526//2874 1534//2874
f 1533//2875 1535//2875 1534//2875
f 1534//2876 1667//2876 1529//2876
f 1541//2877 1535//2877 1533//2877
f 1536//2878 1537//2878 1535//2878
f 1537//2879 1536//2879 1685//2879
f 1664//2880 1685//2880 1536//2880
f 1540//2881 1664//2881 1536//2881
f 1540//2882 1538//2882 1664//2882
f 1536//2883 1535//2883 1539//2883
f 1539//2884 1535//2884 1541//2884
f 1536//2885 1539//2885 1540//2885
f 1516//2886 1533//2886 1526//2886
f 1526//2887 1524//2887 1516//2887
f 1516//2888 1523//2888 1541//2888
f 1523//2889 1542//2889 1541//2889
f 1523//2890 1515//2890 1542//2890
f 1542//2891 1515//2891 1557//2891
f 1543//2892 1557//2892 1547//2892
f 1523//2893 1522//2893 1515//2893
f 1488//2894 1515//2894 1489//2894
f 1547//2895 1545//2895 1546//2895
f 1545//2896 1515//2896 1488//2896
f 1545//2897 1488//2897 1546//2897
f 1548//2898 1546//2898 1487//2898
f 1512//2899 1487//2899 1484//2899
f 1512//2900 1548//2900 1487//2900
f 1549//2901 1485//2901 1506//2901
f 1549//2902 1506//2902 1550//2902
f 1549//2903 1512//2903 1485//2903
f 1550//2904 1505//2904 1509//2904
f 1549//2905 1550//2905 1551//2905
f 1549//2906 1552//2906 1512//2906
f 1512//2907 1552//2907 1548//2907
f 1546//2908 1553//2908 1547//2908
f 1545//2909 1547//2909 1515//2909
f 1557//2910 1515//2910 1547//2910
f 1553//2911 1546//2911 1548//2911
f 1554//2912 1548//2912 1552//2912
f 1548//2913 1554//2913 1553//2913
f 1547//2914 1544//2914 1543//2914
f 1544//2915 1547//2915 1553//2915
f 1552//2916 1549//2916 1551//2916
f 1550//2917 1509//2917 1551//2917
f 1555//2918 1554//2918 1552//2918
f 1554//2919 1555//2919 1553//2919
f 1553//2920 1555//2920 1560//2920
f 1556//2921 1555//2921 1552//2921
f 1556//2922 1552//2922 1551//2922
f 1540//2923 1542//2923 1538//2923
f 1538//2924 1557//2924 1651//2924
f 1557//2925 1538//2925 1542//2925
f 1558//2926 1543//2926 1544//2926
f 1544//2927 1653//2927 1558//2927
f 1653//2928 1544//2928 1560//2928
f 1559//2929 1653//2929 1560//2929
f 1654//2930 1559//2930 1560//2930
f 1560//2931 1544//2931 1553//2931
f 1561//2932 1556//2932 1551//2932
f 1727//2933 1530//2933 1532//2933
f 1531//2934 1527//2934 1729//2934
f 1729//2935 1527//2935 1529//2935
f 1529//2936 1668//2936 1729//2936
f 1435//3097 1638//3097 1505//3097
f 1435//3098 1505//3098 1506//3098
f 1506//3099 1485//3099 1436//3099
f 1511//3100 1505//3100 1638//3100
f 1435//3101 1436//3101 1432//3101
f 1435//3102 1432//3102 1437//3102
f 1638//3103 1435//3103 1437//3103
f 1511//3104 1638//3104 1439//3104
f 1439//3105 1638//3105 1437//3105
f 1479//3106 1442//3106 1447//3106
f 1641//3107 1442//3107 1481//3107
f 1639//3108 1640//3108 1481//3108
f 1481//3109 1640//3109 1641//3109
f 1642//3110 1641//3110 1640//3110
f 1642//3111 1644//3111 1641//3111
f 1644//3112 1642//3112 1645//3112
f 1645//3113 1650//3113 1644//3113
f 1644//3114 1646//3114 1641//3114
f 1439//3115 1646//3115 1511//3115
f 1646//3116 1644//3116 1650//3116
f 1645//3117 1648//3117 1650//3117
f 1471//3118 1649//3118 1648//3118
f 1648//3119 1649//3119 1650//3119
f 1471//3120 1462//3120 1482//3120
f 1511//3121 1646//3121 1647//3121
f 1511//3122 1647//3122 1504//3122
f 1510//3123 1504//3123 1647//3123
f 1510//3124 1649//3124 1482//3124
f 1646//3125 1650//3125 1647//3125
f 1647//3126 1650//3126 1510//3126
f 1482//3127 1649//3127 1471//3127
f 1650//3128 1649//3128 1510//3128
f 1557//3129 1543//3129 1558//3129
f 1651//3130 1557//3130 1558//3130
f 1558//3131 1652//3131 1651//3131
f 1652//3132 1558//3132 1653//3132
f 1656//3133 1652//3133 1653//3133
f 1654//3134 1560//3134 1672//3134
f 1672//3135 1675//3135 1654//3135
f 1651//3136 1652//3136 1538//3136
f 1559//3137 1656//3137 1653//3137
f 1655//3138 1654//3138 1676//3138
f 1655//3139 1559//3139 1654//3139
f 1538//3140 1652//3140 1657//3140
f 1664//3141 1538//3141 1657//3141
f 1657//3142 1652//3142 1658//3142
f 1658//3143 1652//3143 1656//3143
f 1656//3144 1559//3144 1662//3144
f 1659//3145 1662//3145 1660//3145
f 1661//3146 1657//3146 1658//3146
f 1659//3147 1658//3147 1656//3147
f 1656//3148 1662//3148 1659//3148
f 1655//3149 1662//3149 1559//3149
f 1661//3150 1658//3150 1659//3150
f 1659//3151 1660//3151 1661//3151
f 1661//3152 1663//3152 1657//3152
f 1657//3153 1663//3153 1664//3153
f 1660//3154 1665//3154 1661//3154
f 1660//3155 1662//3155 1679//3155
f 1661//3156 1632//3156 1663//3156
f 1632//3157 1661//3157 1665//3157
f 1663//3159 1685//3159 1664//3159
f 1535//3160 1537//3160 1669//3160
f 1535//3161 1669//3161 1666//3161
f 1668//3162 1529//3162 1667//3162
f 1534//3163 1535//3163 1666//3163
f 1534//3164 1666//3164 1667//3164
f 1672//3172 1555//3172 1556//3172
f 1560//3173 1555//3173 1672//3173
f 1561//3174 1673//3174 1674//3174
f 1561//3175 1674//3175 1556//3175
f 1673//3176 1561//3176 1551//3176
f 1673//3177 1551//3177 1509//3177
f 1509//3178 1507//3178 1673//3178
f 1508//3179 1673//3179 1507//3179
f 1673//3180 1508//3180 1495//3180
f 1562//3181 1525//3181 1530//3181
f 1530//3182 1674//3182 1562//3182
f 1562//3183 1674//3183 1495//3183
f 1674//3184 1673//3184 1495//3184
f 1532//3185 1675//3185 1727//3185
f 1654//3186 1675//3186 1676//3186
f 1689//3187 1662//3187 1655//3187
f 1678//3188 1689//3188 1655//3188
f 1678//3189 1655//3189 1677//3189
f 1675//3190 1532//3190 1676//3190
f 1532//3191 1531//3191 1728//3191
f 1681//3192 1532//3192 1728//3192
f 1677//3193 1532//3193 1681//3193
f 1681//3194 1678//3194 1677//3194
f 1676//3195 1532//3195 1677//3195
f 1676//3196 1677//3196 1655//3196
f 1632//3201 1633//3201 1663//3201
f 1681//3203 1682//3203 1680//3203
f 1685//3214 1663//3214 1633//3214
f 1686//3215 1685//3215 1633//3215
f 1633//3216 1634//3216 1686//3216
f 1687//3217 1686//3217 1634//3217
f 1540//3220 1539//3220 1541//3220
f 1533//3221 1516//3221 1541//3221
f 1540//3222 1541//3222 1542//3222
f 1662//3223 1689//3223 1626//3223
f 1689//3224 1678//3224 1680//3224
f 1685//3227 1686//3227 1537//3227
f 1686//3228 1687//3228 1537//3228
f 1667//3229 1669//3229 1690//3229
f 1669//3230 1537//3230 1690//3230
f 1690//3231 1537//3231 1687//3231
f 1476//3245 1694//3245 1477//3245
f 1696//3246 1470//3246 1698//3246
f 1697//3247 1695//3247 1696//3247
f 1698//3248 1697//3248 1696//3248
f 1472//3249 1704//3249 1698//3249
f 1476//3250 1695//3250 1699//3250
f 1476//3251 1699//3251 1694//3251
f 1477//3252 1693//3252 1478//3252
f 1478//3253 1693//3253 1480//3253
f 1700//3254 1480//3254 1693//3254
f 1480//3255 1700//3255 1701//3255
f 1701//3256 1700//3256 1702//3256
f 1708//3257 1693//3257 1477//3257
f 1694//3258 1708//3258 1477//3258
f 1703//3259 1695//3259 1697//3259
f 1703//3260 1699//3260 1695//3260
f 1704//3261 1697//3261 1698//3261
f 1703//3262 1697//3262 1704//3262
f 1471//3263 1705//3263 1463//3263
f 1471//3264 1648//3264 1705//3264
f 1645//3265 1643//3265 1648//3265
f 1643//3266 1645//3266 1642//3266
f 1706//3267 1472//3267 1463//3267
f 1643//3268 1642//3268 1707//3268
f 1642//3269 1640//3269 1707//3269
f 1640//3270 1714//3270 1707//3270
f 1639//3271 1714//3271 1640//3271
f 1702//3272 1481//3272 1701//3272
f 1639//3273 1481//3273 1702//3273
f 1694//3274 1709//3274 1708//3274
f 1708//3275 1709//3275 1710//3275
f 1708//3276 1710//3276 1693//3276
f 1700//3277 1693//3277 1710//3277
f 1710//3278 1718//3278 1700//3278
f 1699//3279 1703//3279 1711//3279
f 1705//3280 1706//3280 1463//3280
f 1643//3281 1707//3281 1712//3281
f 1643//3282 1712//3282 1648//3282
f 1713//3283 1712//3283 1715//3283
f 1712//3284 1713//3284 1648//3284
f 1648//3285 1713//3285 1705//3285
f 1712//3286 1707//3286 1715//3286
f 1713//3287 1716//3287 1705//3287
f 1706//3288 1705//3288 1716//3288
f 1472//3289 1734//3289 1704//3289
f 1704//3290 1734//3290 1703//3290
f 1703//3291 1717//3291 1711//3291
f 1734//3292 1472//3292 1706//3292
f 1718//3293 1722//3293 1700//3293
f 1714//3294 1639//3294 1719//3294
f 1700//3295 1722//3295 1702//3295
f 1702//3296 1719//3296 1639//3296
f 1720//3297 1719//3297 1702//3297
f 1722//3298 1720//3298 1702//3298
f 1714//3299 1719//3299 1721//3299
f 1721//3300 1719//3300 1735//3300
f 1718//3301 1723//3301 1724//3301
f 1718//3302 1724//3302 1722//3302
f 1725//3303 1736//3303 1720//3303
f 1722//3304 1725//3304 1720//3304
f 1725//3305 1722//3305 1724//3305
f 1723//3306 1726//3306 1724//3306
f 1556//3307 1727//3307 1672//3307
f 1672//3308 1727//3308 1675//3308
f 1674//3309 1530//3309 1727//3309
f 1674//3310 1727//3310 1556//3310
f 1473//3311 1464//3311 1470//3311
f 1498//3312 1496//3312 1497//3312
f 1669//3313 1667//3313 1666//3313
f 1680//3314 1678//3314 1681//3314
f 1681//3317 1728//3317 1682//3317
f 1729//3320 1684//3320 1728//3320
f 1729//3323 1728//3323 1531//3323
f 1734//3325 1730//3325 1717//3325
f 1721//3326 1731//3326 1714//3326
f 1732//3327 1713//3327 1715//3327
f 1707//3328 1714//3328 1731//3328
f 1713//3329 1732//3329 1716//3329
f 1734//3330 1706//3330 1733//3330
f 1730//3331 1734//3331 1733//3331
f 1740//3332 1733//3332 1706//3332
f 1721//3333 1745//3333 1731//3333
f 1735//3334 1745//3334 1721//3334
f 1744//3335 1707//3335 1731//3335
f 1735//3336 1719//3336 1720//3336
f 1735//3337 1720//3337 1736//3337
f 1738//3338 1725//3338 1724//3338
f 1726//3339 1738//3339 1724//3339
f 1745//3340 1735//3340 1752//3340
f 1752//3341 1735//3341 1757//3341
f 1757//3342 1735//3342 1736//3342
f 1725//3343 1737//3343 1736//3343
f 1757//3344 1736//3344 1737//3344
f 1748//3345 1725//3345 1738//3345
f 1740//3346 1706//3346 1716//3346
f 1740//3347 1716//3347 1732//3347
f 1732//3348 1742//3348 1740//3348
f 1733//3349 1739//3349 1730//3349
f 1715//3350 1707//3350 1743//3350
f 1743//3351 1707//3351 1744//3351
f 1745//3352 1744//3352 1731//3352
f 1744//3353 1750//3353 1743//3353
f 1746//3354 1742//3354 1732//3354
f 1741//3355 1742//3355 1747//3355
f 1732//3356 1715//3356 1743//3356
f 1732//3357 1743//3357 1746//3357
f 1748//3358 1737//3358 1725//3358
f 1738//3359 1726//3359 1748//3359
f 1737//3360 1748//3360 1758//3360
f 1749//3361 1742//3361 1746//3361
f 1742//3362 1749//3362 1747//3362
f 1751//3363 1744//3363 1745//3363
f 1744//3364 1751//3364 1750//3364
f 1751//3365 1753//3365 1761//3365
f 1751//3366 1761//3366 1750//3366
f 1751//3367 1745//3367 1754//3367
f 1745//3368 1752//3368 1754//3368
f 1755//3369 1753//3369 1756//3369
f 1770//3370 1751//3370 1754//3370
f 1767//3371 1754//3371 1752//3371
f 1758//3372 1763//3372 1737//3372
f 1747//3373 1749//3373 1760//3373
f 1762//3374 1760//3374 1749//3374
f 1703//3375 1734//3375 1717//3375
f 1733//3376 1740//3376 1739//3376
f 1741//3377 1740//3377 1742//3377
f 1743//3378 1750//3378 1761//3378
f 1743//3379 1761//3379 1746//3379
f 1762//3380 1749//3380 1746//3380
f 1761//3381 1753//3381 1755//3381
f 1746//3382 1761//3382 1755//3382
f 1746//3383 1755//3383 1762//3383
f 1776//3384 1756//3384 1753//3384
f 1771//3385 1754//3385 1767//3385
f 1764//3386 1760//3386 1762//3386
f 1764//3387 1765//3387 1760//3387
f 1768//3388 1758//3388 1759//3388
f 1737//3389 1763//3389 1757//3389
f 1766//3390 1763//3390 1758//3390
f 1752//3391 1757//3391 1767//3391
f 1766//3392 1758//3392 1768//3392
f 1762//3393 1755//3393 1764//3393
f 1765//3394 1764//3394 1769//3394
f 1759//3395 1769//3395 1768//3395
f 1767//3396 1757//3396 1763//3396
f 1767//3397 1763//3397 1766//3397
f 1766//3398 1773//3398 1767//3398
f 1771//3399 1767//3399 1772//3399
f 1764//3400 1755//3400 1769//3400
f 1776//3401 1753//3401 1751//3401
f 1776//3402 1751//3402 1770//3402
f 1754//3403 1771//3403 1770//3403
f 1773//3404 1772//3404 1767//3404
f 1768//3405 1773//3405 1766//3405
f 1768//3406 1774//3406 1773//3406
f 1772//3407 1773//3407 1775//3407
f 1777//3408 1768//3408 1769//3408
f 1769//3409 1755//3409 1756//3409
f 1756//3410 1777//3410 1769//3410
f 1768//3411 1777//3411 1774//3411
f 1778//3412 1756//3412 1776//3412
f 1772//3413 1775//3413 1771//3413
f 1770//3414 1771//3414 1778//3414
f 1778//3415 1771//3415 1775//3415
f 1775//3416 1773//3416 1774//3416
f 1774//3417 1777//3417 1775//3417
f 1777//3418 1756//3418 1778//3418
f 1778//3419 1776//3419 1770//3419
f 1777//3420 1778//3420 1775//3420
usemtl Archer_Leather
f 579//984 509//984 577//984
f 509//985 579//985 578//985
f 578//986 590//986 509//986
f 586//1001 578//1001 587//1001
f 589//1002 586//1002 588//1002
f 588//1003 586//1003 587//1003
f 586//1004 590//1004 578//1004
f 585//1006 589//1006 213//1006
f 213//1007 589//1007 588//1007
f 579//1008 587//1008 578//1008
f 671//1138 669//1138 672//1138
f 671//1139 672//1139 673//1139
f 655//1146 677//1146 665//1146
f 665//1147 677//1147 675//1147
f 669//1154 671//1154 679//1154
f 680//1155 673//1155 672//1155
f 678//1157 728//1157 626//1157
f 728//1158 678//1158 679//1158
f 728//1159 679//1159 671//1159
f 736//1160 673//1160 680//1160
f 672//1161 683//1161 680//1161
f 683//1162 672//1162 674//1162
f 683//1163 674//1163 675//1163
f 677//1164 655//1164 676//1164
f 675//1165 677//1165 683//1165
f 680//1166 682//1166 736//1166
f 682//1167 680//1167 683//1167
f 683//1168 677//1168 676//1168
f 682//1169 683//1169 676//1169
f 686//1170 684//1170 682//1170
f 684//1171 686//1171 743//1171
f 743//1172 686//1172 687//1172
f 818//1201 699//1201 819//1201
f 493//1202 819//1202 496//1202
f 496//1203 819//1203 699//1203
f 626//1266 728//1266 681//1266
f 728//1267 729//1267 681//1267
f 681//1268 729//1268 725//1268
f 729//1269 730//1269 725//1269
f 727//1271 725//1271 731//1271
f 725//1272 730//1272 731//1272
f 729//1273 728//1273 732//1273
f 732//1274 728//1274 733//1274
f 730//1275 734//1275 731//1275
f 735//1279 724//1279 727//1279
f 735//1280 727//1280 731//1280
f 728//1281 671//1281 673//1281
f 728//1282 673//1282 733//1282
f 736//1283 733//1283 673//1283
f 684//1284 736//1284 682//1284
f 684//1285 737//1285 736//1285
f 732//1286 733//1286 742//1286
f 729//1287 732//1287 742//1287
f 729//1288 742//1288 730//1288
f 738//1289 731//1289 734//1289
f 739//1290 731//1290 738//1290
f 734//1291 740//1291 738//1291
f 738//1292 740//1292 741//1292
f 730//1293 740//1293 734//1293
f 730//1294 742//1294 740//1294
f 742//1295 733//1295 736//1295
f 736//1296 737//1296 956//1296
f 1048//1297 737//1297 743//1297
f 743//1298 737//1298 684//1298
f 773//1346 770//1346 774//1346
f 780//1348 770//1348 771//1348
f 757//1352 778//1352 779//1352
f 758//1353 1071//1353 771//1353
f 780//1354 771//1354 1003//1354
f 1003//1355 987//1355 780//1355
f 780//1356 774//1356 770//1356
f 773//1357 808//1357 776//1357
f 735//1368 731//1368 739//1368
f 789//1369 788//1369 724//1369
f 789//1370 724//1370 735//1370
f 790//1371 788//1371 943//1371
f 791//1372 789//1372 735//1372
f 735//1373 739//1373 791//1373
f 791//1374 739//1374 792//1374
f 947//1375 791//1375 792//1375
f 948//1376 739//1376 738//1376
f 793//1377 738//1377 741//1377
f 742//1378 794//1378 740//1378
f 794//1379 742//1379 736//1379
f 744//1380 743//1380 687//1380
f 687//1381 664//1381 744//1381
f 797//1386 798//1386 796//1386
f 799//1389 800//1389 798//1389
f 800//1390 799//1390 801//1390
f 713//1392 803//1392 802//1392
f 803//1396 713//1396 804//1396
f 782//1399 806//1399 783//1399
f 803//1402 783//1402 806//1402
f 958//1403 803//1403 806//1403
f 808//1404 782//1404 776//1404
f 773//1405 774//1405 808//1405
f 780//1406 808//1406 774//1406
f 808//1407 780//1407 810//1407
f 967//1408 810//1408 780//1408
f 967//1409 780//1409 809//1409
f 809//1410 780//1410 987//1410
f 811//1411 809//1411 987//1411
f 1071//1412 758//1412 777//1412
f 812//1414 813//1414 753//1414
f 813//1415 814//1415 756//1415
f 814//1416 778//1416 756//1416
f 816//1422 695//1422 699//1422
f 753//1425 902//1425 812//1425
f 816//1429 579//1429 817//1429
f 818//1430 587//1430 579//1430
f 820//1431 587//1431 819//1431
f 819//1432 587//1432 818//1432
f 820//1433 821//1433 588//1433
f 588//1434 587//1434 820//1434
f 827//1478 839//1478 826//1478
f 839//1479 827//1479 840//1479
f 840//1480 827//1480 842//1480
f 826//1481 839//1481 841//1481
f 843//1484 844//1484 845//1484
f 843//1485 847//1485 846//1485
f 916//1486 846//1486 847//1486
f 847//1487 843//1487 845//1487
f 842//1488 843//1488 914//1488
f 915//1489 843//1489 846//1489
f 849//1490 846//1490 916//1490
f 844//1491 850//1491 845//1491
f 858//1506 897//1506 859//1506
f 872//1514 862//1514 863//1514
f 864//1517 865//1517 861//1517
f 861//1518 865//1518 866//1518
f 861//1519 866//1519 867//1519
f 861//1520 867//1520 863//1520
f 868//1522 867//1522 869//1522
f 869//1523 867//1523 866//1523
f 869//1524 866//1524 870//1524
f 870//1525 866//1525 865//1525
f 869//1524 870//1524 871//1524
f 871//1524 870//1524 865//1524
f 869//1524 871//1524 868//1524
f 868//1526 871//1526 865//1526
f 868//1527 865//1527 867//1527
f 867//1528 865//1528 864//1528
f 874//1529 863//1529 867//1529
f 872//1530 863//1530 874//1530
f 873//1533 876//1533 878//1533
f 873//1534 878//1534 877//1534
f 873//1535 877//1535 872//1535
f 877//1536 891//1536 862//1536
f 877//1537 862//1537 872//1537
f 878//1539 891//1539 877//1539
f 883//1540 876//1540 881//1540
f 875//1541 874//1541 867//1541
f 875//1542 867//1542 864//1542
f 875//1543 864//1543 860//1543
f 880//1544 875//1544 860//1544
f 873//1547 881//1547 876//1547
f 860//1548 882//1548 880//1548
f 880//1549 882//1549 883//1549
f 880//1550 883//1550 881//1550
f 886//1551 879//1551 876//1551
f 886//1552 876//1552 883//1552
f 882//1553 860//1553 884//1553
f 885//1554 883//1554 882//1554
f 884//1555 885//1555 882//1555
f 885//1556 886//1556 883//1556
f 887//1557 886//1557 885//1557
f 887//1558 889//1558 886//1558
f 879//1559 886//1559 893//1559
f 878//1560 876//1560 879//1560
f 890//1561 878//1561 879//1561
f 862//1562 891//1562 917//1562
f 891//1563 878//1563 925//1563
f 890//1564 879//1564 892//1564
f 920//1565 890//1565 892//1565
f 892//1566 879//1566 893//1566
f 933//1567 892//1567 893//1567
f 893//1568 886//1568 889//1568
f 887//1569 894//1569 889//1569
f 933//1570 893//1570 889//1570
f 933//1571 889//1571 895//1571
f 889//1572 894//1572 895//1572
f 935//1573 894//1573 1021//1573
f 888//1574 884//1574 897//1574
f 888//1575 897//1575 896//1575
f 898//1576 896//1576 897//1576
f 898//1577 897//1577 857//1577
f 857//1578 897//1578 858//1578
f 859//1579 897//1579 884//1579
f 859//1580 884//1580 860//1580
f 885//1581 884//1581 888//1581
f 904//1593 903//1593 902//1593
f 904//1594 905//1594 903//1594
f 588//1603 821//1603 213//1603
f 906//1605 826//1605 841//1605
f 908//1606 841//1606 907//1606
f 908//1607 839//1607 840//1607
f 906//1609 841//1609 910//1609
f 909//1610 841//1610 908//1610
f 841//1611 909//1611 910//1611
f 911//1613 900//1613 906//1613
f 904//1614 899//1614 905//1614
f 910//1615 911//1615 906//1615
f 909//1616 908//1616 1007//1616
f 908//1617 840//1617 1007//1617
f 840//1618 842//1618 912//1618
f 840//1619 912//1619 913//1619
f 913//1620 912//1620 1009//1620
f 914//1621 1008//1621 912//1621
f 914//1622 912//1622 842//1622
f 848//1623 843//1623 915//1623
f 843//1624 848//1624 914//1624
f 915//1625 846//1625 849//1625
f 844//1627 917//1627 850//1627
f 918//1628 850//1628 919//1628
f 919//1629 850//1629 917//1629
f 847//1630 845//1630 850//1630
f 847//1631 850//1631 918//1631
f 918//1632 919//1632 891//1632
f 891//1633 919//1633 917//1633
f 925//1634 918//1634 891//1634
f 925//1635 878//1635 890//1635
f 890//1636 921//1636 925//1636
f 921//1637 890//1637 920//1637
f 920//1638 922//1638 923//1638
f 922//1639 929//1639 923//1639
f 924//1640 920//1640 923//1640
f 920//1641 924//1641 921//1641
f 921//1642 926//1642 925//1642
f 847//1643 918//1643 916//1643
f 916//1644 918//1644 925//1644
f 926//1645 921//1645 924//1645
f 925//1646 926//1646 916//1646
f 926//1647 924//1647 927//1647
f 928//1648 923//1648 929//1648
f 929//1649 931//1649 928//1649
f 931//1650 929//1650 930//1650
f 930//1651 929//1651 922//1651
f 922//1652 920//1652 892//1652
f 922//1653 892//1653 933//1653
f 922//1654 933//1654 932//1654
f 933//1655 934//1655 932//1655
f 938//1656 934//1656 935//1656
f 934//1657 933//1657 935//1657
f 936//1658 935//1658 937//1658
f 936//1659 938//1659 935//1659
f 895//1660 894//1660 935//1660
f 895//1661 935//1661 933//1661
f 943//1670 788//1670 789//1670
f 789//1671 942//1671 943//1671
f 857//1673 837//1673 943//1673
f 789//1674 791//1674 942//1674
f 898//1675 943//1675 942//1675
f 943//1676 898//1676 857//1676
f 888//1677 896//1677 885//1677
f 885//1678 946//1678 887//1678
f 1021//1679 937//1679 935//1679
f 887//1680 946//1680 894//1680
f 896//1681 946//1681 885//1681
f 898//1682 946//1682 896//1682
f 942//1683 947//1683 898//1683
f 791//1684 947//1684 942//1684
f 948//1685 738//1685 793//1685
f 954//1686 793//1686 951//1686
f 793//1687 741//1687 950//1687
f 951//1688 793//1688 950//1688
f 953//1689 952//1689 1040//1689
f 952//1690 953//1690 951//1690
f 953//1691 954//1691 951//1691
f 954//1692 1026//1692 793//1692
f 793//1693 1026//1693 948//1693
f 739//1694 948//1694 792//1694
f 792//1695 955//1695 949//1695
f 955//1696 792//1696 948//1696
f 792//1697 949//1697 947//1697
f 947//1698 949//1698 1023//1698
f 1026//1699 955//1699 948//1699
f 1039//1700 954//1700 953//1700
f 1040//1701 1039//1701 953//1701
f 952//1702 951//1702 950//1702
f 950//1703 741//1703 740//1703
f 740//1704 794//1704 950//1704
f 736//1705 956//1705 794//1705
f 803//1711 804//1711 805//1711
f 803//1713 957//1713 802//1713
f 958//1714 957//1714 803//1714
f 958//1715 806//1715 962//1715
f 962//1716 806//1716 959//1716
f 962//1717 959//1717 960//1717
f 970//1718 961//1718 960//1718
f 960//1719 959//1719 970//1719
f 982//1720 970//1720 963//1720
f 964//1721 963//1721 965//1721
f 965//1722 963//1722 959//1722
f 963//1723 970//1723 959//1723
f 966//1724 964//1724 965//1724
f 965//1725 782//1725 807//1725
f 807//1726 782//1726 808//1726
f 807//1727 808//1727 810//1727
f 807//1728 810//1728 966//1728
f 966//1729 965//1729 807//1729
f 810//1730 967//1730 966//1730
f 809//1731 811//1731 967//1731
f 967//1732 811//1732 968//1732
f 967//1733 984//1733 966//1733
f 964//1734 982//1734 963//1734
f 970//1735 969//1735 961//1735
f 961//1736 969//1736 978//1736
f 960//1737 961//1737 971//1737
f 960//1738 971//1738 958//1738
f 962//1739 960//1739 958//1739
f 802//1743 973//1743 801//1743
f 973//1744 802//1744 972//1744
f 972//1745 802//1745 957//1745
f 972//1746 974//1746 973//1746
f 973//1747 974//1747 975//1747
f 976//1748 975//1748 974//1748
f 958//1749 972//1749 957//1749
f 971//1750 961//1750 977//1750
f 972//1751 971//1751 977//1751
f 977//1752 961//1752 978//1752
f 971//1753 972//1753 958//1753
f 977//1754 978//1754 1122//1754
f 1122//1755 978//1755 979//1755
f 978//1756 969//1756 979//1756
f 980//1757 981//1757 979//1757
f 980//1758 979//1758 969//1758
f 1199//1759 980//1759 969//1759
f 964//1760 983//1760 982//1760
f 966//1761 984//1761 983//1761
f 967//1762 968//1762 985//1762
f 985//1763 968//1763 986//1763
f 986//1764 968//1764 987//1764
f 986//1765 990//1765 989//1765
f 985//1766 986//1766 988//1766
f 988//1767 986//1767 989//1767
f 990//1768 993//1768 991//1768
f 996//1769 991//1769 992//1769
f 995//1770 993//1770 990//1770
f 991//1771 993//1771 992//1771
f 993//1772 995//1772 992//1772
f 992//1773 995//1773 994//1773
f 991//1774 996//1774 997//1774
f 1167//1775 997//1775 996//1775
f 1167//1776 996//1776 1165//1776
f 992//1777 998//1777 996//1777
f 999//1778 998//1778 992//1778
f 1002//1779 992//1779 994//1779
f 992//1780 1002//1780 999//1780
f 995//1781 1000//1781 994//1781
f 1165//1782 996//1782 1166//1782
f 1166//1783 996//1783 998//1783
f 998//1784 999//1784 1001//1784
f 998//1785 1001//1785 1166//1785
f 1001//1786 999//1786 1002//1786
f 1001//1787 1088//1787 1166//1787
f 1087//1788 1088//1788 1001//1788
f 1087//1789 1001//1789 1002//1789
f 994//1790 1076//1790 1002//1790
f 995//1791 1003//1791 1000//1791
f 995//1792 987//1792 1003//1792
f 987//1793 968//1793 811//1793
f 986//1794 987//1794 990//1794
f 990//1795 987//1795 995//1795
f 753//1796 813//1796 756//1796
f 902//1797 903//1797 812//1797
f 813//1798 812//1798 814//1798
f 911//1799 905//1799 899//1799
f 1073//1800 911//1800 1004//1800
f 1004//1801 911//1801 910//1801
f 1005//1802 910//1802 909//1802
f 910//1803 1005//1803 1004//1803
f 1007//1804 1006//1804 1005//1804
f 1007//1805 1005//1805 909//1805
f 1007//1806 840//1806 913//1806
f 848//1807 1008//1807 914//1807
f 1008//1808 1009//1808 912//1808
f 1090//1809 1008//1809 848//1809
f 927//1810 924//1810 1010//1810
f 1011//1811 927//1811 1010//1811
f 923//1812 1010//1812 924//1812
f 1014//1813 931//1813 930//1813
f 930//1814 922//1814 932//1814
f 1012//1815 1014//1815 930//1815
f 1012//1816 932//1816 934//1816
f 1012//1817 934//1817 938//1817
f 932//1818 1012//1818 930//1818
f 1014//1819 1012//1819 1013//1819
f 1013//1820 1012//1820 938//1820
f 1015//1821 1014//1821 1013//1821
f 1016//1822 931//1822 1014//1822
f 931//1823 1018//1823 928//1823
f 923//1824 928//1824 1018//1824
f 923//1825 1018//1825 1010//1825
f 1018//1826 931//1826 1016//1826
f 1015//1827 1016//1827 1014//1827
f 1060//1828 1016//1828 1015//1828
f 1019//1829 1015//1829 1013//1829
f 1015//1830 1019//1830 1059//1830
f 1013//1831 1062//1831 1019//1831
f 1062//1832 1013//1832 938//1832
f 939//1833 936//1833 937//1833
f 944//1834 1020//1834 939//1834
f 944//1835 939//1835 937//1835
f 1021//1836 944//1836 937//1836
f 945//1837 1021//1837 894//1837
f 1035//1838 944//1838 1021//1838
f 1028//1839 1022//1839 1023//1839
f 1023//1840 1022//1840 1024//1840
f 1024//1841 1022//1841 945//1841
f 945//1842 1022//1842 1021//1842
f 1024//1843 947//1843 1023//1843
f 1027//1844 949//1844 955//1844
f 1026//1845 1025//1845 955//1845
f 1025//1846 1027//1846 955//1846
f 1027//1847 1028//1847 949//1847
f 949//1848 1028//1848 1023//1848
f 1029//1849 1028//1849 1027//1849
f 1027//1850 1025//1850 1030//1850
f 1030//1851 1025//1851 1026//1851
f 1030//1852 1026//1852 1031//1852
f 954//1853 1031//1853 1026//1853
f 1031//1854 954//1854 1032//1854
f 1030//1855 1031//1855 1038//1855
f 1030//1856 1033//1856 1029//1856
f 1030//1857 1029//1857 1027//1857
f 1028//1858 1029//1858 1034//1858
f 1033//1859 1034//1859 1029//1859
f 1028//1860 1034//1860 1035//1860
f 1028//1861 1035//1861 1022//1861
f 1022//1862 1035//1862 1021//1862
f 944//1863 1035//1863 1034//1863
f 1020//1864 944//1864 1034//1864
f 1020//1865 1034//1865 1036//1865
f 1036//1866 1034//1866 1033//1866
f 1036//1867 1033//1867 1037//1867
f 1037//1868 1033//1868 1030//1868
f 1037//1869 1030//1869 1038//1869
f 1042//1870 1040//1870 1041//1870
f 1041//1871 1040//1871 952//1871
f 1046//1872 1045//1872 794//1872
f 1046//1873 794//1873 956//1873
f 794//1874 1045//1874 950//1874
f 950//1875 1043//1875 952//1875
f 952//1876 1043//1876 1041//1876
f 1041//1877 1043//1877 1044//1877
f 1045//1878 1046//1878 1047//1878
f 1045//1879 1047//1879 1044//1879
f 956//1880 737//1880 1046//1880
f 1048//1881 1046//1881 737//1881
f 1048//1882 1120//1882 1046//1882
f 1120//1883 1048//1883 1117//1883
f 1049//1884 743//1884 744//1884
f 1049//1885 744//1885 745//1885
f 1117//1886 1049//1886 745//1886
f 745//1887 744//1887 664//1887
f 274//1891 821//1891 820//1891
f 274//1892 820//1892 819//1892
f 274//1893 819//1893 493//1893
f 816//1894 699//1894 818//1894
f 818//1895 579//1895 816//1895
f 583//1896 509//1896 590//1896
f 905//1897 911//1897 1073//1897
f 1004//1898 1005//1898 1112//1898
f 1112//1899 1005//1899 1006//1899
f 1004//1900 1006//1900 1074//1900
f 1077//1901 913//1901 1050//1901
f 1050//1902 913//1902 1009//1902
f 1052//1903 916//1903 926//1903
f 916//1904 1052//1904 849//1904
f 848//1905 915//1905 1054//1905
f 848//1906 1054//1906 1090//1906
f 926//1907 1053//1907 1052//1907
f 927//1908 1053//1908 926//1908
f 1018//1909 1016//1909 1055//1909
f 1018//1910 1055//1910 1058//1910
f 1010//1911 1018//1911 1017//1911
f 1010//1912 1017//1912 1011//1912
f 1053//1913 927//1913 1011//1913
f 1056//1914 1052//1914 1053//1914
f 1017//1915 1057//1915 1011//1915
f 1058//1916 1017//1916 1018//1916
f 1016//1917 1060//1917 1055//1917
f 1059//1918 1060//1918 1015//1918
f 1066//1919 1060//1919 1059//1919
f 1064//1920 1065//1920 1019//1920
f 1019//1921 1062//1921 1061//1921
f 1061//1922 1062//1922 1069//1922
f 938//1923 936//1923 1062//1923
f 936//1924 939//1924 1062//1924
f 1063//1925 939//1925 1020//1925
f 1063//1926 1020//1926 1109//1926
f 1063//1927 1062//1927 939//1927
f 1062//1928 1068//1928 1069//1928
f 1064//1929 1019//1929 1061//1929
f 1059//1930 1019//1930 1066//1930
f 1066//1931 1019//1931 1065//1931
f 1064//1932 1068//1932 1065//1932
f 1068//1933 1067//1933 1065//1933
f 1068//1934 1064//1934 1069//1934
f 1069//1935 1064//1935 1061//1935
f 814//1936 1070//1936 778//1936
f 778//1937 1070//1937 779//1937
f 779//1938 777//1938 757//1938
f 1071//1939 777//1939 779//1939
f 1079//1940 1070//1940 903//1940
f 903//1941 1070//1941 812//1941
f 812//1942 1070//1942 814//1942
f 905//1943 1072//1943 903//1943
f 1072//1944 905//1944 1073//1944
f 1074//1945 1073//1945 1004//1945
f 1074//1946 1006//1946 1007//1946
f 1074//1947 1007//1947 913//1947
f 913//1948 1073//1948 1074//1948
f 1072//1949 1073//1949 1078//1949
f 1077//1950 1073//1950 913//1950
f 1051//1951 1075//1951 1050//1951
f 1050//1952 1076//1952 1077//1952
f 1077//1953 1078//1953 1073//1953
f 1079//1954 1072//1954 1078//1954
f 1078//1955 1080//1955 1079//1955
f 903//1956 1072//1956 1079//1956
f 1079//1957 1084//1957 1070//1957
f 801//1958 973//1958 800//1958
f 795//1959 796//1959 1081//1959
f 800//1960 973//1960 975//1960
f 800//1961 975//1961 798//1961
f 1083//1962 798//1962 976//1962
f 798//1963 1083//1963 796//1963
f 1082//1964 796//1964 1083//1964
f 975//1965 976//1965 798//1965
f 584//1966 590//1966 586//1966
f 584//1967 586//1967 589//1967
f 907//1968 841//1968 839//1968
f 907//1969 839//1969 908//1969
f 806//1970 782//1970 965//1970
f 806//1971 965//1971 959//1971
f 779//1972 1070//1972 1084//1972
f 1071//1973 779//1973 1084//1973
f 1071//1974 1084//1974 771//1974
f 771//1975 1084//1975 1085//1975
f 771//1976 1085//1976 1003//1976
f 1085//1977 1080//1977 1078//1977
f 1085//1978 1078//1978 1077//1978
f 1000//1979 1003//1979 1077//1979
f 1003//1980 1085//1980 1077//1980
f 1076//1981 1050//1981 1075//1981
f 1050//1982 1009//1982 1051//1982
f 1051//1983 1086//1983 1075//1983
f 1087//1984 1075//1984 1086//1984
f 1075//1985 1087//1985 1002//1985
f 1088//1986 1087//1986 1089//1986
f 1089//1987 1087//1987 1086//1987
f 1090//1988 1086//1988 1051//1988
f 1054//1989 915//1989 849//1989
f 1009//1990 1008//1990 1051//1990
f 1051//1991 1008//1991 1090//1991
f 1091//1992 1054//1992 849//1992
f 849//1993 1052//1993 1091//1993
f 1056//1994 1053//1994 1092//1994
f 1053//1995 1011//1995 1093//1995
f 1093//1996 1011//1996 1057//1996
f 1053//1997 1093//1997 1092//1997
f 1094//1998 1092//1998 1093//1998
f 1057//1999 1017//1999 1058//1999
f 1093//2000 1057//2000 1099//2000
f 1058//2001 1095//2001 1057//2001
f 1057//2002 1095//2002 1099//2002
f 1058//2003 1055//2003 1095//2003
f 1094//2004 1056//2004 1092//2004
f 1094//2005 1093//2005 1097//2005
f 1094//2006 1096//2006 1098//2006
f 1096//2007 1094//2007 1097//2007
f 1093//2008 1099//2008 1097//2008
f 1104//2009 1097//2009 1099//2009
f 1104//2010 1099//2010 1095//2010
f 1055//2011 1100//2011 1101//2011
f 1095//2012 1055//2012 1101//2012
f 1100//2013 1055//2013 1060//2013
f 1060//2014 1066//2014 1100//2014
f 1100//2015 1103//2015 1101//2015
f 1102//2016 1104//2016 1095//2016
f 1103//2017 1095//2017 1101//2017
f 1095//2018 1103//2018 1102//2018
f 1105//2019 1097//2019 1104//2019
f 1106//2020 1104//2020 1102//2020
f 1100//2021 1107//2021 1103//2021
f 1066//2022 1107//2022 1100//2022
f 1066//2023 1065//2023 1108//2023
f 1066//2024 1108//2024 1107//2024
f 1108//2025 1065//2025 1067//2025
f 1036//2026 1067//2026 1020//2026
f 1067//2027 1068//2027 1109//2027
f 1109//2028 1020//2028 1067//2028
f 1068//2029 1062//2029 1063//2029
f 1063//2030 1109//2030 1068//2030
f 682//2032 676//2032 686//2032
f 1111//2033 1114//2033 1110//2033
f 1110//2034 1114//2034 1112//2034
f 1111//2035 1110//2035 1113//2035
f 1112//2036 1113//2036 1110//2036
f 1114//2037 1111//2037 1115//2037
f 1115//2038 1111//2038 1113//2038
f 1115//2039 1113//2039 1114//2039
f 1113//2040 1112//2040 1006//2040
f 1113//2041 1006//2041 1114//2041
f 1004//2042 1112//2042 1114//2042
f 1114//2043 1006//2043 1004//2043
f 898//2044 947//2044 1116//2044
f 898//2045 1116//2045 946//2045
f 1116//2046 945//2046 946//2046
f 894//2047 946//2047 945//2047
f 1024//2048 1116//2048 947//2048
f 945//2049 1116//2049 1024//2049
f 1080//2050 1084//2050 1079//2050
f 1085//2051 1084//2051 1080//2051
f 1081//2052 1118//2052 795//2052
f 1118//2053 1117//2053 745//2053
f 1118//2054 1119//2054 1117//2054
f 743//2055 1049//2055 1048//2055
f 1049//2056 1117//2056 1048//2056
f 1120//2057 1047//2057 1046//2057
f 1120//2058 1117//2058 1119//2058
f 1081//2059 1119//2059 1118//2059
f 1200//2060 1081//2060 796//2060
f 1200//2061 796//2061 1082//2061
f 1121//2062 1083//2062 976//2062
f 974//2063 1121//2063 976//2063
f 1126//2064 1121//2064 974//2064
f 972//2065 1126//2065 974//2065
f 1126//2066 972//2066 977//2066
f 1122//2067 979//2067 981//2067
f 980//2068 1123//2068 981//2068
f 977//2069 1122//2069 1125//2069
f 977//2070 1125//2070 1126//2070
f 1124//2071 1083//2071 1121//2071
f 1124//2072 1121//2072 1125//2072
f 1125//2073 1121//2073 1126//2073
f 1127//2074 1125//2074 1122//2074
f 1127//2075 1122//2075 1129//2075
f 1128//2076 1129//2076 1123//2076
f 1132//2077 1129//2077 1128//2077
f 981//2078 1123//2078 1129//2078
f 981//2079 1129//2079 1122//2079
f 1127//2080 1130//2080 1125//2080
f 1132//2081 1131//2081 1129//2081
f 1040//2082 1132//2082 1128//2082
f 1042//2083 1132//2083 1040//2083
f 1044//2084 1042//2084 1041//2084
f 1042//2085 1044//2085 1132//2085
f 1044//2086 1047//2086 1131//2086
f 1044//2087 1131//2087 1132//2087
f 1127//2088 1129//2088 1131//2088
f 1131//2089 1130//2089 1127//2089
f 1119//2090 1130//2090 1120//2090
f 1120//2091 1130//2091 1131//2091
f 1120//2092 1131//2092 1047//2092
f 966//2154 983//2154 964//2154
f 1090//2155 1054//2155 1086//2155
f 1089//2156 1086//2156 1054//2156
f 1091//2157 1052//2157 1056//2157
f 1091//2158 1089//2158 1054//2158
f 1091//2159 1164//2159 1089//2159
f 1164//2160 1056//2160 1165//2160
f 1165//2161 1056//2161 1098//2161
f 1089//2162 1164//2162 1088//2162
f 1166//2163 1088//2163 1164//2163
f 1166//2164 1164//2164 1165//2164
f 1168//2165 997//2165 1167//2165
f 1098//2166 1056//2166 1094//2166
f 967//2167 1169//2167 984//2167
f 967//2168 985//2168 1169//2168
f 1169//2169 985//2169 988//2169
f 1169//2170 988//2170 989//2170
f 1169//2171 989//2171 1193//2171
f 1193//2172 989//2172 990//2172
f 1193//2173 990//2173 1189//2173
f 991//2174 1189//2174 990//2174
f 991//2175 1170//2175 1190//2175
f 991//2176 1190//2176 1189//2176
f 1190//2177 1170//2177 1192//2177
f 1170//2178 997//2178 1168//2178
f 997//2179 1170//2179 991//2179
f 1168//2180 1105//2180 1170//2180
f 1168//2181 1167//2181 1171//2181
f 1167//2182 1165//2182 1098//2182
f 1172//2183 1096//2183 1097//2183
f 1096//2184 1172//2184 1098//2184
f 1098//2185 1172//2185 1167//2185
f 1167//2186 1172//2186 1171//2186
f 1097//2187 1105//2187 1172//2187
f 1172//2188 1105//2188 1171//2188
f 1102//2189 1103//2189 1106//2189
f 1173//2190 1107//2190 1108//2190
f 1103//2191 1107//2191 1235//2191
f 1235//2192 1107//2192 1173//2192
f 1036//2193 1108//2193 1067//2193
f 1173//2194 1036//2194 1037//2194
f 1031//2195 1032//2195 1176//2195
f 1032//2196 954//2196 1174//2196
f 1174//2197 954//2197 1039//2197
f 1031//2198 1176//2198 1038//2198
f 1038//2199 1176//2199 1175//2199
f 1038//2200 1175//2200 1037//2200
f 1177//2201 1191//2201 1175//2201
f 1175//2202 1191//2202 1037//2202
f 1187//2203 1177//2203 1175//2203
f 1187//2204 1175//2204 1176//2204
f 1174//2205 1039//2205 1040//2205
f 1128//2206 1174//2206 1040//2206
f 1178//2207 1174//2207 1128//2207
f 1181//2208 1182//2208 1179//2208
f 1179//2209 1182//2209 1183//2209
f 1184//2210 1183//2210 1182//2210
f 1179//2211 1183//2211 1178//2211
f 1183//2212 1180//2212 1178//2212
f 1184//2213 1261//2213 1180//2213
f 1184//2214 1180//2214 1183//2214
f 1185//2215 1261//2215 1184//2215
f 1185//2216 1186//2216 1261//2216
f 1261//2217 1186//2217 1187//2217
f 1190//2218 1187//2218 1186//2218
f 1188//2219 1186//2219 1185//2219
f 1186//2220 1188//2220 1189//2220
f 1190//2221 1192//2221 1191//2221
f 1186//2222 1189//2222 1190//2222
f 1188//2223 1193//2223 1189//2223
f 1194//2224 984//2224 1169//2224
f 1188//2225 1169//2225 1193//2225
f 1194//2226 1169//2226 1188//2226
f 1195//2227 984//2227 1194//2227
f 984//2228 1196//2228 983//2228
f 1198//2229 970//2229 982//2229
f 982//2230 1196//2230 1198//2230
f 1196//2231 982//2231 983//2231
f 1196//2232 984//2232 1195//2232
f 1195//2233 1197//2233 1196//2233
f 1196//2234 1197//2234 1198//2234
f 970//2235 1198//2235 969//2235
f 1198//2236 1199//2236 969//2236
f 1198//2237 1197//2237 1199//2237
f 1194//2238 1185//2238 1195//2238
f 1185//2239 1194//2239 1188//2239
f 1195//2240 1185//2240 1182//2240
f 1195//2241 1182//2241 1197//2241
f 1182//2242 1181//2242 1197//2242
f 1199//2243 1197//2243 1181//2243
f 1185//2244 1184//2244 1182//2244
f 1000//2245 1077//2245 1076//2245
f 1076//2246 1075//2246 1002//2246
f 1000//2247 1076//2247 994//2247
f 1043//2249 950//2249 1045//2249
f 1045//2250 1044//2250 1043//2250
f 1164//2251 1091//2251 1056//2251
f 1082//2252 1083//2252 1124//2252
f 1124//2253 1125//2253 1130//2253
f 1124//2254 1200//2254 1082//2254
f 1200//2255 1130//2255 1119//2255
f 1130//2256 1200//2256 1124//2256
f 1081//2257 1200//2257 1119//2257
f 980//2263 1199//2263 1181//2263
f 980//2264 1181//2264 1179//2264
f 1128//2265 1123//2265 1178//2265
f 1123//2266 980//2266 1178//2266
f 1178//2267 980//2267 1179//2267
f 1201//2268 1217//2268 1203//2268
f 1204//2269 1201//2269 1203//2269
f 1204//2270 1203//2270 1206//2270
f 1203//2271 1202//2271 1205//2271
f 1206//2272 1203//2272 1205//2272
f 1206//2273 1205//2273 1207//2273
f 1201//2274 1204//2274 1209//2274
f 1209//2275 1204//2275 1206//2275
f 1206//2276 1208//2276 1209//2276
f 1210//2277 1209//2277 1208//2277
f 1208//2278 1207//2278 1226//2278
f 1206//2279 1207//2279 1208//2279
f 1207//2280 1205//2280 1212//2280
f 1212//2281 1211//2281 1207//2281
f 1249//2282 1212//2282 1205//2282
f 1213//2283 1205//2283 1202//2283
f 1214//2284 1213//2284 1202//2284
f 1214//2285 1215//2285 1213//2285
f 1214//2286 1202//2286 1216//2286
f 1216//2287 1202//2287 1220//2287
f 1216//2288 1220//2288 1218//2288
f 1214//2289 1216//2289 1215//2289
f 1217//2290 1202//2290 1203//2290
f 1202//2291 1219//2291 1220//2291
f 1217//2292 1219//2292 1202//2292
f 1219//2293 1222//2293 1220//2293
f 1221//2294 1220//2294 1222//2294
f 1223//2295 1219//2295 1217//2295
f 1219//2296 1223//2296 1222//2296
f 1223//2297 1224//2297 1222//2297
f 1223//2298 1217//2298 1238//2298
f 1224//2299 1225//2299 1222//2299
f 1222//2300 1225//2300 1221//2300
f 1238//2301 1217//2301 1201//2301
f 1239//2302 1209//2302 1210//2302
f 1239//2303 1210//2303 1240//2303
f 1226//2304 1210//2304 1208//2304
f 1226//2305 1241//2305 1210//2305
f 1210//2306 1241//2306 1240//2306
f 1209//2307 1239//2307 1201//2307
f 1207//2308 1211//2308 1231//2308
f 1228//2309 1211//2309 1212//2309
f 1211//2310 1228//2310 1229//2310
f 1211//2311 1229//2311 1231//2311
f 1229//2312 1230//2312 1231//2312
f 1231//2313 1230//2313 1226//2313
f 1226//2314 1207//2314 1231//2314
f 1168//2315 1171//2315 1105//2315
f 1104//2316 1232//2316 1237//2316
f 1232//2317 1104//2317 1106//2317
f 1106//2318 1233//2318 1232//2318
f 1234//2319 1233//2319 1235//2319
f 1237//2320 1105//2320 1104//2320
f 1105//2321 1236//2321 1170//2321
f 1170//2322 1236//2322 1192//2322
f 1236//2323 1105//2323 1237//2323
f 1236//2324 1237//2324 1232//2324
f 1238//2325 1201//2325 1239//2325
f 1240//2326 1227//2326 1239//2326
f 1230//2327 1241//2327 1226//2327
f 1345//2328 1241//2328 1230//2328
f 1242//2329 1230//2329 1229//2329
f 1240//2330 1243//2330 1227//2330
f 1238//2331 1239//2331 1227//2331
f 1245//2332 1244//2332 1227//2332
f 1227//2333 1223//2333 1238//2333
f 1246//2334 1228//2334 1247//2334
f 1248//2335 1213//2335 1215//2335
f 1249//2336 1205//2336 1213//2336
f 1248//2337 1215//2337 1251//2337
f 1248//2338 1251//2338 1250//2338
f 1215//2339 1252//2339 1251//2339
f 1218//2340 1254//2340 1216//2340
f 1254//2341 1215//2341 1216//2341
f 1254//2342 1218//2342 1253//2342
f 1215//2343 1254//2343 1252//2343
f 1256//2344 1254//2344 1253//2344
f 1254//2345 1290//2345 1252//2345
f 1250//2346 1251//2346 1252//2346
f 1256//2347 1253//2347 1255//2347
f 1255//2348 1253//2348 1257//2348
f 1253//2349 1218//2349 1257//2349
f 1220//2350 1257//2350 1218//2350
f 1221//2351 1257//2351 1220//2351
f 1225//2352 1257//2352 1221//2352
f 1255//2353 1225//2353 1258//2353
f 1258//2354 1256//2354 1255//2354
f 1225//2355 1255//2355 1257//2355
f 1260//2356 1276//2356 1224//2356
f 1224//2357 1276//2357 1225//2357
f 1223//2358 1260//2358 1224//2358
f 1227//2359 1244//2359 1223//2359
f 1244//2360 1274//2360 1223//2360
f 1223//2361 1274//2361 1260//2361
f 1234//2362 1191//2362 1192//2362
f 1234//2363 1192//2363 1236//2363
f 1233//2364 1234//2364 1236//2364
f 1233//2365 1236//2365 1232//2365
f 1037//2366 1234//2366 1235//2366
f 1235//2367 1173//2367 1037//2367
f 1233//2368 1106//2368 1103//2368
f 1173//2369 1108//2369 1036//2369
f 1103//2370 1235//2370 1233//2370
f 1177//2371 1190//2371 1191//2371
f 1174//2372 1180//2372 1032//2372
f 1174//2373 1178//2373 1180//2373
f 1032//2374 1180//2374 1261//2374
f 1187//2375 1190//2375 1177//2375
f 1261//2376 1176//2376 1032//2376
f 1187//2377 1176//2377 1261//2377
f 1191//2378 1234//2378 1037//2378
f 1274//2399 1275//2399 1276//2399
f 1274//2400 1276//2400 1260//2400
f 1276//2401 1278//2401 1225//2401
f 1278//2402 1276//2402 1277//2402
f 1258//2403 1225//2403 1278//2403
f 1279//2404 1275//2404 1274//2404
f 1279//2405 1274//2405 1294//2405
f 1294//2406 1274//2406 1244//2406
f 1342//2407 1244//2407 1245//2407
f 1245//2408 1227//2408 1243//2408
f 1345//2409 1230//2409 1242//2409
f 1229//2410 1228//2410 1246//2410
f 1247//2411 1228//2411 1281//2411
f 1413//2412 1247//2412 1282//2412
f 1247//2413 1281//2413 1282//2413
f 1212//2414 1281//2414 1228//2414
f 1249//2415 1281//2415 1212//2415
f 1284//2416 1213//2416 1283//2416
f 1283//2417 1213//2417 1248//2417
f 1284//2418 1286//2418 1213//2418
f 1285//2419 1213//2419 1286//2419
f 1282//2420 1213//2420 1285//2420
f 1285//2421 1286//2421 1287//2421
f 1286//2422 1288//2422 1287//2422
f 1284//2423 1289//2423 1286//2423
f 1284//2424 1283//2424 1313//2424
f 1250//2425 1283//2425 1248//2425
f 1313//2426 1289//2426 1284//2426
f 1250//2427 1252//2427 1290//2427
f 1258//2428 1259//2428 1256//2428
f 1256//2429 1259//2429 1254//2429
f 1302//2430 1290//2430 1254//2430
f 1254//2431 1259//2431 1302//2431
f 1292//2432 1278//2432 1277//2432
f 1292//2433 1277//2433 1296//2433
f 1277//2434 1276//2434 1275//2434
f 1279//2435 1295//2435 1275//2435
f 1303//2436 1296//2436 1277//2436
f 1277//2437 1275//2437 1295//2437
f 1292//2438 1297//2438 1293//2438
f 1292//2439 1293//2439 1278//2439
f 1259//2440 1293//2440 1297//2440
f 1293//2441 1258//2441 1278//2441
f 1259//2442 1258//2442 1293//2442
f 1297//2443 1292//2443 1298//2443
f 1298//2444 1292//2444 1299//2444
f 1299//2445 1292//2445 1300//2445
f 1300//2446 1301//2446 1299//2446
f 1302//2447 1298//2447 1299//2447
f 1302//2448 1406//2448 1298//2448
f 1302//2449 1299//2449 1301//2449
f 1303//2450 1277//2450 1295//2450
f 1279//2451 1408//2451 1295//2451
f 1296//2452 1300//2452 1292//2452
f 1301//2453 1306//2453 1304//2453
f 1301//2454 1304//2454 1290//2454
f 1304//2455 1291//2455 1290//2455
f 1305//2456 1291//2456 1304//2456
f 1309//2457 1306//2457 1301//2457
f 1300//2458 1309//2458 1301//2458
f 1296//2459 1303//2459 1315//2459
f 1296//2460 1308//2460 1300//2460
f 1300//2461 1307//2461 1309//2461
f 1307//2462 1300//2462 1308//2462
f 1308//2463 1296//2463 1315//2463
f 1308//2464 1310//2464 1307//2464
f 1306//2465 1309//2465 1317//2465
f 1310//2466 1308//2466 1315//2466
f 1309//2467 1307//2467 1310//2467
f 1312//2468 1291//2468 1305//2468
f 1291//2469 1250//2469 1290//2469
f 1291//2470 1313//2470 1250//2470
f 1313//2471 1283//2471 1250//2471
f 1291//2472 1312//2472 1313//2472
f 1314//2473 1312//2473 1305//2473
f 1314//2474 1305//2474 1304//2474
f 1317//2475 1309//2475 1311//2475
f 1310//2476 1316//2476 1311//2476
f 1310//2477 1311//2477 1309//2477
f 1316//2478 1310//2478 1315//2478
f 1312//2479 1289//2479 1313//2479
f 1312//2480 1318//2480 1289//2480
f 1318//2481 1312//2481 1314//2481
f 1320//2482 1304//2482 1306//2482
f 1321//2483 1317//2483 1311//2483
f 1564//2484 1306//2484 1317//2484
f 1321//2485 1322//2485 1317//2485
f 1325//2486 1317//2486 1322//2486
f 1322//2487 1321//2487 1323//2487
f 1321//2488 1311//2488 1323//2488
f 1311//2489 1324//2489 1323//2489
f 1311//2490 1316//2490 1324//2490
f 1323//2491 1327//2491 1322//2491
f 1327//2492 1323//2492 1376//2492
f 1376//2493 1323//2493 1324//2493
f 1376//2494 1324//2494 1326//2494
f 1326//2495 1324//2495 1328//2495
f 1328//2496 1324//2496 1316//2496
f 1328//2497 1316//2497 1329//2497
f 1328//2498 1330//2498 1326//2498
f 1333//2499 1330//2499 1328//2499
f 1333//2500 1328//2500 1329//2500
f 1329//2501 1316//2501 1315//2501
f 1331//2502 1330//2502 1408//2502
f 1331//2503 1332//2503 1334//2503
f 1334//2504 1332//2504 1335//2504
f 1336//2505 1335//2505 1332//2505
f 1339//2506 1326//2506 1330//2506
f 1339//2507 1330//2507 1331//2507
f 1338//2508 1335//2508 1336//2508
f 1338//2509 1340//2509 1335//2509
f 1341//2510 1334//2510 1335//2510
f 1332//2511 1337//2511 1336//2511
f 1342//2512 1337//2512 1294//2512
f 1337//2513 1342//2513 1245//2513
f 1280//2514 1240//2514 1241//2514
f 1343//2515 1345//2515 1242//2515
f 1347//2516 1343//2516 1242//2516
f 1240//2517 1280//2517 1243//2517
f 1344//2518 1241//2518 1345//2518
f 1344//2519 1280//2519 1241//2519
f 1343//2520 1346//2520 1345//2520
f 1345//2521 1346//2521 1344//2521
f 1347//2522 1229//2522 1246//2522
f 1242//2523 1229//2523 1347//2523
f 1294//2524 1244//2524 1342//2524
f 1358//2545 1245//2545 1243//2545
f 1243//2546 1280//2546 1358//2546
f 1358//2547 1280//2547 1344//2547
f 1346//2548 1343//2548 1364//2548
f 1346//2549 1359//2549 1360//2549
f 1372//2550 1344//2550 1346//2550
f 1372//2551 1346//2551 1369//2551
f 1369//2552 1346//2552 1360//2552
f 1362//2553 1367//2553 1361//2553
f 1367//2554 1362//2554 1363//2554
f 1363//2555 1362//2555 1365//2555
f 1359//2556 1362//2556 1361//2556
f 1359//2557 1361//2557 1360//2557
f 1359//2558 1346//2558 1364//2558
f 1362//2559 1359//2559 1364//2559
f 1366//2560 1362//2560 1364//2560
f 1347//2561 1366//2561 1364//2561
f 1343//2562 1347//2562 1364//2562
f 1366//2563 1347//2563 1412//2563
f 1366//2564 1411//2564 1365//2564
f 1366//2565 1365//2565 1362//2565
f 1363//2566 1404//2566 1367//2566
f 1404//2567 1361//2567 1367//2567
f 1360//2568 1361//2568 1368//2568
f 1360//2569 1368//2569 1369//2569
f 1370//2570 1368//2570 1361//2570
f 1403//2571 1361//2571 1404//2571
f 1370//2572 1361//2572 1403//2572
f 1369//2573 1368//2573 1371//2573
f 1372//2574 1371//2574 1603//2574
f 1371//2575 1372//2575 1369//2575
f 1373//2576 1372//2576 1603//2576
f 1371//2577 1368//2577 1604//2577
f 1372//2578 1373//2578 1344//2578
f 1344//2579 1373//2579 1358//2579
f 1358//2580 1373//2580 1338//2580
f 1358//2581 1336//2581 1337//2581
f 1358//2582 1338//2582 1336//2582
f 1331//2583 1334//2583 1339//2583
f 1376//2584 1326//2584 1339//2584
f 1339//2585 1390//2585 1376//2585
f 1376//2586 1377//2586 1327//2586
f 1384//2587 1376//2587 1390//2587
f 1378//2588 1339//2588 1334//2588
f 1339//2589 1378//2589 1390//2589
f 1378//2590 1334//2590 1341//2590
f 1382//2591 1335//2591 1340//2591
f 1382//2592 1341//2592 1335//2592
f 1340//2593 1338//2593 1374//2593
f 1374//2594 1375//2594 1380//2594
f 1392//2595 1340//2595 1374//2595
f 1340//2596 1391//2596 1379//2596
f 1379//2597 1381//2597 1340//2597
f 1390//2598 1383//2598 1384//2598
f 1385//2599 1377//2599 1384//2599
f 1384//2600 1377//2600 1376//2600
f 1377//2601 1385//2601 1327//2601
f 1386//2602 1327//2602 1385//2602
f 1327//2603 1386//2603 1322//2603
f 1322//2604 1386//2604 1325//2604
f 1320//2605 1306//2605 1564//2605
f 1325//2606 1564//2606 1317//2606
f 1385//2607 1325//2607 1386//2607
f 1387//2608 1385//2608 1384//2608
f 1570//2609 1388//2609 1387//2609
f 1389//2610 1387//2610 1384//2610
f 1389//2611 1384//2611 1383//2611
f 1382//2612 1340//2612 1381//2612
f 1391//2613 1340//2613 1392//2613
f 1392//2614 1374//2614 1380//2614
f 1338//2615 1373//2615 1374//2615
f 1393//2616 1604//2616 1394//2616
f 1393//2617 1394//2617 1395//2617
f 1395//2618 1396//2618 1397//2618
f 1396//2619 1395//2619 1394//2619
f 1394//2620 1368//2620 1396//2620
f 1398//2621 1399//2621 1400//2621
f 1590//2622 1400//2622 1401//2622
f 1401//2623 1400//2623 1399//2623
f 1370//2624 1396//2624 1368//2624
f 1370//2625 1402//2625 1398//2625
f 1398//2626 1402//2626 1399//2626
f 1405//2627 1403//2627 1404//2627
f 1405//2628 1404//2628 1363//2628
f 1405//2629 1363//2629 1401//2629
f 1401//2630 1410//2630 1595//2630
f 1403//2631 1402//2631 1370//2631
f 1403//2632 1399//2632 1402//2632
f 1399//2633 1403//2633 1405//2633
f 1401//2634 1399//2634 1405//2634
f 1406//2635 1259//2635 1297//2635
f 1297//2636 1298//2636 1406//2636
f 1301//2637 1290//2637 1302//2637
f 1259//2638 1406//2638 1302//2638
f 1407//2639 1294//2639 1337//2639
f 1407//2640 1337//2640 1332//2640
f 1294//2641 1407//2641 1408//2641
f 1294//2642 1408//2642 1279//2642
f 1407//2643 1332//2643 1331//2643
f 1408//2644 1407//2644 1331//2644
f 1409//2645 1295//2645 1408//2645
f 1295//2646 1409//2646 1303//2646
f 1408//2647 1333//2647 1409//2647
f 1333//2648 1408//2648 1330//2648
f 1282//2649 1249//2649 1213//2649
f 1281//2650 1249//2650 1282//2650
f 1413//2651 1282//2651 1285//2651
f 1285//2652 1287//2652 1413//2652
f 1410//2653 1413//2653 1287//2653
f 1410//2654 1401//2654 1365//2654
f 1411//2655 1410//2655 1365//2655
f 1411//2656 1247//2656 1410//2656
f 1247//2657 1411//2657 1246//2657
f 1412//2658 1411//2658 1366//2658
f 1411//2659 1412//2659 1347//2659
f 1411//2660 1347//2660 1246//2660
f 1245//2661 1358//2661 1337//2661
f 1413//2662 1410//2662 1247//2662
f 1303//2663 1409//2663 1329//2663
f 1329//2664 1409//2664 1333//2664
f 1329//2665 1315//2665 1303//2665
f 1288//2937 1286//2937 1289//2937
f 1288//2938 1289//2938 1318//2938
f 1288//2939 1318//2939 1319//2939
f 1388//2940 1325//2940 1385//2940
f 1388//2941 1385//2941 1387//2941
f 1563//2942 1564//2942 1388//2942
f 1388//2943 1564//2943 1325//2943
f 1564//2944 1563//2944 1565//2944
f 1320//2945 1564//2945 1568//2945
f 1304//2946 1320//2946 1314//2946
f 1318//2947 1314//2947 1596//2947
f 1596//2948 1314//2948 1566//2948
f 1566//2949 1314//2949 1567//2949
f 1567//2950 1314//2950 1320//2950
f 1568//2951 1567//2951 1320//2951
f 1568//2952 1564//2952 1569//2952
f 1564//2953 1565//2953 1569//2953
f 1563//2954 1388//2954 1570//2954
f 1390//2955 1389//2955 1383//2955
f 1572//2956 1390//2956 1378//2956
f 1341//2957 1573//2957 1378//2957
f 1378//2958 1573//2958 1572//2958
f 1382//2959 1574//2959 1341//2959
f 1574//2960 1382//2960 1381//2960
f 1575//2961 1381//2961 1379//2961
f 1609//2962 1391//2962 1577//2962
f 1609//2963 1577//2963 1576//2963
f 1578//2964 1579//2964 1580//2964
f 1391//2965 1578//2965 1577//2965
f 1577//2966 1578//2966 1580//2966
f 1576//2967 1577//2967 1610//2967
f 1610//2968 1577//2968 1580//2968
f 1580//2969 1579//2969 1581//2969
f 1581//2970 1582//2970 1580//2970
f 1583//2971 1582//2971 1581//2971
f 1583//2972 1581//2972 1584//2972
f 1584//2973 1581//2973 1395//2973
f 1585//2974 1582//2974 1583//2974
f 1589//2975 1586//2975 1583//2975
f 1583//2976 1586//2976 1585//2976
f 1585//2977 1586//2977 1587//2977
f 1583//2978 1584//2978 1588//2978
f 1588//2979 1589//2979 1583//2979
f 1588//2980 1584//2980 1594//2980
f 1591//2981 1589//2981 1588//2981
f 1591//2982 1592//2982 1589//2982
f 1590//2983 1589//2983 1592//2983
f 1398//2984 1400//2984 1592//2984
f 1398//2985 1592//2985 1370//2985
f 1396//2986 1370//2986 1592//2986
f 1397//2987 1396//2987 1592//2987
f 1593//2988 1397//2988 1592//2988
f 1594//2989 1395//2989 1397//2989
f 1594//2990 1397//2990 1593//2990
f 1591//2991 1593//2991 1592//2991
f 1592//2992 1400//2992 1590//2992
f 1670//2993 1393//2993 1395//2993
f 1288//2994 1319//2994 1287//2994
f 1596//2995 1595//2995 1319//2995
f 1318//2996 1596//2996 1319//2996
f 1595//2997 1596//2997 1597//2997
f 1401//2998 1595//2998 1590//2998
f 1590//2999 1595//2999 1597//2999
f 1596//3000 1598//3000 1597//3000
f 1598//3001 1596//3001 1566//3001
f 1598//3002 1590//3002 1597//3002
f 1599//3003 1589//3003 1590//3003
f 1599//3004 1600//3004 1586//3004
f 1580//3005 1582//3005 1610//3005
f 1587//3006 1586//3006 1600//3006
f 1598//3007 1567//3007 1601//3007
f 1605//3008 1563//3008 1570//3008
f 1401//3009 1363//3009 1365//3009
f 1374//3010 1373//3010 1603//3010
f 1374//3011 1603//3011 1375//3011
f 1603//3012 1371//3012 1604//3012
f 1368//3013 1394//3013 1604//3013
f 1603//3014 1604//3014 1375//3014
f 1604//3015 1393//3015 1375//3015
f 1595//3016 1287//3016 1319//3016
f 1287//3017 1595//3017 1410//3017
f 1571//3018 1605//3018 1389//3018
f 1571//3019 1389//3019 1390//3019
f 1387//3020 1389//3020 1570//3020
f 1570//3021 1389//3021 1605//3021
f 1606//3022 1605//3022 1571//3022
f 1572//3023 1606//3023 1571//3023
f 1572//3024 1571//3024 1390//3024
f 1573//3025 1341//3025 1574//3025
f 1381//3026 1575//3026 1607//3026
f 1608//3027 1607//3027 1575//3027
f 1608//3028 1575//3028 1609//3028
f 1609//3029 1575//3029 1379//3029
f 1609//3030 1379//3030 1391//3030
f 1614//3031 1610//3031 1582//3031
f 1614//3032 1582//3032 1585//3032
f 1613//3033 1585//3033 1587//3033
f 1600//3034 1613//3034 1587//3034
f 1611//3035 1599//3035 1590//3035
f 1612//3036 1590//3036 1598//3036
f 1612//3037 1611//3037 1590//3037
f 1599//3038 1611//3038 1600//3038
f 1611//3039 1612//3039 1623//3039
f 1600//3040 1611//3040 1613//3040
f 1613//3041 1614//3041 1585//3041
f 1610//3042 1615//3042 1576//3042
f 1615//3043 1610//3043 1614//3043
f 1614//3044 1616//3044 1615//3044
f 1617//3045 1576//3045 1615//3045
f 1576//3046 1619//3046 1609//3046
f 1616//3047 1622//3047 1615//3047
f 1615//3048 1622//3048 1617//3048
f 1617//3049 1622//3049 1637//3049
f 1617//3050 1618//3050 1576//3050
f 1609//3051 1619//3051 1608//3051
f 1618//3052 1619//3052 1576//3052
f 1607//3053 1608//3053 1634//3053
f 1620//3054 1572//3054 1573//3054
f 1608//3055 1619//3055 1618//3055
f 1621//3056 1617//3056 1637//3056
f 1617//3057 1621//3057 1618//3057
f 1618//3058 1621//3058 1688//3058
f 1688//3059 1608//3059 1618//3059
f 1636//3060 1621//3060 1637//3060
f 1616//3061 1623//3061 1622//3061
f 1611//3062 1623//3062 1616//3062
f 1611//3063 1616//3063 1613//3063
f 1616//3064 1614//3064 1613//3064
f 1620//3065 1573//3065 1574//3065
f 1620//3066 1574//3066 1624//3066
f 1572//3067 1620//3067 1606//3067
f 1624//3068 1631//3068 1620//3068
f 1620//3069 1625//3069 1606//3069
f 1606//3070 1563//3070 1605//3070
f 1563//3071 1606//3071 1626//3071
f 1565//3072 1563//3072 1630//3072
f 1630//3073 1563//3073 1626//3073
f 1565//3074 1630//3074 1627//3074
f 1630//3075 1683//3075 1627//3075
f 1627//3076 1628//3076 1565//3076
f 1629//3077 1627//3077 1683//3077
f 1620//3078 1631//3078 1625//3078
f 1632//3079 1631//3079 1624//3079
f 1631//3080 1665//3080 1625//3080
f 1606//3081 1625//3081 1679//3081
f 1632//3082 1624//3082 1574//3082
f 1633//3083 1574//3083 1381//3083
f 1633//3084 1381//3084 1607//3084
f 1607//3085 1634//3085 1633//3085
f 1688//3086 1634//3086 1608//3086
f 1635//3087 1621//3087 1636//3087
f 1635//3088 1636//3088 1612//3088
f 1636//3089 1637//3089 1622//3089
f 1622//3090 1623//3090 1636//3090
f 1636//3091 1623//3091 1612//3091
f 1601//3092 1612//3092 1598//3092
f 1692//3093 1601//3093 1602//3093
f 1568//3094 1602//3094 1601//3094
f 1569//3095 1602//3095 1568//3095
f 1567//3096 1568//3096 1601//3096
f 1660//3158 1679//3158 1665//3158
f 1392//3165 1578//3165 1391//3165
f 1581//3166 1579//3166 1670//3166
f 1578//3167 1671//3167 1579//3167
f 1670//3168 1395//3168 1581//3168
f 1584//3169 1395//3169 1594//3169
f 1594//3170 1593//3170 1588//3170
f 1593//3171 1591//3171 1588//3171
f 1665//3197 1631//3197 1632//3197
f 1626//3198 1606//3198 1679//3198
f 1679//3199 1625//3199 1665//3199
f 1632//3200 1574//3200 1633//3200
f 1662//3202 1626//3202 1679//3202
f 1680//3204 1682//3204 1683//3204
f 1680//3205 1683//3205 1630//3205
f 1683//3206 1684//3206 1629//3206
f 1627//3207 1629//3207 1628//3207
f 1393//3208 1380//3208 1375//3208
f 1392//3209 1380//3209 1578//3209
f 1578//3210 1380//3210 1671//3210
f 1579//3211 1671//3211 1670//3211
f 1380//3212 1393//3212 1671//3212
f 1671//3213 1393//3213 1670//3213
f 1687//3218 1634//3218 1688//3218
f 1621//3219 1690//3219 1688//3219
f 1689//3225 1680//3225 1626//3225
f 1626//3226 1680//3226 1630//3226
f 1687//3232 1688//3232 1690//3232
f 1690//3233 1621//3233 1667//3233
f 1667//3234 1621//3234 1635//3234
f 1668//3235 1667//3235 1635//3235
f 1635//3236 1612//3236 1691//3236
f 1691//3237 1612//3237 1692//3237
f 1635//3238 1691//3238 1668//3238
f 1684//3239 1729//3239 1691//3239
f 1684//3240 1691//3240 1692//3240
f 1692//3241 1602//3241 1629//3241
f 1565//3242 1628//3242 1569//3242
f 1602//3243 1569//3243 1628//3243
f 1628//3244 1629//3244 1602//3244
f 1566//3315 1567//3315 1598//3315
f 1586//3316 1589//3316 1599//3316
f 1728//3318 1684//3318 1682//3318
f 1684//3319 1683//3319 1682//3319
f 1691//3321 1729//3321 1668//3321
f 1684//3322 1692//3322 1629//3322
f 1612//3324 1601//3324 1692//3324
