# Blender 5.2.1 LTS
# www.blender.org
mtllib archer_arm_r.mtl
o Archer_RightArm
v -0.319413 -0.242003 -0.034880
v -0.312084 -0.248364 -0.046489
v -0.315716 -0.264725 -0.036184
v -0.313285 -0.230918 -0.046920
v -0.317749 -0.234747 -0.033026
v -0.310282 -0.263427 -0.044548
v -0.308552 -0.266286 -0.049049
v -0.319002 -0.241756 -0.059621
v -0.307538 -0.215514 -0.035697
v -0.305764 -0.228127 -0.017662
v -0.314090 -0.240939 -0.023693
v -0.305448 -0.282958 -0.048161
v -0.314020 -0.266233 -0.057364
v -0.311356 -0.292087 -0.057032
v -0.304780 -0.305476 -0.061846
v -0.313076 -0.257600 -0.068143
v -0.302669 -0.253770 -0.076612
v -0.313513 -0.237130 -0.071575
v -0.305444 -0.289274 -0.074282
v -0.299269 -0.284213 -0.077245
v -0.302295 -0.281381 -0.085979
v -0.294629 -0.323101 -0.064358
v -0.297095 -0.306329 -0.072512
v -0.310490 -0.292169 -0.068073
v -0.291820 -0.295807 -0.076971
v -0.284039 -0.310838 -0.075659
v -0.288354 -0.306253 -0.086756
v -0.298598 -0.282114 -0.092798
v -0.300901 -0.269460 -0.076737
v -0.304941 -0.239908 -0.077613
v -0.317286 -0.232738 -0.059100
v -0.313391 -0.227203 -0.067069
v -0.309390 -0.217388 -0.048227
v -0.315751 -0.212981 -0.042896
v -0.311767 -0.210971 -0.032223
v -0.308293 -0.216446 -0.066789
v -0.316275 -0.213927 -0.056312
v -0.313330 -0.203678 -0.033434
v -0.316425 -0.203607 -0.052725
v -0.303922 -0.213280 -0.027717
v -0.306083 -0.207643 -0.021850
v -0.303561 -0.196154 -0.019547
v -0.298150 -0.209636 -0.019473
v -0.288746 -0.218202 -0.000633
v -0.314527 -0.268052 -0.027709
v -0.313388 -0.296859 -0.041373
v -0.315772 -0.294905 -0.028970
v -0.302141 -0.298103 -0.048749
v -0.294621 -0.309044 -0.048417
v -0.288015 -0.323899 -0.071081
v -0.276737 -0.316658 -0.089351
v -0.302459 -0.258164 -0.092196
v -0.306843 -0.240872 -0.089577
v -0.298563 -0.238282 -0.096910
v -0.303936 -0.233318 -0.091174
v -0.302290 -0.220236 -0.078945
v -0.311873 -0.213298 -0.071791
v -0.313905 -0.203267 -0.071493
v -0.303890 -0.214592 -0.073868
v -0.308448 -0.205259 -0.085089
v -0.309499 -0.199898 -0.042176
v -0.308755 -0.197779 -0.066028
v -0.294682 -0.174942 -0.049858
v -0.303308 -0.195916 -0.080722
v -0.306356 -0.198852 -0.084820
v -0.303305 -0.209840 -0.086864
v -0.298042 -0.212156 -0.083243
v -0.297101 -0.194746 -0.096659
v -0.295297 -0.204641 -0.097245
v -0.291500 -0.208297 -0.089762
v -0.300156 -0.190027 -0.031784
v -0.286115 -0.164609 -0.056375
v -0.286620 -0.165525 -0.067540
v -0.283418 -0.164410 -0.077914
v -0.285864 -0.178417 -0.094508
v -0.292055 -0.175288 -0.080631
v -0.273528 -0.158695 -0.031550
v -0.283634 -0.163424 -0.047160
v -0.293811 -0.151602 -0.063298
v -0.287767 -0.151790 -0.081725
v -0.278774 -0.163804 -0.085342
v -0.274594 -0.162985 -0.090274
v -0.276959 -0.150087 -0.097763
v -0.263544 -0.162321 -0.096833
v -0.259840 -0.147815 -0.111437
v -0.263410 -0.138651 -0.107199
v -0.258750 -0.157436 -0.103633
v -0.293170 -0.190483 -0.092475
v -0.282600 -0.184917 -0.099286
v -0.287681 -0.190194 -0.102601
v -0.278572 -0.191700 -0.108744
v -0.271818 -0.176073 -0.101427
v -0.276257 -0.183342 -0.107771
v -0.266453 -0.171994 -0.109473
v -0.281425 -0.200278 -0.103862
v -0.285842 -0.243961 -0.099129
v -0.261909 -0.193937 -0.108878
v -0.281365 -0.203583 -0.095441
v -0.268585 -0.198649 -0.099985
v -0.316717 -0.287085 0.002478
v -0.315355 -0.277124 -0.000924
v -0.314054 -0.285201 -0.008385
v -0.311457 -0.276844 0.008610
v -0.307918 -0.263072 0.004173
v -0.311875 -0.304242 -0.005370
v -0.310445 -0.290388 -0.010918
v -0.297489 -0.295278 -0.012758
v -0.301936 -0.293276 -0.015708
v -0.313083 -0.294255 0.009955
v -0.311724 -0.320321 0.001500
v -0.307294 -0.284876 0.014831
v -0.309604 -0.319602 0.011634
v -0.307889 -0.319127 -0.005387
v -0.305116 -0.315496 0.017383
v -0.300715 -0.313760 0.018926
v -0.295578 -0.280212 0.014863
v -0.300252 -0.265178 0.010943
v -0.308507 -0.255002 -0.005403
v -0.305126 -0.239466 -0.002022
v -0.305969 -0.233275 -0.011176
v -0.287759 -0.332418 0.017800
v -0.299519 -0.348517 0.013735
v -0.301227 -0.348864 0.003514
v -0.300890 -0.228738 -0.001833
v -0.292820 -0.235424 0.005641
v -0.288181 -0.271389 0.012353
v -0.285518 -0.310528 0.010539
v -0.302338 -0.336757 -0.003090
v -0.296309 -0.329958 -0.007414
v -0.295543 -0.352946 0.006789
v -0.293370 -0.340834 0.019534
v -0.289780 -0.348069 0.015528
v -0.294102 -0.346423 -0.003435
v -0.287777 -0.313947 -0.005175
v -0.284660 -0.331436 -0.002094
v -0.290325 -0.288790 -0.010198
v -0.292738 -0.282978 -0.015921
v -0.304444 -0.282131 -0.015473
v -0.309594 -0.298844 -0.019794
v -0.305748 -0.258428 -0.018393
v -0.304222 -0.246932 -0.014756
v -0.286253 -0.285079 0.007906
v -0.287918 -0.349177 0.003054
v -0.281650 -0.334955 0.008649
v -0.309864 -0.309526 -0.026601
v -0.309247 -0.311303 -0.037742
v -0.300722 -0.315538 -0.044272
v -0.287087 -0.322623 -0.048018
v -0.293553 -0.323807 -0.055048
v -0.273887 -0.321546 -0.075079
v -0.274321 -0.324785 -0.072832
v -0.269269 -0.328714 -0.081385
v -0.280112 -0.303418 -0.095124
v -0.291783 -0.281564 -0.097443
v -0.281496 -0.282636 -0.097049
v -0.299251 -0.332048 -0.037067
v -0.282629 -0.327770 -0.048860
v -0.281731 -0.334825 -0.054124
v -0.267012 -0.347055 -0.053685
v -0.280513 -0.336161 -0.063850
v -0.275576 -0.277856 -0.092081
v -0.279590 -0.266961 -0.094156
v -0.277790 -0.247866 -0.096081
v -0.267328 -0.214735 -0.101666
v -0.270056 -0.241631 -0.093802
v -0.254541 -0.226935 -0.092691
v -0.267026 -0.133366 -0.092899
v -0.272139 -0.136969 -0.095922
v -0.261549 -0.130985 -0.097664
v -0.261221 -0.130958 -0.103958
v -0.252368 -0.134578 -0.111844
v -0.246761 -0.152515 -0.102054
v -0.256596 -0.168978 -0.109479
v -0.240476 -0.130643 -0.108848
v -0.253446 -0.116725 -0.099975
v -0.250277 -0.110428 -0.107401
v -0.249204 -0.098095 -0.095685
v -0.262623 -0.109900 -0.072730
v -0.246138 -0.103161 -0.102915
v -0.239864 -0.092173 -0.106054
v -0.237622 -0.088001 -0.112346
v -0.228022 -0.093194 -0.121660
v -0.240976 -0.115461 -0.115927
v -0.245321 -0.193536 -0.104479
v -0.246983 -0.195356 -0.100624
v -0.253576 -0.213569 -0.099415
v -0.236716 -0.207176 -0.091546
v -0.239279 -0.219243 -0.083411
v -0.237317 -0.222719 -0.069564
v -0.260188 -0.236572 -0.084098
v -0.261812 -0.237383 -0.061367
v -0.246080 -0.227968 -0.059724
v -0.267146 -0.247388 -0.068708
v -0.266987 -0.237500 -0.044480
v -0.228894 -0.209126 -0.079055
v -0.279573 -0.263188 -0.073544
v -0.273701 -0.253655 -0.087172
v -0.270318 -0.291110 -0.082614
v -0.276906 -0.269717 -0.083491
v -0.280050 -0.269486 -0.077417
v -0.284074 -0.272579 -0.073455
v -0.270396 -0.294171 -0.090684
v -0.267563 -0.324601 -0.089504
v -0.266951 -0.309835 -0.092981
v -0.273072 -0.294896 -0.074743
v -0.261594 -0.306403 -0.082344
v -0.261572 -0.322311 -0.087013
v -0.259855 -0.316664 -0.076327
v -0.268526 -0.312950 -0.071226
v -0.265661 -0.323944 -0.073583
v -0.264177 -0.339981 -0.068988
v -0.268315 -0.320883 -0.070838
v -0.267517 -0.346426 -0.064971
v -0.259015 -0.334020 -0.066687
v -0.264737 -0.317806 -0.063905
v -0.256671 -0.330896 -0.058513
v -0.261097 -0.345769 -0.061259
v -0.279265 -0.328697 -0.046859
v -0.276771 -0.327575 -0.045578
v -0.290456 -0.340516 -0.041409
v -0.297453 -0.333199 -0.024413
v -0.294193 -0.341528 -0.030405
v -0.271621 -0.356098 -0.042938
v -0.277643 -0.322051 -0.043874
v -0.261376 -0.340421 -0.050082
v -0.263657 -0.320728 -0.052932
v -0.261317 -0.329405 -0.049587
v -0.299002 -0.202698 -0.013436
v -0.280787 -0.238071 0.007267
v -0.285538 -0.288486 -0.004149
v -0.279301 -0.277098 -0.007384
v -0.274852 -0.269245 0.001998
v -0.269902 -0.262731 -0.006679
v -0.284036 -0.268780 -0.019804
v -0.266278 -0.256691 -0.017166
v -0.270844 -0.256904 -0.026568
v -0.287038 -0.274705 -0.016651
v -0.284451 -0.295153 -0.022862
v -0.286097 -0.319948 -0.018088
v -0.264126 -0.353177 -0.042898
v -0.272152 -0.321474 -0.031378
v -0.261812 -0.343331 -0.039919
v -0.271803 -0.361942 -0.036973
v -0.273122 -0.359825 -0.026898
v -0.259113 -0.349773 -0.035911
v -0.262156 -0.340124 -0.029683
v -0.260512 -0.353142 -0.028197
v -0.263908 -0.344099 -0.023001
v -0.282752 -0.307405 -0.045731
v -0.275147 -0.305216 -0.050531
v -0.277548 -0.308765 -0.038554
v -0.284857 -0.295455 -0.041568
v -0.289288 -0.296935 -0.046291
v -0.280963 -0.296352 -0.030019
v -0.272346 -0.308569 -0.068729
v -0.280055 -0.291226 -0.054490
v -0.288689 -0.285174 -0.046828
v -0.286667 -0.270058 -0.047439
v -0.279272 -0.270335 -0.057438
v -0.277991 -0.291135 -0.062582
v -0.279265 -0.269548 -0.065809
v -0.277973 -0.320426 -0.021716
v -0.288190 -0.337138 -0.019221
v -0.282013 -0.349473 -0.022899
v -0.278104 -0.270090 -0.037595
v -0.273531 -0.258909 -0.047349
v -0.273285 -0.260463 -0.054356
v -0.276264 -0.338373 -0.018260
v -0.265381 -0.361459 -0.030610
v -0.268146 -0.355138 -0.021508
v -0.295725 -0.192278 -0.022708
v -0.287931 -0.188023 -0.009055
v -0.284520 -0.190013 -0.004098
v -0.287738 -0.199280 -0.007023
v -0.287724 -0.204458 -0.011783
v -0.272540 -0.257174 0.003803
v -0.273857 -0.248131 0.006348
v -0.261487 -0.248908 -0.006775
v -0.278120 -0.266901 -0.026947
v -0.256077 -0.235455 -0.021757
v -0.241363 -0.216907 -0.044098
v -0.254127 -0.233797 -0.008981
v -0.261575 -0.238373 0.000740
v -0.253270 -0.226755 -0.045625
v -0.248808 -0.229918 -0.024990
v -0.234348 -0.194384 -0.094600
v -0.246482 -0.188246 -0.107455
v -0.224185 -0.168900 -0.093253
v -0.214373 -0.172260 -0.080997
v -0.258626 -0.184285 -0.110815
v -0.216454 -0.165270 -0.093754
v -0.233573 -0.160771 -0.099122
v -0.241514 -0.138633 -0.103457
v -0.227506 -0.155440 -0.103097
v -0.235559 -0.129778 -0.104276
v -0.228744 -0.121087 -0.106521
v -0.274249 -0.135708 -0.083109
v -0.281493 -0.139050 -0.082432
v -0.280416 -0.136830 -0.067409
v -0.264326 -0.110636 -0.060245
v -0.236622 -0.052725 -0.074618
v -0.233064 -0.072232 -0.106116
v -0.232814 -0.079762 -0.109153
v -0.220060 -0.019584 -0.073332
v -0.240775 -0.063499 -0.061279
v -0.287895 -0.139662 -0.062606
v -0.283507 -0.135509 -0.043593
v -0.279220 -0.134086 -0.049098
v -0.290898 -0.148756 -0.044006
v -0.282156 -0.177878 -0.017475
v -0.280086 -0.145325 -0.028246
v -0.272870 -0.131150 -0.032111
v -0.278405 -0.159997 -0.037511
v -0.280109 -0.155981 -0.033658
v -0.267032 -0.156666 -0.025678
v -0.265694 -0.168431 -0.010945
v -0.247376 -0.160786 -0.009562
v -0.261514 -0.173520 -0.005352
v -0.250258 -0.168095 0.001855
v -0.269171 -0.178557 -0.001262
v -0.253156 -0.151732 -0.018757
v -0.242941 -0.157995 -0.003967
v -0.279638 -0.183508 -0.010904
v -0.267830 -0.182475 0.002626
v -0.276402 -0.194085 -0.001643
v -0.274807 -0.199055 -0.006642
v -0.257868 -0.202997 0.004490
v -0.263063 -0.192978 -0.002374
v -0.252004 -0.229009 -0.004294
v -0.257401 -0.218504 0.003572
v -0.244197 -0.231547 -0.003054
v -0.229729 -0.220226 -0.037088
v -0.229308 -0.207423 -0.050662
v -0.230395 -0.213856 -0.058238
v -0.229589 -0.230579 -0.019944
v -0.218647 -0.222748 -0.022724
v -0.223854 -0.230022 -0.008377
v -0.264300 -0.213366 0.003766
v -0.252199 -0.224207 0.003297
v -0.251317 -0.225447 0.011011
v -0.234286 -0.233224 -0.007681
v -0.237792 -0.246587 0.006146
v -0.244001 -0.244487 0.009332
v -0.247730 -0.239410 0.015127
v -0.244473 -0.264966 0.011702
v -0.249369 -0.257990 0.015850
v -0.247197 -0.226043 0.020497
v -0.245462 -0.202704 0.014082
v -0.239080 -0.223052 0.025095
v -0.248381 -0.185050 -0.000130
v -0.261698 -0.186835 0.002385
v -0.230606 -0.200800 0.014254
v -0.250091 -0.260455 0.024021
v -0.243764 -0.236655 0.030665
v -0.246045 -0.261021 0.029894
v -0.248655 -0.271587 0.024985
v -0.216138 -0.222708 -0.007940
v -0.229081 -0.246615 0.005874
v -0.222988 -0.244686 0.008265
v -0.229710 -0.268097 0.010971
v -0.219344 -0.239866 0.011839
v -0.236134 -0.276002 0.034459
v -0.241765 -0.277294 0.019088
v -0.241629 -0.279341 0.030322
v -0.229489 -0.258205 0.031317
v -0.234453 -0.239268 0.034621
v -0.224321 -0.269624 0.016014
v -0.231041 -0.278402 0.019625
v -0.228329 -0.277378 0.030281
v -0.219370 -0.251429 0.019876
v -0.220903 -0.213296 -0.039760
v -0.213261 -0.212425 -0.028831
v -0.222607 -0.264963 0.024504
v -0.224137 -0.242837 0.031059
v -0.227026 -0.220336 0.022546
v -0.246065 -0.176183 0.003845
v -0.234605 -0.180735 -0.002563
v -0.219999 -0.230569 0.020112
v -0.218560 -0.202925 0.007281
v -0.209893 -0.201960 -0.026499
v -0.211480 -0.207446 -0.006300
v -0.224512 -0.191482 0.003876
v -0.281092 -0.294143 -0.070765
v -0.268400 -0.150964 -0.022422
v -0.253548 -0.145666 -0.014560
v -0.256975 -0.126646 -0.020038
v -0.256148 -0.108266 -0.043508
v -0.248721 -0.136872 -0.010282
v -0.265329 -0.141226 -0.017437
v -0.243579 -0.149785 -0.016861
v -0.234297 -0.159944 -0.003337
v -0.230474 -0.174284 -0.002419
v -0.239233 -0.145468 -0.013031
v -0.226933 -0.150715 -0.013934
v -0.223461 -0.179942 -0.010050
v -0.224673 -0.161091 -0.013060
v -0.234537 -0.143224 -0.014676
v -0.239740 -0.131468 -0.008360
v -0.216496 -0.174846 -0.014147
v -0.214000 -0.182290 -0.024651
v -0.215756 -0.191946 -0.006967
v -0.263623 -0.128173 -0.031929
v -0.226816 -0.128726 -0.016845
v -0.228355 -0.135564 -0.020057
v -0.225809 -0.145023 -0.023152
v -0.249222 -0.123595 -0.023130
v -0.225676 -0.059629 -0.040410
v -0.236339 -0.104838 -0.024582
v -0.242013 -0.115695 -0.023113
v -0.234135 -0.090502 -0.029828
v -0.240584 -0.115696 -0.017698
v -0.231063 -0.097183 -0.019776
v -0.224320 -0.081724 -0.026920
v -0.222041 -0.080032 -0.021238
v -0.216650 -0.094023 -0.014119
v -0.216875 -0.067683 -0.027798
v -0.209870 -0.059844 -0.022323
v -0.227451 -0.113713 -0.012934
v -0.209525 -0.107341 -0.021986
v -0.213919 -0.112706 -0.020932
v -0.207036 -0.102572 -0.024971
v -0.203996 -0.115135 -0.020654
v -0.201841 -0.127911 -0.023357
v -0.214292 -0.116058 -0.025124
v -0.205740 -0.128376 -0.029914
v -0.219705 -0.122001 -0.026508
v -0.218084 -0.151029 -0.027279
v -0.211226 -0.137741 -0.029393
v -0.215159 -0.143604 -0.024645
v -0.197542 -0.140600 -0.041100
v -0.204633 -0.154894 -0.036394
v -0.210169 -0.158240 -0.035030
v -0.208190 -0.054354 -0.028385
v -0.195269 -0.037730 -0.023474
v -0.196154 -0.036291 -0.028298
v -0.215277 -0.018839 -0.095535
v -0.207610 0.010811 -0.077567
v -0.211934 -0.017381 -0.056812
v -0.201465 0.022161 -0.090959
v -0.218917 -0.054638 -0.116165
v -0.224752 -0.064892 -0.113006
v -0.225321 -0.067192 -0.118259
v -0.214442 -0.070363 -0.128394
v -0.210371 -0.030749 -0.116635
v -0.199958 0.023386 -0.071466
v -0.196435 -0.008046 -0.044038
v -0.175868 0.023895 -0.042082
v -0.188440 0.048012 -0.085793
v -0.184991 0.046458 -0.070462
v -0.189127 0.055806 -0.081839
v -0.196125 0.016573 -0.113291
v -0.190490 0.038331 -0.100354
v -0.222714 -0.203547 -0.066929
v -0.222617 -0.196911 -0.053390
v -0.217831 -0.189103 -0.065955
v -0.215109 -0.198218 -0.043947
v -0.219584 -0.184793 -0.054104
v -0.222148 -0.191951 -0.079771
v -0.227352 -0.190138 -0.094567
v -0.227229 -0.130166 -0.109557
v -0.226805 -0.137129 -0.102533
v -0.217996 -0.139056 -0.102570
v -0.219298 -0.136728 -0.111815
v -0.226910 -0.112569 -0.112435
v -0.221950 -0.119739 -0.112126
v -0.218987 -0.109761 -0.110961
v -0.221611 -0.106596 -0.111671
v -0.214570 -0.092713 -0.117525
v -0.205214 -0.076710 -0.122828
v -0.200584 -0.074770 -0.114549
v -0.209986 -0.040338 -0.120609
v -0.215734 -0.051433 -0.123036
v -0.194850 -0.008598 -0.129064
v -0.201801 -0.025208 -0.125534
v -0.191026 0.012899 -0.123555
v -0.205756 -0.034358 -0.128123
v -0.200513 -0.046275 -0.135577
v -0.198235 -0.018722 -0.134089
v -0.193165 0.000864 -0.135765
v -0.191391 0.022861 -0.123507
v -0.180785 0.016830 -0.144492
v -0.180599 0.032033 -0.135978
v -0.191032 0.047896 -0.098678
v -0.185444 0.052904 -0.068580
v -0.179481 0.042290 -0.052013
v -0.180694 0.037026 -0.055021
v -0.173151 0.010712 -0.033649
v -0.207148 -0.044230 -0.031725
v -0.184652 -0.019582 -0.028496
v -0.197464 -0.064644 -0.015270
v -0.206563 -0.080607 -0.014973
v -0.197080 -0.082132 -0.021545
v -0.196152 -0.084392 -0.034353
v -0.187849 -0.071519 -0.034880
v -0.187191 -0.067572 -0.022614
v -0.201287 -0.092700 -0.030030
v -0.206075 -0.095300 -0.019798
v -0.202263 -0.099756 -0.024022
v -0.194200 -0.129025 -0.033384
v -0.188931 -0.141501 -0.048678
v -0.200106 -0.162599 -0.052503
v -0.193205 -0.149125 -0.056268
v -0.205307 -0.165012 -0.046721
v -0.208782 -0.147844 -0.095201
v -0.206969 -0.137292 -0.103762
v -0.208310 -0.140267 -0.108086
v -0.207005 -0.113361 -0.115062
v -0.215082 -0.105475 -0.105948
v -0.205760 -0.109296 -0.108931
v -0.214006 -0.096391 -0.107974
v -0.207469 -0.085666 -0.111484
v -0.195863 -0.087807 -0.113335
v -0.209785 -0.123995 -0.111764
v -0.200371 -0.121715 -0.116449
v -0.196389 -0.122062 -0.112558
v -0.200148 -0.115778 -0.107043
v -0.198981 -0.125581 -0.105997
v -0.189849 -0.123942 -0.098278
v -0.202361 -0.135618 -0.116584
v -0.171079 -0.100114 -0.104719
v -0.187729 -0.097750 -0.110664
v -0.182358 -0.072179 -0.118741
v -0.167197 -0.075372 -0.118073
v -0.173522 -0.058033 -0.128144
v -0.164771 -0.060952 -0.128817
v -0.166719 -0.059267 -0.134878
v -0.183027 -0.046196 -0.125666
v -0.192540 -0.060350 -0.118669
v -0.192699 -0.055924 -0.128664
v -0.187846 -0.051446 -0.124102
v -0.174686 -0.055194 -0.132953
v -0.165571 -0.040694 -0.136902
v -0.181176 -0.040664 -0.133280
v -0.155944 -0.050410 -0.142974
v -0.165559 -0.033636 -0.139778
v -0.192123 -0.035110 -0.141207
v -0.173832 0.026346 -0.036229
v -0.159843 0.034633 -0.029629
v -0.170671 0.009591 -0.025687
v -0.174322 -0.003818 -0.028536
v -0.185111 -0.023583 -0.023567
v -0.174148 -0.007063 -0.022729
v -0.169846 -0.024588 -0.015834
v -0.160082 -0.028891 -0.023388
v -0.182619 -0.062945 -0.033004
v -0.193366 -0.127887 -0.024946
v -0.194249 -0.112888 -0.023144
v -0.195704 -0.119235 -0.024984
v -0.197003 -0.093182 -0.032920
v -0.183611 -0.118230 -0.025519
v -0.183103 -0.124301 -0.029152
v -0.181038 -0.116848 -0.031458
v -0.187532 -0.121922 -0.036378
v -0.206824 -0.179512 -0.033873
v -0.212500 -0.184673 -0.042003
v -0.210324 -0.187235 -0.057918
v -0.208385 -0.171958 -0.069114
v -0.208941 -0.186004 -0.065022
v -0.200439 -0.152400 -0.084606
v -0.206133 -0.168647 -0.078010
v -0.201619 -0.141280 -0.098761
v -0.200004 -0.136561 -0.110899
v -0.189282 -0.130418 -0.097175
v -0.215962 -0.189642 -0.079400
v -0.181880 -0.134071 -0.082530
v -0.163922 -0.104526 -0.094034
v -0.181423 -0.128684 -0.085639
v -0.191122 -0.144946 -0.084576
v -0.194476 -0.151938 -0.072402
v -0.185929 -0.144270 -0.067646
v -0.153044 -0.079783 -0.112719
v -0.160786 -0.070211 -0.124303
v -0.150974 -0.077020 -0.117870
v -0.147031 -0.056799 -0.128641
v -0.154888 -0.053274 -0.132370
v -0.156550 -0.035579 -0.142052
v -0.152940 -0.054872 -0.139032
v -0.144439 -0.052480 -0.125825
v -0.133545 -0.049326 -0.125620
v -0.124341 -0.039836 -0.126257
v -0.134319 -0.059317 -0.119370
v -0.139469 -0.081593 -0.106704
v -0.133618 -0.065973 -0.118748
v -0.124166 -0.070919 -0.105046
v -0.140755 -0.085061 -0.096169
v -0.130109 -0.082469 -0.088556
v -0.156970 -0.103820 -0.075874
v -0.176459 -0.127151 -0.068959
v -0.176534 -0.120603 -0.052087
v -0.177067 -0.131378 -0.065175
v -0.180231 -0.038331 -0.016175
v -0.186717 -0.049627 -0.016203
v -0.187383 -0.102022 -0.024715
v -0.179100 -0.123354 -0.045732
v -0.159136 -0.100688 -0.057499
v -0.183965 -0.101186 -0.031732
v -0.182083 -0.107086 -0.034171
v -0.184253 -0.113160 -0.036455
v -0.176479 -0.084722 -0.033784
v -0.177089 -0.053961 -0.033618
v -0.164316 -0.058169 -0.032534
v -0.171157 -0.099613 -0.039655
v -0.161222 -0.083445 -0.036985
v -0.131647 -0.075612 -0.064297
v -0.118189 -0.069283 -0.092755
v -0.133576 -0.082275 -0.078753
v -0.134447 -0.069050 -0.051841
v -0.173089 -0.070835 -0.031395
v -0.152149 -0.062725 -0.034905
v -0.173151 -0.046417 -0.032032
v -0.147632 -0.075127 -0.043631
v -0.173724 -0.046141 -0.022764
v -0.181483 -0.000691 -0.150887
v -0.184357 -0.023529 -0.146188
v -0.175878 -0.002227 -0.151750
v -0.174736 -0.023485 -0.141501
v -0.166468 -0.009461 -0.143749
v -0.162980 0.018887 -0.135931
v -0.162731 0.001561 -0.142819
v -0.173162 -0.027300 -0.136009
v -0.170959 -0.021861 -0.129593
v -0.165597 -0.007032 -0.131709
v -0.162353 0.003386 -0.133630
v -0.161831 0.012102 -0.131448
v -0.177878 0.076528 -0.094636
v -0.170912 0.074882 -0.099001
v -0.178893 0.066151 -0.108189
v -0.175140 0.080112 -0.083289
v -0.168973 0.066015 -0.058740
v -0.162574 0.075319 -0.090819
v -0.171172 0.075793 -0.070784
v -0.116728 -0.447316 -0.142903
v -0.113005 -0.421359 -0.143757
v -0.116174 -0.411688 -0.161395
v -0.100012 -0.414228 -0.139073
v -0.105085 -0.404677 -0.139502
v -0.078987 -0.421913 -0.150904
v -0.077667 -0.428609 -0.157030
v -0.071746 -0.408733 -0.155461
v -0.054557 -0.387125 -0.160152
v -0.067430 -0.390641 -0.154046
v -0.073657 -0.403537 -0.149470
v -0.024882 -0.462262 -0.194939
v -0.063108 -0.372265 -0.153102
v -0.094334 -0.387159 -0.136553
v -0.119096 -0.420511 -0.153708
v -0.109706 -0.385929 -0.149271
v -0.106736 -0.370560 -0.152136
v -0.104008 -0.367125 -0.161160
v -0.097840 -0.371528 -0.137803
v -0.164470 0.039096 -0.123433
v -0.150384 0.010515 -0.133232
v -0.161528 0.019107 -0.127413
v -0.161137 0.027479 -0.126881
v -0.179920 0.045284 -0.125812
v -0.148971 0.020052 -0.133421
v -0.160715 0.036028 -0.117800
v -0.136905 0.052978 -0.120561
v -0.150935 0.030442 -0.125710
v -0.140462 0.024418 -0.130892
v -0.159148 0.045208 -0.109393
v -0.161409 0.042917 -0.112762
v -0.161726 0.057678 -0.106492
v -0.145739 0.060684 -0.104087
v -0.160491 0.049627 -0.093949
v -0.159950 0.048854 -0.083934
v -0.165072 0.051208 -0.044142
v -0.147220 0.041386 -0.048332
v -0.156456 0.039984 -0.034113
v -0.152886 0.017075 -0.016681
v -0.157403 -0.007973 -0.013805
v -0.155604 -0.019955 -0.020459
v -0.146572 -0.009205 -0.022245
v -0.148350 0.007411 -0.014904
v -0.146565 -0.014528 -0.022107
v -0.140276 0.004999 -0.022154
v -0.146693 -0.009619 -0.028117
v -0.129571 -0.014534 -0.018196
v -0.138550 0.011417 -0.025687
v -0.140635 0.003220 -0.028581
v -0.144599 0.008754 -0.039859
v -0.148652 -0.003008 -0.037589
v -0.129209 -0.023617 -0.013949
v -0.133925 -0.029169 -0.018150
v -0.150035 -0.033678 -0.022604
v -0.154552 -0.040153 -0.023213
v -0.145758 -0.033133 -0.021793
v -0.148625 -0.023868 -0.017353
v -0.168330 -0.041055 -0.031560
v -0.162759 -0.032939 -0.032318
v -0.156712 -0.042945 -0.028311
v -0.146593 -0.046670 -0.031204
v -0.135530 -0.056250 -0.038170
v -0.138954 -0.046713 -0.032047
v -0.138543 -0.045198 -0.018499
v -0.139861 -0.048927 -0.023047
v -0.131210 -0.047030 -0.024663
v -0.128896 -0.041731 -0.014246
v -0.125735 -0.044567 -0.017460
v -0.125811 -0.041336 -0.039656
v -0.129277 -0.066937 -0.050397
v -0.138962 -0.061513 -0.041657
v -0.126925 -0.076962 -0.070824
v -0.117167 -0.068477 -0.075796
v -0.120780 -0.049308 -0.046979
v -0.116887 -0.059218 -0.060174
v -0.124611 -0.065723 -0.108422
v -0.109833 -0.057273 -0.104198
v -0.159350 0.066902 -0.090844
v -0.156739 0.049445 -0.074882
v -0.158763 0.073036 -0.083064
v -0.164465 0.065427 -0.058870
v -0.153351 0.057030 -0.060792
v -0.153635 0.058452 -0.070626
v -0.151260 0.042315 -0.061881
v -0.154258 0.045634 -0.070833
v -0.147633 0.043049 -0.064121
v -0.145666 0.035874 -0.052447
v -0.142487 0.026341 -0.035902
v -0.143219 0.017758 -0.041338
v -0.144874 0.025091 -0.045570
v -0.134230 0.031845 -0.049988
v -0.134048 0.052529 -0.063609
v -0.130747 0.034817 -0.056761
v -0.147749 -0.010814 -0.036645
v -0.124383 -0.019744 -0.023572
v -0.136289 -0.023823 -0.031665
v -0.133945 -0.039109 -0.032212
v -0.136976 -0.023552 -0.036504
v -0.142122 -0.012482 -0.033421
v -0.127093 -0.008149 -0.040568
v -0.127989 0.008854 -0.040887
v -0.129842 -0.031907 -0.039670
v -0.116196 0.008629 -0.047207
v -0.135225 0.022346 -0.046617
v -0.112410 -0.002557 -0.044970
v -0.119714 0.021726 -0.048025
v -0.107084 0.053091 -0.059846
v -0.110217 0.021653 -0.057464
v -0.106753 -0.033019 -0.055738
v -0.122026 -0.024250 -0.015357
v -0.121646 -0.034543 -0.014508
v -0.124368 -0.041644 -0.023186
v -0.116109 -0.052391 -0.058779
v -0.122065 -0.042040 -0.047253
v -0.118451 -0.052592 -0.116647
v -0.160562 -0.030040 -0.132835
v -0.155708 -0.038998 -0.132050
v -0.151655 -0.041020 -0.139084
v -0.145284 -0.041960 -0.130588
v -0.143967 -0.007191 -0.137863
v -0.131175 0.078375 -0.088893
v -0.133155 0.071348 -0.079289
v -0.136457 0.060656 -0.070719
v -0.128997 0.081678 -0.098274
v -0.113070 0.065784 -0.063985
v -0.099323 0.011802 -0.059245
v -0.088278 -0.001754 -0.063828
v -0.074852 0.044454 -0.060493
v -0.097143 0.000846 -0.054614
v -0.088181 -0.013359 -0.062590
v -0.082826 -0.011281 -0.070812
v -0.071711 0.008949 -0.072100
v -0.079163 -0.015871 -0.078746
v -0.061386 0.015484 -0.084952
v -0.066737 0.001479 -0.090791
v -0.082158 -0.025438 -0.089577
v -0.082497 -0.023701 -0.077825
v -0.112550 0.094151 -0.082439
v -0.095011 0.048952 -0.057235
v -0.112956 0.079311 -0.070281
v -0.120444 0.086973 -0.107188
v -0.102728 0.112059 -0.098587
v -0.136639 -0.002219 -0.135857
v -0.135435 0.006890 -0.137760
v -0.133615 0.016696 -0.134623
v -0.112587 0.041614 -0.141473
v -0.123611 0.006256 -0.135813
v -0.109594 0.025122 -0.143329
v -0.085376 0.062041 -0.138097
v -0.096518 0.031794 -0.142565
v -0.102670 0.072754 -0.133403
v -0.099645 0.015022 -0.138807
v -0.120006 -0.017542 -0.131733
v -0.096873 0.090621 -0.128568
v -0.103876 0.098880 -0.072979
v -0.086405 0.126277 -0.063230
v -0.095054 0.075887 -0.053758
v -0.083065 0.145904 -0.079715
v -0.091621 0.122655 -0.114549
v -0.108771 0.093464 -0.115834
v -0.077959 0.134181 -0.126745
v -0.078762 0.080693 -0.136005
v -0.073922 0.053698 -0.133828
v -0.053558 0.051369 -0.117378
v -0.064851 0.081740 -0.135533
v -0.054761 0.069710 -0.128711
v -0.091347 0.019054 -0.137075
v -0.060265 0.027241 -0.109758
v -0.041016 0.107151 -0.137198
v -0.085274 0.097574 -0.132717
v -0.083113 0.140439 -0.116237
v -0.065602 0.124669 -0.137332
v -0.075105 0.140637 -0.134365
v -0.085435 0.143124 -0.102907
v -0.095376 0.089471 -0.055398
v -0.072609 0.112216 -0.047966
v -0.073735 0.077701 -0.050235
v -0.055607 0.049128 -0.071011
v -0.056611 0.082481 -0.049883
v -0.092007 0.106252 -0.058132
v -0.059534 0.062952 -0.059892
v -0.042227 0.056244 -0.090162
v -0.045209 0.068107 -0.067011
v -0.089010 -0.024260 -0.068820
v -0.098115 -0.010110 -0.055456
v -0.091475 -0.032938 -0.068830
v -0.100181 -0.020163 -0.053324
v -0.090962 -0.037783 -0.076197
v -0.087385 -0.032805 -0.085558
v -0.091896 -0.041498 -0.095102
v -0.102115 -0.051738 -0.079317
v -0.113731 -0.062339 -0.075927
v -0.105511 -0.056960 -0.094936
v -0.091565 -0.034534 -0.101348
v -0.076020 -0.009090 -0.102328
v -0.086102 -0.019425 -0.105909
v -0.148984 -0.241640 0.017156
v -0.148685 -0.246166 0.015141
v -0.146405 -0.238812 0.010062
v -0.142190 -0.249158 0.012834
v -0.143781 -0.249906 0.025038
v -0.133907 -0.246594 0.010744
v -0.138576 -0.242699 0.006478
v -0.133545 -0.251972 0.020549
v -0.128893 -0.227429 0.008090
v -0.124585 -0.201993 0.010827
v -0.138998 -0.223351 0.014699
v -0.131173 -0.210063 0.015766
v -0.122354 -0.201580 0.022626
v -0.116493 -0.205308 0.007537
v -0.125395 -0.197178 0.005180
v -0.126740 -0.199114 0.014277
v -0.125306 -0.186659 0.008482
v -0.114309 -0.204564 -0.000347
v -0.109006 -0.207835 0.011552
v -0.104117 -0.198737 0.000542
v -0.120710 -0.195979 0.030604
v -0.117269 -0.185407 0.030579
v -0.117661 -0.189518 -0.000709
v -0.107147 -0.189330 0.002333
v -0.103297 -0.187864 0.000197
v -0.101559 -0.192648 0.009208
v -0.100072 -0.189914 0.006720
v -0.094518 -0.194166 -0.008370
v -0.090371 -0.192933 0.008528
v -0.117229 -0.184923 0.002600
v -0.119204 -0.184239 0.009766
v -0.134117 -0.236869 0.044146
v -0.140850 -0.246962 0.035471
v -0.128671 -0.250835 0.029462
v -0.129631 -0.241270 0.044191
v -0.121757 -0.245979 0.034624
v -0.122731 -0.227669 0.049669
v -0.112842 -0.202822 0.046457
v -0.113440 -0.198270 0.048113
v -0.103893 -0.206028 0.048174
v -0.116056 -0.225800 0.049168
v -0.119649 -0.216185 0.049621
v -0.103608 -0.217955 0.043012
v -0.113968 -0.235510 0.040938
v -0.098003 -0.207505 0.040254
v -0.101492 -0.208042 0.026405
v -0.089127 -0.206493 0.038696
v -0.093967 -0.206311 0.025807
v -0.103657 -0.207247 0.007354
v -0.113191 -0.228541 0.025855
v -0.123365 -0.231115 0.010954
v -0.098985 -0.439455 -0.188092
v -0.088314 -0.397110 -0.186282
v -0.085038 -0.407440 -0.187106
v -0.088822 -0.341101 -0.172289
v -0.108664 -0.401198 -0.168399
v -0.142566 -0.027183 -0.132574
v -0.128648 -0.022399 -0.135568
v -0.116757 -0.031943 -0.129046
v -0.099209 -0.041304 -0.110138
v -0.106558 -0.038861 -0.119542
v -0.101763 -0.029672 -0.117968
v -0.102259 -0.019264 -0.124930
v -0.093529 -0.025106 -0.115160
v -0.094461 -0.011868 -0.118189
v -0.115634 -0.010516 -0.134058
v -0.112252 -0.003275 -0.131546
v -0.136107 -0.258635 -0.092469
v -0.133640 -0.265928 -0.091313
v -0.134803 -0.255844 -0.082792
v -0.130737 -0.252034 -0.093533
v -0.127990 -0.253130 -0.078345
v -0.129533 -0.267907 -0.077631
v -0.131805 -0.243718 -0.083305
v -0.131150 -0.256909 -0.065927
v -0.133423 -0.272433 -0.081363
v -0.129661 -0.272409 -0.059421
v -0.135228 -0.273132 -0.091477
v -0.121880 -0.229028 -0.056782
v -0.131099 -0.278852 -0.090371
v -0.123664 -0.267201 -0.095307
v -0.129565 -0.245628 -0.048206
v -0.122238 -0.231980 -0.032333
v -0.126841 -0.262461 -0.036363
v -0.123825 -0.284817 -0.076967
v -0.132097 -0.243314 -0.094266
v -0.129665 -0.236508 -0.088306
v -0.121201 -0.222868 -0.084871
v -0.120120 -0.229918 -0.080705
v -0.125925 -0.226574 -0.092185
v -0.121214 -0.226018 -0.095785
v -0.125366 -0.238415 -0.094978
v -0.124958 -0.238803 -0.079456
v -0.119576 -0.216426 -0.094886
v -0.114451 -0.219087 -0.081336
v -0.104601 -0.207533 -0.100883
v -0.115003 -0.210820 -0.094147
v -0.110585 -0.212139 -0.083107
v -0.113404 -0.205056 -0.091111
v -0.111362 -0.205893 -0.098201
v -0.106148 -0.204262 -0.084763
v -0.107500 -0.195616 -0.091320
v -0.100035 -0.186054 -0.070571
v -0.105441 -0.277023 0.009979
v -0.120152 -0.287707 -0.045598
v -0.129223 -0.285771 -0.081125
v -0.130067 -0.286597 -0.089071
v -0.117133 -0.245182 -0.096561
v -0.116633 -0.254186 -0.103291
v -0.110153 -0.277260 -0.110831
v -0.121737 -0.295319 -0.080916
v -0.122994 -0.293270 -0.090232
v -0.117658 -0.299872 -0.085204
v -0.097446 -0.266052 -0.118412
v -0.086931 -0.281555 -0.117429
v -0.115002 -0.283451 -0.104167
v -0.109310 -0.293081 -0.096796
v -0.121481 -0.284067 -0.094596
v -0.114174 -0.297381 -0.078338
v -0.110348 -0.307231 -0.083013
v -0.113192 -0.305424 -0.089543
v -0.085605 -0.295810 -0.111027
v -0.088771 -0.239736 -0.121868
v -0.108775 -0.229813 -0.099072
v -0.105604 -0.245440 -0.113322
v -0.100729 -0.223867 -0.107849
v -0.120289 -0.035867 -0.020890
v -0.068955 -0.407103 -0.198025
v -0.012568 -0.406154 -0.222648
v -0.030267 -0.315504 -0.204346
v -0.054759 -0.329818 -0.194310
v -0.096283 -0.332141 -0.154966
v -0.090573 -0.317815 -0.158857
v -0.094059 -0.328443 -0.144924
v -0.080784 -0.281498 -0.149952
v -0.083349 -0.302592 -0.139710
v -0.082902 -0.319699 -0.134743
v -0.093964 -0.343461 -0.139390
v -0.083519 -0.345727 -0.134439
v -0.072844 -0.301071 -0.133598
v -0.080032 -0.284019 -0.156567
v -0.049974 -0.219512 -0.168954
v -0.065372 -0.317714 -0.187382
v -0.077266 -0.355393 -0.186152
v -0.064110 -0.330513 -0.187051
v -0.053543 -0.301684 -0.187940
v -0.045842 -0.265177 -0.187394
v -0.070565 -0.249932 -0.150845
v -0.065460 -0.233527 -0.148360
v -0.096277 -0.205611 0.018676
v -0.093183 -0.204499 0.023428
v -0.091503 -0.207007 0.031735
v -0.095843 -0.207502 0.018056
v -0.108232 -0.228064 0.010286
v -0.101449 -0.233400 0.039921
v -0.104944 -0.214620 -0.008511
v -0.121288 -0.251192 -0.017645
v -0.093080 -0.202624 0.014442
v -0.091332 -0.203800 0.028272
v -0.095964 -0.197353 0.017907
v -0.107408 -0.262803 0.014993
v -0.099379 -0.302836 -0.024866
v -0.103328 -0.286791 0.001561
v -0.088089 -0.302798 0.005106
v -0.077735 -0.313562 -0.015245
v -0.083516 -0.277520 0.066671
v -0.077302 -0.296669 0.043498
v -0.068149 -0.303292 0.043455
v -0.089032 -0.247313 0.076483
v -0.084344 -0.258529 0.084981
v -0.075293 -0.266697 0.097138
v -0.086638 -0.202288 0.037550
v -0.089371 -0.200577 0.033125
v -0.098201 -0.191221 0.016809
v -0.095053 -0.188840 0.020629
v -0.087598 -0.192376 0.017174
v -0.088636 -0.203797 0.042147
v -0.087967 -0.197083 0.041728
v -0.091798 -0.187842 0.032929
v -0.084345 -0.190753 0.027135
v -0.079221 -0.189641 0.038389
v -0.092459 -0.193417 0.049376
v -0.091271 -0.189081 0.043553
v -0.090502 -0.184480 0.045166
v -0.086302 -0.217313 0.072884
v -0.092756 -0.228739 0.056104
v -0.071547 -0.184568 0.057026
v -0.079866 -0.187717 0.039375
v -0.074668 -0.185389 0.050962
v -0.082279 -0.184158 0.055903
v -0.089747 -0.181074 0.047623
v -0.093717 -0.158078 0.038163
v -0.103402 -0.201799 0.051922
v -0.111210 -0.186084 0.046515
v -0.100541 -0.186376 0.049648
v -0.104831 -0.183922 0.044489
v -0.104970 -0.184258 0.035947
v -0.089360 -0.170813 0.046062
v -0.109304 -0.302906 -0.065903
v -0.105088 -0.305215 -0.078402
v -0.098639 -0.307419 -0.097076
v -0.091391 -0.299347 -0.100246
v -0.072290 -0.295068 -0.115743
v -0.059670 -0.275255 -0.123284
v -0.072343 -0.312695 -0.104372
v -0.084005 -0.317536 -0.094832
v -0.089696 -0.312677 -0.081299
v -0.095850 -0.311730 -0.070566
v -0.065658 -0.303311 -0.107179
v -0.053908 -0.298006 -0.111617
v -0.049851 -0.281092 -0.121021
v -0.042295 -0.282585 -0.116540
v -0.047677 -0.245331 -0.127217
v -0.099656 -0.212359 -0.101598
v -0.107133 -0.196231 -0.098034
v -0.101707 -0.193005 -0.042693
v -0.101700 -0.190566 -0.054624
v -0.105943 -0.192343 -0.024289
v -0.102620 -0.187126 -0.061596
v -0.113574 -0.189079 -0.083488
v -0.117094 -0.190464 -0.057705
v -0.106376 -0.192226 -0.048209
v -0.115054 -0.188956 -0.038884
v -0.121326 -0.182086 -0.057087
v -0.121645 -0.184617 -0.077256
v -0.118200 -0.173367 -0.055209
v -0.121658 -0.176418 -0.086860
v -0.118639 -0.168435 -0.084669
v -0.113853 -0.166236 -0.077595
v -0.111041 -0.155082 -0.081470
v -0.112843 -0.169484 -0.052116
v -0.108806 -0.175594 -0.101498
v -0.107321 -0.170472 -0.032410
v -0.113157 -0.175696 -0.030349
v -0.110426 -0.186212 -0.018379
v -0.098138 -0.193720 -0.021805
v -0.106010 -0.182268 -0.001354
v -0.104662 -0.175152 -0.003608
v -0.104979 -0.165487 -0.029697
v -0.100274 -0.169899 -0.007666
v -0.097021 -0.161884 -0.008706
v -0.099333 -0.154457 -0.007979
v -0.108403 -0.164597 -0.002867
v -0.112761 -0.168524 0.004675
v -0.107510 -0.160036 0.002832
v -0.108897 -0.173566 0.011539
v -0.113774 -0.184532 0.015859
v -0.117346 -0.182724 -0.091013
v -0.113585 -0.171737 -0.101668
v -0.118002 -0.168951 -0.096479
v -0.111092 -0.154590 -0.095763
v -0.110103 -0.159341 -0.086791
v -0.105332 -0.183279 -0.086854
v -0.100399 -0.169843 -0.103473
v -0.111695 -0.157064 -0.104649
v -0.089425 -0.140323 -0.044282
v -0.090012 -0.148452 -0.013185
v -0.098279 -0.146947 -0.003284
v -0.089023 -0.137126 0.005483
v -0.094067 -0.146336 0.012093
v -0.102445 -0.152045 -0.000927
v -0.094031 -0.165253 0.044362
v -0.076289 -0.168355 0.085587
v -0.076067 -0.182324 0.068358
v -0.078122 -0.178529 0.075004
v -0.067296 -0.182326 0.066682
v -0.074609 -0.206915 0.084487
v -0.085005 -0.230847 0.089234
v -0.072116 -0.249540 0.114679
v -0.079696 -0.241866 0.102726
v -0.063457 -0.245104 0.124217
v -0.064358 -0.179996 0.071063
v -0.059455 -0.176185 0.077863
v -0.063189 -0.177523 0.091305
v -0.057159 -0.176766 0.082724
v -0.061417 -0.227092 0.122775
v -0.061107 -0.216880 0.126683
v -0.058029 -0.218990 0.135718
v -0.064742 -0.229706 0.130220
v -0.059566 -0.229607 0.137962
v -0.060266 -0.236191 0.137436
v -0.066704 -0.243263 0.131150
v -0.066416 -0.272780 0.105197
v -0.061243 -0.257722 0.123935
v -0.057051 -0.285892 0.099390
v -0.040130 -0.288957 0.111150
v -0.035857 -0.314002 0.030006
v -0.058429 -0.309207 0.037834
v -0.058957 -0.317700 -0.006983
v -0.046136 -0.319009 -0.081020
v -0.024818 -0.315678 0.008820
v -0.024482 -0.314097 -0.057424
v -0.015382 -0.306802 -0.065549
v -0.023567 -0.307513 -0.082460
v -0.069049 -0.319830 -0.075626
v -0.078820 -0.319075 -0.088957
v -0.063054 -0.320966 -0.096176
v -0.057208 -0.317032 -0.106342
v -0.056127 -0.317660 -0.088971
v -0.074930 -0.316919 -0.083873
v -0.044387 -0.316144 -0.098719
v -0.045409 -0.300286 -0.115743
v -0.034609 -0.280291 -0.120516
v -0.066307 -0.232151 -0.123573
v -0.075780 -0.217163 -0.125722
v -0.048821 -0.221551 -0.125463
v -0.038215 -0.188093 -0.133048
v -0.029557 -0.232275 -0.121545
v -0.080056 -0.184648 -0.121471
v -0.087334 -0.190889 -0.115913
v -0.094003 -0.206931 -0.110703
v -0.104384 0.010626 -0.052593
v -0.089460 -0.119215 -0.093583
v -0.088396 -0.133073 -0.010722
v -0.095634 -0.138423 0.014845
v -0.100231 -0.152526 0.020340
v -0.100192 -0.160416 0.013960
v -0.083545 -0.144618 0.038937
v -0.083119 -0.162347 0.044554
v -0.078317 -0.162494 0.059281
v -0.080237 -0.154222 0.042602
v -0.088233 -0.145498 0.024920
v -0.092882 -0.152752 0.027036
v -0.080288 -0.164944 0.069369
v -0.067226 -0.217459 0.110874
v -0.035907 -0.168291 0.106559
v -0.051650 -0.170797 0.087412
v -0.046132 -0.165722 0.091197
v -0.050702 -0.199445 0.115721
v -0.055249 -0.210686 0.118849
v -0.055343 -0.204820 0.124968
v -0.061030 -0.243169 0.139598
v -0.055651 -0.268436 0.122968
v -0.044358 -0.280322 0.119438
v -0.033352 -0.286810 0.116379
v -0.042619 -0.283809 0.125521
v -0.031164 -0.296458 0.100974
v -0.005969 -0.300752 0.091717
v -0.000641 -0.294075 0.106952
v 0.011288 -0.298454 0.074315
v 0.005419 -0.303525 0.023918
v 0.028792 -0.285267 0.060616
v -0.018540 -0.313841 -0.010614
v 0.014529 -0.295946 0.015305
v 0.002945 -0.302338 -0.009496
v 0.010099 -0.299531 0.008544
v -0.039543 -0.311219 -0.094410
v -0.046353 -0.313643 -0.107686
v -0.031637 -0.294713 -0.114862
v -0.024867 -0.214271 -0.124113
v -0.021575 -0.199425 -0.128016
v -0.044200 -0.178977 -0.131343
v -0.048995 -0.152992 -0.133056
v -0.058514 -0.148703 -0.127510
v -0.077014 -0.168083 -0.117630
v -0.072087 -0.149488 -0.111842
v -0.082236 -0.172185 -0.109442
v -0.087710 -0.163996 -0.106096
v -0.064943 -0.140627 -0.119496
v -0.064682 -0.128008 -0.115772
v -0.079921 -0.148488 -0.108924
v -0.080709 -0.138536 -0.105351
v -0.077292 -0.133466 -0.107342
v -0.081907 -0.141093 -0.105361
v -0.084389 -0.148498 -0.103035
v -0.093787 -0.166845 -0.099914
v -0.090451 -0.192091 -0.106082
v -0.092986 -0.177681 -0.105107
v -0.100328 -0.181763 -0.099452
v -0.099507 -0.191556 -0.103233
v -0.095433 -0.174981 -0.096249
v -0.089132 -0.166993 -0.091330
v -0.088700 -0.158301 -0.100966
v -0.083612 -0.153369 -0.093406
v -0.087658 -0.157426 -0.088102
v -0.087620 -0.152952 -0.089707
v -0.091951 -0.153067 -0.094336
v -0.094478 -0.163515 -0.100926
v -0.088677 -0.152329 -0.102141
v -0.100208 -0.183241 -0.091906
v -0.101072 -0.181202 -0.070798
v -0.098754 -0.166798 -0.083928
v -0.097845 -0.177959 -0.072807
v -0.094535 -0.170875 -0.078316
v -0.091528 -0.162953 -0.082738
v 0.040579 0.125263 -0.270584
v 0.041173 0.133627 -0.288391
v -0.105807 -0.143535 -0.105631
v -0.104952 -0.148783 -0.092725
v -0.106130 -0.146072 -0.087414
v -0.097878 -0.133398 -0.091542
v -0.080473 -0.102019 -0.098775
v -0.065745 -0.085352 -0.070116
v -0.082912 -0.134054 -0.012684
v -0.093357 -0.136247 -0.006870
v -0.080298 -0.118650 0.000874
v -0.085203 -0.128369 0.010474
v -0.076917 -0.125019 -0.007515
v -0.070904 -0.118919 0.002912
v -0.092446 -0.131905 0.016909
v -0.095401 -0.141171 0.022332
v -0.084282 -0.134447 0.022879
v -0.074469 -0.145091 0.039554
v -0.070827 -0.134902 0.033307
v -0.052524 -0.126072 0.063235
v -0.048421 -0.134787 0.102820
v -0.068627 -0.156333 0.081066
v -0.062943 -0.154902 0.100672
v -0.074563 -0.155674 0.065252
v -0.068067 -0.171525 0.098282
v -0.063205 -0.162081 0.108020
v -0.059065 -0.170635 0.108843
v -0.051776 -0.170596 0.092132
v -0.045982 -0.161174 0.093710
v -0.045230 -0.189129 0.112066
v -0.034036 -0.164265 0.113416
v -0.045901 -0.187704 0.117421
v -0.038135 -0.176224 0.118940
v -0.038686 -0.155822 0.095742
v -0.040415 -0.153224 0.100759
v -0.104625 -0.156595 -0.110630
v -0.097907 -0.138635 -0.115171
v -0.097323 -0.128371 -0.110747
v -0.099016 -0.138719 -0.095334
v -0.095835 -0.130558 -0.098791
v -0.082624 -0.110033 -0.101932
v -0.067729 -0.080553 -0.105346
v -0.077749 -0.100202 -0.104545
v -0.082433 -0.101168 -0.110058
v -0.084973 -0.107295 -0.116581
v -0.049638 -0.079852 -0.008059
v -0.055883 -0.074279 -0.070830
v -0.088855 -0.121439 -0.099411
v -0.092189 -0.119355 -0.105419
v -0.090329 -0.120988 -0.117275
v -0.079718 -0.114271 -0.122181
v -0.095817 -0.151737 -0.112934
v -0.087366 -0.146931 -0.109928
v -0.084326 -0.143737 -0.103275
v -0.084959 -0.140119 -0.098880
v -0.073836 -0.126922 -0.109669
v -0.077795 -0.126343 -0.117189
v -0.071371 -0.121840 -0.110620
v -0.080599 -0.140681 -0.101556
v -0.080867 -0.143877 -0.092658
v -0.077614 -0.138417 -0.094465
v -0.082218 -0.135154 -0.098507
v -0.077946 -0.131192 -0.102499
v -0.073061 -0.128535 -0.099716
v -0.076168 -0.130065 -0.097103
v -0.071871 -0.121508 -0.102780
v -0.072757 -0.125255 -0.105305
v -0.096737 -0.184102 -0.086828
v -0.044275 0.056469 -0.107252
v -0.020526 0.095573 -0.115391
v -0.030325 0.107644 -0.140285
v -0.053255 0.115269 -0.139739
v -0.064507 0.131316 -0.142694
v -0.052795 0.142238 -0.146446
v -0.074114 -0.366886 -0.186610
v -0.090818 -0.354297 -0.135341
v -0.069481 -0.261117 -0.138840
v -0.065060 -0.271841 -0.134536
v -0.074516 -0.281741 -0.137139
v -0.049297 -0.310468 -0.148007
v -0.058025 -0.340614 -0.147573
v -0.053880 -0.335953 -0.153485
v -0.063636 -0.361955 -0.147187
v -0.068503 -0.383371 -0.148288
v -0.058897 -0.356459 -0.153186
v -0.046948 -0.311133 -0.153595
v -0.017054 -0.379266 -0.183755
v -0.040653 -0.285423 -0.148398
v -0.055328 -0.254146 -0.135411
v -0.060421 -0.241574 -0.136025
v -0.056902 -0.216301 -0.139824
v -0.056750 -0.203282 -0.149284
v -0.049682 -0.223274 -0.134383
v -0.093651 -0.161020 0.030096
v -0.086644 -0.027408 -0.103535
v -0.003069 -0.315772 -0.213192
v 0.038649 -0.246772 -0.211757
v 0.026377 -0.339787 -0.220405
v 0.008527 -0.451358 -0.233888
v -0.075035 0.143442 -0.061079
v -0.035712 0.094236 -0.052640
v -0.055766 0.108724 -0.043153
v -0.050588 0.129799 -0.042212
v -0.064829 0.138019 -0.050773
v -0.060052 0.141987 -0.043215
v -0.075551 -0.117476 0.009296
v -0.078317 -0.120290 0.017826
v -0.078666 -0.130761 0.030951
v -0.068245 -0.123317 0.019935
v -0.036767 -0.065960 -0.021928
v -0.019125 -0.059751 0.034367
v -0.017094 -0.058405 -0.019392
v 0.008374 -0.047754 0.046741
v -0.055034 -0.070331 -0.108759
v -0.028710 -0.061484 -0.079652
v -0.067250 -0.081754 -0.110918
v -0.073119 -0.091381 -0.107288
v -0.067440 -0.080876 -0.123743
v -0.075729 -0.091715 -0.119781
v -0.072614 -0.094239 -0.125071
v -0.063728 -0.102847 -0.122644
v -0.051556 -0.071076 -0.116062
v -0.060202 -0.072575 -0.119812
v -0.054606 -0.071233 -0.129423
v -0.069105 -0.117440 -0.113403
v -0.059440 -0.091336 -0.128395
v -0.061485 -0.106576 -0.116447
v -0.056927 -0.100194 -0.115706
v -0.054563 -0.095792 -0.112082
v -0.059335 -0.115124 -0.118386
v -0.056595 -0.107289 -0.126452
v -0.047633 -0.097721 -0.118613
v -0.054770 -0.077506 -0.133105
v -0.048610 -0.083625 -0.132785
v -0.046800 -0.087197 -0.125888
v -0.042021 -0.067378 -0.134371
v -0.041237 -0.066947 -0.118750
v -0.043836 -0.065684 -0.124771
v -0.051501 -0.093842 -0.101844
v -0.035925 -0.084491 -0.096270
v -0.034699 -0.077397 -0.139769
v -0.023625 -0.066868 -0.124630
v -0.010246 -0.069156 -0.129434
v -0.032900 -0.068152 -0.138543
v -0.031140 -0.083211 -0.135579
v -0.035658 -0.067319 -0.145777
v -0.030036 -0.085718 -0.136904
v -0.034328 -0.106615 -0.136628
v -0.028721 -0.108832 -0.137111
v -0.038669 -0.110192 -0.140111
v -0.048018 -0.103614 -0.132513
v -0.042479 -0.101248 -0.128284
v -0.036473 -0.106351 -0.123726
v -0.051429 -0.111383 -0.134167
v -0.039759 -0.130092 -0.139095
v -0.051950 -0.117286 -0.131571
v -0.040329 -0.147784 -0.136603
v -0.041381 -0.161739 -0.134101
v -0.041927 -0.164371 -0.136263
v -0.042998 -0.135456 -0.146602
v -0.047582 -0.165756 -0.150726
v -0.036295 -0.163485 -0.170289
v -0.039590 -0.121679 -0.156117
v -0.030646 -0.115401 -0.170645
v -0.027602 -0.062814 -0.173074
v -0.036881 -0.074168 -0.153694
v -0.014331 -0.123958 -0.184562
v -0.022121 -0.033211 -0.174546
v -0.026449 -0.026078 -0.147525
v -0.029450 -0.048420 -0.139730
v -0.027895 -0.065521 -0.136023
v -0.019362 -0.066510 -0.138379
v 0.001592 -0.074126 -0.131436
v 0.019889 -0.070468 -0.068910
v 0.001660 -0.063152 -0.075574
v 0.014328 -0.083331 -0.131053
v 0.026890 -0.076564 -0.067932
v -0.012902 -0.069056 -0.139959
v 0.017231 -0.085591 -0.138535
v 0.000714 -0.073557 -0.139590
v 0.008957 -0.081460 -0.144546
v -0.008332 -0.071294 -0.143933
v -0.002036 -0.077789 -0.147454
v 0.002992 -0.053841 -0.146223
v 0.001147 -0.082831 -0.153165
v 0.005997 -0.055866 -0.151543
v 0.025955 -0.088211 -0.161753
v 0.025664 -0.090845 -0.111421
v 0.031806 -0.083619 -0.066363
v 0.014365 -0.056965 -0.014047
v 0.030650 -0.102044 -0.094512
v 0.019582 -0.092732 -0.131157
v 0.022939 -0.106638 -0.129240
v -0.000085 -0.088268 -0.147944
v 0.020306 -0.120681 -0.128111
v 0.023062 -0.141342 -0.105015
v 0.024442 -0.106107 -0.135235
v 0.039319 -0.093506 -0.045687
v 0.030659 -0.161779 -0.039856
v 0.046844 -0.126778 -0.008604
v 0.025855 -0.064467 -0.033631
v 0.030913 -0.063960 -0.023431
v 0.032403 -0.056643 0.009909
v 0.000883 -0.056880 -0.022436
v 0.033333 -0.063261 -0.014402
v 0.037545 -0.061432 -0.001530
v 0.041041 -0.062442 0.004090
v -0.035426 -0.076948 0.032570
v -0.026161 -0.096072 0.095451
v -0.037396 -0.118845 0.102750
v -0.038031 -0.129068 0.107633
v -0.047054 -0.142552 0.106763
v -0.043485 -0.137101 0.115077
v -0.059795 -0.151423 0.096023
v -0.047210 -0.148390 0.122332
v -0.040081 -0.150763 0.126200
v -0.053660 -0.162807 0.118306
v -0.046054 -0.160950 0.122486
v -0.052804 -0.171356 0.110387
v -0.044229 -0.167276 0.114409
v -0.041426 -0.163412 0.107089
v -0.037613 -0.159761 0.120384
v -0.033277 -0.155705 0.112661
v -0.031457 -0.143748 0.126799
v -0.028338 -0.148201 0.111590
v -0.024731 -0.142377 0.121669
v -0.025600 -0.144274 0.110598
v -0.017538 -0.138535 0.112590
v -0.032406 -0.141611 0.103964
v -0.024309 -0.140435 0.109498
v -0.025310 -0.133641 0.106608
v -0.026576 -0.132252 0.101161
v -0.031204 -0.143691 0.099754
v -0.025309 -0.157363 0.118763
v -0.031905 -0.156543 0.111509
v -0.029808 -0.154637 0.104286
v -0.031983 -0.170174 0.122072
v -0.048031 -0.194274 0.126300
v -0.031508 -0.179899 0.124133
v -0.025058 -0.166392 0.120734
v -0.023309 -0.178500 0.122568
v -0.040818 -0.182697 0.123876
v -0.048651 -0.201767 0.129270
v -0.051473 -0.207280 0.133150
v -0.060695 -0.248838 0.137080
v -0.059673 -0.255462 0.138388
v -0.061994 -0.259482 0.130233
v -0.054748 -0.263367 0.136115
v -0.050341 -0.245642 0.138087
v -0.048901 -0.260338 0.137656
v -0.048778 -0.273961 0.134527
v -0.058174 -0.268394 0.130491
v -0.054360 -0.270725 0.130426
v -0.035156 -0.252213 0.146297
v -0.039073 -0.231561 0.141171
v -0.052355 -0.216218 0.135048
v -0.015029 -0.267357 0.137969
v -0.041946 -0.279694 0.132831
v -0.025861 -0.281197 0.132889
v -0.038410 -0.268477 0.136553
v -0.023048 -0.272628 0.132361
v -0.031581 -0.286181 0.130049
v -0.051335 -0.275685 0.125956
v -0.016403 -0.293575 0.117056
v -0.019314 -0.291484 0.112069
v 0.001792 -0.295698 0.115323
v -0.005900 -0.275567 0.126725
v 0.007296 -0.268907 0.130367
v -0.004863 -0.260967 0.139052
v -0.021965 -0.242278 0.146499
v 0.009143 -0.274200 0.123739
v 0.020432 -0.267875 0.119857
v 0.021643 -0.279203 0.121630
v 0.012115 -0.290821 0.120200
v 0.024281 -0.288095 0.107425
v 0.027579 -0.283916 0.092178
v 0.014607 -0.290959 0.102969
v -0.046889 0.134747 -0.035360
v -0.034958 0.118898 -0.041698
v -0.033707 0.143192 -0.033372
v -0.036398 0.127290 -0.034423
v -0.023982 0.118047 -0.038589
v -0.027563 0.111697 -0.047845
v -0.019068 0.102637 -0.067173
v -0.012880 0.102754 -0.067208
v -0.016416 0.095715 -0.103170
v -0.016485 0.098347 -0.080985
v -0.012183 0.098771 -0.119559
v -0.007249 0.098796 -0.093036
v -0.026107 0.097610 -0.124612
v -0.006763 0.101490 -0.111800
v -0.000294 0.112220 -0.108321
v 0.002806 0.120948 -0.121205
v 0.007051 0.120309 -0.105306
v 0.008994 0.131421 -0.120334
v -0.050984 0.121129 -0.146607
v -0.040109 0.113581 -0.144912
v -0.045279 0.150296 -0.150698
v -0.023152 0.136327 -0.148723
v -0.030676 0.126278 -0.145959
v -0.012997 0.117003 -0.134354
v -0.032365 0.101471 -0.131695
v -0.019395 0.102088 -0.131310
v -0.005865 0.126604 -0.136995
v -0.001223 0.137294 -0.137483
v 0.012976 0.143747 -0.131789
v -0.021011 0.132616 -0.035920
v -0.006546 0.135887 -0.040476
v -0.014954 0.144176 -0.033403
v -0.017834 0.110946 -0.047703
v -0.008833 0.105953 -0.065757
v 0.012533 0.130703 -0.092639
v 0.006018 0.125080 -0.070478
v 0.019762 0.141057 -0.114292
v -0.025287 -0.229252 -0.146302
v -0.048857 -0.199112 -0.136227
v -0.050100 -0.184562 -0.142291
v -0.038343 -0.184961 -0.135293
v -0.031743 -0.254899 -0.147209
v -0.033095 -0.270034 -0.153467
v -0.023954 -0.236698 -0.151954
v -0.028145 -0.252446 -0.152539
v -0.002196 -0.227876 -0.161241
v 0.010795 -0.273136 -0.177686
v -0.019428 -0.200415 -0.145816
v -0.038370 -0.210435 -0.177672
v -0.011649 -0.147982 -0.185493
v -0.006193 -0.088364 -0.186990
v -0.010881 -0.078659 -0.186047
v -0.020177 -0.006171 -0.142955
v -0.023800 -0.028939 -0.139566
v 0.007903 -0.028571 -0.144776
v -0.015432 -0.008644 -0.139679
v -0.019726 0.014558 -0.152223
v -0.016216 0.005405 -0.177705
v -0.004733 -0.032695 -0.186052
v 0.001780 0.018005 -0.188188
v 0.005935 -0.005234 -0.187126
v 0.000329 -0.040145 -0.186545
v 0.024158 0.010675 -0.195009
v 0.024972 -0.062626 -0.202456
v -0.016813 0.012864 -0.144888
v -0.014705 0.051679 -0.158890
v -0.011787 0.024721 -0.144428
v -0.012378 0.039400 -0.148013
v -0.011107 0.038270 -0.181796
v 0.011393 0.040566 -0.189896
v -0.010017 0.058801 -0.151562
v -0.005797 0.106272 -0.169583
v -0.004637 0.073382 -0.185730
v 0.006728 0.047643 -0.191735
v 0.011805 0.002182 -0.146955
v 0.015726 0.031943 -0.149026
v -0.003926 0.064529 -0.149181
v -0.006600 0.085652 -0.155330
v 0.020386 0.065407 -0.151470
v 0.020762 0.041156 -0.153950
v 0.017421 0.014080 -0.152421
v 0.014189 -0.006946 -0.151011
v 0.080386 0.018190 -0.160528
v -0.048753 -0.097384 -0.090364
v -0.039305 -0.104042 -0.082087
v -0.040720 -0.107393 -0.111184
v -0.040875 -0.114859 -0.117254
v -0.043962 -0.090479 -0.085061
v -0.043578 -0.114736 -0.108963
v -0.043983 -0.116977 -0.096152
v -0.043374 -0.119105 -0.088847
v -0.011474 -0.124863 -0.107009
v -0.040657 -0.123704 -0.056420
v -0.045291 -0.099636 -0.071956
v -0.039790 -0.092523 -0.059698
v -0.023453 -0.081236 -0.079218
v -0.022645 -0.113815 -0.139133
v -0.003377 -0.089348 -0.148527
v -0.008773 -0.087971 -0.144416
v -0.007290 -0.119164 -0.148469
v -0.002020 -0.107853 -0.153806
v -0.023720 -0.111496 -0.127247
v -0.017370 -0.118406 -0.142150
v -0.008136 -0.115919 -0.122607
v -0.030599 -0.119195 -0.121701
v -0.014574 -0.123497 -0.118553
v -0.011706 -0.126967 -0.067545
v -0.004975 -0.125174 -0.052218
v -0.037335 -0.121780 -0.033276
v -0.000994 -0.122838 -0.036358
v -0.008552 -0.124654 -0.071378
v -0.029212 -0.119480 -0.013930
v -0.005308 -0.113966 -0.051245
v -0.008584 -0.115385 -0.079072
v 0.001572 -0.112478 -0.026138
v 0.002058 -0.107982 -0.055517
v -0.006805 -0.115958 -0.112824
v 0.000167 -0.119966 -0.133659
v -0.015005 -0.123057 -0.142681
v -0.010427 -0.144614 -0.146599
v -0.006967 -0.142792 -0.151754
v -0.016988 -0.130568 -0.140461
v -0.019647 -0.142926 -0.141353
v -0.001013 -0.126733 -0.137813
v -0.022724 -0.146893 -0.138624
v -0.007988 -0.147065 -0.136470
v -0.007064 -0.157982 -0.139452
v 0.004777 -0.117045 -0.140859
v -0.013723 -0.163383 -0.133438
v -0.029173 -0.160311 -0.136590
v -0.025610 -0.157457 -0.139128
v -0.000135 -0.156488 -0.141450
v -0.018716 -0.183212 -0.130565
v -0.047151 -0.231240 0.136454
v -0.040736 -0.216098 0.132331
v -0.040959 -0.194326 0.128577
v -0.034207 -0.201837 0.128616
v -0.028577 -0.190660 0.125653
v -0.020377 -0.188797 0.130092
v -0.028015 -0.219419 0.141617
v -0.017587 -0.212276 0.141379
v -0.013242 -0.165725 0.127627
v -0.019029 -0.165228 0.119810
v -0.004039 -0.197848 0.137325
v -0.011876 -0.232423 0.143322
v 0.003563 -0.227694 0.134958
v 0.013424 -0.199250 0.125911
v 0.003875 -0.185260 0.132987
v 0.027812 -0.196373 0.118470
v 0.027656 -0.213557 0.124313
v 0.039800 -0.218361 0.110225
v 0.039902 -0.196426 0.105387
v -0.026475 -0.145093 0.101064
v -0.021466 -0.133208 0.102631
v -0.022529 -0.137997 0.110386
v -0.022582 -0.124974 0.104192
v -0.019697 -0.130132 0.107874
v -0.021379 -0.126556 0.099093
v -0.020440 -0.131204 0.107913
v -0.019189 -0.128223 0.105219
v -0.017470 -0.123788 0.105170
v -0.018753 -0.119007 0.099793
v -0.020716 -0.134775 0.111047
v -0.014436 -0.150196 0.116403
v -0.008511 -0.134317 0.111681
v -0.008412 -0.144322 0.120825
v -0.016762 -0.127845 0.108319
v -0.000360 -0.143396 0.123740
v 0.023861 -0.249164 0.127068
v 0.033244 -0.244176 0.114799
v 0.028027 -0.256883 0.117440
v 0.020924 -0.261954 0.124136
v 0.038635 -0.250579 0.115502
v 0.031013 -0.268811 0.119026
v 0.041732 -0.257555 0.112108
v 0.033360 -0.277789 0.113679
v 0.043713 -0.231777 0.111331
v 0.052144 -0.223686 0.103195
v 0.047474 -0.213758 0.108895
v 0.046023 -0.202055 0.107616
v 0.048136 -0.243234 0.102219
v 0.030079 -0.277979 0.099348
v 0.040217 -0.265683 0.086728
v 0.038482 -0.269964 0.104068
v 0.054486 -0.195107 0.104101
v 0.043757 -0.178176 0.102833
v 0.000713 -0.126249 0.115600
v 0.010691 -0.163838 0.127801
v 0.015956 -0.137093 0.120657
v -0.004487 -0.122727 0.108455
v -0.016593 -0.126446 0.113020
v -0.016350 -0.123016 0.107804
v -0.015724 -0.120779 0.105238
v -0.014429 -0.116931 0.100842
v -0.016326 -0.115503 0.102852
v -0.016283 -0.113782 0.099918
v -0.012871 -0.114948 0.103564
v -0.012387 -0.112644 0.102339
v -0.019619 -0.120666 0.122818
v -0.031472 -0.127508 0.124615
v -0.008732 -0.109533 0.113412
v -0.020427 -0.107370 0.120440
v -0.029982 -0.114780 0.118376
v -0.012432 -0.067044 0.089000
v -0.018284 -0.080889 0.092991
v -0.030260 -0.106150 0.099468
v -0.026735 -0.106814 0.102761
v -0.032740 -0.118926 0.106289
v -0.008148 -0.105858 0.102263
v -0.019636 -0.096385 0.115807
v -0.009004 -0.097222 0.116607
v -0.028030 -0.105902 0.110369
v -0.005882 -0.058475 0.086719
v -0.012636 -0.076187 0.095256
v -0.007175 -0.066456 0.093337
v -0.006862 -0.065327 0.103074
v -0.016122 -0.084269 0.097644
v -0.016495 -0.081761 0.104058
v -0.001820 -0.075385 0.111599
v -0.020795 -0.094847 0.099629
v -0.013637 -0.083920 0.112180
v -0.001861 -0.090491 0.111362
v -0.003793 -0.095730 0.099251
v -0.000211 -0.111162 0.105470
v -0.001429 0.127789 -0.050562
v 0.003544 0.145636 -0.045389
v 0.008969 0.138853 -0.059639
v -0.000896 0.113630 -0.077068
v -0.043257 -0.273846 -0.187918
v -0.021047 -0.173894 -0.183774
v 0.008257 -0.099233 -0.198065
v 0.012884 0.082043 -0.195059
v 0.018568 0.080788 -0.193849
v 0.040859 0.016153 -0.199046
v 0.038121 0.063863 -0.203004
v 0.003329 0.117294 -0.190198
v 0.065572 -0.005599 -0.201542
v 0.056094 -0.167657 -0.212522
v 0.020037 -0.151717 -0.204413
v 0.064000 -0.084783 -0.206575
v 0.062830 0.028050 -0.202226
v 0.087214 0.000020 -0.210557
v 0.081455 0.054543 -0.209727
v 0.095908 0.027586 -0.210291
v 0.091738 0.066716 -0.210319
v 0.001170 -0.149928 -0.195114
v -0.029512 -0.213779 -0.184997
v -0.032833 -0.250773 -0.121738
v -0.022391 -0.220055 -0.128562
v -0.016229 -0.204346 -0.133508
v 0.010869 -0.127129 -0.144137
v 0.003945 -0.118224 -0.128638
v 0.000245 -0.111089 -0.095465
v 0.009506 -0.105035 -0.024668
v 0.007702 -0.108251 -0.013299
v 0.008026 -0.109243 -0.073530
v 0.008213 -0.109653 -0.087813
v 0.007979 -0.109984 -0.115934
v 0.006688 -0.113174 -0.109045
v 0.004747 -0.102336 -0.141675
v 0.008602 -0.153424 -0.138868
v -0.006189 -0.181327 -0.137895
v -0.008638 -0.203985 -0.133045
v -0.023552 -0.238512 -0.127717
v -0.036128 -0.265193 -0.119299
v -0.021207 -0.258992 -0.123743
v -0.010399 -0.239444 -0.121655
v 0.012531 -0.105457 -0.147428
v 0.012266 -0.091730 -0.148184
v 0.021173 -0.114752 -0.141504
v 0.016476 -0.138447 -0.133871
v 0.005131 -0.098780 -0.121980
v -0.004812 -0.092000 -0.141422
v -0.009148 -0.086242 -0.105257
v -0.019736 -0.084847 -0.139644
v 0.007038 -0.096490 -0.091376
v 0.005125 -0.089254 -0.074676
v -0.002423 -0.079573 -0.048705
v 0.010270 -0.108208 -0.057396
v 0.002458 -0.120547 -0.024837
v 0.005204 -0.119951 -0.014841
v 0.011128 -0.118669 -0.001331
v -0.034152 -0.117986 -0.020752
v -0.024713 -0.116030 0.003256
v -0.028881 -0.115825 -0.007504
v -0.029260 -0.111118 -0.032770
v -0.033527 -0.112484 -0.049048
v -0.036637 -0.118323 -0.031394
v -0.041839 -0.119592 -0.047889
v -0.043784 -0.119991 -0.075148
v -0.035554 -0.104926 -0.050391
v -0.039799 -0.099554 -0.046946
v -0.032739 -0.089896 -0.037343
v -0.032552 -0.083563 -0.070759
v -0.014904 -0.078749 -0.029275
v -0.029730 -0.084341 -0.049769
v 0.010813 -0.094868 -0.060146
v 0.007715 -0.086348 -0.054180
v 0.014813 -0.106243 -0.037352
v 0.014405 -0.108529 0.006787
v 0.018586 -0.116978 0.016851
v -0.020245 -0.115139 0.017887
v -0.021837 -0.109393 -0.006024
v -0.026175 -0.103794 -0.023447
v -0.033021 -0.097544 -0.024295
v -0.022807 -0.084524 -0.016949
v -0.028699 -0.095000 -0.011783
v -0.024468 -0.095521 -0.001202
v -0.022057 -0.091934 0.007204
v -0.012231 -0.079215 0.012952
v -0.012925 -0.078142 -0.005210
v 0.010396 -0.078609 -0.025028
v 0.006131 -0.071741 0.007265
v 0.018344 -0.081801 -0.019789
v -0.001539 -0.072822 0.028958
v -0.017260 -0.093086 0.021263
v -0.007876 -0.097271 0.030031
v -0.018312 -0.099891 0.001059
v -0.016196 -0.086955 0.021349
v -0.012239 -0.088665 0.037625
v -0.009172 -0.079704 0.032376
v 0.025935 -0.081170 -0.004040
v 0.021667 -0.090841 -0.021336
v 0.022241 -0.104231 -0.015398
v 0.018842 -0.105049 -0.025856
v 0.014964 -0.088463 -0.037838
v 0.014185 0.157254 -0.154871
v 0.031202 0.142500 -0.154917
v 0.001397 0.145735 -0.169562
v 0.011835 0.162090 -0.195155
v 0.007489 0.151111 -0.158914
v 0.017265 -0.427834 -0.191043
v -0.018118 -0.438679 -0.193019
v -0.007908 -0.394044 -0.188440
v 0.001952 -0.331794 -0.183906
v 0.029822 -0.355947 -0.183289
v -0.040028 -0.291847 -0.153786
v -0.038000 -0.114248 -0.073211
v -0.032607 -0.175332 -0.134309
v -0.031699 -0.175193 -0.137375
v 0.013929 -0.149602 -0.161246
v 0.051225 -0.097173 -0.171727
v 0.009884 -0.032269 -0.149745
v 0.035366 -0.155618 -0.174274
v 0.065929 -0.029096 -0.163169
v 0.030437 -0.018174 -0.152630
v 0.104023 -0.021694 -0.158658
v -0.031110 -0.267533 -0.195209
v -0.006916 -0.212286 -0.197560
v 0.010360 -0.218746 -0.205239
v 0.058497 -0.287364 -0.228816
v -0.033816 -0.247029 -0.187476
v 0.090848 -0.110128 -0.218839
v -0.012283 -0.250420 -0.111867
v -0.002544 -0.250601 -0.100710
v -0.017566 -0.269372 -0.108588
v -0.021329 -0.282117 -0.106076
v -0.020404 -0.275116 -0.115162
v -0.008329 -0.295084 -0.075570
v -0.003638 -0.275834 -0.087637
v -0.024969 -0.300510 -0.094942
v -0.028857 -0.298720 -0.099647
v -0.030645 -0.301598 -0.107534
v 0.037659 -0.472555 -0.245452
v 0.041414 -0.381905 -0.234172
v 0.052734 -0.370436 -0.235817
v 0.081971 -0.283828 -0.231040
v 0.072150 -0.208894 -0.223300
v 0.070642 -0.276659 -0.230688
v 0.061766 -0.413154 -0.238993
v 0.096798 -0.203586 -0.226571
v 0.105607 -0.122659 -0.219860
v 0.100924 -0.033694 -0.215028
v 0.086726 0.119875 -0.214201
v 0.091527 0.120844 -0.213237
v 0.044985 0.109228 -0.210709
v 0.071774 0.122018 -0.216787
v 0.024895 0.113909 -0.198081
v 0.055986 0.138909 -0.216114
v 0.056021 0.137618 -0.219593
v 0.066701 0.140444 -0.218346
v 0.060797 0.135897 -0.223415
v 0.070605 0.131600 -0.218956
v 0.076158 0.122483 -0.219455
v 0.078669 0.122909 -0.216095
v 0.083736 0.122425 -0.217100
v 0.056184 0.132903 -0.227049
v 0.051830 0.129290 -0.233284
v 0.048562 0.126229 -0.241990
v 0.046433 0.123830 -0.261218
v 0.089822 0.065154 -0.237693
v 0.040201 0.127359 -0.245360
v 0.054972 0.134881 -0.300875
v -0.002891 -0.204733 -0.126937
v 0.021274 -0.099993 -0.144126
v 0.009557 -0.160368 -0.131516
v 0.012678 -0.147810 -0.125758
v 0.003428 -0.176597 -0.121554
v 0.005142 -0.193325 -0.109219
v 0.001927 -0.186553 -0.127135
v -0.001065 -0.195922 -0.118392
v -0.005910 -0.221515 -0.114660
v 0.010155 -0.272493 -0.059031
v 0.014551 -0.251281 -0.061563
v 0.014681 -0.199700 -0.080749
v 0.019485 -0.237809 -0.054894
v 0.018727 -0.231335 -0.053379
v 0.019763 -0.221808 -0.051520
v 0.016480 -0.245294 -0.057614
v 0.012443 -0.262541 -0.061285
v 0.015406 -0.260559 -0.060905
v 0.017500 -0.250991 -0.062251
v 0.010917 -0.268568 -0.062195
v 0.001124 -0.293507 -0.055541
v 0.013298 -0.270672 -0.060395
v 0.010742 -0.278101 -0.052719
v 0.011062 -0.281820 -0.052467
v 0.012325 -0.290291 -0.074021
v 0.008934 -0.282119 -0.051697
v 0.010292 -0.283572 -0.043540
v 0.008850 -0.291455 -0.028516
v 0.006968 -0.295298 -0.025472
v 0.004007 -0.299880 -0.019679
v -0.022047 -0.204188 -0.185671
v -0.025070 -0.440800 -0.049112
v -0.023456 -0.427454 -0.026701
v -0.017957 -0.414805 -0.009407
v -0.002633 -0.436581 -0.001650
v -0.015554 -0.431479 0.013651
v 0.062620 -0.422175 -0.196911
v -0.014842 -0.170831 -0.145509
v -0.011218 -0.175530 -0.151422
v 0.049014 -0.128635 -0.174414
v 0.039859 -0.182864 -0.177041
v 0.024039 -0.218954 -0.175435
v 0.050299 -0.251896 -0.175578
v 0.024198 -0.253861 -0.178377
v -0.019178 -0.218246 -0.151686
v -0.014956 -0.198357 -0.151732
v -0.024517 -0.456717 -0.078742
v -0.007368 -0.391325 -0.077416
v -0.005604 -0.407336 -0.096971
v -0.003785 -0.364328 -0.047758
v -0.022484 -0.418339 -0.005005
v -0.009376 -0.399903 0.019240
v -0.007148 -0.427085 0.024748
v -0.000487 -0.429171 0.024237
v 0.011377 -0.421425 0.024404
v 0.005417 -0.425452 0.000383
v 0.009874 -0.421803 0.011614
v 0.010265 -0.422826 0.006713
v 0.006711 -0.427430 -0.002427
v 0.002338 -0.426860 -0.009798
v -0.019953 -0.037871 -0.136269
v 0.003584 -0.050881 0.083258
v -0.000449 -0.057258 0.090251
v 0.002136 -0.053311 0.095554
v 0.007010 -0.054528 0.104482
v 0.008726 -0.063679 0.107878
v 0.012988 -0.047027 0.097031
v 0.005636 -0.080955 0.096176
v -0.000692 -0.088466 0.096725
v 0.005959 -0.085663 0.096634
v 0.001183 -0.097621 0.099677
v 0.007589 -0.108884 0.111284
v 0.011081 -0.088354 0.104728
v 0.023734 -0.090388 0.108696
v 0.024136 -0.145693 0.117533
v 0.034813 -0.171799 0.114798
v 0.042466 -0.253237 0.096142
v 0.045783 -0.250830 0.055611
v 0.036420 -0.272344 0.050953
v 0.039022 -0.254311 0.031886
v 0.048173 -0.233403 0.093239
v 0.052062 -0.209642 0.089137
v 0.055480 -0.204892 0.092937
v 0.053345 -0.172732 0.103474
v 0.060771 -0.180812 0.096781
v 0.054906 -0.194535 0.074387
v -0.017687 -0.111129 0.020165
v -0.012430 -0.104549 0.017407
v 0.008511 -0.411561 -0.130405
v 0.023757 -0.319007 -0.110005
v 0.005830 -0.316671 -0.038713
v 0.010440 -0.285218 -0.050212
v 0.011655 -0.284612 -0.045964
v 0.011457 -0.287531 -0.036232
v 0.004447 -0.303628 -0.002750
v 0.006256 -0.301682 0.001841
v -0.002821 -0.338432 -0.002454
v 0.021330 -0.291082 0.020003
v 0.018572 -0.291724 0.022815
v 0.024087 -0.285207 0.024662
v 0.029837 -0.278611 0.027110
v 0.008279 -0.351023 0.018294
v 0.034037 -0.291822 0.035718
v 0.031654 -0.274059 0.031070
v 0.038348 -0.310814 0.056475
v 0.033236 -0.353117 0.059714
v 0.055046 -0.278856 0.065068
v 0.055053 -0.299363 0.073081
v 0.071376 -0.287940 0.080740
v 0.070230 -0.314535 0.083482
v 0.021755 -0.365299 0.048305
v 0.007475 -0.381027 0.032712
v -0.009096 -0.358265 -0.020254
v 0.023095 -0.414158 0.027327
v 0.014496 -0.418015 0.015778
v 0.017927 -0.414162 0.022356
v 0.008010 -0.421370 0.033736
v 0.002006 -0.418857 0.035016
v -0.000590 -0.391375 0.020759
v -0.008996 -0.402884 0.007804
v -0.003387 -0.102703 0.042868
v -0.014497 -0.111080 0.030903
v -0.012049 -0.113849 0.035356
v -0.008775 -0.109189 0.043772
v -0.001495 -0.090474 0.047348
v -0.005638 -0.080054 0.047604
v -0.004276 -0.084426 0.053602
v 0.002974 -0.072423 0.056129
v 0.006396 -0.093994 0.058545
v 0.010816 -0.081096 0.071036
v -0.001650 -0.104112 0.054376
v -0.001127 -0.109394 0.051777
v 0.014439 -0.115963 0.006100
v 0.028971 -0.102257 0.000553
v 0.022653 -0.101195 0.009153
v 0.035789 -0.100514 0.018115
v 0.038118 -0.099926 0.024902
v 0.030201 -0.104317 0.041534
v 0.021045 -0.115912 0.023705
v 0.045721 -0.097779 0.067329
v 0.027624 -0.114756 0.037409
v 0.035656 -0.111370 0.055180
v 0.042852 -0.106076 0.072305
v 0.040312 -0.108468 0.064225
v 0.032072 -0.113133 0.046566
v 0.041553 -0.097640 0.026643
v 0.048958 -0.097943 0.041874
v 0.036419 -0.085521 0.016614
v -0.013774 -0.109986 0.098831
v 0.084618 -0.252336 -0.179757
v 0.083153 -0.277757 -0.182364
v 0.079879 -0.299971 -0.184525
v 0.084965 -0.307008 -0.186279
v 0.084739 -0.319534 -0.188082
v 0.087486 -0.342136 -0.192168
v 0.083666 -0.304266 -0.183078
v 0.086030 -0.292541 -0.183884
v 0.085617 -0.286092 -0.181482
v 0.089322 -0.219992 -0.178808
v 0.086965 -0.246226 -0.177391
v 0.090248 -0.230784 -0.177433
v 0.094089 -0.215356 -0.177262
v 0.072791 -0.165409 -0.172845
v 0.096044 -0.196708 -0.178855
v 0.068111 -0.246832 -0.164619
v 0.100185 -0.196525 -0.177182
v 0.071046 -0.197380 -0.155572
v 0.053798 -0.222680 -0.143872
v 0.043602 -0.199002 -0.100891
v 0.033695 -0.306753 -0.135600
v 0.056188 -0.167931 -0.121129
v 0.023707 -0.421053 -0.155606
v 0.012744 -0.413748 -0.138356
v 0.041484 -0.412531 -0.169925
v 0.034519 -0.347182 -0.149870
v 0.050740 -0.324883 -0.163850
v 0.012979 -0.046100 0.079219
v 0.007273 -0.074938 0.105800
v 0.035327 -0.044047 0.070412
v 0.056707 -0.051112 0.059523
v 0.055963 -0.067863 0.020513
v 0.067045 -0.070676 0.036633
v 0.063357 -0.069935 0.027830
v 0.061024 -0.063843 0.022152
v 0.075350 -0.066569 0.039350
v 0.074078 -0.079240 0.044356
v 0.077063 -0.079405 0.043331
v 0.061547 -0.053098 0.024944
v 0.076149 -0.051178 0.043581
v 0.064226 -0.034213 0.026053
v 0.080601 -0.069248 0.046644
v 0.080840 -0.034341 0.049639
v 0.077786 -0.058321 0.048819
v 0.079123 -0.075891 0.063891
v 0.074794 -0.064705 0.065188
v 0.076011 -0.090635 0.044020
v 0.074154 -0.100486 0.044284
v 0.079586 -0.093080 0.065240
v 0.053056 -0.048883 0.071303
v 0.030715 -0.044107 0.079805
v 0.012905 -0.047772 0.085882
v 0.032634 -0.041807 0.090294
v 0.008710 -0.077183 0.097019
v 0.018991 -0.064219 0.098402
v 0.024707 -0.062468 0.084085
v 0.014771 -0.065444 0.087911
v 0.007955 -0.073799 0.092140
v 0.017949 -0.078181 0.105403
v 0.021425 -0.074553 0.097444
v 0.039055 -0.096011 0.104085
v 0.031051 -0.086376 0.107404
v 0.028134 -0.079560 0.104979
v 0.043213 -0.088270 0.101522
v 0.005311 -0.073628 0.080470
v 0.023046 -0.077995 0.089644
v 0.033296 -0.079816 0.095594
v 0.028421 -0.083020 0.090248
v 0.022976 -0.090050 0.089238
v 0.004119 -0.075468 0.074165
v 0.015157 -0.066934 0.064363
v 0.024968 -0.066481 0.054383
v 0.021648 -0.070952 0.021540
v 0.031256 -0.075890 0.019250
v 0.041479 -0.068559 0.056905
v 0.046217 -0.062356 0.085837
v 0.057544 -0.062209 0.087933
v 0.036454 -0.058417 0.095469
v 0.023665 -0.053434 0.102634
v 0.025290 -0.046389 0.099415
v 0.055241 -0.050867 0.091362
v 0.044964 -0.046905 0.093867
v 0.050310 -0.043525 0.081121
v 0.063596 -0.069040 0.082735
v 0.062985 -0.076193 0.070199
v 0.061897 -0.095969 0.067016
v 0.081571 -0.072767 0.082954
v 0.067019 -0.054293 0.085786
v 0.068915 -0.081367 0.077440
v 0.054400 -0.081839 0.051698
v 0.066709 -0.095212 0.079869
v 0.075251 -0.081468 0.083379
v 0.067940 -0.100396 0.084889
v 0.070540 -0.116442 0.090677
v 0.054953 -0.092118 0.078311
v 0.065039 -0.109396 0.087910
v 0.079511 -0.105276 0.084838
v 0.044527 -0.096943 0.052826
v 0.053517 -0.098107 0.052141
v 0.024571 0.070538 -0.156245
v 0.000140 0.089449 -0.151294
v 0.029168 0.098629 -0.157991
v 0.056621 0.088317 -0.158045
v 0.032150 0.127096 -0.158093
v 0.025775 0.105352 -0.153914
v 0.080984 0.092376 -0.161676
v 0.094455 -0.075681 -0.164963
v -0.005298 0.108074 -0.162436
v 0.001220 0.117201 -0.155474
v 0.048739 0.152106 -0.214406
v 0.039586 0.140501 -0.209917
v 0.027701 0.155321 -0.204104
v 0.001616 -0.386133 0.034417
v 0.013691 -0.376725 0.049485
v 0.011293 -0.405184 0.046294
v 0.018873 -0.413239 0.041027
v 0.020713 -0.366620 0.055109
v 0.022466 -0.398132 0.055807
v 0.015222 -0.409976 0.046638
v 0.022936 -0.410435 0.029771
v 0.036289 -0.401216 0.043060
v 0.030569 -0.404359 0.036915
v 0.028619 -0.402891 0.051351
v 0.036215 -0.397517 0.045170
v 0.050752 -0.424984 0.051103
v 0.013730 -0.244722 0.132950
v 0.000903 -0.078962 0.067013
v 0.013333 -0.089164 0.071574
v 0.004425 -0.102298 0.063290
v 0.028484 -0.096927 0.085911
v 0.036980 -0.100260 0.080607
v 0.045563 -0.095519 0.075519
v 0.012741 -0.096653 0.074792
v 0.030797 0.144838 -0.202397
v 0.020376 0.117970 -0.198985
v 0.007597 0.130213 -0.153676
v 0.072639 -0.429985 -0.189588
v 0.066175 -0.310370 -0.174257
v 0.088294 -0.249437 -0.180057
v 0.084431 -0.273921 -0.178767
v 0.086005 -0.264622 -0.179057
v 0.084578 -0.275131 -0.181139
v 0.087760 -0.271408 -0.181763
v 0.086830 -0.269531 -0.182342
v 0.085517 -0.272522 -0.180981
v 0.081946 -0.267257 -0.180998
v 0.022742 -0.225973 -0.059015
v 0.022259 -0.217007 -0.040882
v 0.020836 -0.227149 -0.047219
v 0.040936 -0.162921 -0.005609
v 0.038325 -0.171045 -0.007590
v 0.047529 -0.092763 -0.022068
v 0.030181 -0.069849 -0.040510
v 0.030356 -0.203571 -0.017409
v 0.034836 -0.188301 -0.011270
v 0.037278 -0.183359 -0.007515
v 0.039851 -0.177249 -0.006368
v 0.042068 -0.169947 -0.008031
v 0.038458 -0.185467 -0.021779
v 0.043796 -0.157679 -0.003713
v 0.044766 -0.159863 -0.012005
v 0.045570 -0.148350 -0.003437
v 0.047649 -0.140062 -0.003032
v 0.049243 -0.125366 -0.004124
v 0.050189 -0.132757 -0.003544
v 0.051029 -0.117374 -0.003119
v 0.050271 -0.083894 -0.027681
v 0.043883 -0.085344 -0.032210
v 0.056054 -0.076871 -0.022347
v 0.053779 -0.072809 -0.030448
v 0.034388 -0.051726 -0.037226
v 0.039668 -0.058630 -0.041027
v 0.038100 -0.079522 -0.042733
v 0.058570 -0.076662 -0.031996
v 0.054294 -0.070942 -0.041806
v 0.054316 -0.064741 -0.034399
v 0.051592 -0.072385 -0.054049
v 0.051084 -0.067193 -0.036336
v 0.055912 -0.062808 -0.053973
v 0.051139 -0.064733 -0.055427
v 0.056430 -0.052238 -0.048487
v 0.061819 -0.054704 -0.067678
v 0.053800 -0.052047 -0.035879
v 0.049824 -0.048291 -0.040530
v 0.036247 -0.175817 -0.070370
v 0.036280 -0.159665 -0.056036
v 0.046116 -0.118534 -0.061247
v 0.038536 -0.154021 -0.043515
v 0.047593 -0.111631 -0.044483
v 0.050014 -0.082656 -0.062200
v 0.049555 -0.077911 -0.056875
v 0.059641 -0.060723 -0.064886
v 0.052142 -0.048356 -0.057132
v 0.049671 -0.058926 -0.065947
v 0.057353 -0.049593 -0.072286
v 0.049661 -0.056158 -0.079362
v 0.052176 -0.031285 -0.072036
v 0.046775 -0.059289 -0.056687
v 0.044483 -0.039559 -0.050789
v 0.062537 -0.056249 -0.079772
v 0.049750 -0.045326 -0.042442
v 0.053867 -0.025375 -0.041140
v 0.055134 -0.027612 -0.052753
v 0.043327 -0.008153 -0.036334
v 0.036455 -0.028207 -0.034902
v 0.029432 -0.053225 -0.028868
v 0.035232 -0.042981 -0.025836
v 0.035192 -0.030180 -0.030763
v 0.041222 -0.023438 -0.026786
v 0.041496 -0.046326 0.000870
v 0.041648 -0.043253 -0.006538
v 0.062911 -0.062469 0.015792
v 0.071058 -0.059056 0.011330
v 0.064593 -0.050458 0.015089
v 0.068119 -0.036289 0.015467
v 0.067483 -0.054812 0.004057
v 0.058751 -0.049225 -0.001241
v 0.068172 -0.068503 0.008716
v 0.059067 -0.040301 -0.002576
v 0.068348 -0.074837 0.000273
v 0.063632 -0.068981 -0.006997
v 0.058728 -0.076994 0.014144
v 0.052255 -0.071617 0.004991
v 0.060586 -0.087244 0.013634
v 0.056290 -0.082311 0.003090
v 0.060811 -0.053430 -0.009977
v 0.057898 -0.056789 -0.003588
v 0.052405 -0.025758 0.002063
v 0.047287 -0.066591 0.005453
v 0.068391 -0.082902 0.008619
v 0.058934 -0.102383 0.002664
v 0.067391 -0.091385 0.014348
v 0.060589 -0.104734 0.011611
v 0.063458 -0.076518 -0.003058
v 0.061828 -0.085333 -0.012288
v 0.063540 -0.083789 -0.005722
v 0.056211 -0.108604 0.000805
v 0.062541 -0.108546 0.017631
v 0.065174 -0.098109 0.021162
v 0.069397 -0.098627 0.019869
v 0.071956 -0.104211 0.023745
v 0.052893 -0.093548 -0.009073
v 0.057769 -0.104081 0.007247
v 0.064435 -0.105923 0.023638
v 0.064383 -0.119875 0.022880
v 0.079682 -0.101614 0.026936
v 0.076072 -0.107272 0.032209
v 0.092391 -0.111777 0.037036
v 0.085729 -0.136781 0.036169
v 0.084068 -0.160455 0.039095
v 0.059882 -0.143851 0.024535
v 0.096074 -0.163408 0.057261
v 0.079374 -0.179521 0.039939
v 0.083365 -0.096220 0.029009
v 0.067434 -0.112779 0.032265
v 0.061898 -0.132686 0.023829
v 0.055997 -0.151140 0.023272
v 0.058805 -0.140045 0.026440
v 0.054015 -0.158541 0.023045
v 0.051828 -0.168951 0.026725
v 0.052468 -0.174733 0.024944
v 0.070987 -0.206585 0.041306
v 0.095787 -0.191299 0.067891
v 0.086549 -0.218817 0.069257
v 0.093592 -0.204571 0.070803
v 0.088575 -0.217329 0.072886
v 0.080228 -0.207621 0.077129
v 0.081097 -0.194918 0.080470
v 0.078564 -0.190929 0.088670
v 0.087033 -0.229160 0.074055
v 0.044650 -0.242022 0.031761
v 0.042567 -0.252824 0.032243
v 0.055376 -0.241748 0.040405
v 0.071129 -0.259962 0.072396
v 0.037708 -0.271852 0.031868
v 0.036045 -0.262826 0.031071
v 0.023683 -0.224074 -0.042630
v 0.024712 -0.221118 -0.038052
v 0.024778 -0.219062 -0.032923
v 0.026987 -0.218560 -0.028008
v 0.028938 -0.215227 -0.022310
v 0.036041 -0.194592 -0.011927
v 0.031986 -0.210063 -0.020167
v 0.033382 -0.201299 -0.013678
v 0.030386 -0.212359 -0.028694
v 0.026119 -0.215334 -0.043186
v 0.043669 -0.087066 0.086807
v 0.053013 -0.089933 0.089749
v 0.038444 -0.089964 0.084271
v 0.055309 -0.095602 0.094392
v 0.055630 -0.106390 0.096094
v 0.043105 -0.137647 0.106701
v 0.054160 -0.138420 0.095447
v 0.056501 -0.177077 0.084178
v 0.055478 -0.174852 0.048184
v 0.041170 -0.244985 0.032042
v 0.043454 -0.232889 0.031153
v 0.045264 -0.213952 0.030048
v 0.047515 -0.197446 0.027129
v 0.046585 -0.216185 0.029021
v 0.063748 -0.146831 0.078270
v 0.048541 -0.159877 0.099972
v 0.061342 -0.160977 0.099804
v 0.060359 -0.158100 0.081072
v 0.075577 -0.112792 0.069519
v 0.064100 -0.159276 0.085946
v 0.069001 -0.131834 0.074517
v 0.077168 -0.122110 0.076642
v 0.067142 -0.156980 0.091223
v 0.074285 -0.133108 0.087845
v 0.061578 -0.136755 0.096449
v 0.068143 -0.141805 0.094884
v 0.081959 -0.108906 0.080364
v 0.060654 -0.120928 0.091132
v 0.103686 -0.367939 -0.196334
v 0.088910 -0.348418 -0.189055
v 0.094962 -0.343243 -0.191466
v 0.088667 -0.328970 -0.188561
v 0.084222 -0.322988 -0.185418
v 0.088646 -0.317222 -0.187888
v 0.090629 -0.337935 -0.190720
v 0.099830 -0.349210 -0.193867
v 0.094746 -0.333551 -0.191826
v 0.095679 -0.343982 -0.194150
v 0.090822 -0.326391 -0.190440
v 0.096056 -0.355381 -0.196289
v 0.034566 -0.352487 0.067880
v 0.032102 -0.387698 0.063968
v 0.041604 -0.380039 0.070059
v 0.037894 -0.392430 0.059952
v 0.047295 -0.386812 0.052322
v 0.072934 -0.395959 0.064002
v 0.069710 -0.447128 0.056441
v 0.042478 -0.391618 0.048296
v 0.054222 -0.379662 0.056584
v 0.028850 -0.067135 -0.059574
v 0.029475 -0.057469 -0.061651
v 0.034456 -0.077202 -0.061595
v 0.035804 -0.049048 -0.052345
v 0.044532 -0.075251 -0.089838
v 0.034665 -0.071087 -0.081946
v 0.032708 -0.038820 -0.054341
v 0.031494 -0.058762 -0.084629
v 0.040206 -0.013016 -0.069871
v 0.039258 -0.018285 -0.058735
v 0.036269 -0.071892 -0.055751
v 0.039426 -0.027755 -0.048613
v 0.037261 -0.029893 -0.078683
v 0.035775 -0.024782 -0.083837
v 0.031091 -0.062726 -0.092178
v 0.033170 -0.045898 -0.092015
v 0.039337 -0.063611 -0.095417
v 0.036569 -0.071177 -0.092228
v 0.047683 -0.056421 -0.090631
v 0.049245 -0.025703 -0.088233
v 0.052501 -0.024000 -0.085137
v 0.038602 -0.024110 -0.088757
v 0.049150 -0.037890 -0.055864
v 0.052054 -0.020426 -0.051774
v 0.057758 -0.057097 -0.090462
v 0.054971 0.008992 -0.035917
v 0.043224 -0.007168 -0.031588
v 0.048992 -0.004220 -0.028161
v 0.047128 -0.023301 -0.001336
v 0.062415 -0.025321 -0.003401
v 0.065706 -0.015248 -0.004017
v 0.054605 -0.010001 0.000749
v 0.053338 -0.006814 -0.008252
v 0.070944 -0.003524 -0.003843
v 0.052986 0.000089 -0.041319
v 0.061128 -0.007136 -0.041775
v 0.060901 -0.001902 -0.041939
v 0.047159 -0.011313 -0.045073
v 0.056777 0.004307 -0.042359
v 0.042906 -0.005411 -0.046181
v 0.039635 -0.007653 -0.051133
v 0.057330 -0.009841 -0.049642
v 0.057444 -0.008855 -0.054906
v 0.045875 0.002001 -0.047145
v 0.054375 0.006957 -0.046839
v 0.046545 -0.000267 -0.073729
v 0.056392 0.009559 -0.069981
v 0.056183 0.004886 -0.028236
v 0.076354 -0.009025 0.014261
v 0.071654 -0.022364 0.014995
v 0.071208 -0.025587 0.029904
v 0.083100 -0.021255 0.043600
v 0.083431 -0.058788 0.050086
v 0.091975 -0.070895 0.042835
v 0.090811 -0.053367 0.046695
v 0.083791 -0.085298 0.045912
v 0.092008 -0.081458 0.042991
v 0.063631 -0.048419 0.079179
v 0.072197 -0.057763 0.069453
v 0.078573 -0.060054 0.079545
v 0.082468 -0.103521 0.072416
v 0.083357 -0.069343 0.069260
v 0.084552 -0.068661 0.077197
v 0.087902 -0.081677 0.069776
v 0.051097 0.125011 -0.289340
v 0.047206 -0.341093 0.077018
v 0.046339 -0.339567 0.070372
v 0.051441 -0.369467 0.076198
v 0.062278 -0.371447 0.060902
v 0.054755 -0.375493 0.069153
v 0.063717 -0.355189 0.083371
v 0.065689 -0.358908 0.081632
v 0.070847 -0.362509 0.064888
v 0.071423 -0.359221 0.076426
v 0.092861 -0.421398 0.064670
v 0.080000 -0.354038 0.067948
v 0.057579 -0.330931 0.082982
v 0.094904 -0.339107 0.071421
v 0.057230 -0.327975 0.077460
v 0.074610 -0.315099 0.088979
v 0.085313 -0.338854 0.090231
v 0.088031 -0.345607 0.069990
v 0.084489 -0.345896 0.084127
v 0.052416 -0.074514 0.056774
v 0.039940 -0.076602 0.033015
v 0.044283 -0.082421 0.032722
v 0.042365 -0.080411 -0.065037
v 0.064674 -0.054030 -0.079552
v 0.058936 -0.044923 -0.092908
v 0.059530 -0.062769 -0.098468
v 0.054595 -0.069765 -0.094364
v 0.061561 -0.047907 -0.097757
v 0.062542 -0.027213 -0.086806
v 0.063176 -0.048605 -0.083300
v 0.066020 -0.033263 -0.080525
v 0.061931 -0.027449 -0.071023
v 0.057234 -0.072798 -0.103277
v 0.051028 -0.088784 -0.099191
v 0.051781 -0.088866 -0.103935
v 0.056209 -0.092317 -0.093742
v 0.056072 -0.091929 -0.110293
v 0.060348 -0.076118 -0.112970
v 0.072258 -0.065371 -0.111935
v 0.055130 -0.107739 -0.113251
v 0.060633 -0.086561 -0.116494
v 0.072836 -0.080339 -0.124642
v 0.056695 -0.102469 -0.116787
v 0.063953 -0.099612 -0.121467
v 0.073223 -0.100048 -0.121708
v 0.080154 -0.078841 -0.125063
v 0.081804 -0.088939 -0.123346
v 0.066516 -0.110018 -0.115761
v 0.056537 -0.108053 -0.107619
v 0.080213 -0.103355 -0.132056
v 0.057077 -0.076688 -0.088303
v 0.063962 -0.109157 -0.104370
v 0.068108 -0.117965 -0.124412
v 0.078284 -0.118830 -0.136803
v 0.063373 -0.097026 -0.095103
v 0.063020 -0.090660 -0.091027
v 0.059686 -0.078895 -0.080096
v 0.053180 -0.081824 -0.069023
v 0.047581 0.132946 -0.226790
v 0.061117 -0.004866 -0.066480
v 0.076170 0.156243 -0.108825
v 0.075048 0.144731 -0.052906
v 0.081879 0.134478 -0.097253
v 0.088988 0.113859 -0.091381
v 0.087584 0.097417 -0.061502
v 0.084625 0.111907 -0.077153
v 0.084065 0.145222 -0.012010
v 0.065629 0.007374 -0.050976
v 0.043701 -0.000792 -0.079518
v 0.053732 0.010535 -0.076715
v 0.049648 0.002735 -0.083218
v 0.072476 0.010682 -0.078240
v 0.070082 0.005767 -0.042297
v 0.061160 -0.000737 -0.080129
v 0.050198 0.122617 -0.273443
v 0.056353 0.124099 -0.284886
v 0.066816 0.104006 -0.280708
v 0.077273 0.085662 -0.275307
v 0.084440 0.068460 -0.255146
v 0.052810 -0.126833 -0.022057
v 0.052380 -0.122776 -0.003001
v 0.054034 -0.114702 -0.001106
v 0.053720 -0.108961 -0.000595
v 0.055745 -0.102691 0.002767
v 0.061499 -0.089706 -0.021592
v 0.060438 -0.082199 -0.020139
v 0.097579 -0.323591 0.093464
v 0.102143 -0.326858 0.088153
v 0.094937 -0.284861 0.086373
v 0.091914 -0.295090 0.091139
v 0.087176 -0.252836 0.079379
v 0.106507 -0.268617 0.085511
v 0.086737 -0.245274 0.078958
v 0.085121 -0.243306 0.076029
v 0.069012 -0.001395 -0.079703
v 0.066550 -0.000548 -0.071463
v 0.073263 -0.003657 -0.071223
v 0.069933 -0.013629 -0.076109
v 0.065426 -0.005541 -0.059976
v 0.060493 -0.010379 -0.052438
v 0.064802 -0.018270 -0.089172
v 0.072960 -0.011944 -0.091962
v 0.076859 0.002327 -0.081187
v 0.082436 -0.008085 -0.098203
v 0.076988 -0.049994 -0.115039
v 0.083179 -0.024237 -0.110783
v 0.083575 -0.042304 -0.115768
v 0.088805 -0.054759 -0.113995
v 0.088699 -0.007491 -0.107263
v 0.092630 -0.025360 -0.110354
v 0.098275 -0.007852 -0.106010
v 0.085144 -0.000200 -0.090894
v 0.085629 0.001647 -0.081396
v 0.078906 0.004318 -0.066460
v 0.083260 0.007168 -0.075815
v 0.082032 -0.003353 -0.049787
v 0.085566 -0.005811 -0.065498
v 0.089295 -0.001794 -0.067933
v 0.091224 0.001582 -0.073413
v 0.085256 -0.004501 -0.050615
v 0.086170 -0.005994 -0.056800
v 0.093971 0.016787 -0.083833
v 0.085587 0.016730 -0.050834
v 0.092434 0.019662 -0.074651
v 0.088988 0.021707 -0.043983
v 0.096933 0.021594 -0.075660
v 0.100143 0.022997 -0.059547
v 0.096826 0.022950 -0.043213
v 0.096658 0.029442 -0.039903
v 0.096894 0.029397 -0.051977
v 0.089722 0.034548 -0.033412
v 0.093492 0.030548 -0.067298
v 0.089321 0.039519 -0.054027
v 0.082076 0.071699 -0.037096
v 0.087938 0.063806 -0.079094
v 0.084132 0.075217 -0.059687
v 0.084855 0.077906 -0.032744
v 0.086947 0.069840 -0.013111
v 0.091200 0.046118 -0.015453
v 0.088425 0.020877 -0.018168
v 0.097349 0.024935 -0.023649
v 0.100404 0.024856 -0.005405
v 0.083499 0.001520 -0.022520
v 0.083330 -0.001973 -0.034404
v 0.079566 0.007704 -0.008223
v 0.067074 0.008507 -0.027431
v 0.082444 -0.005772 -0.041049
v 0.097474 0.113781 0.021081
v 0.049487 -0.182502 0.025476
v 0.069883 0.134691 -0.304166
v 0.062545 0.127087 -0.292168
v 0.112212 0.071291 -0.293222
v 0.087990 0.109611 -0.296929
v 0.088767 0.082007 -0.285094
v 0.098912 0.059497 -0.279097
v 0.100147 0.048010 -0.269395
v 0.078474 0.088105 -0.232737
v 0.098689 0.069519 -0.223425
v 0.088117 0.114668 -0.216973
v 0.094259 0.126064 -0.215351
v 0.089912 0.132432 -0.214107
v 0.086994 0.135717 -0.217194
v 0.094143 0.136220 -0.218538
v 0.091998 0.138806 -0.214716
v 0.088239 0.145201 -0.216058
v 0.064646 0.007708 -0.012446
v 0.086144 0.002118 -0.013416
v 0.093519 0.020339 0.000216
v 0.097472 0.033407 -0.017332
v 0.099827 0.036895 -0.004921
v 0.092980 0.038913 -0.010352
v 0.065941 0.009624 -0.006414
v 0.067279 0.006990 -0.002116
v 0.055403 -0.001027 -0.002782
v 0.069032 -0.016436 0.019902
v 0.079642 -0.003646 0.012772
v 0.087817 -0.003324 0.008501
v 0.075301 -0.000544 0.020880
v 0.070493 -0.011997 0.025323
v 0.081799 -0.000928 0.026635
v 0.085833 -0.032900 0.052344
v 0.093977 -0.026177 0.048792
v 0.087186 -0.013410 0.048594
v 0.097251 -0.056337 0.051609
v 0.093861 -0.059267 0.040744
v 0.094598 -0.086328 0.037699
v 0.080806 -0.101157 0.040451
v 0.070911 -0.109332 0.040018
v 0.104153 -0.061394 0.049645
v 0.107239 -0.050081 0.060426
v 0.091878 -0.090937 0.033090
v 0.105997 -0.091948 0.045707
v 0.086889 -0.094163 0.033446
v 0.086032 -0.164166 0.094282
v 0.069542 -0.219283 0.097555
v 0.068691 -0.230396 0.086477
v 0.088231 -0.167781 0.106930
v 0.085697 -0.238047 0.075820
v 0.072506 -0.252286 0.081582
v 0.065273 -0.255047 0.086592
v 0.066917 -0.278758 0.087833
v 0.057943 -0.273260 0.094793
v 0.063805 -0.243402 0.099685
v 0.058619 -0.290468 0.094769
v 0.085657 -0.261449 0.086938
v 0.055831 -0.287392 0.099728
v 0.058869 -0.278230 0.105624
v 0.064658 -0.273852 0.110245
v 0.068383 -0.286761 0.092303
v 0.082226 -0.273201 0.093015
v 0.064421 -0.294373 0.100913
v 0.059694 -0.291628 0.104405
v 0.071763 -0.288899 0.099454
v 0.079714 -0.276208 0.106451
v 0.069581 -0.284605 0.107845
v 0.070482 -0.239012 0.109807
v 0.079323 -0.207237 0.110059
v 0.079223 -0.232426 0.115486
v 0.094274 -0.173763 0.116527
v 0.089811 -0.161704 0.100832
v 0.090460 -0.164590 0.082559
v 0.099473 -0.184405 0.069384
v 0.093159 -0.160322 0.084350
v 0.095370 -0.167873 0.113687
v 0.094236 -0.223504 0.120921
v 0.079555 -0.253482 0.116017
v 0.077870 -0.267975 0.113021
v 0.090234 -0.245735 0.081032
v 0.096325 -0.254832 0.092861
v 0.096695 -0.240978 0.080309
v 0.102974 -0.248051 0.104890
v 0.100211 -0.237513 0.083401
v 0.093415 -0.254852 0.112252
v 0.095998 -0.238915 0.118552
v 0.102408 -0.179423 0.122817
v 0.096894 -0.166520 0.075269
v 0.080752 -0.001979 -0.007130
v 0.092581 -0.005319 0.002183
v 0.087410 -0.004519 -0.009629
v 0.095739 0.003913 0.009240
v 0.087295 0.005753 0.014095
v 0.085023 0.005085 0.019844
v 0.089989 -0.003781 0.040556
v 0.095554 -0.000915 0.046061
v 0.093724 -0.008836 0.049627
v 0.098405 -0.017772 0.048056
v 0.057066 -0.073886 -0.015656
v 0.058277 -0.062929 -0.018455
v 0.057959 -0.058459 -0.013323
v 0.061223 -0.070400 -0.014427
v 0.062002 -0.123084 0.023928
v 0.073149 -0.117387 0.055564
v 0.094394 0.119431 -0.299894
v 0.074386 0.133976 -0.300040
v 0.082732 0.138221 -0.300886
v 0.086768 0.145923 -0.309517
v 0.068598 -0.152874 -0.135727
v 0.077751 -0.064135 -0.117770
v 0.089376 -0.061842 -0.110922
v 0.088986 -0.070019 -0.115041
v 0.087029 -0.078897 -0.119888
v 0.099220 -0.060036 -0.119082
v 0.086592 0.171325 -0.144078
v 0.097919 -0.370402 -0.198502
v 0.086345 -0.311679 -0.185701
v 0.108223 0.127184 -0.129066
v 0.102770 0.116316 -0.111146
v 0.093841 0.092730 -0.072765
v 0.092423 0.104150 -0.083189
v 0.103687 0.076052 -0.085339
v 0.095217 0.078405 -0.065210
v 0.091570 0.097643 -0.026618
v 0.090785 0.080332 -0.040480
v 0.088780 0.073499 -0.085738
v 0.086201 0.114210 -0.020571
v 0.092123 0.102654 0.001047
v 0.097150 0.084527 -0.010693
v 0.093002 0.081270 -0.025594
v 0.086468 0.080173 -0.013052
v 0.097948 0.087477 0.001037
v 0.089623 0.079653 0.004887
v 0.094696 0.078233 0.015361
v 0.100149 0.054334 0.016456
v 0.098141 0.044090 0.008946
v 0.101610 0.002832 0.041381
v 0.101622 0.003483 0.019999
v 0.101435 -0.009351 0.046003
v 0.108704 0.002958 0.031795
v 0.083441 -0.300341 0.086399
v 0.103593 -0.347259 -0.196270
v 0.091139 0.078736 -0.053570
v 0.084787 0.069691 -0.075401
v 0.089784 0.076135 -0.076292
v 0.092614 0.067896 -0.098739
v 0.096238 0.075716 -0.103706
v 0.101099 0.071123 -0.116994
v 0.097385 0.041257 -0.090889
v 0.098346 0.001313 -0.086210
v 0.103181 -0.000943 -0.094464
v 0.096082 0.000082 -0.102974
v 0.094049 -0.000057 -0.078256
v 0.087307 -0.082882 0.078373
v 0.103328 -0.084471 -0.133483
v 0.098823 -0.148035 0.082341
v 0.094733 -0.140649 0.087071
v 0.094213 -0.143820 0.111250
v 0.093780 -0.146389 0.096742
v 0.098692 -0.128272 0.110974
v 0.101174 -0.139322 0.118063
v 0.104004 -0.150483 0.123499
v 0.096480 -0.150416 0.111173
v 0.097562 0.128373 -0.211235
v 0.110276 0.112838 -0.206367
v 0.097882 0.089320 0.026163
v 0.099081 0.086490 0.031080
v 0.099205 0.089967 0.014908
v 0.102505 0.082612 0.034036
v 0.102087 0.019415 0.017681
vn -0.8670 -0.1132 -0.4853
vn -0.8607 -0.0717 -0.5041
vn -0.8144 -0.1689 -0.5552
vn -0.9510 -0.1487 -0.2710
vn -0.8126 -0.2362 0.5328
vn -0.9037 -0.1469 0.4022
vn -0.9354 0.2722 -0.2255
vn -0.8809 0.4454 -0.1603
vn -0.7822 0.4718 0.4069
vn -0.8927 0.3234 0.3139
vn -0.9021 0.0997 0.4198
vn -0.9508 -0.1901 -0.2447
vn -0.6351 -0.0143 -0.7723
vn -0.7712 -0.1102 0.6270
vn -0.8332 -0.0788 0.5473
vn -0.7335 -0.5183 0.4396
vn -0.9426 -0.2154 -0.2551
vn -0.8939 -0.0505 0.4455
vn -0.5917 -0.1456 -0.7929
vn -0.9917 -0.1032 -0.0770
vn -0.9865 -0.0741 -0.1457
vn -0.7613 -0.0582 -0.6458
vn -0.6308 -0.0016 -0.7759
vn -0.4222 -0.0155 -0.9064
vn -0.7207 -0.1833 0.6686
vn -0.6767 -0.4000 -0.6181
vn -0.7682 -0.3678 -0.5241
vn -0.7101 -0.5245 -0.4697
vn -0.9049 -0.4201 -0.0679
vn -0.6250 -0.3769 -0.6837
vn -0.2982 -0.2418 -0.9234
vn -0.2827 -0.2038 -0.9373
vn -0.8368 -0.5349 0.1165
vn -0.3029 -0.2318 -0.9244
vn -0.3045 -0.2382 -0.9222
vn -0.8491 -0.4826 0.2145
vn -0.8081 -0.4408 -0.3907
vn -0.9496 -0.1151 0.2917
vn -0.9468 -0.1206 0.2984
vn -0.3597 -0.0331 -0.9325
vn -0.8387 -0.0988 0.5356
vn -0.6020 -0.1552 -0.7833
vn -0.9443 0.1631 0.2858
vn -0.8905 -0.0937 -0.4452
vn -0.9178 0.1946 -0.3461
vn -0.8637 0.4982 -0.0761
vn -0.9212 0.2902 0.2593
vn -0.9537 0.2840 0.0986
vn -0.4419 -0.8753 0.1963
vn -0.5399 -0.7673 0.3460
vn -0.9029 0.4287 -0.0316
vn -0.9265 0.1649 -0.3383
vn -0.3818 -0.9216 -0.0693
vn -0.5213 -0.8496 0.0803
vn -0.9195 -0.1358 0.3688
vn -0.9828 0.0950 0.1581
vn -0.4732 -0.7691 0.4296
vn -0.8586 -0.1005 0.5027
vn -0.4960 -0.7102 0.4996
vn -0.8340 0.0735 0.5468
vn -0.6532 0.5621 0.5073
vn -0.8762 0.3887 0.2849
vn -0.8280 0.3812 0.4112
vn -0.5425 0.5532 0.6322
vn -0.3636 -0.6365 0.6802
vn -0.2087 -0.6565 0.7249
vn -0.8744 0.3931 0.2845
vn -0.8113 0.2877 0.5089
vn -0.5659 -0.0202 0.8242
vn -0.9000 -0.0496 0.4330
vn -0.9837 -0.1643 0.0735
vn -0.9874 0.0386 0.1536
vn -0.9824 -0.0417 -0.1823
vn -0.8402 0.0266 -0.5417
vn -0.8271 0.0119 0.5620
vn -0.9433 -0.3039 -0.1335
vn -0.5531 -0.0886 -0.8284
vn -0.6732 -0.3559 -0.6482
vn -0.4350 -0.1573 -0.8866
vn -0.5347 -0.3903 -0.7495
vn -0.8611 -0.5047 0.0613
vn -0.8445 -0.3757 0.3817
vn -0.8822 -0.4427 0.1601
vn -0.9920 -0.0391 -0.1199
vn -0.8775 -0.1298 -0.4618
vn -0.9483 -0.2665 0.1722
vn -0.6531 -0.0512 -0.7555
vn -0.9793 0.1417 0.1442
vn -0.5711 0.0214 -0.8206
vn -0.4994 -0.8482 -0.1765
vn -0.7039 0.7008 0.1155
vn -0.9987 -0.0288 0.0411
vn -0.9907 0.0317 -0.1324
vn -0.4267 0.9036 -0.0375
vn -0.7763 0.3810 -0.5021
vn -0.8551 0.1911 -0.4819
vn -0.9603 -0.0458 -0.2750
vn -0.9082 -0.2625 -0.3261
vn -0.4232 0.9051 -0.0404
vn -0.7462 0.6648 0.0358
vn -0.8571 0.5147 0.0190
vn -0.6457 0.7498 -0.1443
vn -0.6649 -0.5510 -0.5043
vn -0.8692 0.3003 -0.3929
vn -0.6217 0.7776 -0.0946
vn -0.1688 -0.9232 -0.3452
vn -0.2366 -0.9090 -0.3430
vn -0.2444 -0.8899 -0.3851
vn -0.6060 -0.4180 -0.6768
vn -0.8007 0.2836 -0.5276
vn -0.5643 0.8098 -0.1603
vn -0.6238 0.7588 -0.1872
vn -0.7789 0.3887 -0.4921
vn -0.8543 0.1923 -0.4829
vn -0.7772 0.2679 -0.5693
vn -0.9266 0.3123 -0.2094
vn -0.0166 -0.8530 -0.5216
vn 0.0086 -0.8967 -0.4425
vn -0.6746 -0.0795 -0.7339
vn -0.7845 0.4299 -0.4469
vn -0.8482 0.4638 -0.2556
vn -0.8109 0.5462 0.2103
vn -0.8237 0.5618 -0.0766
vn -0.7902 0.6083 -0.0743
vn -0.7688 0.6330 -0.0904
vn 0.4717 -0.8803 0.0509
vn -0.7249 0.6301 0.2785
vn -0.7301 0.6745 0.1097
vn -0.8331 -0.4739 0.2853
vn -0.8841 -0.3694 -0.2863
vn -0.8663 -0.3920 -0.3095
vn -0.6791 0.6323 -0.3729
vn -0.6723 0.5990 -0.4350
vn -0.6550 0.6032 -0.4551
vn -0.3515 0.9250 -0.1444
vn -0.4596 0.5176 -0.7218
vn -0.7168 -0.4160 -0.5596
vn -0.7215 -0.4418 -0.5331
vn -0.8653 0.4102 -0.2880
vn -0.7904 0.3618 -0.4942
vn -0.4982 -0.5018 -0.7071
vn -0.7156 0.3479 -0.6057
vn -0.6292 0.1106 -0.7693
vn -0.3756 -0.6091 -0.6985
vn -0.3800 -0.6032 -0.7012
vn -0.4451 0.5242 -0.7260
vn -0.6129 0.2445 -0.7514
vn -0.5877 0.7525 -0.2971
vn -0.5546 0.7843 -0.2782
vn -0.5519 0.0558 -0.8321
vn -0.5156 0.2386 -0.8230
vn -0.5867 0.7527 -0.2988
vn -0.6351 0.6904 -0.3466
vn -0.4597 0.3645 -0.8098
vn -0.7570 0.6259 -0.1874
vn -0.2896 -0.3989 -0.8701
vn -0.5400 -0.0487 -0.8402
vn -0.9056 0.3448 -0.2469
vn -0.6778 0.1070 -0.7274
vn -0.7542 0.4040 -0.5177
vn -0.0709 -0.4754 -0.8769
vn 0.2230 -0.9069 -0.3575
vn 0.2153 -0.9205 -0.3262
vn -0.2776 0.1776 -0.9441
vn -0.5713 0.3152 -0.7578
vn 0.1287 -0.8637 -0.4873
vn 0.1173 -0.9242 -0.3635
vn -0.9719 0.0548 -0.2288
vn -0.8765 0.3403 0.3407
vn -0.8750 0.3369 0.3478
vn -0.8997 0.2462 0.3605
vn -0.7462 0.1203 0.6547
vn -0.8432 0.1192 0.5242
vn -0.9539 -0.1503 -0.2599
vn -0.7305 -0.1875 -0.6567
vn -0.3622 -0.9283 -0.0839
vn -0.9470 -0.1337 -0.2920
vn -0.9381 -0.1501 0.3120
vn -0.6162 -0.0288 0.7870
vn -0.3858 0.1723 0.9064
vn -0.7646 -0.0624 0.6415
vn -0.9701 -0.1191 0.2114
vn -0.8348 -0.2230 -0.5034
vn -0.7208 -0.1923 -0.6660
vn -0.5174 0.3400 0.7853
vn -0.0537 0.1282 0.9903
vn -0.0920 0.2244 0.9702
vn -0.5510 0.3808 0.7425
vn -0.9034 0.2032 -0.3775
vn -0.5901 -0.0164 -0.8072
vn -0.9656 0.1666 0.1999
vn -0.9446 0.1993 -0.2608
vn -0.9653 0.1663 0.2013
vn -0.5903 0.2822 0.7563
vn -0.5714 0.2709 0.7747
vn -0.5655 0.2092 0.7978
vn 0.2086 0.0860 0.9742
vn 0.0199 0.2580 0.9659
vn -0.7009 -0.1946 0.6862
vn -0.9213 -0.3236 0.2157
vn -0.8036 -0.3185 -0.5027
vn -0.3533 -0.2070 -0.9123
vn -0.1963 -0.1559 -0.9681
vn -0.5131 -0.0975 -0.8528
vn -0.5976 0.0201 -0.8016
vn -0.9072 -0.0058 -0.4206
vn -0.0888 0.1962 0.9765
vn -0.0339 0.1582 0.9868
vn 0.7296 0.1468 0.6679
vn -0.9347 -0.3139 0.1669
vn -0.5456 -0.4394 -0.7137
vn -0.8152 -0.3332 -0.4737
vn -0.3770 -0.2354 -0.8958
vn -0.3475 -0.2640 -0.8997
vn -0.2586 -0.7974 -0.5452
vn -0.6270 -0.7680 0.1309
vn -0.5441 -0.1827 0.8189
vn -0.3082 -0.0623 0.9493
vn 0.1916 0.0740 0.9787
vn 0.1644 -0.8419 -0.5140
vn 0.4570 -0.1203 -0.8813
vn 0.4045 -0.0882 -0.9103
vn 0.3921 -0.1661 -0.9048
vn 0.4382 -0.1331 -0.8890
vn 0.4806 -0.1931 -0.8554
vn 0.5205 -0.4795 -0.7065
vn -0.4043 -0.1102 0.9080
vn -0.9197 -0.0022 0.3926
vn -0.9099 -0.0105 0.4147
vn -0.9892 -0.0979 -0.1089
vn -0.8849 0.3439 0.3141
vn -0.4247 0.3969 0.8137
vn 0.6275 0.0981 0.7724
vn 0.5371 -0.1887 0.8221
vn 0.7924 -0.1866 0.5808
vn -0.1301 -0.5289 0.8387
vn -0.0554 -0.8559 0.5141
vn 0.6134 -0.3219 -0.7212
vn 0.4961 -0.8552 0.1500
vn 0.8751 -0.4529 0.1708
vn 0.9027 -0.2643 -0.3395
vn 0.9649 0.1320 -0.2271
vn 0.9701 0.1672 -0.1759
vn 0.7845 -0.0441 -0.6186
vn 0.5631 -0.4492 -0.6936
vn -0.8485 -0.2689 0.4558
vn -0.9276 -0.3735 0.0082
vn -0.3672 -0.2303 -0.9012
vn -0.5712 -0.3704 0.7325
vn -0.6605 -0.3469 0.6659
vn -0.6727 -0.3455 -0.6543
vn -0.4498 -0.4676 -0.7609
vn -0.7122 -0.6627 0.2316
vn -0.7654 -0.6427 0.0321
vn -0.5718 -0.4192 -0.7052
vn -0.5070 -0.3542 -0.7858
vn 0.0288 -0.0903 -0.9955
vn -0.5424 0.3136 -0.7794
vn -0.6718 -0.0979 0.7343
vn -0.7238 0.0450 0.6885
vn -0.7515 0.0487 0.6579
vn -0.6627 -0.3483 -0.6629
vn -0.3780 -0.2573 -0.8893
vn -0.5642 -0.5540 0.6122
vn -0.5154 -0.5536 0.6541
vn -0.1135 -0.3253 -0.9388
vn -0.5315 -0.5639 0.6320
vn -0.6826 -0.7304 0.0235
vn -0.6794 -0.7336 0.0157
vn -0.6179 -0.7857 0.0306
vn -0.6388 -0.7693 -0.0143
vn -0.1398 -0.2893 -0.9470
vn -0.6653 -0.6522 -0.3633
vn -0.5569 -0.4472 -0.7000
vn 0.1203 -0.0836 -0.9892
vn 0.5819 0.1159 -0.8050
vn 0.6061 0.0725 -0.7921
vn 0.0559 0.1746 -0.9830
vn 0.3685 -0.0996 -0.9243
vn -0.5581 -0.0692 -0.8269
vn -0.5756 -0.0801 -0.8138
vn -0.1787 -0.0159 -0.9838
vn 0.2983 -0.1235 -0.9464
vn -0.1639 0.0182 -0.9863
vn 0.5770 -0.4721 -0.6665
vn 0.2422 -0.2352 -0.9413
vn -0.0329 -0.1859 -0.9820
vn -0.4035 0.2152 -0.8893
vn -0.1159 0.0346 -0.9927
vn -0.8274 0.5215 -0.2087
vn -0.5053 0.8485 -0.1569
vn -0.4946 0.8688 -0.0221
vn -0.6767 0.4410 -0.5895
vn -0.4824 0.4532 -0.7496
vn -0.4473 0.2259 -0.8654
vn 0.3332 -0.5709 -0.7504
vn -0.0633 0.4415 -0.8950
vn 0.4452 -0.3798 -0.8109
vn 0.3006 -0.1984 -0.9329
vn -0.8716 0.4883 -0.0434
vn -0.6968 0.2897 -0.6561
vn -0.8803 0.4736 0.0260
vn -0.6070 0.1943 -0.7706
vn -0.7081 0.3075 -0.6357
vn -0.7464 0.5088 -0.4290
vn -0.8627 0.4128 -0.2920
vn -0.7821 0.3034 -0.5443
vn -0.8770 0.4795 0.0324
vn -0.8704 0.4924 0.0055
vn -0.8692 0.3850 -0.3101
vn -0.8652 0.5008 0.0237
vn -0.6293 0.1888 -0.7539
vn -0.6180 0.1614 -0.7694
vn -0.6035 0.1945 -0.7732
vn 0.8561 -0.3609 -0.3700
vn -0.1316 0.4282 -0.8940
vn -0.0283 0.0907 -0.9955
vn -0.3579 0.0693 -0.9312
vn 0.1253 -0.9125 -0.3894
vn 0.1286 -0.9170 -0.3775
vn -0.0447 0.1004 -0.9939
vn 0.1756 -0.2173 -0.9602
vn 0.4590 -0.4255 -0.7799
vn 0.1706 -0.1266 -0.9772
vn 0.6631 -0.6757 -0.3220
vn 0.5093 -0.4158 -0.7534
vn 0.6195 -0.5250 -0.5836
vn 0.5937 -0.7007 -0.3956
vn 0.6192 -0.7363 -0.2726
vn 0.5152 -0.8571 0.0062
vn 0.5135 -0.8581 -0.0004
vn 0.7763 -0.5854 0.2339
vn 0.7275 -0.6339 -0.2623
vn 0.9451 -0.3047 0.1182
vn 0.9396 -0.3256 0.1053
vn 0.8677 -0.4951 0.0443
vn 0.8714 -0.4856 -0.0697
vn 0.7940 -0.6043 -0.0658
vn 0.7889 -0.6085 -0.0858
vn 0.7264 -0.4874 -0.4845
vn 0.5980 -0.5184 -0.6113
vn 0.6635 0.2493 -0.7054
vn 0.9492 0.2911 -0.1196
vn 0.9496 0.2873 -0.1252
vn 0.9363 0.3156 -0.1541
vn 0.8663 -0.1303 -0.4823
vn 0.9211 -0.2518 -0.2969
vn 0.9387 -0.1127 0.3257
vn 0.8313 -0.3356 0.4431
vn 0.0458 -0.2308 -0.9719
vn -0.5853 -0.6671 -0.4609
vn -0.4030 -0.4502 -0.7968
vn 0.8539 0.4838 -0.1917
vn 0.7593 0.4416 0.4781
vn 0.8279 0.2553 -0.4993
vn 0.8648 0.1425 -0.4815
vn 0.9807 0.0564 -0.1874
vn 0.7552 0.4221 0.5015
vn 0.5750 0.2935 0.7637
vn 0.4455 -0.2227 -0.8671
vn -0.3226 -0.7338 0.5979
vn -0.0161 -0.5684 -0.8226
vn -0.1407 -0.3301 -0.9334
vn 0.1268 -0.5991 0.7906
vn -0.2157 -0.4336 -0.8749
vn -0.5563 -0.6475 -0.5208
vn 0.3271 -0.0207 -0.9448
vn 0.7541 0.3604 -0.5491
vn 0.4072 -0.0003 -0.9133
vn 0.8485 0.3652 -0.3829
vn 0.7134 -0.3942 -0.5794
vn 0.4367 -0.6279 -0.6442
vn -0.5807 -0.6468 -0.4944
vn -0.4960 -0.5735 0.6521
vn -0.5341 -0.5482 0.6437
vn -0.9009 -0.4335 0.0192
vn -0.8857 -0.4566 0.0844
vn -0.9036 -0.4186 0.0904
vn -0.7344 -0.6063 -0.3051
vn -0.2458 -0.2042 -0.9476
vn -0.1921 -0.5217 0.8312
vn -0.1025 -0.4060 0.9081
vn 0.1365 -0.9887 -0.0612
vn 0.9518 -0.2506 -0.1772
vn 0.8467 0.3742 0.3782
vn 0.8381 0.5419 0.0618
vn 0.2458 -0.0449 0.9683
vn 0.8850 -0.0256 0.4649
vn 0.9351 -0.3100 0.1716
vn 0.6086 -0.7097 0.3548
vn -0.8315 0.2853 0.4766
vn -0.4525 0.8913 -0.0287
vn -0.2363 0.3814 0.8937
vn -0.0885 0.1974 0.9763
vn 0.5179 -0.1975 0.8323
vn 0.8837 -0.4341 0.1752
vn 0.2578 0.0896 0.9620
vn 0.6215 -0.1615 0.7666
vn 0.8229 -0.5625 0.0805
vn 0.8337 -0.5485 0.0637
vn 0.6597 -0.4835 -0.5753
vn 0.7057 -0.4342 -0.5598
vn 0.5695 -0.7801 -0.2589
vn 0.5698 -0.7818 -0.2533
vn -0.2438 -0.3564 -0.9020
vn 0.7682 -0.5571 -0.3155
vn 0.5432 -0.1052 0.8330
vn 0.7782 -0.0844 0.6223
vn 0.3371 -0.2825 0.8981
vn 0.3881 0.1494 0.9094
vn -0.6896 -0.6614 -0.2950
vn -0.5392 -0.5932 -0.5978
vn 0.4143 0.1101 -0.9034
vn 0.6109 0.3198 -0.7242
vn 0.7781 0.5109 -0.3655
vn 0.8799 0.4611 -0.1149
vn 0.0546 -0.1265 -0.9905
vn 0.4824 0.1479 -0.8634
vn -0.6498 -0.6852 0.3290
vn -0.6607 -0.7473 0.0706
vn 0.9357 0.3445 -0.0765
vn 0.2730 -0.6913 -0.6690
vn 0.5000 -0.7409 -0.4483
vn 0.9596 0.1484 0.2390
vn 0.9288 0.1556 0.3362
vn 0.7608 0.4503 0.4674
vn 0.9018 0.1551 -0.4034
vn 0.2140 -0.2569 0.9424
vn 0.8097 0.2132 -0.5467
vn 0.4497 0.2901 0.8448
vn 0.4202 0.2569 0.8703
vn 0.6857 0.4154 0.5977
vn 0.7949 0.3197 -0.5157
vn 0.6247 0.3527 -0.6966
vn 0.8699 0.4186 -0.2608
vn 0.4386 0.3188 0.8403
vn 0.8957 0.4436 0.0300
vn 0.7899 0.4149 -0.4515
vn 0.7631 0.5023 0.4068
vn 0.4658 0.3884 0.7951
vn 0.7382 -0.0682 -0.6712
vn 0.6639 0.0003 0.7479
vn 0.6762 -0.1198 -0.7269
vn 0.6410 -0.0548 0.7656
vn 0.7507 -0.0975 -0.6534
vn 0.8036 0.0536 0.5928
vn 0.9690 -0.0014 0.2471
vn 0.9982 0.0599 0.0065
vn 0.8953 0.3799 0.2326
vn 0.5238 0.0555 0.8500
vn 0.5975 -0.1822 0.7809
vn 0.4526 -0.8302 -0.3255
vn 0.6858 -0.7176 0.1216
vn 0.8008 -0.5730 0.1742
vn 0.5900 0.0551 0.8055
vn 0.7636 0.3436 -0.5466
vn -0.3572 -0.7358 0.5753
vn -0.7771 0.0448 0.6277
vn -0.3004 -0.2603 0.9176
vn -0.7508 -0.3414 0.5655
vn 0.4105 0.1461 0.9001
vn 0.8870 0.2451 0.3913
vn -0.5606 -0.3018 0.7711
vn -0.1178 -0.0510 0.9917
vn -0.0858 -0.0551 0.9948
vn -0.5754 -0.4846 0.6589
vn 0.7814 -0.5516 -0.2919
vn 0.8163 -0.0172 -0.5774
vn 0.9358 0.3343 -0.1117
vn 0.9247 -0.1950 -0.3269
vn 0.5648 -0.6615 -0.4934
vn 0.6347 -0.7494 0.1885
vn 0.6600 -0.5575 0.5035
vn 0.4095 0.1949 0.8913
vn 0.4385 0.2259 0.8699
vn -0.1023 -0.2368 0.9662
vn -0.2477 -0.3887 0.8874
vn -0.1148 -0.9751 0.1898
vn 0.1141 -0.7994 0.5899
vn -0.3060 -0.5602 0.7697
vn 0.3543 -0.0096 0.9351
vn 0.6739 -0.1612 0.7210
vn 0.6321 -0.5331 0.5623
vn 0.8688 -0.4919 -0.0572
vn -0.2088 -0.6621 0.7197
vn -0.6563 0.2174 0.7225
vn -0.6470 0.4410 0.6220
vn -0.4502 0.8927 -0.0212
vn -0.4783 0.8782 -0.0006
vn -0.4646 -0.1158 0.8779
vn -0.4983 0.5683 0.6548
vn -0.3822 0.5183 0.7650
vn 0.6198 -0.2309 0.7500
vn 0.5721 -0.1439 0.8074
vn 0.9094 -0.2263 0.3488
vn 0.7138 -0.5366 0.4500
vn 0.9757 -0.2094 0.0642
vn 0.9004 0.0272 0.4343
vn 0.9474 -0.3062 0.0931
vn 0.9554 -0.2791 -0.0966
vn 0.8085 -0.5866 -0.0480
vn 0.7847 -0.4974 -0.3698
vn 0.8132 -0.4660 -0.3485
vn 0.6156 -0.7664 0.1834
vn 0.4646 -0.8301 0.3083
vn 0.6169 -0.7707 0.1596
vn 0.6123 -0.7577 -0.2258
vn 0.8920 -0.4453 -0.0778
vn 0.8541 -0.5201 -0.0043
vn 0.7685 -0.4648 0.4398
vn 0.5136 -0.1623 0.8425
vn 0.7716 -0.3651 0.5209
vn 0.8917 -0.4457 -0.0782
vn 0.8180 -0.3295 0.4716
vn 0.4497 -0.8100 -0.3763
vn 0.5870 -0.7550 0.2924
vn 0.6024 -0.7083 0.3681
vn 0.6480 -0.7394 0.1826
vn 0.6991 -0.4958 -0.5152
vn 0.4924 -0.2873 -0.8216
vn 0.2406 -0.4353 -0.8675
vn 0.4337 -0.2151 -0.8750
vn 0.2292 -0.9146 -0.3331
vn 0.4365 -0.7149 -0.5462
vn 0.5028 -0.3374 -0.7958
vn 0.5563 -0.0316 -0.8304
vn 0.7982 -0.0821 -0.5967
vn 0.7568 -0.1281 -0.6410
vn 0.3380 0.2719 -0.9010
vn 0.1808 -0.2522 -0.9506
vn 0.1560 -0.4534 -0.8776
vn 0.4022 0.0266 -0.9152
vn 0.3369 0.2124 -0.9173
vn -0.0654 -0.0758 -0.9950
vn -0.1224 -0.5000 -0.8573
vn 0.4799 -0.0767 -0.8740
vn 0.0688 -0.6455 -0.7606
vn 0.2942 -0.3640 -0.8837
vn 0.6396 -0.4853 -0.5961
vn 0.0766 -0.1428 -0.9868
vn 0.3516 -0.4290 -0.8321
vn 0.5969 -0.6043 -0.5277
vn -0.7501 0.2539 -0.6106
vn -0.7966 0.2814 -0.5350
vn -0.5006 0.8496 -0.1661
vn -0.4259 0.8909 -0.1579
vn -0.7917 0.3602 -0.4934
vn -0.4247 0.8995 -0.1025
vn -0.9070 0.4092 -0.0996
vn -0.7138 0.2414 -0.6574
vn -0.8670 0.4978 0.0211
vn -0.8716 0.4870 0.0557
vn -0.7342 0.2328 -0.6378
vn -0.8907 0.4469 0.0837
vn -0.8781 0.4456 -0.1742
vn -0.8929 0.4431 0.0800
vn -0.8926 0.4406 -0.0958
vn -0.7861 0.5565 -0.2690
vn -0.4102 0.9060 -0.1045
vn -0.8757 -0.4763 0.0787
vn -0.8861 -0.4201 0.1958
vn -0.8582 0.4405 -0.2635
vn -0.8930 0.4361 0.1109
vn -0.8725 0.4849 0.0602
vn -0.4330 0.8952 -0.1058
vn -0.4097 0.9064 -0.1034
vn -0.8490 0.5279 -0.0236
vn -0.7197 0.5050 0.4765
vn -0.7293 0.6176 0.2946
vn -0.3877 -0.7821 0.4879
vn -0.4905 -0.7027 0.5154
vn -0.7541 -0.4717 0.4569
vn -0.7869 0.4251 0.4473
vn -0.3503 0.9361 -0.0309
vn -0.7221 0.4984 0.4797
vn -0.4629 -0.7081 0.5332
vn -0.7569 -0.2946 0.5834
vn -0.6216 0.6255 0.4715
vn -0.5695 0.6163 0.5439
vn -0.2970 0.5804 0.7582
vn -0.3033 0.5810 0.7552
vn -0.4962 0.8586 0.1287
vn -0.4767 0.4430 0.7592
vn -0.4266 0.5594 0.7107
vn -0.5740 0.7477 0.3338
vn -0.5118 0.6481 0.5640
vn -0.7154 0.6564 0.2396
vn -0.1080 0.1844 0.9769
vn -0.5052 0.8561 0.1088
vn -0.5547 0.5148 0.6536
vn -0.5097 0.5118 0.6915
vn -0.7059 0.5971 0.3810
vn -0.6661 -0.5894 0.4570
vn 0.6824 -0.5197 -0.5140
vn -0.6743 0.4130 0.6122
vn -0.5443 0.5791 0.6069
vn -0.4680 0.8820 0.0551
vn -0.3603 -0.1648 0.9182
vn -0.3331 -0.0988 0.9377
vn -0.0099 -0.6767 0.7362
vn -0.0084 -0.7105 0.7037
vn -0.4663 0.3226 0.8237
vn -0.1859 0.0468 0.9815
vn 0.6088 -0.7933 0.0101
vn 0.8395 -0.5216 0.1525
vn 0.7427 -0.6068 0.2834
vn -0.3083 -0.9513 -0.0058
vn 0.0849 -0.8387 -0.5379
vn 0.1058 -0.8508 -0.5147
vn 0.1990 -0.7160 -0.6691
vn 0.6913 -0.5967 0.4075
vn 0.3468 -0.6877 -0.6378
vn 0.4566 -0.7599 -0.4627
vn 0.4259 -0.7660 -0.4814
vn 0.5292 -0.8186 -0.2230
vn 0.6238 -0.2372 0.7447
vn 0.5494 -0.2299 0.8033
vn 0.1471 0.0109 0.9891
vn 0.0886 0.0815 0.9927
vn -0.3386 -0.7991 0.4968
vn 0.0198 -0.9789 -0.2036
vn 0.2862 -0.9533 -0.0960
vn -0.1825 -0.9826 -0.0346
vn -0.9309 -0.3620 0.0482
vn -0.7706 -0.4468 -0.4546
vn -0.4129 -0.6330 -0.6548
vn -0.5214 -0.5437 -0.6577
vn 0.1578 -0.6715 -0.7240
vn -0.0240 -0.7158 -0.6979
vn -0.7392 -0.6731 -0.0237
vn -0.6732 -0.6325 0.3829
vn -0.0163 -0.0596 0.9981
vn -0.7992 -0.0595 0.5981
vn -0.6004 0.2162 0.7699
vn -0.8993 -0.3192 -0.2990
vn -0.6440 0.0028 -0.7650
vn -0.5011 -0.2064 -0.8404
vn -0.9133 -0.1199 0.3892
vn -0.4016 0.5331 0.7446
vn -0.9098 -0.1535 0.3855
vn -0.5954 0.2538 0.7623
vn -0.5466 0.2595 0.7962
vn -0.8194 0.0501 -0.5711
vn 0.0966 -0.6903 0.7171
vn -0.1396 -0.2493 0.9583
vn 0.0942 -0.6227 0.7768
vn 0.2249 -0.6275 0.7454
vn -0.5597 0.4717 0.6813
vn -0.8964 0.1191 0.4270
vn -0.9934 0.0746 -0.0872
vn -0.9944 0.0853 -0.0622
vn -0.8194 0.0587 0.5702
vn -0.9821 -0.1378 -0.1284
vn -0.8247 -0.0577 0.5627
vn -0.7659 -0.4458 -0.4633
vn -0.8390 -0.3331 -0.4302
vn 0.5905 -0.5901 -0.5506
vn 0.4462 -0.6598 -0.6046
vn 0.4162 -0.2214 -0.8819
vn -0.0310 -0.2299 -0.9727
vn -0.1015 -0.2539 -0.9619
vn 0.8529 -0.4548 -0.2563
vn 0.6184 -0.2632 -0.7405
vn -0.1541 -0.5325 -0.8323
vn -0.6988 -0.1521 0.6989
vn -0.5524 -0.1138 0.8257
vn -0.6927 -0.7110 -0.1211
vn -0.1200 0.2159 0.9690
vn -0.3893 0.0073 0.9211
vn 0.4427 -0.6095 -0.6577
vn -0.0277 -0.6407 -0.7673
vn -0.0923 -0.9798 -0.1774
vn 0.1460 -0.9876 0.0577
vn 0.7600 -0.6363 -0.1323
vn 0.1267 -0.8473 0.5157
vn 0.4692 -0.0193 0.8829
vn -0.0529 -0.1851 0.9813
vn 0.9097 -0.1668 -0.3803
vn 0.8422 -0.3091 -0.4419
vn 0.9553 -0.2819 -0.0897
vn 0.6868 -0.7177 -0.1146
vn 0.6754 -0.6033 -0.4242
vn 0.8410 -0.5223 -0.1413
vn 0.9566 -0.2915 -0.0040
vn 0.9706 -0.1181 0.2096
vn 0.9985 0.0296 0.0459
vn 0.9663 -0.2507 -0.0575
vn 0.9140 -0.4040 0.0372
vn 0.7057 0.0044 0.7085
vn 0.5889 -0.1919 0.7851
vn 0.2979 -0.0877 0.9506
vn -0.2445 0.4383 0.8649
vn 0.1011 0.4044 0.9090
vn -0.0689 0.4580 0.8863
vn 0.2235 -0.4467 0.8663
vn -0.0283 -0.0948 0.9951
vn -0.0562 0.6205 0.7822
vn 0.0634 0.5189 0.8525
vn 0.4147 0.3681 0.8322
vn 0.8985 -0.0664 0.4340
vn 0.9261 0.0236 0.3766
vn 0.6996 0.3296 0.6339
vn -0.0896 0.6292 0.7720
vn 0.2909 -0.4536 0.8424
vn 0.2332 0.6515 0.7219
vn 0.5019 0.4760 0.7221
vn 0.5096 0.4136 0.7544
vn 0.6597 0.2879 0.6942
vn 0.9529 -0.3027 -0.0178
vn 0.8963 0.1474 0.4181
vn 0.8397 0.0916 0.5352
vn 0.9982 0.0340 0.0497
vn 0.9888 -0.0820 -0.1244
vn 0.8605 -0.5073 -0.0469
vn 0.7707 -0.4768 -0.4228
vn 0.5815 -0.8124 -0.0437
vn 0.9971 -0.0339 -0.0677
vn 0.8369 0.0477 -0.5453
vn 0.9348 0.0021 -0.3551
vn 0.6160 0.1808 0.7667
vn 0.4501 0.2148 0.8668
vn 0.8565 0.2815 0.4327
vn 0.8558 0.2808 0.4345
vn 0.7897 0.4150 -0.4519
vn 0.4393 0.3812 0.8135
vn 0.7402 0.3033 0.6001
vn 0.8378 0.2681 0.4756
vn 0.7877 0.4448 0.4262
vn -0.5524 -0.3765 0.7437
vn -0.4530 -0.5590 0.6944
vn -0.4645 -0.5206 0.7164
vn -0.2240 -0.5233 0.8222
vn -0.2197 -0.5646 0.7956
vn -0.5259 -0.2502 0.8129
vn -0.6124 0.4825 0.6262
vn -0.7454 0.6057 0.2784
vn -0.7092 0.5340 0.4603
vn -0.3052 0.9510 -0.0503
vn -0.6040 0.4619 0.6494
vn -0.3422 -0.3404 0.8758
vn -0.3219 -0.2654 0.9088
vn -0.2707 0.5954 0.7565
vn -0.0463 -0.5704 0.8201
vn -0.7795 0.5102 0.3634
vn 0.0432 0.4753 0.8788
vn 0.1484 0.3081 0.9397
vn 0.3871 -0.2676 0.8823
vn 0.3523 0.1530 0.9233
vn 0.5375 -0.3613 0.7619
vn 0.0692 0.5713 0.8178
vn -0.7973 0.4905 0.3517
vn 0.0216 0.5613 0.8273
vn 0.7050 0.2309 0.6706
vn 0.3604 0.7047 0.6112
vn 0.6177 -0.2430 0.7479
vn 0.6183 0.3105 0.7220
vn 0.7071 0.2108 0.6750
vn 0.4306 0.5108 0.7441
vn -0.0750 -0.6186 0.7822
vn -0.0922 -0.3942 0.9144
vn -0.0123 -0.3169 0.9484
vn -0.4491 0.3999 0.7990
vn 0.4310 -0.2715 0.8605
vn 0.9403 0.2262 0.2544
vn 0.7106 0.3755 0.5950
vn 0.6818 -0.5106 0.5239
vn 0.7745 -0.4145 0.4778
vn 0.7300 0.5667 0.3819
vn 0.8889 0.2614 0.3763
vn 0.6796 0.5104 0.5270
vn -0.3070 0.9504 0.0496
vn -0.4250 0.4214 0.8012
vn 0.5663 -0.1813 0.8040
vn 0.6905 -0.0502 0.7216
vn 0.5941 0.6500 0.4738
vn 0.1684 -0.2653 0.9494
vn 0.8286 -0.3797 0.4113
vn 0.5665 -0.1852 0.8030
vn -0.4124 0.4477 0.7934
vn -0.3409 0.9375 0.0702
vn -0.4692 0.7876 -0.3993
vn -0.7924 0.5586 -0.2451
vn -0.6936 0.3962 0.6016
vn -0.6794 0.3420 0.6492
vn -0.6229 0.5547 0.5516
vn -0.5658 0.4425 0.6958
vn -0.7619 0.4475 0.4682
vn -0.8508 0.4751 0.2246
vn -0.8612 0.4658 0.2035
vn -0.5465 0.3606 0.7558
vn -0.8609 0.4679 0.1999
vn -0.8590 0.4693 0.2048
vn -0.4028 0.2735 0.8735
vn -0.4038 0.2865 0.8688
vn -0.5259 0.3279 0.7848
vn -0.8593 0.4685 0.2052
vn -0.8062 0.5028 0.3117
vn -0.3894 0.2819 0.8768
vn -0.3942 0.2916 0.8716
vn 0.4461 -0.1921 0.8741
vn 0.5120 -0.2934 0.8073
vn 0.5062 -0.2524 0.8247
vn 0.9128 -0.3099 0.2660
vn 0.0165 0.1798 0.9836
vn -0.6265 -0.5806 0.5201
vn 0.5962 -0.6521 0.4684
vn 0.0921 -0.3047 0.9480
vn 0.7884 -0.5917 0.1684
vn 0.5096 -0.1966 0.8376
vn 0.8526 -0.3668 0.3722
vn 0.1786 -0.3908 0.9030
vn 0.6626 0.4314 0.6123
vn 0.4115 0.1639 0.8965
vn 0.6223 0.1963 0.7578
vn 0.2074 -0.0672 0.9760
vn -0.6531 -0.6216 0.4325
vn 0.6407 -0.0660 0.7650
vn 0.5833 -0.2997 0.7550
vn 0.7556 0.0233 0.6546
vn 0.4364 -0.3917 0.8100
vn 0.4115 -0.4444 0.7957
vn 0.9005 0.1635 0.4029
vn 0.6592 0.5538 0.5087
vn -0.8355 0.4251 0.3481
vn -0.6109 0.4013 0.6825
vn -0.7664 0.4334 0.4741
vn -0.8033 0.5350 0.2618
vn -0.4375 0.3220 0.8396
vn -0.6304 0.3753 0.6795
vn -0.7974 0.5405 0.2684
vn -0.4841 0.3187 0.8149
vn -0.8128 0.4757 0.3364
vn -0.8804 0.3774 -0.2870
vn -0.9180 0.3501 -0.1861
vn -0.9322 0.3305 -0.1477
vn -0.8748 0.3056 -0.3759
vn -0.8398 0.3603 -0.4062
vn -0.7952 0.3614 -0.4868
vn -0.7284 0.2140 -0.6508
vn -0.8691 0.4807 -0.1163
vn -0.6395 0.1646 -0.7510
vn -0.6462 0.1646 -0.7452
vn -0.8780 0.4661 -0.1090
vn -0.8942 0.3344 -0.2975
vn -0.8698 0.3720 0.3241
vn -0.7141 0.3909 0.5808
vn -0.7425 0.4089 0.5306
vn -0.6629 0.3876 0.6406
vn -0.8724 0.4750 0.1152
vn -0.8197 0.5214 0.2373
vn -0.8908 0.4537 -0.0243
vn -0.8822 0.2917 -0.3698
vn -0.8608 0.4057 -0.3073
vn -0.8603 0.4720 -0.1927
vn -0.3182 0.2885 0.9031
vn -0.7252 0.6614 0.1915
vn -0.3633 0.4602 0.8101
vn -0.3647 0.2870 0.8858
vn 0.8419 -0.4649 0.2739
vn 0.7963 -0.6047 -0.0135
vn 0.8617 -0.4580 0.2183
vn 0.9330 -0.3257 0.1529
vn 0.6197 -0.5418 -0.5678
vn 0.5957 -0.4192 -0.6851
vn 0.7563 -0.4280 -0.4948
vn 0.9489 -0.2243 0.2220
vn 0.7475 -0.2239 -0.6254
vn 0.8876 -0.3606 -0.2865
vn 0.7971 -0.5885 -0.1355
vn 0.9269 -0.2980 -0.2282
vn 0.3440 -0.9351 0.0853
vn 0.7769 -0.3276 -0.5377
vn 0.7633 -0.2803 -0.5820
vn 0.4996 -0.8210 -0.2763
vn -0.4260 -0.6552 -0.6239
vn 0.0597 0.0284 -0.9978
vn -0.2096 -0.9548 -0.2108
vn -0.6250 -0.5729 -0.5303
vn -0.5191 0.1919 -0.8329
vn 0.5683 -0.5483 -0.6135
vn -0.6465 0.1428 -0.7494
vn -0.5341 -0.4016 -0.7440
vn 0.1593 0.0677 -0.9849
vn 0.0635 0.0971 -0.9932
vn 0.2008 -0.0529 -0.9782
vn 0.6874 -0.5491 -0.4754
vn 0.2971 -0.3965 -0.8686
vn 0.2824 -0.3991 -0.8723
vn 0.2776 -0.4445 -0.8516
vn 0.2495 -0.4075 -0.8784
vn 0.7676 -0.5684 -0.2961
vn 0.7759 -0.5526 -0.3044
vn -0.6456 0.1669 -0.7452
vn -0.8586 0.4826 -0.1727
vn -0.7151 0.2430 -0.6555
vn -0.7633 0.1881 -0.6180
vn -0.8112 0.2805 -0.5131
vn -0.8182 0.2750 -0.5049
vn -0.9845 0.1752 -0.0002
vn -0.7674 0.2190 -0.6027
vn -0.8721 0.4763 -0.1119
vn -0.8636 0.4707 -0.1806
vn -0.6597 0.1626 -0.7338
vn -0.8891 0.4293 -0.1589
vn -0.9089 0.4117 -0.0667
vn -0.9250 0.3637 -0.1098
vn -0.7344 0.0970 -0.6717
vn -0.6601 0.1676 -0.7323
vn -0.6380 0.0940 -0.7643
vn -0.9580 0.2586 0.1242
vn -0.9775 -0.0368 0.2076
vn -0.8202 0.3275 -0.4690
vn -0.6973 0.4911 -0.5222
vn -0.9980 -0.0369 0.0516
vn -0.9917 -0.0746 0.1046
vn -0.9633 -0.1840 0.1955
vn -0.9762 -0.0899 0.1972
vn -0.8989 0.4269 -0.0988
vn -0.8643 0.5004 0.0505
vn -0.9626 -0.1851 0.1978
vn -0.9618 -0.1369 0.2372
vn -0.8092 0.4854 0.3310
vn -0.6964 0.4637 0.5477
vn -0.9569 -0.1414 0.2538
vn -0.7420 0.4601 0.4875
vn -0.9538 0.0506 0.2963
vn -0.5981 0.3407 0.7253
vn -0.8438 0.3961 0.3622
vn -0.9460 0.0122 0.3239
vn -0.5847 0.3108 0.7493
vn -0.7138 0.4428 0.5425
vn -0.5537 0.4105 0.7245
vn -0.5785 0.3809 0.7213
vn -0.6438 0.4104 0.6458
vn -0.7938 0.5275 0.3029
vn 0.2391 -0.1184 0.9637
vn 0.4303 -0.2686 0.8618
vn 0.5240 -0.2499 0.8142
vn 0.8252 -0.5430 0.1556
vn 0.8332 -0.5311 0.1541
vn 0.5133 -0.2894 0.8079
vn 0.8244 -0.5502 0.1328
vn 0.8722 -0.3765 0.3124
vn 0.1888 -0.5857 0.7883
vn 0.2038 -0.5831 0.7865
vn 0.5059 -0.5748 0.6432
vn 0.6599 -0.4547 0.5982
vn 0.8697 -0.3032 0.3894
vn 0.8496 -0.3174 0.4213
vn 0.3910 -0.7501 0.5334
vn 0.5214 -0.6263 0.5796
vn 0.7351 -0.5077 0.4494
vn 0.7968 0.3317 0.5051
vn 0.4662 -0.2750 -0.8409
vn -0.1620 -0.7282 -0.6659
vn 0.3838 0.0137 -0.9233
vn -0.2360 -0.9497 -0.2058
vn -0.0468 -0.2166 -0.9751
vn 0.5914 0.3246 -0.7382
vn 0.0792 0.7263 -0.6828
vn 0.0568 0.8268 -0.5597
vn 0.6631 -0.2370 -0.7100
vn 0.8177 -0.5194 -0.2483
vn -0.3678 -0.1864 -0.9110
vn -0.3605 -0.1622 -0.9186
vn -0.3037 -0.1240 -0.9447
vn -0.1777 -0.1184 -0.9769
vn -0.1699 0.1308 -0.9768
vn -0.4050 -0.1726 -0.8979
vn 0.5994 0.5694 -0.5626
vn 0.7291 0.4929 -0.4749
vn 0.6425 0.6853 -0.3428
vn 0.0565 -0.2339 -0.9706
vn 0.8887 0.1519 0.4326
vn 0.3212 -0.4746 -0.8195
vn 0.2671 -0.3633 -0.8926
vn 0.6460 -0.0045 -0.7633
vn 0.6514 -0.0716 -0.7554
vn 0.9429 -0.2050 0.2625
vn -0.4586 0.0743 -0.8855
vn -0.2778 0.2112 -0.9371
vn 0.6918 -0.0920 -0.7162
vn 0.8745 -0.2645 -0.4065
vn 0.4487 -0.3988 0.7997
vn 0.8307 -0.5443 0.1170
vn 0.4791 -0.4325 -0.7638
vn 0.5499 -0.5923 -0.5889
vn 0.0485 -0.2219 -0.9739
vn -0.0345 -0.2855 -0.9578
vn -0.0232 -0.3088 -0.9508
vn -0.3012 -0.5587 -0.7728
vn -0.0722 -0.5205 -0.8508
vn 0.2306 -0.4900 -0.8407
vn -0.2325 -0.5052 -0.8311
vn -0.3233 -0.9334 -0.1554
vn -0.4921 -0.7966 -0.3510
vn -0.1837 -0.1569 -0.9704
vn 0.7941 -0.5500 -0.2587
vn 0.7706 -0.5658 -0.2935
vn 0.2551 -0.4007 -0.8800
vn 0.8151 -0.5248 -0.2453
vn -0.7857 -0.5970 -0.1621
vn -0.1972 -0.1639 -0.9666
vn -0.2021 -0.1631 -0.9657
vn -0.3886 -0.3292 -0.8606
vn -0.3908 -0.3205 -0.8629
vn 0.7766 -0.5714 -0.2653
vn 0.7556 -0.6275 -0.1880
vn 0.6381 -0.6884 -0.3449
vn -0.3077 -0.1586 -0.9382
vn -0.2253 -0.0918 -0.9700
vn -0.8047 -0.3699 -0.4643
vn -0.5711 -0.0540 -0.8191
vn -0.2257 -0.0631 -0.9721
vn -0.7425 0.2433 -0.6241
vn 0.3191 -0.4956 -0.8078
vn 0.2975 -0.5386 -0.7883
vn 0.3317 -0.4936 -0.8039
vn -0.7235 0.0297 -0.6897
vn -0.7822 0.3117 -0.5395
vn -0.8514 0.3754 -0.3662
vn -0.8608 0.4332 -0.2672
vn -0.7535 0.5098 0.4152
vn -0.6998 0.4867 0.5229
vn -0.9334 0.0103 0.3586
vn -0.9436 -0.0067 0.3310
vn -0.9544 0.0077 0.2984
vn -0.9303 0.1862 0.3160
vn -0.7935 0.5208 0.3148
vn -0.7918 0.5083 0.3388
vn -0.9609 0.2284 0.1564
vn 0.4742 -0.3457 0.8097
vn 0.4063 -0.4620 0.7883
vn -0.4263 0.2386 0.8725
vn -0.5022 0.3550 0.7885
vn 0.8340 -0.5367 0.1279
vn 0.8406 0.2791 0.4642
vn 0.1318 0.6320 0.7637
vn -0.0809 -0.2193 0.9723
vn 0.1819 -0.1741 0.9678
vn 0.2227 0.4310 0.8744
vn -0.1724 -0.0394 0.9842
vn 0.1749 0.2852 0.9424
vn 0.3042 -0.3291 0.8940
vn -0.0294 -0.9957 0.0882
vn 0.0273 -0.9910 0.1309
vn 0.5126 0.1423 0.8468
vn 0.0428 0.0160 0.9990
vn 0.5637 0.0795 0.8222
vn 0.3829 0.8170 0.4312
vn 0.0664 -0.2920 0.9541
vn 0.3610 -0.9282 0.0895
vn 0.4665 -0.4252 0.7757
vn 0.3349 0.2648 0.9043
vn 0.9199 -0.1418 0.3655
vn 0.4952 -0.6883 -0.5301
vn 0.7485 -0.6289 0.2103
vn 0.7866 -0.5808 0.2093
vn 0.9409 0.1641 0.2962
vn 0.5286 -0.8336 0.1602
vn 0.4833 -0.8516 0.2032
vn 0.8222 -0.5658 0.0621
vn 0.9897 -0.1377 -0.0386
vn 0.9909 -0.0724 -0.1137
vn 0.5657 -0.8064 0.1724
vn 0.7791 -0.6258 -0.0357
vn 0.8284 -0.5565 -0.0638
vn -0.1139 -0.9390 0.3246
vn 0.8596 -0.0935 -0.5023
vn -0.2030 -0.9707 0.1285
vn 0.9407 -0.1366 -0.3105
vn 0.9784 0.1989 0.0572
vn 0.9334 0.2677 0.2389
vn 0.9731 0.1911 0.1284
vn 0.9195 -0.2240 -0.3229
vn 0.3523 -0.9059 -0.2349
vn 0.6906 -0.4664 -0.5527
vn 0.6593 -0.3457 -0.6677
vn 0.4923 -0.7270 -0.4787
vn 0.3432 -0.7990 -0.4938
vn 0.3626 -0.7179 -0.5942
vn 0.0173 -0.6317 -0.7750
vn -0.0931 -0.8446 -0.5273
vn 0.1893 -0.8354 0.5160
vn 0.2164 -0.6373 -0.7397
vn 0.3107 -0.9085 -0.2796
vn 0.4182 -0.4372 -0.7962
vn 0.5213 -0.6494 -0.5536
vn 0.7090 -0.5112 -0.4859
vn 0.8278 -0.0229 -0.5605
vn 0.5800 -0.5744 -0.5776
vn 0.9027 -0.1529 -0.4021
vn 0.8876 -0.1220 -0.4442
vn 0.1761 -0.9823 0.0638
vn 0.5289 -0.8475 -0.0439
vn 0.4549 -0.8661 -0.2072
vn 0.7976 -0.3508 -0.4907
vn 0.5324 -0.5949 -0.6022
vn 0.6027 -0.7523 -0.2660
vn 0.7641 -0.6099 -0.2101
vn 0.8281 -0.5413 -0.1456
vn 0.1714 -0.4886 -0.8555
vn -0.2219 -0.8193 -0.5287
vn 0.0010 -0.7706 -0.6374
vn 0.2128 -0.4914 -0.8446
vn 0.1026 -0.3999 -0.9108
vn 0.1386 -0.5573 -0.8187
vn 0.6499 -0.6738 0.3517
vn 0.1986 -0.9260 -0.3211
vn -0.6940 -0.2707 -0.6672
vn -0.2341 0.0508 -0.9709
vn -0.0121 -0.6666 -0.7453
vn 0.5021 0.2402 -0.8308
vn 0.1329 -0.3999 -0.9069
vn 0.2215 -0.2776 -0.9348
vn 0.6018 0.1501 -0.7844
vn 0.1697 -0.5321 -0.8295
vn 0.2721 -0.4932 -0.8263
vn 0.5874 -0.0137 -0.8092
vn 0.3803 -0.6499 -0.6581
vn 0.0790 -0.8913 -0.4464
vn 0.5074 -0.6373 -0.5800
vn 0.0113 -0.9502 -0.3114
vn 0.7133 -0.3378 -0.6140
vn 0.4758 -0.6536 -0.5885
vn 0.4946 -0.6517 -0.5751
vn 0.5642 -0.7579 -0.3276
vn 0.6812 -0.6920 -0.2392
vn 0.3908 -0.8874 -0.2444
vn 0.7376 -0.6240 -0.2582
vn 0.6181 -0.7583 -0.2072
vn 0.6591 -0.7362 -0.1539
vn 0.1794 -0.9803 0.0828
vn 0.7794 -0.5830 0.2297
vn 0.7343 -0.6602 -0.1578
vn 0.9081 -0.3441 -0.2386
vn 0.9495 -0.2134 -0.2302
vn 0.8134 -0.4397 -0.3808
vn 0.7123 -0.6752 -0.1916
vn 0.6395 -0.7643 0.0829
vn 0.8910 -0.4539 0.0089
vn 0.5065 -0.2735 0.8177
vn -0.4047 0.3120 0.8596
vn -0.3267 0.1853 0.9268
vn 0.4931 -0.3042 0.8150
vn 0.4952 -0.3038 0.8139
vn 0.0404 -0.0401 0.9984
vn 0.7284 -0.3785 -0.5711
vn 0.8213 -0.4919 0.2889
vn 0.7643 -0.6147 0.1949
vn 0.9937 -0.1031 0.0444
vn 0.9175 -0.3246 0.2299
vn 0.6682 -0.3507 0.6561
vn 0.7066 -0.2703 -0.6539
vn 0.8854 0.1849 0.4266
vn 0.8774 0.1718 0.4479
vn 0.0513 -0.3675 0.9286
vn 0.8792 0.1564 -0.4501
vn 0.6983 -0.2555 0.6687
vn 0.9094 0.0901 0.4061
vn 0.4724 0.8182 0.3276
vn -0.0279 0.0588 0.9979
vn -0.2001 -0.0914 0.9755
vn 0.8394 -0.5265 0.1349
vn 0.8499 -0.5157 0.1081
vn -0.0447 0.1201 0.9918
vn -0.0737 0.1131 0.9909
vn -0.2492 -0.1048 0.9628
vn -0.0258 0.1633 0.9862
vn -0.0113 0.1287 0.9916
vn 0.5640 -0.1554 0.8110
vn 0.5213 -0.1452 0.8409
vn 0.6377 -0.5069 0.5800
vn 0.6916 -0.4572 0.5592
vn 0.7121 -0.4838 0.5088
vn 0.6869 -0.6987 0.2001
vn 0.6742 -0.7008 0.2331
vn 0.6446 -0.5678 0.5119
vn 0.6688 -0.5639 0.4845
vn 0.6041 -0.4766 0.6387
vn 0.2197 -0.2888 0.9318
vn 0.5948 -0.6483 0.4753
vn 0.3077 -0.1284 0.9428
vn 0.2178 -0.2169 0.9516
vn 0.5684 -0.3248 0.7559
vn 0.1323 -0.1562 0.9788
vn -0.1113 -0.0824 0.9904
vn 0.2903 -0.3397 0.8946
vn 0.4918 -0.2844 0.8229
vn -0.4089 0.2875 0.8661
vn -0.7720 0.5563 0.3075
vn -0.7664 0.5318 0.3603
vn -0.4146 0.3034 0.8579
vn 0.8784 -0.4730 0.0684
vn -0.3716 0.3201 0.8715
vn -0.7752 0.1481 -0.6141
vn -0.7531 0.2518 -0.6078
vn -0.3771 -0.1409 -0.9154
vn -0.1963 -0.1738 -0.9650
vn 0.4067 -0.3789 -0.8313
vn 0.4144 -0.3771 -0.8283
vn -0.0501 0.3442 -0.9376
vn 0.4622 0.3333 -0.8217
vn 0.5825 -0.1298 -0.8024
vn 0.6652 -0.5102 -0.5451
vn -0.6116 -0.2977 -0.7330
vn 0.6860 -0.4906 -0.5374
vn 0.9336 -0.3578 -0.0172
vn 0.9464 -0.3224 0.0178
vn 0.9391 -0.3428 -0.0228
vn 0.9983 0.0333 -0.0476
vn 0.9697 0.0029 -0.2441
vn 0.3247 0.4321 -0.8414
vn 0.5026 0.4177 -0.7569
vn -0.8195 0.3746 -0.4337
vn -0.8302 0.3830 -0.4051
vn -0.1831 0.7871 -0.5890
vn 0.0317 0.9509 -0.3080
vn 0.2048 0.9439 -0.2591
vn 0.1195 0.7813 0.6125
vn 0.3873 0.9024 0.1888
vn 0.3946 0.9157 0.0757
vn -0.8395 0.1377 0.5256
vn -0.6514 0.1181 0.7495
vn 0.4993 -0.2150 0.8393
vn 0.4610 -0.1780 0.8694
vn 0.8196 -0.2769 0.5016
vn 0.8250 -0.2843 0.4885
vn 0.5497 -0.1623 0.8194
vn 0.4572 -0.1526 0.8762
vn 0.8497 -0.2445 0.4671
vn 0.8457 -0.2391 0.4771
vn 0.4267 -0.1927 0.8836
vn -0.1829 -0.0530 0.9817
vn 0.4209 -0.1712 0.8908
vn -0.7217 0.1716 0.6706
vn -0.7689 0.1360 0.6248
vn -0.2840 0.0129 0.9587
vn -0.7714 0.1416 0.6204
vn -0.8322 0.1871 0.5219
vn -0.9313 0.2323 0.2806
vn -0.9473 0.2596 -0.1876
vn -0.9751 0.2044 0.0859
vn -0.8359 0.1596 0.5252
vn -0.2826 -0.0262 -0.9589
vn 0.3783 -0.5111 -0.7718
vn 0.3801 0.5066 -0.7739
vn 0.9556 -0.2940 0.0191
vn -0.1156 0.2477 -0.9619
vn 0.9841 0.0549 -0.1692
vn 0.9853 -0.0354 -0.1670
vn 0.3409 0.5612 -0.7542
vn 0.3496 0.5944 -0.7242
vn -0.0652 0.5002 -0.8635
vn -0.4340 0.0465 -0.8997
vn -0.4350 0.0773 -0.8971
vn 0.7731 0.3739 -0.5124
vn 0.8553 0.3569 -0.3757
vn -0.4030 0.4349 -0.8053
vn -0.1330 0.7247 -0.6761
vn -0.0772 0.5847 -0.8076
vn -0.0615 0.5873 -0.8070
vn -0.2415 0.3566 -0.9025
vn 0.8549 0.3595 -0.3740
vn 0.4692 0.5515 -0.6897
vn 0.2616 0.5759 -0.7746
vn 0.4774 0.5524 -0.6833
vn 0.9328 0.1577 -0.3241
vn 0.6876 0.2964 -0.6628
vn 0.9802 0.1958 0.0292
vn -0.6859 0.6816 -0.2547
vn 0.9958 0.0783 -0.0478
vn 0.9915 -0.0739 -0.1070
vn 0.5633 0.5638 -0.6041
vn -0.6273 0.4567 0.6309
vn -0.6227 0.4279 0.6551
vn -0.5799 0.4255 0.6948
vn 0.1129 0.7125 0.6925
vn 0.1214 0.7116 0.6920
vn -0.0300 0.6531 0.7567
vn 0.0770 0.6113 0.7876
vn -0.5578 0.3380 0.7580
vn -0.5393 0.3732 0.7549
vn -0.5198 0.2534 0.8158
vn -0.4479 0.2300 0.8640
vn -0.4547 0.1821 0.8718
vn 0.3980 -0.3990 0.8261
vn 0.5700 -0.2802 0.7724
vn 0.5540 -0.3391 0.7604
vn 0.1644 0.0258 0.9861
vn 0.9998 0.0007 -0.0206
vn 0.5975 -0.2697 0.7552
vn -0.1048 0.1321 0.9857
vn -0.1442 0.7649 0.6278
vn 0.9045 -0.4263 0.0115
vn 0.9677 -0.2516 0.0156
vn 0.9124 -0.4048 0.0611
vn 0.6870 0.1998 0.6986
vn 0.5882 0.5567 0.5866
vn 0.6030 0.5404 0.5868
vn 0.6445 0.5972 0.4775
vn 0.9217 -0.1023 -0.3741
vn 0.1962 0.4101 0.8907
vn -0.1240 0.4717 0.8730
vn -0.1812 -0.2233 0.9578
vn -0.0918 -0.0295 0.9953
vn -0.1093 -0.4568 0.8828
vn -0.5343 -0.3380 0.7748
vn -0.7664 -0.3681 0.5264
vn 0.7838 -0.6174 0.0669
vn 0.4298 -0.3456 0.8342
vn 0.7050 -0.6572 0.2666
vn 0.8248 -0.5654 0.0091
vn -0.2856 -0.1211 0.9507
vn 0.0730 -0.3002 0.9511
vn 0.4465 -0.4004 0.8002
vn 0.4526 -0.3461 0.8218
vn 0.1687 -0.2765 0.9461
vn -0.2245 0.2423 0.9439
vn -0.8440 -0.3459 0.4098
vn 0.0294 -0.5654 0.8243
vn 0.0912 -0.5146 0.8526
vn -0.0474 -0.0606 0.9970
vn -0.4271 -0.7044 0.5669
vn -0.3402 -0.9401 0.0206
vn -0.5031 -0.2076 0.8390
vn -0.2046 0.4079 0.8898
vn 0.3655 0.9136 -0.1782
vn 0.2101 0.4209 0.8824
vn -0.1176 -0.4585 0.8809
vn -0.3148 0.0701 0.9466
vn -0.6721 -0.4651 0.5762
vn -0.0321 -0.9698 -0.2419
vn 0.5169 -0.3233 0.7926
vn -0.2021 0.1435 0.9688
vn 0.1698 -0.9608 -0.2193
vn -0.4326 0.1051 0.8954
vn -0.0157 -0.7573 0.6528
vn -0.0137 -0.7712 0.6364
vn 0.2381 -0.9600 0.1473
vn 0.5933 -0.3127 0.7418
vn 0.2635 -0.8890 0.3746
vn 0.6124 -0.4810 0.6274
vn 0.2758 -0.6494 0.7087
vn 0.5909 -0.3109 0.7444
vn 0.4706 -0.8630 0.1835
vn 0.7398 -0.6728 -0.0126
vn 0.3792 -0.8126 0.4425
vn 0.2080 -0.8453 0.4921
vn 0.1376 -0.7660 0.6279
vn 0.6029 -0.4219 0.6771
vn 0.7089 -0.4474 0.5452
vn 0.6819 -0.7242 0.1025
vn 0.8927 -0.1892 -0.4089
vn 0.5385 -0.7467 -0.3904
vn 0.7533 0.0179 -0.6575
vn 0.5208 -0.6151 -0.5919
vn 0.3786 -0.6124 -0.6940
vn 0.3526 -0.5158 -0.7808
vn 0.8803 0.3381 -0.3329
vn 0.8802 0.3381 -0.3331
vn 0.5316 0.7641 0.3656
vn 0.6006 0.7113 0.3652
vn 0.9650 0.1657 -0.2035
vn 0.9367 0.3493 0.0234
vn 0.6128 0.6417 0.4612
vn 0.5707 0.6367 0.5186
vn 0.9226 0.3846 0.0289
vn 0.9343 -0.1541 -0.3214
vn 0.9114 0.2338 -0.3386
vn 0.9293 -0.1638 -0.3311
vn 0.9429 -0.0404 -0.3307
vn 0.8768 0.4208 -0.2326
vn 0.9579 -0.0143 -0.2867
vn 0.9636 0.0795 -0.2552
vn 0.9658 0.0749 -0.2481
vn 0.9144 -0.1981 -0.3530
vn 0.9634 0.0963 -0.2503
vn 0.9752 0.1653 0.1469
vn 0.1372 0.8540 0.5018
vn 0.0208 0.9397 0.3414
vn -0.3403 0.5600 0.7554
vn -0.2498 0.3083 0.9179
vn 0.2013 0.8493 0.4880
vn 0.1988 0.8557 0.4777
vn 0.2399 0.5344 0.8104
vn 0.8047 -0.3957 -0.4426
vn 0.9859 0.0975 -0.1358
vn 0.3701 0.9126 -0.1737
vn 0.5003 0.8110 -0.3032
vn 0.5236 0.1392 -0.8405
vn 0.5322 0.1116 -0.8392
vn 0.8910 0.4425 -0.1018
vn 0.5406 0.4494 -0.7112
vn 0.8063 -0.3673 -0.4636
vn 0.1677 0.1375 0.9762
vn 0.1664 0.1313 0.9773
vn 0.0601 0.1528 0.9864
vn 0.0616 0.0219 0.9979
vn 0.3948 -0.0109 0.9187
vn 0.1657 0.1508 0.9746
vn 0.4074 0.5334 0.7413
vn 0.0935 0.0871 0.9918
vn 0.2640 0.4935 0.8287
vn 0.2380 0.5253 0.8170
vn -0.0812 0.3409 0.9366
vn 0.4523 0.3196 0.8326
vn 0.0984 0.3237 0.9410
vn 0.4313 0.7233 0.5392
vn 0.0774 0.0677 0.9947
vn 0.4846 0.7300 0.4820
vn 0.2756 0.0325 0.9607
vn 0.3485 -0.1931 0.9172
vn 0.2872 -0.3166 0.9041
vn 0.5697 -0.0349 0.8211
vn 0.9793 0.1548 -0.1305
vn 0.5560 -0.1805 0.8114
vn 0.6878 0.2950 0.6633
vn 0.6687 0.3160 0.6730
vn 0.6840 -0.0124 -0.7293
vn 0.7652 0.6312 0.1267
vn -0.6493 -0.0237 0.7601
vn 0.4393 -0.4140 0.7973
vn 0.1991 0.0879 0.9760
vn 0.0514 -0.0155 0.9986
vn 0.6321 -0.7408 -0.2272
vn 0.5650 -0.5488 -0.6161
vn 0.5733 -0.3932 -0.7188
vn 0.8485 0.3633 0.3848
vn 0.8896 0.1732 0.4227
vn 0.8964 -0.1844 0.4030
vn 0.9301 0.1765 0.3220
vn 0.6822 -0.6343 0.3637
vn 0.7097 -0.5967 0.3746
vn 0.8720 -0.4887 -0.0293
vn 0.3151 0.6679 -0.6743
vn 0.2895 0.8708 -0.3974
vn -0.1539 0.3622 -0.9193
vn -0.3134 -0.0221 -0.9494
vn 0.8723 0.4805 0.0908
vn 0.6777 0.7114 0.1861
vn 0.1351 -0.0136 -0.9907
vn 0.0365 -0.1397 -0.9895
vn 0.0065 0.0503 -0.9987
vn -0.2731 -0.0915 -0.9576
vn -0.0979 0.2185 -0.9709
vn -0.2847 0.0232 -0.9583
vn 0.0301 0.4563 -0.8893
vn -0.0076 0.3060 -0.9520
vn -0.2657 -0.2639 -0.9272
vn -0.1162 -0.2616 -0.9581
vn 0.0108 -0.4117 -0.9113
vn 0.5275 0.0493 -0.8481
vn 0.8706 0.0390 0.4905
vn 0.9503 -0.0871 0.2988
vn 0.8293 0.0684 -0.5546
vn 0.4786 -0.0477 -0.8767
vn -0.6699 0.7170 -0.1927
vn -0.7052 0.7029 0.0923
vn -0.6228 0.6529 0.4311
vn -0.5302 0.6239 0.5741
vn -0.6346 0.6802 0.3668
vn -0.4428 0.5985 0.6676
vn -0.4388 0.5145 0.7367
vn -0.5134 0.6256 -0.5874
vn -0.7860 0.6172 0.0348
vn -0.1371 0.3349 0.9322
vn 0.1401 -0.0863 0.9864
vn 0.1171 -0.0499 0.9919
vn 0.2316 -0.1368 0.9631
vn 0.8284 0.0663 0.5563
vn 0.5596 -0.2573 0.7878
vn 0.7294 0.0786 0.6796
vn 0.5446 -0.2167 0.8102
vn 0.7419 -0.3721 0.5578
vn 0.8075 -0.3663 0.4624
vn 0.8613 -0.4371 0.2590
vn 0.8557 -0.4817 0.1888
vn 0.8005 -0.2785 0.5307
vn 0.9203 -0.3822 0.0830
vn 0.8408 -0.4919 -0.2259
vn -0.1802 0.0922 0.9793
vn -0.1390 0.2471 0.9590
vn -0.3335 0.4001 0.8536
vn -0.5098 0.6284 0.5876
vn -0.6736 0.6558 0.3409
vn -0.5114 0.5529 0.6578
vn -0.5115 0.6398 -0.5736
vn -0.7058 0.6444 -0.2944
vn -0.4992 0.3491 -0.7931
vn -0.5188 0.3655 -0.7728
vn -0.3997 0.0864 -0.9126
vn 0.0740 0.2773 -0.9579
vn -0.3203 -0.1530 -0.9349
vn -0.3531 0.0411 -0.9347
vn -0.2844 -0.1649 -0.9444
vn 0.1706 0.2714 -0.9472
vn 0.0180 0.1396 -0.9900
vn 0.0009 0.1120 -0.9937
vn 0.2134 -0.3123 -0.9257
vn 0.0263 -0.3868 -0.9218
vn 0.1611 -0.0266 -0.9866
vn 0.0029 -0.2049 -0.9788
vn 0.0250 -0.3836 -0.9232
vn 0.4294 0.1105 -0.8963
vn -0.0346 -0.2946 -0.9550
vn 0.2174 0.0722 -0.9734
vn 0.3441 0.1229 -0.9309
vn 0.2736 -0.1554 -0.9492
vn -0.0886 0.2762 -0.9570
vn -0.1611 0.1662 -0.9729
vn -0.5029 0.3741 -0.7792
vn -0.6292 0.3866 -0.6743
vn -0.5303 0.4522 -0.7172
vn -0.6360 0.5096 -0.5795
vn -0.6666 0.5873 -0.4591
vn -0.7178 0.6173 -0.3220
vn -0.7550 0.6534 0.0548
vn -0.6743 0.6630 0.3252
vn -0.7635 0.4217 0.4892
vn -0.8090 0.3471 0.4744
vn -0.7975 0.4286 0.4247
vn -0.2503 -0.1243 0.9602
vn -0.5100 0.0397 0.8593
vn -0.6014 0.3413 0.7223
vn -0.6688 0.0735 0.7398
vn -0.7057 0.2497 0.6631
vn -0.6909 0.6549 0.3061
vn -0.6609 0.6145 -0.4309
vn -0.8307 0.4989 -0.2468
vn -0.8715 0.4894 0.0304
vn -0.8494 0.4304 -0.3053
vn -0.1507 0.1327 -0.9796
vn 0.3541 0.0077 -0.9352
vn 0.0260 0.1023 -0.9944
vn 0.3927 -0.1819 -0.9015
vn 0.2543 -0.1404 -0.9569
vn 0.5960 -0.2276 -0.7700
vn 0.4929 -0.1679 -0.8538
vn 0.5423 -0.4156 -0.7302
vn 0.6642 -0.3867 -0.6398
vn 0.5193 -0.4243 -0.7418
vn 0.2589 -0.3030 -0.9172
vn 0.0994 -0.1576 -0.9825
vn 0.0441 -0.1393 -0.9893
vn -0.6249 0.3967 -0.6724
vn -0.4472 0.2304 -0.8643
vn -0.7714 0.3570 -0.5268
vn -0.5199 0.2377 -0.8205
vn -0.7490 -0.3401 -0.5687
vn -0.7657 0.3130 -0.5620
vn -0.8853 0.4012 -0.2350
vn -0.8906 0.4194 0.1759
vn -0.3982 0.1007 0.9118
vn 0.0876 -0.2964 0.9511
vn -0.1512 -0.1268 0.9803
vn 0.5089 -0.2265 0.8305
vn -0.1578 -0.0597 0.9857
vn 0.3142 -0.2895 0.9042
vn 0.1122 -0.4665 0.8774
vn -0.2846 -0.0537 0.9571
vn -0.5071 0.2368 0.8287
vn 0.0498 -0.2496 0.9671
vn 0.5102 -0.4464 0.7351
vn 0.5216 -0.4398 0.7311
vn 0.8269 -0.3305 0.4549
vn 0.7841 -0.5055 0.3600
vn 0.8102 -0.3377 0.4791
vn 0.9024 -0.4055 0.1457
vn 0.8390 -0.2506 0.4831
vn 0.7659 -0.3620 0.5314
vn 0.4045 -0.4768 0.7804
vn 0.9339 -0.2655 0.2396
vn 0.7636 -0.2176 0.6080
vn 0.8055 -0.0401 0.5913
vn 0.5889 -0.4296 0.6846
vn 0.6137 -0.4030 0.6790
vn 0.6688 -0.4194 0.6139
vn 0.6172 -0.6749 0.4045
vn 0.9404 -0.2572 0.2226
vn 0.8370 -0.5373 0.1036
vn 0.4440 -0.7342 0.5137
vn 0.8589 -0.5089 0.0576
vn 0.9436 -0.2448 -0.2230
vn 0.7687 -0.6337 0.0866
vn 0.6570 -0.6207 0.4279
vn 0.9623 -0.1552 0.2235
vn 0.6722 -0.5961 0.4391
vn 0.7019 -0.7073 0.0838
vn 0.6876 -0.7171 0.1138
vn 0.7496 -0.6594 0.0575
vn 0.7714 -0.6216 -0.1361
vn 0.7861 -0.5946 -0.1687
vn 0.9474 -0.1487 -0.2835
vn 0.7237 -0.5724 -0.3855
vn 0.8539 -0.4302 -0.2930
vn 0.8464 -0.4369 -0.3046
vn 0.9073 -0.4047 -0.1140
vn 0.7014 -0.6214 -0.3492
vn 0.6449 -0.7124 -0.2768
vn 0.8385 -0.0319 -0.5439
vn 0.5956 0.4069 0.6925
vn -0.9465 0.0770 -0.3133
vn -0.5310 -0.3639 -0.7653
vn -0.8772 0.4608 -0.1352
vn -0.4787 -0.4650 -0.7447
vn -0.4484 -0.8867 -0.1128
vn 0.0442 -0.7132 -0.6996
vn -0.2831 0.2765 -0.9184
vn -0.8093 0.4865 -0.3292
vn -0.1989 0.1381 -0.9702
vn 0.4818 -0.3171 -0.8169
vn 0.1467 -0.8650 -0.4799
vn 0.3782 -0.1433 -0.9146
vn -0.8549 0.4898 0.1709
vn -0.7768 0.4572 0.4331
vn -0.3172 0.1544 -0.9357
vn -0.8884 -0.4044 -0.2174
vn -0.7393 0.2124 -0.6390
vn -0.8202 0.5047 -0.2694
vn -0.8811 -0.2821 0.3795
vn -0.4412 -0.8737 -0.2047
vn -0.6395 -0.6279 -0.4436
vn 0.3480 -0.1911 -0.9178
vn 0.3935 -0.2428 -0.8867
vn -0.1498 -0.9796 -0.1340
vn -0.1460 -0.9370 -0.3173
vn 0.0892 -0.0041 -0.9960
vn -0.9241 0.2434 0.2945
vn -0.9032 0.2948 0.3118
vn -0.9895 0.0509 -0.1354
vn -0.3831 0.9196 0.0872
vn -0.7171 0.2143 -0.6632
vn -0.5125 -0.1346 -0.8481
vn 0.2639 0.2618 -0.9283
vn 0.1490 -0.9199 -0.3627
vn 0.3860 -0.5637 -0.7302
vn 0.8370 0.3498 -0.4209
vn 0.2635 -0.7674 -0.5845
vn 0.3176 -0.7268 -0.6090
vn -0.3188 -0.9364 0.1466
vn -0.3257 -0.3959 -0.8586
vn -0.1217 0.9903 0.0669
vn 0.1345 0.9883 -0.0724
vn -0.7675 0.3809 0.5156
vn -0.8026 0.4773 0.3578
vn -0.9144 -0.2135 0.3440
vn -0.8964 -0.2915 0.3340
vn -0.2348 -0.9679 -0.0899
vn -0.8728 0.1994 0.4455
vn -0.1476 -0.9403 0.3068
vn -0.1148 -0.9756 0.1873
vn 0.0678 -0.7705 0.6339
vn 0.0664 -0.8725 0.4841
vn 0.6854 -0.6681 -0.2896
vn 0.7230 -0.5941 -0.3526
vn 0.7487 -0.5522 -0.3667
vn -0.4167 -0.4165 0.8080
vn 0.3787 -0.6681 0.6405
vn -0.5237 0.1440 0.8397
vn -0.8158 0.4887 0.3093
vn -0.8025 0.4863 0.3457
vn -0.9074 -0.2324 0.3501
vn -0.0868 0.2712 0.9586
vn -0.9065 -0.2443 0.3444
vn -0.2987 -0.3607 0.8835
vn 0.0980 -0.0103 0.9951
vn -0.2529 -0.2483 0.9351
vn 0.1911 -0.4486 0.8731
vn 0.3602 -0.5568 0.7485
vn 0.0796 -0.0172 0.9967
vn 0.6044 -0.4354 0.6672
vn 0.8563 -0.4841 -0.1798
vn 0.5725 -0.3141 0.7574
vn 0.8426 -0.5028 -0.1927
vn 0.7556 -0.2449 0.6075
vn 0.1189 -0.9924 0.0328
vn 0.0953 -0.9953 0.0146
vn 0.2089 -0.9643 -0.1624
vn 0.0706 -0.9963 -0.0496
vn 0.7971 -0.4439 -0.4094
vn 0.8565 -0.4840 -0.1795
vn 0.8393 -0.5088 -0.1918
vn 0.7507 -0.5055 -0.4253
vn -0.6691 0.1992 -0.7159
vn -0.0648 0.0589 -0.9962
vn -0.8139 0.2250 -0.5356
vn -0.9616 0.2685 -0.0574
vn 0.2160 -0.1690 -0.9617
vn -0.0256 -0.4758 -0.8792
vn 0.1327 -0.4412 -0.8876
vn 0.3897 -0.4326 -0.8130
vn 0.3352 -0.4633 -0.8204
vn 0.7238 -0.2689 -0.6355
vn 0.8214 -0.4020 -0.4047
vn 0.8095 -0.1950 -0.5538
vn 0.5052 -0.4630 -0.7283
vn 0.5957 -0.0154 -0.8031
vn 0.2068 -0.5371 -0.8178
vn 0.6010 0.0902 -0.7942
vn 0.5996 -0.0024 -0.8003
vn 0.3125 -0.4680 -0.8266
vn 0.3170 -0.5720 -0.7565
vn 0.4368 -0.0688 -0.8969
vn 0.6020 -0.1809 -0.7777
vn -0.9859 -0.0689 0.1527
vn -0.9171 -0.3425 -0.2039
vn -0.5713 0.0990 0.8147
vn -0.7794 0.6220 -0.0743
vn -0.5868 0.1785 0.7898
vn -0.9638 0.1894 -0.1876
vn -0.9714 0.0908 -0.2195
vn -0.6948 0.0042 0.7192
vn -0.9934 -0.1098 -0.0341
vn -0.9651 0.2092 0.1578
vn -0.5747 -0.1667 0.8012
vn -0.5833 -0.1656 0.7952
vn -0.9429 -0.3217 -0.0861
vn -0.8135 -0.5518 0.1834
vn -0.3588 0.1002 -0.9280
vn -0.3874 -0.2708 -0.8812
vn -0.2123 0.0153 -0.9771
vn -0.8990 -0.1740 -0.4020
vn -0.9698 0.2412 0.0347
vn -0.5788 0.1841 0.7944
vn -0.9242 0.3541 -0.1428
vn -0.9920 -0.0458 0.1179
vn -0.9424 0.1725 0.2866
vn -0.9633 0.0317 0.2667
vn -0.9877 -0.0574 0.1456
vn -0.9532 -0.3007 -0.0316
vn -0.1595 -0.2971 -0.9414
vn -0.9508 0.3076 0.0367
vn -0.5343 0.6569 -0.5321
vn -0.8443 0.4511 0.2892
vn -0.5011 0.3820 0.7765
vn -0.6447 0.3778 0.6645
vn -0.8392 0.4405 0.3189
vn -0.6114 0.1542 -0.7762
vn -0.8247 0.0927 -0.5579
vn -0.3091 0.9138 -0.2634
vn -0.9838 0.1725 -0.0487
vn -0.5801 0.3466 0.7371
vn -0.4468 0.1588 -0.8804
vn -0.7654 0.5906 0.2557
vn -0.6935 0.6283 0.3526
vn -0.6043 0.4954 0.6241
vn -0.6080 0.4760 0.6354
vn -0.8689 0.4418 -0.2231
vn -0.9245 0.0579 0.3769
vn -0.8682 0.3973 -0.2971
vn -0.6264 0.4065 0.6652
vn -0.8523 0.5071 0.1286
vn -0.8828 0.4629 -0.0797
vn -0.8885 -0.3458 0.3017
vn -0.8701 -0.4895 0.0568
vn -0.2222 0.0104 -0.9749
vn -0.0398 -0.0899 -0.9952
vn -0.1893 -0.0006 -0.9819
vn -0.2065 -0.0224 -0.9782
vn -0.8890 0.2415 -0.3891
vn -0.7532 0.0034 -0.6578
vn -0.9869 -0.1119 0.1165
vn -0.5179 -0.3894 0.7617
vn -0.7800 -0.6084 0.1461
vn -0.6904 -0.7205 -0.0653
vn -0.7623 -0.6460 -0.0392
vn -0.7785 -0.6277 0.0020
vn -0.4855 -0.2072 -0.8493
vn -0.4431 -0.0950 -0.8914
vn -0.8173 -0.1295 -0.5615
vn -0.7745 -0.0701 -0.6287
vn -0.6903 0.0422 -0.7223
vn -0.5168 0.0069 -0.8561
vn -0.3088 -0.2673 -0.9128
vn -0.4427 -0.3237 -0.8362
vn -0.3979 -0.3685 -0.8401
vn -0.5845 -0.6820 -0.4395
vn -0.4034 -0.3370 -0.8507
vn -0.4691 -0.3331 -0.8179
vn -0.3793 -0.7914 0.4794
vn -0.6756 -0.5135 0.5290
vn -0.7224 -0.6799 0.1265
vn -0.4272 -0.6951 -0.5782
vn -0.3936 -0.5128 -0.7629
vn -0.4621 0.0359 -0.8861
vn -0.2601 -0.0163 -0.9654
vn -0.7962 0.3115 -0.5188
vn -0.7660 0.3413 -0.5447
vn -0.7849 0.3425 -0.5164
vn 0.5064 -0.0148 -0.8622
vn 0.9632 0.2186 -0.1564
vn 0.8602 -0.4311 0.2724
vn 0.8294 -0.5523 -0.0838
vn 0.9789 0.0524 0.1974
vn -0.3994 0.1059 -0.9106
vn -0.6587 0.1767 -0.7313
vn -0.6695 0.1743 -0.7220
vn -0.7984 0.2275 -0.5574
vn -0.8106 0.2457 -0.5316
vn -0.8974 0.2611 -0.3556
vn -0.9238 0.3056 -0.2307
vn -0.9536 0.2812 0.1076
vn -0.7341 0.1716 0.6570
vn -0.7472 0.2256 0.6251
vn -0.1403 0.0149 0.9900
vn -0.8807 0.2892 0.3751
vn -0.9266 0.3040 -0.2212
vn -0.7830 0.2656 -0.5625
vn -0.8232 0.2898 -0.4883
vn -0.6817 0.2368 -0.6922
vn -0.6544 0.1826 -0.7338
vn -0.0106 -0.0270 -0.9996
vn -0.6950 0.2364 -0.6790
vn -0.5884 0.2186 -0.7784
vn -0.0939 0.0347 -0.9950
vn -0.0889 0.0336 -0.9955
vn -0.8430 0.3081 -0.4409
vn -0.9303 0.2950 -0.2181
vn 0.7676 -0.4620 -0.4443
vn 0.3261 -0.9422 -0.0764
vn 0.7427 0.3562 -0.5670
vn -0.9163 -0.2979 0.2676
vn 0.2048 -0.9586 -0.1977
vn -0.8093 -0.5187 0.2756
vn -0.8661 0.4184 0.2736
vn -0.8733 0.4105 0.2623
vn -0.8712 0.4585 0.1756
vn -0.8182 0.5600 0.1302
vn -0.9173 0.3818 0.1126
vn -0.8300 0.5479 0.1048
vn 0.9274 0.0784 -0.3657
vn -0.6606 0.7364 0.1461
vn -0.8623 0.2800 0.4220
vn -0.9745 0.0073 0.2244
vn -0.9520 -0.0614 0.3000
vn -0.9155 0.0326 0.4009
vn -0.9283 -0.1246 0.3504
vn -0.9075 -0.3337 0.2550
vn -0.7291 -0.6279 0.2723
vn -0.8396 -0.4472 0.3082
vn -0.9071 -0.2459 0.3416
vn -0.7261 -0.6305 0.2743
vn -0.7229 -0.6213 0.3023
vn -0.7294 -0.6104 0.3089
vn -0.8323 -0.4540 0.3179
vn -0.9044 -0.2477 0.3476
vn -0.9362 -0.1506 0.3177
vn -0.8867 -0.3404 0.3130
vn -0.8446 -0.3903 0.3666
vn -0.9481 0.3180 -0.0084
vn -0.8616 0.5045 -0.0564
vn -0.8790 0.4748 0.0444
vn -0.8988 0.4365 0.0395
vn -0.8700 0.4420 0.2187
vn -0.9071 0.3728 0.1954
vn -0.8791 0.4020 0.2560
vn -0.8879 0.4351 0.1492
vn 0.9195 0.0307 -0.3918
vn 0.8665 0.1763 -0.4671
vn 0.9031 0.2698 -0.3340
vn 0.8438 -0.0814 -0.5304
vn 0.2114 -0.8982 0.3856
vn 0.8703 0.2408 -0.4296
vn -0.3554 -0.9185 0.1732
vn 0.6903 -0.7127 -0.1248
vn 0.9040 0.1662 -0.3939
vn 0.0525 0.9418 0.3319
vn 0.9873 -0.1058 -0.1183
vn 0.9569 0.1788 -0.2289
vn -0.2594 -0.9547 0.1461
vn -0.3167 -0.9143 0.2523
vn -0.7781 0.5497 0.3041
vn 0.8500 -0.0520 0.5242
vn 0.8807 0.2758 0.3851
vn 0.9242 0.3819 -0.0013
vn -0.8941 0.3847 0.2293
vn -0.8238 0.4613 0.3296
vn 0.9877 -0.1421 -0.0656
vn -0.1392 -0.9510 0.2760
vn -0.2215 -0.9554 0.1953
vn -0.8058 0.5421 0.2382
vn -0.9434 0.2856 0.1684
vn -0.8488 0.4836 0.2137
vn -0.4015 -0.5209 0.7533
vn -0.7170 -0.5391 0.4419
vn -0.7606 -0.4795 0.4376
vn -0.8467 0.4862 0.2162
vn -0.0237 -0.9780 0.2072
vn -0.1960 -0.9641 0.1790
vn -0.7633 -0.2580 0.5923
vn -0.9763 0.0681 0.2057
vn -0.3729 -0.0296 0.9274
vn 0.3879 0.1095 0.9152
vn -0.6230 0.3651 0.6918
vn -0.7606 0.4432 0.4744
vn 0.4748 -0.3785 0.7946
vn 0.2711 -0.7769 0.5683
vn 0.6083 -0.5648 0.5576
vn 0.1842 -0.8467 0.4992
vn 0.8638 -0.4494 0.2279
vn -0.4587 -0.5590 0.6908
vn -0.2942 0.1770 0.9392
vn 0.1373 0.1195 0.9833
vn -0.2719 0.1896 0.9435
vn -0.1265 0.8509 0.5099
vn 0.4362 -0.3617 0.8240
vn -0.9187 0.3949 -0.0006
vn -0.8901 0.3619 0.2770
vn -0.8440 0.4211 0.3321
vn -0.7905 -0.6113 0.0380
vn -0.7900 -0.6121 0.0361
vn -0.5754 -0.8070 -0.1332
vn -0.6462 -0.7507 0.1377
vn -0.4423 -0.5190 0.7315
vn -0.3707 -0.8051 -0.4631
vn -0.3188 -0.4129 -0.8532
vn -0.2832 -0.4148 -0.8647
vn -0.1415 -0.2721 -0.9518
vn -0.2403 -0.1602 -0.9574
vn -0.3992 -0.7069 -0.5839
vn -0.2870 -0.1157 -0.9509
vn -0.3226 -0.6245 -0.7113
vn -0.3946 -0.9153 -0.0814
vn -0.2488 -0.7507 0.6121
vn -0.4567 -0.8702 -0.1851
vn 0.0477 -0.7009 -0.7116
vn -0.2723 -0.0925 -0.9578
vn 0.0028 -0.3573 -0.9340
vn 0.1119 -0.5032 -0.8569
vn -0.3365 -0.0417 -0.9408
vn 0.3584 -0.5178 -0.7768
vn -0.1989 -0.0489 -0.9788
vn -0.2636 -0.0290 -0.9642
vn -0.5701 0.5459 -0.6140
vn -0.4188 -0.3720 -0.8284
vn -0.1858 -0.0450 -0.9816
vn -0.8450 0.5264 -0.0944
vn -0.8743 0.4448 -0.1941
vn -0.9183 0.3956 0.0160
vn -0.9337 0.3508 0.0712
vn -0.8639 0.4387 0.2474
vn -0.8449 0.4546 0.2821
vn -0.8544 0.4934 0.1629
vn -0.1725 -0.9850 -0.0043
vn 0.0728 -0.9771 -0.1997
vn -0.6404 -0.7189 -0.2703
vn -0.9318 -0.2130 -0.2938
vn 0.5075 -0.8429 -0.1787
vn -0.1033 -0.9924 -0.0674
vn -0.2408 -0.8826 -0.4038
vn -0.3509 -0.9364 0.0018
vn -0.1625 -0.9867 -0.0019
vn -0.2506 -0.9625 0.1043
vn -0.8882 -0.4539 0.0710
vn -0.8808 -0.4547 0.1319
vn -0.9329 0.2879 0.2162
vn -0.9437 0.3229 0.0720
vn -0.9998 0.0147 0.0140
vn -0.9392 0.3360 0.0702
vn -0.6280 0.7685 0.1229
vn -0.9609 0.2673 0.0722
vn -0.5798 0.8021 0.1429
vn -0.6266 -0.7213 -0.2950
vn -0.8668 -0.3799 -0.3231
vn -0.0979 -0.7840 -0.6129
vn -0.5494 -0.8270 -0.1194
vn -0.6524 0.7255 0.2192
vn -0.9195 0.2840 0.2719
vn -0.9505 -0.0602 0.3048
vn -0.9754 -0.0024 0.2205
vn -0.6559 -0.7144 0.2437
vn -0.4412 -0.8930 0.0893
vn -0.2082 -0.9712 0.1155
vn -0.7747 -0.6019 0.1938
vn -0.6877 -0.6974 0.2019
vn -0.8865 -0.3439 0.3096
vn -0.9516 0.2408 0.1910
vn -0.6145 0.7641 0.1962
vn -0.9493 0.0945 0.2997
vn -0.6261 0.7630 0.1606
vn -0.6712 0.7141 0.1987
vn -0.9211 0.2937 0.2555
vn -0.8805 0.3920 0.2665
vn -0.8038 0.2566 -0.5368
vn -0.4765 -0.0625 -0.8769
vn -0.4163 -0.0840 -0.9053
vn -0.8475 0.4713 -0.2443
vn -0.5554 0.4895 0.6722
vn -0.9167 0.2852 -0.2799
vn -0.8865 0.2875 -0.3626
vn -0.5747 0.5130 -0.6376
vn -0.3041 -0.1221 -0.9448
vn -0.2095 -0.4259 -0.8802
vn 0.2218 0.5560 -0.8010
vn -0.5734 -0.1467 -0.8060
vn -0.3908 -0.3911 0.8333
vn -0.3299 0.9268 -0.1793
vn -0.5882 0.4573 0.6670
vn -0.6296 0.5107 0.5855
vn -0.8902 0.2906 0.3508
vn -0.8916 0.2154 0.3984
vn -0.2759 0.9501 0.1453
vn 0.5516 0.6111 0.5677
vn -0.4209 -0.5531 -0.7190
vn -0.7996 -0.2540 -0.5442
vn -0.8317 -0.2385 -0.5014
vn -0.6782 0.6934 0.2433
vn -0.9271 0.3689 -0.0662
vn 0.4206 -0.7762 -0.4698
vn 0.3313 -0.7794 -0.5317
vn 0.5148 -0.8376 -0.1828
vn 0.1282 -0.4846 -0.8653
vn 0.7551 -0.6011 -0.2618
vn 0.0035 -0.4338 -0.9010
vn -0.2664 -0.3693 -0.8903
vn -0.6414 -0.0726 -0.7638
vn -0.8978 0.4353 -0.0675
vn -0.6096 0.6708 0.4224
vn -0.9492 0.1418 -0.2808
vn -0.7692 -0.0306 -0.6383
vn -0.8983 0.4352 -0.0602
vn -0.7901 0.5882 0.1723
vn -0.7803 0.5946 0.1938
vn -0.4590 -0.0561 -0.8866
vn -0.8653 0.4887 0.1114
vn -0.8302 0.3010 -0.4693
vn 0.3313 0.1593 0.9300
vn -0.7946 0.5750 0.1948
vn -0.7593 0.4352 -0.4839
vn -0.8675 0.4458 -0.2208
vn -0.7226 0.6697 0.1713
vn -0.6461 0.6193 0.4460
vn -0.7568 0.4068 0.5116
vn -0.8001 0.4914 0.3440
vn -0.0764 0.9963 -0.0380
vn -0.8120 0.4752 0.3388
vn -0.9030 0.4011 -0.1537
vn -0.6563 -0.6730 0.3412
vn -0.0673 -0.9835 0.1679
vn -0.0492 -0.9843 0.1695
vn -0.9356 0.0874 0.3422
vn -0.9440 0.1868 0.2720
vn -0.8813 -0.2550 0.3979
vn -0.4368 -0.8327 0.3405
vn 0.0398 -0.9770 0.2093
vn -0.8313 0.4960 0.2508
vn -0.7930 0.4940 0.3565
vn -0.9526 0.1928 0.2351
vn -0.8799 0.2600 0.3978
vn -0.8498 -0.2546 0.4616
vn -0.8822 -0.2467 0.4011
vn -0.9712 0.0587 0.2309
vn -0.9393 -0.0346 0.3413
vn -0.9274 -0.1189 0.3546
vn -0.7693 0.1902 0.6099
vn -0.7694 0.1895 0.6100
vn -0.8419 0.1371 0.5219
vn -0.7992 0.4304 0.4196
vn -0.6786 0.4150 0.6060
vn -0.8710 0.3209 0.3719
vn -0.8286 0.4685 0.3066
vn -0.7985 0.4832 0.3591
vn -0.8452 0.3088 0.4362
vn 0.5500 -0.8322 0.0699
vn 0.5544 -0.8294 0.0693
vn 0.0985 -0.8507 0.5163
vn -0.1711 -0.9613 0.2161
vn -0.9962 0.0789 -0.0369
vn -0.4022 -0.8142 0.4187
vn -0.0266 -0.9940 -0.1064
vn -0.9209 0.1634 -0.3540
vn -0.8307 0.0441 0.5549
vn -0.9213 0.1077 -0.3737
vn -0.8967 0.0665 -0.4376
vn -0.7717 0.1540 0.6171
vn -0.7355 -0.5510 0.3942
vn -0.6675 -0.6431 0.3754
vn -0.6597 -0.6566 0.3656
vn -0.5490 -0.7610 0.3457
vn -0.3376 -0.8777 0.3400
vn -0.3735 -0.8647 0.3359
vn -0.7510 -0.3989 0.5262
vn -0.7003 -0.1385 0.7002
vn -0.7497 -0.3992 0.5278
vn -0.3753 -0.8726 0.3125
vn -0.1191 -0.9620 0.2457
vn -0.5616 -0.7779 0.2820
vn -0.4102 -0.8846 0.2218
vn -0.4541 -0.8621 0.2250
vn -0.2872 -0.9405 0.1816
vn -0.1421 -0.9722 0.1859
vn -0.2422 -0.9680 0.0656
vn -0.4862 -0.8640 0.1306
vn -0.5025 -0.8433 0.1904
vn 0.8446 -0.4671 0.2617
vn -0.6837 -0.7105 0.1666
vn -0.3418 -0.9381 0.0560
vn -0.2655 -0.8913 0.3675
vn 0.0472 -0.9986 0.0258
vn 0.2286 -0.9734 -0.0182
vn 0.0182 -0.9959 0.0882
vn 0.2482 -0.9684 -0.0262
vn 0.4950 -0.8446 -0.2041
vn 0.4324 -0.8758 -0.2145
vn 0.0417 -0.9988 0.0249
vn -0.2785 -0.9586 0.0594
vn -0.2882 -0.9541 -0.0811
vn -0.1615 -0.8581 0.4875
vn -0.1674 -0.9799 -0.1089
vn -0.2816 -0.6718 -0.6851
vn -0.2200 -0.3551 -0.9086
vn -0.4182 0.0785 -0.9049
vn -0.1725 -0.8812 -0.4402
vn -0.3071 -0.9448 -0.1145
vn -0.0031 -0.9866 -0.1634
vn -0.1086 -0.9592 -0.2611
vn 0.0580 -0.9273 0.3697
vn 0.0585 -0.9344 0.3515
vn 0.2686 -0.9470 0.1762
vn 0.2111 -0.9463 -0.2448
vn 0.0563 -0.5186 -0.8531
vn -0.4289 0.0348 -0.9027
vn -0.4691 0.0428 -0.8821
vn 0.1201 -0.1766 -0.9769
vn -0.2138 -0.0322 -0.9764
vn -0.0553 -0.1004 -0.9934
vn -0.0352 -0.1187 -0.9923
vn -0.1466 0.0657 -0.9870
vn -0.0224 -0.1557 -0.9875
vn -0.0152 -0.1513 -0.9884
vn 0.2428 0.0830 -0.9665
vn 0.0636 -0.2398 -0.9687
vn -0.0084 -0.1101 -0.9939
vn -0.4837 0.1306 -0.8655
vn -0.6070 0.3215 -0.7267
vn -0.5974 0.1033 -0.7952
vn -0.6322 0.0112 -0.7747
vn -0.6183 0.0214 -0.7857
vn -0.8785 0.3206 -0.3542
vn -0.7966 0.3443 -0.4969
vn 0.6677 0.3567 0.6534
vn 0.6059 0.0440 0.7943
vn 0.5550 -0.1126 0.8242
vn 0.3243 -0.1011 0.9405
vn 0.4159 0.1676 0.8938
vn 0.3045 0.0287 0.9521
vn 0.5833 0.5659 0.5826
vn 0.7165 0.3877 0.5799
vn 0.6973 0.3923 0.5998
vn 0.6043 0.5669 0.5599
vn -0.7787 0.5809 0.2372
vn -0.8080 0.5501 0.2112
vn -0.7872 0.5668 0.2432
vn -0.5684 0.1880 -0.8010
vn -0.8187 0.0371 -0.5730
vn -0.8377 0.4120 0.3584
vn -0.8145 0.0400 -0.5788
vn -0.8582 0.3201 -0.4012
vn -0.8067 0.4798 0.3450
vn -0.6327 0.3198 0.7052
vn -0.6896 0.4905 0.5328
vn -0.0785 0.2306 0.9699
vn -0.7568 0.6028 0.2528
vn -0.0962 0.2985 0.9495
vn -0.1895 0.2924 0.9373
vn -0.7845 0.5803 0.2189
vn -0.7883 0.5716 0.2278
vn -0.8778 0.3811 0.2901
vn -0.9239 0.2896 0.2500
vn -0.6448 0.7620 0.0591
vn -0.8288 -0.3247 0.4557
vn -0.7537 0.4635 0.4660
vn -0.7220 0.5489 0.4213
vn -0.7306 0.4875 0.4781
vn -0.7655 0.2365 0.5984
vn -0.7365 0.3869 0.5549
vn 0.7270 -0.1481 0.6705
vn -0.8921 0.3962 -0.2171
vn -0.6565 0.4367 0.6150
vn -0.6538 0.3996 0.6425
vn -0.8551 0.2078 -0.4751
vn -0.8610 0.3604 -0.3588
vn -0.8920 0.3962 -0.2174
vn -0.9125 0.2882 -0.2904
vn -0.8601 0.3470 0.3740
vn -0.8101 0.2311 0.5388
vn -0.5793 -0.6383 0.5070
vn -0.4801 -0.7183 0.5035
vn -0.2557 -0.7317 0.6319
vn -0.1257 -0.8483 0.5145
vn -0.0076 -0.9149 0.4036
vn -0.0751 -0.9669 0.2440
vn 0.3493 -0.9355 0.0535
vn 0.1323 -0.9803 0.1464
vn 0.2463 -0.9621 0.1172
vn 0.6645 -0.7455 -0.0523
vn 0.6064 -0.7951 0.0094
vn 0.3279 -0.9226 0.2033
vn 0.6290 -0.7753 0.0573
vn 0.3606 -0.9323 0.0284
vn 0.4737 -0.8782 -0.0663
vn 0.3927 -0.9176 -0.0617
vn 0.6694 -0.7408 0.0561
vn 0.6355 -0.7720 -0.0071
vn 0.5512 -0.8329 -0.0486
vn 0.4440 -0.7963 0.4109
vn 0.4189 -0.8593 -0.2936
vn 0.2089 -0.8865 -0.4128
vn 0.2481 -0.9177 -0.3104
vn 0.5755 -0.7463 -0.3344
vn 0.4732 -0.6091 -0.6364
vn 0.2596 -0.5122 -0.8187
vn 0.2447 -0.1991 -0.9489
vn 0.1025 -0.2741 -0.9562
vn 0.1689 -0.1821 -0.9687
vn -0.3897 -0.0844 -0.9171
vn -0.4068 0.0656 -0.9112
vn -0.6339 0.2285 -0.7389
vn -0.6650 0.2824 -0.6914
vn -0.4566 0.1256 -0.8808
vn -0.8602 0.3449 -0.3757
vn -0.4169 0.0908 -0.9044
vn -0.3486 0.0042 -0.9373
vn -0.8516 0.3478 -0.3922
vn -0.8143 0.1797 -0.5519
vn -0.3541 -0.0488 -0.9339
vn -0.6930 0.1944 -0.6943
vn -0.7943 0.0770 -0.6026
vn -0.8523 0.4358 0.2892
vn -0.7418 0.3731 -0.5573
vn -0.4132 0.0939 -0.9058
vn -0.7454 0.2425 -0.6210
vn -0.8578 0.3606 -0.3663
vn -0.3728 -0.0028 -0.9279
vn -0.6688 0.2183 -0.7107
vn -0.6556 0.6526 -0.3800
vn -0.9565 0.0655 -0.2842
vn -0.8151 0.3668 0.4483
vn -0.7566 0.5021 0.4189
vn -0.8602 0.3972 0.3197
vn -0.8544 0.2794 -0.4380
vn -0.6712 -0.2452 -0.6996
vn 0.8548 -0.4085 0.3199
vn 0.9282 -0.3314 0.1695
vn -0.6407 -0.2544 -0.7244
vn -0.8904 0.2627 -0.3718
vn -0.8310 0.5433 0.1196
vn -0.2994 0.0119 -0.9540
vn -0.9965 -0.0834 -0.0005
vn -0.6710 0.5773 -0.4653
vn -0.3032 -0.0725 -0.9502
vn -0.9194 0.2995 -0.2548
vn -0.7224 0.2793 -0.6325
vn -0.9096 0.3336 -0.2476
vn -0.8728 0.3871 -0.2972
vn -0.3301 0.1605 -0.9302
vn -0.6710 0.3785 0.6375
vn -0.9594 0.2759 0.0594
vn -0.8886 0.3901 -0.2412
vn -0.4243 -0.1326 -0.8958
vn 0.8602 -0.4823 -0.1658
vn 0.9081 -0.3896 0.1532
vn 0.9215 -0.3320 -0.2015
vn 0.2441 -0.6745 -0.6968
vn 0.2760 -0.6671 -0.6920
vn 0.4154 -0.5585 -0.7180
vn 0.4381 -0.6228 -0.6482
vn 0.5574 -0.6590 -0.5050
vn -0.9171 0.3957 -0.0479
vn -0.7277 0.5697 0.3819
vn -0.9077 0.2562 -0.3322
vn -0.8982 0.2521 -0.3601
vn -0.8450 0.4630 -0.2677
vn -0.8623 0.4654 0.1998
vn -0.8562 0.4936 0.1529
vn -0.8901 0.4397 0.1198
vn -0.8495 0.5228 0.0714
vn -0.8940 0.4374 0.0975
vn -0.6919 0.2679 -0.6704
vn -0.3022 0.1816 -0.9358
vn -0.8869 0.3193 0.3339
vn -0.8243 0.5461 0.1492
vn -0.6790 0.6522 -0.3370
vn -0.3058 0.6950 -0.6508
vn 0.1449 0.8153 -0.5606
vn 0.6244 0.1630 -0.7639
vn -0.8153 0.4824 0.3203
vn -0.6854 0.5625 -0.4624
vn -0.7372 0.5032 -0.4508
vn -0.9180 0.3622 0.1615
vn -0.9054 0.3887 0.1708
vn -0.3719 0.5544 0.7446
vn -0.1949 0.2451 0.9497
vn -0.6629 0.1535 0.7328
vn -0.1238 0.3502 0.9285
vn -0.0460 0.3423 0.9385
vn -0.8072 0.4812 0.3419
vn -0.8884 0.3683 0.2741
vn -0.0445 0.8958 0.4423
vn -0.0300 0.5303 0.8473
vn 0.0029 0.4986 0.8668
vn -0.7985 0.4952 0.3422
vn -0.7761 0.5760 0.2566
vn -0.7697 0.6021 0.2123
vn -0.6334 0.7712 0.0636
vn -0.8245 0.4774 0.3037
vn -0.6771 0.7217 0.1436
vn -0.9154 0.1958 0.3518
vn -0.8464 -0.1030 0.5225
vn -0.8330 0.4103 0.3711
vn -0.4067 -0.8138 0.4152
vn -0.2013 -0.8947 0.3987
vn 0.5192 -0.8547 -0.0063
vn 0.5555 -0.7663 0.3228
vn 0.5155 -0.8554 0.0502
vn 0.6575 -0.7518 0.0496
vn -0.7643 0.3169 0.5617
vn -0.9120 0.4102 0.0080
vn -0.8850 0.4104 -0.2200
vn -0.7720 0.4649 0.4335
vn -0.9526 0.2082 -0.2217
vn -0.9125 0.4091 0.0088
vn -0.6624 0.4012 0.6327
vn 0.1129 -0.4834 0.8681
vn 0.4027 -0.7488 0.5265
vn 0.4976 -0.4320 0.7521
vn 0.8061 0.4440 -0.3911
vn 0.5594 -0.6823 -0.4707
vn 0.5485 -0.5983 -0.5841
vn 0.9050 -0.0734 -0.4191
vn 0.8096 -0.3395 -0.4787
vn -0.6470 0.0496 -0.7609
vn -0.8042 0.3134 -0.5049
vn -0.8052 0.2728 -0.5265
vn -0.7232 0.5386 0.4323
vn -0.8350 0.3925 -0.3856
vn -0.8329 0.4281 -0.3507
vn -0.6706 0.4953 0.5522
vn -0.9411 0.3052 -0.1456
vn -0.8225 0.5433 0.1682
vn -0.7935 0.6084 0.0148
vn -0.8455 0.4638 -0.2646
vn -0.8759 0.3611 -0.3200
vn -0.8831 0.3570 -0.3046
vn -0.7059 0.4868 0.5145
vn -0.8868 0.4548 -0.0819
vn -0.8371 0.5337 0.1198
vn -0.8421 0.5107 0.1733
vn -0.7360 0.6640 0.1322
vn -0.8693 0.4635 -0.1717
vn -0.8800 0.3687 -0.2994
vn -0.7223 0.5815 0.3743
vn -0.6940 0.5193 0.4987
vn -0.6827 0.5017 0.5313
vn -0.8718 0.4208 -0.2509
vn -0.6478 0.5329 0.5443
vn -0.8250 0.5288 0.1994
vn -0.8970 0.4014 0.1850
vn -0.6781 0.4913 0.5467
vn -0.8647 0.5021 -0.0165
vn -0.8081 0.3404 -0.4807
vn -0.7956 0.2775 -0.5385
vn -0.1494 -0.1895 -0.9704
vn -0.4671 0.0958 -0.8790
vn -0.7425 0.3202 -0.5884
vn -0.4315 0.0229 -0.9018
vn -0.1258 -0.1864 -0.9744
vn 0.7011 -0.4257 -0.5721
vn 0.8169 -0.5293 -0.2293
vn 0.5271 -0.4945 -0.6911
vn 0.5259 -0.4897 -0.6954
vn 0.8045 -0.4916 -0.3333
vn 0.8689 -0.4631 -0.1747
vn 0.7341 -0.6790 -0.0095
vn 0.8606 -0.3931 0.3238
vn 0.6230 -0.5362 -0.5695
vn 0.8598 -0.3265 0.3927
vn -0.7780 0.1989 -0.5960
vn -0.5403 0.1237 -0.8323
vn 0.7721 -0.4570 -0.4417
vn 0.7292 -0.5362 -0.4252
vn 0.8192 -0.3854 0.4248
vn 0.8560 0.3922 -0.3368
vn -0.9972 -0.0743 -0.0131
vn 0.8125 -0.3823 0.4401
vn 0.0513 0.9908 -0.1249
vn -0.4525 0.0509 0.8903
vn -0.6333 -0.0305 -0.7733
vn 0.2955 -0.7162 0.6322
vn 0.4811 -0.5736 -0.6630
vn -0.9020 0.4143 0.1216
vn -0.9442 0.2569 0.2061
vn -0.8205 0.5455 0.1712
vn 0.6851 -0.3294 -0.6497
vn 0.7878 -0.4652 0.4036
vn 0.3616 -0.4799 -0.7994
vn 0.4735 -0.3388 -0.8130
vn -0.9684 -0.2281 -0.1009
vn 0.7432 -0.1428 0.6537
vn 0.6502 -0.7577 -0.0561
vn -0.5754 0.2386 0.7823
vn -0.8460 0.4950 0.1981
vn -0.5931 -0.1474 -0.7915
vn 0.8334 -0.5276 -0.1645
vn -0.5454 -0.2557 -0.7982
vn -0.5997 0.7040 0.3806
vn -0.9797 0.1917 0.0593
vn 0.7709 -0.4712 0.4285
vn -0.8597 0.5022 -0.0930
vn -0.5981 0.6156 0.5131
vn -0.7042 0.4413 0.5561
vn -0.9491 0.2663 -0.1682
vn -0.8779 0.2899 -0.3812
vn -0.8295 0.4542 0.3249
vn -0.9380 0.2840 -0.1986
vn 0.7695 -0.3768 -0.5157
vn 0.7397 -0.5344 -0.4090
vn 0.6917 -0.4931 -0.5276
vn 0.5364 -0.4456 -0.7168
vn 0.3455 -0.3263 -0.8799
vn -0.3114 0.0646 -0.9481
vn -0.1747 0.0226 -0.9844
vn -0.5516 -0.4668 -0.6912
vn -0.7472 -0.3384 -0.5720
vn -0.4768 0.2187 -0.8514
vn -0.2901 -0.0176 -0.9568
vn -0.5133 -0.8490 0.1256
vn -0.5909 0.0702 -0.8037
vn -0.2140 -0.0750 -0.9739
vn -0.8811 0.2865 -0.3762
vn 0.3269 -0.5345 -0.7794
vn -0.4370 0.1231 -0.8910
vn -0.5567 0.1600 -0.8151
vn -0.1143 0.0429 -0.9925
vn -0.0163 -0.0275 -0.9995
vn -0.6101 0.2000 -0.7667
vn -0.0679 0.0211 -0.9975
vn -0.0941 0.0138 -0.9955
vn -0.5964 0.1475 -0.7890
vn -0.6128 0.1591 -0.7741
vn -0.9501 0.2442 -0.1943
vn -0.9566 0.2686 0.1129
vn -0.5901 0.1266 0.7974
vn -0.0915 -0.0269 0.9954
vn -0.3325 0.0008 0.9431
vn 0.4374 -0.1593 0.8850
vn -0.1399 0.0149 0.9900
vn -0.5970 0.1229 0.7928
vn 0.4601 -0.1265 0.8788
vn 0.5000 -0.1159 0.8582
vn 0.4805 -0.1266 0.8678
vn -0.5141 0.2267 0.8272
vn -0.8685 0.2474 0.4296
vn -0.8859 0.2969 0.3566
vn -0.9210 0.2401 0.3068
vn -0.4300 0.1780 0.8851
vn -0.8520 0.3088 0.4227
vn -0.5118 0.1118 0.8518
vn -0.3902 0.1332 0.9110
vn 0.8830 -0.2448 0.4004
vn 0.8742 -0.2471 0.4181
vn 0.4267 -0.1429 0.8930
vn 0.4277 -0.1614 0.8894
vn 0.8702 -0.2064 0.4474
vn 0.5270 -0.1166 0.8418
vn 0.3955 -0.1238 0.9101
vn 0.5505 -0.1754 0.8162
vn 0.4721 -0.1494 0.8688
vn 0.0610 0.0158 0.9980
vn 0.4403 -0.1300 0.8884
vn 0.4798 -0.1736 0.8600
vn -0.5247 0.1219 0.8425
vn 0.0006 0.0490 0.9988
vn -0.8008 0.2963 0.5205
vn -0.8587 0.1910 0.4755
vn -0.8257 0.2613 -0.5000
vn -0.9529 0.2781 0.1213
vn -0.8953 0.2687 0.3554
vn -0.1383 -0.0077 0.9904
vn -0.4636 0.1945 0.8644
vn 0.8507 -0.2867 0.4405
vn 0.8526 -0.2156 0.4760
vn 0.8652 -0.2265 0.4472
vn 0.2639 -0.1532 0.9523
vn 0.7076 -0.1099 -0.6980
vn 0.4048 -0.5059 -0.7617
vn 0.6194 -0.4537 -0.6407
vn 0.6599 -0.4144 -0.6267
vn -0.2843 -0.9561 -0.0712
vn 0.7587 -0.6131 -0.2201
vn -0.8912 -0.2878 0.3505
vn 0.6341 -0.3866 -0.6696
vn 0.6369 -0.5915 -0.4944
vn 0.8216 -0.2131 -0.5288
vn 0.8006 -0.0796 -0.5939
vn 0.5427 -0.6557 -0.5248
vn -0.3055 0.1308 -0.9432
vn -0.5697 0.2048 -0.7959
vn -0.4525 0.1592 -0.8774
vn -0.5825 0.2159 -0.7836
vn -0.1500 0.1111 -0.9824
vn -0.1976 0.1487 -0.9689
vn -0.8447 0.4212 0.3303
vn -0.7861 0.4705 0.4009
vn -0.6591 0.3534 0.6639
vn -0.5079 0.2430 0.8264
vn -0.5812 0.3244 0.7463
vn 0.3687 -0.4671 0.8037
vn 0.5220 -0.5489 0.6529
vn -0.2702 0.0234 0.9625
vn -0.4067 0.2191 0.8869
vn -0.1818 0.5764 -0.7967
vn 0.0658 0.9825 -0.1741
vn -0.4628 0.8755 0.1388
vn 0.1972 0.9102 0.3643
vn -0.8448 0.4291 0.3198
vn -0.7936 0.5210 0.3142
vn 0.1030 0.7762 0.6220
vn 0.1836 0.7251 0.6637
vn 0.4751 0.8671 0.1498
vn -0.7995 0.4927 0.3436
vn -0.7896 0.5671 0.2342
vn -0.8181 0.5033 0.2781
vn -0.8152 0.5170 0.2609
vn -0.8400 0.5096 0.1863
vn -0.6584 0.7411 0.1313
vn -0.6619 0.7390 0.1259
vn -0.3596 0.9331 0.0098
vn -0.1039 0.9874 -0.1190
vn -0.7360 0.6640 0.1319
vn -0.5514 0.8310 0.0742
vn -0.3616 0.9319 0.0292
vn -0.3348 0.9422 0.0164
vn -0.6146 0.7859 0.0681
vn -0.0901 0.9954 -0.0335
vn -0.6469 0.7321 -0.2134
vn -0.8686 0.4637 -0.1746
vn -0.7851 0.6166 0.0581
vn -0.7835 0.6190 0.0539
vn -0.8644 0.4879 -0.1217
vn -0.7422 0.3193 -0.5893
vn 0.2567 -0.3342 -0.9069
vn -0.7654 0.6412 0.0552
vn -0.6026 0.7124 -0.3597
vn -0.3590 0.7769 0.5172
vn -0.7297 0.3414 -0.5925
vn -0.2322 -0.0577 -0.9709
vn 0.3486 -0.5196 -0.7801
vn 0.2186 -0.3430 -0.9136
vn 0.7175 -0.5465 -0.4320
vn 0.7322 -0.5360 -0.4203
vn 0.7422 -0.5870 -0.3234
vn 0.7176 -0.4508 -0.5309
vn 0.6410 0.2525 -0.7248
vn 0.5954 -0.5749 -0.5613
vn -0.4104 0.0325 -0.9113
vn -0.5410 0.0543 -0.8392
vn -0.6715 -0.1170 -0.7317
vn -0.5427 0.1074 -0.8331
vn -0.7688 0.1956 -0.6088
vn -0.8946 -0.1279 -0.4281
vn -0.7254 0.5639 -0.3947
vn -0.0609 -0.4278 -0.9018
vn -0.1816 -0.2615 -0.9480
vn 0.5369 -0.6833 -0.4948
vn -0.2028 -0.2536 -0.9458
vn -0.6169 0.3108 -0.7231
vn -0.6530 0.7029 -0.2820
vn -0.4150 0.9024 -0.1156
vn -0.6097 0.4130 -0.6765
vn -0.4435 0.4622 -0.7679
vn -0.2896 0.9072 0.3050
vn -0.4194 0.8610 -0.2876
vn -0.2704 0.9616 -0.0477
vn 0.0700 0.9908 -0.1159
vn 0.0694 0.9914 -0.1108
vn -0.2818 0.9073 0.3120
vn -0.3661 0.9021 -0.2284
vn 0.6676 -0.7397 -0.0851
vn -0.3761 0.7009 -0.6061
vn -0.6018 0.6578 -0.4529
vn -0.3432 0.8681 -0.3586
vn 0.6848 -0.7257 -0.0667
vn 0.2674 0.9636 -0.0009
vn 0.9575 -0.1149 -0.2646
vn 0.5429 -0.8307 -0.1234
vn -0.2943 -0.3429 -0.8921
vn -0.3048 0.2694 -0.9135
vn 0.0562 0.9818 0.1817
vn -0.0458 0.9912 -0.1238
vn 0.0575 0.9937 0.0959
vn 0.1847 0.9817 0.0468
vn 0.1194 0.9835 -0.1360
vn -0.1506 0.9683 -0.1993
vn -0.1711 0.8316 -0.5284
vn -0.3942 0.1957 -0.8980
vn -0.0507 -0.8922 -0.4489
vn -0.1090 -0.6242 -0.7737
vn 0.2457 -0.9693 -0.0016
vn -0.9213 0.1307 0.3663
vn -0.9362 0.1099 0.3337
vn -0.9932 0.0808 0.0836
vn -0.7135 0.0659 0.6976
vn 0.6380 -0.1210 0.7605
vn 0.0842 -0.0041 0.9964
vn -0.6596 0.0720 0.7482
vn 0.3366 0.9066 -0.2543
vn -0.1328 0.7695 -0.6247
vn -0.4211 0.3620 -0.8316
vn 0.0974 0.8086 -0.5802
vn 0.4326 0.8279 0.3570
vn -0.4204 -0.0233 -0.9071
vn -0.6816 -0.2433 -0.6901
vn -0.6368 0.4176 -0.6481
vn -0.8558 -0.1431 -0.4972
vn -0.8715 -0.1692 -0.4604
vn -0.7430 0.0692 -0.6657
vn -0.5054 -0.0059 -0.8629
vn -0.5319 -0.0088 -0.8468
vn -0.2979 -0.1467 -0.9432
vn -0.2593 -0.1111 -0.9594
vn -0.2377 -0.1075 -0.9654
vn -0.9866 0.0977 0.1305
vn -0.9255 0.0967 0.3662
vn -0.8179 0.1666 0.5508
vn -0.9889 0.1456 0.0293
vn -0.3119 -0.1226 -0.9422
vn -0.9330 0.0691 0.3532
vn -0.9799 0.1637 -0.1139
vn -0.9751 0.1190 0.1872
vn -0.9664 0.0677 -0.2481
vn -0.8669 0.0974 -0.4888
vn -0.8562 0.0257 -0.5160
vn -0.9154 0.0724 -0.3959
vn -0.8658 0.0981 -0.4907
vn -0.6267 0.0679 -0.7763
vn -0.6483 0.0024 -0.7614
vn -0.9233 0.1534 -0.3522
vn -0.9117 0.1816 0.3685
vn -0.9756 0.2163 -0.0363
vn -0.9487 0.2332 -0.2135
vn -0.8867 0.2539 0.3864
vn -0.9367 0.2207 0.2720
vn 0.1509 0.9792 0.1358
vn 0.3546 0.9174 -0.1806
vn 0.4212 0.8899 -0.1753
vn 0.5764 0.7884 -0.2148
vn 0.6587 0.7229 -0.2086
vn 0.3148 0.9465 -0.0705
vn 0.3902 0.9205 0.0221
vn 0.5861 0.8101 -0.0172
vn 0.5891 0.8080 -0.0071
vn 0.5786 0.7708 -0.2667
vn 0.4389 0.7182 -0.5400
vn 0.3136 0.9349 -0.1659
vn -0.5029 0.1393 0.8531
vn 0.2585 -0.0657 0.9638
vn 0.3487 0.9339 -0.0791
vn 0.3326 0.9322 -0.1426
vn 0.3811 -0.1271 0.9158
vn 0.7743 -0.1936 0.6025
vn 0.8253 -0.1806 0.5350
vn 0.3034 -0.1115 0.9463
vn 0.3916 0.7461 -0.5385
vn 0.7724 0.5966 -0.2177
vn 0.0783 0.9902 -0.1157
vn 0.8244 0.5305 -0.1975
vn 0.9690 0.1868 -0.1620
vn 0.8310 0.4679 -0.3008
vn 0.9344 0.1834 -0.3054
vn 0.9144 0.1528 0.3748
vn 0.3396 -0.6903 -0.6388
vn 0.2849 0.0976 -0.9536
vn 0.0817 0.3561 -0.9309
vn 0.8581 0.4775 0.1888
vn 0.9698 0.0889 -0.2271
vn 0.9419 0.3349 0.0240
vn 0.9309 0.2600 0.2564
vn 0.9363 -0.1988 -0.2895
vn 0.8903 -0.2814 -0.3580
vn 0.9710 -0.1346 -0.1978
vn 0.9764 -0.1459 -0.1596
vn 0.9792 -0.1370 -0.1499
vn 0.9422 -0.1877 -0.2777
vn 0.9358 -0.1461 -0.3210
vn 0.9396 0.2674 -0.2136
vn 0.4319 0.8742 -0.2217
vn 0.2726 0.9371 -0.2179
vn 0.5251 0.8260 -0.2048
vn 0.2889 0.9383 -0.1899
vn 0.3311 0.9296 -0.1618
vn 0.5922 0.7718 -0.2314
vn -0.8935 0.0986 0.4381
vn 0.3259 0.9153 -0.2367
vn 0.5543 0.8323 -0.0066
vn 0.4824 0.8639 -0.1448
vn 0.4594 0.8295 -0.3175
vn 0.3365 0.9035 -0.2656
vn -0.7210 0.6620 0.2049
vn -0.7588 0.6269 0.1767
vn -0.7234 0.6671 0.1777
vn -0.8474 0.4602 0.2648
vn -0.8325 0.5167 0.2000
vn -0.5543 0.3866 0.7371
vn -0.5337 0.3063 0.7882
vn -0.8308 0.5565 -0.0082
vn -0.8883 0.4083 -0.2102
vn -0.8370 0.4633 0.2912
vn -0.6282 0.4005 0.6671
vn -0.7124 0.2140 0.6684
vn -0.8317 0.4460 0.3308
vn -0.6419 0.7556 0.1310
vn -0.8334 0.4259 0.3523
vn -0.6396 0.7570 0.1335
vn -0.7172 -0.2860 0.6354
vn -0.7773 0.4637 0.4252
vn -0.5065 0.8046 -0.3100
vn -0.7620 0.5088 0.4005
vn -0.4751 -0.0330 0.8793
vn -0.4854 -0.0340 0.8737
vn -0.7129 -0.2833 0.6415
vn -0.2223 -0.6744 0.7041
vn 0.0761 -0.7766 0.6254
vn -0.7218 0.1333 0.6792
vn -0.2494 -0.6714 0.6979
vn 0.4346 -0.9005 -0.0130
vn 0.2601 -0.7308 0.6311
vn 0.7670 -0.6401 -0.0442
vn 0.6860 -0.7276 0.0030
vn 0.2750 -0.4675 0.8401
vn -0.3050 0.1266 0.9439
vn -0.3508 0.3573 0.8656
vn 0.3114 -0.4541 0.8348
vn 0.8363 -0.5480 0.0174
vn 0.7918 -0.5965 0.1313
vn 0.5906 -0.4853 0.6447
vn 0.8238 -0.5660 0.0323
vn -0.3752 0.2140 0.9019
vn 0.8983 -0.4394 0.0048
vn 0.6797 -0.5211 -0.5162
vn 0.7030 -0.3079 -0.6411
vn 0.2131 -0.3557 -0.9100
vn 0.6548 -0.3630 -0.6630
vn 0.7577 -0.5681 -0.3210
vn 0.8202 -0.3839 0.4240
vn 0.0897 -0.3022 -0.9490
vn -0.9412 0.3330 0.0577
vn 0.0011 0.3111 0.9504
vn -0.5024 0.4495 0.7386
vn -0.6600 0.3870 0.6439
vn -0.6020 0.1543 0.7834
vn -0.6740 0.3471 0.6521
vn -0.7236 0.4780 0.4979
vn -0.8186 0.5220 0.2397
vn -0.8164 0.5403 0.2039
vn -0.1737 0.8111 0.5585
vn -0.8409 0.2116 0.4981
vn -0.5589 0.1457 0.8164
vn 0.0736 0.2102 0.9749
vn 0.1567 0.1700 0.9729
vn -0.2146 0.6469 0.7317
vn -0.6128 0.3345 0.7159
vn -0.5997 0.6426 0.4769
vn -0.8041 0.2544 0.5373
vn -0.7942 -0.2853 0.5365
vn -0.6287 -0.7725 -0.0892
vn -0.9719 -0.1741 0.1582
vn -0.9466 -0.0846 0.3112
vn -0.9836 0.1658 -0.0711
vn -0.6821 -0.5601 0.4702
vn 0.0357 -0.4039 0.9141
vn 0.1083 -0.0906 0.9900
vn 0.0348 0.1050 0.9939
vn 0.1957 0.2705 0.9426
vn -0.0817 -0.3220 0.9432
vn 0.1629 0.2153 0.9629
vn -0.0853 -0.0376 0.9956
vn -0.6907 -0.2767 0.6681
vn -0.8719 -0.4347 -0.2255
vn -0.7236 -0.4266 0.5426
vn -0.8761 -0.3840 -0.2917
vn -0.3452 -0.5854 0.7336
vn -0.6831 -0.4689 0.5599
vn -0.4989 -0.0742 0.8634
vn -0.4225 0.1420 0.8952
vn -0.4876 0.2043 0.8488
vn 0.0156 0.2046 0.9787
vn -0.3823 0.8625 0.3316
vn 0.1375 0.1394 0.9807
vn -0.2462 0.1892 0.9506
vn -0.0276 -0.5097 0.8599
vn -0.1388 -0.2229 0.9649
vn -0.0716 -0.2239 0.9720
vn -0.0270 -0.3013 0.9532
vn -0.0333 -0.3198 0.9469
vn -0.2646 -0.4561 0.8497
vn 0.2570 -0.0248 0.9661
vn -0.0071 -0.7236 0.6902
vn -0.6432 -0.6905 0.3308
vn -0.5162 -0.8398 -0.1685
vn -0.6717 -0.7091 -0.2145
vn -0.8574 -0.5145 -0.0095
vn -0.5608 -0.7632 0.3208
vn -0.0457 -0.4544 0.8896
vn -0.3684 -0.7952 0.4816
vn -0.2841 -0.9374 0.2015
vn -0.3883 -0.9085 -0.1542
vn -0.3194 -0.9475 -0.0128
vn -0.1258 -0.8497 0.5120
vn -0.0112 -0.9080 0.4189
vn -0.0631 -0.8973 0.4369
vn 0.3055 -0.0417 0.9513
vn 0.0726 -0.7765 0.6259
vn 0.1174 -0.5899 0.7989
vn 0.0620 -0.7683 0.6371
vn 0.1784 -0.7201 0.6706
vn 0.2419 -0.5233 0.8171
vn 0.1210 -0.3500 0.9289
vn 0.1616 -0.2341 0.9587
vn 0.1951 -0.7392 0.6446
vn 0.2102 0.2800 0.9367
vn 0.2318 -0.3039 0.9241
vn 0.1892 0.0594 0.9801
vn 0.5635 -0.5618 0.6057
vn 0.5250 -0.5267 0.6685
vn 0.2313 0.1745 0.9571
vn 0.5656 -0.7305 0.3828
vn 0.5235 -0.5131 0.6802
vn 0.0917 0.1635 0.9823
vn 0.5590 -0.3115 0.7684
vn 0.7750 -0.6247 -0.0956
vn 0.1377 -0.9641 -0.2270
vn 0.3043 -0.9513 -0.0493
vn 0.3635 -0.9194 0.1500
vn 0.4591 -0.6999 -0.5471
vn 0.5638 -0.8127 0.1473
vn 0.2669 -0.9135 0.3070
vn -0.1289 -0.9799 -0.1525
vn -0.2054 -0.9395 -0.2740
vn -0.2476 -0.8734 -0.4194
vn -0.1730 -0.7731 -0.6102
vn -0.8425 0.2723 -0.4649
vn -0.7653 0.2786 -0.5803
vn -0.6441 0.2434 -0.7252
vn -0.6355 -0.4414 0.6334
vn 0.0545 -0.2497 0.9668
vn 0.3330 -0.3909 0.8581
vn -0.0546 -0.0311 0.9980
vn -0.6254 -0.4322 0.6497
vn -0.4574 -0.6260 0.6316
vn -0.1206 -0.0451 0.9917
vn -0.2520 -0.6582 0.7094
vn -0.2315 -0.7581 0.6097
vn 0.3327 -0.3909 0.8582
vn -0.0768 -0.9261 0.3694
vn 0.7027 -0.4737 0.5309
vn 0.0195 -0.9020 0.4314
vn 0.0198 -0.9537 0.3000
vn 0.6948 -0.5237 0.4930
vn 0.7778 -0.5441 0.3145
vn 0.7382 -0.5571 0.3805
vn 0.8161 -0.5683 -0.1052
vn 0.8449 -0.5309 0.0656
vn 0.7995 -0.5402 -0.2625
vn 0.3147 -0.9444 -0.0948
vn 0.3876 -0.9191 -0.0713
vn 0.1942 -0.9265 -0.3223
vn 0.5604 -0.8217 -0.1035
vn 0.1987 -0.9732 0.1160
vn 0.8669 -0.4840 -0.1193
vn 0.7616 -0.6067 -0.2277
vn 0.8436 -0.4781 -0.2445
vn 0.2146 -0.8976 -0.3851
vn -0.1512 -0.7505 -0.6433
vn -0.3367 -0.7035 -0.6259
vn -0.3485 -0.6530 -0.6724
vn -0.5395 -0.5441 -0.6426
vn -0.0558 -0.2258 -0.9726
vn 0.0293 0.0101 -0.9995
vn -0.1996 -0.3051 -0.9312
vn 0.0644 -0.1294 -0.9895
vn 0.2690 -0.2759 -0.9228
vn 0.3072 -0.4593 -0.8335
vn 0.4515 -0.2354 -0.8606
vn 0.4336 -0.2550 -0.8643
vn 0.4723 -0.3662 -0.8018
vn -0.1367 -0.7888 -0.5993
vn 0.0559 -0.8170 -0.5738
vn 0.0560 -0.8551 -0.5155
vn 0.3074 -0.4579 -0.8342
vn 0.7154 -0.4207 -0.5578
vn 0.5975 -0.5925 -0.5403
vn 0.6305 -0.4719 -0.6162
vn 0.7657 -0.5431 -0.3446
vn 0.7471 -0.3502 -0.5650
vn 0.5180 -0.6661 -0.5367
vn 0.1261 -0.0866 0.9882
vn 0.1665 -0.2105 0.9633
vn 0.3401 -0.2361 0.9103
vn -0.0710 -0.8095 0.5828
vn 0.5640 -0.4802 0.6717
vn 0.0131 -0.2192 0.9756
vn 0.3544 -0.3724 0.8578
vn 0.5609 -0.4258 0.7100
vn 0.6652 -0.5651 0.4879
vn 0.4543 -0.7743 0.4406
vn 0.8624 -0.5037 -0.0500
vn 0.3208 -0.9233 0.2114
vn 0.5469 -0.8014 0.2421
vn 0.7312 -0.6806 0.0448
vn 0.9331 -0.3362 -0.1280
vn 0.8250 -0.5561 0.1007
vn 0.6958 -0.7102 -0.1073
vn 0.7400 -0.3918 -0.5467
vn 0.8240 -0.5575 0.1008
vn 0.7262 -0.5790 -0.3707
vn 0.8609 -0.2193 0.4591
vn 0.4912 -0.1263 0.8618
vn 0.8543 -0.2251 0.4686
vn -0.8211 0.5129 0.2506
vn -0.5480 0.0822 0.8325
vn 0.4154 -0.1061 0.9034
vn -0.7329 0.2074 0.6480
vn -0.9307 0.2220 0.2906
vn -0.8670 0.1942 -0.4589
vn -0.9377 0.2388 0.2524
vn -0.1224 0.0254 0.9922
vn -0.1962 0.0813 0.9772
vn -0.8139 0.1629 0.5578
vn 0.4165 -0.1018 0.9034
vn 0.4392 -0.1419 0.8871
vn 0.8577 -0.2789 0.4320
vn 0.8481 -0.2654 0.4586
vn 0.8515 -0.2635 0.4534
vn 0.8522 -0.2440 0.4628
vn 0.4578 -0.1748 0.8717
vn 0.4275 -0.1489 0.8917
vn 0.5113 -0.1601 0.8444
vn 0.8366 -0.2282 0.4980
vn 0.4197 -0.1005 0.9021
vn 0.4231 -0.0957 0.9010
vn -0.8588 0.1984 -0.4724
vn -0.3559 -0.0035 -0.9345
vn -0.2080 -0.0055 -0.9781
vn -0.6012 0.0196 -0.7988
vn -0.5723 0.0653 -0.8174
vn -0.9715 0.1385 -0.1922
vn -0.9059 0.1997 0.3734
vn -0.4821 0.2035 0.8521
vn -0.3905 0.1661 0.9055
vn 0.3256 -0.1170 0.9382
vn 0.2821 0.0322 0.9588
vn 0.2283 0.0779 0.9705
vn -0.9001 0.1940 0.3901
vn -0.9741 0.1340 -0.1823
vn -0.5521 0.0162 -0.8336
vn -0.5519 0.0737 -0.8307
vn -0.0981 -0.0008 -0.9952
vn 0.0116 -0.0436 -0.9990
vn -0.5191 0.0307 -0.8542
vn -0.0813 0.0108 -0.9966
vn -0.1407 0.0281 -0.9897
vn -0.7107 0.1026 -0.6959
vn -0.4571 0.0849 -0.8854
vn -0.8942 0.1988 0.4010
vn -0.9799 0.1017 -0.1715
vn -0.8913 0.1942 0.4098
vn -0.7704 0.1218 0.6258
vn -0.8438 0.3416 0.4140
vn -0.9670 0.1225 -0.2236
vn -0.4856 -0.0333 -0.8736
vn -0.0494 -0.0544 -0.9973
vn -0.8991 0.1823 0.3980
vn -0.9312 0.1336 -0.3391
vn -0.9688 0.1151 -0.2195
vn -0.4831 -0.0091 -0.8755
vn -0.4763 -0.0257 -0.8789
vn -0.9857 0.1661 0.0268
vn 0.1522 0.0486 0.9871
vn 0.1412 0.0898 0.9859
vn -0.4560 0.1938 0.8686
vn -0.5240 0.2146 0.8243
vn 0.0914 0.0599 0.9940
vn -0.9051 0.1753 0.3874
vn -0.8971 0.1713 0.4074
vn -0.4802 0.1516 0.8640
vn 0.7475 -0.0549 0.6620
vn 0.7523 -0.0534 0.6567
vn 0.7484 -0.0559 0.6609
vn 0.1873 0.0524 0.9809
vn 0.2136 0.1147 0.9702
vn 0.7742 -0.0768 0.6282
vn 0.1185 0.0414 0.9921
vn 0.0323 0.0428 0.9986
vn 0.1461 0.0141 0.9892
vn 0.1308 0.0464 0.9903
vn -0.4963 0.1741 0.8505
vn -0.4913 0.1751 0.8532
vn -0.5349 -0.6636 0.5230
vn -0.8389 0.2064 -0.5037
vn 0.5685 0.8226 0.0127
vn -0.0970 0.9173 -0.3863
vn 0.5771 0.8166 0.0097
vn 0.9917 0.1134 -0.0613
vn 0.5146 0.8224 0.2426
vn 0.9219 -0.2557 0.2909
vn 0.8756 -0.3611 -0.3209
vn 0.5317 -0.8441 -0.0697
vn 0.9156 -0.2649 0.3024
vn 0.9276 -0.3719 -0.0357
vn 0.9953 0.0774 -0.0573
vn 0.8352 -0.5276 -0.1551
vn 0.2098 0.9760 0.0591
vn 0.2403 0.9637 0.1165
vn 0.5818 0.8133 -0.0100
vn 0.8722 -0.4381 -0.2176
vn 0.5461 0.8367 -0.0413
vn 0.9036 -0.3887 -0.1799
vn 0.5572 -0.8292 -0.0435
vn 0.2566 0.0060 0.9665
vn 0.3055 -0.0139 0.9521
vn 0.4702 -0.0317 0.8820
vn -0.3075 -0.9476 -0.0861
vn 0.5020 -0.0642 0.8625
vn 0.8100 -0.1052 0.5769
vn -0.4952 -0.7764 -0.3898
vn 0.7871 -0.1151 0.6060
vn 0.5334 0.0585 0.8438
vn 0.4797 0.8774 -0.0063
vn 0.6114 0.7853 -0.0979
vn 0.3661 0.3060 0.8789
vn -0.0988 0.5334 0.8401
vn -0.0021 0.5857 0.8106
vn 0.4926 0.3508 0.7964
vn 0.2414 0.9661 0.0912
vn 0.1321 0.9898 0.0536
vn 0.5180 0.8319 0.1991
vn 0.5348 0.8293 0.1620
vn 0.4398 0.8849 0.1536
vn -0.5580 0.8288 0.0409
vn 0.0760 0.9927 -0.0934
vn 0.0287 0.9913 -0.1286
vn 0.0161 0.9886 -0.1497
vn -0.4924 0.8627 0.1154
vn 0.0182 0.9919 -0.1256
vn -0.9822 -0.0450 0.1821
vn -0.9897 0.0895 0.1119
vn -0.9669 -0.0505 0.2501
vn -0.9946 0.0639 0.0812
vn -0.8986 0.4354 -0.0547
vn -0.7305 0.6752 0.1021
vn -0.7662 0.5810 0.2745
vn 0.3383 0.7564 -0.5598
vn 0.4359 0.3178 -0.8420
vn 0.5324 0.1761 0.8280
vn 0.6052 -0.0161 0.7959
vn 0.7843 -0.0749 0.6158
vn 0.8389 -0.0637 0.5405
vn 0.9676 -0.2175 0.1282
vn 0.4861 -0.0553 0.8722
vn 0.2311 -0.3314 -0.9148
vn 0.3953 0.4296 -0.8119
vn 0.7867 -0.2112 0.5801
vn 0.1410 -0.1595 -0.9771
vn 0.1925 -0.1303 -0.9726
vn -0.6135 0.1594 -0.7734
vn -0.8409 0.3820 -0.3834
vn -0.6629 0.1666 -0.7300
vn 0.1382 -0.2277 -0.9639
vn 0.1529 -0.2195 -0.9635
vn 0.6761 -0.2183 0.7038
vn 0.8006 -0.2448 0.5469
vn -0.7192 0.1258 -0.6834
vn 0.1612 -0.1841 -0.9696
vn 0.4876 -0.0459 0.8718
vn 0.1469 -0.1610 -0.9760
vn 0.1691 -0.1829 -0.9685
vn -0.3883 -0.0833 -0.9178
vn -0.9066 -0.1391 0.3984
vn -0.7582 0.4318 0.4885
vn -0.6832 0.2156 0.6977
vn 0.2229 0.1671 0.9604
vn 0.2222 0.1815 0.9580
vn -0.5803 0.6460 0.4959
vn -0.2817 0.3736 0.8838
vn 0.2116 0.1682 0.9628
vn 0.1823 0.1689 0.9686
vn 0.3769 0.3432 0.8604
vn -0.0899 0.2100 0.9736
vn 0.1550 0.1794 0.9715
vn 0.0970 0.2091 0.9731
vn -0.4590 0.4243 0.7805
vn -0.4486 0.4067 0.7958
vn -0.4703 0.3993 0.7870
vn -0.2955 0.4593 0.8377
vn -0.5063 0.3240 0.7992
vn 0.1548 0.1794 0.9715
vn -0.5045 0.4112 0.7592
vn -0.1692 0.4106 0.8960
vn -0.6942 0.2853 0.6609
vn -0.2985 0.7538 0.5854
vn 0.1181 0.1654 0.9791
vn -0.7397 0.3571 0.5703
vn -0.1384 0.1474 0.9793
vn -0.1671 0.4135 0.8950
vn 0.1479 0.1364 0.9796
vn -0.0360 0.0858 0.9957
vn -0.1432 0.1703 0.9749
vn 0.0819 0.2289 0.9700
vn 0.5481 0.0208 0.8361
vn 0.5434 -0.0529 0.8378
vn 0.4414 0.1294 0.8879
vn 0.2993 0.1934 0.9343
vn 0.3923 0.2930 0.8719
vn 0.7748 0.1972 0.6006
vn 0.7270 0.1446 0.6712
vn 0.3521 0.1005 0.9305
vn 0.5216 -0.2733 0.8083
vn 0.4699 -0.2164 0.8558
vn 0.3592 0.1051 0.9273
vn 0.3514 -0.0510 0.9349
vn 0.6790 -0.7239 -0.1221
vn 0.8219 -0.4460 -0.3545
vn 0.8841 -0.3068 -0.3524
vn 0.6429 -0.5669 0.5150
vn -0.2997 -0.1278 0.9454
vn 0.7450 -0.4039 -0.5309
vn -0.8849 0.4444 -0.1397
vn -0.9365 0.3461 0.0561
vn -0.2704 -0.0129 0.9627
vn -0.2775 -0.0059 0.9607
vn -0.7739 0.6171 -0.1422
vn -0.1633 0.4650 0.8701
vn 0.8838 -0.3611 -0.2975
vn 0.4151 -0.3632 -0.8341
vn 0.7517 -0.5586 0.3506
vn -0.9213 0.3744 0.1050
vn -0.8999 0.2139 0.3800
vn 0.8873 -0.3378 0.3140
vn -0.8544 0.3356 0.3968
vn -0.9139 0.4052 0.0238
vn -0.3740 0.8889 -0.2645
vn -0.7513 -0.6576 -0.0554
vn -0.1325 0.8513 0.5076
vn 0.6536 -0.2127 -0.7264
vn -0.0718 -0.9817 -0.1764
vn 0.6502 -0.2165 -0.7283
vn 0.0827 0.1961 0.9771
vn 0.1073 0.2149 0.9707
vn -0.7403 0.3555 0.5706
vn -0.7511 0.3478 0.5611
vn -0.0673 0.2087 0.9757
vn -0.3540 0.3549 0.8653
vn -0.7676 0.4283 0.4768
vn -0.0441 0.2999 0.9529
vn 0.4591 0.0020 0.8884
vn 0.8014 -0.0392 0.5969
vn 0.7435 -0.0710 0.6650
vn 0.8160 -0.2243 0.5328
vn 0.7595 -0.3060 0.5740
vn 0.0768 0.1725 0.9820
vn 0.1696 0.1300 0.9769
vn 0.0984 0.1901 0.9768
vn 0.0888 0.1531 0.9842
vn 0.5197 -0.3025 0.7990
vn 0.7630 -0.4190 0.4921
vn 0.6157 -0.1065 0.7808
vn 0.0909 0.1536 0.9839
vn 0.6870 -0.2308 0.6890
vn 0.7060 -0.0308 0.7076
vn 0.9301 -0.2059 0.3041
vn 0.7120 -0.0367 0.7013
vn 0.1042 0.1119 0.9882
vn 0.0402 0.2150 0.9758
vn -0.2846 0.0691 0.9561
vn 0.7211 -0.0572 0.6904
vn 0.9354 -0.3289 0.1295
vn 0.9122 -0.3626 0.1909
vn 0.7384 -0.6252 -0.2529
vn 0.6501 -0.6809 0.3371
vn 0.8283 -0.5575 0.0557
vn 0.8330 -0.5324 0.1504
vn 0.6984 -0.0798 0.7112
vn 0.7330 -0.0600 0.6776
vn 0.7626 -0.1223 0.6352
vn 0.3934 0.0648 0.9171
vn 0.5986 0.0035 0.8010
vn 0.0967 0.2240 0.9698
vn -0.1932 0.2885 0.9378
vn 0.6035 0.0040 0.7974
vn 0.4767 0.1381 0.8682
vn 0.0052 0.4286 0.9035
vn -0.1151 0.2823 0.9524
vn -0.3512 0.4194 0.8371
vn -0.6696 0.4975 0.5515
vn -0.6336 0.4037 0.6600
vn -0.0335 0.2788 0.9598
vn -0.0595 0.2983 0.9526
vn -0.9950 0.0895 0.0432
vn -0.4104 0.3639 0.8362
vn -0.7516 -0.4590 -0.4737
vn 0.2504 0.5892 0.7682
vn 0.3621 0.5990 0.7142
vn 0.8730 -0.4874 -0.0188
vn 0.6977 -0.5022 -0.5109
vn 0.3830 -0.2972 -0.8746
vn -0.4700 -0.6716 -0.5727
vn 0.6983 0.6117 -0.3717
vn 0.4977 -0.7351 -0.4602
vn 0.1842 -0.9616 0.2034
vn -0.9259 0.1173 0.3591
vn -0.7679 0.3039 0.5639
vn -0.8617 0.2593 0.4362
vn 0.2090 -0.0992 -0.9729
vn -0.4512 0.6107 0.6507
vn -0.8529 0.4907 0.1783
vn 0.8823 -0.4115 -0.2286
vn -0.2848 0.1117 0.9521
vn -0.8690 0.4699 0.1553
vn -0.0055 0.2786 0.9604
vn 0.8324 -0.5536 -0.0263
vn 0.3483 -0.3530 -0.8684
vn 0.8283 0.3065 0.4691
vn 0.0095 -0.8107 0.5854
vn -0.4446 0.4765 -0.7584
vn 0.4909 -0.7545 -0.4355
vn -0.1988 0.3590 0.9119
vn 0.5803 -0.7861 0.2131
vn 0.8875 -0.3763 -0.2658
vn 0.8944 -0.4470 0.0182
vn 0.6195 -0.1862 0.7626
vn 0.0731 0.1330 0.9884
vn 0.7534 -0.2104 0.6230
vn 0.9037 -0.4217 0.0735
vn 0.0460 0.1785 0.9829
vn -0.4955 0.4284 0.7556
vn -0.8340 0.4593 0.3059
vn -0.7302 0.5070 0.4580
vn -0.8477 0.4598 0.2647
vn -0.7084 0.4550 0.5395
vn -0.5821 0.4941 0.6458
vn -0.5469 0.4840 0.6831
vn -0.5538 0.3867 0.7374
vn -0.8595 0.4075 -0.3085
vn 0.8459 -0.4744 -0.2438
vn 0.7322 -0.1559 0.6630
vn -0.4628 0.3726 0.8044
vn -0.8998 0.3880 -0.1997
vn -0.7924 0.4954 0.3560
vn 0.1625 0.1833 0.9695
vn -0.0385 0.3907 0.9197
vn -0.5430 0.4921 0.6805
vn -0.6285 0.4488 0.6353
vn -0.5943 0.4632 0.6575
vn -0.8741 0.4850 -0.0281
vn -0.6318 0.4574 0.6258
vn -0.9047 0.4166 0.0895
vn -0.8442 0.4807 -0.2371
vn -0.3288 0.5093 0.7953
vn -0.7792 0.4808 0.4020
vn -0.6738 0.4127 0.6129
vn -0.6143 0.4263 0.6640
vn -0.6067 0.4691 0.6418
vn -0.9008 0.3719 -0.2240
vn -0.8975 0.3931 -0.1999
vn -0.7916 0.4880 0.3678
vn -0.0481 0.3003 0.9526
vn -0.7809 0.4782 0.4019
vn -0.9101 0.3653 -0.1958
vn 0.6821 -0.1696 0.7113
vn -0.1456 0.2664 0.9528
vn 0.6005 -0.0142 0.7995
vn 0.9039 -0.4180 -0.0904
vn -0.1008 0.4001 0.9109
vn -0.1739 0.3059 0.9361
vn 0.5972 -0.4090 -0.6899
vn 0.2520 -0.5331 -0.8076
vn 0.8117 -0.5046 -0.2940
vn -0.0541 0.7593 0.6486
vn 0.2193 0.9329 -0.2856
vn -0.7269 -0.5827 -0.3635
vn -0.4692 -0.5761 0.6693
vn 0.8090 -0.4607 0.3651
vn 0.8011 -0.3615 0.4770
vn 0.6718 -0.3727 0.6401
vn 0.7011 -0.6230 0.3469
vn 0.8396 -0.4719 0.2690
vn 0.8100 -0.5540 0.1924
vn 0.9214 -0.3423 0.1841
vn -0.0674 0.0402 -0.9969
vn -0.6323 0.0729 -0.7713
vn -0.6642 0.1447 -0.7334
vn -0.5953 0.1504 -0.7893
vn -0.2163 0.0137 -0.9762
vn -0.5670 0.0814 -0.8197
vn -0.4388 0.0932 -0.8937
vn -0.2631 0.0946 -0.9601
vn -0.5909 0.0357 -0.8060
vn -0.5966 0.0345 -0.8018
vn 0.1655 -0.1444 -0.9756
vn 0.1896 -0.1280 -0.9735
vn 0.1794 -0.1279 -0.9754
vn -0.3903 -0.0092 -0.9207
vn -0.2052 -0.0926 -0.9743
vn -0.4695 -0.0013 -0.8829
vn -0.9307 0.1342 -0.3402
vn -0.4064 -0.0173 -0.9135
vn -0.4382 -0.0201 -0.8987
vn -0.4765 -0.0767 -0.8758
vn -0.0532 0.0539 -0.9971
vn -0.0684 0.0646 -0.9956
vn -0.0612 0.0772 -0.9951
vn -0.2054 0.0329 -0.9781
vn -0.3332 0.0392 -0.9421
vn -0.1270 -0.0305 -0.9914
vn -0.3787 -0.0259 -0.9252
vn -0.3173 -0.0451 -0.9472
vn -0.0132 0.0138 -0.9998
vn -0.3621 0.0663 -0.9298
vn -0.3962 0.0558 -0.9164
vn -0.2019 0.0412 -0.9785
vn -0.1931 0.0331 -0.9806
vn -0.4333 0.0913 -0.8966
vn -0.5957 0.1506 -0.7890
vn -0.5716 0.2185 -0.7909
vn -0.7922 0.1210 -0.5982
vn 0.3302 -0.0487 -0.9427
vn -0.8453 0.0475 -0.5322
vn -0.6947 0.0465 -0.7178
vn -0.2524 -0.0738 -0.9648
vn -0.7100 0.0145 -0.7040
vn -0.7006 0.0736 -0.7097
vn -0.6465 0.0301 -0.7623
vn -0.2804 0.0173 -0.9597
vn -0.3721 0.0758 -0.9251
vn -0.4748 0.8786 0.0524
vn 0.2874 0.9487 -0.1315
vn 0.3121 0.9374 -0.1547
vn 0.0120 0.9418 -0.3358
vn -0.6186 0.7850 0.0328
vn -0.6042 0.7938 0.0700
vn -0.7855 0.5920 0.1802
vn -0.6499 0.7520 0.1096
vn -0.4976 0.8665 -0.0409
vn -0.7214 0.6851 0.1009
vn -0.9103 0.4135 0.0208
vn -0.8880 0.4595 -0.0161
vn 0.0560 0.9649 -0.2565
vn -0.0308 0.9857 -0.1659
vn -0.5718 -0.0801 -0.8164
vn 0.0696 -0.2160 -0.9739
vn -0.2615 -0.0740 -0.9624
vn -0.6327 0.0043 -0.7744
vn -0.6467 0.1224 -0.7529
vn -0.7104 0.0125 -0.7037
vn 0.0684 -0.1809 -0.9811
vn 0.0713 -0.1822 -0.9807
vn 0.2660 -0.2195 -0.9386
vn 0.3257 -0.1806 -0.9281
vn -0.5160 -0.0269 -0.8562
vn 0.6244 -0.2668 -0.7341
vn 0.0562 -0.1840 -0.9813
vn -0.5694 0.0090 -0.8220
vn 0.4445 -0.2920 -0.8468
vn -0.4651 0.0246 -0.8849
vn 0.6891 -0.2524 -0.6793
vn 0.3800 -0.2327 -0.8952
vn -0.6055 -0.0453 -0.7946
vn -0.9998 -0.0009 0.0197
vn -0.9732 -0.1560 0.1692
vn 0.3447 -0.2129 -0.9142
vn 0.4284 -0.1677 -0.8879
vn 0.3452 -0.2149 -0.9136
vn 0.4733 -0.2121 -0.8550
vn -0.6249 -0.5648 -0.5390
vn -0.7257 -0.6745 0.1359
vn -0.6261 -0.7782 0.0488
vn -0.4213 -0.9021 0.0931
vn -0.0714 -0.9973 -0.0185
vn -0.0010 -0.9821 0.1882
vn 0.2497 -0.9683 0.0022
vn 0.6558 -0.7362 -0.1672
vn -0.9705 -0.2408 0.0109
vn -0.0223 0.9865 -0.1620
vn -0.9952 -0.0706 0.0673
vn -0.5903 -0.8013 0.0967
vn -0.6560 -0.7170 0.2356
vn -0.9245 0.3812 0.0032
vn -0.5214 -0.8380 0.1608
vn -0.1491 0.9884 -0.0303
vn -0.0206 0.9969 -0.0766
vn -0.5025 0.8635 -0.0444
vn 0.0123 0.9978 -0.0658
vn -0.0310 0.9821 -0.1860
vn 0.0120 0.9980 -0.0628
vn -0.9145 -0.0276 0.4036
vn 0.0110 0.9950 -0.0993
vn 0.6920 0.6231 -0.3646
vn 0.6722 0.6719 -0.3109
vn 0.8252 0.4717 -0.3107
vn 0.7040 0.6012 -0.3781
vn 0.9717 -0.0738 -0.2245
vn 0.6668 -0.7308 -0.1461
vn 0.6944 -0.7091 -0.1225
vn 0.6570 -0.7426 -0.1299
vn 0.9539 -0.0299 -0.2985
vn 0.6321 -0.7620 -0.1407
vn 0.8055 0.5698 -0.1630
vn 0.9099 0.4087 -0.0709
vn 0.9423 0.2056 -0.2643
vn 0.7217 0.6733 -0.1607
vn 0.6435 -0.7628 -0.0634
vn 0.7108 -0.7023 -0.0405
vn 0.9832 -0.0306 -0.1798
vn 0.9649 0.2396 -0.1075
vn 0.9108 -0.3617 -0.1988
vn 0.6949 -0.7091 -0.1197
vn 0.7044 -0.6957 -0.1405
vn -0.1096 -0.9855 0.1293
vn 0.0091 -0.9988 0.0482
vn 0.2521 -0.9677 0.0050
vn -0.8438 -0.5209 0.1291
vn -0.9909 -0.0553 0.1227
vn -0.8801 -0.4418 0.1739
vn -0.9964 0.0540 0.0648
vn -0.2275 0.9733 -0.0309
vn -0.0004 0.9955 -0.0950
vn -0.9638 -0.0232 0.2655
vn -0.9532 -0.0568 0.2969
vn -0.9614 -0.0624 0.2679
vn -0.9319 0.0814 0.3535
vn -0.8802 0.3688 0.2988
vn -0.5812 0.8025 0.1348
vn -0.9067 -0.0428 0.4195
vn 0.0102 0.9953 -0.0967
vn 0.0271 0.9921 -0.1228
vn -0.0787 0.9962 -0.0366
vn 0.6836 -0.7156 -0.1436
vn 0.6791 -0.6802 -0.2760
vn 0.9623 -0.0712 -0.2625
vn 0.9439 0.0218 -0.3295
vn 0.8801 -0.4160 -0.2288
vn 0.6685 0.6961 -0.2618
vn 0.6682 0.6963 -0.2618
vn 0.6528 0.6660 -0.3609
vn 0.8797 -0.4183 -0.2261
vn 0.6900 -0.7082 -0.1495
vn 0.4747 -0.8738 -0.1050
vn 0.4636 -0.8809 -0.0950
vn 0.5636 -0.8257 -0.0255
vn 0.7919 -0.5625 -0.2375
vn 0.8842 -0.4111 -0.2218
vn 0.6159 0.7597 -0.2088
vn 0.7015 0.6337 -0.3260
vn 0.9102 0.2160 -0.3533
vn 0.8109 -0.5520 -0.1945
vn 0.8167 -0.5441 -0.1923
vn 0.5986 -0.7980 -0.0700
vn -0.4309 -0.8616 0.2684
vn 0.1209 -0.9855 0.1194
vn -0.2438 -0.9546 0.1709
vn 0.3198 -0.9475 -0.0024
vn 0.5871 -0.8064 -0.0701
vn 0.2863 -0.9566 0.0536
vn 0.9441 0.1009 -0.3139
vn 0.5925 0.7582 -0.2723
vn 0.6225 0.7270 -0.2900
vn 0.9307 -0.1568 -0.3304
vn 0.8129 -0.5658 -0.1377
vn 0.9409 -0.0011 -0.3388
vn 0.9548 -0.1621 -0.2492
vn 0.8101 -0.5689 -0.1419
vn 0.8590 -0.4436 -0.2555
vn 0.6349 -0.7634 -0.1192
vn -0.1257 -0.9736 0.1905
vn -0.5103 -0.8136 0.2786
vn -0.8289 -0.3756 0.4146
vn -0.9195 0.1258 0.3724
vn -0.9490 0.0929 0.3012
vn -0.0002 0.9924 -0.1228
vn 0.0271 0.9920 -0.1232
vn -0.0112 0.9950 -0.0995
vn -0.0081 0.9971 -0.0753
vn 0.0047 0.9951 -0.0986
vn -0.9837 0.0132 0.1793
vn -0.9736 0.0835 0.2125
vn -0.9441 0.0170 0.3291
vn -0.9216 0.0613 0.3832
vn -0.8126 -0.5024 0.2955
vn -0.7253 -0.6459 0.2382
vn -0.5486 -0.7457 0.3780
vn -0.8768 -0.3740 0.3022
vn -0.9457 0.1725 -0.2755
vn -0.9309 0.1394 -0.3375
vn -0.9835 0.1793 0.0234
vn 0.2424 -0.1537 0.9579
vn -0.0261 -0.0961 0.9950
vn 0.2977 -0.1162 0.9476
vn -0.0333 -0.1014 0.9943
vn -0.0746 -0.0607 0.9954
vn 0.4793 -0.1749 0.8601
vn 0.3657 -0.1085 0.9244
vn 0.0683 -0.0147 0.9976
vn 0.8640 -0.3060 0.3997
vn -0.6030 -0.6702 0.4327
vn -0.5447 -0.7853 -0.2944
vn 0.9014 -0.3898 -0.1887
vn 0.7085 -0.7053 -0.0244
vn 0.5601 0.8255 0.0701
vn -0.1045 -0.0522 -0.9932
vn -0.0698 -0.0603 0.9957
vn 0.8276 -0.5157 0.2215
vn 0.9462 -0.1750 0.2720
vn 0.4597 -0.0529 0.8865
vn 0.3140 -0.0640 0.9473
vn 0.3066 -0.0522 0.9504
vn 0.4122 -0.0049 0.9111
vn 0.2600 -0.1411 0.9552
vn 0.3386 -0.0969 0.9359
vn 0.8533 -0.1936 0.4842
vn 0.8266 -0.1769 0.5343
vn 0.3193 -0.1425 0.9369
vn 0.2319 -0.1705 0.9577
vn 0.3242 -0.1288 0.9372
vn 0.2110 -0.1088 0.9714
vn 0.1192 0.0293 0.9924
vn 0.7973 -0.0586 0.6007
vn 0.8848 -0.1281 0.4480
vn 0.2457 -0.1288 0.9608
vn -0.1068 -0.0966 0.9896
vn -0.9346 0.0790 0.3469
vn -0.5831 0.2182 -0.7826
vn -0.4496 0.1595 -0.8789
vn -0.3574 0.1416 -0.9232
vn -0.4615 0.1423 -0.8756
vn -0.1295 0.0988 -0.9867
vn -0.3060 0.1198 -0.9445
vn -0.1444 0.1180 -0.9825
vn -0.1460 0.0923 -0.9850
vn -0.5368 0.2002 -0.8196
vn -0.3479 0.1079 -0.9313
vn -0.3345 0.0992 -0.9372
vn -0.1515 0.0691 -0.9860
vn -0.0503 -0.0061 -0.9987
vn -0.1675 0.0623 -0.9839
vn -0.1824 -0.1470 -0.9722
vn -0.0960 -0.0878 -0.9915
vn 0.6740 -0.3072 -0.6718
vn 0.2636 -0.3045 -0.9153
vn 0.6910 -0.3124 -0.6519
vn 0.9455 -0.2916 -0.1449
vn 0.7143 -0.3079 -0.6285
vn 0.7295 -0.3331 -0.5973
vn 0.9445 -0.2900 -0.1543
vn 0.7264 -0.4833 -0.4886
vn 0.7136 -0.4607 -0.5277
vn 0.7341 -0.3372 -0.5894
vn 0.6803 -0.6039 -0.4152
vn 0.4509 -0.6442 -0.6178
vn 0.7210 -0.6927 -0.0190
vn 0.7706 -0.6348 0.0570
vn 0.1904 -0.3241 -0.9267
vn 0.5972 -0.3534 -0.7201
vn 0.9419 -0.3056 -0.1395
vn 0.8858 -0.4069 -0.2232
vn 0.7436 -0.4341 -0.5086
vn 0.5594 -0.5074 -0.6554
vn 0.9025 -0.4279 -0.0484
vn 0.6568 -0.5844 0.4765
vn -0.6533 0.4369 0.6183
vn -0.5294 0.4685 0.7073
vn -0.2702 0.1299 -0.9540
vn -0.3649 0.1690 -0.9156
vn -0.4452 0.1306 -0.8859
vn -0.2397 0.0980 -0.9659
vn -0.2353 0.0978 -0.9670
vn 0.0032 0.0540 -0.9985
vn -0.4621 0.1419 -0.8754
vn -0.4048 0.0805 -0.9109
vn -0.2458 0.1105 -0.9630
vn -0.0348 0.0668 -0.9972
vn 0.0554 0.0857 -0.9948
vn -0.1541 0.1105 -0.9819
vn 0.0038 0.0549 -0.9985
vn -0.1465 0.0723 -0.9866
vn 0.0012 0.0825 -0.9966
vn -0.0241 0.0530 -0.9983
vn 0.3249 -0.0497 -0.9445
vn 0.3366 -0.0194 -0.9414
vn 0.2065 -0.0519 -0.9771
vn 0.0259 -0.0704 -0.9972
vn -0.1808 -0.1380 -0.9738
vn 0.1984 -0.0829 -0.9766
vn -0.1621 -0.1257 -0.9787
vn -0.5428 -0.0725 -0.8367
vn -0.3203 -0.0535 -0.9458
vn 0.2027 -0.9173 0.3427
vn -0.1665 -0.1166 -0.9791
vn -0.1838 -0.1330 -0.9739
vn 0.1512 -0.8169 0.5566
vn -0.6586 -0.2416 -0.7126
vn 0.1108 -0.0877 -0.9900
vn -0.4841 -0.2489 -0.8389
vn -0.4953 -0.2755 0.8239
vn 0.1248 -0.9917 0.0325
vn -0.0603 -0.9836 0.1698
vn -0.1849 -0.8247 -0.5345
vn -0.4836 -0.3387 0.8071
vn -0.4906 -0.2553 0.8331
vn 0.1243 -0.8375 0.5322
vn -0.6647 -0.4100 0.6245
vn -0.6281 -0.3975 0.6690
vn -0.7520 -0.4805 0.4512
vn -0.7457 -0.4706 0.4717
vn -0.2828 -0.8667 0.4109
vn -0.1886 -0.9717 0.1421
vn -0.8079 -0.5565 -0.1936
vn -0.2432 -0.9669 0.0767
vn 0.5139 -0.7222 -0.4629
vn 0.6808 -0.6676 -0.3014
vn 0.8686 -0.2571 -0.4235
vn 0.7325 -0.2236 -0.6430
vn 0.9511 -0.2540 -0.1760
vn 0.8571 -0.3144 -0.4082
vn 0.8517 -0.3058 -0.4254
vn 0.4349 -0.1604 -0.8861
vn 0.3768 -0.0436 -0.9253
vn 0.6660 0.4250 -0.6131
vn -0.0350 -0.0556 -0.9978
vn -0.4259 -0.7708 -0.4738
vn -0.1597 -0.9858 -0.0515
vn 0.2683 -0.3552 0.8955
vn 0.3428 -0.9007 -0.2670
vn -0.5824 -0.4478 -0.6784
vn 0.6612 0.4306 -0.6143
vn 0.9424 0.3117 -0.1214
vn 0.9605 -0.1619 0.2264
vn 0.9223 -0.0737 -0.3793
vn 0.9562 -0.2424 -0.1643
vn 0.9686 -0.2351 0.0812
vn 0.8545 -0.3177 -0.4110
vn 0.9505 -0.2887 0.1145
vn 0.9509 -0.2880 0.1128
vn 0.9548 -0.2553 0.1525
vn 0.8904 -0.2778 -0.3605
vn 0.8309 -0.2725 -0.4851
vn 0.9515 -0.2465 0.1839
vn 0.7681 -0.3272 -0.5504
vn 0.8908 -0.2781 -0.3593
vn 0.9820 -0.1882 -0.0158
vn 0.9652 -0.2552 0.0569
vn 0.9736 -0.2199 -0.0611
vn 0.9736 -0.2204 -0.0598
vn 0.7831 -0.1929 -0.5912
vn 0.8349 -0.2309 -0.4996
vn 0.9012 -0.1750 -0.3966
vn 0.4781 0.4932 0.7268
vn 0.9051 -0.1503 -0.3978
vn 0.9210 -0.1753 -0.3478
vn 0.9207 -0.1809 -0.3458
vn 0.9608 -0.2122 -0.1786
vn 0.9492 -0.1118 -0.2941
vn 0.2346 0.2474 -0.9401
vn 0.9007 -0.0133 -0.4343
vn 0.9709 -0.0769 -0.2270
vn 0.1628 -0.0548 -0.9851
vn -0.2180 -0.0890 -0.9719
vn 0.8144 -0.4252 -0.3950
vn 0.8335 -0.4223 -0.3562
vn 0.8303 -0.4269 -0.3582
vn 0.6992 -0.6587 -0.2781
vn 0.5878 -0.0267 -0.8086
vn 0.0290 -0.6307 -0.7755
vn 0.1369 -0.7342 -0.6650
vn 0.1840 -0.0878 -0.9790
vn -0.9603 0.1898 -0.2047
vn -0.9868 0.1226 -0.1060
vn -0.9084 -0.1056 -0.4047
vn 0.7496 -0.4587 -0.4772
vn -0.9903 -0.0922 -0.1035
vn 0.6811 -0.7095 -0.1809
vn 0.8274 -0.5261 -0.1966
vn 0.8134 -0.5495 -0.1908
vn -0.2166 0.1004 -0.9711
vn -0.3634 0.0702 -0.9290
vn -0.5857 0.1109 -0.8029
vn -0.1751 0.0673 -0.9822
vn -0.6226 0.2029 -0.7558
vn -0.5783 0.1067 -0.8088
vn -0.3843 0.0668 -0.9208
vn -0.7304 0.6408 -0.2365
vn 0.5533 0.0487 0.8316
vn 0.8435 -0.1203 0.5235
vn 0.8112 -0.0995 0.5763
vn 0.4016 -0.0429 0.9148
vn 0.4986 -0.0905 0.8621
vn 0.2026 -0.0974 0.9744
vn 0.4425 -0.0911 0.8922
vn 0.7962 -0.1295 0.5910
vn 0.4580 -0.0870 0.8847
vn 0.4950 -0.1043 0.8626
vn 0.5002 -0.1030 0.8598
vn 0.1686 -0.0820 0.9823
vn 0.1567 -0.0742 0.9849
vn -0.1110 -0.0294 0.9934
vn -0.1273 0.0018 0.9919
vn 0.2349 -0.0598 0.9702
vn -0.1070 0.0049 0.9943
vn 0.2783 -0.0794 0.9572
vn 0.4389 -0.1497 0.8860
vn 0.4319 -0.1248 0.8933
vn 0.4477 -0.0929 0.8893
vn 0.8399 -0.2246 0.4940
vn 0.8085 -0.1738 0.5623
vn 0.8137 -0.1714 0.5554
vn 0.3920 -0.1147 0.9128
vn 0.4816 -0.0837 0.8724
vn 0.8128 -0.1408 0.5653
vn -0.9500 0.2673 -0.1613
vn -0.9767 0.2077 -0.0534
vn -0.9675 0.1847 0.1725
vn -0.9344 0.2643 -0.2387
vn -0.9603 0.2542 -0.1153
vn -0.9060 0.1047 0.4102
vn -0.8282 0.0453 0.5587
vn -0.8060 0.0534 0.5894
vn 0.8148 -0.5698 -0.1066
vn 0.2312 -0.9485 0.2164
vn -0.1986 -0.8421 0.5014
vn 0.7250 -0.6857 -0.0649
vn 0.8130 -0.5572 -0.1688
vn -0.5717 -0.7713 0.2796
vn -0.4767 0.1447 0.8671
vn -0.4604 0.1261 0.8787
vn 0.4289 -0.0576 0.9015
vn -0.5910 0.7961 0.1301
vn -0.5551 0.5824 0.5939
vn -0.5285 0.5910 0.6095
vn -0.8125 0.5818 -0.0369
vn -0.8120 0.5822 -0.0414
vn -0.3096 0.2792 0.9089
vn -0.3009 0.5243 0.7966
vn -0.5849 0.6973 0.4143
vn 0.9163 -0.3024 0.2625
vn 0.6739 -0.5994 -0.4319
vn 0.8749 -0.4634 0.1409
vn 0.5382 -0.0147 0.8427
vn -0.1071 0.2852 0.9525
vn 0.0380 0.3137 0.9488
vn -0.6944 0.4251 0.5806
vn 0.9050 -0.4158 -0.0896
vn 0.9037 -0.4180 -0.0923
vn 0.0226 0.2760 0.9609
vn -0.6550 0.3287 0.6804
vn -0.6228 0.3611 0.6941
vn -0.6197 0.4029 0.6735
vn -0.1563 0.2694 0.9503
vn 0.8986 -0.3434 -0.2732
vn 0.7179 -0.4303 -0.5473
vn 0.8650 -0.3926 0.3124
vn 0.9669 -0.2492 0.0540
vn 0.8621 -0.5068 0.0029
vn 0.9185 -0.3946 -0.0240
vn 0.9148 -0.3574 -0.1883
vn 0.9272 -0.3032 -0.2198
vn 0.9472 -0.2142 -0.2385
vn 0.9591 -0.2593 0.1138
vn 0.8930 -0.3054 -0.3306
vn 0.9791 -0.1985 -0.0452
vn 0.8589 -0.2699 -0.4353
vn 0.9770 -0.2053 -0.0584
vn 0.2808 0.1385 0.9497
vn 0.8324 -0.0856 0.5476
vn -0.1840 0.1824 0.9658
vn 0.3521 0.0442 0.9349
vn 0.9592 -0.1927 -0.2070
vn 0.9863 -0.1643 0.0135
vn 0.9872 -0.1564 0.0302
vn 0.9489 -0.1419 -0.2819
vn 0.7681 -0.6091 -0.1975
vn 0.8717 -0.4602 -0.1686
vn 0.7373 -0.6563 -0.1603
vn 0.9307 -0.0789 -0.3573
vn -0.8846 0.2346 -0.4031
vn -0.8648 0.2209 -0.4510
vn -0.9503 0.1934 -0.2441
vn -0.9870 0.1570 0.0338
vn -0.9739 0.1938 -0.1184
vn -0.9784 0.1803 0.1010
vn -0.9747 0.2107 -0.0740
vn -0.9543 0.2029 -0.2192
vn -0.9435 0.2348 -0.2339
vn -0.9368 0.2130 -0.2776
vn -0.9282 0.2304 -0.2921
vn -0.9302 0.2278 -0.2877
vn -0.0588 -0.8817 -0.4682
vn 0.9990 -0.0318 0.0300
vn -0.9580 0.1307 0.2554
vn 0.7106 -0.4561 -0.5357
vn 0.0134 0.9192 0.3935
vn -0.7820 -0.5954 -0.1843
vn -0.7876 -0.5856 -0.1917
vn -0.9110 -0.4046 0.0796
vn 0.8372 -0.4972 -0.2280
vn -0.2289 -0.5089 -0.8298
vn -0.8125 0.5628 0.1522
vn 0.4735 -0.8790 -0.0553
vn -0.9309 0.2596 0.2569
vn -0.9476 0.2000 0.2492
vn -0.9376 0.1982 0.2855
vn 0.4477 -0.8606 0.2428
vn 0.5351 -0.8395 0.0945
vn 0.6128 -0.6472 0.4535
vn 0.5412 -0.6636 0.5165
vn -0.8776 0.1641 0.4504
vn -0.8395 0.1296 0.5277
vn -0.7625 0.1463 0.6302
vn -0.7629 0.1668 0.6247
vn -0.7632 0.1645 0.6249
vn 0.7743 -0.5915 -0.2251
vn 0.5762 -0.6551 0.4887
vn 0.8269 -0.5416 -0.1515
vn -0.6521 0.2574 0.7131
vn 0.1548 -0.6829 0.7139
vn -0.8324 0.3117 0.4581
vn -0.8722 0.2570 0.4163
vn -0.8682 0.2336 0.4378
vn -0.7850 0.1410 0.6032
vn -0.5162 0.7920 -0.3261
vn -0.7447 0.1399 0.6526
vn -0.7616 0.2356 0.6037
vn -0.4844 0.1103 0.8678
vn -0.6885 0.1008 0.7182
vn -0.8435 0.1195 0.5237
vn -0.9733 0.1799 0.1427
vn -0.9732 0.1827 0.1396
vn -0.9745 0.2192 -0.0488
vn 0.7082 -0.6831 -0.1783
vn 0.5787 -0.8045 -0.1338
vn 0.5587 -0.8218 -0.1122
vn -0.4728 -0.6677 0.5750
vn 0.4958 -0.8414 0.2152
vn 0.6625 -0.7470 -0.0558
vn -0.1634 -0.6937 0.7015
vn -0.5908 -0.5229 0.6145
vn 0.7432 -0.6691 0.0042
vn -0.1428 -0.6984 0.7013
vn 0.5340 -0.8221 0.1975
vn 0.5051 -0.8425 0.1872
vn -0.6192 -0.4493 0.6440
vn 0.7155 -0.6846 -0.1391
vn -0.6621 0.7195 -0.2095
vn -0.8352 0.5471 0.0559
vn -0.6416 0.7368 -0.2134
vn -0.6882 0.7128 -0.1354
vn 0.9425 -0.0104 -0.3340
vn 0.7220 -0.6597 -0.2086
vn 0.7188 -0.6625 -0.2105
vn 0.8743 -0.4112 -0.2578
vn 0.8974 0.1042 -0.4287
vn 0.8999 0.1232 -0.4183
vn 0.7322 -0.6405 -0.2315
vn 0.5952 0.5822 -0.5539
vn 0.4629 0.8097 -0.3608
vn 0.6867 0.5541 -0.4705
vn 0.6199 -0.7679 -0.1615
vn 0.2532 -0.9665 0.0414
vn 0.7176 -0.6879 -0.1091
vn 0.8923 -0.2436 -0.3801
vn 0.8790 -0.4261 -0.2138
vn 0.4438 -0.8941 -0.0606
vn 0.5317 0.7146 -0.4546
vn 0.8778 -0.2460 -0.4111
vn 0.8073 0.3839 -0.4482
vn 0.4359 0.7361 -0.5179
vn 0.7419 -0.6429 -0.1906
vn 0.6739 0.3789 -0.6342
vn 0.0278 0.9949 -0.0973
vn 0.0067 0.9877 -0.1559
vn -0.9224 0.1202 0.3671
vn -0.6827 0.6911 0.2374
vn -0.9335 -0.0371 0.3566
vn -0.9329 0.0775 0.3517
vn 0.0215 0.9940 -0.1070
vn -0.6281 0.7597 0.1685
vn 0.0221 0.9939 -0.1078
vn 0.1726 0.9745 -0.1437
vn -0.6827 0.6948 0.2261
vn -0.9102 0.1014 0.4015
vn -0.6709 0.7067 0.2245
vn -0.9020 0.0533 0.4285
vn 0.0796 0.9474 -0.3100
vn 0.0328 0.9790 -0.2014
vn 0.3472 0.8798 -0.3246
vn -0.1183 0.9616 -0.2476
vn 0.0807 0.9422 -0.3252
vn 0.1412 0.8841 -0.4454
vn -0.9019 0.0533 0.4287
vn -0.3460 0.9346 0.0823
vn -0.9246 0.0209 0.3804
vn -0.5955 0.7918 0.1356
vn -0.6320 0.7052 0.3213
vn -0.8974 -0.0152 0.4410
vn -0.7049 -0.5486 0.4497
vn -0.7368 -0.5149 0.4382
vn -0.3830 -0.8782 0.2866
vn -0.4817 -0.8386 0.2543
vn -0.8992 -0.0193 0.4371
vn -0.8753 -0.2966 0.3818
vn -0.8041 -0.5131 0.3001
vn 0.6898 -0.5800 -0.4333
vn -0.6788 0.4306 0.5948
vn -0.3775 0.2458 0.8928
vn -0.8363 0.2238 0.5005
vn -0.5600 0.4776 0.6770
vn -0.0660 0.4792 0.8752
vn -0.6277 0.4126 0.6601
vn 0.3960 -0.1557 0.9050
vn -0.0668 -0.0516 0.9964
vn -0.1025 -0.0534 0.9933
vn 0.2496 -0.1392 0.9583
vn 0.1267 -0.0981 0.9871
vn 0.1567 -0.1185 0.9805
vn 0.1642 -0.1252 0.9784
vn 0.1800 -0.1433 0.9732
vn 0.1433 -0.1308 0.9810
vn 0.1776 -0.1131 0.9776
vn 0.2337 -0.1297 0.9636
vn 0.1861 -0.1528 0.9706
vn -0.7674 -0.6065 0.2080
vn -0.2388 0.1145 0.9643
vn 0.0161 -0.0992 0.9949
vn -0.8792 -0.2148 0.4252
vn 0.1130 -0.1153 0.9869
vn 0.1189 -0.1034 0.9875
vn 0.1199 -0.0625 0.9908
vn 0.1752 -0.0543 0.9830
vn -0.5602 0.0572 0.8264
vn -0.3808 0.0846 0.9208
vn 0.1846 -0.0513 0.9815
vn -0.4100 0.1202 0.9042
vn -0.6161 0.2027 -0.7612
vn -0.5895 0.1791 -0.7877
vn -0.3764 0.1179 0.9189
vn -0.7097 0.1673 -0.6844
vn -0.9185 0.1852 -0.3494
vn -0.9359 0.1830 -0.3011
vn -0.9431 0.1773 -0.2813
vn -0.8874 0.1790 -0.4248
vn -0.7555 0.2317 -0.6128
vn -0.8468 0.2352 -0.4772
vn -0.9402 0.2025 -0.2739
vn -0.9367 0.2048 -0.2838
vn -0.9064 0.2013 -0.3713
vn -0.9883 0.1130 -0.1023
vn -0.8004 0.1620 -0.5772
vn -0.8472 0.1788 -0.5002
vn -0.9409 0.2130 -0.2634
vn -0.7206 0.1537 -0.6761
vn -0.6378 0.1345 -0.7584
vn -0.7543 0.1476 -0.6397
vn -0.8215 0.1748 -0.5428
vn -0.6635 0.1540 -0.7322
vn -0.7401 0.1240 -0.6610
vn -0.8563 0.1563 -0.4923
vn -0.4090 0.9122 0.0245
vn -0.4028 0.9153 0.0077
vn -0.4474 0.8942 0.0179
vn -0.4587 0.7722 0.4397
vn -0.5018 0.7771 0.3798
vn 0.0795 0.3599 0.9296
vn 0.5323 -0.2196 0.8176
vn 0.6558 -0.2181 0.7228
vn -0.3964 0.7806 0.4832
vn -0.6141 0.7465 -0.2562
vn -0.1618 0.7574 0.6326
vn -0.3643 0.9042 0.2229
vn 0.1173 0.9769 -0.1785
vn -0.0238 0.9915 -0.1282
vn -0.1054 0.9938 -0.0357
vn 0.2144 0.9562 -0.1995
vn 0.6442 0.6983 -0.3121
vn 0.6422 0.6966 -0.3199
vn 0.3180 0.9466 -0.0535
vn -0.5700 0.4327 0.6985
vn -0.7011 0.3236 0.6354
vn -0.4973 0.8219 0.2776
vn 0.2505 0.7537 0.6076
vn -0.7749 -0.1234 0.6199
vn -0.9573 0.1154 -0.2651
vn -0.7718 -0.1310 0.6222
vn -0.4007 0.2222 0.8889
vn 0.8530 0.4137 -0.3180
vn -0.7843 0.1678 0.5972
vn -0.9630 -0.0238 0.2685
vn -0.8223 -0.3072 0.4791
vn -0.7947 0.0806 0.6016
vn -0.9023 0.1006 0.4192
vn 0.8803 0.3744 -0.2915
vn 0.9470 0.1687 -0.2735
vn 0.3261 0.0274 0.9449
vn 0.9650 -0.1868 -0.1841
vn 0.9863 0.0137 -0.1646
vn 0.6313 0.7082 -0.3162
vn 0.2665 0.9588 -0.0989
vn -0.1162 0.9637 0.2405
vn -0.4949 0.8673 -0.0543
vn -0.2519 0.9539 -0.1631
vn -0.2761 0.9591 -0.0620
vn 0.7122 -0.6433 0.2810
vn -0.0263 0.0950 0.9951
vn -0.6922 0.4288 0.5805
vn -0.6507 0.1775 0.7383
vn 0.9259 -0.3008 0.2284
vn 0.6116 -0.7758 -0.1554
vn 0.2858 -0.9583 -0.0031
vn 0.3489 -0.8350 0.4255
vn 0.4294 -0.1725 0.8865
vn 0.3169 -0.9484 0.0105
vn 0.4919 -0.6779 -0.5464
vn 0.7186 -0.6737 -0.1726
vn 0.6260 -0.7776 0.0595
vn -0.0970 0.9209 0.3774
vn -0.4302 0.7092 0.5585
vn 0.1379 0.8771 0.4601
vn -0.2334 0.3316 0.9141
vn 0.4798 0.1418 0.8659
vn -0.2785 0.1249 0.9523
vn 0.0220 0.2701 0.9626
vn 0.3353 0.1510 0.9299
vn 0.2415 -0.1306 0.9616
vn 0.0883 0.3672 0.9259
vn 0.4420 0.0589 0.8951
vn 0.4433 0.4628 0.7676
vn 0.4580 0.0479 0.8877
vn 0.5272 0.8063 0.2680
vn 0.4234 0.8816 0.2089
vn 0.0551 0.9985 0.0021
vn 0.3421 0.8839 -0.3190
vn 0.3747 0.8745 -0.3081
vn 0.5063 0.4535 -0.7335
vn 0.4111 0.8161 -0.4062
vn 0.1415 0.0326 -0.9894
vn 0.8779 0.0111 -0.4787
vn 0.5130 0.7931 -0.3284
vn -0.1435 -0.9809 0.1313
vn 0.1805 -0.9745 0.1333
vn 0.3092 -0.9488 0.0651
vn 0.9595 -0.2614 -0.1051
vn 0.4579 -0.8847 -0.0878
vn 0.1125 -0.9915 0.0657
vn -0.0809 -0.9865 0.1425
vn -0.3864 -0.8800 0.2762
vn -0.5395 -0.7868 0.2997
vn -0.1457 -0.9782 0.1479
vn -0.0121 -0.9773 0.2115
vn -0.0242 -0.9337 0.3572
vn 0.2627 0.3503 0.8991
vn 0.3115 0.2239 0.9235
vn -0.1190 0.9224 0.3675
vn -0.1100 0.9928 -0.0476
vn 0.1770 0.8149 0.5519
vn -0.0148 0.9772 -0.2116
vn 0.3387 -0.3729 0.8639
vn -0.0497 -0.9411 0.3344
vn -0.3090 -0.9183 0.2475
vn -0.4422 -0.8200 0.3633
vn -0.1268 -0.6693 0.7321
vn -0.6256 -0.6641 0.4094
vn -0.8133 -0.4874 0.3178
vn 0.2925 -0.2218 0.9302
vn 0.0782 -0.2739 0.9586
vn 0.4718 0.2416 0.8480
vn 0.1703 -0.0757 0.9825
vn -0.7299 -0.6820 0.0465
vn -0.9205 0.2050 0.3325
vn -0.8315 -0.2895 0.4742
vn -0.8699 0.0606 0.4894
vn -0.8734 0.0763 0.4811
vn -0.6635 0.2306 0.7117
vn -0.7697 0.3404 0.5402
vn 0.0326 0.0670 0.9972
vn 0.1547 0.3573 0.9211
vn 0.2708 0.9497 -0.1573
vn 0.1422 0.9603 -0.2400
vn 0.2691 0.9534 -0.1365
vn -0.5886 -0.5199 0.6190
vn -0.0488 0.3319 0.9421
vn 0.6030 0.6372 0.4800
vn 0.6006 0.6253 0.4983
vn 0.1106 0.9731 -0.2021
vn -0.6001 0.7942 0.0951
vn 0.1173 0.9843 -0.1321
vn -0.5449 0.7989 0.2547
vn -0.9119 0.0606 0.4059
vn -0.8985 0.0368 0.4375
vn -0.6993 -0.5254 0.4848
vn -0.5796 0.1851 0.7936
vn 0.7780 -0.0519 0.6261
vn 0.0910 0.0694 0.9934
vn 0.7962 -0.0931 0.5978
vn 0.7210 -0.0550 0.6908
vn 0.0238 0.0581 0.9980
vn 0.1450 0.0146 0.9893
vn 0.0032 0.0032 1.0000
vn 0.7056 -0.0714 0.7050
vn 0.7437 -0.0907 0.6623
vn 0.0232 0.0236 0.9995
vn -0.0971 -0.1035 0.9899
vn -0.5669 0.1442 0.8110
vn -0.8356 0.2094 0.5078
vn -0.5334 0.1463 0.8331
vn 0.0640 0.0466 0.9969
vn -0.3937 -0.0447 -0.9182
vn -0.9096 0.2214 0.3517
vn -0.8863 0.2197 0.4078
vn -0.6714 0.7217 -0.1686
vn -0.6749 0.7188 -0.1669
vn -0.7871 0.0229 0.6165
vn -0.6681 0.7397 -0.0809
vn -0.7547 -0.0100 0.6560
vn -0.6941 -0.1148 0.7107
vn -0.1441 -0.7004 0.6991
vn 0.1962 -0.7868 0.5852
vn 0.6732 -0.7371 0.0594
vn -0.4831 -0.3380 0.8077
vn -0.4794 -0.3348 0.8112
vn -0.6358 -0.0329 0.7711
vn -0.8268 0.3153 0.4657
vn -0.7474 0.6642 0.0145
vn -0.7431 0.6655 0.0696
vn -0.7362 0.6765 0.0186
vn -0.6203 -0.0055 0.7843
vn -0.6283 -0.0279 0.7775
vn -0.6653 -0.1972 0.7201
vn -0.3146 -0.5303 0.7873
vn 0.6096 -0.7924 0.0226
vn 0.6323 -0.7575 0.1624
vn 0.2063 -0.7816 0.5887
vn 0.0655 -0.6356 0.7693
vn -0.5447 -0.4237 0.7237
vn 0.6550 -0.7378 0.1635
vn 0.0395 -0.6553 0.7544
vn 0.0241 -0.6296 0.7765
vn 0.9037 -0.4265 0.0366
vn 0.4220 -0.2065 0.8828
vn 0.5062 0.0128 0.8623
vn 0.7605 -0.6103 -0.2219
vn 0.3635 0.8052 -0.4685
vn 0.9416 -0.1319 -0.3099
vn 0.8538 -0.5017 -0.1389
vn 0.8291 0.2085 -0.5187
vn 0.3804 0.7520 -0.5384
vn 0.8260 0.2232 -0.5176
vn 0.7370 0.3558 -0.5747
vn 0.8051 -0.5618 -0.1902
vn 0.4306 0.6607 -0.6148
vn -0.0643 0.7954 -0.6027
vn -0.6164 0.3699 -0.6952
vn -0.6116 0.3410 -0.7139
vn 0.4446 0.6528 -0.6134
vn 0.8000 0.2122 -0.5612
vn 0.8396 -0.2691 -0.4719
vn -0.4765 -0.8601 0.1821
vn -0.4581 -0.0016 -0.8889
vn -0.4569 -0.0322 -0.8889
vn -0.4680 -0.0050 -0.8837
vn -0.5332 -0.0062 -0.8460
vn 0.0473 -0.1469 -0.9880
vn 0.0646 -0.1479 -0.9869
vn -0.6453 0.0166 -0.7638
vn 0.1757 -0.1431 -0.9740
vn 0.0720 -0.1399 -0.9875
vn 0.9720 -0.2080 0.1097
vn -0.8901 0.2324 0.3920
vn -0.8345 0.2061 0.5111
vn -0.6063 0.1904 0.7721
vn 0.0813 0.0499 0.9954
vn 0.0551 0.0307 0.9980
vn -0.4979 0.0837 -0.8632
vn -0.6299 0.1197 -0.7674
vn -0.5754 0.1521 -0.8036
vn -0.8983 0.1920 0.3953
vn -0.5596 0.1168 -0.8205
vn 0.4299 -0.4648 0.7741
vn -0.5462 0.1313 -0.8273
vn -0.8486 0.1360 -0.5112
vn -0.4833 0.1351 -0.8650
vn -0.5316 0.1428 -0.8348
vn -0.2687 0.0154 -0.9631
vn -0.8426 0.0920 -0.5307
vn -0.5601 0.1037 -0.8219
vn -0.9955 -0.0939 -0.0138
vn -0.2051 0.0112 -0.9787
vn -0.4494 -0.1658 0.8778
vn -0.1924 0.0469 0.9802
vn 0.8974 -0.4006 -0.1849
vn -0.3107 0.1364 0.9407
vn -0.4101 0.2014 -0.8895
vn 0.9286 -0.3429 0.1420
vn -0.3096 -0.2069 0.9281
vn 0.8675 -0.1676 0.4683
vn -0.3916 -0.4429 -0.8065
vn -0.8924 0.1376 -0.4298
vn -0.2888 0.8670 0.4060
vn 0.6575 0.4481 0.6057
vn -0.9428 -0.3169 0.1033
vn 0.0336 0.0607 0.9976
vn -0.4329 0.0025 0.9014
vn -0.4413 0.0095 -0.8973
vn 0.7816 -0.4388 -0.4434
vn 0.4604 0.6187 -0.6366
vn 0.8913 -0.2366 -0.3868
vn 0.8213 -0.4172 -0.3891
vn -0.3407 0.0679 0.9377
vn 0.0751 0.4001 0.9134
vn -0.2384 0.5871 -0.7736
vn -0.8369 0.5413 -0.0812
vn -0.8288 0.0336 -0.5586
vn 0.9771 -0.0491 -0.2071
vn 0.9595 -0.1414 -0.2438
vn 0.9543 -0.0462 -0.2954
vn 0.8857 -0.1802 -0.4279
vn 0.8186 -0.1790 -0.5457
vn 0.9359 -0.1458 -0.3207
vn 0.6552 0.7118 -0.2530
vn 0.7218 0.6472 -0.2451
vn 0.8895 -0.1836 -0.4185
vn 0.6785 -0.1075 -0.7267
vn 0.8794 -0.0777 -0.4697
vn 0.9510 -0.1517 -0.2695
vn 0.8969 -0.0890 -0.4331
vn 0.4992 -0.0478 -0.8652
vn 0.6766 0.2034 -0.7077
vn -0.0545 -0.2060 -0.9770
vn -0.5134 0.3621 -0.7780
vn -0.9741 0.2240 -0.0315
vn -0.9588 0.2773 -0.0612
vn -0.1956 0.2913 -0.9364
vn -0.8150 0.5297 -0.2349
vn -0.8644 0.0336 -0.5017
vn 0.8192 -0.1789 -0.5449
vn 0.6263 -0.2690 -0.7318
vn 0.8694 0.0729 -0.4886
vn -0.9378 0.2471 -0.2440
vn -0.9720 0.1985 -0.1257
vn -0.9448 0.3264 -0.0293
vn 0.9143 -0.1574 -0.3733
vn 0.5601 -0.5597 -0.6107
vn 0.9443 0.0147 -0.3287
vn 0.8311 -0.3673 -0.4175
vn 0.5921 -0.3665 -0.7177
vn 0.9000 0.1638 -0.4040
vn -0.8090 0.4281 -0.4028
vn -0.6977 0.2813 -0.6589
vn -0.1629 0.0924 -0.9823
vn -0.3370 0.2430 -0.9096
vn 0.8122 0.4986 -0.3028
vn 0.9502 0.1415 -0.2777
vn 0.6852 -0.4089 -0.6028
vn 0.6264 -0.4005 -0.6687
vn -0.6515 -0.7355 -0.1859
vn -0.6534 -0.6743 -0.3441
vn -0.7782 -0.6274 -0.0266
vn -0.1937 0.7525 -0.6294
vn -0.9295 -0.2814 0.2383
vn 0.5535 -0.0742 -0.8295
vn -0.9936 0.0863 -0.0725
vn -0.9109 0.4112 -0.0337
vn -0.3420 0.1470 0.9281
vn -0.5787 -0.8119 -0.0776
vn -0.9841 -0.1128 -0.1369
vn -0.9772 -0.0634 -0.2028
vn 0.7116 -0.1067 -0.6944
vn 0.2445 -0.1945 -0.9500
vn 0.4077 0.0439 -0.9121
vn -0.2634 0.3028 -0.9159
vn -0.6079 -0.7857 -0.1149
vn -0.9641 0.1842 -0.1911
vn -0.9403 0.2052 -0.2716
vn -0.5410 0.4705 -0.6970
vn -0.9665 0.2197 -0.1328
vn -0.9107 0.1922 -0.3655
vn -0.9615 0.2224 -0.1614
vn -0.9518 0.2046 -0.2283
vn -0.9776 0.1961 0.0767
vn -0.9185 0.2115 -0.3341
vn -0.9685 0.2400 0.0663
vn -0.9541 0.1999 -0.2231
vn -0.9763 0.1982 0.0866
vn -0.9779 0.2090 0.0001
vn -0.9954 0.0783 0.0555
vn -0.9611 0.1428 0.2363
vn -0.9793 0.1017 -0.1751
vn -0.9186 0.2108 -0.3343
vn -0.9178 0.1767 -0.3556
vn -0.8974 0.0808 -0.4338
vn -0.9076 0.0877 -0.4105
vn -0.9493 0.2583 0.1791
vn 0.1080 0.8767 0.4688
vn -0.3854 0.9217 0.0444
vn -0.9391 0.1934 -0.2839
vn -0.9353 0.2045 -0.2889
vn -0.5954 -0.8008 -0.0643
vn 0.7258 0.6401 0.2520
vn -0.6622 -0.7302 -0.1682
vn 0.1531 0.9678 0.1996
vn 0.9953 -0.0947 -0.0203
vn 0.9545 -0.0210 0.2976
vn 0.5849 0.2939 -0.7560
vn -0.9493 0.2997 -0.0947
vn -0.7077 0.6943 -0.1307
vn -0.6436 -0.7397 -0.1967
vn -0.9571 0.2105 -0.1992
vn -0.9364 0.1733 0.3051
vn -0.2088 -0.0023 -0.9780
vn -0.0923 -0.0102 -0.9957
vn -0.9756 0.1701 -0.1391
vn -0.5386 0.1276 -0.8328
vn -0.5509 0.1299 -0.8244
vn -0.9641 0.1087 -0.2423
vn -0.9460 0.2219 0.2364
vn -0.7325 0.2245 0.6427
vn -0.7452 0.2375 0.6232
vn -0.8603 0.1757 -0.4785
vn -0.7246 0.2756 0.6316
vn -0.9373 0.3224 -0.1322
vn -0.9443 0.3174 -0.0864
vn -0.7122 0.2502 0.6559
vn -0.9062 0.2926 0.3054
vn -0.8310 0.1315 0.5405
vn -0.9322 0.2400 0.2709
vn -0.9663 0.2442 0.0815
vn -0.9072 0.2890 0.3057
vn -0.9674 0.2403 0.0798
vn -0.0819 0.1975 0.9769
vn 0.7640 0.5084 -0.3972
vn -0.1544 0.5334 -0.8317
vn -0.9321 0.2926 -0.2133
vn -0.3360 0.9363 0.1026
vn -0.6744 -0.1958 -0.7119
vn -0.9552 0.1505 -0.2550
vn -0.5021 0.0205 0.8646
vn -0.9485 0.1623 -0.2722
vn -0.6839 0.1889 -0.7047
vn -0.7660 0.1735 -0.6190
vn -0.7918 -0.6099 0.0333
vn -0.9135 0.2181 0.3433
vn -0.5972 -0.7871 0.1542
vn -0.6497 0.2678 -0.7114
vn -0.8981 0.0961 0.4292
vn -0.9162 -0.1123 0.3848
vn -0.8755 -0.1259 0.4664
vn -0.5613 0.3755 -0.7375
vn 0.7048 0.7044 -0.0846
vn -0.4697 -0.0413 -0.8818
vn 0.8449 0.3849 -0.3714
vn 0.9373 0.1846 -0.2955
vn -0.5396 -0.0026 -0.8419
vn -0.9998 -0.0152 -0.0095
vn -0.8930 0.3508 -0.2818
vn -0.9032 -0.0831 0.4212
vn -0.6166 -0.7563 0.2186
vn -0.9844 0.0597 0.1654
vn -0.8905 0.2210 0.3976
vn 0.9268 -0.2025 0.3161
vn 0.8364 -0.5393 0.0978
vn 0.8965 -0.0902 0.4338
vn 0.6378 0.0470 0.7688
vn 0.1549 0.0625 0.9860
vn -0.3265 0.1188 0.9377
vn -0.2337 -0.5250 -0.8183
vn -0.8846 0.3281 0.3315
vn 0.9320 0.0418 -0.3601
vn 0.8754 -0.0158 -0.4831
vn 0.6274 0.1971 0.7533
vn 0.6064 0.0883 0.7902
vn 0.7331 -0.2267 0.6412
vn 0.6973 -0.6130 0.3715
vn 0.0605 -0.9751 0.2134
vn 0.8256 0.2463 0.5077
vn -0.5489 -0.2244 0.8052
vn -0.9394 -0.1081 0.3253
vn -0.6065 0.3792 0.6988
vn -0.9105 0.2949 0.2897
vn -0.8943 0.3483 0.2809
vn -0.4602 -0.3100 0.8319
vn -0.8798 0.3938 0.2662
vn -0.7498 0.2571 0.6096
vn -0.3059 -0.6261 -0.7172
vn -0.2972 -0.6296 -0.7178
vn 0.9567 0.0336 -0.2890
vn 0.9497 0.0286 -0.3120
vn 0.5616 -0.2977 -0.7720
vn -0.9147 0.3311 0.2317
vn 0.9680 -0.0219 -0.2501
vn 0.5632 -0.6823 -0.4661
vn -0.7588 0.4103 0.5059
vn -0.6053 0.2477 0.7565
vn 0.1312 -0.5240 -0.8415
vn -0.3119 -0.2601 -0.9138
vn 0.9520 0.0130 -0.3059
vn 0.4579 -0.0500 0.8876
vn -0.6059 0.2513 0.7548
vn -0.4226 0.1614 0.8918
vn 0.1775 -0.7394 -0.6494
vn 0.4657 -0.7354 -0.4923
vn -0.5571 0.1199 0.8217
vn -0.4285 0.1581 0.8896
vn -0.4381 0.1405 0.8879
vn -0.4386 0.1436 0.8872
vn -0.6217 0.1389 0.7709
vn -0.7967 0.2211 0.5625
vn -0.8109 0.1624 0.5623
vn 0.4528 -0.7452 -0.4896
vn 0.8305 -0.5563 -0.0282
vn 0.8980 -0.1344 -0.4190
vn 0.6273 -0.0642 0.7761
vn 0.3504 -0.3381 0.8734
vn 0.9570 -0.2520 -0.1440
vn -0.4718 0.0996 0.8760
vn 0.9713 -0.2348 -0.0385
vn 0.8992 -0.0348 0.4361
vn -0.4345 0.1464 0.8887
vn -0.5776 0.1493 0.8026
vn -0.4663 0.1235 0.8760
vn -0.7772 0.2887 0.5591
vn -0.6812 0.2626 0.6834
vn -0.7766 0.2694 0.5695
vn -0.8624 0.3915 0.3210
vn -0.4320 0.0226 -0.9016
vn -0.7598 0.3229 0.5643
vn -0.5026 0.2016 0.8407
vn -0.6268 -0.0303 0.7786
vn -0.6224 0.1543 0.7673
vn -0.7626 0.3628 0.5356
vn -0.8883 0.1584 0.4311
vn -0.4611 -0.0087 -0.8873
vn -0.7808 0.2325 0.5800
vn -0.6002 0.2820 0.7485
vn -0.8051 0.3333 0.4907
vn -0.6164 0.1421 0.7745
vn -0.0708 -0.0704 0.9950
vn -0.2383 0.0417 0.9703
vn 0.9147 -0.3575 -0.1884
vn 0.8121 -0.5706 -0.1221
vn -0.1515 0.0591 0.9867
vn -0.9372 -0.0533 0.3446
vn 0.8845 -0.1716 -0.4337
vn 0.9055 0.2646 -0.3318
vn 0.8940 0.4118 -0.1766
vn 0.9580 -0.1411 -0.2497
vn 0.9394 0.0302 -0.3414
vn 0.8751 -0.3229 -0.3603
vn 0.9406 0.0279 -0.3384
vn 0.7663 0.0332 -0.6417
vn 0.2549 0.1485 -0.9555
vn -0.9464 0.2243 0.2326
vn -0.9421 0.1923 0.2748
vn -0.9594 0.2597 0.1102
vn -0.9671 0.2543 -0.0017
vn 0.5474 0.4399 -0.7119
vn -0.8107 0.4263 -0.4014
vn -0.0108 0.3887 -0.9213
vn -0.8760 0.4820 0.0180
vn -0.8659 0.4995 0.0281
vn -0.8594 0.4879 0.1529
vn -0.6134 0.7646 0.1976
vn -0.9810 0.1842 -0.0612
vn 0.8867 0.2713 -0.3744
vn -0.9618 0.2706 0.0414
vn -0.7010 0.7119 -0.0423
vn -0.9626 0.2698 0.0240
vn 0.0881 0.8169 -0.5700
vn -0.2880 0.3511 -0.8909
vn 0.5049 0.8070 0.3064
vn 0.3645 0.8823 -0.2978
vn -0.2999 0.2099 -0.9306
vn -0.3897 0.3575 -0.8487
vn 0.0033 0.6551 -0.7556
vn 0.6413 0.6246 0.4457
vn 0.5661 0.1448 0.8115
vn 0.4829 0.1016 0.8697
vn 0.6496 -0.0348 0.7595
vn 0.6336 -0.0447 0.7724
vn 0.4610 0.1002 0.8817
vn 0.4623 0.0967 0.8814
vn 0.7110 -0.0468 0.7016
vn 0.7115 -0.0384 0.7016
vn -0.1616 0.1702 0.9721
vn 0.9753 -0.1990 -0.0958
vn 0.8368 -0.1921 -0.5126
vn 0.9901 -0.1255 0.0624
vn 0.9879 -0.1338 -0.0789
vn 0.0511 0.0347 0.9981
vn -0.1033 0.0072 0.9946
vn 0.9518 -0.1970 -0.2351
vn 0.0217 0.0692 0.9974
vn 0.9699 -0.1430 -0.1973
vn 0.9476 -0.1081 -0.3006
vn 0.6022 -0.0109 0.7983
vn -0.5026 0.2015 0.8407
vn 0.6577 0.0432 0.7520
vn -0.4816 0.1116 0.8693
vn 0.9680 -0.1654 -0.1886
vn 0.7074 -0.2358 -0.6663
vn 0.9627 -0.1938 0.1887
vn 0.7012 0.0557 0.7108
vn -0.1763 0.1969 0.9644
vn 0.7697 -0.1027 0.6301
vn 0.7421 -0.0213 0.6700
vn 0.5750 -0.1394 0.8062
vn 0.8745 -0.3190 -0.3653
vn 0.7372 -0.2524 -0.6268
vn 0.9790 -0.1726 -0.1083
vn 0.9672 -0.1503 -0.2045
vn 0.9674 -0.1481 -0.2053
vn 0.6568 -0.0101 0.7540
vn 0.9468 -0.2308 -0.2245
vn 0.9314 -0.2527 -0.2621
vn 0.9559 -0.2846 -0.0726
vn 0.6947 -0.3632 -0.6209
vn 0.9469 -0.3195 0.0373
vn 0.8565 -0.3858 -0.3430
vn 0.9710 -0.2185 -0.0970
vn 0.6711 -0.2851 -0.6843
vn 0.6405 -0.3899 -0.6616
vn 0.6376 -0.3904 -0.6641
vn 0.8620 -0.3855 -0.3292
vn 0.9557 -0.2917 -0.0405
vn 0.8401 -0.1789 0.5121
vn 0.2487 0.1305 0.9598
vn -0.1240 0.2174 0.9682
vn -0.1842 0.2487 0.9509
vn 0.8458 -0.1041 0.5233
vn 0.8516 -0.1753 0.4940
vn 0.3213 0.1268 0.9384
vn -0.1938 0.3022 0.9333
vn 0.6407 -0.3942 -0.6588
vn 0.7163 -0.3425 -0.6080
vn 0.8011 -0.0864 0.5923
vn -0.9570 0.2744 -0.0941
vn -0.8987 0.4077 0.1618
vn -0.8979 0.1232 0.4226
vn -0.8485 0.3034 0.4336
vn -0.1382 0.7815 -0.6084
vn 0.6745 0.1346 0.7259
vn 0.8369 -0.0990 0.5383
vn 0.3204 0.1255 0.9389
vn 0.4473 0.1050 0.8882
vn 0.9439 -0.3219 -0.0732
vn -0.0980 0.3118 0.9451
vn -0.0927 0.3005 0.9493
vn 0.6156 0.0651 0.7854
vn 0.3264 0.9371 -0.1237
vn -0.1047 0.7875 -0.6073
vn -0.2590 0.9298 -0.2615
vn -0.4307 0.0918 -0.8978
vn -0.3567 0.0772 -0.9310
vn -0.4007 0.0381 -0.9154
vn -0.4004 0.0417 -0.9154
vn -0.5648 0.0139 -0.8251
vn -0.5112 0.0286 -0.8590
vn -0.5334 0.0475 -0.8446
vn -0.7220 0.0085 -0.6918
vn -0.2906 -0.1034 -0.9512
vn -0.2182 -0.0411 -0.9750
vn 0.7374 -0.6330 0.2358
vn -0.4013 -0.0155 0.9158
vn 0.7808 -0.2292 0.5812
vn -0.3947 -0.2097 0.8946
vn -0.6764 0.0292 -0.7360
vn -0.4746 0.0953 -0.8751
vn -0.6562 -0.0378 0.7536
vn 0.0168 -0.6350 0.7723
vn 0.6285 -0.7440 0.2267
vn 0.6601 -0.7302 0.1763
vn 0.6207 -0.7604 0.1912
vn 0.0324 -0.4946 0.8685
vn -0.3872 -0.1108 0.9153
vn -0.1997 -0.1309 0.9711
vn -0.4244 -0.0766 0.9022
vn -0.5748 -0.0740 0.8150
vn -0.5916 -0.0792 0.8023
vn -0.4689 -0.0706 0.8804
vn 0.6112 -0.7691 0.1868
vn -0.9675 0.0082 -0.2529
vn -0.5214 -0.1362 0.8424
vn -0.6537 -0.0505 0.7551
vn -0.9793 0.1010 0.1755
vn -0.9623 -0.2628 -0.0698
vn -0.8764 -0.4586 -0.1468
vn -0.5380 -0.8058 -0.2476
vn -0.9714 0.2165 -0.0975
vn -0.9703 0.2400 0.0310
vn 0.0149 -0.1751 0.9844
vn -0.9410 0.2518 -0.2262
vn -0.6164 -0.0330 0.7867
vn -0.9295 0.2358 -0.2837
vn -0.9744 0.2107 -0.0778
vn -0.9219 0.1075 0.3723
vn -0.9920 0.1253 -0.0128
vn -0.9635 -0.2124 0.1630
vn -0.8302 -0.5372 -0.1490
vn -0.9924 0.1227 -0.0006
vn -0.3601 0.0535 -0.9314
vn -0.3771 -0.2391 -0.8948
vn -0.0700 0.1646 -0.9839
vn 0.0734 0.1671 -0.9832
vn 0.4674 0.0452 -0.8829
vn 0.0741 0.1722 -0.9823
vn -0.8486 0.2788 -0.4495
vn 0.7492 -0.1083 0.6534
vn 0.9839 -0.1145 0.1374
vn 0.9890 -0.1381 -0.0523
vn 0.9840 -0.0490 -0.1715
vn 0.0063 0.9997 -0.0245
vn 0.0684 0.9917 -0.1092
vn -0.7077 0.6551 0.2645
vn 0.0161 0.9567 0.2906
vn -0.9207 0.2031 -0.3332
vn -0.9177 0.3594 -0.1693
vn -0.9542 0.2974 -0.0336
vn -0.0640 -0.0092 -0.9979
vn -0.5948 0.2940 0.7482
vn -0.8991 0.3033 0.3157
vn -0.9445 0.2964 -0.1416
vn -0.4646 0.1964 0.8635
vn 0.4802 -0.0591 0.8752
vn -0.8828 0.2378 0.4051
vn -0.4892 0.1400 0.8609
vn 0.4800 -0.1035 0.8712
vn -0.8928 0.3784 0.2442
vn -0.7212 0.3082 0.6203
vn -0.8692 0.3076 0.3871
vn -0.8247 0.3621 0.4344
vn 0.5659 -0.2644 0.7810
vn -0.8183 0.5590 -0.1337
vn -0.6899 0.4818 -0.5403
vn -0.0868 -0.0351 -0.9956
vn -0.1099 -0.6663 0.7376
vn -0.8969 -0.0251 0.4416
vn 0.0895 -0.9544 0.2849
vn -0.9171 0.2090 -0.3394
vn -0.4295 0.5606 0.7081
vn -0.8404 0.3861 0.3802
vn -0.5475 0.3199 0.7732
vn -0.3848 -0.1052 0.9170
vn 0.4174 -0.4695 0.7780
vn -0.3184 -0.9305 -0.1811
vn 0.8982 -0.4352 -0.0621
vn 0.4244 -0.3773 0.8231
vn -0.4995 0.8620 -0.0861
vn -0.4127 0.6698 0.6173
vn -0.6865 0.4830 -0.5436
vn -0.6723 0.6035 0.4287
vn -0.6166 0.4920 0.6145
vn -0.9376 0.3474 -0.0137
vn 0.1390 0.0630 0.9883
vn 0.3415 -0.0353 0.9392
vn -0.6395 0.1842 -0.7464
vn -0.8219 0.3991 0.4065
vn -0.7702 0.1785 0.6123
vn -0.9665 0.2244 0.1246
vn -0.4831 0.0316 0.8750
vn -0.2236 -0.0641 0.9726
vn 0.2483 -0.3627 0.8982
vn -0.2317 -0.2469 0.9409
vn 0.6676 0.0255 0.7441
vn 0.4862 -0.1206 0.8655
vn 0.6048 -0.3886 0.6952
vn 0.3202 0.0204 0.9471
vn -0.4525 -0.1302 0.8822
vn 0.9656 -0.1816 -0.1861
vn 0.2547 0.9581 0.1312
vn 0.2692 0.8969 0.3507
vn 0.4125 0.8227 0.3911
vn 0.3663 0.8307 0.4192
vn 0.4416 0.7710 0.4590
vn 0.0060 0.8785 -0.4777
vn 0.4171 0.9079 -0.0426
vn 0.6028 0.5691 -0.5592
vn 0.5838 0.5722 -0.5759
vn 0.6882 0.6680 -0.2832
vn 0.6042 0.7694 -0.2071
vn 0.3280 0.8088 -0.4881
vn 0.2628 0.8760 -0.4045
vn 0.5661 0.7385 0.3663
vn 0.5717 0.3356 0.7487
vn -0.0137 0.0587 0.9982
vn 0.9426 -0.3015 -0.1439
vn 0.5371 0.2993 -0.7886
vn 0.7872 0.5930 -0.1694
vn 0.8035 0.2020 0.5600
vn 0.6338 0.2023 -0.7466
vn 0.5322 -0.0520 -0.8450
vn 0.7091 -0.2558 -0.6570
vn 0.9272 0.3346 -0.1683
vn 0.9758 0.1969 0.0952
vn 0.7191 0.3331 0.6098
vn -0.5348 -0.5448 -0.6459
vn -0.5036 -0.0605 0.8618
vn -0.5410 -0.0719 0.8380
vn -0.7440 0.6645 0.0698
vn -0.7401 0.6280 0.2407
vn -0.4531 -0.0932 0.8866
vn 0.2751 -0.6558 0.7030
vn 0.6286 -0.7457 0.2207
vn -0.4175 -0.0669 0.9062
vn 0.6370 -0.7393 0.2182
vn 0.2768 -0.6620 0.6965
vn -0.0226 -0.4332 0.9010
vn 0.2390 -0.6795 0.6937
vn 0.6473 -0.7252 0.2345
vn -0.3796 -0.0481 0.9239
vn -0.2808 -0.0429 0.9588
vn 0.6461 -0.7419 0.1792
vn 0.4538 -0.7071 0.5423
vn -0.4231 -0.0892 0.9017
vn -0.7462 0.6210 0.2399
vn -0.4259 -0.0933 0.8999
vn -0.1643 -0.0649 0.9843
vn -0.1324 -0.0778 0.9881
vn -0.7802 0.5296 0.3328
vn -0.5997 0.0763 0.7966
vn -0.4970 0.0942 0.8626
vn -0.7468 0.5656 0.3499
vn -0.6569 0.4894 0.5736
vn -0.2664 -0.0520 0.9625
vn 0.6343 -0.7513 0.1825
vn 0.6700 -0.6988 0.2506
vn 0.1879 -0.3966 0.8985
vn 0.6610 -0.7352 0.1506
vn 0.4364 -0.7311 0.5245
vn 0.0234 -0.4132 0.9103
vn 0.3494 -0.6367 0.6874
vn -0.7457 -0.5040 0.4358
vn -0.4517 -0.8363 0.3107
vn -0.8816 -0.0300 0.4710
vn -0.7237 -0.5602 0.4030
vn -0.6238 -0.4724 0.6226
vn -0.4474 -0.8670 -0.2195
vn -0.7421 -0.5075 -0.4378
vn -0.8533 0.1156 0.5085
vn 0.0353 0.2861 -0.9575
vn 0.2088 0.3623 -0.9084
vn -0.4367 -0.8966 -0.0730
vn -0.8378 0.3406 -0.4267
vn -0.9683 0.0444 -0.2458
vn -0.8325 0.1394 -0.5363
vn -0.9727 0.1324 0.1903
vn -0.8317 0.0657 0.5513
vn -0.8469 0.0615 0.5282
vn -0.8670 0.2397 -0.4369
vn -0.8481 0.2033 -0.4893
vn -0.9713 0.2247 -0.0784
vn -0.7778 0.2519 -0.5759
vn -0.5037 0.2907 -0.8135
vn -0.8464 0.3751 -0.3782
vn -0.0817 -0.3615 -0.9288
vn -0.0512 -0.5780 -0.8144
vn 0.0173 -0.6550 -0.7554
vn -0.8766 0.3125 -0.3658
vn -0.9627 0.2204 -0.1567
vn -0.8987 0.0583 0.4347
vn -0.7672 -0.1724 0.6178
vn -0.7309 0.2737 -0.6252
vn -0.9149 0.1868 -0.3579
vn -0.6026 0.4530 -0.6570
vn -0.5859 0.6902 -0.4247
vn -0.9831 -0.0982 -0.1544
vn -0.8530 0.1458 -0.5012
vn -0.9259 0.0219 -0.3772
vn -0.1977 0.3086 -0.9304
vn -0.6431 0.4810 -0.5959
vn -0.6000 0.1470 -0.7864
vn -0.8119 0.0158 -0.5835
vn -0.6896 0.3499 -0.6340
vn -0.6025 0.3926 -0.6949
vn -0.0326 -0.1478 -0.9885
vn -0.0266 -0.1477 -0.9887
vn 0.0238 -0.1638 -0.9862
vn -0.0456 -0.4889 -0.8711
vn -0.9125 -0.3520 0.2084
vn -0.7774 -0.4251 0.4637
vn -0.2791 -0.4764 -0.8337
vn -0.3122 -0.5147 -0.7985
vn -0.6759 0.4343 -0.5954
vn -0.3914 -0.6132 0.6862
vn -0.1974 -0.9803 -0.0054
vn -0.8449 0.3073 -0.4378
vn -0.7423 0.3021 -0.5980
vn -0.7318 0.2816 -0.6206
vn -0.8281 0.1623 -0.5365
vn -0.2466 -0.5958 0.7643
vn -0.1632 -0.9859 0.0379
vn -0.9740 0.0463 -0.2219
vn -0.1968 -0.5364 0.8207
vn -0.8680 0.1829 -0.4616
vn -0.2579 -0.8858 -0.3858
vn -0.1109 -0.9680 -0.2250
vn -0.0859 -0.9739 -0.2102
vn -0.2894 -0.3002 0.9089
vn -0.8938 -0.4138 0.1728
vn -0.9682 0.2486 -0.0264
vn -0.9185 0.2264 0.3242
vn -0.9713 0.2378 0.0040
vn -0.9683 0.1890 -0.1630
vn 0.0106 -0.8684 0.4958
vn 0.0119 -0.8451 0.5345
vn -0.2254 -0.9046 0.3617
vn -0.0338 -0.1952 0.9802
vn -0.6710 0.0238 0.7411
vn -0.8541 0.1382 0.5014
vn 0.8318 -0.2539 0.4935
vn 0.9588 -0.2761 0.0667
vn 0.9215 -0.3481 0.1725
vn 0.7516 -0.2663 0.6035
vn 0.6302 -0.2109 0.7472
vn -0.9578 0.2826 0.0522
vn -0.3201 -0.0531 0.9459
vn -0.3704 0.5489 -0.7494
vn -0.9701 -0.2332 -0.0675
vn -0.8527 -0.4014 -0.3343
vn -0.8645 -0.3888 -0.3185
vn -0.1135 -0.4188 0.9010
vn -0.2483 -0.6774 0.6924
vn -0.4204 -0.6951 0.5832
vn -0.1749 -0.8877 0.4260
vn -0.2025 -0.9563 -0.2107
vn -0.1139 -0.1488 0.9823
vn 0.3728 0.1858 0.9091
vn -0.8315 0.3521 -0.4297
vn -0.8782 0.3327 -0.3437
vn -0.8718 0.1983 0.4479
vn -0.9009 0.4300 -0.0594
vn -0.7095 0.7045 0.0174
vn 0.0044 0.9937 0.1121
vn -0.7285 0.6149 0.3020
vn -0.7385 0.5616 0.3731
vn -0.8838 0.2174 0.4143
vn -0.6433 0.3995 -0.6532
vn -0.6377 0.6621 -0.3937
vn 0.0038 0.9899 0.1420
vn 0.0257 0.9852 0.1692
vn -0.0941 0.8340 0.5437
vn -0.0844 0.7945 -0.6014
vn -0.0086 0.9929 0.1183
vn 0.2686 0.9624 0.0404
vn -0.0661 0.6591 -0.7491
vn 0.3008 0.1615 -0.9399
vn 0.2373 -0.0748 -0.9686
vn 0.7160 -0.1185 -0.6879
vn 0.9394 -0.3289 -0.0965
vn 0.9466 -0.2912 -0.1385
vn 0.6827 0.0223 -0.7303
vn -0.6337 -0.6918 -0.3461
vn -0.3054 -0.9389 -0.1587
vn -0.0433 -0.9876 -0.1512
vn -0.7674 -0.6168 -0.1752
vn -0.7434 -0.4833 -0.4624
vn -0.7943 -0.5366 -0.2848
vn -0.6413 -0.5292 -0.5556
vn -0.5823 -0.4454 -0.6801
vn -0.8220 -0.5468 0.1592
vn -0.8241 -0.5461 0.1507
vn 0.0169 -0.1768 0.9841
vn -0.9737 0.2175 -0.0682
vn 0.3570 -0.0276 -0.9337
vn -0.9741 0.2155 -0.0678
vn 0.4884 0.1033 -0.8665
vn -0.9114 0.3771 -0.1651
vn 0.4760 0.1038 -0.8733
vn 0.4304 0.3147 -0.8460
vn 0.9370 -0.1284 -0.3249
vn -0.0804 0.9411 0.3283
vn -0.2283 0.9304 0.2867
vn -0.0607 0.3101 -0.9488
vn 0.7179 -0.3577 -0.5972
vn 0.9716 0.0732 -0.2249
vn 0.9085 -0.1630 -0.3849
vn -0.6808 -0.6533 0.3312
vn -0.9810 -0.1599 0.1099
vn 0.5420 -0.7431 -0.3926
vn 0.6302 -0.7147 -0.3033
vn -0.9844 -0.1551 0.0826
vn -0.8951 0.1192 0.4296
vn -0.8519 0.1960 0.4856
vn -0.7140 -0.6707 -0.2007
vn 0.5514 -0.5611 -0.6173
vn 0.5750 0.1389 -0.8063
vn -0.8363 0.2480 0.4890
vn -0.6653 0.3014 0.6830
vn -0.2713 -0.0717 0.9598
vn -0.2062 -0.0414 0.9776
vn 0.5036 -0.5987 0.6228
vn 0.6348 -0.7282 0.2584
vn 0.7061 -0.6892 0.1628
vn 0.4609 -0.5224 0.7175
vn -0.6348 0.4725 0.6114
vn -0.2483 0.1489 0.9572
vn -0.1681 0.1713 0.9708
vn -0.5431 0.2356 0.8060
vn -0.2232 0.1032 0.9693
vn -0.8822 -0.0250 0.4701
vn -0.3320 0.0738 0.9404
vn -0.4147 0.2209 0.8827
vn -0.6484 0.2769 0.7092
vn -0.5042 0.2427 0.8288
vn -0.0874 -0.9933 0.0760
vn 0.4449 -0.8576 -0.2580
vn -0.4191 -0.9074 -0.0320
vn -0.8843 0.0690 0.4617
vn 0.3755 -0.8629 -0.3383
vn -0.3733 -0.8369 -0.4002
vn 0.2311 -0.9401 -0.2507
vn 0.0109 -0.8447 -0.5351
vn -0.8755 0.2872 -0.3886
vn -0.8523 0.3507 -0.3881
vn -0.7580 0.4731 -0.4490
vn -0.8090 0.2778 -0.5180
vn -0.8448 0.0656 0.5311
vn -0.8816 0.0707 0.4667
vn -0.9697 0.2441 -0.0038
vn -0.6010 0.4999 -0.6237
vn -0.4188 0.6173 -0.6660
vn -0.5249 0.5996 -0.6041
vn -0.7315 0.1320 -0.6689
vn -0.6111 0.3622 -0.7039
vn -0.8708 0.2765 -0.4065
vn -0.6864 0.3226 -0.6517
vn -0.3774 0.2386 -0.8948
vn -0.7166 0.0806 -0.6928
vn -0.7346 0.0902 -0.6724
vn -0.7771 0.3641 -0.5134
vn 0.4349 0.0547 -0.8988
vn 0.1865 0.2072 -0.9604
vn -0.1774 0.2581 -0.9497
vn 0.1345 0.1976 -0.9710
vn 0.1339 0.3863 -0.9126
vn -0.5678 0.7481 -0.3435
vn -0.5669 0.6563 -0.4979
vn -0.5844 0.6505 -0.4851
vn 0.0713 0.9784 -0.1939
vn 0.0163 -0.3999 -0.9164
vn -0.1179 0.2748 -0.9543
vn 0.2104 0.9035 0.3733
vn 0.4540 0.8637 0.2188
vn 0.2945 0.2803 0.9136
vn 0.4984 0.7370 0.4565
vn 0.3357 0.4651 -0.8192
vn 0.0392 0.7186 -0.6943
vn 0.3450 0.7400 0.5774
vn -0.9596 0.2062 -0.1915
vn -0.7117 0.6995 0.0641
vn 0.2871 0.9400 -0.1845
vn 0.5162 0.8563 -0.0179
vn 0.8271 0.5532 0.0995
vn -0.9742 0.0586 -0.2180
vn -0.9691 0.0126 -0.2462
vn -0.7290 0.6727 -0.1268
vn -0.9187 -0.0964 -0.3829
vn -0.4123 0.9048 -0.1067
vn -0.2181 0.9751 -0.0415
vn -0.1524 0.9874 -0.0418
vn -0.5981 -0.8014 -0.0087
vn -0.9997 -0.0160 -0.0195
vn -0.9481 -0.2527 -0.1932
vn -0.9366 0.2576 -0.2375
vn -0.5009 -0.8643 0.0463
vn -0.9968 0.0708 0.0364
vn -0.9600 -0.2645 0.0920
vn -0.9378 -0.3413 -0.0641
vn -0.9801 -0.1894 -0.0594
vn -0.9676 -0.1279 -0.2177
vn -0.9096 -0.3224 -0.2622
vn -0.9079 0.4188 -0.0174
vn -0.9925 0.0965 -0.0753
vn -0.9648 -0.1908 0.1811
vn -0.9786 -0.1268 0.1623
vn -0.4770 -0.8625 0.1688
vn -0.5907 -0.7734 0.2299
vn -0.9992 -0.0141 0.0385
vn -0.9987 -0.0417 0.0309
vn -0.1466 0.9845 -0.0960
vn -0.4033 0.9148 0.0206
vn -0.8257 0.5641 0.0001
vn -0.4529 0.8786 0.1512
vn -0.3784 0.9232 0.0674
vn -0.9705 0.2347 0.0545
vn -0.9943 0.1053 -0.0168
vn 0.5504 0.8108 -0.1993
vn 0.2543 0.9590 -0.1253
vn 0.5910 0.7716 -0.2352
vn 0.6345 0.6316 -0.4456
vn -0.9927 0.0142 -0.1202
vn -0.9921 0.1007 0.0747
vn 0.7874 0.6026 0.1296
vn 0.3078 0.9450 -0.1108
vn -0.1636 0.1298 0.9780
vn -0.4551 0.1831 0.8714
vn -0.4532 0.1845 0.8721
vn 0.5966 -0.1752 0.7832
vn -0.9156 0.2100 0.3430
vn -0.9110 0.2029 0.3591
vn -0.9578 0.2871 0.0162
vn -0.9729 0.2282 -0.0372
vn 0.2970 0.0535 -0.9534
vn -0.1575 -0.7235 -0.6721
vn 0.0959 -0.9469 -0.3070
vn -0.4097 -0.3692 -0.8342
vn -0.8174 -0.5701 -0.0827
vn -0.7929 -0.5291 -0.3022
vn -0.6566 -0.4559 -0.6009
vn -0.4489 -0.3628 -0.8166
vn -0.6985 -0.5041 -0.5079
vn -0.4619 -0.4167 -0.7829
vn -0.4582 -0.2587 0.8504
vn -0.2944 -0.1508 0.9437
vn -0.7898 -0.4390 0.4283
vn -0.6840 -0.4604 0.5659
vn 0.4095 -0.3411 0.8461
vn 0.1965 -0.0571 0.9788
vn 0.2052 -0.0448 -0.9777
vn 0.3407 -0.0231 -0.9399
vn 0.8037 0.5770 -0.1455
vn 0.1562 0.2973 0.9419
vn 0.2625 -0.1766 -0.9486
vn 0.5513 -0.2563 -0.7940
vn 0.4161 0.0541 -0.9077
vn 0.1925 -0.1416 0.9710
vn -0.7600 0.6022 0.2444
vn -0.7198 0.6389 0.2716
vn -0.3079 0.8180 0.4859
vn 0.1450 0.9779 -0.1509
vn -0.3154 0.9489 -0.0005
vn -0.0141 0.9986 0.0509
vn 0.0906 0.9434 -0.3191
vn 0.5322 0.8206 -0.2085
vn -0.9474 0.1819 0.2633
vn -0.9781 -0.0550 0.2010
vn -0.9806 -0.1078 0.1638
vn -0.4928 -0.8088 0.3208
vn 0.1842 0.8625 0.4713
vn -0.7204 0.6906 -0.0648
vn -0.7958 0.5411 -0.2720
vn -0.3005 0.3722 0.8781
vn -0.7251 0.2196 -0.6527
vn -0.7640 0.3353 -0.5512
vn -0.7763 0.3250 -0.5401
vn -0.0279 0.9994 0.0219
vn -0.9279 0.3692 -0.0524
vn -0.9615 0.2724 0.0360
vn -0.6577 0.2093 0.7236
vn -0.7522 0.3932 0.5288
vn -0.3750 0.2783 0.8842
vn -0.7566 0.3897 0.5250
vn 0.4802 -0.1229 0.8685
vn -0.9121 0.3844 0.1423
vn -0.9120 0.2909 0.2890
vn -0.5102 0.1965 0.8373
vn -0.2880 0.2002 0.9365
vn 0.3699 -0.1142 0.9220
vn -0.6503 0.1100 0.7517
vn -0.6290 -0.0849 0.7728
vn -0.6098 -0.6965 0.3781
vn 0.3287 0.0150 0.9443
vn 0.4896 -0.5090 0.7080
vn -0.2906 0.0857 0.9530
vn -0.0076 -0.3243 0.9459
vn 0.4927 -0.0696 0.8674
vn 0.9416 -0.2239 -0.2515
vn 0.3895 -0.5120 0.7656
vn 0.6175 -0.7585 0.2080
vn 0.7695 -0.6379 0.0313
vn 0.5416 -0.3630 0.7582
vn -0.4804 -0.7975 0.3650
vn -0.6076 0.2350 0.7587
vn 0.7350 -0.6444 0.2109
vn -0.6447 -0.3156 0.6962
vn 0.4859 -0.7923 -0.3691
vn -0.6562 0.1248 0.7442
vn -0.7970 0.2222 0.5616
vn -0.7277 0.2508 0.6384
vn -0.8869 0.2437 -0.3925
vn -0.8218 0.1969 -0.5346
vn -0.9250 0.2912 0.2440
vn -0.9567 0.2820 -0.0716
vn -0.9527 0.2481 -0.1757
vn -0.8617 0.2304 0.4521
vn -0.4142 -0.0359 -0.9095
vn -0.2537 -0.1516 -0.9553
vn -0.5738 0.0176 -0.8188
vn -0.7372 0.0991 -0.6684
vn -0.9656 0.2170 -0.1435
vn -0.8358 0.1130 0.5372
vn 0.0254 -0.3951 -0.9183
vn -0.8547 0.1161 -0.5060
vn -0.5463 -0.0815 -0.8336
vn -0.9658 0.2137 -0.1469
vn -0.6424 -0.0844 -0.7617
vn -0.6216 -0.0234 -0.7830
vn -0.0329 -0.4920 -0.8700
vn -0.8800 -0.0340 -0.4738
vn -0.9626 0.2055 0.1766
vn -0.9734 0.1651 0.1589
vn 0.4362 -0.5106 -0.7410
vn 0.0591 -0.2412 -0.9687
vn 0.2594 -0.7529 -0.6049
vn 0.3446 -0.4166 -0.8413
vn 0.4180 -0.3835 -0.8235
vn 0.4745 -0.7563 -0.4504
vn 0.1367 -0.7725 -0.6202
vn -0.8105 -0.1024 0.5767
vn -0.7397 -0.6729 0.0015
vn -0.5256 -0.8496 -0.0436
vn 0.6264 -0.6143 -0.4798
vn 0.5971 -0.6404 0.4830
vn 0.5826 -0.6520 0.4851
vn -0.5683 -0.1092 0.8155
vn 0.1877 -0.6325 0.7515
vn -0.1361 -0.2747 0.9518
vn -0.0886 -0.2554 0.9628
vn -0.8555 0.2025 0.4765
vn -0.6226 0.1672 0.7645
vn -0.8548 0.2438 0.4581
vn -0.8627 0.2365 0.4470
vn -0.7579 0.2198 0.6142
vn -0.8187 0.4986 0.2848
vn -0.8829 0.3187 -0.3449
vn -0.8631 0.2947 -0.4100
vn -0.7371 0.2589 0.6242
vn -0.4390 0.0650 -0.8961
vn -0.5076 0.8610 -0.0309
vn -0.7432 0.5969 -0.3023
vn -0.8889 0.1202 0.4421
vn -0.5034 0.6737 0.5410
vn -0.6170 0.4320 0.6578
vn -0.6697 0.1590 0.7254
vn -0.5502 0.1265 0.8254
vn -0.0161 -0.1537 0.9880
vn -0.3499 0.0181 0.9366
vn -0.3817 0.0173 0.9241
vn 0.3731 -0.3928 0.8405
vn 0.0316 -0.2059 0.9781
vn -0.1214 -0.1874 0.9747
vn 0.4523 -0.4922 0.7437
vn 0.4924 -0.4729 0.7307
vn 0.7536 -0.6088 0.2478
vn 0.7161 -0.5692 0.4040
vn 0.7955 -0.5888 -0.1429
vn 0.6356 -0.4929 -0.5942
vn 0.6337 -0.4755 -0.6102
vn 0.5277 -0.4292 -0.7330
vn -0.5083 0.0184 0.8610
vn 0.3582 -0.3553 0.8634
vn 0.5956 -0.7791 0.1956
vn 0.7893 -0.6067 -0.0943
vn -0.3536 0.0254 0.9351
vn -0.4842 0.6707 0.5619
vn 0.4447 0.0079 0.8956
vn 0.2941 0.1428 0.9450
vn -0.1101 0.9848 0.1344
vn 0.3155 0.9469 -0.0611
vn 0.6933 0.1642 0.7017
vn 0.3288 0.9410 -0.0802
vn 0.4654 0.5039 0.7276
vn -0.9097 0.0608 0.4109
vn -0.9126 0.0643 0.4038
vn -0.9461 0.1828 0.2675
vn -0.9382 0.0604 0.3407
vn -0.5159 0.6246 -0.5863
vn -0.4102 0.5252 -0.7456
vn -0.3798 0.4249 -0.8217
vn -0.6103 0.5737 -0.5463
vn -0.5065 0.8563 -0.1006
vn -0.3945 0.7729 0.4970
vn -0.5602 0.4933 0.6654
vn -0.7098 0.5616 0.4252
vn -0.4384 0.4512 0.7773
vn -0.8990 0.2857 -0.3319
vn 0.9888 -0.0766 0.1279
vn -0.4722 0.2668 0.8402
vn -0.6528 0.7545 0.0676
vn -0.9443 -0.2748 0.1810
vn 0.9980 -0.0603 0.0166
vn 0.5643 0.4576 -0.6871
vn -0.1754 -0.0715 0.9819
vn -0.1269 -0.0563 0.9903
vn 0.7688 -0.0989 0.6318
vn 0.4183 -0.0139 0.9082
vn 0.6656 -0.0149 0.7462
vn 0.9320 -0.2185 -0.2891
vn 0.9149 -0.2893 -0.2816
vn 0.9241 -0.2619 -0.2784
vn 0.5335 -0.8354 0.1322
vn 0.0249 -0.8512 -0.5243
vn -0.5837 -0.4452 -0.6791
vn -0.3850 -0.3252 -0.8637
vn -0.1396 -0.2017 -0.9694
vn 0.2378 -0.8796 -0.4121
vn -0.0563 -0.0875 -0.9946
vn 0.3403 -0.7750 -0.5325
vn 0.3527 -0.7780 -0.5199
vn -0.7970 0.2089 -0.5668
vn -0.7515 0.1939 -0.6306
vn -0.1379 0.4219 -0.8961
vn 0.3815 0.4600 -0.8018
vn 0.5144 0.3660 -0.7755
vn 0.5771 0.2897 -0.7636
vn 0.5153 -0.0590 -0.8550
vn -0.2972 0.1656 -0.9404
vn -0.6090 -0.3565 -0.7086
vn -0.5521 -0.3689 -0.7477
vn -0.6318 0.3725 -0.6798
vn -0.6769 0.4620 -0.5730
vn -0.5182 0.3679 -0.7721
vn 0.6008 -0.0376 -0.7986
vn -0.6738 0.1218 0.7288
vn -0.5984 0.1100 0.7936
vn -0.1136 -0.0208 0.9933
vn -0.8272 -0.3981 -0.3965
vn -0.6784 -0.5117 -0.5272
vn 0.2973 -0.1030 0.9492
vn 0.6583 0.7266 0.1968
vn -0.5659 0.0857 -0.8200
vn -0.9463 -0.2958 -0.1307
vn -0.6462 -0.0973 0.7569
vn -0.0158 -0.0572 0.9982
vn 0.3891 -0.5984 -0.7003
vn -0.9814 0.1855 0.0502
vn -0.6962 0.4488 -0.5603
vn -0.2130 -0.6730 -0.7083
vn -0.8481 -0.4463 -0.2855
vn -0.8033 -0.5050 -0.3157
vn -0.5983 -0.6297 -0.4955
vn -0.6591 -0.5372 -0.5263
vn -0.8837 -0.2819 -0.3736
vn -0.9903 -0.0794 0.1137
vn -0.0949 0.9834 -0.1549
vn -0.9023 -0.3023 -0.3075
vn -0.9924 -0.0460 0.1137
vn -0.9462 -0.3210 0.0394
vn -0.9511 -0.3063 0.0390
vn -0.9684 -0.1261 0.2150
vn -0.9493 -0.0871 0.3019
vn -0.9299 -0.1542 0.3340
vn -0.9395 -0.3333 0.0792
vn -0.9574 -0.0662 0.2810
vn -0.9227 -0.3542 0.1519
vn -0.9473 -0.3115 0.0754
vn -0.3805 0.9248 -0.0016
vn -0.9855 -0.0767 0.1516
vn -0.9200 0.3907 0.0303
vn -0.3175 0.9447 -0.0828
vn -0.3556 0.9288 -0.1040
vn -0.9234 -0.3545 0.1473
vn -0.9796 -0.0466 0.1953
vn -0.9840 -0.0467 0.1717
vn -0.9449 -0.2965 0.1389
vn -0.3396 0.9252 -0.1694
vn -0.8399 -0.4142 0.3507
vn -0.9295 -0.1978 0.3113
vn -0.9295 -0.1974 0.3115
vn -0.9594 -0.0393 0.2792
vn -0.9660 -0.0001 0.2584
vn -0.5078 -0.7883 0.3473
vn -0.8884 0.1230 0.4423
vn -0.4757 0.7584 0.4457
vn -0.4688 0.7696 0.4335
vn -0.4967 0.8664 0.0510
vn 0.3359 0.9112 0.2387
vn 0.0962 0.9953 -0.0128
vn 0.4252 -0.0373 0.9043
vn 0.2428 -0.0431 0.9691
vn 0.4229 0.2889 0.8589
vn 0.4280 0.0658 0.9014
vn 0.4536 0.3104 0.8354
vn 0.0962 0.9953 -0.0134
vn 0.0604 0.9965 0.0577
vn -0.8718 0.0953 0.4806
vn -0.3264 0.1108 0.9387
vn -0.6555 0.4923 0.5727
vn -0.2516 0.1885 0.9493
vn -0.1753 0.0454 0.9835
vn -0.6362 0.4855 0.5996
vn 0.1941 -0.1748 0.9653
vn -0.1632 -0.9615 0.2211
vn -0.0883 0.0350 0.9955
vn -0.7816 -0.6226 -0.0372
vn 0.1354 -0.1280 0.9825
vn -0.2975 -0.1856 0.9365
vn 0.6297 -0.5855 0.5106
vn -0.9720 -0.1224 0.2008
vn -0.9821 -0.1885 -0.0036
vn -0.5917 0.7905 -0.1577
vn -0.2045 0.9738 -0.0993
vn -0.3894 0.9174 -0.0818
vn -0.8863 0.4241 -0.1861
vn -0.9083 -0.3101 -0.2808
vn -0.6037 0.7822 -0.1541
vn -0.9401 0.1075 -0.3235
vn -0.9137 0.1981 -0.3548
vn -0.0047 0.9999 -0.0164
vn 0.7452 -0.5846 -0.3207
vn 0.5405 -0.8404 -0.0396
vn -0.3841 -0.0908 0.9188
vn -0.5430 0.1433 0.8274
vn 0.6029 0.6801 -0.4170
vn -0.8753 -0.1556 -0.4578
vn -0.8553 -0.1664 -0.4907
vn -0.9356 -0.2780 -0.2178
vn -0.9299 -0.2469 -0.2727
vn -0.8496 -0.2833 -0.4450
vn -0.9046 0.1714 -0.3902
vn 0.0556 0.9957 0.0735
vn 0.0341 0.9988 -0.0354
vn 0.2645 0.9441 -0.1970
vn -0.8698 -0.0890 -0.4852
vn 0.2566 0.9511 -0.1721
vn -0.4341 0.8364 -0.3346
vn 0.8232 -0.1268 0.5534
vn 0.9708 -0.2374 0.0339
vn 0.9754 -0.2064 -0.0774
vn 0.6296 0.0051 0.7769
vn -0.5040 0.8556 -0.1180
vn -0.3899 0.9173 -0.0811
vn -0.4520 0.4973 -0.7406
vn -0.4524 0.4917 -0.7440
vn -0.6890 0.2593 -0.6768
vn -0.6563 0.2336 -0.7174
vn -0.5528 0.1874 -0.8119
vn -0.8027 0.2843 -0.5242
vn -0.5221 0.5890 -0.6168
vn -0.8726 0.3458 -0.3450
vn -0.9607 0.2770 0.0157
vn -0.9046 -0.3215 -0.2800
vn -0.9864 0.1643 0.0003
vn -0.9419 -0.3247 0.0856
vn -0.7523 0.2277 0.6182
vn -0.7365 0.1360 0.6626
vn -0.8183 -0.2871 0.4979
vn -0.9630 0.2019 -0.1787
vn -0.9166 0.3062 0.2569
vn -0.8907 -0.1842 0.4156
vn -0.8797 -0.2734 0.3890
vn -0.9428 0.1322 0.3059
vn -0.9022 0.3963 0.1702
vn -0.5796 0.8146 -0.0213
vn -0.8136 -0.3895 0.4316
s 0
usemtl Archer_ForestTunic
f 169//300 175//300 170//300
f 175//301 169//301 167//301
f 176//302 170//302 175//302
f 171//303 170//303 176//303
f 175//304 167//304 177//304
f 167//305 297//305 178//305
f 178//306 177//306 167//306
f 175//307 177//307 179//307
f 176//308 175//308 179//308
f 176//309 179//309 181//309
f 177//310 178//310 301//310
f 179//311 180//311 181//311
f 176//312 181//312 182//312
f 182//313 183//313 176//313
f 183//314 171//314 176//314
f 171//538 183//538 464//538
f 171//541 464//541 174//541
f 295//542 174//542 296//542
f 302//543 180//543 179//543
f 302//544 179//544 177//544
f 178//549 300//549 301//549
f 302//550 303//550 180//550
f 180//551 303//551 181//551
f 300//554 305//554 301//554
f 304//556 301//556 305//556
f 178//557 297//557 300//557
f 300//558 297//558 299//558
f 300//567 299//567 308//567
f 300//736 308//736 387//736
f 387//737 308//737 402//737
f 402//771 312//771 386//771
f 398//778 403//778 418//778
f 398//779 411//779 386//779
f 386//780 406//780 402//780
f 386//781 411//781 406//781
f 407//783 387//783 410//783
f 408//784 410//784 387//784
f 387//785 402//785 408//785
f 408//786 402//786 406//786
f 387//787 407//787 305//787
f 409//788 411//788 408//788
f 408//789 411//789 412//789
f 413//790 410//790 408//790
f 413//791 408//791 412//791
f 413//792 412//792 414//792
f 418//793 415//793 412//793
f 412//794 415//794 414//794
f 413//795 416//795 410//795
f 413//796 414//796 416//796
f 414//797 417//797 416//797
f 414//798 490//798 417//798
f 490//799 414//799 415//799
f 418//800 497//800 415//800
f 419//801 497//801 418//801
f 418//802 420//802 419//802
f 419//803 421//803 497//803
f 419//804 420//804 422//804
f 424//805 423//805 420//805
f 420//806 426//806 424//806
f 426//807 425//807 424//807
f 420//808 403//808 426//808
f 403//809 420//809 418//809
f 404//810 426//810 403//810
f 428//815 425//815 426//815
f 424//816 425//816 423//816
f 300//824 387//824 305//824
f 407//825 410//825 416//825
f 305//826 407//826 438//826
f 433//827 416//827 417//827
f 416//828 433//828 488//828
f 416//829 488//829 407//829
f 433//830 417//830 434//830
f 433//831 435//831 488//831
f 438//832 304//832 305//832
f 182//841 181//841 442//841
f 445//845 437//845 438//845
f 446//846 486//846 438//846
f 445//847 438//847 486//847
f 486//848 446//848 447//848
f 448//849 437//849 445//849
f 448//850 445//850 449//850
f 409//855 408//855 406//855
f 409//856 406//856 411//856
f 418//857 411//857 398//857
f 411//858 418//858 412//858
f 460//879 295//879 296//879
f 464//880 296//880 174//880
f 465//881 460//881 296//881
f 296//882 464//882 465//882
f 466//883 465//883 464//883
f 513//884 465//884 466//884
f 466//885 464//885 467//885
f 468//886 467//886 464//886
f 464//887 183//887 182//887
f 464//888 182//888 468//888
f 469//889 468//889 182//889
f 469//890 182//890 443//890
f 449//920 450//920 448//920
f 450//921 449//921 484//921
f 484//922 628//922 450//922
f 485//923 629//923 484//923
f 485//924 484//924 449//924
f 486//925 449//925 445//925
f 449//926 486//926 485//926
f 447//927 446//927 487//927
f 437//928 304//928 438//928
f 537//929 447//929 487//929
f 540//930 487//930 446//930
f 446//931 438//931 407//931
f 446//932 488//932 489//932
f 446//933 489//933 540//933
f 488//934 446//934 407//934
f 434//935 435//935 433//935
f 415//936 491//936 490//936
f 497//937 491//937 415//937
f 492//938 491//938 497//938
f 492//939 497//939 493//939
f 492//940 493//940 494//940
f 492//941 495//941 491//941
f 492//942 494//942 495//942
f 493//943 497//943 496//943
f 421//944 498//944 497//944
f 513//958 460//958 465//958
f 466//959 467//959 508//959
f 509//960 466//960 508//960
f 466//961 509//961 507//961
f 508//962 467//962 510//962
f 510//963 467//963 468//963
f 466//964 507//964 513//964
f 509//965 508//965 510//965
f 511//966 509//966 510//966
f 511//967 512//967 509//967
f 514//969 513//969 507//969
f 515//970 514//970 507//970
f 516//971 507//971 509//971
f 507//972 516//972 515//972
f 516//973 509//973 521//973
f 515//974 516//974 517//974
f 518//975 516//975 520//975
f 520//976 516//976 521//976
f 516//977 518//977 517//977
f 517//978 518//978 563//978
f 515//979 517//979 562//979
f 514//980 519//980 513//980
f 514//982 515//982 519//982
f 520//987 567//987 518//987
f 521//988 509//988 512//988
f 523//989 521//989 512//989
f 520//993 521//993 523//993
f 470//997 512//997 511//997
f 510//998 468//998 469//998
f 510//999 469//999 511//999
f 631//1023 628//1023 484//1023
f 631//1024 484//1024 629//1024
f 486//1025 447//1025 485//1025
f 537//1026 485//1026 447//1026
f 487//1027 539//1027 537//1027
f 540//1028 539//1028 487//1028
f 540//1029 489//1029 542//1029
f 542//1030 489//1030 541//1030
f 540//1031 542//1031 539//1031
f 544//1032 543//1032 612//1032
f 543//1033 544//1033 672//1033
f 541//1034 543//1034 542//1034
f 489//1035 488//1035 435//1035
f 495//1036 494//1036 545//1036
f 496//1037 497//1037 498//1037
f 496//1038 498//1038 593//1038
f 423//1039 422//1039 420//1039
f 422//1040 423//1040 546//1040
f 419//1041 547//1041 421//1041
f 421//1042 547//1042 498//1042
f 547//1043 419//1043 422//1043
f 422//1044 548//1044 547//1044
f 499//1045 423//1045 425//1045
f 423//1046 499//1046 546//1046
f 422//1047 546//1047 548//1047
f 548//1048 546//1048 550//1048
f 496//1049 549//1049 493//1049
f 549//1050 496//1050 593//1050
f 550//1051 547//1051 548//1051
f 551//1052 546//1052 499//1052
f 546//1053 551//1053 550//1053
f 550//1054 498//1054 547//1054
f 550//1055 551//1055 552//1055
f 553//1056 551//1056 499//1056
f 567//1090 563//1090 518//1090
f 566//1098 567//1098 520//1098
f 571//1102 520//1102 523//1102
f 571//1123 582//1123 585//1123
f 571//1125 566//1125 520//1125
f 585//1126 566//1126 571//1126
f 586//1129 585//1129 582//1129
f 567//1130 566//1130 587//1130
f 585//1131 587//1131 566//1131
f 585//1132 606//1132 587//1132
f 606//1133 585//1133 586//1133
f 587//1134 589//1134 588//1134
f 587//1135 588//1135 567//1135
f 590//1136 567//1136 588//1136
f 490//1142 491//1142 495//1142
f 434//1143 417//1143 591//1143
f 592//1144 591//1144 417//1144
f 612//1145 592//1145 495//1145
f 495//1146 592//1146 490//1146
f 593//1147 498//1147 550//1147
f 552//1148 551//1148 553//1148
f 587//1150 595//1150 589//1150
f 589//1151 590//1151 588//1151
f 590//1152 589//1152 594//1152
f 499//1153 594//1153 553//1153
f 553//1154 598//1154 552//1154
f 593//1155 550//1155 552//1155
f 596//1156 593//1156 552//1156
f 597//1157 596//1157 598//1157
f 598//1158 596//1158 552//1158
f 594//1159 598//1159 553//1159
f 589//1160 598//1160 594//1160
f 593//1161 596//1161 549//1161
f 493//1162 599//1162 494//1162
f 494//1163 599//1163 545//1163
f 545//1164 612//1164 495//1164
f 545//1165 600//1165 612//1165
f 608//1166 601//1166 600//1166
f 608//1167 600//1167 545//1167
f 608//1168 545//1168 599//1168
f 599//1169 493//1169 549//1169
f 549//1170 596//1170 599//1170
f 597//1171 599//1171 596//1171
f 599//1172 597//1172 602//1172
f 602//1173 597//1173 589//1173
f 589//1174 597//1174 598//1174
f 589//1175 595//1175 602//1175
f 604//1176 595//1176 587//1176
f 604//1177 587//1177 606//1177
f 595//1178 604//1178 611//1178
f 595//1179 611//1179 602//1179
f 603//1180 602//1180 611//1180
f 599//1181 602//1181 603//1181
f 604//1182 607//1182 611//1182
f 603//1183 601//1183 608//1183
f 599//1184 603//1184 608//1184
f 611//1185 609//1185 603//1185
f 609//1186 601//1186 603//1186
f 601//1187 689//1187 600//1187
f 600//1188 689//1188 610//1188
f 612//1189 591//1189 592//1189
f 591//1190 543//1190 434//1190
f 434//1191 541//1191 435//1191
f 435//1192 541//1192 489//1192
f 543//1193 541//1193 434//1193
f 610//1194 612//1194 600//1194
f 592//1195 417//1195 490//1195
f 629//1220 712//1220 631//1220
f 631//1221 711//1221 628//1221
f 632//1223 633//1223 646//1223
f 636//1224 633//1224 632//1224
f 639//1225 638//1225 640//1225
f 640//1226 641//1226 639//1226
f 639//1227 642//1227 637//1227
f 637//1228 638//1228 639//1228
f 640//1229 643//1229 1299//1229
f 640//1230 644//1230 641//1230
f 641//1231 1296//1231 642//1231
f 641//1232 642//1232 639//1232
f 637//1233 642//1233 635//1233
f 636//1234 635//1234 645//1234
f 645//1235 635//1235 642//1235
f 633//1236 636//1236 647//1236
f 636//1237 650//1237 647//1237
f 636//1238 645//1238 650//1238
f 648//1242 649//1242 634//1242
f 648//1243 634//1243 647//1243
f 633//1244 647//1244 646//1244
f 629//1275 485//1275 667//1275
f 485//1276 537//1276 667//1276
f 667//1277 537//1277 538//1277
f 629//1278 667//1278 712//1278
f 712//1279 667//1279 669//1279
f 669//1280 667//1280 538//1280
f 538//1281 670//1281 669//1281
f 670//1282 538//1282 537//1282
f 670//1283 537//1283 539//1283
f 670//1284 539//1284 542//1284
f 543//1285 671//1285 542//1285
f 542//1286 671//1286 670//1286
f 672//1287 671//1287 543//1287
f 674//1288 671//1288 673//1288
f 672//1289 673//1289 671//1289
f 672//1290 675//1290 673//1290
f 675//1291 677//1291 673//1291
f 673//1292 676//1292 674//1292
f 670//1293 671//1293 674//1293
f 675//1294 678//1294 677//1294
f 677//1295 680//1295 673//1295
f 679//1296 676//1296 680//1296
f 673//1297 680//1297 676//1297
f 676//1298 679//1298 674//1298
f 670//1299 679//1299 719//1299
f 670//1300 719//1300 669//1300
f 668//1301 669//1301 719//1301
f 681//1302 679//1302 680//1302
f 684//1303 675//1303 688//1303
f 675//1304 672//1304 688//1304
f 685//1305 672//1305 544//1305
f 544//1306 686//1306 685//1306
f 685//1307 687//1307 688//1307
f 685//1308 688//1308 672//1308
f 691//1309 686//1309 544//1309
f 544//1310 612//1310 610//1310
f 612//1311 543//1311 591//1311
f 610//1312 689//1312 544//1312
f 544//1313 689//1313 690//1313
f 601//1314 691//1314 689//1314
f 691//1315 601//1315 609//1315
f 609//1316 611//1316 702//1316
f 692//1317 609//1317 702//1317
f 609//1318 692//1318 691//1318
f 689//1319 691//1319 690//1319
f 544//1320 690//1320 691//1320
f 693//1321 692//1321 702//1321
f 693//1322 694//1322 692//1322
f 686//1323 696//1323 685//1323
f 696//1324 686//1324 691//1324
f 696//1325 691//1325 692//1325
f 684//1326 683//1326 675//1326
f 675//1327 683//1327 678//1327
f 677//1328 678//1328 730//1328
f 741//1329 678//1329 683//1329
f 687//1330 684//1330 688//1330
f 695//1331 684//1331 687//1331
f 685//1332 696//1332 695//1332
f 696//1333 692//1333 694//1333
f 694//1334 693//1334 728//1334
f 687//1335 685//1335 695//1335
f 696//1336 694//1336 697//1336
f 695//1337 698//1337 684//1337
f 699//1338 698//1338 695//1338
f 696//1339 699//1339 695//1339
f 699//1340 696//1340 697//1340
f 728//1341 693//1341 700//1341
f 703//1342 604//1342 606//1342
f 611//1343 607//1343 702//1343
f 702//1344 701//1344 693//1344
f 705//1345 700//1345 693//1345
f 606//1346 586//1346 703//1346
f 703//1348 701//1348 604//1348
f 604//1349 701//1349 607//1349
f 701//1350 702//1350 607//1350
f 693//1351 701//1351 705//1351
f 705//1352 701//1352 706//1352
f 704//1353 703//1353 586//1353
f 631//1362 712//1362 711//1362
f 711//1363 712//1363 713//1363
f 714//1365 711//1365 713//1365
f 669//1366 668//1366 712//1366
f 712//1367 668//1367 713//1367
f 713//1368 668//1368 714//1368
f 716//1370 666//1370 710//1370
f 709//1371 714//1371 710//1371
f 716//1372 714//1372 715//1372
f 718//1373 715//1373 668//1373
f 668//1374 715//1374 714//1374
f 719//1375 679//1375 720//1375
f 720//1376 721//1376 719//1376
f 720//1377 679//1377 681//1377
f 721//1378 668//1378 719//1378
f 668//1379 721//1379 718//1379
f 715//1380 718//1380 717//1380
f 715//1381 717//1381 716//1381
f 754//1382 723//1382 756//1382
f 717//1383 724//1383 723//1383
f 724//1384 717//1384 718//1384
f 724//1385 718//1385 722//1385
f 735//1386 718//1386 721//1386
f 680//1387 677//1387 682//1387
f 725//1388 682//1388 677//1388
f 677//1389 730//1389 725//1389
f 678//1390 726//1390 730//1390
f 726//1391 727//1391 730//1391
f 726//1392 728//1392 727//1392
f 727//1393 729//1393 730//1393
f 730//1394 729//1394 725//1394
f 680//1395 682//1395 681//1395
f 682//1396 725//1396 731//1396
f 681//1397 682//1397 731//1397
f 681//1398 732//1398 720//1398
f 732//1399 681//1399 731//1399
f 729//1400 733//1400 731//1400
f 729//1401 731//1401 725//1401
f 732//1402 734//1402 735//1402
f 735//1403 734//1403 737//1403
f 732//1404 735//1404 720//1404
f 720//1405 735//1405 721//1405
f 718//1406 735//1406 722//1406
f 734//1407 732//1407 736//1407
f 735//1408 737//1408 722//1408
f 724//1409 722//1409 737//1409
f 738//1410 724//1410 739//1410
f 724//1411 737//1411 739//1411
f 736//1412 732//1412 731//1412
f 731//1413 818//1413 736//1413
f 731//1414 740//1414 818//1414
f 731//1415 733//1415 740//1415
f 729//1416 727//1416 728//1416
f 740//1417 733//1417 745//1417
f 700//1418 733//1418 728//1418
f 728//1419 733//1419 729//1419
f 743//1420 728//1420 726//1420
f 741//1421 726//1421 678//1421
f 683//1422 684//1422 698//1422
f 698//1423 699//1423 742//1423
f 741//1424 683//1424 742//1424
f 742//1425 683//1425 698//1425
f 699//1426 697//1426 743//1426
f 743//1427 697//1427 694//1427
f 743//1428 694//1428 728//1428
f 733//1429 700//1429 745//1429
f 700//1430 705//1430 745//1430
f 705//1431 706//1431 744//1431
f 705//1432 744//1432 745//1432
f 704//1433 706//1433 701//1433
f 703//1434 704//1434 701//1434
f 666//1460 716//1460 753//1460
f 716//1461 754//1461 753//1461
f 716//1463 717//1463 723//1463
f 716//1464 723//1464 754//1464
f 723//1467 724//1467 738//1467
f 770//1468 739//1468 759//1468
f 739//1469 757//1469 759//1469
f 757//1470 758//1470 759//1470
f 762//1471 758//1471 761//1471
f 762//1472 763//1472 758//1472
f 761//1473 758//1473 760//1473
f 763//1474 759//1474 758//1474
f 762//1475 764//1475 763//1475
f 765//1476 763//1476 764//1476
f 764//1479 762//1479 768//1479
f 739//1482 770//1482 738//1482
f 723//1483 738//1483 756//1483
f 754//1484 756//1484 771//1484
f 754//1485 771//1485 753//1485
f 769//1487 753//1487 771//1487
f 786//1520 769//1520 771//1520
f 787//1521 786//1521 811//1521
f 811//1522 786//1522 771//1522
f 738//1523 770//1523 788//1523
f 738//1524 788//1524 756//1524
f 788//1525 771//1525 756//1525
f 806//1526 771//1526 788//1526
f 771//1527 806//1527 811//1527
f 806//1554 788//1554 807//1554
f 759//1555 808//1555 770//1555
f 808//1556 788//1556 770//1556
f 809//1557 759//1557 763//1557
f 788//1558 808//1558 807//1558
f 812//1559 808//1559 759//1559
f 808//1560 812//1560 810//1560
f 1314//1561 807//1561 808//1561
f 806//1562 807//1562 811//1562
f 1314//1563 808//1563 810//1563
f 809//1564 812//1564 759//1564
f 812//1565 809//1565 814//1565
f 809//1567 813//1567 814//1567
f 765//1568 809//1568 763//1568
f 761//1570 768//1570 762//1570
f 815//1571 768//1571 761//1571
f 816//1572 815//1572 761//1572
f 815//1573 817//1573 819//1573
f 818//1574 817//1574 815//1574
f 818//1575 815//1575 816//1575
f 818//1576 740//1576 817//1576
f 740//1577 745//1577 744//1577
f 819//1578 740//1578 744//1578
f 820//1579 768//1579 815//1579
f 820//1580 815//1580 819//1580
f 817//1582 740//1582 819//1582
f 744//1586 822//1586 819//1586
f 823//1587 744//1587 706//1587
f 744//1588 823//1588 822//1588
f 710//1601 714//1601 716//1601
f 679//1602 670//1602 674//1602
f 883//1685 880//1685 879//1685
f 881//1686 879//1686 880//1686
f 883//1687 634//1687 649//1687
f 634//1688 646//1688 647//1688
f 954//1791 743//1791 726//1791
f 954//1792 726//1792 741//1792
f 742//1793 699//1793 954//1793
f 954//1794 699//1794 743//1794
f 741//1795 742//1795 954//1795
f 823//2096 706//2096 704//2096
f 736//2142 816//2142 734//2142
f 736//2143 818//2143 816//2143
f 761//2144 760//2144 816//2144
f 816//2145 760//2145 734//2145
f 734//2146 760//2146 737//2146
f 760//2147 1139//2147 737//2147
f 739//2148 737//2148 1139//2148
f 757//2149 760//2149 758//2149
f 757//2150 1139//2150 760//2150
f 739//2151 1139//2151 757//2151
f 1168//2197 1981//2197 1169//2197
f 1167//2198 1168//2198 1169//2198
f 1489//2199 1165//2199 1167//2199
f 1167//2200 1169//2200 1488//2200
f 1168//2203 1172//2203 1978//2203
f 1168//2204 1171//2204 1981//2204
f 1173//2205 1171//2205 1168//2205
f 1173//2206 1168//2206 1978//2206
f 1140//2275 1083//2275 1220//2275
f 1219//2276 1140//2276 1220//2276
f 1225//2277 1220//2277 1083//2277
f 1222//2283 1319//2283 1223//2283
f 1222//2284 1223//2284 1141//2284
f 1225//2285 1141//2285 1223//2285
f 1225//2286 1223//2286 1226//2286
f 1086//2287 1224//2287 1319//2287
f 1252//2342 1218//2342 1260//2342
f 1260//2343 1218//2343 1140//2343
f 1219//2344 1253//2344 1140//2344
f 1219//2345 1255//2345 1253//2345
f 1253//2346 1255//2346 1256//2346
f 1256//2347 1257//2347 1261//2347
f 1220//2348 1254//2348 1219//2348
f 1258//2349 1220//2349 1225//2349
f 1259//2350 1220//2350 1258//2350
f 1254//2351 1329//2351 1219//2351
f 1219//2352 1329//2352 1255//2352
f 1329//2353 1328//2353 1256//2353
f 1255//2354 1329//2354 1256//2354
f 1256//2355 1261//2355 1253//2355
f 1253//2356 1260//2356 1140//2356
f 1252//2357 1260//2357 1261//2357
f 1252//2359 1261//2359 1250//2359
f 1260//2360 1253//2360 1261//2360
f 1257//2361 1250//2361 1261//2361
f 1257//2362 1262//2362 1250//2362
f 1249//2363 1250//2363 1262//2363
f 1263//2365 1249//2365 1262//2365
f 1262//2366 1257//2366 1332//2366
f 1262//2367 1332//2367 1263//2367
f 1268//2381 1269//2381 1270//2381
f 1269//2382 1268//2382 1190//2382
f 1277//2405 1275//2405 1278//2405
f 1277//2406 1278//2406 1276//2406
f 1279//2407 1275//2407 1276//2407
f 1279//2408 1276//2408 1278//2408
f 1279//2409 1278//2409 1275//2409
f 1287//2434 955//2434 881//2434
f 1287//2435 881//2435 880//2435
f 1296//2464 645//2464 642//2464
f 641//2484 644//2484 1296//2484
f 643//2485 1822//2485 1299//2485
f 1308//2502 1309//2502 1310//2502
f 1310//2503 1311//2503 956//2503
f 786//2504 787//2504 789//2504
f 789//2505 787//2505 1312//2505
f 1312//2506 787//2506 811//2506
f 811//2507 807//2507 1316//2507
f 811//2508 1316//2508 1312//2508
f 1313//2509 810//2509 812//2509
f 1313//2510 812//2510 814//2510
f 807//2511 1314//2511 1315//2511
f 807//2512 1315//2512 1316//2512
f 1318//2514 1226//2514 1223//2514
f 1318//2515 1223//2515 1319//2515
f 1319//2516 1321//2516 1318//2516
f 1320//2517 1319//2517 1224//2517
f 1319//2519 1320//2519 1321//2519
f 1320//2520 1231//2520 1321//2520
f 1321//2521 1226//2521 1318//2521
f 1420//2522 1231//2522 1232//2522
f 1231//2524 1420//2524 1321//2524
f 1226//2525 1321//2525 1258//2525
f 1225//2526 1226//2526 1258//2526
f 1322//2527 1259//2527 1258//2527
f 1323//2528 1322//2528 1258//2528
f 1324//2529 1322//2529 1323//2529
f 1324//2530 1325//2530 1416//2530
f 1220//2531 1259//2531 1254//2531
f 1259//2532 1322//2532 1326//2532
f 1326//2533 1322//2533 1324//2533
f 1326//2534 1324//2534 1327//2534
f 1324//2536 1416//2536 1327//2536
f 1328//2538 1329//2538 1254//2538
f 1256//2539 1328//2539 1331//2539
f 1328//2540 1330//2540 1331//2540
f 1257//2541 1256//2541 1331//2541
f 1257//2542 1331//2542 1332//2542
f 1330//2547 1332//2547 1331//2547
f 1332//2548 1338//2548 1263//2548
f 1263//2549 1338//2549 1333//2549
f 1263//2550 1333//2550 1269//2550
f 1337//2552 1269//2552 1333//2552
f 1270//2553 1269//2553 1337//2553
f 1339//2554 1333//2554 1340//2554
f 1340//2555 1333//2555 1341//2555
f 1337//2556 1333//2556 1339//2556
f 1187//2557 1337//2557 1339//2557
f 1339//2558 1342//2558 1187//2558
f 1187//2559 1270//2559 1337//2559
f 1187//2560 1268//2560 1270//2560
f 1186//2561 1187//2561 1342//2561
f 1342//2562 1339//2562 1343//2562
f 1340//2563 1343//2563 1339//2563
f 1333//2564 1338//2564 1346//2564
f 1345//2565 1338//2565 1332//2565
f 1347//2566 1333//2566 1346//2566
f 1346//2567 1338//2567 1345//2567
f 1345//2568 1332//2568 1330//2568
f 1387//2576 1327//2576 1416//2576
f 1347//2580 1341//2580 1333//2580
f 1340//2581 1341//2581 1344//2581
f 1363//2582 1343//2582 1340//2582
f 1363//2583 1340//2583 1344//2583
f 1341//2584 1347//2584 1351//2584
f 1573//2585 1344//2585 1341//2585
f 1351//2586 1573//2586 1341//2586
f 1352//2587 1351//2587 1347//2587
f 1346//2598 1357//2598 1347//2598
f 1357//2599 1346//2599 1353//2599
f 1347//2600 1357//2600 1352//2600
f 1353//2602 1358//2602 1362//2602
f 1358//2603 1378//2603 1362//2603
f 1357//2604 1353//2604 1360//2604
f 1360//2605 1359//2605 1357//2605
f 1360//2606 1361//2606 1359//2606
f 1362//2607 1360//2607 1353//2607
f 1361//2608 1360//2608 1364//2608
f 1364//2609 1360//2609 1362//2609
f 1363//2610 1362//2610 1366//2610
f 1362//2611 1363//2611 1364//2611
f 1365//2612 1591//2612 1364//2612
f 1366//2613 1362//2613 1367//2613
f 1366//2614 1367//2614 1368//2614
f 1343//2615 1363//2615 1366//2615
f 1366//2616 1368//2616 1343//2616
f 1342//2617 1343//2617 1368//2617
f 1372//2629 1367//2629 1362//2629
f 1378//2631 1372//2631 1362//2631
f 1375//2632 1372//2632 1378//2632
f 1376//2634 1375//2634 1377//2634
f 1375//2635 1378//2635 1377//2635
f 1379//2638 1376//2638 1377//2638
f 1388//2652 1391//2652 1385//2652
f 1393//2654 1392//2654 1391//2654
f 1400//2666 1388//2666 1389//2666
f 1402//2667 1387//2667 1416//2667
f 1389//2668 1401//2668 1400//2668
f 1403//2669 1400//2669 1401//2669
f 1400//2670 1404//2670 1388//2670
f 1400//2671 1405//2671 1404//2671
f 1395//2672 1406//2672 1397//2672
f 1587//2673 1397//2673 1406//2673
f 1406//2674 1395//2674 1393//2674
f 1393//2675 1758//2675 1406//2675
f 1391//2676 1388//2676 1404//2676
f 1403//2677 1405//2677 1400//2677
f 1391//2678 1404//2678 1409//2678
f 1404//2679 1405//2679 1409//2679
f 1407//2680 1405//2680 1408//2680
f 1886//2681 1407//2681 1408//2681
f 1403//2682 1408//2682 1405//2682
f 1403//2683 1411//2683 1408//2683
f 1410//2684 1411//2684 1403//2684
f 1411//2685 1412//2685 2182//2685
f 1411//2686 1410//2686 1412//2686
f 1403//2687 1401//2687 1410//2687
f 1413//2688 1386//2688 1387//2688
f 1414//2689 1402//2689 1415//2689
f 1415//2690 1417//2690 1414//2690
f 1414//2691 1413//2691 1402//2691
f 1402//2692 1413//2692 1387//2692
f 1386//2693 1413//2693 2184//2693
f 2237//2694 1413//2694 1414//2694
f 1418//2695 1417//2695 1415//2695
f 2260//2696 1419//2696 1415//2696
f 1415//2697 1419//2697 1418//2697
f 2062//2698 2260//2698 1415//2698
f 2062//2699 1415//2699 1402//2699
f 1420//2700 1323//2700 1258//2700
f 1702//2701 1323//2701 1693//2701
f 1693//2702 1323//2702 1420//2702
f 1421//2703 1420//2703 1232//2703
f 1233//2704 1421//2704 1232//2704
f 1423//2705 1422//2705 1233//2705
f 1701//2708 1423//2708 1425//2708
f 1483//2821 1480//2821 1479//2821
f 1471//2823 1486//2823 1485//2823
f 1483//2824 1479//2824 1485//2824
f 1661//2825 1480//2825 1483//2825
f 1661//2826 1483//2826 1484//2826
f 1485//2827 1484//2827 1483//2827
f 1665//2828 1486//2828 1487//2828
f 1665//2829 1485//2829 1486//2829
f 1484//2830 1485//2830 1663//2830
f 1485//2831 1665//2831 1663//2831
f 1673//2832 1665//2832 1487//2832
f 1166//2833 1489//2833 1478//2833
f 1487//2834 1478//2834 1489//2834
f 1478//2835 1487//2835 1486//2835
f 1487//2836 1489//2836 1671//2836
f 1488//2837 1489//2837 1167//2837
f 1489//2838 1166//2838 1165//2838
f 1316//2846 1315//2846 1317//2846
f 810//2847 1491//2847 1314//2847
f 1491//2848 810//2848 1313//2848
f 1314//2849 1491//2849 1315//2849
f 1317//2850 1315//2850 1490//2850
f 1315//2851 1491//2851 1493//2851
f 1490//2852 1493//2852 1492//2852
f 1494//2853 1493//2853 1491//2853
f 1491//2854 1495//2854 1494//2854
f 1491//2855 1313//2855 1495//2855
f 1497//2856 1522//2856 1495//2856
f 1496//2857 1495//2857 1313//2857
f 1496//2858 1497//2858 1495//2858
f 1499//2859 1497//2859 1496//2859
f 1496//2860 1313//2860 814//2860
f 1499//2861 1496//2861 813//2861
f 813//2862 1496//2862 814//2862
f 1519//2898 1492//2898 1493//2898
f 1519//2899 1493//2899 1494//2899
f 1520//2900 1519//2900 1494//2900
f 1495//2901 1522//2901 1494//2901
f 1494//2902 1714//2902 1520//2902
f 1521//2903 1492//2903 1519//2903
f 1521//2904 1519//2904 1520//2904
f 1522//2905 1714//2905 1494//2905
f 1522//2906 1523//2906 1714//2906
f 1523//2907 1522//2907 1497//2907
f 1497//2910 1501//2910 1523//2910
f 1420//2921 1258//2921 1321//2921
f 1536//2939 1924//2939 1535//2939
f 1539//2944 1379//2944 1541//2944
f 1540//2945 1539//2945 1541//2945
f 1541//2946 1379//2946 1377//2946
f 1368//3001 1186//3001 1342//3001
f 1573//3002 1574//3002 1344//3002
f 1344//3003 1364//3003 1363//3003
f 1574//3004 1364//3004 1344//3004
f 1574//3005 1575//3005 1364//3005
f 1575//3006 1365//3006 1364//3006
f 1365//3007 1575//3007 1576//3007
f 1573//3008 1351//3008 1577//3008
f 1577//3009 1351//3009 1352//3009
f 1578//3010 1576//3010 1575//3010
f 1579//3011 1578//3011 1575//3011
f 1827//3012 1575//3012 1574//3012
f 1575//3013 1827//3013 1579//3013
f 1581//3014 1595//3014 1580//3014
f 1581//3015 1580//3015 1582//3015
f 1583//3016 1574//3016 1573//3016
f 1573//3017 1577//3017 1583//3017
f 1780//3018 1574//3018 1583//3018
f 1584//3019 1583//3019 1577//3019
f 1783//3020 1577//3020 1352//3020
f 1361//3021 1764//3021 1359//3021
f 1764//3022 1361//3022 1586//3022
f 1586//3023 1587//3023 1764//3023
f 1587//3024 1588//3024 1764//3024
f 1589//3025 1587//3025 1586//3025
f 1587//3026 1589//3026 1590//3026
f 1762//3027 1588//3027 1587//3027
f 1587//3028 1590//3028 1397//3028
f 1589//3029 1586//3029 1592//3029
f 1591//3030 1361//3030 1364//3030
f 1361//3031 1591//3031 1586//3031
f 1591//3032 1365//3032 1594//3032
f 1593//3033 1591//3033 1595//3033
f 1595//3034 1591//3034 1594//3034
f 1594//3035 1365//3035 1576//3035
f 1594//3036 1580//3036 1595//3036
f 1581//3037 1582//3037 1596//3037
f 1594//3038 1579//3038 1580//3038
f 1578//3039 1579//3039 1576//3039
f 1576//3040 1579//3040 1594//3040
f 1600//3041 1581//3041 1596//3041
f 1598//3042 1596//3042 1582//3042
f 1596//3043 1598//3043 1597//3043
f 1598//3044 1599//3044 1597//3044
f 1600//3045 1596//3045 1597//3045
f 1601//3046 1599//3046 1598//3046
f 1602//3047 1600//3047 1597//3047
f 1603//3048 1600//3048 1602//3048
f 1602//3049 1597//3049 1599//3049
f 1600//3050 1603//3050 1581//3050
f 1581//3051 1603//3051 1606//3051
f 1606//3052 1593//3052 1595//3052
f 1606//3053 1595//3053 1581//3053
f 1592//3054 1586//3054 1607//3054
f 1608//3055 1592//3055 1607//3055
f 1592//3056 1608//3056 1589//3056
f 1608//3057 1609//3057 1589//3057
f 1589//3058 1610//3058 1590//3058
f 1613//3062 1611//3062 1608//3062
f 1608//3063 1607//3063 1613//3063
f 1613//3068 1607//3068 1617//3068
f 1633//3112 1636//3112 1637//3112
f 1635//3113 1636//3113 1634//3113
f 1635//3114 1639//3114 1636//3114
f 1638//3115 1636//3115 1639//3115
f 1638//3116 1639//3116 1640//3116
f 1641//3117 1638//3117 1640//3117
f 2157//3118 1639//3118 1635//3118
f 1481//3120 1480//3120 2157//3120
f 1646//3136 1443//3136 1645//3136
f 1645//3137 1444//3137 1647//3137
f 1643//3139 1649//3139 1647//3139
f 1651//3140 1645//3140 1647//3140
f 1650//3141 1647//3141 1649//3141
f 1636//3157 1638//3157 1958//3157
f 1639//3158 1658//3158 1659//3158
f 1639//3159 1659//3159 1640//3159
f 1658//3160 1660//3160 1659//3160
f 1658//3161 1661//3161 1660//3161
f 1659//3162 1660//3162 1662//3162
f 1666//3163 1640//3163 1659//3163
f 1666//3164 1659//3164 1662//3164
f 1663//3165 1662//3165 1660//3165
f 1661//3166 1658//3166 1480//3166
f 1661//3167 1484//3167 1660//3167
f 1664//3168 1662//3168 1663//3168
f 1663//3169 1660//3169 1484//3169
f 1664//3170 1663//3170 1665//3170
f 1662//3171 1664//3171 1667//3171
f 1667//3172 1664//3172 1670//3172
f 1666//3173 1662//3173 1667//3173
f 1640//3174 1666//3174 1668//3174
f 1640//3175 1668//3175 1641//3175
f 1668//3176 1669//3176 1641//3176
f 1668//3177 1666//3177 1667//3177
f 1670//3178 1664//3178 1673//3178
f 1673//3179 1664//3179 1665//3179
f 1487//3180 1671//3180 1673//3180
f 1488//3181 1671//3181 1489//3181
f 1488//3182 1169//3182 1672//3182
f 1488//3183 1672//3183 1671//3183
f 1667//3184 1674//3184 1668//3184
f 1641//3185 1675//3185 1638//3185
f 1638//3186 1675//3186 1958//3186
f 1958//3187 1957//3187 1636//3187
f 1636//3188 1677//3188 1637//3188
f 1657//3189 1637//3189 1678//3189
f 1677//3190 1678//3190 1637//3190
f 1636//3191 1957//3191 1677//3191
f 1678//3192 1677//3192 1957//3192
f 1678//3193 1676//3193 1657//3193
f 1678//3194 1954//3194 1676//3194
f 1679//3197 1654//3197 1676//3197
f 1440//3199 1679//3199 1681//3199
f 1440//3200 1681//3200 1656//3200
f 1649//3208 1646//3208 1645//3208
f 1645//3209 1680//3209 1649//3209
f 1680//3210 1645//3210 1681//3210
f 1681//3211 1645//3211 1650//3211
f 1681//3212 1650//3212 1656//3212
f 1656//3213 1650//3213 1649//3213
f 1650//3214 1651//3214 1647//3214
f 1682//3215 1650//3215 1645//3215
f 1683//3216 1651//3216 1650//3216
f 1683//3217 1650//3217 1682//3217
f 1684//3218 1651//3218 1685//3218
f 1685//3219 1651//3219 1683//3219
f 1686//3220 1683//3220 1682//3220
f 1685//3221 1683//3221 2031//3221
f 1684//3222 1645//3222 1651//3222
f 1645//3223 1684//3223 1682//3223
f 1682//3224 1684//3224 1681//3224
f 1684//3225 1683//3225 1686//3225
f 1683//3226 1684//3226 1687//3226
f 1687//3227 1684//3227 1685//3227
f 1682//3228 1679//3228 1686//3228
f 1656//3229 1680//3229 1646//3229
f 1690//3234 1688//3234 1438//3234
f 1438//3235 1680//3235 1690//3235
f 1688//3236 1691//3236 1689//3236
f 1691//3237 1692//3237 1689//3237
f 1425//3238 1692//3238 1701//3238
f 1233//3239 1422//3239 1421//3239
f 1420//3240 1421//3240 1693//3240
f 1421//3241 1694//3241 1693//3241
f 1695//3242 1421//3242 1422//3242
f 1696//3243 1695//3243 1422//3243
f 1697//3244 1422//3244 1423//3244
f 1697//3245 1423//3245 1701//3245
f 1680//3246 1686//3246 1698//3246
f 1690//3247 1700//3247 1688//3247
f 1692//3248 1691//3248 1699//3248
f 1701//3249 1696//3249 1697//3249
f 1692//3250 1699//3250 1701//3250
f 1700//3251 1691//3251 1688//3251
f 1699//3252 1691//3252 1700//3252
f 1421//3253 1695//3253 1696//3253
f 1693//3254 1694//3254 1703//3254
f 1693//3255 1703//3255 1704//3255
f 1705//3256 1704//3256 1703//3256
f 1706//3257 1703//3257 1694//3257
f 1703//3258 1706//3258 1705//3258
f 1706//3259 1707//3259 1705//3259
f 1708//3260 1705//3260 1710//3260
f 1710//3261 1705//3261 1707//3261
f 1709//3262 1706//3262 1694//3262
f 1709//3263 1694//3263 1421//3263
f 1709//3264 1421//3264 1696//3264
f 1709//3265 1701//3265 1707//3265
f 1701//3266 1709//3266 1696//3266
f 1699//3267 1710//3267 1701//3267
f 1700//3268 1710//3268 1699//3268
f 1710//3269 1707//3269 1701//3269
f 1709//3270 1707//3270 1706//3270
f 1690//3271 1711//3271 1700//3271
f 1710//3272 1700//3272 1708//3272
f 1708//3273 1700//3273 1711//3273
f 1698//3274 1690//3274 1680//3274
f 1953//3275 1698//3275 1713//3275
f 1713//3276 1698//3276 1679//3276
f 1685//3277 1698//3277 1686//3277
f 1684//3278 1686//3278 1681//3278
f 1681//3279 1686//3279 1680//3279
f 1682//3280 1681//3280 1679//3280
f 1656//3281 1649//3281 1680//3281
f 1490//3283 1315//3283 1493//3283
f 1714//3284 1525//3284 1716//3284
f 1714//3285 1716//3285 1715//3285
f 1714//3286 1715//3286 1520//3286
f 1525//3287 1714//3287 1717//3287
f 1717//3288 1714//3288 1523//3288
f 1523//3289 1501//3289 1717//3289
f 1716//3290 1525//3290 1524//3290
f 1540//3299 1720//3299 1735//3299
f 1540//3300 1735//3300 1539//3300
f 1553//3313 1729//3313 1727//3313
f 1728//3314 1553//3314 1727//3314
f 1720//3315 1553//3315 1728//3315
f 1728//3322 1727//3322 1839//3322
f 1727//3323 1309//3323 1839//3323
f 1838//3324 1735//3324 1728//3324
f 1740//3335 1621//3335 1616//3335
f 1740//3336 1616//3336 1617//3336
f 1741//3337 1617//3337 1607//3337
f 1607//3338 1586//3338 1593//3338
f 1593//3339 1586//3339 1591//3339
f 1741//3340 1607//3340 1593//3340
f 1603//3341 1602//3341 1605//3341
f 1605//3342 1602//3342 1743//3342
f 1602//3343 1604//3343 1744//3343
f 1602//3344 1744//3344 1743//3344
f 1606//3345 1603//3345 1742//3345
f 1742//3346 1593//3346 1606//3346
f 1741//3347 1748//3347 1747//3347
f 1747//3348 1617//3348 1741//3348
f 1748//3349 1741//3349 1593//3349
f 1748//3350 1593//3350 1742//3350
f 1617//3351 1757//3351 1740//3351
f 1757//3369 1617//3369 1749//3369
f 1749//3370 1617//3370 1761//3370
f 1761//3371 1617//3371 1747//3371
f 1740//3372 1750//3372 1621//3372
f 1757//3373 1759//3373 1740//3373
f 1750//3374 1751//3374 1621//3374
f 1750//3375 1740//3375 1759//3375
f 1757//3376 1749//3376 1762//3376
f 1749//3377 1761//3377 1762//3377
f 1761//3378 1763//3378 1762//3378
f 1763//3379 1764//3379 1762//3379
f 1764//3380 1763//3380 1352//3380
f 1585//3381 1352//3381 1763//3381
f 1585//3382 1783//3382 1352//3382
f 1577//3383 1783//3383 1584//3383
f 1761//3384 1747//3384 1746//3384
f 1746//3385 1748//3385 1742//3385
f 1746//3386 1765//3386 1761//3386
f 1763//3387 1761//3387 1765//3387
f 1766//3388 1763//3388 1765//3388
f 1747//3389 1748//3389 1746//3389
f 1767//3390 1763//3390 1766//3390
f 1745//3391 1746//3391 1742//3391
f 1605//3392 1745//3392 1742//3392
f 1603//3393 1605//3393 1742//3393
f 1745//3394 1605//3394 1768//3394
f 1769//3395 1599//3395 1601//3395
f 1769//3396 1601//3396 1770//3396
f 1770//3397 1771//3397 1789//3397
f 1771//3398 1770//3398 1601//3398
f 1601//3399 1598//3399 1772//3399
f 1601//3400 1773//3400 2005//3400
f 1774//3401 1773//3401 1601//3401
f 1774//3402 1601//3402 1772//3402
f 1598//3403 1777//3403 1772//3403
f 1774//3404 1772//3404 1775//3404
f 1776//3405 1775//3405 1772//3405
f 1776//3406 1772//3406 1777//3406
f 1598//3407 1778//3407 1777//3407
f 1776//3408 1777//3408 1778//3408
f 1778//3409 1598//3409 1582//3409
f 1778//3410 1582//3410 1779//3410
f 1776//3411 1780//3411 1775//3411
f 1781//3412 1780//3412 1583//3412
f 1827//3413 1776//3413 1778//3413
f 1827//3414 1778//3414 1779//3414
f 1574//3415 1776//3415 1827//3415
f 1776//3416 1574//3416 1780//3416
f 1584//3417 1781//3417 1583//3417
f 1785//3418 1584//3418 1783//3418
f 1782//3419 1584//3419 1785//3419
f 1585//3420 1763//3420 1767//3420
f 1585//3421 1767//3421 1784//3421
f 1783//3422 1585//3422 1784//3422
f 1786//3423 1766//3423 1765//3423
f 1746//3424 1786//3424 1765//3424
f 1786//3425 1787//3425 1766//3425
f 1786//3426 1746//3426 1768//3426
f 1746//3427 1745//3427 1768//3427
f 1743//3428 1788//3428 1605//3428
f 1599//3429 1604//3429 1602//3429
f 1599//3430 1769//3430 1604//3430
f 1770//3431 1604//3431 1769//3431
f 1604//3432 1770//3432 1789//3432
f 1604//3433 1789//3433 1744//3433
f 1744//3434 2017//3434 1743//3434
f 1789//3435 1771//3435 2015//3435
f 1790//3436 1771//3436 1601//3436
f 1601//3437 2005//3437 1790//3437
f 2005//3438 1773//3438 1791//3438
f 1792//3439 1774//3439 1775//3439
f 1774//3440 1792//3440 1773//3440
f 1793//3441 1792//3441 1775//3441
f 1780//3442 1793//3442 1775//3442
f 1781//3443 1584//3443 1782//3443
f 1780//3444 1781//3444 1794//3444
f 1780//3445 1794//3445 1793//3445
f 1793//3446 1794//3446 1796//3446
f 1794//3447 1781//3447 1782//3447
f 1782//3448 1785//3448 1795//3448
f 1795//3449 1785//3449 1784//3449
f 1784//3450 1785//3450 1783//3450
f 1800//3451 1795//3451 1784//3451
f 1795//3452 1796//3452 1782//3452
f 1782//3453 1796//3453 1794//3453
f 1797//3454 1807//3454 1796//3454
f 1793//3455 1796//3455 1807//3455
f 1798//3456 1797//3456 1796//3456
f 1798//3457 1796//3457 1795//3457
f 1798//3458 1795//3458 1799//3458
f 1795//3459 1800//3459 1799//3459
f 1767//3460 1787//3460 1801//3460
f 1767//3461 1802//3461 1784//3461
f 1802//3462 1767//3462 1801//3462
f 1784//3463 1802//3463 1800//3463
f 1799//3464 1800//3464 1804//3464
f 1804//3465 1800//3465 1802//3465
f 1798//3466 1805//3466 1797//3466
f 1797//3467 1805//3467 1806//3467
f 1797//3468 1806//3468 1807//3468
f 1805//3469 1798//3469 1808//3469
f 1808//3470 1798//3470 1799//3470
f 1806//3471 1970//3471 1807//3471
f 1809//3472 1805//3472 1808//3472
f 1799//3473 1810//3473 1808//3473
f 1809//3474 1808//3474 1810//3474
f 1810//3475 1799//3475 1804//3475
f 1801//3476 2104//3476 1802//3476
f 1811//3477 1801//3477 1803//3477
f 1812//3478 1811//3478 1803//3478
f 1812//3479 1813//3479 2016//3479
f 1813//3480 1812//3480 1814//3480
f 2016//3481 1813//3481 2017//3481
f 2017//3482 1813//3482 1743//3482
f 1743//3483 1814//3483 1788//3483
f 1743//3484 1813//3484 1814//3484
f 1605//3485 1788//3485 1768//3485
f 1788//3486 1815//3486 1786//3486
f 1788//3487 1786//3487 1768//3487
f 1815//3488 1788//3488 1814//3488
f 1815//3489 1814//3489 1812//3489
f 1786//3490 1815//3490 1787//3490
f 1787//3491 1815//3491 1801//3491
f 1815//3492 1803//3492 1801//3492
f 1803//3493 1815//3493 1812//3493
f 1299//3497 1822//3497 1823//3497
f 1821//3498 1823//3498 1822//3498
f 1823//3500 1821//3500 1825//3500
f 1824//3501 1823//3501 1825//3501
f 1579//3508 1827//3508 1580//3508
f 1580//3509 1827//3509 1779//3509
f 1779//3510 1582//3510 1580//3510
f 1399//3516 1397//3516 1590//3516
f 1399//3517 1590//3517 1830//3517
f 1830//3518 1590//3518 1610//3518
f 1399//3525 1833//3525 1831//3525
f 1840//3536 1310//3536 1309//3536
f 1309//3537 1308//3537 1839//3537
f 1310//3539 956//3539 1308//3539
f 1857//3542 1727//3542 1842//3542
f 1842//3543 1727//3543 1729//3543
f 1696//3572 1422//3572 1697//3572
f 1855//3573 1853//3573 1854//3573
f 1310//3574 1854//3574 1311//3574
f 1310//3575 1840//3575 1854//3575
f 1840//3576 1855//3576 1854//3576
f 1840//3577 1858//3577 1855//3577
f 1858//3578 1856//3578 1855//3578
f 1857//3579 1840//3579 1309//3579
f 1727//3580 1857//3580 1309//3580
f 1857//3581 1858//3581 1840//3581
f 1856//3582 1859//3582 1855//3582
f 1853//3583 1855//3583 1859//3583
f 1860//3584 1858//3584 1857//3584
f 1858//3585 1860//3585 1856//3585
f 1857//3586 1842//3586 1860//3586
f 1842//3587 1861//3587 1860//3587
f 1842//3588 1862//3588 1861//3588
f 1902//3622 1849//3622 1844//3622
f 1883//3624 1750//3624 1889//3624
f 1885//3625 1750//3625 1760//3625
f 1759//3626 1760//3626 1750//3626
f 1884//3627 1759//3627 1757//3627
f 1758//3628 1884//3628 1757//3628
f 1391//3629 1884//3629 1758//3629
f 1406//3630 1758//3630 1757//3630
f 1764//3631 1588//3631 1762//3631
f 1357//3632 1764//3632 1352//3632
f 1764//3633 1357//3633 1359//3633
f 1762//3634 1587//3634 1406//3634
f 1762//3635 1406//3635 1757//3635
f 1393//3636 1391//3636 1758//3636
f 1884//3637 1391//3637 1409//3637
f 1409//3638 1405//3638 1407//3638
f 1884//3639 1409//3639 1759//3639
f 1760//3640 1759//3640 1409//3640
f 1760//3641 1409//3641 1407//3641
f 1750//3642 1885//3642 1889//3642
f 1887//3643 1885//3643 1886//3643
f 1886//3644 1885//3644 1760//3644
f 1760//3645 1407//3645 1886//3645
f 1408//3646 1894//3646 1888//3646
f 1887//3647 1888//3647 1890//3647
f 1885//3648 1887//3648 1889//3648
f 1888//3649 1887//3649 1886//3649
f 1408//3650 1888//3650 1886//3650
f 1844//3657 1893//3657 1902//3657
f 1892//3658 1908//3658 1902//3658
f 1893//3659 1844//3659 1894//3659
f 1894//3660 1844//3660 1888//3660
f 1902//3661 1893//3661 1899//3661
f 1411//3662 1894//3662 1408//3662
f 1894//3663 1898//3663 1893//3663
f 1895//3664 1898//3664 1896//3664
f 1896//3665 1898//3665 1897//3665
f 1897//3666 1898//3666 1894//3666
f 1900//3667 1899//3667 1893//3667
f 1893//3668 1901//3668 1900//3668
f 1908//3669 1903//3669 1902//3669
f 1902//3670 1903//3670 1849//3670
f 1902//3673 1899//3673 1904//3673
f 1902//3674 1904//3674 1892//3674
f 1905//3675 1892//3675 1904//3675
f 1900//3676 1904//3676 1899//3676
f 1904//3677 1900//3677 1907//3677
f 1907//3678 1906//3678 1904//3678
f 1904//3679 1906//3679 1905//3679
f 1892//3680 1905//3680 1908//3680
f 1906//3681 1909//3681 1905//3681
f 1909//3683 1910//3683 1903//3683
f 1911//3684 1903//3684 1910//3684
f 1839//3691 1838//3691 1728//3691
f 1915//3692 1933//3692 1916//3692
f 1830//3697 1833//3697 1399//3697
f 1831//3698 1833//3698 1922//3698
f 1830//3699 1921//3699 1535//3699
f 1833//3702 1830//3702 1924//3702
f 1924//3703 1830//3703 1535//3703
f 1926//3704 1924//3704 1536//3704
f 1923//3705 1922//3705 1833//3705
f 1922//3706 1923//3706 2045//3706
f 1925//3707 2045//3707 1923//3707
f 1833//3708 1924//3708 1923//3708
f 1926//3709 1925//3709 1923//3709
f 1926//3710 1923//3710 1924//3710
f 1929//3720 1914//3720 1932//3720
f 1995//3721 1914//3721 1915//3721
f 1995//3722 1915//3722 1916//3722
f 1914//3723 1995//3723 1932//3723
f 1930//3724 1929//3724 1932//3724
f 1933//3725 1918//3725 1934//3725
f 2144//3726 1934//3726 1935//3726
f 1935//3727 1934//3727 1918//3727
f 1917//3728 1938//3728 1937//3728
f 1939//3729 1938//3729 1940//3729
f 1938//3730 1941//3730 1940//3730
f 1938//3731 1939//3731 1937//3731
f 1942//3732 1938//3732 1917//3732
f 1941//3733 1938//3733 1942//3733
f 1323//3737 1702//3737 1944//3737
f 1693//3738 1704//3738 1702//3738
f 1702//3739 1704//3739 1945//3739
f 1945//3740 1704//3740 1946//3740
f 1946//3741 1704//3741 1705//3741
f 1705//3742 1948//3742 1947//3742
f 1948//3743 1705//3743 1708//3743
f 1705//3744 1947//3744 1946//3744
f 1950//3745 1711//3745 1690//3745
f 1950//3746 1690//3746 1951//3746
f 1711//3747 1950//3747 2060//3747
f 1711//3748 2060//3748 1708//3748
f 1951//3749 1953//3749 1952//3749
f 1953//3750 1951//3750 1712//3750
f 1955//3751 1952//3751 1953//3751
f 1698//3752 1712//3752 1690//3752
f 1951//3753 1690//3753 1712//3753
f 1953//3754 1712//3754 1698//3754
f 1955//3755 1953//3755 1954//3755
f 1953//3756 1713//3756 1954//3756
f 1713//3757 1679//3757 1954//3757
f 1954//3758 1678//3758 1956//3758
f 1959//3759 1670//3759 1673//3759
f 1959//3760 1673//3760 1671//3760
f 1959//3761 1671//3761 1672//3761
f 1963//3762 1672//3762 1960//3762
f 1672//3763 1169//3763 1961//3763
f 1672//3764 1961//3764 1960//3764
f 1960//3765 1961//3765 2307//3765
f 1962//3766 1960//3766 2307//3766
f 1962//3767 2327//3767 1960//3767
f 1963//3768 1959//3768 1672//3768
f 1670//3769 1959//3769 1963//3769
f 1667//3770 1670//3770 1965//3770
f 1670//3771 1964//3771 1965//3771
f 1667//3772 1965//3772 1967//3772
f 1668//3773 1674//3773 1669//3773
f 1667//3774 1967//3774 1674//3774
f 1641//3775 1669//3775 1966//3775
f 1966//3776 1669//3776 1674//3776
f 1963//3777 1964//3777 1670//3777
f 1960//3778 1968//3778 1963//3778
f 1963//3779 1968//3779 1964//3779
f 1792//3780 1793//3780 1807//3780
f 1792//3781 1791//3781 1773//3781
f 1791//3782 1792//3782 1969//3782
f 1970//3783 1969//3783 1792//3783
f 1970//3784 1792//3784 1807//3784
f 1971//3785 1931//3785 1972//3785
f 1907//3786 1972//3786 1931//3786
f 1930//3788 1973//3788 1974//3788
f 1930//3789 1974//3789 1907//3789
f 1973//3790 1976//3790 1974//3790
f 1976//3792 1973//3792 1910//3792
f 1973//3794 1995//3794 1912//3794
f 1973//3795 1912//3795 1911//3795
f 1911//3796 1910//3796 1973//3796
f 1910//3797 1909//3797 1976//3797
f 1905//3798 1909//3798 1974//3798
f 1905//3799 1974//3799 1975//3799
f 1905//3800 1975//3800 1908//3800
f 1908//3801 1975//3801 1906//3801
f 1909//3802 1906//3802 1975//3802
f 1976//3803 1909//3803 1975//3803
f 1909//3804 1908//3804 1974//3804
f 1908//3805 1909//3805 1903//3805
f 1974//3806 1908//3806 1906//3806
f 1974//3807 1976//3807 1975//3807
f 1172//3809 1977//3809 1978//3809
f 1977//3810 1172//3810 1979//3810
f 1977//3811 1979//3811 1978//3811
f 1171//3812 1980//3812 1981//3812
f 1171//3813 1173//3813 1980//3813
f 1981//3814 1980//3814 1982//3814
f 1982//3815 1980//3815 1983//3815
f 1979//3816 1173//3816 1978//3816
f 1173//3817 1979//3817 1984//3817
f 1173//3818 1984//3818 1985//3818
f 1173//3819 1985//3819 1980//3819
f 1980//3820 1985//3820 1983//3820
f 1981//3821 1982//3821 1983//3821
f 1986//3822 1981//3822 1983//3822
f 1981//3823 1986//3823 1961//3823
f 1985//3824 2306//3824 1983//3824
f 1983//3825 2306//3825 1986//3825
f 1989//3826 1985//3826 1987//3826
f 1984//3827 1987//3827 1985//3827
f 1994//3828 1987//3828 1984//3828
f 1994//3829 1988//3829 1987//3829
f 1988//3830 1994//3830 1993//3830
f 1987//3831 1988//3831 1990//3831
f 1990//3832 1989//3832 1987//3832
f 1992//3833 1991//3833 1990//3833
f 1990//3834 1988//3834 2433//3834
f 1911//3839 1912//3839 1903//3839
f 1940//3842 1996//3842 1997//3842
f 1940//3843 1997//3843 1939//3843
f 1939//3844 1997//3844 1937//3844
f 1935//3845 1936//3845 2000//3845
f 1997//3846 1996//3846 1998//3846
f 1997//3847 1998//3847 1937//3847
f 1936//3848 1999//3848 2000//3848
f 1999//3849 1936//3849 1937//3849
f 1999//3850 1937//3850 2147//3850
f 1998//3851 1996//3851 2151//3851
f 1998//3852 2151//3852 1937//3852
f 2002//3853 1934//3853 2001//3853
f 2002//3854 2001//3854 1916//3854
f 1934//3855 2002//3855 1933//3855
f 1933//3856 2002//3856 1916//3856
f 1970//3857 1806//3857 2003//3857
f 2003//3858 2004//3858 1970//3858
f 1969//3859 1970//3859 2004//3859
f 1969//3860 2004//3860 1791//3860
f 1791//3861 2004//3861 2005//3861
f 2005//3862 2004//3862 2006//3862
f 2006//3863 2004//3863 2003//3863
f 2005//3864 2006//3864 2014//3864
f 1805//3865 1809//3865 2007//3865
f 1805//3866 2007//3866 1806//3866
f 1810//3867 1804//3867 2008//3867
f 1802//3868 2102//3868 1804//3868
f 1804//3869 2010//3869 2008//3869
f 2009//3870 1809//3870 2008//3870
f 2008//3871 1809//3871 1810//3871
f 1804//3872 2102//3872 2010//3872
f 1809//3873 2009//3873 2007//3873
f 2003//3874 1806//3874 2011//3874
f 2011//3875 1806//3875 2007//3875
f 2009//3876 2012//3876 2007//3876
f 2006//3877 2003//3877 2013//3877
f 2006//3878 2013//3878 2014//3878
f 2021//3879 2005//3879 2023//3879
f 2005//3880 2021//3880 1790//3880
f 1771//3881 1790//3881 2015//3881
f 2017//3882 1744//3882 1789//3882
f 1790//3883 1789//3883 2015//3883
f 1812//3884 2016//3884 2030//3884
f 2018//3885 2016//3885 2017//3885
f 2018//3886 2028//3886 2016//3886
f 2018//3887 2017//3887 2129//3887
f 2019//3888 2018//3888 2129//3888
f 2017//3889 1789//3889 2020//3889
f 2021//3890 2020//3890 1789//3890
f 2022//3891 2017//3891 2020//3891
f 2023//3892 2020//3892 2021//3892
f 2024//3893 2005//3893 2014//3893
f 2024//3894 2023//3894 2005//3894
f 2027//3895 2023//3895 2024//3895
f 2026//3896 2024//3896 2025//3896
f 2025//3897 2024//3897 2014//3897
f 2014//3898 2161//3898 2025//3898
f 2020//3899 2023//3899 2027//3899
f 2022//3900 2129//3900 2017//3900
f 2020//3901 2027//3901 2024//3901
f 2019//3902 2028//3902 2018//3902
f 2019//3903 2029//3903 2028//3903
f 2452//3904 2030//3904 2028//3904
f 2451//3905 2030//3905 2452//3905
f 2030//3906 2451//3906 2105//3906
f 2105//3907 2104//3907 1811//3907
f 2104//3908 1801//3908 1811//3908
f 2030//3909 2016//3909 2028//3909
f 1812//3910 2030//3910 1811//3910
f 2030//3911 2105//3911 1811//3911
f 1685//3912 2031//3912 1698//3912
f 1698//3913 2031//3913 1687//3913
f 1687//3914 1679//3914 1698//3914
f 1683//3915 1687//3915 2031//3915
f 1687//3916 1685//3916 1686//3916
f 1687//3917 1686//3917 1679//3917
f 1679//3918 1676//3918 1954//3918
f 1926//3920 1824//3920 1825//3920
f 1926//3921 1825//3921 1925//3921
f 1824//3922 1926//3922 1536//3922
f 1825//3923 2033//3923 1925//3923
f 2034//3924 2033//3924 1825//3924
f 2034//3925 1825//3925 2035//3925
f 2036//3926 2035//3926 1825//3926
f 1919//3927 1825//3927 1821//3927
f 1919//3928 2037//3928 1825//3928
f 1919//3929 2694//3929 2037//3929
f 1825//3930 2037//3930 2036//3930
f 2034//3931 2035//3931 2038//3931
f 2038//3932 2039//3932 2034//3932
f 2039//3933 2033//3933 2034//3933
f 2033//3934 2039//3934 2040//3934
f 1925//3935 2033//3935 2177//3935
f 1925//3936 2177//3936 2032//3936
f 2045//3937 1925//3937 2032//3937
f 2041//3938 2045//3938 2032//3938
f 2032//3939 2043//3939 2041//3939
f 2044//3940 2041//3940 2043//3940
f 2045//3941 2041//3941 2046//3941
f 2044//3942 2046//3942 2041//3942
f 2044//3943 2047//3943 2048//3943
f 2047//3944 2049//3944 2048//3944
f 2046//3945 2044//3945 2048//3945
f 2047//3946 2050//3946 2049//3946
f 2053//3947 2050//3947 2052//3947
f 2053//3948 2052//3948 2051//3948
f 1972//3949 2051//3949 2052//3949
f 2051//3950 1972//3950 1907//3950
f 2049//3951 2050//3951 2687//3951
f 2050//3952 2053//3952 2687//3952
f 2051//3953 2482//3953 2053//3953
f 2053//3954 2482//3954 2483//3954
f 1907//3955 2216//3955 2051//3955
f 1907//3956 1974//3956 1906//3956
f 2057//3957 2054//3957 2055//3957
f 1971//3958 2052//3958 2055//3958
f 1972//3959 2052//3959 1971//3959
f 2050//3960 2047//3960 2058//3960
f 2058//3961 2047//3961 2169//3961
f 2058//3962 2057//3962 2050//3962
f 2052//3963 2057//3963 2055//3963
f 2056//3964 2054//3964 2057//3964
f 2058//3965 2056//3965 2057//3965
f 2057//3966 2052//3966 2050//3966
f 1944//3967 1325//3967 1323//3967
f 1323//3968 1325//3968 1324//3968
f 1944//3969 2059//3969 1325//3969
f 1944//3970 1702//3970 1945//3970
f 1947//3971 1949//3971 1946//3971
f 1948//3972 2110//3972 1947//3972
f 2060//3973 1948//3973 1708//3973
f 2060//3974 2086//3974 1948//3974
f 1944//3975 1945//3975 2083//3975
f 2083//3976 1945//3976 1946//3976
f 1949//3977 1947//3977 2111//3977
f 1944//3978 2083//3978 2059//3978
f 1402//3979 1416//3979 2061//3979
f 2061//3980 1416//3980 1325//3980
f 2061//3981 1325//3981 2059//3981
f 2062//3982 1402//3982 2061//3982
f 2260//3983 2062//3983 2063//3983
f 2077//3984 2064//3984 2063//3984
f 2063//3985 2064//3985 2065//3985
f 2066//3986 2063//3986 2065//3986
f 2066//3987 2065//3987 2067//3987
f 2067//3988 2065//3988 2064//3988
f 2068//3989 2069//3989 2064//3989
f 2070//3990 2066//3990 2071//3990
f 2066//3991 2070//3991 2245//3991
f 2067//3992 2071//3992 2066//3992
f 2067//3993 2064//3993 2069//3993
f 2068//3994 2064//3994 2077//3994
f 2070//3995 2071//3995 2417//3995
f 2067//3996 2075//3996 2071//3996
f 2075//3997 2067//3997 2073//3997
f 2073//3998 2067//3998 2069//3998
f 2074//3999 2071//3999 2075//3999
f 2076//4000 2068//4000 2077//4000
f 2068//4001 2076//4001 2078//4001
f 2069//4002 2068//4002 2078//4002
f 2079//4003 2078//4003 2080//4003
f 2080//4004 2078//4004 2076//4004
f 2062//4005 2077//4005 2063//4005
f 2081//4006 2062//4006 2061//4006
f 2059//4007 2083//4007 2082//4007
f 2083//4008 1946//4008 1949//4008
f 2082//4009 2083//4009 2084//4009
f 2084//4010 2083//4010 1949//4010
f 2085//4011 2060//4011 1950//4011
f 1950//4012 1951//4012 1952//4012
f 1955//4013 2090//4013 1952//4013
f 1952//4014 2090//4014 2085//4014
f 2060//4015 2085//4015 2088//4015
f 2060//4016 2088//4016 2086//4016
f 2087//4017 2086//4017 2088//4017
f 2086//4018 2109//4018 1948//4018
f 1948//4019 2109//4019 2110//4019
f 2109//4020 2086//4020 2087//4020
f 2088//4021 2085//4021 2089//4021
f 2088//4022 2089//4022 2096//4022
f 2102//4023 2088//4023 2096//4023
f 2091//4024 2089//4024 2090//4024
f 2090//4025 2089//4025 2085//4025
f 2090//4026 2094//4026 2091//4026
f 1954//4027 1956//4027 1955//4027
f 1957//4028 1956//4028 1678//4028
f 2090//4029 1955//4029 1956//4029
f 2090//4030 1956//4030 2093//4030
f 1957//4031 2092//4031 1956//4031
f 2093//4032 1956//4032 2092//4032
f 2093//4033 2094//4033 2090//4033
f 2093//4034 2092//4034 2095//4034
f 2094//4035 2093//4035 2095//4035
f 2092//4036 2322//4036 2095//4036
f 2095//4037 2098//4037 2094//4037
f 2094//4038 2098//4038 2091//4038
f 2096//4039 2089//4039 2091//4039
f 2097//4040 2091//4040 2098//4040
f 2091//4041 2097//4041 2096//4041
f 2097//4042 2098//4042 2099//4042
f 2096//4043 2097//4043 2012//4043
f 2097//4044 2099//4044 2100//4044
f 2100//4045 2159//4045 2097//4045
f 2101//4046 2096//4046 2012//4046
f 2103//4047 2106//4047 2087//4047
f 2103//4048 2087//4048 2102//4048
f 2102//4049 2087//4049 2088//4049
f 2010//4050 2096//4050 2101//4050
f 2010//4051 2102//4051 2096//4051
f 2102//4052 1802//4052 2103//4052
f 2104//4053 2103//4053 1802//4053
f 2106//4054 2104//4054 2105//4054
f 2105//4055 2451//4055 2106//4055
f 2104//4056 2106//4056 2103//4056
f 2106//4057 2107//4057 2087//4057
f 2087//4058 2107//4058 2109//4058
f 2113//4059 2111//4059 2110//4059
f 2110//4060 2112//4060 2113//4060
f 2111//4061 2084//4061 1949//4061
f 2059//4062 2082//4062 2061//4062
f 2084//4063 2111//4063 2113//4063
f 2084//4064 2114//4064 2082//4064
f 2109//4065 2112//4065 2110//4065
f 2109//4066 2107//4066 2108//4066
f 2115//4067 2107//4067 2106//4067
f 2115//4068 2106//4068 2450//4068
f 2115//4069 2108//4069 2107//4069
f 2115//4070 2450//4070 2116//4070
f 2115//4071 2116//4071 2120//4071
f 2108//4072 2112//4072 2109//4072
f 2118//4073 2112//4073 2108//4073
f 2119//4074 2112//4074 2118//4074
f 2123//4075 2118//4075 2108//4075
f 2123//4076 2108//4076 2115//4076
f 2122//4077 2120//4077 2117//4077
f 2120//4078 2116//4078 2121//4078
f 2130//4079 2120//4079 2121//4079
f 2130//4080 2117//4080 2120//4080
f 2123//4081 2120//4081 2122//4081
f 2124//4082 2123//4082 2122//4082
f 2123//4083 2124//4083 2128//4083
f 2128//4084 2124//4084 2125//4084
f 2126//4085 2122//4085 2117//4085
f 2126//4086 2117//4086 2129//4086
f 2122//4087 2126//4087 2319//4087
f 2115//4088 2120//4088 2123//4088
f 2124//4089 2127//4089 2125//4089
f 2321//4090 2124//4090 2319//4090
f 2319//4091 2124//4091 2122//4091
f 2129//4092 2117//4092 2130//4092
f 2022//4093 2126//4093 2129//4093
f 2129//4094 2130//4094 2019//4094
f 2019//4095 2130//4095 2029//4095
f 2130//4096 2121//4096 2029//4096
f 2029//4097 2121//4097 2028//4097
f 2450//4098 2121//4098 2116//4098
f 1984//4116 1916//4116 2001//4116
f 1994//4117 1984//4117 2001//4117
f 2144//4118 2001//4118 1934//4118
f 2001//4119 2144//4119 1994//4119
f 2145//4120 2144//4120 1935//4120
f 2144//4121 2148//4121 1994//4121
f 2146//4122 2145//4122 1935//4122
f 1935//4123 2000//4123 2146//4123
f 1999//4124 2150//4124 2000//4124
f 2150//4125 1999//4125 2147//4125
f 2147//4126 1937//4126 2151//4126
f 2150//4127 2146//4127 2000//4127
f 2146//4128 2150//4128 2149//4128
f 2145//4129 2146//4129 2149//4129
f 2145//4130 2148//4130 2144//4130
f 1994//4131 2148//4131 1993//4131
f 2358//4132 1988//4132 2148//4132
f 2148//4133 1988//4133 1993//4133
f 2148//4134 2145//4134 2359//4134
f 2145//4135 2149//4135 2359//4135
f 2153//4136 1996//4136 2152//4136
f 2153//4137 2151//4137 1996//4137
f 2151//4138 2153//4138 2147//4138
f 2154//4139 2147//4139 2153//4139
f 2147//4140 2154//4140 2150//4140
f 2150//4141 2154//4141 2149//4141
f 2152//4142 2155//4142 2153//4142
f 2153//4143 2155//4143 2154//4143
f 2154//4144 2361//4144 2149//4144
f 2149//4145 2361//4145 2359//4145
f 1658//4147 2157//4147 1480//4147
f 1639//4148 2157//4148 1658//4148
f 2010//4149 2158//4149 2008//4149
f 2012//4150 2009//4150 2158//4150
f 2009//4151 2008//4151 2158//4151
f 2101//4152 2158//4152 2010//4152
f 2007//4153 2159//4153 2011//4153
f 2101//4154 2012//4154 2158//4154
f 2007//4155 2012//4155 2159//4155
f 2014//4156 2013//4156 2160//4156
f 2013//4157 2003//4157 2011//4157
f 2014//4158 2160//4158 2161//4158
f 2161//4159 2162//4159 2025//4159
f 2162//4160 2163//4160 2025//4160
f 2163//4161 2162//4161 2320//4161
f 2100//4162 2161//4162 2164//4162
f 2097//4163 2159//4163 2012//4163
f 2164//4164 2159//4164 2100//4164
f 1767//4165 1766//4165 1787//4165
f 1887//4175 1890//4175 1889//4175
f 2168//4181 2056//4181 2169//4181
f 2169//4182 2056//4182 2058//4182
f 2044//4183 2043//4183 2047//4183
f 2043//4184 2032//4184 2042//4184
f 2043//4185 2042//4185 2047//4185
f 2170//4186 2042//4186 2032//4186
f 2038//4187 2171//4187 2040//4187
f 2038//4188 2040//4188 2039//4188
f 2169//4189 2171//4189 2038//4189
f 2169//4190 2047//4190 2172//4190
f 2169//4191 2172//4191 2171//4191
f 2172//4192 2042//4192 2170//4192
f 2042//4193 2172//4193 2047//4193
f 2171//4194 2173//4194 2040//4194
f 2173//4195 2174//4195 2040//4195
f 2033//4196 2173//4196 2177//4196
f 2040//4197 2174//4197 2033//4197
f 2173//4198 2033//4198 2175//4198
f 2175//4199 2033//4199 2174//4199
f 2174//4200 2173//4200 2176//4200
f 2176//4201 2173//4201 2175//4201
f 2177//4202 2176//4202 2172//4202
f 2172//4203 2176//4203 2175//4203
f 2175//4204 2174//4204 2171//4204
f 2175//4205 2171//4205 2172//4205
f 2171//4206 2174//4206 2176//4206
f 2171//4207 2176//4207 2177//4207
f 2171//4208 2177//4208 2173//4208
f 2172//4209 2170//4209 2032//4209
f 2172//4210 2032//4210 2177//4210
f 1735//4211 1720//4211 1728//4211
f 2160//4212 2013//4212 2011//4212
f 2160//4213 2164//4213 2161//4213
f 2159//4214 2164//4214 2011//4214
f 2011//4215 2164//4215 2160//4215
f 2085//4216 1950//4216 1952//4216
f 1947//4217 2110//4217 2111//4217
f 1901//4218 1893//4218 1898//4218
f 1896//4219 2180//4219 2178//4219
f 1896//4220 2178//4220 1895//4220
f 1897//4221 1894//4221 2179//4221
f 2179//4222 1894//4222 1411//4222
f 1896//4223 1897//4223 2180//4223
f 2181//4224 2182//4224 1412//4224
f 2181//4225 1412//4225 2193//4225
f 1412//4226 1410//4226 2183//4226
f 1389//4227 1386//4227 2184//4227
f 1389//4228 2184//4228 2204//4228
f 1412//4229 2183//4229 2195//4229
f 2193//4230 2191//4230 2181//4230
f 2182//4231 2187//4231 2186//4231
f 1411//4232 2182//4232 2185//4232
f 2185//4233 2182//4233 2186//4233
f 2187//4234 2182//4234 2188//4234
f 2186//4235 2187//4235 2313//4235
f 2189//4236 2188//4236 2182//4236
f 2188//4237 2313//4237 2187//4237
f 2313//4238 2188//4238 2190//4238
f 2190//4239 2188//4239 2189//4239
f 2189//4240 2182//4240 2181//4240
f 2191//4241 2192//4241 2181//4241
f 2189//4242 2181//4242 2192//4242
f 2193//4243 1412//4243 2194//4243
f 1412//4244 2196//4244 2194//4244
f 2196//4245 1412//4245 2195//4245
f 2194//4246 2192//4246 2193//4246
f 2192//4247 2194//4247 2510//4247
f 2510//4248 2194//4248 2196//4248
f 2197//4249 2195//4249 2183//4249
f 2198//4250 2183//4250 2199//4250
f 2183//4251 1410//4251 2199//4251
f 2200//4252 2198//4252 2201//4252
f 2201//4253 2198//4253 2199//4253
f 2204//4254 2199//4254 1410//4254
f 2202//4255 1413//4255 2237//4255
f 2184//4256 1413//4256 2202//4256
f 2184//4257 2203//4257 2204//4257
f 2203//4258 2184//4258 2202//4258
f 1389//4259 2204//4259 1401//4259
f 1401//4260 2204//4260 1410//4260
f 2199//4261 2204//4261 2209//4261
f 2199//4262 2209//4262 2201//4262
f 2200//4263 2201//4263 2205//4263
f 2201//4264 2209//4264 2205//4264
f 2206//4265 2205//4265 2209//4265
f 2206//4266 2209//4266 2207//4266
f 2207//4267 2208//4267 2206//4267
f 2214//4268 2207//4268 2209//4268
f 2210//4269 2207//4269 2212//4269
f 2207//4270 2210//4270 2208//4270
f 2208//4271 2210//4271 2211//4271
f 2212//4272 2215//4272 2224//4272
f 2224//4273 2215//4273 2232//4273
f 2214//4274 2212//4274 2207//4274
f 2214//4275 2209//4275 2215//4275
f 2203//4276 2215//4276 2209//4276
f 2209//4277 2204//4277 2203//4277
f 2202//4278 2215//4278 2203//4278
f 2215//4279 2212//4279 2214//4279
f 1900//4280 1901//4280 1907//4280
f 2216//4281 1907//4281 1901//4281
f 1898//4282 1895//4282 1901//4282
f 1901//4283 1895//4283 2178//4283
f 2051//4284 2216//4284 2482//4284
f 2178//4285 2216//4285 1901//4285
f 2216//4286 2178//4286 2217//4286
f 2217//4287 2178//4287 2317//4287
f 2216//4288 2218//4288 2482//4288
f 2218//4289 2217//4289 2219//4289
f 2217//4290 2218//4290 2216//4290
f 2219//4291 2217//4291 2317//4291
f 2219//4292 2220//4292 2218//4292
f 2218//4293 2220//4293 2222//4293
f 2220//4294 2206//4294 2222//4294
f 2222//4295 2221//4295 2218//4295
f 2482//4296 2218//4296 2485//4296
f 2486//4297 2485//4297 2218//4297
f 2486//4298 2218//4298 2488//4298
f 2488//4299 2218//4299 2221//4299
f 2222//4300 2206//4300 2208//4300
f 2225//4301 2211//4301 2223//4301
f 2223//4302 2211//4302 2210//4302
f 2223//4303 2210//4303 2212//4303
f 2223//4304 2212//4304 2213//4304
f 2224//4305 2213//4305 2212//4305
f 2211//4306 2225//4306 2229//4306
f 2226//4307 2213//4307 2224//4307
f 2223//4308 2227//4308 2225//4308
f 2228//4309 2225//4309 2227//4309
f 2228//4310 2229//4310 2225//4310
f 2229//4311 2230//4311 2211//4311
f 2231//4312 2223//4312 2213//4312
f 2231//4313 2213//4313 2454//4313
f 2454//4314 2213//4314 2226//4314
f 2224//4315 2232//4315 2233//4315
f 2233//4316 2232//4316 2215//4316
f 2215//4317 2202//4317 2401//4317
f 2401//4318 2233//4318 2215//4318
f 2234//4319 2224//4319 2233//4319
f 2202//4320 2235//4320 2401//4320
f 2236//4321 2235//4321 2202//4321
f 2239//4322 2236//4322 2202//4322
f 1414//4323 1417//4323 2238//4323
f 1414//4324 2238//4324 2237//4324
f 2237//4325 2238//4325 2239//4325
f 2202//4326 2237//4326 2239//4326
f 2239//4327 2240//4327 2393//4327
f 2236//4328 2239//4328 2393//4328
f 2236//4329 2393//4329 2235//4329
f 2240//4330 2239//4330 2238//4330
f 2242//4331 2240//4331 2238//4331
f 1418//4332 1419//4332 2241//4332
f 1417//4333 1418//4333 2238//4333
f 2242//4334 2241//4334 2395//4334
f 2242//4335 2238//4335 1418//4335
f 2242//4336 1418//4336 2241//4336
f 2241//4337 1419//4337 2260//4337
f 2063//4338 2253//4338 2260//4338
f 2253//4339 2063//4339 2066//4339
f 2253//4340 2066//4340 2243//4340
f 2243//4341 2066//4341 2244//4341
f 2244//4342 2066//4342 2245//4342
f 2245//4343 2070//4343 2072//4343
f 2417//4344 2072//4344 2070//4344
f 2605//4345 2245//4345 2072//4345
f 2245//4346 2605//4346 2246//4346
f 2416//4347 2246//4347 2605//4347
f 2244//4348 2245//4348 2247//4348
f 2248//4349 2245//4349 2246//4349
f 2248//4350 2247//4350 2245//4350
f 2243//4351 2249//4351 2253//4351
f 2250//4352 2248//4352 2246//4352
f 2247//4353 2251//4353 2244//4353
f 2252//4354 2251//4354 2247//4354
f 2243//4355 2244//4355 2249//4355
f 2254//4356 2260//4356 2253//4356
f 2255//4357 2253//4357 2249//4357
f 2253//4358 2256//4358 2254//4358
f 2256//4359 2253//4359 2255//4359
f 2261//4360 2255//4360 2249//4360
f 2261//4361 2249//4361 2251//4361
f 2251//4362 2249//4362 2244//4362
f 2252//4363 2247//4363 2257//4363
f 2248//4364 2257//4364 2247//4364
f 2258//4365 2248//4365 2250//4365
f 2396//4366 2250//4366 2246//4366
f 2258//4367 2257//4367 2248//4367
f 2679//4368 2257//4368 2258//4368
f 2254//4369 2258//4369 2250//4369
f 2254//4370 2250//4370 2259//4370
f 2254//4371 2259//4371 2260//4371
f 2259//4372 2241//4372 2260//4372
f 2261//4373 2263//4373 2255//4373
f 2263//4374 2261//4374 2262//4374
f 2256//4375 2255//4375 2264//4375
f 2514//4376 2256//4376 2264//4376
f 2258//4377 2254//4377 2265//4377
f 2265//4378 2254//4378 2256//4378
f 2267//4379 2265//4379 2256//4379
f 2256//4380 2273//4380 2266//4380
f 2256//4381 2266//4381 2267//4381
f 2265//4382 2252//4382 2258//4382
f 2257//4383 2679//4383 2680//4383
f 2257//4384 2680//4384 2252//4384
f 2265//4385 2251//4385 2252//4385
f 2251//4386 2267//4386 2261//4386
f 2261//4387 2267//4387 2262//4387
f 2265//4388 2267//4388 2251//4388
f 2262//4389 2264//4389 2263//4389
f 2263//4390 2264//4390 2271//4390
f 2270//4391 2255//4391 2263//4391
f 2263//4392 2271//4392 2270//4392
f 2255//4393 2269//4393 2264//4393
f 2269//4394 2255//4394 2275//4394
f 2275//4395 2255//4395 2270//4395
f 2268//4396 2262//4396 2267//4396
f 2514//4397 2273//4397 2256//4397
f 2264//4398 2274//4398 2514//4398
f 2264//4399 2269//4399 2271//4399
f 2269//4400 2272//4400 2271//4400
f 2272//4401 2275//4401 2271//4401
f 2271//4402 2275//4402 2270//4402
f 2275//4403 2276//4403 2269//4403
f 2276//4404 2275//4404 2681//4404
f 2272//4405 2269//4405 2276//4405
f 2272//4406 2280//4406 2277//4406
f 2275//4407 2272//4407 2286//4407
f 2272//4408 2278//4408 2286//4408
f 2280//4409 2279//4409 2277//4409
f 2276//4410 2280//4410 2272//4410
f 2280//4411 2282//4411 2281//4411
f 2282//4412 2280//4412 2276//4412
f 2279//4413 2280//4413 2281//4413
f 2281//4414 2284//4414 2283//4414
f 2281//4415 2283//4415 2279//4415
f 2272//4416 2277//4416 2278//4416
f 2285//4417 2278//4417 2277//4417
f 2275//4418 2286//4418 2681//4418
f 2276//4419 2287//4419 2282//4419
f 2288//4420 2282//4420 2289//4420
f 2288//4421 2291//4421 2290//4421
f 2288//4422 2290//4422 2282//4422
f 2289//4423 2291//4423 2288//4423
f 2291//4424 2292//4424 2290//4424
f 2281//4425 2282//4425 2284//4425
f 2282//4426 2290//4426 2292//4426
f 2282//4427 2292//4427 2284//4427
f 2295//4428 2294//4428 2293//4428
f 2295//4429 2296//4429 2294//4429
f 2294//4430 2284//4430 2293//4430
f 2297//4431 2296//4431 2295//4431
f 2297//4432 2298//4432 2296//4432
f 2304//4433 2295//4433 2293//4433
f 2304//4434 2293//4434 2328//4434
f 2302//4435 2304//4435 2328//4435
f 2302//4436 2303//4436 2304//4436
f 2295//4437 2304//4437 1989//4437
f 2297//4438 2295//4438 2301//4438
f 2629//4439 2298//4439 2297//4439
f 2628//4440 2301//4440 2295//4440
f 2305//4441 2628//4441 2295//4441
f 1989//4442 2304//4442 2306//4442
f 2303//4443 2306//4443 2304//4443
f 2307//4444 2303//4444 1962//4444
f 2307//4445 2306//4445 2303//4445
f 1961//4446 1986//4446 2307//4446
f 1981//4447 1961//4447 1169//4447
f 2306//4448 2307//4448 1986//4448
f 1790//4449 2021//4449 1789//4449
f 2180//4450 1897//4450 2308//4450
f 2308//4451 1897//4451 2179//4451
f 2179//4452 2310//4452 2309//4452
f 2185//4453 2179//4453 1411//4453
f 2179//4454 2185//4454 2311//4454
f 2311//4455 2310//4455 2179//4455
f 2312//4456 2311//4456 2185//4456
f 2315//4457 2185//4457 2186//4457
f 2315//4458 2186//4458 2313//4458
f 2316//4459 2190//4459 2317//4459
f 2317//4460 2190//4460 2219//4460
f 2314//4461 2190//4461 2316//4461
f 2190//4462 2314//4462 2313//4462
f 2314//4463 2185//4463 2315//4463
f 2314//4464 2315//4464 2313//4464
f 2185//4465 2314//4465 2312//4465
f 2316//4466 2311//4466 2312//4466
f 2316//4467 2312//4467 2314//4467
f 2311//4468 2316//4468 2317//4468
f 2311//4469 2317//4469 2310//4469
f 2309//4470 2310//4470 2317//4470
f 2308//4471 2179//4471 2309//4471
f 2308//4472 2309//4472 2317//4472
f 2308//4473 2178//4473 2180//4473
f 2317//4474 2178//4474 2308//4474
f 2099//4475 2098//4475 2318//4475
f 2320//4476 2100//4476 2099//4476
f 2319//4477 2098//4477 2095//4477
f 2098//4478 2319//4478 2318//4478
f 2320//4479 2161//4479 2100//4479
f 2320//4480 2162//4480 2161//4480
f 2320//4481 2099//4481 2318//4481
f 2095//4482 2321//4482 2319//4482
f 2321//4483 2095//4483 2322//4483
f 2323//4484 2322//4484 2092//4484
f 2322//4485 2345//4485 2127//4485
f 2324//4486 2345//4486 2322//4486
f 2323//4487 2092//4487 1957//4487
f 2323//4488 1957//4488 1958//4488
f 2323//4489 2324//4489 2322//4489
f 2324//4490 2323//4490 2333//4490
f 1641//4491 1966//4491 1675//4491
f 2337//4492 1967//4492 1965//4492
f 1964//4493 2325//4493 1965//4493
f 2325//4494 1964//4494 1968//4494
f 1960//4495 2326//4495 1968//4495
f 2303//4496 2302//4496 2327//4496
f 2303//4497 2327//4497 1962//4497
f 2328//4498 1960//4498 2327//4498
f 2328//4499 2327//4499 2302//4499
f 1960//4500 2328//4500 2326//4500
f 2328//4501 2329//4501 2326//4501
f 2328//4502 2331//4502 2329//4502
f 2331//4503 2328//4503 2293//4503
f 2330//4504 2329//4504 2331//4504
f 2330//4505 2331//4505 2293//4505
f 2329//4506 2330//4506 2326//4506
f 2337//4507 1965//4507 2325//4507
f 1968//4508 2332//4508 2325//4508
f 1674//4509 1967//4509 1966//4509
f 1966//4510 2333//4510 1675//4510
f 1675//4511 2333//4511 1958//4511
f 2333//4512 2323//4512 1958//4512
f 2334//4513 1966//4513 1967//4513
f 2340//4514 1967//4514 2337//4514
f 2335//4515 2337//4515 2325//4515
f 2332//4516 1968//4516 2326//4516
f 2326//4517 2330//4517 2579//4517
f 2326//4518 2579//4518 2291//4518
f 2325//4519 2332//4519 2335//4519
f 2291//4520 2289//4520 2326//4520
f 2326//4521 2289//4521 2682//4521
f 2682//4522 2336//4522 2326//4522
f 2337//4523 2335//4523 2332//4523
f 2332//4524 2326//4524 2336//4524
f 2332//4525 2336//4525 2338//4525
f 2682//4526 2080//4526 2336//4526
f 2080//4527 2427//4527 2336//4527
f 2332//4528 2338//4528 2337//4528
f 2338//4529 2339//4529 2337//4529
f 2337//4530 2339//4530 2340//4530
f 2340//4531 2339//4531 2341//4531
f 2341//4532 2343//4532 2340//4532
f 2342//4533 1966//4533 2334//4533
f 1966//4534 2342//4534 2333//4534
f 2333//4535 2342//4535 2324//4535
f 1967//4536 2340//4536 2334//4536
f 2340//4537 2343//4537 2334//4537
f 2342//4538 2334//4538 2343//4538
f 2324//4539 2342//4539 2345//4539
f 2339//4540 2338//4540 2336//4540
f 2427//4541 2339//4541 2336//4541
f 2341//4542 2128//4542 2343//4542
f 2022//4543 2025//4543 2163//4543
f 2025//4544 2022//4544 2026//4544
f 2026//4545 2020//4545 2024//4545
f 2026//4546 2022//4546 2020//4546
f 2318//4547 2163//4547 2320//4547
f 2321//4548 2322//4548 2127//4548
f 2341//4549 2344//4549 2128//4549
f 2342//4550 2343//4550 2125//4550
f 2125//4551 2343//4551 2128//4551
f 2339//4552 2344//4552 2341//4552
f 2125//4553 2345//4553 2342//4553
f 2127//4554 2345//4554 2125//4554
f 2127//4555 2124//4555 2321//4555
f 2319//4556 2126//4556 2318//4556
f 2318//4557 2126//4557 2163//4557
f 2022//4558 2163//4558 2126//4558
f 2347//4559 2168//4559 2169//4559
f 2347//4560 2346//4560 2168//4560
f 2353//4561 2346//4561 2347//4561
f 2353//4562 2347//4562 2348//4562
f 2350//4563 2349//4563 2347//4563
f 2350//4564 2347//4564 2169//4564
f 2351//4565 2349//4565 2350//4565
f 2349//4566 2352//4566 2347//4566
f 2352//4567 2348//4567 2347//4567
f 2352//4568 2354//4568 2348//4568
f 2354//4569 2352//4569 2037//4569
f 2352//4570 2356//4570 2037//4570
f 2037//4571 2356//4571 2349//4571
f 2037//4572 2349//4572 2036//4572
f 2356//4573 2352//4573 2349//4573
f 2350//4574 2169//4574 2038//4574
f 2358//4575 2148//4575 2359//4575
f 2359//4576 2361//4576 2360//4576
f 2366//4577 2361//4577 2362//4577
f 2154//4578 2155//4578 2361//4578
f 2365//4579 2361//4579 2155//4579
f 2365//4580 2155//4580 2152//4580
f 2363//4581 2156//4581 2364//4581
f 2364//4582 2441//4582 2363//4582
f 2363//4583 2366//4583 2156//4583
f 2156//4584 2365//4584 2152//4584
f 2362//4585 2365//4585 2156//4585
f 2156//4586 2366//4586 2362//4586
f 2362//4587 2361//4587 2365//4587
f 2368//4588 2372//4588 2367//4588
f 2367//4589 2377//4589 2370//4589
f 2367//4590 2370//4590 2373//4590
f 2367//4591 2373//4591 2368//4591
f 2368//4592 2374//4592 2372//4592
f 2367//4593 2372//4593 2369//4593
f 2371//4594 2369//4594 2372//4594
f 2368//4595 2375//4595 2374//4595
f 2376//4596 2375//4596 2368//4596
f 2378//4597 2370//4597 2230//4597
f 2368//4598 2373//4598 2376//4598
f 2370//4599 2378//4599 2373//4599
f 2373//4600 2407//4600 2376//4600
f 2375//4601 2379//4601 2374//4601
f 2389//4614 2230//4614 2229//4614
f 2389//4615 2229//4615 2228//4615
f 2223//4621 2231//4621 2227//4621
f 2224//4622 2234//4622 2226//4622
f 2234//4623 2233//4623 2402//4623
f 2234//4624 2402//4624 2530//4624
f 2402//4625 2233//4625 2401//4625
f 2393//4626 2240//4626 2394//4626
f 2399//4627 2240//4627 2242//4627
f 2395//4628 2399//4628 2242//4628
f 2395//4629 2241//4629 2259//4629
f 2259//4630 2250//4630 2396//4630
f 2246//4631 2416//4631 2396//4631
f 2398//4632 2395//4632 2259//4632
f 2396//4633 2397//4633 2259//4633
f 2240//4634 2399//4634 2394//4634
f 2395//4635 2398//4635 2604//4635
f 2416//4636 2397//4636 2396//4636
f 2397//4637 2606//4637 2400//4637
f 2259//4638 2397//4638 2400//4638
f 2235//4639 2393//4639 2392//4639
f 2392//4640 2401//4640 2235//4640
f 2403//4641 2402//4641 2401//4641
f 2403//4642 2401//4642 2408//4642
f 2403//4643 2408//4643 2402//4643
f 2402//4644 2408//4644 2530//4644
f 2226//4645 2234//4645 2462//4645
f 2401//4646 2405//4646 2410//4646
f 2410//4647 2407//4647 2406//4647
f 2410//4648 2406//4648 2401//4648
f 2401//4649 2406//4649 2404//4649
f 2401//4650 2404//4650 2408//4650
f 2530//4651 2408//4651 2409//4651
f 2408//4652 2390//4652 2409//4652
f 2390//4653 2408//4653 2404//4653
f 2412//4654 2410//4654 2411//4654
f 2411//4655 2410//4655 2405//4655
f 2405//4656 2401//4656 2392//4656
f 2414//4657 2392//4657 2393//4657
f 2414//4658 2393//4658 2394//4658
f 2604//4659 2399//4659 2395//4659
f 2398//4660 2259//4660 2603//4660
f 2603//4661 2259//4661 2400//4661
f 2415//4662 2606//4662 2416//4662
f 2416//4663 2606//4663 2397//4663
f 2071//4664 2418//4664 2417//4664
f 2071//4665 2074//4665 2418//4665
f 2074//4666 2075//4666 2611//4666
f 2611//4667 2075//4667 2419//4667
f 2073//4668 2420//4668 2419//4668
f 2073//4669 2419//4669 2075//4669
f 2420//4670 2615//4670 2419//4670
f 2421//4671 2611//4671 2419//4671
f 2421//4672 2419//4672 2615//4672
f 2422//4673 2420//4673 2073//4673
f 2073//4674 2069//4674 2422//4674
f 2682//4675 2079//4675 2080//4675
f 2081//4676 2061//4676 2082//4676
f 2114//4677 2084//4677 2113//4677
f 2113//4678 2112//4678 2114//4678
f 2424//4679 2114//4679 2112//4679
f 2119//4680 2424//4680 2112//4680
f 2082//4681 2114//4681 2081//4681
f 2081//4682 2425//4682 2062//4682
f 2062//4683 2425//4683 2077//4683
f 2428//4684 2077//4684 2425//4684
f 2428//4685 2425//4685 2426//4685
f 2424//4686 2426//4686 2425//4686
f 2424//4687 2425//4687 2081//4687
f 2424//4688 2081//4688 2114//4688
f 2426//4689 2424//4689 2119//4689
f 2426//4690 2119//4690 2118//4690
f 2118//4691 2123//4691 2128//4691
f 2427//4692 2344//4692 2339//4692
f 2428//4693 2076//4693 2077//4693
f 2426//4694 2429//4694 2428//4694
f 2732//4695 2429//4695 2118//4695
f 2428//4696 2430//4696 2076//4696
f 2430//4697 2080//4697 2076//4697
f 2080//4698 2430//4698 2427//4698
f 2428//4699 2429//4699 2430//4699
f 2430//4700 2429//4700 2732//4700
f 2426//4701 2118//4701 2429//4701
f 2358//4703 2359//4703 2360//4703
f 2358//4704 2360//4704 2432//4704
f 2358//4705 2433//4705 1988//4705
f 2433//4706 2358//4706 2432//4706
f 2434//4707 2432//4707 2360//4707
f 2436//4708 2360//4708 2361//4708
f 2436//4709 2361//4709 2366//4709
f 2366//4710 2363//4710 2435//4710
f 2436//4711 2366//4711 2435//4711
f 2360//4712 2436//4712 2434//4712
f 2437//4713 2434//4713 2438//4713
f 2438//4714 2434//4714 2436//4714
f 2439//4715 2436//4715 2435//4715
f 2439//4716 2435//4716 2363//4716
f 2363//4717 2442//4717 2439//4717
f 2439//4718 2440//4718 2436//4718
f 2438//4719 2436//4719 2440//4719
f 2434//4720 2437//4720 2432//4720
f 2432//4721 2443//4721 2433//4721
f 2443//4722 2432//4722 2437//4722
f 2444//4723 2442//4723 2363//4723
f 2444//4724 2363//4724 2441//4724
f 2443//4725 2445//4725 2433//4725
f 1990//4726 2433//4726 2445//4726
f 1990//4727 2445//4727 1992//4727
f 2445//4728 2443//4728 1992//4728
f 1992//4729 2443//4729 2446//4729
f 2443//4730 2437//4730 2447//4730
f 2442//4731 2440//4731 2439//4731
f 2442//4732 2448//4732 2440//4732
f 2442//4733 2444//4733 2448//4733
f 2449//4734 2440//4734 2448//4734
f 2440//4735 2449//4735 2438//4735
f 2447//4736 2437//4736 2438//4736
f 2447//4737 2438//4737 2449//4737
f 2451//4738 2121//4738 2450//4738
f 2450//4739 2106//4739 2451//4739
f 2452//4740 2028//4740 2121//4740
f 2451//4741 2452//4741 2121//4741
f 2367//4742 2369//4742 2377//4742
f 2453//4743 2369//4743 2371//4743
f 2460//4744 2454//4744 2226//4744
f 2460//4755 2226//4755 2461//4755
f 2462//4756 2461//4756 2226//4756
f 2465//4765 2464//4765 2457//4765
f 2481//4767 2464//4767 2466//4767
f 2465//4768 2463//4768 2467//4768
f 2467//4769 2463//4769 2468//4769
f 2470//4772 2464//4772 2465//4772
f 2471//4773 2467//4773 2468//4773
f 2470//4774 2465//4774 2473//4774
f 2474//4777 2471//4777 2472//4777
f 2471//4778 2474//4778 2467//4778
f 2465//4779 2467//4779 2473//4779
f 2467//4780 2474//4780 2473//4780
f 2475//4781 2474//4781 2472//4781
f 2475//4782 2472//4782 2476//4782
f 2475//4783 2476//4783 2477//4783
f 2474//4784 2475//4784 2478//4784
f 2470//4785 2479//4785 2464//4785
f 2479//4786 2466//4786 2464//4786
f 2470//4787 2473//4787 2478//4787
f 2478//4788 2473//4788 2474//4788
f 2477//4789 2480//4789 2475//4789
f 2482//4790 2466//4790 2479//4790
f 2479//4791 2470//4791 2478//4791
f 2483//4792 2478//4792 2475//4792
f 2483//4793 2475//4793 2480//4793
f 2484//4794 2483//4794 2480//4794
f 2483//4795 2687//4795 2053//4795
f 2466//4796 2482//4796 2485//4796
f 2478//4797 2482//4797 2479//4797
f 2478//4798 2483//4798 2482//4798
f 2485//4799 2486//4799 2466//4799
f 2488//4800 2487//4800 2486//4800
f 2453//4801 2487//4801 2488//4801
f 2487//4802 2453//4802 2481//4802
f 2466//4804 2486//4804 2481//4804
f 2487//4805 2481//4805 2486//4805
f 2192//4806 2190//4806 2189//4806
f 2219//4807 2190//4807 2510//4807
f 2510//4808 2190//4808 2192//4808
f 2193//4809 2192//4809 2191//4809
f 2404//4813 2378//4813 2230//4813
f 2373//4814 2378//4814 2406//4814
f 2373//4815 2406//4815 2407//4815
f 2390//4816 2389//4816 2409//4816
f 2389//4817 2228//4817 2409//4817
f 2409//4818 2228//4818 2490//4818
f 2389//4819 2390//4819 2230//4819
f 2230//4820 2390//4820 2404//4820
f 2410//4821 2375//4821 2376//4821
f 2378//4822 2404//4822 2406//4822
f 2376//4823 2407//4823 2410//4823
f 2491//4824 2496//4824 2492//4824
f 2208//4827 2377//4827 2222//4827
f 2222//4828 2377//4828 2369//4828
f 2221//4829 2222//4829 2453//4829
f 2453//4830 2222//4830 2369//4830
f 2453//4831 2488//4831 2221//4831
f 2370//4832 2377//4832 2208//4832
f 2211//4833 2370//4833 2208//4833
f 2375//4835 2412//4835 2379//4835
f 2379//4836 2412//4836 2380//4836
f 2412//4837 2375//4837 2410//4837
f 2413//4838 2412//4838 2411//4838
f 2498//4839 2413//4839 2411//4839
f 2499//4840 2412//4840 2413//4840
f 2499//4841 2413//4841 2500//4841
f 2412//4842 2499//4842 2380//4842
f 2500//4844 2501//4844 2499//4844
f 2502//4845 2500//4845 2413//4845
f 2498//4846 2411//4846 2503//4846
f 2503//4847 2411//4847 2405//4847
f 2503//4848 2405//4848 2392//4848
f 2413//4849 2498//4849 2502//4849
f 2498//4850 2503//4850 2544//4850
f 2500//4851 2502//4851 2501//4851
f 2387//4855 2504//4855 2490//4855
f 2387//4856 2490//4856 2228//4856
f 2370//4868 2211//4868 2230//4868
f 2510//4869 2196//4869 2511//4869
f 2511//4870 2196//4870 2195//4870
f 2510//4871 2511//4871 2512//4871
f 2511//4872 2197//4872 2512//4872
f 2512//4873 2268//4873 2510//4873
f 2268//4874 2512//4874 2513//4874
f 2268//4875 2513//4875 2514//4875
f 2514//4876 2513//4876 2273//4876
f 2514//4877 2274//4877 2262//4877
f 2262//4878 2274//4878 2264//4878
f 2268//4879 2514//4879 2262//4879
f 2512//4880 2197//4880 2183//4880
f 2512//4881 2183//4881 2513//4881
f 2513//4882 2183//4882 2273//4882
f 2267//4883 2266//4883 2515//4883
f 2515//4884 2266//4884 2516//4884
f 2516//4885 2266//4885 2273//4885
f 2273//4886 2183//4886 2516//4886
f 2515//4887 2516//4887 2205//4887
f 2220//4888 2515//4888 2206//4888
f 2206//4889 2515//4889 2205//4889
f 2200//4890 2205//4890 2516//4890
f 2198//4891 2516//4891 2183//4891
f 2516//4892 2198//4892 2200//4892
f 1989//4893 2306//4893 1985//4893
f 2295//4894 1989//4894 2305//4894
f 2446//4895 2443//4895 2447//4895
f 2446//4896 2447//4896 2517//4896
f 2518//4897 2447//4897 2449//4897
f 2444//4898 2518//4898 2448//4898
f 2518//4899 2449//4899 2448//4899
f 2517//4900 2447//4900 2518//4900
f 2519//4901 2719//4901 2520//4901
f 1991//4902 2519//4902 2521//4902
f 2519//4903 2522//4903 2521//4903
f 1991//4904 2305//4904 1990//4904
f 2521//4905 2522//4905 2660//4905
f 2521//4906 2523//4906 2524//4906
f 2628//4907 2305//4907 2524//4907
f 2521//4908 2524//4908 1991//4908
f 1990//4909 2305//4909 1989//4909
f 2305//4910 1991//4910 2524//4910
f 2504//4911 2525//4911 2526//4911
f 2490//4912 2504//4912 2526//4912
f 2527//4913 2526//4913 2525//4913
f 2528//4914 2527//4914 2525//4914
f 2529//4915 2490//4915 2526//4915
f 2529//4916 2526//4916 2527//4916
f 2490//4917 2529//4917 2409//4917
f 2530//4918 2409//4918 2529//4918
f 2529//4919 2528//4919 2530//4919
f 2462//4920 2530//4920 2528//4920
f 2528//4921 2529//4921 2527//4921
f 2462//4922 2528//4922 2461//4922
f 2525//4924 2461//4924 2528//4924
f 2533//4947 2504//4947 2502//4947
f 2502//4948 2544//4948 2545//4948
f 2544//4949 2502//4949 2498//4949
f 2544//4950 2547//4950 2548//4950
f 2544//4951 2548//4951 2545//4951
f 2502//4952 2545//4952 2533//4952
f 2543//4953 2533//4953 2545//4953
f 2548//4954 2549//4954 2545//4954
f 2550//4955 2548//4955 2551//4955
f 2547//4956 2551//4956 2548//4956
f 2546//4957 2550//4957 2551//4957
f 2546//4958 2551//4958 2547//4958
f 2546//4959 2547//4959 2544//4959
f 2550//4960 2552//4960 2548//4960
f 2552//4961 2550//4961 2553//4961
f 2553//4962 2555//4962 2554//4962
f 2548//4963 2552//4963 2549//4963
f 2554//4964 2555//4964 2556//4964
f 2557//4965 2556//4965 2558//4965
f 2556//4966 2555//4966 2558//4966
f 2560//4967 2559//4967 2561//4967
f 2559//4968 2560//4968 2558//4968
f 2558//4969 2560//4969 2557//4969
f 2554//4970 2552//4970 2553//4970
f 2561//4971 2562//4971 2560//4971
f 2561//4972 2569//4972 2563//4972
f 2563//4973 2569//4973 2564//4973
f 2561//4974 2563//4974 2562//4974
f 2722//4975 2563//4975 2564//4975
f 2563//4976 2727//4976 2562//4976
f 2722//4977 2565//4977 2563//4977
f 2567//4978 2566//4978 2564//4978
f 2566//4979 2722//4979 2564//4979
f 2568//4980 2564//4980 2569//4980
f 2561//4981 2601//4981 2569//4981
f 2559//4982 2599//4982 2561//4982
f 2601//4983 2561//4983 2599//4983
f 2599//4984 2559//4984 2571//4984
f 2571//4985 2559//4985 2558//4985
f 2571//4986 2558//4986 2555//4986
f 2555//4987 2570//4987 2571//4987
f 2555//4988 2553//4988 2570//4988
f 2598//4989 2572//4989 2570//4989
f 2570//4990 2572//4990 2571//4990
f 2573//4991 2570//4991 2553//4991
f 2553//4992 2574//4992 2573//4992
f 2575//4993 2573//4993 2503//4993
f 2503//4994 2576//4994 2575//4994
f 2503//4995 2573//4995 2574//4995
f 2503//4996 2574//4996 2577//4996
f 2574//4997 2553//4997 2550//4997
f 2574//4998 2546//4998 2577//4998
f 2544//4999 2577//4999 2546//4999
f 2546//5000 2574//5000 2550//5000
f 2292//5001 2579//5001 2330//5001
f 2292//5002 2330//5002 2293//5002
f 2292//5003 2293//5003 2284//5003
f 2292//5004 2291//5004 2579//5004
f 2510//5005 2515//5005 2219//5005
f 2219//5006 2515//5006 2220//5006
f 2267//5007 2515//5007 2268//5007
f 2515//5008 2510//5008 2268//5008
f 2197//5009 2511//5009 2195//5009
f 2414//5033 2394//5033 2399//5033
f 2596//5034 2414//5034 2399//5034
f 2576//5035 2392//5035 2414//5035
f 2392//5036 2576//5036 2503//5036
f 2576//5037 2414//5037 2596//5037
f 2576//5038 2596//5038 2575//5038
f 2596//5039 2602//5039 2575//5039
f 2573//5040 2575//5040 2597//5040
f 2573//5041 2597//5041 2570//5041
f 2572//5042 2600//5042 2599//5042
f 2572//5043 2599//5043 2571//5043
f 2600//5044 2601//5044 2599//5044
f 2575//5045 2602//5045 2603//5045
f 2602//5046 2596//5046 2604//5046
f 2604//5047 2596//5047 2399//5047
f 2604//5048 2398//5048 2603//5048
f 2605//5049 2415//5049 2416//5049
f 2605//5050 2608//5050 2415//5050
f 2415//5051 2608//5051 2606//5051
f 2607//5052 2400//5052 2606//5052
f 2608//5053 2605//5053 2609//5053
f 2605//5054 2072//5054 2609//5054
f 2609//5055 2072//5055 2417//5055
f 2417//5056 2418//5056 2610//5056
f 2609//5057 2417//5057 2610//5057
f 2673//5058 2610//5058 2418//5058
f 2612//5059 2611//5059 2421//5059
f 2418//5060 2613//5060 2673//5060
f 2613//5061 2418//5061 2074//5061
f 2611//5062 2613//5062 2074//5062
f 2611//5063 2675//5063 2613//5063
f 2676//5064 2612//5064 2421//5064
f 2676//5065 2421//5065 2620//5065
f 2620//5066 2421//5066 2614//5066
f 2615//5067 2614//5067 2421//5067
f 2423//5068 2420//5068 2422//5068
f 2616//5069 2423//5069 2422//5069
f 2069//5070 2078//5070 2422//5070
f 2422//5071 2078//5071 2617//5071
f 2617//5072 2078//5072 2079//5072
f 2079//5073 2682//5073 2618//5073
f 2617//5074 2079//5074 2618//5074
f 2278//5075 2617//5075 2618//5075
f 2617//5076 2278//5076 2623//5076
f 2422//5077 2617//5077 2616//5077
f 2619//5078 2614//5078 2615//5078
f 2619//5079 2615//5079 2420//5079
f 2617//5080 2621//5080 2616//5080
f 2616//5081 2621//5081 2622//5081
f 2621//5082 2617//5082 2623//5082
f 2621//5083 2279//5083 2622//5083
f 2284//5084 2294//5084 2283//5084
f 2283//5085 2294//5085 2652//5085
f 2299//5086 2626//5086 2300//5086
f 2626//5087 2299//5087 2298//5087
f 2624//5088 2625//5088 2627//5088
f 2625//5089 2624//5089 2300//5089
f 2626//5090 2625//5090 2300//5090
f 2627//5091 2625//5091 2647//5091
f 2297//5092 2301//5092 2629//5092
f 2301//5093 2628//5093 2629//5093
f 2630//5094 2298//5094 2629//5094
f 2630//5095 2626//5095 2298//5095
f 2626//5096 2633//5096 2625//5096
f 2628//5097 2524//5097 2523//5097
f 2628//5098 2523//5098 2629//5098
f 2630//5099 2632//5099 2626//5099
f 2629//5100 2631//5100 2630//5100
f 2626//5101 2632//5101 2633//5101
f 2632//5102 2630//5102 2631//5102
f 2632//5103 2631//5103 2634//5103
f 2631//5104 2639//5104 2634//5104
f 2634//5105 2636//5105 2632//5105
f 2632//5106 2636//5106 2637//5106
f 2633//5107 2632//5107 2637//5107
f 2640//5108 2631//5108 2635//5108
f 2631//5109 2629//5109 2658//5109
f 2523//5110 2658//5110 2629//5110
f 2631//5111 2658//5111 2635//5111
f 2640//5112 2639//5112 2631//5112
f 2641//5113 2639//5113 2643//5113
f 2639//5114 2641//5114 2634//5114
f 2637//5115 2636//5115 2642//5115
f 2636//5116 2634//5116 2642//5116
f 2642//5117 2634//5117 2641//5117
f 2640//5118 2643//5118 2639//5118
f 2643//5119 2644//5119 2645//5119
f 2643//5120 2645//5120 2641//5120
f 2638//5121 2637//5121 2642//5121
f 2642//5122 2641//5122 2645//5122
f 2642//5123 2645//5123 2638//5123
f 2645//5124 2657//5124 2638//5124
f 2646//5125 2633//5125 2637//5125
f 2646//5126 2648//5126 2647//5126
f 2646//5127 2625//5127 2633//5127
f 2625//5128 2646//5128 2647//5128
f 2647//5129 2649//5129 2627//5129
f 2650//5130 2624//5130 2627//5130
f 2624//5131 2651//5131 2300//5131
f 2300//5132 2651//5132 2299//5132
f 2294//5133 2296//5133 2652//5133
f 2652//5134 2296//5134 2298//5134
f 2653//5135 2624//5135 2650//5135
f 2624//5136 2653//5136 2651//5136
f 2650//5137 2654//5137 2741//5137
f 2654//5138 2650//5138 2627//5138
f 2654//5139 2627//5139 2649//5139
f 2647//5140 2648//5140 2649//5140
f 2648//5141 2665//5141 2649//5141
f 2655//5142 2656//5142 2664//5142
f 2655//5143 2648//5143 2656//5143
f 2648//5144 2638//5144 2656//5144
f 2657//5145 2663//5145 2664//5145
f 2657//5146 2664//5146 2656//5146
f 2657//5147 2656//5147 2638//5147
f 2663//5148 2657//5148 2644//5148
f 2657//5149 2645//5149 2644//5149
f 2644//5150 2643//5150 2661//5150
f 2644//5151 2661//5151 2663//5151
f 2661//5152 2643//5152 2640//5152
f 2640//5153 2635//5153 2659//5153
f 2659//5154 2635//5154 2662//5154
f 2635//5155 2658//5155 2662//5155
f 2658//5156 2523//5156 2521//5156
f 2658//5157 2521//5157 2660//5157
f 2662//5158 2658//5158 2660//5158
f 2659//5159 2661//5159 2640//5159
f 2655//5160 2665//5160 2648//5160
f 2602//5161 2604//5161 2603//5161
f 2575//5162 2603//5162 2400//5162
f 2575//5163 2400//5163 2667//5163
f 2667//5164 2400//5164 2607//5164
f 2667//5165 2607//5165 2668//5165
f 2575//5166 2667//5166 2597//5166
f 2669//5167 2667//5167 2668//5167
f 2669//5168 2597//5168 2667//5168
f 2597//5169 2669//5169 2598//5169
f 2669//5170 2668//5170 2598//5170
f 2597//5171 2598//5171 2570//5171
f 2598//5172 2668//5172 2670//5172
f 2607//5173 2670//5173 2668//5173
f 2607//5174 2606//5174 2670//5174
f 2671//5175 2670//5175 2606//5175
f 2671//5176 2606//5176 2608//5176
f 2672//5177 2671//5177 2608//5177
f 2610//5178 2672//5178 2608//5178
f 2610//5179 2608//5179 2609//5179
f 2674//5180 2673//5180 2613//5180
f 2674//5181 2613//5181 2675//5181
f 2530//5182 2462//5182 2234//5182
f 2677//5183 2678//5183 2679//5183
f 2678//5184 2677//5184 2680//5184
f 2677//5185 2252//5185 2680//5185
f 2680//5186 2679//5186 2678//5186
f 2677//5187 2679//5187 2258//5187
f 2677//5188 2258//5188 2252//5188
f 1831//5189 1922//5189 2045//5189
f 1831//5190 2045//5190 2138//5190
f 2289//5191 2282//5191 2287//5191
f 2681//5192 2287//5192 2276//5192
f 2287//5193 2681//5193 2289//5193
f 2289//5194 2681//5194 2682//5194
f 2618//5195 2682//5195 2286//5195
f 2286//5196 2682//5196 2681//5196
f 2618//5197 2286//5197 2278//5197
f 2687//5206 2484//5206 2049//5206
f 2687//5207 2483//5207 2484//5207
f 2477//5219 2476//5219 2691//5219
f 2637//5220 2638//5220 2646//5220
f 2648//5221 2646//5221 2638//5221
f 2694//5225 2357//5225 2037//5225
f 2577//5226 2544//5226 2503//5226
f 2350//5227 2038//5227 2695//5227
f 2695//5228 2038//5228 2035//5228
f 2695//5229 2035//5229 2036//5229
f 2036//5230 2349//5230 2351//5230
f 2036//5231 2351//5231 2350//5231
f 2350//5232 2695//5232 2036//5232
f 2494//5235 2698//5235 2495//5235
f 2494//5236 2495//5236 2496//5236
f 2698//5239 2701//5239 2495//5239
f 2495//5240 2702//5240 2496//5240
f 2700//5241 2723//5241 2701//5241
f 2701//5242 2721//5242 2495//5242
f 2495//5243 2703//5243 2702//5243
f 2496//5244 2702//5244 2705//5244
f 2705//5245 2492//5245 2496//5245
f 2492//5246 2705//5246 2497//5246
f 2706//5247 2578//5247 2497//5247
f 2746//5248 2578//5248 2706//5248
f 2706//5249 2705//5249 2702//5249
f 2707//5250 2702//5250 2708//5250
f 2710//5251 2706//5251 2707//5251
f 2707//5252 2706//5252 2702//5252
f 2567//5253 2708//5253 2703//5253
f 2703//5254 2708//5254 2702//5254
f 2564//5255 2709//5255 2567//5255
f 2567//5256 2709//5256 2708//5256
f 2707//5257 2708//5257 2709//5257
f 2710//5258 2746//5258 2706//5258
f 2564//5259 2568//5259 2709//5259
f 2709//5260 2568//5260 2711//5260
f 2746//5261 2710//5261 2707//5261
f 2746//5262 2707//5262 2709//5262
f 2712//5263 2711//5263 2568//5263
f 2712//5264 2568//5264 2713//5264
f 2713//5265 2568//5265 2569//5265
f 2601//5266 2713//5266 2569//5266
f 2713//5267 2601//5267 2714//5267
f 2600//5268 2714//5268 2601//5268
f 2748//5269 2598//5269 2670//5269
f 2610//5270 2715//5270 2672//5270
f 2715//5271 2610//5271 2673//5271
f 2674//5272 2715//5272 2673//5272
f 2671//5273 2672//5273 2670//5273
f 2716//5274 2670//5274 2672//5274
f 2611//5275 2612//5275 2675//5275
f 2612//5276 2676//5276 2675//5276
f 2674//5277 2675//5277 2717//5277
f 2676//5278 2717//5278 2675//5278
f 2717//5279 2715//5279 2674//5279
f 2718//5280 2716//5280 2672//5280
f 2718//5281 2672//5281 2715//5281
f 2716//5282 2748//5282 2670//5282
f 2719//5283 1991//5283 1992//5283
f 1992//5284 2446//5284 2719//5284
f 2519//5285 1991//5285 2719//5285
f 2520//5286 2446//5286 2517//5286
f 2520//5287 2719//5287 2446//5287
f 2357//5288 2355//5288 2037//5288
f 2355//5289 2348//5289 2037//5289
f 2037//5290 2348//5290 2354//5290
f 2348//5291 2355//5291 2353//5291
f 2357//5292 2694//5292 2720//5292
f 2353//5293 2355//5293 2357//5293
f 2353//5294 2357//5294 2720//5294
f 2706//5295 2497//5295 2705//5295
f 2703//5296 2495//5296 2721//5296
f 2566//5297 2723//5297 2704//5297
f 2723//5298 2721//5298 2701//5298
f 2723//5299 2566//5299 2721//5299
f 2722//5300 2566//5300 2704//5300
f 2278//5306 2285//5306 2623//5306
f 2623//5307 2285//5307 2621//5307
f 2621//5308 2285//5308 2277//5308
f 2279//5309 2621//5309 2277//5309
f 2545//5310 2549//5310 2543//5310
f 2731//5311 2549//5311 2552//5311
f 2727//5313 2563//5313 2565//5313
f 2543//5321 2549//5321 2731//5321
f 2556//5322 2552//5322 2554//5322
f 2732//5323 2128//5323 2344//5323
f 2430//5324 2732//5324 2427//5324
f 2427//5325 2732//5325 2344//5325
f 2128//5326 2732//5326 2118//5326
f 2567//5327 2703//5327 2721//5327
f 2567//5328 2721//5328 2566//5328
f 2733//5329 2480//5329 2477//5329
f 2733//5330 2477//5330 2691//5330
f 2299//5331 2651//5331 2666//5331
f 2299//5332 2666//5332 2298//5332
f 2298//5333 2666//5333 2652//5333
f 2666//5334 2653//5334 2734//5334
f 2653//5335 2666//5335 2651//5335
f 2734//5336 2653//5336 2737//5336
f 2736//5337 2738//5337 2735//5337
f 2735//5338 2734//5338 2737//5338
f 2735//5339 2737//5339 2736//5339
f 2736//5340 2737//5340 2741//5340
f 2738//5341 2736//5341 2739//5341
f 2736//5342 2740//5342 2739//5342
f 2741//5343 2740//5343 2736//5343
f 2737//5344 2653//5344 2650//5344
f 2737//5345 2650//5345 2741//5345
f 2747//5346 2712//5346 2713//5346
f 2745//5347 2711//5347 2712//5347
f 2745//5348 2744//5348 2711//5348
f 2711//5349 2744//5349 2709//5349
f 2709//5350 2744//5350 2746//5350
f 2712//5351 2747//5351 2745//5351
usemtl Archer_Leather
f 2//1 3//1 1//1
f 4//2 2//2 1//2
f 6//3 3//3 2//3
f 2//4 7//4 6//4
f 7//5 2//5 13//5
f 2//6 8//6 13//6
f 4//7 1//7 5//7
f 4//8 5//8 9//8
f 10//9 9//9 5//9
f 9//10 10//10 40//10
f 5//11 1//11 11//11
f 12//12 6//12 7//12
f 46//13 6//13 12//13
f 14//14 12//14 7//14
f 13//15 14//15 7//15
f 48//16 14//16 15//16
f 8//17 16//17 13//17
f 2//18 4//18 8//18
f 17//19 16//19 18//19
f 13//20 24//20 14//20
f 16//21 24//21 13//21
f 19//22 24//22 16//22
f 19//23 16//23 17//23
f 29//24 20//24 19//24
f 12//25 14//25 48//25
f 22//26 23//26 50//26
f 23//27 22//27 15//27
f 15//28 24//28 23//28
f 15//29 14//29 24//29
f 19//30 23//30 24//30
f 23//31 19//31 25//31
f 25//32 19//32 20//32
f 25//33 20//33 21//33
f 26//34 50//34 23//34
f 26//35 23//35 25//35
f 27//36 25//36 21//36
f 28//37 27//37 21//37
f 20//38 29//38 21//38
f 21//39 29//39 30//39
f 19//40 17//40 29//40
f 29//41 17//41 30//41
f 30//42 17//42 18//42
f 31//43 8//43 4//43
f 18//44 16//44 8//44
f 18//45 8//45 31//45
f 31//46 33//46 32//46
f 31//47 4//47 33//47
f 33//48 4//48 9//48
f 34//49 33//49 9//49
f 9//50 35//50 34//50
f 32//51 33//51 36//51
f 31//52 32//52 18//52
f 37//53 36//53 33//53
f 37//54 33//54 34//54
f 38//55 34//55 35//55
f 39//56 34//56 38//56
f 9//57 40//57 35//57
f 41//58 38//58 35//58
f 35//59 40//59 41//59
f 42//60 38//60 41//60
f 275//61 43//61 124//61
f 124//62 43//62 10//62
f 10//63 43//63 40//63
f 124//64 44//64 275//64
f 43//65 228//65 41//65
f 228//66 43//66 275//66
f 10//67 120//67 124//67
f 5//68 11//68 10//68
f 140//69 10//69 11//69
f 45//70 11//70 1//70
f 45//71 1//71 3//71
f 45//72 3//72 47//72
f 47//73 3//73 46//73
f 3//74 6//74 46//74
f 45//75 47//75 139//75
f 46//76 146//76 47//76
f 48//77 46//77 12//77
f 46//78 147//78 146//78
f 147//79 46//79 49//79
f 49//80 46//80 48//80
f 149//81 15//81 22//81
f 15//82 149//82 48//82
f 25//83 27//83 26//83
f 30//84 52//84 21//84
f 28//85 21//85 52//85
f 52//86 30//86 53//86
f 54//87 52//87 53//87
f 30//88 56//88 53//88
f 56//89 30//89 18//89
f 37//90 57//90 36//90
f 38//91 42//91 39//91
f 34//92 39//92 37//92
f 39//93 58//93 37//93
f 61//94 39//94 42//94
f 36//95 56//95 32//95
f 36//96 59//96 56//96
f 60//97 57//97 37//97
f 37//98 58//98 60//98
f 58//99 39//99 61//99
f 62//100 58//100 61//100
f 63//101 62//101 61//101
f 64//102 58//102 62//102
f 66//103 57//103 60//103
f 58//104 65//104 60//104
f 65//105 58//105 64//105
f 66//106 67//106 59//106
f 66//107 59//107 57//107
f 57//108 59//108 36//108
f 69//109 66//109 60//109
f 60//110 65//110 68//110
f 68//111 65//111 64//111
f 68//112 64//112 88//112
f 64//113 75//113 88//113
f 67//114 56//114 59//114
f 56//115 18//115 32//115
f 56//116 55//116 53//116
f 67//117 66//117 70//117
f 70//118 66//118 69//118
f 69//119 60//119 68//119
f 75//120 64//120 76//120
f 62//121 76//121 64//121
f 63//122 61//122 71//122
f 63//123 76//123 62//123
f 72//124 76//124 63//124
f 76//125 72//125 74//125
f 73//126 74//126 72//126
f 78//127 63//127 77//127
f 63//128 78//128 72//128
f 78//129 309//129 72//129
f 79//130 80//130 73//130
f 73//131 80//131 74//131
f 76//132 74//132 81//132
f 76//133 81//133 75//133
f 75//134 81//134 82//134
f 74//135 82//135 81//135
f 82//136 84//136 92//136
f 74//137 80//137 82//137
f 80//138 83//138 82//138
f 80//139 79//139 298//139
f 80//140 298//140 83//140
f 85//141 82//141 83//141
f 83//142 168//142 86//142
f 83//143 86//143 85//143
f 85//144 87//144 82//144
f 82//145 87//145 84//145
f 82//146 92//146 75//146
f 88//147 75//147 89//147
f 89//148 90//148 88//148
f 90//149 68//149 88//149
f 91//150 68//150 90//150
f 93//151 91//151 90//151
f 93//152 90//152 89//152
f 89//153 92//153 93//153
f 89//154 75//154 92//154
f 92//155 94//155 93//155
f 91//156 95//156 69//156
f 91//157 69//157 68//157
f 56//158 67//158 55//158
f 55//159 54//159 53//159
f 70//160 55//160 67//160
f 91//161 97//161 95//161
f 99//162 98//162 95//162
f 99//163 95//163 97//163
f 98//164 164//164 54//164
f 98//165 54//165 70//165
f 98//166 70//166 69//166
f 95//167 98//167 69//167
f 100//168 101//168 102//168
f 118//169 101//169 104//169
f 104//170 101//170 103//170
f 103//171 101//171 100//171
f 103//172 109//172 111//172
f 109//173 103//173 100//173
f 105//174 100//174 102//174
f 105//175 102//175 106//175
f 106//176 108//176 107//176
f 100//177 105//177 110//177
f 110//178 109//178 100//178
f 109//179 115//179 111//179
f 115//180 109//180 114//180
f 114//181 109//181 112//181
f 112//182 109//182 110//182
f 113//183 110//183 105//183
f 113//184 105//184 106//184
f 111//185 117//185 103//185
f 111//186 115//186 116//186
f 111//187 116//187 117//187
f 104//188 103//188 117//188
f 102//189 101//189 118//189
f 106//190 102//190 138//190
f 104//191 119//191 118//191
f 141//192 102//192 118//192
f 119//193 120//193 118//193
f 104//194 117//194 125//194
f 104//195 125//195 119//195
f 124//196 119//196 125//196
f 116//197 115//197 121//197
f 117//198 116//198 126//198
f 112//199 122//199 114//199
f 123//200 112//200 110//200
f 128//201 110//201 113//201
f 129//202 113//202 106//202
f 129//203 106//203 107//203
f 108//204 106//204 138//204
f 138//205 102//205 141//205
f 141//206 118//206 120//206
f 229//207 125//207 117//207
f 229//208 117//208 126//208
f 116//209 121//209 127//209
f 122//210 112//210 123//210
f 123//211 128//211 133//211
f 123//212 110//212 128//212
f 113//213 129//213 128//213
f 129//214 133//214 128//214
f 123//215 133//215 130//215
f 123//216 130//216 122//216
f 122//217 131//217 114//217
f 131//218 115//218 114//218
f 121//219 115//219 131//219
f 143//220 130//220 133//220
f 107//221 134//221 129//221
f 134//222 135//222 129//222
f 129//223 135//223 133//223
f 107//224 136//224 134//224
f 107//225 108//225 136//225
f 136//226 108//226 137//226
f 138//227 139//227 108//227
f 140//228 138//228 141//228
f 140//229 141//229 10//229
f 120//230 10//230 141//230
f 120//231 119//231 124//231
f 124//232 125//232 44//232
f 127//233 142//233 116//233
f 121//234 131//234 132//234
f 132//235 144//235 121//235
f 132//236 131//236 122//236
f 132//237 122//237 130//237
f 133//238 135//238 143//238
f 143//239 132//239 130//239
f 132//240 143//240 144//240
f 135//241 144//241 143//241
f 134//242 144//242 135//242
f 144//243 134//243 127//243
f 136//244 230//244 134//244
f 237//245 136//245 137//245
f 139//246 47//246 145//246
f 145//247 47//247 146//247
f 148//248 147//248 49//248
f 48//249 149//249 49//249
f 49//250 149//250 148//250
f 147//251 156//251 146//251
f 26//252 150//252 151//252
f 150//253 26//253 152//253
f 152//254 26//254 27//254
f 153//255 27//255 28//255
f 154//256 153//256 28//256
f 154//257 155//257 153//257
f 54//258 55//258 70//258
f 11//259 45//259 140//259
f 138//260 140//260 139//260
f 139//261 140//261 45//261
f 156//262 147//262 220//262
f 220//263 147//263 148//263
f 149//264 158//264 148//264
f 148//265 158//265 157//265
f 148//266 218//266 220//266
f 218//267 148//267 157//267
f 149//268 22//268 158//268
f 158//269 22//269 160//269
f 158//270 160//270 213//270
f 158//271 213//271 159//271
f 50//272 26//272 151//272
f 51//273 152//273 27//273
f 51//274 27//274 153//274
f 204//275 153//275 155//275
f 161//276 202//276 155//276
f 155//277 162//277 161//277
f 155//278 154//278 162//278
f 162//279 154//279 96//279
f 154//280 28//280 52//280
f 52//281 54//281 154//281
f 96//282 154//282 54//282
f 96//283 163//283 162//283
f 164//284 96//284 54//284
f 186//285 165//285 163//285
f 163//286 96//286 164//286
f 91//287 290//287 97//287
f 94//288 91//288 93//288
f 91//289 94//289 290//289
f 87//290 94//290 84//290
f 169//291 168//291 167//291
f 169//292 170//292 168//292
f 170//293 86//293 168//293
f 171//294 86//294 170//294
f 86//295 171//295 85//295
f 85//296 172//296 87//296
f 172//297 173//297 87//297
f 174//298 172//298 85//298
f 174//299 85//299 171//299
f 293//315 172//315 174//315
f 173//316 94//316 87//316
f 94//317 173//317 290//317
f 98//318 99//318 164//318
f 99//319 97//319 184//319
f 99//320 184//320 185//320
f 99//321 185//321 164//321
f 164//322 186//322 163//322
f 186//323 166//323 165//323
f 164//324 185//324 186//324
f 190//325 165//325 166//325
f 186//326 187//326 166//326
f 187//327 188//327 166//327
f 188//328 190//328 166//328
f 188//329 189//329 190//329
f 191//330 190//330 189//330
f 191//331 189//331 192//331
f 194//332 193//332 191//332
f 189//333 188//333 195//333
f 193//334 194//334 266//334
f 193//335 266//335 267//335
f 193//336 190//336 191//336
f 193//337 267//337 261//337
f 190//338 193//338 196//338
f 197//339 190//339 196//339
f 190//340 197//340 165//340
f 197//341 163//341 165//341
f 204//342 155//342 202//342
f 161//343 198//343 202//343
f 199//344 198//344 161//344
f 199//345 161//345 162//345
f 162//346 163//346 197//346
f 199//347 162//347 197//347
f 196//348 199//348 197//348
f 199//349 196//349 200//349
f 153//350 204//350 203//350
f 203//351 152//351 51//351
f 203//352 51//352 153//352
f 206//353 202//353 198//353
f 198//354 205//354 206//354
f 202//355 206//355 204//355
f 204//356 206//356 207//356
f 206//357 208//357 207//357
f 208//358 206//358 205//358
f 208//359 205//359 209//359
f 204//360 207//360 203//360
f 150//361 152//361 210//361
f 150//362 210//362 151//362
f 211//363 50//363 151//363
f 212//364 151//364 210//364
f 50//365 211//365 213//365
f 160//366 50//366 213//366
f 211//367 151//367 212//367
f 215//368 214//368 212//368
f 214//369 211//369 212//369
f 216//370 214//370 215//370
f 217//371 211//371 214//371
f 217//372 213//372 211//372
f 50//373 160//373 22//373
f 158//374 159//374 218//374
f 157//375 158//375 218//375
f 156//376 145//376 146//376
f 221//377 145//377 156//377
f 221//378 156//378 222//378
f 222//379 156//379 220//379
f 223//380 220//380 218//380
f 219//381 218//381 225//381
f 225//382 218//382 159//382
f 217//383 159//383 213//383
f 216//384 217//384 214//384
f 226//385 227//385 216//385
f 226//386 216//386 215//386
f 225//387 227//387 219//387
f 227//388 225//388 216//388
f 216//389 225//389 217//389
f 217//390 225//390 159//390
f 71//391 61//391 271//391
f 61//392 42//392 271//392
f 44//393 125//393 338//393
f 338//394 125//394 229//394
f 116//395 142//395 126//395
f 230//396 231//396 142//396
f 277//397 229//397 126//397
f 232//398 126//398 142//398
f 231//399 232//399 142//399
f 231//400 233//400 232//400
f 234//401 231//401 136//401
f 231//402 234//402 233//402
f 236//403 235//403 234//403
f 234//404 235//404 233//404
f 136//405 237//405 234//405
f 234//406 237//406 137//406
f 137//407 238//407 234//407
f 279//408 234//408 238//408
f 238//409 137//409 108//409
f 239//410 238//410 108//410
f 220//411 243//411 222//411
f 243//412 220//412 223//412
f 240//413 218//413 219//413
f 242//414 219//414 224//414
f 224//415 241//415 242//415
f 241//416 246//416 242//416
f 218//417 240//417 223//417
f 219//418 242//418 240//418
f 244//419 264//419 222//419
f 244//420 222//420 243//420
f 245//421 242//421 246//421
f 243//422 223//422 240//422
f 243//423 240//423 269//423
f 247//424 245//424 246//424
f 247//425 246//425 248//425
f 246//426 241//426 248//426
f 241//427 224//427 251//427
f 219//428 227//428 224//428
f 224//429 249//429 251//429
f 227//430 250//430 249//430
f 227//431 249//431 224//431
f 250//432 227//432 226//432
f 252//433 251//433 249//433
f 249//434 253//434 252//434
f 252//435 254//435 251//435
f 253//436 249//436 250//436
f 226//437 215//437 260//437
f 215//438 255//438 260//438
f 250//439 226//439 260//439
f 250//440 256//440 253//440
f 253//441 257//441 252//441
f 257//442 253//442 256//442
f 257//443 258//443 252//443
f 256//444 258//444 257//444
f 265//445 252//445 258//445
f 258//446 256//446 259//446
f 259//447 256//447 260//447
f 260//448 261//448 259//448
f 260//449 256//449 250//449
f 208//450 209//450 212//450
f 208//451 212//451 210//451
f 203//452 207//452 152//452
f 152//453 207//453 210//453
f 210//454 207//454 208//454
f 255//455 212//455 209//455
f 255//456 215//456 212//456
f 41//457 40//457 43//457
f 42//458 41//458 228//458
f 239//459 108//459 139//459
f 139//460 145//460 221//460
f 238//461 239//461 262//461
f 238//462 262//462 254//462
f 263//463 139//463 221//463
f 263//464 239//464 139//464
f 263//465 268//465 239//465
f 221//466 264//466 263//466
f 245//467 269//467 240//467
f 245//468 240//468 242//468
f 241//469 251//469 254//469
f 254//470 252//470 265//470
f 265//471 258//471 266//471
f 266//472 258//472 267//472
f 259//473 267//473 258//473
f 239//474 248//474 262//474
f 248//475 239//475 268//475
f 270//476 268//476 263//476
f 264//477 270//477 263//477
f 269//478 244//478 243//478
f 244//479 269//479 270//479
f 270//480 264//480 244//480
f 270//481 248//481 268//481
f 270//482 247//482 248//482
f 247//483 270//483 269//483
f 245//484 247//484 269//484
f 274//485 228//485 275//485
f 228//486 273//486 42//486
f 42//487 273//487 272//487
f 272//488 271//488 42//488
f 323//489 271//489 272//489
f 273//490 228//490 274//490
f 275//491 44//491 326//491
f 326//492 44//492 327//492
f 232//493 276//493 126//493
f 276//494 277//494 126//494
f 233//495 276//495 232//495
f 236//496 234//496 279//496
f 279//497 238//497 265//497
f 265//498 238//498 254//498
f 279//499 265//499 266//499
f 266//500 194//500 236//500
f 266//501 236//501 279//501
f 236//502 194//502 235//502
f 235//503 194//503 280//503
f 284//504 194//504 191//504
f 284//505 191//505 192//505
f 194//506 284//506 281//506
f 194//507 281//507 280//507
f 235//508 280//508 278//508
f 235//509 278//509 233//509
f 233//510 278//510 276//510
f 283//511 277//511 276//511
f 283//512 276//512 278//512
f 282//513 278//513 280//513
f 283//514 278//514 282//514
f 285//515 280//515 281//515
f 281//516 284//516 334//516
f 284//517 192//517 334//517
f 334//518 192//518 189//518
f 187//519 195//519 188//519
f 286//520 187//520 186//520
f 97//521 287//521 184//521
f 286//522 186//522 185//522
f 185//523 184//523 286//523
f 459//524 286//524 184//524
f 287//525 459//525 184//525
f 287//526 288//526 459//526
f 459//527 288//527 564//527
f 564//528 288//528 289//528
f 287//529 290//529 288//529
f 290//530 287//530 97//530
f 288//531 292//531 291//531
f 290//532 173//532 292//532
f 292//533 173//533 172//533
f 172//534 293//534 294//534
f 294//535 292//535 172//535
f 290//536 292//536 288//536
f 292//537 294//537 291//537
f 293//539 174//539 295//539
f 293//540 295//540 461//540
f 297//545 167//545 168//545
f 298//546 297//546 168//546
f 298//547 168//547 83//547
f 298//548 299//548 297//548
f 181//552 303//552 441//552
f 441//553 303//553 302//553
f 436//555 301//555 304//555
f 299//559 298//559 306//559
f 79//560 73//560 72//560
f 72//561 309//561 79//561
f 298//562 79//562 306//562
f 307//563 306//563 79//563
f 79//564 309//564 307//564
f 307//565 308//565 299//565
f 307//566 299//566 306//566
f 71//568 271//568 310//568
f 63//569 71//569 77//569
f 77//570 313//570 78//570
f 78//571 313//571 314//571
f 78//572 314//572 309//572
f 309//573 311//573 307//573
f 307//574 312//574 308//574
f 312//575 307//575 311//575
f 314//576 313//576 77//576
f 314//577 311//577 309//577
f 310//578 315//578 77//578
f 310//579 316//579 315//579
f 317//580 321//580 318//580
f 318//581 321//581 316//581
f 319//582 318//582 320//582
f 323//583 318//583 316//583
f 320//584 324//584 319//584
f 317//585 318//585 319//585
f 316//586 321//586 315//586
f 322//587 317//587 319//587
f 319//588 324//588 376//588
f 323//589 320//589 318//589
f 316//590 310//590 323//590
f 273//591 324//591 320//591
f 71//592 310//592 77//592
f 221//593 222//593 264//593
f 136//594 231//594 230//594
f 271//595 323//595 310//595
f 320//596 272//596 273//596
f 323//597 272//597 320//597
f 325//598 273//598 274//598
f 273//599 325//599 324//599
f 274//600 275//600 326//600
f 274//601 326//601 325//601
f 326//602 327//602 328//602
f 338//603 327//603 44//603
f 282//604 280//604 285//604
f 282//605 285//605 329//605
f 282//606 329//606 283//606
f 331//607 329//607 285//607
f 332//608 285//608 281//608
f 335//609 285//609 332//609
f 332//610 281//610 333//610
f 281//611 334//611 333//611
f 333//612 371//612 332//612
f 335//613 332//613 371//613
f 371//614 336//614 335//614
f 335//615 336//615 337//615
f 283//616 329//616 330//616
f 277//617 283//617 330//617
f 277//618 330//618 229//618
f 338//619 229//619 330//619
f 339//620 329//620 331//620
f 341//621 285//621 335//621
f 341//622 335//622 337//622
f 285//623 341//623 331//623
f 340//624 339//624 343//624
f 343//625 339//625 331//625
f 343//626 331//626 341//626
f 343//627 341//627 342//627
f 341//628 337//628 358//628
f 341//629 358//629 342//629
f 340//630 330//630 339//630
f 339//631 330//631 329//631
f 330//632 327//632 338//632
f 327//633 330//633 340//633
f 348//634 328//634 327//634
f 344//635 340//635 343//635
f 342//636 345//636 346//636
f 342//637 346//637 343//637
f 344//638 347//638 340//638
f 348//639 350//639 328//639
f 327//640 340//640 347//640
f 327//641 347//641 348//641
f 347//642 349//642 348//642
f 343//643 346//643 344//643
f 325//644 326//644 328//644
f 351//645 324//645 325//645
f 325//646 328//646 351//646
f 351//647 328//647 350//647
f 347//648 354//648 349//648
f 354//649 347//649 353//649
f 353//650 347//650 344//650
f 353//651 344//651 346//651
f 355//652 354//652 353//652
f 356//653 353//653 346//653
f 355//654 353//654 356//654
f 356//655 345//655 363//655
f 345//656 356//656 346//656
f 357//657 359//657 337//657
f 358//658 337//658 359//658
f 358//659 359//659 360//659
f 342//660 358//660 360//660
f 360//661 345//661 342//661
f 359//662 357//662 361//662
f 359//663 367//663 360//663
f 345//664 360//664 363//664
f 356//665 364//665 355//665
f 362//666 355//666 364//666
f 356//667 363//667 364//667
f 362//668 365//668 355//668
f 354//669 355//669 366//669
f 368//670 360//670 367//670
f 363//671 360//671 368//671
f 368//672 364//672 363//672
f 369//673 364//673 368//673
f 368//674 367//674 369//674
f 364//675 369//675 362//675
f 365//676 362//676 369//676
f 355//677 365//677 366//677
f 359//678 370//678 367//678
f 370//679 359//679 361//679
f 361//680 357//680 381//680
f 357//681 337//681 336//681
f 371//682 372//682 336//682
f 372//683 357//683 336//683
f 380//684 381//684 357//684
f 381//685 378//685 361//685
f 361//686 378//686 370//686
f 367//687 370//687 373//687
f 367//688 373//688 369//688
f 373//689 365//689 369//689
f 365//690 373//690 374//690
f 365//691 374//691 366//691
f 354//692 366//692 349//692
f 349//693 375//693 352//693
f 349//694 352//694 348//694
f 351//695 350//695 376//695
f 351//696 376//696 324//696
f 377//697 350//697 348//697
f 375//698 349//698 366//698
f 366//699 374//699 375//699
f 374//700 373//700 370//700
f 370//701 378//701 374//701
f 378//702 375//702 374//702
f 352//703 377//703 348//703
f 376//704 350//704 377//704
f 382//705 377//705 352//705
f 382//706 352//706 379//706
f 375//707 379//707 352//707
f 379//708 375//708 378//708
f 380//709 357//709 372//709
f 379//710 378//710 381//710
f 127//711 121//711 144//711
f 142//712 127//712 230//712
f 134//713 230//713 127//713
f 267//714 259//714 261//714
f 261//715 196//715 193//715
f 261//716 201//716 200//716
f 261//717 200//717 196//717
f 201//718 261//718 383//718
f 383//719 261//719 260//719
f 201//720 383//720 200//720
f 200//721 383//721 205//721
f 199//722 200//722 198//722
f 198//723 200//723 205//723
f 260//724 255//724 383//724
f 383//725 255//725 205//725
f 205//726 255//726 209//726
f 241//727 254//727 262//727
f 262//728 248//728 241//728
f 384//729 311//729 314//729
f 314//730 77//730 315//730
f 384//731 314//731 315//731
f 384//732 315//732 321//732
f 384//733 321//733 385//733
f 389//734 311//734 384//734
f 311//735 386//735 312//735
f 402//738 308//738 312//738
f 389//739 386//739 311//739
f 385//740 389//740 384//740
f 388//741 389//741 385//741
f 390//742 321//742 317//742
f 321//743 390//743 385//743
f 322//744 390//744 317//744
f 391//745 322//745 319//745
f 376//746 391//746 319//746
f 377//747 392//747 376//747
f 376//748 392//748 391//748
f 392//749 377//749 395//749
f 391//750 393//750 322//750
f 322//751 393//751 390//751
f 397//752 393//752 391//752
f 396//753 391//753 392//753
f 395//754 377//754 382//754
f 392//755 395//755 399//755
f 392//756 399//756 396//756
f 391//757 396//757 394//757
f 397//758 391//758 394//758
f 385//759 390//759 393//759
f 388//760 385//760 393//760
f 388//761 393//761 398//761
f 388//762 386//762 389//762
f 393//763 397//763 398//763
f 405//764 394//764 396//764
f 427//765 396//765 399//765
f 399//766 395//766 400//766
f 399//767 400//767 554//767
f 401//768 400//768 395//768
f 379//769 381//769 401//769
f 401//770 382//770 379//770
f 386//772 388//772 398//772
f 397//773 403//773 398//773
f 404//774 397//774 405//774
f 405//775 397//775 394//775
f 405//776 429//776 404//776
f 397//777 404//777 403//777
f 94//782 92//782 84//782
f 429//811 405//811 427//811
f 396//812 427//812 405//812
f 429//813 426//813 404//813
f 426//814 429//814 428//814
f 430//817 428//817 431//817
f 428//818 430//818 425//818
f 431//819 428//819 429//819
f 432//820 431//820 427//820
f 427//821 431//821 429//821
f 432//822 399//822 554//822
f 395//823 382//823 401//823
f 436//833 177//833 301//833
f 304//834 437//834 436//834
f 437//835 439//835 436//835
f 436//836 444//836 440//836
f 302//837 177//837 436//837
f 436//838 440//838 302//838
f 440//839 441//839 302//839
f 441//840 442//840 181//840
f 443//842 182//842 442//842
f 442//843 441//843 440//843
f 439//844 451//844 436//844
f 448//851 439//851 437//851
f 436//852 451//852 444//852
f 451//853 439//853 452//853
f 452//854 439//854 448//854
f 454//859 333//859 334//859
f 453//860 334//860 189//860
f 334//861 453//861 454//861
f 454//862 453//862 455//862
f 456//863 333//863 454//863
f 333//864 456//864 371//864
f 371//865 456//865 372//865
f 455//866 457//866 454//866
f 454//867 457//867 456//867
f 195//868 458//868 453//868
f 195//869 453//869 189//869
f 458//870 455//870 453//870
f 455//871 458//871 564//871
f 195//872 187//872 458//872
f 458//873 187//873 286//873
f 286//874 459//874 458//874
f 295//875 460//875 461//875
f 294//876 293//876 461//876
f 463//877 462//877 461//877
f 463//878 461//878 460//878
f 511//891 469//891 470//891
f 470//892 469//892 529//892
f 472//893 443//893 442//893
f 472//894 440//894 471//894
f 471//895 440//895 444//895
f 444//896 473//896 474//896
f 473//897 444//897 451//897
f 451//898 475//898 473//898
f 479//899 473//899 475//899
f 474//900 471//900 444//900
f 472//901 471//901 476//901
f 442//902 440//902 472//902
f 477//903 443//903 472//903
f 476//904 471//904 474//904
f 478//905 476//905 474//905
f 478//906 474//906 473//906
f 477//907 476//907 478//907
f 472//908 476//908 477//908
f 536//909 477//909 478//909
f 478//910 473//910 479//910
f 475//911 480//911 479//911
f 479//912 480//912 482//912
f 451//913 452//913 475//913
f 480//914 475//914 483//914
f 483//915 475//915 452//915
f 450//916 483//916 448//916
f 483//917 452//917 448//917
f 625//918 483//918 450//918
f 628//919 625//919 450//919
f 425//945 430//945 499//945
f 430//946 500//946 499//946
f 594//947 499//947 500//947
f 501//948 430//948 431//948
f 501//949 502//949 430//949
f 500//950 430//950 502//950
f 431//951 432//951 503//951
f 501//952 431//952 503//952
f 432//953 427//953 399//953
f 294//954 504//954 291//954
f 462//955 504//955 461//955
f 504//956 294//956 461//956
f 463//957 506//957 462//957
f 460//968 513//968 463//968
f 519//981 463//981 513//981
f 519//983 515//983 562//983
f 517//984 506//984 562//984
f 505//985 506//985 517//985
f 563//986 561//986 517//986
f 512//990 522//990 523//990
f 572//991 523//991 524//991
f 524//992 523//992 522//992
f 524//994 525//994 572//994
f 526//995 525//995 524//995
f 526//996 524//996 531//996
f 529//1000 469//1000 443//1000
f 529//1001 528//1001 470//1001
f 527//1002 531//1002 524//1002
f 528//1003 522//1003 512//1003
f 528//1004 512//1004 470//1004
f 528//1005 524//1005 522//1005
f 524//1006 528//1006 530//1006
f 530//1007 528//1007 529//1007
f 529//1008 533//1008 530//1008
f 530//1009 533//1009 527//1009
f 533//1010 526//1010 531//1010
f 532//1011 526//1011 533//1011
f 531//1012 527//1012 533//1012
f 532//1013 534//1013 526//1013
f 620//1014 532//1014 533//1014
f 477//1015 536//1015 443//1015
f 443//1016 536//1016 529//1016
f 536//1017 614//1017 533//1017
f 536//1018 533//1018 529//1018
f 613//1019 536//1019 478//1019
f 481//1020 479//1020 482//1020
f 627//1021 480//1021 483//1021
f 627//1022 483//1022 625//1022
f 500//1057 502//1057 570//1057
f 500//1058 570//1058 590//1058
f 554//1059 503//1059 432//1059
f 555//1060 554//1060 400//1060
f 554//1061 555//1061 556//1061
f 554//1062 556//1062 558//1062
f 554//1063 558//1063 503//1063
f 558//1064 557//1064 503//1064
f 503//1065 557//1065 501//1065
f 557//1066 560//1066 501//1066
f 501//1067 560//1067 569//1067
f 556//1068 457//1068 455//1068
f 457//1069 555//1069 456//1069
f 457//1070 556//1070 555//1070
f 456//1071 555//1071 380//1071
f 380//1072 555//1072 400//1072
f 381//1073 400//1073 401//1073
f 400//1074 381//1074 380//1074
f 372//1075 456//1075 380//1075
f 564//1076 458//1076 459//1076
f 560//1077 291//1077 559//1077
f 559//1078 291//1078 504//1078
f 560//1079 289//1079 291//1079
f 291//1080 289//1080 288//1080
f 559//1081 504//1081 561//1081
f 504//1082 462//1082 505//1082
f 506//1083 463//1083 519//1083
f 506//1084 505//1084 462//1084
f 505//1085 561//1085 504//1085
f 562//1086 506//1086 519//1086
f 517//1087 561//1087 505//1087
f 568//1088 559//1088 561//1088
f 568//1089 563//1089 565//1089
f 561//1091 563//1091 568//1091
f 558//1092 564//1092 557//1092
f 557//1093 564//1093 289//1093
f 556//1094 455//1094 564//1094
f 564//1095 558//1095 556//1095
f 557//1096 289//1096 560//1096
f 565//1097 563//1097 567//1097
f 568//1099 569//1099 559//1099
f 568//1100 565//1100 570//1100
f 570//1101 565//1101 590//1101
f 573//1103 571//1103 572//1103
f 572//1104 571//1104 523//1104
f 572//1105 574//1105 573//1105
f 574//1106 572//1106 525//1106
f 525//1107 575//1107 574//1107
f 575//1108 525//1108 577//1108
f 525//1109 526//1109 577//1109
f 534//1110 532//1110 535//1110
f 534//1111 535//1111 576//1111
f 534//1112 577//1112 526//1112
f 574//1113 575//1113 578//1113
f 578//1114 750//1114 579//1114
f 580//1115 579//1115 750//1115
f 581//1116 574//1116 578//1116
f 578//1117 579//1117 581//1117
f 583//1118 573//1118 574//1118
f 581//1119 583//1119 574//1119
f 573//1120 583//1120 582//1120
f 573//1121 582//1121 571//1121
f 583//1122 584//1122 582//1122
f 584//1124 583//1124 707//1124
f 584//1127 586//1127 582//1127
f 584//1128 605//1128 586//1128
f 590//1137 565//1137 567//1137
f 560//1138 559//1138 569//1138
f 569//1139 568//1139 570//1139
f 570//1140 502//1140 569//1140
f 502//1141 501//1141 569//1141
f 594//1149 500//1149 590//1149
f 613//1196 478//1196 479//1196
f 481//1197 613//1197 479//1197
f 614//1198 536//1198 613//1198
f 614//1199 613//1199 615//1199
f 616//1200 614//1200 615//1200
f 616//1201 615//1201 617//1201
f 615//1202 613//1202 481//1202
f 619//1203 615//1203 618//1203
f 615//1204 619//1204 617//1204
f 616//1205 620//1205 533//1205
f 532//1206 620//1206 535//1206
f 620//1207 616//1207 617//1207
f 621//1208 620//1208 617//1208
f 617//1209 619//1209 621//1209
f 619//1210 622//1210 621//1210
f 618//1211 623//1211 619//1211
f 624//1212 623//1212 618//1212
f 482//1213 618//1213 615//1213
f 482//1214 615//1214 481//1214
f 655//1215 482//1215 480//1215
f 655//1216 480//1216 627//1216
f 625//1217 626//1217 627//1217
f 625//1218 628//1218 626//1218
f 628//1219 630//1219 626//1219
f 628//1222 711//1222 630//1222
f 647//1239 650//1239 965//1239
f 647//1240 965//1240 961//1240
f 647//1241 961//1241 648//1241
f 530//1245 527//1245 524//1245
f 614//1246 616//1246 533//1246
f 482//1247 651//1247 618//1247
f 622//1248 619//1248 623//1248
f 623//1249 624//1249 652//1249
f 624//1250 618//1250 653//1250
f 653//1251 618//1251 654//1251
f 655//1252 651//1252 482//1252
f 655//1253 627//1253 651//1253
f 624//1254 653//1254 652//1254
f 652//1255 653//1255 656//1255
f 654//1256 656//1256 653//1256
f 654//1257 618//1257 651//1257
f 654//1258 651//1258 657//1258
f 658//1259 659//1259 657//1259
f 654//1260 657//1260 659//1260
f 654//1261 659//1261 656//1261
f 656//1262 659//1262 660//1262
f 658//1263 660//1263 659//1263
f 662//1264 657//1264 651//1264
f 661//1265 657//1265 662//1265
f 626//1266 651//1266 627//1266
f 651//1267 626//1267 663//1267
f 662//1268 651//1268 663//1268
f 661//1269 662//1269 663//1269
f 663//1270 665//1270 661//1270
f 664//1271 661//1271 665//1271
f 663//1272 666//1272 665//1272
f 709//1273 666//1273 663//1273
f 630//1274 663//1274 626//1274
f 586//1347 605//1347 704//1347
f 707//1354 605//1354 584//1354
f 708//1355 605//1355 707//1355
f 707//1356 583//1356 581//1356
f 707//1357 746//1357 708//1357
f 707//1358 581//1358 746//1358
f 581//1359 579//1359 746//1359
f 663//1360 630//1360 709//1360
f 711//1361 709//1361 630//1361
f 714//1364 709//1364 711//1364
f 666//1369 709//1369 710//1369
f 823//1435 704//1435 605//1435
f 620//1436 621//1436 747//1436
f 620//1437 747//1437 576//1437
f 620//1438 576//1438 535//1438
f 622//1439 747//1439 621//1439
f 748//1440 576//1440 747//1440
f 749//1441 576//1441 748//1441
f 750//1442 748//1442 747//1442
f 750//1443 747//1443 884//1443
f 884//1444 747//1444 622//1444
f 751//1445 622//1445 623//1445
f 751//1446 623//1446 652//1446
f 656//1447 775//1447 652//1447
f 660//1448 776//1448 656//1448
f 656//1449 776//1449 775//1449
f 622//1450 751//1450 884//1450
f 751//1451 885//1451 884//1451
f 750//1452 578//1452 748//1452
f 748//1453 578//1453 575//1453
f 748//1454 575//1454 749//1454
f 749//1455 575//1455 577//1455
f 534//1456 576//1456 577//1456
f 577//1457 576//1457 749//1457
f 664//1458 665//1458 752//1458
f 752//1459 665//1459 666//1459
f 666//1462 753//1462 752//1462
f 657//1465 661//1465 658//1465
f 752//1466 755//1466 664//1466
f 766//1477 765//1477 764//1477
f 767//1478 766//1478 764//1478
f 764//1480 768//1480 767//1480
f 767//1481 826//1481 766//1481
f 753//1486 769//1486 752//1486
f 661//1488 664//1488 658//1488
f 664//1489 755//1489 772//1489
f 658//1490 782//1490 660//1490
f 660//1491 782//1491 777//1491
f 660//1492 777//1492 776//1492
f 751//1493 652//1493 774//1493
f 774//1494 652//1494 775//1494
f 779//1495 776//1495 777//1495
f 776//1496 779//1496 778//1496
f 776//1497 778//1497 775//1497
f 777//1498 780//1498 781//1498
f 777//1499 781//1499 779//1499
f 781//1500 798//1500 779//1500
f 779//1501 783//1501 778//1501
f 775//1502 778//1502 893//1502
f 775//1503 893//1503 774//1503
f 894//1504 778//1504 783//1504
f 893//1505 778//1505 894//1505
f 774//1506 893//1506 784//1506
f 751//1507 774//1507 885//1507
f 885//1508 774//1508 784//1508
f 783//1509 779//1509 798//1509
f 777//1510 782//1510 780//1510
f 793//1511 780//1511 782//1511
f 785//1512 801//1512 782//1512
f 791//1513 785//1513 782//1513
f 782//1514 658//1514 791//1514
f 658//1515 664//1515 791//1515
f 791//1516 664//1516 772//1516
f 755//1517 773//1517 772//1517
f 773//1518 755//1518 752//1518
f 752//1519 769//1519 773//1519
f 769//1528 786//1528 773//1528
f 791//1529 772//1529 773//1529
f 791//1530 773//1530 790//1530
f 805//1531 773//1531 789//1531
f 790//1532 773//1532 805//1532
f 801//1533 793//1533 782//1533
f 780//1534 794//1534 781//1534
f 780//1535 793//1535 796//1535
f 797//1536 794//1536 796//1536
f 796//1537 794//1537 780//1537
f 795//1538 798//1538 794//1538
f 798//1539 781//1539 794//1539
f 795//1540 794//1540 797//1540
f 798//1541 795//1541 799//1541
f 797//1542 1502//1542 795//1542
f 797//1543 796//1543 800//1543
f 1284//1544 800//1544 796//1544
f 796//1545 793//1545 1284//1545
f 785//1546 791//1546 790//1546
f 792//1547 801//1547 785//1547
f 792//1548 785//1548 790//1548
f 801//1549 792//1549 803//1549
f 803//1550 792//1550 804//1550
f 790//1551 802//1551 792//1551
f 790//1552 805//1552 802//1552
f 789//1553 773//1553 786//1553
f 809//1566 765//1566 813//1566
f 813//1569 765//1569 766//1569
f 768//1581 820//1581 767//1581
f 819//1583 821//1583 820//1583
f 825//1584 820//1584 821//1584
f 822//1585 821//1585 819//1585
f 605//1589 824//1589 822//1589
f 605//1590 822//1590 823//1590
f 821//1591 822//1591 824//1591
f 820//1592 825//1592 767//1592
f 1307//1593 767//1593 825//1593
f 827//1594 767//1594 1307//1594
f 827//1595 826//1595 767//1595
f 766//1596 826//1596 799//1596
f 766//1597 799//1597 1281//1597
f 1281//1598 813//1598 766//1598
f 887//1599 821//1599 824//1599
f 708//1600 824//1600 605//1600
f 828//1603 830//1603 829//1603
f 834//1604 829//1604 830//1604
f 828//1605 838//1605 830//1605
f 831//1606 829//1606 834//1606
f 832//1607 829//1607 831//1607
f 833//1608 831//1608 834//1608
f 834//1609 830//1609 836//1609
f 837//1610 830//1610 838//1610
f 837//1611 836//1611 830//1611
f 834//1612 878//1612 833//1612
f 831//1613 833//1613 835//1613
f 836//1614 878//1614 834//1614
f 838//1615 828//1615 839//1615
f 840//1616 839//1616 828//1616
f 836//1617 837//1617 841//1617
f 837//1618 843//1618 842//1618
f 843//1619 837//1619 839//1619
f 839//1620 837//1620 838//1620
f 843//1621 840//1621 848//1621
f 841//1622 837//1622 845//1622
f 845//1623 837//1623 842//1623
f 846//1624 878//1624 836//1624
f 846//1625 836//1625 841//1625
f 841//1626 845//1626 876//1626
f 841//1627 876//1627 846//1627
f 847//1628 845//1628 850//1628
f 844//1629 843//1629 848//1629
f 844//1630 848//1630 849//1630
f 843//1631 844//1631 842//1631
f 858//1632 844//1632 849//1632
f 850//1633 842//1633 844//1633
f 842//1634 850//1634 845//1634
f 850//1635 851//1635 847//1635
f 851//1636 852//1636 854//1636
f 845//1637 847//1637 876//1637
f 987//1638 847//1638 851//1638
f 987//1639 851//1639 853//1639
f 853//1640 851//1640 854//1640
f 856//1641 854//1641 855//1641
f 1064//1642 852//1642 851//1642
f 849//1643 1024//1643 858//1643
f 858//1644 1024//1644 1074//1644
f 840//1645 843//1645 839//1645
f 865//1646 828//1646 859//1646
f 860//1647 828//1647 829//1647
f 860//1648 829//1648 832//1648
f 835//1649 832//1649 831//1649
f 860//1650 859//1650 828//1650
f 861//1651 860//1651 832//1651
f 861//1652 832//1652 835//1652
f 861//1653 863//1653 860//1653
f 862//1654 860//1654 863//1654
f 835//1655 863//1655 861//1655
f 863//1656 835//1656 833//1656
f 833//1657 877//1657 863//1657
f 859//1658 860//1658 862//1658
f 863//1659 871//1659 862//1659
f 859//1660 864//1660 869//1660
f 859//1661 869//1661 865//1661
f 828//1662 865//1662 840//1662
f 865//1663 848//1663 840//1663
f 869//1664 867//1664 865//1664
f 865//1665 866//1665 848//1665
f 866//1666 865//1666 867//1666
f 867//1667 869//1667 868//1667
f 862//1668 864//1668 859//1668
f 868//1669 864//1669 862//1669
f 868//1670 862//1670 871//1670
f 869//1671 864//1671 868//1671
f 870//1672 868//1672 871//1672
f 870//1673 871//1673 873//1673
f 870//1674 867//1674 868//1674
f 873//1675 872//1675 870//1675
f 870//1676 872//1676 867//1676
f 874//1677 872//1677 979//1677
f 979//1678 872//1678 873//1678
f 875//1679 873//1679 977//1679
f 876//1680 873//1680 846//1680
f 846//1681 873//1681 877//1681
f 871//1682 877//1682 873//1682
f 877//1683 871//1683 863//1683
f 833//1684 878//1684 877//1684
f 750//1689 884//1689 580//1689
f 884//1690 885//1690 580//1690
f 885//1691 886//1691 580//1691
f 746//1692 579//1692 580//1692
f 580//1693 888//1693 746//1693
f 888//1694 889//1694 887//1694
f 821//1695 887//1695 825//1695
f 825//1696 887//1696 889//1696
f 890//1697 891//1697 889//1697
f 886//1698 784//1698 889//1698
f 890//1699 889//1699 893//1699
f 890//1700 893//1700 892//1700
f 893//1701 894//1701 892//1701
f 784//1702 893//1702 889//1702
f 580//1703 886//1703 888//1703
f 886//1704 885//1704 784//1704
f 886//1705 889//1705 888//1705
f 903//1706 897//1706 895//1706
f 895//1707 896//1707 903//1707
f 897//1708 900//1708 899//1708
f 897//1709 898//1709 895//1709
f 897//1710 899//1710 901//1710
f 920//1711 899//1711 902//1711
f 902//1712 899//1712 900//1712
f 897//1713 903//1713 900//1713
f 902//1714 900//1714 904//1714
f 896//1715 905//1715 903//1715
f 933//1716 900//1716 903//1716
f 912//1717 900//1717 933//1717
f 900//1718 912//1718 904//1718
f 905//1719 907//1719 903//1719
f 905//1720 896//1720 908//1720
f 908//1721 896//1721 895//1721
f 895//1722 898//1722 908//1722
f 913//1723 898//1723 897//1723
f 897//1724 901//1724 913//1724
f 920//1725 901//1725 899//1725
f 909//1726 906//1726 902//1726
f 902//1727 904//1727 909//1727
f 910//1728 909//1728 984//1728
f 911//1729 984//1729 909//1729
f 911//1730 909//1730 904//1730
f 933//1731 903//1731 907//1731
f 907//1732 905//1732 908//1732
f 901//1733 914//1733 913//1733
f 919//1734 913//1734 914//1734
f 901//1735 915//1735 914//1735
f 916//1736 915//1736 920//1736
f 920//1737 915//1737 901//1737
f 917//1738 914//1738 915//1738
f 917//1739 918//1739 919//1739
f 917//1740 919//1740 914//1740
f 918//1741 917//1741 915//1741
f 918//1742 915//1742 921//1742
f 922//1743 915//1743 916//1743
f 923//1744 918//1744 921//1744
f 924//1745 921//1745 915//1745
f 915//1746 925//1746 924//1746
f 915//1747 922//1747 925//1747
f 928//1748 926//1748 925//1748
f 922//1749 916//1749 920//1749
f 926//1750 924//1750 925//1750
f 927//1751 924//1751 926//1751
f 928//1752 929//1752 926//1752
f 928//1753 925//1753 922//1753
f 906//1754 922//1754 920//1754
f 931//1755 911//1755 932//1755
f 904//1756 912//1756 932//1756
f 908//1757 898//1757 935//1757
f 919//1758 898//1758 913//1758
f 935//1759 919//1759 918//1759
f 919//1760 935//1760 898//1760
f 935//1761 936//1761 908//1761
f 908//1762 936//1762 937//1762
f 907//1763 934//1763 933//1763
f 933//1764 938//1764 912//1764
f 933//1765 934//1765 938//1765
f 938//1766 934//1766 939//1766
f 939//1767 940//1767 938//1767
f 940//1768 939//1768 948//1768
f 934//1769 907//1769 945//1769
f 945//1770 907//1770 908//1770
f 943//1771 945//1771 908//1771
f 943//1772 908//1772 937//1772
f 937//1773 936//1773 952//1773
f 941//1774 937//1774 952//1774
f 937//1775 941//1775 942//1775
f 934//1776 945//1776 939//1776
f 944//1777 948//1777 939//1777
f 943//1778 944//1778 945//1778
f 945//1779 944//1779 939//1779
f 944//1780 1028//1780 948//1780
f 940//1781 946//1781 938//1781
f 947//1782 946//1782 940//1782
f 947//1783 940//1783 948//1783
f 943//1784 949//1784 944//1784
f 943//1785 937//1785 949//1785
f 950//1786 941//1786 952//1786
f 918//1787 951//1787 935//1787
f 953//1788 952//1788 951//1788
f 951//1789 952//1789 936//1789
f 935//1790 951//1790 936//1790
f 956//1796 955//1796 957//1796
f 971//1797 880//1797 882//1797
f 882//1798 880//1798 883//1798
f 883//1799 649//1799 882//1799
f 882//1800 649//1800 960//1800
f 959//1801 960//1801 649//1801
f 960//1802 959//1802 962//1802
f 962//1803 959//1803 961//1803
f 963//1804 961//1804 964//1804
f 964//1805 961//1805 965//1805
f 967//1806 964//1806 966//1806
f 961//1807 963//1807 962//1807
f 962//1808 968//1808 960//1808
f 882//1809 960//1809 969//1809
f 969//1810 960//1810 968//1810
f 969//1811 970//1811 882//1811
f 970//1812 971//1812 882//1812
f 972//1813 970//1813 973//1813
f 1538//1814 970//1814 969//1814
f 970//1815 1538//1815 974//1815
f 974//1816 973//1816 970//1816
f 1718//1817 973//1817 974//1817
f 975//1818 969//1818 968//1818
f 968//1819 962//1819 975//1819
f 878//1820 846//1820 877//1820
f 873//1821 876//1821 977//1821
f 977//1822 978//1822 980//1822
f 977//1823 980//1823 875//1823
f 873//1824 875//1824 979//1824
f 875//1825 980//1825 979//1825
f 981//1826 982//1826 980//1826
f 980//1827 982//1827 979//1827
f 983//1828 981//1828 980//1828
f 983//1829 980//1829 985//1829
f 981//1830 983//1830 984//1830
f 985//1831 980//1831 978//1831
f 986//1832 978//1832 987//1832
f 978//1833 986//1833 985//1833
f 983//1834 910//1834 984//1834
f 981//1835 988//1835 982//1835
f 996//1836 982//1836 988//1836
f 984//1837 988//1837 981//1837
f 911//1838 988//1838 984//1838
f 932//1839 911//1839 904//1839
f 932//1840 989//1840 990//1840
f 932//1841 990//1841 931//1841
f 911//1842 931//1842 988//1842
f 991//1843 990//1843 989//1843
f 990//1844 991//1844 994//1844
f 993//1845 990//1845 994//1845
f 931//1846 990//1846 993//1846
f 993//1847 988//1847 931//1847
f 997//1848 996//1848 988//1848
f 993//1849 997//1849 988//1849
f 993//1850 998//1850 997//1850
f 902//1851 906//1851 920//1851
f 906//1852 1043//1852 922//1852
f 910//1853 1043//1853 906//1853
f 910//1854 906//1854 909//1854
f 983//1855 985//1855 855//1855
f 856//1856 855//1856 985//1856
f 1003//1857 856//1857 985//1857
f 1003//1858 985//1858 986//1858
f 1000//1859 986//1859 987//1859
f 999//1860 986//1860 1000//1860
f 1001//1861 1000//1861 987//1861
f 987//1862 978//1862 977//1862
f 856//1863 1002//1863 1001//1863
f 853//1864 1001//1864 987//1864
f 1002//1865 856//1865 1003//1865
f 1001//1866 1002//1866 1006//1866
f 1001//1867 1006//1867 1000//1867
f 1000//1868 1004//1868 999//1868
f 1004//1869 1000//1869 1005//1869
f 1005//1870 1000//1870 1006//1870
f 1006//1871 1002//1871 1007//1871
f 1007//1872 1002//1872 1003//1872
f 999//1873 1003//1873 986//1873
f 1009//1874 1004//1874 1005//1874
f 1009//1875 1005//1875 1010//1875
f 1010//1876 1005//1876 1006//1876
f 1007//1877 1003//1877 999//1877
f 1007//1878 999//1878 1008//1878
f 1006//1879 1011//1879 1010//1879
f 1011//1880 1006//1880 1015//1880
f 1006//1881 1007//1881 1008//1881
f 1012//1882 999//1882 874//1882
f 874//1883 1013//1883 1012//1883
f 999//1884 1012//1884 1008//1884
f 1008//1885 1015//1885 1006//1885
f 1008//1886 1014//1886 1016//1886
f 1015//1887 1008//1887 1016//1887
f 1014//1888 1008//1888 1012//1888
f 1016//1889 1017//1889 1015//1889
f 1011//1890 1015//1890 1017//1890
f 1018//1891 1011//1891 1017//1891
f 1018//1892 1025//1892 1011//1892
f 1011//1893 1025//1893 1089//1893
f 1011//1894 1089//1894 1022//1894
f 1022//1895 1089//1895 1023//1895
f 1089//1896 1019//1896 1023//1896
f 1004//1897 1009//1897 1020//1897
f 874//1898 1004//1898 1020//1898
f 1020//1899 867//1899 872//1899
f 1020//1900 872//1900 874//1900
f 999//1901 1004//1901 874//1901
f 867//1902 1020//1902 866//1902
f 1020//1903 1021//1903 866//1903
f 1022//1904 1020//1904 1009//1904
f 1020//1905 1022//1905 1021//1905
f 1022//1906 1023//1906 1021//1906
f 1022//1907 1010//1907 1011//1907
f 1019//1908 1024//1908 1023//1908
f 1013//1909 874//1909 979//1909
f 982//1910 1013//1910 979//1910
f 912//1911 946//1911 1026//1911
f 912//1912 1026//1912 932//1912
f 1026//1913 946//1913 1035//1913
f 946//1914 1027//1914 1035//1914
f 947//1915 1027//1915 946//1915
f 1029//1916 944//1916 949//1916
f 949//1917 937//1917 942//1917
f 1030//1918 949//1918 942//1918
f 1031//1919 1030//1919 942//1919
f 1028//1920 944//1920 1029//1920
f 1033//1921 948//1921 1028//1921
f 1029//1922 1032//1922 1028//1922
f 1033//1923 1028//1923 1032//1923
f 1033//1924 947//1924 948//1924
f 1034//1925 1027//1925 947//1925
f 1027//1926 1034//1926 1035//1926
f 1037//1927 1036//1927 1030//1927
f 1036//1928 1032//1928 1029//1928
f 1031//1929 1038//1929 1030//1929
f 1038//1930 1037//1930 1030//1930
f 1032//1931 1036//1931 1037//1931
f 1039//1932 1037//1932 1038//1932
f 1040//1933 1031//1933 942//1933
f 951//1934 918//1934 923//1934
f 923//1935 921//1935 924//1935
f 924//1936 927//1936 923//1936
f 923//1937 1041//1937 951//1937
f 1042//1938 926//1938 929//1938
f 928//1939 922//1939 930//1939
f 930//1940 922//1940 1044//1940
f 1044//1941 922//1941 1043//1941
f 1063//1942 983//1942 855//1942
f 983//1943 1063//1943 910//1943
f 910//1944 1063//1944 1043//1944
f 1063//1945 1045//1945 1043//1945
f 1044//1946 1043//1946 1049//1946
f 1046//1947 930//1947 1044//1947
f 930//1948 1046//1948 1208//1948
f 1046//1949 1049//1949 1047//1949
f 1048//1950 1047//1950 1049//1950
f 1049//1951 1046//1951 1044//1951
f 1045//1952 1050//1952 1049//1952
f 1045//1953 1049//1953 1043//1953
f 1049//1954 1050//1954 1048//1954
f 1048//1955 1051//1955 1052//1955
f 1048//1956 1050//1956 1051//1956
f 1051//1957 1061//1957 1053//1957
f 1051//1958 1053//1958 1054//1958
f 1052//1959 1051//1959 1054//1959
f 1055//1960 1054//1960 1053//1960
f 1053//1961 1058//1961 1056//1961
f 1057//1962 1056//1962 1058//1962
f 1053//1963 1056//1963 1055//1963
f 1047//1964 1052//1964 1075//1964
f 1075//1965 1052//1965 1054//1965
f 1047//1966 1075//1966 1059//1966
f 1052//1967 1047//1967 1048//1967
f 1053//1968 1060//1968 1058//1968
f 1060//1969 1066//1969 1058//1969
f 1061//1970 1051//1970 1050//1970
f 1050//1971 1062//1971 1061//1971
f 1045//1972 1062//1972 1050//1972
f 854//1973 1063//1973 855//1973
f 1063//1974 854//1974 1045//1974
f 1045//1975 854//1975 852//1975
f 1062//1976 1045//1976 852//1976
f 852//1977 1064//1977 1062//1977
f 1062//1978 1064//1978 1065//1978
f 1061//1979 1060//1979 1053//1979
f 1065//1980 1061//1980 1062//1980
f 1067//1981 1060//1981 1061//1981
f 1061//1982 1065//1982 1067//1982
f 1067//1983 1066//1983 1060//1983
f 1067//1984 1068//1984 1066//1984
f 1065//1985 1068//1985 1067//1985
f 1068//1986 1065//1986 1069//1986
f 1070//1987 1069//1987 1065//1987
f 1072//1988 1070//1988 1071//1988
f 1071//1989 1073//1989 1072//1989
f 858//1990 1071//1990 857//1990
f 857//1991 1071//1991 1070//1991
f 844//1992 857//1992 850//1992
f 857//1993 1070//1993 1064//1993
f 857//1994 1064//1994 851//1994
f 857//1995 851//1995 850//1995
f 1064//1996 1070//1996 1065//1996
f 912//1997 938//1997 946//1997
f 844//1998 858//1998 857//1998
f 1071//1999 858//1999 1073//1999
f 1073//2000 858//2000 1074//2000
f 1021//2001 849//2001 848//2001
f 1021//2002 848//2002 866//2002
f 849//2003 1021//2003 1023//2003
f 1022//2004 1009//2004 1010//2004
f 1075//2005 1076//2005 1059//2005
f 1077//2006 1076//2006 1075//2006
f 1077//2007 1075//2007 1054//2007
f 1079//2008 1055//2008 1056//2008
f 1055//2009 1077//2009 1054//2009
f 1059//2010 1081//2010 1047//2010
f 1081//2011 1080//2011 1047//2011
f 1047//2012 1080//2012 1046//2012
f 1059//2013 1264//2013 1081//2013
f 1081//2014 1205//2014 1080//2014
f 1248//2015 1264//2015 1059//2015
f 1248//2016 1059//2016 1076//2016
f 1076//2017 1082//2017 1248//2017
f 1077//2018 1055//2018 1078//2018
f 1078//2019 1055//2019 1079//2019
f 1079//2020 1056//2020 1057//2020
f 1076//2021 1077//2021 1082//2021
f 1082//2022 1077//2022 1078//2022
f 1083//2023 1058//2023 1066//2023
f 1066//2024 1068//2024 1083//2024
f 1084//2025 1068//2025 1069//2025
f 1068//2026 1084//2026 1083//2026
f 1069//2027 1088//2027 1222//2027
f 1085//2028 1222//2028 1088//2028
f 1086//2029 1085//2029 1087//2029
f 1088//2030 1069//2030 1070//2030
f 1088//2031 1070//2031 1072//2031
f 1087//2032 1085//2032 1088//2032
f 1144//2033 1088//2033 1072//2033
f 1072//2034 1073//2034 1144//2034
f 1024//2035 1073//2035 1074//2035
f 1023//2036 1024//2036 849//2036
f 1073//2037 1024//2037 1144//2037
f 1306//2038 1024//2038 1019//2038
f 1092//2039 1018//2039 1017//2039
f 1016//2040 1014//2040 1091//2040
f 1017//2041 1016//2041 1091//2041
f 1025//2042 1018//2042 1151//2042
f 1151//2043 1018//2043 1090//2043
f 1090//2044 1018//2044 1092//2044
f 1091//2045 1092//2045 1017//2045
f 1093//2046 1091//2046 1014//2046
f 1093//2047 1014//2047 1012//2047
f 1093//2048 1012//2048 1094//2048
f 1095//2049 1012//2049 1013//2049
f 996//2050 1013//2050 982//2050
f 998//2051 1097//2051 997//2051
f 1097//2052 998//2052 1096//2052
f 1095//2053 1013//2053 996//2053
f 1095//2054 996//2054 1097//2054
f 1097//2055 996//2055 997//2055
f 1096//2056 1098//2056 1097//2056
f 1097//2057 1098//2057 1152//2057
f 1152//2058 1098//2058 1103//2058
f 1094//2059 1012//2059 1095//2059
f 1095//2060 1097//2060 1094//2060
f 1152//2061 1094//2061 1097//2061
f 1093//2062 1094//2062 1099//2062
f 1099//2063 1094//2063 1102//2063
f 1100//2064 1099//2064 1102//2064
f 1099//2065 1100//2065 1101//2065
f 1093//2066 1099//2066 1101//2066
f 1091//2067 1093//2067 1092//2067
f 1092//2068 1093//2068 1101//2068
f 1019//2069 1150//2069 1306//2069
f 1237//2070 1092//2070 1101//2070
f 1101//2071 1100//2071 1102//2071
f 1103//2072 1106//2072 1104//2072
f 1107//2073 1106//2073 1108//2073
f 1109//2074 1106//2074 1103//2074
f 1103//2075 1098//2075 1109//2075
f 1106//2076 1109//2076 1108//2076
f 1110//2077 998//2077 993//2077
f 1110//2078 993//2078 1112//2078
f 994//2079 1112//2079 993//2079
f 994//2080 995//2080 1112//2080
f 1115//2081 1112//2081 995//2081
f 1164//2082 1112//2082 1115//2082
f 998//2083 1110//2083 1096//2083
f 1098//2084 1096//2084 1111//2084
f 1111//2085 1096//2085 1110//2085
f 1113//2086 1112//2086 1164//2086
f 1164//2087 1115//2087 1114//2087
f 995//2088 994//2088 991//2088
f 1115//2089 995//2089 992//2089
f 992//2090 995//2090 991//2090
f 1116//2091 1115//2091 992//2091
f 1114//2092 1115//2092 1116//2092
f 992//2093 1122//2093 1116//2093
f 992//2094 989//2094 1035//2094
f 989//2095 992//2095 991//2095
f 1026//2097 989//2097 932//2097
f 1123//2098 947//2098 1033//2098
f 947//2099 1123//2099 1034//2099
f 1116//2100 1117//2100 1118//2100
f 1170//2101 1118//2101 1117//2101
f 1116//2102 1118//2102 1114//2102
f 1119//2103 1170//2103 1117//2103
f 1120//2104 1119//2104 1121//2104
f 1121//2105 1119//2105 1117//2105
f 1122//2106 1117//2106 1116//2106
f 1122//2107 992//2107 1035//2107
f 1127//2108 1035//2108 1034//2108
f 1123//2109 1127//2109 1034//2109
f 1123//2110 1033//2110 1124//2110
f 1033//2111 1032//2111 1125//2111
f 1125//2112 1032//2112 1129//2112
f 1037//2113 1129//2113 1032//2113
f 1125//2114 1124//2114 1033//2114
f 1127//2115 1122//2115 1035//2115
f 1126//2116 1117//2116 1122//2116
f 1126//2117 1122//2117 1127//2117
f 1124//2118 1126//2118 1123//2118
f 1123//2119 1126//2119 1127//2119
f 1128//2120 1126//2120 1124//2120
f 1124//2121 1125//2121 1128//2121
f 1175//2122 1125//2122 1129//2122
f 1129//2123 1037//2123 1039//2123
f 1039//2124 1130//2124 1129//2124
f 1038//2125 1031//2125 1040//2125
f 1040//2126 942//2126 1131//2126
f 1131//2127 942//2127 941//2127
f 950//2128 1131//2128 941//2128
f 1040//2129 1131//2129 1133//2129
f 950//2130 1132//2130 1131//2130
f 1132//2131 1133//2131 1131//2131
f 1133//2132 1135//2132 1040//2132
f 1135//2133 1133//2133 1134//2133
f 1133//2134 1132//2134 1180//2134
f 950//2135 952//2135 1132//2135
f 953//2136 1132//2136 952//2136
f 1132//2137 953//2137 1138//2137
f 1138//2138 1137//2138 1132//2138
f 1132//2139 1137//2139 1136//2139
f 1194//2140 1138//2140 1041//2140
f 953//2141 951//2141 1041//2141
f 1217//2152 1057//2152 1058//2152
f 1217//2153 1058//2153 1140//2153
f 1140//2154 1058//2154 1083//2154
f 1141//2155 1084//2155 1069//2155
f 1086//2156 1087//2156 1142//2156
f 1088//2157 1144//2157 1087//2157
f 1142//2158 1087//2158 1143//2158
f 1143//2159 1087//2159 1144//2159
f 1144//2160 1024//2160 1306//2160
f 1306//2161 1150//2161 1143//2161
f 1019//2162 1089//2162 1145//2162
f 1089//2163 1025//2163 1146//2163
f 1146//2164 1025//2164 1147//2164
f 1145//2165 1089//2165 1146//2165
f 1146//2166 1148//2166 1145//2166
f 1019//2167 1145//2167 1150//2167
f 1149//2168 1150//2168 1145//2168
f 1148//2169 1146//2169 1147//2169
f 1148//2170 1147//2170 1236//2170
f 1025//2171 1151//2171 1147//2171
f 1237//2172 1090//2172 1092//2172
f 1156//2173 1102//2173 1094//2173
f 1094//2174 1152//2174 1156//2174
f 1102//2175 1156//2175 1153//2175
f 1153//2176 1154//2176 1102//2176
f 1155//2177 1154//2177 1153//2177
f 1242//2178 1153//2178 1156//2178
f 1242//2179 1156//2179 1244//2179
f 1157//2180 1156//2180 1152//2180
f 1152//2181 1103//2181 1157//2181
f 1103//2182 1104//2182 1157//2182
f 1157//2183 1104//2183 1158//2183
f 1156//2184 1158//2184 1244//2184
f 1158//2185 1156//2185 1157//2185
f 1105//2186 1104//2186 1106//2186
f 1105//2187 1106//2187 1107//2187
f 1160//2188 1110//2188 1112//2188
f 1113//2189 1161//2189 1112//2189
f 1161//2190 1113//2190 1162//2190
f 1477//2191 1113//2191 1164//2191
f 1166//2192 1164//2192 1165//2192
f 1165//2193 1164//2193 1114//2193
f 1167//2194 1118//2194 1168//2194
f 1118//2195 1165//2195 1114//2195
f 1167//2196 1165//2196 1118//2196
f 1168//2201 1118//2201 1170//2201
f 1170//2202 1172//2202 1168//2202
f 1126//2207 1128//2207 1174//2207
f 1117//2208 1174//2208 1121//2208
f 1174//2209 1117//2209 1126//2209
f 1128//2210 1125//2210 1175//2210
f 1852//2211 1128//2211 1175//2211
f 1852//2212 1175//2212 1176//2212
f 1175//2213 1129//2213 1176//2213
f 1135//2214 1134//2214 1177//2214
f 1177//2215 1134//2215 1178//2215
f 1178//2216 1134//2216 1622//2216
f 1179//2217 1134//2217 1133//2217
f 1180//2218 1132//2218 1136//2218
f 1181//2219 1182//2219 1186//2219
f 1136//2220 1182//2220 1181//2220
f 1136//2221 1181//2221 1180//2221
f 1183//2222 1182//2222 1184//2222
f 1185//2223 1183//2223 1184//2223
f 1183//2224 1185//2224 1188//2224
f 1182//2225 1183//2225 1186//2225
f 1186//2226 1183//2226 1187//2226
f 1187//2227 1183//2227 1188//2227
f 1188//2228 1189//2228 1190//2228
f 1191//2229 1188//2229 1192//2229
f 1192//2230 1200//2230 1201//2230
f 1200//2231 1185//2231 1193//2231
f 1185//2232 1184//2232 1195//2232
f 1193//2233 1185//2233 1195//2233
f 1137//2234 1184//2234 1182//2234
f 1195//2235 1184//2235 1194//2235
f 1195//2236 1197//2236 1196//2236
f 1198//2237 1195//2237 1196//2237
f 1198//2238 1193//2238 1195//2238
f 1199//2239 1193//2239 1198//2239
f 1200//2240 1193//2240 1199//2240
f 1201//2241 1200//2241 1199//2241
f 1201//2242 1199//2242 1202//2242
f 1202//2243 1203//2243 1201//2243
f 1205//2244 1206//2244 1204//2244
f 1209//2245 1205//2245 1204//2245
f 1203//2246 1202//2246 1212//2246
f 1212//2247 1202//2247 1199//2247
f 1207//2248 1198//2248 1196//2248
f 1195//2249 1194//2249 1197//2249
f 1196//2250 1197//2250 1207//2250
f 1042//2251 1207//2251 1197//2251
f 1197//2252 1194//2252 1041//2252
f 1137//2253 1138//2253 1194//2253
f 1182//2254 1136//2254 1137//2254
f 1184//2255 1137//2255 1194//2255
f 926//2256 1042//2256 927//2256
f 1042//2257 923//2257 927//2257
f 929//2258 928//2258 1280//2258
f 928//2259 930//2259 1210//2259
f 928//2260 1210//2260 1280//2260
f 930//2261 1208//2261 1210//2261
f 1080//2262 1208//2262 1046//2262
f 1080//2263 1205//2263 1209//2263
f 1208//2264 1080//2264 1209//2264
f 1210//2265 1208//2265 1209//2265
f 1210//2266 1209//2266 1211//2266
f 1211//2267 1209//2267 1212//2267
f 1212//2268 1209//2268 1203//2268
f 1203//2269 1209//2269 1204//2269
f 1082//2270 1078//2270 1215//2270
f 1216//2271 1078//2271 1079//2271
f 1079//2272 1217//2272 1216//2272
f 1217//2273 1079//2273 1057//2273
f 1140//2274 1218//2274 1217//2274
f 1083//2278 1221//2278 1225//2278
f 1221//2279 1083//2279 1084//2279
f 1141//2280 1069//2280 1222//2280
f 1221//2281 1084//2281 1141//2281
f 1086//2282 1319//2282 1222//2282
f 1086//2288 1222//2288 1085//2288
f 1224//2289 1086//2289 1227//2289
f 1227//2290 1086//2290 1142//2290
f 1142//2291 1143//2291 1228//2291
f 1228//2292 1227//2292 1142//2292
f 1229//2293 1227//2293 1228//2293
f 1229//2294 1228//2294 1149//2294
f 1143//2295 1150//2295 1228//2295
f 1150//2296 1149//2296 1228//2296
f 1148//2297 1230//2297 1145//2297
f 1145//2298 1320//2298 1229//2298
f 1145//2299 1229//2299 1149//2299
f 1227//2300 1229//2300 1224//2300
f 1230//2301 1231//2301 1145//2301
f 1320//2302 1145//2302 1231//2302
f 1230//2303 1232//2303 1231//2303
f 1230//2304 1148//2304 1232//2304
f 1233//2305 1232//2305 1148//2305
f 1147//2306 1151//2306 1234//2306
f 1235//2307 1151//2307 1090//2307
f 1151//2308 1235//2308 1234//2308
f 1236//2309 1147//2309 1234//2309
f 1238//2310 1090//2310 1237//2310
f 1235//2311 1090//2311 1238//2311
f 1101//2312 1239//2312 1237//2312
f 1239//2313 1101//2313 1431//2313
f 1240//2314 1431//2314 1101//2314
f 1101//2315 1102//2315 1154//2315
f 1154//2316 1240//2316 1101//2316
f 1240//2317 1154//2317 1155//2317
f 1246//2318 1155//2318 1153//2318
f 1153//2319 1242//2319 1243//2319
f 1243//2320 1242//2320 1244//2320
f 1245//2321 1243//2321 1244//2321
f 1243//2322 1447//2322 1448//2322
f 1243//2323 1448//2323 1153//2323
f 1448//2324 1246//2324 1153//2324
f 1246//2325 1241//2325 1155//2325
f 1241//2326 1246//2326 1247//2326
f 1155//2327 1241//2327 1240//2327
f 708//2328 746//2328 824//2328
f 887//2329 824//2329 746//2329
f 888//2330 887//2330 746//2330
f 977//2331 847//2331 987//2331
f 847//2332 977//2332 876//2332
f 1249//2333 1248//2333 1082//2333
f 1082//2334 1215//2334 1249//2334
f 1250//2335 1249//2335 1215//2335
f 1251//2336 1078//2336 1216//2336
f 1216//2337 1217//2337 1251//2337
f 1251//2338 1217//2338 1218//2338
f 1252//2339 1078//2339 1251//2339
f 1218//2340 1252//2340 1251//2340
f 1215//2341 1078//2341 1252//2341
f 1250//2358 1215//2358 1252//2358
f 1249//2364 1264//2364 1248//2364
f 1263//2368 1264//2368 1249//2368
f 1205//2369 1081//2369 1206//2369
f 1081//2370 1265//2370 1206//2370
f 1081//2371 1264//2371 1265//2371
f 1269//2372 1265//2372 1264//2372
f 1265//2373 1269//2373 1191//2373
f 1266//2374 1206//2374 1265//2374
f 1266//2375 1265//2375 1191//2375
f 1206//2376 1266//2376 1204//2376
f 1203//2377 1204//2377 1267//2377
f 1267//2378 1204//2378 1266//2378
f 1188//2379 1190//2379 1268//2379
f 1188//2380 1268//2380 1187//2380
f 1191//2383 1190//2383 1189//2383
f 1188//2384 1191//2384 1271//2384
f 1188//2385 1271//2385 1189//2385
f 1191//2386 1189//2386 1267//2386
f 1191//2387 1267//2387 1271//2387
f 1192//2388 1271//2388 1266//2388
f 1192//2389 1266//2389 1191//2389
f 1266//2390 1271//2390 1267//2390
f 1203//2391 1267//2391 1272//2391
f 1272//2392 1271//2392 1192//2392
f 1272//2393 1192//2393 1201//2393
f 1271//2394 1272//2394 1273//2394
f 1274//2395 1272//2395 1267//2395
f 1274//2396 1267//2396 1189//2396
f 1272//2397 1274//2397 1273//2397
f 1277//2398 1273//2398 1274//2398
f 1271//2399 1274//2399 1189//2399
f 1271//2400 1275//2400 1274//2400
f 1274//2401 1275//2401 1277//2401
f 1275//2402 1271//2402 1276//2402
f 1276//2403 1271//2403 1273//2403
f 1273//2404 1277//2404 1276//2404
f 929//2410 1207//2410 1042//2410
f 1280//2411 1198//2411 1207//2411
f 929//2412 1280//2412 1207//2412
f 1280//2413 1211//2413 1212//2413
f 1280//2414 1212//2414 1199//2414
f 1280//2415 1199//2415 1198//2415
f 1210//2416 1211//2416 1280//2416
f 795//2417 1281//2417 799//2417
f 1281//2418 795//2418 1282//2418
f 1282//2419 795//2419 1502//2419
f 1502//2420 797//2420 1514//2420
f 797//2421 800//2421 1514//2421
f 793//2422 801//2422 803//2422
f 1284//2423 793//2423 803//2423
f 803//2424 1285//2424 1508//2424
f 1285//2425 803//2425 804//2425
f 1286//2426 1285//2426 804//2426
f 1285//2427 1286//2427 1508//2427
f 1026//2428 1035//2428 989//2428
f 1042//2429 1197//2429 923//2429
f 923//2430 1197//2430 1041//2430
f 1138//2431 953//2431 1041//2431
f 894//2432 783//2432 892//2432
f 957//2433 955//2433 958//2433
f 971//2436 970//2436 972//2436
f 958//2437 972//2437 973//2437
f 880//2438 971//2438 1287//2438
f 1287//2439 971//2439 972//2439
f 958//2440 955//2440 1287//2440
f 958//2441 1287//2441 972//2441
f 959//2442 649//2442 648//2442
f 648//2443 961//2443 959//2443
f 1288//2444 965//2444 650//2444
f 645//2445 966//2445 1288//2445
f 645//2446 1288//2446 650//2446
f 1295//2447 966//2447 645//2447
f 966//2448 964//2448 1288//2448
f 1288//2449 964//2449 965//2449
f 967//2450 966//2450 1295//2450
f 967//2451 1295//2451 1293//2451
f 967//2452 1293//2452 1292//2452
f 967//2453 963//2453 964//2453
f 962//2454 1291//2454 1289//2454
f 962//2455 1289//2455 975//2455
f 975//2456 1289//2456 976//2456
f 1290//2457 1289//2457 1291//2457
f 1291//2458 962//2458 963//2458
f 1291//2459 963//2459 967//2459
f 967//2460 1290//2460 1291//2460
f 1298//2461 1292//2461 1294//2461
f 1294//2462 1292//2462 1293//2462
f 1295//2463 645//2463 1296//2463
f 1294//2465 1293//2465 1297//2465
f 1294//2466 1297//2466 640//2466
f 1535//2467 1294//2467 640//2467
f 1299//2468 1535//2468 640//2468
f 1292//2469 1300//2469 967//2469
f 1301//2470 1290//2470 967//2470
f 1301//2471 967//2471 1531//2471
f 1531//2472 967//2472 1300//2472
f 1290//2473 1302//2473 1289//2473
f 1290//2474 1301//2474 1302//2474
f 1289//2475 1302//2475 976//2475
f 976//2476 1302//2476 1303//2476
f 1304//2477 969//2477 975//2477
f 1304//2478 975//2478 976//2478
f 1303//2479 1304//2479 976//2479
f 1302//2480 1301//2480 1305//2480
f 1303//2481 1302//2481 1305//2481
f 1292//2482 1826//2482 1300//2482
f 1297//2483 1293//2483 1295//2483
f 892//2486 891//2486 890//2486
f 892//2487 783//2487 798//2487
f 892//2488 798//2488 826//2488
f 826//2489 798//2489 799//2489
f 854//2490 856//2490 1001//2490
f 853//2491 854//2491 1001//2491
f 1144//2492 1306//2492 1143//2492
f 827//2493 892//2493 826//2493
f 825//2494 891//2494 1307//2494
f 827//2495 1307//2495 891//2495
f 892//2496 827//2496 891//2496
f 889//2497 891//2497 825//2497
f 1308//2498 956//2498 957//2498
f 958//2499 973//2499 1837//2499
f 958//2500 1837//2500 957//2500
f 1718//2501 1837//2501 973//2501
f 1225//2513 1221//2513 1141//2513
f 1320//2518 1224//2518 1229//2518
f 1233//2523 1148//2523 1236//2523
f 1254//2535 1259//2535 1326//2535
f 1326//2537 1328//2537 1254//2537
f 1263//2543 1269//2543 1264//2543
f 1328//2544 1335//2544 1330//2544
f 1326//2545 1334//2545 1328//2545
f 1328//2546 1334//2546 1335//2546
f 1191//2551 1269//2551 1190//2551
f 1336//2569 1330//2569 1335//2569
f 1336//2570 1335//2570 1350//2570
f 1336//2571 1345//2571 1330//2571
f 1348//2572 1345//2572 1336//2572
f 1350//2573 1335//2573 1334//2573
f 1349//2574 1334//2574 1326//2574
f 1349//2575 1326//2575 1327//2575
f 1327//2577 1387//2577 1354//2577
f 1350//2578 1334//2578 1349//2578
f 1348//2579 1336//2579 1350//2579
f 1353//2588 1346//2588 1345//2588
f 1345//2589 1348//2589 1353//2589
f 1354//2590 1350//2590 1349//2590
f 1354//2591 1349//2591 1327//2591
f 1354//2592 1383//2592 1350//2592
f 1355//2593 1383//2593 1354//2593
f 1355//2594 1354//2594 1387//2594
f 1348//2595 1350//2595 1383//2595
f 1383//2596 1356//2596 1348//2596
f 1348//2597 1356//2597 1353//2597
f 1353//2601 1356//2601 1358//2601
f 1181//2618 1186//2618 1368//2618
f 1181//2619 1368//2619 1180//2619
f 1180//2620 1368//2620 1367//2620
f 1369//2621 1370//2621 1180//2621
f 1180//2622 1370//2622 1179//2622
f 1133//2623 1180//2623 1179//2623
f 1370//2624 1369//2624 1371//2624
f 1369//2625 1372//2625 1371//2625
f 1372//2626 1529//2626 1371//2626
f 1373//2627 1529//2627 1372//2627
f 1367//2628 1369//2628 1180//2628
f 1375//2630 1373//2630 1372//2630
f 1374//2633 1373//2633 1375//2633
f 1374//2636 1375//2636 1376//2636
f 1376//2637 1379//2637 1374//2637
f 1377//2639 1378//2639 1380//2639
f 1358//2640 1356//2640 1382//2640
f 1358//2641 1381//2641 1378//2641
f 1378//2642 1381//2642 1380//2642
f 1543//2643 1381//2643 1382//2643
f 1382//2644 1381//2644 1358//2644
f 1384//2645 1383//2645 1355//2645
f 1355//2646 1387//2646 1385//2646
f 1385//2647 1387//2647 1386//2647
f 1388//2648 1385//2648 1386//2648
f 1388//2649 1386//2649 1389//2649
f 1390//2650 1355//2650 1392//2650
f 1355//2651 1385//2651 1392//2651
f 1392//2653 1385//2653 1391//2653
f 1395//2655 1394//2655 1392//2655
f 1394//2656 1390//2656 1392//2656
f 1382//2657 1356//2657 1383//2657
f 1384//2658 1943//2658 1383//2658
f 1390//2659 1384//2659 1355//2659
f 1384//2660 1390//2660 1394//2660
f 1395//2661 1396//2661 1394//2661
f 1397//2662 1396//2662 1395//2662
f 1397//2663 1398//2663 1396//2663
f 1397//2664 1399//2664 1398//2664
f 1395//2665 1392//2665 1393//2665
f 1423//2706 1233//2706 1424//2706
f 1424//2707 1425//2707 1423//2707
f 1425//2709 1427//2709 1692//2709
f 1689//2710 1692//2710 1427//2710
f 1424//2711 1233//2711 1426//2711
f 1233//2712 1236//2712 1234//2712
f 1234//2713 1235//2713 1426//2713
f 1233//2714 1234//2714 1426//2714
f 1235//2715 1424//2715 1426//2715
f 1238//2716 1237//2716 1239//2716
f 1238//2717 1427//2717 1235//2717
f 1235//2718 1425//2718 1424//2718
f 1427//2719 1425//2719 1235//2719
f 1429//2720 1430//2720 1427//2720
f 1428//2721 1427//2721 1430//2721
f 1238//2722 1239//2722 1429//2722
f 1429//2723 1431//2723 1430//2723
f 1430//2724 1431//2724 1432//2724
f 1429//2725 1427//2725 1238//2725
f 1429//2726 1239//2726 1431//2726
f 1431//2727 1240//2727 1432//2727
f 1432//2728 1434//2728 1430//2728
f 1432//2729 1433//2729 1434//2729
f 1433//2730 1435//2730 1434//2730
f 1430//2731 1434//2731 1428//2731
f 1436//2732 1689//2732 1427//2732
f 1436//2733 1427//2733 1428//2733
f 1436//2734 1428//2734 1434//2734
f 1435//2735 1437//2735 1438//2735
f 1435//2736 1438//2736 1434//2736
f 1434//2737 1438//2737 1436//2737
f 1437//2738 1439//2738 1438//2738
f 1439//2739 1440//2739 1644//2739
f 1439//2740 1644//2740 1438//2740
f 1435//2741 1247//2741 1437//2741
f 1247//2742 1441//2742 1437//2742
f 1442//2743 1437//2743 1443//2743
f 1443//2744 1437//2744 1441//2744
f 1443//2745 1441//2745 1444//2745
f 1444//2746 1441//2746 1445//2746
f 1437//2747 1442//2747 1439//2747
f 1439//2748 1442//2748 1642//2748
f 1440//2749 1446//2749 1653//2749
f 1446//2750 1440//2750 1439//2750
f 1447//2751 1446//2751 1439//2751
f 1243//2752 1452//2752 1446//2752
f 1447//2753 1243//2753 1446//2753
f 1245//2754 1449//2754 1243//2754
f 1245//2755 1244//2755 1454//2755
f 1244//2756 1158//2756 1450//2756
f 1625//2757 1244//2757 1450//2757
f 1625//2758 1454//2758 1244//2758
f 1245//2759 1451//2759 1449//2759
f 1452//2760 1449//2760 1451//2760
f 1452//2761 1451//2761 1453//2761
f 1454//2762 1451//2762 1245//2762
f 1455//2763 1450//2763 1158//2763
f 1456//2764 1455//2764 1158//2764
f 1159//2765 1108//2765 1109//2765
f 1159//2766 1109//2766 1457//2766
f 1457//2767 1109//2767 1098//2767
f 1098//2768 1111//2768 1457//2768
f 1458//2769 1457//2769 1459//2769
f 1459//2770 1457//2770 1111//2770
f 1459//2771 1460//2771 1458//2771
f 1159//2772 1457//2772 1461//2772
f 1623//2773 1107//2773 1108//2773
f 1623//2774 1108//2774 1461//2774
f 1461//2775 1108//2775 1159//2775
f 1460//2776 1462//2776 1458//2776
f 1458//2777 1462//2777 1457//2777
f 1461//2778 1457//2778 1462//2778
f 1464//2779 1460//2779 1459//2779
f 1160//2780 1459//2780 1111//2780
f 1111//2781 1110//2781 1160//2781
f 1459//2782 1160//2782 1464//2782
f 1464//2783 1465//2783 1460//2783
f 1460//2784 1465//2784 1463//2784
f 1466//2785 1461//2785 1462//2785
f 1466//2786 1467//2786 1461//2786
f 1461//2787 1467//2787 1623//2787
f 1105//2788 1107//2788 1468//2788
f 1105//2789 1468//2789 1104//2789
f 1468//2790 1107//2790 1623//2790
f 1467//2791 1466//2791 1629//2791
f 1466//2792 1472//2792 1469//2792
f 1462//2793 1460//2793 1463//2793
f 1463//2794 1472//2794 1462//2794
f 1472//2795 1463//2795 1471//2795
f 1471//2796 1463//2796 1470//2796
f 1472//2797 1466//2797 1462//2797
f 1473//2798 1472//2798 1471//2798
f 1473//2799 1469//2799 1472//2799
f 1465//2800 1475//2800 1463//2800
f 1464//2801 1160//2801 1465//2801
f 1475//2802 1161//2802 1163//2802
f 1465//2803 1160//2803 1475//2803
f 1475//2804 1470//2804 1463//2804
f 1471//2805 1470//2805 1474//2805
f 1474//2806 1470//2806 1163//2806
f 1476//2807 1474//2807 1163//2807
f 1477//2808 1476//2808 1163//2808
f 1162//2809 1477//2809 1163//2809
f 1162//2810 1113//2810 1477//2810
f 1164//2811 1166//2811 1477//2811
f 1476//2812 1478//2812 1474//2812
f 1471//2813 1479//2813 1473//2813
f 1473//2814 1479//2814 1469//2814
f 1486//2815 1471//2815 1474//2815
f 1474//2816 1478//2816 1486//2816
f 1480//2817 1469//2817 1479//2817
f 1480//2818 1481//2818 1469//2818
f 1466//2819 1469//2819 1481//2819
f 1482//2820 1466//2820 1481//2820
f 1485//2822 1479//2822 1471//2822
f 1166//2839 1478//2839 1476//2839
f 1477//2840 1166//2840 1476//2840
f 1036//2841 1029//2841 949//2841
f 1030//2842 1036//2842 949//2842
f 1185//2843 1200//2843 1192//2843
f 1185//2844 1192//2844 1188//2844
f 1203//2845 1272//2845 1201//2845
f 1498//2863 813//2863 1281//2863
f 813//2864 1498//2864 1499//2864
f 1282//2865 1498//2865 1281//2865
f 1282//2866 1500//2866 1498//2866
f 1498//2867 1500//2867 1501//2867
f 1282//2868 1502//2868 1500//2868
f 1501//2869 1500//2869 1503//2869
f 1498//2870 1501//2870 1499//2870
f 1505//2871 1504//2871 1503//2871
f 1504//2872 1505//2872 1506//2872
f 1507//2873 1506//2873 1505//2873
f 1502//2874 1515//2874 1500//2874
f 1283//2875 800//2875 1509//2875
f 1284//2876 1509//2876 800//2876
f 1509//2877 1284//2877 1508//2877
f 1508//2878 1284//2878 803//2878
f 1511//2879 1512//2879 1510//2879
f 1508//2880 1286//2880 1512//2880
f 1512//2881 1286//2881 1510//2881
f 1512//2882 1509//2882 1508//2882
f 1509//2883 1512//2883 1283//2883
f 1516//2884 1512//2884 1511//2884
f 1517//2885 1516//2885 1511//2885
f 1512//2886 1513//2886 1283//2886
f 1513//2887 1515//2887 1283//2887
f 800//2888 1283//2888 1514//2888
f 1283//2889 1515//2889 1514//2889
f 1502//2890 1514//2890 1515//2890
f 1513//2891 1512//2891 1516//2891
f 1500//2892 1515//2892 1513//2892
f 1513//2893 1516//2893 1505//2893
f 1513//2894 1505//2894 1500//2894
f 1500//2895 1505//2895 1503//2895
f 1517//2896 1507//2896 1516//2896
f 1517//2897 1518//2897 1507//2897
f 1503//2908 1504//2908 1501//2908
f 1501//2909 1497//2909 1499//2909
f 1717//2911 1504//2911 1506//2911
f 1507//2912 1524//2912 1506//2912
f 1717//2913 1506//2913 1525//2913
f 1524//2914 1507//2914 1526//2914
f 1507//2915 1505//2915 1516//2915
f 1524//2916 1525//2916 1506//2916
f 1526//2917 1507//2917 1518//2917
f 1296//2918 644//2918 1295//2918
f 644//2919 640//2919 1297//2919
f 644//2920 1297//2920 1295//2920
f 1528//2922 1303//2922 1305//2922
f 1527//2923 1305//2923 1301//2923
f 1303//2924 1528//2924 1529//2924
f 1303//2925 1529//2925 1304//2925
f 969//2926 1304//2926 1373//2926
f 1529//2927 1373//2927 1304//2927
f 1371//2928 1528//2928 1530//2928
f 1530//2929 1528//2929 1305//2929
f 1528//2930 1371//2930 1529//2930
f 1527//2931 1530//2931 1305//2931
f 1531//2932 1527//2932 1301//2932
f 1826//2933 1532//2933 1300//2933
f 1300//2934 1532//2934 1531//2934
f 1534//2935 1531//2935 1532//2935
f 1533//2936 1531//2936 1534//2936
f 1535//2937 1534//2937 1532//2937
f 1535//2938 1532//2938 1826//2938
f 1531//2940 1533//2940 1527//2940
f 1537//2941 1530//2941 1527//2941
f 1530//2942 1537//2942 1829//2942
f 1373//2943 1374//2943 969//2943
f 1541//2947 1377//2947 1380//2947
f 1381//2948 1546//2948 1380//2948
f 1542//2949 1381//2949 1543//2949
f 1543//2950 1545//2950 1542//2950
f 1545//2951 1543//2951 1943//2951
f 1544//2952 1943//2952 1396//2952
f 1564//2953 1943//2953 1544//2953
f 1943//2954 1564//2954 1545//2954
f 1542//2955 1546//2955 1381//2955
f 1547//2956 1380//2956 1546//2956
f 1380//2957 1547//2957 1548//2957
f 1548//2958 1541//2958 1380//2958
f 1551//2959 1548//2959 1550//2959
f 1550//2960 1548//2960 1549//2960
f 1549//2961 1548//2961 1547//2961
f 1551//2962 1541//2962 1548//2962
f 1541//2963 1551//2963 1540//2963
f 1550//2964 1540//2964 1551//2964
f 1553//2965 1550//2965 1552//2965
f 1546//2966 1542//2966 1554//2966
f 1546//2967 1555//2967 1547//2967
f 1557//2968 1555//2968 1546//2968
f 1546//2969 1556//2969 1557//2969
f 1556//2970 1546//2970 1554//2970
f 1555//2971 1558//2971 1547//2971
f 1547//2972 1558//2972 1549//2972
f 1549//2973 1559//2973 1550//2973
f 1560//2974 1555//2974 1557//2974
f 1561//2975 1562//2975 1558//2975
f 1561//2976 1558//2976 1555//2976
f 1558//2977 1562//2977 1563//2977
f 1558//2978 1563//2978 1549//2978
f 1561//2979 1555//2979 2139//2979
f 1556//2980 1564//2980 1565//2980
f 1556//2981 1565//2981 1566//2981
f 1556//2982 1566//2982 1557//2982
f 1560//2983 1557//2983 1566//2983
f 1565//2984 1568//2984 1566//2984
f 1555//2985 1567//2985 2139//2985
f 1567//2986 1555//2986 1560//2986
f 1560//2987 1566//2987 2132//2987
f 1565//2988 1570//2988 1569//2988
f 1564//2989 1570//2989 1565//2989
f 1568//2990 1565//2990 1569//2990
f 2131//2991 1569//2991 1835//2991
f 1545//2992 1564//2992 1556//2992
f 1564//2993 1571//2993 1570//2993
f 1570//2994 1835//2994 1569//2994
f 1835//2995 2134//2995 2131//2995
f 1835//2996 1572//2996 2137//2996
f 1835//2997 1570//2997 1571//2997
f 1554//2998 1542//2998 1545//2998
f 1545//2999 1556//2999 1554//2999
f 1160//3000 1112//3000 1161//3000
f 1610//3059 1589//3059 1609//3059
f 1608//3060 1611//3060 1612//3060
f 1609//3061 1608//3061 1612//3061
f 1612//3064 1611//3064 1614//3064
f 1615//3065 1614//3065 1611//3065
f 1615//3066 1611//3066 1613//3066
f 1613//3067 1616//3067 1615//3067
f 1613//3069 1617//3069 1616//3069
f 1618//3070 1614//3070 1615//3070
f 1618//3071 1619//3071 1614//3071
f 1619//3072 1620//3072 1614//3072
f 1612//3073 1614//3073 1620//3073
f 1618//3074 1615//3074 1616//3074
f 1618//3075 1828//3075 1619//3075
f 1612//3076 1920//3076 1609//3076
f 1134//3077 1828//3077 1618//3077
f 1134//3078 1618//3078 1622//3078
f 1134//3079 1179//3079 1370//3079
f 1370//3080 1371//3080 1530//3080
f 1158//3081 1104//3081 1456//3081
f 1456//3082 1104//3082 1468//3082
f 1468//3083 1623//3083 1624//3083
f 1456//3084 1468//3084 1624//3084
f 1455//3085 1456//3085 1625//3085
f 1625//3086 1450//3086 1455//3086
f 1456//3087 1624//3087 1625//3087
f 1625//3088 1624//3088 1626//3088
f 1626//3089 1454//3089 1625//3089
f 1454//3090 1626//3090 1451//3090
f 1451//3091 1626//3091 1627//3091
f 1627//3092 1626//3092 1624//3092
f 1624//3093 1629//3093 1627//3093
f 1624//3094 1623//3094 1467//3094
f 1467//3095 1629//3095 1624//3095
f 1627//3096 1629//3096 1630//3096
f 1627//3097 1630//3097 1628//3097
f 1453//3098 1451//3098 1627//3098
f 1627//3099 1628//3099 1453//3099
f 1633//3100 1628//3100 1630//3100
f 1453//3101 1628//3101 1631//3101
f 1449//3102 1452//3102 1243//3102
f 1632//3103 1452//3103 1453//3103
f 1632//3104 1453//3104 1631//3104
f 1637//3105 1631//3105 1628//3105
f 1628//3106 1633//3106 1637//3106
f 1634//3107 1633//3107 1630//3107
f 1629//3108 1634//3108 1630//3108
f 1482//3109 1629//3109 1466//3109
f 1629//3110 1482//3110 1634//3110
f 1633//3111 1634//3111 1636//3111
f 1635//3119 1634//3119 1482//3119
f 2157//3121 1635//3121 1482//3121
f 2157//3122 1482//3122 1481//3122
f 1433//3123 1432//3123 1240//3123
f 1241//3124 1433//3124 1240//3124
f 1433//3125 1241//3125 1247//3125
f 1247//3126 1246//3126 1445//3126
f 1246//3127 1642//3127 1445//3127
f 1433//3128 1247//3128 1435//3128
f 1448//3129 1447//3129 1439//3129
f 1448//3130 1439//3130 1642//3130
f 1445//3131 1642//3131 1643//3131
f 1445//3132 1643//3132 1444//3132
f 1644//3133 1642//3133 1442//3133
f 1647//3134 1444//3134 1643//3134
f 1444//3135 1645//3135 1443//3135
f 1644//3138 1643//3138 1642//3138
f 1649//3142 1643//3142 1648//3142
f 1648//3143 1643//3143 1443//3143
f 1652//3144 1643//3144 1440//3144
f 1440//3145 1643//3145 1644//3145
f 1443//3146 1644//3146 1442//3146
f 1443//3147 1643//3147 1652//3147
f 1443//3148 1652//3148 1644//3148
f 1653//3149 1446//3149 1632//3149
f 1632//3150 1446//3150 1452//3150
f 1632//3151 1631//3151 1653//3151
f 1655//3152 1653//3152 1631//3152
f 1657//3153 1631//3153 1637//3153
f 1631//3154 1657//3154 1655//3154
f 1654//3155 1653//3155 1655//3155
f 1653//3156 1654//3156 1440//3156
f 1655//3195 1657//3195 1676//3195
f 1676//3196 1654//3196 1655//3196
f 1440//3198 1654//3198 1679//3198
f 1440//3201 1656//3201 1646//3201
f 1440//3202 1646//3202 1649//3202
f 1440//3203 1649//3203 1648//3203
f 1648//3204 1652//3204 1440//3204
f 1438//3205 1644//3205 1652//3205
f 1648//3206 1646//3206 1652//3206
f 1646//3207 1648//3207 1443//3207
f 1646//3230 1680//3230 1652//3230
f 1652//3231 1680//3231 1438//3231
f 1436//3232 1438//3232 1688//3232
f 1688//3233 1689//3233 1436//3233
f 1161//3282 1475//3282 1160//3282
f 974//3291 1841//3291 1718//3291
f 1374//3292 1379//3292 1719//3292
f 1374//3293 1538//3293 969//3293
f 1719//3294 1538//3294 1374//3294
f 1539//3295 1719//3295 1379//3295
f 1540//3296 1550//3296 1720//3296
f 1550//3297 1553//3297 1720//3297
f 1552//3298 1723//3298 1553//3298
f 1559//3301 1549//3301 1563//3301
f 1563//3302 1721//3302 1559//3302
f 1721//3303 1722//3303 1559//3303
f 1550//3304 1559//3304 1552//3304
f 1724//3305 1723//3305 1552//3305
f 1721//3306 1563//3306 1562//3306
f 1562//3307 1561//3307 1725//3307
f 1722//3308 1552//3308 1559//3308
f 1724//3309 1552//3309 1722//3309
f 1724//3310 1722//3310 1865//3310
f 1723//3311 1726//3311 1553//3311
f 1729//3312 1553//3312 1726//3312
f 1730//3316 1726//3316 1723//3316
f 1731//3317 1726//3317 1732//3317
f 1732//3318 1726//3318 1730//3318
f 1732//3319 1733//3319 1731//3319
f 1842//3320 1729//3320 1726//3320
f 1842//3321 1726//3321 1731//3321
f 1736//3325 1538//3325 1719//3325
f 1538//3326 1736//3326 974//3326
f 1177//3327 1738//3327 1135//3327
f 1040//3328 1135//3328 1737//3328
f 1738//3329 1177//3329 1178//3329
f 1738//3330 1178//3330 1739//3330
f 1751//3331 1739//3331 1616//3331
f 1739//3332 1178//3332 1622//3332
f 1622//3333 1618//3333 1616//3333
f 1622//3334 1616//3334 1739//3334
f 1751//3352 1752//3352 1739//3352
f 1621//3353 1751//3353 1616//3353
f 1753//3354 1738//3354 1739//3354
f 1737//3355 1135//3355 1753//3355
f 1753//3356 1135//3356 1738//3356
f 1739//3357 1752//3357 1753//3357
f 1755//3358 1753//3358 1752//3358
f 1737//3359 1754//3359 1040//3359
f 1040//3360 1754//3360 1038//3360
f 1754//3361 1737//3361 1753//3361
f 1755//3362 1752//3362 1756//3362
f 1753//3363 1755//3363 1130//3363
f 1753//3364 1130//3364 1754//3364
f 1038//3365 1754//3365 1039//3365
f 1130//3366 1039//3366 1754//3366
f 1756//3367 1752//3367 1883//3367
f 1752//3368 1751//3368 1750//3368
f 1818//3494 1819//3494 1561//3494
f 1561//3495 1819//3495 1725//3495
f 1561//3496 2139//3496 1818//3496
f 1823//3499 1824//3499 1299//3499
f 1299//3502 1536//3502 1535//3502
f 1535//3503 1826//3503 1294//3503
f 1294//3504 1826//3504 1298//3504
f 1298//3505 1826//3505 1292//3505
f 1163//3506 1470//3506 1475//3506
f 1163//3507 1161//3507 1162//3507
f 1828//3511 1134//3511 1370//3511
f 1828//3512 1370//3512 1530//3512
f 1828//3513 1530//3513 1829//3513
f 1828//3514 1829//3514 1619//3514
f 1620//3515 1920//3515 1612//3515
f 1399//3519 1835//3519 1398//3519
f 1396//3520 1943//3520 1394//3520
f 1832//3521 1544//3521 1396//3521
f 1396//3522 1398//3522 1832//3522
f 1835//3523 1399//3523 1831//3523
f 1835//3524 1831//3524 1834//3524
f 1835//3526 1832//3526 1398//3526
f 1835//3527 1571//3527 1832//3527
f 1571//3528 1564//3528 1544//3528
f 1571//3529 1544//3529 1832//3529
f 1835//3530 1834//3530 1572//3530
f 1836//3531 1831//3531 2138//3531
f 1367//3532 1372//3532 1369//3532
f 1841//3533 1837//3533 1718//3533
f 1837//3534 1838//3534 957//3534
f 1838//3535 1839//3535 957//3535
f 1839//3538 1308//3538 957//3538
f 1736//3540 1841//3540 974//3540
f 1837//3541 1913//3541 1838//3541
f 1862//3544 1842//3544 1731//3544
f 1734//3545 1733//3545 1732//3545
f 1731//3546 1733//3546 1862//3546
f 1724//3547 1732//3547 1730//3547
f 1724//3548 1730//3548 1723//3548
f 1883//3549 1752//3549 1750//3549
f 1176//3550 1130//3550 1755//3550
f 1755//3551 1756//3551 1847//3551
f 1847//3552 1756//3552 1843//3552
f 1845//3553 1843//3553 1844//3553
f 1845//3554 1844//3554 1846//3554
f 1843//3555 1845//3555 1847//3555
f 1848//3556 1850//3556 1849//3556
f 1849//3557 1850//3557 1846//3557
f 1849//3558 1846//3558 1844//3558
f 1850//3559 1848//3559 1121//3559
f 1850//3560 1174//3560 1851//3560
f 1174//3561 1128//3561 1852//3561
f 1174//3562 1852//3562 1851//3562
f 1176//3563 1129//3563 1130//3563
f 1755//3564 1847//3564 1176//3564
f 1847//3565 1845//3565 1846//3565
f 1847//3566 1846//3566 1852//3566
f 1852//3567 1176//3567 1847//3567
f 1851//3568 1846//3568 1850//3568
f 1846//3569 1851//3569 1852//3569
f 1441//3570 1247//3570 1445//3570
f 1448//3571 1642//3571 1246//3571
f 1734//3589 1864//3589 2743//3589
f 2742//3590 2743//3590 1864//3590
f 1864//3591 1734//3591 1863//3591
f 1732//3592 1863//3592 1734//3592
f 1732//3593 1724//3593 1865//3593
f 1874//3594 1863//3594 1732//3594
f 1866//3595 1732//3595 1865//3595
f 1865//3596 1867//3596 2142//3596
f 1865//3597 2141//3597 1868//3597
f 1868//3598 1869//3598 1870//3598
f 1866//3599 1865//3599 1868//3599
f 1866//3600 1868//3600 1870//3600
f 1869//3601 1871//3601 1870//3601
f 1872//3602 1866//3602 1870//3602
f 1866//3603 1874//3603 1732//3603
f 1873//3604 1866//3604 1872//3604
f 1872//3605 1870//3605 1871//3605
f 1873//3606 1874//3606 1866//3606
f 1874//3607 1873//3607 1875//3607
f 1874//3608 1875//3608 1863//3608
f 1873//3609 1872//3609 1876//3609
f 1871//3610 1876//3610 1872//3610
f 1876//3611 1871//3611 1869//3611
f 1876//3612 2587//3612 2588//3612
f 2587//3613 1876//3613 1877//3613
f 2587//3614 1877//3614 1878//3614
f 2587//3615 1878//3615 1880//3615
f 1881//3616 1878//3616 1877//3616
f 1878//3617 1881//3617 1879//3617
f 2505//3618 1879//3618 1881//3618
f 2505//3619 1881//3619 1213//3619
f 1174//3620 1850//3620 1121//3620
f 1848//3621 1120//3621 1121//3621
f 1844//3623 1843//3623 1891//3623
f 1891//3651 1883//3651 1890//3651
f 1883//3652 1889//3652 1890//3652
f 1883//3653 1891//3653 1756//3653
f 1756//3654 1891//3654 1843//3654
f 1888//3655 1844//3655 1891//3655
f 1891//3656 1890//3656 1888//3656
f 1849//3671 1903//3671 1848//3671
f 1848//3672 1903//3672 1120//3672
f 1120//3682 1903//3682 1912//3682
f 1841//3685 1736//3685 1913//3685
f 1539//3686 1913//3686 1719//3686
f 1913//3687 1539//3687 1735//3687
f 1736//3688 1719//3688 1913//3688
f 1913//3689 1837//3689 1841//3689
f 1913//3690 1735//3690 1838//3690
f 1620//3693 1619//3693 1920//3693
f 1920//3694 1610//3694 1609//3694
f 1921//3695 1610//3695 1920//3695
f 1921//3696 1830//3696 1610//3696
f 1920//3700 1537//3700 1921//3700
f 1535//3701 1921//3701 1928//3701
f 1534//3711 1535//3711 1533//3711
f 1927//3712 1533//3712 1535//3712
f 1927//3713 1535//3713 1928//3713
f 1927//3714 1527//3714 1533//3714
f 1927//3715 1537//3715 1527//3715
f 1927//3716 1928//3716 1537//3716
f 1829//3717 1537//3717 1619//3717
f 1619//3718 1537//3718 1920//3718
f 1537//3719 1928//3719 1921//3719
f 1943//3734 1382//3734 1383//3734
f 1382//3735 1943//3735 1543//3735
f 1394//3736 1943//3736 1384//3736
f 1907//3787 1931//3787 1930//3787
f 1932//3791 1973//3791 1930//3791
f 1995//3793 1973//3793 1932//3793
f 1170//3808 1119//3808 1172//3808
f 1984//3835 1979//3835 1916//3835
f 1979//3836 1995//3836 1916//3836
f 1995//3837 1979//3837 1172//3837
f 1172//3838 1912//3838 1995//3838
f 1912//3840 1172//3840 1119//3840
f 1912//3841 1119//3841 1120//3841
f 1824//3919 1536//3919 1299//3919
f 1567//4099 1560//4099 2132//4099
f 2131//4100 1568//4100 1569//4100
f 2132//4101 1566//4101 1568//4101
f 1568//4102 2131//4102 2133//4102
f 1568//4103 2133//4103 2136//4103
f 2134//4104 2133//4104 2131//4104
f 2134//4105 1835//4105 2137//4105
f 2133//4106 2134//4106 2135//4106
f 2133//4107 2135//4107 2136//4107
f 2135//4108 1817//4108 2136//4108
f 2136//4109 1817//4109 1816//4109
f 1836//4110 1834//4110 1831//4110
f 2140//4111 1567//4111 2132//4111
f 1567//4112 2140//4112 2139//4112
f 2167//4113 2140//4113 2132//4113
f 2132//4114 1568//4114 2167//4114
f 2142//4115 2141//4115 1865//4115
f 1717//4146 1501//4146 1504//4146
f 1721//4166 1725//4166 2166//4166
f 2166//4167 1725//4167 2143//4167
f 1562//4168 1725//4168 1721//4168
f 1865//4169 1722//4169 1867//4169
f 1867//4170 2143//4170 2165//4170
f 2166//4171 2143//4171 1867//4171
f 1867//4172 2165//4172 2142//4172
f 1722//4173 1721//4173 2166//4173
f 1722//4174 2166//4174 1867//4174
f 1818//4176 2139//4176 1820//4176
f 2139//4177 2140//4177 1820//4177
f 1820//4178 2140//4178 2167//4178
f 2136//4179 2167//4179 1568//4179
f 2167//4180 2136//4180 1816//4180
f 2380//4602 2374//4602 2379//4602
f 2374//4603 2380//4603 2381//4603
f 2374//4604 2381//4604 2372//4604
f 2384//4605 2372//4605 2381//4605
f 2381//4606 2380//4606 2382//4606
f 2383//4607 2381//4607 2382//4607
f 2384//4608 2381//4608 2383//4608
f 2383//4609 2382//4609 2388//4609
f 2386//4610 2383//4610 2388//4610
f 2383//4611 2386//4611 2385//4611
f 2501//4612 2386//4612 2388//4612
f 2388//4613 2382//4613 2380//4613
f 2387//4616 2228//4616 2385//4616
f 2385//4617 2228//4617 2227//4617
f 2231//4618 2385//4618 2227//4618
f 2385//4619 2231//4619 2391//4619
f 2391//4620 2231//4620 2454//4620
f 1214//4702 1882//4702 2431//4702
f 2454//4745 2460//4745 2391//4745
f 2385//4746 2391//4746 2457//4746
f 2385//4747 2457//4747 2383//4747
f 2372//4748 2384//4748 2371//4748
f 2457//4749 2391//4749 2456//4749
f 2391//4750 2455//4750 2456//4750
f 2458//4751 2456//4751 2455//4751
f 2459//4752 2455//4752 2391//4752
f 2460//4753 2459//4753 2391//4753
f 2460//4754 2461//4754 2459//4754
f 2455//4757 2459//4757 2531//4757
f 2455//4758 2531//4758 2458//4758
f 2531//4759 2532//4759 2458//4759
f 2456//4760 2463//4760 2457//4760
f 2383//4761 2457//4761 2384//4761
f 2384//4762 2457//4762 2371//4762
f 2481//4763 2371//4763 2457//4763
f 2463//4764 2465//4764 2457//4764
f 2457//4766 2464//4766 2481//4766
f 2463//4770 2456//4770 2469//4770
f 2463//4771 2469//4771 2468//4771
f 2468//4775 2469//4775 2471//4775
f 2471//4776 2469//4776 2472//4776
f 2481//4803 2453//4803 2371//4803
f 2489//4810 1877//4810 1876//4810
f 2489//4811 1876//4811 1869//4811
f 2489//4812 1881//4812 1877//4812
f 2493//4825 2496//4825 2491//4825
f 2493//4826 2494//4826 2496//4826
f 2388//4834 2380//4834 2499//4834
f 2499//4843 2501//4843 2388//4843
f 2386//4852 2501//4852 2504//4852
f 2504//4853 2501//4853 2502//4853
f 2387//4854 2386//4854 2504//4854
f 2386//4857 2387//4857 2385//4857
f 1213//4858 1214//4858 2431//4858
f 2505//4859 1213//4859 2431//4859
f 2505//4860 2431//4860 2506//4860
f 2505//4861 2507//4861 1879//4861
f 2506//4862 2507//4862 2505//4862
f 2507//4863 2508//4863 1879//4863
f 2508//4864 2507//4864 2584//4864
f 2507//4865 2581//4865 2584//4865
f 2509//4866 1878//4866 1879//4866
f 2509//4867 1880//4867 1878//4867
f 2459//4923 2461//4923 2525//4923
f 2531//4925 2459//4925 2525//4925
f 2532//4926 2531//4926 2525//4926
f 2533//4927 2532//4927 2525//4927
f 2533//4928 2542//4928 2532//4928
f 2458//4929 2535//4929 2456//4929
f 2535//4930 2532//4930 2534//4930
f 2534//4931 2536//4931 2535//4931
f 2532//4932 2535//4932 2458//4932
f 2535//4933 2536//4933 2537//4933
f 2535//4934 2469//4934 2456//4934
f 2469//4935 2535//4935 2688//4935
f 2534//4936 2539//4936 2536//4936
f 2537//4937 2540//4937 2538//4937
f 2540//4938 2537//4938 2539//4938
f 2539//4939 2537//4939 2536//4939
f 2539//4940 2541//4940 2540//4940
f 2539//4941 2730//4941 2541//4941
f 2539//4942 2534//4942 2730//4942
f 2534//4943 2542//4943 2730//4943
f 2532//4944 2542//4944 2534//4944
f 2543//4945 2542//4945 2533//4945
f 2533//4946 2525//4946 2504//4946
f 1882//5010 2580//5010 2431//5010
f 2431//5011 2581//5011 2506//5011
f 2581//5012 2583//5012 2584//5012
f 2509//5013 1879//5013 2586//5013
f 2586//5014 1879//5014 2508//5014
f 2585//5015 2508//5015 2584//5015
f 2582//5016 2584//5016 2583//5016
f 2586//5017 2508//5017 2585//5017
f 2585//5018 2584//5018 2582//5018
f 2588//5019 1873//5019 1876//5019
f 1873//5020 2589//5020 1875//5020
f 1863//5021 1875//5021 2589//5021
f 2587//5022 1880//5022 2588//5022
f 2589//5023 2590//5023 1863//5023
f 1863//5024 2590//5024 2591//5024
f 1863//5025 2591//5025 1864//5025
f 2742//5026 1864//5026 2591//5026
f 2592//5027 2591//5027 2590//5027
f 2593//5028 2592//5028 2590//5028
f 2594//5029 2742//5029 2591//5029
f 2594//5030 2591//5030 2592//5030
f 2595//5031 2594//5031 2592//5031
f 2595//5032 2592//5032 2593//5032
f 2581//5198 2431//5198 2580//5198
f 2506//5199 2581//5199 2507//5199
f 2684//5200 2583//5200 2581//5200
f 2683//5201 2583//5201 2684//5201
f 2684//5202 2581//5202 2580//5202
f 2684//5203 2685//5203 2683//5203
f 2685//5204 2684//5204 2686//5204
f 2686//5205 2684//5205 2580//5205
f 2476//5208 2472//5208 2688//5208
f 2476//5209 2688//5209 2689//5209
f 2476//5210 2689//5210 2690//5210
f 2691//5211 2476//5211 2690//5211
f 2537//5212 2689//5212 2688//5212
f 2688//5213 2535//5213 2537//5213
f 2538//5214 2689//5214 2537//5214
f 2538//5215 2692//5215 2689//5215
f 2689//5216 2692//5216 2690//5216
f 2690//5217 2692//5217 2691//5217
f 2733//5218 2691//5218 2692//5218
f 1572//5222 1834//5222 1836//5222
f 2494//5223 2493//5223 2693//5223
f 2693//5224 2696//5224 2494//5224
f 2472//5233 2469//5233 2688//5233
f 2699//5234 2698//5234 2494//5234
f 2697//5237 2699//5237 2494//5237
f 2697//5238 2494//5238 2696//5238
f 2722//5301 2724//5301 2565//5301
f 2723//5302 2725//5302 2704//5302
f 2722//5303 2704//5303 2724//5303
f 2724//5304 2704//5304 2725//5304
f 2725//5305 2723//5305 2700//5305
f 2731//5312 2552//5312 2728//5312
f 2727//5314 2565//5314 2724//5314
f 2726//5315 2727//5315 2724//5315
f 2724//5316 2725//5316 2726//5316
f 2729//5317 2730//5317 2542//5317
f 2542//5318 2731//5318 2729//5318
f 2542//5319 2543//5319 2731//5319
f 2731//5320 2728//5320 2729//5320
