# Blender 5.2.1 LTS
# www.blender.org
mtllib bonkling_arm_r.mtl
o Bonkling.001
v -0.378590 -0.448155 0.234293
v -0.378269 -0.445316 0.234089
v -0.373638 -0.448363 0.237188
v -0.372389 -0.452439 0.230464
v -0.368811 -0.456186 0.236254
v -0.360598 -0.446835 0.231409
v -0.358382 -0.448200 0.238924
v -0.371090 -0.448178 0.229917
v -0.357266 -0.451790 0.241554
v -0.361721 -0.458167 0.226227
v -0.358336 -0.457102 0.224243
v -0.344260 -0.464647 0.218585
v -0.342957 -0.450178 0.225526
v -0.344052 -0.472407 0.240394
v -0.330130 -0.450130 0.225532
v -0.335922 -0.452266 0.242406
v -0.322771 -0.454867 0.244225
v -0.327034 -0.460004 0.247601
v -0.315798 -0.462102 0.250760
v -0.307530 -0.458766 0.250291
v -0.295746 -0.469162 0.254968
v -0.299135 -0.471918 0.266161
v -0.344646 -0.468638 0.219791
v -0.353175 -0.469471 0.233914
v -0.333046 -0.471463 0.213770
v -0.296653 -0.457235 0.239101
v -0.305776 -0.452514 0.222017
v -0.317678 -0.453385 0.220201
v -0.294769 -0.467467 0.279236
v -0.291919 -0.466558 0.304729
v -0.286074 -0.464067 0.305957
v -0.286770 -0.460199 0.297103
v -0.288136 -0.471015 0.313044
v -0.357768 -0.463846 0.238430
v -0.298524 -0.471177 0.208685
v -0.297101 -0.454735 0.228450
v -0.303504 -0.455294 0.216920
v -0.294125 -0.453793 0.218171
v -0.294732 -0.458266 0.213411
v -0.291275 -0.461930 0.191624
v -0.287292 -0.451622 0.197399
v -0.298493 -0.456252 0.235208
v -0.291798 -0.442985 0.241320
v -0.289624 -0.458832 0.242017
v -0.291831 -0.460662 0.249529
v -0.292425 -0.450058 0.242795
v -0.285439 -0.449990 0.245681
v -0.272825 -0.420902 0.219899
v -0.287376 -0.442727 0.247321
v -0.283479 -0.449245 0.262043
v -0.294387 -0.463493 0.264766
v -0.284720 -0.435835 0.248133
v -0.280257 -0.434949 0.252669
v -0.293842 -0.463979 0.253787
v -0.315330 -0.393304 0.150944
v -0.312705 -0.391705 0.150267
v -0.314008 -0.392387 0.152968
v -0.311652 -0.398389 0.154052
v -0.307730 -0.402785 0.148996
v -0.310735 -0.395742 0.148631
v -0.307332 -0.405050 0.156960
v -0.301200 -0.398158 0.147011
v -0.307173 -0.393807 0.154013
v -0.301609 -0.404302 0.145659
v -0.299180 -0.411661 0.145730
v -0.299139 -0.417671 0.160307
v -0.301545 -0.412318 0.161275
v -0.290645 -0.421419 0.142993
v -0.287839 -0.421179 0.140791
v -0.293455 -0.401244 0.146895
v -0.290989 -0.405313 0.143851
v -0.284211 -0.406268 0.144696
v -0.281403 -0.410466 0.141495
v -0.278657 -0.408741 0.166268
v -0.300197 -0.409178 0.162737
v -0.274761 -0.439316 0.138390
v -0.278509 -0.444024 0.158396
v -0.295147 -0.420778 0.166366
v -0.279022 -0.429420 0.231868
v -0.263486 -0.417250 0.244907
v -0.279802 -0.439822 0.203736
v -0.271963 -0.426525 0.255239
v -0.280524 -0.444765 0.248866
v -0.274856 -0.439647 0.252500
v -0.274877 -0.441360 0.265326
v -0.279775 -0.450398 0.279336
v -0.268396 -0.435839 0.254895
v -0.270616 -0.429736 0.256813
v -0.277702 -0.445890 0.271638
v -0.273462 -0.444902 0.272468
v -0.270301 -0.452664 0.282025
v -0.263982 -0.441031 0.272505
v -0.265948 -0.438996 0.283131
v -0.282408 -0.456464 0.291349
v -0.268253 -0.450465 0.281658
v -0.266535 -0.447589 0.277440
v -0.267802 -0.442981 0.282928
v -0.273109 -0.450851 0.295956
v -0.268312 -0.444688 0.292244
v -0.271832 -0.456382 0.287801
v -0.275199 -0.460929 0.296697
v -0.273569 -0.458577 0.292968
v -0.276512 -0.463138 0.302564
v -0.289270 -0.426426 0.170817
v -0.284228 -0.437897 0.172761
v -0.289601 -0.432081 0.167019
v -0.279752 -0.445336 0.166548
v -0.278989 -0.444595 0.177191
v -0.281394 -0.437556 0.175986
v -0.281411 -0.453636 0.162009
v -0.280914 -0.451557 0.158521
v -0.268331 -0.447447 0.139070
v -0.274883 -0.410880 0.143686
v -0.263329 -0.416746 0.141405
v -0.254908 -0.420118 0.156562
v -0.289255 -0.404986 0.164644
v -0.257413 -0.418492 0.166174
v -0.265743 -0.420791 0.177103
v -0.264545 -0.438990 0.182062
v -0.260454 -0.433051 0.182147
v -0.256569 -0.419465 0.183869
v -0.258124 -0.429102 0.200580
v -0.254939 -0.428803 0.184532
v -0.252157 -0.423278 0.199285
v -0.263938 -0.433367 0.197700
v -0.251203 -0.424125 0.186726
v -0.259991 -0.428310 0.211826
v -0.245198 -0.419453 0.190212
v -0.238709 -0.415930 0.193316
v -0.262646 -0.418318 0.175560
v -0.260768 -0.417595 0.173588
v -0.271210 -0.416162 0.139082
v -0.274790 -0.434604 0.136970
v -0.268526 -0.453346 0.136786
v -0.259296 -0.449885 0.133572
v -0.252719 -0.433590 0.132888
v -0.251609 -0.443194 0.131702
v -0.247761 -0.429784 0.110550
v -0.244164 -0.429643 0.099548
v -0.252104 -0.462345 0.115244
v -0.243032 -0.456339 0.089836
v -0.262298 -0.451664 0.135745
v -0.271503 -0.447004 0.144637
v -0.274211 -0.455385 0.178103
v -0.271407 -0.460634 0.169195
v -0.270775 -0.446153 0.182277
v -0.276497 -0.452607 0.168606
v -0.279237 -0.458758 0.163874
v -0.278635 -0.477357 0.156384
v -0.279451 -0.473492 0.152635
v -0.266010 -0.466352 0.133370
v -0.259078 -0.475505 0.129467
v -0.252697 -0.446442 0.126107
v -0.250799 -0.457803 0.123121
v -0.249717 -0.448126 0.130660
v -0.250056 -0.461142 0.128815
v -0.256562 -0.459208 0.135181
v -0.253746 -0.465272 0.134508
v -0.248512 -0.468072 0.120705
v -0.253187 -0.434234 0.125639
v -0.249867 -0.426947 0.125115
v -0.251147 -0.426566 0.134351
v -0.225728 -0.402343 0.149540
v -0.246092 -0.423665 0.139463
v -0.251612 -0.424342 0.136136
v -0.242309 -0.423184 0.103929
v -0.211698 -0.393356 0.129372
v -0.224254 -0.407103 0.115589
v -0.242015 -0.426130 0.145018
v -0.233252 -0.414463 0.150072
v -0.237123 -0.419805 0.147486
v -0.250457 -0.422290 0.151274
v -0.242162 -0.425450 0.150225
v -0.235576 -0.415853 0.155311
v -0.261653 -0.420408 0.137018
v -0.285958 -0.459191 0.190072
v -0.278339 -0.457007 0.193431
v -0.277415 -0.463857 0.190652
v -0.271858 -0.459898 0.179437
v -0.269093 -0.470687 0.167298
v -0.272080 -0.448017 0.183643
v -0.249673 -0.420723 0.217411
v -0.239581 -0.403134 0.229213
v -0.269564 -0.425344 0.212185
v -0.239946 -0.416828 0.220891
v -0.231030 -0.414437 0.223588
v -0.231612 -0.413329 0.196790
v -0.244248 -0.407352 0.183141
v -0.255750 -0.414920 0.182494
v -0.242293 -0.408827 0.189923
v -0.203788 -0.412682 0.228708
v -0.223427 -0.414337 0.224902
v -0.205944 -0.402802 0.234576
v -0.260717 -0.411226 0.223594
v -0.271071 -0.419994 0.218154
v -0.252906 -0.406594 0.226662
v -0.261146 -0.410083 0.229095
v -0.260298 -0.418776 0.257735
v -0.260078 -0.422293 0.260737
v -0.262003 -0.431945 0.256871
v -0.242791 -0.405903 0.247752
v -0.253619 -0.428942 0.259333
v -0.264720 -0.435625 0.263732
v -0.260057 -0.435066 0.265684
v -0.259954 -0.432715 0.270896
v -0.260707 -0.433758 0.278862
v -0.273604 -0.450594 0.305624
v -0.277080 -0.457281 0.306951
v -0.259141 -0.441597 0.300722
v -0.278778 -0.467494 0.306629
v -0.278626 -0.467491 0.311310
v -0.279308 -0.468629 0.326509
v -0.276297 -0.473133 0.332842
v -0.263153 -0.463686 0.336319
v -0.269622 -0.467223 0.332759
v -0.277596 -0.458130 0.315240
v -0.276012 -0.462457 0.324843
v -0.269199 -0.458067 0.323824
v -0.249002 -0.462325 0.341910
v -0.242744 -0.461273 0.345053
v -0.274157 -0.454754 0.315370
v -0.267161 -0.449871 0.311166
v -0.255136 -0.434428 0.292207
v -0.253805 -0.428072 0.267944
v -0.250992 -0.429320 0.287398
v -0.242402 -0.433564 0.293528
v -0.244014 -0.423394 0.278408
v -0.243975 -0.427054 0.286820
v -0.250471 -0.440683 0.301541
v -0.237244 -0.436566 0.301192
v -0.262321 -0.449791 0.317830
v -0.248074 -0.447580 0.321982
v -0.242389 -0.477075 0.348686
v -0.225275 -0.485858 0.357282
v -0.224748 -0.458960 0.349573
v -0.232452 -0.461703 0.348185
v -0.209900 -0.460596 0.350477
v -0.244636 -0.454662 0.332809
v -0.239116 -0.446077 0.321713
v -0.233648 -0.445779 0.325485
v -0.233221 -0.438531 0.306876
v -0.229941 -0.442130 0.312613
v -0.226941 -0.446616 0.327724
v -0.219346 -0.445635 0.331467
v -0.225478 -0.443192 0.317929
v -0.222863 -0.422966 0.322650
v -0.244024 -0.430906 0.290948
v -0.240454 -0.416897 0.292293
v -0.226488 -0.382556 0.316612
v -0.215257 -0.441231 0.321982
v -0.219741 -0.442204 0.321951
v -0.214615 -0.415563 0.326493
v -0.220861 -0.399209 0.325884
v -0.219985 -0.410527 0.327035
v -0.220178 -0.390481 0.328258
v -0.217157 -0.387747 0.330285
v -0.213674 -0.399564 0.327971
v -0.211826 -0.426502 0.323657
v -0.203618 -0.463041 0.350147
v -0.277610 -0.450795 0.196389
v -0.273306 -0.442826 0.201079
v -0.268562 -0.435532 0.206001
v -0.240018 -0.461132 0.083253
v -0.238858 -0.424838 0.098894
v -0.237957 -0.453469 0.087701
v -0.239241 -0.437473 0.092673
v -0.229599 -0.451401 0.089020
v -0.233008 -0.436039 0.092943
v -0.232621 -0.444125 0.089747
v -0.230871 -0.430403 0.096479
v -0.222365 -0.409296 0.111871
v -0.219618 -0.402536 0.158542
v -0.224230 -0.402709 0.154079
v -0.214918 -0.408107 0.160368
v -0.223687 -0.410418 0.156133
v -0.222226 -0.410575 0.159833
v -0.241249 -0.413631 0.157679
v -0.228657 -0.402345 0.194588
v -0.223627 -0.399234 0.191703
v -0.221921 -0.410700 0.200645
v -0.223026 -0.404337 0.199060
v -0.216526 -0.401505 0.170111
v -0.229931 -0.407821 0.161961
v -0.236252 -0.460815 0.081519
v -0.227443 -0.450284 0.087143
v -0.228484 -0.453903 0.078877
v -0.231506 -0.457808 0.083702
v -0.234699 -0.475516 0.076274
v -0.228610 -0.465267 0.080224
v -0.224357 -0.448477 0.080341
v -0.224380 -0.470952 0.078758
v -0.219295 -0.462804 0.064888
v -0.221408 -0.446524 0.072998
v -0.225433 -0.441149 0.074447
v -0.209727 -0.462985 0.058244
v -0.212091 -0.467134 0.066301
v -0.209119 -0.468371 0.054398
v -0.242139 -0.400384 0.236853
v -0.247439 -0.413220 0.262369
v -0.239383 -0.399698 0.234054
v -0.244945 -0.416221 0.265779
v -0.248884 -0.425207 0.261989
v -0.239728 -0.422268 0.265082
v -0.240318 -0.424236 0.281835
v -0.236273 -0.408679 0.294358
v -0.231518 -0.394857 0.304648
v -0.232481 -0.422835 0.276493
v -0.244183 -0.423107 0.263341
v -0.234546 -0.420335 0.265912
v -0.226168 -0.421662 0.272514
v -0.214426 -0.387095 0.296145
v -0.213042 -0.402349 0.280230
v -0.211484 -0.413250 0.268856
v -0.205337 -0.413911 0.269536
v -0.216016 -0.416163 0.268828
v -0.208498 -0.397391 0.285550
v -0.210475 -0.384663 0.298191
v -0.227824 -0.385719 0.310670
v -0.216650 -0.356669 0.332025
v -0.221069 -0.369603 0.320257
v -0.213563 -0.374395 0.308482
v -0.208047 -0.383484 0.301675
v -0.210285 -0.370374 0.314098
v -0.197083 -0.393844 0.315980
v -0.211857 -0.362035 0.321878
v -0.207484 -0.367582 0.324871
v -0.215117 -0.361126 0.322496
v -0.212594 -0.353925 0.330221
v -0.209078 -0.365996 0.329048
v -0.215678 -0.352287 0.332290
v -0.213534 -0.353643 0.333045
v -0.202631 -0.385421 0.323436
v -0.203815 -0.377314 0.323423
v -0.198635 -0.392158 0.319654
v -0.193660 -0.412371 0.314262
v -0.221687 -0.420771 0.267318
v -0.235420 -0.414887 0.266910
v -0.237422 -0.411205 0.264846
v -0.219228 -0.418606 0.269458
v -0.215443 -0.410186 0.266548
v -0.205695 -0.400054 0.285387
v -0.203196 -0.413766 0.267851
v -0.193602 -0.404467 0.309944
v -0.181982 -0.436184 0.294672
v -0.187186 -0.435376 0.281028
v -0.199136 -0.422363 0.269303
v -0.226320 -0.401120 0.248421
v -0.223792 -0.396989 0.240934
v -0.188061 -0.420882 0.269900
v -0.194148 -0.412473 0.265283
v -0.194383 -0.432104 0.267793
v -0.196488 -0.425976 0.267323
v -0.193383 -0.431325 0.265713
v -0.191173 -0.434346 0.266102
v -0.185858 -0.432758 0.267186
v -0.177448 -0.433396 0.268234
v -0.183834 -0.417982 0.267562
v -0.166141 -0.426757 0.266038
v -0.175327 -0.413603 0.241814
v -0.225001 -0.397275 0.237476
v -0.210869 -0.399343 0.238561
v -0.182487 -0.413310 0.233556
v -0.184768 -0.408081 0.237580
v -0.193261 -0.403254 0.241197
v -0.186269 -0.406383 0.241390
v -0.194213 -0.415313 0.229398
v -0.186380 -0.419043 0.229521
v -0.168266 -0.418406 0.236642
v -0.179002 -0.422303 0.229691
v -0.171487 -0.420644 0.214670
v -0.168754 -0.426803 0.230513
v -0.176652 -0.417413 0.213146
v -0.155304 -0.429354 0.233527
v -0.139294 -0.440663 0.255682
v -0.151461 -0.428106 0.241257
v -0.236345 -0.376463 -0.166844
v -0.237713 -0.375444 -0.175704
v -0.235790 -0.363678 -0.160852
v -0.233870 -0.372757 -0.159723
v -0.235262 -0.357066 -0.169512
v -0.234909 -0.363275 -0.184215
v -0.229817 -0.347428 -0.183152
v -0.227094 -0.338222 -0.156554
v -0.227640 -0.349561 -0.148235
v -0.228429 -0.358878 -0.148979
v -0.226972 -0.368647 -0.152512
v -0.224382 -0.387992 -0.164579
v -0.226288 -0.394704 -0.172598
v -0.233128 -0.372296 -0.189890
v -0.228983 -0.359517 -0.191473
v -0.220727 -0.317288 -0.175234
v -0.227059 -0.339148 -0.194021
v -0.226024 -0.355672 -0.200088
v -0.226702 -0.346441 -0.205169
v -0.220586 -0.326735 -0.208385
v -0.219357 -0.319430 -0.195785
v -0.216401 -0.332542 -0.225534
v -0.226122 -0.354447 -0.223257
v -0.221512 -0.315910 -0.197633
v -0.217458 -0.320993 -0.209631
v -0.220834 -0.315752 -0.212017
v -0.214116 -0.319476 -0.216259
v -0.217605 -0.313653 -0.212890
v -0.217676 -0.320115 -0.226704
v -0.213368 -0.323943 -0.222936
v -0.218404 -0.313464 -0.219131
v -0.223898 -0.313183 -0.174327
v -0.219042 -0.308667 -0.202501
v -0.216382 -0.301418 -0.190893
v -0.215538 -0.307038 -0.202813
v -0.213660 -0.302380 -0.195643
v -0.211515 -0.297207 -0.186776
v -0.215959 -0.305622 -0.207035
v -0.208827 -0.301535 -0.228077
v -0.212131 -0.295904 -0.191916
v -0.202059 -0.278011 -0.199887
v -0.198959 -0.279140 -0.212349
v -0.193738 -0.276622 -0.208714
v -0.194683 -0.280678 -0.215023
v -0.190728 -0.270341 -0.199844
v -0.196645 -0.270178 -0.199613
v -0.209267 -0.288793 -0.178451
v -0.190667 -0.263969 -0.200402
v -0.190904 -0.273958 -0.214196
v -0.189466 -0.261353 -0.189621
v -0.190799 -0.265306 -0.193546
v -0.193144 -0.262518 -0.189028
v -0.190605 -0.256939 -0.179321
v -0.188473 -0.258549 -0.185338
v -0.210607 -0.294541 -0.181303
v -0.212358 -0.291533 -0.172886
v -0.208352 -0.290987 -0.173888
v -0.212278 -0.292336 -0.147218
v -0.224456 -0.312397 -0.161445
v -0.208666 -0.285439 -0.159528
v -0.206454 -0.287402 -0.166783
v -0.203282 -0.280822 -0.148586
v -0.201627 -0.281986 -0.154376
v -0.203789 -0.284451 -0.158953
v -0.192094 -0.260802 -0.163557
v -0.206164 -0.283592 -0.166567
v -0.204232 -0.286773 -0.138989
v -0.222030 -0.311212 -0.144605
v -0.214799 -0.303661 -0.135238
v -0.219737 -0.316657 -0.161185
v -0.218178 -0.384894 -0.162198
v -0.235532 -0.378168 -0.183216
v -0.221106 -0.410357 -0.189745
v -0.226808 -0.392001 -0.192386
v -0.226994 -0.382908 -0.194327
v -0.225677 -0.360578 -0.195125
v -0.219779 -0.369497 -0.197966
v -0.226760 -0.363303 -0.218418
v -0.211752 -0.329251 -0.230099
v -0.217926 -0.353399 -0.237013
v -0.222266 -0.351451 -0.230599
v -0.221078 -0.364364 -0.236506
v -0.222804 -0.371577 -0.230465
v -0.211905 -0.331462 -0.239906
v -0.196085 -0.285567 -0.222933
v -0.187730 -0.254053 -0.185003
v -0.186169 -0.254271 -0.178788
v -0.202069 -0.278296 -0.155374
v -0.210756 -0.402191 0.168074
v -0.207109 -0.406811 0.162901
v -0.211784 -0.393870 0.155304
v -0.203101 -0.390780 0.132973
v -0.210317 -0.399510 0.162577
v -0.198295 -0.399018 0.164737
v -0.207675 -0.407043 0.164085
v -0.197519 -0.406959 0.165227
v -0.196967 -0.403139 0.173733
v -0.208426 -0.408915 0.204914
v -0.217063 -0.412762 0.226987
v -0.197163 -0.411131 0.220139
v -0.213288 -0.402768 0.201251
v -0.192844 -0.409980 0.209146
v -0.193445 -0.404510 0.204435
v -0.180176 -0.409940 0.211266
v -0.212557 -0.399451 0.194800
v -0.182526 -0.414522 0.212110
v -0.226120 -0.417579 0.104699
v -0.206882 -0.394443 0.123514
v -0.230101 -0.423247 0.100191
v -0.228552 -0.432373 0.084744
v -0.216445 -0.412713 0.109806
v -0.226016 -0.421028 0.091401
v -0.212607 -0.407308 0.114141
v -0.213531 -0.395836 0.159537
v -0.182381 -0.396209 0.165860
v -0.206339 -0.405333 0.117083
v -0.194094 -0.404755 0.120486
v -0.199988 -0.392220 0.127248
v -0.207486 -0.404508 0.101713
v -0.182228 -0.404738 0.123881
v -0.173257 -0.406369 0.125751
v -0.172164 -0.404433 0.117537
v -0.199116 -0.400647 0.093481
v -0.217334 -0.411404 0.091476
v -0.221870 -0.415613 0.087371
v -0.212619 -0.410828 0.101946
v -0.163386 -0.408769 0.127287
v -0.169907 -0.410091 0.124179
v -0.151359 -0.398904 0.136303
v -0.151203 -0.413708 0.128086
v -0.165723 -0.408894 0.113830
v -0.139669 -0.412324 0.132576
v -0.145564 -0.410666 0.106292
v -0.158391 -0.407620 0.114250
v -0.154661 -0.405124 0.097849
v -0.161573 -0.407450 0.102270
v -0.165412 -0.402112 0.102840
v -0.168079 -0.403335 0.109831
v -0.180144 -0.396641 0.082843
v -0.164224 -0.399410 0.088909
v -0.160139 -0.405114 0.088731
v -0.160921 -0.396891 0.072374
v -0.159101 -0.402946 0.081504
v -0.217418 -0.443676 0.062689
v -0.225249 -0.452740 0.071317
v -0.221547 -0.449647 0.064418
v -0.216359 -0.446274 0.051304
v -0.218544 -0.427963 0.057770
v -0.223480 -0.429174 0.072374
v -0.223117 -0.424151 0.079330
v -0.218611 -0.414273 0.074715
v -0.212618 -0.407795 0.066360
v -0.208835 -0.404803 0.064508
v -0.207191 -0.406642 0.084532
v -0.202901 -0.401308 0.084111
v -0.178941 -0.390673 0.058537
v -0.191027 -0.392878 0.054363
v -0.216334 -0.434345 0.051845
v -0.213031 -0.439818 0.050969
v -0.214700 -0.455899 0.051789
v -0.209709 -0.436614 0.041559
v -0.211622 -0.420601 0.037928
v -0.211783 -0.415336 0.048547
v -0.205414 -0.410874 0.028248
v -0.213117 -0.411285 0.057588
v -0.202496 -0.403265 0.068739
v -0.198987 -0.398095 0.073638
v -0.196741 -0.396387 0.060981
v -0.209627 -0.427966 0.031960
v -0.204529 -0.432050 0.026796
v -0.204648 -0.421213 0.014690
v -0.210984 -0.441213 0.035952
v -0.211045 -0.449581 0.038461
v -0.204469 -0.452012 0.032190
v -0.207662 -0.458941 0.049102
v -0.207069 -0.434499 0.034464
v -0.206526 -0.437577 0.022840
v -0.206735 -0.444412 0.024292
v -0.202460 -0.435345 0.007965
v -0.198461 -0.438657 -0.001596
v -0.201465 -0.429092 0.017317
v -0.208135 -0.417667 0.026892
v -0.198542 -0.426309 0.007781
v -0.197082 -0.429177 -0.008222
v -0.234476 -0.366926 -0.125433
v -0.232662 -0.359544 -0.132341
v -0.232242 -0.370623 -0.131756
v -0.227676 -0.355352 -0.140483
v -0.232656 -0.352832 -0.122021
v -0.232491 -0.365933 -0.117821
v -0.225804 -0.360252 -0.104564
v -0.227753 -0.344346 -0.117695
v -0.226168 -0.381672 -0.115651
v -0.224751 -0.390594 -0.128966
v -0.226193 -0.381323 -0.133302
v -0.227196 -0.362906 -0.143328
v -0.224476 -0.368502 -0.143359
v -0.215671 -0.375803 -0.146399
v -0.225119 -0.391726 -0.118292
v -0.221120 -0.393196 -0.134499
v -0.216542 -0.379103 -0.142381
v -0.213754 -0.375782 -0.152564
v -0.222161 -0.331300 -0.123705
v -0.222639 -0.336565 -0.117809
v -0.222156 -0.338618 -0.133761
v -0.218130 -0.326547 -0.121706
v -0.214391 -0.331856 -0.114685
v -0.216955 -0.361205 -0.094504
v -0.223188 -0.414176 -0.126711
v -0.217870 -0.376169 -0.156034
v -0.199425 -0.390123 -0.166350
v -0.201530 -0.382800 -0.160006
v -0.208770 -0.389701 -0.142621
v -0.190247 -0.390426 -0.152206
v -0.195067 -0.385283 -0.155061
v -0.191606 -0.389494 -0.164962
v -0.193045 -0.386393 -0.160472
v -0.219372 -0.401645 -0.169030
v -0.219073 -0.411657 -0.176728
v -0.207390 -0.409654 -0.166453
v -0.211775 -0.411260 -0.168014
v -0.217900 -0.411301 -0.197092
v -0.218360 -0.423779 -0.190064
v -0.212448 -0.412742 -0.201808
v -0.220307 -0.397097 -0.198245
v -0.211167 -0.375440 -0.200491
v -0.203574 -0.380571 -0.202367
v -0.217664 -0.424879 -0.181089
v -0.216170 -0.421894 -0.198129
v -0.214585 -0.426562 -0.196330
v -0.214081 -0.430698 -0.183158
v -0.185389 -0.386441 -0.161225
v -0.183100 -0.386153 -0.163898
v -0.207988 -0.428571 -0.199189
v -0.208001 -0.423049 -0.203161
v -0.200691 -0.378854 -0.204317
v -0.193532 -0.381719 -0.204741
v -0.189265 -0.386810 -0.204760
v -0.203425 -0.416875 -0.205064
v -0.196313 -0.429860 -0.201378
v -0.210955 -0.430861 -0.192761
v -0.198516 -0.435321 -0.190919
v -0.209820 -0.433343 -0.179633
v -0.214614 -0.425745 -0.173180
v -0.211120 -0.424606 -0.169190
v -0.206169 -0.430659 -0.170797
v -0.189393 -0.419658 -0.167505
v -0.180370 -0.406642 -0.166819
v -0.205306 -0.420273 -0.166131
v -0.190712 -0.425747 -0.205691
v -0.189548 -0.436174 -0.201838
v -0.190116 -0.441641 -0.194099
v -0.195958 -0.436354 -0.177353
v -0.183624 -0.421965 -0.207246
v -0.202244 -0.378932 -0.207859
v -0.208074 -0.377924 -0.210406
v -0.216084 -0.379113 -0.215445
v -0.217940 -0.368564 -0.207446
v -0.215036 -0.370327 -0.202206
v -0.222990 -0.374520 -0.219750
v -0.224729 -0.361203 -0.207839
v -0.189861 -0.383733 -0.207056
v -0.180622 -0.388364 -0.206886
v -0.182399 -0.383856 -0.206540
v -0.176790 -0.390318 -0.205189
v -0.182259 -0.399664 -0.211731
v -0.197539 -0.406039 -0.213728
v -0.183749 -0.411110 -0.214288
v -0.175796 -0.401252 -0.215377
v -0.173203 -0.394072 -0.210271
v -0.167116 -0.414593 -0.213705
v -0.202433 -0.415357 -0.219314
v -0.195422 -0.418816 -0.221050
v -0.194745 -0.422456 -0.226593
v -0.187613 -0.425829 -0.223981
v -0.195591 -0.421776 -0.236430
v -0.205833 -0.410595 -0.218411
v -0.217514 -0.384040 -0.220197
v -0.214701 -0.362461 -0.241435
v -0.202865 -0.346169 -0.245657
v -0.202531 -0.387773 -0.246802
v -0.194167 -0.361985 -0.247274
v -0.195857 -0.347783 -0.249509
v -0.208429 -0.380912 -0.243465
v -0.194386 -0.382673 -0.248602
v -0.184518 -0.365581 -0.246361
v -0.182401 -0.355097 -0.249809
v -0.203890 -0.340756 -0.245043
v -0.208716 -0.335302 -0.238182
v -0.211189 -0.330028 -0.241924
v -0.186205 -0.352559 -0.254242
v -0.184652 -0.351412 -0.256149
v -0.195673 -0.346332 -0.254049
v -0.182675 -0.333891 -0.258742
v -0.203524 -0.340276 -0.250211
v -0.197079 -0.322334 -0.252324
v -0.183665 -0.317059 -0.256434
v -0.182884 -0.312131 -0.253467
v -0.189512 -0.310705 -0.252580
v -0.199605 -0.294588 -0.235100
v -0.205529 -0.309370 -0.240271
v -0.196453 -0.301578 -0.243801
v -0.199634 -0.287063 -0.224692
v -0.195699 -0.292466 -0.232747
v -0.194418 -0.297334 -0.238670
v -0.194054 -0.285438 -0.227731
v -0.192096 -0.294240 -0.239529
v -0.181230 -0.243972 -0.169735
v -0.198120 -0.278178 -0.146798
v -0.196923 -0.281407 -0.130887
v -0.218002 -0.316428 -0.153098
v -0.217400 -0.311668 -0.126916
v -0.194084 -0.290771 -0.119553
v -0.193062 -0.303391 -0.106495
v -0.212423 -0.310979 -0.120278
v -0.218746 -0.312734 -0.132991
v -0.216190 -0.316402 -0.145158
v -0.215793 -0.316468 -0.127276
v -0.212814 -0.314289 -0.119260
v -0.216767 -0.315799 -0.132044
v -0.210174 -0.319237 -0.121533
v -0.205193 -0.472171 0.353858
v -0.199781 -0.472292 0.348529
v -0.198397 -0.467321 0.345605
v -0.194302 -0.467031 0.350772
v -0.210128 -0.447114 0.330764
v -0.197959 -0.464349 0.342540
v -0.188870 -0.467649 0.351765
v -0.192060 -0.462375 0.347301
v -0.196503 -0.460678 0.336965
v -0.208340 -0.441737 0.318828
v -0.196536 -0.438262 0.311499
v -0.200074 -0.447559 0.331113
v -0.202695 -0.440364 0.315270
v -0.194258 -0.456574 0.330383
v -0.188083 -0.454957 0.337169
v -0.206056 -0.471776 0.046338
v -0.203768 -0.458484 0.026249
v -0.198712 -0.445576 0.007800
v -0.195067 -0.422877 -0.002324
v -0.206435 -0.404880 0.039965
v -0.201691 -0.399629 0.039652
v -0.197090 -0.398749 0.048795
v -0.192881 -0.393238 0.046535
v -0.174100 -0.386653 0.046179
v -0.169674 -0.392074 0.059870
v -0.164126 -0.393018 0.064319
v -0.153128 -0.400149 0.077123
v -0.201280 -0.409553 0.002585
v -0.191269 -0.430803 -0.026394
v -0.194114 -0.448713 -0.004984
v -0.182504 -0.441653 -0.038209
v -0.188732 -0.456874 -0.005967
v -0.192200 -0.420024 -0.011060
v -0.209740 -0.356508 -0.090694
v -0.224148 -0.408107 -0.113104
v -0.218525 -0.382681 -0.101202
v -0.220846 -0.404434 -0.102292
v -0.216077 -0.403938 -0.094530
v -0.213282 -0.384368 -0.095026
v -0.204605 -0.384805 -0.090790
v -0.211244 -0.408432 -0.091681
v -0.204621 -0.405839 -0.090372
v -0.215666 -0.413293 -0.097987
v -0.210771 -0.420312 -0.099516
v -0.219995 -0.413934 -0.105442
v -0.221799 -0.416907 -0.115931
v -0.215177 -0.426702 -0.115350
v -0.202077 -0.468147 0.032616
v -0.218719 -0.414055 -0.134761
v -0.173320 -0.389284 -0.166558
v -0.178079 -0.381206 -0.162409
v -0.197823 -0.403362 -0.145858
v -0.183999 -0.388133 -0.153899
v -0.190095 -0.395057 -0.149543
v -0.208810 -0.434239 -0.108980
v -0.211513 -0.434946 -0.123426
v -0.215834 -0.425709 -0.126868
v -0.210858 -0.426787 -0.135391
v -0.203583 -0.433461 -0.138365
v -0.209642 -0.415392 -0.140761
v -0.205523 -0.437083 -0.132545
v -0.192109 -0.448159 -0.140111
v -0.206079 -0.439364 -0.122263
v -0.202934 -0.444521 -0.125396
v -0.197007 -0.438333 -0.102189
v -0.200841 -0.446482 -0.116403
v -0.193958 -0.453230 -0.131643
v -0.191025 -0.458448 -0.121229
v -0.195262 -0.448189 -0.108893
v -0.195652 -0.428358 -0.144061
v -0.181697 -0.389025 -0.149870
v -0.178307 -0.383065 -0.151845
v -0.175272 -0.385146 -0.162826
v -0.169241 -0.391329 -0.168155
v -0.166402 -0.393529 -0.168736
v -0.176000 -0.386761 -0.140866
v -0.178493 -0.384628 -0.143888
v -0.173508 -0.390369 -0.138591
v -0.183006 -0.400640 -0.146715
v -0.185277 -0.406721 -0.141915
v -0.180312 -0.404376 -0.136713
v -0.171429 -0.390303 -0.133336
v -0.160578 -0.405248 -0.155684
v -0.170591 -0.397639 -0.168175
v -0.170151 -0.402434 -0.169990
v -0.163834 -0.400074 -0.176043
v -0.164779 -0.395213 -0.173259
v -0.162634 -0.398209 -0.181809
v -0.160920 -0.403657 -0.173095
v -0.161767 -0.395189 -0.175927
v -0.160105 -0.392393 -0.186191
v -0.155174 -0.401916 -0.173530
v -0.153975 -0.389563 -0.198318
v -0.149621 -0.415782 -0.148081
v -0.152697 -0.413495 -0.146088
v -0.168407 -0.397170 -0.143846
v -0.170481 -0.395174 -0.129993
v -0.177274 -0.398980 -0.142727
v -0.168205 -0.414698 -0.137611
v -0.192651 -0.409417 -0.145301
v -0.184425 -0.420924 -0.146063
v -0.173374 -0.421782 -0.145566
v -0.176766 -0.402786 -0.130281
v -0.174305 -0.399806 -0.132634
v -0.165155 -0.397801 -0.134526
v -0.154501 -0.411296 -0.140893
v -0.169693 -0.387869 -0.129774
v -0.172057 -0.385951 -0.128348
v -0.162349 -0.394492 -0.128380
v -0.148127 -0.418242 -0.151577
v -0.143444 -0.418513 -0.155574
v -0.150358 -0.401285 -0.184629
v -0.155973 -0.421660 -0.167102
v -0.161230 -0.433360 -0.166885
v -0.165233 -0.445438 -0.169571
v -0.163360 -0.451100 -0.171314
v -0.151754 -0.441990 -0.171134
v -0.147751 -0.431199 -0.168729
v -0.125332 -0.439777 -0.170374
v -0.149244 -0.450996 -0.178145
v -0.126463 -0.448185 -0.177409
v -0.121203 -0.431720 -0.167050
v -0.154439 -0.402896 -0.182480
v -0.162159 -0.388247 -0.191216
v -0.155409 -0.412396 -0.169845
v -0.151574 -0.408203 -0.175747
v -0.148542 -0.419356 -0.169926
v -0.136753 -0.423988 -0.168447
v -0.146888 -0.414571 -0.174454
v -0.142275 -0.412874 -0.174008
v -0.144877 -0.412494 -0.180087
v -0.195351 -0.311812 -0.097929
v -0.207559 -0.314667 -0.106819
v -0.186192 -0.307235 -0.100113
v -0.203856 -0.319102 -0.098623
v -0.198932 -0.319735 -0.091838
v -0.203154 -0.322023 -0.099007
v -0.208157 -0.318056 -0.108043
v -0.207732 -0.320065 -0.116981
v -0.202821 -0.323034 -0.107782
v -0.199244 -0.325398 -0.102831
v -0.204843 -0.342013 -0.095694
v -0.191661 -0.331931 -0.094203
v -0.196517 -0.328219 -0.098572
v -0.201101 -0.346338 -0.092728
v -0.215112 -0.350039 -0.096120
v -0.196197 -0.368039 -0.091357
v -0.192660 -0.356592 -0.092446
v -0.186011 -0.401215 -0.094122
v -0.175152 -0.393239 -0.102020
v -0.181794 -0.373295 -0.099584
v -0.192575 -0.342317 -0.092218
v -0.198030 -0.325738 -0.091581
v -0.177877 -0.350752 -0.095082
v -0.176709 -0.377903 -0.106027
v -0.169501 -0.357795 -0.101147
v -0.167422 -0.369040 -0.110519
v -0.168794 -0.372404 -0.112928
v -0.165759 -0.365321 -0.110181
v -0.164158 -0.356025 -0.105701
v -0.164796 -0.366091 -0.107911
v -0.167458 -0.371763 -0.108968
v -0.170204 -0.393942 -0.108813
v -0.181935 -0.412530 -0.096258
v -0.190212 -0.416368 -0.094215
v -0.202399 -0.440163 -0.109662
v -0.175654 -0.458745 -0.104695
v -0.186487 -0.460136 -0.112697
v -0.183123 -0.463560 -0.132539
v -0.187386 -0.458650 -0.136176
v -0.189587 -0.444666 -0.143408
v -0.174556 -0.431093 -0.148567
v -0.181687 -0.458586 -0.141047
v -0.171826 -0.442845 -0.148142
v -0.169427 -0.451205 -0.144501
v -0.155905 -0.410955 -0.137471
v -0.162716 -0.411643 -0.126776
v -0.152439 -0.410172 -0.132752
v -0.170476 -0.405259 -0.127251
v -0.173233 -0.401125 -0.119772
v -0.170245 -0.397987 -0.117842
v -0.159945 -0.412473 -0.115888
v -0.174626 -0.401580 -0.108871
v -0.168029 -0.392960 -0.117222
v -0.167340 -0.388532 -0.126683
v -0.170657 -0.386738 -0.121643
v -0.173892 -0.379530 -0.113728
v -0.173442 -0.380474 -0.128140
v -0.174168 -0.380301 -0.125025
v -0.167969 -0.375766 -0.123704
v -0.168792 -0.386330 -0.120889
v -0.168471 -0.390721 -0.119740
v -0.161852 -0.399394 -0.119608
v -0.168313 -0.394334 -0.111652
v -0.168039 -0.410293 -0.105565
v -0.161153 -0.419594 -0.104861
v -0.178982 -0.403656 -0.100481
v -0.170205 -0.388247 -0.111517
v -0.169494 -0.391937 -0.106838
v -0.167662 -0.383039 -0.125601
v -0.166524 -0.380240 -0.114642
v -0.172542 -0.400490 -0.095015
v -0.168086 -0.401668 -0.105874
v -0.174719 -0.384230 -0.088661
v -0.168822 -0.384083 -0.101220
v -0.170285 -0.377362 -0.097100
v -0.175281 -0.382464 -0.081584
v -0.171658 -0.375774 -0.081771
v -0.171374 -0.370837 -0.074449
v -0.168312 -0.367657 -0.085063
v -0.179048 -0.389134 -0.062396
v -0.174246 -0.375361 -0.060439
v -0.174899 -0.400086 -0.069490
v -0.172253 -0.395243 -0.093679
v -0.177500 -0.379308 -0.047997
v -0.169444 -0.371280 -0.054324
v -0.179728 -0.386460 -0.047678
v -0.181140 -0.382780 -0.034833
v -0.185274 -0.402899 -0.040956
v -0.182513 -0.392068 -0.048488
v -0.187354 -0.396370 -0.035241
v -0.179843 -0.398229 -0.056588
v -0.176402 -0.402958 -0.058322
v -0.179254 -0.407394 -0.046606
v -0.177902 -0.409163 -0.072010
v -0.181089 -0.414373 -0.058220
v -0.183465 -0.411544 -0.035056
v -0.184624 -0.417727 -0.046152
v -0.193271 -0.408980 -0.021508
v -0.191940 -0.400316 -0.022928
v -0.186569 -0.392509 -0.026628
v -0.187380 -0.388838 -0.017814
v -0.196205 -0.396486 0.003390
v -0.193659 -0.398850 -0.009754
v -0.189133 -0.389179 -0.007135
v -0.194938 -0.393984 0.012382
v -0.189164 -0.416918 -0.019504
v -0.198914 -0.414640 -0.005702
v -0.197178 -0.405194 -0.008943
v -0.188724 -0.391346 0.014874
v -0.199644 -0.404348 0.007708
v -0.187954 -0.388921 0.023475
v -0.183547 -0.386161 -0.003580
v -0.183103 -0.383880 0.008503
v -0.172043 -0.382093 0.029575
v -0.186236 -0.387673 0.029289
v -0.193119 -0.395357 0.033300
v -0.201046 -0.399947 0.022367
v -0.211098 -0.387274 -0.237070
v -0.214319 -0.388967 -0.227606
v -0.209843 -0.404711 -0.235447
v -0.212978 -0.396308 -0.220279
v -0.204081 -0.394874 -0.245728
v -0.210741 -0.405773 -0.225072
v -0.209149 -0.413528 -0.233671
v -0.203259 -0.407444 -0.247914
v -0.196415 -0.403370 -0.252211
v -0.165415 -0.340546 -0.257764
v -0.175588 -0.318958 -0.256387
v -0.174551 -0.323440 -0.258800
v -0.165634 -0.317214 -0.258238
v -0.172739 -0.312135 -0.257639
v -0.188332 -0.306596 -0.249335
v -0.191487 -0.302144 -0.244685
v -0.187699 -0.300492 -0.248252
v -0.173776 -0.292541 -0.248848
v -0.178215 -0.289574 -0.243730
v -0.185396 -0.282736 -0.232413
v -0.181944 -0.285917 -0.238042
v -0.184460 -0.278464 -0.233423
v -0.188274 -0.278723 -0.224810
v -0.181675 -0.271916 -0.229530
v -0.178355 -0.285068 -0.243672
v -0.173383 -0.263433 -0.232184
v -0.188634 -0.272365 -0.220101
v -0.189828 -0.268577 -0.211064
v -0.178511 -0.251083 -0.211579
v -0.176467 -0.239004 -0.195233
v -0.183640 -0.250609 -0.172588
v -0.193429 -0.267618 -0.151285
v -0.192393 -0.274812 -0.138297
v -0.194571 -0.273010 -0.143294
v -0.197837 -0.276931 -0.138354
v -0.209243 -0.413199 -0.225124
v -0.205473 -0.413254 -0.241786
v -0.200235 -0.416539 -0.243505
v -0.197513 -0.412069 -0.249229
v -0.178891 -0.403578 -0.252889
v -0.204492 -0.419294 -0.234076
v -0.204910 -0.418898 -0.225361
v -0.170996 -0.408399 0.208580
v -0.161724 -0.417563 0.216027
v -0.159509 -0.411986 0.210515
v -0.160152 -0.413304 0.214134
v -0.164994 -0.423627 0.214443
v -0.160293 -0.427631 0.214832
v -0.148914 -0.430488 0.236690
v -0.161154 -0.431235 0.230564
v -0.155690 -0.412401 0.192561
v -0.147596 -0.429158 0.215785
v -0.183869 -0.430199 0.301940
v -0.182106 -0.437392 0.299302
v -0.186794 -0.421032 0.303950
v -0.188931 -0.419070 0.309338
v -0.187776 -0.437098 0.306264
v -0.183749 -0.439976 0.302121
v -0.195361 -0.442490 0.320291
v -0.200710 -0.455552 0.339570
v -0.193948 -0.446379 0.323493
v -0.192296 -0.453190 0.324796
v -0.185857 -0.449420 0.327378
v -0.190611 -0.450553 0.320982
v -0.188571 -0.447735 0.316104
v -0.174183 -0.468669 0.348412
v -0.164726 -0.471623 0.343859
v -0.147136 -0.477372 0.328947
v -0.157527 -0.467855 0.329135
v -0.160589 -0.464117 0.332151
v -0.167384 -0.453010 0.324599
v -0.155148 -0.464120 0.323148
v -0.151599 -0.467926 0.327680
v -0.155387 -0.457876 0.319512
v -0.152849 -0.461604 0.317346
v -0.149496 -0.464611 0.319940
v -0.146875 -0.461176 0.309508
v -0.152203 -0.454607 0.309221
v -0.143617 -0.457809 0.295525
v -0.150171 -0.458706 0.308240
v -0.165937 -0.443476 0.302445
v -0.191336 -0.416953 -0.246651
v -0.184136 -0.432873 -0.235621
v -0.184145 -0.427889 -0.243497
v -0.181774 -0.423753 -0.248881
v -0.179125 -0.369353 -0.243951
v -0.173424 -0.359593 -0.246250
v -0.166691 -0.362146 -0.239195
v -0.168339 -0.295513 -0.252759
v -0.181567 -0.306639 -0.254259
v -0.165119 -0.293569 -0.254629
v -0.172586 -0.288373 -0.249495
v -0.157989 -0.301105 -0.255374
v -0.164363 -0.284198 -0.250386
v -0.160617 -0.270384 -0.245566
v -0.163977 -0.266848 -0.241928
v -0.172264 -0.257575 -0.227399
v -0.174049 -0.253401 -0.221230
v -0.175191 -0.248826 -0.213464
v -0.178255 -0.239336 -0.207299
v -0.175809 -0.242148 -0.216873
v -0.176269 -0.243796 -0.204668
v -0.185574 -0.251163 -0.169356
v -0.176480 -0.243015 -0.160762
v -0.178606 -0.244856 -0.157560
v -0.178604 -0.248631 -0.147374
v -0.186460 -0.267656 -0.130005
v -0.188028 -0.273273 -0.132528
v -0.189703 -0.274775 -0.128608
v -0.188221 -0.285979 -0.121044
v -0.185254 -0.276798 -0.122398
v -0.176113 -0.290380 -0.106083
v -0.178463 -0.284299 -0.111943
v -0.176960 -0.299371 -0.099620
v -0.165486 -0.295123 -0.096532
v -0.167952 -0.304063 -0.095363
v -0.171020 -0.308428 -0.091187
v -0.174178 -0.318416 -0.090995
v -0.190751 -0.327231 -0.087997
v -0.177256 -0.343871 -0.095976
v -0.183137 -0.339053 -0.093512
v -0.185095 -0.334215 -0.085902
v -0.178220 -0.340340 -0.086161
v -0.181428 -0.331804 -0.083978
v -0.175569 -0.340039 -0.085006
v -0.167868 -0.328058 -0.088885
v -0.169524 -0.349154 -0.094658
v -0.171877 -0.349594 -0.098750
v -0.166538 -0.352759 -0.101427
v -0.164416 -0.364683 -0.094787
v -0.160452 -0.362356 -0.093614
v -0.174457 -0.380145 -0.066912
v -0.174954 -0.378052 -0.033415
v -0.179142 -0.382496 -0.016572
v -0.175981 -0.377242 -0.014757
v -0.166948 -0.367454 -0.049889
v -0.172238 -0.373351 -0.030784
v -0.179306 -0.380419 -0.007121
v -0.166568 -0.374863 0.001116
v -0.158757 -0.364899 -0.043583
v -0.160917 -0.368820 -0.027436
v -0.159862 -0.361818 -0.059018
v -0.164713 -0.364928 -0.076482
v -0.161679 -0.360744 -0.071337
v -0.157798 -0.358290 -0.092609
v -0.156511 -0.356957 -0.074410
v -0.161614 -0.362940 -0.113172
v -0.160886 -0.360479 -0.113378
v -0.156782 -0.360455 -0.106382
v -0.153913 -0.360628 -0.061840
v -0.150293 -0.355004 -0.075739
v -0.149530 -0.365668 -0.051832
v -0.152655 -0.369308 -0.036406
v -0.149764 -0.369605 -0.018697
v -0.146482 -0.366372 -0.032839
v -0.151472 -0.367332 -0.044760
v -0.164150 -0.371910 -0.012755
v -0.155019 -0.371468 -0.025544
v -0.157327 -0.373340 -0.015416
v -0.140222 -0.363233 -0.041982
v -0.134092 -0.380803 0.000560
v -0.125929 -0.367987 -0.038920
v -0.142070 -0.359797 -0.054947
v -0.147586 -0.362458 -0.062835
v -0.122455 -0.361096 -0.058717
v -0.119589 -0.367882 -0.050170
v -0.122324 -0.372364 -0.036165
v -0.123921 -0.379526 -0.022063
v -0.120131 -0.382785 -0.030716
v -0.126526 -0.376052 -0.021263
v -0.126791 -0.382944 -0.007022
v -0.151354 -0.374977 0.001334
v -0.130389 -0.388729 0.014231
v -0.127575 -0.388144 0.004986
v -0.124716 -0.393893 -0.000140
v -0.122932 -0.388157 -0.016139
v -0.117555 -0.393045 -0.017278
v -0.115030 -0.392271 -0.024894
v -0.115009 -0.408498 -0.014463
v -0.119580 -0.417213 -0.004080
v -0.120140 -0.414946 -0.012327
v -0.117843 -0.420729 -0.008617
v -0.118562 -0.400562 0.000096
v -0.128172 -0.395704 0.025780
v -0.125165 -0.397889 0.011910
v -0.120145 -0.403626 0.013765
v -0.132932 -0.393964 0.035617
v -0.158240 -0.378140 0.014450
v -0.125822 -0.403111 0.029515
v -0.161482 -0.385574 0.037281
v -0.163737 -0.379525 0.016778
v -0.166649 -0.386101 0.038699
v -0.170453 -0.378586 0.016035
v -0.160267 -0.375938 -0.001149
v -0.154483 -0.373317 -0.005478
v -0.192483 -0.429600 -0.169757
v -0.193300 -0.434741 -0.173370
v -0.185055 -0.445109 -0.179371
v -0.175449 -0.446113 -0.173900
v -0.183710 -0.441083 -0.199683
v -0.188033 -0.444431 -0.186506
v -0.175076 -0.450825 -0.180729
v -0.167551 -0.453183 -0.174638
v -0.179621 -0.446397 -0.197295
v -0.177449 -0.437257 -0.205762
v -0.164303 -0.443831 -0.207106
v -0.153305 -0.421443 -0.207703
v -0.182498 -0.403753 -0.204897
v -0.180297 -0.378716 -0.204180
v -0.173310 -0.376275 -0.201773
v -0.170085 -0.392448 -0.203597
v -0.178058 -0.377429 -0.207446
v -0.168448 -0.386711 -0.211987
v -0.164295 -0.378826 -0.221047
v -0.172779 -0.374320 -0.211161
v -0.174770 -0.375432 -0.204960
v -0.173017 -0.401349 -0.200827
v -0.165925 -0.407134 -0.204638
v -0.166459 -0.389816 -0.200230
v -0.166773 -0.369241 -0.209633
v -0.169909 -0.370162 -0.215889
v -0.165426 -0.375419 -0.220015
v -0.171614 -0.428809 -0.218735
v -0.172580 -0.441807 -0.229995
v -0.167751 -0.443222 -0.227186
v -0.174537 -0.419945 -0.252788
v -0.186257 -0.408646 -0.251993
v -0.178248 -0.392438 -0.250048
v -0.168935 -0.390449 -0.245780
v -0.166027 -0.424761 -0.254748
v -0.171708 -0.433737 -0.250864
v -0.159504 -0.408391 -0.253150
v -0.147813 -0.413085 -0.252905
v -0.155532 -0.426953 -0.252950
v -0.148425 -0.407376 -0.248216
v -0.139800 -0.401548 -0.246524
v -0.155592 -0.402401 -0.248633
v -0.156065 -0.397940 -0.244395
v -0.164617 -0.391145 -0.240266
v -0.156554 -0.396197 -0.235112
v -0.171499 -0.369730 -0.238313
v -0.168653 -0.360855 -0.249099
v -0.174950 -0.357767 -0.252862
v -0.165071 -0.330381 -0.259000
v -0.166236 -0.325894 -0.256435
v -0.160652 -0.330366 -0.255789
v -0.160620 -0.325616 -0.256869
v -0.153453 -0.339043 -0.255308
v -0.155790 -0.298548 -0.256664
v -0.148468 -0.305840 -0.254600
v -0.148015 -0.301937 -0.256857
v -0.141633 -0.304429 -0.255703
v -0.154130 -0.273740 -0.249206
v -0.159629 -0.266149 -0.247990
v -0.137962 -0.280996 -0.250267
v -0.141416 -0.308994 -0.252154
v -0.134178 -0.307942 -0.251871
v -0.144236 -0.317496 -0.253247
v -0.153646 -0.334000 -0.253872
v -0.150548 -0.330468 -0.255542
v -0.157248 -0.348676 -0.252027
v -0.156634 -0.357586 -0.245644
v -0.170138 -0.371183 -0.236392
v -0.167061 -0.370882 -0.228581
v -0.163049 -0.363671 -0.244538
v -0.166366 -0.367007 -0.232774
v -0.163914 -0.378836 -0.230732
v -0.163837 -0.376215 -0.228597
v -0.159530 -0.377913 -0.234947
v -0.159714 -0.365357 -0.240213
v -0.145697 -0.324172 -0.255497
v -0.144138 -0.322007 -0.279566
v -0.138107 -0.318703 -0.276006
v -0.137994 -0.320101 -0.255219
v -0.135648 -0.313099 -0.272508
v -0.132176 -0.308959 -0.271674
v -0.131560 -0.314828 -0.246809
v -0.138660 -0.318199 -0.251347
v -0.128503 -0.311080 -0.255811
v -0.124045 -0.305732 -0.266213
v -0.125741 -0.314249 -0.244675
v -0.131718 -0.312085 -0.245228
v -0.135290 -0.310965 -0.248598
v -0.127076 -0.282902 -0.245596
v -0.128407 -0.309151 -0.247235
v -0.119411 -0.318165 -0.240103
v -0.115819 -0.309127 -0.258431
v -0.148073 -0.332939 -0.299306
v -0.147369 -0.333214 -0.322585
v -0.146006 -0.326710 -0.299996
v -0.141556 -0.312715 -0.307738
v -0.149476 -0.334898 -0.268250
v -0.150564 -0.339146 -0.277859
v -0.146593 -0.326664 -0.280286
v -0.155430 -0.345057 -0.254475
v -0.152532 -0.347152 -0.269356
v -0.148080 -0.340328 -0.294034
v -0.142116 -0.339186 -0.325712
v -0.143438 -0.345058 -0.300294
v -0.140064 -0.348098 -0.327472
v -0.137201 -0.343344 -0.348314
v -0.148374 -0.325898 -0.326496
v -0.143948 -0.315920 -0.308272
v -0.135251 -0.311202 -0.299298
v -0.136783 -0.314874 -0.289053
v -0.134897 -0.305335 -0.294572
v -0.124855 -0.295291 -0.290261
v -0.113153 -0.301819 -0.273389
v -0.111739 -0.311286 -0.249188
v -0.122643 -0.317038 -0.240311
v -0.127025 -0.311253 -0.242245
v -0.121173 -0.319080 -0.235306
v -0.120740 -0.304026 -0.240982
v -0.120156 -0.306397 -0.236584
v -0.116661 -0.306905 -0.233516
v -0.121740 -0.299693 -0.244113
v -0.114117 -0.299859 -0.231317
v -0.116494 -0.321416 -0.232335
v -0.118612 -0.321764 -0.230761
v -0.107157 -0.296515 -0.223204
v -0.111846 -0.285441 -0.234613
v -0.111663 -0.320780 -0.218737
v -0.116574 -0.324123 -0.226073
v -0.109794 -0.326417 -0.223204
v -0.106453 -0.319033 -0.210327
v -0.094877 -0.330905 -0.203382
v -0.104068 -0.316983 -0.207150
v -0.104753 -0.318338 -0.202872
v -0.118427 -0.272327 -0.244372
v -0.119328 -0.284125 -0.241386
v -0.107503 -0.271175 -0.235610
v -0.110106 -0.282784 -0.235773
v -0.108841 -0.286098 -0.228658
v -0.104273 -0.284060 -0.226782
v -0.108362 -0.291917 -0.223647
v -0.104441 -0.285393 -0.216394
v -0.099748 -0.269558 -0.225732
v -0.110392 -0.259098 -0.244557
v -0.122880 -0.255728 -0.251301
v -0.125656 -0.280271 -0.247064
v -0.124022 -0.247313 -0.254366
v -0.126602 -0.241570 -0.254349
v -0.115315 -0.248650 -0.251726
v -0.111233 -0.250849 -0.250161
v -0.116748 -0.244085 -0.255163
v -0.106546 -0.252588 -0.246717
v -0.097427 -0.256431 -0.237470
v -0.134392 -0.268954 -0.251443
v -0.149028 -0.258835 -0.249878
v -0.141715 -0.275784 -0.252767
v -0.134554 -0.240898 -0.254130
v -0.141108 -0.234468 -0.251658
v -0.145919 -0.277757 -0.250944
v -0.133830 -0.278654 -0.251191
v -0.150822 -0.271855 -0.251969
v -0.169478 -0.261762 -0.234141
v -0.166777 -0.260161 -0.241100
v -0.174355 -0.252058 -0.225338
v -0.171861 -0.250487 -0.230391
v -0.172911 -0.393054 0.136862
v -0.184391 -0.399397 0.168819
v -0.188479 -0.408436 0.168046
v -0.180590 -0.411196 0.169876
v -0.169653 -0.404520 0.173648
v -0.190904 -0.409209 0.169620
v -0.170885 -0.412271 0.171559
v -0.175569 -0.412574 0.172727
v -0.182676 -0.407060 0.175874
v -0.157181 -0.413647 0.181746
v -0.158575 -0.403036 0.175660
v -0.157245 -0.399643 0.171383
v -0.138555 -0.471224 0.040129
v -0.148214 -0.476575 0.033356
v -0.157334 -0.468441 0.016977
v -0.147897 -0.469844 0.012219
v -0.195059 -0.466595 0.023515
v -0.196805 -0.460102 0.011499
v -0.184382 -0.460676 -0.001786
v -0.172039 -0.449155 -0.035925
v -0.179743 -0.463039 -0.003369
v -0.170660 -0.471473 0.010341
v -0.174433 -0.284332 -0.114339
v -0.178491 -0.279249 -0.120894
v -0.165886 -0.292136 -0.102512
v -0.169970 -0.288587 -0.107986
v -0.168703 -0.278176 -0.111418
v -0.185295 -0.269002 -0.128738
v -0.177314 -0.255357 -0.136625
v -0.158715 -0.247466 -0.124917
v -0.165858 -0.261346 -0.116380
v -0.174219 -0.264045 -0.122681
v -0.182168 -0.273338 -0.130851
v -0.181769 -0.275762 -0.126939
v -0.175279 -0.269925 -0.125468
v -0.158866 -0.268377 -0.109947
v -0.160884 -0.295492 -0.097884
v -0.154978 -0.304633 -0.086387
v -0.167582 -0.346675 -0.089632
v -0.163173 -0.335232 -0.090048
v -0.155995 -0.346477 -0.096505
v -0.154313 -0.332673 -0.085348
v -0.150022 -0.340169 -0.089285
v -0.147623 -0.333778 -0.088320
v -0.161700 -0.351858 -0.095380
v -0.153994 -0.355442 -0.105115
v -0.149138 -0.350208 -0.103984
v -0.143578 -0.341439 -0.098121
v -0.143565 -0.337924 -0.093990
v -0.142038 -0.346951 -0.105829
v -0.133552 -0.348281 -0.099690
v -0.139895 -0.348838 -0.107579
v -0.136683 -0.349179 -0.102944
v -0.146509 -0.350621 -0.103355
v -0.146760 -0.352353 -0.088423
v -0.191518 -0.423838 -0.025318
v -0.190253 -0.440681 0.313036
v -0.185556 -0.443173 0.308540
v -0.181012 -0.442840 0.314067
v -0.179838 -0.445790 0.319782
v -0.174384 -0.440034 0.306264
v -0.177491 -0.435526 0.295835
v -0.178737 -0.433767 0.272224
v -0.172876 -0.436020 0.295154
v -0.150414 -0.450405 0.296007
v -0.166386 -0.440569 0.293759
v -0.169154 -0.442265 0.269646
v -0.170395 -0.439667 0.267170
v -0.163368 -0.435105 0.270191
v -0.164137 -0.430748 0.269438
v -0.186381 -0.415262 -0.027941
v -0.188096 -0.421624 -0.036777
v -0.179027 -0.421367 -0.060479
v -0.173135 -0.409830 -0.092946
v -0.164678 -0.405354 -0.107570
v -0.159978 -0.406759 -0.108415
v -0.154469 -0.413416 -0.107274
v -0.164656 -0.413235 -0.097758
v -0.151884 -0.409194 -0.114338
v -0.156306 -0.401376 -0.119749
v -0.148738 -0.402961 -0.125952
v -0.150904 -0.422855 -0.095579
v -0.140530 -0.402920 -0.128117
v -0.152896 -0.409369 -0.134430
v -0.141384 -0.413962 -0.118866
v -0.151699 -0.411385 -0.117810
v -0.175025 -0.397139 0.130028
v -0.148645 -0.396683 0.144189
v -0.153009 -0.399439 0.164560
v -0.146882 -0.400797 0.155358
v -0.143112 -0.400084 0.143761
v -0.163613 -0.413953 0.172817
v -0.155772 -0.418360 0.172877
v -0.158587 -0.418259 0.176100
v -0.165899 -0.414358 0.175720
v -0.150121 -0.426754 0.176627
v -0.150870 -0.423007 0.171415
v -0.153556 -0.404073 0.174038
v -0.139393 -0.424722 0.170827
v -0.147655 -0.427718 0.170164
v -0.139506 -0.428770 0.185092
v -0.158794 -0.411762 0.184891
v -0.151013 -0.415674 0.187894
v -0.139952 -0.433621 0.169344
v -0.138688 -0.418664 0.167953
v -0.147880 -0.406742 0.170771
v -0.174095 -0.442089 -0.099323
v -0.177435 -0.467124 -0.115560
v -0.178653 -0.462846 -0.108264
v -0.160651 -0.415764 -0.147021
v -0.178541 -0.462927 -0.135422
v -0.179486 -0.467237 -0.122998
v -0.168537 -0.458091 -0.137910
v -0.163134 -0.461122 -0.126763
v -0.157960 -0.421368 -0.152588
v -0.186374 -0.435211 -0.032622
v -0.177998 -0.427037 -0.056169
v -0.174676 -0.433345 -0.060368
v -0.170615 -0.420148 -0.081365
v -0.165812 -0.420054 -0.089633
v -0.149857 -0.401240 -0.128893
v -0.159733 -0.397416 -0.129418
v -0.148256 -0.411232 -0.132822
v -0.140836 -0.416992 -0.112682
v -0.142790 -0.412946 -0.131291
v -0.130970 -0.408782 -0.118116
v -0.129946 -0.414292 -0.111258
v -0.139963 -0.422469 -0.107318
v -0.125280 -0.420329 -0.108681
v -0.150883 -0.414731 -0.111041
v -0.123924 -0.428328 -0.107974
v -0.138032 -0.436132 -0.106155
v -0.150174 -0.421068 -0.105768
v -0.160023 -0.429455 -0.101682
v -0.159898 -0.415775 -0.108797
v -0.172627 -0.463208 -0.109713
v -0.162575 -0.312134 -0.090089
v -0.163351 -0.318760 -0.085657
v -0.156698 -0.321556 -0.086841
v -0.145722 -0.322748 -0.081599
v -0.149148 -0.314828 -0.081633
v -0.145024 -0.328235 -0.084000
v -0.142620 -0.334636 -0.090517
v -0.141019 -0.327636 -0.085648
v -0.150125 -0.307543 -0.087932
v -0.145712 -0.313099 -0.085782
v -0.142880 -0.318413 -0.084645
v -0.114118 -0.332588 -0.065573
v -0.135230 -0.303342 -0.079162
v -0.154674 -0.300918 -0.092512
v -0.135532 -0.287848 -0.084240
v -0.132817 -0.282108 -0.086736
v -0.145234 -0.262866 -0.106453
v -0.120046 -0.307317 -0.070355
v -0.121675 -0.338803 -0.073383
v -0.121871 -0.344628 -0.076358
v -0.109060 -0.329515 -0.062370
v -0.100504 -0.328865 -0.060550
v -0.097811 -0.296130 -0.068476
v -0.092968 -0.318172 -0.064530
v -0.088773 -0.328113 -0.060836
v -0.086887 -0.337904 -0.051823
v -0.111384 -0.340880 -0.060572
v -0.122494 -0.348383 -0.083417
v -0.119668 -0.352984 -0.086730
v -0.129558 -0.348353 -0.096234
v -0.129691 -0.342894 -0.084723
v -0.123591 -0.350970 -0.097949
v -0.124811 -0.352036 -0.096469
v -0.129063 -0.350405 -0.097057
v -0.137154 -0.350723 -0.093845
v -0.142450 -0.355078 -0.078031
v -0.145605 -0.359129 -0.069686
v -0.135260 -0.353061 -0.074534
v -0.130255 -0.353058 -0.076330
v -0.119249 -0.358919 -0.068791
v -0.120095 -0.357007 -0.079679
v -0.118951 -0.362125 -0.063652
v -0.116950 -0.365182 -0.061163
v -0.113834 -0.358896 -0.056853
v -0.116428 -0.368616 -0.058346
v -0.118161 -0.377182 -0.042493
v -0.114464 -0.373602 -0.055588
v -0.111834 -0.378680 -0.051749
v -0.114038 -0.385263 -0.037481
v -0.110263 -0.393599 -0.052001
v -0.103693 -0.351776 -0.047611
v -0.108853 -0.385997 -0.050267
v -0.097314 -0.392281 -0.038490
v -0.110688 -0.384261 -0.048512
v -0.168420 -0.429950 -0.073383
v -0.155942 -0.424772 -0.090180
v -0.179379 -0.447996 -0.033960
v -0.180058 -0.436182 -0.231432
v -0.179570 -0.434031 -0.242343
v -0.122932 -0.403750 -0.248250
v -0.140274 -0.424521 -0.252837
v -0.122754 -0.396534 -0.240676
v -0.114544 -0.415570 -0.249482
v -0.105114 -0.407117 -0.245281
v -0.111183 -0.398957 -0.239726
v -0.132348 -0.395877 -0.235653
v -0.127331 -0.394597 -0.234557
v -0.120598 -0.394281 -0.231707
v -0.115043 -0.388842 -0.234296
v -0.136644 -0.396306 -0.233337
v -0.142077 -0.399773 -0.237829
v -0.147893 -0.405630 -0.241556
v -0.138498 -0.398182 -0.230828
v -0.169795 -0.444780 -0.238622
v -0.168631 -0.439549 -0.249024
v -0.165985 -0.445758 -0.230768
v -0.164892 -0.445228 -0.240400
v -0.163735 -0.436866 -0.251996
v -0.100778 -0.410796 -0.246555
v -0.117347 -0.425106 -0.248923
v -0.137325 -0.433120 -0.249600
v -0.099214 -0.404578 -0.242493
v -0.101325 -0.403866 -0.238893
v -0.116799 -0.395121 -0.228543
v -0.097937 -0.404477 -0.237137
v -0.106013 -0.398341 -0.232006
v -0.147185 -0.392640 -0.232005
v -0.143235 -0.390629 -0.237634
v -0.129031 -0.389216 -0.239210
v -0.139607 -0.384469 -0.242180
v -0.129301 -0.381676 -0.243211
v -0.140198 -0.376701 -0.244681
v -0.134178 -0.376960 -0.252822
v -0.147184 -0.373514 -0.244026
v -0.143798 -0.367293 -0.263132
v -0.152624 -0.367751 -0.243052
v -0.155115 -0.361600 -0.242898
v -0.142871 -0.355594 -0.285613
v -0.153455 -0.385104 -0.235381
v -0.159444 -0.382863 -0.227514
v -0.151014 -0.393104 -0.219747
v -0.149508 -0.382333 -0.240335
v -0.163779 -0.474109 0.018412
v -0.164849 -0.451465 -0.037166
v -0.156250 -0.435618 -0.074994
v -0.159990 -0.454346 -0.032237
v -0.155397 -0.442219 -0.064885
v -0.152587 -0.450694 -0.037748
v -0.162443 -0.465586 -0.004026
v -0.146714 -0.450200 -0.041076
v -0.149644 -0.444700 -0.053157
v -0.146671 -0.438536 -0.066599
v -0.136570 -0.405067 -0.130500
v -0.138179 -0.409070 -0.130839
v -0.112157 -0.417956 -0.111465
v -0.099452 -0.426053 -0.115130
v -0.107330 -0.437063 -0.113982
v -0.157314 -0.446090 -0.104862
v -0.161846 -0.456054 -0.110213
v -0.133691 -0.449871 -0.115817
v -0.161547 -0.460235 -0.117888
v -0.143017 -0.456039 -0.121761
v -0.128227 -0.452484 -0.123077
v -0.146844 -0.457363 -0.134488
v -0.133545 -0.453614 -0.135525
v -0.125989 -0.453828 -0.135342
v -0.113751 -0.451259 -0.137100
v -0.150566 -0.453681 -0.143623
v -0.145067 -0.431775 -0.158145
v -0.146465 -0.423117 -0.156492
v -0.143180 -0.411181 -0.171180
v -0.138752 -0.414556 -0.172186
v -0.133588 -0.414543 -0.170136
v -0.135174 -0.419855 -0.160480
v -0.130291 -0.416353 -0.171436
v -0.118532 -0.446632 -0.181560
v -0.161328 -0.456809 -0.177260
v -0.166609 -0.457358 -0.180552
v -0.175571 -0.451690 -0.189774
v -0.162353 -0.458383 -0.189627
v -0.169539 -0.449999 -0.203388
v -0.168163 -0.456387 -0.195199
v -0.152858 -0.447626 -0.202074
v -0.151582 -0.453363 -0.193321
v -0.149988 -0.453867 -0.185152
v -0.132646 -0.451894 -0.195445
v -0.129868 -0.452795 -0.185345
v -0.164439 -0.453112 -0.202048
v -0.153897 -0.439569 -0.206609
v -0.141837 -0.420026 0.127964
v -0.177482 -0.230507 -0.192812
v -0.178460 -0.235886 -0.196915
v -0.174427 -0.233564 -0.183124
v -0.175121 -0.227445 -0.180550
v -0.170033 -0.223367 -0.204712
v -0.153686 -0.212414 -0.230775
v -0.167745 -0.239399 -0.227182
v -0.169563 -0.228606 -0.170433
v -0.166217 -0.267575 -0.119424
v -0.158196 -0.264877 -0.115859
v -0.148986 -0.261867 -0.112502
v -0.125176 -0.260049 -0.103652
v -0.139942 -0.259266 -0.109003
v -0.154563 -0.259505 -0.112955
v -0.130404 -0.258299 -0.107582
v -0.130322 -0.252716 -0.106254
v -0.121544 -0.257846 -0.108053
v -0.159314 -0.240028 -0.132028
v -0.163400 -0.238398 -0.139294
v -0.169881 -0.238580 -0.147805
v -0.143720 -0.236293 -0.127148
v -0.146134 -0.254163 -0.110537
v -0.156787 -0.232681 -0.138397
v -0.143019 -0.229263 -0.135214
v -0.172593 -0.236964 -0.158611
v -0.167652 -0.222076 -0.165198
v -0.160164 -0.230029 -0.148921
v -0.166094 -0.227085 -0.163781
v -0.159698 -0.202436 -0.197349
v -0.160990 -0.204613 -0.184795
v -0.154734 -0.197527 -0.208625
v -0.155369 -0.205405 -0.220512
v -0.151405 -0.203907 -0.221117
v -0.151841 -0.196435 -0.210252
v -0.152082 -0.195320 -0.214510
v -0.150193 -0.190112 -0.198845
v -0.147321 -0.184624 -0.182453
v -0.149023 -0.185485 -0.198006
v -0.144042 -0.182266 -0.227230
v -0.145523 -0.178128 -0.208417
v -0.131173 -0.151434 -0.209543
v -0.134331 -0.158340 -0.219237
v -0.136507 -0.169163 -0.231776
v -0.151206 -0.204717 -0.228621
v -0.150411 -0.210160 -0.230126
v -0.155618 -0.233676 -0.240066
v -0.151378 -0.219503 -0.239324
v -0.149281 -0.215394 -0.236786
v -0.136474 -0.181423 -0.243661
v -0.148367 -0.212627 -0.239041
v -0.134206 -0.207482 -0.254164
v -0.158067 -0.249069 -0.243160
v -0.147089 -0.227449 -0.246920
v -0.147382 -0.219362 -0.241305
v -0.142799 -0.227442 -0.247910
v -0.166354 -0.393303 -0.216669
v -0.173514 -0.398590 -0.217515
v -0.162679 -0.403484 -0.218007
v -0.158540 -0.411225 -0.215922
v -0.153301 -0.421757 -0.217198
v -0.154813 -0.439137 -0.223498
v -0.154459 -0.441926 -0.238297
v -0.154761 -0.436508 -0.247499
v -0.139681 -0.438646 -0.245481
v -0.140371 -0.442763 -0.239132
v -0.154267 -0.442606 -0.231113
v -0.149918 -0.415760 -0.221607
v -0.148602 -0.411130 -0.226026
v -0.155693 -0.428065 -0.217057
v -0.147477 -0.419115 -0.217566
v -0.156034 -0.404706 -0.221849
v -0.165399 -0.394186 -0.226739
v -0.163895 -0.392145 -0.233157
v -0.168481 -0.396191 -0.221883
v -0.162634 -0.390178 -0.226350
v -0.153259 -0.401397 -0.229432
v -0.142127 -0.409102 -0.218945
v -0.148196 -0.408139 -0.229710
v -0.143981 -0.403931 -0.227279
v -0.131798 -0.409648 -0.213826
v -0.140015 -0.417184 -0.214150
v -0.143323 -0.431794 -0.216001
v -0.135908 -0.423571 -0.208845
v -0.156003 -0.402964 -0.194419
v -0.169969 -0.399706 -0.198550
v -0.165756 -0.399215 -0.193681
v -0.158905 -0.400555 -0.189238
v -0.164075 -0.395588 -0.195849
v -0.165952 -0.381081 -0.196581
v -0.168748 -0.373564 -0.197138
v -0.163090 -0.382467 -0.195446
v -0.166181 -0.371707 -0.203658
v -0.150774 -0.389750 -0.205461
v -0.141688 -0.408698 -0.181798
v -0.138967 -0.406500 -0.186798
v -0.134095 -0.402787 -0.192985
v -0.141988 -0.396284 -0.199378
v -0.131320 -0.400027 -0.198687
v -0.135443 -0.404790 -0.191776
v -0.141668 -0.411752 -0.202392
v -0.128760 -0.402940 -0.194936
v -0.163871 -0.211842 -0.178316
v -0.154316 -0.196668 -0.187195
v -0.153028 -0.210635 -0.161872
v -0.161991 -0.220678 -0.157282
v -0.143033 -0.211924 -0.151658
v -0.137071 -0.468328 0.047459
v -0.128903 -0.456239 0.013736
v -0.130586 -0.457286 0.028542
v -0.125786 -0.447263 0.006542
v -0.121839 -0.435292 -0.016872
v -0.127894 -0.447594 -0.017342
v -0.131148 -0.453437 -0.016135
v -0.122965 -0.441864 -0.017953
v -0.133066 -0.453207 -0.023118
v -0.136491 -0.461691 -0.001861
v -0.147605 -0.464765 -0.001617
v -0.157546 -0.464528 -0.002219
v -0.153174 -0.465268 -0.004051
v -0.150315 -0.461263 -0.018430
v -0.155393 -0.458510 -0.020446
v -0.132723 -0.448470 -0.037170
v -0.142933 -0.444648 -0.057952
v -0.137858 -0.443778 -0.058804
v -0.129708 -0.416718 -0.093732
v -0.131313 -0.399605 -0.128797
v -0.137499 -0.407482 -0.116603
v -0.128996 -0.404048 -0.129039
v -0.130253 -0.402374 -0.119912
v -0.110120 -0.402543 -0.123853
v -0.109696 -0.409278 -0.116169
v -0.100956 -0.413777 -0.116234
v -0.120707 -0.402909 -0.126932
v -0.124689 -0.395205 -0.125511
v -0.127407 -0.397395 -0.127510
v -0.119946 -0.391861 -0.122993
v -0.100344 -0.406230 -0.121164
v -0.097130 -0.424579 -0.119923
v -0.095081 -0.413188 -0.119739
v -0.098679 -0.431221 -0.126510
v -0.088604 -0.417765 -0.125313
v -0.096104 -0.407479 -0.123094
v -0.094889 -0.403399 -0.128847
v -0.101544 -0.402221 -0.124172
v -0.083544 -0.412764 -0.134542
v -0.082042 -0.406115 -0.129062
v -0.089356 -0.412986 -0.122063
v -0.097991 -0.433134 -0.136442
v -0.094786 -0.429620 -0.142488
v -0.105685 -0.436570 -0.123651
v -0.104519 -0.437972 -0.132997
v -0.107572 -0.442110 -0.141910
v -0.110370 -0.447533 -0.122871
v -0.110225 -0.444848 -0.118210
v -0.127084 -0.444234 -0.112817
v -0.104482 -0.435826 -0.116266
v -0.162908 -0.379684 -0.222829
v -0.167229 -0.373494 -0.115833
v -0.165221 -0.376787 -0.123322
v -0.126255 -0.242843 -0.117082
v -0.124541 -0.232233 -0.127566
v -0.152018 -0.230547 -0.142416
v -0.166198 -0.236336 -0.150414
v -0.159207 -0.225185 -0.153690
v -0.152233 -0.219966 -0.146932
v -0.148692 -0.225538 -0.144027
v -0.146807 -0.196087 -0.171153
v -0.154035 -0.203104 -0.171037
v -0.144075 -0.221956 -0.139098
v -0.136765 -0.193791 -0.160843
v -0.130174 -0.216339 -0.142613
v -0.143943 -0.183096 -0.185253
v -0.143257 -0.185587 -0.172910
v -0.121656 -0.187571 -0.155527
v -0.127825 -0.181986 -0.167229
v -0.121780 -0.185770 -0.159530
v -0.142695 -0.182430 -0.176717
v -0.139400 -0.168146 -0.194813
v -0.127014 -0.145816 -0.200502
v -0.123309 -0.146107 -0.191729
v -0.125457 -0.140117 -0.194781
v -0.118849 -0.146512 -0.184041
v -0.131990 -0.162518 -0.184615
v -0.139626 -0.173009 -0.190277
v -0.137077 -0.181276 -0.176673
v -0.127404 -0.170142 -0.176225
v -0.133879 -0.177899 -0.174286
v -0.121058 -0.176072 -0.162864
v -0.114014 -0.191968 -0.148796
v -0.127933 -0.203529 -0.147562
v -0.110689 -0.205653 -0.141156
v -0.114989 -0.188618 -0.155179
v -0.115499 -0.179171 -0.159759
v -0.122102 -0.158107 -0.175533
v -0.117362 -0.168610 -0.168785
v -0.106805 -0.167354 -0.163705
v -0.107695 -0.175493 -0.156324
v -0.108861 -0.191919 -0.151964
v -0.115349 -0.221095 -0.136268
v -0.092628 -0.178531 -0.153334
v -0.089514 -0.170100 -0.158583
v -0.109545 -0.156385 -0.168030
v -0.136651 -0.401621 0.066703
v -0.131660 -0.400892 0.054363
v -0.167405 -0.373117 -0.218285
v -0.166722 -0.369505 -0.216465
v -0.159541 -0.380180 -0.205961
v -0.138260 -0.400111 -0.214343
v -0.133825 -0.401967 -0.219292
v -0.128473 -0.402601 -0.216843
v -0.119955 -0.401861 -0.216716
v -0.115607 -0.418741 -0.210316
v -0.114654 -0.409928 -0.211893
v -0.125764 -0.425902 -0.211544
v -0.120940 -0.433898 -0.244984
v -0.115335 -0.428532 -0.245247
v -0.122311 -0.438946 -0.239223
v -0.117993 -0.434353 -0.239209
v -0.119787 -0.437786 -0.230342
v -0.152556 -0.448648 0.287323
v -0.152342 -0.452891 0.271846
v -0.162166 -0.445545 0.268022
v -0.155922 -0.450004 0.269686
v -0.147697 -0.456727 0.271582
v -0.144870 -0.456448 0.284179
v -0.147136 -0.455175 0.296418
v -0.138891 -0.467173 0.272961
v -0.136629 -0.469283 0.290991
v -0.141938 -0.462325 0.272602
v -0.134485 -0.461671 0.273800
v -0.137178 -0.471681 0.271493
v -0.148602 -0.439084 0.271781
v -0.124168 -0.475422 0.273511
v -0.156557 -0.358722 -0.108763
v -0.136598 -0.449735 -0.146330
v -0.135797 -0.442910 -0.154517
v -0.156635 -0.438637 0.229279
v -0.148036 -0.440681 0.230601
v -0.157289 -0.437217 0.223333
v -0.156581 -0.434543 0.214501
v -0.148123 -0.436704 0.215716
v -0.147485 -0.422732 0.210575
v -0.145400 -0.425596 0.180559
v -0.142190 -0.433597 0.177527
v -0.138161 -0.439538 0.177043
v -0.115905 -0.452363 0.188066
v -0.135639 -0.440641 0.167426
v -0.125459 -0.443633 0.212469
v -0.147230 -0.425464 0.214103
v -0.130760 -0.440189 0.215917
v -0.125602 -0.450442 0.217694
v -0.136432 -0.448934 0.215920
v -0.123611 -0.464766 0.213965
v -0.120246 -0.451416 0.215202
v -0.132454 -0.456160 0.215156
v -0.118514 -0.464240 0.213781
v -0.116265 -0.459748 0.211480
v -0.127047 -0.443279 0.182124
v -0.115923 -0.477169 0.208877
v -0.130384 -0.467116 0.211696
v -0.128358 -0.476277 0.224033
v -0.130723 -0.470965 0.225259
v -0.130487 -0.461018 0.213410
v -0.131885 -0.461887 0.228469
v -0.135463 -0.453439 0.230244
v -0.142480 -0.444983 0.230769
v -0.124251 -0.459128 0.231756
v -0.110771 -0.467368 0.229675
v -0.123456 -0.456303 0.234341
v -0.099111 -0.456273 0.238676
v -0.123745 -0.451829 0.243352
v -0.126060 -0.449132 0.237890
v -0.106692 -0.448764 0.255980
v -0.125575 -0.453544 0.249327
v -0.135202 -0.440500 0.236250
v -0.134384 -0.438913 0.242722
v -0.124931 -0.460964 0.259484
v -0.147341 -0.437560 0.269105
v -0.137986 -0.449847 0.270267
v -0.123182 -0.466433 0.266225
v -0.120804 -0.471665 0.270057
v -0.127319 -0.466411 0.272384
v -0.131939 -0.469587 0.058567
v -0.124408 -0.461725 0.078799
v -0.120415 -0.441240 0.041403
v -0.122059 -0.445554 0.062986
v -0.124673 -0.457833 0.089914
v -0.125809 -0.475773 0.104356
v -0.156992 -0.407422 -0.201363
v -0.145722 -0.412306 -0.193989
v -0.150507 -0.415799 -0.203791
v -0.119480 -0.402390 -0.196615
v -0.116122 -0.401097 -0.202974
v -0.117549 -0.400090 -0.216344
v -0.115932 -0.398996 -0.219878
v -0.115045 -0.402196 -0.200572
v -0.114380 -0.404877 -0.200997
v -0.134211 -0.410467 -0.204299
v -0.111375 -0.409885 -0.205550
v -0.113167 -0.426014 -0.204726
v -0.130650 -0.440961 -0.205321
v -0.107256 -0.397930 -0.208081
v -0.111120 -0.417255 -0.206430
v -0.123461 -0.446630 -0.198279
v -0.131404 -0.447640 -0.201160
v -0.099532 -0.409653 -0.209565
v -0.100777 -0.390198 -0.222678
v -0.103039 -0.395808 -0.208559
v -0.114798 -0.396665 -0.224132
v -0.107117 -0.378923 -0.236010
v -0.099683 -0.384598 -0.228130
v -0.092088 -0.376646 -0.227500
v -0.091932 -0.368516 -0.268173
v -0.111087 -0.380263 -0.237420
v -0.101709 -0.372887 -0.269874
v -0.084577 -0.365154 -0.257472
v -0.075648 -0.360690 -0.284052
v -0.073331 -0.355435 -0.267196
v -0.082377 -0.355291 -0.233112
v -0.094299 -0.368718 -0.231680
v -0.100283 -0.372807 -0.234468
v -0.091292 -0.363637 -0.230009
v -0.079277 -0.364164 -0.294711
v -0.094100 -0.369128 -0.299296
v -0.118227 -0.373144 -0.274083
v -0.072635 -0.352194 -0.262991
v -0.090377 -0.384682 -0.218966
v -0.082285 -0.369099 -0.219641
v -0.086830 -0.356629 -0.224770
v -0.072961 -0.335455 -0.257946
v -0.077718 -0.338973 -0.243343
v -0.082033 -0.342900 -0.232190
v -0.079860 -0.364818 -0.214254
v -0.088384 -0.348178 -0.220509
v -0.080760 -0.358795 -0.211084
v -0.086963 -0.341031 -0.226604
v -0.086491 -0.332017 -0.232888
v -0.091427 -0.333955 -0.224885
v -0.093954 -0.338448 -0.219313
v -0.090827 -0.338789 -0.212342
v -0.088475 -0.360189 -0.227502
v -0.104009 -0.330055 -0.221631
v -0.097612 -0.334393 -0.219102
v -0.083480 -0.351904 -0.205371
v -0.090669 -0.343318 -0.192441
v -0.100005 -0.327797 -0.190708
v -0.093049 -0.359164 -0.173140
v -0.107007 -0.317497 -0.198820
v -0.100644 -0.314550 -0.202879
v -0.097278 -0.310965 -0.196505
v -0.091587 -0.304568 -0.188283
v -0.139391 -0.443488 -0.228440
v -0.104725 -0.430682 -0.241165
v -0.090438 -0.404386 -0.241010
v -0.089483 -0.398463 -0.231988
v -0.106254 -0.401040 -0.222543
v -0.101131 -0.406671 -0.220902
v -0.106276 -0.407384 -0.216107
v -0.104497 -0.414298 -0.214896
v -0.100706 -0.403880 -0.226054
v -0.099322 -0.414126 -0.224454
v -0.097747 -0.410947 -0.228260
v -0.096383 -0.407883 -0.231232
v -0.101119 -0.418135 -0.220416
v -0.090704 -0.407185 -0.220029
v -0.104337 -0.421030 -0.217637
v -0.107083 -0.422751 -0.215756
v -0.095270 -0.415851 -0.217588
v -0.094400 -0.420058 -0.215545
v -0.102250 -0.427353 -0.215734
v -0.105142 -0.434371 -0.220276
v -0.093952 -0.425636 -0.217333
v -0.113802 -0.429793 -0.216410
v -0.123720 -0.442749 -0.231613
v -0.123696 -0.443167 -0.225382
v -0.121328 -0.436313 -0.215474
v -0.115979 -0.426964 -0.212053
v -0.122795 -0.440692 -0.219652
v -0.106765 -0.434685 -0.236091
v -0.101653 -0.422532 -0.245656
v -0.092271 -0.419732 -0.241739
v -0.093304 -0.427028 -0.236069
v -0.086276 -0.401134 -0.235645
v -0.085388 -0.399223 -0.228293
v -0.089491 -0.400193 -0.225842
v -0.082046 -0.409373 -0.231915
v -0.080900 -0.405285 -0.224817
v -0.085291 -0.402867 -0.221831
v -0.083674 -0.408868 -0.219737
v -0.081910 -0.412712 -0.223283
v -0.087323 -0.419513 -0.218623
v -0.088727 -0.412625 -0.217074
v -0.091612 -0.427270 -0.221659
v -0.108891 -0.437211 -0.226304
v -0.117852 -0.435758 -0.220724
v -0.097674 -0.432679 -0.229456
v -0.086534 -0.422248 -0.230844
v -0.085627 -0.416096 -0.235569
v -0.145644 -0.350405 -0.281970
v -0.126536 -0.425788 -0.165989
v -0.126470 -0.426069 -0.163894
v -0.123982 -0.418258 -0.165035
v -0.126346 -0.416633 -0.169027
v -0.146165 -0.445378 0.273474
v -0.148129 -0.405651 -0.235025
v -0.138301 -0.399484 -0.225511
v -0.136748 -0.400895 -0.222506
v -0.138878 -0.445291 0.215952
v -0.140330 -0.228389 -0.140287
v -0.119050 -0.242777 -0.118796
v -0.110213 -0.245363 -0.122707
v -0.113783 -0.234646 -0.127763
v -0.120213 -0.252579 -0.107279
v -0.113918 -0.260797 -0.106738
v -0.107387 -0.281876 -0.083127
v -0.095735 -0.299678 -0.066787
v -0.085473 -0.317654 -0.067232
v -0.090097 -0.347678 -0.041072
v -0.101959 -0.342738 -0.051955
v -0.086103 -0.349467 -0.040157
v -0.113682 -0.403283 -0.028583
v -0.112977 -0.398753 -0.043458
v -0.120839 -0.400721 -0.051167
v -0.111481 -0.394061 -0.058786
v -0.108576 -0.393815 -0.052771
v -0.093348 -0.373581 -0.039278
v -0.092693 -0.361146 -0.041040
v -0.080291 -0.345761 -0.042214
v -0.077515 -0.346801 -0.042683
v -0.077407 -0.334931 -0.059924
v -0.100367 -0.281456 -0.086397
v -0.096414 -0.292220 -0.071176
v -0.090833 -0.295438 -0.074033
v -0.087791 -0.304738 -0.069825
v -0.080691 -0.301167 -0.082318
v -0.088603 -0.291194 -0.091171
v -0.081120 -0.325777 -0.066029
v -0.069923 -0.344096 -0.058392
v -0.071184 -0.348042 -0.051029
v -0.071655 -0.362793 -0.049532
v -0.080411 -0.362510 -0.041913
v -0.094310 -0.405480 -0.039859
v -0.093421 -0.397534 -0.037282
v -0.089528 -0.411619 -0.040695
v -0.099479 -0.410363 -0.053953
v -0.090923 -0.415262 -0.051782
v -0.084691 -0.417031 -0.054443
v -0.079544 -0.415955 -0.042661
v -0.092494 -0.417117 -0.067137
v -0.105148 -0.406546 -0.064653
v -0.105739 -0.402461 -0.055388
v -0.144474 -0.220596 -0.247015
v -0.132885 -0.191146 -0.253026
v -0.131911 -0.183197 -0.246916
v -0.130680 -0.154256 -0.216959
v -0.131913 -0.157722 -0.226489
v -0.133686 -0.173358 -0.238013
v -0.132794 -0.160772 -0.225215
v -0.129238 -0.150911 -0.221933
v -0.126851 -0.148150 -0.209755
v -0.127916 -0.158182 -0.235980
v -0.128422 -0.141703 -0.204882
v -0.128867 -0.146968 -0.224200
v -0.120661 -0.129784 -0.218796
v -0.121944 -0.131509 -0.204657
v -0.119338 -0.140813 -0.184275
v -0.116636 -0.129863 -0.194003
v -0.107259 -0.133486 -0.180059
v -0.107685 -0.145927 -0.169802
v -0.112595 -0.120706 -0.196293
v -0.102527 -0.155107 -0.165785
v -0.111665 -0.149470 -0.174767
v -0.104475 -0.122834 -0.184942
v -0.093998 -0.111615 -0.186198
v -0.117370 -0.122146 -0.207344
v -0.107081 -0.108999 -0.205081
v -0.110333 -0.114378 -0.222908
v -0.118896 -0.145232 -0.247334
v -0.110353 -0.120850 -0.236072
v -0.107304 -0.119719 -0.237753
v -0.101435 -0.111389 -0.239132
v -0.110089 -0.127100 -0.245921
v -0.127542 -0.156120 -0.240877
v -0.115461 -0.154253 -0.260396
v -0.125653 -0.166031 -0.247796
v -0.124908 -0.164781 -0.252038
v -0.122727 -0.173224 -0.255749
v -0.120652 -0.174113 -0.261722
v -0.118520 -0.180223 -0.261612
v -0.129000 -0.189271 -0.252471
v -0.113288 -0.185222 -0.269190
v -0.107048 -0.128193 -0.250813
v -0.100310 -0.120820 -0.256725
v -0.109096 -0.133372 -0.255515
v -0.097448 -0.133362 -0.272307
v -0.104680 -0.135689 -0.261468
v -0.106052 -0.140225 -0.264742
v -0.101033 -0.144267 -0.270758
v -0.095115 -0.112122 -0.262246
v -0.095640 -0.096062 -0.236953
v -0.107209 -0.114230 -0.226225
v -0.093708 -0.107530 -0.257278
v -0.089480 -0.100097 -0.245445
v -0.089560 -0.113553 -0.266141
v -0.086465 -0.108424 -0.254693
v -0.092332 -0.120114 -0.274197
v -0.081550 -0.137272 -0.289489
v -0.087971 -0.128366 -0.283107
v -0.075108 -0.141523 -0.292936
v -0.091747 -0.159935 -0.282913
v -0.080619 -0.133028 -0.287693
v -0.085498 -0.122540 -0.276768
v -0.086444 -0.124927 -0.280779
v -0.095351 -0.103055 -0.249236
v -0.083151 -0.103200 -0.239347
v -0.082366 -0.107490 -0.244001
v -0.081912 -0.111552 -0.250732
v -0.073806 -0.107739 -0.254235
v -0.081065 -0.117758 -0.256549
v -0.078945 -0.122223 -0.259986
v -0.078424 -0.128593 -0.273277
v -0.058892 -0.094377 -0.254423
v -0.067784 -0.111190 -0.259920
v -0.079394 -0.125305 -0.267652
v -0.052311 -0.097891 -0.261089
v -0.057137 -0.104236 -0.270336
v -0.052727 -0.113525 -0.287971
v -0.074077 -0.136316 -0.284303
v -0.084856 -0.166068 -0.286259
v -0.069873 -0.141719 -0.289295
v -0.076938 -0.131837 -0.278929
v -0.047028 -0.103842 -0.287550
v -0.048019 -0.107684 -0.293527
v -0.042965 -0.089083 -0.262363
v -0.045580 -0.084612 -0.256270
v -0.037906 -0.086815 -0.278624
v -0.034426 -0.077247 -0.259836
v -0.042257 -0.102864 -0.292535
v -0.047022 -0.110715 -0.296309
v -0.047895 -0.118950 -0.294955
v -0.041093 -0.113618 -0.297949
v -0.027367 -0.111790 -0.302660
v -0.039962 -0.127134 -0.298958
v -0.066353 -0.145722 -0.291659
v -0.028557 -0.131834 -0.299494
v -0.036540 -0.140096 -0.298092
v -0.061149 -0.151020 -0.293154
v -0.142683 -0.439167 -0.156349
v -0.122146 -0.441708 -0.158142
v -0.121642 -0.431156 -0.164430
v -0.123620 -0.428750 -0.166120
v -0.122220 -0.428840 -0.166450
v -0.122220 -0.428840 -0.166450
v -0.120820 -0.428840 -0.166370
v -0.120820 -0.428840 -0.166370
v -0.119990 -0.428840 -0.166210
v -0.116709 -0.429611 -0.165494
v -0.118272 -0.440233 -0.172534
v -0.111838 -0.429363 -0.167816
v -0.107406 -0.431421 -0.172124
v -0.110817 -0.435618 -0.163503
v -0.105572 -0.434745 -0.176844
v -0.103580 -0.430443 -0.173669
v -0.107615 -0.433957 -0.169564
v -0.098547 -0.440965 -0.174977
v -0.101442 -0.427939 -0.175580
v -0.106082 -0.436867 -0.188862
v -0.097270 -0.428396 -0.186481
v -0.123126 -0.450022 -0.191132
v -0.100896 -0.424841 -0.201438
v -0.109760 -0.433363 -0.198286
v -0.096385 -0.415433 -0.206597
v -0.092167 -0.400624 -0.209430
v -0.097590 -0.392330 -0.208735
v -0.092280 -0.388510 -0.207541
v -0.089203 -0.385900 -0.205881
v -0.086703 -0.382391 -0.202516
v -0.081241 -0.392781 -0.203159
v -0.085841 -0.405276 -0.203895
v -0.083566 -0.406141 -0.200724
v -0.075281 -0.393319 -0.195921
v -0.092520 -0.420619 -0.195875
v -0.095761 -0.423259 -0.200405
v -0.093593 -0.425696 -0.191522
v -0.092869 -0.424251 -0.182065
v -0.100645 -0.436550 -0.175224
v -0.107874 -0.439216 -0.160747
v -0.105977 -0.441779 -0.155327
v -0.109651 -0.446418 -0.152399
v -0.094923 -0.442863 -0.171359
v -0.090138 -0.440979 -0.173509
v -0.095061 -0.423905 -0.176469
v -0.091603 -0.437466 -0.177889
v -0.091736 -0.418502 -0.172209
v -0.089424 -0.425012 -0.172113
v -0.088574 -0.436253 -0.176674
v -0.083828 -0.433453 -0.171856
v -0.088342 -0.417630 -0.158847
v -0.081203 -0.429377 -0.165633
v -0.091347 -0.420401 -0.183696
v -0.085810 -0.380191 -0.199430
v -0.082124 -0.376227 -0.208811
v -0.077720 -0.379532 -0.198298
v -0.070747 -0.378650 -0.189245
v -0.087785 -0.381762 -0.197808
v -0.081478 -0.370424 -0.200544
v -0.088918 -0.375363 -0.188397
v -0.092590 -0.383264 -0.193200
v -0.085191 -0.378558 -0.217863
v -0.138992 -0.353961 -0.309895
v -0.138800 -0.361645 -0.283158
v -0.133220 -0.361662 -0.296723
v -0.136029 -0.348471 -0.344965
v -0.132680 -0.367259 -0.274534
v -0.123810 -0.363925 -0.297459
v -0.116654 -0.360496 -0.322883
v -0.126114 -0.357750 -0.342723
v -0.132373 -0.343410 -0.356621
v -0.146982 -0.315280 -0.333987
v -0.120398 -0.299802 -0.276773
v -0.132602 -0.298537 -0.308575
v -0.141141 -0.304691 -0.327537
v -0.133958 -0.307580 -0.310178
v -0.133660 -0.303486 -0.323660
v -0.123554 -0.288194 -0.304451
v -0.141758 -0.304516 -0.335796
v -0.132935 -0.293668 -0.325709
v -0.144538 -0.312950 -0.341346
v -0.145723 -0.329161 -0.340547
v -0.140864 -0.326685 -0.350409
v -0.136940 -0.301220 -0.337643
v -0.132411 -0.300962 -0.333676
v -0.138765 -0.304592 -0.344361
v -0.122915 -0.284573 -0.316826
v -0.129593 -0.289787 -0.322562
v -0.129754 -0.293093 -0.336770
v -0.136118 -0.307158 -0.350237
v -0.132536 -0.324255 -0.357339
v -0.132235 -0.302503 -0.348342
v -0.127292 -0.301439 -0.343591
v -0.120958 -0.302943 -0.344008
v -0.129545 -0.310963 -0.352826
v -0.130378 -0.319839 -0.356532
v -0.123473 -0.311288 -0.348800
v -0.124332 -0.293266 -0.341497
v -0.126136 -0.288251 -0.334296
v -0.114055 -0.302326 -0.339012
v -0.117680 -0.291702 -0.290348
v -0.111258 -0.281417 -0.311390
v -0.117529 -0.282843 -0.331996
v -0.107004 -0.291790 -0.334257
v -0.111101 -0.280784 -0.327391
v -0.109449 -0.283134 -0.330479
v -0.102610 -0.283844 -0.324581
v -0.110413 -0.295760 -0.284253
v -0.107192 -0.288837 -0.295414
v -0.114546 -0.285117 -0.301655
v -0.105871 -0.315240 -0.241393
v -0.097849 -0.320950 -0.237244
v -0.091484 -0.306481 -0.261992
v -0.102089 -0.293478 -0.279201
v -0.089691 -0.316214 -0.250187
v -0.087294 -0.324390 -0.239540
v -0.076305 -0.330427 -0.254476
v -0.081934 -0.334547 -0.239336
v -0.079918 -0.327796 -0.246287
v -0.107313 -0.301011 -0.267744
v -0.103258 -0.283650 -0.306991
v -0.103217 -0.302753 -0.335676
v -0.104345 -0.314729 -0.340909
v -0.138287 -0.334801 -0.346009
v -0.125343 -0.327431 -0.357490
v -0.119603 -0.320607 -0.350308
v -0.130329 -0.331700 -0.356554
v -0.113572 -0.314412 -0.346531
v -0.093801 -0.285781 -0.323523
v -0.084000 -0.289539 -0.320832
v -0.077042 -0.290414 -0.318084
v -0.095910 -0.293218 -0.327505
v -0.086000 -0.298900 -0.328656
v -0.095550 -0.281865 -0.310373
v -0.073829 -0.289362 -0.305782
v -0.097759 -0.283182 -0.299161
v -0.096876 -0.288485 -0.286738
v -0.080307 -0.310228 -0.269434
v -0.081520 -0.319217 -0.252919
v -0.076401 -0.320316 -0.260435
v -0.065639 -0.348476 -0.290524
v -0.072802 -0.327028 -0.268947
v -0.143942 -0.401659 0.138033
v -0.130744 -0.418945 0.133646
v -0.132196 -0.414781 0.139303
v -0.122723 -0.429459 0.129538
v -0.136624 -0.425830 0.126357
v -0.134654 -0.406994 0.076780
v -0.134266 -0.415863 0.096060
v -0.135380 -0.422219 0.113648
v -0.116204 -0.433320 0.134618
v -0.116639 -0.448906 0.158434
v -0.122076 -0.445544 0.166378
v -0.120450 -0.439542 0.163544
v -0.131374 -0.428122 0.166355
v -0.133083 -0.446638 0.177026
v -0.130928 -0.447256 0.166552
v -0.128593 -0.455366 0.175806
v -0.128335 -0.452190 0.164227
v -0.118153 -0.455113 0.180609
v -0.113331 -0.460940 0.184305
v -0.115628 -0.469223 0.177416
v -0.125921 -0.464141 0.174179
v -0.126238 -0.471778 0.171322
v -0.126222 -0.458454 0.161882
v -0.124729 -0.437494 0.166796
v -0.130407 -0.441752 -0.050834
v -0.130522 -0.432609 -0.066481
v -0.125521 -0.422687 -0.071145
v -0.135809 -0.428541 -0.079512
v -0.142950 -0.425216 -0.086468
v -0.136278 -0.223614 -0.135516
v -0.123133 -0.225957 -0.131111
v -0.132562 -0.228319 -0.133906
v -0.124930 -0.229964 -0.131156
v -0.106439 -0.257194 -0.114751
v -0.113864 -0.254564 -0.109780
v -0.102799 -0.262655 -0.118714
v -0.100133 -0.251023 -0.129762
v -0.094528 -0.253093 -0.136546
v -0.098501 -0.259631 -0.120586
v -0.106835 -0.261480 -0.115295
v -0.112286 -0.259385 -0.111681
v -0.123704 -0.353926 -0.355985
v -0.116242 -0.351853 -0.359458
v -0.118599 -0.350552 -0.362277
v -0.124219 -0.347397 -0.362947
v -0.126475 -0.339024 -0.361557
v -0.114668 -0.347249 -0.361795
v -0.111247 -0.326394 -0.350563
v -0.095215 -0.333657 -0.346750
v -0.103202 -0.334016 -0.352146
v -0.110440 -0.340000 -0.356214
v -0.092828 -0.320416 -0.338778
v -0.091433 -0.307219 -0.333630
v -0.074661 -0.289330 -0.298256
v -0.093310 -0.283984 -0.296244
v -0.072695 -0.293133 -0.319636
v -0.076540 -0.310190 -0.328195
v -0.079259 -0.315767 -0.333039
v -0.081707 -0.325884 -0.337583
v -0.082500 -0.333989 -0.343952
v -0.104530 -0.343350 -0.353963
v -0.136831 -0.230560 -0.253537
v -0.121302 -0.208088 -0.262603
v -0.126909 -0.200322 -0.260067
v -0.113528 -0.187343 -0.266017
v -0.125641 -0.195226 -0.256628
v -0.119352 -0.204534 -0.260778
v -0.107233 -0.174246 -0.274063
v -0.133022 -0.426590 0.104510
v -0.134231 -0.429756 0.115215
v -0.133603 -0.433395 0.123442
v -0.117229 -0.441958 0.155610
v -0.112020 -0.441359 0.134008
v -0.112900 -0.440327 0.128517
v -0.116379 -0.443628 0.122481
v -0.126787 -0.439908 0.121357
v -0.127693 -0.435283 0.113029
v -0.112990 -0.215689 -0.264111
v -0.104342 -0.222646 -0.263969
v -0.111008 -0.212623 -0.262818
v -0.104811 -0.195312 -0.269715
v -0.102831 -0.194313 -0.273778
v -0.096567 -0.158257 -0.280890
v -0.089472 -0.166892 -0.285013
v -0.082924 -0.172486 -0.286950
v -0.112777 -0.164587 -0.268268
v -0.101927 -0.151638 -0.275325
v -0.096299 -0.153321 -0.278862
v -0.128451 -0.420380 -0.084055
v -0.120611 -0.425697 -0.054351
v -0.126302 -0.429817 -0.056042
v -0.125786 -0.437427 -0.041206
v -0.119606 -0.426029 -0.039745
v -0.115452 -0.407343 -0.071632
v -0.134446 -0.235915 -0.253096
v -0.121250 -0.229454 -0.260071
v -0.105170 -0.217498 -0.262880
v -0.095405 -0.203125 -0.270980
v -0.087677 -0.207383 -0.273777
v -0.095575 -0.200337 -0.274928
v -0.098628 -0.221612 -0.262543
v -0.072644 -0.180286 -0.287846
v -0.078213 -0.194116 -0.281715
v -0.078822 -0.170736 -0.286951
v -0.064556 -0.152437 -0.295894
v -0.051588 -0.157860 -0.292622
v -0.069630 -0.148347 -0.294971
v -0.056188 -0.159068 -0.295878
v -0.068287 -0.173900 -0.289301
v -0.068525 -0.178060 -0.286372
v -0.047696 -0.164699 -0.294819
v -0.041494 -0.169929 -0.293139
v -0.030590 -0.173437 -0.288551
v -0.042631 -0.162174 -0.289126
v -0.020368 -0.091855 -0.298103
v -0.010569 -0.095024 -0.300346
v -0.004356 -0.112492 -0.300019
v -0.016606 -0.123308 -0.300768
v -0.034008 -0.137049 -0.299735
v -0.020519 -0.156505 -0.283523
v -0.012672 -0.135147 -0.294764
v -0.036855 -0.165229 -0.285732
v -0.018430 -0.160975 -0.276654
v -0.023753 -0.172179 -0.275443
v -0.028910 -0.167470 -0.277285
v -0.032158 -0.167488 -0.281345
v -0.024473 -0.174185 -0.282433
v -0.016374 -0.176839 -0.272697
v -0.006838 -0.164147 -0.271946
v 0.003041 -0.115731 -0.295248
v -0.024284 -0.082944 -0.289990
v -0.030585 -0.084233 -0.286188
v -0.033788 -0.073840 -0.255128
v -0.010911 -0.054964 -0.255996
v -0.022188 -0.063788 -0.249420
v -0.032471 -0.064029 -0.238846
v -0.128072 -0.444067 -0.037854
v -0.121438 -0.434653 -0.036953
v -0.120664 -0.416109 -0.076616
v -0.116339 -0.398599 -0.089700
v -0.117663 -0.396689 -0.104036
v -0.116527 -0.403162 -0.069023
v -0.120582 -0.394082 -0.080130
v -0.121786 -0.396871 -0.065339
v -0.120642 -0.393709 -0.073688
v -0.112067 -0.391746 -0.069011
v -0.121264 -0.402482 -0.053465
v -0.121430 -0.405289 -0.040761
v -0.116387 -0.410478 -0.046507
v -0.116162 -0.417357 -0.026870
v -0.121116 -0.407919 -0.033293
v -0.120789 -0.409988 -0.027242
v -0.120757 -0.411935 -0.022688
v -0.118342 -0.428641 0.010602
v -0.118864 -0.430103 -0.016913
v -0.119852 -0.422947 0.009851
v -0.128660 -0.459214 0.039575
v -0.131459 -0.410725 0.076244
v -0.131607 -0.422304 0.091834
v -0.130360 -0.418708 0.080762
v -0.126752 -0.427674 0.094502
v -0.125534 -0.423541 0.080571
v -0.124023 -0.418182 0.061595
v -0.125183 -0.446164 0.118557
v -0.124870 -0.435302 0.103347
v -0.121233 -0.449354 0.088301
v -0.120949 -0.419235 0.041257
v -0.119947 -0.440516 0.067294
v -0.118638 -0.428337 0.042889
v -0.124775 -0.449417 0.024736
v -0.120555 -0.432291 0.036807
v -0.117735 -0.421048 0.024589
v -0.121379 -0.409586 0.033453
v -0.123574 -0.411566 0.045002
v -0.127370 -0.407480 0.045695
v -0.129314 -0.399296 0.041400
v -0.128596 -0.413966 0.065011
v -0.116294 -0.414236 0.002719
v -0.118404 -0.381626 -0.240029
v -0.084988 -0.365376 -0.302538
v -0.123332 -0.370515 -0.279558
v -0.120815 -0.358600 -0.341927
v -0.109392 -0.347952 -0.355478
v -0.108665 -0.350772 -0.352734
v -0.105318 -0.354735 -0.355498
v -0.103337 -0.347805 -0.356460
v -0.111814 -0.351833 -0.347711
v -0.130254 -0.409274 -0.107536
v -0.120458 -0.401432 -0.103130
v -0.119982 -0.449098 -0.147342
v -0.088291 -0.439653 -0.159325
v -0.083344 -0.427912 -0.155254
v -0.090688 -0.410265 -0.162126
v -0.091451 -0.416005 -0.168389
v -0.087537 -0.410397 -0.174381
v -0.081104 -0.408179 -0.191342
v -0.088998 -0.415970 -0.178262
v -0.077920 -0.403480 -0.181077
v -0.071446 -0.392699 -0.183453
v -0.091207 -0.385289 -0.196452
v -0.087795 -0.387355 -0.185180
v -0.089992 -0.372588 -0.180126
v -0.087780 -0.390061 -0.178226
v -0.082922 -0.361562 -0.196008
v -0.090271 -0.362891 -0.181938
v -0.119420 -0.350083 -0.071115
v -0.118765 -0.357431 -0.083939
v -0.111269 -0.468792 0.273463
v -0.107538 -0.464374 0.274158
v -0.097276 -0.481467 0.244509
v -0.096291 -0.475089 0.274324
v -0.088197 -0.469752 0.276702
v -0.076857 -0.463447 0.278387
v -0.079488 -0.470903 0.264259
v -0.074728 -0.465512 0.264279
v -0.110560 -0.233896 -0.130904
v -0.103057 -0.223964 -0.137077
v -0.100887 -0.197511 -0.148486
v -0.103948 -0.197198 -0.144498
v -0.103101 -0.180061 -0.154648
v -0.091086 -0.205678 -0.147478
v -0.105229 -0.231878 -0.132008
v -0.102379 -0.238391 -0.133266
v -0.088222 -0.210508 -0.143309
v -0.096783 -0.238262 -0.135724
v -0.095279 -0.244576 -0.138847
v -0.090179 -0.244616 -0.142065
v -0.087939 -0.261294 -0.143788
v -0.090386 -0.251187 -0.146389
v -0.087832 -0.237069 -0.147410
v -0.092665 -0.230588 -0.141940
v -0.087037 -0.265229 -0.129297
v -0.086683 -0.250867 -0.150442
v -0.084380 -0.244399 -0.155853
v -0.088066 -0.255708 -0.152811
v -0.077999 -0.224621 -0.152043
v -0.081803 -0.218021 -0.146967
v -0.075334 -0.230272 -0.158489
v -0.078137 -0.221206 -0.156057
v -0.081283 -0.215452 -0.151754
v -0.095226 -0.204665 -0.142219
v -0.094228 -0.192774 -0.150918
v -0.118149 -0.387295 -0.109645
v -0.121033 -0.388898 -0.093194
v -0.120472 -0.390816 -0.083261
v -0.111064 -0.387789 -0.076839
v -0.105926 -0.399756 -0.076989
v -0.099273 -0.411376 -0.073622
v -0.101408 -0.391734 -0.086601
v -0.090874 -0.392117 -0.092282
v -0.096908 -0.382365 -0.092622
v -0.090534 -0.372471 -0.096630
v -0.082263 -0.386310 -0.094605
v -0.082279 -0.371465 -0.097172
v -0.096128 -0.408724 -0.080825
v -0.090454 -0.414657 -0.077086
v -0.086535 -0.410244 -0.083610
v -0.079178 -0.415445 -0.073900
v -0.081360 -0.417016 -0.069202
v -0.089591 -0.411193 -0.033858
v -0.072288 -0.413289 -0.049026
v -0.069594 -0.407396 -0.070219
v -0.080530 -0.402490 -0.088088
v -0.073220 -0.399114 -0.085364
v -0.076107 -0.408478 -0.081302
v -0.067251 -0.398451 -0.076058
v -0.063635 -0.395667 -0.055094
v -0.108744 -0.380544 -0.084107
v -0.108727 -0.373245 -0.082589
v -0.110745 -0.369950 -0.082515
v -0.097937 -0.372962 -0.093183
v -0.106858 -0.366296 -0.094273
v -0.110925 -0.367041 -0.088016
v -0.112094 -0.367287 -0.094311
v -0.119810 -0.357998 -0.087265
v -0.117446 -0.353549 -0.094115
v -0.119389 -0.352549 -0.101251
v -0.120727 -0.354311 -0.101188
v -0.112809 -0.363347 -0.089742
v -0.116849 -0.359988 -0.085700
v -0.115242 -0.363473 -0.087733
v -0.106725 -0.356286 -0.104720
v -0.109204 -0.354621 -0.109746
v -0.116796 -0.359887 -0.108445
v -0.118611 -0.355680 -0.109098
v -0.112115 -0.363822 -0.110818
v -0.111226 -0.377698 -0.101753
v -0.110825 -0.382624 -0.091412
v -0.103596 -0.355726 -0.112990
v -0.111401 -0.368490 -0.112747
v -0.101142 -0.373000 -0.114228
v -0.093937 -0.354536 -0.111843
v -0.098042 -0.353489 -0.116066
v -0.108825 -0.374308 -0.114688
v -0.112916 -0.381997 -0.099258
v -0.118948 -0.384194 -0.104488
v -0.117485 -0.388603 -0.121010
v -0.088776 -0.403041 -0.124891
v -0.098575 -0.390920 -0.120314
v -0.092038 -0.399091 -0.131853
v -0.092308 -0.394150 -0.126107
v -0.087411 -0.376816 -0.129404
v -0.089795 -0.394990 -0.134361
v -0.089405 -0.399172 -0.127655
v -0.086026 -0.395028 -0.130783
v -0.088358 -0.391961 -0.137260
v -0.084333 -0.388571 -0.138337
v -0.081857 -0.397868 -0.132318
v -0.079525 -0.398922 -0.137535
v -0.082268 -0.406490 -0.145618
v -0.086507 -0.414825 -0.150364
v -0.090612 -0.425476 -0.147249
v -0.097290 -0.438741 -0.135765
v -0.092044 -0.434609 -0.140484
v -0.098698 -0.441045 -0.137623
v -0.094385 -0.442244 -0.158314
v -0.081793 -0.432089 -0.160383
v -0.088918 -0.436303 -0.145628
v -0.087007 -0.420543 -0.154310
v -0.118144 -0.471508 0.109789
v -0.126187 -0.467837 0.108414
v -0.123552 -0.462339 0.110817
v -0.122954 -0.458468 0.112607
v -0.124954 -0.451783 0.115891
v -0.110943 -0.447221 0.128319
v -0.119240 -0.454602 0.161088
v -0.117526 -0.463499 0.153797
v -0.120046 -0.466495 0.155547
v -0.125938 -0.467524 0.157578
v -0.112134 -0.459424 0.123451
v -0.113659 -0.452979 0.120464
v -0.117678 -0.478564 0.172299
v -0.092795 -0.460886 0.278836
v -0.085609 -0.446125 0.269394
v -0.098740 -0.459974 0.236223
v -0.084718 -0.452083 0.250223
v -0.088894 -0.457101 0.244914
v -0.115756 -0.417295 -0.044263
v -0.117095 -0.462864 0.112573
v -0.114166 -0.465435 0.114837
v -0.114300 -0.360891 -0.322342
v -0.108865 -0.367470 -0.310008
v -0.091513 -0.367229 -0.332579
v -0.085931 -0.369519 -0.324888
v -0.069682 -0.361330 -0.317160
v -0.106982 -0.363512 -0.337680
v -0.097210 -0.366426 -0.339974
v -0.113296 -0.356665 -0.335269
v -0.111224 -0.354461 -0.341563
v -0.098848 -0.355584 -0.358607
v -0.088206 -0.341760 -0.348075
v -0.069388 -0.303146 -0.322924
v -0.066708 -0.310812 -0.322945
v -0.067509 -0.298316 -0.315196
v -0.066794 -0.297469 -0.304711
v -0.068290 -0.299448 -0.297057
v -0.063887 -0.311319 -0.302876
v -0.076640 -0.300767 -0.286540
v -0.073664 -0.306521 -0.284000
v -0.080218 -0.294939 -0.285586
v -0.078349 -0.291138 -0.290957
v -0.081670 -0.303237 -0.277985
v -0.075941 -0.312702 -0.272087
v -0.086139 -0.299879 -0.275693
v -0.073116 -0.321778 -0.267342
v -0.070259 -0.329882 -0.270999
v -0.066065 -0.330427 -0.282810
v -0.067860 -0.353422 -0.301712
v -0.079177 -0.365622 -0.319103
v -0.070606 -0.360262 -0.327813
v -0.114755 -0.382731 -0.118598
v -0.117288 -0.382881 -0.113552
v -0.110496 -0.377536 -0.115731
v -0.092240 -0.383441 -0.121163
v -0.096600 -0.362557 -0.116720
v -0.092881 -0.373943 -0.118284
v -0.087369 -0.388051 -0.140069
v -0.088569 -0.386877 -0.146210
v -0.089702 -0.371634 -0.146488
v -0.090152 -0.388684 -0.151124
v -0.083975 -0.387187 -0.146196
v -0.080995 -0.391322 -0.140859
v -0.087841 -0.391573 -0.155187
v -0.089689 -0.385227 -0.165062
v -0.092316 -0.394227 -0.159289
v -0.088193 -0.369548 -0.159195
v -0.094882 -0.397629 -0.163721
v -0.083161 -0.394717 -0.151025
v -0.087371 -0.409931 -0.156030
v -0.090302 -0.401287 -0.162951
v -0.080170 -0.402649 -0.175941
v -0.102598 -0.263494 -0.112721
v -0.096166 -0.264722 -0.121862
v -0.098965 -0.275096 -0.098600
v -0.084027 -0.284884 -0.103882
v -0.093690 -0.267100 -0.118109
v -0.078631 -0.287806 -0.108099
v -0.075910 -0.296309 -0.093265
v -0.073128 -0.302662 -0.090399
v -0.071724 -0.303144 -0.129863
v -0.071851 -0.302012 -0.093432
v -0.072940 -0.317346 -0.132773
v -0.076700 -0.328763 -0.131337
v -0.074605 -0.335968 -0.106128
v -0.069513 -0.315925 -0.099839
v -0.070139 -0.333552 -0.085551
v -0.071853 -0.331657 -0.074985
v -0.072022 -0.336060 -0.097463
v -0.078129 -0.341193 -0.109921
v -0.064223 -0.353624 -0.063224
v -0.074343 -0.322086 -0.078260
v -0.104994 -0.109870 -0.214374
v -0.101051 -0.103928 -0.223845
v -0.102939 -0.107483 -0.207374
v -0.093631 -0.097075 -0.241283
v -0.093935 -0.088688 -0.222197
v -0.092127 -0.091648 -0.232334
v -0.091204 -0.085960 -0.207298
v -0.088124 -0.088081 -0.221478
v -0.088329 -0.091986 -0.230706
v -0.083245 -0.094441 -0.224382
v -0.088106 -0.085693 -0.212266
v -0.081569 -0.094170 -0.216268
v -0.083865 -0.098365 -0.232985
v -0.071730 -0.086095 -0.231883
v -0.087625 -0.088955 -0.196345
v -0.082461 -0.090648 -0.190592
v -0.097533 -0.098280 -0.210103
v -0.091345 -0.100315 -0.194685
v -0.091088 -0.109651 -0.187315
v -0.101641 -0.110959 -0.193405
v -0.094679 -0.140249 -0.168479
v -0.084307 -0.124112 -0.174129
v -0.076794 -0.145853 -0.162851
v -0.082291 -0.116818 -0.176856
v -0.079289 -0.115552 -0.177882
v -0.068652 -0.129509 -0.169900
v -0.066112 -0.145920 -0.164864
v -0.057446 -0.141856 -0.167321
v -0.067007 -0.127543 -0.172330
v -0.054313 -0.135552 -0.170049
v -0.079319 -0.104767 -0.183666
v -0.075385 -0.093763 -0.186083
v -0.096497 -0.108055 -0.194107
v -0.081116 -0.087029 -0.198000
v -0.072585 -0.091309 -0.189264
v -0.078905 -0.095839 -0.210302
v -0.076374 -0.096694 -0.205743
v -0.077590 -0.091214 -0.201994
v -0.066616 -0.093492 -0.191470
v -0.071408 -0.099200 -0.203006
v -0.059655 -0.085129 -0.210061
v -0.070328 -0.084864 -0.217515
v -0.057600 -0.075036 -0.225661
v -0.058003 -0.077548 -0.218111
v -0.037433 -0.071552 -0.221796
v -0.058876 -0.076472 -0.231962
v -0.052425 -0.076048 -0.240012
v -0.094581 -0.228207 -0.261741
v -0.099316 -0.251264 -0.244677
v -0.097765 -0.252606 -0.238518
v -0.091445 -0.253495 -0.230876
v -0.089871 -0.256797 -0.227286
v -0.091852 -0.251222 -0.239319
v -0.092827 -0.241156 -0.251807
v -0.071283 -0.202540 -0.278122
v -0.090766 -0.225330 -0.260322
v -0.078805 -0.215080 -0.266828
v -0.086003 -0.230845 -0.258688
v -0.079731 -0.248970 -0.230940
v -0.099660 -0.261191 -0.234021
v -0.085529 -0.253408 -0.221935
v -0.084561 -0.249953 -0.230044
v -0.082326 -0.256137 -0.215433
v -0.109132 -0.384647 -0.081597
v -0.100970 -0.289578 -0.215922
v -0.097847 -0.282151 -0.216706
v -0.093310 -0.263999 -0.219002
v -0.099856 -0.283768 -0.211492
v -0.096917 -0.282156 -0.208012
v -0.095549 -0.284853 -0.206671
v -0.093713 -0.279830 -0.201941
v -0.092939 -0.278591 -0.205612
v -0.090487 -0.269278 -0.204213
v -0.088669 -0.300199 -0.183386
v -0.095322 -0.308146 -0.191816
v -0.100675 -0.308255 -0.190310
v -0.104888 -0.312904 -0.196818
v -0.107141 -0.319812 -0.190013
v -0.101306 -0.314928 -0.180843
v -0.108567 -0.322620 -0.184754
v -0.089166 -0.318480 -0.167319
v -0.085068 -0.311959 -0.165793
v -0.096302 -0.303234 -0.183307
v -0.089612 -0.297771 -0.175214
v -0.086095 -0.296845 -0.178600
v -0.092165 -0.299921 -0.178677
v -0.099081 -0.152150 -0.161844
v -0.095450 -0.158162 -0.159614
v -0.057622 -0.138577 -0.170565
v -0.059685 -0.125515 -0.171404
v -0.050860 -0.145791 -0.171805
v -0.053193 -0.109901 -0.177268
v -0.055922 -0.101337 -0.182358
v -0.056038 -0.098690 -0.186156
v -0.050307 -0.126279 -0.172468
v -0.049166 -0.111187 -0.179389
v -0.055851 -0.100121 -0.190869
v -0.062609 -0.103789 -0.199358
v -0.051649 -0.102949 -0.185921
v -0.066524 -0.101494 -0.200799
v -0.051903 -0.080137 -0.213074
v -0.057600 -0.106427 -0.197081
v -0.038808 -0.113824 -0.192276
v -0.028177 -0.091435 -0.207225
v -0.036162 -0.082838 -0.211456
v -0.030801 -0.117681 -0.193876
v -0.049199 -0.116457 -0.190092
v -0.052629 -0.110193 -0.193681
v -0.020662 -0.127199 -0.200412
v -0.017464 -0.118124 -0.205248
v -0.018645 -0.106454 -0.206362
v -0.016503 -0.134819 -0.200604
v -0.029942 -0.142729 -0.192249
v -0.037685 -0.135324 -0.186467
v -0.033100 -0.138824 -0.189321
v -0.027416 -0.147621 -0.195643
v -0.015174 -0.150802 -0.185448
v -0.030420 -0.140321 -0.183153
v -0.043170 -0.129545 -0.185414
v -0.038378 -0.134109 -0.180391
v -0.044845 -0.124742 -0.177844
v -0.045175 -0.122019 -0.181364
v -0.046510 -0.122753 -0.186833
v -0.042617 -0.131452 -0.176050
v -0.109406 -0.328882 -0.175124
v -0.109989 -0.326424 -0.179010
v -0.109807 -0.334125 -0.170328
v -0.098964 -0.327828 -0.168968
v -0.108788 -0.337763 -0.166398
v -0.101262 -0.347067 -0.168678
v -0.106216 -0.341310 -0.159189
v -0.103715 -0.345127 -0.150775
v -0.091881 -0.336042 -0.152165
v -0.089967 -0.345651 -0.132059
v -0.102997 -0.347528 -0.144948
v -0.084260 -0.331222 -0.146761
v -0.093869 -0.356972 -0.152441
v -0.102702 -0.350057 -0.139930
v -0.091422 -0.368572 -0.141421
v -0.086478 -0.294052 -0.170024
v -0.077599 -0.301527 -0.153966
v -0.078308 -0.316123 -0.150961
v -0.083290 -0.291897 -0.172574
v -0.077025 -0.293378 -0.148729
v -0.084519 -0.291187 -0.165762
v -0.090548 -0.273941 -0.188916
v -0.087725 -0.262952 -0.207649
v -0.074282 -0.246219 -0.220582
v -0.076481 -0.253135 -0.202320
v -0.079745 -0.251387 -0.212320
v -0.076820 -0.249723 -0.204853
v -0.064078 -0.240931 -0.210908
v -0.069428 -0.242794 -0.230316
v -0.065731 -0.235468 -0.245816
v -0.071987 -0.246570 -0.223529
v -0.087006 -0.262168 -0.183455
v -0.088532 -0.268207 -0.176623
v -0.084797 -0.259427 -0.190892
v -0.082724 -0.286373 -0.158993
v -0.080871 -0.285183 -0.162993
v -0.080236 -0.279285 -0.154210
v -0.087355 -0.263571 -0.166005
v -0.085684 -0.259304 -0.163133
v -0.074806 -0.247019 -0.196451
v -0.066132 -0.243700 -0.218336
v -0.059587 -0.237127 -0.203199
v -0.074494 -0.250433 -0.192493
v -0.073551 -0.243648 -0.188305
v -0.084474 -0.253106 -0.164500
v -0.081383 -0.249921 -0.171136
v -0.087443 -0.260654 -0.158337
v -0.091676 -0.262472 -0.124657
v -0.090221 -0.267203 -0.125883
v -0.084716 -0.268234 -0.133631
v -0.081030 -0.274027 -0.145481
v -0.083872 -0.274002 -0.138852
v -0.086095 -0.270320 -0.131240
v -0.096957 -0.366387 -0.101388
v -0.086695 -0.363072 -0.105252
v -0.098711 -0.354308 -0.119981
v -0.098658 -0.352324 -0.126540
v -0.100866 -0.351259 -0.133200
v -0.091565 -0.365719 -0.122976
v -0.084812 -0.348041 -0.113710
v -0.082074 -0.358133 -0.106366
v -0.070834 -0.362296 -0.093023
v -0.075608 -0.368410 -0.095525
v -0.076145 -0.389207 -0.091851
v -0.069109 -0.381604 -0.087565
v -0.062295 -0.365308 -0.069368
v -0.063058 -0.382281 -0.070949
v -0.067400 -0.373280 -0.050034
v -0.063418 -0.377621 -0.056678
v -0.077603 -0.451559 0.281402
v -0.082345 -0.464614 0.279227
v -0.068660 -0.461637 0.270194
v -0.065196 -0.449879 0.285370
v -0.064186 -0.457572 0.274412
v -0.063679 -0.453388 0.283801
v -0.072068 -0.457410 0.282616
v -0.077496 -0.444875 0.270131
v -0.057339 -0.443180 0.279030
v -0.070241 -0.447901 0.264607
v -0.062074 -0.442689 0.281249
v -0.060360 -0.444155 0.285685
v -0.047330 -0.440101 0.289206
v -0.047522 -0.442717 0.286089
v -0.056465 -0.450085 0.278822
v -0.062381 -0.447548 0.271186
v -0.102364 -0.359301 -0.354900
v -0.096936 -0.360618 -0.355447
v -0.089150 -0.349473 -0.353590
v -0.086991 -0.358617 -0.352559
v -0.083051 -0.365564 -0.340015
v -0.080383 -0.359949 -0.349301
v -0.090181 -0.355844 -0.355898
v -0.078195 -0.362507 -0.343290
v -0.070203 -0.354118 -0.341730
v -0.087554 -0.182970 -0.154064
v -0.094006 -0.164433 -0.161121
v -0.083417 -0.176816 -0.156675
v -0.080348 -0.200960 -0.153792
v -0.079509 -0.190131 -0.154705
v -0.091770 -0.184613 -0.152316
v -0.085273 -0.211638 -0.148912
v -0.073380 -0.219965 -0.159112
v -0.069478 -0.226647 -0.166890
v -0.073468 -0.245836 -0.182552
v -0.073482 -0.240572 -0.181313
v -0.073579 -0.238591 -0.169879
v -0.073428 -0.235740 -0.172918
v -0.061306 -0.233281 -0.186338
v -0.046417 -0.232582 -0.222659
v -0.073925 -0.233975 -0.252240
v -0.074051 -0.230078 -0.253164
v -0.083861 -0.227328 -0.257959
v -0.066062 -0.221913 -0.260567
v -0.088071 -0.209259 -0.270016
v -0.076369 -0.214629 -0.269956
v -0.057039 -0.180632 -0.287276
v -0.032491 -0.177237 -0.289697
v -0.059742 -0.183309 -0.284475
v -0.072075 -0.218691 -0.263628
v -0.060499 -0.225027 -0.255288
v -0.061297 -0.222124 -0.262028
v -0.053026 -0.225754 -0.252031
v -0.049839 -0.217446 -0.262881
v -0.038275 -0.205232 -0.268961
v -0.056796 -0.204043 -0.275880
v -0.026123 -0.210530 -0.254187
v -0.055052 -0.226487 -0.248666
v -0.065088 -0.232109 -0.247350
v -0.051648 -0.234632 -0.230330
v -0.058645 -0.238422 -0.208419
v -0.045120 -0.227787 -0.201406
v -0.058642 -0.231197 -0.190492
v -0.074704 -0.228408 -0.162871
v -0.060678 -0.222251 -0.178955
v -0.062184 -0.215580 -0.172764
v -0.064435 -0.207313 -0.166749
v -0.070099 -0.194615 -0.159953
v -0.055381 -0.225153 -0.181860
v -0.056352 -0.213407 -0.170158
v -0.041034 -0.217541 -0.189425
v -0.055218 -0.232915 -0.195778
v -0.041359 -0.229728 -0.215832
v -0.056962 -0.232412 -0.239905
v -0.055016 -0.230020 -0.244693
v -0.058230 -0.235479 -0.238782
v -0.049692 -0.230954 -0.230655
v -0.049398 -0.227910 -0.239577
v -0.041368 -0.227077 -0.230953
v -0.043923 -0.226829 -0.227292
v -0.041646 -0.225877 -0.221578
v -0.034542 -0.223424 -0.217623
v -0.037522 -0.226400 -0.210423
v -0.059488 -0.205986 -0.164455
v -0.064147 -0.196412 -0.159345
v -0.086218 -0.168933 -0.154936
v -0.085327 -0.163668 -0.155647
v -0.078956 -0.154205 -0.160400
v -0.078171 -0.183760 -0.156158
v -0.075991 -0.187846 -0.158247
v -0.077626 -0.176637 -0.153602
v -0.070919 -0.185070 -0.155114
v -0.063902 -0.169899 -0.160352
v -0.053951 -0.190908 -0.165489
v -0.064117 -0.154357 -0.162545
v -0.051123 -0.205490 -0.171071
v -0.045495 -0.177488 -0.169659
v -0.040047 -0.196164 -0.174970
v -0.038701 -0.209769 -0.183604
v -0.092085 -0.363140 -0.129580
v -0.092945 -0.396245 -0.170931
v -0.088184 -0.404691 -0.171820
v -0.094375 -0.391505 -0.172750
v -0.093183 -0.384911 -0.179733
v -0.096826 -0.348675 -0.178750
v -0.087416 -0.375975 -0.041945
v -0.092335 -0.383025 -0.039992
v -0.085929 -0.403353 -0.030461
v -0.079519 -0.398967 -0.031107
v -0.084475 -0.384795 -0.036393
v -0.078255 -0.374237 -0.043699
v -0.077826 -0.380571 -0.040001
v -0.078994 -0.368788 -0.040350
v -0.079123 -0.415421 -0.028349
v -0.087427 -0.394954 -0.174157
v -0.081223 -0.396460 -0.173082
v -0.074578 -0.393290 -0.175782
v -0.076560 -0.372800 -0.193125
v -0.082290 -0.376412 -0.191451
v -0.074201 -0.374399 -0.177314
v -0.070860 -0.378811 -0.175454
v -0.078102 -0.383018 -0.174938
v -0.076387 -0.387484 -0.173011
v -0.068846 -0.377148 -0.180659
v -0.069417 -0.384820 -0.184133
v -0.071247 -0.370223 -0.182188
v -0.075008 -0.369253 -0.184833
v -0.066055 -0.404763 -0.051204
v -0.084117 -0.416068 -0.029852
v -0.084289 -0.418840 -0.035268
v -0.079285 -0.420138 -0.030841
v -0.072862 -0.416228 -0.031996
v -0.072145 -0.403815 -0.033870
v -0.072108 -0.419572 -0.038447
v -0.076178 -0.420413 -0.038653
v -0.068313 -0.412000 -0.038929
v -0.065480 -0.391026 -0.051841
v -0.070689 -0.387625 -0.041512
v -0.069966 -0.379762 -0.049062
v -0.080527 -0.344893 -0.345306
v -0.074602 -0.353087 -0.346373
v -0.065240 -0.354461 -0.320315
v -0.060702 -0.345839 -0.330123
v -0.056975 -0.341341 -0.316296
v -0.058611 -0.331241 -0.308070
v -0.063679 -0.325695 -0.294644
v -0.070203 -0.323860 -0.282736
v -0.069431 -0.321756 -0.289829
v -0.066081 -0.320395 -0.301087
v -0.068190 -0.319189 -0.298977
v -0.068875 -0.317486 -0.286111
v -0.066750 -0.316153 -0.322912
v -0.070653 -0.315263 -0.328040
v -0.069185 -0.338714 -0.339479
v -0.065127 -0.323152 -0.331190
v -0.062353 -0.321088 -0.326021
v -0.081770 -0.278940 -0.147361
v -0.076504 -0.287001 -0.131281
v -0.059138 -0.328243 -0.329100
v -0.057606 -0.334226 -0.331130
v -0.061007 -0.323009 -0.307775
v -0.067319 -0.317486 -0.309874
v -0.056005 -0.450413 0.281992
v -0.051683 -0.446153 0.287703
v -0.047376 -0.442177 0.289922
v -0.063872 -0.345129 -0.338102
v -0.043216 -0.188868 -0.282128
v -0.021002 -0.182849 -0.283445
v -0.031722 -0.193842 -0.276713
v -0.040618 -0.193076 -0.276786
v -0.045332 -0.196069 -0.279732
v -0.061141 -0.187497 -0.285983
v -0.053228 -0.186637 -0.282366
v -0.052682 -0.192468 -0.283146
v -0.047298 -0.189954 -0.279897
v -0.035606 -0.200006 -0.273878
v -0.025332 -0.203933 -0.264524
v -0.017106 -0.205359 -0.255252
v -0.023369 -0.200578 -0.264270
v -0.028417 -0.198310 -0.269221
v -0.020759 -0.198147 -0.268257
v -0.033196 -0.219185 -0.245591
v -0.022618 -0.216041 -0.227945
v -0.016361 -0.202123 -0.257044
v -0.009483 -0.200456 -0.254207
v -0.010823 -0.204878 -0.245247
v -0.038319 -0.223297 -0.215485
v -0.051703 -0.150425 -0.167824
v -0.036287 -0.142749 -0.177179
v -0.049536 -0.151006 -0.173105
v -0.047383 -0.156281 -0.169929
v -0.046645 -0.156699 -0.175756
v -0.042141 -0.171008 -0.170596
v -0.041036 -0.165528 -0.174989
v -0.044826 -0.159802 -0.177585
v -0.037212 -0.177760 -0.175181
v -0.038553 -0.157795 -0.175697
v -0.029172 -0.145230 -0.179871
v -0.015285 -0.156012 -0.179989
v -0.023590 -0.141964 -0.198157
v -0.020361 -0.150588 -0.193941
v -0.016564 -0.152971 -0.191870
v -0.011218 -0.141873 -0.197245
v -0.009493 -0.156967 -0.193523
v -0.008095 -0.157723 -0.185159
v -0.017921 -0.150049 -0.181137
v -0.036553 -0.187539 -0.173787
v -0.032338 -0.201545 -0.180057
v -0.031522 -0.212839 -0.189297
v -0.031325 -0.216641 -0.195586
v -0.033570 -0.221866 -0.201711
v -0.035456 -0.220836 -0.209767
v -0.032643 -0.217978 -0.204353
v -0.022202 -0.208766 -0.204227
v -0.004413 -0.199453 -0.215168
v -0.031160 -0.213707 -0.198611
v -0.030348 -0.210012 -0.189212
v -0.030418 -0.204214 -0.188315
v -0.016369 -0.198258 -0.195892
v -0.026716 -0.174725 -0.177007
v -0.032423 -0.193426 -0.179770
v -0.026323 -0.186089 -0.180953
v -0.018456 -0.169101 -0.179908
v -0.003467 -0.164577 -0.187530
v -0.032668 -0.167179 -0.179055
v -0.024996 -0.171481 -0.180710
v -0.011904 -0.175947 -0.185704
v -0.002976 -0.162331 -0.190001
v -0.019394 -0.175680 -0.183212
v -0.013493 -0.180279 -0.188309
v -0.008536 -0.185312 -0.194917
v 0.003334 -0.173719 -0.197318
v -0.001081 -0.164724 -0.198260
v 0.003399 -0.170652 -0.198025
v -0.002711 -0.139266 -0.200377
v -0.003069 -0.131141 -0.204039
v -0.006612 -0.115072 -0.205135
v -0.009965 -0.105564 -0.204139
v -0.028378 -0.102383 -0.201344
v -0.018014 -0.098668 -0.208504
v -0.004007 -0.123741 -0.201916
v 0.005128 -0.115889 -0.206297
v 0.009713 -0.130595 -0.210812
v 0.011100 -0.114831 -0.207542
v 0.016360 -0.116235 -0.212194
v 0.017139 -0.133419 -0.217469
v -0.004740 -0.160975 -0.195135
v -0.047459 -0.226918 -0.244223
v -0.018391 -0.087153 -0.213476
v -0.036227 -0.066478 -0.228371
v -0.020380 -0.057493 -0.230204
v -0.020632 -0.063079 -0.224202
v -0.029755 -0.069822 -0.222359
v -0.016268 -0.078118 -0.218360
v -0.034917 -0.195721 -0.273692
v -0.012562 -0.187706 -0.275369
v -0.003155 -0.190962 -0.263514
v -0.008037 -0.182142 -0.266334
v 0.015296 -0.140079 -0.264143
v -0.007728 -0.151962 -0.274819
v 0.021067 -0.136771 -0.259580
v 0.000389 -0.145015 -0.272330
v -0.005389 -0.142758 -0.283789
v -0.030635 -0.098438 -0.297907
v -0.012455 -0.061324 -0.271306
v -0.015412 -0.054111 -0.233235
v -0.010155 -0.062597 -0.219087
v -0.012494 -0.054056 -0.226343
v -0.005165 -0.044042 -0.228045
v -0.009916 -0.084960 -0.204840
v 0.001844 -0.067054 -0.195547
v -0.001979 -0.057821 -0.204667
v -0.002784 -0.050750 -0.217996
v -0.005741 -0.045537 -0.235385
v 0.007722 -0.025862 -0.231158
v -0.007542 -0.053188 -0.244043
v 0.003560 -0.035563 -0.262147
v 0.004582 -0.040308 -0.248689
v 0.000656 -0.044159 -0.243978
v 0.012423 -0.030363 -0.247040
v 0.019766 -0.022815 -0.250203
v -0.004282 -0.050404 -0.269815
v -0.012303 -0.084310 -0.295657
v -0.004025 -0.062685 -0.280896
v 0.004939 -0.035211 -0.270597
v 0.006990 -0.028605 -0.237051
v 0.009144 -0.026470 -0.224636
v 0.014772 -0.055117 -0.188120
v 0.005860 -0.082479 -0.192140
v 0.019526 -0.080674 -0.186248
v 0.011021 -0.095288 -0.194967
v 0.014223 -0.073159 -0.186005
v 0.011324 -0.035595 -0.202895
v 0.014868 -0.103903 -0.199173
v 0.000209 -0.091863 -0.197652
v -0.017563 -0.181083 -0.182486
v -0.005739 -0.203509 -0.229572
v -0.006386 -0.202496 -0.239414
v -0.011267 -0.184165 -0.275146
v 0.002079 -0.188614 -0.254808
v 0.008133 -0.174603 -0.251343
v 0.000482 -0.185095 -0.252922
v -0.002495 -0.183936 -0.259015
v 0.003483 -0.185262 -0.245183
v -0.009247 -0.107230 -0.302206
v 0.023824 -0.071834 -0.289113
v 0.004942 -0.059221 -0.282472
v 0.026123 -0.006794 -0.232297
v 0.024473 -0.009234 -0.221569
v 0.012298 -0.030267 -0.216175
v -0.010105 -0.188412 -0.193592
v -0.004991 -0.194705 -0.206148
v -0.004351 -0.189990 -0.204418
v -0.002102 -0.194483 -0.213989
v -0.003243 -0.200080 -0.228357
v 0.007545 -0.190480 -0.227921
v 0.003610 -0.191295 -0.250347
v 0.014125 -0.170002 -0.234325
v 0.015962 -0.163173 -0.245248
v 0.005947 -0.184280 -0.236761
v 0.008074 -0.188273 -0.235277
v 0.009312 -0.182918 -0.219989
v 0.002283 -0.193256 -0.218208
v 0.006622 -0.180272 -0.224353
v 0.005574 -0.176207 -0.215333
v 0.023235 -0.135986 -0.227193
v 0.010900 -0.164915 -0.216153
v 0.003858 -0.172582 -0.208731
v 0.006291 -0.175580 -0.204840
v 0.007692 -0.181747 -0.210586
v 0.002332 -0.184858 -0.205147
v 0.001513 -0.168201 -0.202285
v 0.016159 -0.126269 -0.274103
v 0.004967 -0.123871 -0.289552
v 0.020004 -0.100053 -0.286256
v 0.012008 -0.095514 -0.293530
v 0.022778 -0.107447 -0.204175
v 0.004828 -0.157193 -0.202865
v 0.025433 -0.091587 -0.190285
v 0.017508 -0.068760 -0.288749
v 0.007353 -0.052235 -0.281548
v 0.015754 -0.019266 -0.265911
v 0.012687 -0.025473 -0.274622
v 0.003442 -0.045165 -0.276390
v 0.022385 -0.027476 -0.284288
v 0.019176 -0.016586 -0.274017
v 0.023297 -0.017098 -0.279747
v 0.031012 -0.053109 -0.286189
v 0.029417 -0.076475 -0.288328
v 0.012145 -0.043529 -0.194689
vn -0.4975 0.1180 0.8594
vn -0.5034 0.0427 -0.8630
vn -0.6148 -0.7789 -0.1242
vn -0.5040 -0.0051 -0.8637
vn -0.4772 -0.3885 0.7883
vn -0.0198 0.8083 -0.5885
vn -0.0939 0.6361 0.7658
vn 0.1068 0.9833 0.1471
vn -0.4499 -0.1942 -0.8717
vn -0.4493 -0.1959 -0.8716
vn -0.4501 -0.1934 -0.8718
vn -0.4033 0.0055 -0.9151
vn -0.0991 0.5678 0.8172
vn -0.3034 -0.2954 0.9059
vn -0.6525 -0.7531 -0.0842
vn -0.3352 -0.2232 0.9153
vn -0.1115 0.4149 -0.9030
vn -0.2772 -0.2302 0.9328
vn -0.5808 -0.7424 0.3340
vn -0.1236 0.4383 -0.8903
vn -0.1274 0.4383 -0.8898
vn -0.1230 0.4382 -0.8904
vn -0.0275 0.8314 -0.5550
vn 0.1329 0.9813 0.1390
vn -0.0030 0.8655 -0.5008
vn 0.1668 0.9694 0.1800
vn 0.1492 0.9733 0.1744
vn -0.2466 -0.2113 0.9458
vn -0.0192 0.5870 0.8094
vn -0.0060 0.5527 0.8334
vn -0.0215 0.5401 0.8413
vn -0.1080 0.6070 0.7873
vn -0.0805 0.3316 0.9400
vn -0.1410 0.2689 0.9528
vn -0.8533 0.5093 0.1116
vn -0.8563 0.5036 0.1145
vn -0.8571 0.5021 0.1153
vn -0.5538 -0.7121 -0.4316
vn -0.5838 -0.7096 -0.3944
vn -0.4491 -0.1965 -0.8716
vn -0.4614 -0.2154 -0.8606
vn -0.4901 -0.2084 -0.8464
vn -0.1794 0.5585 0.8098
vn 0.1385 0.9542 0.2652
vn 0.1274 0.9714 0.2004
vn 0.1241 0.9723 0.1979
vn 0.1271 0.9715 0.2002
vn 0.1237 0.9724 0.1977
vn -0.1317 0.4384 -0.8891
vn -0.1259 0.4258 -0.8960
vn -0.1221 0.4225 -0.8981
vn -0.1236 0.4242 -0.8971
vn -0.0029 0.8504 -0.5261
vn 0.3598 0.9307 0.0653
vn 0.3599 0.9307 0.0652
vn -0.2248 0.8863 0.4049
vn 0.3301 0.8008 0.4997
vn -0.4291 0.8148 0.3897
vn 0.0128 0.8664 -0.4992
vn 0.0753 0.9695 0.2331
vn 0.0083 0.8794 -0.4760
vn 0.1516 0.9794 0.1337
vn -0.0923 0.6343 -0.7675
vn -0.0923 0.6340 -0.7678
vn -0.1855 0.3854 -0.9039
vn -0.9168 0.3437 -0.2033
vn -0.0258 0.7301 -0.6828
vn -0.0710 0.8620 -0.5018
vn -0.8869 0.3877 -0.2512
vn -0.8651 0.4539 -0.2136
vn 0.1169 0.9624 0.2453
vn 0.1284 0.9542 0.2702
vn 0.1224 0.7541 0.6453
vn -0.4151 -0.2110 0.8850
vn -0.8463 0.2590 0.4654
vn -0.8763 0.4761 -0.0736
vn -0.3725 -0.1993 0.9064
vn -0.8351 0.1823 0.5191
vn -0.8709 0.4707 -0.1412
vn -0.8062 0.5630 -0.1818
vn -0.8230 0.5419 -0.1703
vn -0.3622 -0.2962 0.8838
vn -0.8649 0.4992 -0.0523
vn -0.7448 0.6647 0.0590
vn -0.7942 0.1907 0.5770
vn -0.7871 0.2362 0.5698
vn -0.7178 0.1980 0.6675
vn -0.7861 0.6145 0.0662
vn -0.8878 0.4558 -0.0642
vn -0.7711 0.6189 0.1496
vn -0.8739 0.4818 -0.0647
vn -0.9323 0.2947 -0.2097
vn -0.5273 0.8487 -0.0401
vn -0.5276 0.8485 -0.0400
vn -0.5277 0.8485 -0.0399
vn -0.7774 -0.1973 0.5972
vn -0.3555 0.1968 -0.9137
vn -0.7855 -0.6142 -0.0753
vn -0.5443 -0.2733 -0.7931
vn 0.1480 0.9396 0.3086
vn -0.8070 -0.5775 -0.1239
vn -0.7391 -0.6568 -0.1499
vn -0.0721 0.3439 -0.9362
vn -0.1088 0.2205 -0.9693
vn 0.3159 0.8114 -0.4917
vn -0.5111 -0.2605 -0.8191
vn -0.5123 -0.1773 -0.8403
vn -0.5067 -0.1755 -0.8440
vn -0.5043 -0.1746 -0.8457
vn -0.7861 -0.5723 -0.2337
vn -0.8215 -0.4357 0.3678
vn -0.7628 -0.5986 -0.2446
vn 0.4235 0.8977 -0.1217
vn 0.0691 0.2100 -0.9753
vn -0.0864 0.5627 -0.8221
vn -0.5756 -0.2889 -0.7650
vn -0.5146 -0.1780 -0.8387
vn 0.1838 0.6578 -0.7304
vn -0.1511 0.1582 -0.9758
vn -0.1546 0.1577 -0.9753
vn -0.1510 0.1601 -0.9755
vn -0.1533 0.1590 -0.9753
vn 0.1841 0.6709 -0.7184
vn -0.1464 0.1522 -0.9775
vn 0.4734 0.8806 -0.0208
vn 0.4736 0.8805 -0.0210
vn 0.4731 0.8808 -0.0205
vn 0.4297 0.9030 -0.0071
vn 0.4696 0.8827 -0.0171
vn 0.2164 0.8324 0.5102
vn 0.2165 0.8324 0.5101
vn -0.6996 -0.1485 0.6989
vn -0.6995 -0.1485 0.6990
vn -0.6523 -0.0713 0.7546
vn -0.6653 -0.1184 0.7371
vn -0.2761 0.3064 0.9110
vn -0.2756 0.3046 0.9118
vn -0.2754 0.3040 0.9120
vn 0.0459 0.7261 0.6861
vn -0.7551 -0.6108 -0.2382
vn -0.7553 -0.6106 -0.2382
vn -0.7556 -0.6103 -0.2380
vn -0.7560 -0.6098 -0.2378
vn -0.7825 -0.5573 -0.2777
vn -0.7955 -0.5395 -0.2760
vn -0.8471 -0.3951 0.3555
vn -0.6174 -0.0228 0.7863
vn -0.6679 -0.0587 0.7419
vn -0.8379 -0.4360 0.3285
vn -0.8152 0.5390 -0.2118
vn -0.6428 0.7409 0.1945
vn -0.7205 0.6932 0.0210
vn -0.6509 0.7559 0.0701
vn -0.5892 0.6393 -0.4940
vn -0.7003 0.5951 -0.3943
vn -0.6372 0.7549 0.1549
vn -0.6684 0.4865 0.5626
vn -0.2905 -0.2838 0.9138
vn -0.6974 0.7116 0.0855
vn -0.3014 -0.3373 0.8918
vn -0.2689 -0.3416 0.9006
vn -0.7924 0.6049 0.0795
vn -0.6623 0.7357 0.1415
vn -0.7401 0.6699 0.0589
vn -0.7366 0.6459 0.2008
vn -0.1969 -0.2604 0.9452
vn -0.5349 0.8376 0.1110
vn -0.1981 -0.3587 0.9122
vn -0.2866 0.8345 0.4706
vn -0.2836 0.8588 0.4266
vn -0.7171 0.6682 0.1982
vn -0.7498 0.6582 0.0679
vn -0.2373 0.8871 0.3959
vn -0.3768 0.7980 0.4704
vn -0.3633 0.8613 0.3553
vn -0.7044 0.6863 0.1810
vn -0.1871 0.7313 0.6559
vn -0.9443 0.1092 -0.3105
vn -0.9442 0.1095 -0.3107
vn -0.9444 0.1095 -0.3100
vn -0.2656 0.6436 0.7178
vn -0.9389 0.1240 -0.3209
vn -0.8749 0.4194 -0.2422
vn -0.8913 0.3855 -0.2387
vn -0.9069 0.4205 0.0274
vn -0.9420 0.1106 -0.3169
vn -0.9214 0.2391 -0.3065
vn -0.7643 0.6404 0.0755
vn -0.6855 0.6813 0.2569
vn 0.1967 0.7919 0.5781
vn 0.1836 0.8037 0.5660
vn -0.8922 0.4368 -0.1145
vn -0.8923 0.4367 -0.1146
vn 0.1600 0.8531 0.4966
vn -0.9378 0.1723 -0.3013
vn 0.0832 0.8173 0.5702
vn -0.4206 0.7060 0.5698
vn 0.2426 0.6565 0.7142
vn -0.7523 -0.3364 0.5664
vn -0.8260 -0.2802 0.4891
vn -0.7240 -0.2067 0.6581
vn -0.7878 -0.5778 -0.2131
vn -0.9487 0.3013 -0.0962
vn -0.7924 -0.5937 0.1401
vn -0.7367 -0.1384 0.6620
vn -0.9786 0.2050 -0.0172
vn -0.8368 0.2592 -0.4822
vn -0.7166 -0.5969 -0.3608
vn -0.5642 -0.3334 -0.7553
vn -0.5183 -0.2497 -0.8179
vn 0.2587 0.7306 -0.6318
vn 0.4436 0.8951 -0.0459
vn 0.4396 0.8974 -0.0381
vn 0.4405 0.8968 -0.0399
vn 0.2692 0.6913 -0.6705
vn 0.4446 0.8944 -0.0480
vn -0.2763 0.3069 0.9107
vn 0.0490 0.4491 0.8921
vn 0.0491 0.4492 0.8921
vn -0.3088 0.2267 0.9237
vn -0.3461 0.2254 0.9107
vn -0.8104 0.5607 -0.1701
vn -0.3946 -0.0036 0.9189
vn -0.5530 0.8262 -0.1071
vn -0.5797 0.8087 -0.1000
vn -0.7068 0.6959 -0.1273
vn -0.7537 0.6494 -0.1010
vn -0.5748 0.8123 -0.0984
vn -0.4784 0.8782 0.0033
vn -0.5986 0.0700 0.7980
vn 0.2257 0.8460 0.4830
vn -0.0491 0.5722 0.8186
vn -0.4851 -0.0226 0.8742
vn -0.4854 -0.0228 0.8740
vn -0.4860 -0.0240 0.8736
vn -0.5908 0.3293 0.7366
vn -0.5641 0.8091 0.1645
vn 0.4166 0.9080 -0.0450
vn 0.2081 0.8378 0.5047
vn 0.4161 0.9059 0.0787
vn 0.4126 0.9105 -0.0267
vn 0.2430 0.7279 -0.6412
vn -0.1452 0.1377 -0.9798
vn -0.1453 0.1464 -0.9785
vn -0.1452 0.1471 -0.9784
vn -0.4452 -0.2609 -0.8566
vn -0.8400 0.2199 -0.4961
vn -0.1868 0.1762 -0.9665
vn -0.1832 0.0327 -0.9825
vn -0.1127 0.2267 -0.9674
vn -0.9591 0.2444 -0.1430
vn -0.9092 0.4158 0.0218
vn -0.9526 -0.1432 0.2684
vn -0.9970 -0.0374 0.0677
vn -0.9483 0.0722 -0.3091
vn -0.9472 0.0744 -0.3119
vn -0.9478 0.0733 -0.3102
vn -0.9449 0.0799 -0.3173
vn -0.9446 0.0812 -0.3181
vn -0.9992 -0.0400 0.0039
vn -0.3026 0.0823 -0.9496
vn -0.3035 0.0840 -0.9491
vn -0.3033 0.0831 -0.9493
vn -0.5460 -0.4887 -0.6805
vn -0.5384 -0.1117 -0.8352
vn -0.2470 0.3570 -0.9009
vn -0.9560 -0.1139 -0.2705
vn -0.8378 0.0887 -0.5388
vn -0.8375 0.0891 -0.5391
vn -0.8373 0.0884 -0.5396
vn -0.8315 0.0837 -0.5491
vn -0.7881 -0.1143 0.6049
vn -0.7761 -0.1760 0.6056
vn -0.8924 -0.4343 -0.1229
vn -0.8747 -0.4796 0.0703
vn -0.8163 -0.3209 0.4802
vn -0.3344 0.2516 0.9082
vn -0.2435 0.2400 0.9397
vn -0.5311 -0.0365 0.8465
vn -0.8860 -0.4636 -0.0057
vn -0.8451 -0.5324 0.0477
vn -0.5839 -0.3154 0.7481
vn -0.5846 -0.2784 0.7621
vn -0.5815 -0.2748 0.7657
vn -0.5838 -0.2774 0.7631
vn -0.9876 -0.0242 -0.1552
vn -0.8710 -0.2075 0.4453
vn -0.9880 -0.1339 0.0770
vn -0.2158 0.2088 -0.9539
vn -0.3039 0.0839 -0.9490
vn -0.3116 0.1413 -0.9396
vn -0.9297 -0.2308 0.2871
vn -0.8275 -0.4006 0.3935
vn -0.8490 -0.2624 0.4586
vn -0.4495 -0.2783 -0.8488
vn -0.7098 -0.3167 -0.6292
vn -0.2476 0.2153 -0.9446
vn -0.8853 0.2565 -0.3878
vn 0.3485 0.2617 -0.9000
vn -0.7137 -0.2592 -0.6507
vn 0.2772 0.2795 -0.9193
vn -0.9910 0.0069 0.1334
vn -0.8960 0.3934 -0.2062
vn 0.3424 0.6306 -0.6965
vn -0.6461 0.7537 -0.1206
vn -0.6576 0.7464 -0.1020
vn -0.6445 0.7564 -0.1113
vn -0.7418 0.4944 0.4530
vn -0.7371 0.4786 0.4771
vn -0.4511 0.6447 0.6171
vn 0.4263 0.8575 -0.2881
vn -0.6962 0.1665 0.6982
vn -0.8027 0.5118 0.3062
vn -0.7044 0.2924 0.6468
vn 0.3415 0.9332 -0.1120
vn 0.3413 0.9332 -0.1122
vn -0.7575 0.6306 -0.1687
vn -0.7734 0.6141 -0.1572
vn -0.7666 0.6336 -0.1044
vn 0.4050 0.9142 -0.0147
vn 0.2596 0.7879 -0.5585
vn 0.2269 0.7886 -0.5716
vn -0.1453 0.1484 -0.9782
vn 0.1845 0.6384 -0.7473
vn -0.9020 0.0522 -0.4285
vn -0.9045 0.1950 -0.3793
vn -0.8873 0.1391 -0.4397
vn -0.7705 -0.2255 0.5962
vn -0.7703 -0.2257 0.5964
vn -0.8691 0.4322 -0.2405
vn -0.5419 -0.1704 0.8230
vn -0.7398 0.6488 0.1785
vn -0.7070 0.6875 -0.1658
vn -0.5795 0.8142 -0.0353
vn 0.1165 0.4812 -0.8689
vn 0.1045 0.5113 -0.8530
vn 0.0999 0.5141 -0.8519
vn 0.1051 0.5118 -0.8526
vn -0.1016 0.6630 -0.7417
vn -0.0093 0.6163 -0.7875
vn 0.0985 0.5149 -0.8516
vn 0.1194 0.5133 -0.8499
vn -0.3734 0.9276 0.0055
vn -0.4413 0.8949 -0.0657
vn -0.4123 0.8946 0.1724
vn -0.4023 0.9142 -0.0479
vn -0.3837 0.8800 -0.2801
vn -0.3984 0.8814 -0.2538
vn -0.4022 0.8768 -0.2636
vn -0.3986 0.8811 -0.2544
vn -0.3599 0.8951 -0.2631
vn -0.5510 0.8323 0.0605
vn -0.4870 -0.0255 0.8730
vn -0.2729 0.9609 0.0457
vn -0.2716 0.9613 0.0456
vn -0.2771 0.9598 0.0457
vn 0.1414 0.5247 -0.8395
vn 0.1357 0.5461 -0.8267
vn -0.4814 0.1551 0.8627
vn -0.4948 0.1585 0.8544
vn 0.1311 0.5041 -0.8537
vn 0.1063 0.5248 -0.8446
vn -0.2306 0.6949 -0.6811
vn -0.6854 0.7121 0.1520
vn -0.7417 0.6453 0.1827
vn -0.5880 0.7884 -0.1808
vn -0.5656 0.7976 -0.2095
vn -0.4340 0.8747 -0.2156
vn -0.5722 0.7855 0.2357
vn -0.5041 0.5423 0.6722
vn -0.4813 0.2147 0.8498
vn -0.4767 0.2223 0.8505
vn -0.4771 0.2173 0.8516
vn -0.4730 0.2198 0.8532
vn -0.0969 -0.3534 0.9305
vn -0.4921 0.8417 0.2224
vn -0.4631 0.8427 0.2746
vn -0.0906 -0.3284 0.9402
vn -0.4638 0.8691 0.1719
vn -0.3121 0.7969 0.5173
vn -0.3256 0.7925 0.5157
vn -0.5553 0.8043 0.2115
vn -0.8998 0.4040 -0.1645
vn -0.6950 0.7185 0.0284
vn -0.8042 0.5917 -0.0569
vn -0.8042 0.5917 -0.0566
vn -0.9544 0.1554 -0.2548
vn -0.9541 0.1803 -0.2392
vn -0.9008 0.4324 -0.0388
vn -0.9768 0.0593 -0.2058
vn -0.9783 0.0546 -0.1997
vn -0.9786 0.0539 -0.1987
vn -0.3319 0.9044 0.2679
vn -0.5126 0.8196 0.2557
vn -0.8904 0.4514 -0.0576
vn -0.8759 0.4816 0.0279
vn -0.9767 0.0598 -0.2063
vn -0.9904 0.1293 -0.0484
vn -0.4676 0.5380 0.7014
vn -0.9917 0.1239 -0.0352
vn -0.5984 0.4906 0.6334
vn -0.7792 0.5132 0.3598
vn -0.3299 0.6671 0.6680
vn -0.6129 0.5662 0.5512
vn -0.2973 0.7697 0.5650
vn -0.4024 0.7473 0.5288
vn -0.8879 0.4599 -0.0082
vn -0.6825 0.6854 0.2538
vn -0.3905 0.8545 0.3426
vn -0.4916 0.7902 0.3660
vn -0.5939 0.7517 0.2869
vn -0.5938 0.7521 0.2859
vn -0.5886 0.7570 0.2837
vn -0.5945 0.7515 0.2859
vn -0.5745 0.7390 0.3520
vn -0.2570 0.5878 0.7671
vn -0.5183 0.8415 0.1524
vn -0.5221 0.8457 0.1104
vn -0.5863 0.8085 0.0504
vn -0.1193 0.7302 0.6728
vn -0.1155 0.7975 0.5922
vn -0.1397 0.7889 0.5985
vn -0.1337 0.9032 0.4078
vn -0.2467 0.8344 0.4929
vn -0.4496 0.8353 0.3165
vn -0.5493 0.7390 0.3901
vn -0.2823 0.8254 0.4890
vn -0.6501 0.6469 0.3987
vn -0.4193 0.7347 0.5333
vn -0.2843 0.7770 0.5617
vn -0.4659 0.1883 0.8646
vn -0.2632 0.2706 0.9260
vn -0.0281 0.2759 0.9608
vn -0.2767 0.2094 0.9379
vn -0.1871 0.7938 0.5787
vn -0.1193 0.8131 0.5698
vn -0.3761 0.7898 0.4845
vn -0.1375 0.8145 0.5636
vn -0.0968 0.8017 0.5898
vn -0.3289 0.8088 0.4875
vn -0.2392 0.9112 0.3355
vn -0.3575 0.8163 0.4537
vn -0.2718 0.9017 0.3361
vn -0.1394 0.9032 0.4059
vn 0.0294 0.9059 0.4225
vn -0.7072 0.3420 0.6188
vn -0.7071 0.3422 0.6188
vn -0.1995 0.9563 0.2136
vn -0.0716 0.9648 0.2529
vn -0.3440 0.8023 0.4878
vn -0.3696 0.7926 0.4849
vn -0.2816 0.8989 0.3358
vn 0.0073 0.9436 0.3309
vn -0.6561 0.4110 0.6329
vn -0.8288 -0.0233 0.5591
vn -0.7254 0.2830 0.6275
vn -0.7253 0.2831 0.6275
vn -0.7749 0.1724 0.6082
vn -0.7750 0.1721 0.6081
vn -0.5559 -0.1201 0.8225
vn -0.3408 0.9022 0.2645
vn -0.8178 0.0568 0.5726
vn -0.1775 0.7206 0.6703
vn -0.2544 0.8864 0.3868
vn -0.1596 0.9049 0.3945
vn -0.9543 0.2242 0.1979
vn -0.8183 0.4654 -0.3372
vn -0.9471 0.2188 0.2349
vn -0.8308 -0.0055 0.5565
vn -0.8313 -0.0036 0.5558
vn -0.8311 -0.0042 0.5562
vn -0.2017 0.9187 0.3396
vn -0.3523 -0.0910 0.9315
vn 0.0186 -0.1172 0.9929
vn -0.8405 0.0175 0.5415
vn -0.8302 -0.0076 0.5573
vn -0.8925 -0.0521 0.4481
vn -0.4065 -0.2100 0.8892
vn -0.2746 0.0762 0.9585
vn 0.0135 -0.0928 0.9956
vn 0.1907 -0.2005 0.9610
vn -0.4852 0.5625 -0.6694
vn -0.3718 0.6111 -0.6988
vn 0.0572 0.5633 -0.8243
vn 0.2763 0.3880 -0.8793
vn 0.2771 0.3864 -0.8797
vn 0.2744 0.3925 -0.8779
vn -0.0877 0.5470 -0.8325
vn -0.0915 0.5413 -0.8358
vn -0.0911 0.5421 -0.8353
vn -0.0873 0.5474 -0.8323
vn 0.0769 0.5229 -0.8489
vn -0.3613 0.6472 -0.6713
vn -0.7312 0.6382 -0.2409
vn -0.7663 0.5990 -0.2322
vn -0.7967 0.5617 -0.2232
vn -0.9043 0.2654 -0.3345
vn -0.9761 -0.2174 -0.0001
vn -0.8583 0.4331 -0.2751
vn -0.8482 0.4832 -0.2168
vn -0.5644 0.5227 -0.6390
vn -0.4825 0.2243 -0.8467
vn -0.4827 0.2243 -0.8466
vn -0.6404 0.2385 -0.7301
vn -0.5829 0.5641 -0.5848
vn -0.4623 0.4029 -0.7899
vn -0.0438 0.3654 -0.9298
vn -0.1339 0.2843 -0.9493
vn 0.1185 0.1473 -0.9820
vn -0.0916 0.5539 -0.8275
vn -0.3667 0.7797 -0.5075
vn -0.4791 0.7999 -0.3614
vn -0.6724 0.2830 0.6839
vn -0.4215 -0.0590 0.9049
vn -0.6220 0.4724 0.6245
vn -0.5421 0.0231 0.8400
vn 0.0536 0.4386 -0.8971
vn -0.3981 0.8818 -0.2529
vn -0.5327 0.7820 0.3236
vn -0.4936 0.8093 0.3183
vn -0.4297 0.8805 0.2002
vn -0.4669 0.4233 0.7764
vn -0.4595 0.2217 0.8601
vn -0.4823 0.1674 0.8599
vn -0.2784 0.9594 0.0457
vn -0.4012 0.1552 0.9027
vn -0.2811 0.9363 -0.2107
vn -0.3148 0.9276 -0.2011
vn -0.0690 0.6397 -0.7656
vn -0.3125 0.7569 -0.5740
vn -0.9753 -0.2194 -0.0272
vn -0.3894 0.5385 -0.7473
vn -0.0366 0.6385 -0.7688
vn -0.5959 -0.1691 -0.7851
vn -0.7594 0.6257 -0.1783
vn -0.0617 0.6483 -0.7589
vn -0.4216 0.2649 -0.8672
vn 0.1165 0.4565 -0.8821
vn 0.0384 0.3394 -0.9399
vn -0.6092 0.7518 -0.2524
vn -0.8797 0.4302 -0.2028
vn -0.7645 -0.4460 -0.4653
vn -0.8245 -0.0576 -0.5630
vn -0.7442 -0.4198 -0.5195
vn -0.7461 0.6275 -0.2227
vn -0.3404 -0.7509 -0.5659
vn -0.8334 -0.1539 -0.5309
vn -0.9167 -0.0370 -0.3979
vn -0.8142 0.5519 -0.1802
vn -0.8121 0.5527 -0.1874
vn -0.8140 0.5521 -0.1807
vn -0.7735 -0.4623 -0.4336
vn -0.7746 -0.4651 -0.4286
vn -0.7735 -0.4626 -0.4333
vn -0.8120 0.5526 -0.1880
vn -0.7590 -0.4721 -0.4484
vn -0.3680 -0.7783 -0.5088
vn -0.9663 0.0683 -0.2484
vn -0.7311 0.6506 -0.2056
vn 0.1307 0.5238 -0.8418
vn -0.5365 0.8309 -0.1476
vn -0.5904 0.7980 -0.1207
vn -0.4152 0.9029 -0.1115
vn -0.5255 0.8015 0.2855
vn -0.1014 0.8132 -0.5730
vn -0.3816 0.9117 -0.1523
vn 0.1029 0.7167 -0.6897
vn -0.4454 0.4850 0.7526
vn -0.4832 0.5507 0.6806
vn -0.2011 -0.3855 0.9005
vn -0.1501 -0.3417 0.9278
vn -0.2629 0.8898 0.3731
vn -0.7835 0.5721 -0.2426
vn -0.4092 0.8279 0.3835
vn -0.6277 0.7730 -0.0917
vn -0.3890 0.9200 -0.0474
vn -0.7935 0.4933 -0.3565
vn -0.3493 0.9240 0.1559
vn -0.5835 0.8066 -0.0941
vn -0.0063 0.9695 0.2450
vn -0.0068 0.9702 0.2422
vn -0.0084 0.9726 0.2322
vn -0.3972 0.3404 0.8523
vn -0.0087 0.9728 0.2315
vn -0.5248 0.5877 -0.6158
vn -0.5213 0.6132 -0.5934
vn -0.5369 0.5931 -0.5999
vn -0.5572 0.6106 -0.5627
vn -0.4536 0.6234 -0.6369
vn -0.5249 0.5146 -0.6780
vn -0.5242 0.5113 -0.6810
vn -0.5243 0.5118 -0.6806
vn 0.0669 0.7010 -0.7100
vn 0.1523 0.7239 -0.6729
vn -0.4026 0.6327 -0.6615
vn 0.5577 0.6208 -0.5510
vn 0.5061 0.6461 -0.5713
vn -0.0596 0.6979 -0.7138
vn -0.0602 0.6986 -0.7130
vn -0.0608 0.6986 -0.7129
vn 0.0204 0.7227 -0.6909
vn -0.9285 0.3713 0.0087
vn -0.9296 0.3682 0.0123
vn -0.9282 0.3720 0.0078
vn -0.8268 0.4900 -0.2762
vn -0.8684 0.0355 0.4947
vn -0.9302 0.3669 0.0138
vn -0.2810 -0.2635 0.9228
vn -0.5324 -0.0387 0.8456
vn -0.9228 0.3854 0.0023
vn -0.5579 0.5975 -0.5760
vn -0.5636 0.6010 -0.5668
vn -0.5630 0.6005 -0.5679
vn -0.5641 0.6011 -0.5661
vn -0.5550 0.5846 -0.5917
vn 0.4590 0.6940 -0.5547
vn -0.0597 0.6976 -0.7140
vn 0.3041 0.6816 -0.6656
vn 0.3031 0.6822 -0.6654
vn 0.3064 0.6801 -0.6660
vn 0.8686 0.3756 -0.3232
vn 0.8524 0.4595 -0.2495
vn 0.8195 0.4659 -0.3338
vn 0.3077 0.6794 -0.6661
vn 0.0739 0.7282 -0.6813
vn 0.8169 0.4480 -0.3633
vn 0.9330 0.2462 0.2625
vn 0.0691 0.7184 -0.6922
vn -0.0572 0.7395 -0.6707
vn -0.6075 0.5721 -0.5511
vn -0.5753 0.5611 -0.5951
vn -0.9054 0.4099 -0.1105
vn -0.9688 0.2066 0.1367
vn -0.2669 -0.0495 0.9624
vn 0.4825 -0.0976 0.8704
vn 0.2739 -0.1065 0.9559
vn 0.7669 0.0703 0.6379
vn 0.9209 0.3126 0.2328
vn 0.8360 0.1230 0.5348
vn 0.5185 -0.0993 0.8493
vn 0.5185 -0.0990 0.8494
vn 0.5180 -0.0998 0.8495
vn 0.5341 -0.1503 0.8320
vn 0.4668 -0.1085 0.8777
vn 0.5176 -0.1006 0.8497
vn -0.1775 -0.2904 0.9403
vn -0.5664 0.3305 0.7550
vn -0.1854 -0.3118 0.9319
vn -0.1150 -0.3428 0.9323
vn -0.0319 0.9713 0.2357
vn -0.3446 0.9382 -0.0316
vn -0.3449 0.9381 -0.0317
vn -0.0879 -0.1905 0.9777
vn -0.0867 -0.1876 0.9784
vn -0.0868 -0.1881 0.9783
vn -0.0890 -0.1933 0.9771
vn 0.0136 0.9835 0.1804
vn -0.1132 -0.1966 0.9739
vn -0.1121 -0.1941 0.9746
vn -0.1096 -0.1881 0.9760
vn -0.4870 0.8280 -0.2780
vn -0.5252 0.5161 -0.6766
vn -0.1088 -0.1861 0.9765
vn -0.0682 0.3613 0.9300
vn -0.0897 0.4495 0.8888
vn -0.6139 0.7844 -0.0882
vn -0.2405 0.3660 0.8990
vn -0.2408 0.3660 0.8989
vn 0.5650 0.6275 -0.5358
vn 0.0841 0.9780 0.1909
vn 0.1289 0.6975 0.7049
vn 0.7131 0.5357 -0.4522
vn 0.7363 0.5246 -0.4273
vn 0.8326 0.4561 -0.3143
vn 0.8357 0.4545 -0.3083
vn 0.8351 0.4550 -0.3092
vn 0.8361 0.4547 -0.3069
vn 0.9222 0.2841 0.2623
vn 0.8324 0.4566 -0.3141
vn 0.8198 0.4977 -0.2832
vn 0.5542 0.3862 0.7374
vn -0.0778 0.8722 0.4829
vn 0.1152 0.6631 0.7396
vn 0.1518 0.5579 0.8159
vn 0.8401 0.4484 0.3051
vn 0.8248 0.4546 -0.3362
vn 0.8045 0.3150 0.5036
vn 0.8054 0.3152 0.5020
vn 0.8050 0.3151 0.5026
vn 0.8040 0.3149 0.5045
vn -0.3107 0.9390 0.1478
vn 0.5395 0.8375 -0.0863
vn -0.0861 -0.3326 0.9391
vn -0.2326 -0.2575 0.9379
vn -0.1951 -0.0165 0.9806
vn 0.6560 0.5469 0.5202
vn 0.0613 0.9918 0.1120
vn -0.1382 -0.2449 0.9596
vn -0.2030 -0.1534 0.9671
vn 0.1939 0.4288 0.8824
vn -0.1643 -0.2658 0.9499
vn 0.4567 0.8610 0.2236
vn 0.4499 0.8658 0.2193
vn 0.4486 0.8666 0.2186
vn 0.0990 0.5330 0.8403
vn 0.3773 0.8600 0.3435
vn 0.3819 0.8576 0.3445
vn 0.3808 0.8582 0.3442
vn 0.5000 0.8112 0.3032
vn 0.5159 0.7999 0.3065
vn 0.3757 0.8608 0.3433
vn 0.1211 0.9150 0.3849
vn 0.0470 0.8678 0.4947
vn -0.3037 0.5940 0.7449
vn -0.3041 0.5939 0.7449
vn -0.3040 0.5939 0.7449
vn -0.2837 -0.3478 0.8936
vn -0.1642 0.4129 0.8959
vn -0.2732 0.8921 0.3600
vn -0.2700 0.8913 0.3643
vn -0.2737 0.8921 0.3595
vn -0.4851 0.7915 0.3718
vn -0.2686 0.8657 0.4223
vn -0.2695 0.8911 0.3650
vn -0.2521 0.8808 0.4008
vn 0.1536 0.9789 -0.1347
vn 0.1626 0.8357 -0.5245
vn 0.1848 0.9156 0.3572
vn 0.2034 0.5261 -0.8257
vn 0.2027 0.5324 -0.8219
vn 0.2034 0.5254 -0.8262
vn 0.1987 0.9731 0.1167
vn 0.2641 0.6579 -0.7053
vn 0.2757 0.8380 -0.4709
vn 0.2567 0.8642 -0.4328
vn 0.4024 0.8846 -0.2357
vn 0.2217 0.4557 -0.8621
vn 0.2286 0.4517 -0.8624
vn 0.2280 0.4514 -0.8627
vn 0.3778 0.6625 -0.6468
vn 0.5485 0.8225 -0.1505
vn 0.5264 0.8475 -0.0684
vn 0.2214 0.4562 -0.8619
vn 0.2747 0.4661 -0.8410
vn 0.2726 0.4671 -0.8411
vn 0.2766 0.4705 -0.8380
vn 0.3668 0.8867 0.2814
vn 0.4086 0.8621 0.2996
vn 0.1923 0.6531 0.7325
vn 0.4876 0.8389 0.2420
vn 0.3742 0.6353 -0.6755
vn 0.2769 0.4705 -0.8379
vn 0.4578 0.8603 0.2243
vn 0.5972 0.7822 0.1772
vn 0.2973 0.7013 0.6480
vn 0.4923 0.8182 0.2970
vn 0.5381 0.8322 -0.1339
vn 0.5159 0.8522 -0.0872
vn -0.1602 0.9868 -0.0256
vn -0.1926 0.9800 0.0506
vn 0.0003 0.8155 -0.5788
vn -0.9884 -0.0272 0.1495
vn -0.9092 -0.1437 0.3908
vn -0.9921 0.1214 0.0322
vn -0.9825 0.1620 -0.0920
vn -0.9376 0.3116 -0.1541
vn -0.9413 0.2934 0.1666
vn -0.9175 0.2631 0.2983
vn -0.8551 0.0311 0.5176
vn -0.8255 -0.1056 0.5545
vn -0.5670 -0.3536 0.7439
vn -0.5794 -0.5520 0.5997
vn -0.6739 -0.5330 0.5116
vn -0.8629 -0.4997 0.0758
vn -0.9581 0.0209 -0.2857
vn -0.9456 0.0178 -0.3250
vn -0.8093 0.2941 -0.5085
vn -0.9013 0.4294 -0.0564
vn -0.9572 0.2893 -0.0021
vn -0.9418 0.3323 0.0514
vn -0.9558 0.2933 -0.0191
vn -0.9542 0.1222 -0.2732
vn -0.9794 0.1534 -0.1317
vn -0.9777 -0.1517 -0.1451
vn -0.9444 0.2604 -0.2006
vn -0.9268 0.3600 -0.1065
vn -0.9408 0.3249 -0.0966
vn -0.8804 0.4425 -0.1707
vn -0.9225 0.2365 -0.3052
vn -0.8523 -0.5230 -0.0023
vn -0.8388 -0.5418 -0.0539
vn -0.8528 0.3890 -0.3484
vn -0.8303 -0.5554 -0.0452
vn -0.6349 -0.6193 -0.4619
vn -0.4071 0.2623 -0.8749
vn -0.8593 0.3754 -0.3474
vn -0.7660 -0.5707 0.2960
vn -0.7383 -0.6095 0.2889
vn -0.9643 -0.2379 0.1163
vn -0.8483 0.4030 -0.3435
vn -0.9857 0.1070 0.1305
vn -0.9857 0.1076 0.1295
vn -0.9856 0.1055 0.1324
vn -0.5719 0.7059 -0.4179
vn -0.9171 -0.3958 -0.0476
vn -0.9242 0.3684 -0.1002
vn -0.8874 0.4540 -0.0802
vn -0.7914 -0.6113 0.0016
vn -0.7925 -0.6099 -0.0086
vn -0.7924 -0.6099 -0.0098
vn -0.4105 0.7986 -0.4401
vn -0.9855 0.1047 0.1334
vn -0.4252 0.8083 -0.4073
vn -0.4255 0.8082 -0.4072
vn -0.4134 0.8092 -0.4175
vn -0.3895 0.8334 -0.3920
vn 0.0878 0.8277 -0.5543
vn -0.8177 0.3913 -0.4222
vn -0.8317 0.3368 -0.4413
vn -0.8347 0.5046 -0.2207
vn -0.8846 0.4573 -0.0912
vn -0.0326 0.8429 -0.5370
vn 0.0056 0.8170 -0.5766
vn 0.0015 0.8164 -0.5775
vn 0.0071 0.8172 -0.5763
vn -0.0001 0.8161 -0.5779
vn -0.7929 0.5567 -0.2477
vn -0.9754 0.1606 0.1511
vn -0.8811 0.4691 -0.0603
vn -0.9999 0.0104 0.0096
vn -0.8051 0.5774 -0.1356
vn -0.9299 0.3053 -0.2051
vn -0.9942 0.0188 0.1062
vn -0.9942 0.0185 0.1062
vn -0.0029 0.7811 -0.6245
vn -0.4185 0.7071 -0.5700
vn -0.9791 0.1936 0.0621
vn -0.1031 0.8217 -0.5605
vn -0.3267 0.7191 -0.6133
vn -0.8627 0.5044 -0.0364
vn -0.8138 0.5670 -0.1277
vn -0.9070 0.4211 -0.0047
vn -0.3347 0.8221 -0.4606
vn -0.9776 0.1409 0.1564
vn -0.9775 0.1402 0.1574
vn -0.9777 0.1421 0.1543
vn -0.9778 0.1426 0.1533
vn -0.4397 0.8340 -0.3333
vn -0.3753 0.8453 -0.3802
vn -0.9786 0.1946 0.0675
vn -0.9822 0.1167 0.1473
vn -0.2153 0.9045 -0.3681
vn -0.9643 0.1040 0.2434
vn -0.8828 0.4694 0.0174
vn -0.8790 0.4727 -0.0631
vn -0.8300 0.5533 -0.0697
vn -0.7910 -0.6117 0.0031
vn -0.6704 -0.7377 0.0804
vn -0.8722 0.4889 0.0180
vn -0.7754 0.6200 0.1199
vn -0.1322 0.8974 -0.4209
vn -0.1320 0.8973 -0.4212
vn -0.2871 0.8990 -0.3308
vn -0.2198 0.8933 -0.3920
vn -0.3045 0.8993 -0.3140
vn -0.3043 0.8993 -0.3141
vn -0.8615 0.5059 0.0426
vn -0.4147 0.8316 -0.3695
vn -0.8768 0.4544 0.1570
vn -0.9718 0.0657 0.2265
vn -0.9718 0.0647 0.2267
vn -0.9719 0.0617 0.2272
vn -0.9720 0.0611 0.2270
vn -0.9514 0.0549 0.3030
vn -0.1550 0.9407 -0.3018
vn -0.9057 0.0061 0.4238
vn -0.9055 0.0063 0.4243
vn -0.9082 0.0044 0.4185
vn -0.7326 0.6086 0.3049
vn -0.8792 0.4672 0.0938
vn -0.8401 0.4712 0.2687
vn -0.9168 0.3529 0.1867
vn -0.9141 0.3484 0.2075
vn -0.9029 0.2817 0.3246
vn -0.9468 0.0548 0.3173
vn -0.9415 0.3325 -0.0545
vn -0.9802 -0.1777 0.0872
vn -0.4498 -0.7622 0.4655
vn -0.3650 -0.6145 0.6994
vn -0.1557 -0.3867 0.9090
vn -0.1549 -0.5664 0.8095
vn -0.7189 -0.4394 0.5386
vn -0.7183 -0.4378 0.5407
vn -0.7188 -0.4390 0.5391
vn -0.9146 -0.3843 -0.1262
vn -0.8466 -0.2095 -0.4893
vn -0.8066 0.1924 -0.5589
vn -0.6986 -0.5327 -0.4777
vn -0.7406 -0.1547 -0.6539
vn -0.5803 0.0051 -0.8144
vn -0.7120 0.1458 -0.6869
vn -0.4414 -0.0060 -0.8973
vn -0.9897 -0.1175 -0.0815
vn -0.9977 0.0438 -0.0514
vn -0.9614 -0.1679 0.2179
vn -0.9035 0.3804 -0.1974
vn -0.8790 0.3572 -0.3159
vn -0.7697 0.4174 -0.4830
vn -0.7601 -0.5922 0.2674
vn -0.7601 -0.5921 0.2677
vn -0.7632 0.3535 -0.5409
vn -0.7702 0.3369 -0.5415
vn -0.7088 0.3792 -0.5948
vn -0.9446 -0.0462 -0.3250
vn -0.9615 -0.0751 -0.2642
vn -0.8978 0.1122 -0.4258
vn -0.8055 -0.5752 0.1422
vn -0.7791 0.5606 -0.2807
vn -0.8475 0.4665 -0.2531
vn -0.0893 0.8404 -0.5346
vn -0.0206 0.8521 -0.5230
vn -0.8524 0.4987 -0.1571
vn -0.9801 0.1525 0.1274
vn -0.9591 0.1402 0.2458
vn -0.4443 0.8136 -0.3751
vn -0.7665 0.6401 -0.0521
vn -0.9482 0.0873 0.3056
vn -0.0296 0.6925 -0.7208
vn -0.0060 0.6008 -0.7993
vn -0.0831 0.8492 -0.5214
vn -0.3264 0.9301 0.1684
vn 0.0452 0.6869 -0.7253
vn 0.0493 0.6528 -0.7559
vn -0.3210 0.8689 0.3768
vn -0.1939 0.9761 0.0985
vn -0.2943 -0.0871 0.9517
vn -0.3903 -0.0276 0.9203
vn -0.4591 0.2925 0.8389
vn -0.6127 0.7455 0.2623
vn -0.5238 0.8517 0.0151
vn -0.2939 0.9557 0.0180
vn -0.5578 0.8165 0.1490
vn -0.1754 -0.0334 0.9839
vn -0.0283 0.9834 0.1792
vn 0.1067 0.9898 -0.0943
vn 0.0840 0.9918 -0.0960
vn 0.0447 0.9949 -0.0900
vn -0.1604 0.9823 0.0963
vn -0.0517 0.9730 0.2251
vn -0.2601 0.9633 0.0661
vn -0.0234 0.9867 0.1610
vn -0.0269 0.9865 0.1614
vn -0.0236 0.9867 0.1610
vn -0.0231 0.9867 0.1607
vn 0.2036 0.5243 -0.8268
vn 0.2263 0.9127 0.3402
vn -0.2610 0.7161 0.6474
vn -0.2064 0.8236 0.5283
vn -0.3231 0.2826 0.9032
vn -0.2450 0.1941 0.9499
vn 0.0358 0.9924 0.1180
vn -0.2208 0.3645 0.9047
vn -0.0427 0.7400 0.6713
vn -0.1427 0.5184 0.8432
vn 0.0046 0.8891 0.4577
vn -0.1071 0.8891 0.4450
vn 0.4114 0.8727 0.2631
vn 0.3731 0.8746 0.3096
vn 0.3773 0.8727 0.3101
vn 0.3725 0.8748 0.3096
vn 0.3782 0.8722 0.3102
vn -0.2621 0.7671 -0.5856
vn 0.0357 0.4406 -0.8970
vn 0.0488 0.4558 -0.8888
vn -0.0034 0.6430 -0.7658
vn -0.1966 0.6911 -0.6956
vn -0.3769 0.8045 -0.4591
vn 0.0925 0.6275 -0.7731
vn -0.7344 0.6556 -0.1758
vn -0.8447 0.4750 -0.2467
vn -0.8942 0.1269 -0.4293
vn -0.4834 0.8712 0.0857
vn 0.0648 0.5959 -0.8004
vn -0.1705 0.5353 0.8273
vn -0.2350 0.0370 0.9713
vn -0.0695 0.9154 0.3965
vn -0.1572 0.5677 0.8081
vn -0.1552 0.9405 -0.3022
vn -0.1354 0.9410 -0.3103
vn -0.2824 0.7566 -0.5897
vn -0.7213 0.6657 -0.1914
vn 0.0761 0.5648 -0.8217
vn 0.2322 0.5032 -0.8324
vn -0.3316 0.9404 0.0752
vn 0.2089 0.5050 -0.8375
vn 0.2069 0.6241 -0.7535
vn 0.2145 0.4833 -0.8488
vn 0.2328 0.5285 -0.8164
vn 0.1242 0.9620 0.2433
vn -0.0926 0.9817 0.1666
vn -0.3546 0.9319 0.0765
vn -0.3545 0.9319 0.0768
vn -0.3545 0.9319 0.0766
vn -0.2991 0.9507 0.0824
vn -0.6431 0.7625 -0.0712
vn -0.7671 0.6165 -0.1772
vn -0.0468 0.9862 0.1587
vn -0.1011 0.9770 0.1876
vn 0.2425 0.4457 -0.8617
vn 0.2592 0.5643 -0.7838
vn 0.7698 0.5908 0.2417
vn 0.2595 0.4598 -0.8493
vn 0.2469 0.4723 -0.8462
vn -0.2112 0.9770 0.0276
vn 0.6604 0.6674 0.3442
vn 0.6685 0.5997 0.4398
vn 0.2709 0.4693 -0.8404
vn 0.3517 0.9104 0.2179
vn 0.3516 0.9103 0.2183
vn 0.3538 0.9098 0.2170
vn 0.3546 0.9097 0.2160
vn -0.1723 0.9848 0.0208
vn 0.3517 0.9102 0.2185
vn -0.1742 0.9829 0.0602
vn -0.2686 0.9595 0.0849
vn 0.7791 0.5234 0.3451
vn 0.7236 0.5780 0.3772
vn 0.0947 0.9757 0.1974
vn 0.0945 0.9758 0.1974
vn 0.0948 0.9757 0.1973
vn 0.0944 0.9758 0.1974
vn 0.2068 0.9473 0.2446
vn 0.0945 0.9758 0.1973
vn 0.8065 0.5626 0.1817
vn 0.8025 0.5692 0.1788
vn 0.8034 0.5678 0.1794
vn 0.0811 0.9699 0.2298
vn 0.7849 0.5534 0.2787
vn 0.7643 0.5971 0.2436
vn 0.8074 0.5612 0.1823
vn -0.2334 0.9621 0.1413
vn -0.3635 0.9054 0.2194
vn -0.0369 0.9672 0.2513
vn -0.0438 0.9647 0.2595
vn -0.0384 0.9667 0.2531
vn -0.3592 0.9267 0.1108
vn -0.3587 0.9268 0.1115
vn -0.3573 0.9270 0.1137
vn -0.7752 0.6248 -0.0929
vn -0.7746 0.6258 -0.0910
vn -0.7784 0.6212 -0.0904
vn -0.8346 0.5316 -0.1444
vn -0.8963 0.2763 -0.3468
vn -0.9041 0.3075 -0.2967
vn -0.8751 0.4184 -0.2432
vn -0.8752 0.4173 -0.2448
vn -0.8753 0.4136 -0.2504
vn -0.9061 0.1445 -0.3976
vn -0.8700 -0.2392 -0.4313
vn -0.8327 0.5245 -0.1774
vn -0.7749 -0.4648 -0.4283
vn -0.8322 0.5188 -0.1958
vn -0.7939 0.5857 -0.1634
vn -0.7876 -0.4260 -0.4453
vn -0.9295 0.0200 -0.3682
vn -0.9451 0.1003 -0.3111
vn -0.9294 0.0896 -0.3579
vn -0.8753 0.4125 -0.2522
vn -0.6706 0.7416 -0.0194
vn -0.8149 0.5597 -0.1506
vn -0.9143 0.2806 -0.2922
vn -0.8377 0.5220 -0.1605
vn -0.6216 0.7833 -0.0042
vn -0.3569 0.9271 0.1144
vn -0.9205 0.3070 -0.2417
vn -0.9112 0.3552 -0.2089
vn -0.9126 0.2939 -0.2841
vn -0.9171 0.2955 -0.2677
vn -0.3540 0.9321 0.0772
vn -0.7762 0.6227 -0.0983
vn -0.2481 0.9435 0.2198
vn -0.2481 0.9434 0.2199
vn -0.2479 0.9436 0.2194
vn -0.1105 0.9790 0.1716
vn -0.3276 0.9374 0.1184
vn -0.3042 0.9460 0.1119
vn -0.9165 0.3528 -0.1888
vn -0.8777 0.4430 -0.1827
vn -0.8779 -0.1738 -0.4461
vn -0.9248 -0.1764 -0.3372
vn -0.7996 -0.4137 -0.4353
vn -0.7999 -0.4131 -0.4354
vn -0.8031 -0.4168 -0.4259
vn -0.9423 -0.0152 -0.3343
vn -0.9423 -0.0153 -0.3343
vn -0.8033 -0.4167 -0.4255
vn -0.9477 0.0018 -0.3191
vn -0.9526 -0.0116 -0.3041
vn -0.9041 0.3772 -0.2007
vn -0.9295 0.2653 -0.2560
vn -0.8583 0.4916 -0.1468
vn -0.8226 0.5428 -0.1692
vn -0.7789 0.6193 -0.0993
vn -0.4338 0.8940 0.1122
vn -0.7769 0.6217 -0.0996
vn -0.7982 0.5993 -0.0608
vn -0.9299 0.2881 -0.2284
vn -0.7858 -0.4645 -0.4084
vn -0.7858 -0.4647 -0.4082
vn -0.9614 0.0013 -0.2750
vn -0.9612 0.0036 -0.2757
vn -0.9620 -0.0044 -0.2729
vn -0.7961 -0.4547 -0.3992
vn -0.8893 0.4309 -0.1530
vn -0.8881 0.4325 -0.1556
vn -0.8892 0.4311 -0.1532
vn -0.7858 -0.4643 -0.4086
vn -0.7742 -0.4669 -0.4273
vn -0.7929 -0.4493 -0.4116
vn -0.8806 0.4456 -0.1614
vn -0.8823 0.4423 -0.1613
vn -0.8808 0.4452 -0.1613
vn -0.9282 -0.1006 -0.3582
vn -0.8827 0.4414 -0.1613
vn -0.9434 -0.0889 -0.3194
vn -0.6597 -0.5928 -0.4619
vn -0.4989 -0.6821 -0.5346
vn -0.3234 -0.8362 -0.4429
vn -0.9781 0.0360 -0.2050
vn -0.4890 -0.7709 -0.4082
vn -0.8880 0.4325 -0.1560
vn -0.8663 0.4644 -0.1839
vn -0.8675 0.4693 -0.1648
vn -0.9424 -0.0417 -0.3320
vn -0.9632 -0.0273 -0.2674
vn -0.6427 -0.6358 -0.4274
vn -0.8921 0.4138 -0.1818
vn -0.8068 -0.4534 -0.3787
vn -0.8070 -0.4525 -0.3794
vn -0.8061 -0.4580 -0.3748
vn -0.8061 -0.4583 -0.3744
vn -0.7372 -0.5208 -0.4304
vn -0.9062 0.3896 -0.1641
vn -0.9064 0.3895 -0.1635
vn -0.9065 0.3892 -0.1638
vn -0.9508 -0.0522 -0.3054
vn -0.9838 0.1506 -0.0974
vn -0.9676 0.0659 0.2437
vn -0.9007 -0.0569 -0.4307
vn -0.9061 0.1188 0.4061
vn -0.9040 -0.3248 0.2781
vn -0.9025 -0.3961 0.1694
vn -0.9248 -0.3629 -0.1146
vn -0.7744 -0.3629 -0.5184
vn -0.8556 -0.2841 0.4327
vn -0.8391 -0.1963 0.5074
vn -0.8539 0.2651 0.4478
vn -0.8472 0.4456 -0.2893
vn -0.8732 0.1222 -0.4718
vn -0.7442 -0.3586 -0.5636
vn -0.7506 -0.3427 -0.5650
vn -0.5443 -0.4714 -0.6939
vn -0.9948 -0.0922 -0.0441
vn -0.6324 -0.5258 -0.5689
vn -0.6660 -0.7159 -0.2095
vn -0.2538 -0.8801 0.4012
vn -0.2544 -0.8805 0.4000
vn -0.2569 -0.8779 0.4042
vn -0.8815 -0.4273 -0.2009
vn -0.7659 0.5092 0.3926
vn -0.8684 0.4009 -0.2918
vn -0.8686 0.4005 -0.2919
vn -0.8683 0.4026 -0.2897
vn -0.8685 0.4027 -0.2892
vn -0.7778 0.4988 0.3824
vn -0.5426 0.5053 0.6710
vn -0.8863 0.4426 0.1362
vn -0.7232 0.2144 0.6565
vn -0.9967 -0.0703 -0.0414
vn -0.9967 -0.0711 -0.0391
vn -0.9967 -0.0701 -0.0418
vn -0.6461 -0.2018 -0.7361
vn 0.0197 -0.5774 0.8162
vn -0.2580 -0.8777 0.4039
vn -0.0807 -0.6658 0.7417
vn -0.0908 -0.6669 0.7396
vn -0.0886 -0.6666 0.7401
vn -0.4571 -0.3164 -0.8312
vn -0.4467 -0.3085 -0.8398
vn -0.4638 -0.8736 -0.1472
vn -0.4366 -0.8912 0.1232
vn -0.4944 -0.6161 -0.6132
vn -0.0782 -0.6655 0.7423
vn -0.3233 -0.8239 0.4654
vn -0.7182 -0.4375 0.5411
vn -0.6677 -0.4662 0.5804
vn -0.2345 -0.2634 0.9357
vn -0.2288 -0.2624 0.9375
vn -0.2306 -0.2627 0.9369
vn -0.6412 -0.4402 0.6286
vn 0.1931 -0.0839 0.9776
vn -0.8586 -0.4804 0.1791
vn -0.9064 -0.4103 0.1006
vn -0.8813 -0.3254 -0.3427
vn -0.8793 -0.3185 -0.3540
vn -0.8795 -0.3207 -0.3517
vn -0.9706 -0.2017 0.1314
vn -0.8788 -0.3192 -0.3546
vn -0.7320 -0.1774 -0.6578
vn -0.6701 -0.1722 -0.7221
vn -0.7264 -0.1576 -0.6689
vn -0.4767 0.0180 -0.8789
vn -0.2718 0.0149 -0.9622
vn -0.3015 0.0664 -0.9512
vn -0.2998 0.0662 -0.9517
vn -0.3091 0.0686 -0.9485
vn -0.9160 -0.1119 -0.3853
vn -0.9902 -0.1258 0.0614
vn -0.9367 -0.1846 -0.2975
vn -0.9201 -0.2076 0.3321
vn -0.7525 -0.6360 -0.1709
vn -0.8513 -0.5248 0.0017
vn -0.2363 -0.2637 0.9352
vn 0.0518 -0.8139 0.5787
vn -0.1549 -0.2061 0.9662
vn -0.7624 -0.0796 0.6422
vn -0.8489 -0.4148 -0.3276
vn -0.8488 -0.4149 -0.3276
vn -0.8491 -0.4145 -0.3274
vn -0.4680 -0.5168 -0.7169
vn -0.5128 -0.4548 -0.7282
vn -0.6590 -0.0341 -0.7514
vn -0.2396 0.0004 -0.9709
vn -0.4106 -0.2917 -0.8639
vn -0.2527 -0.5097 -0.8224
vn -0.1335 0.0729 -0.9884
vn -0.3104 0.0692 -0.9481
vn -0.3508 -0.0285 -0.9360
vn -0.5329 -0.1200 -0.8376
vn -0.2118 -0.5710 -0.7932
vn -0.4381 -0.7636 -0.4743
vn -0.6591 -0.7244 -0.2022
vn -0.2491 -0.8702 -0.4250
vn -0.1853 -0.8545 -0.4852
vn -0.4435 -0.8869 -0.1293
vn -0.7859 -0.5695 0.2407
vn -0.6701 -0.6785 0.3010
vn -0.7353 -0.0952 0.6710
vn -0.5411 -0.7160 0.4411
vn -0.5176 -0.5883 0.6212
vn -0.4039 -0.0999 0.9093
vn -0.1840 -0.3900 0.9022
vn -0.1836 -0.3899 0.9024
vn -0.1837 -0.3899 0.9023
vn -0.3238 -0.0349 0.9455
vn 0.0452 -0.0237 0.9987
vn -0.0132 -0.0435 0.9990
vn 0.0841 0.0467 0.9954
vn -0.3139 -0.9375 -0.1501
vn -0.2066 -0.9778 -0.0355
vn -0.2049 -0.5616 -0.8017
vn -0.1691 -0.1737 -0.9702
vn -0.1440 -0.1339 -0.9805
vn -0.1428 -0.1354 -0.9804
vn -0.1432 -0.1352 -0.9804
vn -0.3910 -0.3571 -0.8483
vn -0.6219 -0.6327 -0.4614
vn -0.6367 -0.6070 -0.4755
vn -0.2553 -0.8907 0.3761
vn -0.1801 -0.8641 0.4701
vn -0.6710 -0.7381 0.0703
vn -0.6243 -0.7730 -0.1128
vn -0.4121 -0.7297 -0.5457
vn -0.3168 -0.3597 -0.8776
vn -0.1439 -0.1334 -0.9806
vn -0.3567 -0.9174 0.1766
vn -0.4393 -0.5663 -0.6974
vn -0.4729 -0.8516 0.2261
vn -0.3995 -0.6313 0.6647
vn -0.3586 -0.6033 0.7124
vn -0.5506 -0.8344 0.0244
vn -0.6734 -0.5183 0.5272
vn -0.6365 -0.5587 0.5317
vn -0.5815 -0.6176 -0.5296
vn -0.6713 -0.2183 -0.7083
vn -0.7481 -0.4974 -0.4394
vn -0.7278 -0.6616 0.1807
vn -0.7407 -0.5992 0.3039
vn -0.9109 -0.3348 0.2413
vn -0.6632 -0.4109 0.6256
vn -0.3652 -0.9070 0.2099
vn -0.2472 -0.2037 -0.9473
vn -0.6411 -0.5350 -0.5503
vn 0.0459 -0.5917 -0.8049
vn -0.0703 -0.1039 0.9921
vn -0.1167 -0.2993 -0.9470
vn -0.1380 -0.2399 0.9609
vn 0.0470 -0.3994 0.9156
vn 0.1033 -0.4046 0.9087
vn -0.3455 -0.8127 0.4692
vn -0.0387 -0.2131 0.9763
vn 0.4285 -0.2498 0.8683
vn 0.5196 0.2181 0.8261
vn -0.0101 0.1179 0.9930
vn -0.1325 -0.4575 0.8793
vn -0.0859 -0.5805 0.8097
vn -0.2269 -0.8266 0.5151
vn -0.5123 -0.7156 0.4748
vn -0.6814 -0.7319 0.0080
vn -0.2787 -0.9594 -0.0424
vn -0.3273 -0.9445 0.0272
vn -0.2492 -0.7878 0.5634
vn -0.2391 -0.2018 0.9498
vn -0.4814 -0.2786 0.8310
vn -0.9466 -0.3062 -0.1005
vn -0.7829 0.1978 -0.5898
vn -0.5571 0.1956 -0.8071
vn -0.6319 0.1465 -0.7610
vn -0.7482 -0.3115 -0.5857
vn -0.5859 -0.1109 -0.8028
vn -0.5868 -0.1112 -0.8021
vn -0.5839 -0.1101 -0.8043
vn -0.3635 0.0227 -0.9313
vn -0.5064 -0.1925 -0.8406
vn -0.5830 -0.1096 -0.8051
vn -0.7329 -0.3043 -0.6086
vn -0.1365 0.0262 -0.9903
vn -0.2538 0.0646 -0.9651
vn 0.1170 0.0624 -0.9912
vn -0.1129 -0.1676 -0.9794
vn -0.4991 0.0038 -0.8665
vn -0.6587 0.2904 -0.6941
vn -0.7555 -0.6527 -0.0562
vn -0.7923 -0.5924 0.1459
vn -0.9299 -0.0488 -0.3646
vn -0.8444 -0.2472 -0.4753
vn -0.8444 -0.2470 -0.4755
vn -0.8094 -0.5767 -0.1109
vn -0.4801 0.0086 -0.8771
vn -0.5319 -0.8001 -0.2773
vn -0.4771 -0.8741 -0.0910
vn -0.4071 -0.5975 -0.6909
vn -0.2372 -0.1160 -0.9645
vn -0.6895 -0.7150 -0.1152
vn -0.6355 0.1388 -0.7595
vn -0.3865 0.0303 -0.9218
vn -0.0036 0.5162 -0.8565
vn -0.3627 0.2161 -0.9065
vn -0.5391 0.3338 -0.7733
vn -0.5726 0.3261 -0.7522
vn -0.6569 0.2372 -0.7157
vn -0.6397 0.4693 -0.6087
vn -0.7309 0.4670 -0.4977
vn -0.7264 0.5559 -0.4040
vn -0.0256 0.7740 -0.6326
vn -0.0327 0.7687 -0.6388
vn -0.0299 0.7704 -0.6368
vn -0.0241 0.7750 -0.6315
vn -0.6902 0.5204 -0.5028
vn -0.7503 0.4218 -0.5090
vn -0.0868 0.8072 -0.5838
vn -0.0585 0.8156 -0.5756
vn -0.7615 0.5709 -0.3070
vn -0.8446 0.4989 -0.1942
vn -0.9070 0.3321 -0.2591
vn -0.5760 0.7329 -0.3621
vn -0.8455 0.4925 -0.2064
vn -0.2636 0.9284 -0.2620
vn -0.3585 0.8901 -0.2814
vn -0.9083 0.0043 0.4182
vn -0.8606 0.3254 0.3918
vn -0.8210 0.5180 0.2399
vn -0.7845 0.4848 0.3866
vn -0.7990 0.3498 0.4891
vn -0.7553 0.4407 0.4850
vn -0.8295 0.5088 0.2302
vn -0.6495 -0.7455 0.1499
vn -0.6532 -0.7429 0.1468
vn -0.6533 -0.7428 0.1464
vn -0.6660 -0.7278 0.1635
vn -0.9510 -0.1899 0.2440
vn -0.7517 0.5509 0.3626
vn -0.7409 0.5494 0.3864
vn -0.6054 0.6048 0.5174
vn -0.6571 -0.7487 0.0877
vn -0.6487 -0.7460 0.1505
vn -0.6440 0.6418 0.4163
vn -0.9100 -0.3241 0.2585
vn -0.7845 0.2651 0.5607
vn -0.8497 -0.5175 0.1010
vn -0.8384 -0.5450 -0.0118
vn -0.9709 0.2333 -0.0534
vn -0.8703 0.4310 0.2383
vn -0.8575 -0.3174 0.4050
vn -0.7078 -0.5696 0.4179
vn -0.9418 0.3141 0.1193
vn -0.9845 -0.1131 0.1342
vn 0.1820 0.3432 0.9215
vn -0.6925 0.4992 0.5208
vn 0.7273 0.1861 0.6606
vn 0.6939 0.1652 0.7009
vn 0.3163 0.7311 0.6046
vn 0.0565 0.8244 0.5632
vn 0.1703 0.7687 0.6165
vn 0.1746 0.8622 0.4756
vn 0.0169 0.8254 0.5643
vn 0.4077 0.6481 0.6432
vn -0.6480 0.5910 0.4804
vn -0.5995 0.6435 0.4760
vn -0.0723 0.6185 0.7824
vn -0.0727 0.6184 0.7825
vn -0.5432 0.7594 0.3582
vn 0.7660 0.4038 0.5002
vn 0.7660 0.4033 0.5005
vn 0.7661 0.4037 0.5002
vn 0.2588 0.8656 0.4287
vn 0.3952 -0.1942 0.8978
vn 0.0259 0.9100 0.4138
vn 0.5510 -0.1349 0.8235
vn 0.5531 -0.1505 0.8194
vn 0.0045 0.9048 0.4258
vn 0.0114 0.9267 0.3757
vn 0.7648 0.4076 0.4989
vn 0.7841 0.4042 0.4709
vn -0.5313 0.7693 0.3547
vn -0.5403 0.7843 0.3048
vn 0.2224 0.7430 0.6313
vn 0.2046 0.7015 0.6826
vn -0.9848 0.0495 -0.1668
vn -0.9844 0.0563 -0.1666
vn -0.9843 0.0585 -0.1665
vn -0.9849 0.0465 -0.1669
vn -0.9745 0.0850 -0.2076
vn -0.7562 -0.5662 -0.3279
vn -0.9291 -0.1612 -0.3328
vn -0.8101 -0.4616 -0.3615
vn -0.8090 -0.4629 -0.3624
vn -0.8062 -0.4659 -0.3646
vn -0.9078 0.3905 -0.1528
vn -0.9004 0.3964 -0.1791
vn -0.3137 0.9409 0.1280
vn -0.6255 0.7801 -0.0174
vn -0.7412 0.6637 -0.1003
vn -0.8110 0.5783 -0.0889
vn -0.8094 0.5805 -0.0892
vn -0.8114 0.5787 -0.0824
vn -0.3578 0.9294 0.0906
vn -0.4991 0.8661 0.0283
vn -0.4628 0.8838 0.0690
vn -0.8088 0.5815 -0.0880
vn -0.2213 0.9496 0.2222
vn 0.2328 0.9277 0.2920
vn 0.2347 0.9274 0.2913
vn 0.2286 0.9282 0.2936
vn 0.4694 0.8541 0.2239
vn -0.2891 0.9355 0.2032
vn 0.0132 0.8345 0.5508
vn -0.7426 0.6685 -0.0400
vn -0.8076 0.5844 -0.0790
vn -0.5081 0.8575 0.0809
vn -0.2482 0.9433 0.2203
vn -0.1804 0.9540 0.2396
vn -0.3652 0.9230 0.1214
vn -0.3654 0.9238 0.1140
vn -0.3653 0.9229 0.1218
vn -0.6195 0.7849 0.0146
vn -0.9412 0.2604 -0.2152
vn -0.9431 0.2828 -0.1751
vn -0.9118 0.3905 -0.1268
vn -0.8905 0.4285 -0.1529
vn -0.8883 0.4312 -0.1580
vn -0.8877 0.4323 -0.1585
vn -0.9299 -0.1100 -0.3509
vn -0.9519 -0.0700 -0.2982
vn -0.8051 -0.4672 -0.3655
vn -0.9438 -0.1024 -0.3143
vn -0.9033 -0.2271 -0.3639
vn -0.8360 -0.4047 -0.3706
vn -0.7930 -0.4774 -0.3785
vn -0.6718 -0.6112 -0.4183
vn -0.8877 0.4332 -0.1562
vn -0.4183 0.9067 0.0550
vn -0.4187 0.8852 0.2029
vn -0.7638 0.3527 0.5406
vn -0.7496 -0.1465 0.6455
vn -0.8706 -0.2080 0.4460
vn -0.9405 0.0507 0.3361
vn -0.9606 0.0893 0.2630
vn -0.8521 0.0649 0.5194
vn -0.7399 0.1224 0.6615
vn -0.5594 0.2084 0.8023
vn -0.4203 -0.0870 0.9032
vn -0.7733 -0.1366 0.6192
vn -0.4350 0.0878 0.8961
vn -0.4334 0.0880 0.8969
vn -0.4424 0.0867 0.8926
vn -0.4452 0.0862 0.8913
vn -0.2012 0.0196 0.9793
vn -0.6687 -0.2834 0.6874
vn -0.8346 -0.2228 0.5038
vn -0.8189 -0.2454 0.5188
vn -0.9967 -0.0713 -0.0385
vn -0.9603 -0.2738 0.0544
vn -0.9169 -0.1972 0.3470
vn -0.9129 -0.3236 0.2487
vn -0.8015 -0.5249 0.2866
vn -0.6850 -0.5751 0.4472
vn -0.6837 -0.5906 0.4286
vn -0.9380 -0.2303 -0.2592
vn -0.8514 -0.3844 -0.3570
vn -0.8567 -0.3798 -0.3489
vn -0.8552 -0.3812 -0.3511
vn -0.9440 -0.0855 -0.3186
vn -0.8501 -0.3853 -0.3590
vn -0.8660 -0.3340 -0.3722
vn -0.3417 -0.8467 -0.4079
vn -0.8537 -0.3236 -0.4080
vn -0.8534 -0.1054 -0.5105
vn -0.8698 -0.0940 -0.4843
vn -0.5385 -0.0514 -0.8410
vn -0.4217 -0.4624 -0.7800
vn -0.5212 -0.7320 -0.4387
vn -0.3875 -0.9208 0.0441
vn 0.3382 -0.9216 0.1903
vn 0.0141 -0.9785 0.2060
vn -0.4353 -0.7131 -0.5496
vn 0.0816 -0.4850 0.8707
vn 0.1206 -0.3964 0.9101
vn 0.5732 -0.7067 0.4148
vn 0.2682 -0.9263 -0.2648
vn -0.5552 -0.0413 -0.8307
vn -0.3468 -0.0560 -0.9363
vn -0.3648 -0.0724 -0.9283
vn -0.0512 -0.4991 -0.8650
vn 0.5085 -0.7325 -0.4527
vn 0.1610 -0.2756 -0.9477
vn -0.8284 -0.5601 -0.0010
vn -0.9079 -0.4189 0.0157
vn -0.8430 -0.5372 -0.0275
vn -0.7635 -0.4809 -0.4311
vn -0.7716 -0.5050 -0.3866
vn -0.7882 -0.4668 -0.4011
vn -0.5560 -0.3050 -0.7732
vn -0.5810 -0.2954 -0.7584
vn -0.4455 -0.2629 -0.8558
vn -0.8212 -0.5415 0.1802
vn -0.6997 -0.5719 -0.4283
vn -0.8260 -0.3119 -0.4695
vn -0.6971 -0.4810 -0.5317
vn -0.5443 -0.3335 -0.7697
vn -0.5906 -0.7804 -0.2051
vn -0.7042 -0.5307 -0.4716
vn -0.8817 -0.4483 -0.1471
vn -0.8392 -0.3815 0.3875
vn -0.6430 -0.7496 0.1570
vn -0.5543 -0.5198 0.6500
vn -0.6628 -0.7342 0.1470
vn -0.8638 -0.4515 0.2236
vn -0.8311 -0.5513 0.0732
vn -0.7644 -0.5649 -0.3109
vn -0.7348 -0.6663 -0.1269
vn -0.7650 -0.6429 0.0379
vn -0.6576 -0.6747 0.3352
vn -0.7062 -0.5906 0.3904
vn -0.4767 -0.2115 -0.8532
vn -0.1873 -0.2475 -0.9506
vn 0.6688 -0.5472 -0.5033
vn 0.6927 -0.6627 -0.2845
vn 0.5630 -0.8159 -0.1314
vn -0.7795 -0.5803 0.2357
vn -0.0578 -0.6835 0.7277
vn -0.8146 -0.5679 -0.1175
vn -0.5487 -0.7844 0.2892
vn -0.7322 -0.6770 -0.0741
vn 0.8547 -0.5129 -0.0808
vn -0.5063 -0.8439 -0.1776
vn 0.8146 0.1636 -0.5565
vn 0.8035 -0.0674 -0.5914
vn 0.1375 -0.3030 -0.9430
vn 0.6014 -0.2718 -0.7513
vn 0.8038 0.2024 -0.5595
vn -0.8121 -0.5825 -0.0343
vn -0.8153 -0.5749 -0.0693
vn -0.7450 -0.6262 -0.2298
vn -0.7853 -0.6105 -0.1027
vn -0.6001 -0.7958 0.0809
vn 0.3313 -0.0739 0.9406
vn 0.2352 -0.1101 0.9657
vn 0.0874 -0.0505 0.9949
vn 0.3916 -0.2941 0.8719
vn -0.0356 -0.0280 0.9990
vn 0.6855 -0.1489 0.7126
vn 0.6910 -0.1996 0.6947
vn 0.7168 -0.2363 0.6560
vn 0.9730 0.0617 0.2225
vn 0.3493 -0.8535 0.3867
vn 0.3980 -0.8038 0.4421
vn -0.6882 -0.6650 -0.2900
vn 0.9293 -0.3658 0.0508
vn -0.6167 -0.7284 -0.2983
vn -0.6213 -0.7193 -0.3108
vn -0.6167 -0.7188 -0.3210
vn 0.8465 -0.5009 -0.1806
vn 0.8451 -0.5031 -0.1809
vn 0.8449 -0.5035 -0.1807
vn -0.5628 -0.6954 -0.4468
vn -0.6212 -0.7195 -0.3105
vn -0.5424 -0.7808 -0.3100
vn -0.5704 -0.7397 -0.3572
vn -0.5976 -0.7736 -0.2107
vn 0.9279 -0.0707 -0.3662
vn 0.4432 0.5793 -0.6841
vn -0.3111 -0.0950 -0.9456
vn -0.1490 -0.0411 -0.9880
vn 0.0261 -0.0694 -0.9972
vn 0.5010 -0.6437 -0.5785
vn 0.2518 0.4114 -0.8760
vn 0.0527 0.1034 -0.9932
vn 0.6899 -0.6763 -0.2583
vn 0.6745 -0.7118 -0.1959
vn 0.8127 -0.5103 -0.2811
vn 0.8127 -0.5105 -0.2810
vn 0.8888 -0.1880 -0.4180
vn -0.7327 -0.6467 0.2119
vn -0.6588 -0.7024 0.2695
vn -0.7389 -0.6732 0.0283
vn -0.6422 -0.7566 -0.1229
vn -0.7133 -0.7008 0.0065
vn -0.7185 -0.6643 0.2057
vn -0.5374 -0.5510 0.6384
vn -0.2306 -0.7474 0.6231
vn -0.6060 -0.5513 0.5735
vn -0.5041 0.5901 -0.6306
vn -0.4553 -0.7321 -0.5066
vn 0.8643 0.3973 0.3084
vn 0.3005 0.7398 0.6020
vn 0.0180 0.0104 0.9998
vn -0.1096 -0.1810 0.9774
vn -0.1105 -0.1820 0.9771
vn -0.1133 -0.1845 0.9763
vn 0.1787 -0.2702 0.9461
vn 0.1740 -0.2750 0.9456
vn 0.1787 -0.2697 0.9462
vn 0.1716 -0.2375 0.9561
vn 0.3803 -0.4998 0.7782
vn 0.1735 -0.2751 0.9456
vn 0.1426 -0.0457 0.9887
vn -0.0102 -0.2139 0.9768
vn 0.0319 -0.6439 0.7644
vn 0.0490 -0.6050 0.7947
vn -0.0660 -0.3515 0.9339
vn 0.1772 0.2704 0.9463
vn 0.1782 0.2760 0.9445
vn 0.1785 0.2779 0.9439
vn 0.1769 0.2695 0.9466
vn 0.3344 0.5065 0.7948
vn 0.3455 0.9336 0.0950
vn 0.8469 -0.5003 -0.1803
vn 0.9251 -0.0018 -0.3797
vn 0.5098 0.7546 0.4132
vn 0.4647 0.5509 0.6933
vn 0.3211 0.1164 0.9399
vn 0.2723 0.2579 0.9270
vn -0.0873 0.0944 0.9917
vn 0.5173 0.5023 0.6929
vn 0.4891 0.5044 0.7116
vn 0.0306 0.3739 0.9269
vn -0.1907 0.7087 0.6793
vn -0.0043 0.3677 0.9299
vn -0.2429 0.4320 0.8685
vn -0.3554 0.9111 0.2091
vn 0.6704 0.5858 0.4553
vn 0.4902 0.7737 0.4013
vn -0.9553 0.2387 -0.1742
vn -0.7582 0.4411 0.4801
vn -0.5070 0.5358 0.6752
vn -0.8953 0.2242 0.3850
vn -0.5329 0.6703 0.5165
vn -0.5677 0.7184 0.4020
vn -0.9207 0.0218 0.3896
vn -0.2054 0.7248 0.6576
vn -0.2785 0.6602 0.6975
vn -0.3668 0.6544 0.6612
vn -0.5398 0.6527 0.5316
vn -0.8884 -0.2630 0.3764
vn -0.9092 0.0101 0.4162
vn -0.7669 -0.6330 0.1058
vn -0.4812 0.5068 0.7152
vn -0.7709 -0.5549 0.3126
vn -0.8799 0.0160 0.4749
vn -0.8799 0.0163 0.4750
vn -0.6928 0.5088 0.5110
vn -0.6653 0.3614 0.6532
vn -0.6798 -0.7218 0.1299
vn -0.6825 -0.7286 0.0580
vn -0.6134 -0.7869 0.0674
vn -0.7094 0.4339 0.5553
vn -0.5600 0.4791 0.6759
vn -0.4107 0.4171 0.8108
vn -0.3402 0.3136 0.8865
vn -0.4017 0.4724 0.7845
vn -0.6442 0.5635 0.5172
vn -0.6438 0.5574 0.5243
vn -0.6442 0.5636 0.5171
vn -0.6443 0.5650 0.5154
vn -0.4958 0.3376 0.8001
vn -0.3552 0.4098 0.8402
vn 0.1019 0.1111 0.9886
vn 0.1021 0.0629 0.9928
vn 0.0544 0.0065 0.9985
vn -0.2510 0.3903 0.8858
vn 0.1433 -0.0384 0.9889
vn 0.1929 0.0193 0.9810
vn 0.5470 0.0804 0.8333
vn 0.5181 0.0882 0.8507
vn 0.4772 -0.0641 0.8764
vn 0.4230 -0.2476 0.8717
vn 0.2589 -0.2322 0.9376
vn -0.0524 -0.0156 0.9985
vn -0.1515 0.1984 0.9683
vn 0.1819 -0.0168 0.9832
vn -0.6673 -0.7356 0.1166
vn 0.8357 0.2167 0.5046
vn 0.6240 -0.4290 0.6532
vn 0.7291 -0.5657 0.3853
vn 0.7281 -0.5698 0.3810
vn 0.7283 -0.5690 0.3819
vn -0.8250 0.3270 0.4609
vn -0.8189 0.2922 0.4940
vn -0.9409 0.1769 0.2888
vn 0.6323 -0.3006 0.7140
vn 0.8114 0.2235 0.5401
vn 0.7929 0.2615 0.5505
vn 0.8742 0.4279 0.2294
vn 0.6417 -0.1241 0.7569
vn 0.6878 0.1124 0.7171
vn 0.2126 -0.0649 0.9750
vn 0.2172 -0.0584 0.9744
vn 0.2135 -0.0622 0.9750
vn 0.2745 -0.0820 0.9581
vn -0.3467 -0.3913 0.8525
vn -0.5370 -0.6439 0.5451
vn -0.0768 -0.2995 0.9510
vn 0.2177 -0.0572 0.9743
vn -0.2627 -0.3835 0.8854
vn -0.6344 -0.5084 0.5823
vn -0.7342 -0.6243 0.2670
vn -0.6882 -0.7095 -0.1513
vn -0.6880 -0.7077 -0.1608
vn -0.6884 -0.7092 -0.1522
vn -0.7319 -0.5022 -0.4606
vn -0.2224 -0.1214 -0.9674
vn -0.4716 -0.4009 -0.7854
vn -0.2198 -0.2831 -0.9336
vn -0.5595 -0.4999 -0.6612
vn -0.0152 -0.4029 -0.9151
vn -0.2033 0.0436 -0.9782
vn 0.0660 0.2985 -0.9521
vn 0.4287 0.5182 -0.7400
vn -0.4256 0.7953 -0.4317
vn 0.5406 0.6775 -0.4988
vn 0.5079 0.7283 -0.4601
vn -0.2877 0.9499 -0.1221
vn -0.1654 0.9853 -0.0420
vn 0.5752 0.6635 -0.4785
vn 0.7116 -0.6904 -0.1301
vn 0.4677 0.8352 -0.2892
vn 0.7565 -0.6411 -0.1288
vn 0.6675 0.7280 -0.1564
vn 0.6357 0.7650 -0.1035
vn 0.8026 -0.5775 -0.1493
vn 0.9145 -0.3898 -0.1080
vn 0.7041 -0.7076 0.0604
vn -0.6612 -0.6569 0.3624
vn -0.8017 -0.1604 0.5758
vn -0.0559 -0.6392 0.7670
vn 0.9845 0.1731 -0.0270
vn 0.9384 0.2094 -0.2749
vn 0.8513 0.5113 -0.1177
vn 0.9260 0.3743 -0.0482
vn 0.9500 0.2323 0.2085
vn -0.4520 -0.1477 0.8797
vn 0.5842 -0.8106 0.0410
vn 0.9193 0.3933 0.0176
vn 0.9147 -0.0384 -0.4023
vn -0.2756 0.9464 0.1687
vn 0.9824 -0.0152 -0.1860
vn -0.7859 -0.5241 -0.3281
vn -0.9727 -0.1227 -0.1971
vn -0.9708 -0.0097 -0.2396
vn -0.7416 -0.6026 -0.2948
vn 0.8443 -0.4904 0.2159
vn 0.6126 0.6394 0.4646
vn 0.6071 0.6385 0.4731
vn 0.6085 0.6387 0.4709
vn 0.5933 0.4877 0.6404
vn 0.7819 -0.2003 0.5903
vn 0.8222 -0.4783 0.3085
vn 0.3889 -0.8414 0.3752
vn 0.9162 -0.3975 -0.0514
vn -0.7427 -0.6404 -0.1958
vn 0.5724 -0.6693 0.4737
vn -0.9658 0.1111 0.2344
vn 0.7763 -0.5824 0.2411
vn 0.7292 -0.5650 0.3861
vn 0.5568 -0.8120 0.1749
vn 0.5567 -0.8121 0.1752
vn -0.2254 -0.2548 0.9404
vn -0.4779 -0.2405 0.8449
vn -0.9320 0.3624 0.0042
vn -0.2704 0.9504 0.1536
vn -0.2701 0.9505 0.1537
vn -0.6877 0.5156 0.5111
vn -0.9153 0.3988 -0.0564
vn -0.9689 0.1934 -0.1545
vn -0.9768 0.1014 -0.1887
vn -0.9786 0.0998 -0.1801
vn -0.9784 0.0997 -0.1809
vn -0.9051 -0.0090 -0.4251
vn -0.9037 0.0629 -0.4236
vn -0.8962 0.4258 -0.1244
vn -0.8664 0.4640 -0.1846
vn -0.9784 0.1689 -0.1191
vn -0.9504 0.2990 -0.0853
vn -0.9340 0.3369 -0.1186
vn -0.9332 0.3136 -0.1753
vn -0.9737 0.1906 -0.1249
vn -0.8945 0.4466 -0.0204
vn -0.9069 0.4052 -0.1155
vn -0.8816 0.4556 -0.1235
vn -0.9736 -0.1335 -0.1854
vn -0.9529 -0.2598 -0.1563
vn -0.9449 0.3246 -0.0432
vn -0.9451 0.3241 -0.0412
vn -0.9454 0.3235 -0.0386
vn -0.9766 0.1019 -0.1891
vn -0.9316 -0.1342 -0.3377
vn -0.9450 0.2874 -0.1560
vn -0.9471 0.2721 -0.1702
vn -0.6825 0.7288 0.0557
vn -0.6842 0.7274 0.0518
vn -0.6838 0.7277 0.0527
vn -0.9406 0.2848 -0.1850
vn -0.9185 -0.1526 -0.3647
vn -0.9706 0.0929 -0.2222
vn -0.9393 0.0010 -0.3430
vn -0.8726 0.4579 -0.1702
vn -0.8246 -0.5111 -0.2424
vn -0.9277 0.0301 -0.3721
vn -0.9277 0.0298 -0.3722
vn -0.8106 -0.4544 -0.3694
vn -0.7612 -0.4995 -0.4137
vn -0.9179 0.3895 -0.0760
vn -0.9268 0.3681 -0.0751
vn -0.9448 0.3247 -0.0437
vn -0.7652 -0.4644 -0.4458
vn -0.7548 -0.4701 -0.4574
vn -0.8819 0.4525 -0.1326
vn -0.8789 0.4498 -0.1588
vn -0.9426 0.0922 -0.3211
vn -0.9425 0.0921 -0.3213
vn -0.9424 0.0921 -0.3215
vn -0.8618 0.4875 -0.1400
vn -0.8464 0.5104 -0.1517
vn -0.9426 0.0922 -0.3209
vn -0.8474 0.5040 -0.1667
vn -0.8976 0.3699 -0.2397
vn -0.8975 0.3717 -0.2374
vn -0.8975 0.3712 -0.2381
vn -0.8976 0.3695 -0.2403
vn -0.7888 0.6047 -0.1102
vn -0.7654 0.6397 -0.0702
vn -0.8714 0.4624 -0.1637
vn -0.8723 0.4642 -0.1540
vn -0.8713 0.4622 -0.1651
vn -0.9470 0.0662 -0.3144
vn -0.9470 0.0663 -0.3142
vn -0.9477 0.0671 -0.3121
vn -0.7473 -0.5191 -0.4148
vn -0.7489 -0.4923 -0.4437
vn -0.7460 -0.4925 -0.4481
vn -0.7431 -0.4964 -0.4488
vn -0.9478 0.0672 -0.3118
vn -0.9621 -0.0063 -0.2727
vn -0.9048 0.4072 -0.1248
vn -0.9621 -0.0035 -0.2725
vn -0.8724 0.4644 -0.1528
vn -0.9337 0.3085 -0.1819
vn -0.4214 0.9017 0.0963
vn -0.4214 0.9018 0.0962
vn -0.4215 0.9017 0.0966
vn -0.5186 0.8499 0.0933
vn -0.8290 0.5538 -0.0773
vn -0.8261 0.5576 -0.0813
vn -0.8309 0.5514 -0.0746
vn -0.8258 0.5589 -0.0753
vn -0.6644 0.7465 0.0361
vn -0.4213 0.9019 0.0958
vn -0.8325 0.5485 -0.0782
vn -0.7306 0.6817 -0.0398
vn -0.3863 0.9174 0.0955
vn -0.3812 0.9187 0.1034
vn -0.3824 0.9184 0.1015
vn -0.3875 0.9171 0.0939
vn -0.7562 0.6501 -0.0743
vn -0.8143 -0.4563 -0.3588
vn -0.8807 -0.4527 -0.1396
vn -0.8669 -0.4966 -0.0436
vn -0.9243 -0.3406 -0.1721
vn -0.5090 -0.0190 -0.8605
vn -0.8344 -0.1752 -0.5225
vn -0.9365 -0.0987 -0.3364
vn -0.8176 -0.1114 -0.5649
vn -0.8818 0.0242 -0.4710
vn -0.9691 -0.2224 -0.1066
vn -0.3239 0.0146 0.9460
vn 0.9275 0.2425 0.2845
vn 0.5111 0.8553 0.0847
vn -0.7869 -0.2946 0.5422
vn -0.9764 -0.2131 -0.0348
vn -0.9906 -0.0973 -0.0957
vn -0.9803 -0.1977 -0.0032
vn -0.8883 -0.1270 -0.4413
vn -0.5725 0.1040 -0.8133
vn -0.6321 0.0208 -0.7746
vn -0.3256 0.1933 -0.9255
vn -0.0247 -0.3078 -0.9511
vn -0.2555 -0.7224 -0.6426
vn -0.3954 -0.9013 -0.1767
vn -0.6652 -0.7029 -0.2516
vn -0.3955 0.0677 -0.9160
vn -0.0004 -0.1464 -0.9892
vn -0.3302 0.1091 -0.9376
vn -0.1669 0.1243 -0.9781
vn 0.1207 0.4921 -0.8621
vn 0.1211 0.4934 -0.8613
vn 0.1218 0.4965 -0.8595
vn -0.0159 0.0066 -0.9999
vn -0.1627 -0.1120 -0.9803
vn 0.1220 0.4977 -0.8587
vn -0.3803 -0.0109 -0.9248
vn -0.3800 -0.0421 -0.9240
vn -0.1250 0.6368 -0.7609
vn -0.0453 0.7060 -0.7067
vn -0.7190 0.3400 -0.6061
vn -0.6992 0.3520 -0.6222
vn -0.3816 0.6167 -0.6885
vn -0.4031 0.6265 -0.6671
vn -0.4574 0.6243 -0.6333
vn -0.3978 0.6389 -0.6584
vn -0.5089 0.6474 -0.5674
vn -0.8321 0.4378 -0.3405
vn -0.5038 0.6705 -0.5446
vn -0.8454 0.0445 -0.5322
vn -0.8371 0.0547 -0.5443
vn -0.9105 0.1049 -0.4000
vn -0.4671 0.5901 -0.6585
vn -0.8418 -0.0192 -0.5395
vn -0.7160 0.1933 -0.6708
vn -0.5641 0.7323 -0.3815
vn -0.6752 0.5674 -0.4713
vn -0.7656 0.4827 -0.4253
vn -0.8116 0.5138 -0.2782
vn -0.8098 0.5157 -0.2798
vn -0.8118 0.5135 -0.2779
vn -0.9405 0.2361 0.2445
vn -0.9405 0.2362 0.2444
vn -0.9405 0.2367 0.2438
vn -0.4644 0.8325 -0.3023
vn -0.8071 0.5865 0.0675
vn -0.7971 0.5472 0.2553
vn -0.7964 0.5478 0.2561
vn -0.7922 0.5523 0.2597
vn -0.8450 0.2656 0.4641
vn -0.8701 0.1989 0.4510
vn -0.3588 0.9251 -0.1246
vn -0.4197 0.8998 -0.1188
vn -0.8131 0.2643 -0.5187
vn -0.4845 -0.4950 0.7213
vn 0.0498 -0.5485 0.8347
vn -0.7537 -0.3005 0.5846
vn -0.3899 -0.2114 0.8963
vn -0.8543 -0.3810 0.3536
vn -0.8488 -0.1747 0.4990
vn -0.8981 -0.1537 -0.4120
vn -0.5384 -0.5058 -0.6740
vn -0.5572 -0.5049 -0.6592
vn -0.4033 -0.2508 -0.8801
vn -0.0398 -0.1176 -0.9923
vn -0.1384 -0.3055 -0.9421
vn -0.7773 -0.6289 0.0157
vn -0.7395 -0.5724 -0.3543
vn -0.5753 -0.6778 -0.4578
vn -0.7962 -0.6049 -0.0107
vn -0.6598 -0.5241 0.5385
vn -0.6131 -0.5460 0.5709
vn 0.8343 0.4475 -0.3219
vn 0.8404 0.4483 -0.3044
vn 0.9469 0.1486 0.2850
vn 0.9273 0.2535 0.2755
vn 0.9273 0.2537 0.2753
vn 0.7779 0.1146 0.6178
vn -0.4406 -0.0830 0.8939
vn 0.2144 0.9767 -0.0123
vn 0.1150 0.9550 0.2734
vn 0.3367 0.9136 0.2279
vn -0.1603 0.2577 0.9528
vn 0.0335 0.8131 0.5812
vn -0.0667 0.2137 0.9746
vn -0.0664 0.2138 0.9746
vn -0.1856 0.1565 0.9701
vn 0.2201 0.9032 0.3684
vn 0.0456 0.7913 0.6098
vn -0.0584 0.4234 0.9041
vn 0.4059 0.8600 0.3092
vn 0.3920 0.8217 0.4137
vn -0.1888 -0.1516 0.9702
vn 0.6244 0.7532 0.2067
vn 0.2766 0.4647 -0.8412
vn 0.4209 0.6718 -0.6095
vn 0.5242 0.8391 -0.1453
vn -0.2026 -0.1438 0.9686
vn 0.2917 0.9557 0.0400
vn 0.6198 0.6955 0.3634
vn 0.2843 0.2998 0.9106
vn 0.3162 0.3670 0.8748
vn -0.2911 -0.3748 0.8802
vn 0.8458 0.2510 0.4708
vn 0.9524 0.3047 -0.0036
vn 0.9745 0.2091 0.0810
vn 0.9745 0.2090 0.0811
vn 0.9299 0.2346 0.2834
vn 0.7832 -0.0554 0.6193
vn 0.7738 -0.0421 0.6320
vn 0.7658 0.1850 0.6159
vn 0.7181 0.5208 0.4616
vn 0.7810 0.3869 0.4903
vn 0.5388 -0.1404 0.8306
vn -0.0389 0.8985 0.4373
vn 0.7759 0.3814 0.5025
vn 0.2449 0.8861 0.3934
vn 0.6034 0.5564 0.5713
vn 0.7902 0.3265 0.5186
vn -0.5315 0.7942 0.2944
vn -0.5691 0.7645 0.3029
vn 0.5461 0.6417 0.5384
vn 0.5424 0.6428 0.5409
vn 0.5452 0.6422 0.5388
vn 0.8333 0.2919 0.4695
vn -0.5668 0.7733 0.2843
vn 0.5417 0.6428 0.5417
vn 0.7820 0.2947 0.5492
vn 0.7926 0.3223 0.5176
vn 0.4828 0.6621 0.5732
vn 0.4460 0.6736 0.5894
vn 0.8234 0.2730 0.4975
vn 0.1485 0.8115 0.5652
vn 0.8047 0.4345 0.4047
vn 0.8118 0.3167 0.4905
vn 0.5028 0.6749 0.5402
vn 0.8349 0.3005 0.4611
vn 0.3452 0.8034 0.4852
vn 0.3254 0.8340 0.4456
vn 0.8488 0.4006 0.3452
vn 0.2817 0.7628 0.5820
vn 0.8525 0.3606 0.3783
vn 0.8976 0.3327 0.2892
vn 0.4522 0.8029 0.3885
vn 0.4383 0.8152 0.3786
vn 0.8663 0.3424 0.3637
vn 0.4534 0.7994 0.3942
vn 0.4802 0.7939 0.3730
vn 0.3443 0.8540 0.3900
vn 0.4943 0.8068 0.3235
vn 0.8597 0.3962 0.3224
vn 0.4664 0.8076 0.3609
vn -0.3432 -0.8485 -0.4028
vn -0.2119 -0.8469 -0.4878
vn -0.6953 -0.7092 0.1166
vn -0.6302 -0.5673 -0.5301
vn -0.6157 -0.6662 -0.4209
vn -0.5352 -0.5394 -0.6501
vn -0.2687 -0.6930 -0.6690
vn -0.0525 -0.5173 -0.8542
vn -0.0360 0.1751 -0.9839
vn 0.3569 -0.0841 -0.9303
vn 0.0693 0.2572 -0.9639
vn 0.0605 0.2434 -0.9680
vn 0.0496 0.2441 -0.9685
vn 0.0582 0.2435 -0.9681
vn 0.1936 -0.3416 -0.9197
vn 0.3584 0.2511 -0.8992
vn 0.1856 -0.3267 -0.9267
vn 0.5418 -0.4792 -0.6905
vn 0.0096 -0.1210 -0.9926
vn 0.3732 0.5316 -0.7604
vn 0.3708 0.5053 -0.7792
vn -0.1606 0.3169 -0.9348
vn 0.0268 0.6148 -0.7882
vn -0.5757 0.2003 -0.7927
vn -0.3154 0.4914 -0.8118
vn -0.3147 0.4847 -0.8161
vn -0.3153 0.4900 -0.8127
vn -0.3146 0.4841 -0.8165
vn -0.5882 0.0245 -0.8083
vn -0.5528 0.0285 -0.8328
vn -0.3781 0.5929 -0.7110
vn -0.7141 -0.0132 -0.7000
vn -0.7222 0.1000 -0.6844
vn -0.5443 0.1008 -0.8328
vn -0.0782 0.2998 -0.9508
vn -0.3029 0.4133 -0.8588
vn 0.0315 0.1604 -0.9865
vn -0.3648 -0.2567 -0.8950
vn 0.0205 0.4110 -0.9114
vn -0.1928 0.2943 -0.9361
vn -0.2922 0.3847 -0.8755
vn -0.4169 0.3982 -0.8171
vn -0.4299 0.4160 -0.8014
vn -0.5848 0.5210 -0.6218
vn -0.5478 0.4686 -0.6931
vn -0.6020 0.3664 -0.7095
vn -0.6889 0.5132 -0.5119
vn -0.5989 0.5721 -0.5604
vn -0.7299 0.5064 -0.4591
vn -0.6626 0.5987 -0.4501
vn -0.9475 -0.3190 0.0201
vn -0.6618 0.6130 -0.4316
vn -0.9720 -0.2351 -0.0044
vn -0.9580 0.0915 -0.2716
vn -0.7375 0.5120 -0.4404
vn -0.8102 0.4732 -0.3460
vn -0.9250 -0.3657 0.1032
vn -0.9390 -0.3352 0.0766
vn -0.8121 0.5132 -0.2777
vn -0.8712 -0.4448 0.2077
vn -0.8386 0.5447 -0.0027
vn -0.8294 0.5483 -0.1066
vn -0.8823 0.1254 0.4537
vn -0.5498 0.8134 -0.1901
vn -0.5520 0.8116 -0.1915
vn -0.5498 0.8135 -0.1895
vn -0.5523 0.8114 -0.1914
vn -0.7895 0.5690 0.2302
vn -0.7914 0.5532 0.2602
vn -0.3628 0.9315 0.0260
vn -0.7892 -0.0544 0.6117
vn -0.4265 0.8904 0.1589
vn -0.3793 0.6644 0.6439
vn -0.6756 0.3165 0.6659
vn -0.6676 0.3666 0.6481
vn -0.5912 0.5067 0.6275
vn -0.5217 0.5728 0.6323
vn -0.0754 0.5867 0.8063
vn -0.5784 0.2606 0.7730
vn 0.0137 0.6862 0.7273
vn -0.0899 0.5697 0.8170
vn 0.1352 0.5647 0.8141
vn -0.1154 0.5132 0.8505
vn -0.1153 0.5132 0.8505
vn -0.1194 0.5109 0.8513
vn -0.1147 0.5135 0.8504
vn -0.8505 -0.2642 0.4547
vn -0.6798 -0.7317 -0.0494
vn -0.6821 -0.7230 0.1090
vn -0.8098 -0.0969 0.5786
vn -0.4463 -0.0288 0.8944
vn 0.4382 0.0768 0.8956
vn 0.1566 -0.0619 0.9857
vn 0.0718 0.1811 0.9808
vn -0.7510 -0.4687 0.4651
vn -0.4290 -0.6887 0.5845
vn -0.6263 -0.7208 0.2971
vn -0.4882 -0.7879 0.3753
vn -0.4250 -0.0736 0.9022
vn -0.6474 -0.7352 0.2009
vn -0.3402 -0.3510 0.8724
vn -0.2595 -0.3297 0.9077
vn 0.2317 0.3502 0.9076
vn -0.5755 -0.7859 0.2262
vn -0.5624 -0.7230 0.4011
vn 0.5113 0.0652 0.8569
vn 0.5322 -0.0918 0.8416
vn 0.3634 -0.1628 0.9173
vn 0.6715 -0.3590 0.6483
vn 0.7072 -0.3709 0.6019
vn -0.8922 0.4387 -0.1072
vn -0.6920 0.7196 -0.0572
vn -0.5070 0.8620 0.0033
vn -0.9671 0.2268 -0.1154
vn -0.9678 0.2165 -0.1285
vn -0.8793 0.4755 -0.0258
vn -0.7047 0.7047 0.0831
vn -0.9176 0.3439 -0.1994
vn -0.6124 0.7896 0.0389
vn -0.9190 0.3267 -0.2206
vn -0.8238 0.5617 -0.0758
vn -0.8417 0.5260 -0.1214
vn -0.5262 0.8492 0.0444
vn -0.6143 0.7872 0.0550
vn -0.8338 0.5486 -0.0616
vn -0.8448 0.5306 -0.0697
vn -0.8440 0.5318 -0.0695
vn -0.8459 0.5287 -0.0696
vn -0.8462 0.5282 -0.0703
vn -0.8280 0.5445 -0.1340
vn -0.8337 0.5362 -0.1322
vn -0.8292 0.5428 -0.1336
vn -0.5082 0.8584 0.0698
vn -0.7108 0.7032 -0.0170
vn -0.4032 0.9051 0.1349
vn -0.5814 0.8016 0.1394
vn -0.4238 0.8982 0.1166
vn -0.4217 0.8994 0.1152
vn -0.4211 0.8997 0.1149
vn -0.4264 0.8937 0.1394
vn -0.6822 0.7290 0.0563
vn -0.8202 0.5712 -0.0311
vn -0.8459 0.5285 -0.0711
vn -0.4325 0.8777 0.2062
vn -0.8286 0.5597 -0.0165
vn -0.4924 0.8578 0.1474
vn -0.6480 0.7576 0.0788
vn -0.6570 0.7530 0.0361
vn -0.6055 0.7959 0.0008
vn -0.7672 0.6380 -0.0664
vn -0.8178 0.5631 -0.1188
vn -0.8031 0.5958 -0.0109
vn -0.5246 0.8380 0.1504
vn -0.5974 0.8018 -0.0165
vn -0.7433 0.6671 -0.0500
vn -0.2246 0.8899 0.3971
vn 0.6255 -0.1205 0.7709
vn -0.4705 0.8823 0.0119
vn -0.5027 0.8643 -0.0158
vn -0.6260 0.7797 -0.0128
vn -0.8108 0.5660 -0.1488
vn -0.8493 0.5084 -0.1426
vn -0.0535 0.9555 0.2901
vn -0.2224 0.9225 0.3154
vn -0.0993 0.9744 0.2016
vn 0.3449 0.8884 0.3029
vn 0.3436 0.8895 0.3014
vn 0.3456 0.8878 0.3038
vn 0.3408 0.9021 0.2646
vn 0.3406 0.9022 0.2646
vn 0.3431 0.9019 0.2624
vn 0.3435 0.9019 0.2620
vn 0.3269 0.9110 0.2514
vn 0.3278 0.9104 0.2524
vn 0.3299 0.9119 0.2443
vn -0.4632 0.8831 0.0748
vn -0.4456 0.8896 0.1000
vn -0.4881 0.8623 0.1349
vn -0.4125 0.9055 0.0998
vn -0.5784 0.8051 0.1314
vn -0.5815 0.8042 0.1231
vn -0.5808 0.8046 0.1236
vn -0.4065 0.8988 0.1639
vn -0.2900 0.9474 0.1355
vn 0.3310 0.9116 0.2439
vn -0.4161 0.9064 0.0727
vn 0.2937 0.9203 0.2584
vn -0.4003 0.9094 0.1125
vn -0.2424 0.9565 0.1624
vn 0.2292 0.9109 0.3432
vn 0.2293 0.9109 0.3432
vn 0.2294 0.9113 0.3420
vn 0.2256 0.9073 0.3549
vn -0.0908 0.9594 0.2672
vn -0.5782 0.8051 0.1327
vn -0.1528 0.9497 0.2735
vn 0.2256 0.9071 0.3553
vn 0.5669 0.7419 0.3581
vn 0.2014 0.9217 0.3315
vn 0.1113 0.9436 0.3118
vn 0.6152 0.7048 0.3533
vn 0.6046 0.7167 0.3476
vn 0.6044 0.7167 0.3478
vn 0.6045 0.7167 0.3477
vn 0.9036 0.3318 0.2708
vn 0.5868 0.7252 0.3602
vn 0.5836 0.7300 0.3558
vn 0.5875 0.7240 0.3613
vn 0.7986 0.5357 0.2741
vn 0.3188 0.9088 0.2690
vn 0.5827 0.7312 0.3547
vn 0.6481 0.7218 0.2429
vn 0.9360 0.2965 0.1895
vn 0.9322 0.2712 0.2395
vn 0.9261 0.3104 0.2145
vn 0.9101 0.3003 0.2855
vn 0.6671 0.6483 0.3671
vn 0.7233 -0.6515 -0.2289
vn 0.7236 -0.6514 -0.2282
vn 0.7223 -0.6516 -0.2318
vn 0.8030 -0.5807 -0.1339
vn 0.7341 0.6067 0.3050
vn 0.6931 0.6506 0.3105
vn 0.6728 0.6640 0.3263
vn 0.9777 0.1145 0.1762
vn 0.7117 0.6534 0.2580
vn 0.9314 0.3336 0.1453
vn 0.9303 0.3354 0.1483
vn 0.9312 0.3340 0.1460
vn 0.9301 0.3357 0.1488
vn 0.6865 0.6821 0.2518
vn 0.7109 0.6642 0.2312
vn 0.9205 0.3638 0.1423
vn 0.7335 0.6349 0.2426
vn 0.6303 0.7334 0.2545
vn 0.3155 0.8918 0.3243
vn 0.2640 0.8969 0.3549
vn 0.2837 0.8992 0.3331
vn 0.6880 0.6947 0.2100
vn 0.6880 0.6946 0.2100
vn 0.9451 0.2965 0.1373
vn 0.9042 0.3826 0.1898
vn -0.1152 0.9492 0.2927
vn -0.0196 0.9584 0.2849
vn 0.1800 0.9354 0.3045
vn 0.2152 0.9346 0.2833
vn -0.0246 0.9631 0.2682
vn 0.2267 0.9284 0.2943
vn 0.1045 0.9582 0.2663
vn 0.1049 0.9589 0.2636
vn 0.1052 0.9596 0.2610
vn 0.1053 0.9596 0.2609
vn -0.4245 0.8978 0.1171
vn 0.2468 0.9383 0.2421
vn 0.2451 0.9403 0.2363
vn 0.2471 0.9381 0.2426
vn -0.2975 0.9392 0.1712
vn -0.1769 0.9711 0.1601
vn 0.2452 0.9404 0.2356
vn 0.0025 0.9718 0.2357
vn -0.3491 0.9320 0.0978
vn 0.2841 0.9313 0.2281
vn -0.0439 0.9658 0.2555
vn -0.0379 -0.4069 0.9127
vn 0.0928 -0.2473 0.9645
vn -0.0179 -0.5730 0.8194
vn -0.4449 -0.6866 0.5750
vn -0.1145 -0.1855 0.9760
vn -0.3052 -0.5157 0.8006
vn -0.3050 -0.5155 0.8007
vn -0.3045 -0.5152 0.8012
vn -0.3042 -0.5149 0.8015
vn -0.5966 -0.7833 0.1746
vn -0.4153 -0.6800 0.6043
vn -0.3730 -0.7731 0.5131
vn -0.4777 -0.8709 0.1156
vn -0.4828 -0.8689 0.1095
vn -0.4820 -0.8692 0.1106
vn -0.4770 -0.8712 0.1163
vn -0.5745 -0.6880 0.4434
vn -0.1766 -0.9386 -0.2964
vn -0.6427 -0.6653 -0.3799
vn -0.2865 -0.6498 -0.7040
vn -0.4747 -0.4370 -0.7640
vn -0.2207 -0.2485 -0.9432
vn -0.0147 -0.0194 -0.9997
vn -0.0750 0.1321 -0.9884
vn -0.0278 0.0232 -0.9993
vn 0.0294 -0.0342 -0.9990
vn 0.4531 0.2123 -0.8658
vn 0.2775 0.1662 -0.9463
vn 0.2760 0.1652 -0.9468
vn 0.2711 0.1616 -0.9489
vn 0.2707 0.1610 -0.9491
vn 0.7974 -0.4887 0.3541
vn 0.1995 0.0034 0.9799
vn 0.3905 -0.0422 0.9196
vn 0.3868 -0.0435 0.9211
vn 0.3875 -0.0433 0.9208
vn 0.3944 -0.0408 0.9180
vn 0.5204 0.1256 0.8446
vn 0.5133 -0.8581 0.0113
vn 0.5131 -0.8583 0.0108
vn 0.5124 -0.8587 0.0125
vn 0.5121 -0.8588 0.0126
vn 0.4232 -0.8091 -0.4079
vn 0.1979 -0.1053 -0.9745
vn -0.0172 0.1289 -0.9915
vn 0.0695 0.2672 -0.9611
vn 0.1468 0.6633 -0.7338
vn 0.4452 -0.3965 -0.8029
vn 0.5474 -0.8227 -0.1533
vn 0.9023 -0.3685 0.2236
vn 0.7390 0.2157 0.6383
vn 0.6927 0.7059 -0.1475
vn 0.7830 0.2074 0.5865
vn 0.8534 0.1304 0.5047
vn -0.3422 -0.6604 0.6684
vn -0.0962 -0.3049 0.9475
vn -0.0865 -0.3079 0.9475
vn -0.0970 -0.3046 0.9475
vn -0.2515 -0.3945 0.8838
vn -0.3513 -0.5419 0.7635
vn -0.5097 -0.7464 0.4279
vn -0.7073 -0.5977 -0.3775
vn -0.6013 -0.5558 -0.5740
vn -0.6031 -0.4818 -0.6357
vn -0.3693 -0.2236 -0.9020
vn -0.3752 -0.3281 -0.8669
vn -0.0987 -0.0324 -0.9946
vn -0.3799 -0.2038 -0.9023
vn -0.2646 -0.0763 -0.9613
vn 0.0098 0.0933 -0.9956
vn 0.0516 0.0766 -0.9957
vn -0.3239 -0.1956 -0.9257
vn 0.3379 0.4160 -0.8443
vn 0.2677 0.6285 -0.7303
vn 0.0476 0.2443 -0.9685
vn 0.2708 0.4988 -0.8233
vn 0.4413 0.6422 -0.6268
vn 0.2587 0.4682 -0.8449
vn -0.2545 0.5974 -0.7605
vn 0.5617 0.7882 -0.2515
vn 0.5044 0.8125 -0.2924
vn 0.5812 0.8048 -0.1205
vn 0.5699 0.3401 -0.7481
vn 0.4965 0.8651 0.0713
vn 0.8697 0.2591 -0.4202
vn 0.5261 -0.4196 -0.7397
vn -0.3905 -0.9065 -0.1602
vn 0.1050 -0.3256 -0.9396
vn 0.4995 0.5240 -0.6899
vn -0.1469 -0.1914 -0.9705
vn -0.0657 -0.1986 -0.9779
vn -0.0643 -0.2208 -0.9732
vn 0.2146 -0.1250 -0.9687
vn 0.5368 0.4043 -0.7406
vn -0.3103 -0.2018 -0.9290
vn 0.1352 0.1109 -0.9846
vn -0.1656 -0.3270 -0.9304
vn -0.1681 -0.4788 -0.8617
vn -0.0373 -0.4970 -0.8670
vn -0.0597 0.2911 -0.9548
vn 0.3874 0.9003 -0.1982
vn 0.3875 0.9002 -0.1988
vn 0.1493 0.2012 -0.9681
vn 0.1600 0.1905 -0.9686
vn 0.3321 0.0111 -0.9432
vn 0.3256 0.0136 -0.9454
vn 0.3311 0.0116 -0.9435
vn -0.0007 -0.6138 -0.7895
vn 0.1188 -0.6059 -0.7866
vn 0.1344 -0.7503 -0.6473
vn 0.5198 0.0811 -0.8505
vn 0.3241 0.0141 -0.9459
vn 0.2267 -0.0307 -0.9735
vn 0.2267 -0.0246 -0.9737
vn 0.2266 -0.0299 -0.9735
vn 0.2268 -0.0233 -0.9737
vn 0.0576 0.3075 -0.9498
vn 0.0216 -0.2218 -0.9749
vn 0.0175 -0.4399 -0.8979
vn 0.3806 0.2667 -0.8854
vn 0.0979 -0.0683 -0.9928
vn -0.6258 0.1914 -0.7562
vn 0.2321 -0.3943 -0.8892
vn 0.2330 -0.3945 -0.8889
vn 0.2330 -0.3941 -0.8891
vn 0.2405 -0.3866 -0.8903
vn -0.3477 -0.9213 -0.1742
vn 0.2770 -0.4619 -0.8426
vn -0.9187 0.2611 -0.2962
vn -0.3388 -0.9277 -0.1565
vn 0.3651 -0.5251 -0.7687
vn 0.3629 -0.5249 -0.7699
vn 0.3643 -0.5251 -0.7692
vn 0.3657 -0.5252 -0.7683
vn -0.3679 -0.9298 0.0146
vn 0.8367 0.4246 -0.3460
vn 0.7587 -0.1327 -0.6378
vn 0.7391 -0.5186 -0.4300
vn 0.8233 -0.4784 -0.3054
vn 0.8231 -0.4785 -0.3058
vn 0.7110 0.4315 -0.5553
vn -0.7284 -0.4388 -0.5262
vn -0.8005 -0.4157 -0.4318
vn -0.6798 -0.2921 -0.6727
vn -0.4163 -0.7349 -0.5353
vn -0.4213 -0.9065 -0.0285
vn -0.9320 0.3106 -0.1869
vn 0.3398 0.2328 -0.9112
vn -0.4681 0.8823 0.0490
vn -0.5068 0.8599 0.0606
vn -0.9222 0.3856 0.0297
vn -0.9222 0.3854 0.0309
vn -0.9207 0.3896 0.0223
vn -0.7719 0.6143 0.1641
vn -0.7435 0.6489 0.1619
vn -0.4023 0.7925 -0.4585
vn -0.4330 0.8749 0.2172
vn -0.1277 0.8813 -0.4549
vn -0.2077 0.9261 0.3150
vn -0.3033 0.8940 0.3297
vn 0.2922 0.4902 -0.8212
vn 0.6794 -0.0380 -0.7328
vn 0.4866 0.0841 -0.8696
vn 0.4865 0.0838 -0.8697
vn 0.4857 0.0818 -0.8703
vn 0.4877 0.0776 -0.8696
vn 0.4114 0.1443 -0.8999
vn 0.3130 -0.7483 -0.5848
vn 0.3136 -0.7484 -0.5844
vn 0.3133 -0.7506 -0.5818
vn 0.3130 -0.7510 -0.5814
vn 0.5972 -0.1617 -0.7856
vn 0.1971 0.6671 -0.7184
vn 0.1984 0.8631 0.4645
vn -0.4865 0.8441 0.2255
vn -0.9203 0.3906 0.0212
vn -0.8867 0.4535 0.0903
vn -0.9993 -0.0204 -0.0300
vn -0.8051 0.5813 0.1179
vn -0.9858 0.1652 -0.0297
vn -0.9496 0.3125 -0.0232
vn -0.9539 0.2991 -0.0242
vn -0.9800 0.1472 -0.1340
vn -0.9559 0.2921 -0.0292
vn -0.8835 0.4681 -0.0151
vn -0.7916 0.6102 -0.0327
vn -0.9046 0.4183 -0.0825
vn -0.9389 0.2812 -0.1985
vn -0.9232 0.3124 -0.2238
vn -0.9801 0.0332 -0.1956
vn -0.9847 0.0756 -0.1568
vn -0.7894 -0.5401 -0.2918
vn -0.9844 -0.1016 -0.1437
vn -0.7833 -0.5956 -0.1783
vn -0.8033 -0.5729 -0.1628
vn -0.9739 -0.2049 -0.0980
vn -0.9759 -0.1945 -0.0994
vn -0.9745 -0.2015 -0.0984
vn -0.9764 -0.1916 -0.0998
vn -0.9882 -0.1508 -0.0281
vn -0.5628 0.7990 0.2119
vn -0.4360 0.8745 0.2124
vn -0.9750 0.2179 0.0435
vn -0.7709 0.6086 0.1879
vn -0.9856 0.1383 -0.0978
vn -0.5012 0.8357 0.2246
vn -0.4973 0.8389 0.2211
vn -0.5004 0.8364 0.2239
vn -0.5393 0.7656 0.3506
vn 0.0334 0.9285 0.3698
vn -0.0787 0.8806 0.4673
vn 0.0415 0.8948 0.4446
vn -0.3522 0.8650 0.3575
vn 0.2858 0.8866 0.3638
vn 0.8111 0.5365 -0.2329
vn 0.4115 0.4728 -0.7792
vn 0.4247 -0.7863 -0.4488
vn 0.5878 0.1817 -0.7884
vn 0.8868 -0.2739 -0.3722
vn 0.2994 0.9110 0.2837
vn 0.6551 -0.0475 -0.7541
vn 0.7253 -0.5611 -0.3988
vn 0.8117 -0.4622 -0.3570
vn 0.6594 -0.0035 -0.7518
vn 0.8456 -0.1704 -0.5059
vn 0.2815 0.9182 0.2786
vn -0.2389 0.8606 0.4499
vn -0.0783 0.8641 0.4973
vn -0.0602 0.8562 0.5131
vn 0.1718 0.8876 0.4274
vn 0.7935 -0.2101 -0.5712
vn 0.8145 -0.2074 -0.5418
vn 0.8315 -0.2449 -0.4986
vn 0.7730 -0.0828 -0.6290
vn 0.8414 -0.2779 -0.4635
vn 0.8540 -0.2090 -0.4764
vn 0.1438 0.9077 0.3942
vn 0.1430 0.9078 0.3942
vn 0.1407 0.9082 0.3941
vn 0.4730 0.6382 -0.6075
vn 0.1404 0.9082 0.3944
vn 0.8452 -0.2572 -0.4685
vn 0.8429 -0.2474 -0.4778
vn 0.8471 -0.2429 -0.4726
vn 0.8467 -0.2432 -0.4733
vn 0.7606 0.6071 -0.2300
vn 0.8421 -0.2484 -0.4788
vn 0.7268 0.1254 -0.6753
vn 0.6287 -0.1302 -0.7667
vn 0.5298 -0.2459 -0.8117
vn 0.4791 -0.5954 -0.6450
vn 0.6733 0.0251 -0.7389
vn 0.5616 -0.2431 -0.7909
vn 0.6723 -0.6181 -0.4074
vn 0.8783 -0.2337 -0.4171
vn 0.5099 -0.7415 -0.4360
vn 0.8301 -0.3231 -0.4545
vn 0.9258 -0.1999 -0.3207
vn 0.7885 -0.1685 -0.5915
vn 0.6083 -0.3734 -0.7004
vn 0.6035 -0.3764 -0.7029
vn 0.6128 -0.3708 -0.6979
vn 0.4043 -0.2578 -0.8775
vn 0.3371 -0.2837 -0.8977
vn 0.3375 -0.2841 -0.8974
vn 0.3356 -0.2825 -0.8986
vn 0.2949 -0.5162 -0.8041
vn 0.3070 0.1407 -0.9413
vn -0.2223 -0.6300 -0.7441
vn 0.2194 -0.3075 -0.9259
vn 0.2567 -0.1970 -0.9462
vn -0.0213 -0.6056 -0.7955
vn 0.3910 -0.4896 -0.7794
vn 0.6129 -0.3704 -0.6979
vn 0.4894 -0.5211 -0.6992
vn 0.4625 -0.6522 -0.6006
vn 0.6757 -0.1386 -0.7240
vn 0.1240 -0.5226 -0.8435
vn -0.1676 -0.3595 -0.9180
vn -0.0284 -0.0098 -0.9996
vn 0.3351 -0.2820 -0.8990
vn -0.1705 -0.0949 -0.9808
vn -0.0804 -0.0955 -0.9922
vn -0.0027 0.1931 -0.9812
vn 0.0037 0.1581 -0.9874
vn -0.3220 0.0355 -0.9461
vn -0.5169 0.1059 -0.8495
vn -0.2302 -0.3490 -0.9084
vn -0.2302 -0.3493 -0.9083
vn 0.4049 -0.0003 -0.9144
vn 0.4343 -0.0916 -0.8961
vn 0.2233 -0.6724 -0.7057
vn 0.2385 -0.5682 -0.7876
vn 0.1909 -0.0144 -0.9815
vn -0.0611 -0.6041 -0.7946
vn -0.0419 -0.3019 -0.9524
vn -0.5303 -0.2546 -0.8087
vn -0.3955 -0.4660 -0.7914
vn -0.5798 -0.2986 -0.7580
vn -0.7950 -0.1509 -0.5876
vn -0.7726 -0.2513 -0.5831
vn -0.8601 -0.3100 -0.4051
vn -0.3548 0.2843 -0.8907
vn -0.5381 0.2746 -0.7969
vn -0.9170 -0.1142 -0.3822
vn -0.8983 0.0139 -0.4391
vn -0.7647 0.4242 -0.4850
vn -0.9393 -0.3406 -0.0414
vn -0.9369 -0.2740 -0.2170
vn -0.5496 0.5889 -0.5926
vn -0.5492 0.5891 -0.5928
vn -0.9316 0.2807 -0.2309
vn -0.8893 0.4307 -0.1536
vn 0.0983 0.9764 -0.1921
vn 0.0540 0.9861 0.1574
vn 0.0360 0.9922 0.1197
vn 0.3059 0.7149 -0.6287
vn 0.3006 0.7204 -0.6250
vn 0.3076 0.7132 -0.6299
vn 0.2263 0.9738 -0.0217
vn 0.2353 0.9718 -0.0168
vn 0.2368 0.9714 -0.0160
vn 0.2944 0.9048 -0.3078
vn 0.2992 0.7218 -0.6241
vn -0.0669 0.8436 0.5328
vn -0.2930 0.0303 0.9556
vn 0.0062 0.8938 0.4485
vn -0.1752 0.7268 0.6641
vn -0.1668 0.1676 0.9717
vn -0.3038 -0.0401 0.9519
vn 0.2908 0.7202 -0.6299
vn 0.2871 0.7246 -0.6266
vn 0.2918 0.7189 -0.6309
vn 0.1372 0.7891 0.5988
vn 0.2860 0.7257 -0.6257
vn 0.1836 0.9720 0.1464
vn -0.1908 -0.2271 0.9550
vn -0.2777 0.1016 0.9553
vn 0.3263 0.7494 -0.5761
vn 0.0358 0.9230 0.3831
vn -0.2080 0.2839 0.9360
vn -0.0865 0.7065 0.7024
vn 0.1145 0.9829 0.1443
vn 0.1131 0.9886 0.0998
vn -0.8299 0.5530 -0.0737
vn -0.5708 0.6870 -0.4498
vn -0.9337 0.1775 -0.3110
vn -0.8910 0.2365 -0.3875
vn 0.9335 0.1420 0.3292
vn -0.4403 -0.8151 -0.3765
vn -0.7726 -0.4563 -0.4414
vn -0.3644 -0.8457 -0.3899
vn -0.2442 -0.8886 -0.3882
vn -0.5222 -0.7329 -0.4361
vn -0.4077 -0.8455 -0.3447
vn -0.5205 -0.7562 -0.3966
vn -0.0471 0.9393 0.3398
vn -0.7657 0.2872 0.5755
vn -0.1488 0.8400 0.5218
vn -0.7165 0.3228 0.6185
vn -0.0025 0.8945 0.4470
vn -0.1456 0.6568 0.7399
vn 0.2758 0.8873 0.3695
vn -0.6777 0.3156 0.6642
vn 0.2863 0.8349 0.4701
vn 0.2023 0.8532 0.4807
vn -0.6715 0.3044 0.6756
vn 0.2513 0.8765 0.4106
vn 0.2374 0.8916 0.3856
vn 0.1091 0.9477 0.2999
vn -0.7702 -0.0698 0.6340
vn -0.7150 0.6583 0.2353
vn -0.5401 0.6734 0.5048
vn 0.1814 -0.9679 0.1739
vn -0.5516 0.2666 0.7904
vn -0.2342 -0.5571 0.7967
vn -0.1429 0.8347 0.5318
vn -0.5984 0.5095 0.6184
vn -0.6522 0.6128 0.4462
vn -0.3001 -0.5840 0.7543
vn -0.6278 0.5063 0.5912
vn -0.6108 0.5240 0.5936
vn 0.1964 0.8824 0.4276
vn -0.6566 0.3070 0.6889
vn -0.5051 0.3900 0.7699
vn -0.5038 0.3900 0.7707
vn -0.5058 0.3901 0.7694
vn -0.5146 0.3909 0.7632
vn -0.4709 0.2409 0.8487
vn 0.2506 0.8222 0.5111
vn 0.2261 0.8037 0.5504
vn -0.4260 0.4509 0.7843
vn -0.4896 0.1712 0.8550
vn 0.3127 0.1046 0.9441
vn 0.3497 0.0775 0.9336
vn -0.2090 -0.7159 0.6662
vn 0.5898 -0.1988 0.7827
vn 0.4157 -0.1274 0.9005
vn 0.4059 -0.2463 0.8801
vn -0.3502 -0.3688 0.8610
vn -0.2700 -0.6033 0.7504
vn -0.2560 -0.5603 0.7877
vn 0.7279 -0.3612 0.5828
vn -0.3674 -0.8784 0.3057
vn -0.3088 -0.8002 0.5140
vn -0.2406 -0.8304 0.5026
vn -0.2731 -0.8940 0.3553
vn -0.2732 -0.8940 0.3552
vn -0.2725 -0.8939 0.3559
vn -0.2762 -0.8941 0.3525
vn 0.5878 -0.4883 0.6450
vn 0.2856 -0.8037 0.5220
vn 0.4479 -0.5653 0.6927
vn 0.6198 -0.5744 0.5346
vn 0.1258 -0.7558 0.6427
vn -0.4631 -0.7766 0.4272
vn -0.2855 -0.8056 0.5191
vn 0.4642 -0.7182 0.5184
vn 0.1737 -0.8083 0.5625
vn -0.6812 0.5246 0.5106
vn 0.3841 -0.3540 0.8528
vn 0.3840 -0.3539 0.8528
vn -0.2319 0.0050 0.9727
vn 0.0367 0.8988 0.4368
vn -0.1927 0.9751 0.1099
vn -0.5538 0.8281 0.0867
vn -0.4140 0.9102 0.0110
vn -0.2733 0.9540 0.1233
vn 0.3416 0.8910 0.2991
vn 0.3092 0.8969 0.3163
vn -0.8906 0.4266 -0.1574
vn -0.9520 0.0132 -0.3057
vn 0.5221 -0.1825 0.8331
vn 0.1960 0.8353 0.5136
vn 0.7749 0.3982 0.4908
vn -0.5279 0.8122 0.2485
vn -0.4807 0.8429 0.2417
vn 0.1318 0.8497 0.5105
vn 0.2542 0.8006 0.5426
vn 0.0342 0.8909 0.4529
vn 0.7348 0.4102 0.5403
vn -0.4521 0.8320 0.3216
vn 0.1324 0.8916 0.4330
vn -0.4303 0.8505 0.3025
vn -0.2290 0.9603 0.1596
vn 0.0918 0.9934 0.0692
vn -0.2018 0.9490 0.2422
vn -0.1754 0.9766 0.1247
vn 0.1161 0.9909 0.0677
vn 0.3064 0.6060 0.7341
vn 0.5113 0.6968 0.5030
vn -0.3415 0.8933 0.2924
vn 0.0579 0.9226 0.3814
vn 0.4805 0.8388 0.2559
vn 0.1510 0.9230 0.3540
vn 0.5874 0.7324 0.3443
vn 0.4628 0.8476 0.2597
vn 0.5637 0.8236 -0.0632
vn 0.6779 0.6789 0.2821
vn 0.6388 0.7588 -0.1267
vn 0.6473 0.6647 0.3730
vn 0.4587 0.7180 0.5235
vn 0.4640 0.7953 0.3902
vn -0.2579 -0.2249 0.9396
vn -0.1704 -0.3480 0.9219
vn 0.3991 0.7024 0.5893
vn 0.0955 0.1859 0.9779
vn 0.6580 -0.0854 0.7482
vn -0.7444 -0.4976 -0.4453
vn -0.7447 -0.4976 -0.4448
vn -0.9368 0.2297 -0.2639
vn -0.8665 0.4592 -0.1957
vn -0.8675 0.4680 -0.1686
vn -0.9587 0.0097 -0.2844
vn -0.8864 0.4349 -0.1587
vn -0.8907 0.4329 -0.1388
vn -0.8888 0.4336 -0.1483
vn -0.8905 0.4330 -0.1399
vn -0.8887 0.4337 -0.1488
vn -0.9305 -0.0821 -0.3569
vn -0.9335 -0.0283 -0.3575
vn -0.9335 -0.0280 -0.3575
vn -0.7905 -0.4550 -0.4099
vn -0.9317 -0.1712 -0.3205
vn -0.9400 -0.1845 -0.2869
vn -0.9693 -0.1157 -0.2170
vn -0.9749 0.0126 -0.2224
vn -0.9258 -0.0248 -0.3772
vn -0.7249 -0.4184 -0.5473
vn -0.9182 -0.1684 -0.3585
vn -0.9744 -0.1569 -0.1609
vn -0.8225 -0.3675 -0.4342
vn -0.7537 -0.5012 -0.4251
vn -0.3294 -0.8131 -0.4799
vn -0.3048 -0.8183 -0.4874
vn -0.5556 -0.6488 -0.5199
vn -0.3267 -0.7372 -0.5914
vn -0.5661 -0.5704 -0.5951
vn -0.5869 -0.5821 -0.5627
vn -0.5483 -0.6726 -0.4971
vn -0.5652 -0.6533 -0.5037
vn -0.2465 -0.7895 -0.5621
vn 0.0035 -0.8083 -0.5888
vn 0.0319 -0.8842 -0.4659
vn -0.7714 -0.5600 -0.3022
vn -0.6415 -0.6768 0.3611
vn -0.4968 -0.6490 0.5762
vn -0.5420 -0.5692 0.6182
vn 0.2478 0.9665 0.0663
vn 0.2482 0.9664 0.0662
vn 0.2467 0.9667 0.0674
vn -0.0925 0.9921 0.0851
vn -0.1066 0.9890 0.1025
vn 0.6261 0.7716 0.1122
vn 0.4435 0.2605 0.8576
vn 0.4532 0.3201 0.8319
vn 0.2597 0.4465 -0.8563
vn 0.2200 0.8058 -0.5497
vn 0.1004 0.9829 0.1545
vn 0.5175 0.8262 0.2226
vn 0.5218 0.8239 0.2210
vn 0.5185 0.8257 0.2222
vn 0.5231 0.8232 0.2207
vn 0.6300 0.7100 0.3147
vn 0.0424 0.9125 0.4068
vn 0.1728 0.9477 0.2683
vn -0.2158 -0.2220 0.9509
vn -0.1486 -0.2030 0.9678
vn -0.0880 -0.1432 0.9858
vn 0.4530 0.8110 0.3702
vn 0.4068 0.8046 0.4326
vn 0.3120 0.7794 -0.5433
vn 0.2379 0.9712 -0.0154
vn 0.3109 0.8770 -0.3662
vn 0.3876 0.6643 -0.6391
vn 0.5967 0.6260 0.5020
vn -0.0278 0.7873 0.6159
vn 0.0579 -0.1681 0.9841
vn 0.3203 0.0728 0.9445
vn 0.3491 0.6782 0.6466
vn 0.0047 -0.2958 0.9552
vn 0.0048 -0.2955 0.9553
vn 0.6974 0.6257 0.3496
vn 0.8302 0.5023 0.2418
vn 0.5017 0.4543 -0.7361
vn 0.5076 0.8287 -0.2358
vn 0.5077 0.8285 -0.2362
vn 0.4834 0.8667 -0.1234
vn 0.6279 0.6601 -0.4123
vn 0.5325 0.5857 -0.6111
vn 0.0125 -0.2487 0.9685
vn -0.0200 -0.1631 0.9864
vn 0.5731 0.2729 0.7727
vn 0.5992 0.2852 0.7481
vn 0.5692 0.7161 0.4039
vn 0.5747 0.7256 0.3785
vn 0.7935 0.5488 0.2629
vn 0.7938 0.5487 0.2622
vn 0.7931 0.5493 0.2632
vn -0.4529 -0.5549 0.6978
vn -0.5459 -0.5626 0.6208
vn -0.4870 -0.7865 0.3798
vn -0.3441 -0.4605 0.8183
vn -0.5839 -0.7973 0.1528
vn -0.6887 -0.7093 -0.1504
vn -0.2476 -0.0924 -0.9644
vn -0.3537 0.5682 -0.7430
vn -0.3991 0.3268 -0.8567
vn -0.4267 -0.7475 -0.5090
vn -0.2127 -0.8275 -0.5197
vn 0.1855 -0.7250 -0.6633
vn -0.0791 -0.9399 -0.3321
vn -0.6113 -0.7883 -0.0708
vn 0.3601 -0.8895 -0.2812
vn -0.5683 -0.8053 0.1689
vn 0.3335 -0.9396 -0.0777
vn 0.2511 -0.8963 -0.3654
vn 0.4002 -0.9162 0.0200
vn 0.1970 -0.6645 -0.7209
vn -0.2238 -0.2977 -0.9281
vn -0.3094 -0.1060 -0.9450
vn -0.3034 0.1280 -0.9442
vn -0.3037 0.1279 -0.9441
vn -0.3014 0.1309 -0.9445
vn -0.2723 0.9070 -0.3214
vn -0.3938 0.8846 -0.2497
vn -0.1983 0.8760 -0.4397
vn -0.7267 0.5214 0.4472
vn -0.7267 0.5216 0.4471
vn -0.2822 0.9363 -0.2091
vn -0.8411 -0.3430 -0.4183
vn -0.8976 -0.2018 -0.3920
vn -0.8961 -0.2085 -0.3918
vn -0.8956 -0.2109 -0.3918
vn -0.8981 -0.1995 -0.3920
vn -0.7550 -0.5626 -0.3369
vn -0.8312 -0.4241 -0.3595
vn -0.9071 -0.2545 -0.3354
vn -0.6935 -0.5419 -0.4747
vn -0.5528 -0.5979 -0.5804
vn -0.5490 -0.6798 -0.4862
vn -0.7844 -0.4156 -0.4604
vn -0.3908 -0.7566 -0.5242
vn -0.3890 -0.7519 -0.5323
vn -0.3888 -0.7516 -0.5328
vn -0.2871 -0.7863 -0.5471
vn -0.1189 -0.8760 -0.4674
vn -0.4401 -0.8379 -0.3229
vn -0.3326 -0.9097 -0.2488
vn -0.3316 -0.9104 -0.2474
vn -0.3319 -0.9102 -0.2478
vn -0.7626 -0.5821 -0.2821
vn -0.3373 -0.9061 -0.2555
vn -0.2331 -0.4864 0.8421
vn 0.2343 0.9002 0.3670
vn 0.0075 -0.3649 0.9310
vn -0.4372 -0.3889 0.8109
vn 0.2462 0.9668 0.0679
vn 0.2604 0.8759 0.4061
vn 0.2606 0.8761 0.4056
vn 0.2627 0.8770 0.4023
vn 0.2872 0.9568 0.0457
vn -0.4270 0.7965 0.4281
vn -0.2637 0.7324 0.6278
vn -0.2554 0.6554 0.7108
vn 0.0251 0.4088 0.9123
vn 0.2656 0.6958 0.6673
vn 0.0774 0.1008 0.9919
vn 0.1928 0.4290 0.8825
vn 0.1737 -0.0853 0.9811
vn 0.1565 0.2779 0.9478
vn 0.2004 0.6398 0.7420
vn 0.2630 0.8771 0.4019
vn -0.0146 0.8957 0.4445
vn 0.0001 0.9065 0.4221
vn 0.6580 0.6843 0.3143
vn 0.6142 0.6397 0.4621
vn 0.5838 0.4817 0.6535
vn 0.2399 -0.0006 0.9708
vn 0.2158 -0.0584 0.9747
vn 0.0721 -0.8551 0.5134
vn 0.1263 -0.7022 0.7007
vn 0.1203 0.3171 0.9407
vn 0.1509 0.6850 0.7127
vn 0.1141 0.6430 0.7574
vn -0.7583 0.5079 0.4088
vn -0.5890 0.6211 0.5170
vn -0.3194 -0.3582 0.8773
vn -0.5217 0.3155 0.7926
vn -0.5170 0.2575 0.8164
vn -0.4018 0.5162 0.7564
vn -0.4008 0.5175 0.7560
vn -0.4004 0.5181 0.7558
vn -0.5385 0.1953 0.8197
vn -0.5813 0.1993 0.7889
vn -0.4330 0.1540 0.8882
vn 0.1703 0.6160 0.7691
vn 0.1293 0.5408 0.8312
vn -0.4426 -0.0945 0.8917
vn 0.3489 0.4925 0.7973
vn -0.3045 -0.1770 0.9359
vn 0.2454 0.1806 0.9525
vn 0.3538 -0.2681 0.8961
vn 0.4257 0.2095 0.8803
vn -0.4398 -0.1865 0.8785
vn -0.5390 -0.0462 0.8411
vn -0.5154 0.1020 0.8509
vn -0.4292 -0.4073 0.8061
vn -0.4337 -0.4186 0.7980
vn 0.1611 -0.7382 0.6551
vn 0.1614 -0.7380 0.6552
vn 0.2045 -0.6596 0.7233
vn 0.4010 -0.3239 0.8569
vn 0.3819 -0.5850 0.7155
vn 0.5603 0.6956 0.4497
vn 0.5437 0.5895 0.5974
vn 0.5255 0.2308 0.8189
vn 0.6861 0.0596 0.7250
vn 0.5835 0.4549 0.6728
vn 0.4624 0.6146 0.6391
vn -0.6093 -0.2062 0.7656
vn -0.6092 -0.2149 0.7633
vn -0.6093 -0.2084 0.7650
vn -0.5587 -0.0181 0.8292
vn -0.4842 -0.0715 0.8720
vn -0.5618 0.0431 0.8261
vn -0.4023 0.5156 0.7565
vn -0.4279 0.2740 0.8613
vn -0.4914 0.0493 0.8695
vn -0.5476 0.0298 0.8362
vn -0.6092 -0.2176 0.7626
vn -0.6484 -0.4439 0.6185
vn -0.7281 -0.2922 0.6201
vn -0.2457 0.4819 0.8411
vn -0.2181 0.2375 0.9466
vn -0.2132 0.2356 0.9482
vn -0.2136 0.2356 0.9481
vn 0.0005 0.3485 0.9373
vn -0.1778 0.5317 0.8281
vn -0.2147 0.5306 0.8200
vn -0.5978 -0.6846 0.4170
vn -0.6082 -0.5520 0.5705
vn -0.4717 -0.7838 0.4038
vn -0.3584 -0.8451 0.3966
vn -0.6092 -0.7192 0.3341
vn -0.3481 -0.9181 0.1897
vn -0.8947 -0.3764 -0.2404
vn -0.4779 -0.8579 0.1888
vn 0.1835 0.7197 0.6696
vn 0.1161 -0.3455 0.9312
vn -0.5986 -0.4184 0.6831
vn -0.3988 0.9073 0.1333
vn 0.1470 0.8772 0.4571
vn -0.1264 0.9791 0.1596
vn -0.0816 0.9851 0.1515
vn 0.2349 0.8782 0.4165
vn 0.1474 0.8667 0.4765
vn 0.0746 0.9718 0.2239
vn 0.0084 0.9928 0.1194
vn -0.3322 0.9319 0.1454
vn -0.0170 0.9654 0.2602
vn -0.6286 0.7554 0.1849
vn -0.5714 0.8022 0.1734
vn -0.3510 0.9163 0.1931
vn 0.2882 0.9129 0.2890
vn 0.7117 0.5893 0.3825
vn 0.6869 0.6338 0.3556
vn 0.5744 0.7090 0.4090
vn -0.8982 0.1661 0.4071
vn 0.0094 0.6351 0.7724
vn 0.7526 0.6148 0.2358
vn 0.6047 0.7167 0.3474
vn 0.8723 0.3839 0.3028
vn 0.6843 0.6309 0.3657
vn 0.8793 0.3761 0.2921
vn 0.7038 0.5975 0.3844
vn 0.7830 0.5074 0.3598
vn 0.6178 0.5527 0.5593
vn -0.8597 0.0802 0.5045
vn -0.7639 0.0877 0.6394
vn -0.7099 0.1078 0.6960
vn -0.6341 0.0735 0.7698
vn 0.8027 0.4138 0.4294
vn 0.8025 0.4140 0.4296
vn 0.5117 -0.2802 0.8122
vn -0.7484 -0.1753 0.6397
vn -0.7512 -0.2335 0.6174
vn -0.7528 -0.2268 0.6179
vn -0.7533 -0.2247 0.6182
vn 0.8846 0.3562 0.3010
vn 0.8825 0.3500 0.3141
vn 0.7868 0.5098 0.3480
vn -0.7652 0.6206 0.1712
vn -0.6625 0.7490 -0.0092
vn -0.8209 0.5355 0.1986
vn -0.7369 -0.5184 -0.4340
vn -0.3909 -0.7569 -0.5237
vn -0.6177 -0.6358 -0.4628
vn -0.6370 -0.6204 -0.4576
vn -0.4940 -0.8486 -0.1894
vn -0.2341 -0.2575 -0.9375
vn 0.1254 -0.1973 -0.9723
vn -0.0240 0.4966 -0.8677
vn 0.1141 0.1828 -0.9765
vn 0.1069 0.0646 -0.9922
vn 0.0239 0.7235 -0.6899
vn 0.2040 0.2436 -0.9482
vn 0.2036 0.7065 -0.6778
vn -0.1376 0.9137 -0.3823
vn -0.1450 0.9069 -0.3955
vn -0.1452 0.9068 -0.3958
vn 0.2615 -0.8078 -0.5283
vn 0.2616 -0.8076 -0.5285
vn -0.3063 0.9138 -0.2667
vn -0.7020 0.7118 -0.0231
vn -0.2790 0.8934 -0.3521
vn -0.6094 0.7814 0.1340
vn -0.5304 0.8186 0.2201
vn -0.6919 0.6949 0.1958
vn -0.6557 0.7415 -0.1420
vn -0.4942 0.8173 -0.2963
vn -0.5078 -0.6779 0.5316
vn -0.6027 -0.7066 0.3707
vn -0.6087 -0.7898 0.0757
vn -0.5984 -0.6869 -0.4124
vn -0.6208 -0.5156 -0.5906
vn -0.6996 -0.6944 -0.1682
vn -0.2440 -0.8552 -0.4574
vn -0.4976 -0.8569 0.1347
vn -0.4485 -0.8187 0.3585
vn 0.0953 -0.8119 -0.5760
vn 0.3009 -0.7875 -0.5378
vn -0.2884 -0.4244 -0.8583
vn 0.4192 -0.4241 -0.8027
vn 0.0714 -0.4056 -0.9113
vn 0.0735 0.0426 -0.9964
vn 0.1647 -0.1059 -0.9806
vn 0.0604 0.3894 -0.9191
vn 0.1529 -0.3018 -0.9410
vn 0.2182 -0.4719 -0.8542
vn 0.7306 -0.2519 -0.6347
vn 0.1098 -0.3147 -0.9428
vn 0.2375 -0.0918 -0.9671
vn 0.1597 0.4858 -0.8594
vn -0.2414 0.9152 -0.3226
vn 0.2433 0.6629 -0.7081
vn 0.3986 0.6999 -0.5926
vn 0.1566 0.9693 -0.1897
vn 0.3208 -0.6538 -0.6853
vn 0.2172 0.9507 -0.2213
vn 0.2169 0.9509 -0.2207
vn 0.2170 0.9509 -0.2209
vn 0.2115 0.9750 -0.0688
vn 0.4400 0.8225 -0.3603
vn 0.2149 0.9524 -0.2164
vn 0.3736 -0.6813 -0.6295
vn 0.2851 -0.5738 -0.7678
vn -0.2020 0.9593 -0.1971
vn -0.2019 0.9594 -0.1970
vn -0.3381 -0.7856 -0.5182
vn -0.3383 -0.7855 -0.5182
vn -0.3448 -0.8421 -0.4148
vn -0.3452 -0.8418 -0.4149
vn -0.0250 -0.6216 -0.7829
vn 0.0199 -0.6504 -0.7594
vn -0.0324 -0.5810 -0.8132
vn 0.0383 -0.4673 -0.8833
vn -0.0119 -0.3073 -0.9515
vn -0.3744 -0.8934 -0.2484
vn 0.2981 -0.5048 -0.8101
vn 0.2527 -0.4464 -0.8584
vn -0.2264 -0.9150 -0.3341
vn -0.5387 -0.7547 -0.3744
vn -0.4143 -0.8326 -0.3677
vn -0.3518 -0.8700 -0.3456
vn -0.7140 -0.6186 -0.3280
vn -0.8858 -0.3511 -0.3033
vn -0.7351 -0.5885 -0.3366
vn -0.2587 -0.4703 -0.8437
vn -0.4581 -0.5688 -0.6831
vn -0.6596 -0.6862 -0.3067
vn -0.4835 -0.6599 -0.5751
vn -0.6571 -0.7171 -0.2324
vn -0.7177 -0.5834 -0.3802
vn -0.5555 -0.3285 -0.7638
vn -0.5678 -0.4376 -0.6972
vn -0.2332 -0.3225 -0.9174
vn -0.2390 -0.3140 -0.9189
vn -0.2331 -0.3225 -0.9174
vn -0.4276 -0.2508 -0.8685
vn -0.4341 -0.2642 -0.8613
vn 0.4839 -0.6220 -0.6156
vn -0.4092 -0.1431 -0.9012
vn -0.0157 -0.5686 -0.8225
vn 0.6469 -0.7004 -0.3017
vn 0.5573 -0.6326 -0.5377
vn -0.8345 0.5349 -0.1320
vn -0.2072 -0.8885 -0.4093
vn -0.3426 -0.8322 -0.4360
vn -0.2574 -0.8495 -0.4604
vn -0.3422 -0.8501 -0.4003
vn -0.1547 -0.9118 -0.3804
vn 0.0217 -0.9294 -0.3684
vn -0.4450 -0.7787 -0.4422
vn -0.4230 -0.7746 -0.4701
vn -0.4139 -0.7368 -0.5346
vn -0.1731 -0.9151 -0.3643
vn 0.0881 -0.9280 -0.3621
vn 0.1623 -0.9089 -0.3842
vn -0.2909 -0.8533 -0.4327
vn 0.2191 -0.9227 -0.3171
vn 0.2335 -0.9218 -0.3095
vn 0.3084 -0.8887 -0.3393
vn -0.1396 -0.9135 -0.3820
vn -0.3039 -0.7724 -0.5578
vn -0.0803 -0.8377 -0.5402
vn 0.2660 -0.8511 -0.4527
vn -0.0869 -0.9338 -0.3471
vn -0.1943 -0.8672 0.4584
vn -0.1891 -0.0071 0.9819
vn -0.1912 -0.0062 0.9815
vn -0.1918 -0.0060 0.9814
vn -0.2221 0.1519 0.9631
vn -0.6453 0.7520 0.1345
vn -0.4465 0.8638 0.2334
vn -0.5021 0.8229 0.2659
vn 0.1857 0.1177 0.9755
vn 0.1045 0.4577 0.8829
vn 0.1042 0.4563 0.8837
vn 0.1032 0.4519 0.8861
vn 0.2882 -0.1070 0.9516
vn 0.2359 -0.2051 0.9499
vn 0.1907 -0.0292 0.9812
vn 0.4000 -0.5516 0.7319
vn 0.3985 -0.5680 0.7201
vn 0.2279 -0.3181 0.9202
vn 0.2278 -0.3187 0.9201
vn 0.2274 -0.3199 0.9198
vn 0.2775 -0.5495 0.7881
vn 0.2760 -0.8499 0.4489
vn 0.4157 -0.8759 0.2448
vn 0.5139 -0.7447 0.4257
vn 0.2299 -0.6534 0.7213
vn 0.2379 -0.9708 0.0297
vn 0.2366 -0.9711 0.0300
vn 0.2361 -0.9713 0.0300
vn 0.2870 -0.8365 0.4669
vn 0.2380 -0.9708 0.0294
vn 0.2692 -0.9627 -0.0276
vn 0.2449 -0.8388 0.4862
vn -0.0307 -0.9942 0.1033
vn 0.2233 -0.9637 0.1464
vn 0.2300 -0.8473 0.4788
vn 0.2302 -0.8475 0.4783
vn 0.2295 -0.8468 0.4799
vn 0.2292 -0.8465 0.4805
vn 0.1558 -0.9431 -0.2938
vn -0.0186 -0.9427 -0.3332
vn 0.2316 -0.9712 0.0557
vn -0.0577 -0.6942 -0.7175
vn 0.0788 -0.9516 -0.2969
vn 0.0944 -0.9094 -0.4050
vn -0.3007 0.1318 -0.9446
vn -0.1174 0.7007 -0.7037
vn 0.3311 0.8325 -0.4443
vn -0.1358 0.6647 -0.7347
vn -0.1416 0.6785 -0.7208
vn -0.5477 0.4940 -0.6752
vn -0.2381 -0.8339 -0.4979
vn -0.3730 -0.8373 -0.3997
vn -0.4085 0.4287 -0.8058
vn -0.2926 -0.6047 0.7408
vn -0.5335 -0.7900 0.3022
vn -0.2195 -0.8004 0.5579
vn 0.1851 -0.6451 0.7413
vn 0.3474 -0.6143 0.7085
vn -0.3400 -0.3773 0.8614
vn -0.1537 -0.7385 0.6565
vn -0.2476 -0.8097 0.5321
vn -0.3730 -0.4984 0.7826
vn -0.5610 -0.7158 0.4159
vn -0.5351 -0.8448 0.0008
vn -0.6087 -0.7860 0.1085
vn -0.2974 -0.9542 -0.0317
vn 0.0691 -0.9141 -0.3995
vn -0.5383 -0.7735 -0.3346
vn -0.4178 -0.8938 -0.1628
vn -0.5482 -0.6553 -0.5197
vn -0.6772 -0.6310 -0.3784
vn -0.2575 -0.3291 -0.9085
vn -0.3270 -0.7710 -0.5465
vn 0.3571 -0.7565 -0.5479
vn 0.2640 -0.8711 -0.4140
vn 0.0257 -0.9919 0.1241
vn 0.3816 -0.9150 -0.1309
vn 0.3111 -0.9456 0.0946
vn 0.4311 -0.8501 0.3025
vn 0.0650 -0.9922 -0.1064
vn 0.0529 -0.9260 0.3738
vn 0.0931 -0.8778 0.4699
vn 0.4172 -0.7470 0.5176
vn 0.0524 -0.9961 -0.0717
vn -0.0608 -0.4770 -0.8768
vn 0.2275 -0.4552 -0.8608
vn 0.2204 -0.4693 -0.8551
vn -0.3655 0.9239 0.1135
vn 0.2058 0.8106 -0.5482
vn 0.2383 0.9103 -0.3384
vn 0.4617 0.7995 -0.3841
vn 0.3925 0.8707 -0.2963
vn 0.8078 0.5108 0.2940
vn 0.7983 0.5457 0.2548
vn 0.3756 0.5370 -0.7553
vn 0.2826 0.4330 -0.8559
vn 0.2816 0.4335 -0.8560
vn 0.2813 0.4335 -0.8561
vn 0.5434 0.8007 0.2524
vn 0.7557 0.6384 0.1458
vn 0.3000 0.9131 0.2762
vn 0.2379 0.9403 0.2433
vn -0.9618 0.2536 -0.1033
vn -0.8455 0.4749 -0.2443
vn -0.9429 -0.2142 0.2551
vn -0.8620 -0.3568 0.3599
vn -0.9830 0.0424 0.1787
vn -0.8446 0.3914 -0.3653
vn -0.9022 0.1959 -0.3844
vn -0.8485 0.4638 -0.2547
vn -0.8478 0.4627 -0.2591
vn -0.8488 0.4643 -0.2528
vn -0.7931 0.6053 0.0675
vn -0.6321 0.7265 0.2694
vn -0.4220 0.6225 0.6591
vn -0.4839 -0.3616 0.7970
vn -0.4718 -0.3068 0.8266
vn -0.4906 0.7498 0.4440
vn -0.4307 0.7972 0.4231
vn -0.4507 0.7896 0.4164
vn -0.4116 0.8231 0.3913
vn -0.1937 0.6384 0.7450
vn -0.2950 0.0332 0.9549
vn -0.3883 0.8397 0.3796
vn -0.2603 -0.0256 0.9652
vn -0.2597 -0.0248 0.9654
vn -0.2604 -0.0259 0.9651
vn -0.2351 -0.3838 0.8930
vn -0.1939 0.7407 0.6433
vn -0.1148 0.6292 0.7687
vn -0.1671 0.7988 0.5780
vn -0.1208 -0.2280 0.9661
vn -0.2593 -0.0244 0.9655
vn 0.0635 -0.2318 0.9707
vn -0.0231 0.9015 0.4322
vn -0.6506 0.5758 0.4951
vn -0.6167 0.6418 0.4559
vn -0.3654 0.6277 0.6873
vn -0.3913 0.6544 0.6471
vn -0.3585 0.7190 0.5954
vn -0.4397 0.7913 0.4248
vn -0.2575 0.1480 0.9549
vn -0.6153 0.7871 0.0440
vn -0.5305 0.8475 -0.0199
vn -0.4664 0.8792 0.0978
vn -0.8298 0.3917 0.3975
vn -0.7657 0.2874 0.5754
vn -0.7657 0.2877 0.5753
vn -0.8544 -0.2808 0.4372
vn -0.8759 -0.1185 0.4676
vn -0.7714 0.5958 0.2235
vn -0.6841 0.5379 0.4925
vn -0.6769 0.5799 0.4532
vn -0.6880 0.6357 0.3499
vn -0.7452 0.6195 0.2470
vn -0.8118 0.5838 0.0105
vn -0.8460 0.5118 -0.1496
vn -0.8443 0.5359 0.0060
vn -0.8475 0.4622 -0.2611
vn -0.8514 0.3575 -0.3838
vn -0.3687 0.7589 -0.5367
vn -0.5262 0.7215 -0.4502
vn -0.5262 0.7214 -0.4502
vn -0.5261 0.7215 -0.4502
vn -0.7939 0.6017 -0.0876
vn -0.7940 0.6047 -0.0633
vn -0.8784 0.4210 0.2264
vn -0.5008 0.7857 -0.3632
vn -0.9944 -0.1013 0.0298
vn -0.9845 0.1478 0.0944
vn -0.9697 0.2444 0.0046
vn -0.9272 0.3712 -0.0494
vn -0.9023 0.4006 -0.1592
vn -0.8710 0.4610 -0.1700
vn -0.9308 0.3628 0.0447
vn -0.8768 0.4287 -0.2178
vn -0.9146 0.3081 -0.2619
vn -0.9978 -0.0636 -0.0196
vn -0.8404 0.2963 -0.4539
vn -0.3657 0.7396 -0.5651
vn -0.3953 0.7336 -0.5528
vn -0.7568 0.3183 -0.5710
vn -0.7579 0.2423 -0.6057
vn -0.8450 0.2767 -0.4576
vn -0.3618 0.7022 -0.6132
vn -0.9899 -0.1415 -0.0110
vn -0.4497 0.6241 -0.6389
vn -0.9897 -0.1254 -0.0694
vn -0.9496 0.0635 -0.3070
vn -0.8539 0.3610 -0.3748
vn -0.8781 0.2769 -0.3902
vn -0.8072 0.2270 -0.5450
vn -0.7436 0.1061 -0.6602
vn -0.7477 0.2502 -0.6151
vn -0.5963 0.2483 -0.7634
vn -0.7101 0.2470 -0.6593
vn -0.3668 0.6172 -0.6961
vn -0.9239 -0.0065 -0.3825
vn -0.3955 0.5141 -0.7611
vn -0.1878 0.5556 -0.8100
vn -0.2985 0.1913 -0.9350
vn 0.6727 -0.2744 0.6872
vn 0.4979 -0.7453 0.4434
vn 0.5642 -0.7979 0.2122
vn 0.5641 -0.7979 0.2123
vn 0.4074 -0.7826 0.4706
vn 0.2496 0.4673 0.8482
vn 0.2429 0.3712 0.8962
vn 0.1602 0.2247 0.9612
vn 0.3164 0.6291 0.7101
vn 0.2481 0.0060 0.9687
vn -0.0855 -0.3082 0.9475
vn 0.2154 -0.0599 0.9747
vn -0.1151 -0.9911 -0.0676
vn 0.0794 -0.7947 0.6018
vn 0.3512 -0.8017 -0.4836
vn 0.0601 -0.3335 -0.9408
vn -0.0082 -0.4960 -0.8683
vn 0.0212 -0.6033 -0.7973
vn -0.0810 -0.8601 -0.5037
vn 0.2590 -0.9656 -0.0237
vn 0.2476 -0.8749 0.4163
vn 0.3182 -0.9430 -0.0978
vn 0.6434 0.4249 0.6368
vn 0.6135 0.2130 0.7605
vn 0.0639 -0.0019 0.9980
vn -0.2559 0.6622 0.7043
vn 0.6679 0.3435 0.6602
vn 0.5056 0.4659 0.7262
vn 0.4580 0.6761 0.5772
vn 0.4586 0.6760 0.5767
vn 0.4635 0.6749 0.5742
vn 0.5224 0.6948 0.4944
vn 0.5331 0.7549 0.3819
vn 0.5225 0.7695 0.3672
vn 0.4648 0.6746 0.5735
vn 0.6744 -0.7273 0.1277
vn 0.9105 -0.0045 0.4135
vn 0.9360 -0.0270 0.3510
vn 0.8107 -0.5716 0.1270
vn 0.8225 -0.5686 0.0119
vn 0.6996 0.7080 -0.0961
vn 0.7343 0.6560 0.1746
vn 0.7070 0.5099 0.4901
vn 0.7120 0.5097 0.4830
vn 0.7057 0.5108 0.4911
vn 0.7059 0.5098 0.4917
vn -0.7549 0.5474 0.3613
vn -0.6956 0.5308 0.4841
vn -0.6661 0.6053 0.4358
vn -0.5887 0.4105 0.6964
vn -0.3919 0.3915 0.8325
vn -0.4637 0.3593 0.8099
vn -0.4651 0.4696 0.7505
vn -0.1143 -0.0993 0.9885
vn -0.2223 -0.0728 0.9722
vn -0.4852 0.5957 0.6400
vn 0.7739 0.5698 0.2765
vn -0.7860 0.1680 0.5949
vn 0.6774 -0.4127 -0.6090
vn 0.2557 0.7306 -0.6332
vn 0.2557 0.7303 -0.6334
vn -0.0649 0.0053 -0.9979
vn 0.1802 -0.3321 -0.9259
vn 0.2696 0.4547 -0.8489
vn 0.3188 0.4589 -0.8293
vn 0.2807 0.7890 -0.5465
vn 0.6740 -0.5133 -0.5313
vn 0.6110 -0.4453 -0.6545
vn 0.7380 -0.1873 -0.6483
vn 0.2723 0.8104 -0.5187
vn 0.3328 0.9125 -0.2379
vn 0.6387 -0.5907 -0.4931
vn 0.2856 0.9457 -0.1552
vn 0.8991 0.0405 -0.4359
vn 0.5821 0.2048 -0.7869
vn 0.8850 0.1348 -0.4456
vn 0.6632 0.2554 -0.7035
vn 0.5219 -0.8282 -0.2040
vn 0.7515 -0.4655 -0.4674
vn 0.4013 0.0817 -0.9123
vn 0.6443 0.1847 -0.7422
vn -0.7498 -0.5472 -0.3721
vn -0.2352 -0.9064 -0.3508
vn 0.0370 -0.5863 -0.8093
vn 0.7890 -0.2750 -0.5494
vn -0.5657 -0.7722 -0.2894
vn -0.4320 -0.7151 -0.5495
vn -0.4373 -0.7466 -0.5013
vn -0.1618 -0.7847 -0.5984
vn -0.4926 -0.8473 -0.1986
vn -0.2530 -0.8168 -0.5185
vn -0.8027 0.5905 0.0834
vn -0.8025 0.5908 0.0833
vn -0.1935 0.7833 -0.5907
vn -0.8282 0.2567 -0.4981
vn -0.7542 0.6548 0.0480
vn -0.7526 0.6562 0.0542
vn -0.7543 0.6549 0.0472
vn -0.6444 -0.7292 0.2303
vn -0.7523 0.6566 0.0546
vn -0.5571 -0.7878 -0.2625
vn -0.6406 0.6138 0.4615
vn -0.6406 0.6140 0.4611
vn -0.6016 0.5262 0.6010
vn -0.8542 0.4918 0.1689
vn -0.8082 0.5542 0.1994
vn -0.7499 0.5815 0.3153
vn -0.6242 0.6930 0.3607
vn -0.6276 0.7081 0.3238
vn -0.4788 0.6807 0.5544
vn -0.4793 0.7822 0.3981
vn -0.8202 -0.0526 0.5697
vn -0.8660 -0.1330 0.4820
vn -0.8036 -0.0832 0.5894
vn 0.8735 -0.4866 0.0154
vn 0.8898 -0.4512 0.0692
vn 0.5311 -0.7788 -0.3337
vn 0.6023 -0.7619 -0.2383
vn 0.7221 -0.6491 -0.2395
vn 0.9611 -0.2610 0.0908
vn 0.7710 -0.6260 -0.1170
vn 0.8626 -0.4943 -0.1077
vn 0.8632 -0.4936 -0.1064
vn 0.8624 -0.4947 -0.1075
vn 0.8612 -0.4950 -0.1152
vn 0.9543 -0.2955 0.0448
vn 0.7619 -0.6299 -0.1505
vn 0.7402 -0.6536 -0.1578
vn 0.8770 -0.4776 0.0521
vn 0.9809 -0.1801 0.0733
vn 0.8615 -0.4991 -0.0933
vn 0.6762 -0.7064 -0.2090
vn 0.6306 -0.7505 -0.1979
vn 0.2451 -0.9120 -0.3288
vn 0.2455 -0.9131 -0.3256
vn 0.2455 -0.9133 -0.3250
vn 0.3548 -0.9023 -0.2451
vn 0.2450 -0.9118 -0.3295
vn 0.7275 -0.6759 -0.1177
vn 0.5606 -0.8131 -0.1570
vn 0.2968 -0.9167 -0.2676
vn -0.2832 -0.9079 -0.3092
vn 0.3117 -0.8943 -0.3211
vn 0.6312 -0.7586 -0.1616
vn -0.2412 -0.9514 -0.1913
vn 0.1413 -0.9826 -0.1203
vn 0.1864 -0.9554 -0.2290
vn -0.3449 -0.8784 -0.3308
vn -0.1845 -0.8712 -0.4549
vn 0.3053 -0.8739 -0.3784
vn 0.2011 -0.9297 -0.3085
vn 0.1874 -0.9498 -0.2505
vn 0.1148 -0.9510 -0.2871
vn -0.2445 -0.9035 -0.3520
vn 0.3657 -0.8131 -0.4529
vn 0.3660 -0.8129 -0.4531
vn 0.3658 -0.8130 -0.4530
vn 0.2383 -0.4907 0.8381
vn 0.2803 -0.8649 -0.4165
vn -0.1884 -0.0074 0.9821
vn -0.1691 -0.1413 0.9754
vn 0.4469 -0.8375 -0.3143
vn -0.2215 -0.1679 0.9606
vn -0.2213 -0.1679 0.9606
vn 0.6973 -0.6907 -0.1914
vn 0.5434 -0.7809 -0.3082
vn -0.2211 -0.1680 0.9607
vn -0.1732 0.9147 0.3651
vn -0.2746 0.3237 0.9054
vn -0.2746 0.3238 0.9054
vn -0.0581 0.7740 0.6305
vn -0.0260 0.7511 0.6597
vn 0.2802 0.0052 0.9599
vn 0.1033 0.4512 0.8864
vn 0.2206 0.4157 0.8823
vn 0.3484 0.1262 0.9288
vn -0.2681 -0.3085 0.9127
vn -0.2661 -0.3075 0.9136
vn -0.2557 -0.3090 0.9160
vn -0.2683 -0.3071 0.9131
vn -0.3592 -0.3456 0.8669
vn 0.6466 -0.7132 -0.2707
vn 0.2693 0.5113 0.8161
vn 0.4972 0.1380 0.8566
vn 0.9064 -0.1693 0.3870
vn -0.0037 0.7519 0.6593
vn 0.1990 0.6256 0.7544
vn 0.7133 -0.5703 0.4073
vn 0.4158 0.4735 0.7765
vn 0.4763 0.5074 0.7181
vn 0.4611 0.6750 0.5761
vn 0.5265 0.6054 0.5969
vn 0.3773 -0.0828 0.9224
vn 0.6499 -0.6062 0.4584
vn 0.6803 -0.3359 0.6514
vn 0.8750 -0.4100 0.2576
vn 0.8037 -0.5817 0.1254
vn 0.7816 -0.6003 0.1698
vn 0.8083 -0.5817 0.0904
vn 0.6454 -0.7401 0.1892
vn 0.6465 -0.7396 0.1872
vn 0.6438 -0.7409 0.1915
vn 0.6468 -0.7394 0.1872
vn 0.5478 -0.8146 0.1905
vn 0.7438 -0.6570 0.1225
vn 0.9197 -0.3925 0.0076
vn 0.9113 -0.3972 -0.1084
vn 0.2125 -0.6414 0.7372
vn 0.2271 -0.3204 0.9196
vn 0.2099 -0.4360 0.8751
vn 0.2406 -0.5308 0.8126
vn 0.8646 -0.4466 0.2304
vn 0.6440 -0.5951 0.4807
vn 0.6720 -0.4170 0.6120
vn 0.8228 -0.5630 -0.0773
vn 0.8442 -0.4654 0.2659
vn 0.8152 0.2940 -0.4989
vn 0.7519 0.3763 -0.5413
vn 0.9906 0.0677 -0.1188
vn 0.9906 0.0674 -0.1189
vn -0.6885 -0.6651 -0.2891
vn -0.8328 -0.4651 -0.3001
vn -0.5450 -0.8382 -0.0206
vn 0.9738 -0.1897 -0.1256
vn 0.9879 0.0556 -0.1446
vn 0.9912 0.1269 0.0389
vn -0.6476 0.3866 -0.6566
vn -0.6386 0.4231 -0.6428
vn -0.2501 -0.4134 0.8755
vn -0.2206 -0.3441 0.9126
vn -0.2205 -0.3442 0.9126
vn -0.2200 -0.3445 0.9126
vn -0.1299 -0.9493 0.2862
vn -0.9705 -0.1364 -0.1988
vn -0.9732 -0.1341 -0.1870
vn -0.9702 -0.1367 -0.2000
vn -0.3685 -0.8834 0.2896
vn -0.2303 -0.9454 0.2307
vn -0.9574 0.2709 -0.1002
vn -0.9732 -0.1346 -0.1866
vn -0.9407 0.3389 0.0111
vn -0.9765 -0.0936 -0.1940
vn -0.1546 0.6838 0.7131
vn -0.2337 0.7606 0.6057
vn 0.1017 -0.1697 0.9802
vn 0.0596 0.7264 0.6847
vn -0.1346 0.7074 0.6939
vn -0.1929 0.9790 0.0664
vn -0.2752 0.9453 0.1753
vn -0.3902 0.9204 0.0257
vn -0.5661 0.3669 0.7382
vn -0.7277 0.0922 0.6797
vn -0.5005 0.5479 0.6703
vn -0.6768 -0.0470 0.7347
vn -0.4985 0.6562 0.5665
vn -0.7550 0.4635 0.4638
vn -0.7601 0.6489 0.0343
vn -0.5282 0.8288 -0.1849
vn -0.6650 0.6898 0.2863
vn -0.6928 0.6657 0.2772
vn -0.3601 0.7433 0.5638
vn -0.5741 0.6006 0.5566
vn -0.6407 0.5885 0.4930
vn -0.5773 0.5189 0.6304
vn -0.1605 0.7777 0.6078
vn -0.4815 0.5228 0.7035
vn -0.7099 0.3430 0.6151
vn -0.8551 0.3440 0.3878
vn -0.4678 0.5351 0.7034
vn -0.4730 0.5892 0.6551
vn 0.0502 0.9114 0.4085
vn -0.3770 0.7428 0.5533
vn -0.3775 0.7403 0.5563
vn -0.3772 0.7421 0.5542
vn -0.3777 0.7394 0.5574
vn -0.8475 0.3529 0.3965
vn -0.7302 0.5750 0.3690
vn -0.9257 0.1728 0.3365
vn -0.9257 0.1726 0.3366
vn -0.8790 0.4745 0.0474
vn -0.9376 0.2595 0.2315
vn -0.8056 0.5619 0.1876
vn -0.7938 0.5406 0.2785
vn -0.9193 0.0529 0.3900
vn -0.9146 -0.1334 0.3818
vn -0.7027 0.5613 0.4372
vn -0.8260 0.5523 0.1126
vn -0.8413 0.4820 0.2448
vn -0.7358 0.5268 0.4255
vn -0.7673 0.3445 0.5409
vn -0.7673 0.3442 0.5410
vn -0.4187 0.9081 -0.0096
vn -0.2006 0.9785 -0.0470
vn -0.6395 0.6402 0.4256
vn -0.5722 0.6136 0.5441
vn -0.5023 0.6763 0.5388
vn -0.1961 0.9446 0.2631
vn -0.6699 0.1160 0.7334
vn -0.6775 0.2703 0.6840
vn -0.3702 0.5273 0.7648
vn -0.4366 0.3897 0.8109
vn -0.1386 0.7487 0.6483
vn -0.2551 0.3870 0.8861
vn -0.2706 0.4183 0.8671
vn 0.2744 0.8681 0.4137
vn 0.1159 0.8867 0.4476
vn 0.1213 0.9066 0.4041
vn -0.3765 0.3876 0.8414
vn -0.5258 0.5237 0.6703
vn -0.5089 -0.0519 0.8593
vn -0.7578 0.2201 0.6142
vn -0.8325 0.3980 0.3853
vn -0.7141 0.2776 0.6426
vn -0.3934 0.6408 0.6592
vn -0.3450 0.6823 0.6445
vn -0.2385 0.4132 0.8789
vn 0.2200 0.8589 0.4625
vn -0.1377 0.4571 0.8787
vn 0.0473 0.2884 0.9563
vn 0.4621 0.8385 0.2888
vn -0.3335 0.3593 0.8716
vn -0.3836 -0.0474 0.9223
vn -0.1510 0.2030 0.9675
vn -0.1093 0.6743 0.7303
vn -0.4441 0.2305 0.8658
vn -0.0453 0.9643 0.2611
vn 0.2861 0.9219 0.2613
vn 0.2635 0.9211 0.2865
vn 0.2647 0.9228 0.2799
vn 0.2637 0.9214 0.2855
vn 0.2635 0.9211 0.2866
vn 0.1507 0.9130 0.3790
vn 0.8066 0.0909 0.5841
vn -0.7354 -0.6719 -0.0878
vn -0.7567 -0.6403 0.1322
vn 0.2027 -0.4709 0.8586
vn 0.2502 -0.4730 0.8448
vn -0.9767 -0.2146 0.0010
vn 0.2086 -0.9772 0.0393
vn -0.8472 -0.4976 0.1862
vn -0.8075 -0.5720 0.1444
vn -0.7976 -0.5813 -0.1609
vn -0.7620 -0.4786 -0.4363
vn -0.6409 -0.6762 -0.3634
vn -0.6968 -0.6537 -0.2951
vn -0.6169 -0.7856 0.0472
vn -0.7313 -0.6612 0.1675
vn -0.5358 -0.8199 0.2015
vn -0.3346 -0.9389 0.0806
vn -0.1941 -0.9609 0.1974
vn -0.1981 -0.9628 0.1836
vn -0.3715 0.4712 0.7999
vn -0.3125 0.4946 0.8110
vn -0.1468 0.1178 0.9821
vn -0.0943 0.4291 0.8983
vn -0.1071 0.1863 0.9766
vn -0.1521 0.0465 0.9873
vn -0.1020 -0.0571 0.9931
vn -0.1367 -0.5281 0.8381
vn -0.0453 -0.8359 -0.5470
vn -0.0645 -0.9936 -0.0923
vn -0.0477 -0.9969 -0.0632
vn 0.1811 -0.6362 -0.7500
vn 0.2236 -0.8287 -0.5131
vn 0.6125 -0.6610 -0.4335
vn 0.6905 -0.6482 -0.3209
vn 0.7238 -0.6801 -0.1169
vn 0.4564 -0.5124 -0.7274
vn 0.5193 0.8534 0.0446
vn 0.4607 0.8801 -0.1148
vn 0.4987 0.8518 -0.1607
vn 0.6599 0.7269 -0.1902
vn 0.6820 0.7076 -0.1846
vn -0.3914 -0.2257 0.8921
vn -0.4008 -0.2304 0.8867
vn -0.3983 -0.2291 0.8882
vn 0.6236 0.7659 -0.1569
vn 0.6358 0.7715 -0.0227
vn 0.7234 0.6876 0.0624
vn 0.8244 0.5587 -0.0903
vn 0.8244 0.5586 -0.0906
vn 0.8578 0.5129 -0.0332
vn 0.6037 0.7967 0.0289
vn 0.8747 0.3545 0.3305
vn 0.6186 0.7189 0.3172
vn 0.7788 0.5596 0.2834
vn 0.7021 0.6908 -0.1729
vn 0.8472 0.5285 -0.0537
vn 0.8455 0.5322 -0.0438
vn -0.2851 -0.1200 0.9509
vn -0.1505 -0.0882 0.9847
vn -0.1565 -0.0252 0.9874
vn 0.1402 -0.2580 0.9559
vn -0.2575 -0.1250 0.9582
vn -0.3898 -0.2251 0.8930
vn -0.0963 0.1530 0.9835
vn -0.0079 0.2569 0.9664
vn -0.1984 -0.1691 0.9654
vn 0.3333 0.2309 0.9141
vn 0.7300 -0.3452 0.5899
vn -0.8741 0.4283 0.2291
vn -0.0489 -0.8066 0.5891
vn 0.6513 -0.5022 0.5689
vn -0.8271 0.2852 0.4842
vn -0.1287 -0.8806 0.4560
vn -0.6730 0.6268 0.3926
vn -0.1921 -0.4377 -0.8784
vn -0.0539 -0.6726 -0.7381
vn 0.0948 -0.7692 -0.6319
vn 0.1683 -0.8886 -0.4267
vn 0.2226 -0.8959 -0.3845
vn 0.0138 -0.9326 -0.3607
vn 0.2605 -0.9474 0.1862
vn 0.7528 -0.6582 -0.0065
vn 0.8736 0.4618 0.1536
vn 0.3298 0.3533 -0.8754
vn 0.4332 0.6220 -0.6522
vn 0.8554 0.5171 0.0294
vn 0.2278 0.3780 -0.8974
vn 0.1959 0.9584 0.2073
vn 0.1577 0.9543 0.2540
vn 0.9120 0.3667 0.1841
vn 0.1958 0.9341 0.2985
vn -0.1757 -0.1407 0.9743
vn -0.1760 -0.1412 0.9742
vn -0.1758 -0.1409 0.9743
vn -0.1756 -0.1406 0.9744
vn 0.0091 -0.0098 0.9999
vn 0.6609 0.7402 0.1235
vn 0.6543 0.7451 0.1294
vn 0.6597 0.7411 0.1246
vn 0.6527 0.7463 0.1307
vn 0.6500 0.6539 -0.3872
vn 0.7574 0.6476 0.0837
vn 0.6535 0.6429 -0.3995
vn 0.5201 0.4771 -0.7084
vn 0.4886 0.3947 -0.7781
vn 0.4919 0.4741 -0.7302
vn 0.6391 0.7579 0.1308
vn 0.6109 0.7743 0.1648
vn 0.8154 0.5349 0.2214
vn 0.8597 0.4817 0.1702
vn 0.6935 0.6563 -0.2971
vn 0.7054 0.7085 0.0227
vn 0.6858 0.7266 0.0426
vn 0.6462 0.7070 0.2873
vn 0.5526 0.6778 0.4850
vn 0.4465 0.3661 0.8165
vn -0.1923 -0.2722 0.9428
vn 0.0679 -0.0680 0.9954
vn 0.0682 -0.0677 0.9954
vn 0.0601 -0.2436 0.9680
vn 0.4147 -0.0447 0.9088
vn 0.6999 0.0154 0.7141
vn 0.7838 -0.0767 0.6163
vn 0.9161 0.3781 0.1334
vn 0.8078 0.5793 0.1090
vn 0.0691 -0.3417 0.9373
vn 0.6973 0.5783 -0.4235
vn 0.9641 0.2485 0.0932
vn -0.2214 -0.2673 0.9378
vn 0.9996 0.0091 0.0276
vn -0.3023 -0.4284 0.8515
vn 0.9344 0.3401 0.1064
vn 0.9910 0.0924 0.0973
vn 0.9230 0.3661 0.1181
vn 0.7658 0.6265 0.1452
vn 0.3887 0.3897 -0.8349
vn 0.3775 0.3661 -0.8505
vn 0.8765 0.4731 0.0895
vn 0.3840 0.5622 -0.7325
vn 0.2795 0.3094 -0.9089
vn 0.2603 0.3513 -0.8994
vn 0.2877 0.3351 -0.8972
vn 0.0966 0.3894 -0.9160
vn 0.1327 0.6485 -0.7495
vn 0.8942 0.4117 -0.1757
vn 0.0775 0.8940 -0.4414
vn -0.2998 0.9374 0.1773
vn 0.5995 0.5192 -0.6092
vn 0.3586 0.4301 -0.8285
vn 0.3581 0.4324 -0.8275
vn 0.3584 0.4310 -0.8281
vn 0.6877 0.6802 -0.2537
vn 0.7721 0.6353 -0.0135
vn 0.7139 0.6052 0.3522
vn 0.7203 0.5770 0.3851
vn 0.7212 0.5802 0.3785
vn 0.7201 0.5765 0.3860
vn 0.7207 0.5808 0.3786
vn 0.7465 0.5912 0.3053
vn 0.7427 0.5946 0.3078
vn 0.7434 0.5941 0.3074
vn 0.7504 0.5876 0.3027
vn 0.7600 0.5363 0.3671
vn 0.6029 0.6889 0.4025
vn 0.6540 0.6174 0.4371
vn 0.8798 -0.4501 -0.1526
vn 0.9095 -0.4104 -0.0671
vn 0.9097 -0.4137 -0.0350
vn 0.9944 -0.0896 0.0562
vn 0.9944 -0.0903 0.0553
vn 0.9944 -0.0883 0.0575
vn 0.9944 -0.0878 0.0581
vn 0.9386 -0.3391 -0.0635
vn 0.9138 -0.3914 -0.1087
vn 0.5518 0.8304 -0.0770
vn 0.7122 0.7011 -0.0338
vn 0.6418 0.7110 0.2873
vn 0.6717 0.7350 -0.0922
vn 0.5898 0.6255 -0.5108
vn 0.6177 0.6188 -0.4853
vn -0.6432 0.7656 -0.0140
vn -0.5684 0.8135 -0.1229
vn -0.5471 0.8102 -0.2105
vn -0.3955 0.9091 -0.1309
vn -0.2289 0.6286 -0.7433
vn -0.2701 0.8211 -0.5028
vn -0.2088 -0.8362 -0.5071
vn -0.2092 -0.8361 -0.5071
vn -0.2093 -0.8363 -0.5067
vn -0.1503 0.8114 -0.5648
vn -0.0315 -0.9903 0.1355
vn -0.2028 -0.8356 -0.5105
vn 0.0244 -0.9821 -0.1868
vn -0.0552 0.4854 0.8725
vn 0.6006 -0.7899 -0.1236
vn 0.0860 -0.9958 0.0314
vn 0.5906 -0.8067 0.0205
vn 0.3811 -0.9180 -0.1098
vn 0.2744 -0.9546 -0.1156
vn -0.2393 -0.9191 -0.3132
vn -0.6639 -0.0464 -0.7464
vn -0.0580 0.6523 -0.7558
vn -0.1246 0.7937 -0.5954
vn -0.2759 0.7911 -0.5460
vn -0.2759 0.7912 -0.5457
vn -0.0216 0.3302 -0.9437
vn -0.0600 0.3341 -0.9406
vn 0.0658 0.1205 -0.9905
vn 0.1506 -0.2226 -0.9632
vn 0.1607 -0.1491 -0.9757
vn 0.0433 -0.1858 -0.9816
vn 0.0191 -0.4885 -0.8723
vn 0.0357 -0.5313 -0.8464
vn 0.0229 -0.8346 -0.5504
vn -0.0049 -0.8017 -0.5978
vn 0.2931 -0.7963 -0.5291
vn -0.8944 -0.1554 -0.4194
vn 0.0667 -0.8957 -0.4397
vn -0.7188 0.1021 -0.6876
vn -0.3182 -0.0902 -0.9437
vn -0.3212 0.1013 -0.9416
vn 0.3485 -0.5236 -0.7774
vn 0.4148 -0.4538 -0.7887
vn 0.4173 -0.8798 -0.2274
vn 0.4171 -0.8800 -0.2272
vn 0.4462 -0.8539 -0.2678
vn 0.5203 -0.8183 -0.2443
vn 0.5162 -0.8211 -0.2435
vn 0.5170 -0.8205 -0.2438
vn 0.4223 -0.8377 -0.3464
vn 0.1918 0.5934 0.7817
vn 0.2111 0.5925 0.7774
vn 0.3111 0.7961 0.5191
vn 0.4106 -0.7864 -0.4615
vn 0.4277 -0.6728 -0.6037
vn 0.4281 -0.6722 -0.6041
vn 0.4279 -0.6725 -0.6039
vn 0.4282 -0.6719 -0.6043
vn 0.4338 -0.4786 -0.7634
vn 0.4336 -0.4784 -0.7636
vn 0.4378 -0.4811 -0.7595
vn 0.5169 -0.3848 -0.7647
vn 0.5360 -0.6403 -0.5502
vn 0.4799 -0.3963 -0.7827
vn 0.4328 -0.4779 -0.7644
vn 0.5614 -0.8269 0.0338
vn 0.3891 -0.2085 -0.8973
vn 0.4189 -0.9041 -0.0844
vn 0.4269 -0.9042 -0.0093
vn 0.3798 -0.9246 0.0295
vn 0.7066 -0.6973 0.1203
vn 0.7331 -0.6509 0.1973
vn 0.5498 -0.2644 -0.7923
vn 0.5347 -0.8407 0.0854
vn 0.5885 -0.8061 0.0623
vn 0.4097 -0.9122 -0.0106
vn 0.0517 -0.9884 -0.1426
vn 0.3783 -0.9257 -0.0081
vn 0.2553 -0.9662 -0.0367
vn 0.8489 -0.4772 0.2273
vn 0.8036 -0.5502 0.2269
vn 0.6909 -0.1776 -0.7008
vn 0.6900 -0.1776 -0.7017
vn 0.6905 -0.1777 -0.7011
vn 0.5964 -0.5213 -0.6104
vn 0.6729 -0.4664 -0.5741
vn 0.7330 -0.3363 -0.5913
vn 0.6950 -0.1769 -0.6969
vn 0.7061 -0.6762 0.2100
vn 0.7516 -0.5834 0.3077
vn 0.9533 -0.0700 0.2937
vn 0.9511 -0.0491 0.3050
vn 0.8845 -0.0590 0.4627
vn 0.8867 -0.0622 0.4582
vn 0.8846 -0.0597 0.4625
vn 0.8847 0.3291 -0.3301
vn 0.8888 -0.0653 0.4537
vn 0.7378 0.3212 0.5936
vn 0.7601 0.3275 0.5613
vn 0.9394 -0.1175 0.3221
vn 0.7593 0.3449 0.5518
vn 0.7351 0.3494 0.5810
vn 0.8754 0.4262 -0.2281
vn 0.7996 0.4988 -0.3343
vn 0.8797 0.3177 -0.3538
vn 0.8674 0.1172 -0.4836
vn 0.7038 -0.6920 0.1609
vn 0.7254 -0.0972 -0.6814
vn 0.8172 0.0622 -0.5730
vn 0.7045 0.6503 -0.2842
vn 0.5778 0.4872 0.6549
vn 0.2977 0.7689 0.5658
vn 0.6145 0.6050 -0.5064
vn 0.6145 0.6271 -0.4786
vn 0.7231 0.6058 -0.3318
vn 0.7578 0.6201 -0.2031
vn 0.8777 0.4787 -0.0245
vn 0.8907 0.4414 -0.1083
vn 0.9568 0.2291 0.1792
vn 0.8714 0.4557 0.1819
vn 0.9013 0.3272 0.2838
vn 0.8460 0.4839 0.2236
vn 0.7397 0.4435 0.5062
vn 0.7269 0.3729 0.5767
vn 0.6656 0.5510 0.5034
vn 0.7785 0.6051 0.1666
vn 0.7221 -0.6844 -0.1007
vn 0.6725 -0.7297 -0.1235
vn 0.6880 -0.5324 0.4932
vn 0.6768 -0.7341 0.0555
vn 0.1595 -0.7329 0.6614
vn 0.8747 -0.2342 -0.4243
vn 0.8743 -0.2348 -0.4249
vn 0.8749 -0.2339 -0.4241
vn -0.0232 0.8765 -0.4808
vn -0.0236 0.8765 -0.4809
vn 0.9185 -0.3857 -0.0874
vn 0.7380 0.6412 0.2105
vn -0.3013 -0.8931 -0.3342
vn 0.2985 -0.9107 -0.2855
vn -0.6306 -0.6222 -0.4639
vn 0.0487 -0.7498 0.6598
vn -0.1263 -0.9061 0.4037
vn 0.1577 -0.7610 -0.6293
vn 0.7932 -0.5906 -0.1483
vn 0.1370 -0.8037 -0.5790
vn 0.1063 -0.7388 -0.6655
vn 0.1217 0.5921 -0.7967
vn 0.3325 0.9270 0.1737
vn 0.4012 0.8781 0.2607
vn 0.5586 0.7938 0.2406
vn 0.3251 0.6729 0.6644
vn 0.6311 0.2885 0.7201
vn 0.6090 0.6753 0.4161
vn 0.7401 0.6716 -0.0349
vn 0.9146 0.0298 0.4033
vn 0.9194 0.3090 0.2433
vn 0.9166 0.3974 -0.0438
vn -0.3344 0.7286 0.5977
vn 0.9064 0.0188 0.4221
vn 0.8596 0.0225 0.5104
vn -0.1163 0.8468 0.5190
vn -0.8052 0.4554 0.3798
vn -0.7098 0.6271 0.3208
vn -0.7539 0.5129 0.4107
vn -0.4469 0.7690 0.4571
vn -0.4468 0.7690 0.4571
vn 0.7477 -0.2351 0.6210
vn 0.6540 -0.2719 0.7060
vn 0.3527 0.3745 0.8575
vn -0.5107 0.7129 0.4805
vn -0.2002 0.7851 0.5861
vn -0.2212 0.2134 0.9516
vn -0.0484 -0.0465 0.9977
vn -0.0483 -0.0466 0.9977
vn 0.0706 -0.5623 0.8239
vn 0.2693 -0.5990 0.7541
vn 0.4390 -0.7360 0.5154
vn 0.5306 -0.5649 0.6319
vn 0.4569 -0.2036 0.8659
vn 0.4469 -0.2248 0.8659
vn 0.3326 0.1312 0.9339
vn 0.3726 0.2523 0.8930
vn 0.4863 0.6215 0.6142
vn 0.1865 -0.8922 -0.4113
vn 0.0333 -0.9971 -0.0678
vn 0.0327 -0.9970 -0.0706
vn 0.0329 -0.9970 -0.0700
vn 0.0335 -0.9972 -0.0670
vn -0.0987 -0.8792 0.4661
vn -0.1238 -0.6075 0.7847
vn -0.0600 -0.9129 0.4037
vn -0.1523 -0.6551 0.7401
vn 0.0283 -0.2078 0.9778
vn 0.0109 -0.3491 0.9370
vn -0.1019 -0.3890 0.9156
vn 0.5516 -0.5463 0.6303
vn 0.7072 -0.7070 0.0068
vn 0.7768 -0.6279 0.0479
vn 0.9556 -0.2937 -0.0234
vn 0.2084 -0.5311 -0.8213
vn 0.4086 -0.1000 -0.9072
vn 0.4794 -0.5798 -0.6587
vn 0.4801 -0.0157 -0.8771
vn 0.7193 -0.0530 -0.6927
vn 0.7573 0.0964 -0.6459
vn 0.0765 0.8252 -0.5596
vn 0.0685 0.8333 -0.5485
vn -0.6277 0.7666 0.1352
vn -0.6474 0.7339 0.2057
vn -0.7992 0.4051 0.4440
vn 0.4100 0.8695 -0.2755
vn 0.8405 0.4909 -0.2291
vn 0.8932 0.3120 -0.3239
vn 0.6295 0.6808 0.3745
vn 0.6557 0.4001 0.6403
vn 0.8844 -0.0240 0.4660
vn 0.7721 -0.2016 0.6026
vn -0.0690 0.4567 0.8869
vn 0.2021 0.3708 0.9065
vn -0.5060 0.2899 0.8124
vn 0.2371 -0.2792 0.9305
vn 0.4023 -0.2500 0.8807
vn 0.6227 -0.5587 0.5478
vn 0.8270 -0.5303 0.1867
vn 0.8290 -0.5339 0.1664
vn 0.4707 -0.8529 0.2257
vn 0.0376 -0.6022 0.7974
vn 0.6379 -0.6861 0.3498
vn 0.0871 -0.9210 0.3797
vn 0.6909 -0.6067 0.3933
vn -0.0268 -0.9770 0.2114
vn 0.0690 -0.9349 -0.3480
vn 0.1327 -0.9663 -0.2206
vn 0.3281 -0.9295 -0.1686
vn 0.4095 -0.8968 0.1678
vn 0.6818 -0.7312 -0.0228
vn 0.6589 -0.7286 -0.1872
vn 0.9305 -0.3364 -0.1448
vn 0.9034 -0.3370 -0.2653
vn 0.9861 -0.1492 -0.0733
vn -0.9255 -0.2606 -0.2748
vn -0.8240 -0.4596 -0.3314
vn -0.7579 -0.5386 -0.3681
vn 0.6101 0.6472 0.4571
vn -0.3101 -0.8583 0.4088
vn -0.3103 -0.8585 0.4083
vn -0.3853 0.6004 0.7007
vn -0.0659 -0.2328 0.9703
vn -0.1856 0.2458 0.9514
vn -0.1695 0.3136 0.9343
vn -0.9473 0.3122 0.0717
vn -0.3750 -0.0160 -0.9269
vn -0.8044 0.2021 0.5586
vn -0.0172 -0.9296 -0.3682
vn -0.1697 -0.8514 -0.4963
vn -0.1695 -0.8516 -0.4961
vn -0.1693 -0.8516 -0.4960
vn 0.3166 0.7524 0.5777
vn 0.7009 0.4254 0.5725
vn 0.6808 0.5412 -0.4937
vn 0.7461 0.6652 0.0291
vn -0.7538 0.5987 0.2707
vn -0.6416 0.7460 0.1783
vn -0.6406 0.7468 0.1788
vn -0.6419 0.7458 0.1781
vn -0.6404 0.7469 0.1788
vn -0.5976 0.6149 0.5145
vn -0.5079 -0.8401 -0.1905
vn -0.4957 -0.8561 -0.1458
vn -0.6085 0.5496 0.5725
vn -0.4800 -0.8773 -0.0047
vn -0.3652 -0.9307 0.0217
vn 0.3563 0.4414 -0.8236
vn 0.5955 0.7770 0.2041
vn 0.5634 0.7831 -0.2632
vn 0.7085 0.6597 0.2506
vn 0.7087 0.6597 0.2503
vn 0.7087 0.6596 0.2502
vn 0.7176 0.6878 0.1093
vn -0.0885 -0.0680 0.9938
vn -0.0884 -0.0679 0.9938
vn -0.1991 -0.1879 0.9618
vn -0.0892 -0.0029 0.9960
vn 0.1511 0.2421 0.9584
vn 0.2432 0.3819 0.8916
vn -0.7001 -0.0747 0.7101
vn -0.2387 0.4373 0.8670
vn -0.4863 -0.4243 0.7639
vn -0.1478 0.7475 0.6476
vn -0.1452 0.7521 0.6429
vn -0.1482 0.7469 0.6482
vn 0.1653 0.6802 0.7141
vn 0.1642 0.6800 0.7146
vn 0.1638 0.6799 0.7148
vn 0.1477 0.7458 0.6496
vn 0.1656 0.6802 0.7141
vn 0.4686 0.4998 0.7284
vn 0.4579 0.6536 0.6025
vn 0.4443 0.6658 0.5994
vn 0.2777 -0.2724 0.9212
vn 0.3246 -0.2173 0.9205
vn 0.2190 0.7572 0.6154
vn -0.1096 0.6757 0.7290
vn 0.2385 0.7563 0.6092
vn 0.1981 0.8238 0.5311
vn -0.2471 0.6088 0.7538
vn -0.2763 0.4026 0.8727
vn -0.2313 0.3045 0.9240
vn -0.2193 0.2380 0.9462
vn 0.2775 0.1572 0.9478
vn 0.2785 0.4356 0.8560
vn -0.0252 0.6744 0.7379
vn -0.0695 0.7484 0.6596
vn -0.2467 0.7526 0.6105
vn -0.6220 0.2504 0.7419
vn -0.6292 0.2386 0.7397
vn -0.5552 0.4444 0.7030
vn -0.4936 0.4519 0.7431
vn -0.4535 0.0895 0.8868
vn -0.4202 0.1359 0.8972
vn 0.3707 -0.2714 0.8882
vn 0.8595 0.4148 0.2987
vn 0.9899 -0.0077 0.1413
vn 0.7308 -0.6618 -0.1669
vn 0.7993 -0.5919 -0.1032
vn 0.7991 -0.5922 -0.1032
vn 0.4375 -0.8709 -0.2239
vn 0.5134 -0.7961 -0.3203
vn -0.0889 -0.9925 0.0835
vn 0.4067 -0.8743 -0.2647
vn -0.2052 0.0419 0.9778
vn 0.0585 -0.1081 0.9924
vn 0.0101 0.4731 0.8809
vn 0.2274 0.1750 0.9579
vn 0.2837 -0.0053 0.9589
vn 0.3494 0.6701 0.6549
vn 0.2217 0.8025 0.5539
vn 0.3798 0.8266 0.4152
vn 0.3081 0.6112 0.7290
vn 0.4460 0.3603 0.8193
vn 0.1908 0.5107 0.8383
vn 0.5569 0.4583 0.6927
vn 0.3247 0.1623 0.9318
vn 0.4827 0.2548 0.8379
vn 0.6035 0.4841 0.6336
vn 0.6284 0.7321 0.2631
vn 0.7022 0.4712 0.5338
vn 0.1426 0.2194 0.9652
vn 0.7320 0.5578 0.3912
vn 0.6817 0.6213 0.3864
vn 0.6745 0.6061 0.4215
vn 0.7987 0.0355 0.6006
vn 0.6526 -0.0834 0.7531
vn 0.0973 0.2611 0.9604
vn 0.0276 0.1388 0.9899
vn -0.5240 0.1465 0.8390
vn -0.7508 -0.2349 0.6173
vn -0.5329 -0.2064 0.8206
vn -0.5331 -0.2064 0.8205
vn -0.6737 -0.5861 0.4501
vn -0.5307 -0.7832 0.3241
vn -0.1990 -0.9643 0.1750
vn -0.2151 -0.9667 0.1388
vn -0.5202 -0.8399 0.1547
vn -0.7848 -0.5840 0.2074
vn -0.8442 -0.5082 0.1702
vn -0.8211 -0.3943 0.4127
vn -0.7392 -0.5046 0.4459
vn -0.7730 -0.4022 0.4907
vn -0.6243 -0.0047 -0.7812
vn -0.8929 -0.1636 -0.4194
vn -0.8887 0.0239 -0.4578
vn -0.2874 0.6125 -0.7364
vn -0.2929 0.6050 -0.7404
vn -0.2918 0.6067 -0.7395
vn -0.4854 0.6079 -0.6284
vn -0.5387 0.7229 -0.4326
vn -0.9582 0.2852 0.0202
vn -0.2860 0.6140 -0.7356
vn -0.3977 0.6679 -0.6291
vn -0.6592 0.6221 -0.4225
vn -0.6589 0.6223 -0.4226
vn -0.9650 0.2175 -0.1466
vn -0.9269 0.3750 -0.0165
vn -0.6367 0.7213 -0.2727
vn -0.6368 0.7212 -0.2726
vn -0.5797 0.7410 -0.3390
vn -0.8779 0.4744 0.0645
vn -0.5984 0.7743 -0.2058
vn -0.9582 -0.0244 0.2851
vn -0.8485 0.3729 -0.3754
vn -0.8719 -0.4123 0.2644
vn -0.9957 0.0924 -0.0022
vn -0.9605 -0.2734 0.0520
vn -0.8845 0.4550 -0.1036
vn -0.8438 0.5365 -0.0111
vn -0.8645 -0.0549 0.4996
vn -0.8644 -0.0553 0.4998
vn -0.8648 -0.0541 0.4992
vn -0.6858 0.5457 0.4816
vn -0.5344 0.5923 0.6029
vn -0.8650 -0.0537 0.4990
vn -0.6960 0.5652 0.4428
vn -0.7965 -0.0436 0.6031
vn -0.7794 -0.0026 0.6266
vn -0.5660 0.6212 0.5420
vn -0.5505 0.5422 0.6348
vn -0.7394 0.6153 0.2733
vn -0.8344 0.5267 0.1622
vn -0.6873 0.4438 0.5750
vn -0.6846 0.4463 0.5763
vn -0.6849 0.4462 0.5760
vn -0.6021 0.2212 0.7672
vn -0.5203 0.2829 0.8058
vn -0.4878 0.5278 0.6953
vn -0.2540 0.2992 0.9198
vn -0.3408 0.6004 0.7235
vn -0.8253 0.4496 0.3417
vn -0.8235 0.4862 0.2925
vn -0.5872 0.6082 0.5341
vn -0.5869 0.4627 0.6645
vn -0.6636 0.6232 0.4138
vn -0.9014 0.4320 -0.0291
vn -0.8390 0.5321 -0.1138
vn -0.7830 0.6204 -0.0444
vn -0.8144 0.4878 -0.3144
vn -0.8252 0.4650 -0.3208
vn -0.8346 0.4949 -0.2420
vn -0.8551 0.4320 -0.2868
vn -0.8266 0.4474 -0.3416
vn -0.5222 0.7137 -0.4669
vn -0.7940 0.5028 -0.3418
vn -0.5075 0.7182 -0.4760
vn -0.2060 -0.8287 0.5204
vn -0.8082 0.3604 -0.4657
vn -0.8138 0.3563 -0.4591
vn -0.8068 0.3607 -0.4680
vn -0.9944 0.0366 -0.0991
vn -0.9963 -0.0188 -0.0840
vn -0.8345 0.3718 -0.4068
vn -0.9873 -0.1047 -0.1195
vn -0.9805 -0.0553 -0.1885
vn -0.8096 0.3557 -0.4670
vn -0.9643 -0.1546 -0.2149
vn -0.8341 0.2797 -0.4754
vn -0.8023 0.2651 -0.5349
vn -0.9440 -0.1067 -0.3121
vn -0.9082 -0.3217 -0.2676
vn -0.7783 0.2421 -0.5793
vn -0.7767 0.2414 -0.5817
vn -0.7803 0.2424 -0.5765
vn -0.7763 0.2418 -0.5821
vn -0.7764 0.1802 -0.6039
vn -0.7170 0.1409 -0.6827
vn -0.8657 -0.3088 -0.3939
vn -0.8658 -0.3087 -0.3939
vn -0.5553 0.6686 -0.4946
vn -0.8127 0.4903 -0.3148
vn -0.4206 0.6954 -0.5827
vn -0.8087 0.3768 -0.4518
vn -0.8028 0.3884 -0.4525
vn -0.8037 0.3870 -0.4521
vn -0.8027 0.3890 -0.4521
vn -0.5139 0.5988 -0.6143
vn -0.8139 0.3555 -0.4596
vn -0.7746 0.3580 -0.5214
vn -0.8342 0.2013 -0.5134
vn -0.7320 0.3018 -0.6108
vn -0.3504 0.6155 -0.7059
vn -0.8928 0.3708 -0.2559
vn -0.9021 0.3462 -0.2576
vn -0.8981 0.3727 -0.2333
vn -0.8070 0.5384 -0.2425
vn -0.8073 0.5379 -0.2427
vn -0.8105 0.5317 -0.2456
vn -0.8111 0.5307 -0.2460
vn -0.4955 0.7858 -0.3701
vn -0.4546 0.7996 -0.3924
vn -0.9162 0.3687 -0.1569
vn -0.5239 0.6943 -0.4934
vn -0.1097 0.8589 -0.5003
vn -0.2429 0.7457 -0.6204
vn 0.5361 0.7068 -0.4616
vn 0.0521 0.8371 -0.5445
vn -0.2001 0.7923 -0.5764
vn -0.8782 0.2771 -0.3898
vn -0.8780 0.2779 -0.3897
vn -0.8767 0.2829 -0.3890
vn -0.8767 0.2831 -0.3889
vn -0.7814 0.2183 -0.5846
vn -0.7388 -0.0511 -0.6720
vn -0.5156 -0.0904 -0.8521
vn -0.5855 0.0905 -0.8056
vn 0.1017 0.8442 -0.5264
vn -0.2995 0.6225 -0.7231
vn 0.0331 0.7693 -0.6380
vn 0.7827 0.5178 -0.3453
vn -0.0170 0.8009 -0.5985
vn 0.6467 0.6596 -0.3831
vn 0.7363 0.5759 -0.3551
vn -0.5765 0.6181 -0.5344
vn -0.4846 0.6009 -0.6357
vn 0.7117 0.6217 -0.3272
vn -0.5332 0.7079 -0.4632
vn 0.7362 0.5136 -0.4407
vn -0.5347 0.5379 -0.6517
vn 0.4610 0.7566 -0.4636
vn 0.7992 0.5217 -0.2986
vn 0.7314 0.6101 -0.3047
vn 0.6937 0.6881 -0.2126
vn 0.6992 0.6632 -0.2671
vn -0.4342 0.4884 -0.7569
vn -0.4396 0.4809 -0.7586
vn -0.4403 0.4808 -0.7583
vn -0.4339 0.4891 -0.7566
vn -0.6823 0.6914 -0.2376
vn -0.6826 0.6913 -0.2367
vn -0.6821 0.6914 -0.2380
vn 0.7676 0.5779 -0.2773
vn -0.6828 0.6912 -0.2365
vn -0.4773 0.4912 -0.7286
vn -0.4768 0.4906 -0.7294
vn -0.4694 0.5012 -0.7269
vn -0.6306 0.6041 -0.4872
vn -0.5868 0.4404 -0.6795
vn -0.0994 0.8515 -0.5149
vn 0.3979 0.7441 -0.5367
vn -0.1209 0.5927 -0.7963
vn -0.2696 0.4249 -0.8642
vn 0.6425 0.6756 -0.3617
vn 0.5563 0.7596 -0.3369
vn -0.1981 0.4185 -0.8863
vn -0.4729 -0.0515 -0.8796
vn -0.2873 0.1895 -0.9389
vn -0.2645 0.0241 -0.9641
vn -0.4280 -0.0750 -0.9006
vn 0.3836 0.7698 -0.5101
vn 0.5787 0.6660 -0.4708
vn -0.6215 0.5426 -0.5651
vn -0.8562 0.5080 -0.0941
vn -0.7074 0.6156 -0.3474
vn -0.6497 0.7411 -0.1694
vn -0.6903 0.7124 -0.1268
vn -0.6896 0.7127 -0.1283
vn -0.6894 0.7128 -0.1293
vn -0.5766 0.5207 -0.6296
vn -0.5572 0.5372 -0.6333
vn -0.6940 0.7105 -0.1168
vn -0.7840 0.5998 -0.1602
vn -0.6757 0.5788 -0.4564
vn -0.6348 0.5971 -0.4904
vn -0.0284 0.4470 -0.8941
vn -0.5527 0.7397 -0.3838
vn -0.8389 0.1916 -0.5094
vn -0.8435 0.5045 -0.1844
vn -0.8244 -0.0057 -0.5660
vn -0.3191 -0.1207 -0.9400
vn -0.3480 0.5693 -0.7449
vn -0.4990 0.3460 -0.7945
vn -0.3436 0.2392 -0.9082
vn -0.3046 -0.1403 -0.9421
vn -0.3764 0.0864 -0.9224
vn -0.3541 0.1110 -0.9286
vn -0.1076 -0.1489 -0.9830
vn -0.0195 0.0665 -0.9976
vn -0.1505 -0.1054 -0.9830
vn -0.3908 -0.1637 -0.9058
vn -0.0996 -0.2148 -0.9716
vn -0.2705 0.0060 -0.9627
vn -0.3858 0.1935 -0.9021
vn -0.5296 0.3155 -0.7874
vn -0.5652 0.4147 -0.7132
vn -0.1997 -0.2917 -0.9354
vn -0.3609 0.1183 -0.9251
vn -0.3160 0.0770 -0.9456
vn -0.0987 -0.5780 -0.8100
vn -0.2927 -0.1788 -0.9393
vn -0.7272 -0.6829 -0.0687
vn -0.1039 -0.7589 -0.6428
vn -0.1366 -0.5027 -0.8536
vn -0.1343 -0.5026 -0.8540
vn -0.1367 -0.5023 -0.8538
vn -0.1449 -0.6368 -0.7573
vn -0.1449 -0.6371 -0.7570
vn -0.7075 -0.6897 -0.1539
vn -0.0526 -0.2214 0.9738
vn -0.2368 -0.1910 -0.9526
vn -0.0000 1.0000 -0.0000
vn -0.2106 -0.6719 -0.7101
vn 0.0433 -0.6505 -0.7583
vn 0.1415 -0.6647 -0.7336
vn 0.0252 -0.6204 -0.7838
vn -0.1882 0.1058 0.9764
vn -0.2390 -0.1929 0.9517
vn -0.0556 -0.2229 0.9733
vn -0.0556 -0.2228 0.9733
vn 0.2304 -0.4697 0.8522
vn 0.1917 -0.4840 0.8538
vn 0.2529 -0.8624 0.4385
vn 0.4788 -0.6194 0.6222
vn 0.4282 -0.5610 0.7085
vn -0.0788 -0.3824 -0.9206
vn -0.1340 -0.5026 -0.8541
vn -0.3291 -0.5719 -0.7514
vn 0.4808 -0.7218 0.4978
vn -0.7188 -0.4637 -0.5180
vn -0.7200 -0.4663 -0.5140
vn -0.7192 -0.4642 -0.5170
vn -0.1049 -0.7022 -0.7042
vn -0.7213 -0.4691 -0.5096
vn -0.6654 -0.3530 -0.6577
vn -0.6528 -0.1234 -0.7474
vn -0.2292 -0.4593 -0.8582
vn -0.2294 -0.4591 -0.8582
vn 0.6336 -0.4949 0.5947
vn 0.7818 -0.5342 0.3216
vn 0.6512 -0.7516 0.1051
vn 0.6753 -0.7307 0.1004
vn 0.5424 -0.8047 0.2413
vn 0.5166 -0.8180 0.2529
vn 0.6480 -0.7587 0.0663
vn 0.6121 -0.7907 -0.0137
vn 0.7000 -0.6378 -0.3213
vn 0.5200 -0.7142 -0.4685
vn 0.3538 -0.8667 0.3517
vn 0.4497 -0.8877 0.0986
vn 0.2582 -0.9534 -0.1561
vn 0.3528 -0.8388 -0.4146
vn 0.5986 -0.7124 -0.3662
vn 0.6123 -0.6326 -0.4742
vn 0.2727 -0.2447 -0.9304
vn 0.0439 -0.4373 -0.8982
vn 0.0519 -0.4992 -0.8649
vn 0.3272 -0.5701 -0.7536
vn -0.0753 0.0763 -0.9942
vn 0.5210 -0.8179 -0.2441
vn -0.0952 -0.0350 -0.9948
vn -0.0604 0.0441 -0.9972
vn 0.6000 -0.7833 -0.1625
vn 0.1773 0.1967 -0.9643
vn 0.5019 -0.8002 0.3282
vn 0.6808 -0.7211 -0.1282
vn 0.4207 0.1317 -0.8976
vn 0.5776 -0.1656 -0.7993
vn 0.4955 -0.2973 -0.8162
vn 0.3486 -0.2709 -0.8973
vn 0.7558 -0.2424 -0.6083
vn 0.1632 0.6199 -0.7676
vn 0.4634 0.1941 -0.8647
vn 0.7399 -0.2431 -0.6273
vn 0.6332 -0.5002 -0.5907
vn 0.7897 -0.5669 -0.2346
vn 0.3375 -0.8835 -0.3248
vn 0.2809 -0.9162 -0.2859
vn 0.8280 -0.4554 -0.3270
vn -0.6041 -0.0887 -0.7920
vn -0.6958 -0.5087 -0.5070
vn -0.6072 -0.7325 -0.3079
vn -0.0570 -0.8292 -0.5560
vn 0.0135 -0.7585 -0.6515
vn -0.0333 -0.6248 -0.7801
vn -0.4467 -0.8591 -0.2499
vn 0.4908 -0.7086 -0.5069
vn -0.3612 -0.9243 -0.1231
vn 0.0917 -0.8411 -0.5330
vn 0.1112 -0.7568 -0.6442
vn -0.2883 -0.0662 -0.9553
vn -0.1740 0.0586 -0.9830
vn 0.6233 0.2103 -0.7532
vn 0.6228 0.2369 -0.7457
vn -0.2953 -0.1924 -0.9358
vn 0.4852 0.2966 -0.8226
vn -0.2556 0.9238 -0.2851
vn 0.4928 -0.5909 -0.6387
vn 0.6883 0.4387 -0.5777
vn 0.6574 0.6344 -0.4066
vn 0.9071 0.3181 -0.2756
vn 0.9154 -0.3949 -0.0779
vn 0.9160 -0.3940 -0.0753
vn 0.9147 -0.3959 -0.0810
vn 0.9706 -0.2377 -0.0380
vn 0.9161 -0.3939 -0.0748
vn 0.6823 -0.6629 0.3082
vn 0.8552 -0.4844 0.1842
vn 0.8087 -0.5881 0.0124
vn 0.8511 -0.5114 0.1183
vn 0.7727 0.0273 -0.6342
vn 0.7902 0.0343 -0.6119
vn 0.7099 -0.1932 0.6773
vn 0.9046 -0.3789 0.1953
vn 0.6761 -0.5858 0.4468
vn 0.8578 -0.3361 0.3887
vn 0.9838 -0.1737 0.0451
vn 0.7817 -0.6106 -0.1270
vn 0.7681 -0.6329 -0.0973
vn 0.9180 -0.3248 -0.2274
vn 0.9388 -0.2813 -0.1991
vn 0.3125 0.8157 0.4867
vn -0.9127 -0.2768 -0.3005
vn -0.9159 -0.3420 -0.2101
vn -0.8340 -0.4946 -0.2447
vn -0.7616 -0.6273 -0.1628
vn -0.7595 -0.6295 -0.1637
vn -0.7603 -0.6287 -0.1634
vn -0.7053 -0.6165 -0.3499
vn -0.7858 -0.5959 -0.1656
vn -0.9169 -0.3430 -0.2042
vn -0.9664 -0.1878 -0.1756
vn -0.9773 -0.0704 -0.1996
vn -0.5530 -0.8018 -0.2265
vn -0.4812 -0.7875 -0.3851
vn -0.3385 -0.8802 -0.3327
vn -0.4926 -0.8466 -0.2016
vn -0.2410 -0.9632 -0.1191
vn 0.0700 -0.9910 -0.1140
vn -0.1385 -0.9822 -0.1269
vn -0.6541 -0.7385 -0.1638
vn -0.6242 -0.7621 -0.1720
vn -0.7623 -0.6265 -0.1625
vn -0.6078 -0.7268 -0.3200
vn -0.7673 -0.4643 -0.4423
vn -0.7887 -0.5532 -0.2683
vn -0.9693 -0.2054 -0.1352
vn -0.9844 0.1673 0.0542
vn -0.9356 0.3256 0.1363
vn -0.9544 0.2736 0.1194
vn -0.8980 0.4244 0.1165
vn -0.8001 0.5616 0.2109
vn -0.7999 0.5618 0.2109
vn -0.7339 0.6520 0.1904
vn -0.4046 0.8187 0.4075
vn -0.2935 0.8732 0.3890
vn -0.4552 0.8285 0.3262
vn -0.2890 0.9178 0.2723
vn -0.4966 0.8395 0.2205
vn -0.9896 0.1218 -0.0771
vn -0.9833 0.1621 -0.0825
vn -0.7723 0.6193 0.1413
vn -0.7742 0.6099 0.1692
vn -0.7362 0.6298 0.2475
vn -0.8920 0.4457 0.0761
vn -0.9973 0.0737 0.0003
vn -0.9887 0.1379 0.0584
vn -0.7201 0.6473 0.2500
vn -0.8116 0.5576 0.1742
vn -0.9925 0.0501 -0.1111
vn -0.2625 0.9409 0.2140
vn -0.8975 0.4072 -0.1692
vn -0.2375 0.9486 0.2094
vn -0.9827 -0.0017 -0.1850
vn -0.6867 -0.6930 -0.2193
vn -0.9005 0.0445 -0.4325
vn -0.9527 0.0549 -0.2990
vn -0.5482 0.8343 0.0586
vn -0.8326 0.4687 -0.2951
vn -0.9413 0.2158 -0.2595
vn -0.6067 0.7642 -0.2188
vn -0.7721 0.1930 -0.6055
vn -0.7832 0.3574 -0.5089
vn -0.6590 0.1666 -0.7335
vn -0.3004 0.3115 -0.9015
vn -0.1314 0.3924 -0.9103
vn -0.0952 0.4424 -0.8918
vn 0.5152 0.5482 -0.6588
vn 0.5150 0.5482 -0.6590
vn -0.5335 0.6602 -0.5286
vn -0.4514 0.8406 -0.2993
vn -0.0693 0.9864 -0.1488
vn -0.0102 0.9985 -0.0533
vn -0.8802 0.1163 -0.4601
vn -0.5965 0.3950 -0.6987
vn 0.0575 0.4841 -0.8731
vn 0.4897 0.5248 -0.6963
vn -0.0045 0.2497 -0.9683
vn -0.4835 0.6569 -0.5786
vn -0.7418 0.6461 -0.1797
vn -0.7043 0.7004 -0.1158
vn -0.4094 0.8307 0.3772
vn -0.4106 0.8300 0.3775
vn -0.4030 0.8346 0.3755
vn -0.4018 0.8354 0.3751
vn -0.5556 0.8250 -0.1032
vn -0.5233 0.8511 -0.0428
vn -0.3052 0.9523 0.0002
vn -0.2765 0.9604 0.0353
vn -0.3079 0.7428 -0.5945
vn 0.5877 -0.0284 -0.8086
vn 0.3367 0.3448 -0.8762
vn 0.1682 0.6018 -0.7807
vn 0.1336 0.8218 -0.5539
vn 0.4242 0.8155 -0.3937
vn 0.3384 0.9410 0.0021
vn 0.2478 0.9680 0.0407
vn -0.3515 0.9084 0.2265
vn -0.3800 0.8929 0.2416
vn -0.0002 0.8588 0.5124
vn 0.0647 0.8645 0.4985
vn 0.0260 0.8461 0.5323
vn 0.2806 0.7902 0.5449
vn 0.2799 0.7898 0.5457
vn 0.2861 0.7929 0.5380
vn 0.2866 0.7931 0.5374
vn -0.0412 0.8782 0.4765
vn -0.3956 0.8402 0.3709
vn -0.1975 0.8580 0.4741
vn 0.2106 0.8380 0.5034
vn 0.4271 0.7284 0.5357
vn 0.3648 0.7763 0.5140
vn 0.3645 0.7505 0.5513
vn 0.4857 0.6630 0.5697
vn 0.6554 0.5344 0.5337
vn 0.8317 0.2876 0.4750
vn 0.7435 0.4296 0.5125
vn 0.8717 0.3291 0.3632
vn 0.8163 0.4034 0.4133
vn 0.8142 0.3718 0.4459
vn 0.8340 0.2549 0.4894
vn 0.9219 0.1078 0.3721
vn 0.9201 0.1790 0.3484
vn 0.6955 0.5162 0.4998
vn 0.6959 0.5154 0.5001
vn 0.6964 0.5126 0.5022
vn 0.4397 0.7574 0.4826
vn 0.0081 0.8631 0.5049
vn 0.0548 0.9271 0.3709
vn 0.0875 0.8977 0.4319
vn -0.4246 0.8713 0.2461
vn -0.1928 0.9782 0.0769
vn -0.2336 0.9721 -0.0193
vn 0.2364 0.9394 -0.2483
vn 0.3107 0.4526 -0.8359
vn 0.2948 0.2221 -0.9294
vn 0.2889 0.3603 -0.8869
vn 0.2873 0.3607 -0.8873
vn 0.2889 0.3604 -0.8870
vn 0.4824 0.4888 -0.7269
vn 0.3221 0.3966 -0.8596
vn -0.5744 -0.2524 -0.7787
vn -0.6014 -0.5199 -0.6067
vn 0.0484 0.1566 -0.9865
vn 0.3384 0.3354 -0.8792
vn 0.5324 0.3473 -0.7719
vn 0.5372 0.3539 -0.7656
vn 0.5370 0.3538 -0.7658
vn 0.5313 0.3458 -0.7734
vn 0.2954 0.2709 -0.9161
vn -0.0769 -0.1271 -0.9889
vn -0.7260 -0.4913 -0.4811
vn -0.8098 0.1446 -0.5686
vn -0.6896 0.1245 -0.7134
vn -0.4429 0.3350 -0.8316
vn 0.3426 0.5289 -0.7764
vn 0.4715 0.4681 -0.7474
vn 0.6080 0.4555 -0.6502
vn 0.4831 0.5562 -0.6762
vn 0.1984 0.4183 -0.8864
vn 0.4001 0.8915 -0.2123
vn 0.1460 0.4346 -0.8887
vn 0.1463 0.4351 -0.8884
vn 0.1459 0.4345 -0.8888
vn 0.5248 0.2851 -0.8020
vn 0.2582 0.8925 -0.3697
vn 0.3536 0.9197 -0.1710
vn -0.3696 0.8560 0.3614
vn -0.4493 0.8115 0.3737
vn -0.4440 0.8279 0.3427
vn -0.4394 0.8271 0.3505
vn -0.4400 0.8273 0.3494
vn -0.4447 0.8280 0.3416
vn 0.2283 0.8393 0.4935
vn 0.1694 0.7636 0.6230
vn 0.2425 0.7833 0.5723
vn 0.2313 0.8429 0.4859
vn 0.5075 0.6102 0.6084
vn 0.4375 0.7759 0.4545
vn 0.4372 0.7761 0.4545
vn 0.5491 0.6839 0.4804
vn 0.7547 0.4836 0.4433
vn 0.8899 0.2729 0.3655
vn 0.9695 -0.0532 0.2392
vn 0.8940 -0.4141 0.1712
vn 0.7914 -0.6060 0.0802
vn 0.9645 -0.0843 0.2504
vn 0.9725 -0.0129 0.2324
vn 0.8767 0.3757 0.3005
vn 0.8099 0.4599 0.3640
vn 0.7295 0.6264 -0.2748
vn 0.7290 0.6257 -0.2777
vn 0.7292 0.6259 -0.2768
vn 0.4859 0.5445 -0.6837
vn 0.7296 0.6266 -0.2739
vn 0.5340 0.6284 -0.5657
vn 0.2839 0.4325 -0.8558
vn 0.3836 0.1424 0.9125
vn 0.3836 0.1424 0.9124
vn 0.6186 0.7185 0.3181
vn 0.5569 0.7737 0.3021
vn 0.6109 0.7314 0.3030
vn 0.6314 0.7275 0.2685
vn 0.3158 0.5059 -0.8027
vn 0.6778 0.6643 -0.3150
vn 0.7545 0.6056 0.2530
vn 0.7642 0.5983 0.2409
vn 0.8726 0.4352 0.2217
vn 0.8719 0.4364 0.2222
vn 0.8723 0.4357 0.2219
vn 0.8318 0.0362 0.5539
vn 0.9269 0.2061 0.3135
vn 0.8030 -0.0924 0.5887
vn 0.8049 0.5753 0.1451
vn 0.4842 0.3482 -0.8027
vn 0.8155 0.5630 0.1346
vn 0.8870 0.4344 0.1569
vn 0.3894 0.3210 -0.8633
vn 0.4329 0.4270 -0.7939
vn 0.8144 0.4200 -0.4004
vn 0.7692 0.2688 -0.5797
vn 0.3953 0.2824 -0.8741
vn 0.4575 0.2948 -0.8389
vn 0.9842 0.1016 0.1451
vn 0.9535 0.2845 0.0993
vn 0.9018 0.4113 0.1329
vn 0.0924 -0.3843 0.9186
vn -0.0265 -0.2786 0.9600
vn 0.1203 -0.1705 0.9780
vn 0.5587 0.3015 0.7726
vn 0.1659 0.0035 0.9861
vn 0.5723 0.4384 0.6930
vn 0.0395 -0.1032 0.9939
vn 0.6632 0.4966 0.5599
vn -0.3167 -0.8337 -0.4524
vn 0.0416 -0.8070 -0.5891
vn 0.0397 -0.8078 -0.5881
vn 0.0402 -0.8076 -0.5884
vn 0.5342 -0.7910 -0.2983
vn 0.6472 -0.7218 -0.2452
vn 0.8845 -0.4052 -0.2314
vn 0.8786 -0.4094 -0.2457
vn 0.8341 -0.5143 -0.1996
vn 0.7995 -0.5331 -0.2767
vn 0.6145 -0.6794 -0.4011
vn 0.6150 -0.6793 -0.4005
vn 0.6153 -0.6792 -0.4001
vn 0.5019 -0.7196 -0.4798
vn 0.6142 -0.6794 -0.4015
vn 0.0415 -0.8067 -0.5895
vn 0.2560 -0.8340 -0.4887
vn 0.3159 -0.8144 -0.4868
vn 0.1323 -0.8346 -0.5347
vn 0.0792 -0.8653 -0.4949
vn 0.2570 -0.3825 0.8875
vn 0.5333 0.4724 0.7018
vn 0.4097 0.3704 0.8336
vn 0.5106 0.3814 0.7706
vn -0.4513 -0.4093 0.7930
vn -0.6166 -0.2293 0.7531
vn -0.1036 0.9879 0.1153
vn -0.0942 0.7346 0.6719
vn -0.3028 0.0856 0.9492
vn -0.1485 0.7464 0.6487
vn -0.0107 0.8447 0.5351
vn 0.1973 0.8382 0.5084
vn 0.1972 0.8381 0.5087
vn 0.5864 0.5724 0.5731
vn 0.5867 0.5722 0.5730
vn 0.5895 0.5717 0.5706
vn 0.5254 -0.2418 0.8158
vn 0.5040 0.5001 0.7042
vn 0.6555 0.3078 0.6896
vn 0.7791 0.2923 0.5545
vn 0.6472 0.6100 0.4571
vn 0.6557 0.6053 0.4512
vn 0.6545 0.6060 0.4521
vn 0.5928 0.5710 0.5679
vn 0.6119 -0.1550 0.7756
vn 0.5040 -0.1540 0.8499
vn 0.5040 -0.1544 0.8498
vn 0.3956 0.9161 0.0656
vn 0.5068 -0.1676 0.8456
vn -0.8642 0.0257 -0.5025
vn -0.6703 -0.5805 -0.4623
vn 0.0407 -0.8940 -0.4462
vn -0.3189 -0.7030 -0.6357
vn -0.6587 -0.5725 -0.4882
vn -0.6242 -0.0387 -0.7803
vn 0.1955 0.3076 -0.9312
vn 0.1146 0.1926 -0.9746
vn 0.3869 0.3732 -0.8432
vn 0.2135 0.3485 -0.9126
vn 0.4941 0.3619 -0.7905
vn 0.3911 0.4384 -0.8093
vn 0.4311 0.5957 -0.6777
vn 0.1882 0.3862 -0.9030
vn 0.3654 0.4309 -0.8251
vn 0.3207 0.3146 -0.8934
vn 0.2904 0.3600 -0.8866
vn 0.3192 0.4637 -0.8265
vn 0.1465 0.4354 -0.8882
vn -0.2712 0.8781 0.3941
vn -0.2716 0.8780 0.3941
vn 0.0902 0.9869 0.1337
vn 0.3202 0.9468 0.0314
vn 0.4687 0.8613 -0.1961
vn 0.4078 0.5327 -0.7416
vn 0.5715 0.4509 -0.6856
vn 0.3780 0.2807 -0.8823
vn 0.3834 0.4920 -0.7816
vn 0.3106 0.4486 -0.8380
vn 0.1874 0.5955 -0.7812
vn 0.2719 0.3246 -0.9059
vn 0.2646 0.3411 -0.9020
vn 0.4109 0.1175 -0.9041
vn 0.4055 0.3973 -0.8232
vn 0.2621 -0.7354 0.6249
vn -0.2045 0.4219 -0.8833
vn -0.7058 -0.0807 -0.7038
vn -0.6114 0.0481 -0.7899
vn -0.5456 0.0393 -0.8371
vn -0.6860 0.1056 -0.7199
vn -0.1862 0.6130 -0.7678
vn -0.6590 0.0033 -0.7522
vn -0.6620 0.1405 -0.7362
vn -0.0839 0.5717 -0.8162
vn -0.5942 -0.0434 -0.8031
vn -0.8567 -0.3965 -0.3299
vn -0.8566 -0.3968 -0.3297
vn -0.8566 -0.3969 -0.3296
vn -0.6759 0.0531 -0.7351
vn -0.6759 0.0464 -0.7355
vn -0.6760 0.0532 -0.7350
vn -0.6757 0.0533 -0.7353
vn -0.4842 -0.1185 -0.8669
vn -0.4834 -0.1184 -0.8673
vn -0.4837 -0.1185 -0.8672
vn -0.6916 -0.5754 -0.4365
vn -0.6955 -0.5417 -0.4721
vn -0.4701 -0.1077 -0.8760
vn 0.2066 0.5115 -0.8341
vn -0.1290 0.5177 -0.8458
vn 0.9643 0.2236 0.1419
vn 0.9697 0.1818 0.1633
vn 0.6727 0.6855 0.2787
vn 0.9730 0.1787 0.1460
vn 0.9360 0.3429 0.0802
vn 0.6675 0.6507 -0.3620
vn 0.8717 0.4368 0.2223
vn 0.8840 0.4642 -0.0544
vn 0.6706 0.6411 -0.3732
vn 0.5510 0.5565 -0.6219
vn 0.2745 0.5243 -0.8061
vn 0.2601 0.5305 -0.8068
vn 0.3088 0.4468 -0.8396
vn 0.7080 0.6642 0.2398
vn 0.6723 0.6758 0.3022
vn -0.3777 -0.1099 -0.9194
vn -0.2771 -0.1137 -0.9541
vn -0.1437 -0.1984 -0.9695
vn 0.1749 0.3721 -0.9116
vn 0.0947 0.3342 -0.9377
vn -0.5472 -0.1248 -0.8277
vn -0.4151 -0.2046 -0.8865
vn -0.5191 -0.0185 -0.8545
vn -0.4850 -0.1187 -0.8664
vn -0.3266 -0.2178 -0.9198
vn -0.3296 0.1724 -0.9283
vn -0.7352 0.2795 -0.6176
vn -0.6346 0.0959 -0.7669
vn -0.6389 0.1213 -0.7597
vn -0.4634 0.5067 -0.7270
vn -0.3346 0.5253 -0.7824
vn -0.4147 0.3650 -0.8336
vn -0.2424 0.3799 -0.8927
vn 0.4311 -0.7761 -0.4603
vn 0.8705 -0.4250 -0.2483
vn 0.6140 -0.6934 -0.3770
vn 0.7035 -0.6449 -0.2986
vn 0.9706 -0.2295 -0.0720
vn 0.8985 -0.4331 -0.0717
vn 0.9173 -0.3775 -0.1271
vn 0.6178 -0.7226 -0.3100
vn 0.6213 -0.7194 -0.3105
vn 0.6162 -0.7240 -0.3099
vn 0.6226 -0.7182 -0.3108
vn -0.1776 -0.1278 0.9758
vn -0.0936 0.4510 -0.8876
vn -0.7322 -0.3730 -0.5699
vn -0.1641 0.2038 -0.9652
vn -0.3568 -0.2654 -0.8957
vn -0.3003 -0.2104 -0.9304
vn -0.0098 0.2034 -0.9791
vn 0.1338 0.3936 -0.9095
vn -0.3273 -0.2463 -0.9123
vn -0.6100 -0.6476 -0.4565
vn -0.5504 -0.6930 -0.4657
vn -0.6080 -0.6606 -0.4404
vn -0.1966 -0.3786 -0.9045
vn -0.1921 -0.3795 -0.9050
vn -0.1931 -0.3794 -0.9049
vn -0.2779 -0.3213 -0.9053
vn -0.5498 -0.7231 -0.4183
vn -0.4240 -0.1897 -0.8856
vn -0.2607 -0.2804 -0.9238
vn -0.2958 -0.2851 -0.9117
vn -0.0407 0.0948 -0.9947
vn -0.3177 -0.1843 -0.9301
vn 0.4217 0.7068 -0.5680
vn 0.4217 0.7067 -0.5681
vn 0.3617 0.5647 -0.7418
vn 0.4047 0.5071 -0.7610
vn 0.4052 0.5072 -0.7606
vn 0.4032 0.5065 -0.7622
vn 0.3777 0.5641 -0.7342
vn 0.1508 0.3917 -0.9077
vn 0.4027 0.5063 -0.7626
vn -0.0314 0.0731 -0.9968
vn 0.2159 0.2284 -0.9493
vn -0.2736 -0.2147 -0.9376
vn -0.2825 -0.2365 -0.9297
vn -0.2007 -0.2556 -0.9457
vn -0.1030 -0.3318 -0.9377
vn 0.4171 0.4844 -0.7690
vn -0.3331 -0.5300 -0.7798
vn -0.0745 -0.3864 -0.9193
vn -0.0748 -0.3843 -0.9202
vn -0.0728 -0.3947 -0.9159
vn 0.5152 0.5136 -0.6862
vn 0.4424 0.2477 -0.8619
vn 0.6079 0.3674 -0.7038
vn 0.5278 0.6069 -0.5942
vn 0.1546 -0.4081 -0.8998
vn 0.0063 -0.1564 -0.9877
vn -0.2004 0.2847 -0.9374
vn -0.0128 0.1493 -0.9887
vn 0.0533 -0.1131 -0.9921
vn 0.0457 -0.2099 -0.9767
vn 0.6755 -0.6946 -0.2472
vn 0.2098 -0.4170 -0.8844
vn 0.3164 -0.3715 -0.8729
vn 0.2056 -0.3874 -0.8987
vn 0.3336 -0.5321 -0.7782
vn 0.5668 -0.6899 -0.4503
vn 0.4545 -0.6771 -0.5788
vn 0.4001 -0.5668 -0.7202
vn 0.1743 -0.1873 -0.9667
vn 0.6659 0.5200 -0.5350
vn 0.6102 0.7442 -0.2717
vn 0.6094 0.7437 -0.2749
vn 0.6089 0.7436 -0.2761
vn 0.5848 0.7617 -0.2788
vn 0.6636 0.4322 -0.6106
vn 0.6836 0.6101 -0.4006
vn 0.6828 0.6103 -0.4017
vn 0.6873 0.6104 -0.3938
vn 0.3238 -0.1919 -0.9265
vn 0.3246 -0.1891 -0.9267
vn 0.3235 -0.1946 -0.9260
vn 0.2226 -0.2087 -0.9523
vn 0.4786 -0.5402 -0.6922
vn 0.2248 -0.1884 -0.9560
vn 0.3456 -0.3306 -0.8782
vn 0.3982 -0.3435 -0.8506
vn -0.1329 0.2650 -0.9550
vn -0.6112 0.7104 -0.3490
vn -0.6539 0.7198 -0.2331
vn -0.6445 0.7230 -0.2488
vn -0.6648 0.7294 -0.1614
vn -0.4169 0.7623 -0.4951
vn -0.4519 0.7737 -0.4441
vn -0.4502 0.7881 -0.4198
vn -0.5898 0.6901 -0.4195
vn 0.6515 -0.7236 -0.2280
vn 0.9320 -0.3558 -0.0693
vn 0.6767 -0.6970 -0.2372
vn 0.9753 0.2116 0.0627
vn 0.9753 0.2118 0.0620
vn 0.9750 0.2149 0.0568
vn 0.8873 -0.4228 -0.1842
vn 0.6504 -0.7083 -0.2742
vn 0.9867 -0.1217 -0.1073
vn 0.9749 0.2155 0.0564
vn 0.9595 -0.2806 0.0252
vn 0.3867 -0.8944 -0.2247
vn 0.9800 -0.1966 -0.0306
vn 0.7844 0.6034 0.1436
vn 0.9889 -0.1125 -0.0967
vn 0.8082 0.5454 0.2222
vn 0.7491 0.6314 0.2005
vn 0.9928 0.1085 0.0505
vn 0.9947 0.0998 0.0236
vn 0.7947 0.5823 0.1716
vn 0.8132 0.5521 0.1841
vn 0.5210 -0.7981 -0.3027
vn 0.5205 -0.7983 -0.3030
vn 0.5222 -0.7978 -0.3015
vn 0.5225 -0.7977 -0.3010
vn 0.6541 -0.7317 -0.1918
vn 0.8212 0.5267 0.2194
vn 0.8358 0.5317 0.1366
vn 0.6914 -0.6964 -0.1922
vn 0.6202 -0.7197 -0.3121
vn 0.8140 0.5532 0.1772
vn 0.7221 -0.6516 -0.2324
vn 0.9131 0.4029 0.0627
vn 0.9771 -0.2128 -0.0072
vn 0.9814 -0.1907 0.0222
vn 0.9514 0.2754 0.1381
vn 0.9508 0.2771 0.1387
vn 0.9524 0.2723 0.1369
vn 0.8822 0.4464 0.1496
vn 0.8250 -0.5282 -0.2013
vn 0.9530 0.2707 0.1362
vn 0.8450 -0.5002 -0.1894
vn 0.9830 -0.1835 -0.0089
vn 0.9199 -0.3890 -0.0498
vn 0.7510 0.6051 0.2642
vn 0.7511 0.6054 0.2634
vn 0.7510 0.6052 0.2641
vn 0.9447 0.2634 0.1954
vn 0.9450 0.2583 0.2008
vn 0.9450 0.2605 0.1976
vn 0.9543 0.2355 0.1840
vn 0.9561 0.2325 0.1783
vn 0.9548 0.2346 0.1824
vn 0.6850 0.6729 0.2793
vn 0.9565 0.2318 0.1769
vn 0.5301 0.8064 0.2621
vn 0.5928 0.7535 0.2843
vn 0.7479 0.6209 0.2349
vn 0.6882 0.6769 0.2610
vn 0.6261 0.7176 0.3049
vn 0.6268 0.7176 0.3036
vn 0.6229 0.7178 0.3110
vn 0.9830 0.1620 0.0864
vn 0.8906 0.4141 0.1879
vn 0.9451 0.2627 0.1943
vn 0.6224 0.7178 0.3122
vn 0.2529 0.4485 -0.8573
vn 0.7905 0.5679 0.2294
vn 0.6341 0.7034 0.3211
vn 0.8634 0.4581 0.2114
vn 0.9696 0.2033 0.1360
vn 0.9457 -0.3083 -0.1031
vn 0.9467 -0.3058 -0.1009
vn 0.9460 -0.3074 -0.1024
vn 0.9574 0.2407 0.1599
vn 0.9437 0.2731 0.1869
vn 0.9777 0.1565 0.1397
vn 0.9470 -0.3051 -0.1002
vn 0.9938 0.0626 0.0918
vn 0.9942 0.0611 0.0889
vn 0.9943 0.0607 0.0879
vn 0.9386 -0.3331 -0.0899
vn 0.9404 -0.3291 -0.0858
vn 0.9412 -0.3273 -0.0839
vn 0.9937 0.0632 0.0927
vn 0.9558 0.2691 0.1182
vn 0.9378 -0.3348 -0.0916
vn 0.9005 -0.4285 -0.0741
vn 0.9824 0.1419 0.1214
vn 0.8090 0.5467 0.2162
vn 0.8088 0.5469 0.2163
vn 0.9507 0.2690 0.1541
vn 0.7875 0.5648 0.2465
vn 0.9373 0.3082 0.1630
vn 0.7277 0.6301 0.2709
vn 0.9001 0.3819 0.2099
vn 0.7310 0.6380 0.2422
vn 0.7234 0.6447 0.2469
vn 0.7279 0.6399 0.2466
vn 0.9463 0.2858 0.1514
vn 0.9728 0.1874 0.1361
vn 0.9729 0.1873 0.1353
vn 0.9719 0.1883 0.1415
vn 0.9718 0.1884 0.1418
vn -0.5688 -0.3780 0.7305
vn 0.9321 0.3335 0.1413
vn 0.2639 0.3235 -0.9087
vn 0.3729 -0.4645 -0.8032
vn 0.1337 -0.9740 -0.1827
vn -0.1681 -0.9406 -0.2949
vn 0.0762 -0.9677 -0.2401
vn -0.0164 -0.9913 -0.1309
vn -0.2547 -0.9428 -0.2153
vn -0.2446 -0.9416 -0.2316
vn -0.4526 -0.8406 -0.2974
vn -0.4519 -0.8410 -0.2975
vn -0.4505 -0.8416 -0.2978
vn -0.1256 -0.9779 -0.1673
vn -0.1082 -0.9498 -0.2935
vn 0.1052 -0.9370 -0.3332
vn 0.1197 0.0024 -0.9928
vn 0.7691 0.0423 -0.6377
vn 0.3342 -0.0431 -0.9415
vn 0.5747 -0.7895 -0.2153
vn -0.5937 0.0583 -0.8026
vn -0.0965 -0.7068 -0.7008
vn -0.1535 0.4515 -0.8789
vn -0.5847 -0.6380 -0.5011
vn -0.5849 -0.6379 -0.5011
vn 0.6305 -0.5118 -0.5836
vn 0.5209 -0.5212 -0.6760
vn 0.3661 -0.8128 -0.4531
vn 0.5894 -0.7272 -0.3518
vn 0.7044 -0.6288 -0.3294
vn 0.6845 -0.6401 -0.3490
vn 0.8878 -0.4157 -0.1973
vn 0.8009 -0.5265 -0.2852
vn 0.6763 -0.6368 -0.3702
vn 0.6751 -0.6379 -0.3705
vn 0.6758 -0.6437 -0.3592
vn -0.0027 -0.8255 -0.5643
vn 0.1150 -0.9555 -0.2715
vn -0.0275 -0.9984 0.0485
vn 0.7384 -0.5265 -0.4214
vn 0.7701 -0.6367 -0.0408
vn 0.9736 0.1390 0.1812
vn 0.8948 0.4289 0.1240
vn 0.8682 0.4925 0.0608
vn 0.9442 0.1772 -0.2775
vn 0.8750 0.0652 -0.4797
vn 0.8968 -0.3752 0.2346
vn 0.8908 -0.4079 0.2002
vn 0.9186 0.3087 -0.2467
vn 0.7463 -0.6630 -0.0600
vn 0.7531 -0.5737 -0.3222
vn 0.7792 -0.6252 0.0445
vn 0.8873 -0.3966 0.2355
vn 0.7555 -0.6283 0.1857
vn 0.8465 -0.4289 -0.3153
vn 0.8543 -0.5190 -0.0274
vn 0.8736 -0.4187 -0.2479
vn 0.9260 -0.2619 -0.2718
vn 0.9197 -0.1132 -0.3759
vn -0.3172 0.8132 -0.4880
vn 0.1890 0.5776 -0.7941
vn -0.6546 0.7529 -0.0678
vn -0.7125 0.7012 0.0258
vn 0.6879 -0.4477 0.5713
vn 0.4392 0.8978 0.0316
vn 0.8862 0.4535 0.0945
vn 0.7917 -0.5407 0.2842
vn 0.9681 -0.2503 0.0120
vn -0.6492 0.6887 0.3228
vn -0.7494 0.5270 0.4009
vn -0.6254 0.7267 0.2841
vn 0.6190 0.7324 0.2837
vn 0.8667 -0.1080 0.4869
vn 0.8833 -0.1364 0.4485
vn 0.9845 0.0806 0.1560
vn 0.9868 0.0709 0.1455
vn 0.3379 0.9309 0.1386
vn 0.0459 0.9905 0.1294
vn 0.3829 0.9116 0.1498
vn -0.9970 0.0011 0.0777
vn -0.9070 0.0906 0.4112
vn -0.8578 0.2132 0.4677
vn -0.9949 0.1006 -0.0029
vn -0.9066 -0.3405 -0.2492
vn -0.9069 -0.3401 -0.2489
vn -0.9075 -0.3394 -0.2476
vn -0.9355 -0.3445 0.0789
vn -0.6132 -0.6737 0.4125
vn -0.4930 -0.3825 0.7814
vn -0.8574 0.0999 0.5048
vn -0.8219 0.0700 0.5654
vn -0.7390 0.2311 0.6328
vn 0.7509 0.6050 0.2650
vn 0.7511 0.6100 0.2525
vn 0.1612 0.5564 -0.8151
vn 0.1662 0.4883 -0.8567
vn -0.4576 0.3806 0.8036
vn -0.3777 0.1760 0.9090
vn 0.3443 -0.7648 0.5445
vn 0.7111 -0.6266 -0.3189
vn -0.3114 0.1291 0.9415
vn -0.0379 0.7550 0.6546
vn 0.1135 0.2125 0.9705
vn -0.2841 0.3662 0.8861
vn 0.2295 0.8669 0.4425
vn -0.0184 -0.0030 0.9998
vn 0.5013 0.5705 0.6506
vn 0.1195 0.2146 0.9694
vn 0.1721 0.4974 0.8503
vn 0.2155 0.5270 0.8221
vn -0.0333 0.4931 0.8693
vn -0.0548 0.2457 0.9678
vn 0.0431 0.3373 0.9404
vn 0.2329 -0.0852 0.9688
vn 0.4022 -0.0009 0.9156
vn 0.4088 -0.0283 0.9122
vn 0.5751 0.3235 0.7514
vn 0.5606 0.3183 0.7644
vn 0.3855 -0.3337 0.8602
vn 0.7203 0.2394 0.6510
vn 0.5107 -0.2804 0.8128
vn 0.8913 0.1898 0.4118
vn 0.4599 -0.4982 0.7351
vn 0.7477 0.1267 0.6518
vn 0.8185 0.1401 0.5572
vn 0.8518 0.3141 0.4193
vn 0.6783 0.6372 0.3659
vn 0.6881 -0.4139 0.5960
vn 0.9203 -0.0093 0.3910
vn 0.9205 -0.0092 0.3905
vn 0.9231 -0.0077 0.3845
vn 0.9233 -0.0075 0.3840
vn 0.9506 0.2697 0.1536
vn 0.6691 -0.4721 0.5740
vn 0.9645 -0.1912 0.1820
vn 0.6260 -0.2156 0.7494
vn 0.5981 -0.2073 0.7741
vn 0.4582 -0.0408 0.8879
vn 0.9527 0.2470 0.1774
vn 0.9160 0.3205 0.2412
vn 0.9094 0.3172 0.2690
vn 0.2688 0.1446 0.9523
vn 0.5495 0.7526 0.3627
vn 0.5872 0.7440 0.3189
vn -0.4409 0.1026 0.8917
vn 0.4854 0.0773 -0.8709
vn 0.3135 -0.5861 -0.7472
vn -0.7686 0.5357 -0.3496
vn 0.9957 -0.0037 -0.0924
vn 0.8529 0.4835 0.1966
vn 0.8407 0.5271 0.1240
vn 0.8651 0.4758 0.1590
vn 0.5508 -0.8132 -0.1881
vn 0.4479 -0.8578 -0.2520
vn 0.4510 -0.8544 -0.2580
vn 0.4440 -0.8571 -0.2613
vn 0.6767 -0.6974 -0.2361
vn 0.9913 -0.1068 -0.0766
vn 0.8031 0.5702 0.1729
vn 0.9997 -0.0234 0.0107
vn 0.4472 -0.8579 -0.2531
vn 0.4428 -0.8569 -0.2639
vn 0.3057 -0.8649 -0.3980
vn -0.8995 -0.4343 -0.0468
vn -0.8636 -0.4627 -0.2002
vn -0.8098 -0.5340 -0.2429
vn -0.6330 -0.7718 0.0600
vn -0.6840 -0.5352 -0.4957
vn -0.6420 -0.7667 -0.0076
vn -0.6365 -0.4181 -0.6481
vn -0.4446 -0.4091 -0.7969
vn -0.4596 -0.3133 -0.8310
vn -0.2754 -0.2032 -0.9396
vn -0.1183 -0.2126 -0.9699
vn -0.0439 -0.1703 -0.9844
vn 0.0016 -0.3735 -0.9276
vn -0.4337 -0.8500 -0.2991
vn -0.4649 -0.7455 -0.4775
vn -0.2996 -0.6970 -0.6515
vn -0.0000 -0.9708 -0.2400
vn 0.0880 -0.8488 -0.5213
vn 0.0093 -1.0000 0.0011
vn 0.1380 -0.9900 0.0301
vn -0.0544 -0.9391 -0.3393
vn -0.3200 -0.8874 0.3318
vn -0.8190 -0.5731 0.0282
vn 0.3549 -0.9348 0.0131
vn 0.4929 -0.8679 -0.0613
vn 0.6651 -0.7369 -0.1204
vn 0.2680 -0.6290 -0.7297
vn 0.2610 -0.7546 -0.6020
vn 0.4905 -0.4696 -0.7341
vn 0.6781 -0.6544 -0.3346
vn 0.7791 -0.4728 -0.4117
vn 0.9387 -0.3235 -0.1190
vn 0.7704 -0.4383 -0.4629
vn -0.3140 -0.4698 -0.8250
vn -0.0870 -0.4468 -0.8904
vn -0.5919 -0.2149 -0.7768
vn -0.7105 -0.3389 -0.6168
vn -0.7045 -0.3207 -0.6332
vn 0.2834 0.1946 -0.9391
vn -0.6949 0.1480 -0.7038
vn -0.5916 -0.1124 -0.7983
vn -0.7836 -0.4708 -0.4054
vn -0.4764 -0.7201 -0.5045
vn -0.4334 -0.6773 -0.5945
vn -0.4716 -0.7858 -0.4001
vn 0.9521 -0.2565 -0.1668
vn 0.6245 0.7672 -0.1460
vn -0.5084 -0.5635 -0.6511
vn 0.9868 0.1403 -0.0812
vn 0.5068 0.8549 0.1107
vn 0.8005 0.5974 -0.0480
vn -0.1110 0.9849 -0.1328
vn -0.1111 0.9849 -0.1328
vn -0.3714 -0.9280 -0.0289
vn 0.4952 -0.3475 0.7963
vn 0.7620 0.0258 0.6471
vn 0.6173 0.7696 0.1632
vn -0.7461 -0.1063 -0.6573
vn -0.9076 -0.3394 -0.2471
vn 0.6392 0.6993 -0.3200
vn 0.6390 0.6995 -0.3198
vn 0.6497 0.5837 -0.4870
vn -0.8034 -0.5142 -0.3003
vn -0.6627 -0.5361 -0.5229
vn -0.6562 -0.5440 -0.5230
vn -0.6625 -0.5369 -0.5224
vn -0.2960 -0.9537 -0.0531
vn -0.3180 -0.9356 -0.1531
vn 0.7690 0.6371 0.0526
vn 0.8050 0.5918 0.0421
vn 0.8594 0.5054 0.0772
vn 0.1292 -0.9165 0.3785
vn 0.7642 -0.5694 0.3030
vn 0.8954 0.4124 0.1681
vn 0.9742 0.1998 -0.1048
vn 0.9977 0.0591 0.0336
vn 0.6796 0.7181 0.1499
vn 0.9898 0.1398 0.0281
vn 0.6532 0.3832 0.6531
vn 0.0839 -0.1415 0.9864
vn -0.6341 0.1501 -0.7585
vn -0.6581 -0.5671 -0.4953
vn -0.6632 -0.5361 -0.5222
vn 0.5021 0.0094 0.8648
vn -0.0369 -0.3865 0.9216
vn 0.1640 -0.1652 0.9725
vn -0.0357 -0.9538 -0.2984
vn -0.0245 -0.9756 -0.2181
vn 0.4951 -0.0356 0.8681
vn 0.8370 -0.4808 -0.2615
vn 0.9532 -0.2182 -0.2094
vn 0.9359 -0.3026 -0.1804
vn 0.5137 -0.8215 -0.2473
vn 0.8149 -0.5265 -0.2423
vn 0.6763 -0.6434 -0.3586
vn 0.6258 -0.7089 -0.3254
vn 0.8380 -0.4996 -0.2192
vn -0.2835 -0.3332 0.8992
vn 0.0476 -0.3339 0.9414
vn -0.0864 0.4932 0.8656
vn 0.7839 -0.2601 0.5638
vn 0.3583 0.2360 0.9033
vn 0.4891 -0.3704 0.7896
vn 0.5057 -0.3947 0.7671
vn 0.8761 -0.3444 0.3373
vn 0.5270 -0.3590 0.7703
vn 0.9053 -0.1828 0.3835
vn 0.9016 -0.3062 0.3057
vn -0.6169 0.6976 0.3644
vn 0.5786 0.1917 0.7928
vn -0.1393 0.5605 0.8163
vn -0.6128 0.6829 0.3975
vn -0.6589 0.6205 0.4253
vn -0.4573 0.7424 0.4896
vn 0.5952 0.2835 0.7519
vn 0.0335 0.5846 0.8107
vn 0.5340 0.3742 0.7581
vn -0.4699 0.7195 0.5115
vn -0.4762 0.7158 0.5107
vn -0.4774 0.7151 0.5105
vn 0.9402 -0.1568 0.3022
vn -0.4700 0.7202 0.5103
vn 0.5901 0.5436 0.5969
vn 0.9147 0.1305 0.3825
vn 0.9620 -0.2664 0.0596
vn 0.9558 -0.2891 -0.0537
vn 0.8477 -0.5226 -0.0907
vn 0.9108 -0.3954 -0.1191
vn 0.8014 -0.1387 0.5819
vn 0.3677 0.1566 0.9167
vn 0.5824 0.1688 0.7952
vn 0.5575 0.5546 0.6178
vn 0.6318 -0.6825 0.3676
vn 0.7601 -0.3179 0.5666
vn 0.1957 -0.6853 0.7015
vn 0.5656 -0.7947 0.2203
vn -0.1108 -0.8864 0.4495
vn 0.0831 -0.9937 0.0749
vn -0.0479 -0.9984 -0.0303
vn 0.8057 -0.5868 0.0813
vn 0.3950 -0.9183 0.0273
vn 0.3804 -0.9241 0.0369
vn 0.4068 -0.9032 0.1371
vn 0.7579 -0.6249 0.1875
vn 0.8574 0.0204 0.5143
vn 0.9065 -0.1487 0.3952
vn 0.3710 0.5145 0.7731
vn 0.7484 0.3150 0.5837
vn 0.7502 0.2972 0.5907
vn 0.9206 -0.2732 0.2792
vn 0.9795 -0.0523 -0.1946
vn 0.9688 0.0776 -0.2352
vn 0.6719 0.6017 0.4319
vn 0.9988 -0.0344 0.0359
vn 0.9965 0.0045 0.0840
vn 0.2783 0.2637 -0.9236
vn 0.2738 0.2716 -0.9227
vn 0.2737 0.2716 -0.9226
vn 0.9875 -0.1576 0.0108
vn 0.9092 -0.3943 -0.1338
vn 0.9151 -0.3812 -0.1313
vn 0.9651 0.2155 0.1491
vn 0.9846 0.1321 0.1146
vn 0.9910 -0.0221 0.1317
vn 0.8378 0.4888 0.2433
vn 0.9718 0.1820 0.1500
vn 0.2648 0.4221 -0.8670
vn 0.7795 0.2379 -0.5794
vn 0.9563 0.2742 -0.1012
vn 0.9826 0.0002 0.1859
vn 0.9557 0.1768 0.2354
vn 0.9771 -0.1161 0.1783
vn 0.7834 0.3401 -0.5202
vn 0.9759 -0.1561 0.1524
vn 0.9530 0.0917 -0.2888
vn 0.9311 0.0531 -0.3609
vn 0.7229 0.2598 -0.6402
vn 0.2717 0.3690 -0.8888
vn 0.3678 0.4963 -0.7863
vn 0.3674 0.4962 -0.7866
vn 0.2498 0.4360 -0.8646
vn 0.6351 0.3349 -0.6961
vn 0.9995 0.0183 0.0275
vn 0.3266 -0.4173 0.8481
vn 0.6034 0.2772 -0.7477
vn 0.3612 0.3142 -0.8779
vn 0.3603 0.3147 -0.8781
vn 0.3624 0.3133 -0.8778
vn 0.3531 0.3188 -0.8796
vn 0.3192 0.7748 0.5458
vn -0.1646 -0.2616 0.9510
vn -0.3276 0.1294 0.9359
vn -0.3876 0.7057 0.5931
vn -0.4346 0.7196 0.5415
vn 0.4327 0.5278 -0.7309
vn 0.0812 0.9002 -0.4278
vn 0.5719 0.3222 -0.7544
vn 0.7172 -0.5486 -0.4297
vn 0.7144 -0.2940 -0.6350
vn 0.7345 -0.6519 -0.1884
vn 0.9782 -0.2079 -0.0003
vn 0.8877 -0.4475 -0.1087
vn 0.8613 -0.4947 -0.1163
vn 0.9846 -0.1730 0.0261
vn 0.7252 0.6448 0.2417
vn 0.6950 0.6819 0.2282
vn 0.7259 0.6444 0.2406
vn 0.2731 0.2724 -0.9226
vn 0.6827 0.1476 -0.7156
vn 0.3191 -0.4015 0.8585
vn 0.0373 -0.3393 0.9399
vn 0.6474 0.1749 0.7418
vn -0.4307 -0.8613 -0.2696
vn -0.6016 -0.7840 -0.1531
vn -0.4499 -0.8419 -0.2979
vn -0.0661 -0.9959 -0.0615
vn -0.0668 -0.9958 -0.0620
vn -0.0642 -0.9961 -0.0600
vn -0.2861 -0.9551 -0.0767
vn 0.5088 -0.8395 -0.1904
vn 0.4596 -0.8450 -0.2734
vn 0.3877 -0.9051 -0.1748
vn -0.0634 -0.9962 -0.0594
vn -0.7539 -0.6049 -0.2563
vn -0.3156 -0.9361 -0.1554
vn -0.3376 -0.8895 -0.3080
vn -0.7348 -0.5274 -0.4266
vn -0.7943 -0.5124 -0.3266
vn -0.1658 -0.9124 -0.3741
vn -0.2677 -0.8950 -0.3569
vn -0.8219 -0.4575 -0.3394
vn -0.4333 -0.0013 -0.9013
vn 0.2436 0.5230 -0.8167
vn 0.2796 0.3856 -0.8793
vn 0.5554 0.0821 -0.8275
vn 0.2109 0.3328 -0.9191
vn 0.6600 0.2327 -0.7143
vn 0.8649 0.3034 -0.3999
vn 0.2755 0.3808 -0.8827
vn 0.2205 0.3973 -0.8908
vn 0.3077 0.7925 -0.5267
vn 0.7500 0.6512 -0.1159
vn 0.7940 0.4097 -0.4491
vn 0.7579 0.6440 -0.1037
vn 0.6993 0.6470 0.3040
vn 0.8379 0.5383 0.0903
vn 0.2840 0.9538 0.0980
vn 0.9775 0.1943 -0.0823
vn 0.9422 0.2300 0.2436
vn 0.9239 0.1762 0.3397
vn 0.6933 0.3985 0.6004
vn 0.7127 0.5063 0.4855
vn 0.6120 0.5621 0.5564
vn 0.8306 0.2689 0.4876
vn 0.7579 0.3783 0.5315
vn 0.2927 0.8831 0.3667
vn 0.6509 0.4477 0.6131
vn 0.7499 0.3707 0.5479
vn 0.7135 0.5568 0.4253
vn 0.5531 0.6553 0.5144
vn 0.8983 0.3384 0.2803
vn 0.6285 0.6483 0.4298
vn 0.6728 0.6217 0.4010
vn 0.8026 0.4528 0.3884
vn 0.5639 0.6362 0.5266
vn 0.8481 0.4276 0.3129
vn 0.9758 -0.0085 0.2186
vn 0.9076 0.2841 0.3092
vn 0.9802 -0.1211 0.1569
vn 0.8073 0.5235 0.2724
vn 0.9535 -0.0991 0.2846
vn 0.7962 -0.5958 0.1055
vn 0.7977 -0.5939 0.1043
vn 0.7958 -0.5962 0.1056
vn 0.5045 -0.8567 0.1075
vn 0.4245 -0.8908 0.1621
vn 0.4008 -0.9051 0.1418
vn 0.1283 -0.9899 0.0597
vn 0.4017 -0.9141 0.0563
vn 0.4300 -0.8939 -0.1269
vn 0.5138 -0.8576 -0.0222
vn 0.4967 -0.8598 -0.1188
vn 0.4566 -0.8782 -0.1427
vn 0.3602 -0.3907 0.8471
vn 0.3600 -0.3877 0.8486
vn 0.3602 -0.3891 0.8478
vn 0.7642 -0.3137 0.5636
vn 0.7630 -0.3109 0.5667
vn 0.7644 -0.3141 0.5630
vn 0.8757 -0.1938 0.4423
vn 0.4478 -0.4628 -0.7650
vn 0.7465 0.5901 0.3075
vn 0.9892 0.0800 0.1225
vn 0.9787 0.0535 0.1981
vn 0.6870 0.6101 0.3947
vn 0.6906 0.6015 0.4017
vn 0.6903 0.6024 0.4007
vn 0.6863 0.6111 0.3943
vn 0.9996 -0.0297 -0.0036
vn 0.7733 -0.5127 0.3729
vn 0.6976 0.3936 0.5987
vn -0.1949 -0.2938 0.9358
vn -0.2502 -0.3025 0.9197
vn 0.9849 -0.0304 0.1706
vn 0.9842 -0.0357 0.1737
vn 0.9850 -0.0294 0.1700
vn 0.9839 -0.0372 0.1748
vn 0.4626 -0.8706 -0.1678
vn 0.9383 -0.3427 0.0450
vn 0.6183 -0.7859 -0.0006
vn -0.0027 -0.3176 0.9482
vn 0.0081 -0.3131 0.9497
vn -0.0020 -0.3169 0.9485
vn 0.9952 0.0821 0.0529
vn 0.6475 -0.6987 0.3042
vn 0.0013 -0.3088 0.9511
vn 0.0030 -0.3089 0.9511
vn 0.0104 -0.3123 0.9499
vn -0.0044 -0.3086 0.9512
vn 0.0293 -0.3177 0.9477
vn 0.4037 -0.2418 0.8823
vn 0.4052 -0.2404 0.8820
vn 0.4039 -0.2418 0.8823
vn 0.4056 -0.2400 0.8820
vn 0.5050 0.0466 0.8619
vn 0.4406 -0.0018 0.8977
vn 0.8864 -0.0785 0.4563
vn 0.9340 -0.2087 0.2898
vn -0.3138 0.6051 0.7317
vn 0.9428 0.0641 -0.3273
vn 0.0679 0.9823 0.1747
vn 0.0688 0.9823 0.1743
vn 0.0673 0.9822 0.1751
vn 0.0658 0.9822 0.1760
vn 0.6955 0.7016 0.1552
vn 0.0639 0.9298 -0.3625
vn 0.7454 0.4907 0.4513
vn 0.1895 0.8479 -0.4951
vn 0.0318 0.8230 -0.5671
vn 0.9510 -0.3060 -0.0443
vn 0.9951 -0.0982 0.0087
vn 0.9925 -0.0558 0.1087
vn 0.8930 -0.3969 -0.2124
vn 0.8922 -0.3969 -0.2157
vn 0.8926 -0.3965 -0.2145
vn 0.5196 0.5055 -0.6888
vn 0.3976 0.5093 -0.7632
vn 0.7442 0.4157 -0.5228
vn 0.9138 0.2846 -0.2897
vn 0.8880 0.3173 0.3328
vn 0.9598 -0.0537 -0.2754
vn 0.8990 -0.2542 -0.3566
vn 0.9684 0.0847 -0.2346
vn 0.7382 0.2971 -0.6057
vn 0.9065 -0.1175 -0.4055
vn 0.8748 -0.0852 -0.4769
vn 0.8773 -0.0815 -0.4730
vn 0.8770 -0.0818 -0.4735
vn 0.8773 -0.0812 -0.4729
vn 0.9685 -0.0020 0.2490
vn 0.6708 -0.5342 0.5145
vn 0.4960 -0.3081 0.8118
vn 0.7268 -0.5527 0.4078
vn 0.9707 -0.0197 0.2394
vn 0.2091 0.7944 0.5702
vn 0.2852 0.8926 0.3491
vn 0.3961 0.8400 0.3707
vn 0.3676 0.9226 0.1168
vn 0.4196 -0.0349 0.9070
vn 0.3463 0.9306 0.1187
vn 0.4414 0.7457 0.4991
vn 0.4781 0.7552 0.4485
vn 0.6753 0.6194 0.4004
vn 0.6761 0.6899 0.2588
vn 0.5892 0.6189 0.5194
vn 0.3925 0.7648 0.5108
vn 0.3918 0.7604 0.5180
vn 0.3924 0.7645 0.5114
vn 0.5959 0.6736 0.4372
vn 0.6518 0.6571 0.3787
vn 0.6244 0.7215 0.2991
vn 0.8042 0.5672 0.1776
vn 0.8561 0.5079 0.0962
vn 0.8575 0.5053 0.0962
vn 0.8616 0.4984 0.0964
vn 0.9590 0.2835 -0.0055
vn 0.9860 0.1665 -0.0017
vn 0.9928 -0.0644 -0.1005
vn 0.9862 -0.1343 -0.0968
vn 0.8554 -0.4481 -0.2597
vn 0.9293 -0.3275 -0.1708
vn 0.8734 -0.4442 -0.1995
vn 0.9824 -0.1373 -0.1264
vn 0.8776 -0.3989 -0.2658
vn 0.9719 0.1461 -0.1844
vn 0.9764 0.2018 -0.0773
vn 0.9264 0.3670 0.0845
vn 0.9860 0.0826 0.1451
vn 0.8950 0.3340 0.2957
vn 0.7561 0.3792 0.5334
vn 0.8823 0.4201 0.2123
vn 0.6581 0.6109 0.4401
vn 0.2090 0.2622 -0.9421
vn -0.7811 0.5659 0.2638
vn -0.4474 0.8755 -0.1825
vn -0.3304 0.9041 -0.2709
vn -0.8548 0.5181 -0.0308
vn -0.8060 0.5909 0.0351
vn -0.8958 0.4303 -0.1115
vn -0.5462 0.7728 -0.3231
vn -0.9069 0.4169 0.0608
vn -0.8607 0.5089 0.0112
vn -0.0638 0.9548 -0.2902
vn 0.2433 0.8913 -0.3826
vn -0.4652 0.7894 -0.4005
vn 0.6879 0.6628 -0.2957
vn -0.0699 0.9657 -0.2502
vn -0.2795 0.9522 -0.1231
vn 0.7411 0.6483 -0.1747
vn 0.2796 0.8318 -0.4796
vn 0.0868 0.8453 -0.5272
vn 0.6815 0.6173 -0.3929
vn 0.7125 0.6176 -0.3330
vn -0.6733 0.6898 -0.2661
vn -0.8940 0.4403 0.0832
vn -0.8561 0.3540 0.3765
vn -0.8573 0.3375 0.3886
vn -0.7477 0.5497 0.3726
vn -0.4238 0.8880 -0.1784
vn -0.7533 0.5305 0.3887
vn -0.2568 0.9522 0.1657
vn -0.6869 0.3597 0.6315
vn -0.2773 0.9181 0.2833
vn -0.6876 0.4433 0.5750
vn -0.4500 0.4667 0.7614
vn -0.3377 0.6056 0.7205
vn -0.3182 0.5487 0.7731
vn -0.3799 0.5136 0.7693
vn -0.1532 0.4128 0.8978
vn -0.3969 0.4596 0.7945
vn -0.4453 0.4189 0.7913
vn -0.3670 0.8070 0.4627
vn -0.2041 0.6946 0.6898
vn -0.1279 0.7896 0.6001
vn 0.0643 0.5319 0.8444
vn -0.1185 0.3763 0.9189
vn -0.1649 0.2659 0.9498
vn 0.2966 0.6343 0.7139
vn 0.1228 0.3085 0.9433
vn 0.1636 0.4982 0.8515
vn 0.5354 0.6083 0.5859
vn 0.4627 0.5096 0.7255
vn -0.3994 0.3306 0.8551
vn -0.5353 0.3981 0.7450
vn -0.3081 0.5842 0.7508
vn -0.6343 0.4682 0.6152
vn -0.5813 0.3008 0.7560
vn -0.7052 0.1795 0.6859
vn -0.1616 0.8980 0.4093
vn 0.0011 0.8984 0.4391
vn -0.0264 0.8026 0.5959
vn -0.1940 0.9283 0.3172
vn 0.0357 0.9965 0.0758
vn 0.7313 0.6676 -0.1398
vn 0.8189 0.4365 -0.3726
vn 0.8190 0.4364 -0.3726
vn 0.8188 0.4367 -0.3727
vn 0.6023 0.7724 -0.2014
vn 0.5111 0.7784 -0.3645
vn 0.3713 0.9241 0.0902
vn 0.1479 0.7158 0.6824
vn 0.6143 0.6019 -0.5102
vn 0.5410 0.5041 -0.6732
vn 0.5986 0.5385 -0.5930
vn 0.4972 0.8600 -0.1148
vn -0.3662 0.6431 0.6726
vn -0.3970 0.7002 0.5934
vn -0.3963 0.7011 0.5928
vn -0.3928 0.7073 0.5878
vn -0.6274 0.7718 0.1038
vn -0.5916 0.8061 -0.0113
vn -0.5424 0.7144 0.4421
vn -0.6142 0.7891 -0.0077
vn -0.5984 0.7989 -0.0609
vn -0.4848 0.8373 0.2527
vn -0.2176 0.9295 0.2977
vn -0.5502 0.7317 -0.4024
vn -0.5799 0.6003 -0.5508
vn -0.5808 0.6412 -0.5014
vn -0.4688 0.5015 -0.7272
vn -0.5560 0.6260 -0.5467
vn -0.5323 0.6313 -0.5641
vn -0.5550 0.6611 -0.5050
vn -0.0860 -0.9450 -0.3156
vn -0.4359 0.8369 0.3312
vn 0.1968 0.2331 -0.9523
vn 0.2026 0.2337 -0.9510
vn 0.2038 0.2339 -0.9507
vn -0.0367 -0.4264 -0.9038
vn -0.0436 -0.3298 -0.9431
vn 0.3171 -0.6000 -0.7345
vn 0.2913 -0.6692 -0.6836
vn 0.2915 -0.6693 -0.6835
vn 0.2914 -0.6692 -0.6836
vn 0.2452 -0.9326 -0.2650
vn 0.1877 -0.9488 -0.2540
vn 0.7598 -0.1085 -0.6410
vn 0.2310 -0.5723 -0.7868
vn 0.1956 0.2330 -0.9526
vn 0.2373 0.0276 -0.9710
vn 0.4495 -0.7653 -0.4607
vn 0.7699 -0.2644 -0.5808
vn 0.2224 -0.9741 -0.0415
vn 0.2916 -0.6693 -0.6834
vn -0.1521 -0.3231 -0.9341
vn -0.1975 -0.3783 -0.9044
vn 0.3019 0.0695 -0.9508
vn -0.0097 -0.5278 -0.8493
vn 0.3392 0.0142 -0.9406
vn 0.0997 -0.5971 -0.7959
vn 0.5794 -0.1186 -0.8064
vn 0.5795 -0.1189 -0.8063
vn 0.5839 -0.7169 -0.3809
vn 0.4649 -0.8332 -0.2995
vn 0.1959 -0.9804 -0.0198
vn 0.8186 -0.1966 -0.5397
vn 0.8232 -0.2492 -0.5101
vn 0.6177 -0.7022 -0.3541
vn 0.6114 -0.6319 -0.4763
vn 0.7227 -0.4902 -0.4872
vn 0.5964 -0.7596 -0.2594
vn -0.8776 -0.3730 -0.3010
vn -0.7797 -0.3281 -0.5333
vn 0.2636 -0.5637 -0.7828
vn 0.7000 0.1155 -0.7048
vn 0.4392 -0.8919 -0.1083
vn 0.4415 -0.8909 -0.1072
vn 0.4359 -0.8936 -0.1076
vn 0.5924 0.4133 -0.6916
vn 0.5922 0.4132 -0.6918
vn 0.8060 -0.2115 -0.5529
vn 0.8401 -0.2264 -0.4929
vn 0.7970 -0.2677 -0.5414
vn 0.8034 -0.4234 -0.4188
vn 0.9251 -0.2656 -0.2714
vn 0.5926 0.4135 -0.6913
vn 0.4344 -0.8941 -0.1088
vn 0.4344 -0.8940 -0.1099
vn 0.5314 -0.8452 -0.0573
vn 0.7426 0.3102 -0.5936
vn 0.7506 0.0533 -0.6586
vn 0.6900 -0.7200 -0.0742
vn 0.8751 -0.2337 -0.4238
vn 0.8865 -0.2075 -0.4135
vn 0.8421 0.1732 -0.5108
vn 0.8420 0.1735 -0.5108
vn 0.8669 -0.4983 0.0146
vn 0.9067 -0.1756 -0.3836
vn 0.9120 -0.1625 -0.3766
vn 0.9645 -0.2296 -0.1306
vn 0.9302 -0.0959 -0.3543
vn 0.5208 -0.8100 0.2697
vn 0.1482 -0.8737 0.4634
vn 0.1977 -0.8537 0.4818
vn 0.6423 0.7388 0.2040
vn 0.8515 -0.4817 -0.2071
vn 0.8350 -0.4744 -0.2787
vn 0.7543 -0.6418 -0.1382
vn 0.9241 0.1708 0.3418
vn 0.7624 -0.6102 -0.2154
vn 0.3010 -0.8105 0.5025
vn 0.5793 -0.4926 -0.6494
vn 0.6238 -0.4075 -0.6670
vn 0.8729 -0.4243 -0.2409
vn 0.1600 -0.8468 0.5073
vn 0.7001 -0.2870 -0.6538
vn 0.8294 -0.0994 -0.5497
vn 0.5016 -0.8117 0.2991
vn 0.5014 -0.8119 0.2991
vn 0.3382 -0.8907 0.3037
vn 0.7995 -0.2142 -0.5611
vn 0.4833 -0.7763 0.4046
vn 0.2126 -0.8746 0.4359
vn -0.7321 -0.1178 0.6709
vn -0.7125 -0.0961 0.6951
vn -0.6858 -0.1500 0.7122
vn -0.0124 0.4904 0.8714
vn -0.1410 0.0579 0.9883
vn -0.1886 0.2469 0.9505
vn -0.1676 0.0152 0.9857
vn 0.0006 -0.1688 0.9856
vn 0.1265 0.1989 0.9718
vn -0.0510 0.4719 0.8802
vn -0.1432 0.3996 0.9054
vn -0.0898 0.2442 0.9656
vn -0.1188 0.4790 0.8697
vn 0.2527 0.7974 0.5480
vn 0.3831 0.9143 0.1318
vn 0.4509 0.6797 -0.5786
vn 0.1316 0.3001 0.9448
vn 0.5197 0.3233 0.7908
vn 0.5196 0.8230 -0.2293
vn 0.5196 0.5528 0.6515
vn 0.6136 0.6565 0.4388
vn 0.6896 0.7002 -0.1850
vn 0.6894 0.7003 -0.1853
vn 0.6896 0.7002 -0.1848
vn 0.6374 0.5875 0.4986
vn 0.8004 0.3845 -0.4600
vn 0.5621 0.4960 -0.6618
vn 0.5460 0.5180 -0.6585
vn -0.1303 0.5292 0.8384
vn -0.0252 0.5004 0.8654
vn -0.3922 0.7085 0.5867
vn -0.1197 0.5082 0.8529
vn -0.1196 0.5082 0.8529
vn -0.2211 0.7322 0.6442
vn -0.3828 0.9145 -0.1309
vn -0.1323 0.8073 0.5751
vn 0.0625 0.5582 0.8273
vn -0.0008 0.5264 0.8503
vn 0.0002 0.5185 0.8551
vn 0.0003 0.5177 0.8556
vn 0.0005 0.5161 0.8565
vn 0.1062 0.5168 0.8495
vn 0.2448 0.4553 0.8560
vn -0.2026 0.4953 0.8448
vn 0.3487 0.3660 0.8628
vn 0.0488 0.5165 0.8549
vn 0.7027 0.3908 -0.5945
vn 0.9401 0.3346 0.0646
vn 0.8879 0.2749 -0.3688
vn 0.9291 0.2611 -0.2620
vn 0.9293 0.2591 -0.2633
vn 0.9299 0.2515 -0.2684
vn 0.6453 0.1370 0.7515
vn 0.5335 0.3013 0.7903
vn 0.6425 0.1716 0.7468
vn 0.6060 0.1040 0.7886
vn 0.2313 0.1019 0.9675
vn 0.6718 -0.0121 0.7407
vn 0.5843 0.1097 0.8041
vn 0.7356 -0.0864 0.6719
vn 0.5207 0.0271 0.8533
vn 0.5704 0.7355 -0.3656
vn 0.5615 0.8263 -0.0434
vn 0.3325 0.5811 0.7428
vn 0.4002 0.2177 0.8902
vn 0.3243 0.3014 0.8966
vn 0.5832 0.8103 -0.0567
vn 0.5926 0.8002 -0.0924
vn 0.7190 0.6927 -0.0565
vn 0.6191 0.5392 0.5710
vn 0.4437 0.4046 0.7996
vn 0.8214 0.4858 0.2988
vn 0.8157 0.4272 -0.3900
vn 0.8857 0.3797 -0.2672
vn 0.7667 0.3908 0.5095
vn 0.9357 0.3161 0.1568
vn 0.5642 0.3085 0.7658
vn 0.9522 0.2941 -0.0824
vn 0.7866 0.4700 0.4004
vn 0.7904 0.5549 0.2595
vn 0.8223 -0.4170 -0.3871
vn 0.8226 -0.4167 -0.3869
vn 0.4428 -0.6234 -0.6444
vn 0.8375 0.4596 0.2955
vn 0.7750 0.5511 0.3092
vn 0.7804 0.6247 0.0286
vn 0.7806 0.6244 0.0287
vn 0.7800 0.6252 0.0279
vn 0.4338 -0.6023 -0.6701
vn 0.5370 -0.6652 -0.5189
vn 0.4994 -0.7235 -0.4766
vn 0.5108 -0.6676 -0.5417
vn 0.5357 -0.7555 -0.3773
vn 0.5138 -0.7538 -0.4097
vn 0.5137 -0.7539 -0.4096
vn 0.5135 -0.7542 -0.4093
vn 0.7701 0.6177 0.1596
vn 0.7717 0.6333 0.0579
vn 0.7793 0.6260 0.0271
vn 0.8223 0.5684 -0.0276
vn 0.5140 -0.7535 -0.4100
vn 0.7863 0.5691 0.2406
vn 0.6699 -0.6431 -0.3711
vn 0.4622 -0.8423 -0.2772
vn 0.4618 -0.8394 -0.2865
vn 0.4624 -0.8424 -0.2766
vn 0.8376 -0.4255 -0.3427
vn 0.8984 -0.3320 -0.2875
vn 0.7784 -0.4332 -0.4543
vn 0.6872 -0.5326 -0.4941
vn 0.6271 -0.5622 -0.5392
vn 0.8687 -0.0481 -0.4931
vn 0.8698 -0.0476 -0.4911
vn 0.8643 -0.0501 -0.5005
vn 0.4942 -0.8199 0.2891
vn 0.8639 -0.0504 -0.5011
vn 0.8870 -0.1341 -0.4419
vn 0.7926 -0.3881 -0.4702
vn 0.6735 -0.6935 0.2559
vn 0.8868 0.0727 -0.4565
vn 0.6511 -0.7338 0.1940
vn 0.9430 0.0894 -0.3206
vn 0.9878 -0.1088 -0.1112
vn 0.9675 -0.2459 -0.0590
vn 0.6953 -0.7126 -0.0939
vn 0.9190 -0.1900 -0.3456
vn 0.9456 0.1007 -0.3093
vn 0.9136 -0.4065 -0.0140
vn 0.7752 -0.6317 -0.0026
vn 0.7766 -0.6300 -0.0032
vn 0.7797 -0.6262 -0.0045
vn 0.7822 -0.5243 -0.3365
vn 0.6149 -0.7534 -0.2330
vn 0.5411 -0.7950 -0.2741
vn 0.5452 -0.8239 -0.1548
vn 0.8609 -0.1489 -0.4866
vn 0.5525 -0.8317 -0.0559
vn 0.7810 -0.6245 -0.0051
vn 0.9016 -0.2665 -0.3408
vn 0.9313 -0.1530 -0.3307
vn 0.5319 -0.8407 -0.1015
vn 0.6258 -0.7767 -0.0721
vn 0.2222 -0.9650 0.1394
vn 0.3788 -0.8342 -0.4007
vn 0.5075 -0.8197 -0.2656
vn 0.5074 -0.8195 -0.2663
vn 0.5075 -0.8199 -0.2650
vn 0.5075 -0.8199 -0.2648
vn 0.1093 -0.9735 0.2011
vn 0.9513 -0.3033 -0.0556
vn 0.9414 0.2189 -0.2565
vn 0.9433 0.2530 -0.2150
vn 0.9089 0.1782 -0.3770
vn 0.9087 0.1791 -0.3771
vn 0.9078 0.1869 -0.3755
vn 0.9076 0.1889 -0.3750
vn 0.7947 -0.5739 0.1974
vn 0.7942 -0.5743 0.1986
vn 0.7928 -0.5750 0.2019
vn 0.7925 -0.5751 0.2029
vn 0.9176 0.2962 -0.2652
vn 0.9571 0.2742 -0.0933
vn 0.9095 -0.4083 0.0775
vn 0.9623 -0.2708 -0.0244
vn 0.5855 -0.8086 0.0579
vn 0.5782 -0.8069 0.1211
vn 0.9727 -0.1321 -0.1906
vn 0.9815 -0.0414 -0.1871
vn 0.6622 -0.7459 0.0712
vn 0.6600 -0.7151 0.2300
vn 0.8871 -0.4512 0.0972
vn 0.9793 -0.1991 -0.0357
vn 0.8267 -0.5493 0.1214
vn 0.8656 -0.4646 0.1867
vn 0.9365 -0.2022 0.2866
vn 0.8178 0.5662 0.1029
vn 0.6461 0.6106 0.4579
vn 0.1390 0.9062 -0.3994
vn 0.1388 0.9061 -0.3996
vn 0.5526 0.7081 0.4396
vn 0.4785 0.8494 0.2226
vn 0.5195 0.0242 0.8541
vn 0.5454 -0.0491 0.8367
vn 0.4937 0.8441 0.2091
vn 0.6957 0.6519 0.3018
vn 0.7550 0.6168 0.2226
vn 0.8630 0.4960 0.0964
vn 0.7187 0.0412 0.6941
vn 0.8467 0.5245 0.0897
vn 0.8803 0.4718 0.0506
vn 0.8804 0.4722 0.0437
vn 0.8805 0.4720 0.0431
vn 0.8968 -0.2175 0.3853
vn 0.9133 -0.1917 0.3594
vn 0.8664 0.4982 -0.0340
vn 0.8207 -0.3823 0.4246
vn 0.8825 -0.2781 0.3794
vn 0.8171 0.1087 0.5661
vn 0.7754 -0.2422 0.5832
vn 0.6684 -0.5792 -0.4666
vn 0.4639 -0.5529 -0.6922
vn -0.2414 -0.7430 -0.6242
vn -0.4146 -0.0993 -0.9046
vn -0.4516 -0.6413 -0.6203
vn -0.3376 -0.5729 -0.7469
vn -0.0755 -0.6488 -0.7572
vn 0.4253 -0.8977 0.1151
vn 0.3981 -0.7220 -0.5660
vn 0.4052 -0.8850 -0.2291
vn 0.5535 -0.8236 -0.1242
vn 0.9399 -0.3287 -0.0918
vn 0.7070 0.4090 0.5770
vn 0.9552 0.2811 0.0928
vn 0.7776 0.5097 0.3682
vn 0.8164 0.5476 -0.1831
vn 0.2145 -0.5360 -0.8165
vn 0.2631 -0.4398 -0.8587
vn -0.0692 -0.6589 -0.7491
vn 0.0354 -0.6834 -0.7292
vn 0.7595 -0.5829 -0.2887
vn 0.7602 -0.5818 -0.2893
vn 0.7610 -0.5810 -0.2886
vn 0.7599 -0.5848 -0.2839
vn 0.7608 -0.5857 -0.2795
vn 0.6814 -0.3004 -0.6674
vn 0.6812 -0.3010 -0.6674
vn 0.6810 -0.3010 -0.6676
vn 0.6832 -0.2978 -0.6668
vn 0.3822 -0.5286 -0.7580
vn 0.6939 -0.2683 -0.6682
vn 0.4214 -0.5192 -0.7435
vn 0.3058 -0.1619 -0.9382
vn 0.3353 -0.1723 -0.9262
vn 0.9026 -0.0318 -0.4294
vn 0.9400 -0.0127 -0.3409
vn 0.9399 -0.0152 -0.3412
vn 0.9399 -0.0145 -0.3412
vn 0.9396 -0.0106 -0.3422
vn 0.8733 0.3511 0.3377
vn 0.9838 0.0772 0.1619
vn 0.8866 0.1492 0.4378
vn 0.7038 0.0494 0.7087
vn 0.8872 0.3453 0.3061
vn 0.9965 -0.0046 0.0837
vn 0.9990 -0.0448 -0.0014
vn 0.9394 -0.0103 -0.3425
vn 0.6058 -0.1536 -0.7807
vn 0.6325 -0.1578 -0.7583
vn 0.2480 -0.3390 -0.9075
vn 0.6846 -0.2469 -0.6858
vn 0.4722 -0.3811 -0.7949
vn 0.3216 0.7572 0.5685
vn 0.5519 0.6536 -0.5180
vn -0.4082 0.6562 0.6347
vn -0.1567 0.9863 0.0523
vn -0.0443 0.9829 -0.1788
vn 0.0698 0.9296 -0.3619
vn -0.4340 0.6759 0.5956
vn -0.4365 0.6738 0.5962
vn -0.4336 0.6765 0.5952
vn -0.0962 -0.2798 0.9552
vn -0.1426 -0.3009 0.9429
vn -0.3568 0.3419 0.8694
vn -0.4372 0.6733 0.5962
vn -0.3301 0.8509 0.4087
vn -0.3268 0.2843 0.9013
vn 0.2474 -0.6395 0.7279
vn -0.1300 -0.2641 0.9557
vn 0.5035 -0.7993 0.3280
vn 0.5041 -0.7990 0.3278
vn 0.5011 -0.8004 0.3291
vn 0.2501 -0.6807 0.6885
vn -0.1378 -0.2268 0.9641
vn 0.4764 -0.8288 0.2935
vn 0.4808 -0.8103 0.3351
vn 0.2220 -0.6714 0.7070
vn -0.1540 0.9879 0.0193
vn 0.0918 0.9192 -0.3830
vn 0.1023 0.9229 -0.3712
vn 0.0069 0.9793 -0.2021
vn 0.5147 0.5646 -0.6452
vn -0.0251 0.9634 -0.2668
vn 0.4249 0.6468 -0.6333
vn 0.7251 -0.2456 -0.6434
vn 0.6893 -0.3314 -0.6442
vn 0.5625 0.4465 -0.6959
vn 0.6369 0.2438 -0.7314
vn 0.7254 -0.2524 -0.6403
vn 0.7298 -0.2425 -0.6392
vn 0.7263 -0.2505 -0.6401
vn 0.7306 -0.2407 -0.6390
vn 0.6791 -0.2232 -0.6993
vn 0.6757 -0.2247 -0.7021
vn 0.6809 -0.2226 -0.6978
vn -0.7691 -0.5419 -0.3388
vn -0.2540 -0.9040 -0.3438
vn -0.4399 -0.3905 -0.8087
vn -0.2189 -0.5771 -0.7868
vn 0.2261 0.3782 -0.8977
vn 0.2273 0.5479 -0.8051
vn 0.3026 -0.8941 -0.3302
vn -0.0379 -0.9650 -0.2596
vn -0.0382 -0.9650 -0.2596
vn 0.2767 -0.9036 -0.3269
vn -0.2005 -0.8824 -0.4257
vn 0.0730 -0.8626 -0.5006
vn 0.2433 -0.6191 -0.7467
vn 0.5309 -0.0876 -0.8429
vn 0.2365 -0.8600 -0.4521
vn 0.7227 -0.6398 -0.2615
vn 0.6771 -0.5553 -0.4828
vn 0.4777 0.2299 -0.8479
vn 0.2554 -0.4426 -0.8596
vn 0.2938 0.2832 -0.9129
vn 0.3331 -0.5441 -0.7701
vn -0.1188 0.2023 0.9721
vn 0.0856 0.6147 0.7841
vn -0.0838 -0.2542 0.9635
vn -0.0569 0.5427 0.8380
vn -0.2427 0.2297 0.9425
vn -0.3277 0.1657 0.9301
vn 0.2285 0.4523 0.8621
vn 0.1418 0.2871 0.9474
vn 0.2380 0.0633 0.9692
vn 0.2318 0.0960 0.9680
vn 0.2895 0.2423 0.9260
vn 0.6295 0.6868 0.3633
vn 0.7919 0.5252 0.3114
vn 0.7920 0.5253 0.3113
vn 0.7225 0.6445 0.2503
vn 0.5363 0.3369 0.7739
vn 0.3391 0.2572 0.9049
vn 0.6220 0.0695 0.7799
vn 0.7660 0.5281 0.3666
vn 0.5692 -0.2697 0.7767
vn 0.9449 0.2295 0.2335
vn 0.5664 -0.4077 0.7163
vn 0.6400 -0.3940 0.6596
vn 0.7219 -0.3483 0.5979
vn 0.7223 -0.3481 0.5976
vn 0.7192 -0.3481 0.6013
vn 0.7187 -0.3479 0.6021
vn 0.9958 0.0834 0.0376
vn 0.8484 -0.4077 0.3378
vn 0.9726 -0.1509 0.1769
vn 0.6963 -0.6762 0.2408
vn 0.9954 -0.0183 -0.0943
vn 0.9817 -0.1726 -0.0798
vn 0.6054 -0.7605 0.2348
vn 0.5993 -0.7681 0.2255
vn 0.6002 -0.7670 0.2269
vn 0.9999 0.0056 -0.0123
vn 0.7609 -0.5604 0.3270
vn 0.7532 -0.5575 0.3491
vn 1.0000 0.0007 0.0084
vn 0.9992 -0.0370 0.0149
vn 0.9923 0.0621 0.1075
vn 0.7933 -0.4270 0.4341
vn 0.9128 -0.2926 0.2847
vn 0.9995 0.0245 -0.0206
vn 0.5635 -0.7366 0.3740
vn 0.6058 -0.7601 0.2351
vn 0.3055 -0.9168 0.2573
vn 0.2122 -0.9361 0.2805
vn 0.2086 -0.9339 0.2904
vn 0.2096 -0.9344 0.2882
vn 0.4504 -0.8724 -0.1899
vn 0.2131 -0.9368 0.2775
vn 0.5790 -0.7855 -0.2187
vn 0.3191 -0.8840 -0.3417
vn 0.2861 -0.7862 -0.5477
vn 0.2263 -0.6399 -0.7344
vn 0.4217 -0.1963 -0.8852
vn 0.4222 -0.0698 -0.9038
vn 0.1237 -0.7302 -0.6719
vn 0.3235 -0.0009 -0.9462
vn 0.0934 -0.6089 -0.7877
vn -0.0202 -0.5048 -0.8630
vn -0.3780 -0.8282 -0.4137
vn -0.3716 -0.8147 -0.4453
vn -0.0627 -0.5404 -0.8391
vn -0.1572 -0.4941 -0.8551
vn -0.1886 -0.5581 -0.8080
vn -0.0724 -0.3963 -0.9153
vn -0.1965 -0.6071 -0.7699
vn 0.2770 0.1189 -0.9535
vn -0.0578 -0.4315 -0.9003
vn 0.0660 -0.5775 -0.8137
vn 0.1004 -0.6207 -0.7776
vn 0.0671 -0.6032 -0.7948
vn -0.4777 -0.8784 0.0130
vn -0.3013 -0.8822 -0.3618
vn 0.5053 -0.1836 -0.8432
vn 0.5044 -0.4367 -0.7449
vn 0.1808 -0.7518 -0.6341
vn -0.2189 -0.8819 -0.4175
vn -0.1925 -0.8405 -0.5065
vn 0.2012 -0.7858 -0.5848
vn -0.1553 -0.9137 -0.3754
vn 0.0869 -0.9112 -0.4027
vn 0.2871 -0.7994 -0.5278
vn 0.1998 -0.6267 -0.7532
vn 0.2436 -0.6071 -0.7564
vn 0.0808 -0.5039 -0.8600
vn 0.4179 -0.6899 -0.5911
vn 0.3040 -0.7914 -0.5303
vn 0.5220 -0.6350 -0.5694
vn -0.0018 -0.9769 -0.2139
vn 0.2757 -0.9000 -0.3376
vn 0.6201 -0.4210 -0.6620
vn 0.4061 -0.8850 -0.2276
vn 0.4168 -0.9080 -0.0416
vn 0.2939 -0.9140 0.2798
vn 0.2942 -0.9139 0.2797
vn 0.5027 -0.8609 0.0786
vn 0.5622 -0.8134 0.1492
vn 0.6031 -0.6059 0.5188
vn 0.9906 -0.0144 0.1363
vn 0.6471 -0.5962 0.4753
vn 0.8629 -0.3141 0.3958
vn 0.8120 -0.3559 0.4626
vn 0.7880 -0.2078 0.5796
vn 0.7879 -0.2126 0.5779
vn 0.7879 -0.2119 0.5782
vn 0.6723 -0.0288 0.7397
vn 0.6456 0.0653 0.7609
vn 0.5817 -0.1666 0.7961
vn 0.7880 -0.2072 0.5797
vn 0.8216 -0.2770 0.4983
vn -0.1079 -0.7948 0.5972
vn 0.0336 -0.6758 0.7363
vn -0.0518 -0.7070 0.7053
vn 0.5949 -0.4818 0.6434
vn 0.5829 -0.7068 0.4009
vn 0.5829 -0.7069 0.4007
vn 0.5855 -0.7038 0.4022
vn 0.7858 -0.5808 0.2126
vn 0.3676 -0.8850 0.2859
vn 0.1760 -0.8970 0.4055
vn 0.5338 -0.8186 0.2119
vn 0.3039 -0.8306 0.4668
vn 0.2670 -0.9434 0.1966
vn 0.7390 -0.4382 -0.5117
vn 0.7143 -0.4813 -0.5080
vn 0.4692 -0.8513 -0.2346
vn 0.5359 -0.8043 -0.2568
vn 0.6642 -0.5557 -0.5001
vn 0.0503 -0.9815 -0.1847
vn 0.0491 -0.9817 -0.1842
vn 0.0547 -0.9810 -0.1859
vn 0.2227 -0.9682 -0.1138
vn 0.6503 -0.7253 -0.2260
vn 0.0177 -0.9967 0.0798
vn 0.7875 -0.4555 -0.4153
vn 0.8026 -0.4277 -0.4158
vn 0.7628 -0.5189 -0.3859
vn 0.6225 -0.7735 -0.1192
vn 0.0891 -0.9876 0.1291
vn 0.2581 -0.9573 0.1302
vn 0.4321 -0.8720 0.2300
vn 0.5825 -0.7069 0.4011
vn 0.7480 -0.4364 0.5001
vn -0.1063 -0.6337 0.7662
vn -0.1922 -0.6111 0.7679
vn -0.2291 -0.5428 0.8080
vn -0.2453 -0.5402 0.8050
vn 0.6205 -0.1123 0.7761
vn 0.4992 0.0343 0.8658
vn 0.2246 0.0972 0.9696
vn -0.6257 -0.3734 0.6849
vn -0.6836 -0.2319 0.6920
vn -0.6969 -0.3154 0.6440
vn -0.6952 -0.3153 0.6460
vn -0.6956 -0.3155 0.6454
vn -0.6974 -0.3153 0.6437
vn -0.2756 0.1743 0.9453
vn -0.2675 0.1889 0.9449
vn -0.0170 0.4579 0.8888
vn 0.2508 0.2943 0.9222
vn -0.0294 0.1386 0.9899
vn 0.2807 0.2804 0.9179
vn 0.1719 -0.3742 0.9113
vn 0.4665 0.4563 0.7577
vn -0.4445 -0.2722 0.8534
vn 0.5705 0.3043 0.7629
vn -0.1912 -0.3185 0.9284
vn -0.4330 -0.3382 0.8356
vn -0.2141 -0.5328 0.8187
vn -0.2755 -0.4534 0.8477
vn -0.2256 -0.4559 0.8610
vn 0.5325 0.0455 0.8452
vn 0.3811 0.1393 0.9140
vn 0.3024 0.2928 0.9071
vn 0.1412 0.2449 0.9592
vn 0.5195 -0.0086 0.8544
vn 0.1431 0.1402 0.9797
vn 0.1785 0.2998 0.9372
vn 0.5801 -0.1906 0.7919
vn 0.4494 -0.0056 0.8933
vn 0.5406 -0.0804 0.8374
vn 0.4883 -0.2278 0.8424
vn 0.5821 -0.3939 0.7114
vn 0.6007 -0.3119 0.7361
vn 0.4452 -0.7813 -0.4374
vn 0.4571 -0.8024 -0.3837
vn 0.4561 -0.5552 -0.6955
vn 0.4617 -0.8391 -0.2877
vn 0.8412 0.5234 -0.1360
vn 0.8160 0.5413 -0.2027
vn 0.8631 0.4898 0.1233
vn 0.8094 0.1879 0.5564
vn 0.9028 0.0949 0.4196
vn 0.9424 0.3209 -0.0944
vn 0.9787 -0.1393 0.1506
vn 0.9632 0.1870 -0.1932
vn 0.9572 0.2128 0.1963
vn 0.9815 0.0697 -0.1785
vn 0.8210 0.4746 0.3173
vn 0.9395 0.3184 0.1265
vn 0.9949 -0.0665 -0.0758
vn 0.5642 0.7695 0.2993
vn 0.8719 0.4893 0.0204
vn 0.7368 0.4243 0.5264
vn 0.3008 0.5889 0.7502
vn 0.9924 0.0495 0.1122
vn 0.8917 -0.3951 -0.2209
vn 0.8912 -0.3970 -0.2196
vn 0.9405 -0.2508 -0.2294
vn 0.9597 0.0781 0.2700
vn 0.9115 0.3931 0.1213
vn 0.8318 0.2755 0.4819
vn 0.8436 0.2671 0.4658
vn -0.0954 0.9131 0.3965
vn 0.5966 0.7201 0.3543
vn -0.7627 0.1618 -0.6262
vn -0.6997 0.1863 -0.6898
vn 0.4011 -0.0262 0.9157
vn 0.3457 -0.0338 0.9377
vn -0.0519 0.1871 0.9810
vn -0.3371 0.3105 0.8888
vn -0.5752 0.1916 0.7952
vn -0.1175 0.3107 0.9432
vn -0.2907 0.4384 0.8505
vn 0.0567 0.5453 0.8363
vn 0.2215 0.4079 0.8858
vn 0.1401 0.5063 0.8509
vn 0.2437 -0.3869 0.8893
vn 0.2258 -0.4877 0.8433
vn 0.5028 0.3383 0.7955
vn -0.0135 0.1650 0.9862
vn -0.6751 -0.0043 0.7378
vn -0.8227 -0.0900 0.5613
vn -0.7865 -0.6169 0.0312
vn 0.9098 0.4149 -0.0079
vn 0.9520 0.2806 -0.1226
vn 0.9292 0.3309 0.1647
vn -0.5489 0.7208 -0.4233
vn 0.8720 0.3810 0.3074
vn 0.6218 -0.4549 -0.6376
vn 0.9448 0.3236 0.0520
vn 0.7227 -0.4850 -0.4925
vn 0.7227 -0.4848 -0.4925
vn 0.7227 -0.4849 -0.4925
vn 0.7226 -0.4851 -0.4925
vn 0.6643 0.0514 -0.7457
vn 0.4669 0.1719 0.8674
vn -0.1089 0.2400 0.9646
vn -0.2873 0.2843 0.9147
vn -0.1527 0.0745 0.9855
vn 0.4953 -0.2935 0.8177
vn -0.5572 0.8182 -0.1417
vn -0.5663 0.7908 -0.2323
vn -0.7947 0.4667 0.3882
vn -0.8011 0.4504 0.3942
vn -0.1933 0.7999 0.5682
vn 0.3683 0.5839 0.7235
vn 0.3840 0.6066 0.6961
vn -0.5802 0.4956 0.6463
vn 0.4784 -0.2999 0.8253
vn 0.8154 -0.3968 0.4214
vn 0.8178 -0.4937 0.2959
vn 0.4668 -0.2582 0.8458
vn 0.6150 -0.1753 0.7688
vn -0.1361 0.3480 0.9276
vn -0.1138 0.3116 0.9434
vn 0.9050 -0.2403 0.3510
vn 0.9296 -0.2119 0.3015
vn 0.9291 -0.2132 0.3021
vn 0.9324 -0.2054 0.2973
vn 0.7315 0.3317 -0.5957
vn 0.9750 0.0273 -0.2206
vn 0.9301 0.2667 -0.2526
vn 0.7614 0.4422 -0.4741
vn 0.4914 0.7637 -0.4187
vn 0.8157 0.3793 0.4368
vn 0.9332 -0.2035 0.2961
vn -0.2743 0.6425 0.7155
vn -0.0656 0.9605 0.2703
vn 0.0865 0.8683 0.4884
vn 0.4037 -0.1216 0.9068
vn -0.2566 0.3788 0.8892
vn -0.2572 0.3803 0.8884
vn -0.2593 0.3850 0.8857
vn -0.2600 0.3863 0.8850
vn 0.5143 -0.0870 0.8532
vn -0.4213 -0.7201 -0.5514
vn -0.6188 -0.0506 0.7839
vn 0.7975 -0.5997 -0.0654
vn 0.9422 -0.3075 -0.1328
vn -0.3703 -0.7599 -0.5342
vn -0.5427 -0.7406 0.3963
vn -0.7499 -0.5790 0.3201
vn -0.2887 0.0047 0.9574
vn -0.2099 -0.9765 -0.0491
vn -0.2029 -0.4519 0.8687
vn 0.4100 -0.4370 0.8006
vn 0.5104 0.0995 0.8542
vn 0.4363 0.1589 0.8856
vn 0.5234 -0.7300 0.4396
vn 0.8570 -0.4096 0.3125
vn 0.1956 -0.9742 0.1121
vn -0.2616 -0.7470 -0.6112
vn 0.8866 -0.4509 -0.1027
vn 0.7011 -0.6078 -0.3729
vn 0.1992 -0.8411 -0.5029
vn 0.9683 -0.2070 -0.1395
vn 0.8249 0.0375 0.5641
vn 0.9863 -0.0338 0.1615
vn 0.8620 -0.0126 0.5068
vn 0.9019 0.1315 0.4115
vn 0.8821 0.1338 0.4516
vn 0.8931 0.2662 0.3627
vn 0.6789 0.4751 0.5598
vn 0.4867 -0.4086 0.7722
vn 0.6754 0.2407 0.6970
vn 0.4465 -0.0427 0.8938
vn 0.5075 -0.0721 0.8586
vn 0.5130 0.3282 0.7932
vn 0.5798 0.4397 0.6859
vn 0.3989 0.1837 -0.8984
vn 0.4638 0.4770 -0.7465
vn 0.4841 0.4480 -0.7516
vn 0.6690 -0.2678 -0.6933
vn 0.8442 -0.5110 0.1620
vn 0.7981 -0.5935 0.1040
vn 0.8601 -0.4881 0.1484
vn 0.8372 -0.5088 -0.2004
vn 0.8052 -0.5790 -0.1281
vn 0.8061 -0.5773 -0.1302
vn 0.8071 -0.5754 -0.1324
vn 0.7463 -0.5680 -0.3470
vn 0.8050 -0.5793 -0.1279
vn 0.8529 -0.5185 -0.0612
vn 0.8162 -0.5590 0.1462
vn 0.9513 -0.0868 0.2958
vn 0.9408 0.2035 0.2711
vn 0.7919 0.4950 0.3576
vn 0.6906 0.6669 0.2799
vn 0.6889 0.6710 0.2740
vn 0.6891 0.6704 0.2751
vn 0.6804 0.6698 0.2973
vn 0.6911 0.6661 0.2807
vn 0.8168 0.5117 0.2664
vn 0.9829 -0.1757 0.0548
vn 0.9777 -0.1951 0.0779
vn 0.8936 -0.4364 0.1053
vn 0.9335 0.2630 0.2438
vn 0.9802 0.1460 -0.1341
vn 0.3169 0.3407 -0.8852
vn 0.4234 0.4676 -0.7760
vn 0.4384 0.4161 -0.7967
vn 0.2247 0.3535 -0.9081
vn 0.4330 0.5304 -0.7288
vn 0.1233 0.4413 -0.8889
vn 0.7949 -0.0100 -0.6067
vn 0.5655 0.6154 -0.5492
vn 0.5950 0.7350 -0.3253
vn 0.6964 0.5119 0.5029
vn 0.7746 0.3416 0.5323
vn 0.7591 0.3102 0.5723
vn 0.6668 0.5274 0.5265
vn 0.6688 0.5221 0.5293
vn 0.6682 0.5237 0.5284
vn 0.3918 0.7601 0.5184
vn 0.7437 0.5169 0.4239
vn 0.6663 0.5289 0.5257
vn 0.6215 0.7475 -0.2345
vn -0.1911 0.3216 0.9274
vn 0.7535 -0.6551 -0.0558
vn 0.9042 -0.4123 -0.1114
vn 0.8806 0.4711 0.0507
vn 0.9347 0.3356 -0.1171
vn 0.8383 -0.4881 0.2431
vn 0.8808 -0.4201 0.2184
vn 0.9036 0.3236 -0.2809
vn 0.9358 0.3213 -0.1454
vn 0.9540 0.2713 -0.1276
vn 0.9475 -0.2283 0.2237
vn 0.3701 0.1801 -0.9114
vn 0.2864 0.3245 -0.9015
vn 0.6425 0.5278 -0.5555
vn 0.5814 0.3910 -0.7136
vn 0.9991 -0.0076 0.0428
vn 0.6935 0.6102 0.3831
vn 0.6303 0.6383 0.4420
vn 0.9697 0.0801 -0.2310
vn 0.9518 -0.1055 -0.2880
vn 0.9705 -0.0342 -0.2388
vn 0.9708 0.0557 0.2332
vn 0.8856 0.2051 0.4168
vn 0.6281 0.3185 0.7100
vn 0.7570 -0.2963 -0.5824
vn -0.4140 0.4236 -0.8057
vn 0.8217 -0.2569 -0.5088
vn 0.9296 -0.1324 -0.3439
vn 0.8992 0.0531 0.4343
vn 0.8667 0.0333 0.4977
vn 0.4094 -0.8414 0.3528
vn 0.7350 -0.6552 -0.1745
vn 0.0557 -0.3874 0.9202
vn -0.3242 0.2233 0.9192
vn -0.3188 0.2188 0.9222
vn -0.3225 0.2220 0.9202
vn -0.3709 0.8294 0.4179
vn 0.4013 0.6893 -0.6032
vn -0.0399 -0.4222 0.9056
vn 0.4076 -0.8524 0.3274
vn -0.0236 -0.4675 0.8837
vn -0.3593 0.3114 0.8797
vn -0.3170 0.2170 0.9233
vn 0.6517 -0.7550 0.0722
vn 0.6529 -0.7533 0.0791
vn 0.6513 -0.7555 0.0707
vn 0.7064 -0.6863 -0.1735
vn 0.6532 -0.7529 0.0812
vn 0.9989 -0.0336 -0.0333
vn 0.4714 0.3157 -0.8235
vn 0.9695 0.2447 0.0106
vn 0.9082 0.4180 -0.0230
vn 0.7510 0.6602 0.0141
vn 0.9239 -0.3566 -0.1389
vn 0.7747 0.6248 0.0977
vn 0.5900 0.7958 0.1366
vn 0.8763 -0.4817 -0.0052
vn 0.6116 0.7728 0.1697
vn 0.7027 0.6553 0.2770
vn 0.9602 0.2789 0.0157
vn 0.4868 0.2218 -0.8449
vn 0.6878 -0.2032 -0.6968
vn 0.5048 0.2401 -0.8292
vn -0.0083 -0.5400 -0.8416
vn -0.0255 -0.4515 -0.8919
vn 0.5888 0.6253 -0.5122
vn 0.4063 0.0715 -0.9109
vn 0.6105 0.7445 -0.2703
vn 0.6455 0.2700 -0.7144
vn 0.4856 0.0206 -0.8739
vn 0.1301 -0.6070 -0.7840
vn 0.2653 -0.6772 -0.6863
vn 0.2666 -0.6770 -0.6859
vn 0.2636 -0.6775 -0.6867
vn 0.1064 -0.6094 -0.7857
vn -0.1046 -0.8053 -0.5835
vn 0.4667 0.1264 -0.8753
vn 0.4681 0.1270 -0.8745
vn 0.4670 0.1266 -0.8752
vn -0.1164 -0.6595 -0.7426
vn 0.2968 0.2342 -0.9258
vn -0.0855 -0.3748 -0.9231
vn -0.0236 -0.5255 -0.8505
vn -0.1428 -0.7139 -0.6855
vn 0.3904 0.1937 -0.9001
vn 0.3962 0.1581 -0.9044
vn -0.1519 -0.7504 -0.6433
vn 0.4543 0.1598 -0.8764
vn 0.1101 -0.5562 -0.8237
vn 0.4683 0.1270 -0.8744
vn -0.0639 -0.7988 -0.5982
vn -0.0654 -0.8148 -0.5760
vn 0.5212 0.0189 -0.8532
vn 0.1919 -0.6366 -0.7469
vn 0.2003 -0.7237 -0.6604
vn 0.2561 -0.8236 -0.5060
vn 0.3958 -0.7875 -0.4723
vn 0.2860 -0.7300 -0.6207
vn 0.5987 -0.2939 -0.7451
vn 0.5671 -0.3221 -0.7581
vn 0.0791 -0.8733 -0.4807
vn 0.6749 -0.3456 -0.6519
vn 0.4007 -0.7894 -0.4651
vn 0.5045 -0.7800 -0.3703
vn 0.5326 -0.8288 -0.1716
vn 0.3782 -0.8158 -0.4376
vn 0.4392 -0.7609 -0.4776
vn 0.4598 -0.8528 -0.2477
vn 0.7720 -0.4346 -0.4639
vn 0.3599 -0.8569 -0.3691
vn 0.4492 -0.8668 -0.2166
vn 0.5197 -0.8388 -0.1621
vn 0.5101 -0.8597 -0.0256
vn 0.1523 -0.9333 0.3252
vn 0.1470 -0.9370 0.3168
vn 0.1475 -0.9371 0.3163
vn 0.8668 -0.3932 -0.3068
vn 0.4474 -0.8602 0.2447
vn 0.8484 -0.3812 -0.3673
vn 0.7864 -0.3130 -0.5325
vn 0.8866 -0.2690 -0.3762
vn 0.9487 -0.2675 -0.1687
vn 0.9898 0.1400 0.0250
vn 0.5825 -0.4808 -0.6554
vn 0.2847 0.3161 0.9050
vn 0.2292 0.0968 0.9686
vn 0.6697 0.5401 0.5096
vn 0.3911 0.0704 0.9177
vn 0.5265 0.2128 0.8231
vn 0.9210 0.1436 0.3621
vn 0.6680 0.4113 0.6202
vn 0.8178 0.5026 0.2803
vn 0.3532 -0.0412 0.9346
vn 0.3380 0.0417 0.9402
vn 0.0944 -0.2182 0.9713
vn -0.0673 -0.4491 0.8910
vn 0.9038 0.4197 0.0844
vn 0.8794 0.4697 0.0777
vn 0.8059 0.2628 0.5306
vn 0.8295 0.5582 0.0203
vn 0.8199 0.2482 0.5159
vn -0.0793 -0.5403 0.8378
vn -0.1400 -0.4103 0.9012
vn 0.3648 0.0367 0.9304
vn 0.1630 0.1993 0.9663
vn 0.2246 0.2790 0.9337
vn 0.5746 0.7858 0.2289
vn 0.5747 0.7858 0.2286
vn 0.5811 0.6447 -0.4967
vn -0.0382 0.4273 0.9033
vn 0.2073 0.8087 0.5504
vn -0.0699 0.4169 0.9063
vn -0.0707 0.3852 0.9201
vn 0.1096 0.2498 0.9621
vn 0.5030 0.8615 0.0691
vn 0.5113 0.7746 -0.3723
vn 0.3903 0.8434 -0.3693
vn 0.6604 0.6881 0.3006
vn 0.5992 0.1314 0.7898
vn 0.5961 0.3978 0.6974
vn 0.6968 0.7151 0.0562
vn 0.6637 0.7414 -0.0991
vn 0.4767 -0.1101 0.8721
vn 0.3665 -0.0554 0.9288
vn 0.4892 0.1285 0.8627
vn 0.6241 0.1878 0.7584
vn 0.3772 0.0507 0.9247
vn 0.7707 0.1405 0.6215
vn 0.2020 -0.2129 0.9560
vn 0.4419 -0.6190 0.6493
vn 0.3384 -0.5811 0.7401
vn 0.1950 -0.5117 0.8367
vn 0.3007 -0.6279 0.7178
vn 0.4682 -0.7496 0.4678
vn 0.4026 -0.7590 0.5118
vn 0.3775 -0.7774 0.5030
vn 0.1527 -0.9332 0.3252
vn 0.8990 -0.2958 -0.3229
vn 0.9161 -0.3102 -0.2541
vn 0.6425 -0.7362 0.2126
vn 0.6408 -0.7379 0.2117
vn 0.6403 -0.7385 0.2114
vn 0.2813 -0.9012 0.3296
vn 0.9509 -0.2935 -0.0982
vn 0.8861 -0.3858 -0.2568
vn 0.6449 -0.7338 0.2138
vn 0.5600 -0.7948 0.2340
vn 0.6141 -0.7009 0.3628
vn 0.9767 -0.1783 -0.1196
vn 0.8900 -0.3773 0.2560
vn 0.9936 -0.1031 -0.0453
vn 0.7978 -0.3462 0.4936
vn 0.9720 -0.0244 0.2339
vn 0.9950 0.0270 -0.0966
vn 0.6101 -0.6718 0.4201
vn 0.6368 -0.5892 0.4974
vn 0.5639 -0.4458 0.6952
vn 0.3868 -0.2773 0.8795
vn 0.9742 0.0022 0.2258
vn 0.5488 -0.6849 0.4793
vn 0.8174 -0.0118 0.5759
vn 0.1615 0.0350 0.9863
vn 0.2492 -0.3100 0.9175
vn 0.3663 -0.1567 0.9172
vn 0.8702 0.1265 0.4762
vn 0.5955 -0.3811 0.7072
vn 0.4507 0.5470 0.7055
vn 0.4522 0.5476 0.7040
vn 0.4576 0.5503 0.6984
vn 0.4429 0.5966 0.6693
vn 0.0120 -0.3302 0.9438
vn 0.1841 -0.0385 0.9821
vn 0.0099 -0.3436 0.9391
vn 0.4594 0.5514 0.6964
vn 0.4958 -0.2336 0.8364
vn 0.7918 0.3653 0.4894
vn 0.1112 -0.5780 0.8084
vn 0.3073 -0.1500 0.9397
vn 0.2426 -0.5638 0.7895
vn 0.3811 -0.5751 0.7239
vn 0.6073 -0.4927 0.6233
vn 0.5809 -0.4550 0.6749
vn 0.6022 -0.3302 0.7268
vn 0.8579 0.0981 0.5044
vn 0.7835 0.5987 0.1660
vn 0.9759 0.0250 0.2167
vn 0.2627 0.2592 0.9294
vn 0.1524 0.5157 0.8431
vn 0.0855 0.0216 0.9961
vn 0.1181 0.4123 0.9033
vn 0.2993 -0.2279 0.9265
vn -0.1511 0.5058 0.8493
vn 0.5113 0.1892 0.8383
vn 0.4055 0.4268 0.8084
vn -0.2649 0.2757 0.9240
vn -0.2267 -0.1802 0.9572
vn -0.0361 0.0913 0.9952
vn 0.0116 0.3512 0.9362
vn 0.1172 0.3765 0.9190
vn 0.4661 -0.1889 0.8643
vn 0.0459 -0.5377 0.8419
vn 0.2539 -0.8084 0.5311
vn 0.4633 -0.0452 0.8851
vn 0.4873 -0.1427 0.8615
vn 0.6080 -0.2077 0.7663
vn 0.6160 -0.2049 0.7606
vn 0.6091 -0.2072 0.7655
vn 0.4428 0.1711 0.8801
vn 0.6411 0.7673 -0.0176
vn 0.6941 0.7182 -0.0488
vn 0.6342 -0.0251 0.7727
vn 0.7979 0.6028 -0.0065
vn 0.5776 0.1402 0.8042
vn 0.4184 0.3885 0.8210
vn 0.0559 -0.9809 -0.1861
vn 0.4673 -0.7629 -0.4469
vn 0.3900 -0.8000 -0.4559
vn 0.9291 0.2613 -0.2619
vn 0.0624 0.4797 0.8752
vn 0.2686 0.3218 0.9079
vn 0.3233 -0.0306 0.9458
vn 0.0408 0.6775 0.7344
vn -0.0960 0.6665 0.7393
vn 0.1938 0.5722 0.7969
vn 0.2525 0.5673 0.7839
vn 0.0277 0.4703 0.8821
vn -0.2444 0.7888 0.5639
vn -0.1362 0.7962 0.5895
vn -0.4717 0.8156 -0.3351
vn -0.4390 0.8962 -0.0637
vn -0.4233 0.8236 0.3776
vn -0.3229 0.6995 0.6375
vn -0.3257 0.6327 0.7026
vn -0.0656 0.3447 0.9364
vn 0.3754 0.3778 0.8464
vn 0.4637 -0.0361 -0.8853
vn 0.2669 -0.6768 -0.6860
vn 0.0856 -0.8387 -0.5379
vn 0.0146 -0.8559 -0.5169
vn 0.5516 -0.0526 -0.8324
vn 0.2169 -0.8901 -0.4007
vn 0.5685 -0.4948 -0.6572
vn 0.4385 -0.7151 -0.5444
vn 0.6879 0.6107 -0.3923
vn 0.4556 -0.2926 -0.8407
vn 0.5741 -0.2784 -0.7700
vn 0.3229 -0.1948 -0.9262
vn 0.5238 -0.2144 -0.8244
vn 0.4247 -0.1783 -0.8876
vn 0.6566 -0.6049 -0.4505
vn 0.6563 -0.6055 -0.4502
vn 0.6562 -0.6052 -0.4507
vn 0.6108 -0.6268 -0.4838
vn 0.5485 -0.6147 -0.5668
vn 0.4926 -0.4177 -0.7635
vn 0.5957 -0.1981 -0.7784
vn 0.4908 -0.1447 -0.8592
vn -0.5122 0.5468 -0.6624
vn -0.5118 0.5465 -0.6629
vn -0.5135 0.5477 -0.6606
vn -0.5974 0.8004 0.0495
vn -0.3815 0.8550 -0.3515
vn -0.5225 0.8479 0.0897
vn -0.5457 0.6247 0.5585
vn -0.3913 0.5312 0.7514
vn -0.4696 0.8618 0.1919
vn -0.4904 0.8230 -0.2868
vn -0.7416 0.5953 0.3092
vn -0.4366 0.2129 0.8741
vn -0.8587 0.3555 0.3691
vn -0.8249 0.4773 0.3030
vn -0.8208 0.4826 0.3056
vn -0.8215 0.4819 0.3050
vn -0.8269 0.2386 0.5092
vn -0.6885 0.4634 0.5580
vn -0.3121 -0.2072 0.9272
vn -0.4556 0.0314 0.8896
vn -0.7218 0.2543 0.6437
vn -0.7936 0.2285 0.5640
vn -0.6755 0.3611 0.6428
vn -0.6417 0.5589 0.5252
vn -0.8288 0.4721 0.3005
vn -0.6722 0.7340 -0.0967
vn -0.6523 0.6302 -0.4212
vn -0.6757 0.6165 -0.4042
vn -0.8182 0.5533 -0.1559
vn -0.8007 0.5962 -0.0586
vn -0.7299 0.5033 -0.4626
vn -0.7260 0.6294 0.2770
vn -0.8147 0.5600 -0.1505
vn -0.7074 0.7003 0.0953
vn -0.7385 0.6710 -0.0669
vn -0.7389 0.6160 0.2733
vn -0.7008 0.6362 0.3227
vn -0.7036 0.5822 -0.4073
vn -0.4643 0.7107 -0.5285
vn -0.5138 0.5479 -0.6601
vn -0.3590 0.5372 -0.7633
vn -0.2983 0.5676 -0.7674
vn -0.2800 0.6120 -0.7396
vn -0.4763 0.7095 -0.5194
vn -0.8516 0.5108 -0.1177
vn -0.7684 0.6270 -0.1278
vn -0.7441 0.6255 -0.2346
vn -0.7175 0.5056 -0.4792
vn -0.7765 0.5888 0.2242
vn -0.7202 0.4870 0.4942
vn -0.7203 0.4906 0.4903
vn -0.7201 0.4862 0.4951
vn -0.7336 0.2990 0.6102
vn -0.6047 0.0184 0.7963
vn -0.3496 -0.2757 0.8954
vn -0.3366 -0.3302 0.8818
vn -0.1791 -0.4251 0.8872
vn -0.5712 0.1127 0.8131
vn -0.6494 0.2583 0.7153
vn -0.7675 0.4208 0.4836
vn -0.3239 -0.3265 0.8880
vn -0.5919 -0.0293 0.8055
vn -0.6837 -0.0168 0.7296
vn 0.7673 0.3782 0.5178
vn 0.3281 -0.2997 0.8958
vn 0.7513 0.3313 0.5708
vn 0.6378 0.3108 0.7047
vn 0.6161 0.4280 0.6612
vn 0.5873 -0.8003 -0.1205
vn 0.5844 -0.8026 -0.1194
vn 0.5875 -0.8002 -0.1206
vn 0.5883 -0.7996 -0.1210
vn 0.6836 -0.6899 -0.2383
vn 0.6239 -0.1803 -0.7604
vn 0.7316 -0.2271 -0.6429
vn 0.7709 0.4981 -0.3969
vn 0.7339 -0.3647 -0.5730
vn 0.7007 -0.3565 -0.6180
vn 0.7941 0.3023 -0.5272
vn 0.8417 0.0948 -0.5316
vn 0.7987 0.5229 -0.2979
vn 0.8019 0.5208 -0.2927
vn 0.8015 0.5215 -0.2928
vn 0.7499 -0.4780 -0.4573
vn 0.7884 -0.5272 -0.3171
vn 0.7987 0.5224 -0.2985
vn -0.0846 0.3880 -0.9178
vn -0.1238 0.5913 -0.7969
vn 0.2013 0.1688 -0.9649
vn 0.3882 -0.0221 -0.9213
vn 0.0977 0.3127 -0.9448
vn 0.0029 0.4013 -0.9159
vn -0.2644 0.2623 -0.9280
vn -0.5983 0.5298 -0.6011
vn -0.7080 0.6698 -0.2238
vn -0.7479 0.6258 0.2214
vn -0.7173 0.6951 0.0478
vn -0.6914 0.5270 0.4942
vn -0.7204 0.4917 0.4892
vn -0.8005 0.5742 0.1717
vn 0.5981 -0.7841 0.1657
vn 0.6506 -0.5389 0.5351
vn 0.4941 -0.4832 0.7228
vn 0.4491 -0.5769 0.6823
vn 0.8471 -0.2224 0.4826
vn 0.8272 -0.2891 0.4818
vn 0.5855 -0.7013 0.4067
vn 0.5452 -0.6317 0.5512
vn 0.9120 -0.2449 0.3291
vn 0.9121 -0.2446 0.3291
vn 0.8929 -0.4389 0.1001
vn 0.8218 -0.5587 -0.1115
vn 0.7876 -0.6083 0.0988
vn 0.8375 -0.4596 0.2956
vn 0.6651 -0.7463 -0.0260
vn 0.6943 -0.7132 -0.0959
vn 0.6046 -0.7254 -0.3290
vn 0.6026 -0.7637 -0.2315
vn 0.8616 -0.4767 -0.1745
vn 0.8526 -0.4953 -0.1663
vn 0.8646 -0.4612 -0.1992
vn 0.9542 0.0559 -0.2939
vn 0.7999 -0.5883 -0.1190
vn 0.8650 0.4212 -0.2729
vn 0.8837 0.3591 -0.3004
vn 0.8529 -0.5086 0.1179
vn 0.8931 0.3971 -0.2114
vn 0.4988 -0.8203 0.2799
vn 0.6138 -0.6494 0.4491
vn 0.6548 -0.7423 0.1426
vn 0.8368 0.5060 -0.2090
vn 0.8829 -0.3875 0.2652
vn 0.6975 -0.3718 -0.6126
vn 0.8441 -0.3725 -0.3856
vn 0.9218 -0.2987 0.2472
vn 0.8762 -0.3930 0.2789
vn 0.8337 -0.3630 0.4160
vn 0.8425 0.5312 -0.0893
vn 0.8271 0.5548 -0.0897
vn 0.8114 0.5624 -0.1592
vn 0.9843 0.0742 0.1603
vn 0.8163 0.5736 -0.0684
vn 0.9037 -0.1634 0.3957
vn 0.7548 -0.4213 0.5028
vn 0.8397 0.5396 -0.0613
vn 0.9340 0.0613 0.3520
vn 0.7552 -0.1057 0.6470
vn 0.8211 -0.0282 0.5700
vn 0.6613 -0.5990 -0.4514
vn 0.6490 -0.5241 -0.5515
vn 0.5373 -0.5152 -0.6678
vn 0.6983 -0.4469 -0.5592
vn 0.7220 -0.3754 -0.5813
vn 0.7209 -0.3758 -0.5823
vn 0.7150 -0.3777 -0.5884
vn 0.5227 -0.4978 -0.6921
vn -0.5652 0.0294 0.8244
vn -0.3592 -0.5341 0.7653
vn 0.2638 -0.6422 0.7197
vn -0.1538 -0.4881 0.8591
vn 0.1873 -0.6371 0.7476
vn 0.3102 -0.7544 0.5785
vn 0.6837 0.0908 0.7241
vn 0.5918 0.1290 0.7957
vn 0.7425 -0.1897 0.6424
vn 0.8243 -0.2816 0.4912
vn 0.8310 -0.2234 0.5095
vn 0.8320 -0.0950 0.5466
vn 0.8527 -0.1759 0.4919
vn 0.4514 -0.1737 -0.8752
vn 0.4537 -0.1761 -0.8736
vn 0.4530 -0.1754 -0.8741
vn 0.2423 0.1293 -0.9616
vn -0.2475 0.2105 -0.9457
vn -0.7361 0.4449 -0.5102
vn -0.8078 0.5795 -0.1077
vn -0.7672 0.4049 -0.4974
vn -0.7960 0.5890 -0.1393
vn -0.8016 0.5828 -0.1330
vn -0.8009 0.5837 -0.1337
vn -0.7364 0.4196 -0.5307
vn -0.4010 0.3847 -0.8314
vn -0.6222 0.3548 -0.6978
vn -0.6207 0.3588 -0.6972
vn -0.6220 0.3551 -0.6979
vn -0.7950 0.5901 -0.1405
vn -0.6685 0.5241 -0.5276
vn -0.6204 0.3595 -0.6970
vn -0.5667 0.2575 -0.7826
vn -0.1822 0.1905 -0.9646
vn -0.2087 0.3307 -0.9204
vn 0.8576 -0.2541 -0.4471
vn -0.1238 -0.2713 0.9545
vn 0.5765 -0.6882 0.4404
vn 0.9735 -0.2289 0.0013
vn 0.8207 -0.4820 0.3068
vn 0.8836 -0.4212 0.2047
vn 0.6963 -0.6434 0.3182
vn 0.6579 -0.3211 -0.6813
s 1
usemtl Bonkling_GreenSkin
f 1463//3037 1461//3037 1464//3037
f 1461//3038 2008//3038 1465//3038
f 1518//3143 1503//3143 1943//3143
f 1524//3152 1521//3152 1522//3152
f 1630//3392 1631//3392 1628//3392
f 1631//3393 1632//3393 1628//3393
f 1721//3602 1555//3602 1728//3602
f 1728//3603 1555//3603 1727//3603
f 1730//3606 1727//3606 1729//3606
f 1721//3607 1728//3607 1726//3607
f 1726//3608 1728//3608 1731//3608
f 1732//3609 1726//3609 1731//3609
f 1733//3610 1726//3610 1732//3610
f 1736//3611 1728//3611 1727//3611
f 1730//3613 1736//3613 1727//3613
f 1735//3614 1730//3614 1734//3614
f 1737//3615 1734//3615 1730//3615
f 1737//3616 1730//3616 1729//3616
f 1737//3617 1738//3617 1734//3617
f 1767//3698 1630//3698 1629//3698
f 1769//3700 1630//3700 1767//3700
f 1772//3701 1769//3701 1767//3701
f 1630//3702 1769//3702 1768//3702
f 1770//3703 1768//3703 1769//3703
f 1771//3704 1769//3704 1772//3704
f 1773//3729 1775//3729 1772//3729
f 1773//3730 1772//3730 1767//3730
f 1772//3731 1775//3731 1783//3731
f 1785//3743 1791//3743 1784//3743
f 1896//3993 1900//3993 1916//3993
f 1901//3994 1900//3994 1910//3994
f 1910//3999 1902//3999 1905//3999
f 1905//4000 1902//4000 1912//4000
f 1906//4001 1907//4001 1905//4001
f 1907//4002 1908//4002 1905//4002
f 1909//4003 1901//4003 1910//4003
f 1910//4004 1905//4004 1909//4004
f 1906//4005 1905//4005 1912//4005
f 1913//4006 1902//4006 1904//4006
f 1913//4008 2458//4008 1902//4008
f 1902//4009 2458//4009 1912//4009
f 1907//4010 1915//4010 1908//4010
f 1905//4011 1911//4011 1909//4011
f 1901//4012 1909//4013 1911//4014
f 1901//4015 1916//4015 1900//4015
f 2198//4016 1916//4016 1901//4016
f 1917//4017 2198//4017 1901//4017
f 1917//4018 1901//4012 1911//4014
f 1908//4019 1911//4019 1905//4019
f 1908//4020 1918//4020 1930//4020
f 1919//4021 1920//4021 1915//4021
f 1921//4022 1908//4022 1915//4022
f 1908//4023 1921//4024 1918//4025
f 1922//4026 1918//4026 1923//4026
f 1923//4027 1918//4025 1921//4024
f 1925//4028 1927//4028 1928//4028
f 1921//4029 1925//4029 1923//4029
f 1915//4030 1920//4030 1921//4030
f 1925//4031 1926//4031 1927//4031
f 1928//4032 1923//4032 1925//4032
f 1923//4033 1929//4033 1924//4033
f 1929//4034 1923//4034 1928//4034
f 1924//4035 1922//4035 1923//4035
f 1922//4036 1917//4036 1918//4036
f 1930//4037 1911//4037 1908//4037
f 1911//4038 1930//4038 1917//4038
f 1930//4039 1918//4039 1917//4039
f 1928//4040 1932//4040 1929//4040
f 1927//4041 1932//4041 1928//4041
f 1931//4042 1932//4042 2248//4042
f 1929//4045 1932//4045 1269//4045
f 1929//4046 1269//4046 1270//4046
f 1933//4047 1929//4047 1270//4047
f 1924//4048 1929//4048 1933//4048
f 2482//4049 1924//4049 1933//4049
f 1933//4050 1270//4050 1934//4050
f 1933//4051 1934//4051 2482//4051
f 1270//4052 1935//4052 1934//4052
f 1934//4053 2815//4053 2987//4053
f 1270//4056 1272//4056 1935//4056
f 1521//4078 1943//4078 1503//4078
f 1951//4086 1946//4086 1950//4086
f 1951//4087 1949//4087 1946//4087
f 1949//4088 1951//4088 1522//4088
f 1522//4089 1951//4089 1952//4089
f 1952//4092 1524//4092 1522//4092
f 1974//4093 1952//4093 1954//4093
f 1954//4094 1952//4094 1951//4094
f 1954//4095 1951//4095 1957//4095
f 1957//4096 1951//4096 1950//4097
f 1953//4101 1957//4101 1950//4101
f 1955//4102 1958//4102 1953//4102
f 1961//4108 1960//4108 1982//4108
f 1518//4132 1970//4132 1969//4132
f 1970//4133 1971//4133 1942//4133
f 1943//4134 1970//4134 1518//4134
f 1970//4135 1943//4135 1975//4135
f 1975//4136 1943//4136 1972//4136
f 1972//4137 1943//4137 1521//4137
f 1972//4138 1521//4138 1944//4138
f 1944//4139 1521//4139 1524//4139
f 1524//4140 1974//4140 1944//4140
f 1952//4141 1974//4141 1524//4141
f 1944//4142 1973//4142 1972//4142
f 1973//4143 1976//4143 1972//4143
f 1972//4144 1976//4144 1975//4144
f 1976//4145 1973//4145 1977//4145
f 1978//4146 1976//4146 1977//4146
f 1976//4147 1978//4147 1979//4147
f 1979//4148 1978//4148 1980//4148
f 1977//4149 1954//4149 1981//4149
f 1977//4150 1981//4150 1978//4150
f 1957//4151 1953//4151 1958//4151
f 1959//4152 1961//4152 1958//4152
f 1980//4153 1958//4153 1961//4153
f 1982//4154 1980//4154 1961//4154
f 1979//4155 1980//4155 1982//4155
f 1982//4156 1986//4156 1979//4156
f 1982//4157 1960//4157 1985//4157
f 1986//4167 1982//4167 1985//4167
f 1986//4168 1985//4168 1971//4168
f 1979//4169 1986//4169 1975//4169
f 1975//4170 1986//4170 1987//4170
f 1975//4171 1976//4171 1979//4171
f 2005//4241 1461//4241 1463//4241
f 2006//4242 1463//4242 1464//4242
f 1461//4243 1465//4243 1464//4243
f 1465//4244 2007//4244 2017//4244
f 2007//4245 1465//4245 2008//4245
f 2007//4249 2008//4249 1490//4249
f 2016//4250 2007//4250 1490//4250
f 2016//4251 1490//4251 1492//4251
f 2007//4262 2016//4262 2009//4262
f 2030//4263 2009//4263 2016//4263
f 2017//4264 2007//4264 2009//4264
f 2017//4265 2009//4265 2018//4265
f 2018//4266 2009//4266 2030//4266
f 1464//4267 1465//4267 2019//4267
f 2019//4268 1465//4268 2018//4268
f 2018//4269 1465//4269 2017//4269
f 1464//4270 2019//4270 2026//4270
f 2026//4271 2006//4271 1464//4271
f 2021//4272 1462//4272 2005//4272
f 2023//4273 2021//4273 2005//4273
f 2005//4274 1463//4274 2006//4274
f 2005//4275 2006//4275 2023//4275
f 2022//4276 2021//4276 2023//4276
f 2025//4277 2022//4277 2024//4277
f 2024//4278 2022//4278 2023//4278
f 2006//4279 2026//4279 2023//4279
f 2019//4280 2685//4280 2026//4280
f 2685//4281 2019//4281 2027//4281
f 2019//4282 2018//4282 2028//4282
f 2029//4283 2028//4283 2018//4283
f 2018//4284 2030//4284 2029//4284
f 2995//4285 2030//4285 2016//4285
f 2995//4286 2016//4286 2015//4286
f 2015//4287 2016//4287 1492//4287
f 1492//4289 2031//4290 2032//4289
f 2031//4291 2034//4291 2033//4291
f 2035//4292 2033//4292 2034//4292
f 2037//4293 2035//4293 2036//4293
f 2035//4294 2038//4294 2036//4294
f 2038//4295 2035//4295 2034//4295
f 2034//4299 2031//4299 2040//4299
f 2044//4308 2047//4308 1631//4308
f 2047//4309 2044//4309 2045//4309
f 2047//4311 2046//4311 1632//4311
f 1632//4312 1631//4313 2047//4313
f 2045//4314 2046//4314 2047//4314
f 2044//4315 2048//4315 2045//4315
f 2049//4316 2044//4317 1631//4316
f 1631//4318 1630//4318 2049//4318
f 2044//4319 2049//4319 2048//4319
f 2049//4320 1630//4320 1768//4320
f 2051//4321 1768//4321 1770//4321
f 2045//4322 2050//4322 2046//4322
f 2048//4323 2049//4323 2051//4323
f 2052//4324 2048//4324 2051//4324
f 2051//4325 2049//4325 1768//4325
f 2053//4326 2052//4326 2051//4326
f 2054//4327 2053//4327 2051//4327
f 2055//4328 1770//4329 1769//4330
f 1783//4331 1771//4331 1772//4331
f 1771//4332 1783//4332 2061//4332
f 2055//4328 1769//4330 1771//4333
f 1770//4334 2055//4334 2056//4334
f 2061//4335 2055//4335 1771//4335
f 2055//4336 2061//4336 2058//4336
f 2055//4337 2057//4337 2056//4337
f 2055//4338 2058//4338 2057//4338
f 2054//4339 1770//4339 2056//4339
f 2051//4340 1770//4340 2054//4340
f 2059//4341 2056//4342 2057//4343
f 1783//4344 1775//4344 1784//4344
f 1783//4345 1784//4345 1791//4345
f 1783//4346 1791//4346 2061//4346
f 1791//4347 1785//4347 2909//4347
f 2060//4348 2061//4348 1791//4348
f 2056//4349 2059//4349 2054//4349
f 2059//4350 2064//4350 2054//4350
f 2062//4351 2063//4351 2059//4351
f 2059//4352 2063//4352 2709//4352
f 2709//4353 2065//4353 2059//4353
f 2064//4354 2053//4354 2054//4354
f 2053//4355 2064//4355 2066//4355
f 2066//4356 2064//4356 2065//4356
f 2053//4357 2067//4357 2052//4357
f 2072//4358 2052//4358 2067//4358
f 2053//4359 2066//4359 2068//4359
f 2053//4360 2068//4360 2067//4360
f 2067//4361 2068//4361 2083//4361
f 2071//4362 2068//4362 2069//4362
f 2070//4363 2081//4363 2069//4363
f 2069//4364 2081//4364 2071//4364
f 2083//4365 2068//4365 2071//4365
f 2072//4366 2067//4367 2073//4368
f 2052//4369 2072//4369 2048//4369
f 2072//4370 2050//4370 2048//4370
f 2050//4371 2074//4371 2046//4371
f 2072//4372 2074//4372 2050//4372
f 2072//4373 2075//4373 2074//4373
f 2075//4374 2072//4366 2073//4368
f 2074//4375 2075//4375 2076//4375
f 2073//4380 2077//4381 2075//4382
f 2077//4381 2073//4380 2364//4383
f 2071//4388 2081//4388 2083//4388
f 2082//4389 2081//4389 2070//4389
f 2083//4390 2081//4390 2085//4390
f 2082//4391 2084//4392 2081//4393
f 2081//4393 2084//4392 2085//4394
f 2085//4395 2086//4395 2083//4395
f 2067//4367 2083//4396 2073//4368
f 2073//4397 2083//4397 2086//4397
f 2085//4398 2084//4398 2087//4398
f 2073//4399 2086//4399 2365//4399
f 2085//4400 2087//4400 2086//4400
f 2070//4401 2088//4401 2082//4401
f 2088//4402 2070//4402 2103//4402
f 2070//4403 2089//4403 2103//4403
f 2691//4404 2070//4405 2090//4406
f 2070//4405 2069//4407 2090//4406
f 2068//4408 2090//4408 2069//4408
f 2090//4409 2068//4409 2066//4409
f 2089//4410 2070//4410 2691//4410
f 2103//4411 2091//4411 2088//4411
f 2103//4412 2092//4412 2091//4412
f 2093//4413 2088//4413 2091//4413
f 2094//4414 2093//4414 2092//4414
f 2092//4415 2093//4415 2091//4415
f 2088//4416 2093//4416 2095//4416
f 2088//4417 2095//4418 2082//4419
f 2082//4419 2095//4418 2084//4420
f 2084//4421 2095//4421 2097//4421
f 2084//4422 2097//4422 2096//4422
f 2096//4423 2098//4423 2366//4423
f 2098//4424 2099//4424 2366//4424
f 2095//4425 2101//4425 2102//4425
f 2095//4426 2102//4426 2097//4426
f 2093//4427 2101//4427 2095//4427
f 2094//4428 2104//4428 2105//4428
f 2092//4429 2103//4429 2693//4429
f 2094//4430 2092//4430 2702//4430
f 2702//4431 2104//4431 2094//4431
f 2104//4432 2702//4432 2703//4432
f 2703//4433 2105//4433 2104//4433
f 2105//4434 2106//4434 2094//4434
f 2106//4435 2105//4435 2107//4435
f 2106//4436 2108//4436 2094//4436
f 2106//4437 2107//4437 2108//4437
f 2101//4438 2093//4438 2094//4438
f 2101//4439 2094//4439 2108//4439
f 2101//4440 2108//4440 2113//4440
f 2110//4441 2120//4441 2101//4441
f 2110//4442 2101//4442 2113//4442
f 2112//4443 2107//4444 2111//4445
f 2107//4444 2112//4443 2108//4446
f 2112//4447 2113//4448 2109//4449
f 2108//4450 2109//4450 2113//4450
f 2112//4447 2115//4451 2113//4448
f 2114//4452 2112//4453 2111//4454
f 2113//4455 2115//4455 2120//4455
f 2120//4456 2116//4456 2117//4456
f 2120//4457 2110//4457 2113//4457
f 2102//4458 2101//4458 2100//4458
f 2102//4459 2100//4459 2097//4459
f 2097//4460 2100//4460 2096//4460
f 2120//4461 2100//4461 2101//4461
f 2117//4462 2100//4462 2120//4462
f 2100//4463 2098//4463 2096//4463
f 2099//4464 2098//4464 2118//4464
f 2099//4465 2118//4465 2362//4465
f 2363//4466 2362//4466 2118//4466
f 2385//4467 2118//4467 2098//4467
f 2117//4468 2119//4468 2098//4468
f 2117//4469 2098//4469 2100//4469
f 2125//4470 2116//4470 2120//4470
f 2116//4471 2125//4471 2121//4471
f 2120//4472 2115//4472 2125//4472
f 2114//4473 2115//4473 2112//4473
f 2123//4474 2115//4475 2114//4476
f 2123//4477 2114//4477 2124//4477
f 2123//4478 2124//4478 2126//4478
f 2123//4474 2125//4479 2115//4475
f 2125//4480 2123//4480 2126//4480
f 2410//4481 2127//4481 2125//4481
f 2125//4482 2127//4482 2121//4482
f 2127//4483 2130//4483 2128//4483
f 2121//4484 2127//4484 2122//4484
f 2128//4485 2116//4485 2122//4485
f 2122//4486 2116//4486 2121//4486
f 2129//4487 2116//4487 2128//4487
f 2128//4488 2130//4488 2129//4488
f 2127//4489 2128//4489 2122//4489
f 2127//4490 3146//4490 2130//4490
f 3146//4491 2131//4491 2130//4491
f 2131//4492 2129//4492 2130//4492
f 2131//4493 2132//4493 2129//4493
f 2129//4494 2132//4494 2119//4494
f 2134//4495 2132//4495 2131//4495
f 2397//4496 2132//4496 2134//4496
f 2132//4497 2135//4497 2136//4497
f 2135//4498 2132//4498 2397//4498
f 2135//4499 2384//4499 2136//4499
f 2136//4500 2133//4500 2132//4500
f 2132//4501 2133//4501 2119//4501
f 2119//4502 2117//4502 2129//4502
f 2117//4503 2116//4503 2129//4503
f 2157//4550 2181//4550 2155//4550
f 2181//4551 2157//4551 2174//4551
f 2174//4552 2157//4552 2173//4552
f 2159//4565 2161//4565 2172//4565
f 2162//4566 1895//4566 1891//4566
f 2163//3977 1896//3979 1916//4567
f 2162//4569 1897//4569 2163//4569
f 2164//4570 2163//4570 1916//4570
f 2162//4571 2163//4571 2165//4571
f 2165//4572 2163//4572 2164//4572
f 2164//4573 1916//4573 2165//4573
f 2165//4574 2167//4574 2162//4574
f 2162//4575 2167//4575 2168//4575
f 2161//4576 2162//4576 2168//4576
f 2162//4577 2161//4577 1895//4577
f 2169//4578 2168//4578 2167//4578
f 2166//4579 2192//4579 2165//4579
f 2165//4580 2192//4580 2167//4580
f 2167//4581 2170//4581 2169//4581
f 2161//4582 2168//4582 2169//4582
f 2172//4583 2169//4583 2171//4583
f 2172//4584 2173//4584 2159//4584
f 2159//4585 2173//4585 2157//4585
f 2171//4586 2173//4586 2172//4586
f 2180//4596 2179//4596 2154//4596
f 2182//4597 2180//4597 2154//4597
f 2182//4598 2175//4598 2155//4598
f 2182//4599 2155//4599 2181//4599
f 2181//4600 2183//4600 2184//4600
f 2184//4601 2182//4601 2181//4601
f 2175//4602 2182//4602 2154//4602
f 2182//4603 2184//4603 2186//4603
f 2182//4604 2186//4604 2185//4604
f 2180//4605 2182//4605 2185//4605
f 2184//4606 2188//4606 2186//4606
f 2184//4607 2187//4607 2188//4607
f 2472//4608 2184//4608 2183//4608
f 2189//4609 2174//4610 2171//4611
f 2171//4612 2174//4612 2173//4612
f 2174//4610 2189//4609 2475//4613
f 2181//4614 2174//4614 2183//4614
f 2183//4615 2174//4615 2475//4615
f 2166//4616 2165//4616 2191//4616
f 2166//4617 2191//4617 2190//4617
f 2170//4618 2167//4618 2192//4618
f 2192//4619 2193//4619 2170//4619
f 2194//4620 2190//4620 2197//4620
f 2195//4621 2190//4621 2191//4621
f 2197//4622 2190//4622 2196//4622
f 2196//4623 2190//4623 2195//4623
f 1922//4624 2195//4624 2191//4624
f 1916//4625 2191//4625 2165//4625
f 1916//4626 2198//4626 2191//4626
f 1917//4627 2191//4627 2198//4627
f 1922//4628 2191//4628 1917//4628
f 2249//4733 2247//4730 2248//4732
f 2250//4737 2247//4737 2249//4737
f 2248//4738 2251//4738 2249//4738
f 2248//4739 2252//4739 2251//4739
f 2248//4740 1932//4740 2252//4740
f 2252//4741 1932//4741 1927//4741
f 1927//4742 1926//4742 2252//4742
f 1925//4743 2254//4743 1926//4743
f 2254//4744 1925//4744 1921//4744
f 2253//4745 1920//4745 1919//4745
f 1920//4746 2253//4746 2254//4746
f 1920//4747 2254//4747 1921//4747
f 2255//4748 1926//4748 2254//4748
f 2255//4749 2254//4749 2253//4749
f 2253//4750 2643//4750 2255//4750
f 2275//4751 2252//4752 2255//4753
f 2251//4754 2252//4754 2275//4754
f 2272//4759 2270//4759 2257//4759
f 2243//4761 2270//4761 2265//4761
f 2265//4787 2268//4787 2243//4787
f 2265//4788 2270//4788 2266//4788
f 2269//4789 2268//4790 2265//4791
f 2267//4793 2266//4793 2270//4793
f 2271//4794 2267//4794 2270//4794
f 2250//4801 2249//4801 2642//4801
f 2250//4802 2642//4802 2273//4802
f 2273//4803 2642//4803 2639//4803
f 2639//4804 2333//4804 2273//4804
f 2639//4805 2642//4805 2638//4805
f 2274//4806 2251//4807 2275//4806
f 2249//4808 2251//4808 2274//4808
f 2276//4809 2275//4809 2255//4809
f 2255//4810 2643//4810 2276//4810
f 1919//4811 1915//4811 2277//4811
f 2277//4812 1915//4812 1907//4812
f 2277//4813 1907//4813 1906//4813
f 2277//4814 2645//4814 1919//4814
f 2278//4815 2643//4815 2253//4815
f 2278//4816 2253//4816 1919//4816
f 2278//4817 1919//4817 2644//4817
f 2501//4901 2315//4901 2316//4901
f 2330//4925 2327//4925 2259//4925
f 2259//4926 2331//4926 2330//4926
f 2259//4764 2258//4766 2331//4927
f 2258//4928 2268//4928 2331//4928
f 2331//4929 2268//4790 2269//4789
f 2273//4930 2272//4931 2250//4930
f 2272//4932 2333//4932 2270//4932
f 2270//4933 2332//4933 2271//4933
f 2271//4934 2334//4934 2267//4934
f 2269//4935 2265//4935 2266//4935
f 2335//4936 2269//4936 2266//4936
f 2331//4937 2269//4937 2335//4937
f 2335//4938 2336//4938 2331//4938
f 2330//4939 2337//4939 2327//4939
f 2337//4940 2338//4940 2327//4940
f 2331//4941 2336//4941 2330//4941
f 2330//4942 2336//4942 2337//4942
f 2361//4993 2362//4993 2346//4993
f 2346//4965 2362//4994 2360//4963
f 2362//4995 2378//4995 2360//4995
f 2361//4996 2099//4996 2362//4996
f 2364//4997 2073//4997 2365//4997
f 2364//4998 2361//4998 2346//4998
f 2365//4999 2361//4999 2364//4999
f 2086//5000 2087//5000 2365//5000
f 2366//5001 2365//5001 2087//5001
f 2365//5002 2366//5002 2361//5002
f 2361//5003 2366//5003 2099//5003
f 2377//5025 2376//5025 2378//5025
f 2378//5026 2376//5026 2359//5026
f 2379//5027 2375//5028 2376//5029
f 2376//5031 2377//5031 2927//5031
f 2378//5032 2362//5032 2363//5032
f 2378//5033 2363//5033 2381//5033
f 2381//5034 2363//5034 2380//5034
f 2382//5035 2363//5035 2118//5035
f 2383//5036 2118//5036 2385//5036
f 2098//5037 2119//5038 2133//5038
f 2133//5039 2136//5039 2383//5039
f 2136//5040 2384//5041 2386//5042
f 2383//5043 2098//5043 2133//5043
f 2385//5044 2098//5044 2383//5044
f 2383//5045 2136//5040 2386//5042
f 2363//5046 2382//5046 2380//5046
f 2388//5047 2380//5047 2382//5047
f 2387//5048 2382//5048 2118//5048
f 2118//5049 2383//5049 2387//5049
f 2383//5050 2386//5050 2387//5050
f 2389//5051 2387//5051 2386//5051
f 2389//5052 2386//5052 2384//5052
f 2387//5053 2388//5053 2382//5053
f 2387//5054 2389//5055 2390//5056
f 2392//5057 2389//5057 2384//5057
f 2390//5058 2389//5058 2391//5058
f 2389//5059 2392//5059 2400//5059
f 2389//5060 2400//5060 2391//5060
f 2392//5061 2384//5061 2135//5061
f 2396//5062 2134//5062 2131//5062
f 3146//5063 2393//5063 2131//5063
f 2131//5064 2394//5064 3187//5064
f 2396//5065 2131//5065 3187//5065
f 2396//5066 2135//5066 2134//5066
f 2134//5067 2135//5067 2397//5067
f 2135//5068 2399//5068 2392//5068
f 2400//5069 2392//5069 2398//5069
f 2399//5070 2135//5070 2396//5070
f 2399//5071 2398//5071 2392//5071
f 2404//5072 2398//5072 2403//5072
f 2398//5073 2401//5073 2403//5073
f 2398//5074 2404//5074 2400//5074
f 2403//5075 2401//5075 2402//5075
f 2404//5076 2403//5076 2402//5076
f 2405//5077 2404//5078 2402//5079
f 2402//5080 2406//5080 2405//5080
f 2391//5081 2405//5081 3181//5081
f 3181//5082 2405//5083 2406//5084
f 2407//5085 2406//5086 2401//5087
f 2401//5088 2406//5088 2402//5088
f 3145//5089 2398//5089 2399//5089
f 2396//5090 3187//5090 2395//5090
f 2395//5091 2399//5091 2396//5091
f 2408//5092 2399//5092 2395//5092
f 2393//5093 2394//5093 2131//5093
f 2410//5094 2125//5094 3147//5094
f 3147//5095 2125//5095 2412//5095
f 2412//5096 2125//5096 2126//5096
f 2412//5097 2126//5097 2413//5097
f 2413//5098 2126//5098 2411//5098
f 2411//5099 2736//5099 2413//5099
f 2413//5100 2736//5100 2414//5100
f 2124//5101 2411//5101 2126//5101
f 2594//5244 2177//5244 2179//5244
f 2180//5245 2185//5245 2186//5245
f 2469//5246 2180//5246 2186//5246
f 2595//5247 2188//5247 2470//5247
f 2188//5248 2597//5248 2470//5248
f 2597//5249 2188//5249 2187//5249
f 2471//5250 2187//5250 2472//5250
f 2187//5251 2471//5251 2667//5251
f 2473//5252 2471//5252 2472//5252
f 2472//5253 2183//5253 2473//5253
f 2472//5254 2187//5254 2184//5254
f 2474//5255 2189//5255 2171//5255
f 2169//5256 2474//5256 2171//5256
f 2474//5257 2476//5257 2189//5257
f 2183//5258 2475//5258 2473//5258
f 2476//5259 2475//5259 2189//5259
f 2474//5260 2169//5260 2170//5260
f 2474//5261 2477//5261 2476//5261
f 2170//5262 2477//5262 2474//5262
f 2477//5263 2170//5263 3007//5263
f 2193//5264 3007//5264 2170//5264
f 2166//5265 2190//5265 3000//5265
f 2166//5266 3000//5266 2192//5266
f 3001//5267 2190//5267 2194//5267
f 2478//5268 3001//5268 2194//5268
f 2197//5269 2478//5269 2194//5269
f 2479//5270 2478//5270 2986//5270
f 2986//5271 2478//5271 2197//5271
f 2480//5272 2197//5272 2196//5272
f 2480//5273 2986//5273 2197//5273
f 2478//5274 2479//5274 3004//5274
f 2478//5275 3004//5275 3001//5275
f 3004//5276 2479//5276 2481//5276
f 2481//5277 2479//5277 2986//5277
f 2195//5278 2482//5278 2196//5278
f 2483//5279 2196//5279 2482//5279
f 2195//5280 1924//5280 2482//5280
f 1924//5281 2195//5281 1922//5281
f 2489//5304 2491//5304 2490//5304
f 2492//5305 2493//5305 2885//5305
f 2509//5321 2502//5321 2495//5321
f 2503//5323 2509//5323 2495//5323
f 2504//5324 2503//5324 2501//5324
f 2504//5325 2501//5325 2316//5325
f 2503//5326 2504//5326 2505//5326
f 2316//5327 2507//5327 2504//5327
f 2504//5328 2507//5328 2505//5328
f 2503//5329 2505//5329 2509//5329
f 2508//5330 2509//5330 2505//5330
f 2507//5331 2316//5331 2506//5331
f 2316//5332 2315//5332 2510//5332
f 2505//5333 2507//5333 2511//5333
f 2505//5334 2511//5335 2508//5336
f 2508//5336 2511//5335 2512//5337
f 2506//5338 2513//5338 2507//5338
f 2511//5339 2507//5339 2513//5339
f 2511//5340 2858//5340 2512//5340
f 2508//5341 2514//5341 2515//5341
f 2508//5342 2515//5342 2509//5342
f 2502//5343 2509//5343 2515//5343
f 2514//5344 2516//5344 2517//5344
f 2514//5345 2517//5345 2518//5345
f 2518//5346 2515//5346 2514//5346
f 2495//5347 2502//5347 2519//5347
f 2496//5349 2519//5349 2499//5349
f 2045//5353 2048//5353 2050//5353
f 2034//5372 2039//5372 2038//5372
f 2039//5374 2526//5374 2038//5374
f 2528//5376 2533//5376 2527//5376
f 2527//5377 2529//5377 2528//5377
f 2530//5378 2528//5378 2529//5378
f 2531//5379 2528//5379 2530//5379
f 2530//5380 2532//5380 2531//5380
f 2528//5381 2531//5381 2541//5381
f 2526//5382 2534//5382 2038//5382
f 2533//5383 2534//5383 2526//5383
f 2533//5384 2535//5384 2534//5384
f 2534//5385 2536//5385 2038//5385
f 2536//5386 2534//5386 2535//5386
f 2038//5387 2537//5387 2036//5387
f 2036//5388 2537//5388 2037//5388
f 2537//5389 2038//5389 2536//5389
f 2035//5390 2037//5390 2033//5390
f 2033//5391 3012//5391 2538//5391
f 2539//5392 2037//5392 2537//5392
f 2539//5393 2537//5393 2536//5393
f 2540//5394 2539//5394 2536//5394
f 2541//5395 2543//5395 2535//5395
f 2535//5396 2543//5396 2536//5396
f 2541//5397 2542//5397 2543//5397
f 2540//5398 2536//5398 2543//5398
f 2540//5399 2543//5399 2544//5399
f 2545//5400 2540//5400 2544//5400
f 2542//5401 2544//5401 2543//5401
f 2533//5402 2528//5402 2535//5402
f 2535//5403 2528//5403 2541//5403
f 2576//5468 1731//5468 1728//5468
f 1730//5469 1735//5469 1736//5469
f 1728//5470 1736//5470 2576//5470
f 1732//5471 2579//5471 1733//5471
f 1733//5472 2579//5472 2577//5472
f 2579//5473 1732//5473 2578//5473
f 2577//5474 2579//5474 2652//5474
f 2580//5475 2652//5475 2579//5475
f 2581//5476 2579//5476 2578//5476
f 2582//5477 1732//5477 1731//5477
f 2576//5478 1736//5478 1735//5478
f 2576//5479 2582//5479 1731//5479
f 1732//5480 2582//5480 2578//5480
f 2581//5481 2578//5481 2582//5481
f 2581//5482 2582//5482 2583//5482
f 2576//5483 1735//5483 2586//5483
f 2582//5484 2576//5484 2583//5484
f 2583//5485 2576//5485 2586//5485
f 2583//5486 2584//5487 2581//5488
f 2581//5489 2584//5489 2579//5489
f 2585//5490 2584//5487 2583//5486
f 2585//5491 2583//5491 2586//5491
f 2586//5492 1735//5492 2587//5492
f 2587//5493 1735//5493 1734//5493
f 2587//5494 1734//5494 2588//5494
f 1734//5495 1738//5495 2589//5495
f 1734//5496 2589//5496 2588//5496
f 2589//5497 1738//5497 2590//5497
f 1737//5498 1740//5498 2591//5498
f 2591//5499 2592//5499 1737//5499
f 2592//5500 1738//5500 1737//5500
f 2596//5501 2591//5501 2593//5501
f 2596//5502 2592//5502 2591//5502
f 2596//5504 2593//5504 2469//5504
f 2594//5509 2179//5509 2469//5509
f 2469//5510 2179//5510 2180//5510
f 2469//5511 2593//5511 2594//5511
f 2596//5512 2469//5512 2595//5512
f 2596//5513 2470//5513 2592//5513
f 2596//5514 2595//5514 2470//5514
f 1738//5515 2592//5515 2590//5515
f 2470//5516 2590//5516 2592//5516
f 2590//5517 2470//5517 2597//5517
f 2589//5518 2590//5518 2597//5518
f 2667//5519 2589//5519 2187//5519
f 2187//5520 2589//5520 2597//5520
f 2613//5563 1859//5563 2614//5563
f 2613//5565 2614//5565 2615//5565
f 2621//5584 1913//5585 2620//5586
f 1913//5587 2621//5587 2622//5587
f 2625//5591 2621//5584 2620//5586
f 2339//5601 2629//5601 2464//5601
f 2629//5602 2339//5602 2327//5602
f 2338//5604 2629//5604 2327//5604
f 2630//5605 2631//5605 3035//5605
f 2632//5606 2631//5606 2630//5606
f 2334//5607 2630//5607 2335//5607
f 2334//5608 2335//5608 2266//5608
f 2267//5609 2334//5609 2266//5609
f 2334//5610 2271//5610 2632//5610
f 2630//5611 2334//5611 2632//5611
f 2632//5612 2271//5612 2633//5612
f 2633//5613 2271//5613 2634//5613
f 2634//5614 2271//5614 2332//5614
f 2332//5615 2270//5615 2333//5615
f 2633//5616 2635//5616 2632//5616
f 2634//5617 2635//5617 2633//5617
f 2635//5618 2634//5618 3033//5618
f 2636//5619 2634//5619 2639//5619
f 2639//5620 2634//5620 2332//5620
f 2634//5621 2636//5621 2637//5621
f 2634//5622 2637//5622 3033//5622
f 2638//5623 2636//5623 2639//5623
f 2333//5624 2639//5624 2332//5624
f 2638//5625 2642//5625 2640//5625
f 2636//5626 2638//5626 2640//5626
f 2641//5627 2637//5627 2636//5627
f 2641//5628 2636//5628 2640//5628
f 3033//5629 2637//5629 2643//5629
f 2641//5630 2640//5630 2274//5630
f 2274//5631 2640//5631 2642//5631
f 2641//5632 2643//5632 2637//5632
f 2642//5633 2249//5633 2274//5633
f 2641//5634 2276//5634 2643//5634
f 2278//5635 3033//5635 2643//5635
f 2644//5636 1919//5636 2645//5636
f 3033//5637 2278//5637 3029//5637
f 3029//5638 2278//5638 2644//5638
f 3027//5639 2645//5639 2277//5639
f 2646//5640 2277//5641 1906//5642
f 2623//5643 1906//5643 1912//5643
f 2647//5644 2458//5644 1913//5644
f 2647//5645 1913//5645 2622//5645
f 2458//5646 2647//5646 1912//5646
f 2623//5647 1912//5647 2647//5647
f 2647//5648 2648//5648 2623//5648
f 2647//5649 2622//5649 2648//5649
f 2906//5650 2648//5650 2622//5650
f 2903//5651 2906//5651 2622//5651
f 2577//5689 2652//5690 2569//5691
f 2652//5690 2654//5692 2569//5691
f 2653//5693 2567//5693 2654//5693
f 2654//5694 2567//5694 2569//5694
f 2652//5695 2580//5695 2654//5695
f 2584//5696 2580//5696 2579//5696
f 2655//5697 2584//5697 2585//5697
f 2658//5698 2657//5698 2656//5698
f 2656//5699 2655//5700 2585//5701
f 2659//5702 2656//5699 2585//5701
f 2585//5703 2660//5703 2659//5703
f 2658//5704 2656//5704 2659//5704
f 2585//5705 2586//5705 2660//5705
f 2659//5706 2661//5706 2658//5706
f 2663//5707 2658//5707 2661//5707
f 2658//5708 2663//5708 2662//5708
f 2658//5709 2662//5709 2664//5709
f 2658//5710 2664//5710 2657//5710
f 2663//5711 2665//5712 2662//5713
f 2665//5714 2663//5714 2668//5714
f 2668//5715 2663//5715 2661//5715
f 2666//5716 2661//5716 2659//5716
f 2659//5717 2660//5717 2666//5717
f 2660//5718 2586//5718 2587//5718
f 2666//5719 2587//5719 2588//5719
f 2667//5720 2588//5720 2589//5720
f 2587//5721 2666//5721 2660//5721
f 2668//5722 2661//5722 2666//5722
f 2666//5723 2588//5723 2667//5723
f 2666//5724 2667//5725 2668//5726
f 2668//5726 2667//5725 2471//5727
f 2984//5728 2471//5728 2473//5728
f 2475//5729 2669//5729 2473//5729
f 2984//5730 2473//5730 2669//5730
f 2669//5731 2475//5731 2476//5731
f 2471//5732 2984//5732 2668//5732
f 2314//5737 2671//5737 2317//5737
f 2025//5741 2672//5741 2020//5741
f 2025//5742 2020//5742 2022//5742
f 2025//5743 2673//5743 2672//5743
f 2024//5744 2676//5745 2025//5746
f 2673//5747 2674//5747 2672//5747
f 2674//5748 2673//5748 2675//5748
f 2676//5749 2675//5749 2673//5749
f 2675//5750 2676//5750 2679//5750
f 2679//5751 3040//5752 2675//5753
f 3040//5754 2679//5754 2678//5754
f 2683//5755 2678//5755 2679//5755
f 2683//5756 2680//5756 2678//5756
f 2686//5757 2680//5757 2683//5757
f 2686//5758 2682//5758 2680//5758
f 2682//5759 2681//5759 2680//5759
f 2681//5760 2682//5760 2687//5760
f 2684//5761 2686//5761 2683//5761
f 2682//5762 2686//5762 2687//5762
f 2879//5763 2686//5763 2684//5763
f 2879//5764 2684//5764 2688//5764
f 2688//5765 2684//5765 2685//5765
f 2684//5766 2683//5766 2685//5766
f 2689//5767 2685//5767 2683//5767
f 2689//5768 2026//5768 2685//5768
f 2685//5769 2027//5769 2688//5769
f 2028//5770 2027//5770 2019//5770
f 2064//5772 2059//5772 2065//5772
f 2066//5773 2065//5773 2690//5773
f 2690//5774 2090//5774 2066//5774
f 2691//5775 2090//5775 2690//5775
f 2690//5776 2692//5776 2691//5776
f 2691//5777 2694//5777 2089//5777
f 2694//5778 2695//5778 2089//5778
f 2706//5779 2694//5779 2691//5779
f 2691//5780 2692//5780 2706//5780
f 2697//5781 2695//5781 2694//5781
f 2698//5782 2695//5782 2697//5782
f 2693//5783 2089//5783 2695//5783
f 2697//5784 2699//5784 2698//5784
f 2697//5785 2694//5785 2700//5785
f 2700//5786 2694//5786 2696//5786
f 2699//5787 2697//5787 2701//5787
f 2695//5788 2698//5788 2092//5788
f 2695//5789 2092//5789 2693//5789
f 2092//5790 2698//5790 2702//5790
f 2702//5791 2698//5791 2699//5791
f 2699//5792 2703//5792 2702//5792
f 2696//5793 2694//5793 2706//5793
f 2706//5794 2704//5794 2696//5794
f 2706//5795 2707//5795 2704//5795
f 2692//5796 2707//5796 2706//5796
f 2690//5797 2065//5797 2692//5797
f 2707//5798 2692//5798 2722//5798
f 2065//5799 2722//5799 2692//5799
f 2065//5800 2708//5800 2722//5800
f 2065//5801 2709//5801 2708//5801
f 2062//5802 2059//4341 2057//4343
f 2062//5803 2057//5803 2710//5803
f 2058//5804 2710//5804 2057//5804
f 2058//5805 2776//5805 2710//5805
f 2710//5806 2711//5806 2062//5806
f 2711//5807 2710//5807 2712//5807
f 2711//5808 2063//5808 2062//5808
f 2063//5809 2711//5809 2713//5809
f 2709//5810 2063//5810 2708//5810
f 2708//5811 2063//5811 2714//5811
f 2714//5812 2063//5812 2713//5812
f 2714//5813 2713//5813 2715//5813
f 2713//5814 2711//5814 2715//5814
f 2711//5815 2716//5815 2715//5815
f 2714//5816 2715//5816 2718//5816
f 2717//5817 2715//5817 2716//5817
f 2716//5818 2711//5818 2712//5818
f 2715//5819 2717//5819 2778//5819
f 2715//5820 2778//5820 2718//5820
f 2720//5821 2721//5821 2705//5821
f 2714//5822 2720//5822 2707//5822
f 2714//5823 2707//5823 2708//5823
f 2707//5824 2722//5824 2708//5824
f 2720//5825 2704//5825 2707//5825
f 2704//5826 2720//5826 2705//5826
f 2705//5827 2723//5827 2704//5827
f 2705//5828 2724//5828 2723//5828
f 2724//5829 2705//5829 2721//5829
f 2723//5830 2696//5830 2704//5830
f 2696//5831 2723//5831 2700//5831
f 2701//5832 2697//5832 2725//5832
f 2727//5833 2725//5833 2697//5834
f 2726//5835 2725//5833 2727//5833
f 2727//5836 2697//5836 2700//5836
f 2727//5837 2723//5837 2728//5837
f 2724//5838 2728//5838 2723//5838
f 2721//5839 2782//5839 2724//5839
f 2728//5840 2789//5840 2727//5840
f 2789//5841 2729//5841 2727//5841
f 2727//5842 2729//5842 2726//5842
f 2729//5843 2725//5843 2726//5843
f 2729//5844 2730//5844 2725//5844
f 2725//5845 2730//5846 2731//5847
f 2699//5848 2701//5848 2731//5848
f 2703//5849 2699//5849 2731//5849
f 2731//5850 2701//5850 2725//5850
f 2732//5851 2703//5851 2731//5851
f 2735//5852 2703//5852 2732//5852
f 2731//5853 2733//5853 2732//5853
f 2733//5854 2734//5854 2732//5854
f 2735//5855 2736//5855 2703//5855
f 2105//5856 2703//5856 2111//5856
f 2105//5857 2111//5857 2107//5857
f 2124//5858 2114//4452 2111//4454
f 2111//5859 2703//5859 2736//5859
f 2736//5860 2411//5860 2111//5860
f 2111//5861 2411//5861 2124//5861
f 2742//5874 2739//5874 2738//5874
f 1291//5875 2739//5875 2740//5875
f 2743//5876 1288//5876 2737//5876
f 2379//5878 2737//5878 2357//5878
f 2740//5879 2739//5879 2751//5879
f 2740//5880 2741//5880 1291//5880
f 2742//5881 2751//5881 2739//5881
f 2843//5882 2738//5872 2743//5871
f 2744//5883 2377//5883 2378//5883
f 2376//5029 2927//5884 2379//5027
f 2379//5885 2745//5885 2737//5885
f 2745//5886 2379//5886 2746//5886
f 2737//5887 2745//5887 2747//5887
f 2737//5888 2747//5888 2743//5888
f 2738//5889 2748//5890 2742//5890
f 2741//5891 2756//5891 2749//5891
f 2750//5892 2740//5892 2751//5892
f 2751//5893 2742//5893 2748//5893
f 2741//5894 2740//5894 2750//5894
f 2750//5895 2752//5895 2741//5895
f 2756//5896 2741//5896 2752//5896
f 2741//5897 2749//5897 1291//5897
f 2756//5911 2755//5911 1281//5911
f 2756//5912 1281//5912 2749//5912
f 2755//5913 2756//5913 2762//5913
f 2755//5917 2758//5917 2757//5917
f 2759//5918 2754//5918 2757//5918
f 2757//5919 2758//5919 2759//5919
f 2761//5920 2758//5920 2755//5920
f 1939//4062 2754//4064 1940//5921
f 1940//5922 2754//5922 2759//5922
f 2758//5923 2760//5924 2759//5923
f 2835//5925 2760//5925 2761//5925
f 2759//5926 2763//5926 1940//5926
f 2763//5927 2759//5927 2774//5927
f 2760//5928 2835//5928 2759//5928
f 2759//5929 2832//5929 2774//5929
f 1940//5930 2764//5930 1939//5930
f 2765//5931 1939//5931 2764//5931
f 1940//5939 2772//5939 2764//5939
f 2770//5940 2817//5940 2768//5940
f 2772//5941 2770//5941 2768//5941
f 2772//5942 2768//5942 2765//5942
f 2772//5943 2765//5943 2764//5943
f 2770//5944 2775//5944 2771//5944
f 2773//5945 2771//5945 2775//5945
f 2774//5946 2773//5946 2763//5947
f 2763//5948 2773//5948 2775//5948
f 2772//5949 2775//5949 2770//5949
f 2763//5950 2775//5950 1940//5950
f 1940//5951 2775//5951 2772//5951
f 2058//5952 2061//5952 2060//5952
f 2060//5953 2776//5953 2058//5953
f 2777//5954 2776//5954 2060//5954
f 2710//5955 2776//5955 2970//5955
f 2719//5956 2779//5956 2718//5956
f 2718//5957 2779//5957 2714//5957
f 2719//5958 2718//5958 2778//5958
f 2719//5959 2778//5959 2780//5959
f 2719//5960 2784//5960 2779//5960
f 2714//5961 2779//5961 2720//5961
f 2720//5962 2779//5962 2781//5962
f 2720//5963 2782//5963 2721//5963
f 2782//5964 2720//5964 2781//5964
f 2724//5965 2782//5965 2783//5965
f 2724//5966 2783//5966 2728//5966
f 2789//5967 2728//5967 2786//5967
f 2779//5968 2784//5968 2781//5968
f 2785//5969 2781//5969 2784//5969
f 2783//5970 2786//5970 2728//5970
f 2782//5971 2781//5971 2785//5971
f 2782//5972 2788//5972 2783//5972
f 2783//5973 2788//5974 2786//5975
f 2782//5976 2785//5976 2788//5976
f 2788//5977 2797//5977 2786//5977
f 2786//5978 2791//5978 2787//5978
f 2786//5979 2787//5979 2789//5979
f 2789//5980 2730//5980 2729//5980
f 2730//5981 2789//5981 2787//5981
f 2731//5847 2730//5846 2733//5982
f 2730//5983 2787//5983 2791//5984
f 2730//5985 2790//5985 2733//5985
f 2735//5986 2732//5986 3132//5986
f 2734//5987 2733//5987 2790//5987
f 2792//5988 2730//5988 2797//5988
f 2792//5989 2794//5990 2730//5991
f 2730//5991 2794//5990 2790//5992
f 2794//5993 2792//5993 2793//5993
f 3121//5994 2793//5994 2792//5994
f 2797//5995 2730//5995 2791//5995
f 2795//5996 3121//5996 2792//5996
f 2796//5997 2792//5997 2797//5997
f 2797//5998 2791//5998 2786//5998
f 2811//5999 2788//5999 2785//5999
f 2788//6000 2796//6000 2797//6000
f 2811//6001 2796//6002 2788//6003
f 2795//6004 2799//6004 2800//6004
f 3121//6005 2795//6005 2800//6005
f 2795//6006 2798//6006 2799//6006
f 2795//6007 2804//6007 2798//6007
f 2798//6008 3082//6008 2801//6008
f 2802//6009 2798//6009 2804//6009
f 2803//6010 2804//6010 2795//6010
f 2802//6011 2805//6011 2798//6011
f 2798//6012 2805//6012 3082//6012
f 2806//6013 2802//6013 2804//6013
f 2807//6014 2806//6014 2804//6014
f 3080//6015 3088//6015 2807//6015
f 2808//6016 2803//6016 2795//6016
f 2795//6017 2792//6017 2808//6017
f 2803//6018 2807//6018 2804//6018
f 2803//6019 2809//6019 2807//6019
f 2803//6020 2808//6020 2809//6020
f 2807//6021 2809//6021 3080//6021
f 3080//6022 2809//6022 3071//6022
f 2810//6023 2809//6023 2811//6023
f 2811//6024 2809//6024 2808//6024
f 2808//6025 2812//6025 2811//6025
f 2809//6026 2810//6026 2813//6026
f 2810//6027 2811//6027 2785//6027
f 2813//6028 2785//6028 2784//6028
f 2813//6029 2810//6029 2785//6029
f 2987//6035 2819//6035 1936//6035
f 2820//6043 2817//6043 2822//6043
f 2821//6044 2822//6044 2824//6044
f 2823//6045 2824//6046 2822//6047
f 1936//6051 2819//6051 2826//6051
f 2824//6046 2823//6045 2827//6052
f 2824//6053 2827//6053 2826//6053
f 2823//6054 2822//6054 2825//6054
f 2823//6055 2871//6056 2827//6057
f 2831//6058 2681//6058 2825//6058
f 2680//6059 2681//6059 2831//6059
f 2770//6060 2831//6060 2825//6060
f 2770//6061 2825//6061 2822//6061
f 2770//6062 2822//6062 2817//6062
f 2771//6063 2773//6064 2829//6065
f 2829//6066 2773//6066 2774//6066
f 2829//6065 2830//6067 2771//6063
f 2831//6068 2771//6068 2830//6068
f 2831//6069 2770//6069 2771//6069
f 2832//6070 2829//6070 2774//6070
f 2834//6071 2830//6071 2829//6071
f 2834//6072 2829//6072 2832//6072
f 2832//6073 2759//6073 2835//6073
f 2761//6074 2846//6074 2835//6074
f 2762//6075 2846//6075 2761//6075
f 2761//6076 2760//6076 2758//6076
f 2755//6077 2762//6077 2761//6077
f 2835//6078 2849//6078 2832//6078
f 2845//6079 2762//6079 2836//6079
f 2845//6080 2836//6081 2847//6082
f 2836//6083 2762//6083 2756//6083
f 2756//6084 2752//6084 2836//6084
f 2750//6085 2751//6085 2837//6085
f 2839//6086 2750//6086 2837//6086
f 2839//6087 2752//6087 2750//6087
f 2752//6088 2838//6088 2847//6088
f 2752//6089 2847//6082 2836//6081
f 2838//6090 2752//6090 2839//6090
f 2838//6091 2839//6091 2840//6091
f 2841//6092 2840//6092 2837//6092
f 2837//6093 2840//6093 2839//6093
f 2748//6094 2837//6094 2751//6094
f 2748//6095 2738//6095 2843//6095
f 2748//6096 2843//6097 2842//6098
f 2748//6096 2842//6098 2844//6099
f 2837//6100 2748//6100 2844//6100
f 2845//6101 2846//6101 2762//6101
f 2835//6102 2846//6102 2849//6102
f 2846//6103 2851//6103 2849//6103
f 2830//6104 2834//6105 2833//6106
f 2833//6106 2834//6105 2848//6107
f 2848//6108 2834//6109 2849//6110
f 2849//6110 2834//6109 2832//6111
f 2850//6112 2849//6112 2860//6112
f 2860//6113 2849//6113 2851//6113
f 2852//6114 2851//6114 2846//6114
f 2846//6115 2845//6115 2852//6115
f 2841//6116 2855//6116 2840//6116
f 2840//6117 2855//6117 2853//6117
f 2853//6118 2856//6118 2840//6118
f 2840//6119 2856//6119 2838//6119
f 2838//6120 2856//6120 2847//6120
f 2856//6121 2859//6121 2847//6121
f 2847//6122 2858//6122 2845//6122
f 2845//6123 2858//6123 2852//6123
f 2858//6124 2847//6124 2859//6124
f 2851//6125 2852//6125 2860//6125
f 2513//6126 2860//6126 2852//6126
f 2510//6127 2506//6127 2316//6127
f 2317//4904 2510//6128 2315//4902
f 2861//6129 2510//6129 2317//6130
f 2672//6131 2674//6131 2670//6131
f 2674//6132 2671//6132 2670//6132
f 2317//6133 2671//6133 2861//6133
f 2861//6134 2671//6134 2862//6134
f 2862//6135 2671//6135 2674//6135
f 2862//6136 2674//6136 2675//6136
f 2862//6137 2675//6137 2866//6137
f 3040//5752 2866//6138 2675//5753
f 2861//6139 2862//6139 2510//6139
f 2506//6140 2510//6140 2863//6140
f 2864//6141 2506//6142 2863//6143
f 2865//6144 2864//6144 2863//6144
f 2866//6145 2865//6145 2863//6145
f 2866//6146 3040//6146 3039//6146
f 2866//6147 3039//6147 2865//6147
f 2865//6148 3039//6148 2864//6148
f 2866//6149 2863//6149 2862//6149
f 2862//6150 2863//6150 2510//6150
f 2530//6153 2549//6153 2867//6153
f 2529//6154 2549//6154 2530//6154
f 2867//6156 2560//6156 2570//6156
f 2867//6157 2570//6157 2868//6157
f 2873//6159 2570//6159 2571//6159
f 2873//6160 2571//6160 2823//6160
f 2823//6161 2571//6161 2870//6161
f 2870//6162 2571//6162 2869//6162
f 2869//6163 2567//6163 2653//6163
f 2869//6164 2653//6164 2870//6164
f 2653//6165 2872//6165 2870//6165
f 2870//6166 2982//6166 2871//6166
f 2570//6167 2873//6167 2874//6167
f 2570//6168 2874//6168 2868//6168
f 2867//6169 2868//6169 2530//6169
f 2530//6170 2868//6170 2532//6170
f 2687//6171 2873//6172 2823//6173
f 2681//6174 2823//6173 2825//6175
f 2681//6174 2687//6171 2823//6173
f 2873//6176 2875//6177 2874//6178
f 2687//6179 2875//6177 2873//6176
f 2532//6180 2868//6180 2874//6180
f 2875//6181 2876//6181 2874//6181
f 2874//6182 2876//6182 2532//6182
f 2876//6183 2531//6183 2532//6183
f 2531//6184 2876//6184 2877//6184
f 2875//6185 2687//6185 2686//6185
f 2875//6186 2686//6187 2879//6188
f 2875//6186 2879//6188 2878//6189
f 2688//6190 2027//6190 2028//6190
f 2879//6191 2688//6191 2882//6191
f 2688//6192 2028//6192 2882//6192
f 2882//6193 2028//6193 2029//6193
f 2881//6194 2882//6194 2029//6194
f 2882//6195 2545//6195 2879//6195
f 2879//6196 2545//6196 2880//6196
f 2879//6188 2880//6197 2878//6189
f 2876//6198 2875//6198 2877//6198
f 2877//6199 2875//6199 2878//6199
f 2877//6200 2541//6200 2531//6200
f 2877//6201 2878//6201 2542//6201
f 2877//6202 2542//6202 2541//6202
f 2612//6206 2890//6206 1862//6206
f 1860//6208 2890//6208 2614//6208
f 2883//6209 2612//6210 2487//6211
f 2490//6212 2611//6212 2489//6212
f 2490//6213 2884//6213 2611//6213
f 2487//6214 2611//6214 2883//6214
f 2883//6209 2894//6215 2612//6210
f 2893//6216 2612//6216 2894//6216
f 2886//6217 2883//6217 2611//6217
f 2490//6218 2491//6218 2884//6218
f 2889//6219 2611//6219 2884//6219
f 2492//6220 2885//6221 2491//6222
f 2884//6223 2491//6223 2889//6223
f 2611//6224 2889//6224 2886//6224
f 2887//6225 2491//6225 2885//6225
f 2887//6226 2888//6226 2491//6226
f 2491//6227 2888//6227 2889//6227
f 2893//6228 2890//6228 2612//6228
f 2892//6229 2890//6229 2891//6229
f 2890//6230 2892//6230 2614//6230
f 2891//6231 2890//6231 2893//6231
f 2891//6232 2898//6232 2892//6232
f 2893//6233 2895//6233 2891//6233
f 2891//6234 2896//6234 2898//6234
f 2898//6235 2896//6235 2897//6235
f 2897//6236 2887//6236 2898//6236
f 2892//6237 2898//6237 2614//6237
f 2898//6238 2615//6238 2614//6238
f 2898//6239 2493//6240 2615//6241
f 2615//6241 2493//6240 2488//6242
f 2488//6243 2613//6244 2615//6245
f 2625//6247 2899//6247 2900//6247
f 2899//6249 2628//6249 2900//6249
f 2901//6250 2628//6250 2464//6250
f 2629//6251 2901//6251 2464//6251
f 2900//6252 2621//6252 2625//6252
f 2621//6253 2903//6253 2622//6254
f 2902//6255 2621//6255 2900//6255
f 2903//6256 2621//6256 2902//6256
f 2904//6257 2903//6257 2902//6257
f 2904//6258 2902//6258 2905//6258
f 2905//6259 3023//6259 2904//6259
f 2904//6260 2906//6260 2903//6260
f 2906//6261 2907//6261 2648//6261
f 2907//6262 2906//6262 2904//6262
f 2905//6263 2901//6263 3023//6263
f 2900//6264 2628//6264 2905//6264
f 2628//6265 2901//6265 2905//6265
f 2902//6266 2900//6266 2905//6266
f 2913//6267 2498//6267 2520//6267
f 2913//6268 2908//6268 2498//6268
f 2498//6269 2908//6269 1789//6269
f 1786//6270 1789//6270 1790//6270
f 1790//6271 2909//6271 1785//6271
f 2060//6272 1791//6272 2909//6272
f 2910//6273 1790//6273 1789//6273
f 2520//6274 2496//6274 2499//6274
f 2520//6275 2911//6275 2912//6275
f 2520//6276 2912//6276 2913//6276
f 2908//6277 2913//6277 2912//6277
f 2499//6278 2519//6278 2502//6278
f 2914//6279 2502//6280 2515//6279
f 2914//6281 2499//6281 2502//6281
f 2499//6282 2914//6282 2520//6282
f 2911//6283 2520//6283 2914//6283
f 2518//6284 2911//6284 2914//6284
f 2518//6285 2914//6285 2515//6285
f 2518//6286 2517//6286 2915//6286
f 2516//6287 2946//6287 2517//6287
f 2946//6288 2915//6288 2517//6288
f 2916//6289 2915//6289 2946//6289
f 2514//6290 2508//6291 2512//6292
f 2514//6290 2512//6292 2516//6293
f 2513//6294 2506//6294 2860//6294
f 2513//6295 2852//6295 2511//6295
f 2511//6296 2852//6296 2858//6296
f 2917//6297 2859//6297 2856//6297
f 2917//6298 2856//6298 2853//6298
f 2917//6299 2853//6299 2857//6299
f 2857//6300 2853//6301 2855//6302
f 2857//6303 2918//6303 2917//6303
f 2917//6304 2919//6304 2859//6304
f 2859//6305 2919//6305 2512//6305
f 2918//6306 2919//6306 2917//6306
f 2920//6307 2919//6307 2918//6307
f 2919//6308 2920//6308 2516//6308
f 2919//6309 2516//6309 2512//6309
f 2512//6310 2858//6310 2859//6310
f 2857//6311 2920//6311 2918//6311
f 2920//6312 2857//6312 2921//6312
f 2857//6300 2855//6302 2921//6313
f 2854//6314 2943//6314 2841//6314
f 2854//6315 2841//6316 2837//6317
f 2854//6318 2842//6318 2922//6318
f 2837//6317 2844//6319 2854//6315
f 2842//6320 2854//6320 2844//6320
f 2958//6321 2842//6321 2843//6321
f 2843//6322 2743//6322 2923//6322
f 2923//6323 2743//6323 2747//6323
f 2923//6324 2747//6324 2924//6324
f 2747//6325 2925//6325 2924//6325
f 2926//6326 2924//6326 2925//6326
f 2745//6327 2925//6327 2747//6327
f 2925//6328 2745//6328 2746//6328
f 2927//6329 2746//6329 2379//6329
f 2927//6330 2928//6330 2746//6330
f 2928//6331 2927//6331 2377//6331
f 2928//6332 2377//6332 2744//6332
f 2744//6333 2378//6333 2381//6333
f 2388//6334 2387//6334 2929//6334
f 2929//6335 2387//5054 2390//5056
f 2929//6336 2931//6336 2388//6336
f 2380//6337 2388//6337 2931//6337
f 2381//6338 3054//6338 2744//6338
f 2744//6339 2938//6339 2928//6339
f 2938//6340 2934//6340 2928//6340
f 2926//6341 2925//6341 2746//6341
f 2746//6342 2932//6342 2926//6342
f 2932//6343 2746//6343 2928//6343
f 2923//6344 2924//6344 2941//6344
f 2843//6345 2923//6345 2941//6345
f 2933//6346 2924//6346 2926//6346
f 2934//6347 2932//6347 2928//6347
f 2932//6348 2934//6348 2926//6348
f 2924//6349 2933//6349 2941//6349
f 2934//6350 2933//6350 2926//6350
f 2934//6351 2935//6351 2933//6351
f 2935//6352 2934//6352 2936//6352
f 2934//6353 2938//6353 2936//6353
f 2937//6354 2936//6354 2938//6354
f 2938//6355 2744//6355 3054//6355
f 2936//6356 2937//6356 2939//6356
f 2941//6357 2933//6357 2957//6357
f 2957//6358 2933//6358 2940//6358
f 2940//6359 2933//6359 2935//6359
f 2941//6360 2957//6360 2956//6360
f 2958//6361 2843//6361 2941//6361
f 2958//6362 2942//6362 2842//6362
f 2842//6363 2942//6363 2922//6363
f 2943//6364 2855//6364 2841//6365
f 2943//6366 2854//6366 2922//6366
f 2943//6367 2922//6367 2944//6367
f 2920//6368 2916//6368 2946//6368
f 2920//6369 2946//6369 2516//6369
f 2920//6370 2921//6370 2916//6370
f 2947//6371 2921//6371 2945//6371
f 2921//6372 2947//6372 2916//6372
f 2915//6373 2916//6374 2948//6375
f 2518//6376 2915//6376 2949//6376
f 2911//6377 2518//6377 2949//6377
f 2911//6378 2949//6378 2950//6378
f 2949//6379 2915//6373 2948//6375
f 2948//6380 2916//6380 2947//6380
f 2945//6381 2951//6381 2947//6381
f 2947//6382 2951//6382 2948//6382
f 2952//6383 2948//6383 2951//6383
f 2953//6384 2978//6384 2951//6384
f 2951//6385 2944//6386 2953//6387
f 2945//6388 2921//6388 2855//6388
f 2954//6389 2855//6389 2943//6389
f 2855//6390 2954//6390 2945//6390
f 2943//6391 2944//6391 2954//6391
f 2945//6392 2954//6392 2951//6392
f 2955//6393 2944//6393 2922//6393
f 2956//6394 2959//6394 2942//6394
f 2958//6395 2956//6395 2942//6395
f 2956//6396 2957//6396 2959//6396
f 2959//6397 2957//6397 2960//6397
f 2940//6398 2960//6398 2957//6398
f 2960//6399 2940//6400 2935//6401
f 2960//6402 3130//6402 2961//6402
f 2960//6403 2962//6403 2959//6403
f 2962//6404 2960//6404 2961//6404
f 2959//6405 2922//6405 2942//6405
f 2955//6406 2922//6406 2959//6406
f 2955//6407 2959//6407 2963//6407
f 2963//6408 2959//6408 2962//6408
f 2963//6409 2962//6409 2961//6409
f 2963//6410 2961//6410 2964//6410
f 2955//6411 2965//6411 2944//6411
f 2951//6385 2954//6412 2944//6386
f 2978//6413 2952//6413 2951//6413
f 2952//6414 2966//6414 2948//6414
f 2966//6415 2949//6415 2948//6415
f 2967//6416 2949//6416 2966//6416
f 2967//6417 2950//6417 2949//6417
f 2966//6418 2978//6418 2967//6418
f 2950//6419 2912//6419 2911//6419
f 1789//6420 2908//6420 2971//6420
f 2910//6421 2968//6421 1790//6421
f 1790//6422 2968//6422 2909//6422
f 2909//6423 2968//6424 2777//6425
f 2909//6423 2777//6425 2060//6426
f 2968//6427 2969//6427 2777//6427
f 2969//6428 2776//6428 2777//6428
f 2969//6429 2970//6429 2776//6429
f 2970//6430 2969//6430 2973//6430
f 2968//6431 2973//6431 2969//6431
f 2910//6432 1789//6432 2971//6432
f 2971//6433 2908//6433 2972//6433
f 2908//6434 2912//6434 2972//6434
f 2971//6435 2973//6435 2910//6435
f 2972//6436 2912//6436 2950//6436
f 2971//6437 2974//6437 2973//6437
f 2910//6438 2973//6438 2968//6438
f 2974//6439 2971//6439 2972//6439
f 2974//6440 2972//6440 2950//6440
f 2967//6441 2974//6441 2950//6441
f 2974//6442 2976//6442 2975//6442
f 2974//6443 2975//6443 2973//6443
f 2973//6444 2975//6444 2970//6444
f 2977//6445 2712//6445 2970//6445
f 2967//6446 2976//6446 2974//6446
f 2970//6447 2975//6447 2977//6447
f 2712//6448 2977//6448 2716//6448
f 2976//6449 2967//6449 2978//6449
f 2976//6450 2979//6450 2975//6450
f 2979//6451 2976//6451 2980//6451
f 2980//6452 2976//6452 2978//6452
f 2978//6453 2981//6453 2980//6453
f 2966//6454 2952//6454 2978//6454
f 1971//6456 1985//6456 1968//6456
f 1942//6457 1969//6457 1970//6457
f 2871//6056 2823//6055 2870//6458
f 2871//6459 2828//6459 2827//6459
f 2982//6460 2828//6460 2871//6460
f 2872//6461 2982//6461 2870//6461
f 2653//6462 2654//6462 2872//6462
f 2872//6463 2654//6463 2580//6463
f 2982//6464 2580//6464 2828//6464
f 2584//6465 2655//6465 2580//6465
f 2580//6466 2655//6466 2828//6466
f 2657//6467 2828//6467 2655//6467
f 2657//6468 2655//6468 2656//6468
f 2827//6469 2828//6469 2826//6469
f 2826//6470 2828//6470 2657//6470
f 2480//6471 2664//6471 2662//6471
f 2665//6472 2668//6472 2983//6472
f 2983//6473 2668//6473 2984//6473
f 2983//6474 2986//6474 2985//6474
f 2986//6475 2983//6475 2997//6475
f 2480//6476 2196//6476 2483//6476
f 2986//6477 2662//5713 2985//6478
f 2662//6479 2986//6479 2480//6479
f 2480//6480 2483//6480 1936//6480
f 2987//6481 1936//6481 2483//6481
f 2987//6482 2483//6482 1934//6482
f 2483//6483 2482//6483 1934//6483
f 2272//6484 2273//6484 2333//6484
f 2022//6485 2020//6485 2021//6485
f 2084//6486 2366//6486 2087//6486
f 2366//6487 2084//6487 2096//6487
f 2988//6488 2015//6488 2989//6488
f 2989//6489 2015//6489 1492//6489
f 1492//6490 2032//6490 2989//6490
f 2989//6491 2990//6491 2992//6491
f 2989//6492 2032//6492 2990//6492
f 2990//6493 2991//6493 2992//6493
f 2988//6494 2989//6494 2992//6494
f 2993//6495 2988//6495 2992//6495
f 2991//6496 2994//6496 2992//6496
f 2992//6497 2994//6497 2993//6497
f 2988//6498 2993//6498 2015//6498
f 2993//6499 2995//6499 2015//6499
f 3020//6500 2994//6500 2991//6500
f 2996//6501 2991//6501 2990//6501
f 2538//6502 2990//6502 2032//6502
f 2032//6503 2031//6503 2538//6503
f 2031//6504 2033//6504 2538//6504
f 2664//6505 1936//6505 2826//6505
f 2480//6506 1936//6506 2664//6506
f 2664//6507 2826//6507 2657//6507
f 2103//6508 2089//6508 2693//6508
f 2665//6509 2983//6509 2985//6509
f 2665//5712 2985//6478 2662//5713
f 2169//6510 2172//6510 2161//6510
f 2982//6511 2872//6511 2580//6511
f 1970//6512 1987//6513 1986//6514
f 1970//6512 1986//6514 1971//6515
f 1987//6516 1970//6516 1975//6516
f 2983//6517 2984//6517 2997//6517
f 2998//6518 2997//6518 2984//6518
f 2997//6519 3005//6519 3004//6519
f 2998//6520 3005//6520 2997//6520
f 2669//6521 2998//6521 2984//6521
f 3000//6522 2190//6522 3001//6522
f 3001//6523 3009//6523 3000//6523
f 3001//6524 3004//6524 3002//6524
f 3009//6525 3001//6525 3002//6525
f 3002//6526 3008//6526 3009//6526
f 3008//6527 3002//6527 3003//6527
f 2986//6528 2997//6528 2481//6528
f 2481//6529 2997//6529 3004//6529
f 2669//6530 2999//6530 2998//6530
f 2669//6531 2476//6531 2477//6531
f 2669//6532 2477//6532 2999//6532
f 2999//6533 3005//6533 2998//6533
f 3003//6534 3005//6534 2999//6534
f 3005//6535 3003//6535 3004//6535
f 3004//6536 3003//6536 3002//6536
f 3003//6537 2999//6537 2477//6537
f 3003//6538 2477//6539 3007//6540
f 2192//6541 3000//6541 2193//6541
f 2193//6542 3006//6542 3007//6542
f 2193//6543 3008//6543 3006//6543
f 3000//6544 3008//6544 2193//6544
f 3008//6545 3000//6545 3009//6545
f 3008//6546 3003//6546 3006//6546
f 3003//6538 3007//6540 3006//6547
f 1974//6548 1954//6548 1977//6548
f 1944//6549 1974//6549 1973//6549
f 1973//6550 1974//6550 1977//6550
f 1981//6551 1958//6551 1980//6551
f 1958//6552 1981//6553 1957//6554
f 1957//6554 1981//6553 1954//6555
f 1980//6556 1978//6556 1981//6556
f 2033//6557 2037//6557 3012//6557
f 3011//6558 2990//6558 2538//6558
f 2539//6559 2540//6559 3010//6559
f 2545//6560 3010//6560 2540//6560
f 3012//6561 2037//6561 3017//6561
f 3012//6562 3013//6562 3011//6562
f 3012//6563 3011//6563 2538//6563
f 2996//6564 2990//6564 3011//6564
f 3012//6565 3017//6565 3013//6565
f 3013//6566 2996//6566 3011//6566
f 2996//6567 3013//6567 3014//6567
f 2996//6568 3014//6568 3015//6568
f 2991//6569 2996//6569 3015//6569
f 3013//6570 3016//6570 3014//6570
f 3018//6571 3014//6571 3016//6571
f 3017//6572 3016//6572 3013//6572
f 3017//6573 2037//6573 2539//6573
f 3010//6574 3018//6574 3016//6574
f 3010//6575 3016//6575 2539//6575
f 3016//6576 3017//6576 2539//6576
f 2880//6577 2545//6577 2544//6577
f 3014//6578 3018//6578 3015//6578
f 3018//6579 3010//6579 3019//6579
f 3010//6580 2545//6580 3019//6580
f 3019//6581 3020//6581 3018//6581
f 3020//6582 3015//6582 3018//6582
f 3019//6583 3021//6583 3020//6583
f 2993//6584 3020//6584 3021//6584
f 2881//6585 2995//6585 2993//6585
f 2029//6586 2995//6586 2881//6586
f 3019//6587 2881//6587 3021//6587
f 3021//6588 2881//6588 2993//6588
f 3015//6589 3020//6589 2991//6589
f 3020//6590 2993//6590 2994//6590
f 2629//6591 2338//6591 3022//6591
f 2629//6592 3022//6592 2901//6592
f 3023//6593 2901//6593 3022//6593
f 2904//6594 3023//6594 2907//6594
f 2623//6595 2646//6595 1906//6595
f 2646//5640 3026//6596 2277//5641
f 2646//6597 2623//6597 3024//6597
f 2907//6598 3048//6598 2648//6598
f 3024//6599 2648//6600 3025//6601
f 3025//6602 2648//6602 3048//6602
f 2648//6600 3024//6599 2623//6603
f 3024//6604 3025//6604 3026//6604
f 3024//6605 3026//6605 2646//6605
f 3026//6606 3027//6606 2277//6606
f 2645//6607 3027//6607 3028//6607
f 3028//6608 3029//6608 2645//6608
f 3030//6609 3029//6610 3028//6611
f 3028//6612 3031//6612 3032//6612
f 3028//6611 3032//6613 3030//6609
f 2645//6614 3029//6614 2644//6614
f 3030//6615 3033//6615 3029//6615
f 3033//6616 3030//6616 3032//6616
f 3033//6617 3032//6617 2635//6617
f 3027//6618 3043//6618 3028//6618
f 2631//6619 2632//6619 2635//6619
f 2630//6620 3035//6620 2335//6620
f 2336//6621 2335//6621 3035//6621
f 2336//6622 3035//6622 3036//6622
f 2336//6623 3036//6623 2337//6623
f 2338//6624 2337//6624 3036//6624
f 3037//6625 3036//6625 3035//6625
f 3034//6626 3035//6626 2631//6626
f 3037//6627 3035//6627 3038//6627
f 3034//6628 3038//6628 3035//6628
f 2252//4752 1926//6629 2255//4753
f 2023//6630 2026//6630 2689//6630
f 2023//6631 2689//6631 2677//6631
f 2024//6632 2023//6633 2677//6634
f 2025//5746 2676//5745 2673//6635
f 2679//6636 2676//6636 2677//6636
f 2676//6637 2024//6632 2677//6634
f 2700//6638 2723//6638 2727//6638
f 2710//6639 2970//6639 2712//6639
f 2186//6640 2595//6640 2469//6640
f 2595//6641 2186//6641 2188//6641
f 2864//6141 2860//6642 2506//6142
f 2860//6643 2864//6643 2850//6643
f 2848//6644 2849//6644 3039//6644
f 3039//6645 2849//6645 2850//6645
f 2848//6646 3039//6646 2833//6646
f 3040//6647 2833//6647 3039//6647
f 2833//6648 3040//6648 2678//6648
f 2864//6649 3039//6649 2850//6649
f 3022//6650 2338//6650 3036//6650
f 3023//6651 3022//6651 3036//6651
f 3037//6652 3038//6652 3041//6652
f 3037//6653 3041//6653 3042//6653
f 3044//6654 3034//6654 2631//6654
f 2276//6655 2274//6655 2275//6655
f 2276//6656 2641//6656 2274//6656
f 2833//6657 2678//6657 2830//6657
f 2831//6658 2830//6658 2680//6658
f 2680//6659 2830//6659 2678//6659
f 2679//6660 2689//6660 2683//6660
f 2677//6661 2689//6661 2679//6661
f 2030//6662 2995//6662 2029//6662
f 2885//6663 2493//6663 2898//6663
f 2112//6664 2109//6664 2108//6664
f 2544//6665 2542//6665 2878//6665
f 2544//6666 2878//6666 2880//6666
f 2881//6667 3019//6667 2545//6667
f 2881//6668 2545//6668 2882//6668
f 3045//6669 2888//6669 2887//6669
f 2887//6670 2897//6670 3045//6670
f 2886//6671 2889//6671 2888//6671
f 2883//6672 2886//6673 2894//6674
f 2894//6675 2895//6675 2893//6675
f 2896//6676 2891//6676 2895//6676
f 2888//6677 3046//6677 2886//6677
f 3045//6678 3046//6678 2888//6678
f 2886//6679 3046//6679 3047//6679
f 2886//6680 3047//6680 2895//6680
f 2886//6673 2895//6681 2894//6674
f 2896//6682 3046//6683 3045//6684
f 2896//6685 3045//6685 2897//6685
f 3046//6683 2896//6682 3047//6686
f 2896//6687 2895//6687 3047//6687
f 3042//6688 3036//6688 3037//6688
f 3027//6689 3042//6689 3041//6689
f 3041//6690 3038//6690 3043//6690
f 3034//6691 3043//6691 3038//6691
f 3044//6692 2631//6692 2635//6692
f 3044//6693 3031//6693 3034//6693
f 3043//6694 3034//6694 3031//6694
f 3032//6695 3044//6695 2635//6695
f 3032//6696 3031//6696 3044//6696
f 3031//6697 3028//6697 3043//6697
f 3027//6698 3041//6698 3043//6698
f 3048//6699 3023//6699 3036//6699
f 2907//6700 3023//6700 3048//6700
f 3048//6701 3036//6701 3042//6701
f 3049//6702 2929//6702 2930//6702
f 2930//6703 2929//6703 2390//6703
f 2391//6704 2400//6704 2405//6704
f 2390//6705 2391//6705 2930//6705
f 2405//5077 2400//6706 2404//5078
f 3050//6707 2391//6707 3181//6707
f 2930//6708 2391//6708 3050//6708
f 3051//6709 2930//6709 3050//6709
f 3050//6710 3063//6711 3051//6712
f 2930//6713 3051//6713 3049//6713
f 3049//6714 3052//6714 3057//6714
f 3052//6715 3053//6716 3057//6717
f 2929//6718 3049//6718 2931//6718
f 2931//6719 3054//6719 2380//6719
f 2380//6720 3054//6720 2381//6720
f 3056//6721 2938//6721 3054//6721
f 3055//6722 2931//6722 3049//6722
f 2931//6723 3055//6723 3054//6723
f 3055//6724 3056//6724 3054//6724
f 3057//6725 3055//6725 3049//6725
f 3055//6726 3057//6726 3056//6726
f 2938//6727 3056//6727 3053//6727
f 3053//6716 3056//6728 3057//6717
f 3052//6729 3049//6729 3051//6729
f 3137//6730 3052//6730 3051//6730
f 3052//6731 3058//6731 3053//6731
f 3053//6732 3058//6732 2938//6732
f 2938//6733 3058//6733 2937//6733
f 2937//6734 3059//6734 2939//6734
f 3060//6735 2939//6735 3059//6735
f 3059//6736 2937//6736 3058//6736
f 3059//6737 3062//6737 3061//6737
f 3059//6738 3058//6738 3062//6738
f 3062//6739 3063//6739 3061//6739
f 3059//6740 3061//6740 3060//6740
f 3064//6741 2936//6741 2939//6741
f 3064//6742 2939//6742 3068//6742
f 3065//6743 3064//6743 3068//6743
f 3066//6744 3063//6744 3067//6744
f 3067//6745 3063//6745 3139//6745
f 2939//6746 3060//6746 3068//6746
f 3060//6747 3066//6747 3068//6747
f 3068//6748 3066//6748 3067//6748
f 3130//6749 3064//6749 2961//6749
f 3064//6750 3065//6750 2961//6750
f 2961//6751 3065//6751 2964//6751
f 2964//6752 3069//6753 2963//6754
f 3069//6755 2955//6755 2963//6755
f 3093//6756 2944//6756 2965//6756
f 3069//6757 2965//6757 2955//6757
f 2887//6758 2885//6758 2898//6758
f 3042//6759 3025//6759 3048//6759
f 3025//6760 3042//6760 3026//6760
f 3026//6761 3042//6761 3027//6761
f 2956//6762 2958//6762 2941//6762
f 2977//6763 3070//6763 2716//6763
f 2717//6764 2716//6764 3070//6764
f 2780//6765 2778//6765 2717//6765
f 2719//6766 3071//6766 2784//6766
f 2813//6767 2784//6767 3071//6767
f 3070//6768 3072//6768 2780//6768
f 2717//6769 3070//6769 2780//6769
f 3072//6770 3070//6770 3073//6770
f 2780//6771 3071//6771 2719//6771
f 3079//6772 3071//6772 2780//6772
f 2780//6773 3072//6773 3079//6773
f 3074//6774 3079//6774 3072//6774
f 3074//6775 3072//6775 3073//6775
f 3077//6776 3074//6776 3073//6776
f 3073//6777 3075//6777 3076//6777
f 3076//6778 3077//6778 3073//6778
f 3076//6779 3075//6779 3078//6779
f 3077//6780 3079//6780 3074//6780
f 3079//6781 3077//6781 3107//6781
f 3080//6782 3071//6782 3079//6782
f 3079//6783 3081//6783 3080//6783
f 3088//6784 3080//6784 3081//6784
f 2807//6785 3088//6786 2806//6785
f 2805//6787 2802//6787 2806//6787
f 3083//6788 3082//6788 2805//6788
f 3083//6789 2805//6789 3084//6789
f 3085//6790 3082//6790 3083//6790
f 2801//6791 3082//6791 3085//6791
f 3086//6792 3085//6792 3083//6792
f 3084//6793 3086//6793 3083//6793
f 2806//6794 3084//6794 2805//6794
f 3086//6795 3084//6795 2806//6795
f 3087//6796 2806//6796 3088//6796
f 3087//6797 3081//6797 3106//6797
f 3081//6798 3087//6798 3088//6798
f 2806//6799 3087//6799 3110//6799
f 2806//6800 3110//6800 3086//6800
f 3106//6801 3081//6801 3105//6801
f 3089//6802 3075//6802 2979//6802
f 2979//6803 2977//6803 2975//6803
f 3073//6804 3070//6804 3075//6804
f 3075//6805 3070//6805 2977//6805
f 3089//6806 3078//6806 3075//6806
f 3089//6807 2979//6807 2980//6807
f 2981//6808 2978//6808 2953//6808
f 3091//6809 3090//6809 2981//6809
f 3090//6810 2980//6810 2981//6810
f 2981//6811 2953//6811 3091//6811
f 3092//6812 3091//6812 3093//6812
f 2953//6813 2944//6813 3093//6813
f 2953//6814 3093//6814 3091//6814
f 3069//6753 2964//6752 3094//6815
f 3069//6816 3094//6816 2965//6816
f 2965//6817 3094//6817 3093//6817
f 3065//6818 3095//6819 2964//6820
f 2964//6821 3095//6821 3094//6821
f 3093//6822 3095//6822 3092//6822
f 3095//6823 3093//6823 3094//6823
f 3095//6819 3065//6818 3096//6824
f 3065//6825 3097//6825 3096//6825
f 3096//6826 3098//6826 3095//6826
f 3098//6827 3092//6827 3095//6827
f 3092//6828 3099//6828 3091//6828
f 3098//6829 3099//6829 3092//6829
f 3090//6830 3091//6830 3099//6830
f 3100//6831 3090//6831 3099//6831
f 3100//6832 3099//6832 3098//6832
f 3096//6833 3097//6833 3101//6833
f 3098//6834 3096//6834 3100//6834
f 3100//6835 3101//6835 3103//6835
f 3090//6836 3089//6836 2980//6836
f 3090//6837 3100//6837 3103//6837
f 3101//6838 3100//6838 3096//6838
f 3089//6839 3090//6839 3103//6839
f 3076//6840 3078//6840 3102//6840
f 3078//6841 3104//6841 3102//6841
f 3078//6842 3103//6842 3104//6842
f 3103//6843 3078//6843 3089//6843
f 3103//6844 3101//6844 3104//6844
f 3076//6845 3102//6846 3107//6847
f 3077//6848 3076//6848 3107//6848
f 3107//6849 3105//6849 3079//6849
f 3079//6850 3105//6850 3081//6850
f 3105//6851 3107//6851 3108//6851
f 3107//6847 3102//6846 3108//6852
f 3105//6853 3109//6853 3106//6853
f 3087//6854 3106//6854 3110//6854
f 3109//6855 3105//6855 3108//6855
f 3108//6856 3111//6856 3109//6856
f 3111//6857 3112//6857 3109//6857
f 3113//6858 3109//6858 3112//6858
f 3213//6859 3114//6859 3113//6859
f 3109//6860 3113//6860 3114//6860
f 3114//6861 3106//6861 3109//6861
f 3115//6863 3106//6863 3116//6863
f 3110//6864 3106//6864 3115//6864
f 3117//6865 3085//6865 3086//6865
f 3085//6866 3117//6866 2801//6866
f 2801//6867 3123//6867 2798//6867
f 3117//6868 3118//6868 2801//6868
f 3123//6869 2801//6869 3118//6869
f 2798//6870 3119//6870 2799//6870
f 2800//6871 3122//6871 3121//6871
f 2793//6872 3121//6872 3122//6872
f 3122//6873 2800//6873 3120//6873
f 3120//6874 2800//6874 3119//6874
f 3119//6875 2800//6875 2799//6875
f 2798//6876 3123//6876 3119//6876
f 3119//6877 3123//6877 3124//6877
f 3125//6878 3123//6878 3118//6878
f 3176//6879 3119//6879 3124//6879
f 3126//6880 3124//6880 3127//6880
f 3127//6881 3124//6881 3123//6881
f 3123//6882 3125//6882 3127//6882
f 3125//6883 3128//6884 3127//6885
f 3129//6886 3117//6886 3086//6886
f 3086//6887 3110//6887 3129//6887
f 3110//6888 3115//6888 3129//6888
f 3220//6889 3129//6889 3115//6889
f 3117//6892 3125//6892 3118//6892
f 2960//6399 2935//6401 3130//6893
f 2935//6894 2936//6894 3130//6894
f 3064//6895 3130//6895 2936//6895
f 2812//6896 2796//6002 2811//6001
f 2812//6897 2792//6897 2796//6897
f 2792//6898 2812//6898 2808//6898
f 2977//6899 2979//6899 3075//6899
f 2794//6900 2734//6900 2790//6900
f 2734//6901 2794//6901 3135//6901
f 3135//6902 2794//6902 2793//6902
f 3131//6903 3135//6903 2793//6903
f 3131//6904 3136//6904 3135//6904
f 2732//6905 2734//6905 3132//6905
f 3135//6906 3132//6906 2734//6906
f 2735//6907 2414//6907 2736//6907
f 2414//6908 2735//6908 3133//6908
f 3133//6909 2735//6909 3132//6909
f 3134//6910 3133//6910 3132//6910
f 3132//6911 3135//6911 3134//6911
f 3136//6912 3134//6912 3135//6912
f 3122//6913 3131//6913 2793//6913
f 3058//6914 3052//6914 3137//6914
f 3050//6710 3138//6915 3063//6711
f 3063//6916 3062//6916 3051//6916
f 3051//6917 3062//6917 3137//6917
f 3062//6918 3058//6918 3137//6918
f 3061//6919 3063//6919 3066//6919
f 3061//6920 3066//6920 3060//6920
f 3138//6921 3139//6921 3063//6921
f 3140//6922 3181//5082 2406//5084
f 3140//6923 2406//6923 2407//6923
f 2407//5085 2401//5087 3142//6925
f 3144//6927 2407//6927 3142//6927
f 3144//6928 3142//6929 3145//6930
f 2401//6931 3145//6931 3142//6931
f 3145//6932 2401//6932 2398//6932
f 2408//6933 3216//6933 2399//6933
f 3217//6934 2408//6934 3218//6934
f 3218//6935 2408//6935 2395//6935
f 2127//6936 2410//6937 2409//6938
f 3158//6939 2412//6939 2413//6939
f 3148//6940 2413//6940 2414//6940
f 2414//6941 3133//6941 3148//6941
f 3134//6942 3150//6942 3133//6942
f 3134//6943 3149//6943 3150//6943
f 3133//6944 3150//6944 3148//6944
f 3148//6945 3158//6945 2413//6945
f 3148//6946 3150//6946 3151//6946
f 3149//6947 3134//6947 3136//6947
f 3149//6948 3136//6948 3154//6948
f 3155//6949 3149//6950 3154//6951
f 3152//6952 3154//6952 3136//6952
f 3136//6953 3131//6953 3152//6953
f 3120//6954 3119//6954 3177//6954
f 3152//6955 3122//6955 3120//6955
f 3122//6956 3152//6956 3131//6956
f 3153//6957 3154//6957 3152//6957
f 3149//6958 3155//6958 3150//6958
f 3155//6959 3151//6959 3150//6959
f 3175//6960 3155//6949 3154//6951
f 3151//6961 3156//6961 3148//6961
f 3148//6962 3156//6962 3158//6962
f 3156//6963 3161//6963 3158//6963
f 3157//6964 3168//6964 3151//6964
f 3151//6965 3168//6965 3156//6965
f 3168//6966 3161//6966 3156//6966
f 3159//6967 2412//6967 3160//6967
f 2412//6968 3159//6968 3147//6968
f 3160//6969 2412//6969 3158//6969
f 3158//6970 3161//6970 3160//6970
f 3160//6971 3224//6971 3159//6971
f 3224//6972 3160//6972 3163//6972
f 3147//6973 3159//6973 3164//6973
f 2409//6974 2410//6974 3147//6974
f 3146//6975 2127//6936 2409//6938
f 3146//6976 2409//6976 2393//6976
f 2409//6977 3165//6977 2393//6977
f 3165//6978 2409//6978 3166//6978
f 3147//6979 3166//6979 2409//6979
f 3164//6980 3159//6980 3167//6980
f 3161//6981 3162//6981 3160//6981
f 3160//6982 3162//6982 3163//6982
f 3162//6983 3161//6983 3168//6983
f 3169//6984 3157//6984 3151//6984
f 3192//6985 3151//6986 3155//6987
f 3232//6988 3154//6988 3153//6988
f 3153//6989 3171//6989 3174//6989
f 3172//6990 3174//6990 3171//6990
f 3171//6991 3173//6991 3172//6991
f 3173//6992 3221//6992 3172//6992
f 3153//6993 3174//6993 3170//6993
f 3170//6994 3232//6994 3153//6994
f 3232//6995 3175//6995 3154//6995
f 3177//6996 3173//6996 3171//6996
f 3153//6997 3152//6997 3177//6997
f 3171//6998 3153//6998 3177//6998
f 3071//6999 2809//6999 2813//6999
f 3104//7000 3178//7000 3102//7000
f 3112//7001 3111//7001 3178//7001
f 3178//7002 3111//7002 3102//7002
f 3111//7003 3108//7003 3102//7003
f 3179//7004 3065//7005 3068//7006
f 3180//7007 3179//7004 3068//7006
f 3180//7008 3068//7008 3067//7008
f 3181//7009 3138//7009 3050//7009
f 3181//7010 3139//7010 3138//7010
f 3182//7011 3181//7011 3140//7011
f 3140//7014 3185//7014 3182//7014
f 3181//7015 3182//7015 3139//7015
f 2394//7022 2393//7022 3165//7022
f 3165//7023 3166//7023 3222//7023
f 3188//7024 3187//7024 2394//7024
f 2395//7025 3187//7025 3218//7025
f 3222//7026 3188//7026 2394//7026
f 3222//7027 2394//7027 3165//7027
f 3222//7028 3166//7028 3189//7028
f 3164//7029 3166//7029 3147//7029
f 3168//7030 3157//7030 3190//7030
f 3157//7031 3169//7031 3191//7031
f 3157//7032 3191//7032 3190//7032
f 3192//7033 3191//7033 3169//7033
f 3169//7034 3151//6986 3192//6985
f 3155//7035 3175//7035 3192//7035
f 3179//7036 3097//7036 3065//7036
f 3101//7037 3194//7037 3193//7037
f 3104//7038 3101//7038 3193//7038
f 3104//7039 3193//7039 3178//7039
f 3113//7040 3193//7040 3195//7040
f 3195//7041 3193//7041 3194//7041
f 3194//7042 3101//7042 3097//7042
f 3195//7043 3213//7043 3113//7043
f 3194//7044 3196//7045 3195//7045
f 3196//7046 3097//7046 3197//7046
f 3197//7047 3179//7047 3180//7047
f 3197//7048 3097//7048 3179//7048
f 3097//7049 3196//7049 3194//7049
f 3197//7050 3180//7050 3198//7050
f 3199//7052 3067//7052 3139//7052
f 3067//7053 3199//7053 3180//7053
f 3197//7063 3205//7063 3196//7063
f 3205//7064 3195//7064 3196//7064
f 3113//7082 3112//7082 3193//7082
f 3178//7083 3193//7083 3112//7083
f 3144//6928 3145//6930 3215//7084
f 3216//7085 3215//7085 3145//7085
f 3141//7086 3144//7086 3215//7086
f 3141//7087 3215//7087 3143//7087
f 3216//7088 3217//7089 3215//7090
f 3145//7091 2399//7091 3216//7091
f 3120//7092 3177//7092 3152//7092
f 3173//7093 3177//7093 3176//7093
f 3124//7094 3126//7094 3176//7094
f 3173//7095 3176//7095 3221//7095
f 3219//7096 3176//7096 3126//7096
f 3219//7097 3126//7097 3127//7097
f 3218//7105 3187//7106 3231//7107
f 3231//7108 3187//7108 3188//7108
f 3223//7109 3189//7109 3166//7109
f 3226//7110 3166//7110 3164//7110
f 3224//7111 3167//7111 3159//7111
f 3226//7112 3167//7112 3225//7112
f 3225//7113 3167//7114 3224//7115
f 3167//7116 3226//7116 3164//7116
f 3166//7117 3226//7117 3223//7117
f 3226//7118 3225//7119 3227//7120
f 3225//7113 3224//7115 3228//7121
f 3225//7122 3228//7122 3229//7122
f 3227//7120 3225//7119 3229//7123
f 3226//7124 3227//7124 3223//7124
f 3230//7125 3189//7125 3223//7125
f 3230//7126 3222//7126 3189//7126
f 3177//7128 3119//7128 3176//7128
f 3217//7134 3216//7134 2408//7134
usemtl Bonkling_LeatherLoincloth
f 3116//6862 3106//6862 3114//6862
f 3115//6890 3116//6890 3214//6890
f 3117//6891 3129//6891 3125//6891
f 3140//6924 2407//6924 3141//6924
f 3144//6926 3141//6926 2407//6926
f 3141//7012 3183//7012 3185//7012
f 3141//7013 3185//7013 3140//7013
f 3182//7016 3185//7017 3184//7018
f 3184//7019 3185//7019 3183//7019
f 3186//7020 3184//7020 3183//7020
f 3186//7021 3182//7016 3184//7018
f 3180//7051 3199//7051 3198//7051
f 3183//7054 3200//7054 3186//7054
f 3183//7055 3201//7055 3200//7055
f 3200//7056 3202//7056 3186//7056
f 3199//7057 3182//7057 3203//7057
f 3198//7058 3199//7058 3203//7058
f 3203//7059 3182//7059 3186//7059
f 3202//7060 3203//7060 3186//7060
f 3206//7061 3202//7061 3200//7061
f 3204//7062 3203//7062 3202//7062
f 3205//7065 3197//7065 3198//7065
f 3202//7066 3206//7066 3204//7066
f 3209//7067 3206//7067 3200//7067
f 3183//7068 3141//7068 3143//7068
f 3183//7069 3143//7069 3201//7069
f 3200//7070 3208//7070 3209//7070
f 3206//7071 3209//7071 3207//7071
f 3210//7072 3207//7072 3209//7072
f 3211//7073 3204//7073 3207//7073
f 3207//7074 3210//7074 3211//7074
f 3207//7075 3204//7075 3206//7075
f 3212//7076 3204//7076 3211//7076
f 3210//7077 3116//7077 3211//7077
f 3212//7078 3211//7078 3114//7078
f 3212//7079 3114//7079 3213//7079
f 3210//7080 3214//7080 3116//7080
f 3211//7081 3116//7081 3114//7081
f 3125//7098 3220//7098 3128//7098
f 3220//7099 3125//7099 3129//7099
f 3220//7100 3115//7100 3214//7100
f 3214//7101 3210//7101 3209//7101
f 3214//7102 3209//7102 3220//7102
f 3208//7103 3128//7103 3220//7103
f 3209//7104 3208//7104 3220//7104
f 3199//7127 3139//7127 3182//7127
f 3195//7129 3205//7129 3213//7129
f 3203//7130 3204//7130 3198//7130
f 3213//7131 3205//7131 3198//7131
f 3198//7132 3204//7132 3212//7132
f 3213//7133 3198//7133 3212//7133
usemtl Bonkling_SpikedMace
f 3//1 2//1 1//1
f 1//2 8//2 4//2
f 5//3 1//3 4//3
f 8//4 1//4 2//4
f 1//5 5//5 3//5
f 2//6 6//6 8//6
f 7//7 2//7 3//7
f 2//8 7//8 6//8
f 11//9 10//10 4//11
f 11//12 4//12 8//12
f 9//13 7//13 3//13
f 9//14 3//14 5//14
f 4//15 24//15 5//15
f 34//16 9//16 5//16
f 11//17 8//17 13//17
f 14//18 9//18 34//18
f 24//19 34//19 5//19
f 13//20 12//21 11//22
f 6//23 13//23 8//23
f 15//24 6//24 7//24
f 13//25 6//25 15//25
f 17//26 15//26 16//26
f 16//27 15//27 7//27
f 18//28 9//28 14//28
f 16//29 7//29 9//29
f 17//30 16//30 18//30
f 18//31 16//31 9//31
f 18//32 19//32 17//32
f 20//33 19//33 21//33
f 21//34 54//34 20//34
f 22//35 29//36 51//37
f 24//38 4//38 10//38
f 24//39 10//39 23//39
f 10//10 11//9 23//40
f 23//41 11//41 12//41
f 12//42 25//42 23//42
f 19//43 20//43 17//43
f 17//44 20//44 26//44
f 26//45 27//46 17//47
f 17//47 27//46 15//48
f 12//21 13//20 28//49
f 12//50 28//51 25//52
f 13//53 15//53 28//53
f 27//54 26//55 42//55
f 94//56 32//56 31//56
f 210//57 94//57 31//57
f 31//58 32//58 30//58
f 27//59 28//59 15//59
f 36//60 27//60 42//60
f 37//61 28//61 27//61
f 27//62 36//62 38//62
f 28//63 37//63 39//64
f 28//65 39//65 35//65
f 35//66 39//66 40//66
f 38//67 39//67 37//67
f 38//68 37//68 27//68
f 41//69 39//69 38//69
f 40//70 39//70 41//70
f 44//71 26//71 20//71
f 44//72 20//72 45//72
f 20//73 54//73 45//73
f 46//74 26//74 44//74
f 46//75 42//75 26//75
f 36//76 42//76 43//76
f 46//77 44//77 47//77
f 43//78 42//78 46//78
f 47//79 44//79 45//79
f 43//80 38//80 36//80
f 48//81 38//81 43//81
f 49//82 46//82 47//82
f 47//83 45//83 51//83
f 50//84 83//84 47//84
f 43//85 46//85 49//85
f 52//86 43//86 49//86
f 53//87 52//87 49//87
f 50//88 47//88 51//88
f 51//89 45//89 54//89
f 50//90 51//90 29//90
f 51//91 54//91 22//91
f 22//92 54//92 21//92
f 56//93 55//94 57//95
f 57//96 55//96 58//96
f 60//97 55//97 56//97
f 59//98 58//98 55//98
f 55//99 60//99 59//99
f 63//100 56//100 57//100
f 59//101 61//101 58//101
f 65//102 61//102 59//102
f 60//103 56//103 62//103
f 60//104 62//104 64//104
f 70//105 62//105 56//105
f 60//106 64//106 59//106
f 64//107 65//108 59//109
f 61//110 65//110 66//110
f 61//111 66//111 67//111
f 66//112 65//112 68//112
f 70//113 56//113 63//113
f 64//114 62//114 70//114
f 64//115 70//115 71//115
f 68//116 65//116 69//116
f 69//117 65//108 64//107
f 72//118 71//118 70//118
f 64//119 71//120 69//121
f 69//121 71//120 73//122
f 72//123 73//123 71//123
f 132//124 69//121 73//122
f 74//125 72//126 70//127
f 72//128 74//128 115//128
f 74//125 70//127 63//129
f 63//130 116//130 74//131
f 61//132 57//133 58//133
f 61//134 67//134 75//134
f 75//135 57//135 61//135
f 75//136 116//137 57//138
f 57//139 116//139 63//139
f 66//140 68//141 106//142
f 68//141 76//143 106//142
f 76//144 143//144 77//144
f 76//145 77//145 106//145
f 66//146 106//146 78//146
f 75//147 78//147 104//147
f 78//148 75//148 67//148
f 67//149 66//149 78//149
f 41//150 38//150 48//150
f 43//151 79//151 48//151
f 79//152 43//152 52//152
f 80//153 79//153 52//153
f 48//154 81//154 41//154
f 195//155 81//155 48//155
f 82//156 80//156 52//156
f 82//157 52//157 53//157
f 49//158 47//158 83//158
f 50//159 84//159 83//159
f 49//160 83//160 53//160
f 83//161 84//161 53//161
f 85//162 84//162 89//162
f 89//163 84//163 50//163
f 29//164 30//164 32//164
f 50//165 29//165 86//165
f 53//166 84//166 87//166
f 87//167 84//167 85//167
f 87//168 88//168 53//168
f 89//169 90//169 85//169
f 90//170 89//170 86//170
f 89//171 50//171 86//171
f 29//172 32//172 86//172
f 86//173 32//173 94//173
f 85//174 90//174 203//174
f 94//175 90//175 86//175
f 95//176 96//176 91//176
f 91//177 96//177 90//177
f 95//178 97//179 96//180
f 90//181 96//181 92//181
f 96//182 97//182 92//182
f 92//183 97//183 93//183
f 205//184 92//184 93//184
f 93//185 97//185 99//185
f 98//186 97//179 95//178
f 98//187 95//187 100//187
f 97//188 98//188 99//188
f 100//189 95//189 91//189
f 94//190 91//190 90//190
f 94//191 100//191 91//191
f 102//192 100//193 101//193
f 101//194 100//194 94//194
f 98//195 102//195 101//195
f 210//196 101//196 94//196
f 30//197 33//197 31//197
f 31//198 33//198 210//198
f 78//199 106//199 104//199
f 104//200 106//200 105//200
f 109//201 104//201 105//201
f 106//202 77//202 107//202
f 77//203 111//203 107//203
f 107//204 105//204 106//204
f 109//205 105//205 108//205
f 111//206 110//206 107//206
f 111//207 77//207 143//207
f 112//208 143//208 76//208
f 69//209 133//209 68//209
f 133//210 76//210 68//210
f 132//211 73//211 113//211
f 113//212 72//213 115//214
f 73//215 72//215 113//215
f 115//214 114//216 113//212
f 116//137 75//136 118//217
f 75//218 104//219 109//218
f 75//220 109//220 118//220
f 118//221 119//221 120//221
f 120//222 119//222 125//222
f 121//223 120//223 123//223
f 122//224 120//224 125//224
f 120//225 122//225 123//225
f 124//226 123//226 122//226
f 124//227 126//227 123//227
f 124//228 128//228 126//228
f 128//229 124//229 129//229
f 120//230 121//230 118//230
f 116//231 130//231 74//231
f 130//232 116//232 118//232
f 123//233 126//234 121//235
f 118//236 121//236 189//236
f 189//237 130//237 118//237
f 74//238 117//238 115//238
f 130//239 131//239 74//239
f 74//240 131//240 117//240
f 115//241 172//241 114//241
f 132//242 113//242 114//242
f 133//243 69//244 175//245
f 76//246 133//246 135//246
f 112//247 134//247 143//247
f 133//248 175//248 136//248
f 135//249 133//249 136//249
f 162//250 136//250 175//250
f 161//251 136//251 162//251
f 136//252 161//252 160//252
f 137//253 136//253 153//253
f 153//254 136//254 160//254
f 139//255 141//256 138//257
f 138//257 141//256 160//258
f 160//258 141//256 140//259
f 140//260 153//260 160//260
f 136//261 137//262 135//263
f 76//264 135//264 112//264
f 112//265 135//265 142//265
f 142//266 134//266 112//266
f 134//267 151//267 143//267
f 111//268 143//269 150//270
f 150//270 143//269 151//271
f 110//272 148//272 147//272
f 110//273 147//273 107//273
f 107//274 147//274 105//274
f 147//275 144//275 105//275
f 105//276 144//276 108//276
f 109//277 146//277 118//277
f 119//278 118//278 146//278
f 146//279 109//279 108//279
f 179//280 144//280 145//280
f 147//281 145//281 144//281
f 145//282 147//282 148//282
f 145//283 148//284 180//285
f 110//286 111//286 150//286
f 149//287 148//287 110//287
f 149//288 110//288 150//288
f 142//289 151//289 134//289
f 155//290 135//263 137//262
f 156//291 135//291 155//291
f 140//292 154//292 153//292
f 153//293 155//293 137//293
f 155//294 153//294 154//294
f 135//295 157//295 142//295
f 157//296 135//296 156//296
f 152//297 151//297 142//297
f 158//298 156//298 159//298
f 158//299 152//299 157//299
f 157//300 156//300 158//300
f 152//301 142//301 157//301
f 156//302 155//302 154//302
f 160//303 161//303 138//303
f 162//304 165//304 164//304
f 162//305 163//305 161//305
f 161//306 163//306 166//306
f 167//307 166//307 163//307
f 162//308 164//308 163//308
f 170//309 163//309 164//309
f 165//310 169//310 164//310
f 165//311 114//311 169//311
f 170//312 164//312 171//312
f 163//313 170//313 273//313
f 171//314 164//314 169//314
f 172//315 173//316 169//315
f 170//317 171//317 174//317
f 173//318 174//318 171//318
f 173//319 171//319 169//319
f 169//320 114//320 172//320
f 175//321 114//321 165//321
f 114//322 175//322 132//322
f 132//323 175//245 69//244
f 175//324 165//324 162//324
f 179//325 178//325 177//325
f 180//326 178//326 179//326
f 179//327 177//327 181//327
f 179//328 181//329 144//328
f 144//330 181//330 146//330
f 144//331 146//331 108//331
f 181//332 119//332 146//332
f 124//333 122//333 127//333
f 182//334 124//334 127//334
f 182//335 127//335 184//335
f 183//336 182//337 184//338
f 184//339 194//339 196//339
f 184//340 196//340 183//340
f 182//337 183//336 185//341
f 186//342 185//342 183//342
f 182//343 185//343 187//343
f 182//344 187//344 124//344
f 124//345 187//345 129//345
f 130//346 189//346 131//346
f 188//347 117//347 131//347
f 117//348 188//349 277//350
f 188//351 283//351 277//351
f 189//352 188//352 131//352
f 128//353 121//235 126//234
f 187//354 185//355 186//356
f 186//357 183//357 474//357
f 186//358 474//358 192//358
f 128//359 190//359 121//359
f 128//360 129//360 190//360
f 183//361 193//361 474//361
f 191//362 474//362 193//362
f 184//363 195//363 194//363
f 80//364 48//364 79//364
f 80//365 197//365 48//365
f 195//366 48//366 197//366
f 195//367 197//367 194//367
f 194//368 197//368 196//368
f 198//369 80//369 82//369
f 82//370 199//370 198//370
f 53//371 88//372 82//373
f 199//374 82//373 88//372
f 88//375 200//375 199//375
f 201//376 80//376 198//376
f 201//377 198//377 299//377
f 88//378 87//378 200//378
f 85//379 203//379 87//379
f 92//380 204//380 203//380
f 92//381 203//381 90//381
f 203//382 200//382 87//382
f 205//383 204//383 92//383
f 205//384 93//384 206//384
f 99//385 98//386 207//385
f 98//387 100//387 102//387
f 98//388 101//388 208//388
f 103//389 101//389 210//389
f 103//390 208//391 101//392
f 222//393 99//393 207//393
f 99//394 222//394 209//394
f 207//395 98//395 208//395
f 211//396 103//396 210//396
f 103//390 211//397 208//391
f 208//398 211//398 216//398
f 215//399 217//399 213//399
f 211//400 212//400 216//400
f 217//401 212//401 213//401
f 212//402 217//402 216//402
f 217//403 215//403 218//403
f 214//404 218//404 215//404
f 231//405 214//405 219//405
f 217//406 218//406 221//406
f 216//407 207//407 208//407
f 221//408 207//408 216//408
f 207//409 221//409 222//409
f 99//410 206//410 93//410
f 223//411 206//412 99//413
f 225//414 206//412 223//411
f 223//415 99//415 209//415
f 247//416 225//416 226//416
f 206//417 225//417 227//417
f 206//418 227//418 224//418
f 205//419 206//419 224//419
f 226//420 225//420 223//420
f 226//421 223//421 229//421
f 229//422 223//422 209//422
f 209//423 231//423 229//423
f 229//424 230//424 226//424
f 209//425 222//425 231//425
f 218//426 231//426 222//426
f 218//427 222//427 221//427
f 221//428 216//428 217//428
f 231//429 218//429 214//429
f 232//430 231//430 219//430
f 220//431 219//431 233//431
f 234//432 235//432 236//432
f 234//433 237//433 235//433
f 233//434 236//434 220//434
f 219//435 238//435 232//435
f 232//436 238//436 239//436
f 220//437 238//437 219//437
f 220//438 236//438 243//438
f 220//439 243//439 240//439
f 240//440 238//440 220//440
f 229//441 231//441 232//441
f 238//442 240//442 239//442
f 230//443 229//443 232//443
f 232//444 239//444 230//444
f 242//445 230//445 239//445
f 230//446 242//447 241//446
f 242//448 239//448 240//448
f 242//449 240//449 245//449
f 244//450 243//450 235//450
f 236//451 235//451 243//451
f 244//452 251//452 243//452
f 240//453 243//453 245//453
f 242//454 245//454 241//454
f 245//455 246//455 247//455
f 245//456 247//457 241//456
f 230//458 241//459 247//459
f 246//460 245//460 251//460
f 251//461 245//461 243//461
f 230//462 247//462 226//462
f 247//463 228//463 225//463
f 227//464 225//464 228//464
f 228//465 304//465 227//465
f 228//466 247//466 248//466
f 248//467 304//467 228//467
f 249//468 248//468 247//468
f 247//469 246//470 254//471
f 250//472 251//472 244//472
f 252//473 246//473 251//473
f 250//474 258//474 251//474
f 247//475 253//475 249//475
f 253//476 247//469 254//471
f 249//477 253//477 255//477
f 256//478 255//478 253//478
f 253//479 254//479 257//479
f 257//480 254//480 252//480
f 251//481 258//481 252//481
f 176//482 40//482 41//482
f 41//483 81//483 176//483
f 81//484 260//484 176//484
f 176//485 260//486 177//487
f 261//488 260//489 81//490
f 81//490 184//491 261//488
f 184//492 262//492 261//492
f 81//493 195//493 184//493
f 262//494 125//494 261//494
f 181//495 261//495 119//495
f 261//496 181//496 260//496
f 177//497 260//497 181//497
f 159//498 156//498 154//498
f 138//499 166//499 139//499
f 166//500 138//500 161//500
f 265//501 263//501 141//501
f 141//502 266//502 265//503
f 266//504 141//504 139//504
f 166//505 264//505 139//505
f 266//506 139//506 264//506
f 266//507 268//507 269//507
f 266//508 269//508 265//508
f 265//509 269//509 267//509
f 270//510 268//510 266//510
f 264//511 166//511 168//511
f 168//512 166//512 167//512
f 273//513 170//513 272//513
f 272//514 275//514 274//514
f 489//515 273//515 272//515
f 272//516 170//516 275//516
f 174//517 173//517 172//517
f 117//348 277//350 115//518
f 190//519 188//519 189//519
f 188//520 190//520 278//520
f 279//521 188//521 278//521
f 281//522 278//522 190//522
f 281//523 190//523 187//523
f 190//524 129//524 187//524
f 280//525 187//354 186//356
f 280//526 281//526 187//526
f 188//527 279//527 283//527
f 279//528 282//528 283//528
f 174//529 172//529 277//529
f 277//530 172//530 115//530
f 145//531 180//531 179//531
f 284//532 263//532 265//532
f 284//533 265//533 267//533
f 267//534 269//534 285//534
f 290//535 286//535 285//535
f 267//536 287//536 284//536
f 288//537 263//537 284//537
f 289//538 284//538 287//538
f 288//539 284//539 289//539
f 285//540 286//540 267//540
f 267//541 286//541 287//541
f 290//542 285//542 269//542
f 287//543 286//543 289//543
f 292//544 291//544 289//544
f 290//545 520//545 286//545
f 296//546 291//546 292//546
f 289//547 520//547 292//547
f 520//548 289//548 286//548
f 290//549 293//550 520//551
f 290//552 294//553 293//554
f 293//550 521//555 520//551
f 294//556 290//556 269//556
f 292//557 295//557 296//557
f 295//558 297//558 296//558
f 261//559 125//559 119//559
f 184//560 127//560 262//560
f 127//561 122//561 125//561
f 262//562 127//562 125//562
f 197//563 298//563 196//563
f 197//564 80//564 298//564
f 196//565 300//565 183//565
f 196//566 298//566 300//566
f 360//567 193//567 183//567
f 301//568 299//568 199//568
f 199//569 299//569 198//569
f 302//570 199//570 202//570
f 202//571 199//571 200//571
f 203//572 204//572 200//572
f 204//573 205//573 202//573
f 204//574 202//574 200//574
f 202//575 205//575 224//575
f 224//576 227//576 303//576
f 248//577 305//577 304//577
f 303//578 302//578 224//578
f 202//579 224//579 302//579
f 304//580 307//581 227//582
f 303//583 308//583 302//583
f 309//584 227//582 307//581
f 307//585 304//585 315//585
f 304//586 305//586 315//586
f 315//587 305//587 311//587
f 311//588 305//588 306//588
f 315//589 311//589 312//589
f 310//590 307//591 315//592
f 312//593 316//593 314//593
f 312//594 314//594 313//594
f 313//595 315//595 312//595
f 322//596 341//596 316//596
f 322//597 316//597 317//597
f 311//598 317//599 316//600
f 311//601 316//601 312//601
f 249//602 306//603 248//604
f 248//605 306//605 305//605
f 255//606 319//606 249//606
f 249//602 318//607 306//603
f 253//608 257//608 256//608
f 255//609 256//609 319//609
f 318//610 249//610 320//610
f 311//611 306//612 321//613
f 321//613 306//612 318//614
f 318//615 320//615 321//615
f 321//616 322//616 317//616
f 317//599 311//598 321//617
f 323//618 322//619 321//620
f 323//621 326//621 333//621
f 323//622 333//622 324//622
f 325//623 326//623 323//623
f 325//624 323//618 321//620
f 321//625 327//625 325//625
f 326//626 325//626 328//626
f 328//627 329//627 326//627
f 328//628 325//628 327//628
f 328//629 327//629 330//629
f 327//630 320//630 330//630
f 320//631 327//631 321//631
f 249//632 319//632 320//632
f 320//633 319//633 330//633
f 331//634 319//634 256//634
f 257//635 332//635 331//635
f 257//636 331//636 256//636
f 329//637 331//637 332//637
f 333//638 326//638 329//638
f 329//639 332//639 333//639
f 335//640 334//641 257//642
f 257//643 334//643 332//643
f 258//644 257//644 252//644
f 257//642 258//645 335//640
f 254//646 246//646 252//646
f 121//647 190//647 189//647
f 199//648 302//648 301//648
f 302//649 308//649 301//649
f 310//650 309//650 307//650
f 227//651 309//652 303//651
f 301//653 303//654 309//655
f 301//653 309//655 337//656
f 309//657 310//657 336//657
f 309//658 336//659 337//660
f 339//661 336//661 310//661
f 310//590 315//592 339//662
f 336//659 315//663 337//660
f 340//664 337//664 315//664
f 337//665 340//665 338//665
f 315//666 336//666 339//666
f 315//667 313//668 340//667
f 314//669 316//669 341//669
f 314//670 342//670 313//670
f 313//671 342//671 340//671
f 346//672 314//672 341//672
f 346//673 341//673 322//673
f 346//674 322//675 999//676
f 322//675 343//677 999//676
f 343//678 1000//678 999//678
f 346//674 999//676 344//679
f 344//680 345//680 346//680
f 342//681 314//681 346//681
f 340//682 347//682 338//682
f 350//683 340//683 342//683
f 350//684 342//684 349//684
f 352//685 342//685 346//685
f 346//686 345//686 351//686
f 352//687 346//688 351//689
f 351//689 353//690 352//687
f 354//691 345//691 355//691
f 351//692 345//692 354//692
f 349//693 352//693 353//693
f 349//694 353//694 355//694
f 355//695 353//695 354//695
f 354//696 353//696 351//696
f 355//697 1366//697 356//697
f 355//698 356//698 349//698
f 352//699 349//699 342//699
f 357//700 349//700 1373//700
f 1372//701 349//701 356//701
f 358//702 375//703 357//704
f 349//705 357//705 350//705
f 350//706 357//707 365//708
f 357//709 375//709 359//709
f 357//710 359//710 365//710
f 364//711 350//706 365//708
f 340//712 350//712 347//712
f 350//713 348//713 347//713
f 338//714 299//715 301//716
f 301//717 308//717 303//717
f 337//718 338//718 301//718
f 299//719 347//720 201//721
f 201//722 298//722 80//722
f 347//723 298//723 201//723
f 347//720 299//719 338//724
f 347//725 348//725 298//725
f 360//726 348//726 361//726
f 193//727 360//727 361//727
f 348//728 350//728 364//728
f 191//729 193//730 362//731
f 361//732 348//732 364//732
f 362//733 193//733 363//733
f 363//734 193//734 364//734
f 193//735 361//735 364//735
f 364//736 365//736 363//736
f 367//737 366//738 362//739
f 368//740 362//740 363//740
f 359//741 363//741 365//741
f 368//742 363//742 359//742
f 367//737 362//739 369//743
f 371//744 369//745 362//746
f 369//747 371//747 370//747
f 370//748 481//748 369//748
f 372//749 481//749 370//749
f 994//750 370//750 371//750
f 373//751 362//751 368//751
f 373//752 371//744 362//746
f 358//702 1867//753 375//703
f 374//754 375//754 1867//754
f 358//755 1373//755 1867//755
f 375//756 374//756 1865//756
f 1865//757 993//757 375//757
f 375//758 368//758 359//758
f 348//759 360//759 300//759
f 348//760 300//760 298//760
f 300//761 360//761 183//761
f 377//762 376//762 378//762
f 376//763 379//763 378//763
f 378//764 380//764 377//764
f 380//765 381//765 377//765
f 382//766 381//766 380//766
f 378//767 383//767 380//767
f 384//768 383//768 378//768
f 385//769 384//769 378//769
f 379//770 385//770 378//770
f 386//771 385//771 379//771
f 379//772 388//772 387//772
f 388//773 379//773 376//773
f 388//774 376//774 377//774
f 447//775 377//775 381//775
f 389//776 447//776 381//776
f 390//777 381//777 382//777
f 382//778 380//778 383//778
f 382//779 383//779 391//779
f 391//780 383//780 445//780
f 391//781 392//781 382//781
f 382//782 393//782 390//782
f 382//783 392//783 394//783
f 393//784 382//784 394//784
f 392//785 395//785 394//785
f 395//786 392//786 391//786
f 391//787 396//787 395//787
f 395//788 396//788 400//788
f 394//789 395//789 397//789
f 396//790 391//790 399//790
f 396//791 399//791 400//791
f 395//792 400//792 405//792
f 401//793 400//793 399//793
f 400//794 401//794 402//794
f 403//795 402//795 401//795
f 400//796 402//796 405//796
f 405//797 402//797 404//797
f 404//798 402//798 403//798
f 403//799 406//799 404//799
f 395//800 405//800 397//800
f 413//801 406//802 403//803
f 403//804 401//804 408//804
f 407//805 401//805 399//805
f 401//806 407//806 408//806
f 408//807 407//807 409//807
f 391//808 407//809 399//810
f 408//811 410//811 403//811
f 403//803 410//812 413//801
f 409//813 411//813 408//814
f 408//815 411//815 410//815
f 409//816 412//816 411//816
f 413//817 415//817 406//817
f 676//818 404//818 406//818
f 406//819 414//819 676//819
f 416//820 414//820 406//820
f 416//821 406//821 415//821
f 418//822 419//822 417//822
f 421//823 418//824 417//825
f 418//824 421//823 420//826
f 421//827 417//827 416//827
f 413//828 410//828 411//828
f 415//829 422//829 416//829
f 420//830 423//830 424//830
f 420//831 424//831 418//831
f 972//832 424//832 423//832
f 423//833 420//834 425//834
f 421//835 426//835 420//835
f 420//836 426//836 425//836
f 461//837 423//837 425//837
f 427//838 426//838 421//838
f 426//839 427//839 425//839
f 428//840 416//840 422//840
f 421//841 416//841 428//841
f 421//842 428//842 427//842
f 427//843 429//843 425//843
f 415//844 413//845 411//846
f 411//846 412//847 415//844
f 430//848 412//848 409//848
f 430//849 409//849 431//849
f 412//850 430//850 422//850
f 412//851 422//851 415//851
f 430//852 431//852 432//852
f 432//853 422//853 430//853
f 433//854 431//854 407//854
f 431//855 409//855 407//855
f 407//856 434//856 433//856
f 434//857 407//809 391//808
f 445//858 434//858 391//858
f 433//859 435//859 431//859
f 437//860 435//860 433//860
f 439//861 435//861 438//862
f 431//863 435//863 436//863
f 431//864 436//864 432//864
f 422//865 441//866 463//866
f 422//867 440//867 428//867
f 429//868 427//868 428//868
f 976//869 440//869 422//869
f 432//870 436//871 422//872
f 422//872 436//871 441//873
f 441//874 436//874 439//874
f 439//875 436//875 435//875
f 463//876 439//877 438//878
f 433//879 442//879 437//879
f 443//880 433//880 434//880
f 443//881 444//881 433//881
f 686//882 445//882 383//882
f 686//883 383//883 692//883
f 384//884 692//884 383//884
f 385//885 580//885 384//885
f 563//886 580//886 385//886
f 571//887 385//887 386//887
f 571//888 386//888 585//888
f 446//889 386//889 379//889
f 446//890 379//890 387//890
f 446//891 585//891 386//891
f 387//892 388//893 593//894
f 447//895 448//895 377//895
f 447//896 389//896 449//896
f 381//897 390//897 389//897
f 451//898 390//898 393//898
f 449//899 389//899 450//899
f 450//900 389//900 451//900
f 389//901 390//901 451//901
f 452//902 450//902 451//902
f 393//903 394//903 636//903
f 398//904 453//904 394//904
f 394//905 453//905 636//905
f 397//906 398//906 394//906
f 398//907 397//907 456//907
f 454//908 397//908 405//908
f 454//909 405//909 404//910
f 455//911 397//911 664//911
f 664//912 397//912 454//912
f 397//913 455//913 456//913
f 398//914 457//914 458//914
f 398//915 458//915 453//915
f 456//916 457//916 398//916
f 459//917 454//917 404//917
f 678//918 414//918 416//918
f 678//919 416//919 417//919
f 460//920 678//920 417//920
f 417//921 419//921 460//921
f 424//922 460//922 419//922
f 461//923 425//923 429//923
f 462//924 461//924 429//924
f 429//925 428//925 462//925
f 976//926 422//926 463//926
f 441//927 439//927 463//927
f 174//928 277//928 276//928
f 276//929 277//929 283//929
f 464//930 283//930 282//930
f 275//931 276//931 274//931
f 470//932 276//932 283//932
f 470//933 283//933 464//933
f 276//934 470//934 274//934
f 470//935 465//935 274//935
f 274//936 465//936 468//936
f 274//937 468//937 272//937
f 272//938 468//938 489//938
f 163//939 273//939 489//939
f 466//940 167//940 163//940
f 167//941 466//941 467//941
f 466//942 163//942 489//942
f 469//943 468//943 465//943
f 465//944 470//944 471//944
f 472//945 464//945 480//945
f 480//946 464//946 282//946
f 480//947 282//947 279//947
f 473//948 280//948 186//948
f 192//949 473//949 186//949
f 474//950 473//950 192//950
f 473//951 474//952 191//953
f 475//954 473//951 191//953
f 191//729 362//731 366//955
f 475//956 191//956 366//956
f 476//957 278//957 281//957
f 476//958 279//958 278//958
f 473//959 476//959 280//959
f 476//960 281//960 280//960
f 477//961 473//961 475//961
f 473//962 477//962 476//962
f 478//963 476//963 479//963
f 476//964 477//964 479//964
f 480//965 476//965 478//965
f 476//966 480//966 279//966
f 475//967 366//967 367//967
f 367//968 481//969 475//970
f 369//971 481//969 367//968
f 271//972 264//972 168//972
f 264//973 270//973 266//973
f 270//974 264//974 484//974
f 264//975 271//975 484//975
f 482//976 484//976 271//976
f 167//977 483//977 168//977
f 271//978 486//978 482//978
f 482//979 487//979 484//979
f 270//980 485//980 268//980
f 269//981 268//981 485//981
f 482//982 486//982 499//982
f 271//983 488//983 486//983
f 468//984 469//984 489//984
f 469//985 465//985 471//985
f 466//986 489//986 490//986
f 490//987 489//987 469//987
f 167//988 467//988 483//988
f 483//989 467//989 493//989
f 168//990 483//990 271//990
f 488//991 501//991 486//991
f 488//992 271//992 483//992
f 488//993 483//993 491//993
f 488//994 491//994 494//994
f 483//995 492//995 491//995
f 1390//996 483//996 493//996
f 483//997 1390//997 495//997
f 483//998 495//998 492//998
f 497//999 495//999 496//999
f 492//1000 498//1000 491//1000
f 491//1001 498//1002 494//1003
f 501//1004 499//1004 486//1004
f 482//1005 499//1005 500//1005
f 501//1006 488//1006 494//1006
f 498//1007 492//1007 495//1007
f 498//1008 495//1008 514//1008
f 502//1009 496//1009 1390//1009
f 496//1010 502//1010 503//1010
f 496//1011 503//1011 497//1011
f 1390//1012 504//1012 502//1012
f 502//1013 504//1013 505//1013
f 503//1014 502//1014 506//1014
f 503//1015 506//1015 497//1015
f 513//1016 497//1016 506//1016
f 504//1017 507//1017 505//1017
f 505//1018 508//1019 509//1020
f 502//1021 505//1018 509//1020
f 509//1022 506//1022 502//1022
f 510//1023 509//1020 508//1019
f 509//1024 511//1024 506//1024
f 511//1025 509//1025 510//1025
f 511//1026 512//1026 506//1026
f 506//1027 512//1027 513//1027
f 497//1028 514//1029 495//1030
f 514//1029 497//1028 512//1031
f 512//1032 497//1032 513//1032
f 515//1033 514//1029 512//1031
f 516//1034 515//1035 512//1036
f 515//1037 721//1037 514//1037
f 515//1038 516//1038 518//1038
f 515//1039 518//1039 517//1039
f 511//1040 516//1034 512//1036
f 516//1041 511//1041 510//1041
f 510//1042 518//1042 516//1042
f 515//1043 722//1044 721//1045
f 501//1046 529//1047 499//1048
f 529//1049 501//1050 494//1051
f 482//1052 500//1052 487//1052
f 487//1053 270//1053 484//1053
f 487//1054 525//1054 270//1054
f 270//1055 525//1056 485//1057
f 269//1058 485//1058 294//1058
f 520//1059 535//1059 292//1059
f 521//1060 293//1060 519//1060
f 294//553 519//1061 293//554
f 522//1062 521//1062 519//1062
f 521//1063 522//1063 520//1063
f 533//1064 519//1064 294//1064
f 533//1065 294//1065 523//1065
f 523//1066 294//1066 524//1066
f 524//1067 294//1067 485//1067
f 485//1057 525//1056 524//1068
f 499//1069 527//1069 500//1069
f 500//1070 527//1070 526//1070
f 525//1071 487//1071 526//1071
f 526//1072 487//1072 500//1072
f 499//1073 528//1073 527//1073
f 529//1047 528//1074 499//1048
f 525//1075 526//1075 540//1075
f 525//1076 540//1076 524//1076
f 524//1077 540//1077 523//1077
f 538//1078 523//1078 540//1078
f 530//1079 494//1003 498//1002
f 530//1080 529//1049 494//1051
f 531//1081 532//1082 514//1083
f 514//1084 532//1084 498//1084
f 498//1085 532//1085 542//1085
f 529//1086 541//1086 528//1086
f 523//1087 538//1087 537//1087
f 522//1088 519//1088 534//1088
f 522//1089 535//1089 520//1089
f 548//1090 535//1090 522//1090
f 534//1091 519//1092 533//1093
f 533//1094 523//1094 537//1095
f 534//1091 533//1093 536//1096
f 537//1097 544//1097 533//1097
f 544//1098 537//1098 557//1098
f 538//1099 539//1099 537//1099
f 538//1100 540//1100 716//1100
f 540//1101 527//1101 716//1101
f 527//1102 540//1102 526//1102
f 530//1080 541//1103 529//1049
f 498//1104 542//1104 530//1104
f 542//1105 541//1103 530//1080
f 541//1106 542//1106 543//1106
f 538//1107 716//1107 539//1107
f 545//1108 544//1108 546//1109
f 546//1110 544//1111 557//1112
f 556//1113 545//1113 546//1113
f 556//1114 552//1115 545//1116
f 544//1108 545//1108 551//1117
f 551//1118 536//1118 544//1118
f 536//1119 533//1119 544//1119
f 522//1120 534//1121 547//1122
f 548//1123 522//1123 547//1123
f 547//1122 534//1121 536//1124
f 548//1125 547//1125 553//1125
f 548//1126 549//1126 535//1126
f 550//1127 292//1127 535//1127
f 295//1128 292//1128 550//1128
f 297//1129 295//1129 550//1129
f 550//1130 535//1130 549//1130
f 551//1131 545//1116 552//1115
f 551//1132 547//1132 536//1132
f 551//1133 552//1133 547//1133
f 547//1134 552//1134 553//1134
f 552//1135 554//1135 553//1135
f 548//1136 553//1136 549//1136
f 554//1137 552//1137 556//1137
f 558//1138 556//1139 546//1140
f 546//1140 934//1141 558//1138
f 558//1142 934//1142 715//1142
f 556//1143 558//1144 554//1145
f 560//1146 561//1146 562//1146
f 560//1147 564//1147 561//1147
f 564//1148 560//1148 565//1148
f 571//1149 562//1149 561//1149
f 565//1150 566//1150 564//1150
f 568//1151 565//1151 560//1151
f 560//1152 569//1152 568//1152
f 560//1153 562//1153 569//1153
f 569//1154 562//1154 570//1154
f 568//1155 732//1155 565//1155
f 565//1156 732//1156 566//1156
f 566//1157 567//1157 564//1157
f 561//1158 564//1158 563//1158
f 561//1159 563//1159 571//1159
f 571//1160 572//1160 562//1160
f 570//1161 562//1161 572//1161
f 572//1162 576//1162 570//1162
f 569//1163 574//1163 568//1163
f 576//1164 572//1164 573//1164
f 577//1165 573//1165 572//1165
f 577//1166 572//1167 585//1168
f 571//1169 585//1169 572//1169
f 578//1170 567//1170 579//1170
f 564//1171 578//1172 580//1173
f 564//1171 580//1173 563//1174
f 578//1175 579//1175 581//1175
f 581//1176 579//1176 582//1176
f 564//1177 567//1177 578//1177
f 583//1178 842//1178 566//1178
f 584//1179 574//1180 569//1181
f 570//1182 576//1182 575//1182
f 446//1183 586//1183 585//1183
f 577//1166 585//1168 587//1184
f 587//1185 585//1186 586//1187
f 576//1188 588//1188 575//1188
f 589//1189 588//1189 576//1189
f 577//1190 590//1190 573//1190
f 590//1191 577//1191 587//1191
f 576//1192 573//1192 589//1192
f 586//1187 591//1193 587//1185
f 592//1194 587//1194 591//1194
f 594//1195 593//894 388//893
f 594//1196 596//1196 593//1196
f 446//1197 387//1198 596//1199
f 596//1200 387//1200 593//1200
f 595//1201 586//1201 446//1201
f 377//1202 448//1202 388//1202
f 448//1203 594//1203 388//1203
f 448//1204 447//1205 597//1206
f 598//1207 594//1207 448//1207
f 597//1206 447//1205 449//1208
f 597//1209 449//1209 600//1209
f 600//1210 599//1210 597//1210
f 600//1211 449//1211 450//1211
f 452//1212 600//1212 450//1212
f 452//1213 601//1213 600//1213
f 599//1214 600//1215 602//1216
f 448//1217 597//1217 604//1217
f 598//1218 603//1218 594//1218
f 598//1219 448//1219 604//1219
f 619//1220 594//1220 603//1220
f 598//1221 605//1221 606//1221
f 603//1222 598//1222 606//1222
f 446//1197 596//1199 595//1223
f 607//1224 592//1224 591//1224
f 591//1225 586//1225 623//1225
f 596//1226 594//1226 619//1226
f 605//1227 598//1228 604//1229
f 605//1230 610//1230 609//1230
f 605//1231 604//1231 610//1231
f 597//1232 599//1232 604//1232
f 602//1233 600//1233 601//1233
f 601//1234 611//1234 602//1234
f 612//1235 602//1235 611//1235
f 602//1236 613//1236 614//1236
f 602//1216 614//1237 599//1214
f 614//1238 610//1238 599//1238
f 599//1239 610//1239 604//1239
f 610//1240 615//1240 609//1240
f 605//1241 609//1241 616//1241
f 605//1242 616//1242 606//1242
f 616//1243 609//1243 617//1243
f 609//1244 615//1244 617//1244
f 616//1245 618//1245 606//1245
f 606//1246 619//1246 603//1246
f 618//1247 619//1247 606//1247
f 619//1248 620//1248 596//1248
f 619//1249 618//1249 621//1249
f 619//1250 621//1250 620//1250
f 620//1251 624//1251 596//1251
f 624//1252 620//1253 621//1254
f 595//1255 596//1255 624//1255
f 595//1256 622//1256 586//1256
f 623//1257 586//1257 622//1257
f 595//1258 624//1258 622//1258
f 618//1259 616//1259 617//1259
f 618//1260 617//1260 628//1260
f 625//1261 615//1261 610//1261
f 610//1262 614//1262 625//1262
f 625//1263 614//1264 629//1265
f 615//1266 625//1266 626//1266
f 615//1267 626//1267 617//1267
f 617//1268 626//1268 627//1268
f 618//1269 628//1269 621//1269
f 621//1270 628//1270 1141//1270
f 628//1271 617//1271 1145//1271
f 617//1272 627//1272 1145//1272
f 1144//1273 627//1273 626//1273
f 625//1274 1149//1274 626//1274
f 1150//1275 625//1263 629//1265
f 611//1276 630//1276 612//1276
f 634//1277 611//1277 601//1277
f 634//1278 630//1278 611//1278
f 631//1279 630//1279 633//1279
f 632//1280 631//1280 633//1280
f 630//1281 634//1281 633//1281
f 635//1282 632//1282 633//1282
f 635//1283 633//1283 636//1283
f 634//1284 601//1284 452//1284
f 451//1285 634//1285 452//1285
f 451//1286 393//1286 634//1286
f 636//1287 633//1287 634//1287
f 393//1288 636//1288 634//1288
f 636//1289 453//1289 635//1289
f 632//1290 635//1290 653//1290
f 612//1291 630//1291 637//1291
f 602//1292 612//1292 613//1292
f 612//1293 637//1293 613//1293
f 637//1294 639//1294 613//1294
f 639//1295 637//1295 638//1295
f 613//1296 639//1296 640//1296
f 638//1297 637//1297 642//1297
f 638//1298 642//1298 641//1298
f 645//1299 638//1299 641//1299
f 637//1300 630//1300 631//1300
f 643//1301 641//1301 642//1301
f 641//1302 643//1302 644//1302
f 644//1303 1646//1303 641//1303
f 646//1304 644//1304 643//1304
f 642//1305 647//1305 643//1305
f 647//1306 648//1306 643//1306
f 648//1307 986//1307 649//1307
f 1497//1308 650//1308 649//1308
f 1497//1309 649//1309 651//1309
f 649//1310 985//1310 651//1310
f 986//1311 985//1311 649//1311
f 648//1312 647//1312 986//1312
f 631//1313 642//1313 637//1313
f 631//1314 632//1314 642//1314
f 458//1315 635//1315 453//1315
f 457//1316 456//1316 455//1316
f 655//1317 654//1317 455//1317
f 457//1318 455//1318 654//1318
f 457//1319 945//1319 458//1319
f 659//1320 457//1321 654//1322
f 654//1323 655//1323 656//1323
f 658//1324 657//1324 655//1324
f 659//1320 654//1322 656//1325
f 457//1326 659//1326 945//1326
f 656//1327 655//1327 657//1327
f 656//1328 657//1328 660//1328
f 661//1329 660//1329 657//1329
f 662//1330 657//1330 658//1330
f 663//1331 655//1331 455//1331
f 663//1332 455//1332 664//1332
f 670//1333 664//1333 459//1333
f 664//1334 454//1334 459//1334
f 404//1335 665//1335 459//1335
f 459//1336 665//1337 670//1337
f 664//1338 670//1338 663//1338
f 655//1339 663//1339 658//1339
f 658//1340 668//1340 666//1340
f 658//1341 666//1341 662//1341
f 666//1342 668//1342 667//1342
f 669//1343 667//1343 668//1343
f 670//1344 658//1344 663//1344
f 671//1345 670//1345 665//1345
f 670//1346 671//1346 669//1346
f 673//1347 672//1347 674//1347
f 671//1348 674//1348 672//1348
f 674//1349 671//1349 677//1349
f 677//1350 671//1350 676//1350
f 676//1351 671//1351 665//1351
f 676//1352 675//1352 677//1352
f 676//1353 414//1353 675//1353
f 675//1354 414//1354 678//1354
f 675//1355 679//1356 680//1357
f 677//1358 675//1355 680//1357
f 679//1359 681//1359 682//1359
f 679//1360 682//1360 680//1360
f 679//1361 675//1361 678//1361
f 678//1362 460//1362 679//1362
f 681//1363 460//1363 424//1363
f 424//1364 419//1364 418//1364
f 424//1365 972//1365 971//1365
f 461//1366 972//1366 423//1366
f 972//1367 461//1367 974//1367
f 437//1368 438//1368 435//1368
f 684//1369 438//1369 437//1369
f 684//1370 463//876 438//878
f 978//1371 463//1371 684//1371
f 979//1372 437//1372 442//1372
f 685//1373 979//1373 442//1373
f 685//1374 442//1374 688//1374
f 688//1375 442//1375 689//1375
f 687//1376 444//1376 443//1376
f 686//1377 443//1378 434//1379
f 686//1380 434//1380 445//1380
f 443//1381 691//1381 687//1381
f 444//1382 442//1382 433//1382
f 442//1383 444//1383 690//1383
f 442//1384 690//1384 689//1384
f 443//1385 692//1385 691//1385
f 686//1377 692//1386 443//1378
f 690//1387 444//1387 687//1387
f 693//1388 687//1388 691//1388
f 690//1389 687//1389 694//1389
f 695//1390 693//1390 691//1390
f 695//1391 691//1391 692//1391
f 695//1392 692//1392 580//1392
f 695//1393 578//1393 693//1393
f 693//1394 694//1394 687//1394
f 696//1395 694//1395 693//1395
f 692//1396 384//1396 580//1396
f 571//1397 563//1397 385//1397
f 237//1398 697//1398 259//1398
f 700//1399 699//1399 698//1399
f 699//1400 259//1400 698//1400
f 698//1401 259//1401 697//1401
f 259//1402 1004//1402 237//1402
f 237//1403 701//1403 235//1403
f 244//1404 235//1404 701//1404
f 250//1405 244//1405 701//1405
f 708//1406 701//1406 237//1406
f 1004//1407 708//1407 237//1407
f 702//1408 699//1408 700//1408
f 704//1409 702//1409 700//1409
f 704//1410 700//1411 703//1410
f 705//1412 702//1412 704//1412
f 259//1413 699//1414 702//1415
f 706//1416 250//1416 701//1416
f 250//1417 706//1417 258//1417
f 706//1418 701//1418 708//1418
f 258//1419 706//1419 707//1419
f 707//1420 706//1420 709//1420
f 706//1421 708//1421 1003//1421
f 709//1422 706//1422 1003//1422
f 1004//1423 259//1413 702//1415
f 702//1424 705//1424 1004//1424
f 704//1425 711//1425 705//1425
f 705//1426 711//1426 710//1426
f 711//1427 704//1427 1010//1427
f 1010//1428 704//1428 703//1428
f 550//1429 713//1430 297//1431
f 549//1432 713//1430 550//1429
f 713//1433 549//1433 714//1433
f 714//1434 549//1434 553//1434
f 554//1435 555//1435 553//1435
f 553//1436 555//1437 714//1438
f 559//1439 554//1145 558//1144
f 537//1440 539//1440 557//1440
f 718//1441 528//1441 541//1441
f 527//1442 528//1442 717//1442
f 716//1443 527//1443 717//1443
f 541//1444 543//1445 718//1446
f 717//1447 528//1447 718//1447
f 542//1448 532//1448 543//1448
f 543//1449 532//1449 719//1449
f 718//1446 543//1445 719//1450
f 720//1451 531//1451 514//1451
f 720//1452 514//1453 721//1454
f 722//1455 515//1455 517//1455
f 518//1456 510//1456 723//1456
f 518//1457 723//1457 517//1457
f 944//1458 716//1458 717//1458
f 943//1459 718//1446 719//1450
f 719//1460 532//1460 942//1460
f 532//1082 531//1081 941//1461
f 941//1462 531//1462 720//1462
f 941//1463 942//1464 532//1465
f 942//1466 938//1466 719//1466
f 944//1467 539//1467 716//1467
f 539//1468 944//1468 937//1468
f 557//1469 539//1469 724//1469
f 715//1470 559//1471 558//1472
f 554//1473 559//1473 555//1473
f 559//1474 725//1474 555//1474
f 555//1437 1419//1475 714//1438
f 726//1476 714//1476 1419//1476
f 727//1477 726//1477 1419//1477
f 555//1478 725//1478 1419//1478
f 727//1479 728//1479 726//1479
f 1496//1480 728//1480 727//1480
f 715//1470 729//1481 559//1471
f 275//1482 170//1482 174//1482
f 275//1483 174//1483 276//1483
f 567//1484 566//1484 842//1484
f 583//1485 566//1485 732//1485
f 732//1486 568//1486 574//1486
f 574//1487 731//1487 732//1487
f 732//1488 731//1488 733//1488
f 732//1489 733//1489 734//1489
f 734//1490 735//1490 732//1490
f 583//1491 730//1491 842//1491
f 735//1492 730//1492 583//1492
f 735//1493 583//1493 732//1493
f 737//1494 736//1495 735//1496
f 735//1496 734//1497 737//1494
f 736//1498 737//1498 738//1498
f 739//1499 737//1499 734//1499
f 741//1500 739//1500 734//1500
f 741//1501 734//1501 733//1501
f 584//1179 731//1502 574//1180
f 742//1503 731//1503 584//1503
f 731//1504 741//1504 733//1504
f 741//1505 731//1505 742//1505
f 741//1506 742//1506 743//1506
f 739//1507 741//1507 740//1507
f 741//1508 743//1508 740//1508
f 712//1509 297//1509 713//1509
f 744//1510 712//1511 713//1512
f 726//1513 713//1513 714//1513
f 713//1512 1321//1514 744//1510
f 726//1515 1321//1515 713//1515
f 744//1516 1321//1516 1320//1516
f 575//1517 569//1517 570//1517
f 584//1518 569//1518 575//1518
f 575//1519 745//1519 584//1519
f 745//1520 575//1520 588//1520
f 750//1521 588//1521 589//1521
f 573//1522 590//1522 589//1522
f 590//1523 587//1523 592//1523
f 607//1524 591//1524 608//1524
f 607//1525 590//1525 592//1525
f 590//1526 607//1526 589//1526
f 608//1527 591//1527 746//1527
f 608//1528 746//1528 747//1528
f 747//1529 607//1529 608//1529
f 607//1530 749//1530 589//1530
f 756//1531 745//1531 588//1531
f 756//1532 588//1532 748//1532
f 748//1533 588//1533 750//1533
f 589//1534 749//1534 750//1534
f 750//1535 749//1535 767//1535
f 750//1536 767//1536 775//1536
f 743//1537 742//1537 753//1537
f 752//1538 743//1538 753//1538
f 753//1539 742//1539 584//1539
f 745//1540 753//1540 584//1540
f 754//1541 752//1541 753//1541
f 753//1542 745//1542 754//1542
f 754//1543 745//1543 756//1543
f 755//1544 754//1544 756//1544
f 766//1545 755//1545 756//1545
f 743//1546 752//1546 751//1546
f 752//1547 754//1547 755//1547
f 752//1548 755//1548 757//1548
f 757//1549 755//1549 758//1549
f 758//1550 755//1550 867//1550
f 757//1551 759//1551 752//1551
f 758//1552 763//1552 757//1552
f 760//1553 759//1553 757//1553
f 740//1554 743//1554 751//1554
f 751//1555 752//1555 759//1555
f 751//1556 761//1556 740//1556
f 862//1557 751//1557 759//1557
f 862//1558 759//1558 762//1558
f 760//1559 762//1559 759//1559
f 760//1560 757//1560 763//1560
f 764//1561 760//1561 763//1561
f 764//1562 762//1562 760//1562
f 765//1563 762//1563 764//1563
f 765//1564 862//1564 762//1564
f 867//1565 755//1565 766//1565
f 750//1566 796//1566 748//1566
f 768//1567 767//1567 749//1567
f 768//1568 749//1568 607//1568
f 768//1569 607//1569 747//1569
f 769//1570 747//1570 746//1570
f 769//1571 746//1571 770//1571
f 768//1572 747//1572 769//1572
f 770//1573 771//1573 769//1573
f 769//1574 772//1574 768//1574
f 773//1575 767//1575 768//1575
f 772//1576 773//1576 768//1576
f 773//1577 772//1577 767//1577
f 794//1578 767//1578 774//1578
f 750//1579 775//1579 796//1579
f 794//1580 775//1580 767//1580
f 774//1581 767//1581 772//1581
f 774//1582 772//1582 792//1582
f 792//1583 772//1583 769//1583
f 779//1584 769//1584 771//1584
f 792//1585 769//1585 779//1585
f 783//1586 771//1586 770//1586
f 780//1587 770//1587 746//1587
f 780//1588 746//1588 623//1588
f 623//1589 746//1589 591//1589
f 781//1590 780//1590 623//1590
f 810//1591 623//1591 622//1591
f 780//1592 783//1592 770//1592
f 783//1593 780//1593 781//1593
f 781//1594 782//1594 783//1594
f 783//1595 782//1595 784//1595
f 784//1596 786//1596 783//1596
f 783//1597 786//1597 771//1597
f 771//1598 786//1598 779//1598
f 784//1599 787//1599 786//1599
f 786//1600 787//1600 808//1600
f 786//1601 788//1601 779//1602
f 784//1603 1677//1604 787//1605
f 787//1606 789//1606 808//1606
f 788//1601 786//1601 808//1607
f 779//1608 788//1608 1570//1608
f 779//1609 1570//1609 807//1609
f 807//1610 790//1610 779//1610
f 778//1611 793//1611 774//1611
f 777//1612 795//1612 776//1612
f 748//1613 766//1613 756//1613
f 797//1614 766//1614 796//1614
f 748//1615 796//1615 766//1615
f 776//1616 796//1616 775//1616
f 796//1617 776//1617 798//1617
f 796//1618 798//1618 797//1618
f 800//1619 777//1619 794//1619
f 777//1620 800//1620 799//1620
f 793//1621 800//1621 794//1622
f 794//1623 774//1623 793//1623
f 801//1624 778//1624 792//1624
f 778//1625 774//1625 792//1625
f 779//1626 791//1626 802//1626
f 791//1627 779//1627 790//1627
f 779//1628 802//1628 792//1628
f 792//1629 802//1629 801//1629
f 801//1630 803//1630 778//1630
f 804//1631 778//1631 803//1631
f 805//1632 803//1632 801//1632
f 806//1633 790//1633 807//1633
f 808//1634 789//1634 1686//1634
f 1676//1635 784//1635 782//1635
f 785//1636 782//1636 781//1636
f 810//1637 809//1637 623//1637
f 810//1638 622//1639 811//1640
f 813//1641 810//1642 811//1643
f 813//1644 811//1644 812//1644
f 816//1645 813//1645 812//1645
f 810//1642 813//1641 814//1646
f 810//1647 814//1647 809//1647
f 813//1648 815//1648 814//1648
f 817//1649 815//1649 813//1649
f 813//1650 816//1650 817//1650
f 815//1651 818//1651 814//1651
f 623//1652 821//1653 781//1654
f 821//1653 623//1652 809//1655
f 781//1656 821//1656 785//1656
f 782//1657 819//1657 1676//1657
f 784//1603 1675//1658 1677//1604
f 820//1659 787//1659 1677//1659
f 785//1660 819//1660 782//1660
f 821//1661 822//1661 785//1661
f 823//1662 809//1662 814//1662
f 821//1663 809//1663 823//1663
f 814//1664 824//1664 823//1664
f 822//1665 821//1665 823//1665
f 825//1666 822//1666 823//1666
f 824//1667 1571//1667 823//1667
f 1571//1668 825//1668 823//1668
f 1574//1669 1571//1669 824//1669
f 1571//1670 826//1670 825//1670
f 827//1671 825//1671 826//1671
f 822//1672 825//1672 827//1672
f 822//1673 819//1673 785//1673
f 695//1674 580//1674 578//1674
f 581//1675 693//1675 578//1675
f 581//1676 582//1676 696//1676
f 690//1677 694//1677 829//1677
f 829//1678 828//1678 689//1678
f 829//1679 689//1679 690//1679
f 694//1680 834//1680 829//1680
f 828//1681 830//1681 689//1681
f 689//1682 830//1682 1054//1682
f 689//1683 1054//1683 688//1683
f 832//1684 828//1684 829//1684
f 834//1685 833//1685 831//1685
f 834//1686 831//1686 829//1686
f 835//1687 834//1687 694//1687
f 696//1688 693//1688 581//1688
f 694//1689 696//1689 835//1689
f 835//1690 696//1691 836//1690
f 836//1692 696//1692 582//1692
f 836//1693 582//1693 837//1693
f 835//1694 836//1694 834//1694
f 834//1695 836//1695 833//1695
f 833//1696 836//1696 837//1696
f 829//1697 831//1697 832//1697
f 840//1698 837//1698 838//1698
f 838//1699 839//1699 840//1699
f 838//1700 841//1700 839//1700
f 842//1701 838//1701 837//1701
f 567//1702 842//1703 837//1704
f 567//1702 837//1704 582//1705
f 567//1706 582//1706 579//1706
f 730//1707 838//1707 842//1707
f 841//1708 730//1708 844//1708
f 844//1709 730//1709 843//1709
f 730//1710 736//1710 843//1710
f 730//1711 841//1711 838//1711
f 843//1712 736//1712 845//1712
f 845//1713 736//1713 738//1713
f 845//1714 846//1714 847//1714
f 845//1715 847//1715 843//1715
f 844//1716 843//1716 847//1716
f 847//1717 852//1717 850//1717
f 847//1718 850//1718 844//1718
f 848//1719 841//1719 844//1719
f 839//1720 841//1720 848//1720
f 844//1721 850//1721 848//1721
f 849//1722 840//1722 839//1722
f 846//1723 851//1723 847//1723
f 847//1724 853//1724 852//1724
f 854//1725 853//1726 851//1727
f 857//1728 855//1728 853//1728
f 857//1729 853//1729 858//1729
f 854//1730 858//1730 853//1730
f 853//1731 847//1731 851//1731
f 894//1732 851//1732 846//1732
f 846//1733 859//1733 894//1733
f 883//1734 851//1734 894//1734
f 845//1735 893//1735 846//1735
f 893//1736 845//1736 860//1736
f 845//1737 738//1738 861//1739
f 860//1740 845//1740 861//1740
f 738//1741 740//1741 761//1741
f 862//1742 761//1742 751//1742
f 738//1743 863//1743 1410//1743
f 738//1738 1410//1744 861//1739
f 738//1745 761//1745 863//1745
f 765//1746 761//1746 862//1746
f 864//1747 765//1747 764//1747
f 865//1748 764//1749 763//1750
f 763//1751 758//1751 866//1751
f 867//1752 766//1752 868//1752
f 758//1753 867//1753 869//1753
f 867//1754 870//1754 869//1754
f 866//1755 758//1755 869//1755
f 869//1756 870//1756 871//1756
f 868//1757 766//1757 797//1757
f 798//1758 868//1758 797//1758
f 798//1759 776//1759 795//1759
f 795//1760 1413//1760 798//1760
f 875//1761 795//1761 777//1761
f 875//1762 777//1762 799//1762
f 872//1763 795//1763 873//1763
f 874//1764 872//1764 873//1764
f 795//1765 875//1765 873//1765
f 876//1766 799//1766 800//1766
f 799//1767 876//1767 875//1767
f 800//1768 877//1768 876//1768
f 875//1769 876//1769 878//1769
f 875//1770 878//1770 873//1770
f 877//1771 800//1771 793//1771
f 877//1772 793//1772 880//1772
f 879//1773 876//1773 877//1773
f 881//1774 803//1774 805//1774
f 896//1775 803//1775 881//1775
f 803//1776 896//1776 804//1776
f 778//1777 804//1777 793//1777
f 793//1778 804//1778 888//1778
f 882//1779 804//1779 883//1779
f 885//1780 883//1780 804//1780
f 884//1781 885//1781 804//1781
f 896//1782 884//1782 804//1782
f 883//1783 885//1783 886//1783
f 883//1784 894//1784 882//1784
f 887//1785 888//1785 804//1785
f 887//1786 804//1786 882//1786
f 880//1787 793//1787 888//1787
f 805//1788 880//1788 888//1788
f 888//1789 887//1789 881//1789
f 887//1790 896//1790 881//1790
f 805//1791 889//1791 880//1791
f 879//1792 877//1792 859//1792
f 879//1793 893//1794 891//1795
f 891//1796 893//1796 892//1796
f 859//1797 846//1797 893//1797
f 859//1798 893//1798 879//1798
f 859//1799 877//1799 890//1799
f 877//1800 880//1800 890//1800
f 880//1801 889//1801 890//1801
f 859//1802 890//1802 895//1802
f 894//1803 859//1803 895//1803
f 886//1804 854//1804 883//1804
f 854//1725 851//1727 883//1805
f 886//1806 885//1807 884//1807
f 886//1808 896//1808 1748//1808
f 896//1809 886//1809 884//1809
f 897//1810 1748//1810 896//1810
f 887//1811 882//1812 894//1812
f 894//1813 895//1813 897//1813
f 894//1814 897//1814 887//1814
f 895//1815 910//1815 901//1815
f 910//1816 895//1817 898//1818
f 910//1819 900//1819 901//1819
f 900//1820 902//1820 901//1820
f 904//1821 902//1821 900//1821
f 904//1822 900//1822 903//1822
f 895//1823 901//1823 897//1823
f 858//1824 902//1824 906//1824
f 906//1825 902//1825 904//1825
f 904//1826 905//1826 906//1826
f 900//1827 907//1827 903//1827
f 903//1828 907//1828 1076//1828
f 913//1829 1076//1829 907//1829
f 913//1830 907//1830 916//1830
f 910//1831 907//1831 900//1831
f 909//1832 907//1832 910//1832
f 921//1833 909//1834 910//1835
f 921//1836 910//1816 898//1818
f 909//1837 918//1837 907//1837
f 911//1838 908//1838 913//1838
f 913//1839 908//1839 1076//1839
f 912//1840 908//1841 911//1842
f 913//1843 914//1843 911//1843
f 918//1844 915//1844 907//1844
f 907//1845 915//1845 916//1845
f 916//1846 915//1846 917//1846
f 913//1847 916//1847 917//1847
f 919//1848 918//1848 909//1848
f 915//1849 925//1850 917//1849
f 918//1851 919//1851 920//1851
f 918//1852 920//1852 915//1852
f 919//1853 921//1853 920//1853
f 920//1854 921//1854 922//1854
f 919//1855 909//1834 921//1833
f 923//1856 915//1856 920//1856
f 915//1857 923//1857 925//1857
f 922//1858 924//1858 920//1858
f 923//1859 920//1859 924//1859
f 925//1860 926//1861 917//1862
f 927//1863 913//1863 917//1863
f 917//1864 926//1864 927//1864
f 935//1865 926//1861 925//1860
f 927//1866 926//1866 930//1866
f 928//1867 927//1868 930//1869
f 928//1867 930//1869 929//1870
f 929//1871 931//1871 928//1871
f 932//1872 931//1872 929//1872
f 935//1873 930//1874 926//1875
f 925//1876 934//1877 935//1878
f 729//1879 715//1879 934//1879
f 934//1880 925//1881 729//1882
f 934//1877 724//1883 935//1878
f 934//1884 546//1110 557//1112
f 724//1885 539//1885 937//1885
f 557//1112 724//1886 934//1884
f 935//1873 937//1887 930//1874
f 929//1888 937//1888 944//1888
f 932//1889 936//1890 931//1891
f 939//1892 931//1892 936//1892
f 938//1893 940//1894 936//1895
f 939//1896 936//1895 940//1894
f 938//1897 942//1897 940//1897
f 932//1889 943//1898 936//1890
f 936//1895 943//1899 938//1893
f 944//1900 717//1900 932//1900
f 717//1901 718//1902 943//1903
f 717//1901 943//1903 932//1904
f 929//1905 944//1905 932//1905
f 946//1906 458//1906 945//1906
f 458//1907 946//1907 635//1907
f 635//1908 946//1908 653//1908
f 653//1909 946//1909 948//1909
f 949//1910 659//1910 656//1910
f 659//1911 949//1911 945//1911
f 946//1912 945//1912 947//1912
f 949//1913 947//1913 945//1913
f 949//1914 952//1914 947//1914
f 947//1915 950//1915 946//1915
f 319//1916 331//1916 330//1916
f 328//1917 331//1917 329//1917
f 331//1918 328//1918 330//1918
f 653//1919 948//1919 632//1919
f 948//1920 946//1920 950//1920
f 947//1921 951//1921 950//1921
f 950//1922 951//1922 980//1922
f 981//1923 947//1923 952//1923
f 949//1924 953//1924 952//1924
f 953//1925 949//1925 656//1925
f 656//1926 660//1926 953//1926
f 661//1927 657//1927 662//1927
f 666//1928 667//1928 1187//1928
f 666//1929 1187//1929 662//1929
f 670//1930 668//1930 658//1930
f 668//1931 670//1931 669//1931
f 954//1932 667//1932 669//1932
f 671//1933 672//1933 669//1933
f 956//1934 669//1934 672//1934
f 956//1935 672//1936 955//1937
f 956//1938 1188//1938 669//1938
f 958//1939 957//1939 955//1939
f 672//1936 673//1940 955//1937
f 958//1941 955//1941 673//1941
f 1034//1942 958//1942 673//1942
f 959//1943 674//1943 677//1943
f 960//1358 677//1358 680//1357
f 677//1944 960//1944 959//1944
f 961//1945 960//1945 682//1945
f 682//1946 960//1946 680//1946
f 962//1947 961//1947 963//1947
f 963//1948 961//1948 965//1948
f 965//1949 961//1949 964//1949
f 964//1950 961//1950 682//1950
f 682//1951 681//1951 964//1951
f 681//1952 679//1952 460//1952
f 681//1953 967//1953 964//1953
f 966//1954 969//1954 965//1954
f 964//1955 966//1955 965//1955
f 966//1956 964//1956 967//1956
f 966//1957 968//1957 969//1957
f 965//1958 969//1958 963//1958
f 961//1959 959//1959 960//1959
f 972//1960 968//1960 971//1960
f 971//1961 968//1961 966//1961
f 968//1962 972//1962 973//1962
f 973//1963 972//1964 974//1965
f 683//1966 461//1966 462//1967
f 462//1967 975//1968 683//1966
f 428//1969 975//1969 462//1969
f 1047//1970 428//1970 440//1970
f 463//1971 978//1972 976//1973
f 977//1974 978//1974 684//1974
f 978//1975 977//1975 1051//1975
f 979//1976 977//1976 684//1976
f 684//1977 437//1977 979//1977
f 404//1978 676//1978 665//1978
f 739//1979 740//1979 737//1979
f 737//1980 740//1980 738//1980
f 652//1981 632//1981 948//1981
f 632//1982 652//1982 642//1982
f 950//1983 652//1983 948//1983
f 950//1984 980//1984 652//1984
f 981//1985 951//1985 947//1985
f 982//1986 981//1986 952//1986
f 982//1987 952//1987 983//1987
f 983//1988 952//1988 953//1988
f 953//1989 984//1989 1171//1989
f 953//1990 1171//1990 983//1990
f 951//1991 985//1991 980//1991
f 985//1992 951//1992 981//1992
f 985//1993 981//1993 982//1993
f 985//1994 986//1994 980//1994
f 986//1995 652//1995 980//1995
f 652//1996 986//1996 647//1996
f 343//1997 322//1997 323//1997
f 323//1998 324//1998 343//1998
f 343//1999 324//1999 335//1999
f 333//2000 334//2001 324//2001
f 334//2002 333//2002 332//2002
f 735//2003 736//2003 730//2003
f 472//2004 480//2004 987//2004
f 987//2005 480//2005 478//2005
f 477//2006 475//2006 481//2006
f 481//2007 479//2007 477//2007
f 478//2008 479//2008 987//2008
f 479//2009 481//2010 372//2010
f 479//2011 372//2011 988//2011
f 987//2012 990//2012 989//2012
f 987//2013 479//2013 990//2013
f 990//2014 479//2014 988//2014
f 991//2015 370//2015 994//2015
f 372//2016 370//2016 991//2016
f 991//2017 988//2017 372//2017
f 991//2018 994//2018 992//2018
f 994//2019 371//744 373//752
f 373//2020 368//2020 993//2020
f 993//2021 368//2021 375//2021
f 991//2022 992//2022 988//2022
f 989//2023 995//2023 987//2023
f 1831//2024 989//2024 990//2024
f 990//2025 988//2025 1838//2025
f 1838//2026 988//2026 996//2026
f 642//2027 652//2027 647//2027
f 335//2028 1000//2028 343//2028
f 344//2029 999//2029 997//2029
f 998//2030 344//2031 997//2030
f 1000//2032 997//2032 999//2032
f 1000//2033 1001//2033 997//2033
f 998//2034 997//2034 1001//2034
f 1001//2035 1002//2035 998//2035
f 1361//2036 1002//2036 1360//2036
f 1360//2037 1002//2037 1001//2037
f 335//2038 258//2038 1001//2038
f 707//2039 709//2039 1003//2039
f 1004//2040 705//2040 710//2040
f 707//2041 1003//2041 1360//2041
f 708//2042 1004//2042 1005//2042
f 1005//2043 1004//2043 710//2043
f 1006//2044 710//2044 711//2044
f 711//2045 1007//2045 1006//2045
f 708//2046 1005//2047 1003//2048
f 1006//2049 1005//2049 710//2049
f 1006//2050 1007//2050 1008//2050
f 1360//2051 1003//2048 1005//2047
f 1008//2052 1005//2052 1006//2052
f 1009//2053 1005//2053 1008//2053
f 1015//2054 1010//2054 1011//2054
f 1015//2055 1011//2055 1014//2055
f 1014//2056 1013//2056 1016//2056
f 1017//2057 1016//2057 1013//2057
f 1020//2058 1017//2058 1012//2058
f 1016//2059 1018//2059 1014//2059
f 1014//2060 1018//2060 1015//2060
f 1018//2061 1016//2061 1019//2061
f 1019//2062 1016//2062 1020//2062
f 1020//2063 1016//2063 1017//2063
f 1012//2064 1021//2064 1020//2064
f 1010//2065 1015//2065 711//2065
f 1019//2066 1022//2066 1018//2066
f 1021//2067 1012//2067 1023//2067
f 1021//2068 1024//2068 1019//2068
f 1020//2069 1021//2069 1019//2069
f 1022//2070 1019//2070 1024//2070
f 1022//2071 1025//2071 1018//2071
f 1018//2072 1025//2072 1015//2072
f 1363//2073 1015//2073 1025//2073
f 1368//2074 1025//2074 1022//2074
f 1023//2075 1012//2075 1817//2075
f 1815//2076 1024//2076 1021//2076
f 982//2077 651//2077 985//2077
f 1026//2078 651//2078 982//2078
f 651//2079 1027//2079 1497//2079
f 1028//2080 651//2080 1026//2080
f 1027//2081 651//2081 1028//2081
f 1026//2082 1029//2082 1028//2082
f 1026//2083 982//2083 983//2083
f 1026//2084 983//2084 1171//2084
f 984//2085 953//2085 660//2085
f 1030//2086 660//2086 661//2086
f 660//2087 1030//2087 1172//2087
f 660//2088 1172//2089 984//2090
f 1031//2091 661//2091 662//2091
f 1172//2092 1030//2092 1173//2092
f 1030//2093 661//2093 1031//2093
f 1032//2094 1030//2094 1031//2094
f 954//2095 669//2095 1188//2095
f 1189//2096 1188//2096 956//2096
f 1189//2097 956//2097 955//2097
f 1033//2098 958//2098 1034//2098
f 674//2099 959//2099 673//2099
f 961//2100 1034//2100 959//2100
f 962//2101 1033//2102 961//2103
f 1034//2104 961//2103 1033//2102
f 959//2105 1034//2105 673//2105
f 1035//2106 962//2106 1036//2106
f 1036//2107 969//2107 1038//2107
f 969//2108 1036//2108 963//2108
f 962//2109 963//2109 1036//2109
f 962//2110 1035//2110 1033//2110
f 958//2111 1033//2111 1037//2111
f 1036//2112 1038//2112 1035//2112
f 958//2113 1037//2113 957//2113
f 1035//2114 1037//2114 1033//2114
f 1035//2115 1038//2115 1193//2115
f 1193//2116 1038//2116 1197//2116
f 1038//2117 1039//2117 1197//2117
f 1039//2118 1038//2118 969//2118
f 969//2119 1040//2119 1039//2119
f 969//2120 968//2120 1040//2120
f 1300//2121 1040//2121 970//2121
f 970//2122 1040//2122 968//2122
f 968//2123 1042//2123 970//2123
f 1042//2124 1041//2124 970//2124
f 1042//2125 968//2125 973//2125
f 1042//2126 973//2126 1043//2126
f 1302//2127 1043//2127 1044//2127
f 1046//2128 1043//2128 973//2128
f 1043//2129 1302//2129 1042//2129
f 1302//2130 1044//2130 1045//2130
f 1594//2131 1596//2131 1045//2131
f 1594//2132 1045//2132 1044//2132
f 1591//2133 1044//2133 1043//2133
f 1591//2134 1043//2134 1046//2134
f 1046//2135 973//1963 974//1965
f 1591//2136 1046//2136 974//2136
f 683//2137 1592//2137 461//2137
f 461//2138 1592//2138 974//2138
f 975//2139 1048//2139 683//2139
f 975//2140 1047//2141 1048//2142
f 1047//2141 975//2140 428//2143
f 1050//2144 440//2144 976//2144
f 976//1973 978//1972 1051//2145
f 979//2146 1052//2146 977//2146
f 977//2147 1052//2147 1051//2147
f 1053//2148 1052//2148 979//2148
f 1054//2149 685//2149 688//2149
f 1054//2150 1057//2150 1055//2150
f 1057//2151 1054//2151 1056//2151
f 1058//2152 1056//2152 1054//2152
f 1058//2153 1054//2153 830//2153
f 1060//2154 1056//2154 1058//2154
f 1060//2155 1059//2155 1056//2155
f 1060//2156 1058//2156 1061//2156
f 1062//2157 830//2157 828//2157
f 828//2158 832//2158 1063//2158
f 828//2159 1068//2160 1062//2161
f 1068//2160 828//2159 1063//2162
f 831//2163 833//2163 849//2163
f 833//2164 837//2164 840//2164
f 833//2165 840//2165 849//2165
f 849//2166 832//2166 831//2166
f 1063//2167 832//2167 849//2167
f 1065//2168 850//2168 1064//2168
f 848//2169 850//2169 1065//2169
f 848//2170 1065//2170 839//2170
f 839//2171 1066//2171 1063//2171
f 839//2172 1063//2172 849//2172
f 1066//2173 839//2173 1065//2173
f 1065//2174 1064//2174 1066//2174
f 1063//2175 1066//2175 1068//2175
f 1064//2176 1067//2176 1066//2176
f 1067//2177 1069//2177 1068//2177
f 1067//2178 1068//2178 1066//2178
f 1062//2179 1068//2179 1070//2179
f 1064//2180 1071//2180 1067//2180
f 1071//2181 1064//2181 1072//2181
f 850//2182 1072//2182 1064//2182
f 1072//2183 850//2183 852//2183
f 1073//2184 1072//2184 852//2184
f 856//2185 1073//2185 852//2185
f 855//2186 852//2186 853//2186
f 857//2187 858//2187 906//2187
f 857//2188 906//2188 1074//2188
f 1087//2189 1075//2189 1074//2189
f 904//2190 1076//2190 905//2190
f 908//2191 905//2191 1076//2191
f 903//2192 1076//2192 904//2192
f 912//2193 905//2193 908//2193
f 913//2194 927//2194 914//2194
f 911//2195 914//2195 1077//2195
f 928//2196 914//2196 927//2196
f 1082//2197 939//1896 940//1894
f 914//2198 928//2198 931//2198
f 1078//2199 914//2199 931//2199
f 1077//2200 914//2200 1078//2200
f 1079//2201 1080//2201 1081//2201
f 1077//2202 1078//2203 1079//2204
f 1079//2204 1081//2205 1077//2202
f 1079//2206 1078//2207 1082//2208
f 1078//2209 931//2209 939//2209
f 1079//2210 1082//2210 940//2210
f 940//2211 941//2211 1079//2211
f 1137//2212 1079//2212 941//2212
f 1083//2213 1079//2214 1137//2215
f 1079//2216 1101//2216 1080//2216
f 1077//2217 912//1840 911//1842
f 1080//2218 912//2218 1077//2218
f 1080//2219 1077//2202 1081//2205
f 1080//2220 1084//2220 1086//2220
f 912//2221 1080//2221 1087//2221
f 1088//2222 1080//2222 1086//2222
f 912//2223 1087//2223 905//2223
f 905//2224 1087//2224 906//2224
f 1074//2225 906//2225 1087//2225
f 1087//2226 1088//2226 1089//2226
f 1087//2227 1089//2227 1075//2227
f 1080//2228 1088//2228 1087//2228
f 1086//2229 1090//2229 1088//2229
f 1088//2230 1090//2230 1089//2230
f 1074//2231 1091//2231 857//2231
f 855//2232 857//2232 1091//2232
f 1092//2233 855//2233 1091//2233
f 1093//2234 1091//2234 1074//2234
f 1093//2235 1074//2235 1075//2235
f 1349//2236 1089//2236 1090//2236
f 1093//2237 1075//2237 1089//2237
f 1093//2238 1089//2238 1349//2238
f 1090//2239 1086//2239 1094//2239
f 1090//2240 1094//2240 1095//2240
f 1094//2241 1086//2241 1084//2241
f 1096//2242 1084//2243 1100//2244
f 1084//2245 1085//2246 1097//2247
f 1084//2245 1097//2247 1100//2248
f 1102//2249 1097//2250 1085//2251
f 1097//2252 1102//2252 1099//2252
f 1098//2253 1099//2253 1102//2253
f 1097//2254 1099//2254 1100//2254
f 1096//2255 1100//2255 1099//2255
f 1096//2256 1099//2257 1107//2258
f 1085//2259 1084//2259 1080//2259
f 1080//2260 1101//2260 1085//2260
f 1103//2261 1102//2249 1085//2251
f 1103//2262 1098//2262 1102//2262
f 1103//2263 1085//2263 1101//2263
f 1103//2264 1139//2264 1098//2264
f 1104//2265 1099//2265 1098//2265
f 1098//2266 1105//2267 1104//2268
f 1105//2267 1106//2269 1104//2268
f 1104//2270 1107//2270 1099//2270
f 1096//2256 1107//2258 1108//2271
f 1477//2272 1107//2272 1104//2272
f 1104//2268 1106//2269 1109//2273
f 1105//2274 1114//2274 1106//2274
f 1104//2275 1109//2275 1478//2275
f 1104//2276 1478//2276 1477//2276
f 1109//2277 1106//2277 1110//2277
f 1106//2278 1114//2279 1111//2280
f 1113//2281 1111//2281 1112//2281
f 1105//2282 1115//2283 1114//2284
f 1112//2285 1114//2285 1115//2285
f 1105//2286 1098//2286 1116//2286
f 1105//2282 1118//2287 1115//2283
f 1117//2288 1118//2288 1105//2288
f 1115//2289 1118//2289 1119//2289
f 1115//2290 1120//2290 1112//2290
f 1119//2291 1120//2291 1115//2291
f 1112//2292 1120//2292 1113//2292
f 1113//2293 1120//2293 1121//2293
f 1123//2294 1124//2295 1125//2296
f 1124//2297 1123//2297 2456//2297
f 1127//2298 1122//2298 1121//2298
f 1120//2299 1119//2299 1127//2299
f 1127//2300 1121//2300 1120//2300
f 1122//2301 1127//2301 1123//2301
f 1118//2302 1117//2302 1128//2302
f 1119//2303 1118//2304 1129//2305
f 1129//2305 1118//2304 1128//2306
f 1129//2307 1130//2307 1119//2307
f 1119//2308 1130//2308 1127//2308
f 1133//2309 1129//2309 1128//2309
f 1117//2310 1131//2310 1128//2310
f 1117//2311 1105//2311 1131//2311
f 1116//2312 1131//2312 1105//2312
f 1132//2313 1131//2313 1116//2313
f 1131//2314 1132//2314 1134//2314
f 1128//2315 1131//2315 2454//2316
f 2453//2317 1128//2317 2454//2317
f 2453//2318 1133//2318 1128//2318
f 1131//2315 1793//2316 2454//2316
f 1135//2319 1134//2319 1132//2319
f 1135//2320 1136//2320 1134//2320
f 1135//2321 941//2321 1136//2321
f 941//2322 720//2322 1136//2322
f 1134//2323 1136//2323 721//2323
f 721//1454 1136//2324 720//1452
f 1083//2325 1137//2326 1135//2327
f 941//2328 1135//2327 1137//2326
f 1079//2214 1083//2213 1101//2329
f 1083//2330 1138//2331 1101//2332
f 1139//2333 1138//2333 1132//2333
f 1138//2334 1135//2334 1132//2334
f 1135//2335 1138//2331 1083//2330
f 1139//2336 1132//2336 1116//2336
f 1138//2337 1139//2337 1103//2337
f 1103//2338 1101//2338 1138//2338
f 1116//2339 1098//2339 1139//2339
f 624//2340 621//2340 1140//2340
f 624//2341 1140//2341 622//2341
f 1141//2342 1140//2342 621//2342
f 1141//2343 628//2343 1142//2343
f 811//1640 622//1639 1140//2344
f 811//2345 1140//2346 1143//2347
f 1141//2348 1143//2347 1140//2346
f 628//2349 1145//2349 1142//2349
f 1142//2350 1143//2350 1141//2350
f 1142//2351 1146//2351 1143//2351
f 1578//2352 1146//2353 1142//2354
f 1578//2352 1142//2354 1145//2355
f 1147//2356 1143//2356 1146//2356
f 1144//2357 1145//2357 627//2357
f 1145//2358 1144//2358 1148//2358
f 1149//2359 1144//2359 626//2359
f 1580//2360 1144//2360 1149//2360
f 1149//2361 625//2361 1150//2361
f 629//2362 1151//2362 1150//2362
f 1152//2363 629//2363 614//2363
f 614//2364 613//2364 640//2364
f 1152//2365 614//2365 640//2365
f 639//2366 1153//2366 640//2366
f 640//2367 1153//2368 1155//2369
f 1155//2369 1153//2368 1154//2370
f 1153//2371 639//2371 1156//2371
f 639//2372 638//2372 1156//2372
f 1156//2373 638//2374 645//2375
f 645//2375 1157//2376 1156//2373
f 1157//2377 1159//2377 1156//2377
f 1156//2378 1159//2379 1160//2380
f 1156//2378 1160//2380 1153//2381
f 1154//2382 1153//2382 1160//2382
f 640//2383 1155//2383 1152//2383
f 629//2384 1152//2384 1151//2384
f 1152//2385 1162//2385 1151//2385
f 1152//2386 1161//2386 1162//2386
f 1155//2387 1161//2387 1152//2387
f 1164//2388 1160//2388 1165//2388
f 1165//2389 1160//2389 1159//2389
f 1159//2390 1157//2390 1165//2390
f 1794//2391 1165//2391 1166//2391
f 1166//2392 1165//2392 1157//2392
f 1158//2393 1166//2393 1157//2393
f 650//2394 1167//2394 648//2394
f 1167//2395 646//2396 643//2397
f 1167//2398 643//2398 648//2398
f 650//2399 1169//2399 1167//2399
f 649//2400 650//2400 648//2400
f 1498//2401 1027//2401 1028//2401
f 1175//2402 1498//2402 1028//2402
f 1028//2403 1029//2403 1175//2403
f 1029//2404 1026//2404 1170//2404
f 1170//2405 1026//2405 1171//2405
f 1171//2406 984//2406 1170//2406
f 1175//2407 1029//2407 1170//2407
f 1170//2408 984//2408 1174//2408
f 1174//2409 984//2409 1176//2409
f 1176//2410 1177//2410 1174//2410
f 1170//2411 1174//2411 1175//2411
f 1176//2412 1181//2412 1179//2412
f 1179//2413 1177//2413 1176//2413
f 1176//2414 984//2090 1172//2089
f 1181//2415 1172//2415 1173//2415
f 1181//2416 1173//2416 1182//2416
f 1176//2417 1172//2417 1181//2417
f 1179//2418 1180//2418 1177//2418
f 1511//2419 1179//2419 1181//2419
f 1183//2420 1182//2420 1173//2420
f 1183//2421 1184//2421 1182//2421
f 1185//2422 1173//2422 1030//2422
f 1183//2423 1662//2423 1184//2423
f 1207//2424 1173//2424 1185//2424
f 1185//2425 1030//2425 1032//2425
f 1187//2426 1031//2426 662//2426
f 1187//2427 667//2427 954//2427
f 1188//2428 1189//2428 1190//2428
f 1189//2429 955//2429 957//2429
f 957//2430 1191//2430 1189//2430
f 1189//2431 1191//2431 1190//2431
f 1192//2432 954//2432 1188//2432
f 1192//2433 1188//2433 1190//2433
f 1035//2434 1193//2434 1037//2434
f 1037//2435 1194//2435 957//2435
f 1193//2436 1195//2436 1037//2436
f 1195//2437 1194//2437 1037//2437
f 1196//2438 1194//2438 1195//2438
f 1193//2439 1197//2439 1297//2439
f 1193//2440 1196//2441 1195//2441
f 1196//2442 1193//2442 1199//2442
f 1199//2443 1193//2443 1297//2443
f 1194//2444 1200//2445 1202//2446
f 1200//2447 1194//2447 1196//2447
f 1200//2448 1196//2448 1201//2448
f 1227//2449 1200//2449 1201//2449
f 1200//2450 1227//2450 1222//2450
f 1200//2445 1222//2451 1202//2446
f 1194//2452 1202//2453 957//2454
f 957//2454 1202//2453 1191//2455
f 1202//2456 1215//2456 1191//2456
f 1191//2457 1204//2457 1190//2457
f 1190//2458 1204//2458 1203//2458
f 1190//2459 1203//2459 1192//2459
f 1204//2460 1191//2460 1215//2460
f 1203//2461 1204//2461 1192//2461
f 1192//2462 1205//2463 954//2464
f 1187//2465 954//2464 1205//2463
f 1186//2466 1031//2466 1187//2466
f 1186//2467 1187//2467 1205//2467
f 1239//2468 1205//2468 1192//2468
f 1186//2469 1209//2469 1031//2469
f 1209//2470 1186//2471 1205//2472
f 1209//2470 1205//2472 1206//2473
f 1032//2474 1031//2474 1209//2474
f 1211//2475 1207//2475 1208//2475
f 1210//2476 1207//2476 1185//2476
f 1210//2477 1185//2477 1032//2477
f 1210//2478 1208//2479 1207//2479
f 1212//2480 1211//2480 1208//2480
f 1212//2481 1208//2481 1210//2481
f 1213//2482 1212//2482 1210//2482
f 1213//2483 1210//2483 1214//2483
f 1032//2484 1214//2484 1210//2484
f 1209//2485 1214//2485 1032//2485
f 1236//2486 1192//2486 1204//2486
f 1215//2487 1202//2487 1222//2487
f 1216//2488 1215//2488 1218//2488
f 1218//2489 1217//2489 1216//2489
f 1217//2490 1218//2491 1219//2492
f 1220//2493 1219//2493 1221//2493
f 1221//2494 1219//2494 1218//2494
f 1218//2495 1215//2495 1222//2495
f 1223//2496 1220//2496 1221//2496
f 1221//2497 1218//2497 1222//2497
f 1223//2498 1221//2498 1225//2498
f 1223//2499 1225//2499 1224//2499
f 1222//2500 1226//2500 1221//2500
f 1226//2501 1222//2501 1227//2501
f 1201//2502 1196//2503 1260//2504
f 1260//2504 1196//2503 1228//2505
f 1228//2506 1196//2506 1199//2506
f 1201//2507 1229//2508 1227//2509
f 1226//2510 1227//2509 1229//2508
f 1229//2511 1201//2511 1260//2511
f 1225//2512 1221//2512 1255//2512
f 1231//2513 1225//2513 1230//2513
f 1223//2514 1224//2514 1220//2514
f 1219//2492 1249//2515 1217//2490
f 1216//2516 1247//2516 1238//2516
f 1232//2517 1233//2517 1241//2517
f 1247//2518 1216//2518 1235//2518
f 1238//2519 1247//2519 1234//2519
f 1234//2520 1232//2520 1236//2520
f 1232//2521 1237//2521 1236//2521
f 1236//2522 1204//2522 1238//2522
f 1236//2523 1238//2523 1234//2523
f 1216//2524 1238//2524 1215//2524
f 1215//2525 1238//2525 1204//2525
f 1236//2526 1237//2526 1239//2526
f 1236//2527 1239//2527 1192//2527
f 1239//2528 1240//2528 1205//2528
f 1239//2529 1237//2529 1240//2529
f 1241//2530 1240//2530 1237//2530
f 1988//2531 1240//2531 1241//2531
f 1241//2532 1237//2532 1232//2532
f 1233//2533 1242//2533 1243//2533
f 1241//2534 1233//2534 1243//2534
f 1242//2535 1244//2536 1243//2537
f 1243//2537 1244//2536 1537//2538
f 1246//2539 1233//2539 1232//2539
f 1235//2540 1216//2540 1217//2540
f 1249//2541 1235//2541 1217//2541
f 1250//2542 1249//2542 1219//2542
f 1219//2543 1220//2543 1250//2543
f 1249//2544 1250//2544 1248//2544
f 1249//2545 1248//2546 1235//2547
f 1224//2548 1251//2548 1220//2548
f 1224//2549 1225//2549 1231//2549
f 1224//2550 1231//2550 2209//2550
f 2209//2551 1231//2551 1252//2551
f 1230//2552 1253//2552 1231//2552
f 1254//2553 1230//2553 1225//2553
f 1225//2554 1255//2554 1254//2554
f 1255//2555 1221//2555 1226//2555
f 1255//2556 1226//2556 1229//2556
f 1255//2557 1259//2557 1254//2557
f 1259//2558 1256//2558 1254//2558
f 1254//2559 1256//2559 1230//2559
f 1259//2560 1255//2560 1258//2560
f 1255//2561 1257//2561 1258//2561
f 1261//2562 1258//2562 1257//2562
f 1258//2563 1261//2563 1259//2563
f 1261//2564 1257//2564 1260//2564
f 1256//2565 1262//2565 1230//2565
f 1262//2566 1253//2566 1230//2566
f 2247//2567 1253//2567 1262//2567
f 2247//2568 1262//2568 1268//2568
f 1256//2569 1263//2569 1262//2569
f 1259//2570 1263//2570 1256//2570
f 1259//2571 1264//2571 1263//2571
f 1261//2572 1260//2572 1265//2572
f 1261//2573 1264//2573 1259//2573
f 1263//2574 1269//2574 1266//2574
f 1263//2575 1266//2575 1267//2575
f 1263//2576 1267//2577 1262//2578
f 1267//2579 1266//2579 1268//2579
f 1267//2577 1268//2580 1262//2578
f 1269//2581 1263//2581 1271//2581
f 1271//2582 1263//2583 1264//2584
f 1270//2585 1269//2585 1272//2585
f 2754//2586 1271//2582 1264//2584
f 1264//2587 1261//2587 1279//2587
f 1275//2588 1276//2588 1273//2588
f 1273//2589 1276//2589 1274//2589
f 1276//2590 1265//2590 1274//2590
f 1274//2591 1265//2591 1260//2591
f 1274//2592 1284//2592 1273//2592
f 1277//2593 1265//2593 1276//2593
f 1279//2594 1261//2594 1265//2594
f 1276//2595 1278//2595 1277//2595
f 1277//2596 1279//2596 1265//2596
f 1279//2597 1277//2597 1280//2597
f 1281//2598 1276//2598 1275//2598
f 1275//2599 1273//2600 1282//2601
f 1283//2602 1282//2602 1273//2602
f 1283//2603 1273//2604 1292//2605
f 1282//2606 1283//2606 1288//2606
f 1285//2607 1286//2607 1287//2607
f 1289//2608 1287//2608 1286//2608
f 1288//2609 1283//2609 1285//2609
f 1285//2610 1287//2610 1288//2610
f 1287//2611 1289//2611 1288//2611
f 1288//2612 1290//2612 1282//2612
f 1282//2601 2749//2613 1275//2599
f 1290//2614 1291//2614 1282//2614
f 1282//2615 1291//2615 2749//2615
f 2739//2616 1291//2616 1290//2616
f 2737//2617 1288//2617 1289//2617
f 2374//2618 1289//2618 1286//2618
f 1286//2619 1285//2619 1295//2619
f 1292//2605 1285//2620 1283//2603
f 1293//2621 1295//2621 1292//2621
f 1292//2622 1295//2622 1285//2622
f 1292//2623 1294//2623 1299//2623
f 1292//2624 1299//2624 1293//2624
f 1295//2625 1293//2625 1296//2625
f 1293//2626 1641//2626 1296//2626
f 1299//2627 1294//2628 1297//2627
f 1298//2629 1292//2629 1273//2629
f 1298//2630 1273//2630 1284//2630
f 1298//2631 1284//2631 1199//2631
f 1199//2632 1284//2632 1228//2632
f 1292//2633 1298//2633 1294//2633
f 1297//2634 1294//2634 1298//2634
f 1199//2635 1297//2635 1298//2635
f 1197//2636 1198//2636 1299//2636
f 1197//2637 1299//2637 1297//2637
f 1198//2638 1197//2638 1039//2638
f 1040//2639 1198//2639 1039//2639
f 1198//2640 1040//2640 1301//2640
f 1301//2641 1040//2641 1300//2641
f 1293//2642 1198//2642 1641//2642
f 1198//2643 1301//2643 1641//2643
f 1300//2644 1302//2644 1301//2644
f 1301//2645 1302//2645 1303//2645
f 1303//2646 1045//2646 1596//2646
f 1042//2647 1302//2647 1041//2647
f 1041//2648 1302//2648 1300//2648
f 1041//2649 1300//2650 970//2649
f 937//2651 929//2651 930//2651
f 724//2652 937//2652 935//2652
f 493//2653 467//2653 1304//2653
f 1304//2654 467//2654 466//2654
f 1304//2655 466//2655 490//2655
f 472//2656 470//2657 464//2658
f 472//2659 987//2660 1405//2661
f 472//2662 1405//2662 1312//2662
f 472//2656 1309//2663 470//2657
f 470//2664 1309//2664 471//2664
f 469//2665 471//2665 1306//2665
f 1306//2666 471//2666 1309//2666
f 1305//2667 490//2667 469//2667
f 1306//2668 1307//2668 469//2668
f 1308//2669 469//2669 1307//2669
f 1312//2670 1309//2671 472//2672
f 1306//2673 1309//2673 1307//2673
f 1312//2670 1311//2674 1309//2671
f 1309//2675 1311//2675 1307//2675
f 1307//2676 1310//2676 1308//2676
f 469//2677 1308//2677 1305//2677
f 1313//2678 1311//2678 1312//2678
f 1307//2679 1311//2679 1310//2679
f 1305//2680 1308//2680 1314//2680
f 1314//2681 490//2681 1305//2681
f 1392//2682 1304//2682 490//2682
f 1315//2683 1392//2683 490//2683
f 943//1899 719//2684 938//1893
f 681//2685 424//2685 967//2685
f 967//2686 424//2686 971//2686
f 971//2687 966//2687 967//2687
f 334//2688 335//2688 324//2688
f 1321//2689 1322//2689 1320//2689
f 728//2690 1321//2690 726//2690
f 728//2691 1496//2691 1322//2691
f 1496//2692 1323//2692 1322//2692
f 1322//2693 1323//2693 1324//2693
f 728//2694 1322//2694 1321//2694
f 1322//2695 1324//2695 1320//2695
f 1055//2696 1052//2696 1053//2696
f 1054//2697 1053//2697 979//2697
f 979//2698 685//2698 1054//2698
f 1053//2699 1054//2699 1055//2699
f 1056//2700 1059//2700 1328//2700
f 1056//2701 1328//2701 1057//2701
f 1328//2702 1329//2702 1057//2702
f 1327//2703 1326//2703 1330//2703
f 1326//2704 1327//2704 1057//2704
f 1055//2705 1057//2705 1327//2705
f 1330//2706 1326//2706 1329//2706
f 1326//2707 1057//2707 1329//2707
f 1327//2708 1337//2708 1055//2708
f 1055//2709 1337//2709 1052//2709
f 1052//2710 1331//2710 1051//2710
f 1051//2711 1332//2711 976//2711
f 1334//2712 1332//2712 1051//2712
f 1051//2713 1335//2713 1334//2713
f 1335//2714 1051//2714 1331//2714
f 1336//2715 1331//2715 1052//2715
f 1336//2716 1052//2716 1337//2716
f 1338//2717 1337//2717 1327//2717
f 1337//2718 1338//2718 1336//2718
f 1331//2719 1336//2719 1338//2719
f 1338//2720 1327//2720 1330//2720
f 1338//2721 1330//2721 1339//2721
f 1328//2722 1059//2722 1340//2722
f 1328//2723 1330//2723 1329//2723
f 1339//2724 1330//2725 1328//2726
f 1328//2726 1454//2727 1339//2724
f 1060//2728 1440//2728 1059//2728
f 1341//2729 1453//2729 1059//2729
f 1453//2730 1340//2730 1059//2730
f 1061//2731 1058//2731 830//2731
f 1061//2732 830//2732 1062//2732
f 1070//2733 1068//2733 1069//2733
f 1070//2734 1069//2734 1343//2734
f 1067//2735 1342//2735 1069//2735
f 1348//2736 1343//2736 1342//2736
f 1342//2737 1343//2737 1069//2737
f 1348//2738 1344//2738 1343//2738
f 1345//2739 1070//2739 1343//2739
f 1344//2740 1346//2740 1343//2740
f 1343//2741 1346//2741 1345//2741
f 1351//2742 1347//2742 1346//2742
f 1073//2743 1071//2743 1072//2743
f 1067//2744 1071//2744 1342//2744
f 1348//2745 1342//2745 1071//2745
f 1823//2746 1071//2747 1073//2748
f 1823//2746 1348//2749 1071//2747
f 1348//2750 1349//2750 1344//2750
f 1349//2751 1348//2751 1823//2751
f 1349//2752 1350//2752 1344//2752
f 1351//2753 1346//2753 1353//2753
f 1352//2754 1347//2754 1351//2754
f 1354//2755 1351//2755 1355//2755
f 1355//2756 1351//2756 1353//2756
f 1353//2757 1346//2757 1350//2757
f 1346//2758 1344//2758 1350//2758
f 1356//2759 1354//2759 1355//2759
f 1355//2760 1353//2761 1350//2761
f 1357//2762 1350//2762 1349//2762
f 1350//2763 1357//2763 1355//2763
f 1357//2764 1358//2764 1355//2764
f 1357//2765 1349//2765 1358//2765
f 1358//2766 1349//2766 1090//2766
f 1358//2767 1090//2767 1095//2767
f 1084//2243 1096//2242 1094//2768
f 1096//2769 1108//2769 1094//2769
f 559//1471 729//1481 1359//2770
f 725//2771 559//2771 1359//2771
f 707//2772 1001//2772 258//2772
f 1360//2773 1001//2773 707//2773
f 1360//2774 1005//2774 1009//2774
f 1009//2775 1008//2775 1007//2775
f 1362//2776 1009//2776 1007//2776
f 1007//2777 711//2777 1363//2777
f 1363//2778 711//2778 1015//2778
f 1362//2779 1007//2779 1363//2779
f 1009//2780 1361//2780 1360//2780
f 1361//2781 1009//2781 1362//2781
f 1364//2782 1362//2782 1363//2782
f 1361//2783 1362//2783 1002//2783
f 345//2784 1365//2784 355//2784
f 1366//2785 355//2785 1365//2785
f 344//2786 998//2786 1365//2786
f 345//2787 344//2787 1365//2787
f 1367//2788 1366//2788 1365//2788
f 1365//2789 998//2789 1002//2789
f 1363//2790 1025//2790 1364//2790
f 1362//2791 1365//2791 1002//2791
f 1365//2792 1362//2792 1364//2792
f 1369//2793 1025//2793 1368//2793
f 1367//2794 1365//2794 1364//2794
f 1369//2795 1367//2795 1364//2795
f 1364//2796 1025//2796 1369//2796
f 1367//2797 1369//2797 1366//2797
f 1370//2798 356//2798 1366//2798
f 1370//2799 1366//2799 1369//2799
f 1370//2800 1371//2800 356//2800
f 1811//2801 1371//2801 1370//2801
f 1811//2802 1370//2802 1812//2802
f 1372//2803 1371//2803 1811//2803
f 1371//2804 1372//2804 356//2804
f 357//2805 1373//2805 358//2805
f 349//2806 1372//2806 1373//2806
f 335//2807 1001//2807 1000//2807
f 933//2808 729//1882 925//1881
f 925//1881 923//2809 933//2808
f 923//2810 1374//2810 933//2810
f 933//2811 1374//2811 1359//2811
f 1359//2812 1374//2812 1375//2812
f 1359//2813 1375//2813 725//2813
f 729//1481 933//2814 1359//2770
f 1374//2815 923//2816 1375//2817
f 924//2818 1375//2817 923//2816
f 1375//2819 1376//2819 725//2819
f 924//2820 1376//2821 1375//2820
f 725//2822 1376//2822 1420//2822
f 924//2823 922//2823 1376//2823
f 1376//2824 922//2824 921//2824
f 1377//2825 1376//2825 921//2825
f 1377//2826 921//2826 898//2826
f 899//2827 1377//2827 898//2827
f 1377//2828 899//2828 1378//2828
f 895//2829 899//2829 898//2829
f 899//2830 895//2830 890//2830
f 889//2831 899//2831 890//2831
f 1378//2832 899//2832 889//2832
f 1379//2833 1378//2833 889//2833
f 889//2834 1383//2834 1379//2834
f 1377//2835 1378//2835 1381//2835
f 1379//2836 1381//2836 1378//2836
f 1381//2837 1379//2837 1380//2837
f 1382//2838 1380//2838 1379//2838
f 1383//2839 1384//2839 1379//2839
f 1384//2840 1382//2840 1379//2840
f 1382//2841 1385//2841 1380//2841
f 1385//2842 1382//2842 1716//2842
f 1384//2843 1716//2843 1382//2843
f 805//2844 888//2844 881//2844
f 1387//2845 801//2845 802//2845
f 1425//2846 805//2846 801//2846
f 801//2847 1387//2847 1425//2847
f 874//2848 1389//2849 1388//2850
f 1389//2851 874//2851 873//2851
f 873//2852 878//2852 1389//2852
f 876//2853 879//2853 878//2853
f 892//2854 893//2854 860//2854
f 892//2855 860//2855 1437//2855
f 496//2856 495//2856 1390//2856
f 1304//2857 1390//2857 493//2857
f 1304//2858 1392//2858 1391//2858
f 1392//2859 1393//2860 1391//2861
f 1393//2860 1394//2862 1391//2861
f 1392//2863 1409//2863 1393//2863
f 1310//2864 1311//2864 1398//2864
f 1395//2865 1310//2865 1398//2865
f 1310//2866 1395//2866 1308//2866
f 1314//2867 1308//2867 1396//2867
f 1396//2868 1308//2868 1395//2868
f 1397//2869 1396//2869 1395//2869
f 1397//2870 1395//2870 1398//2870
f 1313//2871 1398//2871 1311//2871
f 1405//2661 987//2660 995//2872
f 1312//2873 1405//2873 1313//2873
f 1397//2874 1398//2874 1313//2874
f 1397//2875 1399//2875 1396//2875
f 490//2876 1314//2876 1315//2876
f 1402//2877 1314//2877 1396//2877
f 1401//2878 1314//2878 1402//2878
f 1401//2879 1315//2879 1314//2879
f 1402//2880 1396//2881 1400//2880
f 1399//2882 1400//2882 1396//2882
f 1403//2883 1400//2883 1399//2883
f 1832//2884 1399//2884 1397//2884
f 1406//2885 1313//2886 1405//2885
f 1405//2887 995//2887 1406//2887
f 1313//2888 1406//2888 1832//2888
f 1397//2889 1313//2889 1832//2889
f 1402//2890 1400//2890 1403//2890
f 1407//2891 1402//2891 1403//2891
f 1401//2892 1402//2892 1409//2892
f 1409//2893 1402//2893 1408//2893
f 1315//2894 1401//2894 1409//2894
f 1315//2895 1409//2895 1392//2895
f 1408//2896 1393//2897 1409//2898
f 765//2899 864//2899 761//2899
f 761//2900 864//2900 1412//2900
f 1412//2901 864//2901 1411//2901
f 761//2902 1412//2902 863//2902
f 1415//2903 864//2903 764//2903
f 865//1748 763//1750 866//2904
f 870//2905 867//2905 868//2905
f 1418//2906 798//2906 1413//2906
f 798//2907 1418//2907 868//2907
f 866//2908 869//2908 865//2908
f 1414//2909 865//2909 869//2909
f 869//2910 1416//2910 1414//2910
f 1414//2911 1415//2911 865//2911
f 865//2912 1415//2912 764//2912
f 1415//2913 1414//2913 1416//2913
f 864//2914 1415//2914 1411//2914
f 1417//2915 1411//2915 1415//2915
f 1417//2916 1415//2916 1416//2916
f 1411//2917 1417//2917 1560//2917
f 1416//2918 869//2918 871//2918
f 2137//2919 870//2919 1568//2919
f 1568//2920 870//2920 868//2920
f 1568//2921 868//2922 1418//2923
f 795//2924 872//2924 1413//2924
f 1413//2925 872//2925 802//2925
f 1413//2926 802//2926 791//2926
f 874//2927 1387//2928 872//2928
f 802//2929 872//2929 1387//2929
f 725//2930 1420//2930 1419//2930
f 1421//2931 1419//2932 1420//2933
f 1419//2932 1421//2931 727//2934
f 1376//2935 1377//2935 1422//2935
f 1376//2936 1422//2936 1420//2936
f 1421//2937 1420//2937 1422//2937
f 1422//2938 1494//2938 1421//2938
f 1423//2939 1381//2939 1380//2939
f 1377//2940 1381//2940 1422//2940
f 1423//2941 1422//2941 1381//2941
f 1495//2942 1423//2943 1380//2944
f 1380//2945 1385//2945 1495//2945
f 1386//2946 1384//2946 1424//2946
f 1424//2947 1384//2947 1383//2947
f 1424//2948 1383//2949 889//2950
f 805//2951 1425//2951 889//2951
f 889//2950 1425//2952 1424//2948
f 1424//2953 1425//2953 1387//2953
f 1426//2954 1387//2954 874//2954
f 1552//2955 1424//2955 1426//2955
f 1426//2956 1424//2956 1387//2956
f 1426//2957 874//2848 1388//2850
f 1388//2958 1389//2959 1427//2960
f 1428//2961 1426//2961 1388//2961
f 1388//2962 1427//2962 1429//2962
f 1429//2963 1427//2963 1430//2963
f 1430//2964 1427//2964 1431//2964
f 1432//2965 1430//2965 1431//2965
f 1431//2966 1427//2966 1433//2966
f 1434//2967 1432//2967 1431//2967
f 1434//2968 1431//2968 1436//2968
f 1437//2969 1435//2969 1434//2969
f 1434//2970 1436//2970 1437//2970
f 1436//2971 1431//2971 1433//2971
f 1433//2972 1427//2960 1389//2959
f 1389//2973 878//2973 1433//2973
f 1438//2974 1433//2974 878//2974
f 1438//2975 878//2975 879//2975
f 1438//2976 879//1793 891//1795
f 1438//2977 891//2977 892//2977
f 861//2978 1437//2978 860//2978
f 861//1739 1410//1744 1437//2979
f 1412//2980 1411//2980 1439//2980
f 1412//2981 1439//2981 863//2981
f 892//2982 1437//2982 1436//2982
f 1436//2983 1438//2983 892//2983
f 1438//2984 1436//2984 1433//2984
f 1050//2985 976//2985 1332//2985
f 1333//2986 1332//2986 1334//2986
f 1331//2987 1338//2987 1335//2987
f 1454//2988 1328//2988 1340//2988
f 1340//2989 1452//2989 1454//2989
f 1455//2990 1339//2991 1454//2992
f 1452//2993 1340//2993 1453//2993
f 1341//2994 1059//2994 1440//2994
f 1441//2995 1061//2995 1062//2995
f 1061//2996 1440//2996 1060//2996
f 1440//2997 1061//2997 1441//2997
f 1070//2998 1441//2998 1062//2998
f 1441//2999 1442//2999 1440//2999
f 1345//3000 1441//3000 1070//3000
f 1441//3001 1345//3001 1442//3001
f 1345//3002 1346//3002 1347//3002
f 1345//3003 1347//3003 1442//3003
f 1443//3004 1444//3004 1442//3004
f 1442//3005 1444//3005 1440//3005
f 1444//3006 1341//3006 1440//3006
f 1445//3007 1443//3007 1442//3007
f 1442//3008 1347//3008 1445//3008
f 1347//3009 1352//3010 1446//3010
f 1347//3011 1446//3011 1445//3011
f 1443//3012 1445//3012 1447//3012
f 1447//3013 1445//3013 1446//3013
f 1448//3014 1453//3014 1341//3014
f 1341//3015 1444//3015 1448//3015
f 1444//3016 1443//3016 1450//3016
f 1450//3017 1443//3017 1447//3017
f 1450//3018 1449//3018 1444//3018
f 1444//3019 1449//3019 1448//3019
f 1450//3020 1447//3021 1451//3022
f 1450//3023 1451//3023 1452//3023
f 1450//3024 1452//3024 1449//3024
f 1452//3025 1453//3025 1449//3025
f 1455//2990 1456//3026 1339//2991
f 1454//3027 1452//3027 1457//3027
f 1452//3028 1451//3028 1457//3028
f 1460//3029 1457//3029 1451//3029
f 1447//3021 1458//3030 1451//3022
f 1470//3031 1458//3031 1447//3031
f 1459//3032 1458//3032 1470//3032
f 1455//3033 1454//3033 1462//3033
f 2005//3034 1457//3035 1460//3036
f 2008//3039 1461//3039 1460//3039
f 1470//3040 1467//3040 1459//3040
f 1470//3041 1446//3041 1351//3041
f 1351//3042 1354//3042 1470//3042
f 1354//3043 1469//3043 1470//3043
f 1469//3044 1467//3044 1470//3044
f 1469//3045 1471//3045 1467//3045
f 1468//3046 1467//3046 2554//3046
f 2554//3047 1467//3047 1471//3047
f 1472//3048 1471//3048 1473//3048
f 1471//3049 1469//3049 1473//3049
f 1473//3050 1469//3050 1354//3050
f 1356//3051 1474//3051 1354//3051
f 1354//3052 1474//3052 1473//3052
f 1474//3053 1356//3053 1355//3053
f 1355//3054 1358//3054 1474//3054
f 1476//3055 1095//3055 1094//3055
f 1475//3056 1095//3056 1476//3056
f 1358//3057 1095//3057 1475//3057
f 1474//3058 1477//3058 1473//3058
f 1474//3059 1475//3059 1477//3059
f 1475//3060 1474//3060 1358//3060
f 1107//3061 1476//3061 1108//3061
f 1476//3062 1107//3062 1475//3062
f 1477//3063 1475//3063 1107//3063
f 1479//3064 1478//3064 1109//3064
f 1481//3065 1109//3065 1484//3065
f 1479//3066 1109//3066 1481//3066
f 1479//3067 1481//3067 1482//3067
f 1483//3068 1479//3068 1482//3068
f 1481//3069 1484//3069 1482//3069
f 1109//3070 1110//3070 1484//3070
f 1111//2280 1110//3071 1106//2278
f 1484//3072 1110//3072 1485//3072
f 1485//3073 1487//3073 1486//3073
f 1110//3074 1111//3074 1485//3074
f 1487//3075 1485//3075 1488//3075
f 1485//3076 1486//3076 1484//3076
f 1484//3077 1486//3077 1482//3077
f 1482//3078 1486//3078 1483//3078
f 1486//3079 1487//3079 1483//3079
f 1483//3080 1487//3080 1490//3080
f 1487//3081 1492//3081 1490//3081
f 1487//3082 1493//3082 1491//3083
f 1491//3084 1493//3084 1489//3084
f 1491//3085 1492//3085 1487//3085
f 2014//3086 1492//3087 1491//3088
f 1493//3089 1487//3089 1488//3089
f 1113//3090 1485//3090 1111//3090
f 1112//3091 1111//3091 1114//3091
f 1047//3092 440//3092 1050//3092
f 1047//3093 1049//3093 1048//3093
f 1047//3094 1050//3094 1049//3094
f 1494//3095 1422//3095 1423//3095
f 1494//3096 1423//2943 1495//2942
f 1494//3097 1496//3097 1421//3097
f 1421//3098 1496//3098 727//3098
f 1497//3099 1027//3099 1498//3099
f 1517//3100 1175//3100 1174//3100
f 1517//3101 1174//3101 1178//3101
f 1177//3102 1180//3102 1499//3102
f 1177//3103 1499//3103 1502//3103
f 1177//3104 1502//3104 1500//3104
f 1499//3105 1180//3105 1501//3105
f 1503//3106 1502//3106 1499//3106
f 1499//3107 1501//3107 1504//3107
f 1501//3108 1180//3108 1505//3108
f 1501//3109 1505//3110 1506//3109
f 1523//3111 1506//3112 1507//3111
f 1510//3113 1505//3113 1180//3113
f 1994//3114 1510//3114 1511//3114
f 1510//3115 1509//3115 1505//3115
f 1509//3116 1510//3116 1512//3116
f 1995//3117 1509//3117 1512//3117
f 1512//3118 1510//3118 1995//3118
f 1179//3119 1511//3119 1510//3119
f 1180//3120 1179//3120 1510//3120
f 1169//3121 650//3121 1168//3121
f 650//3122 1497//3122 1168//3122
f 1497//3123 1513//3123 1168//3123
f 1498//3124 1514//3124 1513//3124
f 1514//3125 1498//3125 1175//3125
f 1498//3126 1513//3126 1497//3126
f 1513//3127 1514//3127 1516//3127
f 1513//3128 1515//3128 1168//3128
f 1168//3129 1515//3129 1169//3129
f 1517//3130 1516//3130 1514//3130
f 1652//3131 1516//3131 1517//3131
f 1514//3132 1175//3132 1517//3132
f 1517//3133 1178//3133 1652//3133
f 1178//3134 1174//3134 1500//3134
f 1500//3135 1174//3135 1177//3135
f 1519//3136 1500//3136 1502//3136
f 1518//3137 1502//3137 1503//3137
f 1520//3138 1500//3138 1519//3138
f 1520//3139 1519//3139 1804//3139
f 1805//3140 1519//3140 1502//3140
f 1805//3141 1502//3141 1969//3141
f 1969//3142 1502//3142 1518//3142
f 1521//3144 1503//3144 1522//3144
f 1503//3145 1499//3145 1504//3145
f 1503//3146 1504//3146 1522//3146
f 1501//3147 1506//3147 1523//3147
f 1507//3148 1506//3148 1508//3148
f 1504//3149 1501//3150 1525//3151
f 1525//3153 1522//3153 1504//3153
f 1523//3154 1525//3151 1501//3150
f 1507//3155 1508//3155 1523//3155
f 1508//3156 1506//3156 1528//3156
f 1506//3157 1505//3158 1509//3158
f 1509//3159 1526//3159 1527//3160
f 1526//3161 1509//3161 1995//3162
f 1527//3163 1528//3163 1509//3163
f 1506//3164 1509//3164 1528//3164
f 1527//3165 1529//3165 1528//3165
f 1528//3166 1529//3166 1530//3166
f 1531//3167 1530//3167 1529//3167
f 1530//3168 1531//3168 1532//3168
f 1508//3169 1528//3169 2457//3169
f 2457//3170 1528//3170 1530//3170
f 1914//3171 1530//3171 1532//3171
f 1531//3172 2203//3172 1532//3172
f 1533//3173 2203//3173 1531//3173
f 2203//3174 1533//3174 1534//3174
f 1533//3175 1535//3175 1534//3175
f 1536//3176 1537//3176 1535//3176
f 1535//3177 1537//3177 1534//3177
f 1541//3178 1529//3178 1527//3178
f 1541//3179 1527//3179 1538//3179
f 1539//3180 1538//3180 1526//3180
f 1526//3181 1538//3181 1527//3181
f 1540//3182 1539//3182 1526//3182
f 1213//3183 1538//3183 1539//3183
f 1213//3184 1214//3184 1541//3184
f 1213//3185 1541//3185 1538//3185
f 1541//3186 1531//3186 1529//3187
f 1533//3188 1531//3186 1541//3186
f 1533//3189 1541//3189 1214//3189
f 1533//3190 1214//3190 1535//3190
f 1214//3191 1209//3191 1206//3191
f 1214//3192 1536//3192 1535//3192
f 1536//3193 1214//3193 1206//3193
f 776//3194 794//3194 777//3194
f 794//3195 776//3195 775//3195
f 1078//2207 939//3196 1082//2208
f 1325//3197 1324//3197 1545//3197
f 1543//3198 1324//3198 1323//3198
f 1323//3199 1496//3199 1494//3199
f 1543//3200 1323//3200 1546//3200
f 1324//3201 1543//3201 1545//3201
f 1548//3202 1325//3202 1545//3202
f 1546//3203 1323//3203 1494//3203
f 1494//3204 1544//3204 1546//3204
f 1495//3205 1544//3205 1494//3205
f 1543//3206 1546//3206 1545//3206
f 1548//3207 1545//3207 1710//3207
f 1545//3208 1547//3208 1710//3208
f 1547//3209 1709//3209 1710//3209
f 1547//3210 1545//3210 1550//3210
f 1550//3211 1545//3211 1546//3211
f 1546//3212 1551//3212 1550//3212
f 1547//3213 1550//3213 1549//3213
f 1385//3214 1544//3214 1495//3214
f 1544//3215 1385//3215 1546//3215
f 1385//3216 1716//3216 2307//3216
f 1716//3217 1384//3217 1386//3217
f 1386//3218 1424//3218 1552//3218
f 1553//3219 1552//3220 1426//3221
f 1426//3222 1428//3222 1553//3222
f 1428//3223 1388//3223 1553//3223
f 1553//3224 1388//3224 1429//3224
f 1553//3225 1429//3225 1717//3225
f 1434//3226 1554//3226 1432//3226
f 1432//3227 1554//3228 1430//3229
f 1555//3230 1434//3230 1556//3230
f 1556//3231 1434//3231 1435//3231
f 1410//3232 1435//3232 1437//3232
f 1558//3233 863//3233 1439//3233
f 863//3234 1558//3234 1557//3234
f 863//3235 1557//3236 1410//3237
f 1557//3238 1558//3238 1559//3238
f 1558//3239 1561//3239 1559//3239
f 1560//3240 1439//3240 1411//3240
f 1439//3241 1560//3241 1558//3241
f 1557//3242 1559//3242 1744//3242
f 1561//3243 1563//3244 1562//3245
f 1560//3246 1561//3246 1558//3246
f 1417//3247 1563//3244 1561//3243
f 1563//3248 1564//3248 1562//3248
f 1559//3249 1561//3249 1562//3249
f 1562//3250 1564//3250 1565//3250
f 1565//3251 1566//3251 1562//3251
f 1743//3252 1559//3253 1562//3254
f 1743//3252 1562//3254 1742//3255
f 1565//3256 2468//3256 1566//3256
f 1565//3257 1564//3257 1824//3257
f 1417//3258 1561//3258 1560//3258
f 1567//3259 1416//3259 871//3259
f 1417//3260 1416//3260 1563//3260
f 1416//3261 1567//3261 1563//3261
f 1569//3262 1568//2921 1418//2923
f 1413//3263 791//3263 806//3263
f 806//3264 791//3264 790//3264
f 806//3265 1418//3265 1413//3265
f 806//3266 1569//3266 1418//3266
f 1569//3267 806//3267 807//3267
f 1572//3268 1573//3268 1570//3268
f 1570//3269 1573//3269 807//3269
f 1569//3270 807//3270 1573//3270
f 1572//3271 1570//3271 1571//3271
f 1571//3272 1570//3272 826//3272
f 1571//3273 1574//3273 1572//3273
f 815//3274 817//3274 2147//3274
f 816//3275 812//3275 1576//3275
f 811//3276 1143//3276 812//3276
f 1147//3277 1576//3277 812//3277
f 1576//3278 1147//3278 1577//3278
f 1147//3279 812//3279 1143//3279
f 1577//3280 1147//3280 1146//3280
f 1578//3281 1581//3281 1577//3281
f 1578//3282 1577//3282 1146//3282
f 1577//3283 1581//3283 1579//3283
f 1587//3284 1579//3284 1581//3284
f 1578//3285 1145//3285 1580//3285
f 1580//3286 1145//3286 1148//3286
f 1144//3287 1580//3287 1148//3287
f 1578//3288 1580//3288 1581//3288
f 1150//3289 1580//3289 1149//3289
f 1580//3290 1587//3290 1581//3290
f 1587//3291 1582//3291 1583//3291
f 1587//3292 1583//3292 1579//3292
f 1579//3293 1576//3293 1577//3293
f 1579//3294 1583//3294 1584//3294
f 1579//3295 1584//3295 1576//3295
f 1584//3296 816//3296 1576//3296
f 1583//3297 1585//3297 1586//3297
f 1584//3298 1586//3298 816//3298
f 816//3299 1586//3299 817//3299
f 817//3300 1575//3300 2147//3300
f 1584//3301 1583//3301 1586//3301
f 1580//3302 1150//3302 1587//3302
f 1150//3303 1588//3303 1582//3303
f 1150//3304 1582//3304 1587//3304
f 941//1463 940//3305 942//1464
f 1390//3306 1304//3306 504//3306
f 1391//3307 504//3307 1304//3307
f 504//3308 1391//3308 1394//3308
f 2279//3309 504//3309 1394//3309
f 2281//3310 1394//3310 1393//3310
f 1393//2897 1408//2896 2281//3311
f 504//3312 2279//3312 507//3312
f 507//3313 1589//3314 505//3315
f 508//3316 505//3316 1589//3316
f 508//3317 1589//3317 2283//3317
f 510//3318 508//3318 1792//3318
f 510//3319 1792//3319 723//3319
f 1591//3320 1590//3320 1044//3320
f 1044//3321 1590//3321 1594//3321
f 1592//3322 1593//3322 974//3322
f 974//3323 1593//3323 1591//3323
f 1590//3324 1591//3324 1593//3324
f 1596//3325 1594//3325 1595//3325
f 1302//3326 1045//3326 1303//3326
f 1620//3327 1594//3328 1590//3329
f 1592//3330 683//3330 1597//3330
f 1608//3331 1049//3331 1050//3331
f 1333//3332 1334//3332 1611//3332
f 1598//3333 1334//3333 1335//3333
f 1598//3334 1335//3334 1338//3334
f 1598//3335 1338//3335 1339//3335
f 1456//3336 1599//3336 1339//3336
f 1339//3337 1599//3337 1598//3337
f 1599//3338 1456//3338 1600//3338
f 1456//3339 1455//3339 1601//3339
f 1611//3340 1334//3340 1603//3340
f 1600//3341 1456//3341 1602//3341
f 1602//3342 1611//3343 1603//3344
f 1602//3345 1603//3345 1600//3345
f 1601//3346 1602//3346 1456//3346
f 1455//3347 2004//3347 1601//3347
f 1601//3348 1604//3348 1602//3348
f 1602//3349 1604//3349 1605//3349
f 1605//3350 1611//3343 1602//3342
f 1606//3351 1605//3351 1604//3351
f 1604//3352 1601//3352 1606//3352
f 1607//3353 1608//3353 1050//3353
f 1612//3354 1609//3354 1608//3354
f 1333//3355 1610//3355 1607//3355
f 1333//3356 1611//3356 1610//3356
f 1607//3357 1610//3357 1613//3357
f 1607//3358 1613//3358 1608//3358
f 1608//3359 1613//3359 1612//3359
f 1049//3360 1609//3360 1048//3360
f 1752//3361 1048//3361 1609//3361
f 1609//3362 1612//3362 1752//3362
f 1048//3363 1614//3363 683//3363
f 1048//3364 1752//3365 1614//3365
f 1593//3366 1592//3366 1597//3366
f 1615//3367 1593//3367 1597//3367
f 683//3368 1614//3368 1597//3368
f 1616//3369 1614//3369 1752//3369
f 1753//3370 1614//3370 1616//3370
f 1753//3371 1617//3371 1614//3371
f 1614//3372 1617//3372 1597//3372
f 1593//3373 1691//3373 1590//3373
f 1590//3374 1618//3374 1620//3374
f 1619//3375 1618//3375 1590//3375
f 1594//3328 1620//3327 1621//3376
f 1594//3377 1621//3377 1595//3377
f 1623//3378 1622//3378 1621//3378
f 1623//3379 1621//3380 1620//3381
f 1620//3382 1618//3382 1625//3382
f 1625//3383 1618//3383 1626//3383
f 1618//3384 1692//3384 1626//3384
f 1623//3385 1620//3385 1625//3385
f 1622//3386 1623//3386 1624//3386
f 1624//3387 1623//3387 1627//3387
f 1627//3388 1623//3388 1625//3388
f 1627//3389 1629//3389 1624//3389
f 1624//3390 1629//3390 1628//3390
f 1630//3391 1628//3391 1629//3391
f 1633//3394 1624//3394 1628//3394
f 1624//3395 1633//3395 1622//3395
f 1633//3396 1628//3396 1639//3396
f 1622//3397 1595//3397 1621//3397
f 1595//3398 1622//3398 1634//3398
f 1595//3399 1635//3399 1596//3399
f 1635//3400 1641//3400 1596//3400
f 1595//3401 1636//3401 1635//3401
f 1637//3402 1595//3402 1634//3402
f 1634//3403 1622//3403 1633//3403
f 1595//3404 1637//3404 1636//3404
f 1634//3405 1633//3405 1637//3405
f 1637//3406 1633//3406 1639//3406
f 1638//3407 1628//3407 1632//3407
f 1628//3408 1638//3408 1639//3408
f 1638//3409 2042//3409 1639//3409
f 1639//3410 2042//3410 1640//3410
f 1639//3411 1640//3411 2041//3411
f 1641//3412 1635//3412 1296//3412
f 1642//3413 1635//3413 1636//3413
f 1636//3414 1637//3414 1643//3414
f 1639//3415 1643//3415 1637//3415
f 1642//3416 1636//3416 1643//3416
f 1644//3417 1642//3417 1643//3417
f 1299//3418 1198//3418 1293//3418
f 1157//3419 645//3419 1645//3419
f 1645//3420 645//3420 1646//3420
f 1663//3421 1645//3422 1646//3422
f 641//3423 1646//3423 645//3423
f 1647//3424 1646//3424 644//3424
f 644//3425 1648//3425 1647//3425
f 1648//3426 644//3426 646//3426
f 1647//3427 1663//3427 1646//3427
f 1649//3428 1648//3428 646//3428
f 1658//3429 646//2396 1167//2395
f 646//3430 1658//3430 1649//3430
f 1516//3431 1515//3431 1513//3431
f 1169//3432 1515//3432 1650//3432
f 1651//3433 1516//3433 1652//3433
f 1500//3434 1520//3434 1178//3434
f 1652//3435 1178//3435 1520//3435
f 1652//3436 1520//3436 1653//3436
f 1652//3437 1654//3437 1651//3437
f 1516//3438 1655//3438 1515//3438
f 1515//3439 1655//3439 1650//3439
f 1651//3440 1655//3440 1516//3440
f 1657//3441 1648//3441 1656//3441
f 1649//3442 1656//3442 1648//3442
f 1659//3443 1649//3443 1658//3443
f 1656//3444 1649//3444 1659//3444
f 1648//3445 1657//3445 1660//3445
f 1648//3446 1660//3446 1647//3446
f 1660//3447 1661//3448 1647//3449
f 1660//3450 1665//3450 1661//3450
f 1661//3451 1665//3451 1184//3451
f 1184//3452 1662//3452 1661//3452
f 1647//3449 1661//3448 1663//3453
f 1663//3454 1661//3454 1645//3454
f 1645//3455 1158//3455 1157//3455
f 1645//3456 1664//3456 1158//3456
f 1645//3457 1661//3457 1664//3457
f 1661//3458 1662//3458 1664//3458
f 1511//3459 1182//3459 1184//3459
f 1184//3460 1665//3460 1994//3460
f 1665//3461 1660//3462 1657//3463
f 1667//3464 1665//3461 1657//3463
f 1667//3465 1657//3465 1668//3465
f 1668//3466 1657//3466 1666//3466
f 1666//3467 1657//3467 1656//3467
f 1656//3468 1659//3468 1666//3468
f 1670//3469 1669//3469 1666//3469
f 1670//3470 1666//3470 1659//3470
f 1670//3471 1659//3471 1658//3471
f 1658//3472 1671//3472 1670//3472
f 1671//3473 1803//3473 1670//3473
f 1666//3474 1798//3474 1996//3474
f 1667//3475 1994//3475 1665//3475
f 1049//3476 1608//3476 1609//3476
f 1155//3477 1674//3477 1161//3477
f 1161//3478 1878//3479 1162//3479
f 1150//3480 1151//3480 1672//3480
f 1150//3481 1672//3481 1588//3481
f 1151//3482 1878//3482 1880//3482
f 1878//3483 1151//3483 1162//3483
f 1673//3484 1878//3484 1161//3484
f 1674//3485 1675//3485 1161//3485
f 1674//3486 1155//3486 1677//3486
f 1677//3487 1155//3487 1163//3487
f 1161//3488 1675//3488 1673//3488
f 1673//3489 1675//3489 1676//3489
f 1675//3490 1674//3490 1677//3490
f 784//3491 1676//3491 1675//3491
f 820//3492 1677//3492 1163//3492
f 1163//3493 1155//3493 1154//3493
f 1163//3494 1678//3494 820//3494
f 1678//3495 1163//3495 1154//3495
f 1164//3496 1679//3496 1160//3496
f 1160//3497 1679//3497 1154//3497
f 1680//3498 1678//3498 1679//3498
f 1679//3499 1678//3499 1154//3499
f 1680//3500 1679//3500 1796//3500
f 1679//3501 1164//3501 1681//3501
f 1678//3502 1680//3502 820//3502
f 820//3503 1680//3503 787//3503
f 808//3504 1683//3504 788//3504
f 1684//3505 1683//3505 808//3505
f 808//3506 1686//3506 1684//3506
f 1684//3507 1686//3507 1685//3507
f 1682//3508 1686//3508 789//3508
f 1686//3509 1687//3509 1685//3509
f 1689//3510 1688//3511 1685//3510
f 1685//3512 1690//3512 1689//3512
f 1685//3513 1688//3513 1684//3513
f 1683//3514 827//3515 1570//3516
f 1570//3517 827//3517 826//3517
f 827//3515 1683//3514 1879//3518
f 1683//3519 1570//3519 788//3519
f 1050//3520 1332//3521 1607//3520
f 1333//3522 1607//3522 1332//3522
f 1619//3523 1590//3523 1691//3523
f 1593//3524 1615//3524 1691//3524
f 1619//3525 1691//3525 1757//3525
f 1615//3526 1693//3526 1691//3526
f 1615//3527 1694//3527 1693//3527
f 1693//3528 1694//3528 1695//3528
f 1695//3529 1694//3529 1754//3529
f 1753//3530 1694//3530 1617//3530
f 1615//3531 1597//3531 1617//3531
f 1617//3532 1694//3532 1615//3532
f 1316//3533 1698//3533 1696//3533
f 1316//3534 1697//3534 1698//3534
f 2435//3535 1872//3535 1696//3535
f 1696//3536 1698//3536 2435//3536
f 2435//3537 1698//3537 2448//3537
f 1699//3538 1698//3538 1697//3538
f 1699//3539 2448//3539 1698//3539
f 2433//3540 2448//3541 1699//3542
f 1699//3542 1700//3543 2433//3540
f 1703//3544 1699//3544 1697//3544
f 1701//3545 1697//3545 1705//3545
f 1703//3546 1697//3546 1701//3546
f 1702//3547 1701//3547 1705//3547
f 1700//3548 1699//3548 1703//3548
f 1702//3549 2415//3549 1701//3549
f 1704//3550 2415//3550 1702//3550
f 1702//3551 1705//3551 1704//3551
f 1705//3552 1706//3553 1704//3554
f 1709//3555 1704//3555 1706//3555
f 1319//3556 1706//3553 1705//3552
f 1697//3557 1316//3557 1705//3557
f 1317//3558 1705//3558 1316//3558
f 1548//3559 1710//3559 1707//3559
f 1708//3560 1707//3560 1709//3560
f 1548//3561 1707//3561 1542//3561
f 1318//3562 1542//3562 1707//3562
f 1707//3563 1708//3563 1318//3563
f 1708//3564 1706//3564 1318//3564
f 1708//3565 1709//3565 1706//3565
f 1710//3566 1709//3566 1707//3566
f 1549//3567 1709//3567 1547//3567
f 1704//3568 1709//3568 1549//3568
f 1711//3569 1704//3569 1549//3569
f 1549//3570 1713//3570 1711//3570
f 1713//3571 1549//3571 1712//3571
f 1712//3572 1549//3572 1550//3572
f 1714//3573 1716//3574 2466//3575
f 1715//3576 1386//3576 1552//3576
f 1716//3577 1386//3577 1715//3577
f 1717//3578 1552//3220 1553//3219
f 1717//3579 1715//3579 1552//3579
f 1718//3580 1716//3580 1715//3580
f 1715//3581 1717//3582 1724//3582
f 1723//3583 1718//3583 1724//3583
f 1724//3584 1718//3584 1715//3584
f 1724//3582 1717//3582 1722//3585
f 1717//3586 1429//3586 1719//3586
f 1717//3587 1719//3588 1722//3587
f 1719//3589 1429//3589 1430//3589
f 1430//3590 1720//3590 1719//3590
f 1554//3591 1434//3591 1555//3591
f 1554//3228 1720//3592 1430//3229
f 1554//3593 1721//3593 1720//3593
f 1554//3594 1555//3594 1721//3594
f 1725//3595 1722//3596 1719//3597
f 1725//3595 1723//3598 1722//3596
f 1723//3599 1724//3599 1722//3599
f 1718//3600 1723//3600 1725//3600
f 1726//3601 1720//3601 1721//3601
f 1720//3604 1733//3604 1719//3604
f 1720//3605 1726//3605 1733//3605
f 1739//3612 1729//3612 1727//3612
f 1740//3618 1729//3619 1739//3620
f 1729//3619 1740//3618 1737//3621
f 1740//3622 1739//3622 1741//3622
f 1741//3623 1739//3623 2178//3623
f 2178//3624 1739//3624 1742//3624
f 1742//3625 1739//3625 1745//3625
f 1743//3626 1744//3626 1559//3626
f 1557//3236 1435//3627 1410//3237
f 1556//3628 1435//3628 1744//3628
f 1744//3629 1743//3629 1556//3629
f 1742//3630 1556//3630 1743//3630
f 1742//3631 1745//3631 1556//3631
f 1745//3632 1555//3632 1556//3632
f 1745//3633 1739//3633 1727//3633
f 1745//3634 1727//3634 1555//3634
f 1211//3635 1173//3635 1207//3635
f 1211//3636 1183//3636 1173//3636
f 1211//3637 1212//3637 1746//3638
f 1746//3639 1212//3639 1213//3639
f 1746//3640 1213//3640 1539//3640
f 1746//3641 1158//3641 1211//3641
f 1664//3642 1662//3642 1183//3642
f 1664//3643 1183//3643 1211//3643
f 1664//3644 1211//3644 1158//3644
f 1641//3645 1301//3645 1303//3645
f 1641//3646 1303//3646 1596//3646
f 1598//3647 1599//3647 1334//3647
f 1334//3648 1599//3649 1603//3649
f 1603//3649 1599//3649 1600//3650
f 1747//3651 854//3651 886//3651
f 897//3652 1747//3653 1748//3654
f 1748//3655 1747//3655 886//3655
f 858//3656 854//3656 1747//3656
f 902//3657 858//3657 1747//3657
f 902//3658 1747//3653 897//3652
f 897//3659 896//3659 887//3659
f 902//3660 897//3660 901//3660
f 1749//3661 1610//3661 1611//3661
f 1611//3662 1605//3662 1749//3662
f 1606//3663 2002//3663 1605//3663
f 1605//3664 2002//3664 1749//3664
f 1610//3665 1749//3665 1750//3665
f 1613//3666 1998//3666 1751//3666
f 1613//3667 1751//3667 1612//3667
f 1751//3668 1752//3668 1612//3668
f 1752//3669 1751//3669 1616//3669
f 1754//3670 1694//3670 1753//3670
f 1751//3671 1755//3671 1616//3671
f 1754//3672 1753//3672 1755//3672
f 1755//3673 1753//3673 1616//3673
f 1691//3674 1693//3674 1757//3674
f 1619//3675 1692//3675 1618//3675
f 1625//3676 1626//3676 1761//3676
f 1756//3677 1692//3677 1757//3677
f 1757//3678 1692//3678 1619//3678
f 1758//3679 1695//3679 1754//3679
f 1693//3680 1756//3680 1757//3680
f 1759//3681 1756//3681 1693//3681
f 1693//3682 1695//3682 1759//3682
f 1758//3683 1760//3683 1695//3683
f 1695//3684 1779//3684 1759//3684
f 1762//3685 1756//3685 1759//3685
f 1756//3686 1626//3686 1692//3686
f 1779//3687 1763//3687 1759//3687
f 1759//3688 1763//3688 1762//3688
f 1764//3689 1763//3689 1765//3689
f 1763//3690 1764//3691 1762//3692
f 1764//3691 1766//3693 1762//3692
f 1756//3694 1762//3694 1626//3694
f 1626//3695 1762//3695 1766//3695
f 1627//3696 1625//3697 1761//3696
f 1629//3699 1773//3699 1767//3699
f 1773//3705 1629//3705 1627//3705
f 1773//3706 1627//3706 1761//3706
f 1776//3707 1773//3707 1761//3707
f 1776//3708 1761//3709 1774//3709
f 1766//3710 1761//3710 1626//3710
f 1761//3711 1766//3711 1774//3711
f 1773//3712 1776//3712 1775//3712
f 1776//3713 1777//3713 1775//3713
f 1775//3714 1777//3714 1784//3714
f 1774//3715 1766//3715 1764//3715
f 1776//3716 1774//3716 1777//3716
f 1774//3717 1764//3717 1777//3717
f 1763//3718 1779//3718 1778//3718
f 1695//3719 1760//3719 1779//3719
f 2308//3720 1760//3720 1758//3720
f 1760//3721 1788//3721 1779//3721
f 1779//3722 1780//3722 1778//3722
f 1781//3723 1778//3723 2497//3723
f 1763//3724 1778//3724 1781//3724
f 1781//3725 1765//3725 1763//3725
f 1765//3726 1781//3726 1782//3726
f 1764//3727 1765//3727 1782//3727
f 1782//3728 1777//3728 1764//3728
f 1784//3732 1786//3732 1785//3732
f 1777//3733 1786//3733 1784//3733
f 1782//3734 1781//3734 1787//3734
f 1787//3735 1781//3735 2497//3735
f 2497//3736 1778//3736 1780//3736
f 1780//3737 1788//3737 2519//3737
f 2497//3738 2496//3738 1787//3738
f 1782//3739 1787//3739 2498//3739
f 1782//3740 2498//3740 1786//3740
f 2498//3741 1789//3741 1786//3741
f 1786//3742 1790//3742 1785//3742
f 1134//3744 721//1045 722//1044
f 1134//3745 1792//3745 1131//3745
f 1792//3746 1134//3747 722//3748
f 1792//3746 722//3748 723//3749
f 517//3750 723//3750 722//3750
f 1166//3751 1158//3751 1746//3751
f 1540//3752 1746//3752 1539//3752
f 1746//3753 1540//3753 1796//3753
f 1166//3754 1795//3754 1794//3754
f 1794//3755 1795//3755 1165//3755
f 1795//3756 1166//3756 1164//3756
f 1795//3757 1164//3757 1165//3757
f 1164//3758 1166//3758 1796//3758
f 1796//3759 1166//3759 1746//3759
f 1164//3760 1796//3760 1681//3760
f 1796//3761 1679//3761 1681//3761
f 789//3762 1680//3762 1796//3762
f 1682//3763 789//3763 1796//3763
f 1682//3764 1797//3764 1686//3764
f 1682//3765 1796//3765 1540//3765
f 1540//3766 1797//3766 1682//3766
f 1799//3767 1687//3767 1686//3767
f 1686//3768 1797//3768 1799//3768
f 1799//3769 1797//3769 1798//3769
f 1798//3770 1666//3770 1669//3770
f 1669//3771 1799//3771 1798//3771
f 1669//3772 1670//3772 1801//3772
f 1669//3773 1802//3773 1799//3773
f 1802//3774 1669//3774 1801//3774
f 1803//3775 1801//3775 1670//3775
f 1658//3776 1167//3776 1671//3776
f 1671//3777 1167//3777 1169//3777
f 1654//3778 1652//3778 1653//3778
f 1651//3779 1654//3779 1655//3779
f 1654//3780 1941//3780 1655//3780
f 1804//3781 1653//3781 1520//3781
f 1654//3782 1653//3782 1804//3782
f 1805//3783 1806//3783 1804//3783
f 1807//3784 1806//3784 1805//3784
f 1807//3785 1808//3785 1806//3785
f 1804//3786 1519//3786 1805//3786
f 1368//3787 1809//3787 1369//3787
f 1369//3788 1809//3788 1370//3788
f 1370//3789 1809//3789 1812//3789
f 1809//3790 1814//3790 1810//3790
f 1809//3791 1810//3791 1812//3791
f 1372//3792 1811//3793 1812//3794
f 1814//3795 1813//3795 1810//3795
f 1812//3796 1810//3796 1813//3796
f 1814//3797 1809//3797 1815//3797
f 1368//3798 1815//3799 1809//3798
f 1816//3800 1814//3800 1023//3800
f 1023//3801 1814//3801 1815//3801
f 1815//3802 1022//3802 1024//3802
f 1021//3803 1023//3803 1815//3803
f 1815//3804 1368//3804 1022//3804
f 1813//3805 1814//3805 1818//3805
f 1818//3806 1814//3806 1816//3806
f 1816//3807 1023//3807 1817//3807
f 1993//3808 1813//3808 1818//3808
f 1818//3809 1819//3809 1993//3809
f 1819//3810 1818//3810 1816//3810
f 1819//3811 1816//3811 1820//3811
f 1993//3812 1372//3812 1813//3812
f 1813//3813 1372//3792 1812//3794
f 1372//3814 1993//3814 1373//3814
f 1993//3815 1821//3815 1373//3815
f 1822//3816 1819//3816 1820//3816
f 1871//3817 1819//3817 1822//3817
f 855//3818 1092//3818 852//3818
f 1823//3819 1093//3819 1349//3819
f 856//3820 1823//3820 1073//3820
f 856//3821 852//3821 1092//3821
f 1092//3822 1091//3822 1093//3822
f 1823//3823 856//3823 1092//3823
f 1823//3824 1092//3824 1093//3824
f 2137//3825 871//3825 870//3825
f 1567//3826 871//3826 1825//3826
f 1567//3827 1825//3827 1824//3827
f 1567//3828 1824//3828 1563//3828
f 1564//3829 1563//3829 1824//3829
f 1824//3830 2468//3830 1565//3830
f 1562//3831 1566//3831 1742//3831
f 2178//3832 1742//3832 1566//3832
f 1829//3833 992//3833 994//3833
f 1826//3834 994//3834 373//3834
f 1864//3835 373//3835 993//3835
f 994//3836 1826//3836 1828//3836
f 373//3837 1827//3837 1826//3837
f 1827//3838 1828//3838 1826//3838
f 1827//3839 1830//3839 1828//3839
f 994//3840 1828//3840 1829//3840
f 1829//3841 1828//3841 1830//3841
f 992//3842 1829//3843 1830//3844
f 992//3842 1830//3844 988//3845
f 988//3846 1830//3846 996//3846
f 989//3847 1831//3848 995//3849
f 995//3849 1831//3848 1406//3850
f 1832//3851 1406//3851 1404//3851
f 1406//3852 1831//3852 1404//3852
f 1832//3853 1404//3853 1847//3853
f 1832//3854 1847//3854 1833//3854
f 1834//3855 1833//3855 1847//3855
f 1833//3856 1399//3856 1832//3856
f 1399//3857 1833//3857 1403//3857
f 1403//3858 1833//3858 1407//3858
f 1407//3859 1833//3859 1834//3859
f 1834//3860 1836//3860 1407//3860
f 1835//3861 1847//3861 1404//3861
f 1835//3862 1404//3862 1837//3862
f 1404//3863 1831//3863 1837//3863
f 1839//3864 1837//3864 1831//3864
f 1831//3865 1838//3865 1839//3865
f 1840//3866 1843//3866 1839//3866
f 1842//3867 1840//3867 1841//3867
f 1841//3868 1844//3869 1842//3868
f 1840//3870 1842//3870 1845//3870
f 1840//3871 1845//3871 1843//3871
f 1845//3872 1846//3872 1843//3872
f 1848//3873 1846//3873 1845//3873
f 1843//3874 1846//3874 1835//3874
f 1843//3875 1835//3875 1837//3875
f 1848//3876 1845//3876 1842//3876
f 1835//3877 2296//3877 1847//3877
f 2297//3878 1835//3878 1846//3878
f 1849//3879 1842//3879 1852//3879
f 1851//3880 1849//3880 1852//3880
f 1852//3881 1842//3881 1844//3881
f 1853//3882 1852//3882 1844//3882
f 1852//3883 1853//3883 1851//3883
f 1853//3884 1844//3884 1854//3884
f 1855//3885 1854//3885 1841//3885
f 1855//3886 1864//3886 1858//3886
f 1855//3887 1858//3887 1854//3887
f 1844//3888 1841//3888 1854//3888
f 1854//3889 1858//3889 1856//3889
f 1854//3890 1856//3890 1853//3890
f 1853//3891 1856//3891 1851//3891
f 1856//3892 1850//3892 1851//3892
f 1856//3893 1857//3893 1850//3893
f 1859//3894 1856//3894 1858//3894
f 1858//3895 1861//3895 1860//3895
f 1858//3896 1860//3896 1859//3896
f 1863//3897 1862//3897 1860//3897
f 1864//3898 1861//3898 1858//3898
f 1855//3899 1827//3900 1864//3901
f 1861//3902 1864//3902 1865//3902
f 1865//3903 1860//3903 1861//3903
f 1865//3904 374//3904 1860//3904
f 374//3905 1863//3906 1860//3907
f 1866//3908 1863//3906 374//3905
f 374//3909 1867//3910 1868//3911
f 1866//3912 374//3909 1868//3911
f 1866//3913 1868//3913 1871//3913
f 1866//3914 1871//3914 1869//3914
f 1871//3915 1870//3915 1869//3915
f 1874//3916 1873//3916 1872//3916
f 1874//3917 1872//3917 2435//3917
f 2435//3918 2448//3918 1874//3918
f 1875//3919 1876//3920 1873//3921
f 1873//3921 1874//3922 1875//3919
f 1876//3923 1875//3923 2446//3923
f 2446//3924 2444//3924 1876//3924
f 1673//3925 1676//3925 819//3925
f 1879//3926 819//3926 827//3926
f 827//3927 819//3927 822//3927
f 1879//3928 1673//3928 819//3928
f 1879//3929 1880//3929 1673//3929
f 1673//3930 1880//3930 1878//3930
f 1879//3931 1683//3931 1684//3931
f 1688//3932 1879//3932 1684//3932
f 1689//3933 1879//3933 1688//3933
f 1879//3934 1689//3934 1880//3934
f 1887//3935 1151//3935 1880//3935
f 1689//3936 1690//3936 1887//3936
f 1687//3937 1690//3938 1685//3939
f 1690//3940 1881//3940 1887//3940
f 1687//3941 1799//3941 1882//3941
f 1687//3937 1882//3942 1690//3938
f 1881//3943 1690//3943 1882//3943
f 1799//3944 1802//3944 1800//3944
f 1800//3945 1883//3945 1882//3945
f 1800//3946 1882//3946 1799//3946
f 1883//3947 1800//3947 1884//3947
f 1884//3948 1882//3948 1883//3948
f 1882//3949 1884//3949 1891//3949
f 1882//3950 1885//3950 1881//3950
f 1886//3951 1881//3951 1885//3951
f 1886//3952 1888//3952 1887//3952
f 1886//3953 1887//3953 1881//3953
f 1880//3954 1689//3955 1887//3954
f 1151//3956 1887//3956 1672//3956
f 1888//3957 1672//3957 1887//3957
f 1892//3958 1672//3958 1888//3958
f 1892//3959 1889//3959 1672//3959
f 1889//3960 1890//3960 1672//3960
f 1672//3961 1890//3961 1588//3961
f 1588//3962 1890//3962 1582//3962
f 1582//3963 1890//3963 1894//3963
f 1582//3964 1894//3964 1583//3964
f 1585//3965 1583//3965 1894//3965
f 1585//3966 1894//3966 1893//3966
f 1886//3967 1885//3967 1888//3967
f 1891//3968 1885//3968 1882//3968
f 1885//3969 1891//3969 1888//3969
f 1891//3970 1895//3970 1888//3970
f 1888//3971 1895//3971 1892//3971
f 1894//3972 1890//3972 1893//3972
f 1893//3973 1890//3973 1889//3973
f 1897//3974 1891//3975 1884//3974
f 1884//3976 1896//3976 1897//3976
f 2163//3977 1897//3978 1896//3979
f 1898//3980 1896//3980 1884//3980
f 1884//3981 1800//3981 1802//3981
f 1802//3982 1947//3982 1884//3982
f 1884//3983 1945//3983 1898//3983
f 1896//3984 1898//3984 1523//3984
f 1523//3985 1508//3986 1896//3987
f 1896//3987 1508//3986 1900//3988
f 1508//3989 1899//3990 1900//3991
f 1899//3992 1910//3992 1900//3992
f 1903//3995 1899//3990 1508//3989
f 1902//3996 1910//3996 1903//3996
f 1903//3997 1910//3997 1899//3997
f 1902//3998 1903//3998 1904//3998
f 1914//4007 2620//4007 1904//4007
f 1269//4043 1268//4043 1266//4043
f 1931//4044 1269//4044 1932//4044
f 2815//4054 1934//4054 1935//4054
f 2767//4055 2815//4055 1935//4055
f 1272//4057 1269//4057 1271//4057
f 1271//4058 1938//4058 1272//4058
f 1272//4059 2766//4059 1937//4059
f 1272//4060 1938//4060 1939//4060
f 1272//4061 1939//4061 2766//4061
f 1939//4062 1271//4063 2754//4064
f 1271//4065 1939//4065 1938//4066
f 2766//4067 2767//4067 1937//4067
f 1272//4068 2767//4068 1935//4068
f 1318//4069 1706//4069 1319//4069
f 1317//4070 1319//4070 1705//4070
f 1680//4071 789//4071 787//4071
f 1671//4072 1169//4072 1650//4072
f 1941//4073 1650//4073 1655//4073
f 1804//4074 1806//4074 1654//4074
f 1963//4075 1806//4075 1808//4075
f 1968//4076 1807//4076 1942//4076
f 1942//4077 1807//4077 1805//4077
f 1523//4079 1898//4079 1525//4079
f 1945//4080 1525//4080 1898//4080
f 1945//4081 1949//4081 1525//4081
f 1884//4082 1947//4082 1945//4082
f 1947//4083 1948//4083 1946//4083
f 1946//4084 1949//4084 1945//4084
f 1525//4085 1949//4085 1522//4085
f 1950//4090 1946//4090 1953//4090
f 1953//4091 1946//4091 1948//4091
f 1955//4098 1953//4098 1948//4098
f 1948//4099 1956//4099 1955//4099
f 1956//4100 1959//4100 1955//4100
f 1958//4103 1955//4103 1959//4103
f 1962//4104 1959//4105 1956//4104
f 1962//4106 1960//4106 1959//4106
f 1959//4107 1960//4107 1961//4107
f 1966//4109 1962//4109 1956//4109
f 1966//4110 1956//4110 1801//4110
f 1956//4111 1948//4111 1801//4111
f 1801//4112 1948//4112 1802//4112
f 1948//4113 1947//4113 1802//4113
f 1945//4114 1947//4114 1946//4114
f 1806//4115 1963//4115 1654//4115
f 1941//4116 1654//4117 1963//4118
f 1941//4116 1963//4118 1964//4119
f 1967//4120 1650//4120 1941//4120
f 1671//4121 1650//4121 1967//4121
f 1941//4122 1964//4122 1967//4122
f 1967//4123 1965//4123 1671//4123
f 1801//4124 1803//4124 1966//4124
f 1966//4125 1803//4125 1965//4125
f 1965//4126 1803//4126 1671//4126
f 1962//4127 1966//4127 1965//4127
f 1967//4128 1808//4128 1984//4128
f 1808//4129 1967//4129 1963//4129
f 1963//4130 1967//4130 1964//4130
f 1942//4131 1805//4131 1969//4131
f 1960//4158 1962//4158 1984//4158
f 1962//4159 1965//4159 1984//4159
f 1960//4160 1984//4160 1983//4160
f 1984//4161 1965//4161 1967//4161
f 1984//4162 1808//4162 1983//4162
f 1808//4163 1807//4163 1968//4163
f 1983//4164 1808//4164 1968//4164
f 1968//4165 1985//4165 1983//4165
f 1983//4166 1985//4166 1960//4166
f 1206//4172 1205//4172 1240//4172
f 1240//4173 1988//4173 1536//4173
f 1536//4174 1206//4174 1240//4174
f 1831//4175 990//4175 1838//4175
f 1992//4176 1572//4177 1574//4177
f 1992//4178 1574//4178 824//4178
f 814//4179 818//4179 1989//4179
f 824//4180 814//4180 1989//4180
f 824//4181 1989//4181 1992//4181
f 1991//4182 1989//4182 1990//4182
f 1990//4183 1573//4183 1991//4183
f 1991//4184 1992//4184 1989//4184
f 1992//4185 1991//4185 1573//4185
f 1992//4186 1573//4187 1572//4188
f 1821//4189 1867//4189 1373//4189
f 1821//4190 1993//4190 1867//4190
f 1511//4191 1181//4191 1182//4191
f 1994//4192 1511//4192 1184//4192
f 1994//4193 1667//4193 1668//4193
f 1668//4194 1510//4195 1994//4196
f 1510//4195 1668//4194 1995//4197
f 1666//4198 1996//4198 1668//4198
f 1540//4199 1526//4199 1995//4199
f 1995//4200 1996//4200 1540//4200
f 1996//4201 1995//4201 1668//4201
f 1540//4202 1996//4202 1797//4202
f 1797//4203 1996//4203 1798//4203
f 373//4204 1864//3901 1827//3900
f 1855//4205 1830//4205 1827//4205
f 993//4206 1865//4206 1864//4206
f 1449//4207 1453//4208 1448//4209
f 1830//4210 1855//4210 1841//4210
f 1841//4211 1997//4212 1830//4211
f 1997//4213 1840//4213 1830//4213
f 996//4214 1830//4214 1840//4214
f 996//4215 1840//4215 1839//4215
f 1838//4216 996//4216 1839//4216
f 1758//4217 1754//4217 1755//4217
f 1755//4218 1751//4218 1998//4218
f 1758//4219 1755//4219 1998//4219
f 1613//4220 1610//4221 1750//4222
f 1999//4223 1750//4224 1749//4225
f 1999//4226 1749//4226 2002//4226
f 1999//4223 2001//4227 1750//4224
f 2001//4228 1999//4228 2000//4228
f 2000//4229 1999//4229 2002//4229
f 2313//4230 2000//4230 2002//4230
f 2313//4231 2002//4231 2319//4231
f 2319//4232 2002//4232 1606//4232
f 1601//4233 2004//4233 2003//4233
f 1455//4234 1462//4234 2004//4234
f 2004//4235 2020//4235 2003//4235
f 2020//4236 2004//4236 2021//4236
f 2004//4237 1462//4237 2021//4237
f 1462//4238 1454//4238 1457//4238
f 2005//4239 1462//4239 1457//4239
f 2005//3034 1460//3036 1461//4240
f 2008//4246 1460//4246 1451//4246
f 2008//4247 1451//4247 1466//4247
f 1466//4248 1490//4248 2008//4248
f 2014//4252 1491//4252 1489//4252
f 1122//4253 1493//4253 1488//4253
f 1493//4254 2010//4254 1489//4254
f 2010//4255 2011//4255 1489//4255
f 1489//4256 2011//4256 2013//4257
f 2013//4258 2011//4258 2012//4258
f 2012//4259 2011//4259 2426//4259
f 1489//4260 2013//4260 2014//4260
f 2012//4261 2422//4261 2013//4261
f 2031//4288 1492//3087 2014//3086
f 2039//4296 2034//4296 2040//4296
f 2013//4297 2039//4297 2040//4297
f 2013//4298 2040//4298 2014//4298
f 2040//4300 2031//4300 2014//4300
f 1296//4301 1635//4301 1642//4301
f 2041//4302 1644//4302 1643//4302
f 1639//4303 2041//4303 1643//4303
f 2043//4304 2042//4305 1638//4306
f 2046//4307 1638//4307 1632//4307
f 1638//4306 2046//4310 2043//4304
f 2074//4376 2043//4376 2046//4376
f 2076//4377 2043//4377 2074//4377
f 2075//4378 2077//4378 2076//4378
f 2078//4379 2076//4379 2077//4379
f 2076//4384 2079//4384 2043//4384
f 2079//4385 2076//4385 2078//4385
f 2078//4386 2077//4387 2080//4386
f 2137//4504 1568//4504 1990//4504
f 1568//4505 1569//4505 1573//4505
f 1990//4506 1568//4506 1573//4506
f 871//4507 2137//4507 1825//4507
f 2137//4508 1990//4508 2139//4508
f 2139//4509 1990//4509 1989//4509
f 1824//4510 1825//4510 2138//4510
f 2139//4511 2138//4512 2137//4513
f 2137//4514 2138//4514 1825//4515
f 2140//4516 2139//4516 1989//4516
f 1989//4517 818//4517 2141//4517
f 1989//4518 2141//4518 2140//4518
s 0
f 2140//4519 2141//4519 2142//4519
s 1
f 2140//4520 2142//4520 2139//4520
f 2143//4521 2139//4521 2142//4521
s 0
f 2143//4519 2142//4519 2144//4519
f 2144//4519 2142//4519 2141//4519
f 2143//4519 2144//4519 2145//4519
s 1
f 2143//4522 2145//4522 2139//4522
f 2139//4523 2145//4523 2146//4523
f 2146//4524 2145//4524 2144//4524
f 2146//4525 2144//4525 818//4525
f 818//4526 2144//4527 2141//4527
f 2147//4528 818//4528 815//4528
f 2147//4529 2148//4529 818//4529
f 2148//4530 2146//4530 818//4530
f 2149//4531 2147//4531 2151//4531
f 2147//4532 2149//4532 2148//4532
f 2139//4533 2146//4533 2150//4533
f 2138//4512 2139//4511 2150//4534
f 2146//4535 2148//4535 2150//4535
f 2151//4536 2147//4536 1575//4536
f 2149//4537 2153//4538 2148//4539
f 2153//4540 2149//4540 2152//4540
f 2148//4539 2153//4538 2150//4541
f 2154//4542 2153//4542 2175//4542
f 2175//4543 2153//4543 2152//4543
f 2152//4544 2149//4545 2155//4545
f 2149//4546 2151//4546 2155//4546
f 2157//4547 2155//4547 2151//4547
f 2151//4548 1575//4548 2156//4548
f 2151//4549 2156//4549 2157//4549
f 2156//4553 1575//4553 2158//4553
f 2156//4554 2159//4554 2157//4554
f 2156//4555 2160//4555 2159//4555
f 1586//4556 1575//4556 817//4556
f 2158//4557 1575//4557 1586//4557
f 2158//4558 1586//4558 1585//4558
f 1893//4559 2158//4559 1585//4559
f 2158//4560 1893//4560 2156//4560
f 2156//4561 1893//4561 2160//4561
f 2159//4562 1889//4562 1892//4562
f 1892//4563 1895//4563 2161//4563
f 2161//4564 2159//4564 1892//4564
f 1891//4568 1897//4568 2162//4568
f 2175//4587 2152//4587 2155//4587
f 2154//4588 2150//4588 2153//4588
f 2154//4589 2176//4589 2150//4589
f 2178//4590 2468//4590 2138//4590
f 2176//4591 2178//4591 2138//4591
f 2176//4592 2138//4592 2150//4592
f 2177//4593 2176//4593 2179//4593
f 2177//4594 2178//4594 2176//4594
f 2154//4595 2179//4595 2176//4595
f 1094//4629 1108//4629 1476//4629
f 1988//4630 1537//4630 1536//4630
f 1537//4631 1988//4631 1243//4631
f 1988//4632 1241//4632 1243//4632
f 2199//4633 1537//4634 1244//4635
f 2200//4636 1534//4636 1537//4636
f 1537//4637 2199//4637 2200//4637
f 2202//4638 1244//4638 1245//4638
f 1245//4639 1244//4639 1242//4639
f 1242//4640 2260//4640 1245//4640
f 2200//4641 2199//4641 2201//4641
f 1532//4642 2203//4642 2459//4642
f 2203//4643 1534//4643 2200//4643
f 2200//4644 2201//4644 2203//4644
f 2204//4645 2201//4645 2206//4645
f 2204//4646 2460//4646 2205//4646
f 2460//4647 2204//4647 2206//4647
f 2202//4648 2206//4648 2201//4648
f 2202//4649 2201//4649 2199//4649
f 2202//4650 2199//4633 1244//4635
f 2320//4651 2206//4651 2202//4651
f 2207//4652 2202//4652 1245//4652
f 1242//4653 1233//4653 2260//4653
f 1233//4654 1246//4654 2218//4654
f 2208//4655 1246//4655 1232//4655
f 2208//4656 1232//4656 1234//4656
f 2208//4657 1234//4657 1247//4657
f 2208//4658 1247//4658 2211//4658
f 1247//4659 1235//4660 2211//4660
f 1220//4661 1251//4661 1250//4661
f 2237//4662 1251//4662 2209//4662
f 2209//4663 1251//4663 1224//4663
f 2211//4664 1235//4664 2212//4664
f 2212//4665 2213//4665 2211//4665
f 2212//4666 1235//2547 1248//2546
f 1248//4667 1250//4667 2212//4667
f 1250//4668 2210//4668 2212//4668
f 2223//4669 2210//4669 2214//4669
f 2214//4670 2210//4670 1250//4670
f 2214//4671 1250//4671 1251//4671
f 2211//4672 2215//4672 2208//4672
f 2213//4673 2212//4673 2216//4673
f 2216//4674 2212//4674 2210//4674
f 2224//4675 2210//4675 2223//4675
f 2224//4676 2216//4676 2210//4676
f 2216//4677 2221//4677 2213//4677
f 2213//4678 2220//4678 2211//4678
f 2208//4679 2215//4679 2217//4679
f 2213//4680 2221//4680 2220//4680
f 1246//4681 2208//4681 2218//4681
f 1233//4682 2218//4682 2260//4682
f 2219//4683 2218//4683 2217//4683
f 2217//4684 2218//4684 2208//4684
f 2220//4685 2215//4685 2211//4685
f 2215//4686 2222//4686 2217//4686
f 2221//4687 2216//4687 2225//4687
f 2215//4688 2220//4688 2222//4688
f 2219//4689 2217//4689 2226//4689
f 2217//4690 2222//4690 2226//4690
f 2227//4691 2219//4691 2226//4691
f 2232//4692 2227//4692 2226//4692
f 2232//4693 2226//4693 2231//4693
f 2231//4694 2226//4694 2228//4694
f 2228//4695 2229//4696 2233//4696
f 2222//4697 2228//4697 2226//4697
f 2228//4698 2222//4698 2220//4698
f 2229//4699 2228//4699 2220//4699
f 2229//4700 2220//4700 2221//4700
f 2225//4701 2229//4701 2221//4701
f 2229//4702 2225//4702 2234//4702
f 2229//4703 2230//4703 2233//4703
f 2231//4704 2228//4704 2233//4704
f 2230//4705 2229//4705 2234//4705
f 2235//4706 2234//4706 2225//4706
f 2216//4707 2235//4707 2225//4707
f 2235//4708 2216//4708 2224//4708
f 2214//4709 1251//4710 2237//4711
f 2237//4711 2246//4712 2214//4709
f 2223//4713 2239//4713 2224//4713
f 2235//4714 2224//4714 2239//4714
f 2241//4715 2239//4715 2223//4715
f 2241//4716 2223//4716 2238//4716
f 2235//4717 2239//4717 2234//4717
f 2230//4718 2240//4718 2236//4718
f 2240//4719 2230//4719 2234//4719
f 2239//4720 2242//4720 2234//4720
f 2239//4721 2241//4721 2242//4721
f 2241//4722 2243//4722 2242//4722
f 2257//4723 2243//4723 2241//4723
f 2257//4724 2241//4724 2238//4724
f 2238//4725 2223//4725 2246//4725
f 2246//4726 2223//4726 2214//4726
f 2237//4727 2209//4727 1252//4727
f 2237//4728 1252//4728 2244//4728
f 2237//4729 2244//4729 2245//4729
f 2247//4730 1268//4731 2248//4732
f 1253//4734 2247//4734 2256//4734
f 1253//4735 2256//4735 1231//4735
f 2256//4736 2247//4736 2250//4736
f 2237//4755 2245//4755 2246//4755
f 2238//4756 2246//4756 2257//4756
f 2245//4757 2257//4757 2246//4757
f 2245//4758 2272//4758 2257//4758
f 2257//4760 2270//4760 2243//4760
f 2242//4762 2240//4762 2234//4762
f 2236//4763 2240//4763 2258//4763
f 2259//4764 2236//4765 2258//4766
f 2236//4767 2259//4767 2230//4767
f 2264//4768 2233//4768 2230//4768
f 2219//4769 2227//4769 2263//4769
f 2263//4770 2260//4770 2219//4770
f 2261//4771 2227//4771 2232//4771
f 2232//4772 2231//4772 2261//4772
f 2262//4773 2261//4774 2231//4775
f 2262//4773 2231//4775 2233//4776
f 2262//4777 2233//4777 2264//4777
f 2227//4778 2261//4778 2263//4778
f 2219//4779 2260//4779 2218//4779
f 2207//4780 2260//4780 2263//4780
f 2324//4781 2207//4781 2263//4781
f 2261//4782 2324//4782 2263//4782
f 2326//4783 2261//4783 2262//4783
f 2264//4784 2230//4784 2259//4784
f 2242//4785 2243//4785 2240//4785
f 2240//4786 2243//4786 2268//4786
f 2268//4792 2258//4792 2240//4792
f 2272//4795 2245//4795 2250//4795
f 2244//4796 2250//4796 2245//4796
f 2250//4797 2244//4798 1252//4799
f 1252//4799 2256//4800 2250//4797
f 2279//4818 1394//4819 2281//4820
f 2279//4821 2280//4821 507//4821
f 2279//4818 2281//4820 2280//4822
f 2280//4823 2282//4823 507//4823
f 1589//3314 507//3313 2282//4824
f 1408//4825 2291//4826 2290//4826
f 2284//4827 508//4827 2285//4827
f 508//4828 2284//4828 1792//4828
f 2285//4829 508//4829 2286//4829
f 2286//4830 508//4830 2283//4830
f 2283//4831 1589//4831 2282//4831
f 2287//4832 2280//4832 2281//4832
f 2281//4833 1408//4833 2290//4833
f 2281//4834 2290//4834 2287//4834
f 2290//4835 2350//4836 2287//4837
f 2290//4838 2289//4838 2288//4838
f 2290//4839 2288//4839 2350//4839
f 2288//4840 2289//4840 2604//4840
f 2292//4841 1836//4841 1834//4841
f 2292//4842 1834//4842 1847//4842
f 1836//4843 2292//4843 2293//4843
f 2294//4844 2293//4844 2292//4844
f 2296//4845 2294//4845 2292//4845
f 2292//4846 1847//4846 2296//4846
f 2297//4847 2296//4847 1835//4847
f 2298//4848 2296//4848 2297//4848
f 2299//4849 2294//4849 2296//4849
f 2300//4850 2294//4850 2299//4850
f 2294//4851 2300//4851 2301//4851
f 2294//4852 2301//4852 2295//4852
f 2294//4853 2295//4853 2293//4853
f 2293//4854 2295//4854 2289//4854
f 1407//4855 1836//4855 2289//4855
f 1407//4856 2302//4856 1402//4856
f 2291//4857 1408//4857 1402//4857
f 2302//4858 1407//4858 2289//4858
f 2302//4859 2291//4859 1402//4859
f 2289//4860 1836//4860 2293//4860
f 2302//4861 2290//4861 2291//4861
f 1712//4862 1550//4862 1551//4862
f 1713//4863 1712//4864 1551//4865
f 1711//4866 1713//4866 2303//4866
f 1711//4867 2303//4867 2415//4867
f 2369//4868 2415//4868 2303//4868
f 2369//4869 2303//4869 2304//4869
f 2305//4870 2369//4870 2304//4870
f 2367//4871 2305//4871 2304//4871
f 2304//4872 1713//4873 2367//4874
f 2367//4875 1713//4875 2306//4875
f 1713//4873 2304//4872 2303//4876
f 1551//4865 2306//4877 1713//4863
f 1385//4878 1551//4878 1546//4878
f 1385//4879 2307//4879 1551//4879
f 2307//4880 2306//4880 1551//4880
f 1716//4881 2306//4881 2307//4881
f 1557//4882 1744//4882 1435//4882
f 1868//4883 1867//4883 1993//4883
f 1819//4884 1871//4884 1868//4884
f 1993//4885 1819//4885 1868//4885
f 2308//4886 1758//4886 1998//4886
f 2308//4887 1998//4887 2310//4887
f 2310//4888 1998//4888 1613//4888
f 2308//4889 2309//4889 1760//4889
f 2309//4890 2308//4890 2310//4890
f 1613//4220 1750//4222 2310//4891
f 2311//4892 2310//4892 1750//4892
f 2311//4893 1750//4893 2001//4894
f 2313//4895 2312//4896 2000//4897
f 2312//4898 2314//4898 2317//4898
f 2001//4899 2000//4899 2501//4899
f 2315//4900 2501//4900 2000//4900
f 2315//4902 2000//4903 2317//4904
f 2317//4905 2000//4897 2312//4896
f 2318//4906 2314//4906 2312//4906
f 2312//4907 2319//4908 2318//4908
f 2318//4909 2319//4909 2670//4909
f 2319//4910 2312//4910 2313//4910
f 1245//4911 2260//4911 2207//4911
f 2202//4912 2207//4912 2320//4912
f 2320//4913 2322//4913 2321//4913
f 2322//4914 2320//4914 2323//4914
f 2207//4915 2323//4915 2320//4915
f 2323//4916 2207//4916 2324//4916
f 2324//4917 2261//4917 2325//4917
f 2324//4918 2325//4918 2323//4918
f 2326//4919 2329//4919 2261//4919
f 2262//4920 2264//4920 2326//4920
f 2264//4921 2259//4921 2326//4921
f 2326//4922 2259//4922 2327//4922
f 2327//4923 2328//4923 2326//4923
f 2326//4924 2328//4924 2329//4924
f 2328//4943 2339//4943 2329//4943
f 2329//4944 2325//4944 2261//4944
f 1352//4945 1351//4945 1446//4945
f 1642//4946 1644//4946 1296//4946
f 1644//4947 2041//4947 2340//4947
f 2340//4948 2041//4948 1640//4948
f 2341//4949 2340//4949 1640//4949
f 2342//4950 1640//4950 2042//4950
f 2043//4951 2079//4951 2042//4951
f 2079//4952 2078//4952 2343//4952
f 2079//4953 2343//4953 2344//4953
f 2042//4954 2344//4954 2342//4954
f 2345//4955 2344//4955 2343//4955
f 2080//4956 2343//4957 2078//4958
f 2346//4959 2080//4960 2077//4961
f 2346//4959 2077//4961 2364//4962
f 2360//4963 2080//4964 2346//4965
f 2080//4966 2360//4966 2343//4966
f 2359//4967 2343//4967 2360//4967
f 2345//4968 2343//4968 2359//4968
f 2345//4969 2342//4969 2344//4969
f 2344//4970 2042//4970 2079//4970
f 2285//4971 2286//4971 2347//4971
f 2286//4972 2348//4972 2347//4972
f 2347//4973 2348//4973 2355//4973
f 2348//4974 2286//4974 2283//4974
f 2348//4975 2283//4975 2349//4975
f 2282//4976 2280//4976 2287//4976
f 2350//4836 2351//4977 2287//4837
f 2351//4978 2352//4978 2287//4978
f 2352//4979 2282//4979 2287//4979
f 2353//4980 2282//4980 2352//4980
f 2354//4981 2282//4981 2353//4981
f 2354//4982 2349//4982 2282//4982
f 2282//4983 2349//4983 2283//4983
f 2348//4984 2349//4984 2354//4984
f 2354//4985 2355//4985 2348//4985
f 2340//4986 2341//4986 2374//4986
f 2356//4987 2374//4987 2341//4987
f 2374//4988 2356//4988 2357//4988
f 2356//4989 2341//4989 2345//4989
f 2345//4990 2358//4990 2356//4990
f 1640//4991 2342//4991 2341//4991
f 2359//4992 2358//4992 2345//4992
f 1716//5004 1714//5004 2306//5004
f 2369//5005 2370//5005 2415//5005
f 2368//5006 2370//5006 2369//5006
f 2370//5007 2368//5007 2416//5007
f 2416//5008 2368//5008 2371//5008
f 2371//5009 2368//5009 2616//5009
f 2372//5010 2616//5010 2368//5010
f 2305//5011 2368//5012 2369//5013
f 2305//5011 2417//5014 2368//5012
f 1840//5015 1997//5015 1841//5015
f 2373//5016 1296//5016 1644//5016
f 1644//5017 2340//5017 2373//5017
f 1295//5018 1296//5018 2373//5018
f 2340//5019 2374//5019 1286//5019
f 1286//5020 2373//5020 2340//5020
f 1295//5021 2373//5021 1286//5021
f 2341//5022 2342//5022 2345//5022
f 2376//5023 2358//5023 2359//5023
f 2378//5024 2359//5024 2360//5024
f 2376//5030 2375//5030 2358//5030
f 1711//5102 2415//5102 1704//5102
f 2370//5103 1701//5103 2415//5103
f 2370//5104 2416//5104 1701//5104
f 2427//5105 2372//5106 2420//5107
f 2417//5108 2372//5108 2368//5108
f 2417//5109 2305//5109 2367//5109
f 2372//5110 2419//5110 2418//5110
f 2418//5111 2420//5107 2372//5106
f 2423//5112 2422//5112 2421//5112
f 2422//5113 2424//5113 2013//5113
f 2425//5114 2012//5114 2426//5114
f 2425//5115 2426//5115 2427//5115
f 2012//5116 2425//5116 2422//5116
f 2422//5117 2425//5117 2420//5117
f 2420//5118 2425//5118 2427//5118
f 2616//5119 2372//5119 2427//5119
f 2616//5120 2427//5120 2428//5120
f 2429//5121 2427//5121 2426//5121
f 2429//5122 2428//5122 2427//5122
f 2429//5123 2426//5124 2011//5125
f 2429//5123 2011//5125 2430//5126
f 2010//5127 2430//5127 2011//5127
f 2428//5128 2430//5128 2431//5128
f 2430//5129 2428//5129 2429//5129
f 2010//5130 1123//5130 2431//5130
f 2010//5131 2431//5131 2430//5131
f 1126//5132 2428//5132 2431//5132
f 1123//2294 1125//2296 2431//5133
f 1125//5134 1126//5134 2431//5134
f 2433//5135 2428//5135 2432//5135
f 2616//5136 2428//5136 2433//5136
f 2432//5137 2428//5138 1126//5139
f 2434//5140 1126//5140 1125//5140
f 1124//5141 2434//5141 1125//5141
f 2434//5142 2432//5137 1126//5139
f 1124//5143 2456//5143 2434//5143
f 2432//5144 1874//5144 2433//5144
f 2433//5145 1874//5145 2448//5145
f 2284//5146 2285//5147 2436//5148
f 2437//5149 2436//5150 2285//5151
f 2437//5152 2438//5153 2436//5154
f 2438//5155 2440//5155 2455//5155
f 2438//5153 2455//5156 2436//5154
f 1131//5157 1792//5157 1793//5157
f 1792//5158 2284//5158 1793//5158
f 2440//5159 2441//5159 2455//5159
f 2440//5160 2438//5160 2439//5160
f 2439//5161 2438//5162 2437//5163
f 2444//5164 2441//5164 2443//5164
f 2443//5165 2441//5165 2440//5165
f 2437//5149 2285//5151 2347//5166
f 2439//5161 2437//5163 2347//5167
f 2353//5168 2442//5168 2354//5168
f 2443//5169 2355//5169 2354//5169
f 2355//5170 2439//5170 2347//5170
f 2440//5171 2439//5171 2443//5171
f 2445//5172 2441//5172 2444//5172
f 2446//5173 1875//5174 2447//5175
f 2445//5176 2444//5176 2446//5176
f 2447//5177 2445//5177 2446//5177
f 2441//5178 2445//5178 2451//5178
f 2449//5179 2447//5175 1875//5174
f 1874//5180 2449//5181 1875//5182
f 2449//5183 2450//5184 2447//5185
f 2449//5181 1874//5180 2432//5186
f 2449//5187 2432//5187 2434//5187
f 2450//5184 2449//5183 2434//5188
f 2434//5189 2456//5189 2450//5189
f 2451//5190 2445//5190 1127//5190
f 1127//5191 1130//5191 2451//5192
f 2445//5193 2447//5193 2450//5193
f 2451//5194 2452//5194 2441//5194
f 2454//5195 2455//5195 2453//5195
f 2453//5196 2441//5196 2452//5196
f 1793//5197 2455//5197 2454//5197
f 2453//5198 2452//5199 1133//5200
f 2450//5201 2456//5201 2445//5201
f 2456//5202 1123//5203 1127//5204
f 1127//5204 2445//5205 2456//5202
f 1470//5206 1447//5206 1446//5206
f 2436//5207 2455//5207 1793//5207
f 2457//5208 1530//5208 1903//5208
f 2457//5209 1903//5209 1508//5209
f 1904//5210 1903//5210 1530//5210
f 1532//5211 2459//5211 1914//5211
f 1904//5212 1530//5212 1914//5212
f 1904//5213 2620//5213 1913//5213
f 1914//5214 2459//5214 2620//5214
f 2203//5215 2201//5215 2204//5215
f 2203//5216 2204//5217 2459//5218
f 2204//5219 2205//5219 2619//5219
f 2320//5220 2460//5220 2206//5220
f 2460//5221 2320//5221 2321//5221
f 2322//5222 2323//5222 2325//5222
f 2325//5223 2329//5223 2461//5223
f 2461//5224 2329//5224 2339//5224
f 2461//5225 2465//5225 2321//5225
f 2462//5226 2464//5226 2463//5226
f 2464//5227 2462//5227 2461//5227
f 2461//5228 2339//5228 2464//5228
f 2462//5229 2465//5229 2461//5230
f 2321//5231 2325//5231 2461//5231
f 2325//5232 2321//5232 2322//5232
f 2466//3575 1716//3574 1718//5233
f 2306//5234 1714//5234 2367//5234
f 1714//5235 2467//5235 2367//5235
f 2367//5236 2467//5236 2417//5236
f 2417//5237 2419//5237 2372//5237
f 2419//5238 2417//5238 2467//5238
f 1714//5239 2466//5240 2467//5241
f 2468//5242 1824//5242 2138//5242
f 1566//5243 2468//5243 2178//5243
f 1472//5282 1473//5282 1478//5282
f 1478//5283 1473//5283 1477//5283
f 1472//5284 1478//5284 1479//5284
f 1479//5285 2484//5285 1480//5285
f 1479//5286 1483//5286 2484//5286
f 2484//5287 1483//5287 1466//5287
f 1480//5288 2484//5288 1468//5288
f 1480//5289 1468//5290 2485//5291
f 1468//5292 2484//5292 1459//5292
f 1468//5293 1459//5293 1467//5293
f 1458//5294 1459//5294 1451//5294
f 1459//5295 2484//5295 1451//5295
f 1451//5296 2484//5296 1466//5296
f 1466//5297 1483//5297 1490//5297
f 1793//5298 2284//5146 2436//5148
f 2441//5299 2453//5299 2455//5299
f 1856//5300 1859//5300 2613//5300
f 1856//5301 2613//5301 1857//5301
f 1869//5302 1870//5302 2487//5302
f 2487//5303 1870//5303 2486//5303
f 2310//5306 2311//5306 2309//5306
f 2309//5307 1788//5307 1760//5307
f 1788//5308 2495//5308 2519//5308
f 1788//5309 1780//5309 1779//5309
f 2001//5310 2494//5310 2311//5310
f 2311//5311 2494//5311 2309//5311
f 2501//5312 2494//5312 2001//5312
f 2494//5313 2500//5313 2309//5313
f 2495//5314 1788//5314 2500//5314
f 2500//5315 1788//5315 2309//5315
f 2496//5316 2520//5316 1787//5316
f 2520//5317 2498//5317 1787//5317
f 2497//5318 1780//5318 2519//5318
f 2500//5319 2494//5319 2501//5319
f 2501//5320 2503//5320 2500//5320
f 2503//5322 2495//5322 2500//5322
f 2497//5348 2519//5348 2496//5348
f 1786//5350 1777//5350 1782//5350
f 1228//2505 1274//5351 1260//2504
f 1228//5352 1284//5352 1274//5352
f 2419//5354 2521//5354 2418//5354
f 2522//5355 2418//5355 2521//5355
f 2418//5356 2421//5356 2420//5356
f 2421//5357 2418//5357 2522//5357
f 2573//5358 2523//5358 2522//5358
f 2523//5359 2573//5360 2524//5361
f 2524//5362 2573//5362 2566//5362
f 2523//5363 2421//5363 2522//5363
f 2420//5364 2421//5364 2422//5364
f 2523//5365 2423//5365 2421//5365
f 2423//5366 2523//5359 2524//5361
f 2423//5366 2524//5361 2422//5367
f 2524//5368 2424//5368 2422//5368
f 2039//5369 2013//5369 2424//5369
f 2424//5370 2525//5370 2039//5370
f 2525//5371 2526//5371 2039//5371
f 2533//5373 2526//5373 2525//5373
f 2525//5375 2527//5375 2533//5375
f 2529//5404 2527//5404 2546//5404
f 2527//5405 2525//5405 2753//5405
f 2527//5406 2753//5406 2546//5406
f 2547//5407 2546//5407 2548//5407
f 2547//5408 2549//5408 2546//5408
f 2549//5409 2529//5409 2546//5409
f 2547//5410 2548//5410 2550//5410
f 2549//5411 2547//5411 2550//5411
f 2549//5412 2550//5412 2867//5412
f 2550//5413 2548//5413 2551//5413
f 2548//5414 2552//5414 2551//5414
f 2551//5415 2552//5415 2559//5415
f 2557//5416 2551//5416 2559//5416
f 2565//5417 2552//5417 2548//5417
f 1472//5418 1479//5418 1480//5418
f 1472//5419 1480//5419 2553//5419
f 2553//5420 1480//5421 2485//5420
f 2554//5422 1471//5422 2555//5422
f 2555//5423 1471//5423 2556//5423
f 2556//5424 1471//5424 1472//5424
f 1472//5425 2553//5425 2556//5425
f 2557//5426 2558//5426 2485//5426
f 2554//5427 2485//5291 1468//5290
f 2558//5428 2553//5429 2485//5429
f 2553//5430 2558//5430 2559//5430
f 2557//5431 2485//5431 2554//5431
f 2557//5432 2554//5433 2560//5434
f 2560//5435 2554//5435 2555//5435
f 2560//5436 2555//5436 2561//5436
f 2562//5437 2553//5437 2559//5437
f 2562//5438 2559//5438 2552//5438
f 2553//5439 2562//5439 2556//5439
f 2561//5440 2555//5440 2563//5440
f 2563//5441 2555//5441 2556//5441
f 2563//5442 2556//5442 2562//5442
f 2548//5443 2546//5443 2565//5443
f 2552//5444 2565//5444 2568//5444
f 2562//5445 2552//5445 2564//5445
f 2552//5446 2568//5446 2564//5446
f 2562//5447 2564//5447 2563//5447
f 2563//5448 2564//5448 2561//5448
f 2558//5449 2557//5449 2559//5449
f 2557//5450 2550//5450 2551//5450
f 2550//5451 2557//5432 2560//5434
f 2567//5452 2561//5452 2569//5452
f 2564//5453 2568//5453 2569//5453
f 2564//5454 2569//5454 2561//5454
f 2570//5455 2560//5455 2561//5455
f 2561//5456 2571//5456 2570//5456
f 2571//5457 2561//5457 2567//5457
f 2573//5458 2565//5458 2566//5458
f 2546//5459 2753//5459 2566//5459
f 2565//5460 2546//5460 2566//5460
f 2573//5461 2522//5461 2574//5461
f 2419//5462 2467//5462 2575//5462
f 2466//5240 1718//5463 2467//5241
f 1718//5464 1725//5464 2467//5464
f 1725//5465 2575//5465 2467//5465
f 1725//5466 1719//5466 2575//5466
f 1719//5467 1733//5467 2577//5467
f 2593//5503 2591//5503 1740//5503
f 2593//5505 1740//5505 1741//5505
f 2594//5506 2593//5506 1741//5506
f 2594//5507 1741//5507 2177//5507
f 2177//5508 1741//5508 2178//5508
f 1843//5521 1837//5521 1839//5521
f 1877//5522 1873//5522 1876//5522
f 2599//5523 1877//5523 1876//5523
f 2598//5524 2599//5525 2617//5526
f 2600//5527 2444//5527 2601//5527
f 2444//5528 2600//5528 1876//5528
f 1876//5529 2600//5529 2599//5529
f 2601//5530 2444//5530 2602//5530
f 2444//5531 2443//5531 2442//5531
f 2444//5532 2442//5532 2602//5532
f 2439//5533 2355//5533 2443//5533
f 2443//5534 2354//5534 2442//5534
f 2442//5535 2353//5535 2602//5535
f 2603//5536 2353//5536 2352//5536
f 2603//5537 2352//5537 2351//5537
f 2288//5538 2603//5538 2351//5538
f 2288//5539 2351//5539 2350//5539
f 2603//5540 2288//5540 2605//5540
f 2609//5541 2353//5541 2603//5541
f 2608//5542 2603//5542 2605//5542
f 2618//5543 2609//5543 2608//5543
f 2608//5544 2609//5544 2603//5544
f 2617//5545 2609//5545 2618//5545
f 2617//5546 2600//5546 2601//5546
f 2617//5547 2601//5548 2602//5547
f 2617//5549 2602//5549 2353//5549
f 2353//5550 2609//5550 2617//5550
f 2301//5551 2300//5551 2607//5551
f 2606//5552 2604//5552 2301//5552
f 2298//5553 2610//5553 2296//5553
f 2296//5554 2300//5555 2299//5556
f 2300//5555 2296//5554 2610//5557
f 1863//5558 1866//5558 1869//5558
f 2611//5559 2486//5559 2489//5559
f 2486//5560 2611//5560 2487//5560
f 1863//5561 1869//5561 1862//5561
f 1862//5562 1869//5562 2612//5562
f 2614//5564 1859//5564 1860//5564
f 1229//5566 1257//5566 1255//5566
f 1260//5567 1257//5567 1229//5567
f 1703//5568 1701//5568 2416//5568
f 1703//5569 2416//5569 2371//5569
f 2433//5570 2371//5570 2616//5570
f 1700//3543 2371//5571 2433//3540
f 1703//5572 2371//5572 1700//5572
f 1133//5200 2452//5199 2451//5573
f 1129//5574 1133//5574 1130//5574
f 2451//5573 1130//5575 1133//5200
f 2600//5576 2617//5526 2599//5525
f 2618//5577 2598//5577 2617//5577
f 2301//5578 2604//5578 2289//5578
f 2301//5579 2289//5579 2295//5579
f 2290//5580 2302//5580 2289//5580
f 2620//5581 2204//5581 2619//5581
f 2624//5582 2620//5582 2619//5582
f 2204//5217 2620//5583 2459//5218
f 2460//5588 2321//5588 2465//5588
f 2460//5589 2465//5589 2626//5589
f 2460//5590 2626//5590 2205//5590
f 2626//5592 2624//5592 2619//5592
f 2625//5593 2620//5593 2624//5593
f 2899//5594 2625//5594 2624//5594
f 2627//5595 2624//5595 2626//5595
f 2624//5596 2627//5596 2463//5596
f 2626//5597 2465//5597 2627//5597
f 2627//5598 2465//5598 2462//5598
f 2462//5599 2463//5599 2627//5599
f 2463//5600 2464//5600 2628//5600
f 2327//5603 2339//5603 2328//5603
f 2301//5652 2607//5653 2606//5654
f 2606//5655 2605//5656 2604//5657
f 2288//5658 2604//5658 2605//5658
f 2160//5659 1893//5659 1889//5659
f 1113//5660 1121//5660 1122//5660
f 1122//5661 1123//5661 2010//5661
f 1493//5662 1122//5662 2010//5662
f 1488//5663 1485//5664 1113//5665
f 1488//5663 1113//5665 1122//5666
f 2575//5667 2650//5667 2419//5667
f 2650//5668 2575//5668 2649//5668
f 2419//5669 2650//5669 2521//5669
f 1719//5670 2649//5670 2575//5670
f 2649//5671 1719//5671 2651//5671
f 2521//5672 2574//5673 2522//5674
f 2650//5675 2574//5673 2521//5672
f 2651//5676 2573//5676 2574//5676
f 2565//5677 2573//5677 2651//5677
f 2574//5678 2650//5678 2651//5678
f 2569//5679 2568//5680 2572//5681
f 2568//5682 2565//5682 2651//5682
f 2651//5683 2650//5683 2649//5683
f 1719//5684 2572//5684 2651//5685
f 2651//5686 2572//5681 2568//5680
f 2572//5684 1719//5684 2569//5687
f 2569//5688 1719//5688 2577//5688
f 2003//5733 1606//5733 1601//5733
f 1606//5734 2003//5734 2319//5734
f 2319//5735 2003//5735 2670//5735
f 2318//5736 2670//5736 2314//5736
f 2671//5738 2314//5738 2670//5738
f 2670//5739 2003//5739 2672//5739
f 2020//5740 2672//5740 2003//5740
f 2375//5771 2356//5771 2358//5771
f 2205//5862 2626//5862 2619//5862
f 1252//5863 1231//5863 2256//5863
f 2375//5864 2357//5865 2356//5866
f 2374//5867 2357//5867 2737//5867
f 1289//5868 2374//5868 2737//5868
f 1288//5869 2738//5869 1290//5869
f 1288//5870 2743//5871 2738//5872
f 2739//5873 1290//5873 2738//5873
f 2379//5877 2357//5865 2375//5864
f 1281//5898 1275//5898 2749//5898
f 2524//5899 2566//5899 2753//5899
f 2524//5900 2525//5900 2424//5900
f 2753//5901 2525//5901 2524//5901
f 1889//5902 2159//5902 2160//5902
f 1264//5903 1279//5903 2754//5903
f 1280//5904 1277//5905 1278//5906
f 2754//5907 1279//5908 1280//5907
f 1276//5909 1281//5909 1278//5909
f 1281//5910 2755//5910 1278//5910
f 2754//5907 1280//5907 2757//5914
f 1280//5904 1278//5906 2755//5915
f 2757//5916 1280//5904 2755//5915
f 1939//5932 2765//5932 2766//5932
f 1272//5933 1937//5933 2767//5933
f 2767//5934 2766//5934 2765//5934
f 2767//5935 2765//5935 2768//5935
f 2768//5936 2769//5936 2767//5936
f 2769//5937 2815//5937 2767//5937
f 2815//5938 2769//5938 2768//5938
f 2815//6030 2816//6030 2987//6030
f 2987//6031 2816//6031 2819//6031
f 2816//6032 2815//6033 2814//6033
f 2814//6034 2817//6034 2816//6034
f 2819//6036 2816//6036 2818//6036
f 2819//6037 2818//6038 2820//6039
f 2818//6040 2816//6040 2817//6040
f 2818//6041 2817//6041 2820//6041
f 2822//6042 2821//6042 2820//6042
f 2824//6048 2826//6048 2821//6048
f 2826//6049 2820//6049 2821//6049
f 2819//6037 2820//6039 2826//6050
f 2814//6151 2815//6151 2768//6151
f 2814//6152 2768//6152 2817//6152
f 2867//6155 2550//6155 2560//6155
f 2869//6158 2571//6158 2567//6158
f 2248//6203 1268//6203 1931//6203
f 1931//6204 1268//6204 1269//6204
f 1869//6205 2487//6205 2612//6205
f 1860//6207 1862//6207 2890//6207
f 2463//6246 2899//6246 2624//6246
f 2899//6248 2463//6248 2628//6248
f 1968//6455 1942//6455 1971//6455
