# Blender 5.2.1 LTS
# www.blender.org
mtllib dagger.mtl
o Dagger
v -0.099422 0.068773 -0.127340
v -0.099271 0.080006 -0.144824
v -0.092245 0.060513 -0.145457
v -0.099038 0.057451 -0.109978
v -0.080951 0.098369 -0.133445
v -0.098614 0.090848 -0.161730
v -0.080106 0.111016 -0.153122
v -0.080584 0.085511 -0.112700
v -0.092245 0.039324 -0.110446
v -0.091512 0.047400 -0.125560
v -0.091082 0.032409 -0.100870
v -0.097980 0.044453 -0.089517
v -0.078970 0.059571 -0.070690
v -0.080103 0.071283 -0.089941
v -0.096609 0.034338 -0.074540
v -0.090173 0.021769 -0.081548
v -0.059566 0.023581 -0.090399
v -0.094648 0.023442 -0.058598
v -0.088680 0.012241 -0.063059
v -0.077600 0.049379 -0.053933
v -0.076031 0.040576 -0.039729
v -0.042330 0.051802 -0.032052
v -0.016817 0.072075 -0.045009
v -0.092061 0.013479 -0.043823
v -0.085768 0.003294 -0.042114
v -0.057252 0.009107 -0.065534
v -0.088917 0.003850 -0.034909
v -0.077150 0.016628 -0.027710
v -0.072317 0.003755 -0.040289
v -0.061776 0.039864 -0.117601
v -0.091033 0.074424 -0.167341
v -0.061995 0.054624 -0.140510
v -0.059075 0.093033 -0.196166
v -0.024594 0.089476 -0.156833
v -0.027604 0.097930 -0.172220
v -0.089384 0.084967 -0.184028
v -0.061744 0.071170 -0.165316
v -0.097039 0.103109 -0.179816
v -0.094558 0.116920 -0.199105
v -0.078140 0.124007 -0.172161
v -0.087868 0.094190 -0.197498
v -0.085683 0.104334 -0.211503
v -0.092361 0.126602 -0.211767
v -0.075159 0.136813 -0.190567
v -0.083503 0.116225 -0.226962
v -0.090199 0.135375 -0.223934
v -0.044227 0.133476 -0.165260
v -0.037998 0.112921 -0.126825
v -0.020280 0.115613 -0.144942
v -0.026002 0.130798 -0.171885
v -0.028265 0.091564 -0.084602
v -0.085628 0.010392 -0.032214
v -0.064696 0.002719 -0.033780
v -0.043186 0.003439 -0.044184
v -0.071724 0.016500 -0.022230
v -0.059083 -0.001088 -0.021650
v -0.065670 0.011725 -0.012709
v -0.058402 0.034545 -0.015523
v -0.055217 -0.006106 -0.009084
v -0.052216 -0.014141 0.007033
v -0.032146 -0.005743 -0.021287
v -0.025788 -0.016882 0.000035
v -0.056343 -0.007765 0.021500
v -0.060144 0.003528 0.002548
v -0.047906 0.024702 0.008770
v -0.051494 -0.025220 0.026423
v 0.006039 0.029953 -0.040087
v 0.009533 -0.013018 0.024866
v 0.019105 -0.010563 0.029123
v 0.023572 -0.002307 0.020896
v 0.037950 0.022632 0.030030
v 0.016945 -0.016213 0.026397
v 0.025037 -0.013569 0.037660
v 0.017888 0.010379 -0.001569
v 0.001289 0.036006 -0.053877
v -0.002072 0.043595 -0.067766
v -0.080459 0.127495 -0.241927
v -0.048324 0.139914 -0.252167
v -0.054379 0.118096 -0.227855
v -0.036145 0.143465 -0.245356
v -0.033190 0.121474 -0.211504
v -0.023565 0.130815 -0.192153
v -0.034742 0.134438 -0.231323
v -0.085154 -0.065056 0.092897
v -0.081376 -0.059568 0.085599
v -0.081399 -0.071918 0.081906
v -0.078085 -0.059441 0.114248
v -0.080549 -0.066224 0.076978
v -0.072611 -0.056706 0.101856
v -0.077799 -0.058714 0.076902
v -0.072622 -0.060557 0.072158
v -0.071729 -0.069599 0.070784
v -0.060231 -0.045724 0.107510
v -0.058330 -0.053051 0.098223
v -0.060734 -0.074311 0.071647
v -0.081942 -0.064989 0.107867
v -0.076061 -0.072237 0.108667
v -0.080897 -0.072820 0.096973
v -0.076590 -0.075515 0.086821
v -0.064851 -0.078587 0.098393
v -0.075110 -0.065339 0.116612
v -0.068998 -0.058236 0.121715
v -0.063717 -0.074111 0.110197
v -0.056205 -0.043772 0.120794
v -0.059628 -0.052512 0.122404
v -0.034319 -0.074719 0.085975
v -0.023517 -0.071806 0.067963
v -0.054912 -0.074059 0.105373
v -0.028283 -0.067853 0.062018
v -0.043599 -0.060436 0.066071
v -0.056790 -0.060236 0.069525
v -0.060974 -0.060549 0.084430
v -0.056005 -0.057998 0.090507
v -0.058767 -0.042261 0.113800
v -0.044887 -0.048714 0.116010
v -0.046682 -0.048662 0.090381
v -0.007164 0.051885 -0.084838
v -0.010414 0.057698 -0.096369
v 0.011442 0.020909 -0.022235
v 0.030977 0.034640 0.003537
v 0.023454 0.047076 -0.012676
v 0.031302 0.034886 0.012320
v 0.010288 0.027172 0.045708
v 0.037193 0.022889 0.035671
v 0.004626 0.039779 0.021790
v -0.003867 0.053228 -0.005425
v -0.009654 0.013196 0.055507
v 0.020472 0.050468 -0.023882
v 0.000711 0.077954 -0.072263
v 0.013294 0.061488 -0.040811
v 0.011004 0.064201 -0.052454
v 0.001061 0.077279 -0.083824
v -0.046559 -0.042692 0.121124
v -0.049645 -0.046549 0.128457
v -0.036094 -0.061127 0.117463
v -0.042421 -0.056543 0.107800
v -0.034526 -0.067510 0.093963
v -0.038394 -0.063100 0.099574
v -0.028837 -0.065908 0.089448
v -0.037588 -0.071752 0.124124
v -0.032583 -0.078299 0.100681
v -0.025038 -0.078579 0.092466
v -0.017586 -0.067891 0.090776
v -0.019511 -0.067868 0.079670
v -0.024423 -0.059181 0.090668
v -0.009295 -0.061659 0.098344
v -0.002736 -0.079109 0.090290
v -0.017677 -0.053824 0.095837
v -0.023355 -0.053669 0.091591
v -0.007683 -0.060523 0.097020
v -0.012214 -0.053589 0.083202
v -0.005165 -0.068930 0.075258
v -0.016820 -0.072960 0.069025
v -0.009157 -0.058670 0.077125
v -0.004205 -0.069188 0.065509
v -0.043062 -0.057487 0.079590
v -0.034431 -0.041963 0.081748
v -0.039852 -0.018675 0.088818
v -0.033229 -0.026264 0.083724
v -0.033829 -0.022022 0.081084
v -0.048031 -0.028087 0.098399
v -0.042464 -0.024117 0.102363
v -0.044325 -0.030444 0.113204
v -0.043066 -0.034488 0.118570
v -0.046990 -0.033065 0.134196
v -0.050551 -0.028643 0.131179
v -0.050336 -0.021398 0.118051
v -0.047204 -0.005142 0.147035
v -0.053684 -0.021820 0.150140
v -0.048215 -0.030667 0.152686
v -0.047693 -0.051438 0.141246
v -0.047968 -0.044017 0.143372
v -0.042983 -0.060387 0.126251
v -0.038195 -0.066516 0.139896
v -0.042962 -0.032651 0.146467
v -0.038564 -0.032993 0.165653
v -0.042972 -0.029905 0.167719
v -0.047771 -0.021317 0.167152
v -0.030602 -0.026556 0.182911
v -0.037737 -0.019930 0.180122
v -0.038478 -0.005354 0.165802
v -0.026327 -0.005952 0.179215
v -0.033349 -0.030986 0.173428
v -0.031186 -0.042119 0.180190
v -0.022703 -0.029816 0.183684
v -0.037941 -0.051670 0.173874
v -0.040934 -0.043441 0.168074
v -0.029591 -0.054547 0.179511
v -0.030179 -0.050125 0.188189
v -0.025344 -0.038616 0.188995
v -0.024834 -0.063855 0.176604
v -0.031696 -0.071315 0.168786
v -0.042975 -0.050164 0.159117
v -0.035712 -0.058825 0.150103
v -0.029778 -0.068912 0.147434
v -0.030777 -0.079961 0.153566
v -0.034697 -0.070068 0.162311
v -0.041723 -0.044625 0.152538
v -0.063060 -0.044101 0.066841
v -0.061179 -0.050968 0.064086
v -0.058633 -0.031495 0.054851
v -0.054496 -0.039643 0.048329
v -0.053540 -0.028350 0.070687
v -0.041786 -0.049467 0.053142
v -0.023804 -0.032403 0.023966
v -0.025581 -0.041933 0.037983
v -0.056350 -0.021188 0.041337
v -0.047019 -0.046117 0.072440
v -0.046495 -0.008047 0.053846
v -0.044106 -0.009920 0.065361
v -0.042295 0.012635 0.032073
v -0.045305 0.002870 0.053150
v -0.048850 -0.004905 0.061575
v -0.044864 -0.014947 0.075920
v -0.032334 -0.046612 0.077667
v -0.041185 0.003500 0.048729
v -0.034084 0.005340 0.059140
v -0.034596 0.000180 0.067271
v -0.028547 -0.000827 0.066170
v -0.028900 -0.006323 0.074523
v -0.034105 -0.014550 0.085671
v -0.021470 -0.018973 0.080329
v -0.035626 -0.015148 0.093552
v -0.041235 -0.013199 0.099959
v -0.039981 -0.009594 0.102310
v -0.036058 -0.007028 0.110563
v -0.013674 0.027757 0.119490
v -0.023617 0.006301 0.106559
v -0.010024 0.027448 0.110095
v -0.014130 0.028833 0.128136
v -0.047108 -0.006153 0.124088
v -0.037039 -0.004587 0.151495
v -0.022041 -0.017250 0.189135
v -0.003516 -0.002474 0.190729
v -0.013410 -0.005457 0.178467
v -0.024659 -0.005394 0.169792
v -0.001162 -0.002199 0.181951
v 0.005524 -0.008305 0.199830
v -0.008251 -0.026297 0.190498
v -0.006409 -0.042858 0.198226
v -0.025217 -0.066411 0.184892
v -0.026962 -0.051387 0.192374
v -0.018803 -0.082782 0.173932
v -0.021894 -0.074000 0.176389
v -0.025358 -0.078530 0.144806
v -0.028283 -0.094010 0.125124
v -0.029692 -0.076074 0.114510
v 0.003359 -0.066466 0.092499
v -0.023446 -0.084188 0.101005
v -0.022205 -0.084703 0.110455
v -0.029664 -0.086861 0.117309
v -0.001705 -0.088725 0.100308
v 0.011614 -0.071813 0.091033
v 0.000662 -0.056069 0.086432
v -0.027069 -0.057341 0.061943
v -0.012231 -0.027272 0.026451
v 0.001109 -0.020407 0.028371
v 0.006820 -0.027673 0.034502
v -0.023300 -0.039041 0.024830
v -0.013650 -0.033898 0.023672
v -0.007732 -0.032987 0.028754
v -0.014107 -0.042610 0.036604
v -0.007223 -0.031090 0.037440
v -0.012392 -0.037474 0.042641
v 0.003492 -0.026692 0.041045
v 0.018295 -0.023936 0.040686
v 0.023153 -0.019006 0.036362
v -0.020503 0.007954 0.056025
v -0.022382 0.003385 0.063391
v -0.019474 0.007226 0.069891
v -0.018281 0.013131 0.059753
v -0.015313 0.001176 0.073556
v -0.009742 0.009813 0.073163
v -0.004914 0.015058 0.064939
v -0.001066 0.012889 0.062416
v 0.000968 -0.007002 0.086248
v -0.010797 -0.017225 0.078741
v 0.003624 -0.012619 0.078442
v -0.027222 -0.011197 0.084893
v -0.006112 0.000390 0.090616
v -0.023919 -0.005899 0.089910
v -0.011283 0.029921 0.098868
v -0.009015 0.027802 0.098564
v -0.024678 0.039988 0.121379
v -0.020823 0.032376 0.132949
v -0.040401 -0.004733 0.130003
v -0.017862 0.010831 0.158827
v -0.005430 0.016558 0.163661
v -0.020789 0.079195 -0.138127
v -0.015603 0.066779 -0.114886
v -0.018891 0.114969 -0.163664
v -0.014134 0.102603 -0.139995
v -0.008510 0.090814 -0.116717
v -0.015408 0.104719 -0.124295
v -0.010538 0.094643 -0.103710
v -0.031036 0.108129 -0.190484
v -0.021393 -0.048908 0.050636
v -0.028018 -0.053569 0.071074
v -0.010744 -0.050865 0.057794
v -0.016763 -0.046072 0.068311
v -0.012469 -0.055669 0.056168
v 0.002077 -0.055350 0.053931
v -0.005652 -0.039804 0.065811
v -0.009738 -0.035773 0.065872
v -0.022431 -0.047422 0.066831
v 0.000455 -0.027850 0.065716
v -0.006424 -0.063595 0.062131
v 0.000415 -0.067906 0.069937
v 0.001390 -0.061425 0.069114
v 0.012457 -0.044603 0.050260
v 0.020027 -0.051803 0.056620
v 0.021039 -0.052552 0.062856
v 0.001511 -0.028940 0.068760
v -0.003051 -0.034232 0.048933
v 0.016667 -0.025704 0.050849
v 0.008435 -0.024349 0.068939
v 0.021100 -0.017643 0.071455
v 0.016327 -0.018139 0.069986
v 0.028933 -0.013446 0.065656
v 0.024159 -0.021757 0.054195
v 0.015978 -0.023357 0.045188
v 0.040227 0.012951 0.049456
v 0.022469 -0.012273 0.072995
v 0.035133 0.008127 0.059714
v 0.005935 0.006770 0.073762
v 0.026612 -0.000044 0.074035
v 0.006086 0.000062 0.077209
v 0.034476 -0.005166 0.074093
v -0.002500 0.006863 0.071073
v -0.025019 -0.095660 0.132337
v -0.020286 -0.096119 0.113962
v -0.016514 -0.101524 0.122417
v -0.011718 -0.088782 0.109514
v 0.007981 -0.086330 0.098319
v 0.014621 -0.079376 0.095108
v 0.007652 -0.096989 0.111606
v -0.015932 -0.101471 0.131072
v -0.014275 -0.098755 0.137860
v -0.001720 -0.100720 0.132615
v 0.009005 -0.088894 0.106562
v 0.005294 -0.060898 0.094915
v 0.014529 -0.055043 0.095841
v 0.013028 -0.033658 0.060499
v 0.038643 -0.030542 0.053988
v 0.028329 -0.010666 0.076753
v 0.047665 -0.019020 0.066262
v 0.044314 -0.009592 0.081985
v 0.040958 -0.006734 0.090092
v 0.020220 -0.004595 0.086307
v 0.014649 -0.012186 0.076412
v 0.014552 -0.009862 0.075993
v -0.020587 -0.091308 0.141873
v -0.019302 -0.066011 0.193491
v -0.019157 -0.091959 0.184197
v -0.013971 -0.099771 0.189851
v -0.017235 -0.044681 0.197782
v -0.007212 -0.072478 0.196220
v 0.008009 -0.055846 0.191216
v -0.015744 -0.103604 0.178119
v -0.015971 -0.095523 0.172009
v -0.010615 -0.111006 0.178166
v -0.009699 -0.104292 0.169381
v -0.015843 -0.105789 0.165828
v -0.021888 -0.103624 0.160666
v -0.020004 -0.105226 0.148193
v -0.012330 -0.112095 0.154190
v 0.000940 -0.108941 0.162943
v 0.008588 -0.116160 0.164653
v -0.003498 -0.113001 0.145321
v -0.010021 -0.106426 0.139395
v 0.013195 -0.098811 0.117940
v 0.014096 -0.098608 0.126494
v 0.012010 -0.106829 0.133648
v 0.018458 -0.107775 0.144142
v 0.009832 -0.108721 0.155975
v 0.018106 -0.105819 0.151833
v 0.020467 -0.115106 0.171849
v -0.000745 -0.114284 0.183342
v 0.018959 -0.114977 0.159406
v -0.009115 -0.109241 0.188639
v 0.003313 -0.109619 0.189735
v -0.003605 -0.097683 0.195132
v 0.017004 -0.108030 0.182495
v 0.009864 -0.104867 0.189737
v 0.025548 -0.107364 0.175510
v 0.005224 -0.098615 0.193070
v 0.000783 -0.084675 0.192897
v 0.010104 -0.088879 0.204479
v 0.011305 -0.098091 0.208598
v 0.018419 -0.111945 0.187552
v 0.028089 -0.111583 0.157752
v 0.027010 -0.103385 0.149866
v 0.031979 -0.096983 0.145930
v 0.031498 -0.116006 0.148089
v 0.038083 -0.114318 0.141040
v 0.036140 -0.091662 0.145488
v 0.046291 -0.104610 0.139717
v 0.028796 -0.091027 0.150671
v 0.035911 -0.083771 0.155314
v 0.030884 -0.108116 0.165365
v 0.034739 -0.119448 0.156323
v 0.048287 -0.114235 0.141199
v 0.039165 -0.121647 0.149169
v 0.047181 -0.120494 0.148861
v 0.046647 -0.091793 0.144407
v 0.056199 -0.084390 0.153348
v 0.057660 -0.098898 0.148157
v 0.062090 -0.085870 0.159103
v 0.038123 -0.109148 0.167825
v 0.043979 -0.118634 0.156195
v 0.028456 -0.112532 0.183113
v 0.010952 -0.106354 0.200277
v 0.002701 -0.065821 0.192975
v 0.004419 -0.084060 0.193200
v 0.016616 -0.090989 0.214780
v 0.025239 -0.084293 0.215752
v 0.025139 -0.088667 0.225221
v 0.026018 -0.092904 0.231223
v 0.031753 -0.101936 0.170648
v 0.038426 -0.100885 0.176300
v 0.015860 -0.112472 0.196568
v 0.030700 -0.113912 0.191224
v 0.013224 -0.109868 0.219962
v 0.017030 -0.100917 0.227337
v 0.014129 -0.116402 0.213336
v 0.003332 -0.119200 0.217820
v 0.010724 -0.101586 0.234552
v 0.001262 -0.122438 0.223502
v 0.008444 -0.123624 0.234601
v 0.018284 -0.089264 0.243765
v 0.017012 -0.127558 0.235449
v 0.019307 -0.103170 0.246709
v 0.030016 -0.121515 0.243796
v 0.023803 -0.136412 0.226517
v 0.039185 -0.137251 0.226626
v 0.003339 -0.132368 0.222926
v 0.001905 -0.131487 0.215344
v 0.005532 -0.129685 0.208032
v 0.018831 -0.120470 0.207255
v 0.030043 -0.123247 0.202265
v 0.037368 -0.122542 0.202104
v 0.015745 -0.134759 0.199951
v 0.007271 -0.139545 0.211496
v 0.018681 -0.143048 0.205082
v -0.025259 0.041844 0.138015
v -0.009294 0.023992 0.104823
v -0.020024 0.038657 0.106784
v -0.011081 0.036763 0.089751
v -0.014640 0.045410 0.153358
v -0.005788 0.058630 0.139759
v -0.016444 0.032340 0.143242
v -0.021354 0.040540 0.144898
v -0.011897 0.029928 0.136015
v 0.014045 0.027616 0.163440
v 0.008076 0.015957 0.170864
v 0.003797 0.007802 0.175932
v 0.005419 0.011055 0.181780
v 0.013277 0.003785 0.191713
v 0.021674 0.021219 0.180604
v 0.011913 0.023412 0.174116
v 0.027951 0.011058 0.179171
v -0.010649 0.054967 0.114069
v -0.024395 0.008645 0.100235
v -0.001485 0.023908 0.089656
v 0.003187 0.021632 0.088397
v 0.011080 0.017537 0.092138
v 0.002657 0.032826 0.072284
v 0.012239 0.026959 0.063631
v -0.003260 0.051483 0.093926
v 0.005432 0.048357 0.080680
v 0.007793 0.051269 0.092483
v 0.001156 0.053543 0.105806
v -0.004704 0.035670 0.155143
v -0.001272 0.048217 0.164620
v -0.001218 0.055840 0.121782
v 0.010026 0.065967 0.102570
v 0.006008 0.061394 0.153352
v 0.009403 0.059933 0.142940
v 0.019059 0.076630 0.132965
v 0.025896 0.092249 0.109966
v 0.040022 0.087707 0.143894
v 0.026506 0.063834 0.167169
v -0.006275 0.032036 0.144032
v 0.001481 0.033972 0.150944
v 0.011938 0.036718 0.155545
v 0.021705 -0.001418 0.188043
v -0.000134 -0.021979 0.194773
v 0.018865 -0.032987 0.191760
v 0.019365 -0.042006 0.190544
v 0.013283 -0.023915 0.188965
v 0.015132 -0.019500 0.197570
v 0.013630 0.024862 0.088904
v 0.033504 0.009070 0.087518
v 0.021683 0.013843 0.088602
v 0.023033 0.019100 0.084188
v 0.022244 0.025110 0.083169
v 0.035772 0.012541 0.082854
v 0.038834 0.021477 0.081028
v 0.029174 0.028528 0.082877
v 0.005483 0.022928 0.081795
v 0.016920 0.045784 0.067787
v 0.020100 0.047418 0.077238
v 0.024339 0.034133 0.057999
v 0.022037 0.022689 0.059924
v 0.027919 0.017876 0.063380
v 0.049033 0.016459 0.082216
v 0.047138 0.020390 0.076726
v 0.032339 0.020463 0.071846
v 0.051780 0.024779 0.075332
v 0.037445 0.026467 0.075605
v 0.043216 0.035922 0.072885
v 0.043911 0.043278 0.058021
v 0.048348 0.043511 0.070303
v 0.056619 0.015251 0.081045
v 0.018686 0.036469 0.167078
v 0.016739 0.039434 0.169096
v 0.018549 0.037669 0.159208
v 0.028981 0.035377 0.171670
v 0.032500 0.040907 0.176714
v 0.028867 0.051429 0.179996
v 0.013329 0.050258 0.173075
v -0.000675 -0.054254 0.075717
v 0.012205 -0.050481 0.088710
v 0.011505 -0.045204 0.074139
v 0.024230 -0.039073 0.050471
v 0.044596 -0.025644 0.058677
v 0.049380 -0.018630 0.084049
v 0.050412 -0.017089 0.077229
v 0.045953 0.004636 0.089906
v 0.070740 0.042726 0.070782
v 0.055691 0.011917 0.086460
v 0.032469 -0.046812 0.059529
v 0.034565 -0.039096 0.053793
v 0.046426 -0.037330 0.062095
v 0.052176 -0.026640 0.070243
v 0.018356 -0.032437 0.079639
v 0.015948 -0.039301 0.075527
v 0.050721 -0.030333 0.072480
v 0.021492 -0.030030 0.093172
v 0.019498 -0.024842 0.086476
v 0.031814 -0.020303 0.089813
v 0.040785 -0.015548 0.091874
v 0.018169 -0.043180 0.093783
v 0.057115 0.000785 0.099015
v 0.050690 0.006738 0.087053
v 0.059522 0.003228 0.093277
v 0.033659 -0.026847 0.095527
v 0.040261 -0.028557 0.102863
v 0.021419 -0.035564 0.101526
v 0.022820 -0.044875 0.107265
v 0.020267 -0.052015 0.102929
v 0.023781 -0.059428 0.089530
v 0.025839 -0.091590 0.120453
v 0.032575 -0.082758 0.105615
v 0.030025 -0.098778 0.128478
v 0.043153 -0.092271 0.115449
v 0.027310 -0.068706 0.091822
v 0.027217 -0.051720 0.097090
v 0.023696 -0.055706 0.113065
v 0.031016 -0.056979 0.110825
v 0.023298 -0.038951 0.112572
v 0.034059 -0.036626 0.114994
v 0.005058 -0.078030 0.189348
v 0.006285 -0.071433 0.185934
v 0.018757 -0.051633 0.183561
v 0.033979 -0.057226 0.178473
v 0.017421 -0.055659 0.176995
v 0.008938 -0.065739 0.183101
v 0.020561 -0.067710 0.191412
v 0.015834 -0.071965 0.194509
v 0.014572 -0.079312 0.204260
v 0.024862 -0.073800 0.205079
v 0.036477 -0.081401 0.212744
v 0.013711 -0.060484 0.180228
v 0.020949 -0.053743 0.174362
v 0.027970 -0.055964 0.172190
v 0.028102 -0.061755 0.180719
v 0.032063 -0.069635 0.193691
v 0.036406 -0.074091 0.202300
v 0.039899 -0.088041 0.229634
v 0.022945 -0.084134 0.242859
v 0.035257 -0.079867 0.243130
v 0.025550 -0.087257 0.251517
v 0.040646 -0.107352 0.250620
v 0.049251 -0.081284 0.252167
v 0.059051 -0.136382 0.212228
v 0.035514 -0.143465 0.204778
v 0.043784 -0.131770 0.234227
v 0.055447 -0.121457 0.238900
v 0.066710 -0.123609 0.219091
v 0.054442 -0.140623 0.206181
v 0.033856 -0.138452 0.196956
v 0.043499 -0.113845 0.198933
v 0.042824 -0.108883 0.190893
v 0.041878 -0.099169 0.180560
v 0.050409 -0.094653 0.193357
v 0.045196 -0.093797 0.181542
v 0.058754 -0.104917 0.154805
v 0.053079 -0.112769 0.145373
v 0.050251 -0.080960 0.152822
v 0.038587 -0.078201 0.158908
v 0.031506 -0.083096 0.146793
v 0.033880 -0.068571 0.146150
v 0.038581 -0.061123 0.160122
v 0.024076 0.062903 0.154070
v 0.042259 0.065498 0.162864
v 0.047342 0.071811 0.160151
v 0.026663 0.091268 0.096227
v 0.033998 0.093481 0.081788
v 0.038951 0.112591 0.092988
v 0.044190 0.109546 0.125243
v 0.042353 0.080258 0.066212
v 0.034349 0.068464 0.070215
v 0.026527 0.059225 0.065860
v 0.034556 0.070347 0.060991
v 0.046296 0.088065 0.054119
v 0.040802 0.058177 0.052191
v 0.018273 0.072921 0.092658
v 0.018051 -0.018287 0.185987
v 0.030609 -0.043735 0.189928
v 0.043301 -0.076515 0.195416
v 0.038681 -0.068993 0.185458
v 0.032637 -0.060095 0.173409
v 0.038328 -0.055494 0.186959
v 0.034626 -0.064163 0.177612
v 0.030287 -0.030860 0.192427
v 0.022126 -0.009833 0.181451
v 0.041603 -0.046262 0.195003
v 0.047782 -0.042892 0.197942
v 0.049780 -0.059435 0.190912
v 0.042914 -0.017068 0.188997
v 0.029550 0.039592 0.169439
v 0.038399 0.039158 0.162755
v 0.042916 0.041581 0.160704
v 0.044562 0.041760 0.181007
v 0.052903 0.041373 0.165162
v 0.036196 0.026403 0.165908
v 0.026118 -0.000393 0.175760
v 0.029123 0.006830 0.170566
v 0.032130 0.015312 0.163542
v 0.040423 0.005888 0.169046
v 0.046775 -0.001594 0.176108
v 0.030110 -0.010991 0.182043
v 0.033052 -0.018103 0.188700
v 0.058630 -0.038233 0.194946
v 0.044403 -0.077221 0.187500
v 0.031061 -0.074771 0.100221
v 0.034085 -0.063157 0.093572
v 0.033754 -0.054505 0.095881
v 0.033604 -0.053864 0.105470
v 0.024682 -0.063674 0.117875
v 0.030059 -0.060573 0.129233
v 0.029392 -0.064614 0.125363
v 0.040243 -0.066122 0.120682
v 0.023905 -0.040075 0.132852
v 0.037101 -0.036559 0.124848
v 0.055125 -0.016175 0.107777
v 0.077629 0.036773 0.075534
v 0.054374 0.053084 0.067306
v 0.059400 0.063744 0.068429
v 0.058720 0.056484 0.069856
v 0.073214 0.046761 0.071527
v 0.066155 0.070334 0.056903
v 0.060729 0.067264 0.049331
v 0.079679 0.088169 0.036590
v 0.063290 0.070020 0.065963
v 0.067616 0.076268 0.063659
v 0.083165 0.090090 0.047420
v 0.051292 0.108472 0.063853
v 0.048036 0.128418 0.102739
v 0.052033 0.081286 0.155345
v 0.044814 0.067306 0.171448
v 0.051688 0.050914 0.186559
v 0.051873 0.080249 0.164410
v 0.057889 0.091670 0.159166
v 0.068134 0.081244 0.170412
v 0.056842 0.090693 0.150937
v 0.050897 0.105408 0.136831
v 0.059660 0.064738 0.178543
v 0.068676 0.056935 0.174579
v 0.059050 0.040853 0.184379
v 0.035749 0.022855 0.156725
v 0.039261 0.028374 0.156599
v 0.042374 0.035505 0.150505
v 0.041357 0.018883 0.156520
v 0.047722 0.014935 0.155358
v 0.056867 -0.085084 0.183881
v 0.046811 -0.085366 0.185856
v 0.063068 -0.063847 0.185004
v 0.049317 -0.088105 0.210384
v 0.051900 -0.090036 0.223092
v 0.050661 -0.076531 0.247299
v 0.069395 -0.107004 0.211077
v 0.059502 -0.124179 0.203683
v 0.050332 -0.114986 0.206593
v 0.052629 -0.135544 0.200392
v 0.054610 -0.099586 0.212955
v 0.052897 -0.100058 0.175160
v 0.063140 -0.085222 0.175801
v 0.063959 -0.087193 0.166162
v 0.059198 -0.102431 0.164556
v 0.050238 -0.107701 0.169299
v 0.035320 -0.061143 0.160414
v 0.048871 -0.059078 0.152516
v 0.030718 -0.056874 0.135108
v 0.029246 -0.068506 0.129771
v 0.036620 -0.075145 0.128058
v 0.035486 -0.063431 0.109845
v 0.037645 -0.067052 0.106178
v 0.024684 -0.076869 0.130897
v 0.039662 -0.078611 0.139316
v 0.028911 -0.077453 0.139910
v 0.043778 -0.071272 0.113566
v 0.027195 0.058139 0.073756
v 0.042482 -0.082535 0.114967
v 0.035188 -0.085627 0.114049
v 0.049399 -0.078943 0.124974
v 0.041826 -0.077022 0.121201
v 0.039120 -0.078136 0.107293
v 0.051405 -0.087647 0.121118
v 0.051445 -0.082673 0.130333
v 0.023092 -0.042711 0.139583
v 0.028270 -0.048325 0.142648
v 0.029472 -0.051662 0.148213
v 0.039614 -0.051153 0.144024
v 0.032717 -0.057557 0.160494
v 0.045774 -0.032391 0.121672
v 0.069753 0.001101 0.107052
v 0.064497 0.008953 0.092741
v 0.064693 0.011016 0.087991
v 0.074471 0.016876 0.088551
v 0.062828 -0.001210 0.109755
v 0.049101 -0.026191 0.111489
v 0.057733 -0.030472 0.129078
v 0.073770 0.003041 0.120551
v 0.073399 0.009570 0.102940
v 0.079082 0.011401 0.101509
v 0.081943 0.015705 0.100306
v 0.064815 -0.000096 0.124954
v 0.058935 -0.018061 0.121512
v 0.064842 0.003949 0.138588
v 0.078046 0.012402 0.114736
v 0.071531 0.005222 0.126512
v 0.071236 0.006444 0.134601
v 0.067215 -0.011112 0.150642
v 0.065090 -0.008135 0.163994
v 0.058881 0.001967 0.158700
v 0.060542 0.008316 0.146578
v 0.076139 0.018731 0.127323
v 0.058850 0.017244 0.151484
v 0.057042 0.030116 0.147009
v 0.067041 0.032794 0.142944
v 0.082751 0.013760 0.112975
v 0.082539 0.019591 0.125115
v 0.095829 0.032895 0.098145
v 0.093960 0.037488 0.091618
v 0.076207 0.029345 0.141528
v 0.098313 0.035998 0.112058
v 0.097774 0.045434 0.125644
v 0.071157 0.025823 0.136318
v 0.061858 0.037151 0.147438
v 0.081172 0.035307 0.139810
v 0.051419 0.050595 0.152664
v 0.045653 0.045059 0.153351
v 0.047462 -0.093957 0.122299
v 0.035330 -0.098030 0.135361
v 0.050142 -0.090452 0.131298
v 0.045136 -0.084535 0.139101
v 0.036305 -0.044428 0.063705
v 0.054930 -0.100105 0.249167
v 0.063839 -0.104645 0.242335
v 0.054416 -0.043074 0.139318
v 0.063996 -0.023340 0.133882
v 0.067244 -0.039269 0.152051
v 0.060892 -0.038749 0.141803
v 0.056054 -0.056821 0.152836
v 0.053181 0.006871 0.160911
v 0.054432 0.011750 0.152163
v 0.055566 0.002215 0.166291
v 0.037701 0.001712 0.063750
v 0.049270 0.124186 0.076004
v 0.062747 0.128471 0.127282
v 0.069259 0.112132 0.142798
v 0.062197 0.100424 0.146919
v 0.076669 0.097504 0.163804
v 0.047289 0.120388 0.116071
v 0.080338 0.127949 0.138938
v 0.066276 0.106873 0.153505
v 0.077334 0.075488 0.165762
v 0.063140 0.040640 0.172019
v 0.062866 0.053591 0.157596
v 0.053074 0.052624 0.155788
v 0.060480 0.044895 0.155089
v 0.068689 0.059556 0.155674
v 0.070921 0.058878 0.161806
v 0.070421 0.034026 0.149271
v 0.088249 0.042830 0.137299
v 0.082871 0.034998 0.145091
v 0.097047 0.038540 0.099823
v 0.089429 0.032536 0.087419
v 0.085091 0.039014 0.080598
v 0.084035 0.076163 0.058528
v 0.073826 0.083421 0.059437
v 0.079748 0.090006 0.055171
v 0.055500 0.077764 0.043554
v 0.062955 0.109005 0.041021
v 0.077194 0.101864 0.027187
v 0.056126 0.101069 0.046584
v 0.049269 0.090713 0.061664
v 0.057692 0.102640 0.054995
v 0.067458 0.115115 0.045727
v 0.077805 0.126524 0.036464
v 0.058508 -0.080995 0.249809
v 0.069170 -0.085741 0.243970
v 0.072705 -0.110957 0.221847
v 0.078771 -0.091446 0.228732
v 0.078343 -0.093821 0.218003
v 0.074520 -0.083881 0.225735
v 0.075194 -0.091631 0.215772
v 0.049812 -0.098802 0.199528
v 0.044620 -0.082023 0.202135
v 0.055237 -0.094451 0.217674
v 0.087571 0.137183 0.137919
v 0.087871 0.136922 0.146190
v 0.077873 0.124378 0.148388
v 0.067984 -0.078671 0.237480
v 0.075052 -0.084391 0.235113
v 0.061890 -0.050809 0.192239
v 0.063510 -0.057920 0.158297
v 0.070969 -0.050171 0.173887
v 0.070835 -0.044129 0.183873
v 0.070413 -0.025473 0.165804
v 0.067974 -0.048216 0.188470
v 0.066930 -0.066687 0.177465
v 0.056207 -0.014438 0.181414
v 0.067296 -0.037850 0.186816
v 0.085377 0.133639 0.029930
v 0.093943 0.140773 0.023064
v 0.084225 0.130927 0.023433
v 0.071836 0.118923 0.033559
v 0.077319 0.043770 0.148209
v 0.082469 0.040267 0.149307
v 0.091293 0.045481 0.144685
v 0.084485 0.052766 0.144762
v 0.093420 0.052175 0.135990
v 0.072183 0.064524 0.154552
v 0.099422 0.041509 0.111767
v 0.099288 0.043239 0.103813
v 0.097166 0.055658 0.071325
v 0.098461 0.050729 0.124072
v 0.092433 0.059628 0.135872
v 0.094000 0.055853 0.141951
v 0.085508 0.063908 0.145188
v 0.087735 0.065156 0.140658
v 0.074118 0.075528 0.145710
v 0.093172 0.081635 0.139356
v 0.075201 0.071381 0.150347
v 0.088466 0.114204 0.159007
v 0.090694 0.098635 0.157123
v 0.076734 0.082385 0.143139
v 0.080746 0.089069 0.141667
v 0.083856 0.035313 0.079998
v 0.094896 0.080159 0.054836
v 0.085263 0.094322 0.052058
v 0.089503 0.099519 0.047472
v 0.094351 0.103444 0.044697
v 0.095904 0.103006 0.024304
v 0.097260 0.143393 0.012985
v 0.089950 0.094706 0.146521
v 0.098856 0.110995 0.138278
v 0.091187 0.103141 0.137932
v 0.085246 0.095612 0.139470
vn -0.9091 -0.3624 -0.2053
vn -0.9157 -0.3456 -0.2052
vn -0.7627 0.5471 0.3450
vn -0.9206 -0.3248 -0.2166
vn -0.9124 -0.3206 -0.2544
vn -0.9088 -0.3343 -0.2497
vn -0.7626 0.5576 0.3280
vn -0.7608 0.5358 0.3662
vn -0.7658 0.5379 0.3524
vn -0.7596 0.5467 0.3523
vn -0.9144 -0.3369 -0.2244
vn -0.6898 -0.6241 -0.3669
vn -0.9139 -0.3737 -0.1589
vn -0.9243 -0.3420 -0.1695
vn -0.9121 -0.3756 -0.1640
vn -0.9149 -0.3684 -0.1651
vn -0.7740 0.5156 0.3676
vn -0.7692 0.5248 0.3646
vn -0.7881 0.4952 0.3656
vn -0.7792 0.4840 0.3982
vn -0.0863 -0.8744 -0.4775
vn -0.0918 -0.8643 -0.4945
vn -0.1235 -0.8861 -0.4467
vn -0.9100 -0.3938 -0.1294
vn -0.8962 -0.4098 -0.1699
vn -0.7957 0.4500 0.4055
vn -0.8073 0.4141 0.4205
vn -0.8043 0.4612 0.3747
vn -0.3670 0.7811 0.5051
vn -0.3606 0.7873 0.5002
vn -0.3729 0.7852 0.4943
vn -0.3565 0.7978 0.4863
vn -0.4434 0.7391 0.5071
vn -0.8956 -0.4254 -0.1301
vn -0.8367 -0.5359 -0.1126
vn -0.1212 -0.9188 -0.3756
vn -0.7873 -0.5372 -0.3026
vn -0.6335 0.3705 0.6793
vn -0.7655 0.3738 0.5237
vn -0.8317 0.2059 0.5157
vn 0.0573 -0.9830 -0.1742
vn -0.0414 -0.9721 -0.2308
vn -0.0717 -0.8584 -0.5080
vn -0.0945 -0.8373 -0.5385
vn -0.0531 -0.8540 -0.5176
vn -0.0755 -0.8396 -0.5379
vn -0.0729 -0.8340 -0.5470
vn 0.4145 -0.7590 -0.5021
vn 0.4749 -0.7358 -0.4828
vn 0.4866 -0.7220 -0.4919
vn 0.4877 -0.7200 -0.4937
vn -0.0150 -0.8152 -0.5790
vn -0.9028 -0.3177 -0.2899
vn -0.7563 0.5702 0.3207
vn -0.7676 0.5537 0.3229
vn -0.3059 0.8068 0.5054
vn -0.3467 0.7951 0.4976
vn -0.7587 0.5719 0.3119
vn -0.3499 0.7902 0.5031
vn -0.3254 0.8109 0.4864
vn -0.8992 -0.3072 -0.3115
vn -0.9037 -0.3137 -0.2914
vn -0.0070 -0.8247 -0.5655
vn 0.0226 -0.7858 -0.6181
vn -0.0054 -0.8095 -0.5871
vn -0.9017 -0.2882 -0.3223
vn -0.7344 0.6071 0.3035
vn -0.7564 0.5763 0.3094
vn -0.8926 -0.2873 -0.3474
vn -0.8927 -0.2876 -0.3471
vn -0.9010 -0.2548 -0.3512
vn -0.9009 -0.2600 -0.3476
vn -0.8928 -0.2533 -0.3724
vn -0.7354 0.6049 0.3054
vn 0.2810 0.8604 0.4252
vn 0.2921 0.8622 0.4138
vn 0.8851 0.4530 0.1068
vn 0.2735 0.8759 0.3976
vn -0.3534 0.7994 0.4858
vn -0.3596 0.7879 0.4999
vn -0.3601 0.7876 0.5000
vn 0.0224 -0.9960 0.0866
vn 0.2681 -0.4791 0.8358
vn -0.0275 -0.9917 -0.1256
vn 0.4433 -0.7562 -0.4814
vn 0.4426 -0.7505 -0.4908
vn 0.1074 -0.6740 0.7309
vn -0.5232 -0.6879 0.5030
vn -0.0929 -0.9615 -0.2588
vn -0.7999 -0.5686 0.1917
vn -0.5237 -0.6881 0.5023
vn -0.6582 0.3620 0.6601
vn -0.7258 0.3071 0.6155
vn -0.7293 0.3121 0.6089
vn -0.8227 0.3200 0.4699
vn -0.1824 -0.9312 -0.3157
vn -0.1471 -0.9405 -0.3062
vn -0.2011 -0.8911 -0.4068
vn -0.2000 -0.8916 -0.4062
vn -0.8922 -0.4480 -0.0572
vn -0.8658 -0.4982 0.0459
vn -0.9145 -0.4008 -0.0554
vn -0.8119 0.3272 0.4834
vn -0.9438 -0.3008 -0.1367
vn 0.4260 -0.7435 -0.5155
vn 0.4714 -0.7363 -0.4855
vn 0.4410 -0.7367 -0.5126
vn 0.4409 -0.7366 -0.5129
vn 0.4222 -0.7409 -0.5223
vn 0.3187 0.3103 -0.8956
vn 0.8651 -0.3781 -0.3296
vn 0.8538 -0.3516 -0.3840
vn 0.8341 -0.3625 -0.4158
vn 0.4109 -0.7454 -0.5249
vn 0.4447 -0.7376 -0.5082
vn 0.4342 -0.7441 -0.5077
vn -0.1959 -0.7638 -0.6151
vn 0.0368 -0.7982 -0.6013
vn 0.0821 -0.7518 -0.6542
vn 0.4869 -0.7130 -0.5045
vn 0.5017 -0.7022 -0.5052
vn 0.4945 -0.7159 -0.4929
vn 0.9011 -0.3184 -0.2945
vn -0.7644 0.6392 0.0850
vn -0.3747 0.9263 0.0390
vn -0.9235 0.2556 -0.2859
vn -0.9584 -0.0911 -0.2705
vn -0.8864 0.3214 -0.3331
vn 0.0545 0.9913 0.1197
vn -0.5531 0.7775 -0.2992
vn -0.3390 0.7036 -0.6245
vn -0.8770 -0.4805 0.0004
vn -0.6216 -0.4575 -0.6358
vn -0.6161 0.2181 -0.7569
vn -0.5549 0.0712 -0.8289
vn -0.7525 0.1957 -0.6288
vn -0.5963 0.5664 -0.5689
vn -0.3372 0.7430 -0.5781
vn 0.0361 0.9807 -0.1921
vn 0.0881 0.9951 0.0456
vn -0.0922 0.8901 -0.4463
vn -0.3210 -0.8319 -0.4526
vn -0.8996 -0.3909 0.1948
vn -0.8950 0.4034 0.1903
vn -0.7487 -0.5702 0.3381
vn -0.2854 -0.8848 -0.3684
vn -0.5792 -0.8146 -0.0295
vn -0.0887 -0.9814 -0.1705
vn -0.3444 -0.9333 0.1017
vn -0.3469 -0.9186 0.1892
vn -0.1837 -0.9131 0.3639
vn -0.6907 -0.5031 0.5194
vn -0.7818 -0.1520 0.6047
vn -0.6341 -0.0099 0.7732
vn -0.6607 0.7396 -0.1286
vn -0.1921 -0.7295 0.6564
vn 0.0048 -0.5862 0.8101
vn -0.5738 0.5464 0.6101
vn 0.0649 -0.9869 -0.1478
vn 0.0540 -0.9903 -0.1278
vn 0.2523 -0.5119 0.8212
vn -0.2292 0.2624 0.9373
vn 0.1876 -0.9243 0.3325
vn 0.2307 -0.9329 0.2767
vn 0.4631 -0.8758 0.1361
vn 0.0011 -0.8323 -0.5544
vn -0.1508 -0.5073 -0.8485
vn -0.2009 0.1166 -0.9726
vn -0.2410 0.2588 -0.9354
vn -0.1270 0.9474 -0.2938
vn -0.1652 0.1322 -0.9774
vn -0.8413 0.5319 -0.0969
vn -0.6113 0.6972 0.3745
vn 0.4501 -0.4910 0.7459
vn 0.4168 -0.5058 0.7553
vn -0.1759 0.9840 -0.0288
vn -0.2213 0.9505 -0.2179
vn -0.5930 0.5847 -0.5537
vn -0.5534 0.5441 -0.6306
vn -0.0393 -0.8311 -0.5547
vn 0.4548 -0.7306 -0.5093
vn 0.4530 -0.7414 -0.4951
vn 0.4714 -0.7393 -0.4808
vn 0.4658 -0.7331 -0.4956
vn 0.4618 -0.7438 -0.4832
vn 0.6540 -0.5853 -0.4793
vn 0.8807 -0.2693 -0.3896
vn 0.8839 -0.2859 -0.3701
vn 0.8647 -0.2768 -0.4193
vn 0.8741 -0.2720 -0.4024
vn 0.8265 -0.3537 -0.4380
vn 0.9127 0.3890 -0.1251
vn 0.8310 -0.2806 -0.4804
vn 0.8599 -0.2863 -0.4226
vn 0.2922 0.8925 0.3435
vn 0.2879 0.8912 0.3506
vn 0.2948 0.8781 0.3768
vn 0.2858 0.8740 0.3930
vn -0.3765 0.7785 0.5022
vn -0.3498 0.8020 0.4842
vn -0.3625 0.7953 0.4859
vn -0.3632 0.7983 0.4804
vn -0.3721 0.7849 0.4954
vn 0.2932 0.8897 0.3499
vn 0.2427 0.9043 0.3512
vn 0.2919 0.8904 0.3494
vn 0.9045 0.4102 -0.1165
vn 0.2650 0.8933 0.3631
vn 0.8188 0.5734 -0.0274
vn 0.8767 0.4771 -0.0612
vn 0.8074 0.5900 -0.0100
vn 0.2556 0.8888 0.3803
vn 0.8813 -0.2663 -0.3904
vn -0.7951 -0.5641 0.2227
vn -0.8667 -0.4940 0.0694
vn 0.5742 -0.4994 0.6487
vn 0.0453 -0.6393 0.7676
vn 0.3948 0.0146 0.9187
vn -0.7834 -0.5141 0.3493
vn -0.8077 -0.3088 -0.5023
vn -0.7590 -0.3180 -0.5682
vn -0.8003 -0.5353 0.2701
vn -0.7328 -0.6596 0.1670
vn 0.5310 -0.5756 0.6219
vn 0.1287 -0.7346 0.6662
vn 0.5719 -0.5312 0.6252
vn 0.5982 -0.5872 0.5453
vn 0.5603 -0.4919 0.6664
vn -0.8762 -0.3584 -0.3223
vn -0.5229 -0.3426 -0.7805
vn -0.6537 -0.4813 -0.5840
vn 0.6231 -0.3970 0.6739
vn 0.0301 0.1593 -0.9868
vn 0.1327 0.0920 -0.9869
vn 0.4684 0.3577 -0.8078
vn -0.9263 -0.3427 0.1569
vn 0.1567 0.2488 -0.9558
vn -0.0999 -0.2587 -0.9608
vn 0.4700 0.2302 -0.8521
vn 0.5991 0.0179 -0.8005
vn -0.0002 0.7721 -0.6355
vn -0.2702 -0.5434 -0.7948
vn -0.5207 -0.8192 -0.2404
vn -0.0101 -0.9997 -0.0230
vn -0.2151 -0.9010 0.3766
vn 0.2748 -0.9558 0.1042
vn 0.2822 -0.9592 -0.0166
vn 0.0708 -0.8928 0.4449
vn -0.4929 0.1457 -0.8578
vn -0.9594 0.0383 0.2794
vn -0.6084 0.0975 -0.7876
vn -0.8225 0.1589 -0.5461
vn -0.5793 0.7267 0.3692
vn -0.3851 0.6914 0.6113
vn -0.0685 0.3230 0.9439
vn -0.9152 0.3095 -0.2580
vn -0.9279 0.2851 -0.2405
vn -0.8056 -0.5484 -0.2241
vn -0.8627 -0.4366 -0.2551
vn -0.9815 -0.1603 -0.1045
vn -0.9332 0.3589 -0.0197
vn -0.9651 0.2430 -0.0975
vn -0.7305 -0.6718 -0.1223
vn -0.8554 -0.5160 0.0444
vn -0.9839 0.1581 0.0838
vn -0.9897 -0.0721 0.1235
vn -0.9024 -0.4301 -0.0267
vn -0.7710 -0.2570 -0.5827
vn -0.9052 -0.4239 -0.0313
vn -0.8311 -0.5366 0.1461
vn -0.8003 -0.2337 -0.5522
vn -0.9033 0.3200 0.2857
vn -0.8323 -0.4730 0.2892
vn -0.3972 -0.9167 -0.0431
vn -0.2176 -0.9680 0.1249
vn -0.5360 -0.8373 0.1079
vn -0.8465 -0.4349 0.3071
vn -0.8373 -0.4471 0.3147
vn -0.9746 0.0125 0.2236
vn -0.8033 0.2011 0.5606
vn -0.7181 -0.3621 0.5943
vn -0.6486 -0.4357 0.6241
vn -0.7238 0.4645 0.5103
vn -0.7882 0.4903 0.3720
vn -0.6128 0.5377 0.5791
vn -0.3599 -0.8161 0.4521
vn -0.3735 -0.7943 0.4792
vn -0.3288 -0.8373 0.4368
vn -0.7350 0.3402 0.5866
vn -0.8134 0.4595 0.3568
vn -0.4740 -0.1448 0.8685
vn -0.7784 0.1470 0.6103
vn -0.7579 0.3055 0.5765
vn -0.5833 -0.1187 0.8035
vn -0.8426 0.3239 0.4302
vn -0.9919 -0.1271 -0.0024
vn -0.5962 -0.5007 0.6276
vn -0.8701 -0.3630 0.3334
vn -0.9428 -0.1252 0.3089
vn -0.9028 -0.3315 0.2741
vn -0.8600 -0.2716 -0.4320
vn -0.7408 -0.2735 -0.6135
vn -0.6455 -0.5262 0.5535
vn -0.6605 -0.4647 0.5898
vn -0.9242 -0.3816 0.0174
vn -0.8623 -0.2944 -0.4120
vn -0.6912 -0.3962 0.6044
vn -0.6932 -0.4844 0.5336
vn -0.8176 -0.1864 0.5447
vn -0.8985 -0.0724 -0.4331
vn -0.8931 -0.1029 -0.4379
vn -0.8606 0.4756 0.1823
vn -0.3327 -0.0291 0.9426
vn -0.3052 -0.7073 -0.6377
vn -0.2640 -0.7817 -0.5650
vn -0.2900 -0.6967 -0.6562
vn -0.9234 -0.2136 -0.3189
vn -0.9472 -0.1923 -0.2565
vn -0.2546 -0.7913 -0.5559
vn -0.9236 -0.3173 -0.2150
vn -0.9766 -0.0990 -0.1912
vn -0.3453 -0.4293 0.8345
vn 0.1978 -0.9554 0.2195
vn -0.8759 0.3998 0.2702
vn -0.8736 0.4180 0.2492
vn -0.8554 0.4712 0.2149
vn -0.8400 0.3752 0.3920
vn -0.8298 0.4955 0.2569
vn -0.7336 0.0367 -0.6786
vn -0.9435 0.0824 -0.3210
vn -0.7426 -0.6681 0.0454
vn -0.8539 0.4910 0.1725
vn -0.8563 0.4843 0.1792
vn -0.4580 -0.0673 0.8864
vn -0.4332 -0.0703 0.8985
vn -0.0858 -0.9853 0.1478
vn -0.2601 -0.7006 0.6644
vn -0.6034 0.0447 0.7962
vn -0.8515 0.4337 0.2946
vn -0.8411 0.3703 0.3942
vn -0.4600 0.7406 0.4899
vn -0.1939 0.9802 -0.0410
vn -0.4338 0.2445 0.8672
vn -0.4173 0.8318 0.3661
vn 0.1233 -0.2952 0.9475
vn -0.4205 0.7778 0.4670
vn -0.4626 0.7495 0.4736
vn 0.2324 0.8146 0.5315
vn -0.3149 0.7989 0.5124
vn -0.1490 0.4208 0.8948
vn -0.7647 0.2591 0.5900
vn -0.1821 0.1480 -0.9721
vn -0.0418 0.3964 0.9171
vn -0.1563 0.4114 -0.8980
vn -0.5321 0.1000 -0.8408
vn -0.6022 0.7964 -0.0558
vn -0.7196 0.6812 0.1349
vn -0.6502 0.7400 0.1719
vn -0.7597 -0.0572 -0.6477
vn -0.5747 0.4612 -0.6761
vn -0.5915 0.4644 -0.6592
vn -0.6993 0.5450 -0.4625
vn -0.8937 0.0017 -0.4487
vn -0.1829 0.9601 -0.2116
vn -0.7076 0.6964 0.1198
vn -0.7304 0.5675 -0.3800
vn -0.7724 0.5497 -0.3181
vn -0.7852 0.6081 -0.1171
vn -0.7862 0.5682 -0.2427
vn -0.8837 0.3217 -0.3400
vn -0.8628 0.4502 -0.2300
vn -0.6811 0.6772 0.2783
vn -0.6030 0.7505 0.2704
vn -0.8538 -0.3723 -0.3639
vn -0.8721 0.3931 0.2915
vn -0.1695 0.9845 -0.0441
vn -0.0553 0.9985 0.0019
vn -0.5004 0.4562 0.7358
vn -0.4518 0.4857 0.7483
vn -0.0490 0.9788 -0.1986
vn -0.0135 0.9983 0.0567
vn -0.0352 0.9980 0.0529
vn -0.2473 0.9683 -0.0360
vn -0.4484 0.4808 0.7535
vn -0.2881 -0.2249 0.9308
vn -0.3007 -0.3232 0.8973
vn -0.3008 -0.3234 0.8972
vn -0.2778 -0.4753 0.8348
vn -0.4614 0.5559 0.6915
vn -0.4307 0.5064 0.7470
vn -0.9471 -0.3072 0.0924
vn -0.8981 -0.4069 -0.1671
vn -0.9533 -0.2735 -0.1285
vn -0.9370 -0.2667 -0.2254
vn -0.5009 -0.3628 0.7858
vn -0.5655 -0.2892 0.7724
vn -0.8116 -0.2257 -0.5389
vn -0.6232 -0.3884 0.6788
vn -0.9203 -0.3806 0.0909
vn -0.9021 -0.3858 -0.1935
vn -0.7964 -0.1538 -0.5849
vn 0.0719 0.1380 -0.9878
vn -0.4820 -0.7709 -0.4165
vn -0.8712 -0.4225 0.2501
vn -0.5422 -0.8399 0.0254
vn -0.6322 -0.1961 -0.7496
vn -0.1910 -0.8364 -0.5138
vn -0.0841 -0.7232 -0.6855
vn -0.0481 0.1944 -0.9797
vn -0.4873 -0.2749 -0.8289
vn -0.1321 0.4328 -0.8917
vn -0.0988 -0.8870 -0.4511
vn 0.5389 -0.4513 0.7113
vn 0.5757 -0.4611 0.6752
vn -0.0009 -0.6802 -0.7330
vn -0.0364 -0.5272 -0.8490
vn -0.3712 0.0362 -0.9279
vn -0.2460 0.0215 -0.9690
vn -0.0406 0.9766 -0.2114
vn -0.5285 0.3878 -0.7552
vn -0.3453 0.9197 -0.1869
vn -0.6550 0.3096 -0.6893
vn -0.6141 0.4974 -0.6128
vn -0.2604 -0.8425 -0.4717
vn -0.2227 -0.8262 -0.5174
vn 0.4375 -0.7375 -0.5146
vn 0.4428 -0.7334 -0.5157
vn 0.0013 -0.4297 -0.9030
vn 0.0644 -0.6135 -0.7870
vn 0.4545 -0.7477 -0.4841
vn 0.2535 -0.1060 -0.9615
vn -0.3273 0.4241 -0.8444
vn 0.4564 -0.7553 -0.4704
vn 0.6237 0.1849 -0.7594
vn 0.3546 -0.7812 -0.5137
vn -0.0847 -0.9700 -0.2280
vn 0.5123 -0.7206 -0.4673
vn 0.8065 0.5660 -0.1709
vn 0.8547 -0.5153 0.0625
vn 0.0320 -0.7658 0.6423
vn 0.8347 -0.5133 0.1995
vn -0.6616 -0.7138 -0.2296
vn 0.4653 -0.7551 -0.4619
vn 0.4665 -0.7967 -0.3842
vn 0.4514 -0.7456 -0.4902
vn 0.8153 -0.0328 -0.5781
vn 0.8193 -0.1518 -0.5530
vn 0.3931 -0.7470 -0.5362
vn 0.8801 0.4727 -0.0458
vn 0.8198 0.5664 0.0842
vn 0.3170 0.8011 0.5077
vn -0.3187 0.8053 0.4999
vn -0.3617 0.7964 0.4847
vn -0.3410 0.8144 0.4695
vn 0.8166 0.0817 -0.5714
vn -0.3518 0.8167 0.4575
vn -0.3334 0.8369 0.4341
vn -0.8615 0.4997 0.0901
vn -0.9367 0.3390 0.0873
vn -0.3426 0.6413 -0.6865
vn -0.4055 0.7932 0.4543
vn -0.8193 -0.2515 0.5152
vn -0.3652 0.8225 0.4361
vn -0.2792 0.8755 0.3944
vn -0.0826 0.9848 -0.1529
vn 0.2936 0.8990 -0.3250
vn 0.2350 -0.1075 0.9660
vn -0.3720 0.2802 0.8849
vn -0.1276 0.3508 0.9277
vn 0.0940 0.2913 0.9520
vn -0.2161 0.7271 -0.6516
vn -0.0308 0.4889 -0.8718
vn -0.0620 0.2565 0.9645
vn -0.6307 0.7735 -0.0630
vn -0.4224 0.7481 -0.5118
vn -0.2372 0.7419 -0.6272
vn -0.0305 0.4867 -0.8730
vn -0.7014 0.6360 0.3219
vn -0.4466 -0.8830 -0.1444
vn -0.6864 -0.7225 -0.0822
vn -0.7552 -0.6343 -0.1657
vn -0.7247 -0.6715 -0.1545
vn -0.4142 -0.9057 0.0908
vn -0.0886 0.9867 -0.1363
vn -0.0745 0.9962 0.0459
vn -0.0122 0.9986 0.0523
vn -0.7788 0.6161 0.1177
vn -0.6553 0.5918 0.4695
vn -0.6627 0.6369 0.3939
vn -0.6937 0.6471 0.3163
vn -0.7720 0.6217 0.1324
vn -0.5163 0.6616 0.5439
vn -0.5155 0.6175 0.5941
vn -0.3136 0.8103 0.4951
vn 0.4899 -0.7101 -0.5057
vn -0.9717 0.2315 0.0477
vn -0.9701 0.2420 0.0191
vn 0.4555 -0.7422 -0.4916
vn 0.4521 -0.7388 -0.4998
vn 0.4654 -0.7323 -0.4971
vn 0.8897 -0.2894 -0.3532
vn 0.8903 -0.2817 -0.3578
vn 0.8964 -0.2903 -0.3349
vn 0.8934 -0.2915 -0.3419
vn 0.9006 0.4315 0.0519
vn 0.8954 0.4424 0.0512
vn 0.9012 -0.2825 -0.3287
vn 0.8831 -0.2731 -0.3814
vn 0.8810 -0.2885 -0.3751
vn 0.8941 0.4477 0.0076
vn 0.2631 0.8840 0.3865
vn 0.8351 0.5501 -0.0068
vn 0.8446 0.5348 -0.0257
vn 0.4865 -0.7142 -0.5032
vn 0.8844 -0.3165 -0.3430
vn 0.0319 -0.9941 0.1034
vn 0.0388 -0.9948 0.0938
vn -0.7176 0.1898 -0.6701
vn -0.2629 0.8818 -0.3916
vn -0.4231 0.8211 -0.3832
vn -0.0341 -0.8800 -0.4738
vn 0.3307 -0.7209 -0.6090
vn -0.5441 0.6011 -0.5854
vn -0.3753 0.4154 -0.8286
vn -0.1402 -0.2747 -0.9512
vn -0.4956 0.6476 -0.5788
vn -0.1457 -0.1328 -0.9804
vn 0.3216 -0.4203 -0.8485
vn 0.6272 -0.7709 0.1110
vn 0.6707 -0.7143 0.1998
vn 0.6065 -0.7770 0.1687
vn -0.0152 -0.0002 -0.9999
vn 0.1535 -0.7718 -0.6170
vn 0.1518 -0.7626 -0.6288
vn 0.7051 -0.1400 -0.6951
vn 0.2893 -0.0613 0.9553
vn 0.4187 -0.5819 0.6972
vn 0.6831 -0.1921 -0.7046
vn -0.3805 0.4163 -0.8258
vn 0.2405 -0.7978 -0.5529
vn 0.3788 -0.9149 -0.1395
vn 0.3605 -0.9174 -0.1686
vn -0.1450 -0.1915 -0.9707
vn -0.3876 0.6513 -0.6524
vn 0.8039 -0.4141 -0.4269
vn 0.5400 -0.7245 -0.4283
vn 0.4345 -0.7202 -0.5409
vn 0.5280 -0.7508 -0.3969
vn 0.4583 -0.8009 -0.3854
vn 0.1834 -0.9542 0.2363
vn 0.3916 -0.8054 -0.4450
vn 0.3611 -0.8942 0.2646
vn 0.5536 -0.7576 -0.3458
vn 0.3187 -0.9234 0.2142
vn 0.5040 -0.7429 -0.4406
vn 0.5613 -0.7662 0.3128
vn 0.3082 -0.2364 -0.9215
vn 0.3069 -0.8832 0.3546
vn 0.4375 -0.8047 0.4013
vn 0.5137 -0.7686 -0.3812
vn 0.7994 -0.3853 0.4610
vn 0.3571 -0.8467 -0.3945
vn 0.1837 -0.9585 0.2179
vn 0.8804 -0.3752 -0.2902
vn 0.8858 -0.4329 -0.1673
vn 0.8003 -0.3868 0.4581
vn 0.9030 0.4174 0.1022
vn 0.4486 -0.7324 0.5121
vn 0.2688 0.2017 -0.9418
vn 0.4119 -0.7709 0.4859
vn 0.8657 -0.5005 0.0023
vn 0.8819 -0.4335 -0.1850
vn 0.3102 0.7917 0.5263
vn 0.2505 0.7641 0.5945
vn 0.2464 0.7713 0.5868
vn -0.1965 0.8072 0.5566
vn 0.4932 0.5961 0.6336
vn 0.5802 0.5873 0.5643
vn 0.4382 0.6795 0.5885
vn 0.1384 0.4551 0.8796
vn -0.3441 0.8163 0.4640
vn 0.1495 0.2405 0.9591
vn -0.1273 0.4511 0.8834
vn -0.1993 0.7331 0.6503
vn 0.4397 0.6176 0.6521
vn -0.1647 0.8221 0.5450
vn 0.6506 0.5685 0.5035
vn -0.8459 -0.4547 0.2788
vn -0.5867 -0.3263 -0.7411
vn -0.7120 -0.5762 -0.4013
vn -0.5613 -0.7879 -0.2533
vn -0.2070 -0.3189 -0.9249
vn -0.3628 -0.9319 -0.0032
vn 0.0353 -0.7192 -0.6939
vn 0.2118 -0.5691 -0.7945
vn -0.2059 -0.9512 -0.2298
vn -0.5300 -0.8467 0.0461
vn -0.7069 -0.4591 0.5380
vn -0.5343 -0.8443 0.0410
vn -0.0700 -0.8544 -0.5149
vn -0.0074 -0.9999 -0.0142
vn -0.0891 -0.4383 -0.8944
vn 0.0090 -0.9291 0.3697
vn -0.4452 -0.7885 0.4243
vn -0.1240 -0.5098 -0.8513
vn 0.2415 -0.3842 -0.8911
vn -0.1547 0.0321 -0.9874
vn -0.2817 0.4626 -0.8406
vn -0.0654 -0.9003 -0.4304
vn -0.1515 -0.9775 -0.1467
vn 0.4081 -0.5520 0.7271
vn 0.6181 0.0985 0.7799
vn 0.6913 -0.0123 0.7225
vn 0.4013 -0.8995 -0.1731
vn 0.2243 -0.5020 -0.8353
vn -0.3975 0.6379 -0.6597
vn -0.3807 0.4675 -0.7978
vn -0.3356 0.5365 -0.7743
vn -0.2668 0.5718 -0.7758
vn -0.2140 0.6706 -0.7103
vn -0.1714 0.7024 -0.6909
vn -0.0411 0.7434 -0.6676
vn 0.1689 0.8905 -0.4225
vn -0.0757 0.8113 -0.5798
vn 0.3956 0.1789 0.9008
vn -0.1005 0.9618 -0.2545
vn 0.5142 0.1128 -0.8502
vn -0.3745 -0.7938 0.4793
vn -0.6690 -0.6991 0.2524
vn -0.5372 -0.2413 0.8082
vn -0.8223 -0.1834 -0.5386
vn -0.4769 -0.6946 0.5386
vn -0.7399 -0.3036 -0.6003
vn -0.7259 0.2604 0.6366
vn -0.7918 -0.3435 0.5051
vn -0.7615 -0.3576 0.5405
vn -0.9589 -0.2227 -0.1760
vn -0.8018 -0.2055 0.5612
vn -0.8391 -0.1876 0.5106
vn -0.6048 0.2744 0.7476
vn -0.4040 -0.1426 0.9036
vn -0.2982 -0.1604 0.9409
vn -0.0297 -0.0667 0.9973
vn 0.3541 -0.0727 0.9324
vn -0.8806 -0.3949 0.2621
vn -0.9674 -0.2093 -0.1423
vn -0.8995 -0.2093 -0.3835
vn -0.9614 -0.1826 -0.2058
vn -0.8395 -0.4662 0.2792
vn -0.8045 -0.5561 0.2089
vn -0.7272 -0.5067 -0.4631
vn -0.7683 -0.3997 -0.5000
vn -0.3451 -0.4873 0.8022
vn -0.8738 -0.3501 0.3376
vn -0.9344 -0.3559 -0.0163
vn -0.9229 -0.3741 -0.0914
vn -0.6916 -0.3664 0.6224
vn -0.6751 -0.3867 0.6283
vn -0.5251 -0.8046 0.2774
vn -0.0885 -0.8867 0.4537
vn -0.0768 -0.8643 0.4972
vn -0.5876 -0.6121 -0.5291
vn -0.5338 -0.6835 -0.4979
vn -0.6650 -0.7469 -0.0046
vn -0.8378 -0.2545 -0.4831
vn -0.6153 -0.4682 -0.6343
vn 0.0525 -0.9986 0.0026
vn -0.0812 -0.9745 -0.2092
vn 0.1331 -0.9844 -0.1154
vn 0.1673 -0.9353 -0.3117
vn 0.1358 -0.9907 0.0092
vn -0.4062 -0.3906 -0.8261
vn -0.4467 -0.8015 -0.3976
vn -0.4480 -0.8172 -0.3626
vn 0.1002 -0.9748 0.1994
vn 0.1662 -0.9692 0.1815
vn -0.1795 -0.7509 -0.6356
vn -0.2113 -0.6049 -0.7678
vn -0.2139 -0.6099 -0.7631
vn 0.2149 -0.9520 -0.2180
vn 0.2353 -0.9673 0.0943
vn -0.4048 -0.8904 0.2080
vn -0.2913 -0.9553 -0.0496
vn -0.4651 -0.6381 -0.6136
vn 0.4265 -0.8717 0.2413
vn -0.1538 -0.6382 -0.7544
vn -0.2474 -0.7179 -0.6508
vn 0.0038 -0.6371 -0.7708
vn 0.0213 -0.9937 0.1104
vn 0.1019 -0.9945 -0.0227
vn -0.0784 -0.7810 0.6196
vn 0.2254 -0.8496 0.4769
vn 0.3399 -0.9391 -0.0510
vn -0.0920 -0.4540 0.8862
vn 0.4293 -0.5922 0.6819
vn 0.3955 -0.7004 0.5942
vn 0.5249 -0.6201 0.5830
vn 0.2309 -0.3187 0.9193
vn -0.3821 -0.3075 0.8715
vn 0.1844 -0.3142 0.9313
vn -0.8033 -0.5956 -0.0011
vn 0.2353 0.0870 0.9680
vn -0.9308 0.0410 0.3631
vn -0.8785 -0.3199 0.3548
vn -0.2837 -0.7950 -0.5362
vn -0.6492 -0.6785 -0.3437
vn 0.1217 -0.6798 -0.7233
vn 0.3059 -0.9192 0.2479
vn 0.6087 -0.7009 -0.3717
vn -0.6223 0.0017 -0.7828
vn 0.5810 -0.7711 0.2606
vn -0.7037 -0.1525 -0.6939
vn -0.9332 -0.3052 -0.1895
vn -0.3262 0.1485 -0.9336
vn -0.2156 0.3409 -0.9150
vn -0.1023 -0.0028 -0.9948
vn -0.3541 0.7251 -0.5906
vn -0.7608 -0.6484 0.0284
vn 0.6080 -0.7827 0.1331
vn -0.6130 -0.6096 0.5027
vn -0.4327 -0.6975 -0.5712
vn -0.5790 -0.8079 -0.1098
vn 0.0872 -0.9358 0.3416
vn 0.0799 -0.7350 -0.6733
vn 0.0166 -0.1488 -0.9887
vn 0.4714 0.2915 -0.8323
vn 0.4909 0.3369 -0.8034
vn 0.7040 0.3011 -0.6432
vn 0.9574 -0.0972 -0.2718
vn 0.5961 -0.0000 -0.8029
vn 0.0162 -0.7755 -0.6311
vn -0.3252 -0.6549 0.6822
vn 0.0147 -0.7712 0.6364
vn -0.3050 -0.8378 -0.4529
vn -0.6546 -0.7208 -0.2279
vn -0.7821 -0.6231 -0.0072
vn -0.9007 -0.0537 0.4310
vn -0.0809 -0.0134 0.9966
vn -0.4217 -0.1628 0.8920
vn -0.2593 -0.0787 0.9626
vn 0.4084 0.0191 0.9126
vn 0.3337 -0.0379 0.9419
vn -0.8241 0.1382 0.5493
vn -0.7519 0.3637 0.5499
vn -0.7048 0.5450 0.4542
vn -0.6900 0.5400 0.4821
vn -0.8710 0.3710 0.3221
vn 0.6690 -0.6274 0.3984
vn 0.7614 -0.4797 0.4361
vn -0.3345 -0.5848 0.7390
vn -0.4381 -0.6358 0.6355
vn 0.2032 -0.7719 -0.6025
vn -0.0956 -0.9918 -0.0851
vn -0.1413 -0.9817 -0.1279
vn -0.9927 -0.0619 0.1035
vn -0.9399 0.1451 0.3091
vn -0.9746 -0.2109 0.0748
vn -0.7932 -0.5605 -0.2383
vn -0.8179 -0.5461 -0.1813
vn -0.5101 0.6657 -0.5447
vn -0.4335 0.6114 -0.6620
vn -0.8932 0.4438 -0.0726
vn -0.4372 0.5630 -0.7013
vn -0.5864 0.6736 -0.4500
vn -0.5178 0.7657 -0.3815
vn -0.7972 0.0683 0.5999
vn -0.8238 0.0865 0.5603
vn -0.3408 -0.3382 0.8772
vn -0.3030 -0.4829 0.8216
vn -0.2546 -0.7766 0.5763
vn -0.3678 -0.6599 0.6551
vn -0.8317 -0.2039 0.5164
vn -0.8321 0.0873 0.5478
vn -0.9533 0.1621 -0.2549
vn -0.9647 -0.2109 0.1580
vn -0.8978 0.1848 -0.3997
vn -0.8099 -0.5803 0.0858
vn -0.8176 -0.3138 -0.4828
vn -0.4299 0.5608 -0.7076
vn -0.4044 -0.7826 -0.4733
vn -0.2957 -0.7208 -0.6270
vn 0.0594 -0.7640 -0.6424
vn 0.4293 -0.5608 -0.7080
vn -0.2533 0.4831 -0.8381
vn -0.0940 0.3071 -0.9470
vn -0.3818 0.4847 -0.7869
vn -0.2486 -0.8565 0.4523
vn -0.5280 -0.5743 -0.6256
vn -0.6818 -0.3466 -0.6442
vn 0.8997 -0.3017 -0.3154
vn 0.2807 0.8866 0.3676
vn 0.8932 0.4495 0.0119
vn 0.9019 0.4317 0.0150
vn -0.9020 -0.4315 0.0166
vn -0.7754 -0.6015 -0.1924
vn -0.9933 -0.0738 -0.0892
vn -0.8026 -0.4684 -0.3693
vn -0.7338 0.5154 -0.4426
vn -0.6414 0.7151 0.2777
vn -0.7715 -0.5408 0.3352
vn -0.7791 -0.5332 0.3296
vn -0.6537 0.7566 0.0158
vn -0.7500 0.6540 -0.0992
vn -0.8231 0.2435 0.5130
vn -0.2049 -0.9599 0.1915
vn -0.3726 -0.9149 0.1554
vn -0.6059 0.6118 0.5085
vn -0.3195 0.5776 0.7512
vn -0.3461 0.6235 0.7010
vn -0.3477 0.6197 0.7036
vn -0.8879 0.4599 -0.0097
vn -0.8875 0.4607 -0.0092
vn -0.3332 0.6155 0.7142
vn -0.8896 0.4568 0.0022
vn -0.3346 0.6174 0.7120
vn -0.8957 0.4447 0.0009
vn 0.5616 0.2350 0.7934
vn -0.8746 0.4314 -0.2211
vn -0.3626 0.6070 0.7071
vn -0.3647 0.6062 0.7068
vn -0.4854 0.6022 0.6338
vn -0.7262 0.5813 -0.3669
vn -0.7650 0.5720 -0.2961
vn -0.6763 -0.6844 -0.2726
vn -0.7195 0.6071 0.3374
vn -0.5852 0.4346 -0.6846
vn -0.6196 0.4408 -0.6494
vn -0.7281 -0.5404 -0.4217
vn -0.1944 0.1380 -0.9712
vn 0.2684 -0.3143 -0.9106
vn 0.0128 0.0757 -0.9970
vn -0.4836 -0.8117 -0.3275
vn -0.5202 -0.7722 -0.3649
vn -0.7240 -0.5281 -0.4437
vn -0.7191 -0.5335 -0.4453
vn -0.6218 0.5011 -0.6020
vn -0.7045 0.4308 -0.5640
vn -0.0121 0.9714 -0.2372
vn -0.0030 0.9855 -0.1697
vn 0.0057 0.9706 -0.2406
vn -0.6170 0.4567 -0.6409
vn -0.7217 0.6154 0.3168
vn -0.7152 0.5350 -0.4497
vn -0.5602 -0.4432 0.6998
vn -0.5580 -0.4720 0.6825
vn -0.5739 0.7416 0.3473
vn -0.5409 0.6989 0.4679
vn 0.0281 0.9888 -0.1463
vn -0.7749 0.4335 -0.4601
vn -0.8213 0.5346 -0.1989
vn -0.0006 0.9853 -0.1706
vn 0.0220 0.9900 -0.1391
vn -0.0498 0.9850 -0.1655
vn -0.0520 0.9865 -0.1554
vn -0.7577 0.5965 0.2650
vn -0.8160 0.5461 -0.1897
vn -0.5584 0.5958 0.5772
vn -0.5932 0.6371 0.4922
vn -0.5354 -0.4109 0.7379
vn -0.0530 -0.9469 0.3172
vn -0.0509 -0.9565 0.2872
vn -0.0454 -0.9476 0.3163
vn 0.0463 -0.9005 0.4323
vn 0.0576 -0.9826 0.1765
vn -0.8865 0.4627 0.0051
vn 0.5301 0.2989 0.7935
vn -0.2843 0.6524 0.7025
vn -0.2846 0.6535 0.7014
vn 0.4874 0.2493 0.8368
vn -0.1063 0.4107 0.9055
vn 0.2872 -0.1123 0.9513
vn 0.2872 -0.1038 0.9522
vn 0.3790 -0.3525 -0.8556
vn 0.0636 0.4278 0.9016
vn 0.0330 0.3127 0.9493
vn 0.0636 -0.8934 0.4447
vn 0.1303 -0.8105 0.5711
vn -0.1249 -0.2982 0.9463
vn -0.2248 0.3271 -0.9179
vn 0.2981 -0.9509 -0.0829
vn 0.1814 -0.4494 -0.8747
vn -0.2092 0.2926 -0.9331
vn -0.5278 -0.1825 -0.8295
vn -0.4272 -0.5145 -0.7435
vn -0.0125 0.1245 -0.9921
vn -0.2503 0.7434 -0.6202
vn -0.1605 0.1264 0.9789
vn -0.0971 0.7919 -0.6029
vn -0.0398 0.1265 -0.9912
vn -0.5377 -0.2091 -0.8168
vn 0.0385 -0.1621 -0.9860
vn -0.3596 -0.5441 -0.7580
vn 0.1172 -0.9841 0.1334
vn 0.0805 -0.8948 0.4391
vn -0.5279 0.3061 -0.7922
vn -0.5454 0.3077 -0.7797
vn -0.4834 -0.7992 -0.3572
vn -0.4656 -0.8157 -0.3434
vn 0.0172 -0.9587 0.2839
vn 0.3693 -0.6965 0.6152
vn -0.1947 -0.0095 -0.9808
vn -0.3321 -0.6723 -0.6616
vn -0.1739 -0.1395 -0.9748
vn 0.0134 -0.2045 -0.9788
vn -0.4596 -0.4252 -0.7797
vn 0.3672 -0.6975 0.6153
vn -0.4786 -0.8209 -0.3117
vn -0.0485 -0.2555 -0.9656
vn 0.8100 -0.5243 -0.2627
vn 0.7996 -0.5528 -0.2345
vn 0.7973 -0.5549 -0.2374
vn -0.0478 -0.2491 -0.9673
vn 0.7558 -0.6002 -0.2617
vn -0.0800 -0.2721 -0.9590
vn -0.3470 -0.8152 -0.4638
vn -0.2121 -0.8278 -0.5194
vn -0.1344 0.8213 -0.5544
vn 0.2051 0.0552 0.9772
vn 0.1712 0.1817 0.9683
vn -0.4219 -0.4701 0.7752
vn -0.4493 0.7109 0.5410
vn -0.4363 0.6799 0.5894
vn -0.3566 0.5798 0.7325
vn -0.8535 -0.5172 -0.0639
vn -0.3592 -0.6749 0.6447
vn -0.3706 -0.3908 0.8425
vn -0.3433 -0.4174 0.8414
vn -0.4082 -0.4254 0.8077
vn -0.8962 0.4361 0.0822
vn -0.4713 0.5131 0.7173
vn 0.0400 -0.9824 0.1827
vn -0.4445 0.6366 0.6302
vn 0.4588 -0.8648 -0.2037
vn 0.5410 -0.7821 -0.3093
vn 0.4641 -0.5240 0.7142
vn 0.4689 -0.5047 0.7249
vn 0.4589 -0.5156 0.7236
vn 0.2805 -0.6049 0.7453
vn 0.2433 -0.4858 -0.8395
vn -0.2979 0.6604 -0.6893
vn -0.1533 0.7742 -0.6141
vn 0.1040 0.8626 -0.4951
vn 0.0402 0.9474 -0.3174
vn 0.8429 0.5110 0.1688
vn 0.8221 0.5158 0.2410
vn 0.6926 0.1299 0.7095
vn -0.1480 -0.7577 -0.6356
vn 0.1633 -0.0715 -0.9840
vn -0.0897 -0.7249 -0.6830
vn 0.0846 -0.4322 -0.8978
vn 0.2138 -0.4462 -0.8690
vn 0.2041 -0.4251 -0.8818
vn 0.1585 -0.4473 -0.8802
vn 0.2949 -0.3849 -0.8746
vn -0.2131 -0.8153 -0.5384
vn 0.0038 -0.8519 -0.5238
vn 0.1698 -0.0907 -0.9813
vn 0.3975 -0.1893 -0.8979
vn 0.6463 0.7073 -0.2864
vn -0.2543 0.7033 -0.6638
vn 0.2659 -0.4891 -0.8307
vn 0.3034 -0.1230 -0.9449
vn 0.4047 -0.6139 -0.6778
vn 0.5795 -0.2585 -0.7729
vn 0.6693 -0.1101 -0.7348
vn 0.8251 0.2156 -0.5222
vn 0.8348 -0.0300 -0.5497
vn 0.5180 -0.5965 -0.6131
vn 0.4651 -0.8820 0.0764
vn 0.3029 -0.5658 0.7669
vn 0.2031 -0.6587 0.7244
vn 0.9569 -0.2270 -0.1814
vn 0.8022 -0.5480 -0.2370
vn 0.9693 0.0672 -0.2366
vn 0.2014 -0.6718 0.7128
vn 0.1601 -0.7437 0.6490
vn 0.3334 -0.2331 -0.9135
vn 0.4129 -0.6562 -0.6315
vn 0.2983 -0.5786 -0.7591
vn 0.8239 -0.5257 -0.2119
vn 0.9537 -0.2489 -0.1689
vn 0.4421 -0.5159 -0.7337
vn 0.0471 -0.8400 -0.5406
vn 0.0017 -0.9203 -0.3912
vn 0.5690 -0.2229 -0.7915
vn 0.4389 -0.6566 -0.6134
vn 0.4773 -0.6614 -0.5786
vn -0.2730 0.5549 -0.7858
vn 0.9558 -0.2488 -0.1565
vn 0.3090 -0.7941 -0.5233
vn 0.9409 -0.0635 -0.3326
vn 0.9324 -0.1283 -0.3378
vn 0.7975 -0.3321 -0.5038
vn 0.8133 -0.3324 -0.4776
vn -0.2266 0.9484 -0.2218
vn 0.5005 -0.8652 -0.0322
vn 0.0051 -0.6572 -0.7537
vn 0.5172 -0.8179 -0.2521
vn 0.3234 -0.9038 -0.2803
vn 0.1170 -0.7087 -0.6958
vn 0.2920 -0.8742 -0.3879
vn -0.2601 -0.4874 -0.8335
vn 0.3283 -0.7918 -0.5151
vn 0.1067 -0.5386 -0.8358
vn 0.0899 -0.2065 -0.9743
vn 0.1300 -0.4298 -0.8935
vn -0.1221 0.7222 -0.6808
vn 0.0699 0.9447 0.3203
vn 0.9274 -0.1156 -0.3558
vn 0.3095 0.7493 0.5855
vn 0.9870 0.0555 -0.1509
vn 0.3344 -0.8058 -0.4887
vn 0.2689 -0.9071 -0.3239
vn -0.1607 0.5434 0.8240
vn 0.0321 0.4547 0.8901
vn 0.8571 -0.0893 0.5074
vn 0.8390 -0.1278 0.5289
vn 0.6256 -0.4836 0.6122
vn 0.0534 -0.5885 0.8067
vn 0.7194 -0.6478 0.2507
vn 0.6186 -0.1950 0.7611
vn -0.5347 0.5628 0.6304
vn -0.2929 0.7536 0.5884
vn -0.5801 0.4568 0.6744
vn -0.7529 0.4092 0.5155
vn -0.5908 0.6793 0.4353
vn -0.7584 0.3665 0.5389
vn -0.4920 0.5336 0.6879
vn -0.6020 0.7273 0.3297
vn -0.4387 0.7441 0.5039
vn -0.3983 0.6470 0.6502
vn 0.0041 0.7132 0.7010
vn -0.0502 0.6236 0.7802
vn -0.1234 0.9546 0.2711
vn 0.7640 -0.4322 0.4790
vn -0.3506 0.6740 0.6502
vn 0.7816 -0.2062 0.5888
vn 0.6228 -0.7171 0.3129
vn 0.3865 0.4180 0.8222
vn 0.2682 0.7989 0.5383
vn 0.1566 0.8097 0.5656
vn 0.1209 0.9052 0.4075
vn -0.2080 0.7846 0.5841
vn -0.3291 0.7533 -0.5694
vn -0.2436 0.7425 -0.6239
vn -0.4889 0.6297 -0.6037
vn -0.7396 0.6303 -0.2361
vn -0.6317 0.6489 0.4241
vn -0.7380 0.0873 0.6691
vn -0.2259 -0.2800 0.9331
vn -0.2151 -0.2042 0.9550
vn -0.0477 -0.7963 0.6031
vn -0.0859 -0.7395 0.6677
vn -0.0540 -0.9501 0.3071
vn -0.0188 -0.9608 0.2764
vn -0.1104 -0.9417 0.3179
vn 0.1254 -0.9596 0.2519
vn 0.3105 -0.8732 0.3757
vn -0.0857 -0.7388 0.6684
vn 0.1621 -0.5244 0.8359
vn 0.1590 -0.5510 0.8192
vn 0.3342 -0.8487 0.4098
vn 0.4658 -0.7439 0.4792
vn 0.6486 -0.6235 0.4365
vn 0.8481 -0.3246 -0.4187
vn 0.7854 -0.3220 -0.5286
vn 0.1636 -0.8145 -0.5567
vn -0.2460 -0.5717 -0.7827
vn -0.0515 0.3177 -0.9468
vn 0.3158 -0.7954 -0.5174
vn 0.8579 -0.4019 -0.3200
vn 0.8283 -0.3684 -0.4222
vn 0.8136 -0.4311 -0.3902
vn 0.7809 -0.4179 -0.4644
vn 0.7847 -0.3977 -0.4756
vn 0.4665 -0.7088 -0.5291
vn 0.3648 -0.8960 -0.2533
vn 0.5133 -0.7161 -0.4730
vn 0.6334 -0.6378 0.4383
vn 0.0755 -0.7538 0.6528
vn 0.1471 -0.9416 0.3031
vn 0.5975 -0.6611 -0.4537
vn 0.7989 -0.6011 0.0198
vn 0.6675 -0.0717 -0.7411
vn 0.9064 -0.2280 -0.3555
vn 0.3563 0.4963 -0.7916
vn -0.0720 0.6267 -0.7760
vn -0.2532 0.7514 -0.6093
vn -0.2501 0.6069 -0.7544
vn 0.7664 -0.4740 -0.4337
vn 0.8879 -0.1447 -0.4368
vn 0.8715 -0.1625 -0.4627
vn 0.8709 -0.1644 -0.4632
vn -0.8226 0.4014 -0.4028
vn -0.8422 0.5324 -0.0850
vn -0.7532 0.6262 0.2014
vn -0.0757 0.9838 -0.1627
vn -0.0809 0.9952 -0.0557
vn -0.3525 0.6394 0.6833
vn -0.4031 0.5570 0.7261
vn -0.4118 0.6189 0.6689
vn -0.8167 0.4449 -0.3674
vn -0.8317 0.4250 -0.3574
vn -0.8688 0.4881 -0.0833
vn -0.8024 0.5768 0.1532
vn -0.6316 0.5980 0.4934
vn -0.8557 0.5158 -0.0400
vn -0.8241 0.4450 -0.3505
vn -0.7248 0.2824 -0.6285
vn -0.8070 0.5819 0.1007
vn -0.2374 -0.1638 -0.9575
vn -0.7882 0.5971 0.1489
vn -0.8147 0.5795 -0.0199
vn -0.6133 0.2313 -0.7552
vn -0.7832 0.6124 0.1075
vn -0.6767 0.1706 -0.7163
vn -0.6562 0.1681 -0.7356
vn 0.0298 -0.3589 -0.9329
vn -0.6149 0.2396 -0.7513
vn -0.3824 -0.0780 -0.9207
vn 0.2477 -0.3468 -0.9046
vn 0.0862 -0.1821 -0.9795
vn 0.0214 0.9839 -0.1773
vn -0.7166 0.2646 -0.6453
vn -0.7962 0.5813 0.1674
vn -0.7656 0.2791 -0.5796
vn -0.7118 0.3494 -0.6093
vn -0.0594 -0.6547 0.7536
vn -0.2980 -0.9434 0.1454
vn 0.0197 0.5461 0.8375
vn 0.0578 0.8543 0.5165
vn 0.0430 0.8597 0.5091
vn 0.6380 0.6522 0.4094
vn 0.4907 0.8498 0.1923
vn 0.5225 0.8527 -0.0033
vn 0.3977 0.8330 0.3846
vn 0.5089 0.7158 0.4782
vn -0.2795 -0.9572 0.0750
vn -0.6819 -0.5649 0.4647
vn -0.9032 -0.0708 0.4233
vn -0.8694 -0.1399 0.4740
vn 0.4494 0.8455 0.2883
vn -0.6438 -0.5798 0.4993
vn -0.9385 -0.1273 0.3210
vn 0.0340 -0.1317 0.9907
vn -0.0217 -0.1910 0.9813
vn 0.7903 -0.5974 0.1366
vn 0.0083 0.4622 0.8867
vn -0.1004 0.2360 0.9666
vn 0.5113 0.2477 0.8229
vn 0.9203 -0.3382 0.1965
vn 0.0148 0.4672 0.8840
vn 0.0015 0.4632 0.8863
vn -0.6723 0.3382 0.6585
vn -0.4462 -0.1813 0.8764
vn -0.0945 0.2980 0.9499
vn -0.4544 -0.5091 0.7310
vn -0.4287 -0.4754 0.7683
vn -0.3725 -0.1198 0.9203
vn -0.0617 0.3163 0.9467
vn 0.5484 0.2252 0.8053
vn -0.0294 0.4707 0.8818
vn -0.2682 0.6093 0.7462
vn 0.0075 -0.9845 0.1750
vn 0.5446 -0.3836 0.7459
vn 0.2056 -0.9742 0.0927
vn -0.2874 -0.3743 0.8817
vn -0.0016 -0.9991 -0.0431
vn 0.5813 0.3180 0.7490
vn 0.6717 0.0664 0.7378
vn 0.8018 0.0232 0.5972
vn 0.7358 0.1709 0.6552
vn 0.9351 -0.2300 0.2696
vn 0.9262 -0.2728 0.2601
vn 0.9455 -0.2222 0.2379
vn 0.9396 -0.3422 -0.0109
vn 0.1557 0.5967 0.7872
vn 0.2798 0.6558 0.7012
vn 0.1563 0.5329 0.8316
vn 0.2953 0.7763 0.5569
vn 0.2796 0.7839 0.5545
vn 0.1480 0.5450 0.8253
vn 0.9351 -0.2362 0.2641
vn 0.0108 0.5129 0.8584
vn 0.1099 0.3437 0.9326
vn -0.2041 -0.4037 0.8919
vn -0.4703 -0.1097 0.8757
vn -0.3480 -0.0741 0.9346
vn 0.6204 0.5661 0.5428
vn 0.3855 -0.6577 -0.6471
vn 0.3853 -0.6639 -0.6410
vn 0.4455 -0.8377 -0.3159
vn 0.1077 -0.5424 -0.8332
vn 0.5828 -0.5127 -0.6305
vn 0.8284 -0.4247 -0.3651
vn 0.4303 0.2481 -0.8679
vn 0.3295 -0.1064 -0.9381
vn 0.1030 0.9797 0.1722
vn 0.3315 0.5173 0.7890
vn 0.5692 0.2767 0.7742
vn 0.0480 0.9944 0.0947
vn 0.2002 0.9678 0.1524
vn 0.9095 -0.1265 -0.3960
vn 0.9062 -0.1403 -0.3989
vn 0.8196 0.3199 -0.4753
vn 0.9659 0.1561 -0.2067
vn 0.9674 0.1210 -0.2223
vn 0.9270 0.3750 -0.0070
vn 0.2225 -0.9730 -0.0606
vn 0.2242 -0.9725 -0.0626
vn 0.3451 -0.8532 -0.3911
vn 0.3954 -0.9112 -0.1159
vn 0.4735 -0.8256 -0.3070
vn 0.5193 -0.7947 -0.3142
vn 0.5526 -0.5507 -0.6256
vn 0.6248 -0.5184 -0.5839
vn 0.6452 -0.5746 -0.5035
vn 0.3658 -0.5495 -0.7511
vn 0.7749 -0.5719 -0.2691
vn 0.7621 -0.6115 -0.2129
vn 0.6106 -0.2075 -0.7643
vn 0.0117 -0.2572 -0.9663
vn 0.0097 -0.3043 -0.9525
vn 0.2306 0.0380 -0.9723
vn 0.3019 0.2942 -0.9068
vn 0.7202 -0.6454 -0.2545
vn 0.8632 -0.4342 0.2576
vn 0.8634 -0.4337 0.2580
vn 0.7894 -0.5357 0.2999
vn 0.7254 -0.6789 -0.1132
vn 0.6684 -0.7199 -0.1871
vn 0.0778 -0.4505 -0.8894
vn -0.8085 0.5783 0.1097
vn -0.8054 0.5819 0.1130
vn -0.7833 0.1989 -0.5890
vn -0.7041 0.1653 -0.6906
vn -0.3924 0.5631 0.7273
vn -0.4039 0.5493 0.7316
vn -0.1180 0.9918 -0.0486
vn -0.2874 0.6615 0.6927
vn -0.2671 -0.3392 0.9020
vn -0.2050 0.6156 0.7610
vn -0.1473 0.9758 -0.1618
vn -0.7568 0.6475 0.0888
vn -0.8795 0.4758 -0.0071
vn -0.8880 0.4583 0.0367
vn -0.8765 0.4798 0.0394
vn -0.3220 0.5299 0.7846
vn -0.8783 0.4749 0.0554
vn -0.5948 0.5838 0.5527
vn -0.7923 0.5413 0.2816
vn -0.5959 0.5854 0.5497
vn -0.4046 0.5424 0.7363
vn -0.3194 0.5456 0.7748
vn -0.2720 0.5699 0.7754
vn -0.2616 0.5926 0.7618
vn 0.5230 0.1813 0.8328
vn 0.5079 0.1565 0.8471
vn 0.5171 0.1979 0.8327
vn -0.2087 -0.6639 0.7181
vn -0.0064 -0.9999 0.0151
vn -0.2327 -0.3655 0.9013
vn 0.8341 -0.5269 0.1630
vn 0.9451 -0.1792 0.2732
vn 0.0362 -0.0003 0.9993
vn 0.9281 -0.3603 0.0940
vn 0.3881 0.5085 0.7686
vn 0.3843 0.6262 0.6784
vn 0.2013 0.0364 0.9788
vn 0.3072 0.1061 0.9457
vn -0.0907 0.6418 0.7615
vn -0.1040 0.6564 0.7472
vn -0.0910 0.6507 0.7539
vn 0.3263 0.5556 0.7647
vn 0.1371 -0.2265 0.9643
vn 0.1946 -0.1384 0.9711
vn 0.3585 -0.1534 0.9208
vn 0.9590 0.2612 0.1102
vn 0.9312 0.3644 0.0044
vn 0.9298 0.3523 0.1063
vn 0.6271 0.6402 0.4438
vn -0.1208 0.9016 0.4153
vn -0.1547 0.9084 0.3885
vn 0.4681 0.8828 0.0390
vn 0.3100 0.9045 0.2928
vn -0.0136 -0.0548 0.9984
vn 0.8661 -0.3078 -0.3938
vn 0.8604 -0.3276 -0.3904
vn 0.8637 -0.3254 -0.3848
vn 0.0673 0.3616 -0.9299
vn 0.0940 0.3845 -0.9183
vn -0.0306 -0.8445 -0.5348
vn 0.1479 0.1915 -0.9703
vn 0.0894 0.2887 -0.9532
vn 0.5506 -0.5998 -0.5805
vn 0.9328 -0.1186 -0.3403
vn 0.9153 0.0302 -0.4017
vn 0.0965 -0.6498 0.7539
vn 0.0967 -0.6267 0.7733
vn 0.0006 -0.7160 0.6981
vn 0.4275 -0.3315 0.8411
vn 0.4961 -0.7715 0.3983
vn 0.1823 -0.4753 0.8607
vn 0.6910 -0.4996 0.5224
vn 0.9403 -0.3088 0.1431
vn 0.6202 -0.6017 0.5032
vn 0.6700 -0.6953 0.2601
vn 0.5674 -0.8037 0.1790
vn 0.9530 -0.3012 0.0333
vn 0.9585 -0.1143 -0.2611
vn 0.9585 0.2014 -0.2016
vn -0.4700 -0.0419 -0.8817
vn -0.6007 0.0565 -0.7975
vn -0.0894 0.0706 -0.9935
vn 0.9796 0.1009 -0.1736
vn 0.9031 -0.2717 -0.3325
vn 0.9925 -0.1058 -0.0605
vn 0.3649 0.6919 0.6230
vn 0.7094 0.4037 0.5777
vn 0.9218 0.2959 0.2505
vn 0.5318 0.3977 0.7477
vn 0.2307 0.0051 0.9730
vn -0.0635 0.9488 0.3093
vn 0.1078 0.9941 0.0139
vn 0.7819 -0.4800 -0.3978
vn 0.9925 -0.1058 -0.0606
vn 0.8067 0.1445 0.5730
vn 0.9245 0.1510 0.3500
vn 0.3228 0.9256 0.1978
vn 0.1183 0.7893 0.6025
vn 0.1028 -0.0340 0.9941
vn 0.1904 -0.4559 0.8694
vn 0.8598 -0.5059 -0.0684
vn -0.7944 0.5890 0.1483
vn -0.2020 -0.7795 -0.5929
vn 0.1412 -0.0393 -0.9892
vn 0.3788 -0.7215 -0.5796
vn 0.9169 0.3419 -0.2058
vn 0.4553 0.6902 -0.5624
vn 0.8721 -0.4712 -0.1319
vn 0.5931 -0.6882 -0.4179
vn 0.6661 0.4250 -0.6130
vn 0.5669 -0.0018 -0.8238
vn 0.9441 0.2883 -0.1598
vn 0.7131 0.6864 -0.1426
vn 0.7208 0.6561 -0.2235
vn 0.9562 0.2927 -0.0046
vn 0.9652 0.1013 -0.2412
vn 0.1444 0.6593 -0.7379
vn 0.3826 0.9222 -0.0557
vn -0.3385 -0.8615 -0.3784
vn -0.1440 -0.7965 -0.5873
vn 0.7762 0.5272 -0.3457
vn 0.8820 0.3927 0.2604
vn 0.9543 0.2977 -0.0276
vn -0.0168 -0.4911 -0.8709
vn -0.1562 -0.8616 -0.4830
vn 0.9674 0.2532 -0.0087
vn 0.9561 0.2646 -0.1256
vn 0.7501 0.5525 -0.3634
vn -0.1211 -0.9070 -0.4034
vn 0.1497 -0.7772 -0.6111
vn 0.6726 -0.4004 -0.6223
vn 0.7998 -0.3469 -0.4898
vn 0.2338 -0.9260 -0.2963
vn 0.1983 -0.9357 -0.2918
vn 0.4192 -0.4387 -0.7948
vn -0.0239 -0.9166 -0.3990
vn 0.3818 -0.4604 -0.8014
vn 0.3674 -0.5408 -0.7567
vn 0.4710 -0.7400 -0.4802
vn 0.8647 -0.4060 -0.2956
vn 0.7682 -0.5700 -0.2914
vn 0.7249 -0.6676 -0.1697
vn 0.2370 -0.7753 -0.5854
vn 0.4808 -0.6257 -0.6143
vn 0.5159 -0.4818 -0.7083
vn 0.3257 -0.9451 0.0267
vn 0.9510 -0.2915 -0.1030
vn 0.3445 -0.9382 0.0323
vn 0.6087 -0.5797 -0.5417
vn 0.6502 -0.5396 -0.5349
vn 0.2626 -0.9495 -0.1718
vn 0.3604 -0.8610 -0.3590
vn 0.6633 -0.5750 -0.4789
vn 0.5700 -0.7880 0.2327
vn 0.4853 -0.7463 0.4555
vn 0.8475 -0.4992 -0.1804
vn 0.8736 -0.2010 -0.4432
vn 0.8519 -0.4744 -0.2217
vn 0.3272 -0.9400 0.0967
vn 0.9021 -0.1642 0.3990
vn 0.4390 -0.8859 0.1498
vn 0.9914 0.1250 -0.0390
vn 0.8886 0.3637 0.2794
vn 0.8766 0.3664 0.3120
vn 0.5875 -0.5340 0.6080
vn 0.9416 -0.3262 0.0836
vn 0.7070 -0.2330 0.6677
vn 0.8975 -0.3241 0.2989
vn 0.8598 -0.0416 0.5090
vn 0.7894 -0.0510 0.6117
vn 0.4178 0.3502 0.8383
vn 0.4314 -0.3461 0.8331
vn 0.1675 -0.1738 0.9704
vn 0.6316 0.3323 0.7005
vn 0.4008 -0.7927 0.4593
vn 0.3090 -0.9462 0.0958
vn 0.2620 -0.8682 0.4215
vn 0.8061 -0.5750 -0.1397
vn 0.7606 -0.6327 -0.1456
vn 0.6910 -0.6074 -0.3919
vn 0.7930 -0.5436 0.2749
vn 0.8188 -0.5737 -0.0182
vn 0.7171 -0.4417 0.5392
vn 0.7991 -0.4785 0.3640
vn 0.7393 -0.4461 0.5044
vn 0.0512 -0.8497 0.5248
vn 0.3249 -0.6469 0.6900
vn 0.4376 -0.4702 0.7665
vn -0.1727 -0.7302 0.6610
vn -0.3874 -0.8439 0.3712
vn -0.2877 -0.8995 0.3288
vn 0.1707 -0.2390 0.9559
vn 0.4747 -0.3969 0.7856
vn 0.3451 -0.8916 -0.2932
vn 0.8298 -0.4005 0.3887
vn 0.9407 -0.0810 0.3294
vn 0.3711 0.5043 0.7797
vn 0.4029 -0.8900 -0.2137
vn 0.1449 -0.9358 -0.3214
vn 0.2395 -0.9677 -0.0793
vn 0.4934 -0.8362 0.2393
vn 0.6516 -0.4592 0.6038
vn 0.4876 -0.8528 0.1869
vn 0.5769 0.0038 0.8168
vn 0.4339 0.3711 0.8210
vn 0.6148 0.1668 0.7708
vn 0.5277 0.7783 0.3403
vn 0.2719 0.9607 -0.0565
vn 0.6623 -0.5156 -0.5436
vn 0.8436 -0.5352 -0.0428
vn 0.9847 -0.1551 0.0794
vn 0.6944 -0.2842 0.6611
vn 0.8165 -0.0656 0.5736
vn 0.6178 0.5505 0.5615
vn 0.4943 0.7298 0.4723
vn 0.5678 -0.8215 -0.0525
vn 0.5809 -0.7658 0.2757
vn 0.9052 -0.4143 -0.0952
vn 0.8826 0.3727 -0.2867
vn 0.9846 0.0625 0.1632
vn 0.9357 -0.1879 0.2985
vn 0.3921 -0.6236 0.6763
vn 0.9041 0.4249 -0.0454
vn -0.3075 0.8618 0.4034
vn -0.2018 0.7294 0.6537
vn -0.2982 0.8605 0.4131
vn 0.1555 -0.1096 0.9817
vn 0.2950 -0.4083 0.8639
vn 0.4316 -0.3824 0.8170
vn 0.7499 -0.4591 0.4763
vn 0.7485 -0.4694 0.4685
vn 0.6896 0.1743 -0.7029
vn 0.7337 -0.1081 -0.6708
vn 0.4926 -0.4211 -0.7616
vn -0.0889 -0.0423 -0.9951
vn -0.4768 -0.7333 -0.4848
vn -0.2236 -0.8221 -0.5235
vn 0.1214 -0.6562 -0.7447
vn 0.2407 -0.6658 -0.7062
vn 0.7984 -0.3946 -0.4549
vn 0.6014 -0.5932 -0.5352
vn 0.7931 -0.3712 -0.4829
vn 0.9430 -0.1478 -0.2982
vn 0.9955 -0.0037 -0.0946
vn 0.7662 -0.4091 -0.4956
vn 0.5883 -0.5303 -0.6105
vn 0.0479 -0.0109 -0.9988
vn 0.4387 -0.5509 -0.7099
vn 0.9765 -0.0098 -0.2152
vn 0.9501 0.3004 0.0842
vn 0.8479 0.5299 0.0168
vn 0.7050 0.5717 0.4197
vn 0.5295 -0.3293 0.7818
vn 0.3556 -0.1725 0.9186
vn 0.6809 0.6063 0.4108
vn 0.7341 0.6088 0.3007
vn 0.6793 0.5075 0.5301
vn 0.4610 0.6062 0.6480
vn 0.6861 0.6724 0.2777
vn 0.5214 0.6945 0.4958
vn 0.5505 0.6931 0.4653
vn 0.1560 -0.3316 -0.9304
vn -0.8812 0.3872 -0.2710
vn -0.7995 0.2996 -0.5205
vn -0.6223 0.5503 0.5567
vn -0.4197 0.5340 0.7339
vn -0.8659 0.4976 0.0511
vn -0.3516 0.5049 0.7883
vn -0.3495 0.4901 0.7985
vn -0.8664 0.4967 0.0503
vn -0.4301 0.5194 0.7384
vn -0.6531 0.5892 0.4757
vn -0.4572 0.5305 0.7138
vn -0.4258 0.4847 0.7641
vn -0.8267 0.5609 0.0452
vn -0.8533 0.5211 0.0183
vn 0.4944 0.0918 0.8644
vn 0.5214 0.1555 0.8391
vn 0.8879 -0.3488 0.2999
vn -0.0204 -0.9969 -0.0762
vn 0.3120 -0.6109 -0.7276
vn 0.7219 -0.6896 -0.0574
vn 0.2007 -0.6289 -0.7512
vn 0.6953 -0.7125 0.0944
vn -0.5241 -0.5602 0.6414
vn -0.5461 -0.6360 0.5453
vn 0.6183 -0.7113 -0.3345
vn 0.3817 -0.6659 -0.6410
vn 0.9352 -0.3355 0.1133
vn 0.7800 -0.5242 -0.3418
vn 0.4565 -0.1640 0.8745
vn -0.1540 -0.2344 0.9599
vn 0.7022 -0.6610 -0.2645
vn 0.6891 -0.4620 0.5582
vn 0.6608 -0.7064 -0.2538
vn 0.9354 -0.1011 -0.3389
vn 0.8120 -0.3418 -0.4731
vn 0.7585 -0.1579 -0.6323
vn 0.6252 -0.6304 -0.4602
vn 0.4002 -0.5454 -0.7365
vn -0.1343 -0.3589 -0.9236
vn -0.2991 -0.1570 -0.9412
vn -0.2787 -0.1966 -0.9400
vn 0.8369 -0.4881 0.2478
vn 0.7997 -0.4870 0.3512
vn -0.3020 -0.3119 -0.9008
vn -0.2872 -0.2895 -0.9131
vn -0.2960 -0.1433 -0.9444
vn -0.0790 -0.5104 -0.8563
vn 0.0587 -0.5578 -0.8279
vn -0.0902 -0.5748 -0.8133
vn -0.6802 0.0593 -0.7306
vn -0.6673 0.0994 -0.7381
vn -0.7017 0.1104 -0.7039
vn -0.7786 0.6241 -0.0654
vn -0.6931 0.1112 -0.7122
vn -0.7869 0.6095 0.0961
vn -0.7449 0.1646 -0.6466
vn -0.7883 0.6144 0.0320
vn -0.7772 0.6287 0.0273
vn -0.7629 0.1260 -0.6342
vn -0.7693 0.6341 -0.0784
vn -0.7719 0.6307 -0.0804
vn 0.2484 -0.0790 0.9654
vn 0.5213 -0.2183 0.8250
vn 0.4385 -0.1121 0.8917
vn 0.7672 -0.2668 0.5833
vn 0.7851 -0.4084 0.4656
vn 0.9514 -0.3064 0.0298
vn 0.5893 0.0244 -0.8076
vn 0.8435 -0.3658 -0.3934
vn 0.6984 0.5871 -0.4094
vn 0.0211 0.2847 -0.9584
vn 0.0654 0.3654 -0.9286
vn 0.9118 -0.3762 -0.1647
vn 0.6990 -0.2671 -0.6633
vn 0.4840 0.8129 0.3238
vn 0.7618 0.6453 -0.0568
vn 0.8631 0.4874 -0.1321
vn 0.8511 0.2952 -0.4341
vn 0.8905 0.3438 -0.2981
vn 0.9967 -0.0307 0.0758
vn -0.7838 0.6192 0.0480
vn -0.3822 0.4464 0.8091
vn -0.3559 0.4716 0.8068
vn -0.8187 0.5743 0.0034
vn -0.7787 0.6265 0.0336
vn -0.1649 0.8175 -0.5518
vn -0.0984 0.9220 -0.3745
vn 0.1603 0.6827 0.7129
vn 0.5725 0.6044 0.5540
vn -0.1218 0.8406 -0.5278
vn -0.1641 0.6783 -0.7162
vn 0.8856 0.4447 -0.1338
vn -0.1207 0.7318 -0.6707
vn -0.1676 0.7727 -0.6123
vn -0.1777 0.8591 -0.4800
vn 0.3427 0.8395 0.4217
vn 0.6377 0.5762 0.5113
vn 0.8754 0.4828 -0.0234
vn 0.6305 0.7762 0.0065
vn 0.8356 -0.0539 0.5467
vn 0.2322 -0.6939 -0.6816
vn 0.2307 -0.4561 0.8595
vn 0.5721 -0.1370 -0.8087
vn 0.1654 0.1369 -0.9767
vn 0.7949 -0.3297 -0.5094
vn 0.6905 -0.0559 -0.7212
vn 0.9816 -0.0391 -0.1870
vn 0.9125 -0.2820 -0.2965
vn 0.9115 -0.0581 -0.4073
vn 0.9534 -0.1230 -0.2755
vn 0.9036 0.3084 0.2973
vn 0.9004 -0.3668 0.2341
vn 0.7619 -0.2540 0.5958
vn 0.9697 -0.2096 0.1253
vn 0.9696 -0.2099 0.1258
vn 0.9572 -0.1861 0.2216
vn 0.7690 -0.3587 0.5291
vn 0.5964 -0.3477 0.7235
vn 0.3125 -0.1217 0.9421
vn 0.1627 -0.3692 0.9150
vn 0.5389 -0.0414 0.8414
vn 0.3572 0.4890 0.7958
vn 0.6717 0.1594 0.7235
vn 0.6041 0.4395 0.6647
vn 0.7127 0.4598 0.5298
vn 0.8772 0.3317 0.3471
vn 0.9997 0.0225 -0.0001
vn 0.7748 0.1487 0.6144
vn -0.7665 0.1995 -0.6105
vn 0.2696 0.4799 0.8349
vn -0.7053 0.6899 -0.1631
vn -0.7404 0.6567 -0.1430
vn -0.7487 0.6456 -0.1508
vn 0.8335 -0.2161 0.5085
vn 0.3353 -0.3447 0.8768
vn 0.3645 -0.1580 0.9177
vn -0.0921 0.1721 0.9808
vn -0.3824 -0.6830 0.6223
vn 0.2705 -0.7210 0.6380
vn 0.2993 -0.5822 0.7560
vn 0.6107 -0.4659 0.6403
vn 0.0289 0.3375 0.9409
vn 0.7743 -0.6258 -0.0945
vn 0.7630 -0.3457 0.5462
vn 0.8513 -0.4953 -0.1731
vn 0.4829 -0.1445 0.8637
vn 0.5468 -0.1180 0.8289
vn 0.9709 -0.2022 -0.1282
vn 0.9744 -0.1648 -0.1528
vn 0.9273 -0.3623 -0.0943
vn 0.9682 -0.1860 0.1676
vn 0.9862 -0.0861 0.1415
vn 0.9696 -0.2390 0.0532
vn 0.9767 0.1266 -0.1731
vn 0.9189 0.1276 0.3732
vn 0.9208 -0.0039 0.3900
vn 0.6185 -0.1431 0.7726
vn 0.8116 0.5665 0.1426
vn 0.6916 0.5335 0.4868
vn 0.3018 -0.0640 0.9512
vn 0.2192 0.1948 0.9560
vn 0.5703 -0.0836 0.8171
vn 0.5661 0.2353 0.7901
vn 0.6609 0.6295 0.4085
vn 0.6374 0.6033 0.4793
vn 0.3256 -0.0328 0.9449
vn 0.2277 0.2644 0.9371
vn 0.8133 -0.5191 -0.2626
vn 0.4327 -0.0470 0.9003
vn -0.3576 0.4823 0.7997
vn 0.7344 -0.5916 -0.3327
vn 0.6675 -0.4708 -0.5769
vn 0.7827 -0.5444 -0.3016
vn 0.4808 -0.1350 -0.8664
vn 0.5749 -0.0728 -0.8150
vn 0.5726 -0.0586 -0.8177
vn 0.5444 -0.5648 -0.6202
vn 0.2120 -0.5885 -0.7802
vn 0.7620 -0.1524 -0.6293
vn 0.9193 -0.3797 0.1038
vn 0.8982 -0.3935 0.1960
vn 0.6239 -0.5058 -0.5957
vn 0.2270 0.0777 0.9708
vn 0.2616 0.1406 0.9549
vn -0.5577 -0.2448 -0.7931
vn -0.1643 -0.3903 -0.9059
vn -0.1938 -0.3955 -0.8978
vn -0.2749 -0.3061 -0.9114
vn 0.7980 -0.4932 0.3464
vn 0.6867 -0.6642 0.2955
vn 0.8222 -0.5534 0.1332
vn 0.6429 -0.7625 -0.0718
vn -0.7117 0.7005 -0.0522
vn 0.4221 0.0930 0.9018
vn 0.8781 -0.4654 0.1109
vn 0.6150 -0.4902 -0.6177
vn 0.6328 -0.5961 -0.4942
vn 0.6333 -0.5997 -0.4891
vn 0.6285 -0.5983 -0.4970
vn 0.1543 0.0795 0.9848
vn 0.3102 0.2803 0.9084
s 0
usemtl Dagger_DamascusSteel
f 51//31 22//31 23//31
f 50//75 47//75 49//75
f 49//76 47//76 48//76
f 49//78 48//78 294//78
f 17//85 75//85 26//85
f 26//86 75//86 54//86
f 75//181 17//181 76//181
f 117//182 76//182 17//182
f 32//184 289//184 290//184
f 32//185 290//185 17//185
f 117//186 118//186 76//186
f 129//208 51//208 23//208
f 129//212 295//212 51//212
f 290//498 118//498 17//498
f 17//499 118//499 117//499
f 295//511 48//511 51//511
f 48//791 295//791 294//791
usemtl Dagger_VenomEdge
f 3//1 10//1 4//1
f 3//2 4//2 1//2
f 1//3 5//3 2//3
f 1//4 2//4 3//4
f 2//5 31//5 3//5
f 6//6 31//6 2//6
f 6//7 2//7 5//7
f 1//8 4//8 8//8
f 8//9 4//9 14//9
f 1//10 8//10 5//10
f 9//11 4//11 10//11
f 10//12 11//12 9//12
f 11//13 12//13 9//13
f 9//14 12//14 4//14
f 11//15 16//15 15//15
f 11//16 15//16 12//16
f 12//17 13//17 4//17
f 4//18 13//18 14//18
f 20//19 13//19 15//19
f 15//20 13//20 12//20
f 11//21 17//21 16//21
f 16//22 17//22 26//22
f 16//23 26//23 19//23
f 16//24 19//24 15//24
f 18//25 15//25 19//25
f 20//26 15//26 18//26
f 20//29 22//29 13//29
f 14//30 13//30 22//30
f 24//34 18//34 19//34
f 25//35 24//35 19//35
f 19//36 26//36 25//36
f 25//41 26//41 29//41
f 26//42 54//42 29//42
f 17//43 11//43 30//43
f 32//44 30//44 11//44
f 32//45 11//45 10//45
f 3//46 31//46 32//46
f 31//46 36//46 32//46
f 3//47 32//47 10//47
f 32//48 37//48 33//48
f 33//49 34//49 32//49
f 33//50 35//50 34//50
f 296//51 35//51 33//51
f 36//52 33//52 37//52
f 36//53 31//53 6//53
f 6//54 5//54 38//54
f 38//55 5//55 7//55
f 7//56 5//56 8//56
f 7//57 8//57 48//57
f 39//58 38//58 40//58
f 40//58 38//58 7//58
f 48//59 40//59 7//59
f 48//60 47//60 40//60
f 38//61 41//61 36//61
f 6//62 38//62 36//62
f 41//63 33//63 36//63
f 79//64 33//64 42//64
f 33//65 41//65 42//65
f 39//66 41//66 38//66
f 40//67 44//67 43//67
f 40//68 43//68 39//68
f 39//69 42//69 41//69
f 45//70 42//70 39//70
f 39//71 43//71 45//71
f 46//72 45//72 43//72
f 77//73 45//73 46//73
f 46//74 43//74 44//74
f 82//77 50//77 291//77
f 51//79 48//79 8//79
f 51//80 8//80 22//80
f 8//81 14//81 22//81
f 42//117 45//117 77//117
f 42//118 77//118 79//118
f 79//119 77//119 78//119
f 78//120 83//120 81//120
f 78//121 81//121 79//121
f 33//122 79//122 81//122
f 82//123 296//123 81//123
f 36//180 37//180 32//180
f 30//183 32//183 17//183
f 131//187 76//187 118//187
f 76//188 131//188 75//188
f 131//209 129//209 130//209
f 129//211 131//211 132//211
f 132//213 131//213 118//213
f 78//495 80//495 83//495
f 32//500 34//500 289//500
f 289//501 293//501 290//501
f 293//502 289//502 292//502
f 34//503 35//503 291//503
f 34//504 291//504 289//504
f 291//505 50//505 49//505
f 291//506 49//506 292//506
f 289//507 291//507 292//507
f 118//508 290//508 132//508
f 132//509 290//509 293//509
f 295//510 293//510 294//510
f 295//512 129//512 132//512
f 295//513 132//513 293//513
f 296//514 33//514 81//514
f 296//515 82//515 35//515
f 291//790 35//790 82//790
f 294//792 293//792 292//792
f 294//793 292//793 49//793
usemtl Dagger_BronzeHilt
f 24//27 21//27 18//27
f 18//28 21//28 20//28
f 58//32 22//32 20//32
f 58//33 20//33 21//33
f 24//37 25//37 27//37
f 52//38 28//38 21//38
f 52//39 21//39 24//39
f 52//40 24//40 27//40
f 25//82 29//82 27//82
f 52//83 27//83 29//83
f 53//84 29//84 54//84
f 28//87 52//87 29//87
f 28//88 29//88 53//88
f 54//89 56//89 53//89
f 53//90 56//90 55//90
f 53//91 55//91 28//91
f 21//92 28//92 55//92
f 58//93 55//93 57//93
f 21//94 55//94 58//94
f 64//95 58//95 57//95
f 56//96 54//96 59//96
f 61//97 59//97 54//97
f 60//98 59//98 61//98
f 61//99 62//99 60//99
f 60//100 63//100 59//100
f 57//101 59//101 64//101
f 64//102 59//102 63//102
f 64//103 65//103 58//103
f 66//104 63//104 60//104
f 61//105 75//105 62//105
f 62//106 75//106 67//106
f 68//107 62//107 74//107
f 62//108 119//108 74//108
f 74//109 69//109 68//109
f 72//110 68//110 69//110
f 73//111 70//111 71//111
f 120//112 71//112 70//112
f 120//113 70//113 74//113
f 74//114 70//114 69//114
f 119//115 62//115 67//115
f 54//116 75//116 61//116
f 84//124 87//124 85//124
f 85//125 87//125 89//125
f 85//126 88//126 84//126
f 88//127 86//127 84//127
f 90//128 88//128 85//128
f 90//129 85//129 112//129
f 114//130 93//130 89//130
f 94//131 89//131 93//131
f 98//132 84//132 86//132
f 88//133 92//133 86//133
f 88//134 90//134 91//134
f 92//135 88//135 91//135
f 161//136 116//136 93//136
f 93//137 116//137 94//137
f 94//138 113//138 89//138
f 85//139 89//139 112//139
f 112//140 111//140 90//140
f 90//141 111//141 91//141
f 92//142 95//142 86//142
f 98//143 96//143 84//143
f 84//144 96//144 87//144
f 96//145 98//145 97//145
f 86//146 95//146 99//146
f 99//147 98//147 86//147
f 100//148 99//148 95//148
f 100//149 98//149 99//149
f 98//150 100//150 97//150
f 100//151 103//151 97//151
f 96//152 97//152 101//152
f 96//153 101//153 87//153
f 101//154 102//154 87//154
f 87//155 114//155 89//155
f 103//156 101//156 97//156
f 102//157 101//157 103//157
f 102//158 104//158 87//158
f 95//159 106//159 100//159
f 107//160 106//160 95//160
f 102//161 103//161 105//161
f 105//162 104//162 102//162
f 108//163 103//163 100//163
f 100//164 106//164 108//164
f 144//165 106//165 107//165
f 109//166 107//166 95//166
f 95//167 92//167 109//167
f 109//168 92//168 110//168
f 110//169 92//169 111//169
f 113//170 112//170 89//170
f 92//171 91//171 111//171
f 114//172 161//172 93//172
f 87//173 104//173 114//173
f 115//174 105//174 108//174
f 108//175 105//175 103//175
f 156//176 111//176 112//176
f 113//177 156//177 112//177
f 94//178 116//178 113//178
f 113//179 116//179 156//179
f 131//189 67//189 75//189
f 67//190 131//190 119//190
f 74//191 119//191 120//191
f 121//192 120//192 128//192
f 128//193 120//193 119//193
f 131//194 128//194 119//194
f 122//195 121//195 126//195
f 125//196 122//196 126//196
f 125//197 124//197 122//197
f 124//198 125//198 123//198
f 126//199 22//199 125//199
f 127//200 125//200 22//200
f 211//201 127//201 22//201
f 65//202 22//202 58//202
f 22//203 126//203 23//203
f 126//204 121//204 130//204
f 129//205 23//205 126//205
f 129//206 126//206 130//206
f 128//207 130//207 121//207
f 131//210 130//210 128//210
f 57//214 55//214 56//214
f 59//215 57//215 56//215
f 136//216 115//216 108//216
f 115//217 133//217 104//217
f 115//218 104//218 105//218
f 135//219 133//219 115//219
f 134//220 133//220 173//220
f 133//221 135//221 173//221
f 115//222 136//222 135//222
f 135//223 136//223 138//223
f 106//224 144//224 139//224
f 137//225 138//225 106//225
f 108//226 106//226 138//226
f 139//227 137//227 106//227
f 108//228 138//228 136//228
f 138//229 137//229 141//229
f 139//230 142//230 137//230
f 141//231 137//231 142//231
f 139//232 144//232 149//232
f 139//233 149//233 145//233
f 139//234 145//234 143//234
f 145//235 146//235 143//235
f 138//236 141//236 135//236
f 139//237 143//237 147//237
f 147//238 142//238 139//238
f 146//239 145//239 148//239
f 145//240 149//240 148//240
f 146//241 248//241 143//241
f 146//242 148//242 150//242
f 151//243 150//243 148//243
f 148//244 149//244 151//244
f 144//245 107//245 153//245
f 308//246 152//246 153//246
f 308//247 153//247 155//247
f 153//248 152//248 144//248
f 157//249 158//249 159//249
f 160//250 157//250 159//250
f 158//251 157//251 116//251
f 116//252 161//252 158//252
f 104//253 163//253 114//253
f 104//254 164//254 163//254
f 104//255 133//255 164//255
f 164//256 133//256 165//256
f 133//257 134//257 165//257
f 166//258 163//258 164//258
f 167//259 163//259 166//259
f 167//260 166//260 169//260
f 169//261 168//261 231//261
f 169//262 231//262 167//262
f 166//263 164//263 165//263
f 170//264 169//264 166//264
f 165//265 134//265 172//265
f 172//266 134//266 171//266
f 173//267 171//267 134//267
f 135//268 140//268 173//268
f 140//269 171//269 173//269
f 171//270 140//270 174//270
f 247//271 140//271 135//271
f 165//272 172//272 175//272
f 165//273 175//273 166//273
f 166//274 175//274 170//274
f 170//275 175//275 177//275
f 175//276 176//276 177//276
f 170//277 178//277 169//277
f 178//278 170//278 177//278
f 176//279 175//279 198//279
f 198//280 175//280 172//280
f 178//281 177//281 180//281
f 179//282 180//282 177//282
f 180//283 181//283 178//283
f 168//284 178//284 181//284
f 182//285 181//285 180//285
f 183//286 177//286 176//286
f 179//287 177//287 183//287
f 183//288 176//288 185//288
f 176//289 184//289 185//289
f 190//290 185//290 184//290
f 180//291 179//291 233//291
f 187//292 186//292 184//292
f 187//293 184//293 176//293
f 186//294 188//294 184//294
f 184//295 189//295 190//295
f 189//296 184//296 188//296
f 186//297 191//297 188//297
f 197//298 192//298 186//298
f 186//299 187//299 193//299
f 193//300 197//300 186//300
f 196//301 193//301 194//301
f 196//302 194//302 195//302
f 195//303 194//303 174//303
f 195//304 174//304 245//304
f 197//305 193//305 196//305
f 193//306 198//306 194//306
f 194//307 198//307 171//307
f 194//308 171//308 174//308
f 198//309 172//309 171//309
f 202//310 200//310 199//310
f 199//311 201//311 202//311
f 203//312 201//312 199//312
f 203//313 199//313 208//313
f 204//314 200//314 202//314
f 202//315 205//315 206//315
f 206//316 204//316 202//316
f 207//317 202//317 201//317
f 66//318 202//318 207//318
f 66//319 205//319 202//319
f 63//320 66//320 207//320
f 206//321 205//321 259//321
f 199//322 200//322 208//322
f 208//323 200//323 204//323
f 63//324 207//324 209//324
f 209//325 207//325 210//325
f 210//326 207//326 201//326
f 63//327 211//327 64//327
f 63//328 209//328 216//328
f 212//329 216//329 209//329
f 212//330 209//330 213//330
f 209//331 210//331 213//331
f 214//332 210//332 201//332
f 214//333 201//333 203//333
f 160//334 214//334 208//334
f 208//335 214//335 203//335
f 215//336 208//336 204//336
f 208//337 215//337 157//337
f 160//338 208//338 157//338
f 63//339 216//339 211//339
f 64//340 211//340 65//340
f 218//341 212//341 213//341
f 217//342 216//342 212//342
f 218//343 213//343 210//343
f 220//344 210//344 214//344
f 210//345 219//345 218//345
f 218//346 217//346 212//346
f 220//347 219//347 210//347
f 218//348 219//348 217//348
f 269//349 219//349 220//349
f 220//350 214//350 160//350
f 160//351 159//351 279//351
f 279//352 159//352 221//352
f 160//353 222//353 220//353
f 160//354 279//354 222//354
f 221//355 159//355 158//355
f 223//356 221//356 158//356
f 162//357 223//357 158//357
f 162//358 158//358 161//358
f 162//359 224//359 223//359
f 463//360 281//360 223//360
f 223//361 224//361 463//361
f 463//362 224//362 225//362
f 224//363 162//363 167//363
f 225//364 231//364 226//364
f 225//365 226//365 228//365
f 227//366 228//366 226//366
f 227//367 229//367 228//367
f 286//368 230//368 227//368
f 286//369 227//369 226//369
f 231//370 225//370 167//370
f 167//371 225//371 224//371
f 162//372 161//372 163//372
f 163//373 161//373 114//373
f 162//374 163//374 167//374
f 168//375 169//375 178//375
f 168//376 286//376 231//376
f 232//377 286//377 168//377
f 180//378 233//378 182//378
f 233//379 234//379 182//379
f 234//380 235//380 182//380
f 181//381 182//381 236//381
f 236//382 182//382 235//382
f 234//383 237//383 235//383
f 234//384 233//384 238//384
f 238//385 233//385 487//385
f 239//386 487//386 233//386
f 239//387 233//387 179//387
f 179//388 185//388 239//388
f 239//389 185//389 190//389
f 239//390 190//390 356//390
f 188//391 241//391 189//391
f 241//392 188//392 191//392
f 244//393 241//393 191//393
f 191//394 243//394 244//394
f 191//395 186//395 192//395
f 192//396 243//396 191//396
f 195//397 245//397 196//397
f 352//398 245//398 174//398
f 246//399 174//399 140//399
f 246//400 140//400 251//400
f 251//401 140//401 247//401
f 248//402 147//402 143//402
f 142//403 249//403 141//403
f 141//404 247//404 135//404
f 249//405 250//405 141//405
f 247//406 250//406 251//406
f 142//407 252//407 249//407
f 252//408 142//408 147//408
f 253//409 147//409 248//409
f 248//410 146//410 150//410
f 248//411 150//411 341//411
f 341//412 150//412 254//412
f 151//413 149//413 144//413
f 151//414 144//414 154//414
f 155//415 153//415 107//415
f 155//416 107//416 307//416
f 301//417 109//417 255//417
f 255//418 109//418 110//418
f 156//419 110//419 111//419
f 215//420 298//420 156//420
f 298//421 110//421 156//421
f 215//422 116//422 157//422
f 116//423 215//423 156//423
f 66//424 60//424 205//424
f 205//425 60//425 62//425
f 256//426 205//426 62//426
f 256//427 62//427 68//427
f 68//428 72//428 257//428
f 72//429 258//429 257//429
f 68//430 257//430 256//430
f 205//431 256//431 259//431
f 260//432 259//432 256//432
f 257//433 263//433 256//433
f 260//434 256//434 261//434
f 262//435 259//435 260//435
f 259//436 262//436 206//436
f 261//437 262//437 260//437
f 263//438 261//438 256//438
f 261//439 263//439 262//439
f 262//440 264//440 206//440
f 264//441 262//441 263//441
f 265//442 257//442 258//442
f 263//443 257//443 265//443
f 267//444 266//444 258//444
f 267//445 258//445 72//445
f 69//446 73//446 72//446
f 72//447 73//447 267//447
f 73//448 69//448 70//448
f 120//449 121//449 122//449
f 71//450 122//450 124//450
f 322//451 124//451 123//451
f 123//452 125//452 127//452
f 268//453 127//453 211//453
f 216//454 268//454 211//454
f 219//455 216//455 217//455
f 219//456 269//456 216//456
f 216//457 269//457 268//457
f 269//458 270//458 268//458
f 268//459 270//459 271//459
f 268//460 271//460 127//460
f 272//461 269//461 220//461
f 270//462 269//462 272//462
f 270//463 273//463 271//463
f 271//464 273//464 274//464
f 274//465 127//465 271//465
f 275//466 127//466 274//466
f 329//467 273//467 272//467
f 272//468 273//468 270//468
f 272//469 220//469 222//469
f 272//470 222//470 277//470
f 277//471 222//471 276//471
f 276//472 222//472 279//472
f 277//473 278//473 272//473
f 281//474 221//474 223//474
f 281//475 279//475 221//475
f 279//476 281//476 280//476
f 279//477 280//477 276//477
f 225//478 228//478 463//478
f 282//479 229//479 227//479
f 283//480 229//480 282//480
f 284//481 282//481 285//481
f 285//482 282//482 227//482
f 285//483 227//483 230//483
f 226//484 231//484 286//484
f 232//485 168//485 181//485
f 232//486 181//486 236//486
f 230//487 286//487 232//487
f 287//488 232//488 236//488
f 232//489 287//489 483//489
f 232//490 483//490 453//490
f 230//491 232//491 453//491
f 483//492 287//492 288//492
f 236//493 288//493 287//493
f 22//494 65//494 211//494
f 193//496 187//496 176//496
f 193//497 176//497 198//497
f 215//516 204//516 305//516
f 305//517 204//517 297//517
f 215//518 305//518 298//518
f 255//519 110//519 298//519
f 299//520 255//520 298//520
f 206//521 297//521 204//521
f 298//522 305//522 300//522
f 298//523 300//523 299//523
f 255//524 299//524 301//524
f 302//525 109//525 301//525
f 300//526 303//526 299//526
f 304//527 303//527 300//527
f 304//528 300//528 305//528
f 314//529 305//529 297//529
f 305//530 314//530 304//530
f 304//531 314//531 306//531
f 304//532 306//532 303//532
f 307//533 109//533 302//533
f 109//534 307//534 107//534
f 308//535 155//535 307//535
f 152//536 154//536 144//536
f 151//537 154//537 522//537
f 309//538 308//538 307//538
f 310//539 301//539 299//539
f 302//540 311//540 307//540
f 311//541 309//541 307//541
f 309//542 311//542 312//542
f 302//543 301//543 310//543
f 299//544 303//544 310//544
f 313//545 303//545 306//545
f 297//546 264//546 314//546
f 264//547 297//547 206//547
f 264//548 263//548 314//548
f 314//549 263//549 265//549
f 266//550 265//550 258//550
f 265//551 315//551 314//551
f 315//552 306//552 314//552
f 315//553 73//553 320//553
f 315//554 316//554 306//554
f 313//555 306//555 316//555
f 315//556 318//556 316//556
f 317//557 316//557 318//557
f 318//558 315//558 320//558
f 319//559 318//559 320//559
f 73//560 315//560 321//560
f 73//561 321//561 266//561
f 315//562 265//562 321//562
f 321//563 265//563 266//563
f 71//564 322//564 73//564
f 73//565 322//565 320//565
f 267//566 73//566 266//566
f 322//567 71//567 124//567
f 318//568 319//568 323//568
f 323//569 317//569 318//569
f 323//570 319//570 328//570
f 780//571 319//571 320//571
f 780//572 320//572 322//572
f 324//573 322//573 123//573
f 324//574 123//574 325//574
f 326//575 324//575 325//575
f 275//576 325//576 123//576
f 326//577 780//577 324//577
f 324//578 780//578 322//578
f 328//579 780//579 326//579
f 325//580 327//580 326//580
f 123//581 127//581 275//581
f 328//582 326//582 327//582
f 272//583 327//583 325//583
f 325//584 329//584 272//584
f 329//585 274//585 273//585
f 325//586 275//586 329//586
f 329//587 275//587 274//587
f 174//588 246//588 330//588
f 331//589 251//589 250//589
f 331//590 246//590 251//590
f 332//591 246//591 331//591
f 250//592 333//592 331//592
f 250//593 249//593 333//593
f 334//594 252//594 147//594
f 147//595 335//595 334//595
f 249//596 252//596 333//596
f 330//597 246//597 332//597
f 174//598 330//598 352//598
f 332//599 337//599 330//599
f 336//600 332//600 331//600
f 333//601 252//601 340//601
f 331//602 333//602 336//602
f 337//603 339//603 338//603
f 337//604 338//604 330//604
f 333//605 340//605 336//605
f 253//606 335//606 147//606
f 248//607 552//607 253//607
f 248//608 341//608 552//608
f 151//609 254//609 150//609
f 254//610 151//610 522//610
f 309//611 522//611 154//611
f 154//612 152//612 309//612
f 309//613 152//613 308//613
f 532//614 312//614 311//614
f 310//615 311//615 302//615
f 310//616 303//616 343//616
f 343//617 303//617 313//617
f 313//618 316//618 343//618
f 316//619 344//619 343//619
f 344//620 316//620 317//620
f 345//621 344//621 317//621
f 345//622 346//622 344//622
f 348//623 345//623 349//623
f 350//624 349//624 345//624
f 351//625 350//625 323//625
f 350//626 345//626 323//626
f 323//627 345//627 317//627
f 185//628 179//628 183//628
f 250//629 247//629 141//629
f 360//630 243//630 192//630
f 352//631 196//631 245//631
f 352//632 330//632 338//632
f 365//633 352//633 338//633
f 189//634 242//634 190//634
f 242//635 189//635 241//635
f 242//636 241//636 353//636
f 354//637 241//637 244//637
f 241//638 354//638 353//638
f 355//639 353//639 354//639
f 356//640 190//640 242//640
f 356//641 242//641 353//641
f 356//642 353//642 357//642
f 357//643 240//643 356//643
f 413//644 240//644 357//644
f 359//645 355//645 354//645
f 359//646 354//646 244//646
f 359//647 244//647 243//647
f 243//648 360//648 359//648
f 355//649 359//649 380//649
f 361//650 380//650 359//650
f 361//651 359//651 362//651
f 359//652 360//652 362//652
f 362//653 360//653 363//653
f 192//654 197//654 364//654
f 364//655 197//655 196//655
f 196//656 365//656 364//656
f 192//657 364//657 360//657
f 360//658 364//658 363//658
f 363//659 364//659 366//659
f 366//660 367//660 363//660
f 362//661 363//661 367//661
f 362//662 367//662 361//662
f 368//663 361//663 367//663
f 365//664 366//664 364//664
f 196//665 352//665 365//665
f 370//666 365//666 338//666
f 339//667 337//667 332//667
f 336//668 371//668 339//668
f 336//669 339//669 332//669
f 334//670 340//670 252//670
f 339//671 371//671 372//671
f 339//672 370//672 338//672
f 365//673 370//673 369//673
f 365//674 369//674 366//674
f 366//675 369//675 367//675
f 375//676 367//676 369//676
f 373//677 369//677 370//677
f 370//678 339//678 373//678
f 372//679 373//679 339//679
f 374//680 369//680 373//680
f 369//681 374//681 375//681
f 361//682 378//682 380//682
f 378//683 361//683 368//683
f 368//684 367//684 375//684
f 376//685 375//685 374//685
f 375//686 376//686 379//686
f 375//687 379//687 368//687
f 376//688 392//688 379//688
f 368//689 377//689 378//689
f 368//690 379//690 377//690
f 378//691 381//691 380//691
f 381//692 378//692 377//692
f 379//693 391//693 377//693
f 382//694 380//694 381//694
f 384//695 381//695 383//695
f 377//696 383//696 381//696
f 377//697 385//697 383//697
f 384//698 386//698 381//698
f 380//699 382//699 355//699
f 382//700 381//700 386//700
f 386//701 384//701 412//701
f 382//702 386//702 387//702
f 389//703 388//703 386//703
f 389//704 386//704 412//704
f 390//705 383//705 411//705
f 384//706 383//706 390//706
f 392//707 391//707 379//707
f 392//708 376//708 374//708
f 374//709 393//709 392//709
f 395//710 392//710 393//710
f 766//711 393//711 374//711
f 392//712 395//712 394//712
f 392//713 394//713 391//713
f 395//714 393//714 397//714
f 393//715 405//715 397//715
f 405//716 393//716 396//716
f 396//717 398//717 399//717
f 394//718 401//718 391//718
f 377//719 391//719 400//719
f 401//720 400//720 391//720
f 395//721 403//721 394//721
f 394//722 403//722 401//722
f 410//723 401//723 403//723
f 404//724 403//724 395//724
f 397//725 402//725 395//725
f 407//726 397//726 405//726
f 406//727 407//727 405//727
f 408//728 407//728 406//728
f 408//729 700//729 407//729
f 397//730 407//730 402//730
f 395//731 402//731 404//731
f 400//732 401//732 409//732
f 410//733 702//733 409//733
f 383//734 385//734 411//734
f 384//735 390//735 421//735
f 384//736 421//736 412//736
f 386//737 388//737 414//737
f 386//738 414//738 387//738
f 353//739 355//739 382//739
f 357//740 353//740 382//740
f 357//741 382//741 387//741
f 357//742 387//742 413//742
f 389//743 415//743 388//743
f 571//744 388//744 415//744
f 415//745 424//745 417//745
f 424//746 418//746 417//746
f 424//747 415//747 389//747
f 385//748 377//748 400//748
f 419//749 385//749 400//749
f 419//750 400//750 409//750
f 409//751 420//751 419//751
f 411//752 385//752 419//752
f 421//753 390//753 411//753
f 422//754 421//754 411//754
f 389//755 412//755 423//755
f 389//756 423//756 424//756
f 425//757 423//757 412//757
f 439//758 425//758 412//758
f 439//759 412//759 421//759
f 424//760 423//760 426//760
f 426//761 423//761 425//761
f 427//762 426//762 428//762
f 425//763 438//763 426//763
f 426//764 427//764 424//764
f 424//765 427//765 418//765
f 432//766 430//766 429//766
f 429//767 430//767 427//767
f 432//768 429//768 433//768
f 431//769 433//769 429//769
f 436//770 434//770 431//770
f 436//771 431//771 429//771
f 436//772 429//772 428//772
f 429//773 427//773 428//773
f 426//774 437//774 428//774
f 428//775 437//775 436//775
f 438//776 437//776 426//776
f 436//777 437//777 443//777
f 443//778 437//778 438//778
f 439//779 438//779 425//779
f 440//780 439//780 421//780
f 440//781 421//781 422//781
f 440//782 422//782 441//782
f 441//783 422//783 593//783
f 439//784 440//784 442//784
f 440//785 592//785 442//785
f 438//786 439//786 442//786
f 436//787 443//787 434//787
f 443//788 442//788 444//788
f 438//789 442//789 443//789
f 284//794 285//794 445//794
f 284//795 447//795 282//795
f 229//796 283//796 446//796
f 447//797 448//797 282//797
f 448//798 447//798 469//798
f 450//799 445//799 449//799
f 452//800 445//800 285//800
f 285//801 451//801 452//801
f 445//802 450//802 462//802
f 284//803 445//803 462//803
f 452//804 449//804 445//804
f 453//805 451//805 230//805
f 230//806 451//806 285//806
f 483//807 288//807 484//807
f 485//808 288//808 454//808
f 288//809 455//809 454//809
f 455//810 288//810 456//810
f 456//811 457//811 455//811
f 455//812 457//812 460//812
f 458//813 459//813 457//813
f 454//814 455//814 460//814
f 460//815 457//815 459//815
f 456//816 237//816 457//816
f 461//817 459//817 458//817
f 237//818 234//818 457//818
f 237//819 288//819 235//819
f 288//820 237//820 456//820
f 236//821 235//821 288//821
f 447//822 462//822 469//822
f 462//823 447//823 284//823
f 282//824 464//824 283//824
f 463//825 446//825 283//825
f 464//826 281//826 283//826
f 283//827 281//827 463//827
f 464//828 282//828 448//828
f 281//829 464//829 465//829
f 466//830 281//830 465//830
f 281//831 466//831 280//831
f 465//832 464//832 500//832
f 500//833 464//833 468//833
f 468//834 464//834 467//834
f 467//835 464//835 448//835
f 467//836 448//836 469//836
f 467//837 469//837 470//837
f 470//838 469//838 471//838
f 469//839 472//839 471//839
f 502//840 470//840 471//840
f 470//841 501//841 467//841
f 446//842 463//842 228//842
f 228//843 229//843 446//843
f 473//844 449//844 452//844
f 451//845 473//845 452//845
f 450//846 449//846 477//846
f 449//847 474//847 477//847
f 450//848 475//848 462//848
f 472//849 476//849 471//849
f 476//850 472//850 475//850
f 462//851 472//851 469//851
f 472//852 462//852 475//852
f 450//853 478//853 475//853
f 478//854 450//854 477//854
f 478//855 479//855 475//855
f 475//856 480//856 476//856
f 478//857 605//857 481//857
f 478//858 481//858 479//858
f 449//859 473//859 474//859
f 483//860 473//860 451//860
f 451//861 453//861 483//861
f 484//862 473//862 483//862
f 484//863 485//863 473//863
f 485//864 516//864 473//864
f 460//865 515//865 454//865
f 461//866 458//866 486//866
f 457//867 234//867 458//867
f 238//868 458//868 234//868
f 238//869 491//869 458//869
f 239//870 356//870 240//870
f 488//871 240//871 489//871
f 413//872 489//872 240//872
f 489//873 413//873 358//873
f 239//874 240//874 488//874
f 239//875 488//875 490//875
f 491//876 487//876 490//876
f 490//877 487//877 239//877
f 238//878 487//878 491//878
f 494//879 276//879 280//879
f 465//880 500//880 492//880
f 465//881 492//881 466//881
f 494//882 280//882 466//882
f 492//883 495//883 466//883
f 494//884 466//884 495//884
f 349//885 276//885 494//885
f 277//886 276//886 278//886
f 278//887 327//887 272//887
f 278//888 276//888 349//888
f 493//889 349//889 494//889
f 492//890 496//890 495//890
f 495//891 496//891 499//891
f 497//892 494//892 495//892
f 496//893 492//893 500//893
f 508//894 496//894 500//894
f 468//895 467//895 501//895
f 501//896 503//896 468//896
f 504//897 500//897 468//897
f 504//898 505//898 500//898
f 500//899 505//899 508//899
f 508//900 499//900 496//900
f 495//901 499//901 498//901
f 493//902 494//902 497//902
f 498//903 497//903 495//903
f 506//904 497//904 498//904
f 507//905 498//905 499//905
f 499//906 508//906 510//906
f 499//907 510//907 507//907
f 509//908 507//908 510//908
f 510//909 508//909 505//909
f 505//910 512//910 510//910
f 512//911 511//911 510//911
f 509//912 510//912 511//912
f 513//913 511//913 512//913
f 511//914 513//914 509//914
f 498//915 507//915 506//915
f 514//916 506//916 507//916
f 278//917 349//917 350//917
f 327//918 278//918 351//918
f 351//919 278//919 350//919
f 516//920 474//920 473//920
f 477//921 474//921 482//921
f 521//922 482//922 474//922
f 459//923 515//923 460//923
f 517//924 515//924 516//924
f 518//925 516//925 515//925
f 516//926 519//926 520//926
f 521//927 516//927 520//927
f 516//928 521//928 474//928
f 454//929 515//929 517//929
f 454//930 517//930 485//930
f 517//931 516//931 485//931
f 484//932 288//932 485//932
f 254//933 522//933 523//933
f 523//934 522//934 524//934
f 522//935 309//935 312//935
f 522//936 312//936 524//936
f 537//937 524//937 312//937
f 537//938 312//938 769//938
f 311//939 310//939 525//939
f 525//940 310//940 343//940
f 526//941 344//941 346//941
f 347//942 346//942 345//942
f 347//943 345//943 348//943
f 347//944 348//944 527//944
f 528//945 347//945 527//945
f 542//946 527//946 348//946
f 497//947 529//947 493//947
f 349//948 493//948 529//948
f 545//949 529//949 497//949
f 545//950 497//950 506//950
f 658//951 509//951 530//951
f 509//952 658//952 514//952
f 514//953 507//953 509//953
f 545//954 506//954 531//954
f 531//955 506//955 514//955
f 531//956 514//956 730//956
f 349//957 529//957 348//957
f 348//958 529//958 542//958
f 347//959 528//959 346//959
f 344//960 525//960 343//960
f 311//961 525//961 533//961
f 525//962 344//962 533//962
f 311//963 533//963 532//963
f 533//964 344//964 534//964
f 534//965 344//965 526//965
f 526//966 346//966 535//966
f 526//967 535//967 534//967
f 533//968 534//968 532//968
f 769//969 312//969 532//969
f 537//970 769//970 536//970
f 538//971 536//971 769//971
f 536//972 539//972 537//972
f 523//973 524//973 537//973
f 536//974 540//974 539//974
f 538//975 540//975 536//975
f 540//976 538//976 542//976
f 540//977 542//977 541//977
f 540//978 541//978 539//978
f 547//979 539//979 541//979
f 537//980 543//980 523//980
f 539//981 543//981 537//981
f 542//982 547//982 541//982
f 529//983 545//983 546//983
f 529//984 546//984 544//984
f 529//985 544//985 542//985
f 254//986 523//986 341//986
f 342//987 341//987 523//987
f 341//988 342//988 552//988
f 549//989 543//989 539//989
f 549//990 539//990 547//990
f 543//991 549//991 550//991
f 543//992 550//992 551//992
f 551//993 342//993 543//993
f 543//994 342//994 523//994
f 551//995 558//995 342//995
f 553//996 372//996 371//996
f 373//997 372//997 553//997
f 554//998 553//998 371//998
f 373//999 555//999 374//999
f 555//1000 373//1000 553//1000
f 716//1001 553//1001 554//1001
f 716//1002 556//1002 553//1002
f 371//1003 336//1003 554//1003
f 336//1004 340//1004 554//1004
f 253//1005 552//1005 557//1005
f 557//1006 335//1006 253//1006
f 342//1007 558//1007 552//1007
f 650//1008 551//1008 559//1008
f 551//1009 550//1009 559//1009
f 559//1010 560//1010 650//1010
f 550//1011 549//1011 561//1011
f 549//1012 547//1012 548//1012
f 549//1013 562//1013 561//1013
f 387//1014 414//1014 563//1014
f 387//1015 563//1015 564//1015
f 564//1016 413//1016 387//1016
f 564//1017 568//1017 413//1017
f 489//1018 358//1018 565//1018
f 566//1019 489//1019 565//1019
f 567//1020 565//1020 413//1020
f 565//1021 358//1021 413//1021
f 564//1022 570//1022 568//1022
f 568//1023 570//1023 569//1023
f 563//1024 570//1024 564//1024
f 563//1025 414//1025 571//1025
f 563//1026 571//1026 570//1026
f 414//1027 388//1027 571//1027
f 571//1028 415//1028 416//1028
f 415//1029 417//1029 416//1029
f 570//1030 571//1030 572//1030
f 572//1031 571//1031 416//1031
f 572//1032 416//1032 573//1032
f 578//1033 569//1033 570//1033
f 570//1034 572//1034 578//1034
f 413//1035 568//1035 574//1035
f 574//1036 568//1036 569//1036
f 413//1037 574//1037 567//1037
f 575//1038 565//1038 567//1038
f 576//1039 575//1039 567//1039
f 577//1040 576//1040 567//1040
f 579//1041 572//1041 573//1041
f 579//1042 578//1042 572//1042
f 580//1043 417//1043 418//1043
f 582//1044 580//1044 418//1044
f 581//1045 582//1045 418//1045
f 581//1046 418//1046 427//1046
f 581//1047 427//1047 430//1047
f 581//1048 430//1048 583//1048
f 583//1049 430//1049 432//1049
f 432//1050 433//1050 584//1050
f 432//1051 584//1051 583//1051
f 434//1052 435//1052 588//1052
f 588//1053 431//1053 434//1053
f 444//1054 435//1054 434//1054
f 444//1055 587//1055 435//1055
f 444//1056 434//1056 443//1056
f 591//1057 435//1057 587//1057
f 435//1058 591//1058 586//1058
f 433//1059 431//1059 588//1059
f 589//1060 584//1060 433//1060
f 433//1061 588//1061 589//1061
f 588//1062 435//1062 586//1062
f 589//1063 588//1063 586//1063
f 590//1064 589//1064 586//1064
f 694//1065 586//1065 591//1065
f 696//1066 694//1066 591//1066
f 591//1067 587//1067 592//1067
f 592//1068 444//1068 442//1068
f 440//1069 441//1069 592//1069
f 593//1070 422//1070 594//1070
f 593//1071 594//1071 596//1071
f 596//1072 594//1072 595//1072
f 597//1073 596//1073 595//1073
f 594//1074 420//1074 595//1074
f 420//1075 597//1075 595//1075
f 420//1076 594//1076 411//1076
f 594//1077 422//1077 411//1077
f 420//1078 411//1078 419//1078
f 404//1079 598//1079 410//1079
f 410//1080 409//1080 401//1080
f 403//1081 404//1081 410//1081
f 404//1082 402//1082 599//1082
f 404//1083 599//1083 598//1083
f 407//1084 599//1084 402//1084
f 599//1085 407//1085 598//1085
f 600//1086 406//1086 405//1086
f 600//1087 405//1087 396//1087
f 396//1088 399//1088 600//1088
f 399//1089 601//1089 600//1089
f 399//1090 398//1090 602//1090
f 601//1091 399//1091 603//1091
f 603//1092 399//1092 712//1092
f 712//1093 399//1093 602//1093
f 476//1094 618//1094 471//1094
f 476//1095 480//1095 608//1095
f 480//1096 475//1096 479//1096
f 605//1097 478//1097 477//1097
f 477//1098 482//1098 605//1098
f 482//1099 521//1099 520//1099
f 481//1100 605//1100 607//1100
f 606//1101 607//1101 605//1101
f 608//1102 618//1102 476//1102
f 608//1103 610//1103 609//1103
f 480//1104 610//1104 608//1104
f 480//1105 479//1105 786//1105
f 479//1106 611//1106 786//1106
f 480//1107 670//1107 610//1107
f 609//1108 618//1108 608//1108
f 612//1109 714//1109 609//1109
f 613//1110 612//1110 615//1110
f 612//1111 613//1111 714//1111
f 613//1112 614//1112 714//1112
f 501//1113 614//1113 615//1113
f 617//1114 501//1114 615//1114
f 615//1115 614//1115 613//1115
f 615//1116 616//1116 617//1116
f 617//1117 616//1117 805//1117
f 617//1118 664//1118 512//1118
f 617//1119 503//1119 501//1119
f 468//1120 503//1120 504//1120
f 512//1121 505//1121 504//1121
f 503//1122 512//1122 504//1122
f 501//1123 470//1123 502//1123
f 502//1124 471//1124 714//1124
f 714//1125 501//1125 502//1125
f 609//1126 714//1126 618//1126
f 618//1127 714//1127 471//1127
f 620//1128 489//1128 566//1128
f 566//1129 565//1129 575//1129
f 577//1130 567//1130 574//1130
f 577//1131 574//1131 569//1131
f 577//1132 569//1132 578//1132
f 821//1133 621//1133 579//1133
f 579//1134 621//1134 578//1134
f 621//1135 646//1135 578//1135
f 578//1136 622//1136 577//1136
f 576//1137 577//1137 623//1137
f 575//1138 576//1138 566//1138
f 620//1139 566//1139 624//1139
f 622//1140 624//1140 625//1140
f 566//1141 625//1141 624//1141
f 625//1142 577//1142 622//1142
f 623//1143 566//1143 576//1143
f 566//1144 623//1144 625//1144
f 488//1145 489//1145 620//1145
f 626//1146 488//1146 620//1146
f 490//1147 619//1147 491//1147
f 619//1148 490//1148 626//1148
f 488//1149 626//1149 490//1149
f 491//1150 486//1150 458//1150
f 491//1151 619//1151 627//1151
f 627//1152 619//1152 626//1152
f 643//1153 627//1153 626//1153
f 644//1154 643//1154 626//1154
f 620//1155 628//1155 626//1155
f 626//1156 629//1156 644//1156
f 628//1157 620//1157 630//1157
f 620//1158 624//1158 630//1158
f 628//1159 629//1159 626//1159
f 629//1160 631//1160 644//1160
f 461//1161 518//1161 459//1161
f 518//1162 632//1162 516//1162
f 459//1163 518//1163 515//1163
f 519//1164 516//1164 632//1164
f 632//1165 633//1165 634//1165
f 632//1166 634//1166 519//1166
f 635//1167 520//1167 519//1167
f 519//1168 634//1168 636//1168
f 633//1169 632//1169 518//1169
f 637//1170 633//1170 518//1170
f 486//1171 491//1171 461//1171
f 461//1172 637//1172 518//1172
f 491//1173 638//1173 461//1173
f 637//1174 461//1174 639//1174
f 639//1175 461//1175 638//1175
f 640//1176 637//1176 639//1176
f 641//1177 640//1177 639//1177
f 640//1178 641//1178 685//1178
f 639//1179 638//1179 641//1179
f 641//1180 642//1180 777//1180
f 779//1181 777//1181 642//1181
f 643//1182 641//1182 638//1182
f 638//1183 491//1183 627//1183
f 638//1184 627//1184 643//1184
f 631//1185 629//1185 645//1185
f 629//1186 628//1186 630//1186
f 646//1187 624//1187 622//1187
f 630//1188 624//1188 646//1188
f 578//1189 646//1189 622//1189
f 335//1190 557//1190 647//1190
f 335//1191 647//1191 334//1191
f 334//1192 647//1192 340//1192
f 554//1193 340//1193 647//1193
f 648//1194 647//1194 557//1194
f 648//1195 709//1195 647//1195
f 552//1196 649//1196 648//1196
f 557//1197 552//1197 648//1197
f 558//1198 551//1198 650//1198
f 559//1199 651//1199 560//1199
f 708//1200 560//1200 651//1200
f 708//1201 651//1201 653//1201
f 653//1202 654//1202 708//1202
f 651//1203 559//1203 652//1203
f 652//1204 559//1204 550//1204
f 653//1205 651//1205 652//1205
f 652//1206 550//1206 705//1206
f 705//1207 550//1207 561//1207
f 705//1208 561//1208 655//1208
f 656//1209 655//1209 561//1209
f 656//1210 561//1210 562//1210
f 562//1211 549//1211 548//1211
f 656//1212 562//1212 727//1212
f 727//1213 562//1213 548//1213
f 733//1214 727//1214 548//1214
f 542//1215 548//1215 547//1215
f 548//1216 542//1216 657//1216
f 733//1217 548//1217 657//1217
f 731//1218 514//1218 658//1218
f 659//1219 513//1219 512//1219
f 664//1220 659//1220 512//1220
f 659//1221 660//1221 661//1221
f 509//1222 513//1222 530//1222
f 513//1223 659//1223 530//1223
f 530//1224 659//1224 662//1224
f 659//1225 661//1225 662//1225
f 663//1226 659//1226 664//1226
f 663//1227 660//1227 659//1227
f 663//1228 666//1228 660//1228
f 668//1229 667//1229 663//1229
f 668//1230 663//1230 665//1230
f 665//1231 663//1231 664//1231
f 805//1232 664//1232 617//1232
f 616//1233 615//1233 612//1233
f 809//1234 616//1234 612//1234
f 669//1235 612//1235 609//1235
f 612//1236 669//1236 809//1236
f 481//1237 607//1237 671//1237
f 677//1238 481//1238 671//1238
f 606//1239 605//1239 482//1239
f 520//1240 672//1240 482//1240
f 673//1241 520//1241 635//1241
f 520//1242 673//1242 672//1242
f 672//1243 606//1243 482//1243
f 606//1244 672//1244 607//1244
f 607//1245 672//1245 674//1245
f 671//1246 607//1246 674//1246
f 675//1247 671//1247 674//1247
f 675//1248 674//1248 676//1248
f 671//1249 675//1249 677//1249
f 611//1250 479//1250 678//1250
f 786//1251 670//1251 480//1251
f 678//1252 479//1252 481//1252
f 678//1253 481//1253 677//1253
f 679//1254 676//1254 674//1254
f 679//1255 674//1255 672//1255
f 679//1256 672//1256 673//1256
f 679//1257 673//1257 680//1257
f 680//1258 676//1258 679//1258
f 680//1259 673//1259 681//1259
f 681//1260 635//1260 519//1260
f 681//1261 519//1261 790//1261
f 681//1262 673//1262 635//1262
f 637//1263 682//1263 683//1263
f 684//1264 637//1264 683//1264
f 685//1265 683//1265 682//1265
f 640//1266 682//1266 637//1266
f 640//1267 685//1267 682//1267
f 641//1268 777//1268 685//1268
f 685//1269 686//1269 683//1269
f 750//1270 683//1270 686//1270
f 643//1271 642//1271 641//1271
f 642//1272 643//1272 644//1272
f 644//1273 631//1273 642//1273
f 835//1274 642//1274 631//1274
f 687//1275 630//1275 646//1275
f 646//1276 688//1276 687//1276
f 689//1277 630//1277 687//1277
f 646//1278 621//1278 688//1278
f 688//1279 621//1279 596//1279
f 821//1280 596//1280 621//1280
f 573//1281 821//1281 579//1281
f 417//1282 573//1282 416//1282
f 573//1283 417//1283 580//1283
f 690//1284 573//1284 691//1284
f 580//1285 691//1285 573//1285
f 584//1286 585//1286 583//1286
f 694//1287 590//1287 586//1287
f 694//1288 693//1288 590//1288
f 590//1289 693//1289 815//1289
f 694//1290 695//1290 693//1290
f 441//1291 695//1291 694//1291
f 592//1292 587//1292 444//1292
f 696//1293 592//1293 694//1293
f 592//1294 441//1294 694//1294
f 593//1295 695//1295 441//1295
f 697//1296 695//1296 820//1296
f 688//1297 596//1297 597//1297
f 597//1298 420//1298 698//1298
f 702//1299 698//1299 420//1299
f 702//1300 420//1300 409//1300
f 597//1301 698//1301 699//1301
f 597//1302 699//1302 687//1302
f 597//1303 687//1303 688//1303
f 701//1304 699//1304 698//1304
f 699//1305 701//1305 700//1305
f 701//1306 698//1306 702//1306
f 702//1307 410//1307 598//1307
f 701//1308 702//1308 598//1308
f 701//1309 598//1309 700//1309
f 700//1310 598//1310 407//1310
f 703//1311 601//1311 603//1311
f 600//1312 601//1312 704//1312
f 704//1313 601//1313 604//1313
f 604//1314 601//1314 703//1314
f 603//1315 652//1315 705//1315
f 603//1316 712//1316 652//1316
f 652//1317 706//1317 653//1317
f 706//1318 654//1318 653//1318
f 708//1319 650//1319 560//1319
f 650//1320 708//1320 709//1320
f 706//1321 707//1321 654//1321
f 710//1322 707//1322 706//1322
f 711//1323 707//1323 710//1323
f 711//1324 710//1324 712//1324
f 712//1325 710//1325 706//1325
f 712//1326 706//1326 652//1326
f 707//1327 718//1327 654//1327
f 713//1328 654//1328 718//1328
f 717//1329 707//1329 711//1329
f 712//1330 602//1330 711//1330
f 327//1331 351//1331 328//1331
f 323//1332 328//1332 351//1332
f 319//1333 780//1333 328//1333
f 614//1334 501//1334 714//1334
f 555//1335 553//1335 556//1335
f 556//1336 716//1336 715//1336
f 715//1337 716//1337 719//1337
f 715//1338 719//1338 718//1338
f 717//1339 715//1339 718//1339
f 713//1340 718//1340 719//1340
f 716//1341 554//1341 719//1341
f 715//1342 717//1342 720//1342
f 715//1343 720//1343 556//1343
f 717//1344 721//1344 720//1344
f 654//1345 713//1345 708//1345
f 709//1346 708//1346 713//1346
f 709//1347 649//1347 650//1347
f 648//1348 649//1348 709//1348
f 558//1349 649//1349 552//1349
f 649//1350 558//1350 650//1350
f 725//1351 722//1351 655//1351
f 655//1352 656//1352 725//1352
f 705//1353 722//1353 723//1353
f 705//1354 655//1354 722//1354
f 724//1355 705//1355 723//1355
f 723//1356 722//1356 725//1356
f 723//1357 725//1357 724//1357
f 603//1358 705//1358 724//1358
f 724//1359 726//1359 603//1359
f 726//1360 703//1360 603//1360
f 725//1361 726//1361 724//1361
f 656//1362 727//1362 725//1362
f 657//1363 542//1363 544//1363
f 732//1364 657//1364 544//1364
f 544//1365 546//1365 732//1365
f 728//1366 732//1366 546//1366
f 729//1367 546//1367 531//1367
f 730//1368 729//1368 531//1368
f 546//1369 545//1369 531//1369
f 730//1370 514//1370 731//1370
f 737//1371 730//1371 731//1371
f 732//1372 740//1372 657//1372
f 740//1373 733//1373 657//1373
f 733//1374 740//1374 727//1374
f 725//1375 727//1375 772//1375
f 772//1376 727//1376 734//1376
f 734//1377 727//1377 740//1377
f 739//1378 732//1378 728//1378
f 732//1379 739//1379 740//1379
f 739//1380 728//1380 735//1380
f 546//1381 729//1381 728//1381
f 736//1382 728//1382 729//1382
f 736//1383 729//1383 737//1383
f 737//1384 729//1384 730//1384
f 738//1385 737//1385 731//1385
f 741//1386 739//1386 743//1386
f 739//1387 735//1387 743//1387
f 728//1388 742//1388 735//1388
f 739//1389 773//1389 740//1389
f 742//1390 728//1390 736//1390
f 742//1391 736//1391 737//1391
f 735//1392 742//1392 743//1392
f 743//1393 744//1393 741//1393
f 741//1394 745//1394 739//1394
f 748//1395 745//1395 741//1395
f 747//1396 745//1396 748//1396
f 748//1397 741//1397 744//1397
f 743//1398 749//1398 744//1398
f 744//1399 750//1399 748//1399
f 749//1400 743//1400 742//1400
f 744//1401 749//1401 760//1401
f 744//1402 760//1402 750//1402
f 751//1403 683//1403 750//1403
f 751//1404 752//1404 761//1404
f 684//1405 751//1405 761//1405
f 760//1406 751//1406 750//1406
f 749//1407 742//1407 753//1407
f 753//1408 742//1408 737//1408
f 749//1409 753//1409 754//1409
f 753//1410 737//1410 738//1410
f 755//1411 753//1411 738//1411
f 738//1412 800//1412 755//1412
f 754//1413 753//1413 758//1413
f 755//1414 758//1414 753//1414
f 754//1415 762//1415 757//1415
f 758//1416 759//1416 754//1416
f 754//1417 759//1417 797//1417
f 757//1418 760//1418 754//1418
f 749//1419 754//1419 760//1419
f 760//1420 752//1420 751//1420
f 752//1421 760//1421 757//1421
f 752//1422 796//1422 761//1422
f 796//1423 752//1423 757//1423
f 761//1424 763//1424 684//1424
f 684//1425 763//1425 764//1425
f 764//1426 634//1426 633//1426
f 764//1427 633//1427 684//1427
f 684//1428 633//1428 637//1428
f 683//1429 751//1429 684//1429
f 766//1430 374//1430 555//1430
f 556//1431 765//1431 555//1431
f 555//1432 765//1432 766//1432
f 766//1433 767//1433 393//1433
f 767//1434 396//1434 393//1434
f 766//1435 765//1435 767//1435
f 396//1436 768//1436 398//1436
f 768//1437 711//1437 398//1437
f 398//1438 711//1438 602//1438
f 711//1439 721//1439 717//1439
f 707//1440 717//1440 718//1440
f 765//1441 556//1441 720//1441
f 720//1442 767//1442 765//1442
f 767//1443 720//1443 721//1443
f 767//1444 768//1444 396//1444
f 768//1445 767//1445 721//1445
f 711//1446 768//1446 721//1446
f 623//1447 577//1447 625//1447
f 769//1448 532//1448 534//1448
f 769//1449 534//1449 538//1449
f 538//1450 534//1450 535//1450
f 535//1451 346//1451 528//1451
f 528//1452 527//1452 535//1452
f 535//1453 527//1453 538//1453
f 538//1454 527//1454 542//1454
f 122//1455 71//1455 120//1455
f 581//1456 583//1456 582//1456
f 692//1457 583//1457 585//1457
f 583//1458 692//1458 582//1458
f 770//1459 585//1459 584//1459
f 584//1460 589//1460 770//1460
f 771//1461 770//1461 589//1461
f 590//1462 815//1462 589//1462
f 589//1463 815//1463 771//1463
f 713//1464 719//1464 647//1464
f 713//1465 647//1465 709//1465
f 647//1466 719//1466 554//1466
f 604//1467 703//1467 726//1467
f 725//1468 604//1468 726//1468
f 725//1469 704//1469 604//1469
f 704//1470 725//1470 772//1470
f 776//1471 704//1471 772//1471
f 775//1472 734//1472 773//1472
f 734//1473 775//1473 772//1473
f 773//1474 734//1474 740//1474
f 739//1475 774//1475 773//1475
f 774//1476 739//1476 745//1476
f 774//1477 775//1477 773//1477
f 772//1478 775//1478 776//1478
f 776//1479 600//1479 704//1479
f 775//1480 829//1480 776//1480
f 745//1481 832//1481 774//1481
f 832//1482 745//1482 746//1482
f 746//1483 745//1483 747//1483
f 777//1484 748//1484 778//1484
f 778//1485 748//1485 750//1485
f 778//1486 750//1486 686//1486
f 777//1487 747//1487 748//1487
f 779//1488 746//1488 747//1488
f 746//1489 779//1489 835//1489
f 642//1490 835//1490 779//1490
f 777//1491 779//1491 747//1491
f 685//1492 777//1492 686//1492
f 686//1493 777//1493 778//1493
f 512//1494 503//1494 617//1494
f 610//1495 781//1495 609//1495
f 669//1496 609//1496 781//1496
f 782//1497 611//1497 678//1497
f 784//1498 678//1498 677//1498
f 677//1499 675//1499 784//1499
f 675//1500 676//1500 785//1500
f 785//1501 788//1501 675//1501
f 675//1502 788//1502 784//1502
f 678//1503 784//1503 783//1503
f 786//1504 611//1504 782//1504
f 787//1505 782//1505 678//1505
f 783//1506 787//1506 678//1506
f 825//1507 783//1507 788//1507
f 783//1508 784//1508 788//1508
f 785//1509 676//1509 789//1509
f 676//1510 680//1510 789//1510
f 790//1511 680//1511 681//1511
f 636//1512 790//1512 519//1512
f 792//1513 636//1513 634//1513
f 792//1514 634//1514 764//1514
f 636//1515 792//1515 791//1515
f 763//1516 792//1516 764//1516
f 792//1517 763//1517 793//1517
f 793//1518 763//1518 761//1518
f 791//1519 794//1519 636//1519
f 636//1520 794//1520 790//1520
f 790//1521 795//1521 680//1521
f 795//1522 790//1522 794//1522
f 841//1523 794//1523 791//1523
f 791//1524 792//1524 793//1524
f 757//1525 762//1525 798//1525
f 797//1526 762//1526 754//1526
f 798//1527 762//1527 797//1527
f 799//1528 755//1528 756//1528
f 800//1529 756//1529 755//1529
f 801//1530 756//1530 800//1530
f 800//1531 738//1531 731//1531
f 862//1532 731//1532 658//1532
f 802//1533 662//1533 661//1533
f 661//1534 660//1534 802//1534
f 802//1535 660//1535 666//1535
f 666//1536 663//1536 667//1536
f 803//1537 667//1537 668//1537
f 802//1538 803//1538 804//1538
f 667//1539 803//1539 802//1539
f 666//1540 667//1540 802//1540
f 664//1541 805//1541 807//1541
f 665//1542 664//1542 807//1542
f 867//1543 665//1543 807//1543
f 840//1544 807//1544 806//1544
f 805//1545 806//1545 807//1545
f 805//1546 808//1546 806//1546
f 811//1547 806//1547 808//1547
f 805//1548 616//1548 808//1548
f 810//1549 616//1549 809//1549
f 809//1550 669//1550 810//1550
f 616//1551 810//1551 808//1551
f 810//1552 811//1552 808//1552
f 811//1553 810//1553 669//1553
f 811//1554 812//1554 840//1554
f 811//1555 840//1555 806//1555
f 770//1556 813//1556 585//1556
f 814//1557 770//1557 771//1557
f 813//1558 770//1558 814//1558
f 814//1559 771//1559 816//1559
f 815//1560 816//1560 771//1560
f 815//1561 817//1561 816//1561
f 819//1562 817//1562 693//1562
f 693//1563 817//1563 815//1563
f 818//1564 817//1564 819//1564
f 819//1565 693//1565 697//1565
f 695//1566 697//1566 693//1566
f 596//1567 820//1567 593//1567
f 593//1568 820//1568 695//1568
f 821//1569 573//1569 690//1569
f 691//1570 822//1570 690//1570
f 690//1571 596//1571 821//1571
f 697//1572 690//1572 822//1572
f 697//1573 820//1573 690//1573
f 596//1574 690//1574 820//1574
f 787//1575 824//1575 823//1575
f 824//1576 825//1576 858//1576
f 858//1577 825//1577 788//1577
f 783//1578 825//1578 787//1578
f 825//1579 824//1579 787//1579
f 691//1580 580//1580 582//1580
f 692//1581 826//1581 582//1581
f 813//1582 692//1582 585//1582
f 826//1583 813//1583 814//1583
f 582//1584 826//1584 691//1584
f 697//1585 822//1585 819//1585
f 817//1586 818//1586 816//1586
f 822//1587 691//1587 818//1587
f 822//1588 818//1588 819//1588
f 826//1589 818//1589 691//1589
f 826//1590 692//1590 813//1590
f 826//1591 814//1591 827//1591
f 827//1592 816//1592 818//1592
f 827//1593 818//1593 826//1593
f 814//1594 816//1594 827//1594
f 592//1595 696//1595 591//1595
f 630//1596 689//1596 828//1596
f 776//1597 829//1597 600//1597
f 406//1598 600//1598 829//1598
f 774//1599 829//1599 775//1599
f 829//1600 408//1600 406//1600
f 830//1601 774//1601 832//1601
f 774//1602 830//1602 829//1602
f 408//1603 829//1603 830//1603
f 700//1604 408//1604 830//1604
f 832//1605 746//1605 831//1605
f 830//1606 831//1606 833//1606
f 699//1607 689//1607 687//1607
f 699//1608 700//1608 834//1608
f 834//1609 700//1609 830//1609
f 833//1610 834//1610 830//1610
f 689//1611 834//1611 833//1611
f 689//1612 833//1612 828//1612
f 828//1613 645//1613 629//1613
f 828//1614 629//1614 630//1614
f 645//1615 828//1615 833//1615
f 631//1616 645//1616 835//1616
f 833//1617 836//1617 645//1617
f 835//1618 645//1618 836//1618
f 746//1619 835//1619 836//1619
f 746//1620 836//1620 831//1620
f 830//1621 832//1621 831//1621
f 831//1622 836//1622 833//1622
f 669//1623 812//1623 811//1623
f 837//1624 812//1624 838//1624
f 837//1625 838//1625 839//1625
f 839//1626 812//1626 837//1626
f 839//1627 840//1627 812//1627
f 689//1628 699//1628 834//1628
f 841//1629 791//1629 793//1629
f 793//1630 796//1630 841//1630
f 841//1631 796//1631 842//1631
f 796//1632 793//1632 761//1632
f 757//1633 798//1633 796//1633
f 842//1634 796//1634 798//1634
f 798//1635 843//1635 842//1635
f 842//1636 844//1636 841//1636
f 798//1637 797//1637 843//1637
f 759//1638 845//1638 797//1638
f 797//1639 845//1639 843//1639
f 841//1640 846//1640 794//1640
f 846//1641 841//1641 844//1641
f 758//1642 755//1642 847//1642
f 847//1643 755//1643 799//1643
f 799//1644 848//1644 847//1644
f 758//1645 847//1645 759//1645
f 847//1646 850//1646 759//1646
f 852//1647 843//1647 845//1647
f 852//1648 845//1648 851//1648
f 851//1649 845//1649 850//1649
f 845//1650 759//1650 850//1650
f 854//1651 851//1651 856//1651
f 852//1652 851//1652 854//1652
f 852//1653 854//1653 853//1653
f 852//1654 853//1654 844//1654
f 852//1655 844//1655 843//1655
f 846//1656 844//1656 853//1656
f 853//1657 857//1657 846//1657
f 855//1658 857//1658 853//1658
f 853//1659 854//1659 855//1659
f 854//1660 856//1660 855//1660
f 855//1661 856//1661 860//1661
f 857//1662 795//1662 846//1662
f 859//1663 858//1663 785//1663
f 788//1664 785//1664 858//1664
f 795//1665 794//1665 846//1665
f 860//1666 857//1666 855//1666
f 857//1667 869//1667 795//1667
f 530//1668 662//1668 658//1668
f 662//1669 801//1669 658//1669
f 801//1670 862//1670 658//1670
f 731//1671 862//1671 800//1671
f 849//1672 801//1672 662//1672
f 862//1673 801//1673 800//1673
f 789//1674 680//1674 795//1674
f 795//1675 869//1675 789//1675
f 860//1676 861//1676 869//1676
f 860//1677 856//1677 861//1677
f 861//1678 856//1678 872//1678
f 864//1679 865//1679 802//1679
f 863//1680 802//1680 865//1680
f 865//1681 866//1681 863//1681
f 802//1682 804//1682 864//1682
f 803//1683 668//1683 804//1683
f 864//1684 804//1684 668//1684
f 864//1685 668//1685 865//1685
f 867//1686 668//1686 665//1686
f 838//1687 868//1687 839//1687
f 859//1688 785//1688 789//1688
f 869//1689 859//1689 789//1689
f 857//1690 860//1690 869//1690
f 869//1691 871//1691 870//1691
f 861//1692 872//1692 871//1692
f 861//1693 871//1693 869//1693
f 872//1694 856//1694 871//1694
f 844//1695 842//1695 843//1695
