# Blender 5.2.1 LTS
# www.blender.org
mtllib knight_leg_l.mtl
o Knight_LeftLeg
v -0.139739 -0.066977 -0.284666
v -0.129754 -0.050878 -0.132963
v -0.110639 0.012116 -0.125476
v -0.105146 0.008284 -0.137640
v -0.098865 0.006792 -0.154165
v -0.113478 -0.048592 -0.157114
v -0.100936 -0.023820 -0.173406
v -0.102351 -0.036223 -0.182512
v -0.128590 -0.085498 -0.158693
v -0.122939 -0.094542 -0.193453
v -0.132306 -0.115087 -0.201940
v -0.116499 -0.078496 -0.227605
v -0.122263 -0.091693 -0.201533
v -0.155066 -0.167458 -0.193751
v -0.170159 -0.143198 -0.336689
v -0.166594 -0.111648 -0.333000
v -0.156160 -0.174848 -0.402950
v -0.024716 -0.001133 -0.324841
v -0.069134 -0.087083 -0.329859
v 0.066541 -0.078600 -0.329610
v -0.126114 0.051160 -0.323573
v 0.073132 -0.118718 -0.332058
v -0.161111 -0.173971 -0.340727
v -0.055568 -0.144853 -0.336773
v -0.063661 -0.197197 -0.347410
v -0.132568 -0.203105 -0.347477
v -0.120534 -0.217879 -0.351464
v -0.121215 -0.212739 -0.420755
v -0.166787 -0.044972 -0.331023
v -0.145155 -0.064562 -0.392272
v -0.136955 -0.153963 -0.406588
v -0.131705 -0.077208 -0.403170
v -0.129308 -0.092782 -0.405139
v -0.142395 -0.095183 -0.400917
v -0.140074 -0.142371 -0.406445
v -0.131093 -0.109543 -0.401732
v -0.136052 -0.077534 -0.396705
v -0.118545 -0.062528 -0.406862
v -0.121726 -0.091371 -0.402237
v -0.133909 -0.129768 -0.406720
v -0.125637 -0.143637 -0.409489
v -0.129219 -0.128819 -0.402846
v -0.136426 -0.194331 -0.414950
v -0.140851 -0.183431 -0.413483
v -0.128712 -0.154228 -0.411016
v -0.119158 -0.143676 -0.406660
v -0.101624 -0.129484 -0.407365
v -0.108285 -0.115233 -0.405490
v -0.104693 -0.143910 -0.408398
v -0.104057 -0.113091 -0.411402
v -0.095604 -0.125893 -0.414184
v -0.105837 -0.107121 -0.405919
v -0.055791 -0.110877 -0.407855
v -0.093542 -0.118252 -0.407805
v -0.086654 -0.130396 -0.408670
v -0.067887 0.005543 -0.405771
v -0.024255 0.009478 -0.403500
v -0.005717 -0.000481 -0.407094
v 0.024886 -0.006665 -0.400698
v 0.020669 -0.006613 -0.407547
v 0.013878 -0.001140 -0.404328
v 0.022108 -0.027660 -0.406819
v 0.013742 -0.036908 -0.404936
v 0.027021 -0.036660 -0.406120
v 0.030947 -0.021623 -0.398146
v 0.047700 -0.016634 -0.388435
v 0.051216 0.008434 -0.386664
v -0.092951 -0.118171 -0.087390
v -0.165916 -0.173907 -0.026873
v -0.059301 -0.178638 -0.092378
v -0.011010 -0.119171 -0.086694
v -0.013684 -0.014164 -0.093456
v -0.039134 -0.274973 -0.084332
v -0.078824 -0.268871 -0.084887
v -0.061883 -0.288553 -0.082274
v -0.110264 -0.235408 -0.017638
v -0.058477 -0.297754 -0.054042
v -0.055182 -0.293198 -0.080262
v -0.093746 -0.255029 -0.017902
v -0.072804 -0.282936 -0.015857
v -0.055577 -0.298952 -0.052471
v -0.025974 -0.259138 -0.084149
v -0.058001 -0.300103 -0.016156
v -0.081821 -0.265616 -0.014065
v -0.062563 -0.293031 -0.011218
v -0.049501 -0.297062 -0.013303
v -0.046103 -0.290364 -0.010697
v -0.009785 -0.237776 -0.086924
v -0.055525 -0.263805 -0.014213
v -0.046003 -0.257972 -0.013620
v -0.125039 -0.220702 -0.018769
v -0.125638 -0.209098 -0.088152
v -0.095896 -0.245493 -0.086804
v -0.110809 -0.226732 -0.088583
v -0.124885 -0.026039 -0.281706
v -0.115599 -0.047359 -0.260546
v -0.129280 -0.088809 -0.257164
v -0.130828 -0.019210 -0.398821
v -0.138730 -0.156077 -0.015778
v -0.134241 -0.144824 -0.014687
v -0.135932 -0.093186 -0.012933
v -0.132678 -0.113003 -0.013210
v -0.127331 -0.108890 -0.015976
v -0.126680 -0.148315 -0.017106
v -0.108799 -0.127543 -0.014275
v -0.116112 -0.171632 -0.012171
v -0.125081 -0.215540 -0.012318
v -0.116640 -0.193054 -0.013326
v -0.106417 -0.213821 -0.010780
v -0.120497 -0.174449 -0.017215
v -0.107524 -0.152525 -0.015046
v -0.105239 -0.117387 -0.012783
v -0.140053 -0.090990 -0.018071
v -0.124602 -0.096994 -0.010543
v -0.109910 -0.088858 -0.011355
v -0.106569 -0.122216 -0.009109
v -0.100368 -0.140283 -0.012223
v -0.140383 -0.033330 -0.014216
v -0.118682 -0.073859 -0.007726
v -0.122161 -0.071522 -0.012387
v -0.120709 -0.058326 -0.006834
v -0.109226 -0.157809 -0.011057
v -0.106271 -0.175877 -0.011668
v -0.129830 -0.168710 -0.017026
v -0.126712 -0.041409 -0.399552
v -0.123949 0.001037 -0.402425
v -0.127781 -0.027284 -0.406074
v -0.120802 -0.045635 -0.407011
v -0.123012 -0.004238 -0.407811
v -0.120487 -0.025779 -0.406982
v -0.096037 0.012640 -0.408085
v -0.118169 -0.013554 -0.403968
v -0.109940 -0.036597 -0.404884
v -0.110180 -0.045244 -0.409366
v -0.119727 -0.058836 -0.401237
v -0.085687 -0.037601 -0.408850
v -0.131471 -0.037529 -0.010555
v -0.127738 -0.042028 -0.006005
v -0.108023 -0.080166 -0.006146
v -0.074395 -0.103166 -0.012711
v -0.103687 -0.063524 -0.007857
v -0.110413 -0.061075 -0.004652
v -0.119344 -0.037975 -0.007196
v -0.122873 -0.016593 -0.002203
v -0.126113 -0.014163 -0.006193
v -0.119044 -0.019814 -0.004965
v -0.109179 0.038321 0.000472
v -0.151542 -0.159100 -0.225214
v -0.103973 -0.147890 -0.413604
v -0.126413 -0.161541 -0.408948
v -0.098964 -0.237262 -0.425697
v -0.105797 -0.226217 -0.426596
v -0.117964 -0.204861 -0.424613
v -0.116369 -0.177103 -0.415951
v -0.119345 -0.165410 -0.408371
v -0.113749 -0.162888 -0.414070
v -0.104653 -0.165929 -0.416569
v -0.102059 -0.186991 -0.419549
v -0.090006 -0.144541 -0.415383
v -0.091313 -0.214746 -0.425006
v -0.089090 -0.151778 -0.410433
v -0.017041 -0.167195 -0.412172
v -0.098352 -0.164262 -0.412172
v -0.098447 -0.183259 -0.415757
v -0.082992 -0.168352 -0.413555
v -0.074465 -0.171736 -0.414258
v -0.080042 -0.171117 -0.420278
v -0.082423 -0.195142 -0.418973
v -0.086390 -0.206742 -0.425979
v -0.074003 -0.182865 -0.422123
v -0.069253 -0.185581 -0.417314
v -0.029093 -0.176222 -0.414051
v -0.009835 -0.126090 -0.408682
v 0.001248 -0.061747 -0.407245
v 0.006022 -0.079428 -0.406503
v -0.049311 -0.110168 -0.014941
v -0.086910 -0.138292 -0.013843
v -0.094380 -0.133922 -0.009264
v -0.093459 -0.155779 -0.009574
v -0.093612 -0.162612 -0.014907
v -0.101555 -0.201301 -0.010227
v -0.105327 -0.226974 -0.013933
v -0.097461 -0.199834 -0.014886
v -0.093969 -0.220746 -0.014731
v -0.077901 -0.217380 -0.009595
v -0.087661 -0.215024 -0.009040
v -0.083961 -0.203233 -0.015217
v -0.085328 -0.174972 -0.014745
v -0.082877 -0.177204 -0.009840
v -0.075874 -0.179783 -0.014412
v -0.081312 -0.205135 -0.010823
v -0.075036 -0.236002 -0.012662
v -0.062761 -0.248957 -0.017159
v -0.075774 -0.222144 -0.015077
v -0.032591 -0.224822 -0.015411
v -0.042823 -0.246303 -0.016779
v -0.034599 -0.273894 -0.013315
v -0.024664 -0.267226 -0.017937
v -0.002035 -0.240996 -0.020847
v -0.013834 -0.220520 -0.013716
v -0.034335 -0.239025 -0.012817
v -0.029981 -0.217901 -0.010214
v -0.070940 -0.206498 -0.014148
v -0.076317 -0.190332 -0.010189
v -0.036477 -0.201516 -0.013814
v -0.022883 -0.209992 -0.011076
v -0.030281 -0.189156 -0.009881
v -0.017515 -0.215845 -0.009923
v -0.031300 -0.180933 -0.014702
v -0.023816 -0.203150 -0.014930
v -0.011178 -0.247309 -0.015386
v 0.047633 -0.006734 -0.097306
v 0.055944 -0.068210 -0.094927
v 0.059187 -0.099787 -0.092307
v 0.053849 -0.007246 -0.095612
v 0.031113 0.017471 -0.097390
v 0.015432 0.020139 -0.109086
v 0.025075 -0.053622 -0.139513
v 0.003777 0.010273 -0.130590
v 0.007317 0.014692 -0.121275
v -0.092530 0.006043 -0.183355
v -0.094110 0.010133 -0.188547
v -0.095174 -0.030478 -0.182637
v -0.094554 -0.024092 -0.178381
v -0.094038 -0.038801 -0.183232
v -0.107584 -0.052723 -0.183336
v -0.105938 -0.051528 -0.198592
v -0.112544 -0.067501 -0.199092
v -0.103738 -0.046121 -0.216098
v -0.106419 -0.003428 -0.262708
v -0.093662 0.002512 -0.222712
v -0.062492 -0.036083 -0.016503
v 0.003152 -0.232428 -0.015486
v -0.006179 -0.199874 -0.010719
v 0.031371 -0.195837 -0.088765
v 0.014903 -0.212365 -0.088926
v 0.000849 -0.225679 -0.088897
v -0.105249 -0.067684 -0.410234
v 0.013522 -0.226759 -0.349867
v -0.021762 -0.262493 -0.355338
v -0.012351 -0.250210 -0.352347
v -0.089144 -0.255543 -0.359792
v -0.104400 -0.236398 -0.356087
v -0.102333 -0.018625 -0.245760
v -0.104186 -0.035563 -0.236994
v -0.096540 -0.039937 -0.222246
v -0.096941 -0.030706 -0.236098
v -0.094783 -0.015082 -0.239870
v -0.091931 -0.032838 -0.221745
v -0.090846 -0.043967 -0.219199
v -0.090515 -0.045640 -0.212065
v -0.092954 -0.047116 -0.190344
v -0.095294 -0.007089 -0.184524
v -0.096140 -0.007734 -0.192543
v -0.093584 0.000215 -0.213352
v -0.098186 -0.004676 -0.240006
v -0.087965 -0.006846 -0.215826
v -0.089815 -0.005498 -0.227744
v -0.089939 -0.006927 -0.199883
v -0.091644 -0.014213 -0.191518
v -0.034755 -0.009995 -0.016551
v -0.018266 -0.066364 -0.008652
v -0.017926 -0.137102 -0.013730
v -0.011889 -0.134609 -0.008960
v -0.003165 -0.119819 -0.013157
v -0.001745 -0.064930 -0.007695
v -0.098925 -0.063418 -0.407142
v -0.074698 -0.271455 -0.424421
v -0.084758 -0.255720 -0.426898
v -0.074956 -0.197137 -0.426423
v -0.085025 -0.247046 -0.430206
v -0.012659 -0.152958 -0.410211
v -0.009936 -0.152214 -0.414513
v -0.024239 -0.174387 -0.418931
v -0.019998 -0.173081 -0.418483
v -0.019816 -0.184382 -0.414641
v -0.036575 -0.203120 -0.419314
v -0.032050 -0.201441 -0.423933
v -0.024948 -0.197535 -0.421853
v -0.021165 -0.200568 -0.417402
v -0.005155 -0.192376 -0.415213
v 0.000036 -0.169607 -0.411981
v 0.004649 -0.166148 -0.416341
v -0.007517 -0.132870 -0.414777
v 0.002634 -0.118362 -0.413686
v 0.009483 -0.109876 -0.406808
v 0.021695 -0.094580 -0.404182
v 0.029949 -0.107266 -0.402993
v 0.018451 -0.084679 -0.409902
v 0.004978 -0.067975 -0.411226
v 0.010943 -0.050816 -0.410399
v 0.018147 -0.062767 -0.408639
v 0.021047 -0.061812 -0.402194
v 0.037478 -0.083897 -0.404693
v 0.036122 -0.108433 -0.407523
v 0.032373 -0.130906 -0.404019
v 0.034782 -0.077041 -0.399373
v 0.028395 -0.042377 -0.399720
v 0.003325 0.021013 -0.004056
v 0.005105 -0.008919 -0.003756
v 0.009219 -0.045217 -0.007312
v 0.014432 -0.014974 -0.003909
v 0.021001 -0.035521 -0.005050
v 0.004433 -0.062490 -0.004898
v 0.001888 -0.079855 -0.006326
v 0.001055 -0.085768 -0.010464
v 0.001173 -0.123686 -0.010042
v 0.020214 -0.110040 -0.015772
v 0.023701 -0.140206 -0.017404
v 0.028827 -0.128888 -0.014076
v 0.020944 -0.101578 -0.011406
v 0.032055 -0.158123 -0.015409
v 0.041811 -0.141599 -0.017966
v 0.040111 -0.106717 -0.017022
v -0.006252 -0.140399 -0.010253
v -0.010100 -0.166734 -0.014856
v 0.017185 -0.217693 -0.012648
v 0.001673 -0.215030 -0.010942
v -0.020628 -0.177291 -0.014869
v -0.025049 -0.178380 -0.009723
v -0.008267 -0.196506 -0.014938
v -0.010621 -0.158692 -0.009739
v 0.005680 -0.157385 -0.011386
v 0.001176 -0.174933 -0.011295
v 0.007696 -0.195593 -0.012525
v 0.010859 -0.172236 -0.012512
v -0.001161 -0.150873 -0.014372
v 0.000347 -0.131072 -0.014118
v 0.014521 -0.151939 -0.016534
v 0.048987 -0.186115 -0.024990
v 0.062831 -0.164204 -0.090479
v 0.032314 -0.204282 -0.018997
v 0.031563 -0.198858 -0.015360
v -0.074368 -0.221252 -0.425377
v -0.068581 -0.204587 -0.421917
v -0.031342 -0.216892 -0.420676
v -0.024774 -0.224567 -0.423608
v -0.073781 -0.230055 -0.428900
v -0.020941 -0.212683 -0.425238
v -0.059689 -0.242361 -0.425226
v -0.049122 -0.255286 -0.423131
v -0.053981 -0.256366 -0.427375
v -0.074186 -0.277135 -0.364277
v -0.056621 -0.300465 -0.368554
v -0.071352 -0.267656 -0.429042
v -0.065005 -0.282617 -0.423869
v -0.053583 -0.298857 -0.417377
v -0.052096 -0.299100 -0.365243
v -0.034156 -0.278179 -0.359431
v -0.043132 -0.291094 -0.364621
v -0.051084 -0.301972 -0.369390
v -0.046554 -0.261178 -0.425942
v -0.049650 -0.293331 -0.422210
v -0.038259 -0.244195 -0.424480
v -0.002576 -0.193896 -0.419307
v -0.022061 -0.257127 -0.422440
v -0.038914 -0.286621 -0.420278
v -0.046163 -0.299356 -0.412200
v 0.001216 -0.238936 -0.351176
v -0.025591 -0.270964 -0.418775
v 0.001836 -0.235284 -0.417613
v 0.012783 -0.227749 -0.415465
v 0.012815 -0.219532 -0.420799
v 0.026084 -0.215594 -0.413981
v 0.043804 -0.197913 -0.406626
v 0.048805 -0.192388 -0.344632
v 0.054809 -0.185032 -0.404191
v 0.038806 -0.160118 -0.406381
v 0.037198 -0.200299 -0.412478
v 0.000518 -0.207437 -0.421400
v 0.017843 -0.181049 -0.413388
v -0.002588 -0.001299 -0.148843
v -0.001665 -0.023395 -0.172024
v 0.017676 -0.064385 -0.160660
v 0.005409 -0.050205 -0.180618
v 0.000564 -0.038825 -0.180629
v -0.006740 -0.025055 -0.175715
v -0.008163 -0.012232 -0.184779
v -0.010097 0.002483 -0.187388
v -0.006830 -0.030338 -0.183130
v -0.011204 -0.016445 -0.198373
v -0.008842 0.006094 -0.167337
v -0.007951 -0.007215 -0.233431
v 0.001779 -0.018694 -0.251600
v -0.009491 -0.250550 -0.416589
v -0.014390 -0.218431 -0.419864
v 0.018075 0.021956 -0.004587
v 0.025927 -0.036243 -0.010593
v 0.020158 -0.047470 -0.006513
v 0.011677 -0.069239 -0.007495
v 0.032185 -0.209224 -0.347711
v 0.066944 -0.170314 -0.402360
v 0.077935 -0.160107 -0.398386
v 0.049994 -0.148256 -0.402401
v 0.017036 -0.167621 -0.413782
v 0.014817 -0.153482 -0.413621
v 0.004588 -0.126038 -0.407776
v -0.001883 -0.140229 -0.413867
v 0.001287 -0.138865 -0.408934
v 0.046931 -0.090168 -0.395614
v 0.047731 -0.050525 -0.391655
v 0.051913 -0.029220 -0.390237
v 0.074809 -0.162363 -0.336929
v 0.021566 -0.169361 -0.407696
v 0.032715 -0.159801 -0.411518
v 0.017554 -0.149665 -0.407375
v 0.034653 -0.138976 -0.409531
v -0.013891 -0.012831 -0.207671
v -0.011753 -0.007911 -0.202294
v -0.011924 -0.037923 -0.191548
v -0.010574 -0.036109 -0.217329
v -0.009318 -0.031767 -0.219787
v -0.009213 -0.046945 -0.220152
v -0.007179 -0.053562 -0.212240
v -0.005816 -0.053883 -0.187684
v -0.002601 -0.054058 -0.201296
v 0.002945 -0.054105 -0.211013
v 0.001213 -0.039693 -0.238285
v 0.041251 -0.001253 -0.300215
v 0.023057 -0.064093 -0.266041
v 0.026452 -0.032630 -0.283259
v 0.036979 -0.086135 -0.273592
v 0.072067 0.009983 -0.312186
v -0.001962 -0.044588 -0.223504
v 0.016979 -0.075510 -0.243763
v 0.014745 -0.080543 -0.206677
v 0.053536 -0.160362 -0.226600
v 0.062371 -0.087391 -0.295343
v 0.077217 -0.083662 -0.303606
v 0.060722 -0.123616 -0.277621
v 0.090986 -0.142672 -0.290595
v 0.060963 -0.025790 -0.307060
v 0.121476 -0.024943 -0.310889
v 0.149241 -0.053051 -0.304340
v 0.087997 -0.069252 -0.308427
v 0.093498 -0.119944 -0.300317
v 0.116237 -0.138525 -0.302312
v 0.076674 -0.146417 -0.278364
v 0.062159 -0.152450 -0.259681
v 0.056284 -0.158092 -0.241851
v 0.017611 -0.082025 -0.200527
v 0.034173 -0.117900 -0.203028
v 0.060041 -0.181146 -0.248904
v 0.046666 -0.146502 -0.206522
v 0.054421 -0.167496 -0.206362
v 0.071638 -0.171006 -0.270816
v 0.093836 -0.164479 -0.293076
v 0.077848 -0.180100 -0.258514
v 0.069380 -0.185197 -0.243906
v 0.064239 -0.189374 -0.229932
v 0.044172 -0.141085 -0.196106
v 0.055749 -0.138429 -0.158177
v 0.006562 -0.056541 -0.188876
v -0.008339 -0.042560 -0.183705
v 0.058127 -0.163815 -0.093669
v 0.041901 -0.184732 -0.091173
v 0.061655 -0.135651 -0.092504
v 0.066936 -0.007155 -0.326711
v 0.072829 -0.030343 -0.331438
v 0.024284 -0.149664 -0.014162
v 0.025001 -0.169523 -0.017103
v 0.014865 -0.176479 -0.016916
v 0.024380 -0.081321 -0.015117
v 0.025311 -0.087181 -0.011530
v 0.062398 -0.144726 -0.019000
v 0.038538 -0.155627 -0.020425
v 0.051325 -0.179895 -0.021092
v 0.058702 -0.073266 -0.021715
v 0.020510 -0.054701 -0.011649
v 0.032851 -0.044982 -0.015308
v 0.038379 -0.062372 -0.015861
v 0.034149 -0.090146 -0.019063
v 0.063991 -0.139990 -0.021446
v 0.064633 -0.165287 -0.024431
v 0.057086 -0.048415 -0.092153
v 0.052935 0.019045 -0.086321
v 0.047487 -0.100448 -0.402687
v 0.051825 -0.102857 -0.398586
v 0.074912 -0.089402 -0.391817
v 0.053344 -0.071699 -0.394868
v 0.072224 -0.063722 -0.388257
v 0.072578 -0.043302 -0.383883
v 0.070052 -0.005571 -0.379321
v 0.075683 -0.116990 -0.334784
v 0.032741 -0.013187 -0.011851
v 0.055386 -0.012546 -0.019018
v 0.053110 -0.013600 -0.099512
v 0.039702 0.000355 -0.100942
v 0.058446 -0.043140 -0.107551
v 0.039608 -0.058306 -0.126633
v 0.058490 -0.189449 -0.200953
v 0.056292 -0.186866 -0.227697
v 0.063392 -0.192487 -0.215063
v 0.067897 -0.194721 -0.194908
v 0.058620 -0.173154 -0.189650
v 0.065710 -0.213580 -0.237391
v 0.071318 -0.177081 -0.164132
v 0.098225 -0.085864 -0.099037
v 0.080444 -0.147758 -0.134046
v 0.088491 -0.134987 -0.121617
v 0.095060 -0.128916 -0.115567
v 0.102472 -0.131694 -0.114076
v 0.075247 -0.147486 -0.131104
v 0.099662 -0.120062 -0.104008
v 0.072988 -0.153988 -0.118961
v 0.079172 -0.149284 -0.136018
v 0.086284 -0.146619 -0.129319
v 0.083516 -0.143061 -0.129284
v 0.082477 -0.150476 -0.134394
v 0.087297 0.021025 -0.077897
v 0.131779 -0.017637 -0.069374
v 0.110435 -0.115258 -0.105465
v 0.101822 -0.121965 -0.110671
v 0.098634 -0.127088 -0.095918
v 0.088507 -0.142002 -0.104190
v 0.068129 -0.163067 -0.147290
v 0.063972 -0.176449 -0.157498
v 0.052210 -0.171345 -0.159349
v 0.050412 -0.184984 -0.164729
v 0.046742 -0.171930 -0.153169
v 0.058361 -0.176293 -0.135269
v 0.047365 -0.182123 -0.147623
v 0.055585 -0.220131 -0.192903
v 0.054214 -0.206336 -0.163865
v 0.056614 -0.183376 -0.171332
v 0.063535 -0.192310 -0.176527
v 0.056915 -0.199786 -0.182861
v 0.084997 -0.154404 -0.128948
v 0.079497 -0.184664 -0.139225
v 0.084925 -0.177183 -0.148801
v 0.075217 -0.191640 -0.163117
v 0.064775 -0.190360 -0.180014
v 0.064754 -0.218516 -0.223653
v 0.057547 -0.218418 -0.231087
v 0.069544 -0.208018 -0.250073
v 0.090296 -0.174431 -0.272253
v 0.063446 -0.209060 -0.255383
v 0.075939 -0.203514 -0.262256
v 0.060390 -0.213808 -0.256326
v 0.054179 -0.225178 -0.228977
v 0.057511 -0.252458 -0.236418
v 0.059979 -0.246208 -0.257793
v 0.060794 -0.261874 -0.214442
v 0.060377 -0.260884 -0.231723
v 0.064373 -0.251076 -0.261540
v 0.070155 -0.257917 -0.247622
v 0.069008 -0.264843 -0.227361
v 0.076896 -0.250876 -0.266467
v 0.067843 -0.240495 -0.275582
v 0.077624 -0.241554 -0.285212
v 0.080245 -0.284082 -0.270490
v 0.083955 -0.280501 -0.277237
v 0.073400 -0.274709 -0.297800
v 0.063154 -0.281621 -0.282594
v 0.076562 -0.289251 -0.260178
v 0.069177 -0.288773 -0.300294
v 0.062144 -0.300874 -0.284300
v 0.073284 -0.294063 -0.302818
v 0.071435 -0.319178 -0.313466
v 0.087577 -0.277927 -0.285279
v 0.082967 -0.269810 -0.308044
v 0.087253 -0.244252 -0.282081
v 0.070696 -0.207282 -0.272615
v 0.080847 -0.232288 -0.290708
v 0.076719 -0.163678 -0.339716
v 0.060488 -0.179811 -0.341082
v 0.046993 -0.144930 -0.406402
v 0.052312 -0.139521 -0.402092
v 0.075898 -0.148717 -0.401649
v 0.076531 -0.120580 -0.396937
v 0.054546 -0.119775 -0.401014
v 0.056779 -0.248733 -0.186954
v 0.054047 -0.226177 -0.177616
v 0.068370 -0.261374 -0.179501
v 0.060800 -0.254488 -0.188844
v 0.068324 -0.256764 -0.193806
v 0.072891 -0.237714 -0.170397
v 0.075316 -0.230965 -0.152216
v 0.081415 -0.268510 -0.170538
v 0.069869 -0.269212 -0.181267
v 0.072635 -0.265443 -0.186109
v 0.058755 -0.236398 -0.201386
v 0.065995 -0.268419 -0.210048
v 0.073496 -0.294902 -0.242367
v 0.075145 -0.296708 -0.221827
v 0.073264 -0.270415 -0.210981
v 0.079354 -0.274401 -0.199278
v 0.066837 -0.267364 -0.199060
v 0.071859 -0.271441 -0.189446
v 0.058932 -0.283846 -0.189130
v 0.067765 -0.295024 -0.201073
v 0.078949 -0.275934 -0.193752
v 0.082337 -0.284182 -0.199088
v 0.081599 -0.299043 -0.207987
v 0.072873 -0.304131 -0.208191
v 0.073388 -0.307580 -0.213995
v 0.058673 -0.296938 -0.248218
v 0.063037 -0.298970 -0.230015
v 0.063015 -0.313400 -0.234564
v 0.057187 -0.312519 -0.255390
v 0.061375 -0.317869 -0.248035
v 0.055119 -0.324951 -0.257170
v 0.068205 -0.331792 -0.235137
v 0.072430 -0.319944 -0.227673
v 0.053249 -0.378416 -0.274834
v 0.062108 -0.317574 -0.264096
v 0.059608 -0.309895 -0.269614
v 0.059272 -0.338241 -0.271567
v 0.064711 -0.346721 -0.243819
v 0.057820 -0.370446 -0.279400
v 0.053670 -0.372899 -0.285947
v 0.054212 -0.370053 -0.295492
v 0.057916 -0.369467 -0.310237
v 0.059592 -0.299396 -0.258158
v 0.057775 -0.291421 -0.264146
v 0.065321 -0.294766 -0.256506
v 0.050706 -0.373629 -0.303802
v 0.053470 -0.376873 -0.309114
v 0.050804 -0.380366 -0.282701
v 0.053525 -0.387704 -0.293438
v 0.050189 -0.393812 -0.294461
v 0.054324 -0.376215 -0.320347
v 0.053575 -0.408315 -0.313700
v 0.057367 -0.392269 -0.323930
v 0.061233 -0.382433 -0.326666
v 0.054028 -0.400643 -0.293078
v 0.051785 -0.408395 -0.302181
v 0.064702 -0.367771 -0.322632
v 0.053784 -0.184814 -0.141938
v 0.074740 -0.209283 -0.147714
v 0.084935 -0.259746 -0.149834
v 0.085179 -0.208870 -0.125350
v 0.071667 -0.163157 -0.121236
v 0.061385 -0.163221 -0.144803
v 0.082280 -0.191301 -0.129825
v 0.091944 -0.176942 -0.119107
v 0.095930 -0.263642 -0.134937
v 0.095369 -0.223279 -0.117274
v 0.090592 -0.278835 -0.160066
v 0.067023 -0.296724 -0.171729
v 0.070924 -0.307344 -0.204975
v 0.079033 -0.316347 -0.190114
v 0.076516 -0.303650 -0.161142
v 0.095474 -0.327444 -0.165788
v 0.086957 -0.333667 -0.186637
v 0.076794 -0.324343 -0.204409
v 0.081382 -0.327523 -0.206569
v 0.077006 -0.335465 -0.214791
v 0.070646 -0.336697 -0.215783
v 0.083744 -0.341691 -0.203960
v 0.067974 -0.319465 -0.218604
v 0.058419 -0.351075 -0.237805
v 0.065613 -0.355568 -0.225839
v 0.051583 -0.373680 -0.248020
v 0.063548 -0.370672 -0.230510
v 0.064147 -0.404385 -0.325621
v 0.068349 -0.368141 -0.331801
v 0.077745 -0.363704 -0.336281
v 0.088173 -0.327784 -0.335080
v 0.076229 -0.368258 -0.339006
v 0.082150 -0.382526 -0.347166
v 0.084612 -0.374005 -0.344315
v 0.120799 -0.348956 -0.358669
v 0.090123 -0.287392 -0.319680
v 0.128891 -0.301521 -0.349240
v 0.086275 -0.390363 -0.346815
v 0.054602 -0.410199 -0.291211
v 0.061519 -0.436150 -0.298056
v 0.057044 -0.408547 -0.279400
v 0.055928 -0.388186 -0.284287
v 0.058783 -0.412639 -0.312507
v 0.072306 -0.400897 -0.336967
v 0.132607 -0.392189 -0.365294
v 0.081823 -0.428659 -0.339674
v 0.067676 -0.433938 -0.321415
v 0.056511 -0.408576 -0.269590
v 0.059372 -0.381322 -0.237710
v 0.063527 -0.378731 -0.252705
v 0.059995 -0.367362 -0.255001
v 0.071115 -0.382980 -0.243733
v 0.061272 -0.426238 -0.280004
v 0.067241 -0.448929 -0.264633
v 0.068395 -0.446239 -0.279832
v 0.073775 -0.454352 -0.318693
v 0.075209 -0.468159 -0.287547
v 0.065858 -0.445140 -0.284489
v 0.076805 -0.465733 -0.279824
v 0.133782 -0.355573 -0.362706
v 0.113571 -0.280364 -0.334683
v 0.100662 -0.274122 -0.330537
v 0.094343 -0.263523 -0.317503
v 0.092660 -0.273513 -0.294726
v 0.106804 -0.269447 -0.302998
v 0.104360 -0.259733 -0.325020
v 0.117064 -0.254998 -0.331113
v 0.119419 -0.267873 -0.339284
v 0.115154 -0.257577 -0.321772
v 0.086119 -0.280057 -0.318808
v 0.061500 -0.229269 -0.200604
v 0.067498 -0.223707 -0.210004
v 0.073736 -0.228271 -0.194336
v 0.071868 -0.229192 -0.191028
v 0.166569 0.025765 -0.084054
v 0.062100 -0.246899 -0.202943
v 0.056558 -0.286856 -0.185291
v 0.062893 -0.211432 -0.191023
v 0.079575 -0.232738 -0.185298
v 0.076394 -0.196163 -0.180286
v 0.075245 -0.194732 -0.170009
v 0.088102 -0.197059 -0.166466
v 0.089742 -0.194344 -0.150673
v 0.080658 -0.235344 -0.179230
v 0.077204 -0.212323 -0.165341
v 0.096095 -0.222551 -0.141629
v 0.082498 -0.223688 -0.167278
v 0.101133 -0.194736 -0.155738
v 0.091378 -0.236618 -0.173201
v 0.119568 -0.218253 -0.152016
v 0.118648 -0.246215 -0.156068
v 0.090561 -0.241965 -0.164020
v 0.106692 -0.243823 -0.162443
v 0.099884 -0.251067 -0.153562
v 0.106329 -0.262303 -0.149806
v 0.104891 -0.257976 -0.152026
v 0.115024 -0.252159 -0.148802
v 0.091612 -0.189696 -0.143834
v 0.079196 -0.387582 -0.233375
v 0.070918 -0.387788 -0.222625
v 0.087316 -0.431894 -0.230340
v 0.091897 -0.393634 -0.219202
v 0.101369 -0.398061 -0.209365
v 0.109704 -0.402747 -0.202362
v 0.082406 -0.394222 -0.208797
v 0.095711 -0.401335 -0.194651
v 0.092168 -0.385452 -0.195055
v 0.076945 -0.379458 -0.212766
v 0.118245 -0.446665 -0.203218
v 0.116705 -0.407506 -0.197302
v 0.126440 -0.415113 -0.191452
v 0.106818 -0.406866 -0.185957
v 0.107499 -0.393348 -0.181721
v 0.101746 -0.384375 -0.190290
v 0.096505 -0.375324 -0.192991
v 0.119385 -0.415200 -0.180577
v 0.115475 -0.388612 -0.179085
v 0.091928 -0.370844 -0.191032
v 0.088961 -0.377550 -0.204163
v 0.083151 -0.376100 -0.211473
v 0.083343 -0.370717 -0.202546
v 0.105001 -0.370843 -0.182751
v 0.130195 -0.403368 -0.173352
v 0.148167 -0.436801 -0.182623
v 0.128548 -0.511832 -0.217706
v 0.158403 -0.501773 -0.196871
v 0.097938 -0.468129 -0.229720
v 0.083896 -0.486208 -0.260675
v 0.075564 -0.472579 -0.269224
v 0.069545 -0.366402 -0.231934
v 0.071468 -0.371448 -0.222653
v 0.073321 -0.350926 -0.223380
v 0.078749 -0.364340 -0.215312
v 0.075040 -0.294836 -0.254969
v 0.105222 -0.514012 -0.310066
v 0.092934 -0.463117 -0.336193
v 0.105052 -0.442075 -0.349616
v 0.138297 -0.274967 -0.340996
v 0.138646 -0.265708 -0.342306
v 0.181412 -0.318355 -0.348184
v 0.154107 -0.251395 -0.335013
v 0.116571 -0.266926 -0.308954
v 0.097103 -0.272310 -0.295685
v 0.126770 -0.262284 -0.315349
v 0.129923 -0.252728 -0.334756
v 0.123187 -0.265272 -0.311655
v 0.135929 -0.258851 -0.314596
v 0.127046 -0.245692 -0.310483
v 0.086620 -0.331536 -0.198549
v 0.087915 -0.344615 -0.191132
v 0.076302 -0.350010 -0.210411
v 0.093048 -0.338468 -0.189717
v 0.083526 -0.353645 -0.204590
v 0.093630 -0.351309 -0.191272
v 0.090603 -0.364371 -0.197807
v 0.080445 -0.204235 -0.283143
v 0.086037 -0.198493 -0.274285
v 0.094980 -0.232757 -0.301332
v 0.112208 -0.236160 -0.300304
v 0.130195 -0.232468 -0.307246
v 0.143628 -0.259371 -0.317107
v 0.127365 -0.226799 -0.311327
v 0.158309 -0.221412 -0.311037
v 0.161798 -0.230435 -0.308076
v 0.178960 -0.239153 -0.308495
v 0.167619 -0.250900 -0.323286
v 0.166375 -0.266234 -0.337573
v 0.189393 -0.361269 -0.357633
v 0.200710 -0.300969 -0.334996
v 0.192547 -0.267231 -0.329192
v 0.165879 -0.257688 -0.312850
v 0.177029 -0.254518 -0.308725
v 0.181632 -0.251960 -0.326907
v 0.199811 -0.260675 -0.299890
v 0.197003 -0.252620 -0.319549
v 0.182296 -0.275258 -0.332263
v 0.215272 -0.281714 -0.314116
v 0.213810 -0.271476 -0.316982
v 0.204257 -0.253717 -0.293365
v 0.185102 -0.257585 -0.307665
v 0.198526 -0.242422 -0.298120
v 0.097028 -0.340333 -0.181469
v 0.092185 -0.311594 -0.145844
v 0.111126 -0.318288 -0.129673
v 0.100177 -0.284928 -0.150384
v 0.113320 -0.288665 -0.138708
v 0.124058 -0.339290 -0.144354
v 0.108294 -0.346500 -0.162966
v 0.119016 -0.353090 -0.162639
v 0.087659 -0.195460 -0.144715
v 0.077775 -0.193263 -0.147785
v 0.097683 -0.176534 -0.130283
v 0.096824 -0.144705 -0.118030
v 0.112801 -0.141139 -0.111010
v 0.106145 -0.196637 -0.121739
v 0.121593 -0.181588 -0.107535
v 0.113892 -0.160108 -0.118107
v 0.132559 -0.143277 -0.107726
v 0.096826 -0.137206 -0.118769
v 0.092488 -0.142830 -0.123894
v 0.102922 -0.132648 -0.111778
v 0.117439 -0.127410 -0.104316
v 0.105096 -0.128133 -0.109161
v 0.148113 -0.128826 -0.100191
v 0.141486 -0.162014 -0.097037
v 0.150664 -0.144244 -0.095553
v 0.120871 -0.225023 -0.116008
v 0.115005 -0.253297 -0.132239
v 0.107064 -0.265270 -0.155136
v 0.110660 -0.272559 -0.156911
v 0.117412 -0.281430 -0.154051
v 0.139725 -0.270445 -0.122588
v 0.132865 -0.279645 -0.134643
v 0.130224 -0.289089 -0.152029
v 0.136027 -0.248670 -0.148915
v 0.148408 -0.223728 -0.144354
v 0.127935 -0.182936 -0.141288
v 0.113613 -0.189694 -0.147446
v 0.106198 -0.190501 -0.139241
v 0.097491 -0.172846 -0.136362
v 0.107701 -0.184918 -0.133871
v 0.152704 -0.249938 -0.144208
v 0.139499 -0.259366 -0.140323
v 0.136602 -0.273166 -0.148135
v 0.138449 -0.291633 -0.151718
v 0.141700 -0.293040 -0.157396
v 0.154442 -0.251414 -0.107337
v 0.155126 -0.190593 -0.096031
v 0.156443 -0.216840 -0.098313
v 0.162448 -0.271940 -0.114372
v 0.175288 -0.225456 -0.108392
v 0.172910 -0.167124 -0.106647
v 0.161765 -0.245767 -0.104931
v 0.153945 -0.289225 -0.130965
v 0.169518 -0.286850 -0.127494
v 0.169329 -0.293856 -0.138499
v 0.162069 -0.298621 -0.147839
v 0.189701 -0.195317 -0.119415
v 0.185898 -0.254195 -0.122691
v 0.173193 -0.275233 -0.121217
v 0.202627 -0.215964 -0.136110
v 0.162501 -0.135009 -0.109847
v 0.101649 -0.123956 -0.110333
v 0.106091 -0.121075 -0.108274
v 0.101315 -0.126263 -0.111846
v 0.116193 -0.164605 -0.126166
v 0.119460 -0.183778 -0.131661
v 0.153825 -0.131521 -0.108998
v 0.115474 -0.108614 -0.102152
v 0.149507 -0.103291 -0.096810
v 0.177018 -0.074146 -0.106782
v 0.137026 -0.044044 -0.075533
v 0.143226 -0.069341 -0.083579
v 0.186813 -0.034340 -0.108505
v 0.207253 -0.030072 -0.139161
v 0.188652 -0.124029 -0.132264
v 0.178480 -0.150227 -0.131250
v 0.158724 -0.160816 -0.122660
v 0.198129 -0.082565 -0.132607
v 0.191915 -0.154672 -0.145338
v 0.159164 -0.167072 -0.124730
v 0.139095 -0.174163 -0.126859
v 0.170201 -0.256856 -0.140350
v 0.173842 -0.246753 -0.147395
v 0.139404 -0.177946 -0.137863
v 0.157710 -0.172681 -0.136614
v 0.177860 -0.169009 -0.135379
v 0.195567 -0.169682 -0.150135
v 0.173390 -0.172304 -0.141696
v 0.182235 -0.174340 -0.148103
v 0.165437 -0.209389 -0.143241
v 0.183382 -0.249043 -0.146132
v 0.184500 -0.242577 -0.154081
v 0.197774 -0.191732 -0.166165
v 0.100754 -0.131989 -0.094433
v 0.105819 -0.163607 -0.109041
v 0.111313 -0.118876 -0.085487
v 0.120623 -0.119132 -0.082952
v 0.127976 -0.143140 -0.096679
v 0.117217 -0.153018 -0.102479
v 0.098731 -0.185260 -0.108999
v 0.108500 -0.128239 -0.110785
v 0.107673 -0.117523 -0.104199
v 0.111222 -0.110875 -0.100272
v 0.129925 -0.090643 -0.086637
v 0.117997 -0.098761 -0.090310
v 0.147161 -0.099824 -0.085089
v 0.176388 -0.112753 -0.107009
v 0.170825 -0.092460 -0.096281
v 0.181763 -0.099556 -0.106466
v 0.167503 -0.087592 -0.087982
v 0.133559 -0.083998 -0.079270
v 0.119883 -0.103893 -0.080225
v 0.135343 -0.089266 -0.069258
v 0.127879 -0.102878 -0.073649
v 0.138974 -0.132041 -0.091143
v 0.141206 -0.081306 -0.070172
v 0.146448 -0.077355 -0.078902
v 0.156977 -0.083156 -0.085485
v 0.151121 -0.084417 -0.067398
v 0.146262 -0.089722 -0.063843
v 0.164938 -0.131547 -0.098004
v 0.149164 -0.125477 -0.087691
v 0.141514 -0.155437 -0.081639
v 0.127544 -0.171307 -0.087298
v 0.155549 -0.152125 -0.077711
v 0.165040 -0.150022 -0.086906
v 0.166824 -0.202449 -0.068851
v 0.142014 -0.185056 -0.072231
v 0.136983 -0.168076 -0.077057
v 0.134628 -0.184285 -0.077219
v 0.116691 -0.182267 -0.093789
v 0.125060 -0.183518 -0.080616
v 0.120802 -0.189696 -0.085684
v 0.112309 -0.191328 -0.088474
v 0.107336 -0.190613 -0.101111
v 0.122432 -0.214330 -0.083796
v 0.123103 -0.224576 -0.083998
v 0.128056 -0.233585 -0.087914
v 0.135975 -0.242722 -0.085513
v 0.142922 -0.254514 -0.089621
v 0.137944 -0.253558 -0.098701
v 0.150655 -0.274956 -0.103109
v 0.132431 -0.274180 -0.110478
v 0.146661 -0.295110 -0.117491
v 0.159615 -0.294209 -0.112972
v 0.160542 -0.288062 -0.101402
v 0.163952 -0.330779 -0.098609
v 0.143810 -0.325998 -0.109605
v 0.128604 -0.292564 -0.127488
v 0.114318 -0.269986 -0.120439
v 0.125059 -0.251414 -0.104873
v 0.121670 -0.246762 -0.097558
v 0.081914 -0.360035 -0.201960
v 0.098862 -0.353810 -0.182764
v 0.098323 -0.340762 -0.172013
v 0.106204 -0.345528 -0.173009
v 0.111518 -0.365402 -0.173887
v 0.099610 -0.352236 -0.176459
v 0.120152 -0.386323 -0.167632
v 0.105249 -0.368815 -0.175789
v 0.088620 -0.499958 -0.270967
v 0.094052 -0.501172 -0.278950
v 0.084037 -0.480680 -0.279474
v 0.115408 -0.475165 -0.344207
v 0.080208 -0.200525 -0.278645
v 0.095900 -0.195868 -0.282772
v 0.101620 -0.169429 -0.281431
v 0.118917 -0.165399 -0.290109
v 0.112311 -0.158794 -0.304174
v 0.108024 -0.192668 -0.289794
v 0.095955 -0.197773 -0.291872
v 0.121635 -0.189026 -0.293443
v 0.104909 -0.140077 -0.298829
v 0.160610 -0.028999 -0.299142
v 0.140954 0.021530 -0.303088
v 0.182125 -0.058881 -0.288073
v 0.097180 -0.224889 -0.106582
v 0.105307 -0.203514 -0.096281
v 0.101526 -0.205713 -0.106567
v 0.107814 -0.243005 -0.113617
v 0.102646 -0.235694 -0.105271
v 0.108528 -0.233789 -0.098342
v 0.104916 -0.221217 -0.097803
v 0.099342 -0.239754 -0.292822
v 0.108697 -0.222036 -0.304896
v 0.097665 -0.216585 -0.297203
v 0.130329 -0.157606 -0.306685
v 0.153030 -0.162761 -0.302425
v 0.137606 -0.138268 -0.302157
v 0.107492 -0.195994 -0.296771
v 0.134777 -0.193122 -0.301617
v 0.143418 -0.208207 -0.304770
v 0.136590 -0.525482 -0.331982
v 0.144395 -0.440006 -0.362490
v 0.148166 -0.468927 -0.356380
v 0.184689 -0.385137 -0.362186
v 0.189955 -0.437092 -0.359157
v 0.185812 -0.369999 -0.362714
v 0.210504 -0.245430 -0.296466
v 0.195757 -0.233212 -0.296085
v 0.202701 -0.227867 -0.295211
v 0.180845 -0.231987 -0.303688
v 0.147311 -0.188338 -0.295963
v 0.154090 -0.167203 -0.292422
v 0.160413 -0.159559 -0.302459
v 0.150646 -0.140066 -0.299773
v 0.166923 -0.143795 -0.295461
v 0.164407 -0.112337 -0.296513
v 0.201353 -0.053016 -0.268164
v 0.177193 0.013580 -0.280712
v 0.103990 -0.525273 -0.280094
v 0.101763 -0.532628 -0.273209
v 0.099025 -0.525869 -0.264850
v 0.102129 -0.518632 -0.294792
v 0.111052 -0.544502 -0.280991
v 0.115508 -0.548553 -0.297269
v 0.128145 -0.578629 -0.304513
v 0.120127 -0.523430 -0.321584
v 0.139819 -0.557122 -0.324851
v 0.156897 -0.513799 -0.342857
v 0.162473 -0.542669 -0.337844
v 0.120610 -0.579118 -0.282373
v 0.116532 -0.563472 -0.280829
v 0.147402 -0.587266 -0.324880
v 0.138764 -0.618110 -0.309700
v 0.129560 -0.618342 -0.282389
v 0.131716 -0.617038 -0.296919
v 0.111814 -0.564653 -0.273280
v 0.123224 -0.602889 -0.274962
v 0.125481 -0.607697 -0.265861
v 0.124451 -0.621855 -0.298398
v 0.114033 -0.569317 -0.266339
v 0.153803 -0.575993 -0.217079
v 0.159639 -0.448677 -0.180561
v 0.169712 -0.564369 -0.204883
v 0.125531 -0.625887 -0.276358
v 0.127259 -0.636836 -0.270289
v 0.149440 -0.593981 -0.225882
v 0.150816 -0.624602 -0.226638
v 0.130271 -0.639039 -0.287179
v 0.140600 -0.685090 -0.232010
v 0.126985 -0.659391 -0.272820
v 0.122246 -0.701573 -0.273051
v 0.128230 -0.683226 -0.283911
v 0.119004 -0.739062 -0.270378
v 0.124388 -0.692353 -0.287857
v 0.129370 -0.683782 -0.299917
v 0.125873 -0.703141 -0.283244
v 0.121502 -0.730120 -0.282221
v 0.123527 -0.744359 -0.276825
v 0.127171 -0.648608 -0.284873
v 0.130172 -0.654373 -0.283525
v 0.124192 -0.639283 -0.291658
v 0.122596 -0.652150 -0.294758
v 0.128677 -0.631960 -0.308299
v 0.130252 -0.641624 -0.316009
v 0.125504 -0.654933 -0.305721
v 0.134884 -0.649027 -0.314401
v 0.132128 -0.658553 -0.298637
v 0.126486 -0.700500 -0.300648
v 0.133707 -0.742883 -0.294797
v 0.134976 -0.705782 -0.291208
v 0.144595 -0.702063 -0.306699
v 0.134441 -0.695573 -0.315093
v 0.140521 -0.647798 -0.323194
v 0.135095 -0.636338 -0.319521
v 0.129343 -0.621293 -0.306784
v 0.129132 -0.626591 -0.314787
v 0.191269 -0.551576 -0.327781
v 0.195023 -0.386579 -0.364476
v 0.207178 -0.354186 -0.350514
v 0.212730 -0.228234 -0.294846
v 0.187055 -0.225550 -0.304403
v 0.204305 -0.220601 -0.287992
v 0.182704 -0.201157 -0.295512
v 0.200517 -0.195799 -0.282043
v 0.209526 -0.204358 -0.283925
v 0.209701 -0.214982 -0.281188
v 0.212162 -0.224983 -0.281391
v 0.189280 -0.193537 -0.288298
v 0.176520 -0.219934 -0.306013
v 0.171361 -0.192562 -0.297173
v 0.175466 -0.167031 -0.294641
v 0.177863 -0.164019 -0.294760
v 0.178690 -0.140679 -0.290705
v 0.170617 -0.170867 -0.286118
v 0.184385 -0.154555 -0.296324
v 0.183174 -0.144370 -0.294646
v 0.194553 -0.140475 -0.284784
v 0.194990 -0.136848 -0.276949
v 0.134074 -0.422460 -0.187864
v 0.149446 -0.439136 -0.172471
v 0.134268 -0.413197 -0.170302
v 0.163465 -0.430266 -0.165823
v 0.152003 -0.419628 -0.167272
v 0.170894 -0.445422 -0.164199
v 0.166612 -0.457233 -0.171121
v 0.179933 -0.454255 -0.162839
v 0.179742 -0.447163 -0.161917
v 0.123651 -0.378870 -0.168536
v 0.128583 -0.364742 -0.159264
v 0.128267 -0.377955 -0.161837
v 0.130926 -0.373656 -0.156229
v 0.133976 -0.360736 -0.153486
v 0.121461 -0.353618 -0.153921
v 0.129012 -0.322710 -0.117958
v 0.145159 -0.344486 -0.133496
v 0.133460 -0.211324 -0.074895
v 0.151593 -0.234900 -0.073870
v 0.165701 -0.225218 -0.069983
v 0.169385 -0.250352 -0.078313
v 0.160519 -0.277083 -0.091503
v 0.175614 -0.277938 -0.093429
v 0.181537 -0.282481 -0.101703
v 0.184723 -0.263327 -0.094173
v 0.172910 -0.289785 -0.101075
v 0.184506 -0.277004 -0.110673
v 0.179390 -0.294473 -0.114129
v 0.188808 -0.289483 -0.121874
v 0.168110 -0.297569 -0.109793
v 0.176857 -0.312397 -0.103670
v 0.187655 -0.260213 -0.106404
v 0.171286 -0.343052 -0.115807
v 0.165352 -0.375619 -0.139071
v 0.176211 -0.365322 -0.131479
v 0.157048 -0.370969 -0.146087
v 0.142377 -0.361954 -0.143346
v 0.145979 -0.370253 -0.150297
v 0.144291 -0.382181 -0.154174
v 0.128887 -0.391511 -0.168918
v 0.142088 -0.394475 -0.161867
v 0.150984 -0.412392 -0.161652
v 0.158215 -0.408751 -0.160070
v 0.148232 -0.380117 -0.148342
v 0.147108 -0.400389 -0.156818
v 0.154731 -0.403031 -0.154727
v 0.144221 -0.391057 -0.154662
v 0.161759 -0.392402 -0.150732
v 0.159440 -0.421549 -0.158763
v 0.166412 -0.421584 -0.158008
v 0.166870 -0.407190 -0.149049
v 0.171305 -0.432200 -0.156027
v 0.180359 -0.428077 -0.151848
v 0.189350 -0.425393 -0.154338
v 0.192367 -0.444987 -0.166289
v 0.193417 -0.418815 -0.158681
v 0.180369 -0.403078 -0.143458
v 0.193492 -0.403965 -0.155713
v 0.199533 -0.415095 -0.163736
v 0.196005 -0.404090 -0.165774
v 0.196286 -0.423059 -0.168845
v 0.200842 -0.446915 -0.176049
v 0.203241 -0.417363 -0.171945
v 0.219010 -0.409003 -0.188468
v 0.204720 -0.403503 -0.171208
v 0.200366 -0.391978 -0.160249
v 0.202847 -0.430436 -0.191172
v 0.208764 -0.415607 -0.196492
v 0.214080 -0.495744 -0.215250
v 0.189379 -0.474130 -0.175107
v 0.178629 -0.472529 -0.173321
v 0.172837 -0.465067 -0.179923
v 0.181756 -0.479007 -0.181546
v 0.190672 -0.496751 -0.190838
v 0.188330 -0.506932 -0.191220
v 0.194797 -0.556687 -0.198116
v 0.189177 -0.472660 -0.182551
v 0.170741 -0.599841 -0.208704
v 0.136541 -0.732159 -0.236549
v 0.126961 -0.743527 -0.251145
v 0.121104 -0.750659 -0.265562
v 0.130242 -0.755364 -0.268187
v 0.133752 -0.735477 -0.288606
v 0.137806 -0.745688 -0.281511
v 0.141395 -0.774332 -0.276933
v 0.143986 -0.743114 -0.270911
v 0.138434 -0.751297 -0.263153
v 0.144065 -0.741478 -0.249580
v 0.148997 -0.740729 -0.261389
v 0.145697 -0.744791 -0.272286
v 0.150983 -0.737722 -0.254883
v 0.139193 -0.722800 -0.228645
v 0.153864 -0.733947 -0.246372
v 0.151758 -0.730407 -0.237941
v 0.157783 -0.721504 -0.228244
v 0.147939 -0.713301 -0.217817
v 0.149286 -0.705858 -0.213383
v 0.162208 -0.671382 -0.201672
v 0.151867 -0.745313 -0.230469
v 0.155331 -0.748939 -0.237427
v 0.155481 -0.768116 -0.237304
v 0.162258 -0.751383 -0.193170
v 0.155283 -0.764912 -0.223464
v 0.140092 -0.619812 -0.320942
v 0.144168 -0.651966 -0.319653
v 0.145064 -0.615867 -0.319711
v 0.156924 -0.618203 -0.331511
v 0.149499 -0.620741 -0.331036
v 0.169901 -0.589734 -0.339094
v 0.201373 -0.465542 -0.346287
v 0.195297 -0.518013 -0.331028
v 0.212108 -0.503211 -0.322742
v 0.201162 -0.395210 -0.359426
v 0.216548 -0.394736 -0.354307
v 0.221304 -0.431720 -0.343675
v 0.174088 -0.621177 -0.344168
v 0.159851 -0.638498 -0.335702
v 0.141195 -0.681175 -0.321182
v 0.152189 -0.749995 -0.325288
v 0.167921 -0.737079 -0.341886
v 0.143353 -0.768551 -0.308917
v 0.156309 -0.697192 -0.320091
v 0.137170 -0.790027 -0.290015
v 0.136093 -0.801168 -0.289577
v 0.155528 -0.796546 -0.237024
v 0.147816 -0.803616 -0.267158
v 0.143326 -0.808698 -0.271831
v 0.157518 -0.781134 -0.227582
v 0.152825 -0.765695 -0.215162
v 0.151521 -0.789206 -0.228609
v 0.141446 -0.814486 -0.311794
v 0.137314 -0.818120 -0.286239
v 0.160058 -0.744466 -0.340206
v 0.140055 -0.776941 -0.308541
v 0.148951 -0.757078 -0.326712
v 0.159802 -0.765886 -0.343491
v 0.176807 -0.738889 -0.353932
v 0.183216 -0.734787 -0.353636
v 0.172596 -0.691422 -0.336823
v 0.164785 -0.693359 -0.331219
v 0.145385 -0.694251 -0.327908
v 0.154789 -0.674683 -0.335652
v 0.141443 -0.429600 -0.184872
v 0.131930 -0.424585 -0.176806
v 0.149110 -0.818802 -0.326719
v 0.180268 -0.760410 -0.356731
v 0.188102 -0.739968 -0.356221
v 0.151161 -0.639884 -0.333693
v 0.155872 -0.629618 -0.337105
v 0.187304 -0.607826 -0.336633
v 0.178578 -0.649865 -0.351326
v 0.168732 -0.669928 -0.349282
v 0.180787 -0.668849 -0.357584
v 0.164689 -0.687119 -0.347288
v 0.181605 -0.683036 -0.359828
v 0.183434 -0.703514 -0.347399
v 0.195909 -0.689005 -0.339522
v 0.181855 -0.688402 -0.343429
v 0.194524 -0.682057 -0.352426
v 0.188450 -0.589312 -0.332000
v 0.210804 -0.552393 -0.312803
v 0.202221 -0.582112 -0.322063
v 0.204493 -0.533763 -0.321201
v 0.215367 -0.577461 -0.307773
v 0.201567 -0.585726 -0.329222
v 0.192962 -0.595642 -0.337685
v 0.198113 -0.609218 -0.338968
v 0.201457 -0.617804 -0.330728
v 0.213931 -0.592868 -0.323218
v 0.211691 -0.614052 -0.331222
v 0.212410 -0.583933 -0.316898
v 0.206751 -0.359057 -0.355819
v 0.216451 -0.368245 -0.354392
v 0.206422 -0.401620 -0.176094
v 0.200050 -0.385395 -0.161839
v 0.193647 -0.374965 -0.153310
v 0.201451 -0.372264 -0.156810
v 0.187957 -0.389744 -0.143253
v 0.169643 -0.398804 -0.144338
v 0.186826 -0.351830 -0.131676
v 0.191163 -0.373638 -0.141539
v 0.144687 -0.819030 -0.272183
v 0.159405 -0.819335 -0.337466
v 0.165495 -0.817222 -0.344772
v 0.188046 -0.727832 -0.353283
v 0.206973 -0.691329 -0.333651
v 0.213015 -0.683036 -0.345645
v 0.203592 -0.666073 -0.346373
v 0.204746 -0.742659 -0.347987
v 0.188853 -0.813657 -0.356573
v 0.200867 -0.764372 -0.355398
v 0.193052 -0.819536 -0.352598
v 0.210869 -0.816296 -0.350216
v 0.154828 -0.805310 -0.218377
v 0.155971 -0.817491 -0.241913
v 0.151455 -0.818928 -0.256277
v 0.161347 -0.810580 -0.221979
v 0.162691 -0.818695 -0.223733
v 0.163917 -0.818158 -0.139455
v 0.165310 -0.817248 -0.126643
v 0.165222 -0.817705 -0.169800
v 0.171148 -0.818296 -0.114759
v 0.162356 -0.800854 -0.151227
v 0.163098 -0.790320 -0.144928
v 0.165307 -0.797452 -0.136999
v 0.162250 -0.802196 -0.132701
v 0.153608 -0.794342 -0.152462
v 0.157371 -0.779803 -0.145771
v 0.157155 -0.783012 -0.169106
v 0.160249 -0.799569 -0.160646
v 0.167954 -0.770310 -0.139772
v 0.167366 -0.762194 -0.142096
v 0.172550 -0.770779 -0.124823
v 0.160637 -0.784193 -0.189715
v 0.186061 -0.745350 -0.139173
v 0.160573 -0.772605 -0.195934
v 0.161189 -0.781999 -0.197010
v 0.159669 -0.806925 -0.174134
v 0.162434 -0.801534 -0.192760
v 0.165507 -0.807537 -0.189974
v 0.160819 -0.802087 -0.210063
v 0.158031 -0.784961 -0.211179
v 0.273263 -0.817497 -0.245905
v 0.165734 -0.817419 -0.205190
v 0.150403 -0.296450 -0.154442
v 0.189504 -0.275557 -0.139831
v 0.204994 -0.248200 -0.148754
v 0.210206 -0.244815 -0.161627
v 0.205819 -0.261839 -0.166053
v 0.201384 -0.267795 -0.158070
v 0.191625 -0.280296 -0.154098
v 0.186931 -0.282651 -0.157997
v 0.181984 -0.290455 -0.153169
v 0.173999 -0.291928 -0.156884
v 0.167897 -0.286341 -0.150553
v 0.171331 -0.271110 -0.147713
v 0.156313 -0.671375 -0.211339
v 0.173038 -0.623868 -0.206318
v 0.169963 -0.646131 -0.204288
v 0.172173 -0.641462 -0.198487
v 0.179763 -0.649934 -0.196575
v 0.164211 -0.690111 -0.198672
v 0.165270 -0.712477 -0.220162
v 0.154635 -0.781447 -0.202583
v 0.175910 -0.179238 -0.078240
v 0.185806 -0.229590 -0.082607
v 0.184284 -0.217755 -0.079161
v 0.176702 -0.159684 -0.092729
v 0.190290 -0.173181 -0.096580
v 0.196794 -0.171614 -0.108444
v 0.181395 -0.139576 -0.110534
v 0.152895 -0.135904 -0.082399
v 0.193039 -0.251292 -0.149246
v 0.201116 -0.264658 -0.166384
v 0.194724 -0.274301 -0.161431
v 0.210970 -0.211657 -0.153122
v 0.197424 -0.175144 -0.132185
v 0.199031 -0.154626 -0.143462
v 0.207260 -0.166304 -0.160439
v 0.207403 -0.248580 -0.164490
v 0.201674 -0.241385 -0.158607
v 0.212163 -0.235915 -0.170014
v 0.192920 -0.237590 -0.163021
v 0.199617 -0.232616 -0.174301
v 0.207792 -0.155552 -0.154208
v 0.204379 -0.118785 -0.138211
v 0.197053 -0.109563 -0.124397
v 0.207048 -0.114782 -0.130473
v 0.182157 -0.145018 -0.125299
v 0.171390 -0.098212 -0.080996
v 0.189585 -0.173216 -0.274123
v 0.166833 -0.189428 -0.291250
v 0.185474 -0.192160 -0.281390
v 0.184775 -0.165150 -0.289260
v 0.195831 -0.164441 -0.288054
v 0.202025 -0.165168 -0.280271
v 0.203343 -0.170220 -0.276666
v 0.201134 -0.194862 -0.268739
v 0.202480 -0.145926 -0.276404
v 0.212494 -0.175495 -0.268104
v 0.206869 -0.180476 -0.255673
v 0.201377 -0.176024 -0.264040
v 0.213156 -0.147757 -0.269327
v 0.205598 -0.141393 -0.264804
v 0.213032 -0.140866 -0.249897
v 0.205847 -0.151564 -0.134858
v 0.213760 -0.173113 -0.133372
v 0.211930 -0.121668 -0.129308
v 0.199752 -0.112967 -0.110472
v 0.187276 -0.103124 -0.097851
v 0.191559 -0.102923 -0.110718
v 0.181291 -0.096046 -0.101089
v 0.167145 -0.756980 -0.191480
v 0.176099 -0.733196 -0.185195
v 0.181918 -0.737267 -0.183090
v 0.194421 -0.728828 -0.179468
v 0.173767 -0.746480 -0.186684
v 0.183334 -0.755059 -0.136009
v 0.180349 -0.762558 -0.115261
v 0.171208 -0.772245 -0.119625
v 0.220012 -0.715830 -0.173672
v 0.201291 -0.743785 -0.137561
v 0.213333 -0.731660 -0.141870
v 0.218126 -0.744610 -0.129059
v 0.202692 -0.752439 -0.125757
v 0.189858 -0.759569 -0.123848
v 0.202425 -0.751078 -0.119739
v 0.211336 -0.778485 -0.073665
v 0.181767 -0.771063 -0.102550
v 0.197415 -0.784358 -0.078855
v 0.175966 -0.780728 -0.104545
v 0.175629 -0.817842 -0.103535
v 0.185471 -0.818140 -0.088369
v 0.198385 -0.818614 -0.075100
v 0.217341 -0.789858 -0.063436
v 0.186242 -0.687861 -0.199930
v 0.176840 -0.676932 -0.189535
v 0.184432 -0.694469 -0.210350
v 0.188802 -0.689527 -0.210337
v 0.174788 -0.703182 -0.213537
v 0.206989 -0.721593 -0.176266
v 0.194470 -0.719912 -0.178177
v 0.180118 -0.343125 -0.117255
v 0.176888 -0.333289 -0.094775
v 0.206637 -0.336833 -0.150849
v 0.186827 -0.328415 -0.102803
v 0.205907 -0.259440 -0.125347
v 0.202123 -0.282363 -0.135266
v 0.207937 -0.204357 -0.102106
v 0.203931 -0.217934 -0.103335
v 0.196112 -0.206925 -0.092183
v 0.173382 -0.159879 -0.085159
v 0.185802 -0.170720 -0.087873
v 0.186282 -0.195564 -0.082061
v 0.195824 -0.145859 -0.123231
v 0.200482 -0.160977 -0.117335
v 0.188380 -0.641933 -0.187888
v 0.192357 -0.661323 -0.181686
v 0.194922 -0.683504 -0.209540
v 0.202883 -0.677111 -0.209552
v 0.210004 -0.681313 -0.202608
v 0.211047 -0.709553 -0.173516
v 0.209051 -0.817984 -0.065054
v 0.185217 -0.618383 -0.201377
v 0.173647 -0.627078 -0.203970
v 0.207305 -0.672282 -0.209889
v 0.212702 -0.675600 -0.211184
v 0.213336 -0.668073 -0.188731
v 0.209928 -0.670289 -0.190611
v 0.210650 -0.597709 -0.199282
v 0.209760 -0.597594 -0.205709
v 0.213941 -0.561223 -0.216658
v 0.200103 -0.584913 -0.199335
v 0.200181 -0.586351 -0.190343
v 0.193597 -0.588215 -0.198831
v 0.187137 -0.599776 -0.200754
v 0.189475 -0.624133 -0.191819
v 0.190206 -0.598140 -0.194276
v 0.208117 -0.631452 -0.181468
v 0.185929 -0.634701 -0.196893
v 0.196069 -0.192797 -0.088931
v 0.199081 -0.175880 -0.101104
v 0.205878 -0.185960 -0.108193
v 0.214341 -0.198567 -0.117504
v 0.191462 -0.238551 -0.093293
v 0.193454 -0.243784 -0.107043
v 0.209800 -0.314087 -0.128127
v 0.193661 -0.178458 -0.158648
v 0.204544 -0.197776 -0.182176
v 0.206779 -0.256455 -0.170425
v 0.212060 -0.225278 -0.111348
v 0.206149 -0.184048 -0.116759
v 0.210468 -0.230263 -0.124057
v 0.196316 -0.448198 -0.186551
v 0.212914 -0.226847 -0.188211
v 0.204704 -0.226420 -0.189976
v 0.211204 -0.222508 -0.199971
v 0.207569 -0.219994 -0.206293
v 0.207463 -0.197734 -0.205299
v 0.210231 -0.197773 -0.189743
v 0.207040 -0.380828 -0.164253
v 0.213035 -0.342193 -0.163669
v 0.199590 -0.360232 -0.156807
v 0.209880 -0.369729 -0.171780
v 0.211768 -0.359548 -0.166452
v 0.211205 -0.344099 -0.168617
v 0.212283 -0.354005 -0.171622
v 0.222729 -0.317238 -0.171090
v 0.209920 -0.199575 -0.259592
v 0.209681 -0.194211 -0.278103
v 0.201906 -0.175973 -0.162484
v 0.202402 -0.185121 -0.162191
v 0.209863 -0.191915 -0.169824
v 0.205425 -0.168422 -0.164755
v 0.212301 -0.135163 -0.172679
v 0.211035 -0.164011 -0.178047
v 0.208908 -0.173854 -0.168542
v 0.208651 -0.167970 -0.166535
v 0.207566 -0.169682 -0.166361
v 0.205729 -0.164789 -0.168084
v 0.209687 -0.167440 -0.168732
v 0.226294 -0.818657 -0.339916
v 0.203897 -0.606112 -0.188602
v 0.213028 -0.647808 -0.177576
vn 0.8030 -0.3045 0.5123
vn 0.8376 -0.2827 0.4674
vn 0.8958 -0.2557 0.3636
vn 0.9145 -0.2579 0.3119
vn 0.9196 -0.2952 0.2592
vn 0.7929 -0.3461 0.5016
vn 0.8866 -0.3916 0.2460
vn 0.8939 -0.3764 0.2433
vn 0.8844 -0.3876 0.2599
vn 0.9146 -0.4028 -0.0342
vn 0.9175 -0.3928 -0.0617
vn 0.9171 -0.3987 0.0009
vn 0.9189 -0.3942 -0.0140
vn -0.0028 -0.1158 0.9933
vn -0.0247 -0.0297 0.9993
vn -0.0382 -0.0611 0.9974
vn 0.0019 -0.0593 0.9982
vn 0.0177 -0.0406 0.9990
vn 0.0020 -0.0606 0.9982
vn -0.0012 -0.1304 0.9915
vn 0.0204 -0.2067 0.9782
vn 0.0392 -0.2305 0.9723
vn -0.0010 -0.1191 0.9929
vn 0.0027 -0.1995 0.9799
vn -0.7442 -0.6666 -0.0421
vn -0.7490 -0.4724 -0.4646
vn -0.7584 -0.6505 -0.0408
vn -0.7711 0.3961 -0.4985
vn -0.3179 0.0706 -0.9455
vn -0.3213 0.0946 -0.9422
vn -0.3378 0.0667 -0.9389
vn 0.3843 -0.2230 -0.8959
vn -0.1740 0.0637 -0.9827
vn -0.1993 0.0762 -0.9770
vn 0.9901 -0.1201 -0.0722
vn 0.5122 0.4514 -0.7307
vn -0.4729 -0.1164 -0.8734
vn -0.1862 0.1930 -0.9634
vn 0.3590 0.4527 -0.8162
vn -0.1601 0.0549 -0.9856
vn -0.1565 0.1448 -0.9770
vn -0.1172 0.0957 -0.9885
vn 0.6205 0.1052 -0.7771
vn -0.1137 -0.0182 -0.9934
vn -0.6460 -0.2715 -0.7134
vn -0.7373 -0.2627 -0.6225
vn -0.0280 0.1368 -0.9902
vn 0.5119 0.6588 -0.5512
vn 0.4854 0.4794 -0.7311
vn 0.6181 0.3988 -0.6775
vn -0.0137 0.0633 -0.9979
vn -0.0409 -0.0303 -0.9987
vn 0.1029 0.0285 -0.9943
vn 0.0499 0.0231 -0.9985
vn 0.0903 0.0338 -0.9953
vn 0.5056 0.8070 -0.3052
vn 0.1403 0.0163 -0.9900
vn -0.4681 -0.0625 -0.8815
vn -0.2378 0.0174 -0.9712
vn 0.1452 0.0189 -0.9892
vn 0.8257 0.2482 -0.5065
vn -0.5941 0.3948 -0.7008
vn 0.0898 -0.0283 -0.9956
vn 0.4897 0.0499 -0.8705
vn 0.7673 0.1324 -0.6275
vn -0.1071 -0.0109 -0.9942
vn -0.2188 0.0073 -0.9757
vn -0.8293 0.2233 -0.5122
vn -0.1688 0.0597 -0.9838
vn -0.1672 0.0407 -0.9851
vn 0.0077 -0.0641 -0.9979
vn 0.0095 0.0875 -0.9961
vn 0.0808 0.0296 -0.9963
vn -0.0089 -0.0851 -0.9963
vn 0.0036 -0.0825 -0.9966
vn 0.6385 -0.4608 0.6164
vn -0.0097 -0.1020 -0.9947
vn 0.0016 -0.0806 -0.9967
vn -0.7438 -0.6567 -0.1243
vn -0.0073 -0.1378 -0.9904
vn 0.0862 -0.2888 -0.9535
vn -0.5138 -0.8320 -0.2092
vn -0.7848 -0.6169 -0.0600
vn -0.8018 -0.5921 -0.0802
vn -0.7648 -0.6441 0.0151
vn -0.7776 -0.6248 -0.0704
vn -0.7959 -0.6020 -0.0650
vn -0.2804 -0.9392 -0.1984
vn 0.7298 -0.6714 -0.1286
vn 0.7609 -0.6425 -0.0909
vn 0.7163 -0.5910 -0.3709
vn -0.3563 -0.9328 -0.0533
vn -0.7572 -0.6524 -0.0309
vn -0.7342 -0.6372 0.2343
vn -0.6831 -0.4176 0.5992
vn -0.0434 0.0730 0.9964
vn -0.0034 0.1300 0.9915
vn -0.5661 -0.3709 0.7361
vn -0.0559 -0.5956 0.8013
vn 0.0317 -0.3763 0.9260
vn 0.3389 -0.9408 -0.0072
vn 0.7663 -0.6358 -0.0928
vn 0.7881 -0.6089 -0.0900
vn 0.7590 -0.6453 -0.0866
vn 0.0980 0.0891 0.9912
vn -0.1165 0.0896 0.9891
vn -0.2506 0.3160 0.9151
vn -0.7417 -0.6641 -0.0938
vn -0.7600 -0.6359 -0.1344
vn -0.0987 0.0272 -0.9948
vn -0.0134 0.0132 -0.9998
vn 0.7767 -0.2397 -0.5824
vn 0.7855 -0.3033 -0.5395
vn -0.0139 -0.0511 0.9986
vn -0.7000 -0.7095 -0.0814
vn 0.4974 -0.0646 0.8651
vn 0.2952 -0.0225 0.9552
vn -0.1217 -0.0304 0.9921
vn 0.4454 0.8886 0.1096
vn -0.1597 -0.0319 0.9866
vn -0.1580 -0.0008 0.9874
vn -0.3780 -0.3510 0.8567
vn -0.1156 0.0878 0.9894
vn -0.0890 0.0780 0.9930
vn 0.1633 0.2342 0.9584
vn -0.7498 -0.0172 0.6614
vn -0.1148 -0.0365 0.9927
vn -0.9443 0.3196 0.0781
vn -0.1739 -0.0833 0.9812
vn 0.6542 -0.4333 0.6200
vn -0.2223 -0.0501 0.9737
vn -0.1717 -0.0772 0.9821
vn -0.6788 -0.3447 0.6484
vn 0.2970 -0.4523 0.8410
vn -0.2255 -0.0607 0.9723
vn -0.2360 -0.0662 0.9695
vn -0.6331 0.3841 0.6720
vn -0.6346 0.3880 0.6684
vn -0.4414 -0.1684 0.8814
vn -0.6736 -0.2224 0.7049
vn 0.4502 0.4587 0.7661
vn -0.2996 -0.0447 0.9530
vn 0.0438 0.5929 0.8041
vn -0.0704 -0.0452 0.9965
vn -0.3748 -0.6317 0.6786
vn -0.8925 0.2347 -0.3851
vn -0.8493 0.1373 -0.5097
vn -0.3333 -0.0308 -0.9423
vn -0.9618 -0.1713 -0.2134
vn -0.8233 -0.2881 -0.4891
vn -0.4010 0.0315 -0.9155
vn -0.1129 -0.0514 -0.9923
vn 0.9000 0.3792 -0.2148
vn 0.6797 0.0515 -0.7316
vn 0.3492 0.1614 -0.9230
vn -0.1242 0.0034 -0.9922
vn 0.5365 0.3766 -0.7552
vn -0.8233 -0.2824 -0.4924
vn -0.2572 -0.0096 -0.9663
vn -0.2166 0.0048 -0.9763
vn -0.1621 -0.0184 -0.9866
vn -0.1617 -0.0185 -0.9867
vn -0.8628 -0.3886 0.3235
vn 0.3399 -0.5366 0.7723
vn -0.1875 -0.0713 0.9797
vn 0.0193 -0.0468 0.9987
vn 0.0591 -0.0782 0.9952
vn -0.0158 -0.1330 0.9910
vn 0.9674 -0.2459 0.0599
vn -0.8257 -0.1392 0.5467
vn -0.1932 -0.0814 0.9778
vn -0.2440 -0.1540 0.9575
vn -0.2329 -0.1048 0.9669
vn 0.4248 -0.0176 0.9051
vn 0.4943 0.2816 0.8224
vn 0.0739 0.1373 0.9878
vn -0.4093 -0.0759 0.9092
vn 0.2256 -0.1861 0.9563
vn -0.7502 0.0449 0.6597
vn -0.7591 0.0529 0.6488
vn 0.6278 0.7775 -0.0363
vn 0.5172 -0.1128 0.8484
vn -0.0992 -0.0864 0.9913
vn 0.1865 -0.1228 0.9747
vn 0.3334 -0.0059 0.9428
vn 0.8862 -0.3926 -0.2462
vn -0.1486 0.1833 -0.9718
vn -0.4487 -0.3710 -0.8130
vn -0.0494 0.2337 -0.9710
vn -0.7446 -0.6656 -0.0499
vn -0.6283 -0.4409 -0.6410
vn -0.5357 -0.1827 -0.8244
vn -0.4991 -0.2062 -0.8416
vn -0.0389 0.0704 -0.9968
vn -0.5006 -0.0873 -0.8613
vn -0.1727 0.3024 -0.9374
vn -0.1740 0.3085 -0.9352
vn 0.1315 0.9485 -0.2881
vn -0.0607 0.7889 -0.6115
vn 0.3718 0.5697 -0.7330
vn -0.3308 -0.6990 -0.6340
vn -0.3824 -0.3607 -0.8507
vn -0.7430 0.2205 -0.6319
vn -0.1330 0.1173 -0.9842
vn -0.2091 0.1662 -0.9637
vn -0.2092 0.1660 -0.9637
vn -0.1645 0.1183 -0.9793
vn -0.0329 0.2995 -0.9535
vn 0.3529 -0.3239 -0.8778
vn -0.0240 0.2922 -0.9561
vn 0.6149 0.1842 -0.7668
vn -0.1636 0.1660 -0.9725
vn -0.9297 0.2190 -0.2961
vn -0.1320 0.0241 -0.9910
vn -0.7880 0.2855 -0.5454
vn 0.5911 0.2272 -0.7739
vn -0.0276 0.0853 -0.9960
vn 0.0095 0.0829 -0.9965
vn -0.0090 0.0702 -0.9975
vn 0.0156 0.1838 -0.9828
vn 0.6367 -0.3788 -0.6717
vn 0.5955 -0.3682 -0.7140
vn 0.5377 0.1537 -0.8290
vn -0.0390 0.1855 -0.9819
vn -0.0435 0.1694 -0.9846
vn 0.3435 0.9120 -0.2244
vn -0.0089 0.1819 -0.9833
vn -0.0505 0.1969 -0.9791
vn 0.2545 0.5571 -0.7905
vn 0.2126 0.4509 -0.8669
vn -0.9034 0.0665 -0.4236
vn -0.7018 0.0309 -0.7117
vn 0.6804 0.4416 -0.5849
vn 0.7550 0.3991 -0.5203
vn 0.2323 0.2664 -0.9355
vn 0.0267 0.2250 -0.9740
vn 0.0248 0.2056 -0.9783
vn 0.0145 0.0978 -0.9951
vn 0.0161 -0.0063 -0.9999
vn 0.0078 0.0034 -1.0000
vn 0.3153 0.0453 -0.9479
vn -0.1507 0.0752 -0.9857
vn 0.0992 0.0386 0.9943
vn 0.0150 -0.0375 0.9992
vn 0.6464 0.5394 0.5397
vn -0.2159 -0.2373 0.9471
vn -0.4167 -0.0305 0.9086
vn -0.8624 0.4512 0.2296
vn -0.0874 -0.0480 0.9950
vn -0.0288 0.0513 0.9983
vn -0.3229 -0.0430 0.9454
vn -0.0580 -0.2373 0.9697
vn -0.6375 -0.6036 0.4787
vn -0.6595 -0.5619 0.4993
vn -0.1202 -0.3395 0.9329
vn -0.3356 -0.2073 0.9189
vn -0.1239 0.0042 0.9923
vn 0.1851 -0.2145 0.9590
vn -0.1279 -0.0812 0.9885
vn -0.3452 0.7084 0.6156
vn -0.1104 -0.6370 0.7629
vn -0.1116 -0.6362 0.7634
vn -0.0929 -0.0079 0.9956
vn 0.5152 0.5764 0.6343
vn 0.7128 0.1708 0.6802
vn 0.2751 -0.0279 0.9610
vn 0.0240 -0.0019 0.9997
vn -0.0479 -0.0190 0.9987
vn -0.9024 -0.0508 0.4278
vn 0.6505 -0.4763 0.5916
vn 0.4411 0.8793 0.1796
vn -0.8670 -0.0660 0.4940
vn 0.1297 0.4279 0.8945
vn -0.6231 0.5073 0.5952
vn 0.0859 0.1231 0.9887
vn -0.5190 -0.0591 0.8527
vn 0.2911 -0.1117 0.9501
vn 0.0090 -0.0494 0.9987
vn 0.6836 0.4475 0.5766
vn 0.4959 0.1746 0.8506
vn 0.9539 0.1001 0.2831
vn 0.0030 -0.0760 0.9971
vn -0.0420 0.1747 0.9837
vn -0.0112 -0.0582 0.9982
vn -0.6291 0.3582 0.6898
vn 0.5416 -0.2507 0.8024
vn 0.7247 -0.5360 0.4330
vn 0.7452 -0.6561 -0.1194
vn 0.6733 -0.5229 0.5228
vn 0.6171 -0.4961 0.6107
vn -0.0105 0.0116 0.9999
vn 0.1796 -0.1518 0.9720
vn -0.5583 0.2149 0.8013
vn 0.1848 -0.1576 0.9701
vn -0.9518 0.1642 0.2592
vn 0.7902 -0.2766 0.5469
vn 0.0040 -0.0605 0.9982
vn 0.0867 0.0168 0.9961
vn 0.5635 -0.0148 0.8260
vn 0.5947 0.2771 0.7547
vn 0.8533 0.1625 0.4955
vn 0.0068 0.0111 0.9999
vn 0.0249 -0.0169 0.9995
vn -0.7706 -0.1705 0.6141
vn -0.2578 0.0232 -0.9659
vn 0.1316 -0.0101 0.9912
vn -0.5140 -0.0153 0.8577
vn 0.0786 -0.5900 0.8036
vn -0.0479 0.1506 0.9874
vn -0.8014 0.2254 0.5540
vn 0.8994 0.3011 0.3169
vn 0.0648 -0.0557 0.9963
vn 0.1415 -0.0476 0.9888
vn -0.0570 -0.0463 -0.9973
vn -0.0722 -0.0659 -0.9952
vn 0.2628 -0.0018 -0.9648
vn -0.7009 -0.3484 0.6224
vn -0.8024 -0.3363 0.4930
vn -0.8156 -0.3375 0.4700
vn 0.9567 -0.1985 0.2127
vn 0.9182 -0.3039 0.2543
vn 0.4595 -0.5591 0.6901
vn 0.5154 -0.5094 0.6891
vn 0.0670 -0.0621 0.9958
vn 0.9823 -0.1602 0.0971
vn 0.8649 0.0827 0.4952
vn 0.0645 -0.0701 0.9955
vn 0.9211 -0.3831 0.0694
vn 0.9353 -0.3521 0.0358
vn 0.9285 -0.3678 -0.0519
vn 0.9273 -0.3741 0.0156
vn 0.9285 -0.3711 0.0143
vn 0.9241 -0.3821 -0.0019
vn 0.9049 -0.3214 -0.2791
vn 0.8096 -0.1964 -0.5532
vn 0.0724 -0.0579 0.9957
vn -0.1083 0.1204 0.9868
vn -0.0433 -0.0159 0.9989
vn -0.0554 -0.0284 0.9981
vn 0.0062 -0.0121 0.9999
vn 0.0224 0.0091 0.9997
vn -0.0895 0.1128 0.9896
vn 0.7281 -0.6752 -0.1183
vn 0.7085 -0.6994 -0.0942
vn 0.5677 -0.6005 -0.5632
vn 0.6958 -0.6913 -0.1949
vn 0.5487 -0.5805 -0.6016
vn -0.7214 0.5186 -0.4589
vn 0.3876 -0.5254 -0.7575
vn 0.6398 -0.6050 -0.4739
vn -0.2009 -0.0062 -0.9796
vn -0.5588 0.1524 -0.8152
vn -0.7081 0.5127 -0.4855
vn -0.9839 -0.1325 -0.1199
vn -0.2150 -0.0373 -0.9759
vn -0.1607 0.0171 -0.9869
vn -0.0117 -0.1215 0.9925
vn -0.0215 -0.1959 0.9804
vn -0.0108 -0.1107 0.9938
vn -0.0067 -0.1002 0.9949
vn -0.0049 -0.0974 0.9952
vn -0.0851 -0.1737 0.9811
vn -0.0993 -0.1825 0.9782
vn -0.0039 -0.2060 0.9786
vn 0.0144 -0.2303 0.9730
vn -0.0148 -0.2014 0.9794
vn 0.9292 -0.1342 -0.3444
vn 0.8929 -0.2063 -0.4002
vn 0.9055 -0.3205 -0.2782
vn 0.9356 -0.3066 -0.1750
vn 0.3498 -0.8331 -0.4284
vn 0.5284 -0.6993 -0.4813
vn 0.9128 -0.2106 -0.3499
vn 0.7965 -0.4923 -0.3511
vn 0.3664 -0.1734 -0.9141
vn 0.9955 0.0914 -0.0247
vn -0.0690 -0.6618 -0.7465
vn 0.0914 -0.9547 -0.2834
vn 0.5228 -0.5137 0.6803
vn 0.9930 0.0322 0.1137
vn 0.9893 -0.0570 0.1344
vn 0.5951 0.2959 0.7472
vn 0.9323 0.1581 0.3254
vn 0.9626 -0.2171 0.1619
vn 0.9183 0.3862 0.0872
vn 0.7733 0.6322 -0.0485
vn 0.6819 0.5948 -0.4256
vn 0.7955 0.5974 0.1015
vn 0.7565 -0.2234 0.6146
vn 0.9911 -0.0909 -0.0973
vn 0.8241 0.5510 -0.1313
vn 0.9853 -0.0400 0.1661
vn 0.6216 0.5235 0.5827
vn 0.9910 -0.0533 0.1224
vn -0.0155 0.0183 0.9997
vn -0.3361 0.0336 0.9412
vn -0.2722 0.0550 0.9607
vn -0.0456 -0.0082 0.9989
vn -0.0998 -0.0717 0.9924
vn 0.0448 -0.0713 0.9964
vn -0.6484 0.5359 0.5407
vn 0.0127 -0.0804 0.9967
vn -0.0454 -0.1376 0.9895
vn 0.9135 -0.2613 -0.3118
vn 0.6669 -0.2607 -0.6981
vn 0.4033 -0.4550 -0.7939
vn 0.9623 -0.0882 -0.2574
vn 0.5549 0.1709 -0.8142
vn 0.8062 0.2567 -0.5331
vn 0.9800 -0.1120 -0.1648
vn 0.9498 -0.1354 -0.2821
vn 0.6644 0.3293 -0.6709
vn 0.3713 0.1172 -0.9211
vn -0.7860 -0.6159 -0.0537
vn -0.7297 -0.5338 -0.4273
vn -0.8137 -0.5793 -0.0478
vn -0.8248 -0.5644 -0.0337
vn -0.8022 -0.5950 -0.0494
vn -0.0471 0.1953 -0.9796
vn -0.5013 0.5665 -0.6541
vn -0.5160 -0.3817 -0.7668
vn -0.0576 0.1144 -0.9918
vn 0.7440 0.1468 -0.6519
vn 0.7052 0.1904 -0.6830
vn 0.0375 0.1818 -0.9826
vn 0.3705 0.0139 -0.9287
vn -0.8482 0.1185 -0.5163
vn -0.8853 0.1046 -0.4531
vn -0.1226 0.0018 -0.9924
vn -0.5543 0.7929 -0.2532
vn -0.1671 0.7589 -0.6294
vn 0.9339 -0.1015 -0.3428
vn -0.7290 0.3221 -0.6039
vn -0.7323 0.3212 -0.6005
vn 0.0667 0.1229 -0.9902
vn 0.9022 -0.1258 -0.4126
vn 0.0305 0.1373 -0.9901
vn 0.2202 0.1155 -0.9686
vn 0.7755 0.0428 -0.6299
vn 0.1421 0.2515 -0.9574
vn 0.0509 0.1638 -0.9852
vn 0.0338 0.1329 -0.9906
vn 0.0291 0.1276 -0.9914
vn -0.4662 -0.3834 -0.7973
vn -0.7019 -0.4792 -0.5270
vn -0.5564 0.4422 -0.7035
vn -0.5891 0.7395 -0.3258
vn 0.1745 0.0297 -0.9842
vn 0.1801 0.0251 -0.9833
vn -0.4290 -0.5532 -0.7141
vn -0.3903 -0.3812 -0.8381
vn -0.8712 -0.2529 -0.4207
vn -0.6498 0.3876 -0.6539
vn 0.2680 0.0197 -0.9632
vn 0.1928 0.0291 -0.9808
vn 0.3280 0.0589 -0.9428
vn 0.1097 0.0097 -0.9939
vn -0.5167 0.2195 -0.8275
vn 0.8927 -0.2685 -0.3619
vn 0.7110 0.5748 -0.4051
vn 0.1828 0.0035 -0.9831
vn 0.2591 0.0965 -0.9610
vn -0.6388 -0.5310 -0.5567
vn -0.5833 -0.4433 -0.6806
vn 0.1437 0.0576 -0.9879
vn -0.5946 -0.0261 -0.8036
vn 0.2613 0.0591 -0.9634
vn 0.7205 0.5792 -0.3814
vn 0.2371 0.0340 -0.9709
vn 0.8622 -0.2715 -0.4277
vn 0.4810 0.0833 -0.8727
vn -0.1421 0.0935 -0.9854
vn -0.1503 0.0906 -0.9845
vn 0.1631 -0.9589 -0.2324
vn 0.3423 -0.9389 -0.0366
vn 0.3365 -0.9413 -0.0262
vn -0.2002 -0.0021 0.9798
vn -0.0506 -0.1031 0.9934
vn -0.1145 -0.0916 0.9892
vn -0.0522 -0.0637 0.9966
vn 0.1160 -0.0838 0.9897
vn -0.8855 -0.1761 0.4300
vn -0.4074 -0.0154 0.9131
vn 0.1504 -0.0964 0.9839
vn 0.1293 -0.0443 0.9906
vn 0.7111 0.2771 -0.6462
vn 0.1241 -0.0393 0.9915
vn -0.3871 -0.0944 0.9172
vn -0.7169 -0.2698 0.6429
vn 0.2748 -0.0135 0.9614
vn -0.2919 -0.4185 0.8600
vn 0.2757 -0.0126 0.9612
vn 0.2778 -0.0137 0.9606
vn -0.3603 -0.5003 0.7873
vn -0.2666 0.4054 0.8744
vn 0.1466 -0.0776 0.9861
vn 0.0278 -0.0306 0.9991
vn 0.0243 -0.0254 0.9994
vn -0.6667 0.3137 0.6761
vn -0.0807 -0.2583 0.9627
vn 0.6682 -0.6409 0.3779
vn 0.0639 -0.2471 0.9669
vn -0.1964 0.4608 0.8655
vn -0.3884 0.6170 0.6845
vn 0.7649 -0.0958 0.6369
vn 0.3377 -0.1775 0.9244
vn 0.0016 -0.0026 1.0000
vn 0.0678 -0.5958 0.8003
vn 0.0525 0.0125 0.9985
vn 0.5906 -0.6536 0.4732
vn 0.1153 0.0451 0.9923
vn -0.3231 0.9432 -0.0780
vn 0.0015 -0.0027 1.0000
vn -0.6042 -0.0575 0.7948
vn -0.9176 -0.2540 0.3057
vn 0.2031 -0.0210 0.9789
vn 0.1002 0.0040 0.9950
vn -0.5582 -0.4709 0.6832
vn -0.3156 -0.0220 0.9486
vn -0.7783 0.2429 0.5790
vn 0.1168 0.0446 0.9922
vn 0.1242 0.0478 0.9911
vn 0.1342 -0.0167 0.9908
vn 0.1257 -0.0037 0.9921
vn 0.1036 -0.0392 0.9938
vn 0.7944 -0.3591 0.4899
vn 0.5596 -0.0532 0.8271
vn 0.1350 -0.0230 0.9906
vn 0.7077 0.5284 -0.4689
vn 0.1508 0.5386 0.8289
vn 0.1296 -0.0181 0.9914
vn 0.6992 -0.6671 0.2570
vn 0.7180 -0.6897 -0.0932
vn 0.7127 -0.6955 -0.0908
vn 0.6989 -0.7096 -0.0897
vn 0.6213 -0.3752 0.6879
vn 0.6403 -0.3646 0.6760
vn 0.6749 -0.5570 0.4840
vn 0.1293 0.0876 0.9877
vn -0.4893 -0.3239 -0.8097
vn -0.2089 0.0096 -0.9779
vn -0.0024 -0.0434 -0.9991
vn 0.4688 0.3549 -0.8089
vn 0.0680 0.2371 -0.9691
vn 0.5596 -0.0223 -0.8285
vn 0.0716 0.1789 -0.9813
vn 0.8183 0.3227 -0.4756
vn -0.6684 -0.1827 -0.7211
vn -0.1891 -0.0733 -0.9792
vn -0.5795 -0.1935 -0.7917
vn 0.0943 0.1334 -0.9866
vn -0.2100 0.1869 -0.9597
vn 0.0966 0.1133 -0.9889
vn 0.0363 0.0181 -0.9992
vn 0.0223 -0.1421 -0.9896
vn 0.5096 0.3487 -0.7866
vn 0.4941 0.3252 -0.8063
vn -0.4308 -0.3331 -0.8387
vn -0.5124 -0.4433 -0.7355
vn 0.0923 0.0050 -0.9957
vn 0.0949 0.0138 -0.9954
vn 0.9119 -0.2650 0.3134
vn 0.5269 0.0101 0.8498
vn 0.9508 -0.0837 -0.2984
vn 0.5719 0.3472 -0.7432
vn -0.4917 -0.4635 -0.7371
vn -0.7815 -0.6200 -0.0691
vn -0.4275 -0.4641 0.7758
vn -0.1427 -0.1863 0.9721
vn -0.2426 -0.0609 0.9682
vn 0.4875 -0.5954 0.6386
vn -0.1444 -0.8296 0.5393
vn 0.5264 -0.6335 0.5671
vn -0.2691 -0.9619 -0.0484
vn -0.0228 -0.9977 -0.0636
vn 0.4827 0.5394 -0.6900
vn 0.1427 -0.0738 -0.9870
vn -0.7041 -0.6279 -0.3316
vn -0.1715 -0.3862 -0.9063
vn -0.3761 0.2602 -0.8893
vn -0.3368 0.7936 -0.5068
vn -0.2695 0.5194 -0.8109
vn 0.1302 0.1804 -0.9749
vn 0.2666 -0.4784 -0.8367
vn 0.4618 -0.2650 -0.8465
vn 0.1387 0.0175 -0.9902
vn 0.1685 -0.1811 -0.9689
vn 0.1582 -0.1268 -0.9792
vn -0.2725 -0.5163 -0.8119
vn 0.2465 -0.1174 -0.9620
vn 0.5075 -0.6487 -0.5672
vn 0.3472 -0.7452 -0.5694
vn 0.7946 -0.6047 0.0544
vn 0.8115 -0.5826 0.0463
vn 0.7827 -0.6213 0.0374
vn 0.8141 -0.5787 0.0486
vn 0.7431 -0.6048 -0.2865
vn 0.4286 -0.3319 -0.8403
vn 0.5375 -0.3414 -0.7711
vn 0.4137 -0.3630 -0.8349
vn 0.7798 -0.6251 0.0343
vn 0.7151 -0.6989 0.0070
vn 0.7152 -0.6989 0.0071
vn 0.4753 -0.4804 -0.7371
vn 0.6480 -0.7340 0.2033
vn 0.6746 -0.4686 -0.5703
vn 0.6825 -0.4959 -0.5369
vn 0.1896 0.1399 -0.9719
vn 0.1852 0.1402 -0.9727
vn 0.2039 0.1594 -0.9659
vn 0.2040 0.1593 -0.9659
vn 0.5037 -0.2859 -0.8152
vn 0.5098 -0.4698 -0.7207
vn -0.8941 -0.3415 0.2899
vn -0.8152 -0.3485 0.4626
vn -0.8902 -0.3342 0.3097
vn -0.8350 -0.3551 0.4204
vn -0.9321 -0.2800 0.2298
vn -0.6207 0.4055 0.6710
vn -0.9665 -0.0841 0.2423
vn -0.9712 -0.0503 0.2329
vn -0.9439 -0.2454 0.2211
vn -0.9899 -0.1154 0.0827
vn 0.5614 -0.4626 -0.6862
vn 0.1036 -0.0270 -0.9942
vn 0.2131 -0.0173 -0.9769
vn 0.2674 0.1300 -0.9548
vn -0.0027 -0.1349 -0.9909
vn -0.0878 -0.1383 -0.9865
vn 0.0266 0.0157 0.9995
vn 0.3437 -0.0504 0.9377
vn 0.4615 -0.0292 0.8867
vn 0.7449 0.2029 0.6355
vn 0.2272 -0.1341 0.9646
vn 0.2242 -0.1309 0.9657
vn -0.3599 0.2262 0.9051
vn -0.4798 0.2505 0.8409
vn 0.1836 -0.1072 0.9771
vn 0.4496 0.1433 0.8816
vn 0.2758 -0.4216 0.8638
vn 0.6933 -0.7206 -0.0007
vn 0.7026 -0.7115 0.0133
vn 0.6850 -0.7285 -0.0048
vn 0.7112 -0.7030 0.0053
vn 0.7324 -0.6808 0.0016
vn 0.7616 -0.6479 -0.0149
vn 0.7725 -0.6348 -0.0170
vn 0.7060 -0.7073 -0.0352
vn 0.6860 -0.7270 -0.0300
vn 0.1913 0.1452 -0.9707
vn 0.4213 -0.0013 -0.9069
vn -0.0962 0.1305 -0.9868
vn -0.7695 0.2626 -0.5821
vn -0.7587 0.2579 -0.5982
vn 0.3858 0.1835 -0.9042
vn 0.8110 -0.2130 -0.5448
vn 0.1344 -0.0196 -0.9907
vn 0.8497 -0.1714 -0.4987
vn 0.8465 -0.1723 -0.5037
vn 0.1445 0.0625 -0.9875
vn -0.8792 0.0732 -0.4709
vn 0.7327 0.5730 -0.3672
vn 0.3487 0.0549 -0.9356
vn 0.4737 0.0781 -0.8772
vn 0.3017 0.0352 -0.9527
vn 0.9524 -0.0951 -0.2895
vn 0.4211 0.0934 -0.9022
vn -0.0271 -0.2104 0.9772
vn -0.0234 -0.1983 0.9799
vn 0.6275 -0.6866 0.3672
vn 0.4674 -0.1652 -0.8685
vn 0.2125 0.0979 -0.9723
vn 0.2071 0.0436 -0.9774
vn 0.1276 0.0313 -0.9913
vn 0.8060 0.0311 -0.5911
vn 0.4380 -0.7239 -0.5330
vn 0.1444 0.0807 -0.9862
vn 0.1115 0.1222 -0.9862
vn 0.5025 0.6221 -0.6004
vn 0.5073 0.6896 -0.5168
vn 0.1317 0.0555 -0.9897
vn -0.9362 -0.3196 0.1462
vn -0.9491 0.0791 0.3050
vn -0.9958 0.0045 -0.0909
vn -0.9015 0.1582 0.4029
vn -0.9648 0.2610 -0.0321
vn -0.9931 -0.0099 0.1172
vn -0.8706 0.4827 -0.0955
vn -0.9674 -0.0798 -0.2404
vn -0.8937 0.0046 -0.4487
vn -0.9757 -0.2090 -0.0658
vn -0.9367 -0.3470 0.0474
vn -0.0885 -0.9960 -0.0081
vn -0.9803 -0.1550 0.1223
vn -0.0424 -0.7717 -0.6345
vn -0.0506 -0.9984 -0.0240
vn -0.9232 -0.2931 0.2487
vn -0.9959 -0.0678 0.0603
vn -0.8860 -0.1866 -0.4245
vn -0.9108 -0.2033 -0.3593
vn -0.8138 -0.2089 -0.5423
vn -0.8763 -0.2877 -0.3865
vn -0.7431 -0.2578 -0.6176
vn -0.8235 -0.2878 -0.4888
vn -0.4245 0.0188 -0.9052
vn 0.0320 -0.7889 -0.6137
vn -0.9137 -0.3804 -0.1430
vn -0.8593 -0.4011 -0.3174
vn -0.5381 -0.7589 -0.3668
vn -0.9006 -0.4202 -0.1113
vn -0.9045 -0.4120 -0.1104
vn -0.8256 -0.3780 -0.4189
vn -0.8213 -0.3977 -0.4090
vn -0.5502 -0.1810 -0.8152
vn -0.5075 -0.1722 -0.8443
vn -0.6361 -0.2566 -0.7277
vn -0.4443 -0.1772 -0.8782
vn -0.6255 -0.3197 -0.7117
vn -0.5499 -0.3602 -0.7536
vn -0.5238 -0.2854 -0.8026
vn -0.5032 -0.3612 -0.7851
vn -0.3544 -0.0239 -0.9348
vn -0.1836 -0.0834 -0.9795
vn -0.2559 -0.1291 -0.9580
vn -0.0085 -0.0491 -0.9988
vn -0.1966 -0.1757 -0.9646
vn -0.4170 -0.2659 -0.8691
vn -0.4400 -0.3116 -0.8422
vn -0.2597 -0.2167 -0.9411
vn -0.6415 -0.4281 -0.6366
vn -0.7180 -0.3931 -0.5744
vn -0.8786 -0.4233 -0.2213
vn -0.8244 -0.4016 -0.3988
vn -0.8581 -0.4170 0.2995
vn -0.8873 -0.4529 0.0871
vn -0.9175 -0.3958 -0.0407
vn -0.7847 -0.0293 -0.6192
vn -0.9433 -0.0535 -0.3277
vn -0.9348 -0.3459 -0.0811
vn -0.9764 -0.1007 -0.1909
vn -0.9758 -0.0933 -0.1977
vn -0.8506 -0.1287 -0.5098
vn -0.2901 -0.8007 -0.5241
vn -0.2100 -0.8508 -0.4817
vn -0.0919 -0.9572 -0.2744
vn -0.6119 -0.5662 -0.5523
vn -0.3751 -0.8412 -0.3894
vn -0.9946 -0.1037 0.0069
vn -0.9370 -0.3465 -0.0442
vn -0.9042 -0.4220 0.0656
vn -0.9142 -0.4039 -0.0323
vn -0.8811 -0.4118 0.2325
vn -0.8691 -0.4436 0.2190
vn -0.8958 -0.4335 0.0987
vn -0.8813 -0.3393 0.3290
vn -0.1136 -0.7959 0.5947
vn -0.1663 -0.3597 0.9181
vn -0.4739 -0.2009 0.8574
vn -0.3249 -0.0044 0.9457
vn -0.4025 -0.4895 0.7736
vn -0.7479 -0.5363 0.3912
vn -0.8853 0.0878 0.4566
vn 0.0238 -0.9995 0.0184
vn -0.2160 -0.9737 -0.0718
vn -0.1103 -0.0156 -0.9938
vn 0.6581 0.0051 -0.7529
vn -0.1177 -0.0271 -0.9927
vn 0.1817 0.0179 -0.9832
vn 0.9989 0.0392 -0.0266
vn 0.9975 0.0687 -0.0137
vn 0.5589 -0.0357 -0.8285
vn -0.0683 0.0130 -0.9976
vn 0.7012 -0.6972 -0.1488
vn 0.7996 -0.5998 -0.0316
vn 0.4730 -0.4568 -0.7534
vn 0.1288 -0.0272 0.9913
vn 0.1501 -0.0226 0.9884
vn 0.3528 -0.4927 0.7955
vn 0.3491 -0.3455 0.8711
vn 0.1506 -0.0074 0.9886
vn -0.2993 0.8655 0.4017
vn -0.2898 0.2943 0.9107
vn 0.1249 -0.0314 0.9917
vn -0.7671 0.1652 0.6199
vn 0.6441 -0.4863 0.5904
vn 0.6899 -0.0938 0.7178
vn -0.1767 0.2828 0.9428
vn 0.7305 0.4371 0.5247
vn 0.2009 -0.0525 0.9782
vn 0.2628 -0.0714 0.9622
vn 0.0464 -0.0248 0.9986
vn 0.6524 -0.2759 0.7059
vn 0.1875 0.1000 0.9772
vn 0.1745 0.0649 0.9825
vn -0.1892 -0.1265 0.9738
vn 0.4274 -0.1872 0.8845
vn 0.0391 -0.0716 0.9967
vn 0.1659 0.0460 0.9851
vn 0.4831 -0.0436 0.8745
vn 0.7882 -0.3305 0.5192
vn 0.3329 -0.0686 0.9405
vn 0.3120 -0.0780 0.9469
vn 0.6742 0.3242 0.6635
vn 0.8682 -0.0364 0.4949
vn 0.7104 -0.5456 0.4446
vn 0.9983 0.0312 -0.0500
vn 0.9966 0.0789 -0.0228
vn 0.7751 0.0640 0.6285
vn 0.2695 -0.0147 0.9629
vn -0.4217 -0.0402 0.9058
vn -0.1743 -0.0865 0.9809
vn 0.9700 0.0390 0.2398
vn 0.8114 0.0349 -0.5834
vn -0.3808 0.4457 -0.8101
vn 0.3360 0.0896 -0.9376
vn 0.7590 0.3964 -0.5165
vn 0.7308 0.2107 -0.6493
vn -0.2536 0.1268 -0.9590
vn 0.7364 0.4100 -0.5381
vn 0.1856 0.1686 -0.9681
vn -0.1807 0.1006 -0.9784
vn -0.1780 0.1014 -0.9788
vn 0.1939 0.1546 -0.9688
vn 0.2912 0.0993 -0.9515
vn 0.2480 0.1988 -0.9481
vn 0.3746 0.1360 -0.9171
vn 0.3616 0.1131 -0.9255
vn 0.9973 0.0694 -0.0219
vn 0.5319 -0.0373 0.8460
vn 0.7437 -0.0459 0.6670
vn 0.8516 -0.2754 0.4461
vn 0.4001 -0.1690 0.9007
vn 0.7321 -0.1334 0.6680
vn 0.4772 -0.0934 0.8738
vn 0.2517 -0.0499 0.9665
vn -0.2365 -0.1058 0.9659
vn 0.3023 -0.0258 0.9529
vn 0.9984 0.0551 -0.0139
vn 0.9985 0.0531 -0.0114
vn 0.9926 0.0697 -0.0996
vn 0.8541 0.0235 -0.5195
vn -0.2755 -0.2984 0.9138
vn -0.4118 -0.3078 0.8577
vn -0.5353 0.8046 -0.2571
vn 0.3569 0.0442 -0.9331
vn 0.3605 0.0510 -0.9314
vn 0.1857 0.1688 -0.9680
vn 0.9984 0.0537 -0.0180
vn 0.9995 0.0328 0.0024
vn 0.7308 -0.0023 0.6826
vn 0.3183 -0.0056 0.9480
vn -0.6817 -0.3534 0.6406
vn 0.6108 0.1449 0.7784
vn -0.5981 -0.3460 0.7229
vn -0.5054 -0.3594 0.7845
vn -0.7892 -0.3899 0.4746
vn -0.8548 -0.4298 0.2910
vn -0.9169 -0.3990 -0.0120
vn -0.9146 -0.3926 0.0969
vn -0.8918 -0.3421 0.2961
vn -0.9839 -0.1664 0.0648
vn -0.9430 0.0805 -0.3229
vn -0.3478 -0.9135 -0.2111
vn -0.5873 -0.8088 -0.0299
vn -0.9711 -0.1308 0.1997
vn -0.4960 -0.8682 0.0146
vn -0.9437 -0.1834 0.2753
vn -0.9970 -0.0405 -0.0652
vn -0.5462 -0.8279 0.1279
vn -0.7151 -0.3868 0.5823
vn -0.6808 -0.3635 0.6359
vn -0.5494 -0.2992 0.7802
vn -0.4831 -0.2848 0.8279
vn -0.5976 -0.3332 0.7293
vn -0.7233 -0.2358 0.6490
vn -0.7225 -0.3800 0.5776
vn -0.8612 0.0506 0.5057
vn -0.4986 -0.2785 0.8209
vn -0.3013 -0.3224 0.8974
vn -0.7096 0.7015 0.0664
vn -0.3911 0.7992 -0.4565
vn -0.8086 0.5680 0.1537
vn -0.2439 0.7500 -0.6148
vn -0.3595 0.7462 -0.5603
vn -0.0062 -0.8123 -0.5831
vn -0.2363 0.8362 -0.4949
vn 0.1487 0.1254 -0.9809
vn 0.1648 -0.0741 -0.9835
vn 0.3739 0.7121 0.5943
vn -0.5225 -0.4140 0.7454
vn -0.4995 -0.4670 0.7297
vn -0.2636 0.7447 -0.6132
vn -0.3618 -0.2163 0.9068
vn -0.4217 -0.2172 0.8803
vn -0.2216 -0.2953 0.9293
vn -0.2120 -0.2920 0.9326
vn -0.4135 -0.3164 0.8538
vn -0.6159 -0.2966 0.7298
vn -0.8078 0.4920 0.3247
vn -0.7340 0.1286 0.6668
vn -0.8048 0.5724 0.1568
vn 0.7487 -0.0599 -0.6602
vn 0.7891 0.1983 -0.5813
vn 0.8469 0.1302 -0.5156
vn -0.7213 0.3344 -0.6066
vn -0.6362 0.5453 0.5458
vn -0.9784 -0.1417 -0.1506
vn -0.7790 0.2623 0.5696
vn -0.9733 -0.1791 -0.1434
vn -0.7807 0.3169 -0.5387
vn -0.7162 0.3924 -0.5772
vn -0.7264 0.3329 -0.6012
vn 0.4462 0.6824 -0.5790
vn 0.7856 0.3504 -0.5099
vn 0.7053 0.1097 -0.7004
vn 0.8028 0.5935 0.0566
vn -0.4441 -0.8928 0.0746
vn -0.6102 -0.7238 0.3222
vn -0.8415 -0.1901 0.5056
vn -0.4374 -0.8836 0.1670
vn -0.9737 -0.0945 0.2072
vn -0.9820 -0.1035 0.1580
vn -0.9966 -0.0262 -0.0787
vn -0.3012 0.9039 0.3038
vn -0.3290 0.9053 0.2688
vn -0.9601 0.0274 -0.2782
vn -0.8765 0.1197 -0.4663
vn -0.8971 0.1401 -0.4191
vn -0.7879 0.1593 -0.5949
vn -0.0794 -0.8941 -0.4408
vn -0.3152 0.9320 0.1791
vn -0.3713 0.9257 0.0721
vn -0.6476 0.7362 -0.1965
vn -0.7837 0.5584 -0.2721
vn -0.3860 0.8821 0.2702
vn -0.8974 0.4407 -0.0206
vn -0.8412 0.5407 0.0040
vn -0.9769 0.0220 -0.2127
vn -0.9869 -0.0828 -0.1382
vn -0.9509 -0.3077 0.0326
vn -0.9735 -0.1627 0.1605
vn -0.9901 -0.0205 0.1391
vn -0.8773 -0.4239 -0.2252
vn -0.8097 -0.5166 -0.2784
vn -0.9475 -0.3198 0.0045
vn -0.8038 -0.3625 -0.4718
vn -0.2675 -0.9041 -0.3332
vn -0.2533 -0.9109 -0.3257
vn -0.1388 -0.9104 -0.3898
vn -0.9177 0.0296 -0.3962
vn -0.8599 0.1182 -0.4967
vn -0.6161 -0.5484 -0.5654
vn -0.8696 -0.0280 -0.4930
vn -0.9341 -0.0514 -0.3533
vn -0.8173 0.0147 -0.5760
vn -0.4251 0.9000 0.0966
vn -0.1359 0.9332 0.3326
vn -0.9329 -0.0477 -0.3570
vn -0.9719 -0.1168 -0.2044
vn -0.9906 -0.1024 -0.0911
vn 0.1389 -0.9043 -0.4036
vn -0.9334 0.0800 -0.3499
vn -0.8457 0.3286 -0.4205
vn -0.7575 -0.3154 -0.5717
vn -0.9672 0.0723 -0.2436
vn -0.0381 0.9566 0.2890
vn -0.1161 0.9223 0.3685
vn -0.1124 0.9332 0.3413
vn -0.8292 -0.0202 -0.5586
vn -0.1040 -0.8889 -0.4461
vn -0.1608 -0.8812 -0.4445
vn -0.7843 0.1217 -0.6083
vn -0.0138 -0.1114 0.9937
vn 0.9997 0.0209 0.0124
vn 0.5207 -0.5771 0.6292
vn 0.8145 -0.0430 0.5785
vn 0.9991 0.0347 0.0228
vn 0.9987 0.0501 0.0107
vn 0.5187 0.1705 -0.8378
vn 0.2956 0.1144 -0.9484
vn 0.2750 0.0659 -0.9592
vn 0.4267 -0.7177 -0.5503
vn 0.5999 -0.3244 -0.7314
vn -0.1910 0.4783 -0.8572
vn 0.0295 0.0275 -0.9992
vn 0.0294 0.0207 -0.9994
vn 0.6051 -0.3272 -0.7259
vn 0.1856 0.1583 -0.9698
vn 0.0383 0.0502 -0.9980
vn 0.6486 -0.0318 -0.7605
vn 0.7174 -0.1664 -0.6765
vn 0.6799 -0.4361 -0.5896
vn 0.6593 0.4659 0.5902
vn -0.9916 -0.0501 -0.1195
vn -0.9566 -0.1605 0.2431
vn 0.1297 0.5716 -0.8102
vn 0.7992 0.3940 -0.4538
vn 0.9050 0.3163 -0.2844
vn -0.9753 -0.0833 -0.2047
vn -0.9897 -0.0676 -0.1263
vn -0.7391 -0.3321 0.5860
vn -0.5143 -0.7345 -0.4428
vn -0.4707 -0.2371 0.8499
vn -0.5522 -0.4718 0.6874
vn -0.9394 -0.2610 0.2222
vn -0.6209 -0.1753 0.7640
vn -0.6435 -0.2833 0.7110
vn -0.6807 -0.7325 0.0116
vn -0.9701 -0.1410 -0.1976
vn -0.6012 0.4464 -0.6628
vn -0.5306 -0.6945 -0.4859
vn -0.7762 -0.6029 0.1845
vn -0.8217 -0.4668 -0.3270
vn -0.9121 -0.2414 -0.3312
vn -0.8734 -0.1123 0.4738
vn -0.9370 -0.1577 0.3118
vn -0.3005 -0.9224 -0.2428
vn -0.7771 -0.6292 -0.0173
vn -0.2857 -0.9275 -0.2412
vn -0.9820 -0.1781 0.0632
vn -0.9680 -0.1517 0.1999
vn -0.8143 -0.5686 0.1170
vn -0.2837 -0.9364 -0.2064
vn -0.1019 -0.9567 -0.2728
vn -0.6084 -0.7842 0.1219
vn -0.9054 -0.0797 0.4171
vn -0.5594 -0.8268 -0.0584
vn -0.8998 -0.1175 0.4202
vn -0.6519 0.3368 0.6794
vn -0.6547 0.6736 -0.3429
vn -0.4562 0.4560 -0.7642
vn -0.7962 0.6048 -0.0181
vn -0.2277 0.4621 -0.8571
vn -0.8405 -0.2470 0.4823
vn -0.9449 -0.2911 -0.1499
vn -0.2267 0.4617 -0.8576
vn -0.2640 0.5052 -0.8217
vn -0.8941 -0.2195 0.3905
vn -0.8976 -0.2215 0.3812
vn -0.2692 0.4948 -0.8262
vn -0.4309 0.7585 -0.4889
vn -0.7357 0.2707 0.6208
vn -0.3807 0.8662 0.3236
vn -0.2941 0.9396 0.1753
vn -0.9607 -0.0821 0.2653
vn -0.6835 -0.6639 0.3034
vn -0.8478 0.0710 0.5256
vn -0.8652 -0.1495 0.4786
vn -0.7103 -0.4967 0.4988
vn -0.7643 0.5041 -0.4022
vn -0.8783 0.0120 0.4780
vn -0.8954 -0.3785 0.2345
vn -0.7356 0.6771 -0.0211
vn -0.7546 -0.6546 -0.0464
vn -0.9190 -0.0163 0.3938
vn -0.8112 0.2940 -0.5055
vn -0.8951 0.1678 -0.4131
vn -0.8942 -0.0803 0.4403
vn -0.8629 -0.0736 0.4999
vn -0.8679 -0.0819 0.4900
vn -0.9605 -0.0565 0.2726
vn -0.8275 0.1676 -0.5358
vn -0.8234 -0.0988 0.5589
vn -0.9946 0.1006 -0.0265
vn -0.9176 -0.0165 0.3973
vn -0.8571 0.0489 -0.5128
vn -0.9837 -0.1334 0.1209
vn -0.9664 -0.1903 0.1731
vn -0.9799 0.1525 -0.1283
vn -0.9727 -0.0139 0.2316
vn -0.1855 0.9768 0.1073
vn -0.1546 0.9830 0.0989
vn -0.5651 0.7873 -0.2468
vn -0.5475 0.4191 0.7243
vn -0.9802 -0.0399 -0.1938
vn -0.5691 0.8148 -0.1106
vn -0.9044 0.4053 0.1336
vn -0.8301 0.5455 0.1155
vn -0.7639 0.5891 0.2635
vn -0.8918 0.4178 0.1736
vn -0.8607 -0.4861 -0.1512
vn -0.9755 -0.1824 -0.1226
vn -0.8588 0.4201 0.2933
vn -0.7280 0.3474 -0.5910
vn -0.9812 0.0246 -0.1913
vn -0.9878 -0.0268 -0.1537
vn -0.9555 0.0395 -0.2923
vn -0.9823 -0.1673 -0.0844
vn -0.0138 0.1909 0.9815
vn -0.9538 -0.2153 0.2095
vn -0.8592 0.5105 -0.0354
vn -0.6435 0.7223 -0.2534
vn -0.8701 0.2051 -0.4482
vn -0.9605 0.1482 -0.2354
vn -0.9875 0.1281 -0.0918
vn -0.8851 0.2113 -0.4146
vn -0.8678 0.2467 -0.4313
vn -0.6929 -0.1752 0.6994
vn -0.5832 -0.4831 0.6531
vn -0.5587 -0.5652 0.6070
vn -0.6397 -0.6461 0.4164
vn -0.9865 -0.0580 0.1531
vn -0.8327 -0.2369 0.5005
vn -0.4304 -0.5395 0.7237
vn -0.8836 0.3917 0.2568
vn -0.6841 -0.0813 0.7248
vn -0.4342 -0.3990 0.8077
vn -0.4390 -0.4096 0.7997
vn -0.8634 -0.1245 0.4890
vn -0.9220 -0.0545 0.3833
vn -0.3562 -0.3930 0.8477
vn -0.7663 0.0369 0.6415
vn -0.8090 -0.2518 0.5312
vn -0.7946 -0.2526 0.5520
vn -0.9181 -0.2840 0.2763
vn -0.6138 0.2226 0.7574
vn -0.6106 0.3373 0.7165
vn -0.5881 0.2803 0.7586
vn -0.5908 0.3214 0.7400
vn -0.7743 -0.6147 0.1502
vn -0.7891 -0.6113 0.0603
vn -0.7245 -0.6523 0.2229
vn -0.7434 -0.6340 0.2132
vn -0.6858 -0.6206 0.3801
vn -0.8482 -0.3005 0.4362
vn -0.7849 0.4996 -0.3665
vn -0.9058 0.3945 -0.1548
vn -0.9019 -0.3012 0.3097
vn -0.1292 -0.6779 0.7237
vn 0.0181 -0.6821 0.7311
vn -0.8646 -0.0702 0.4975
vn -0.0445 -0.4770 0.8778
vn -0.7292 -0.2304 0.6444
vn -0.9506 -0.0993 0.2941
vn -0.7552 0.5204 -0.3986
vn -0.8127 0.4617 -0.3556
vn -0.8590 -0.0498 0.5095
vn -0.7598 0.4505 -0.4688
vn -0.7610 0.4347 -0.4815
vn -0.7457 0.4482 -0.4929
vn -0.8626 -0.0380 0.5044
vn -0.6707 -0.2795 -0.6870
vn -0.6516 0.0455 -0.7572
vn -0.4541 0.3346 -0.8257
vn -0.5042 0.8313 -0.2341
vn -0.7371 0.2225 -0.6381
vn -0.7224 0.2315 -0.6516
vn -0.5567 0.5552 -0.6179
vn -0.8797 0.3078 -0.3624
vn -0.7209 -0.3175 -0.6160
vn -0.6122 0.0208 -0.7905
vn -0.6669 0.1416 -0.7316
vn 0.0307 0.5057 -0.8621
vn -0.3888 0.3914 -0.8341
vn -0.6026 0.2008 -0.7724
vn -0.4569 0.2478 -0.8543
vn -0.4813 0.2073 -0.8517
vn -0.7002 0.2836 -0.6552
vn -0.5767 0.3152 -0.7537
vn -0.7312 0.3112 -0.6071
vn -0.7354 0.0180 -0.6774
vn -0.6427 0.0430 -0.7649
vn -0.4250 -0.6775 -0.6003
vn -0.3164 0.0141 0.9485
vn -0.9672 -0.0305 0.2523
vn -0.5243 -0.8515 -0.0054
vn -0.6215 -0.7768 -0.1020
vn -0.9630 -0.2132 -0.1647
vn -0.9786 -0.0188 0.2050
vn -0.9768 -0.0022 0.2142
vn 0.4150 0.1786 -0.8921
vn -0.4183 -0.2591 -0.8706
vn -0.5236 -0.0970 -0.8464
vn -0.4457 -0.1138 -0.8879
vn -0.7719 -0.1790 -0.6100
vn -0.7474 -0.1943 -0.6353
vn -0.8701 -0.1697 -0.4627
vn -0.9236 -0.2730 -0.2693
vn -0.9962 -0.0677 -0.0543
vn -0.8052 -0.5645 0.1816
vn -0.7412 -0.5606 0.3694
vn -0.9811 -0.1309 -0.1427
vn -0.3827 0.8881 -0.2546
vn 0.1362 0.7237 -0.6766
vn -0.1675 0.9019 -0.3981
vn -0.8252 -0.0057 0.5648
vn -0.4638 -0.8425 -0.2741
vn -0.4580 -0.3105 -0.8329
vn -0.8076 -0.1350 0.5741
vn -0.8187 -0.0647 0.5706
vn -0.2517 -0.9396 -0.2321
vn -0.7810 -0.0894 0.6181
vn -0.8156 -0.1276 0.5643
vn -0.9716 -0.2304 -0.0535
vn -0.9452 -0.2337 0.2281
vn -0.9465 -0.2712 0.1752
vn -0.9663 -0.2575 -0.0049
vn -0.8190 -0.1498 0.5538
vn -0.9446 -0.3137 -0.0963
vn -0.9231 -0.3304 -0.1966
vn -0.9517 -0.2843 0.1161
vn -0.8904 -0.4299 -0.1496
vn -0.9236 -0.3809 0.0430
vn -0.8648 -0.3046 0.3993
vn -0.9122 -0.3085 -0.2697
vn -0.7112 -0.2974 -0.6370
vn -0.3720 -0.0850 -0.9243
vn -0.3687 0.0416 -0.9286
vn -0.4230 0.0947 -0.9012
vn -0.2603 0.0764 -0.9625
vn -0.4594 0.2532 -0.8514
vn -0.3720 -0.1625 -0.9139
vn -0.4325 -0.3398 -0.8352
vn -0.5602 -0.2105 -0.8011
vn -0.6696 0.3833 -0.6362
vn -0.7065 0.3976 -0.5854
vn -0.1813 0.9055 0.3837
vn -0.1800 0.9057 0.3839
vn 0.0915 0.8228 0.5609
vn -0.6414 0.4128 -0.6466
vn -0.5149 0.4191 -0.7479
vn -0.4934 0.4000 -0.7724
vn -0.2401 0.9570 0.1626
vn -0.7628 0.3419 -0.5488
vn -0.7687 0.3282 -0.5489
vn -0.6788 -0.1883 -0.7098
vn -0.6310 -0.2574 -0.7319
vn -0.9059 0.3181 0.2796
vn -0.8201 0.4971 0.2833
vn -0.3962 0.8289 0.3949
vn -0.2746 0.8941 0.3539
vn -0.2593 0.8946 0.3639
vn -0.1686 0.9701 0.1747
vn -0.9324 -0.1567 0.3255
vn -0.5527 0.2981 -0.7783
vn -0.8359 -0.0410 -0.5474
vn -0.8225 -0.0310 -0.5680
vn -0.8280 -0.0584 -0.5577
vn 0.0833 0.6003 -0.7954
vn 0.8138 0.3936 -0.4275
vn -0.3032 0.4376 -0.8465
vn -0.3437 0.4650 -0.8158
vn 0.6406 0.3239 -0.6962
vn 0.7536 0.3809 -0.5358
vn 0.1645 0.9224 0.3495
vn -0.8619 -0.1417 0.4868
vn -0.8619 -0.1417 0.4869
vn -0.2068 -0.9719 0.1122
vn -0.7397 -0.1524 0.6555
vn -0.4607 -0.8105 0.3617
vn -0.2248 -0.9561 0.1878
vn -0.7573 -0.1701 0.6305
vn 0.1490 0.9180 0.3676
vn 0.8261 0.3768 -0.4190
vn 0.8590 0.2145 -0.4649
vn 0.6356 0.4078 -0.6555
vn 0.7293 0.4303 -0.5319
vn -0.1232 0.9037 0.4101
vn -0.1705 0.8580 0.4845
vn -0.7315 -0.1546 0.6641
vn 0.0396 -0.9854 0.1653
vn -0.7471 -0.1415 0.6495
vn -0.5875 -0.5855 0.5586
vn -0.6054 -0.1821 0.7748
vn -0.5546 -0.1014 0.8259
vn 0.8538 0.3009 -0.4249
vn 0.8404 0.2891 -0.4584
vn -0.3268 0.5014 0.8011
vn 0.8273 0.3068 -0.4705
vn -0.1833 0.6548 0.7332
vn 0.5083 0.5209 0.6858
vn 0.8204 0.3100 -0.4805
vn 0.7783 0.3124 -0.5446
vn -0.3003 -0.0056 0.9538
vn 0.0511 0.8657 0.4979
vn 0.0497 0.8611 0.5060
vn -0.4779 -0.2409 0.8447
vn -0.6814 -0.4163 0.6020
vn -0.8065 -0.1080 0.5813
vn -0.2483 -0.9422 -0.2249
vn -0.7612 -0.0956 0.6414
vn -0.1953 -0.9529 -0.2320
vn -0.7396 -0.1050 0.6648
vn -0.6854 -0.1562 0.7112
vn -0.1996 -0.9511 -0.2358
vn -0.1984 -0.9378 -0.2849
vn -0.7571 -0.1527 0.6352
vn -0.5487 0.5261 0.6497
vn -0.7725 -0.1179 0.6240
vn -0.7918 -0.1326 0.5962
vn -0.4056 0.6149 0.6763
vn -0.6911 -0.1482 0.7074
vn -0.6405 -0.1393 0.7552
vn -0.3047 -0.8671 -0.3940
vn -0.3000 -0.9308 -0.2089
vn -0.2600 -0.9166 -0.3039
vn -0.5896 -0.1433 0.7949
vn -0.4238 -0.8467 -0.3216
vn -0.4366 0.4590 0.7737
vn -0.6970 -0.1822 0.6935
vn -0.6496 -0.1258 0.7498
vn -0.7706 -0.2746 0.5751
vn -0.5096 -0.2338 0.8281
vn -0.5283 -0.2448 0.8130
vn -0.4968 0.4113 0.7642
vn -0.4995 -0.7206 0.4809
vn -0.6284 -0.6260 0.4617
vn -0.4870 0.6976 0.5255
vn -0.7065 -0.2072 0.6767
vn -0.3488 0.0673 0.9348
vn -0.1289 0.2448 0.9610
vn -0.6572 -0.2400 0.7145
vn -0.4641 -0.8306 -0.3077
vn -0.5450 -0.1650 0.8220
vn -0.5060 -0.2113 0.8363
vn -0.4880 -0.2596 0.8333
vn -0.4912 -0.2623 0.8306
vn -0.6523 -0.2613 0.7115
vn -0.6974 -0.1926 0.6903
vn -0.7895 -0.2217 0.5723
vn -0.8872 -0.3666 0.2802
vn -0.8350 -0.4125 -0.3642
vn -0.7922 -0.2973 0.5330
vn -0.8380 -0.3744 -0.3969
vn -0.8598 -0.4088 0.3061
vn -0.8629 -0.3724 -0.3416
vn -0.8760 -0.3778 0.2997
vn -0.8437 -0.3915 0.3673
vn -0.4208 0.7575 0.4991
vn -0.9631 0.0959 0.2516
vn 0.4285 -0.3199 0.8450
vn -0.8627 -0.0386 0.5042
vn 0.0142 -0.4864 0.8736
vn -0.8128 -0.0721 0.5780
vn -0.2518 -0.9443 -0.2120
vn -0.2619 -0.9398 -0.2197
vn -0.8101 -0.0980 0.5781
vn -0.6256 0.3993 0.6701
vn -0.6967 -0.0267 0.7169
vn -0.4474 0.5574 0.6994
vn -0.1579 0.8904 0.4269
vn -0.1855 0.9047 0.3836
vn -0.2244 0.6967 0.6814
vn -0.0653 0.8888 0.4537
vn 0.0062 1.0000 0.0060
vn -0.9805 0.1560 -0.1193
vn -0.8973 -0.0776 0.4345
vn -0.8450 -0.3958 0.3596
vn -0.8805 -0.4470 -0.1576
vn -0.8215 -0.4780 -0.3109
vn -0.7056 -0.4510 -0.5466
vn -0.7145 -0.2945 -0.6347
vn -0.4974 -0.2445 -0.8323
vn -0.3022 -0.1299 -0.9444
vn -0.1847 0.2218 -0.9574
vn 0.0992 0.2490 -0.9634
vn -0.3058 0.3794 -0.8732
vn -0.1845 -0.2625 -0.9471
vn -0.1392 -0.1336 -0.9812
vn 0.1031 0.2614 -0.9597
vn 0.1854 0.3372 -0.9230
vn 0.1638 -0.1443 -0.9759
vn 0.1660 0.2994 -0.9396
vn -0.2517 0.9449 0.2094
vn 0.1411 0.8072 0.5731
vn -0.2522 0.9667 0.0438
vn 0.0017 0.8080 0.5891
vn -0.3164 0.4664 -0.8260
vn -0.1860 0.3976 -0.8985
vn -0.0360 0.4843 -0.8742
vn -0.0608 0.7495 0.6592
vn 0.0966 0.7260 0.6809
vn -0.5481 0.2122 -0.8090
vn -0.6232 0.1530 -0.7669
vn -0.1777 0.9248 0.3365
vn -0.9716 0.0954 0.2166
vn 0.0020 -0.4707 0.8823
vn -0.8607 -0.0502 0.5066
vn -0.8462 -0.0433 0.5311
vn -0.8292 -0.0611 0.5555
vn -0.7893 0.5981 0.1392
vn -0.8165 0.4457 0.3671
vn -0.7534 0.5442 0.3690
vn -0.6504 -0.7507 -0.1159
vn -0.6210 -0.5420 0.5662
vn -0.7795 -0.1263 0.6135
vn -0.6838 -0.4829 0.5470
vn -0.6877 -0.3373 0.6429
vn -0.4676 -0.3565 0.8089
vn -0.6600 -0.6370 0.3983
vn -0.8417 -0.1453 0.5200
vn -0.9443 0.1107 -0.3098
vn -0.9850 -0.1375 0.1041
vn -0.6896 0.5405 -0.4821
vn -0.3752 0.9243 0.0708
vn -0.7470 0.1631 -0.6445
vn -0.7008 -0.1675 -0.6934
vn -0.5868 -0.2523 -0.7694
vn -0.6785 0.0798 -0.7303
vn -0.5203 0.0961 -0.8485
vn -0.5052 0.1635 -0.8474
vn -0.4030 0.1336 -0.9054
vn -0.3968 0.3063 -0.8653
vn -0.3535 0.8648 0.3567
vn -0.1903 0.6658 -0.7214
vn -0.2766 0.1117 -0.9545
vn -0.0413 0.2468 -0.9682
vn 0.0257 0.0984 -0.9948
vn -0.0010 0.2978 -0.9546
vn 0.0495 0.1952 -0.9795
vn -0.0218 0.9636 -0.2666
vn -0.1627 0.8393 0.5188
vn -0.0701 0.7098 0.7009
vn 0.2330 0.4987 -0.8349
vn -0.1156 0.9633 0.2423
vn -0.1115 0.9710 0.2116
vn 0.1880 -0.2302 -0.9548
vn 0.1120 0.2335 -0.9659
vn 0.3041 -0.0240 -0.9524
vn 0.2689 0.3754 -0.8870
vn 0.0496 0.9938 -0.0991
vn -0.0548 0.9983 0.0210
vn -0.1454 0.8403 0.5223
vn 0.2444 0.3277 -0.9126
vn 0.3544 -0.0305 -0.9346
vn 0.1297 -0.0014 -0.9916
vn 0.0640 0.9970 -0.0442
vn 0.0044 0.9211 0.3893
vn 0.2980 0.3462 -0.8896
vn 0.3184 0.3227 -0.8913
vn 0.4076 0.4132 -0.8143
vn 0.4633 -0.1769 -0.8683
vn 0.4360 -0.2233 -0.8718
vn 0.4979 0.4362 -0.7495
vn 0.5178 0.3557 -0.7781
vn 0.4922 0.4070 -0.7695
vn 0.0345 -0.3729 -0.9272
vn 0.6019 -0.0306 -0.7980
vn 0.4807 0.1211 -0.8685
vn -0.0065 0.9250 0.3799
vn -0.8824 -0.3380 0.3272
vn -0.5789 -0.8149 -0.0297
vn -0.7292 0.5018 0.4653
vn -0.5843 -0.8054 0.0999
vn -0.8104 -0.3813 0.4449
vn -0.5657 -0.8236 0.0401
vn -0.5827 0.3030 0.7541
vn -0.5564 0.2988 0.7754
vn -0.8460 -0.4240 0.3233
vn -0.5938 0.2747 0.7563
vn -0.6019 -0.6721 0.4313
vn -0.6502 -0.3366 0.6811
vn -0.6501 -0.3369 0.6811
vn -0.5233 -0.8468 0.0955
vn -0.4949 -0.4187 0.7614
vn 0.3548 0.6276 -0.6930
vn 0.1629 0.5423 -0.8243
vn 0.3551 0.6229 -0.6971
vn 0.9131 0.0473 -0.4050
vn 0.3107 0.3487 -0.8842
vn 0.5962 0.1589 -0.7870
vn 0.2819 0.3513 -0.8928
vn 0.7791 0.0629 -0.6237
vn 0.7719 0.1706 -0.6124
vn 0.6870 -0.0196 -0.7264
vn 0.6710 -0.1196 -0.7318
vn 0.3108 0.3488 -0.8842
vn 0.1905 0.3536 -0.9158
vn 0.7934 -0.0599 -0.6058
vn 0.3270 0.2994 -0.8963
vn 0.1914 0.3772 -0.9062
vn 0.3296 0.3215 -0.8877
vn 0.1407 0.3344 -0.9319
vn 0.5937 -0.1739 -0.7857
vn 0.5867 -0.1719 -0.7913
vn 0.5648 -0.1891 -0.8032
vn 0.3670 0.1216 -0.9222
vn 0.7102 0.2341 -0.6639
vn 0.7098 0.2341 -0.6643
vn 0.5893 0.1452 -0.7948
vn 0.9536 0.2990 -0.0350
vn 0.8744 0.4651 -0.1384
vn 0.8062 0.5269 -0.2691
vn 0.5349 0.3344 -0.7759
vn 0.5794 0.4545 -0.6766
vn 0.4595 0.3113 -0.8318
vn 0.4077 0.1683 -0.8975
vn 0.6562 0.4966 -0.5681
vn 0.6454 0.5018 -0.5760
vn 0.5064 0.7231 -0.4697
vn -0.6076 -0.4578 0.6490
vn -0.1493 0.8005 0.5804
vn -0.1294 0.7981 0.5884
vn -0.1227 0.7592 0.6392
vn -0.3191 0.0308 0.9472
vn -0.3922 -0.1193 0.9121
vn -0.3002 -0.2114 0.9302
vn -0.4706 -0.2343 0.8507
vn 0.0681 -0.9712 0.2284
vn -0.2283 -0.7751 0.5891
vn 0.2778 -0.9476 0.1580
vn -0.5511 -0.4388 0.7097
vn -0.6870 -0.0805 0.7221
vn 0.3398 -0.9151 0.2171
vn -0.4664 -0.2175 0.8574
vn -0.2645 -0.6307 0.7296
vn -0.5172 -0.4131 0.7495
vn -0.5385 -0.4254 0.7273
vn -0.4488 -0.4056 0.7963
vn -0.4146 -0.1660 0.8947
vn -0.0707 -0.6816 0.7283
vn -0.2887 -0.2150 0.9330
vn -0.2645 -0.0449 0.9633
vn -0.1333 0.5315 0.8365
vn -0.3011 -0.4078 0.8620
vn -0.3185 0.0625 0.9459
vn -0.3059 -0.4196 0.8546
vn -0.2358 -0.1407 0.9616
vn -0.0984 -0.1990 0.9750
vn 0.2909 0.9010 -0.3218
vn 0.3123 0.9164 -0.2504
vn 0.3177 0.8852 -0.3399
vn 0.4310 0.7639 -0.4804
vn 0.3962 0.2103 -0.8937
vn 0.2737 0.0969 -0.9569
vn 0.1281 0.2435 -0.9614
vn 0.3330 0.4194 -0.8446
vn 0.0464 0.3400 -0.9393
vn -0.4513 0.0548 -0.8907
vn -0.5170 0.0045 -0.8560
vn 0.3116 0.5738 -0.7574
vn -0.3354 0.5278 -0.7804
vn 0.3961 0.6072 -0.6888
vn 0.0608 0.6755 -0.7348
vn -0.0090 0.8436 -0.5369
vn 0.0326 0.8798 -0.4742
vn -0.6063 -0.0009 -0.7953
vn -0.4217 0.1278 -0.8977
vn -0.5298 0.2129 -0.8210
vn -0.5030 0.2816 -0.8171
vn -0.4731 0.2261 -0.8515
vn -0.6937 0.3759 -0.6144
vn -0.7111 0.0848 -0.6980
vn -0.7343 0.0849 -0.6735
vn -0.8183 -0.0492 -0.5727
vn -0.4760 -0.0368 -0.8787
vn 0.4831 -0.1779 -0.8573
vn 0.1186 0.0216 -0.9927
vn -0.6188 -0.3184 -0.7181
vn -0.6430 -0.2795 -0.7130
vn -0.6781 -0.2872 -0.6765
vn -0.7372 -0.2282 -0.6360
vn -0.4076 0.3612 -0.8387
vn 0.3555 0.3347 -0.8727
vn 0.3335 -0.5878 0.7371
vn 0.3274 0.3339 -0.8839
vn 0.9537 -0.0987 -0.2842
vn 0.3869 0.0611 -0.9201
vn 0.6511 0.3481 -0.6745
vn 0.5044 0.2130 -0.8368
vn -0.8409 -0.2063 0.5003
vn 0.2748 0.9059 0.3222
vn -0.3672 0.2853 -0.8853
vn -0.2430 -0.4123 0.8780
vn 0.1535 0.0282 -0.9877
vn 0.7876 -0.4991 -0.3613
vn 0.7721 -0.0625 -0.6324
vn -0.2919 -0.4080 0.8651
vn -0.1486 -0.2958 0.9436
vn -0.3518 -0.4676 0.8109
vn -0.2674 -0.4228 0.8659
vn -0.1137 -0.5740 0.8109
vn -0.1193 -0.3640 0.9237
vn -0.7652 0.2950 0.5723
vn -0.0641 -0.3827 0.9217
vn -0.0667 -0.4308 0.9000
vn -0.2139 -0.2900 0.9328
vn -0.0861 -0.3755 0.9228
vn -0.0796 -0.4054 0.9107
vn 0.5573 -0.2558 0.7899
vn 0.5305 -0.2208 0.8184
vn -0.2698 -0.2692 0.9245
vn -0.1915 -0.3398 0.9208
vn 0.5489 -0.1282 0.8260
vn 0.5474 -0.1308 0.8266
vn 0.4934 -0.1034 0.8636
vn 0.6071 -0.1154 0.7862
vn 0.6458 -0.2225 0.7304
vn 0.5382 -0.2487 0.8053
vn 0.5088 -0.2925 0.8097
vn 0.6665 -0.2314 0.7086
vn -0.0403 -0.3964 0.9172
vn -0.0610 -0.2168 0.9743
vn 0.3384 -0.9155 0.2178
vn -0.2099 -0.1776 0.9615
vn -0.2742 -0.0396 0.9609
vn -0.0336 0.4206 0.9066
vn 0.0188 -0.4955 0.8684
vn 0.0381 -0.4562 0.8890
vn 0.0337 0.5864 0.8093
vn 0.0360 0.5546 0.8314
vn 0.0459 -0.1314 0.9903
vn -0.0917 -0.2888 0.9530
vn 0.3350 -0.9174 0.2147
vn 0.3549 -0.8810 0.3129
vn 0.2414 -0.9156 0.3216
vn -0.0151 -0.1807 0.9834
vn 0.4684 -0.2044 0.8595
vn 0.4930 -0.2418 0.8357
vn 0.6834 -0.1782 0.7080
vn 0.1521 -0.9163 0.3704
vn 0.6355 -0.0904 0.7668
vn 0.4564 -0.6759 0.5786
vn 0.5917 0.0362 0.8053
vn 0.2272 -0.8067 0.5456
vn 0.0100 -0.3135 0.9495
vn 0.1666 -0.9712 0.1703
vn 0.1438 -0.9155 0.3758
vn 0.1904 -0.8288 0.5261
vn 0.4189 -0.0752 0.9049
vn -0.0614 -0.0045 0.9981
vn 0.1595 -0.0736 0.9844
vn 0.3343 -0.0295 0.9420
vn 0.5460 -0.0551 0.8360
vn 0.7411 -0.0341 0.6705
vn 0.6109 -0.2382 0.7550
vn -0.6471 -0.0946 0.7565
vn -0.3339 -0.4159 0.8459
vn -0.6107 -0.0243 0.7915
vn -0.1717 0.8139 -0.5551
vn -0.6224 -0.0323 0.7820
vn -0.2510 -0.3994 0.8817
vn -0.2202 -0.4380 0.8716
vn -0.0096 -0.4986 0.8668
vn -0.0386 -0.4960 0.8675
vn -0.6718 0.1517 0.7250
vn -0.6620 0.2964 0.6884
vn -0.6806 0.1365 0.7198
vn -0.8100 0.4898 0.3225
vn -0.9484 0.0290 -0.3159
vn -0.1591 -0.1515 -0.9756
vn 0.4025 0.4135 0.8167
vn -0.6180 -0.1386 0.7738
vn -0.1762 -0.3779 0.9089
vn -0.0389 0.9574 -0.2860
vn -0.2595 0.7756 -0.5754
vn -0.2013 0.5756 -0.7926
vn 0.3343 0.3406 -0.8788
vn 0.2959 0.3305 -0.8962
vn -0.2700 0.6972 -0.6642
vn 0.2640 0.3437 -0.9012
vn 0.1391 0.4610 -0.8764
vn -0.4261 0.4068 -0.8081
vn -0.4780 0.2615 -0.8385
vn -0.4828 0.3022 -0.8219
vn -0.5617 0.2611 -0.7851
vn 0.0373 0.8382 -0.5440
vn 0.0782 0.8733 -0.4809
vn -0.4228 0.2281 -0.8771
vn 0.2255 0.2653 -0.9374
vn -0.3674 0.7735 -0.5165
vn -0.3627 0.7045 -0.6100
vn -0.7953 0.4671 0.3864
vn -0.7640 0.5049 0.4018
vn -0.7635 0.5066 0.4005
vn -0.2515 -0.3937 0.8841
vn -0.6395 0.0980 0.7625
vn 0.0491 -0.4844 0.8735
vn -0.6396 0.1050 0.7615
vn -0.7050 0.5681 0.4245
vn -0.3834 0.7719 -0.5072
vn -0.4574 0.8806 0.1239
vn 0.1390 0.8681 0.4765
vn 0.5799 0.7779 0.2420
vn 0.4202 0.8856 0.1978
vn 0.5700 0.0281 0.8211
vn 0.3439 -0.4787 0.8078
vn 0.3698 -0.4946 0.7865
vn 0.0151 -0.5540 0.8324
vn 0.0315 -0.5031 0.8636
vn -0.6174 0.2376 0.7499
vn -0.6293 0.2542 0.7344
vn -0.6426 0.2409 0.7274
vn -0.6019 0.2606 0.7548
vn -0.4686 0.2883 0.8350
vn -0.4277 0.2826 0.8586
vn -0.7231 0.4494 0.5246
vn -0.3102 0.2168 0.9256
vn -0.3355 0.4251 0.8407
vn 0.6255 0.3094 0.7163
vn 0.5983 0.5224 0.6076
vn -0.0150 0.1701 0.9853
vn -0.1600 0.2257 0.9610
vn -0.7473 0.1020 0.6566
vn -0.7423 0.4315 0.5126
vn -0.8313 0.1296 0.5405
vn -0.2530 0.5035 0.8261
vn -0.5530 0.0721 0.8301
vn -0.8888 0.2766 0.3654
vn -0.6345 -0.1241 0.7629
vn -0.6101 -0.0545 0.7905
vn -0.6109 -0.0556 0.7898
vn -0.5611 -0.5695 0.6007
vn -0.4628 -0.1702 0.8700
vn -0.4943 -0.4561 0.7400
vn -0.4626 -0.1725 0.8696
vn -0.4589 -0.5210 0.7197
vn -0.3764 -0.9199 0.1095
vn -0.5087 -0.2224 0.8317
vn -0.4497 -0.5523 0.7020
vn -0.6708 -0.5632 0.4826
vn -0.7659 -0.5300 0.3640
vn -0.3429 -0.4997 0.7955
vn -0.2462 -0.5302 0.8114
vn -0.4682 -0.7642 0.4436
vn -0.7701 -0.5358 0.3464
vn -0.2108 0.3356 0.9181
vn -0.3323 0.3104 0.8906
vn -0.4141 0.2608 0.8720
vn -0.4301 0.2604 0.8644
vn -0.4380 0.2656 0.8588
vn -0.4840 0.2578 0.8362
vn -0.4629 -0.5481 0.6966
vn -0.4995 -0.5300 0.6852
vn -0.3596 -0.3884 0.8484
vn -0.4515 -0.3484 0.8215
vn -0.5563 -0.3640 0.7470
vn -0.3308 -0.8582 0.3925
vn -0.2139 0.4174 0.8832
vn -0.7246 0.4220 0.5449
vn -0.4732 -0.1112 0.8739
vn -0.3946 -0.6755 0.6229
vn -0.9110 0.1943 0.3638
vn -0.5255 -0.1888 0.8296
vn -0.8578 -0.0568 0.5108
vn -0.5143 -0.8570 0.0316
vn -0.7309 -0.4110 0.5448
vn -0.5240 -0.8513 0.0267
vn -0.6879 -0.2146 0.6934
vn -0.5151 -0.8568 0.0243
vn -0.6030 0.1948 0.7736
vn -0.7474 0.1134 0.6546
vn -0.7325 -0.6307 0.2563
vn -0.7155 -0.6531 0.2480
vn -0.3488 -0.1343 0.9275
vn -0.7795 -0.4713 0.4126
vn -0.8639 -0.4744 0.1691
vn -0.9322 -0.3095 0.1879
vn -0.9327 -0.3360 0.1312
vn -0.2645 -0.0510 0.9630
vn -0.3527 0.1314 0.9265
vn -0.6141 -0.3350 0.7146
vn -0.4411 -0.8282 0.3457
vn -0.8848 -0.4329 0.1722
vn -0.7860 -0.3963 -0.4745
vn -0.8555 -0.4830 0.1863
vn -0.8984 -0.4384 0.0251
vn -0.7065 -0.4507 -0.5457
vn -0.4520 -0.2799 -0.8469
vn -0.5202 0.2154 -0.8264
vn -0.7652 0.1875 -0.6159
vn 0.0571 -0.9045 -0.4226
vn -0.6660 0.1791 -0.7241
vn 0.0135 -0.9169 -0.3988
vn -0.6946 -0.0773 -0.7153
vn -0.6499 0.0015 -0.7600
vn -0.4824 0.0435 -0.8749
vn -0.2600 0.9656 -0.0059
vn -0.2513 0.9679 0.0073
vn -0.2959 0.9540 -0.0489
vn -0.3259 0.9250 -0.1956
vn -0.5645 0.6219 -0.5427
vn -0.3537 0.9151 -0.1937
vn -0.4606 0.0718 -0.8847
vn 0.0180 -0.9017 -0.4319
vn -0.5130 0.0306 -0.8578
vn -0.5228 0.0365 -0.8517
vn -0.3090 0.1462 -0.9398
vn -0.2294 -0.1780 -0.9569
vn 0.0239 -0.0734 -0.9970
vn 0.0083 -0.0846 -0.9964
vn 0.1812 -0.0499 -0.9822
vn 0.3227 0.0517 -0.9451
vn 0.2737 0.0465 -0.9607
vn 0.4413 -0.0147 -0.8973
vn 0.2612 -0.0603 -0.9634
vn 0.5821 0.1213 -0.8040
vn -0.8932 -0.4416 0.0848
vn -0.9440 0.2628 0.1995
vn -0.7337 -0.1471 0.6633
vn -0.8070 0.0560 0.5879
vn -0.3072 -0.4393 0.8442
vn -0.3208 -0.3350 0.8859
vn -0.7521 -0.0245 0.6586
vn -0.6513 0.0668 0.7559
vn -0.6518 0.2147 0.7274
vn -0.6774 -0.0051 0.7356
vn -0.9389 0.1365 0.3159
vn -0.8407 -0.5393 -0.0482
vn -0.6771 -0.3029 0.6706
vn -0.6520 -0.3298 0.6827
vn -0.7574 -0.4683 0.4550
vn -0.7638 -0.4719 0.4403
vn -0.5192 0.2843 0.8060
vn -0.6425 -0.5299 0.5536
vn -0.5124 -0.3245 0.7951
vn -0.5693 -0.7601 0.3133
vn -0.5657 -0.5352 0.6273
vn -0.5285 -0.8057 0.2675
vn -0.6957 -0.2713 0.6651
vn -0.6821 -0.2258 0.6955
vn -0.7410 -0.0413 0.6702
vn -0.9244 0.2524 0.2858
vn -0.5318 -0.8361 -0.1346
vn -0.5687 0.2909 -0.7694
vn -0.1642 -0.6290 -0.7599
vn -0.1220 -0.7965 -0.5922
vn -0.0938 -0.6915 -0.7163
vn -0.4467 0.2902 -0.8463
vn -0.5391 0.1839 -0.8219
vn -0.3004 0.8697 -0.3916
vn -0.1447 0.1183 -0.9824
vn -0.0439 -0.7441 -0.6667
vn -0.0722 -0.9154 -0.3960
vn 0.0044 0.2264 -0.9740
vn 0.1980 0.1522 -0.9683
vn 0.1493 0.2080 -0.9667
vn -0.3335 0.8606 -0.3848
vn -0.1945 0.7153 -0.6712
vn -0.4096 0.2141 -0.8868
vn -0.1849 0.1088 -0.9767
vn -0.3671 0.4249 -0.8275
vn -0.3070 0.0775 -0.9485
vn -0.0638 0.1690 -0.9835
vn -0.1810 0.4625 -0.8680
vn 0.7010 -0.1491 -0.6974
vn 0.7515 -0.2139 -0.6241
vn -0.1389 -0.7987 -0.5854
vn -0.0925 -0.8771 -0.4714
vn -0.4890 -0.3948 -0.7778
vn -0.5222 -0.4158 -0.7446
vn -0.2902 -0.2422 -0.9258
vn -0.2991 -0.2344 -0.9250
vn 0.0501 0.0688 -0.9964
vn 0.1064 0.1660 -0.9804
vn -0.8752 0.0816 0.4768
vn -0.0351 0.2055 -0.9780
vn 0.0425 0.1841 -0.9820
vn 0.4848 0.3251 -0.8119
vn 0.0158 -0.5789 -0.8152
vn 0.1924 -0.2897 -0.9376
vn 0.0595 -0.2904 -0.9551
vn 0.1738 0.5753 -0.7993
vn 0.1270 0.4520 -0.8829
vn -0.0731 -0.9144 -0.3982
vn 0.1160 -0.2775 -0.9537
vn -0.0582 0.1329 -0.9894
vn 0.4427 -0.0051 -0.8967
vn 0.1830 0.0247 -0.9828
vn 0.2535 -0.0121 -0.9673
vn 0.3051 0.2783 -0.9107
vn -0.0755 0.8375 -0.5411
vn -0.1010 0.1958 -0.9754
vn 0.3983 0.0128 -0.9171
vn 0.6453 -0.0025 -0.7639
vn 0.7164 0.0187 -0.6974
vn 0.6964 0.1193 -0.7077
vn -0.8075 -0.3092 -0.5024
vn -0.7862 -0.2784 -0.5518
vn -0.9278 -0.3731 -0.0022
vn -0.9310 -0.3609 0.0548
vn -0.9240 -0.3785 -0.0540
vn -0.9386 -0.3430 -0.0361
vn -0.9071 -0.3931 -0.1505
vn -0.7962 -0.2671 -0.5429
vn -0.8822 -0.3704 -0.2907
vn -0.8640 -0.2590 -0.4318
vn -0.7060 -0.4212 -0.5693
vn -0.6456 -0.3097 -0.6980
vn 0.0840 -0.1955 -0.9771
vn -0.2741 -0.3260 -0.9047
vn -0.2857 -0.3381 -0.8967
vn -0.5398 -0.2371 -0.8077
vn -0.3632 -0.2400 -0.9003
vn -0.3555 -0.2262 -0.9069
vn -0.4721 -0.0511 -0.8801
vn -0.7523 -0.1887 -0.6313
vn -0.9002 -0.3028 -0.3130
vn -0.9428 -0.2740 -0.1899
vn -0.9598 -0.2350 -0.1535
vn -0.7456 -0.1143 -0.6565
vn -0.9620 -0.2194 -0.1624
vn -0.8065 -0.2376 -0.5413
vn -0.7876 -0.2459 -0.5649
vn -0.8252 -0.1617 -0.5411
vn -0.8587 -0.2362 -0.4549
vn -0.9147 -0.2086 -0.3463
vn -0.9511 -0.2887 0.1102
vn -0.9550 -0.2838 0.0868
vn -0.8040 -0.0447 -0.5929
vn -0.7976 -0.2310 0.5572
vn -0.7995 -0.2573 0.5428
vn -0.7715 -0.2860 0.5683
vn -0.9518 -0.2986 -0.0703
vn -0.9413 -0.3279 0.0807
vn -0.7461 -0.3446 0.5698
vn -0.7456 -0.3699 0.5543
vn -0.4224 -0.2572 0.8692
vn -0.3302 -0.2701 0.9044
vn -0.5056 -0.1908 0.8414
vn -0.5146 -0.1997 0.8338
vn -0.6009 -0.2290 0.7658
vn -0.8488 -0.0511 0.5262
vn -0.9084 0.4065 -0.0983
vn -0.5686 0.8038 0.1749
vn -0.9902 -0.1049 0.0926
vn -0.9767 -0.0892 0.1950
vn -0.8573 -0.1281 0.4986
vn -0.8740 -0.0437 0.4839
vn -0.5732 0.3029 0.7613
vn -0.9443 -0.3289 -0.0139
vn -0.9627 -0.2304 -0.1416
vn -0.9832 0.0321 -0.1795
vn -0.8808 0.3596 0.3082
vn -0.9163 0.1209 0.3818
vn -0.9361 0.1070 -0.3350
vn -0.9326 0.0988 -0.3471
vn -0.9227 0.1016 0.3718
vn -0.9229 0.1062 0.3701
vn -0.9645 0.0683 -0.2551
vn -0.9950 0.0680 -0.0733
vn -0.8329 0.1167 0.5410
vn -0.9264 0.1368 -0.3507
vn -0.9139 0.0832 0.3974
vn -0.9856 0.0744 -0.1517
vn -0.8786 -0.2733 -0.3917
vn -0.9061 0.4156 -0.0790
vn -0.7433 -0.4928 -0.4523
vn -0.5625 0.3614 0.7436
vn -0.9092 0.0125 0.4162
vn -0.9483 -0.1021 -0.3005
vn -0.9689 0.0373 -0.2447
vn -0.9366 0.1875 -0.2960
vn -0.9566 0.1464 -0.2521
vn -0.4409 -0.4452 -0.7794
vn -0.5360 -0.8412 0.0713
vn -0.8881 -0.4596 0.0122
vn -0.9806 0.1153 -0.1588
vn -0.9852 -0.1609 -0.0591
vn -0.9476 0.1752 -0.2670
vn -0.6441 0.0755 -0.7612
vn -0.4809 -0.0569 -0.8749
vn -0.9986 0.0378 -0.0380
vn -0.3953 -0.9060 -0.1514
vn -0.1933 -0.9200 -0.3409
vn -0.8440 0.0802 -0.5303
vn -0.8865 0.1717 -0.4296
vn -0.5273 -0.6722 -0.5197
vn -0.8647 0.2133 -0.4547
vn -0.3598 -0.8130 0.4578
vn 0.0722 -0.8592 -0.5066
vn -0.8100 -0.2078 -0.5483
vn -0.2600 -0.3576 -0.8970
vn -0.8607 0.1239 -0.4938
vn -0.9978 0.0647 -0.0165
vn -0.9904 -0.0638 -0.1224
vn -0.9248 -0.2068 -0.3193
vn -0.8432 -0.0281 -0.5368
vn -0.5397 -0.1350 -0.8309
vn 0.2795 -0.1256 -0.9519
vn 0.2983 -0.1071 -0.9484
vn 0.1358 -0.2616 -0.9556
vn 0.2500 -0.3031 -0.9196
vn 0.0761 -0.0503 -0.9958
vn 0.0652 -0.0424 -0.9970
vn -0.2187 -0.0178 -0.9756
vn 0.2702 0.2547 -0.9285
vn 0.3381 0.3011 -0.8916
vn 0.1544 0.0728 -0.9853
vn 0.3754 -0.4520 -0.8092
vn 0.4397 0.4177 -0.7951
vn 0.1852 -0.2410 -0.9527
vn 0.2467 0.1903 -0.9502
vn 0.4166 -0.4084 -0.8122
vn 0.0516 0.6981 -0.7141
vn 0.4790 0.5632 -0.6733
vn 0.4338 0.6286 -0.6455
vn 0.5277 0.2756 -0.8035
vn 0.5264 0.2735 -0.8050
vn 0.8258 -0.1279 -0.5492
vn 0.6905 0.1841 -0.6995
vn 0.5837 0.7945 -0.1673
vn 0.2768 0.4750 -0.8353
vn 0.0216 0.2363 -0.9714
vn 0.5092 0.3177 -0.7998
vn 0.4238 0.4024 -0.8115
vn 0.2383 0.0856 -0.9674
vn 0.3842 0.1724 -0.9070
vn 0.2045 -0.4805 -0.8528
vn 0.3225 -0.2924 -0.9003
vn 0.3362 0.1497 -0.9298
vn 0.4387 0.2070 -0.8744
vn -0.0344 -0.9148 -0.4025
vn -0.0371 -0.9032 -0.4276
vn 0.5026 -0.4667 -0.7277
vn -0.5742 0.1599 -0.8030
vn -0.3759 0.1069 -0.9205
vn 0.3749 -0.0010 -0.9270
vn 0.1929 0.8160 -0.5449
vn 0.6020 0.1990 -0.7733
vn 0.1461 0.8946 -0.4223
vn 0.8316 -0.0049 -0.5554
vn -0.6050 -0.6689 0.4318
vn -0.6313 -0.5248 0.5710
vn -0.5800 -0.5536 0.5977
vn -0.3518 0.5943 0.7232
vn -0.7591 0.5609 0.3305
vn -0.4999 -0.3499 0.7923
vn -0.4996 -0.8007 -0.3305
vn -0.6026 -0.7539 -0.2617
vn -0.5205 -0.1880 0.8329
vn -0.7112 -0.6994 -0.0713
vn -0.4208 -0.3173 0.8499
vn -0.4910 -0.3539 0.7961
vn -0.0659 0.2707 0.9604
vn -0.1712 -0.0080 0.9852
vn -0.0493 0.0825 0.9954
vn -0.7373 -0.2963 0.6071
vn -0.8181 -0.2837 0.5002
vn -0.3070 -0.4934 0.8138
vn -0.2717 -0.1312 0.9534
vn -0.4040 -0.4333 0.8056
vn -0.4452 -0.3271 0.8336
vn -0.4234 -0.3389 0.8402
vn -0.6155 -0.2935 0.7315
vn -0.6211 -0.2668 0.7369
vn -0.1932 0.2070 0.9591
vn -0.7729 0.4205 0.4752
vn -0.8140 -0.0922 0.5735
vn -0.8793 -0.0707 0.4711
vn -0.6001 -0.2752 0.7511
vn -0.5115 -0.6811 0.5239
vn -0.4509 -0.7153 0.5339
vn -0.4571 -0.7157 0.5280
vn -0.3401 -0.7529 0.5634
vn -0.6067 -0.1068 0.7877
vn -0.3452 0.2494 0.9048
vn -0.6178 -0.0559 0.7843
vn -0.1693 -0.0447 0.9846
vn -0.1949 -0.1075 0.9749
vn -0.4094 -0.2771 0.8692
vn -0.3950 -0.4242 0.8149
vn -0.0414 -0.3198 0.9466
vn -0.1258 -0.4051 0.9056
vn 0.0862 -0.4637 0.8818
vn 0.6474 -0.3697 0.6665
vn 0.9586 -0.2271 0.1719
vn 0.0746 -0.5527 0.8300
vn -0.1122 -0.6655 0.7379
vn 0.5103 -0.5455 0.6648
vn 0.9446 -0.3020 0.1282
vn 0.5758 -0.6358 0.5141
vn 0.3988 -0.7821 0.4788
vn 0.9576 -0.2252 0.1794
vn 0.7366 -0.2931 0.6095
vn 0.6894 -0.3171 0.6513
vn 0.2002 0.4725 0.8583
vn -0.4343 -0.5806 0.6886
vn -0.2919 -0.3488 0.8906
vn -0.3935 -0.4032 0.8262
vn -0.5169 -0.8549 0.0452
vn -0.4632 -0.8399 0.2829
vn -0.5301 -0.3509 0.7719
vn -0.4797 -0.8252 0.2983
vn -0.4948 -0.8647 0.0864
vn -0.3981 0.2001 0.8953
vn -0.5168 -0.3977 0.7581
vn -0.3834 0.0945 0.9187
vn -0.1465 -0.4632 0.8741
vn -0.4992 -0.4190 0.7585
vn -0.4711 -0.5779 0.6664
vn -0.4792 -0.4023 0.7801
vn -0.4859 -0.3527 0.7997
vn -0.5010 -0.3660 0.7842
vn -0.8401 -0.4129 0.3516
vn -0.8320 -0.4086 0.3753
vn -0.0128 -0.3771 0.9261
vn -0.4039 -0.7437 0.5327
vn -0.5025 -0.6504 0.5696
vn -0.9578 -0.0082 0.2874
vn -0.2303 -0.2862 0.9301
vn -0.3092 -0.1486 0.9393
vn -0.8370 -0.3551 0.4162
vn -0.2289 -0.4227 0.8769
vn -0.8243 -0.0246 0.5656
vn 0.3957 0.2646 0.8794
vn -0.3574 -0.2722 0.8934
vn -0.6453 -0.6381 0.4200
vn -0.7071 -0.4931 0.5067
vn -0.2490 0.0747 0.9656
vn -0.0851 -0.6506 0.7547
vn -0.1069 0.0908 0.9901
vn -0.7099 -0.3558 0.6079
vn -0.4766 -0.7374 0.4787
vn -0.3749 -0.3568 0.8557
vn -0.2817 -0.3039 0.9101
vn -0.8188 -0.2843 0.4987
vn 0.8402 -0.1822 0.5108
vn 0.3366 -0.2997 0.8927
vn 0.8430 -0.1294 0.5222
vn 0.4228 -0.2540 0.8699
vn -0.2004 -0.3117 0.9288
vn 0.8085 -0.1193 0.5763
vn 0.6817 -0.1467 0.7168
vn 0.9151 0.3349 0.2244
vn 0.7080 -0.5303 0.4664
vn -0.1955 -0.4527 0.8700
vn 0.3598 -0.4445 0.8204
vn 0.9386 -0.1305 0.3194
vn 0.3792 0.0400 0.9245
vn 0.7313 -0.1517 0.6650
vn 0.7521 -0.1502 0.6417
vn 0.6783 -0.5901 0.4378
vn 0.8922 -0.1183 0.4358
vn 0.4885 0.3078 0.8165
vn 0.9510 -0.1167 0.2863
vn 0.8796 -0.4193 0.2249
vn 0.7399 -0.5015 -0.4483
vn 0.8587 -0.3993 -0.3213
vn 0.6995 -0.2717 0.6610
vn 0.3605 -0.4446 0.8200
vn 0.3423 -0.1119 0.9329
vn 0.4562 -0.3002 0.8377
vn 0.8666 -0.3764 -0.3275
vn 0.0689 -0.5001 0.8632
vn -0.7868 -0.6171 -0.0072
vn -0.8309 -0.5448 0.1132
vn -0.7189 -0.6889 -0.0933
vn -0.7790 -0.6270 0.0072
vn -0.6068 -0.4634 0.6458
vn -0.2333 -0.3669 0.9005
vn -0.0152 -0.7883 0.6151
vn 0.5461 -0.1566 0.8230
vn -0.2099 -0.1613 0.9643
vn -0.2108 -0.1610 0.9642
vn 0.6277 -0.7603 -0.1672
vn 0.9529 -0.2917 -0.0834
vn 0.3623 -0.2830 0.8881
vn 0.2689 -0.0979 0.9582
vn -0.2349 -0.0860 0.9682
vn -0.5556 -0.1050 0.8248
vn -0.9025 0.0716 0.4247
vn -0.5550 -0.4393 0.7064
vn -0.9248 -0.0094 0.3804
vn -0.8791 -0.3096 -0.3623
vn -0.5506 -0.3631 -0.7517
vn -0.5055 -0.7021 -0.5015
vn -0.2822 -0.6930 -0.6634
vn -0.2959 -0.6215 -0.7254
vn -0.9572 -0.0753 0.2794
vn -0.7603 0.0085 0.6495
vn -0.4237 -0.7921 0.4394
vn 0.6872 -0.6879 -0.2337
vn 0.5531 -0.7913 -0.2607
vn -0.2717 -0.8141 0.5132
vn 0.0508 -0.8156 0.5763
vn 0.0456 -0.8183 0.5730
vn 0.7092 -0.6748 -0.2042
vn -0.4343 -0.7930 0.4272
vn -0.9384 -0.0341 0.3439
vn 0.0413 -0.8013 0.5969
vn 0.6678 -0.7066 0.2341
vn 0.5773 -0.7940 0.1907
vn -0.8685 0.0761 0.4898
vn -0.5552 -0.3493 0.7548
vn -0.9673 -0.0059 0.2537
vn -0.9579 0.0721 0.2779
vn -0.4255 -0.7650 0.4834
vn 0.5660 -0.8074 0.1665
vn 0.3064 -0.6817 0.6644
vn 0.1414 -0.8997 0.4130
vn -0.9682 -0.1912 -0.1616
vn -0.9148 -0.1863 -0.3584
vn 0.1037 -0.7318 0.6736
vn -0.3531 -0.5432 0.7617
vn -0.8345 0.1310 0.5352
vn 0.1455 -0.7721 0.6186
vn -0.9023 0.1880 0.3881
vn -0.9338 0.2046 0.2935
vn -0.9999 -0.0079 -0.0125
vn -0.9106 -0.2704 -0.3125
vn -0.7172 -0.0741 0.6929
vn -0.4389 0.0520 0.8970
vn 0.0530 0.9957 0.0755
vn -0.1613 -0.4350 0.8859
vn -0.0438 0.5835 0.8109
vn -0.3965 0.3876 0.8322
vn -0.4453 -0.0443 0.8943
vn -0.5028 0.8311 -0.2375
vn -0.3850 0.8775 -0.2859
vn -0.4118 0.7648 -0.4955
vn -0.8759 -0.0736 -0.4769
vn -0.5910 0.7843 -0.1886
vn -0.5814 0.7914 -0.1885
vn -0.5282 0.0871 -0.8446
vn -0.6012 0.0202 -0.7988
vn -0.4797 -0.7728 -0.4155
vn -0.4225 0.7087 -0.5650
vn -0.3210 0.8679 -0.3790
vn -0.7104 -0.0685 -0.7005
vn -0.5327 0.0174 -0.8462
vn 0.2847 -0.2979 -0.9111
vn 0.6139 -0.2851 -0.7361
vn 0.4614 -0.2053 -0.8631
vn 0.1391 -0.0436 -0.9893
vn 0.4607 -0.1900 -0.8670
vn 0.3169 -0.0909 -0.9441
vn 0.5578 -0.1799 -0.8103
vn 0.3508 0.0802 -0.9330
vn -0.5868 0.0523 -0.8080
vn -0.6693 -0.0801 -0.7387
vn -0.1475 -0.7122 -0.6863
vn -0.0334 -0.7493 -0.6614
vn -0.5079 -0.6951 -0.5088
vn -0.8772 0.1195 -0.4651
vn -0.8742 0.1137 -0.4722
vn -0.1946 -0.9181 -0.3454
vn -0.0052 -0.9383 -0.3458
vn -0.7620 0.0860 -0.6419
vn -0.7686 0.1218 -0.6280
vn -0.8546 0.0644 -0.5152
vn -0.7660 0.1219 -0.6312
vn -0.8587 -0.0417 -0.5108
vn -0.9470 -0.2027 0.2493
vn -0.9759 0.1019 0.1929
vn -0.8025 0.0231 0.5962
vn -0.9561 -0.0089 0.2929
vn -0.9786 0.0004 0.2056
vn -0.9653 0.0010 0.2610
vn -0.8873 -0.0412 0.4594
vn -0.8302 0.3038 0.4673
vn -0.9685 -0.0046 0.2489
vn -0.9410 0.1739 0.2905
vn -0.9172 -0.2659 -0.2966
vn -0.9793 -0.1046 -0.1732
vn -0.9248 0.0083 0.3805
vn -0.9743 -0.0166 -0.2248
vn -0.9917 0.0924 -0.0892
vn -0.8495 0.4453 -0.2831
vn -0.9081 0.4184 -0.0159
vn -0.9300 0.3629 -0.0585
vn -0.8114 0.0981 -0.5762
vn -0.6926 0.7143 -0.1006
vn -0.8402 -0.0021 -0.5423
vn -0.8898 -0.0022 -0.4563
vn -0.9000 0.0044 -0.4358
vn -0.7038 -0.2591 -0.6615
vn -0.7361 -0.0648 -0.6738
vn -0.5470 0.0209 -0.8369
vn -0.6532 0.1224 -0.7472
vn -0.6318 0.5479 -0.5483
vn -0.7338 0.1486 -0.6630
vn 0.0017 -0.9459 -0.3246
vn -0.0139 -0.9421 -0.3351
vn -0.7486 0.1104 -0.6537
vn -0.6145 -0.7441 -0.2621
vn -0.6209 -0.7774 -0.1006
vn -0.6401 -0.6980 -0.3209
vn -0.0566 0.3752 -0.9252
vn -0.9017 -0.1087 -0.4184
vn -0.9226 0.3679 0.1162
vn -0.7576 -0.6179 -0.2103
vn -0.5355 -0.0383 -0.8436
vn -0.1888 0.0967 -0.9772
vn -0.4645 0.7588 -0.4566
vn -0.6164 0.1581 -0.7714
vn -0.0189 -0.9321 -0.3618
vn -0.7470 0.0988 -0.6574
vn -0.7537 0.1046 -0.6488
vn -0.5796 0.0800 -0.8110
vn -0.7168 0.1502 -0.6809
vn -0.4722 0.1431 -0.8698
vn -0.6548 0.0478 -0.7543
vn -0.1836 -0.2332 -0.9549
vn -0.6528 0.0482 -0.7560
vn -0.2081 0.4459 -0.8706
vn 0.7464 0.2361 -0.6222
vn -0.5821 0.0831 -0.8089
vn 0.3314 0.1932 -0.9235
vn 0.2549 0.2714 -0.9281
vn -0.5679 0.1973 -0.7991
vn -0.7113 0.0864 -0.6975
vn -0.6025 0.0493 -0.7966
vn -0.5704 0.0962 -0.8157
vn -0.7199 0.0728 -0.6903
vn -0.6060 0.1487 -0.7814
vn -0.5890 0.0408 -0.8071
vn -0.0431 -0.9314 -0.3614
vn 0.0528 -0.9488 -0.3113
vn -0.5954 0.1454 -0.7902
vn 0.2686 0.2709 -0.9244
vn 0.0960 -0.8721 -0.4799
vn 0.2445 -0.9205 -0.3050
vn 0.3546 0.0777 -0.9318
vn 0.5929 -0.1477 -0.7916
vn 0.6090 0.0430 -0.7920
vn 0.5469 0.1010 -0.8311
vn -0.1507 0.8880 -0.4345
vn 0.5973 -0.1526 -0.7874
vn 0.7362 -0.0018 -0.6767
vn 0.3713 0.8148 -0.4452
vn 0.5979 0.5282 -0.6029
vn -0.0212 0.6596 -0.7513
vn -0.6249 0.2257 -0.7474
vn 0.3453 0.2077 -0.9152
vn -0.2095 0.0129 -0.9777
vn -0.2339 -0.7191 -0.6544
vn 0.5009 0.2678 -0.8231
vn 0.5374 0.2545 -0.8040
vn 0.1978 -0.6375 -0.7446
vn 0.5448 0.2454 -0.8019
vn 0.4286 0.6656 -0.6109
vn 0.5537 -0.1790 -0.8132
vn 0.0279 0.4942 -0.8689
vn 0.2027 0.2142 -0.9555
vn 0.2979 0.1686 -0.9396
vn -0.0234 0.7373 -0.6751
vn -0.2514 -0.6157 -0.7468
vn 0.3090 -0.3069 -0.9002
vn 0.4268 -0.0013 -0.9044
vn 0.4819 -0.5013 0.7186
vn 0.7750 -0.2565 0.5776
vn 0.9486 -0.1775 0.2621
vn 0.1738 0.2390 0.9553
vn 0.7634 -0.0574 0.6433
vn 0.4824 -0.3576 0.7996
vn 0.5040 -0.3552 0.7873
vn 0.9777 -0.0225 0.2089
vn 0.7755 -0.2174 0.5927
vn 0.2089 0.2390 0.9483
vn -0.2021 -0.3163 0.9269
vn -0.4368 -0.0487 0.8982
vn -0.6975 -0.1616 0.6981
vn -0.7076 -0.2947 0.6422
vn -0.7309 -0.2769 0.6238
vn -0.3665 -0.2701 0.8904
vn 0.3945 -0.2381 0.8875
vn 0.5303 -0.4063 0.7441
vn 0.0820 -0.8359 0.5427
vn 0.4073 -0.3079 0.8598
vn 0.4751 -0.1861 0.8600
vn -0.4145 -0.8150 0.4049
vn -0.3599 -0.1450 0.9216
vn -0.7151 0.1577 -0.6810
vn -0.0996 -0.9950 -0.0122
vn -0.8814 -0.1315 0.4538
vn -0.1593 0.3164 -0.9352
vn -0.2075 0.1927 -0.9591
vn -0.2326 -0.8250 0.5150
vn 0.0702 -0.8751 -0.4788
vn 0.4044 0.1862 -0.8955
vn 0.3840 0.3291 -0.8627
vn 0.4188 0.1654 -0.8929
vn 0.2651 0.2740 -0.9245
vn 0.4917 0.2007 -0.8473
vn 0.4664 0.2191 -0.8570
vn 0.2175 -0.1018 -0.9707
vn 0.4088 0.6859 -0.6020
vn 0.0646 0.0001 -0.9979
vn -0.4407 -0.0737 -0.8946
vn -0.1932 -0.8878 -0.4177
vn 0.0660 0.0077 -0.9978
vn -0.2560 -0.6602 -0.7061
vn 0.4607 0.2119 -0.8619
vn 0.2723 -0.0435 -0.9612
vn 0.0116 -0.9992 0.0389
vn 0.0124 -0.9980 0.0614
vn 0.0012 -1.0000 -0.0041
vn 0.0073 -1.0000 0.0033
vn -0.9116 -0.1333 0.3888
vn -0.9352 -0.3056 -0.1787
vn -0.9569 -0.1073 0.2700
vn -0.9588 -0.0571 0.2784
vn -0.9158 -0.2517 0.3131
vn -0.8332 0.3246 0.4476
vn -0.9012 -0.2995 0.3133
vn -0.0088 -0.9998 -0.0153
vn -0.3819 -0.9180 0.1067
vn -0.9813 -0.1522 0.1175
vn -0.9918 -0.1197 -0.0445
vn -0.9744 -0.0609 0.2166
vn -0.9803 0.0429 0.1930
vn -0.8654 0.1159 -0.4874
vn -0.5430 -0.2309 0.8073
vn -0.4374 -0.4386 0.7851
vn -0.5992 -0.8002 0.0249
vn -0.9279 -0.3361 0.1617
vn -0.8990 -0.3671 0.2389
vn -0.8225 -0.3730 -0.4293
vn -0.9646 0.2622 -0.0271
vn -0.9856 -0.1271 0.1117
vn -0.9334 0.0956 0.3459
vn -0.9432 0.1529 0.2948
vn -0.3906 -0.1397 0.9099
vn -0.6020 0.1793 0.7781
vn -0.4316 0.2194 0.8750
vn -0.7125 0.6594 0.2398
vn -0.8625 0.5023 -0.0611
vn -0.8561 0.5135 0.0580
vn -0.9159 0.3995 0.0383
vn -0.9571 -0.2494 -0.1474
vn -0.9883 -0.0483 -0.1446
vn -0.9838 -0.0685 -0.1659
vn -0.9840 -0.0735 -0.1620
vn -0.7987 -0.5359 -0.2737
vn -0.9913 -0.0850 -0.1006
vn -0.6487 -0.1284 0.7502
vn -0.9753 -0.0142 0.2203
vn -0.9834 -0.1538 0.0967
vn -0.9035 -0.4173 0.0977
vn -0.7913 -0.0894 0.6049
vn -0.9385 0.0260 0.3442
vn -0.9192 -0.2225 0.3250
vn -0.6968 -0.6388 -0.3264
vn -0.3296 -0.7757 0.5382
vn 0.0115 -0.9999 0.0032
vn -0.9652 -0.1970 0.1720
vn 0.0144 -0.9997 0.0177
vn -0.9516 -0.2686 0.1492
vn -0.8046 -0.5256 -0.2763
vn -0.9999 -0.0007 -0.0145
vn -0.9568 -0.2501 0.1482
vn -0.3953 0.9185 0.0017
vn 0.3701 0.9288 -0.0182
vn -0.6273 0.6618 -0.4105
vn -0.6417 0.5117 -0.5713
vn -0.8135 0.1597 -0.5593
vn -0.8034 0.2842 -0.5232
vn -0.8464 0.3477 -0.4033
vn -0.6234 0.7134 0.3199
vn -0.7024 0.6377 -0.3162
vn -0.6325 0.6689 -0.3905
vn -0.4080 0.9017 -0.1429
vn -0.1153 0.8652 0.4881
vn -0.0334 0.6042 0.7961
vn 0.0292 -0.9662 0.2561
vn 0.0973 -0.6978 0.7097
vn -0.2989 0.9121 0.2806
vn -0.6502 0.6527 0.3888
vn 0.3946 -0.2537 0.8832
vn 0.3993 -0.4615 0.7922
vn -0.4150 0.6542 0.6323
vn -0.7196 0.0341 0.6935
vn -0.8204 0.0884 0.5650
vn -0.8382 0.1897 0.5113
vn -0.6731 -0.0485 0.7379
vn -0.6689 0.1589 0.7261
vn -0.6691 0.1587 0.7260
vn -0.6247 0.0178 0.7807
vn -0.6479 -0.2022 0.7344
vn -0.0333 0.2144 0.9762
vn -0.5921 0.0967 0.8001
vn -0.7400 0.4984 0.4517
vn -0.7786 0.5809 0.2373
vn -0.3651 -0.4269 0.8273
vn 0.1464 -0.6889 0.7099
vn 0.1314 -0.6611 0.7387
vn 0.1267 -0.7179 0.6845
vn -0.8486 0.3443 0.4016
vn -0.9047 -0.3058 -0.2967
vn -0.9918 -0.1267 0.0151
vn -0.9872 -0.1592 -0.0063
vn -0.9228 -0.2994 -0.2423
vn -0.9398 0.1408 0.3115
vn -0.2971 -0.9192 0.2584
vn -0.8020 0.5756 0.1594
vn -0.7657 -0.5301 0.3644
vn -0.6153 -0.5285 0.5848
vn -0.1630 -0.0410 0.9858
vn 0.3381 0.2361 0.9110
vn 0.4868 -0.2097 0.8480
vn 0.4937 -0.1840 0.8500
vn 0.4633 -0.0668 0.8837
vn 0.5142 0.5515 0.6568
vn 0.6941 0.6443 0.3211
vn 0.6699 0.3984 0.6265
vn 0.7184 0.6718 0.1804
vn 0.6897 0.5652 0.4527
vn 0.6926 0.3059 0.6533
vn 0.6707 0.3978 0.6260
vn 0.6065 0.2848 0.7423
vn 0.6694 0.3976 0.6276
vn -0.1170 -0.7079 0.6965
vn -0.0062 -0.1820 0.9833
vn -0.0007 -0.1905 0.9817
vn 0.4925 -0.1043 0.8641
vn 0.4225 -0.3999 0.8134
vn 0.4152 -0.3913 0.8213
vn 0.3318 0.1316 0.9341
vn 0.0994 0.7650 0.6363
vn 0.1148 0.7626 0.6366
vn 0.3672 0.4494 0.8144
vn 0.7935 -0.2384 0.5599
vn -0.7357 0.6425 0.2144
vn -0.7965 0.5284 -0.2939
vn -0.7386 0.6225 0.2587
vn -0.9110 0.3015 -0.2812
vn -0.9072 0.3082 -0.2863
vn -0.9031 0.0977 -0.4181
vn -0.8886 -0.0697 -0.4534
vn -0.9205 -0.1303 -0.3683
vn -0.9310 0.1107 -0.3478
vn -0.5036 0.8028 0.3192
vn 0.0292 -0.6187 0.7851
vn 0.1116 0.8522 0.5112
vn 0.0833 0.8926 0.4431
vn 0.4664 0.5502 0.6926
vn -0.9955 -0.0875 -0.0374
vn -0.9247 -0.1332 -0.3566
vn -0.7500 0.2041 -0.6291
vn -0.8030 0.2020 -0.5607
vn 0.1472 0.8569 -0.4940
vn -0.6123 0.3042 -0.7298
vn -0.6436 0.2741 -0.7146
vn -0.6419 0.2906 -0.7096
vn 0.6738 0.6903 0.2636
vn 0.6778 0.5608 0.4754
vn 0.6896 0.5569 0.4629
vn 0.2725 0.8735 -0.4033
vn 0.0798 0.6667 -0.7410
vn 0.1419 0.9157 -0.3760
vn 0.1691 0.2935 -0.9409
vn 0.1210 -0.0321 -0.9921
vn 0.5145 -0.4387 -0.7368
vn 0.2795 0.9204 -0.2733
vn 0.1184 0.9843 -0.1309
vn 0.2319 0.9705 -0.0656
vn 0.4790 0.1418 -0.8663
vn 0.5413 0.1962 -0.8176
vn 0.1097 -0.9283 -0.3553
vn 0.1254 -0.5472 -0.8276
vn 0.4503 -0.7207 -0.5271
vn 0.1101 -0.8551 -0.5066
vn 0.7820 0.1250 -0.6106
vn 0.6549 0.1364 -0.7433
vn 0.7411 0.5925 -0.3157
vn 0.7571 0.1114 -0.6437
vn 0.7472 -0.2457 -0.6175
vn 0.0975 -0.8651 -0.4920
vn 0.2311 0.9697 -0.0790
vn 0.1243 -0.9088 -0.3984
vn -0.1144 -0.8958 -0.4296
vn 0.3515 -0.7110 -0.6091
vn -0.1072 -0.9052 -0.4112
vn 0.5640 0.1498 -0.8120
vn 0.7146 0.5648 -0.4128
vn 0.6869 0.6285 -0.3648
vn 0.4199 0.8014 -0.4260
vn 0.7493 -0.2651 0.6069
vn 0.6193 -0.3471 0.7042
vn 0.0526 0.8383 -0.5427
vn 0.5596 -0.3877 0.7325
vn 0.7360 0.0693 0.6735
vn 0.6850 0.6883 0.2387
vn -0.5411 0.4890 -0.6842
vn -0.7237 -0.0323 0.6893
vn -0.9253 0.3767 0.0439
vn -0.4118 -0.0855 0.9073
vn -0.7879 0.3910 0.4757
vn -0.7594 0.4289 0.4893
vn -0.3087 0.0498 0.9498
vn -0.2657 -0.1367 0.9543
vn -0.0620 -0.3146 0.9472
vn -0.3647 -0.0403 0.9303
vn -0.4869 -0.0124 0.8734
vn -0.4471 -0.1227 0.8860
vn -0.6729 0.7227 0.1581
vn -0.4751 0.3904 0.7886
vn -0.5103 0.8124 -0.2823
vn -0.7284 0.6851 0.0051
vn -0.4846 0.7029 0.5207
vn -0.6745 0.7216 0.1559
vn -0.1335 0.3407 0.9306
vn -0.4101 0.8706 0.2719
vn -0.4853 0.8191 0.3058
vn -0.1396 0.4518 0.8811
vn -0.2609 0.7635 0.5907
vn -0.4000 0.7159 0.5723
vn -0.3665 0.7910 0.4899
vn -0.4985 0.8405 -0.2122
vn -0.4860 0.8385 -0.2463
vn -0.3042 0.7917 0.5298
vn -0.4881 0.5831 0.6495
vn -0.3443 0.7621 0.5483
vn -0.7459 0.5121 0.4258
vn -0.7587 0.0864 0.6457
vn -0.7975 0.3823 0.4667
vn -0.9254 0.1198 0.3594
vn -0.8385 0.0224 0.5445
vn -0.7145 0.0562 0.6974
vn -0.5850 0.1264 0.8011
vn -0.6863 0.0600 0.7248
vn -0.0652 -0.9975 0.0279
vn 0.0458 -0.9988 -0.0190
vn -0.2321 -0.9637 0.1317
vn -0.7682 -0.5492 0.3289
vn -0.9127 0.0194 0.4081
vn -0.8975 -0.0049 0.4410
vn -0.9009 0.3572 -0.2465
vn -0.9291 0.3407 -0.1439
vn 0.1085 -0.6345 0.7653
vn 0.7190 -0.6367 0.2788
vn 0.5490 -0.7457 0.3775
vn 0.1120 -0.7054 0.6999
vn -0.6471 0.5083 0.5682
vn -0.1678 -0.1404 0.9758
vn -0.0132 -0.3855 0.9226
vn -0.4779 0.8520 -0.2139
vn -0.2997 -0.8324 0.4662
vn -0.1001 0.3288 0.9391
vn 0.0592 -0.9114 0.4073
vn 0.7432 -0.1474 0.6526
vn -0.1931 0.3841 0.9029
vn 0.3272 -0.7340 0.5952
vn 0.6376 -0.6679 0.3839
vn 0.4823 0.3438 0.8057
vn 0.5073 0.3581 0.7838
vn 0.4437 0.4041 0.7999
vn 0.6977 -0.3301 0.6358
vn 0.5719 0.3372 0.7478
vn 0.6094 0.3116 0.7291
vn 0.9352 -0.3246 0.1415
vn 0.5624 -0.2842 0.7765
vn 0.5492 -0.3028 0.7789
vn 0.7900 -0.1946 0.5814
vn 0.7472 -0.0954 0.6577
vn 0.8119 -0.1286 0.5695
vn 0.6380 0.0349 0.7693
vn 0.5460 0.0600 0.8356
vn 0.4865 0.3497 0.8007
vn 0.8828 0.2561 0.3938
vn 0.8958 0.1175 0.4285
vn 0.2709 0.5660 0.7787
vn 0.3725 -0.4780 0.7955
vn 0.6939 0.4370 0.5723
vn 0.5220 -0.3619 0.7723
vn 0.7788 0.4212 0.4647
vn -0.4440 0.3805 -0.8112
vn -0.6242 0.0580 0.7791
vn 0.1481 -0.6117 0.7771
vn -0.5597 0.1461 0.8157
vn -0.5940 0.1587 0.7887
vn 0.1373 -0.5506 0.8234
vn -0.4334 0.3294 0.8388
vn 0.6562 -0.7030 0.2740
vn -0.4177 0.5214 0.7441
vn 0.6127 -0.7625 0.2078
vn -0.4695 0.6251 0.6236
vn -0.5980 0.5273 0.6036
vn -0.6062 0.5208 0.6010
vn -0.1704 -0.1645 0.9715
vn -0.5313 0.5671 0.6294
vn -0.4706 0.4396 0.7650
vn -0.9587 0.1817 0.2190
vn -0.8783 0.1623 0.4497
vn -0.3959 0.0532 0.9168
vn -0.2830 0.3668 0.8862
vn -0.1550 0.0833 0.9844
vn 0.0310 -0.6740 0.7381
vn 0.6551 -0.5650 0.5017
vn -0.0381 0.8371 0.5457
vn 0.1773 -0.0939 0.9797
vn 0.7513 0.1968 0.6299
vn 0.7683 0.6329 -0.0951
vn 0.6230 0.0835 0.7777
vn 0.7055 0.1287 0.6969
vn 0.7680 0.6334 0.0946
vn -0.4388 0.8867 0.1456
vn -0.7766 0.3464 0.5263
vn -0.2599 -0.0153 0.9655
vn -0.4334 -0.1089 0.8946
vn -0.4363 0.0149 0.8997
vn -0.5017 0.4467 0.7407
vn -0.8927 0.0772 0.4441
vn -0.9080 0.0647 0.4139
vn -0.5637 0.5725 0.5954
vn -0.5756 -0.1888 0.7956
vn -0.6537 -0.4481 0.6098
vn -0.8050 0.3360 0.4890
vn -0.3991 0.2041 0.8939
vn -0.9227 0.1364 0.3607
vn -0.4057 0.2208 0.8869
vn -0.3318 0.0980 0.9382
vn -0.4227 0.1797 0.8883
vn -0.3776 0.0106 0.9259
vn -0.7797 0.5857 0.2215
vn 0.5232 0.1355 0.8413
vn 0.5627 0.0571 0.8247
vn 0.5934 0.1942 0.7811
vn 0.4316 0.4352 0.7901
vn 0.5140 0.4388 0.7370
vn 0.4341 0.8311 0.3477
vn 0.8383 0.2121 0.5022
vn 0.9003 -0.0950 0.4248
vn 0.7952 -0.2832 0.5361
vn 0.9165 -0.2949 0.2702
vn 0.6770 -0.0518 0.7342
vn 0.7672 -0.2299 0.5988
vn 0.9356 -0.2628 0.2356
vn 0.7501 -0.3630 0.5528
vn 0.9203 -0.3167 0.2299
vn -0.7122 0.2961 0.6365
vn 0.7753 0.5884 0.2294
vn 0.7535 0.6200 0.2186
vn 0.2716 0.9041 -0.3298
vn 0.7456 0.6145 0.2578
vn 0.1469 0.9117 -0.3836
vn 0.7372 -0.1631 0.6557
vn 0.7399 -0.1537 0.6549
vn 0.7950 -0.1769 0.5803
vn 0.8749 -0.1214 0.4688
vn 0.8901 -0.0991 0.4449
vn 0.8130 -0.1531 0.5618
vn 0.4847 -0.4974 0.7195
vn 0.1041 -0.9151 0.3895
vn 0.7364 -0.0316 0.6758
vn 0.0860 0.8335 0.5458
vn 0.7120 -0.3502 0.6086
vn -0.9702 0.2313 0.0719
vn -0.0079 -0.6015 0.7989
vn -0.4166 0.6167 0.6679
vn 0.8328 -0.3738 0.4084
vn 0.7262 0.0163 0.6873
vn 0.7065 -0.2232 0.6716
vn 0.7552 -0.1463 0.6390
vn 0.7016 -0.6263 0.3400
vn 0.5690 0.3150 0.7596
vn 0.8591 0.2449 0.4493
vn 0.8345 0.3365 0.4363
vn 0.8190 0.1732 0.5470
vn 0.8073 0.2500 0.5345
vn 0.8435 0.5350 0.0481
vn 0.8348 0.5311 0.1450
vn 0.8659 0.4817 0.1349
vn 0.7144 -0.6772 0.1762
vn -0.7721 -0.2586 -0.5805
vn -0.7358 -0.1380 -0.6630
vn 0.6935 -0.0170 0.7202
vn 0.7221 -0.0342 0.6910
vn 0.9198 -0.2622 0.2920
vn 0.8330 -0.1563 0.5307
vn 0.7557 -0.1013 0.6470
vn 0.7128 -0.1882 0.6757
vn 0.3396 0.2467 -0.9076
vn 0.5321 0.2823 -0.7983
vn 0.8695 -0.0584 0.4905
vn 0.0814 0.8907 0.4472
vn -0.0288 0.9328 0.3594
vn 0.9567 -0.0715 0.2822
vn 0.9150 -0.0387 0.4015
vn -0.0264 0.9366 0.3494
vn 0.0048 0.9301 0.3672
vn 0.9917 -0.0286 0.1252
vn 0.9851 -0.0030 0.1718
vn -0.0023 -1.0000 -0.0021
vn 0.8559 0.1219 0.5026
vn 0.3911 0.0602 0.9184
vn 0.9757 -0.1297 0.1768
vn 0.8353 -0.3685 0.4079
vn 0.6148 0.0949 0.7830
vn 0.7387 -0.6533 -0.1660
vn 0.7976 -0.5997 -0.0639
vn 0.4903 0.5698 0.6595
vn 0.8324 -0.2215 0.5080
vn 0.3837 0.4921 0.7814
vn 0.7765 -0.1041 0.6215
vn 0.8078 -0.5181 0.2811
vn 0.7626 -0.5025 0.4075
vn 0.8345 -0.0769 0.5457
vn 0.6368 0.1518 -0.7559
vn 0.7537 0.2511 -0.6073
vn 0.7592 0.2450 -0.6030
vn 0.2230 0.9371 0.2687
vn -0.1441 0.9876 -0.0629
vn 0.4085 0.0514 0.9113
vn -0.0298 -0.4995 0.8658
vn 0.2208 -0.6113 0.7600
vn 0.3590 -0.8936 0.2694
vn -0.9859 -0.0406 -0.1626
vn -0.4825 -0.6876 0.5426
vn -0.6991 0.3841 -0.6031
vn 0.8633 0.0496 0.5022
vn 0.8798 -0.1240 0.4589
vn -0.5295 0.2530 -0.8097
vn -0.4580 0.2917 -0.8397
vn 0.8174 -0.2210 0.5321
vn 0.7331 0.4252 0.5309
vn 0.5595 0.7483 0.3564
vn 0.4233 0.4382 0.7930
vn 0.5879 -0.0309 0.8083
vn 0.7095 -0.0125 0.7046
vn 0.6428 0.0593 0.7637
vn 0.6632 -0.0585 0.7461
vn 0.7651 -0.6389 0.0803
vn -0.9090 0.0985 -0.4050
vn 0.2335 -0.2438 -0.9413
vn 0.3061 0.6291 0.7145
vn -0.2998 0.9007 -0.3145
vn -0.8600 0.4072 -0.3075
vn -0.9275 0.2207 -0.3017
vn 0.1981 -0.4480 -0.8718
vn -0.2812 0.1415 0.9492
vn 0.5953 -0.8035 0.0021
vn -0.4900 -0.8577 0.1554
vn 0.1385 -0.4760 0.8685
s 0
usemtl Knight_PolishedSteel
f 68//71 72//71 71//71
f 68//72 71//72 70//72
f 70//73 71//73 237//73
f 70//74 237//74 73//74
f 70//75 73//75 94//75
f 88//76 73//76 237//76
f 73//77 93//77 94//77
f 93//78 73//78 74//78
f 74//79 75//79 77//79
f 75//80 74//80 73//80
f 75//81 73//81 78//81
f 78//82 77//82 75//82
f 74//83 77//83 76//83
f 93//84 74//84 76//84
f 76//85 77//85 79//85
f 93//86 76//86 94//86
f 80//87 79//87 77//87
f 81//88 77//88 78//88
f 78//89 73//89 81//89
f 81//90 73//90 198//90
f 82//91 73//91 88//91
f 83//92 77//92 81//92
f 83//93 80//93 77//93
f 83//94 85//94 80//94
f 80//95 85//95 84//95
f 85//96 87//96 84//96
f 84//97 87//97 89//97
f 80//98 84//98 79//98
f 85//99 83//99 86//99
f 87//100 85//100 86//100
f 86//101 83//101 81//101
f 198//102 73//102 82//102
f 82//103 88//103 198//103
f 81//104 198//104 86//104
f 87//105 197//105 90//105
f 87//106 90//106 89//106
f 90//107 196//107 89//107
f 69//108 94//108 91//108
f 69//109 92//109 94//109
f 68//110 70//110 94//110
f 68//111 94//111 92//111
f 91//115 94//115 76//115
f 100//116 103//116 102//116
f 104//117 103//117 100//117
f 103//118 104//118 105//118
f 104//119 100//119 122//119
f 122//120 100//120 99//120
f 122//121 99//121 106//121
f 106//122 99//122 124//122
f 107//123 108//123 124//123
f 107//124 109//124 108//124
f 108//125 110//125 124//125
f 108//126 106//126 110//126
f 104//127 111//127 105//127
f 105//128 116//128 112//128
f 105//129 112//129 103//129
f 103//130 114//130 102//130
f 102//131 114//131 101//131
f 115//132 103//132 112//132
f 105//133 117//133 116//133
f 115//134 114//134 103//134
f 101//135 114//135 119//135
f 113//137 101//137 119//137
f 113//138 119//138 120//138
f 116//141 178//141 112//141
f 105//142 111//142 117//142
f 104//143 122//143 111//143
f 123//144 122//144 106//144
f 106//145 124//145 110//145
f 139//164 114//164 115//164
f 114//165 139//165 119//165
f 140//166 115//166 112//166
f 140//168 141//168 115//168
f 139//169 115//169 141//169
f 139//171 121//171 119//171
f 176//243 232//243 140//243
f 177//244 140//244 112//244
f 112//245 178//245 177//245
f 178//246 116//246 117//246
f 179//247 178//247 117//247
f 111//248 122//248 117//248
f 122//249 123//249 179//249
f 181//250 123//250 106//250
f 106//251 108//251 109//251
f 182//252 109//252 107//252
f 107//253 91//253 76//253
f 79//254 84//254 76//254
f 107//255 76//255 182//255
f 182//256 76//256 84//256
f 106//257 109//257 181//257
f 184//258 109//258 182//258
f 185//259 182//259 84//259
f 182//260 185//260 184//260
f 186//261 184//261 185//261
f 184//262 186//262 109//262
f 109//263 186//263 181//263
f 181//264 186//264 183//264
f 181//265 183//265 123//265
f 180//266 123//266 183//266
f 183//267 187//267 180//267
f 187//268 188//268 180//268
f 187//269 189//269 188//269
f 179//270 123//270 180//270
f 188//271 189//271 190//271
f 191//272 189//272 187//272
f 186//273 187//273 183//273
f 191//274 187//274 186//274
f 191//275 186//275 185//275
f 189//276 191//276 185//276
f 192//277 185//277 84//277
f 192//278 84//278 89//278
f 89//279 193//279 192//279
f 193//280 194//280 192//280
f 194//281 185//281 192//281
f 194//282 193//282 195//282
f 196//283 193//283 89//283
f 193//284 196//284 195//284
f 201//285 196//285 90//285
f 197//286 87//286 198//286
f 198//287 87//287 86//287
f 199//288 198//288 88//288
f 211//289 198//289 199//289
f 197//290 198//290 211//290
f 197//291 200//291 90//291
f 90//292 200//292 201//292
f 196//293 201//293 195//293
f 201//294 200//294 202//294
f 201//295 202//295 195//295
f 194//296 203//296 185//296
f 203//297 194//297 195//297
f 189//298 185//298 204//298
f 203//299 204//299 185//299
f 190//300 189//300 204//300
f 204//301 203//301 190//301
f 209//302 190//302 203//302
f 209//303 203//303 195//303
f 205//304 195//304 202//304
f 209//305 195//305 205//305
f 202//306 206//306 207//306
f 205//307 202//307 207//307
f 202//308 200//308 208//308
f 202//309 208//309 206//309
f 205//310 207//310 209//310
f 210//311 207//311 206//311
f 233//312 200//312 211//312
f 211//313 200//313 197//313
f 140//336 177//336 176//336
f 117//337 122//337 179//337
f 188//338 190//338 180//338
f 177//339 180//339 190//339
f 177//340 190//340 209//340
f 177//341 209//341 176//341
f 234//342 206//342 208//342
f 332//343 199//343 88//343
f 332//344 88//344 235//344
f 456//345 236//345 237//345
f 236//346 235//346 88//346
f 237//347 236//347 88//347
f 176//398 209//398 263//398
f 262//399 176//399 263//399
f 262//400 263//400 265//400
f 263//401 264//401 265//401
f 262//402 265//402 306//402
f 262//403 306//403 266//403
f 266//482 306//482 305//482
f 306//484 265//484 308//484
f 265//485 328//485 308//485
f 328//486 265//486 307//486
f 328//487 309//487 308//487
f 309//488 310//488 308//488
f 311//489 308//489 310//489
f 310//490 312//490 313//490
f 306//491 308//491 311//491
f 314//492 310//492 313//492
f 310//493 314//493 311//493
f 311//494 305//494 306//494
f 307//495 265//495 264//495
f 315//496 307//496 264//496
f 316//497 263//497 209//497
f 319//498 316//498 209//498
f 320//499 209//499 207//499
f 318//500 200//500 233//500
f 233//501 211//501 199//501
f 233//502 317//502 318//502
f 321//503 210//503 206//503
f 321//504 206//504 234//504
f 319//505 320//505 210//505
f 210//506 320//506 207//506
f 321//507 319//507 210//507
f 318//508 208//508 200//508
f 234//509 208//509 318//509
f 317//510 233//510 199//510
f 318//511 325//511 234//511
f 209//512 320//512 319//512
f 321//513 316//513 319//513
f 264//514 263//514 322//514
f 322//515 263//515 316//515
f 315//516 264//516 322//516
f 315//517 322//517 323//517
f 322//518 316//518 324//518
f 324//519 316//519 321//519
f 321//520 234//520 324//520
f 317//521 325//521 318//521
f 317//522 333//522 325//522
f 324//523 234//523 325//523
f 324//524 326//524 322//524
f 322//525 326//525 323//525
f 328//526 307//526 315//526
f 315//527 327//527 328//527
f 329//528 328//528 327//528
f 323//529 327//529 315//529
f 327//530 323//530 329//530
f 326//531 324//531 325//531
f 317//532 199//532 332//532
f 332//533 235//533 330//533
f 330//534 235//534 456//534
f 330//535 456//535 331//535
f 317//536 332//536 333//536
f 333//537 332//537 330//537
f 330//538 467//538 333//538
f 461//539 325//539 333//539
f 177//562 179//562 180//562
f 177//563 178//563 179//563
f 304//638 305//638 464//638
f 304//639 464//639 390//639
f 213//765 455//765 71//765
f 213//766 214//766 455//766
f 71//767 455//767 456//767
f 457//768 455//768 214//768
f 331//769 457//769 474//769
f 474//770 457//770 214//770
f 457//771 331//771 455//771
f 237//772 71//772 456//772
f 236//773 456//773 235//773
f 331//774 474//774 330//774
f 456//775 455//775 331//775
f 328//776 329//776 309//776
f 312//777 323//777 326//777
f 461//778 326//778 462//778
f 326//779 461//779 312//779
f 323//780 312//780 460//780
f 323//781 460//781 329//781
f 329//782 460//782 309//782
f 310//783 460//783 312//783
f 309//784 460//784 310//784
f 466//785 312//785 461//785
f 325//786 462//786 326//786
f 461//787 462//787 325//787
f 463//788 390//788 464//788
f 464//789 305//789 311//789
f 464//790 311//790 314//790
f 465//791 314//791 313//791
f 466//792 313//792 312//792
f 333//793 467//793 461//793
f 461//794 467//794 466//794
f 467//795 313//795 466//795
f 467//796 474//796 465//796
f 467//797 465//797 313//797
f 465//798 468//798 314//798
f 472//802 469//802 463//802
f 464//803 314//803 472//803
f 473//804 465//804 474//804
f 467//805 330//805 474//805
f 473//806 474//806 214//806
f 214//807 468//807 473//807
f 465//808 473//808 468//808
f 468//809 471//809 314//809
f 472//810 314//810 471//810
f 475//813 214//813 213//813
f 472//993 463//993 464//993
f 856//1525 857//1525 833//1525
f 834//1546 860//1546 856//1546
f 833//1547 832//1547 834//1547
f 833//1548 834//1548 856//1548
f 881//1577 498//1577 877//1577
f 881//1578 877//1578 878//1578
f 879//1581 881//1581 878//1581
f 511//1582 498//1582 880//1582
f 880//1583 498//1583 881//1583
f 879//1584 880//1584 881//1584
f 879//1585 703//1585 880//1585
f 511//1586 880//1586 703//1586
f 879//1587 882//1587 703//1587
f 515//1629 903//1629 514//1629
f 905//1631 514//1631 903//1631
f 905//1632 903//1632 906//1632
f 906//1633 903//1633 904//1633
f 907//1634 906//1634 908//1634
f 908//1635 906//1635 904//1635
f 905//1638 921//1638 514//1638
f 504//1639 514//1639 914//1639
f 913//1649 830//1649 912//1649
f 912//1650 914//1650 913//1650
f 913//1651 915//1651 830//1651
f 915//1652 832//1652 830//1652
f 915//1653 916//1653 832//1653
f 915//1654 927//1654 917//1654
f 915//1655 917//1655 916//1655
f 917//1658 919//1658 1391//1658
f 926//1659 927//1659 915//1659
f 915//1660 913//1660 926//1660
f 920//1661 913//1661 914//1661
f 914//1662 912//1662 504//1662
f 921//1663 914//1663 514//1663
f 922//1664 920//1664 914//1664
f 922//1665 914//1665 921//1665
f 906//1666 923//1666 905//1666
f 905//1667 923//1667 921//1667
f 924//1668 906//1668 907//1668
f 921//1669 923//1669 922//1669
f 922//1670 925//1670 920//1670
f 926//1671 913//1671 920//1671
f 926//1672 920//1672 925//1672
f 926//1673 925//1673 928//1673
f 926//1674 928//1674 927//1674
f 928//1675 919//1675 927//1675
f 928//1676 929//1676 1369//1676
f 930//1677 1369//1677 931//1677
f 931//1678 1369//1678 929//1678
f 929//1679 906//1679 931//1679
f 924//1680 931//1680 906//1680
f 932//1681 924//1681 907//1681
f 933//1682 907//1682 908//1682
f 904//1683 933//1683 908//1683
f 907//1684 933//1684 932//1684
f 924//1685 932//1685 931//1685
f 931//1686 932//1686 1351//1686
f 932//1687 933//1687 938//1687
f 934//1688 1351//1688 932//1688
f 934//1689 932//1689 938//1689
f 934//1690 935//1690 1351//1690
f 1351//1691 930//1691 931//1691
f 936//1692 934//1692 937//1692
f 938//1693 937//1693 934//1693
f 939//1694 938//1694 933//1694
f 940//1695 941//1695 933//1695
f 941//1696 940//1696 942//1696
f 933//1697 941//1697 939//1697
f 939//1698 937//1698 938//1698
f 944//1699 987//1699 943//1699
f 945//1700 943//1700 987//1700
f 987//1701 992//1701 946//1701
f 987//1702 946//1702 945//1702
f 946//1703 992//1703 947//1703
f 991//1704 947//1704 992//1704
f 991//1705 961//1705 948//1705
f 991//1706 948//1706 947//1706
f 961//1707 949//1707 948//1707
f 961//1708 950//1708 949//1708
f 947//1709 948//1709 1118//1709
f 947//1710 1118//1710 946//1710
f 1121//1711 948//1711 949//1711
f 951//1712 949//1712 950//1712
f 909//1796 940//1796 933//1796
f 943//2016 942//2016 940//2016
f 943//2017 940//2017 944//2017
f 945//2046 1117//2046 943//2046
f 1117//2047 942//2047 943//2047
f 1117//2048 945//2048 946//2048
f 937//2049 1117//2049 1119//2049
f 1119//2050 1117//2050 1118//2050
f 1118//2051 1117//2051 946//2051
f 1118//2052 948//2052 1121//2052
f 1118//2053 1120//2053 1119//2053
f 1121//2054 1120//2054 1118//2054
f 1120//2055 1121//2055 1122//2055
f 1124//2056 1122//2056 1123//2056
f 1125//2058 1122//2058 1121//2058
f 1121//2059 955//2059 1125//2059
f 1125//2060 1123//2060 1122//2060
f 1117//2192 941//2192 942//2192
f 941//2193 1117//2193 937//2193
f 937//2194 939//2194 941//2194
f 923//2195 906//2195 929//2195
f 929//2196 928//2196 925//2196
f 922//2197 929//2197 925//2197
f 923//2198 929//2198 922//2198
f 951//2477 955//2477 949//2477
f 949//2478 955//2478 1121//2478
f 937//2479 1119//2479 936//2479
f 934//2480 936//2480 1344//2480
f 1345//2481 1119//2481 1120//2481
f 1345//2482 1346//2482 1119//2482
f 1119//2483 1346//2483 936//2483
f 934//2484 1431//2484 935//2484
f 935//2485 1431//2485 1347//2485
f 1432//2487 1348//2487 1347//2487
f 1347//2488 1348//2488 1349//2488
f 935//2491 1347//2491 1351//2491
f 1347//2492 930//2492 1351//2492
f 1391//2526 919//2526 1389//2526
f 919//2527 1369//2527 1389//2527
f 928//2528 1369//2528 919//2528
f 927//2529 919//2529 917//2529
f 1369//2563 1388//2563 1389//2563
f 1408//2593 1409//2593 1407//2593
f 1408//2594 1407//2594 1398//2594
f 1412//2596 1409//2596 1410//2596
f 1410//2599 1411//2599 1412//2599
f 1409//2600 1412//2600 1413//2600
f 1414//2601 1409//2601 1442//2601
f 1442//2602 1409//2602 1413//2602
f 956//2623 1423//2623 1130//2623
f 1345//2633 1120//2633 1124//2633
f 1120//2634 1122//2634 1124//2634
f 1345//2635 1464//2635 1429//2635
f 1345//2636 1460//2636 1346//2636
f 1460//2637 1345//2637 1430//2637
f 1428//2638 1430//2638 1345//2638
f 936//2639 1346//2639 1433//2639
f 934//2640 1344//2640 1431//2640
f 1431//2641 1344//2641 1347//2641
f 1348//2642 1432//2642 1433//2642
f 1344//2643 1432//2643 1347//2643
f 1369//2644 930//2644 1350//2644
f 1409//2663 1414//2663 1407//2663
f 1433//2697 1344//2697 936//2697
f 1433//2698 1346//2698 1460//2698
f 1433//2699 1432//2699 1344//2699
f 1348//2700 1433//2700 1460//2700
f 1460//2701 1461//2701 1348//2701
f 1460//2703 1462//2703 1461//2703
f 1462//2704 1460//2704 1430//2704
f 1428//2705 1345//2705 1429//2705
f 1345//2708 1124//2708 1464//2708
f 1464//2709 1124//2709 1465//2709
f 1408//2712 1410//2712 1409//2712
usemtl Knight_DarkLeather
f 2//1 6//1 3//1
f 6//2 4//2 3//2
f 4//3 6//3 5//3
f 6//4 7//4 5//4
f 8//5 7//5 6//5
f 6//6 2//6 9//6
f 14//7 10//7 9//7
f 6//8 9//8 10//8
f 6//9 10//9 226//9
f 11//10 10//10 14//10
f 11//11 13//11 10//11
f 12//12 13//12 148//12
f 148//13 13//13 11//13
f 16//14 15//14 19//14
f 19//15 29//15 16//15
f 29//16 19//16 21//16
f 19//17 20//17 18//17
f 18//18 20//18 458//18
f 19//19 22//19 20//19
f 23//20 24//20 15//20
f 24//21 23//21 26//21
f 26//22 27//22 24//22
f 15//23 24//23 19//23
f 24//24 27//24 25//24
f 27//25 17//25 28//25
f 17//26 43//26 28//26
f 27//27 28//27 243//27
f 37//28 32//28 34//28
f 32//29 33//29 34//29
f 35//30 34//30 33//30
f 32//31 38//31 33//31
f 36//32 33//32 39//32
f 35//33 33//33 40//33
f 41//34 35//34 40//34
f 40//35 33//35 36//35
f 40//36 42//36 41//36
f 45//37 31//37 35//37
f 45//38 35//38 41//38
f 42//39 46//39 41//39
f 47//40 42//40 48//40
f 42//41 47//41 46//41
f 49//42 46//42 47//42
f 36//43 42//43 40//43
f 48//44 42//44 52//44
f 50//45 51//45 47//45
f 50//46 47//46 48//46
f 52//47 53//47 54//47
f 52//48 54//48 50//48
f 54//49 51//49 50//49
f 54//50 55//50 51//50
f 55//51 54//51 53//51
f 136//52 53//52 52//52
f 53//53 136//53 56//53
f 57//54 53//54 56//54
f 136//55 131//55 56//55
f 60//56 61//56 59//56
f 61//57 63//57 58//57
f 62//58 61//58 60//58
f 61//59 62//59 63//59
f 174//60 58//60 63//60
f 60//61 59//61 65//61
f 63//62 62//62 291//62
f 64//63 62//63 60//63
f 66//64 65//64 59//64
f 60//65 65//65 64//65
f 267//66 136//66 52//66
f 267//67 52//67 39//67
f 52//68 50//68 48//68
f 36//69 39//69 52//69
f 36//70 52//70 42//70
f 96//112 1//112 95//112
f 1//113 96//113 97//113
f 18//114 21//114 19//114
f 113//136 120//136 118//136
f 137//139 118//139 120//139
f 137//140 120//140 121//140
f 126//146 129//146 98//146
f 98//147 129//147 127//147
f 98//148 125//148 30//148
f 125//149 98//149 127//149
f 127//150 128//150 125//150
f 30//151 125//151 37//151
f 130//152 127//152 129//152
f 129//153 126//153 132//153
f 130//154 129//154 132//154
f 133//155 130//155 132//155
f 128//156 127//156 130//156
f 130//157 133//157 134//157
f 125//158 128//158 135//158
f 125//159 135//159 37//159
f 134//160 128//160 130//160
f 131//161 136//161 133//161
f 131//162 133//162 132//162
f 138//163 137//163 121//163
f 141//167 140//167 147//167
f 120//170 119//170 121//170
f 121//172 142//172 138//172
f 142//173 121//173 139//173
f 139//174 141//174 142//174
f 142//175 141//175 143//175
f 138//176 142//176 143//176
f 145//177 118//177 137//177
f 138//178 143//178 144//178
f 138//179 144//179 137//179
f 137//180 144//180 145//180
f 146//181 145//181 144//181
f 146//182 144//182 143//182
f 143//183 141//183 147//183
f 143//184 147//184 146//184
f 140//185 232//185 147//185
f 148//186 97//186 12//186
f 41//187 149//187 45//187
f 45//188 150//188 31//188
f 31//189 150//189 44//189
f 28//190 151//190 243//190
f 152//191 151//191 28//191
f 153//192 28//192 43//192
f 153//193 152//193 28//193
f 152//194 153//194 169//194
f 44//195 153//195 43//195
f 153//196 44//196 154//196
f 44//197 150//197 154//197
f 149//198 41//198 46//198
f 46//199 49//199 149//199
f 155//200 154//200 150//200
f 155//201 150//201 156//201
f 156//202 150//202 45//202
f 155//203 156//203 154//203
f 149//204 156//204 45//204
f 149//205 157//205 156//205
f 157//206 154//206 156//206
f 158//207 154//207 157//207
f 154//208 158//208 153//208
f 152//209 169//209 160//209
f 158//210 169//210 153//210
f 164//211 158//211 157//211
f 157//212 149//212 159//212
f 49//213 47//213 149//213
f 149//214 51//214 159//214
f 149//215 47//215 51//215
f 55//216 159//216 51//216
f 161//217 55//217 53//217
f 53//218 173//218 162//218
f 53//219 162//219 161//219
f 162//220 172//220 161//220
f 161//221 163//221 159//221
f 159//222 163//222 157//222
f 164//223 157//223 163//223
f 164//224 163//224 165//224
f 165//225 163//225 161//225
f 167//226 165//226 166//226
f 166//227 165//227 161//227
f 168//228 164//228 165//228
f 164//229 168//229 158//229
f 169//230 158//230 168//230
f 167//231 168//231 165//231
f 270//232 168//232 167//232
f 167//233 166//233 170//233
f 171//234 170//234 166//234
f 167//235 170//235 270//235
f 171//236 166//236 172//236
f 172//237 166//237 161//237
f 53//238 286//238 173//238
f 174//239 286//239 53//239
f 53//240 58//240 174//240
f 286//241 174//241 175//241
f 58//242 53//242 57//242
f 212//314 213//314 72//314
f 72//315 213//315 71//315
f 213//316 212//316 215//316
f 218//317 217//317 220//317
f 218//318 219//318 372//318
f 219//319 218//319 220//319
f 221//320 5//320 7//320
f 8//321 6//321 226//321
f 7//322 8//322 223//322
f 223//323 224//323 7//323
f 225//324 223//324 8//324
f 223//325 260//325 224//325
f 260//326 223//326 225//326
f 226//327 225//327 8//327
f 228//328 227//328 226//328
f 228//329 226//329 10//329
f 228//330 10//330 13//330
f 12//331 228//331 13//331
f 12//332 229//332 228//332
f 229//333 227//333 228//333
f 12//334 97//334 96//334
f 96//335 95//335 230//335
f 135//348 32//348 37//348
f 33//349 238//349 39//349
f 238//350 267//350 39//350
f 134//351 238//351 33//351
f 134//352 33//352 38//352
f 32//353 135//353 38//353
f 38//354 135//354 128//354
f 128//355 134//355 38//355
f 267//356 133//356 136//356
f 24//357 22//357 19//357
f 24//358 25//358 391//358
f 239//359 391//359 25//359
f 359//360 239//360 25//360
f 359//361 25//361 241//361
f 25//362 240//362 241//362
f 240//363 25//363 348//363
f 343//364 25//364 242//364
f 27//365 243//365 25//365
f 25//366 243//366 242//366
f 230//367 256//367 244//367
f 230//368 244//368 96//368
f 96//369 245//369 12//369
f 12//370 245//370 229//370
f 246//371 229//371 245//371
f 245//372 247//372 246//372
f 248//373 249//373 247//373
f 247//374 249//374 246//374
f 250//375 246//375 249//375
f 251//376 250//376 249//376
f 246//377 250//377 229//377
f 227//378 229//378 250//378
f 226//379 252//379 225//379
f 225//380 252//380 251//380
f 251//381 259//381 225//381
f 224//382 253//382 7//382
f 224//383 260//383 253//383
f 7//384 253//384 221//384
f 231//385 255//385 258//385
f 258//386 255//386 257//386
f 256//387 231//387 258//387
f 255//388 259//388 257//388
f 254//389 259//389 222//389
f 254//390 222//390 253//390
f 260//391 254//391 253//391
f 260//392 225//392 259//392
f 254//393 260//393 259//393
f 251//394 257//394 259//394
f 261//395 232//395 176//395
f 262//396 299//396 261//396
f 261//397 176//397 262//397
f 96//404 244//404 245//404
f 247//405 244//405 248//405
f 244//406 247//406 245//406
f 257//407 251//407 249//407
f 248//408 244//408 256//408
f 248//409 256//409 258//409
f 249//410 258//410 257//410
f 258//411 249//411 248//411
f 134//412 133//412 267//412
f 267//413 238//413 134//413
f 243//414 151//414 242//414
f 151//415 269//415 268//415
f 268//416 343//416 151//416
f 151//417 343//417 242//417
f 344//418 343//418 268//418
f 338//419 152//419 160//419
f 270//420 169//420 168//420
f 152//421 271//421 151//421
f 271//422 152//422 338//422
f 170//423 171//423 270//423
f 335//424 270//424 171//424
f 277//425 171//425 172//425
f 272//426 162//426 173//426
f 272//427 173//427 273//427
f 273//428 173//428 284//428
f 273//429 284//429 283//429
f 274//430 172//430 162//430
f 162//431 275//431 274//431
f 162//432 276//432 275//432
f 274//433 278//433 172//433
f 278//434 277//434 172//434
f 279//435 274//435 275//435
f 279//436 275//436 276//436
f 276//437 162//437 282//437
f 274//438 279//438 278//438
f 280//439 279//439 276//439
f 339//440 278//440 279//440
f 276//441 281//441 280//441
f 282//442 281//442 276//442
f 162//443 272//443 282//443
f 283//444 282//444 273//444
f 273//445 282//445 272//445
f 284//446 173//446 285//446
f 285//447 173//447 286//447
f 287//448 286//448 175//448
f 287//449 288//449 286//449
f 287//450 175//450 289//450
f 289//451 175//451 290//451
f 290//452 175//452 174//452
f 63//453 291//453 174//453
f 292//454 291//454 62//454
f 292//455 62//455 64//455
f 291//456 292//456 289//456
f 291//457 289//457 290//457
f 174//458 291//458 290//458
f 64//459 293//459 292//459
f 292//460 293//460 294//460
f 397//461 286//461 288//461
f 294//462 295//462 289//462
f 289//463 295//463 287//463
f 287//464 295//464 288//464
f 288//465 296//465 397//465
f 295//466 296//466 288//466
f 292//467 294//467 289//467
f 293//468 297//468 294//468
f 298//469 297//469 293//469
f 293//470 64//470 298//470
f 65//471 66//471 401//471
f 66//472 402//472 401//472
f 67//473 402//473 66//473
f 251//474 227//474 250//474
f 252//475 226//475 227//475
f 227//476 251//476 252//476
f 300//477 299//477 262//477
f 302//478 300//478 301//478
f 302//479 301//479 303//479
f 300//480 262//480 266//480
f 300//481 266//481 301//481
f 304//483 266//483 305//483
f 269//540 151//540 271//540
f 338//541 160//541 169//541
f 270//542 334//542 169//542
f 169//543 334//543 338//543
f 171//544 277//544 335//544
f 270//545 335//545 334//545
f 335//546 277//546 334//546
f 279//547 280//547 339//547
f 277//548 278//548 336//548
f 278//549 339//549 337//549
f 278//550 337//550 336//550
f 336//551 334//551 277//551
f 336//552 337//552 354//552
f 336//553 354//553 334//553
f 334//554 354//554 340//554
f 354//555 341//555 340//555
f 334//556 340//556 338//556
f 338//557 340//557 342//557
f 269//558 271//558 345//558
f 269//559 345//559 268//559
f 345//560 271//560 342//560
f 271//561 338//561 342//561
f 55//564 161//564 159//564
f 342//565 340//565 341//565
f 268//566 345//566 346//566
f 347//567 344//567 268//567
f 344//568 348//568 343//568
f 343//569 348//569 25//569
f 348//570 349//570 240//570
f 348//571 350//571 349//571
f 344//572 351//572 348//572
f 351//573 350//573 348//573
f 347//574 351//574 344//574
f 347//575 358//575 351//575
f 341//576 352//576 342//576
f 342//577 352//577 345//577
f 346//578 347//578 268//578
f 353//579 346//579 345//579
f 341//580 354//580 352//580
f 355//581 280//581 281//581
f 280//582 355//582 339//582
f 370//583 339//583 355//583
f 339//584 370//584 386//584
f 339//585 386//585 337//585
f 354//586 356//586 352//586
f 352//587 356//587 345//587
f 345//588 356//588 353//588
f 347//589 346//589 353//589
f 353//590 360//590 357//590
f 353//591 357//591 358//591
f 353//592 358//592 347//592
f 351//593 358//593 350//593
f 350//594 360//594 349//594
f 349//595 360//595 385//595
f 360//596 350//596 358//596
f 360//597 358//597 357//597
f 360//598 353//598 356//598
f 356//599 385//599 360//599
f 362//600 385//600 361//600
f 349//601 385//601 240//601
f 385//602 362//602 240//602
f 362//603 359//603 240//603
f 361//604 363//604 362//604
f 362//605 364//605 365//605
f 369//606 367//606 365//606
f 369//607 392//607 367//607
f 368//608 392//608 369//608
f 371//609 368//609 369//609
f 369//610 370//610 371//610
f 363//611 370//611 369//611
f 364//612 363//612 369//612
f 364//613 362//613 363//613
f 372//614 373//614 374//614
f 218//615 372//615 374//615
f 375//616 374//616 373//616
f 376//617 375//617 373//617
f 372//618 378//618 373//618
f 378//619 377//619 373//619
f 379//620 381//620 378//620
f 381//621 380//621 378//621
f 382//622 378//622 372//622
f 382//623 379//623 378//623
f 385//624 356//624 361//624
f 356//625 354//625 337//625
f 356//626 337//626 361//626
f 337//627 386//627 361//627
f 370//628 361//628 386//628
f 363//629 361//629 370//629
f 300//630 302//630 387//630
f 387//631 388//631 485//631
f 302//632 388//632 387//632
f 302//633 303//633 388//633
f 303//634 304//634 389//634
f 390//635 389//635 304//635
f 304//636 303//636 301//636
f 301//637 266//637 304//637
f 359//640 241//640 240//640
f 359//641 362//641 365//641
f 239//642 359//642 365//642
f 239//643 365//643 391//643
f 391//644 365//644 366//644
f 566//645 366//645 365//645
f 566//646 365//646 367//646
f 566//647 367//647 392//647
f 566//648 392//648 565//648
f 565//649 392//649 393//649
f 394//650 392//650 368//650
f 395//651 371//651 370//651
f 283//652 370//652 355//652
f 281//653 283//653 355//653
f 283//654 281//654 282//654
f 398//655 283//655 284//655
f 397//656 285//656 286//656
f 285//657 398//657 284//657
f 399//658 398//658 285//658
f 399//659 285//659 397//659
f 406//660 397//660 296//660
f 295//661 407//661 296//661
f 294//662 297//662 400//662
f 297//663 298//663 400//663
f 65//664 401//664 400//664
f 65//665 400//665 298//665
f 65//666 298//666 64//666
f 402//667 67//667 483//667
f 403//668 24//668 566//668
f 566//669 24//669 391//669
f 566//670 391//670 366//670
f 569//671 393//671 392//671
f 395//672 370//672 283//672
f 395//673 283//673 396//673
f 405//674 395//674 396//674
f 395//675 404//675 371//675
f 395//676 405//676 404//676
f 405//677 396//677 407//677
f 398//678 396//678 283//678
f 396//679 398//679 406//679
f 399//680 406//680 398//680
f 399//681 397//681 406//681
f 408//682 412//682 381//682
f 409//683 408//683 381//683
f 381//684 412//684 410//684
f 381//685 410//685 380//685
f 411//686 410//686 412//686
f 409//687 381//687 379//687
f 409//688 383//688 408//688
f 412//689 408//689 383//689
f 413//690 411//690 412//690
f 411//691 414//691 410//691
f 410//692 414//692 415//692
f 416//693 415//693 414//693
f 413//694 414//694 411//694
f 414//695 413//695 424//695
f 416//696 414//696 417//696
f 415//697 454//697 410//697
f 378//698 380//698 377//698
f 383//699 418//699 412//699
f 384//700 418//700 383//700
f 420//701 384//701 421//701
f 425//702 384//702 420//702
f 422//703 420//703 421//703
f 384//704 425//704 418//704
f 413//705 412//705 424//705
f 424//706 417//706 414//706
f 425//707 417//707 418//707
f 424//708 412//708 418//708
f 424//709 418//709 417//709
f 425//710 426//710 417//710
f 427//711 426//711 425//711
f 420//712 422//712 425//712
f 439//713 425//713 422//713
f 428//714 421//714 419//714
f 432//715 428//715 419//715
f 421//716 428//716 422//716
f 429//717 428//717 432//717
f 430//718 422//718 428//718
f 438//719 430//719 431//719
f 431//720 430//720 436//720
f 436//721 430//721 428//721
f 432//722 419//722 423//722
f 432//723 423//723 435//723
f 429//724 432//724 435//724
f 435//725 423//725 433//725
f 436//726 429//726 435//726
f 436//727 428//727 429//727
f 982//728 431//728 436//728
f 437//729 982//729 436//729
f 438//730 439//730 430//730
f 430//731 439//731 422//731
f 440//732 427//732 425//732
f 425//733 439//733 440//733
f 442//734 441//734 426//734
f 442//735 426//735 427//735
f 427//736 444//736 442//736
f 446//737 439//737 438//737
f 443//738 440//738 439//738
f 445//739 444//739 427//739
f 427//740 440//740 443//740
f 443//741 492//741 427//741
f 443//742 439//742 446//742
f 446//743 447//743 443//743
f 448//744 443//744 447//744
f 443//745 448//745 492//745
f 492//746 448//746 449//746
f 450//747 492//747 449//747
f 427//748 492//748 445//748
f 445//749 451//749 444//749
f 441//750 442//750 453//750
f 442//751 451//751 453//751
f 374//752 453//752 451//752
f 453//753 374//753 375//753
f 417//754 441//754 453//754
f 417//755 426//755 441//755
f 375//756 415//756 453//756
f 376//757 454//757 415//757
f 376//758 415//758 375//758
f 380//759 454//759 376//759
f 377//760 376//760 373//760
f 377//761 380//761 376//761
f 410//762 454//762 380//762
f 416//763 417//763 415//763
f 453//764 415//764 417//764
f 463//799 469//799 390//799
f 469//800 389//800 390//800
f 472//801 470//801 469//801
f 472//811 471//811 470//811
f 214//812 475//812 476//812
f 406//814 296//814 407//814
f 477//815 295//815 294//815
f 294//816 400//816 477//816
f 571//817 477//817 478//817
f 400//818 480//818 478//818
f 400//819 478//819 477//819
f 570//820 478//820 479//820
f 401//821 402//821 480//821
f 401//822 480//822 400//822
f 478//823 481//823 479//823
f 481//824 478//824 480//824
f 480//825 482//825 481//825
f 482//826 402//826 483//826
f 402//827 482//827 480//827
f 483//828 459//828 482//828
f 459//829 458//829 20//829
f 484//830 22//830 403//830
f 389//831 469//831 388//831
f 388//832 469//832 470//832
f 389//833 388//833 303//833
f 470//834 485//834 388//834
f 471//835 468//835 485//835
f 470//836 471//836 485//836
f 486//837 485//837 468//837
f 486//838 468//838 214//838
f 486//839 214//839 476//839
f 215//840 476//840 475//840
f 215//841 475//841 213//841
f 510//842 487//842 489//842
f 487//843 488//843 489//843
f 407//844 396//844 406//844
f 571//845 407//845 295//845
f 571//846 295//846 477//846
f 571//847 478//847 570//847
f 479//848 482//848 459//848
f 479//849 459//849 484//849
f 22//850 484//850 459//850
f 22//851 459//851 20//851
f 218//852 490//852 217//852
f 488//853 216//853 489//853
f 217//854 490//854 216//854
f 216//855 490//855 489//855
f 452//856 218//856 374//856
f 374//857 451//857 452//857
f 442//858 444//858 451//858
f 451//859 445//859 495//859
f 451//860 495//860 452//860
f 491//861 445//861 492//861
f 449//862 535//862 450//862
f 492//863 450//863 493//863
f 493//864 491//864 492//864
f 495//865 445//865 491//865
f 491//866 493//866 494//866
f 495//867 491//867 532//867
f 496//868 493//868 450//868
f 494//869 532//869 491//869
f 452//870 499//870 218//870
f 218//871 499//871 490//871
f 500//872 489//872 490//872
f 498//873 489//873 500//873
f 500//874 490//874 499//874
f 452//875 506//875 499//875
f 506//876 452//876 497//876
f 499//877 508//877 500//877
f 500//878 501//878 498//878
f 498//879 501//879 502//879
f 503//880 501//880 500//880
f 501//881 503//881 504//881
f 504//882 503//882 505//882
f 634//883 503//883 516//883
f 503//884 506//884 516//884
f 528//885 506//885 509//885
f 499//886 506//886 503//886
f 507//887 503//887 508//887
f 503//888 507//888 528//888
f 503//889 528//889 499//889
f 499//890 507//890 508//890
f 499//891 509//891 507//891
f 500//892 508//892 503//892
f 498//893 511//893 510//893
f 498//894 510//894 489//894
f 877//895 498//895 512//895
f 512//896 498//896 872//896
f 513//897 872//897 498//897
f 513//898 498//898 502//898
f 514//899 504//899 505//899
f 515//900 514//900 505//900
f 503//901 634//901 505//901
f 516//902 506//902 528//902
f 517//903 516//903 529//903
f 517//904 525//904 516//904
f 520//905 518//905 519//905
f 634//906 520//906 521//906
f 519//907 522//907 520//907
f 521//908 520//908 522//908
f 524//909 522//909 519//909
f 527//910 523//910 519//910
f 527//911 519//911 525//911
f 525//912 519//912 518//912
f 526//913 525//913 517//913
f 529//914 819//914 517//914
f 528//915 529//915 516//915
f 528//916 509//916 499//916
f 709//917 532//917 708//917
f 532//918 709//918 531//918
f 532//919 531//919 497//919
f 494//920 708//920 532//920
f 494//921 493//921 700//921
f 533//922 700//922 493//922
f 533//923 493//923 496//923
f 533//924 496//924 534//924
f 537//925 534//925 496//925
f 535//926 496//926 450//926
f 535//927 449//927 448//927
f 535//928 448//928 538//928
f 785//929 538//929 448//929
f 448//930 447//930 536//930
f 537//931 535//931 538//931
f 538//932 974//932 537//932
f 974//933 563//933 537//933
f 539//934 537//934 563//934
f 496//935 535//935 537//935
f 540//936 534//936 539//936
f 539//937 534//937 537//937
f 540//938 539//938 542//938
f 540//939 542//939 541//939
f 582//940 540//940 704//940
f 704//941 540//941 541//941
f 541//942 543//942 704//942
f 544//943 541//943 542//943
f 544//944 542//944 545//944
f 541//945 544//945 543//945
f 542//946 549//946 545//946
f 545//947 546//947 544//947
f 547//948 544//948 546//948
f 546//949 545//949 548//949
f 549//950 542//950 539//950
f 549//951 539//951 563//951
f 549//952 550//952 545//952
f 548//953 552//953 551//953
f 548//954 551//954 546//954
f 771//955 552//955 548//955
f 771//956 560//956 552//956
f 552//957 553//957 554//957
f 546//958 551//958 555//958
f 546//959 555//959 584//959
f 547//960 546//960 584//960
f 555//961 551//961 552//961
f 556//962 557//962 554//962
f 556//963 554//963 553//963
f 558//964 557//964 556//964
f 557//965 615//965 554//965
f 552//966 560//966 553//966
f 553//967 560//967 692//967
f 553//968 692//968 561//968
f 562//969 771//969 548//969
f 562//970 548//970 550//970
f 550//971 548//971 545//971
f 549//972 563//972 564//972
f 403//973 22//973 24//973
f 570//974 484//974 565//974
f 566//975 565//975 403//975
f 403//976 565//976 484//976
f 565//977 393//977 570//977
f 570//978 479//978 484//978
f 482//979 479//979 481//979
f 407//980 571//980 567//980
f 407//981 567//981 405//981
f 404//982 405//982 368//982
f 405//983 567//983 368//983
f 404//984 368//984 371//984
f 394//985 568//985 569//985
f 394//986 569//986 392//986
f 394//987 368//987 567//987
f 571//988 570//988 569//988
f 571//989 569//989 568//989
f 567//990 571//990 568//990
f 568//991 394//991 567//991
f 369//992 365//992 364//992
f 519//994 523//994 573//994
f 519//995 573//995 524//995
f 527//996 525//996 526//996
f 713//997 517//997 819//997
f 517//998 702//998 526//998
f 523//999 582//999 572//999
f 523//1000 572//1000 573//1000
f 572//1001 574//1001 573//1001
f 704//1002 576//1002 575//1002
f 573//1003 574//1003 577//1003
f 573//1004 577//1004 524//1004
f 579//1005 578//1005 577//1005
f 579//1006 577//1006 574//1006
f 574//1007 580//1007 579//1007
f 574//1008 575//1008 581//1008
f 589//1009 580//1009 574//1009
f 589//1010 574//1010 581//1010
f 576//1011 581//1011 575//1011
f 572//1012 575//1012 574//1012
f 704//1013 575//1013 572//1013
f 582//1014 704//1014 572//1014
f 576//1015 704//1015 588//1015
f 543//1016 588//1016 704//1016
f 547//1017 583//1017 544//1017
f 583//1018 543//1018 544//1018
f 583//1019 547//1019 586//1019
f 585//1020 547//1020 584//1020
f 585//1021 586//1021 547//1021
f 543//1022 583//1022 588//1022
f 592//1023 583//1023 586//1023
f 592//1024 586//1024 587//1024
f 583//1025 592//1025 588//1025
f 576//1026 588//1026 581//1026
f 588//1027 592//1027 589//1027
f 588//1028 589//1028 581//1028
f 579//1029 580//1029 705//1029
f 580//1030 589//1030 590//1030
f 589//1031 591//1031 590//1031
f 590//1032 705//1032 580//1032
f 592//1033 591//1033 589//1033
f 593//1034 587//1034 594//1034
f 587//1035 593//1035 592//1035
f 591//1036 592//1036 593//1036
f 591//1037 593//1037 594//1037
f 594//1038 587//1038 586//1038
f 585//1039 594//1039 586//1039
f 594//1040 595//1040 591//1040
f 595//1041 594//1041 596//1041
f 596//1042 594//1042 598//1042
f 598//1043 594//1043 585//1043
f 597//1044 598//1044 585//1044
f 598//1045 600//1045 599//1045
f 604//1046 599//1046 601//1046
f 602//1047 603//1047 601//1047
f 598//1048 599//1048 596//1048
f 599//1049 604//1049 596//1049
f 651//1050 596//1050 604//1050
f 604//1051 601//1051 603//1051
f 601//1052 599//1052 600//1052
f 601//1053 606//1053 602//1053
f 601//1054 600//1054 606//1054
f 606//1055 607//1055 608//1055
f 602//1056 606//1056 608//1056
f 602//1057 608//1057 605//1057
f 602//1058 676//1058 679//1058
f 602//1059 679//1059 609//1059
f 602//1060 609//1060 603//1060
f 602//1061 605//1061 676//1061
f 605//1062 608//1062 610//1062
f 608//1063 611//1063 610//1063
f 607//1064 612//1064 611//1064
f 607//1065 611//1065 608//1065
f 600//1066 614//1066 606//1066
f 615//1067 607//1067 614//1067
f 614//1068 607//1068 606//1068
f 597//1069 614//1069 600//1069
f 597//1070 600//1070 598//1070
f 616//1071 597//1071 585//1071
f 616//1072 585//1072 584//1072
f 614//1073 597//1073 616//1073
f 615//1074 614//1074 616//1074
f 607//1075 615//1075 557//1075
f 612//1076 613//1076 617//1076
f 617//1077 619//1077 611//1077
f 617//1078 611//1078 612//1078
f 610//1079 611//1079 605//1079
f 605//1080 611//1080 619//1080
f 617//1081 618//1081 619//1081
f 619//1082 618//1082 620//1082
f 618//1083 621//1083 620//1083
f 617//1084 613//1084 618//1084
f 618//1085 623//1085 621//1085
f 623//1086 627//1086 621//1086
f 623//1087 618//1087 624//1087
f 624//1088 618//1088 622//1088
f 626//1089 621//1089 667//1089
f 667//1090 621//1090 627//1090
f 613//1091 622//1091 618//1091
f 628//1092 622//1092 613//1092
f 628//1093 613//1093 559//1093
f 557//1094 613//1094 612//1094
f 607//1095 557//1095 612//1095
f 613//1096 557//1096 559//1096
f 558//1097 559//1097 557//1097
f 522//1098 629//1098 521//1098
f 524//1099 577//1099 630//1099
f 524//1100 630//1100 522//1100
f 629//1101 522//1101 630//1101
f 577//1102 578//1102 630//1102
f 631//1103 632//1103 578//1103
f 630//1104 635//1104 629//1104
f 634//1105 521//1105 505//1105
f 521//1106 633//1106 505//1106
f 635//1107 521//1107 629//1107
f 521//1108 635//1108 633//1108
f 635//1109 630//1109 578//1109
f 635//1110 578//1110 632//1110
f 636//1111 633//1111 635//1111
f 636//1112 635//1112 632//1112
f 637//1113 632//1113 631//1113
f 638//1114 632//1114 637//1114
f 578//1115 579//1115 631//1115
f 705//1116 639//1116 579//1116
f 639//1117 705//1117 640//1117
f 639//1118 640//1118 813//1118
f 813//1119 640//1119 643//1119
f 640//1120 705//1120 642//1120
f 705//1121 641//1121 642//1121
f 640//1122 642//1122 643//1122
f 643//1123 642//1123 644//1123
f 644//1124 811//1124 643//1124
f 645//1125 644//1125 642//1125
f 595//1126 596//1126 651//1126
f 595//1127 651//1127 641//1127
f 646//1128 642//1128 641//1128
f 648//1129 647//1129 646//1129
f 646//1130 649//1130 648//1130
f 650//1131 648//1131 760//1131
f 760//1132 648//1132 649//1132
f 641//1133 649//1133 646//1133
f 651//1134 649//1134 641//1134
f 651//1135 604//1135 603//1135
f 652//1136 651//1136 603//1136
f 652//1137 649//1137 651//1137
f 652//1138 603//1138 609//1138
f 609//1139 679//1139 652//1139
f 679//1140 654//1140 652//1140
f 652//1141 655//1141 653//1141
f 656//1142 623//1142 624//1142
f 624//1143 622//1143 625//1143
f 625//1144 622//1144 628//1144
f 657//1145 628//1145 658//1145
f 628//1146 559//1146 658//1146
f 559//1147 659//1147 658//1147
f 657//1148 658//1148 660//1148
f 625//1149 628//1149 657//1149
f 672//1150 656//1150 624//1150
f 657//1151 624//1151 625//1151
f 661//1152 657//1152 660//1152
f 660//1153 658//1153 661//1153
f 661//1154 658//1154 662//1154
f 659//1155 662//1155 658//1155
f 659//1156 665//1156 663//1156
f 659//1157 663//1157 662//1157
f 659//1158 559//1158 664//1158
f 689//1159 659//1159 664//1159
f 558//1160 664//1160 559//1160
f 657//1161 661//1161 672//1161
f 657//1162 672//1162 624//1162
f 623//1163 656//1163 671//1163
f 621//1164 626//1164 620//1164
f 670//1165 620//1165 626//1165
f 667//1166 627//1166 671//1166
f 623//1167 671//1167 627//1167
f 671//1168 668//1168 667//1168
f 626//1169 667//1169 669//1169
f 626//1170 669//1170 670//1170
f 666//1171 661//1171 662//1171
f 666//1172 672//1172 661//1172
f 666//1173 674//1173 672//1173
f 674//1174 666//1174 765//1174
f 656//1175 672//1175 675//1175
f 675//1176 672//1176 674//1176
f 656//1177 675//1177 671//1177
f 671//1178 675//1178 668//1178
f 669//1179 676//1179 670//1179
f 670//1180 619//1180 620//1180
f 605//1181 619//1181 670//1181
f 605//1182 670//1182 676//1182
f 518//1183 520//1183 634//1183
f 525//1184 518//1184 516//1184
f 516//1185 518//1185 634//1185
f 652//1186 654//1186 655//1186
f 677//1187 654//1187 678//1187
f 654//1188 679//1188 678//1188
f 676//1189 678//1189 679//1189
f 655//1190 654//1190 677//1190
f 677//1191 678//1191 680//1191
f 680//1192 678//1192 729//1192
f 729//1193 678//1193 676//1193
f 676//1194 669//1194 681//1194
f 681//1195 669//1195 667//1195
f 681//1196 667//1196 686//1196
f 676//1197 681//1197 682//1197
f 729//1198 676//1198 682//1198
f 757//1199 682//1199 681//1199
f 681//1200 683//1200 757//1200
f 686//1201 667//1201 668//1201
f 668//1202 684//1202 685//1202
f 668//1203 685//1203 686//1203
f 686//1204 683//1204 681//1204
f 684//1205 668//1205 675//1205
f 684//1206 675//1206 674//1206
f 765//1207 666//1207 673//1207
f 666//1208 663//1208 673//1208
f 662//1209 663//1209 666//1209
f 688//1210 673//1210 663//1210
f 665//1211 659//1211 689//1211
f 690//1212 696//1212 689//1212
f 690//1213 689//1213 664//1213
f 690//1214 664//1214 698//1214
f 690//1215 698//1215 691//1215
f 698//1216 561//1216 691//1216
f 692//1217 691//1217 561//1217
f 691//1218 692//1218 697//1218
f 693//1219 697//1219 692//1219
f 690//1220 691//1220 694//1220
f 694//1221 695//1221 690//1221
f 690//1222 695//1222 696//1222
f 691//1223 697//1223 694//1223
f 561//1224 698//1224 553//1224
f 553//1225 698//1225 556//1225
f 558//1226 556//1226 698//1226
f 698//1227 664//1227 558//1227
f 699//1228 540//1228 582//1228
f 540//1229 699//1229 534//1229
f 533//1230 534//1230 700//1230
f 699//1231 700//1231 534//1231
f 700//1232 699//1232 701//1232
f 699//1233 702//1233 701//1233
f 700//1234 701//1234 494//1234
f 582//1235 523//1235 699//1235
f 595//1236 641//1236 591//1236
f 641//1237 705//1237 591//1237
f 705//1238 590//1238 591//1238
f 706//1239 527//1239 526//1239
f 713//1240 702//1240 517//1240
f 527//1241 706//1241 523//1241
f 523//1242 706//1242 699//1242
f 699//1243 706//1243 702//1243
f 702//1244 706//1244 526//1244
f 707//1245 701//1245 702//1245
f 707//1246 708//1246 701//1246
f 494//1247 701//1247 708//1247
f 708//1248 710//1248 709//1248
f 530//1249 497//1249 531//1249
f 711//1250 531//1250 709//1250
f 711//1251 709//1251 710//1251
f 708//1252 717//1252 710//1252
f 712//1253 707//1253 702//1253
f 702//1254 713//1254 712//1254
f 715//1255 818//1255 714//1255
f 818//1256 715//1256 713//1256
f 713//1257 715//1257 712//1257
f 717//1258 707//1258 712//1258
f 717//1259 712//1259 720//1259
f 707//1260 717//1260 708//1260
f 711//1261 710//1261 716//1261
f 531//1262 726//1262 530//1262
f 531//1263 711//1263 726//1263
f 717//1264 716//1264 710//1264
f 719//1265 718//1265 717//1265
f 720//1266 712//1266 715//1266
f 720//1267 715//1267 714//1267
f 719//1268 717//1268 721//1268
f 722//1269 720//1269 714//1269
f 720//1270 722//1270 725//1270
f 724//1271 722//1271 723//1271
f 723//1272 722//1272 714//1272
f 714//1273 836//1273 723//1273
f 724//1274 725//1274 722//1274
f 725//1275 721//1275 720//1275
f 720//1276 721//1276 717//1276
f 718//1277 716//1277 717//1277
f 530//1278 506//1278 497//1278
f 727//1279 680//1279 729//1279
f 677//1280 680//1280 727//1280
f 729//1281 730//1281 727//1281
f 730//1282 733//1282 727//1282
f 731//1283 730//1283 729//1283
f 732//1284 731//1284 729//1284
f 733//1285 730//1285 731//1285
f 731//1286 734//1286 733//1286
f 734//1287 735//1287 733//1287
f 735//1288 747//1288 736//1288
f 735//1289 736//1289 733//1289
f 733//1290 736//1290 728//1290
f 742//1291 747//1291 735//1291
f 729//1292 737//1292 732//1292
f 732//1293 737//1293 738//1293
f 732//1294 738//1294 734//1294
f 738//1295 740//1295 734//1295
f 734//1296 731//1296 732//1296
f 739//1297 738//1297 737//1297
f 738//1298 744//1298 740//1298
f 742//1299 735//1299 741//1299
f 741//1300 735//1300 740//1300
f 740//1301 735//1301 734//1301
f 743//1302 747//1302 742//1302
f 741//1303 740//1303 744//1303
f 744//1304 1102//1304 741//1304
f 741//1305 745//1305 742//1305
f 743//1306 746//1306 747//1306
f 747//1307 746//1307 749//1307
f 748//1308 736//1308 747//1308
f 750//1309 743//1309 742//1309
f 745//1310 741//1310 1102//1310
f 1102//1311 751//1311 745//1311
f 745//1312 750//1312 742//1312
f 744//1313 738//1313 739//1313
f 1100//1314 739//1314 737//1314
f 1242//1315 737//1315 752//1315
f 754//1316 752//1316 737//1316
f 737//1317 753//1317 754//1317
f 753//1318 737//1318 755//1318
f 755//1319 737//1319 729//1319
f 729//1320 682//1320 755//1320
f 757//1321 756//1321 682//1321
f 687//1322 972//1322 757//1322
f 755//1323 682//1323 756//1323
f 757//1324 972//1324 970//1324
f 972//1325 687//1325 685//1325
f 687//1326 757//1326 683//1326
f 687//1327 683//1327 685//1327
f 685//1328 683//1328 686//1328
f 655//1329 759//1329 758//1329
f 759//1330 760//1330 758//1330
f 653//1331 655//1331 758//1331
f 652//1332 653//1332 649//1332
f 760//1333 653//1333 758//1333
f 736//1334 655//1334 677//1334
f 728//1335 677//1335 727//1335
f 728//1336 727//1336 733//1336
f 728//1337 736//1337 677//1337
f 655//1338 736//1338 759//1338
f 748//1339 761//1339 759//1339
f 748//1340 759//1340 736//1340
f 615//1341 552//1341 554//1341
f 552//1342 615//1342 555//1342
f 555//1343 615//1343 762//1343
f 762//1344 615//1344 616//1344
f 762//1345 616//1345 584//1345
f 762//1346 584//1346 555//1346
f 532//1347 497//1347 495//1347
f 495//1348 497//1348 452//1348
f 684//1349 1023//1349 685//1349
f 763//1350 1023//1350 684//1350
f 763//1351 684//1351 764//1351
f 684//1352 674//1352 764//1352
f 764//1353 674//1353 765//1353
f 765//1354 673//1354 1003//1354
f 688//1355 663//1355 665//1355
f 768//1356 688//1356 665//1356
f 766//1357 665//1357 689//1357
f 766//1358 689//1358 696//1358
f 766//1359 696//1359 767//1359
f 766//1360 768//1360 665//1360
f 768//1361 766//1361 804//1361
f 795//1362 766//1362 767//1362
f 767//1363 769//1363 795//1363
f 695//1364 694//1364 697//1364
f 770//1365 697//1365 693//1365
f 771//1366 693//1366 692//1366
f 697//1367 770//1367 772//1367
f 773//1368 696//1368 695//1368
f 696//1369 773//1369 767//1369
f 767//1370 773//1370 769//1370
f 789//1371 697//1371 772//1371
f 774//1372 772//1372 770//1372
f 776//1373 770//1373 693//1373
f 562//1374 693//1374 771//1374
f 771//1375 692//1375 560//1375
f 759//1376 779//1376 760//1376
f 649//1377 653//1377 760//1377
f 648//1378 650//1378 647//1378
f 650//1379 777//1379 647//1379
f 780//1380 777//1380 650//1380
f 779//1381 650//1381 760//1381
f 779//1382 778//1382 650//1382
f 778//1383 780//1383 650//1383
f 777//1384 780//1384 645//1384
f 781//1385 782//1385 778//1385
f 782//1386 781//1386 783//1386
f 779//1387 781//1387 778//1387
f 761//1388 781//1388 779//1388
f 761//1389 779//1389 759//1389
f 747//1390 749//1390 748//1390
f 761//1391 748//1391 781//1391
f 781//1392 748//1392 962//1392
f 962//1393 748//1393 749//1393
f 563//1394 974//1394 784//1394
f 785//1395 974//1395 538//1395
f 784//1396 564//1396 563//1396
f 549//1397 564//1397 550//1397
f 550//1398 564//1398 786//1398
f 693//1399 562//1399 993//1399
f 787//1400 776//1400 993//1400
f 993//1401 776//1401 693//1401
f 774//1402 770//1402 776//1402
f 787//1403 788//1403 776//1403
f 774//1404 775//1404 772//1404
f 772//1405 775//1405 789//1405
f 775//1406 774//1406 776//1406
f 788//1407 792//1407 776//1407
f 776//1408 792//1408 793//1408
f 776//1409 793//1409 775//1409
f 799//1410 775//1410 793//1410
f 775//1411 799//1411 789//1411
f 799//1412 794//1412 789//1412
f 789//1413 794//1413 697//1413
f 793//1414 792//1414 1011//1414
f 697//1415 794//1415 695//1415
f 695//1416 794//1416 773//1416
f 766//1417 795//1417 804//1417
f 688//1418 768//1418 796//1418
f 804//1419 795//1419 798//1419
f 801//1420 795//1420 769//1420
f 801//1421 769//1421 794//1421
f 794//1422 769//1422 773//1422
f 794//1423 799//1423 808//1423
f 799//1424 800//1424 808//1424
f 800//1425 799//1425 793//1425
f 793//1426 808//1426 800//1426
f 801//1427 794//1427 803//1427
f 803//1428 794//1428 808//1428
f 801//1429 798//1429 795//1429
f 768//1430 804//1430 797//1430
f 798//1431 801//1431 803//1431
f 806//1432 805//1432 798//1432
f 798//1433 805//1433 804//1433
f 804//1434 805//1434 797//1434
f 806//1435 798//1435 803//1435
f 807//1436 802//1436 808//1436
f 1008//1437 807//1437 809//1437
f 809//1438 807//1438 808//1438
f 793//1439 809//1439 808//1439
f 803//1440 808//1440 802//1440
f 642//1441 646//1441 645//1441
f 647//1442 777//1442 646//1442
f 780//1443 778//1443 810//1443
f 780//1444 810//1444 645//1444
f 645//1445 964//1445 644//1445
f 810//1446 964//1446 645//1446
f 813//1447 643//1447 811//1447
f 811//1448 812//1448 813//1448
f 631//1449 579//1449 639//1449
f 814//1450 813//1450 812//1450
f 815//1451 812//1451 644//1451
f 816//1452 815//1452 644//1452
f 1114//1453 815//1453 816//1453
f 817//1454 1114//1454 816//1454
f 815//1455 1114//1455 1116//1455
f 713//1456 819//1456 818//1456
f 529//1457 820//1457 818//1457
f 529//1458 818//1458 819//1458
f 393//1459 569//1459 570//1459
f 822//1460 825//1460 821//1460
f 528//1461 821//1461 529//1461
f 529//1462 821//1462 820//1462
f 818//1463 820//1463 823//1463
f 818//1464 823//1464 714//1464
f 823//1465 820//1465 824//1465
f 824//1466 820//1466 825//1466
f 820//1467 821//1467 825//1467
f 826//1468 825//1468 822//1468
f 827//1469 821//1469 828//1469
f 821//1470 829//1470 822//1470
f 822//1471 830//1471 826//1471
f 822//1472 831//1472 830//1472
f 832//1473 826//1473 830//1473
f 824//1474 825//1474 826//1474
f 824//1475 826//1475 833//1475
f 826//1476 832//1476 833//1476
f 857//1477 824//1477 833//1477
f 714//1478 823//1478 836//1478
f 836//1479 823//1479 835//1479
f 835//1480 823//1480 824//1480
f 723//1481 837//1481 724//1481
f 837//1482 723//1482 838//1482
f 723//1483 839//1483 838//1483
f 840//1484 836//1484 835//1484
f 840//1485 841//1485 836//1485
f 835//1486 855//1486 840//1486
f 824//1487 857//1487 835//1487
f 839//1488 836//1488 841//1488
f 723//1489 836//1489 839//1489
f 842//1490 839//1490 841//1490
f 837//1491 838//1491 724//1491
f 725//1492 719//1492 721//1492
f 719//1493 725//1493 843//1493
f 843//1494 725//1494 850//1494
f 851//1495 725//1495 724//1495
f 719//1496 843//1496 718//1496
f 718//1497 845//1497 846//1497
f 718//1498 846//1498 716//1498
f 847//1499 711//1499 716//1499
f 711//1500 847//1500 726//1500
f 846//1501 847//1501 716//1501
f 848//1502 506//1502 530//1502
f 848//1503 530//1503 726//1503
f 846//1504 875//1504 847//1504
f 848//1505 726//1505 849//1505
f 726//1506 847//1506 849//1506
f 506//1507 848//1507 509//1507
f 507//1508 509//1508 848//1508
f 507//1509 848//1509 828//1509
f 874//1510 848//1510 849//1510
f 847//1511 875//1511 849//1511
f 845//1512 718//1512 844//1512
f 843//1513 844//1513 718//1513
f 851//1514 850//1514 725//1514
f 852//1515 724//1515 838//1515
f 852//1516 838//1516 839//1516
f 724//1517 852//1517 851//1517
f 842//1518 852//1518 839//1518
f 852//1519 842//1519 853//1519
f 842//1520 862//1520 853//1520
f 1324//1521 853//1521 865//1521
f 853//1522 862//1522 865//1522
f 842//1523 841//1523 862//1523
f 857//1524 855//1524 835//1524
f 857//1526 861//1526 855//1526
f 840//1527 855//1527 858//1527
f 858//1528 855//1528 861//1528
f 859//1529 857//1529 856//1529
f 859//1530 856//1530 860//1530
f 862//1531 840//1531 858//1531
f 858//1532 868//1532 863//1532
f 841//1533 840//1533 862//1533
f 863//1534 862//1534 858//1534
f 863//1535 864//1535 862//1535
f 862//1536 864//1536 865//1536
f 860//1537 866//1537 859//1537
f 857//1538 859//1538 861//1538
f 859//1539 867//1539 861//1539
f 861//1540 867//1540 858//1540
f 868//1541 858//1541 867//1541
f 1325//1542 868//1542 867//1542
f 867//1543 859//1543 866//1543
f 866//1544 869//1544 867//1544
f 1356//1545 869//1545 866//1545
f 870//1549 834//1549 832//1549
f 860//1550 834//1550 870//1550
f 860//1551 870//1551 1368//1551
f 1356//1552 860//1552 1368//1552
f 870//1553 832//1553 916//1553
f 822//1554 829//1554 831//1554
f 831//1555 829//1555 910//1555
f 830//1556 831//1556 911//1556
f 872//1557 911//1557 831//1557
f 831//1558 871//1558 872//1558
f 831//1559 873//1559 871//1559
f 501//1560 871//1560 829//1560
f 829//1561 871//1561 873//1561
f 501//1562 829//1562 502//1562
f 502//1563 873//1563 513//1563
f 873//1564 502//1564 910//1564
f 873//1565 910//1565 829//1565
f 502//1566 829//1566 827//1566
f 827//1567 829//1567 821//1567
f 874//1568 828//1568 848//1568
f 849//1569 875//1569 874//1569
f 874//1570 827//1570 828//1570
f 827//1571 874//1571 910//1571
f 502//1572 827//1572 910//1572
f 872//1573 910//1573 877//1573
f 512//1574 872//1574 877//1574
f 877//1575 910//1575 876//1575
f 910//1576 886//1576 876//1576
f 876//1579 878//1579 877//1579
f 876//1580 879//1580 878//1580
f 884//1588 879//1588 885//1588
f 885//1589 879//1589 876//1589
f 885//1590 876//1590 886//1590
f 888//1591 884//1591 885//1591
f 874//1592 886//1592 910//1592
f 874//1593 890//1593 886//1593
f 845//1594 875//1594 846//1594
f 845//1595 844//1595 893//1595
f 844//1596 843//1596 850//1596
f 891//1597 850//1597 851//1597
f 1335//1598 851//1598 852//1598
f 851//1599 1335//1599 891//1599
f 892//1600 850//1600 900//1600
f 900//1601 850//1601 891//1601
f 899//1602 893//1602 844//1602
f 874//1603 875//1603 890//1603
f 875//1604 845//1604 893//1604
f 875//1605 893//1605 890//1605
f 893//1606 894//1606 890//1606
f 894//1607 893//1607 899//1607
f 895//1608 885//1608 889//1608
f 889//1609 885//1609 886//1609
f 885//1610 895//1610 888//1610
f 895//1611 897//1611 1490//1611
f 895//1612 896//1612 888//1612
f 1490//1613 896//1613 895//1613
f 898//1614 1490//1614 897//1614
f 895//1615 889//1615 890//1615
f 889//1616 886//1616 890//1616
f 890//1617 894//1617 895//1617
f 897//1618 895//1618 894//1618
f 898//1619 897//1619 894//1619
f 898//1620 894//1620 899//1620
f 899//1621 844//1621 850//1621
f 892//1622 899//1622 850//1622
f 892//1623 898//1623 899//1623
f 901//1624 898//1624 892//1624
f 898//1625 901//1625 902//1625
f 902//1626 1467//1626 898//1626
f 505//1627 633//1627 515//1627
f 903//1628 515//1628 633//1628
f 871//1630 501//1630 504//1630
f 904//1636 636//1636 933//1636
f 933//1637 636//1637 909//1637
f 504//1640 513//1640 871//1640
f 513//1641 910//1641 871//1641
f 910//1642 513//1642 831//1642
f 831//1643 513//1643 873//1643
f 871//1644 910//1644 872//1644
f 872//1645 513//1645 504//1645
f 872//1646 504//1646 911//1646
f 911//1647 504//1647 912//1647
f 911//1648 912//1648 830//1648
f 918//1656 916//1656 917//1656
f 1391//1657 918//1657 917//1657
f 952//1713 953//1713 951//1713
f 954//1714 951//1714 953//1714
f 954//1715 1129//1715 955//1715
f 955//1716 951//1716 954//1716
f 956//1717 1129//1717 954//1717
f 954//1718 953//1718 956//1718
f 957//1719 956//1719 953//1719
f 1115//1720 957//1720 953//1720
f 1115//1721 953//1721 958//1721
f 1115//1722 958//1722 812//1722
f 952//1723 958//1723 953//1723
f 952//1724 959//1724 958//1724
f 952//1725 951//1725 950//1725
f 952//1726 950//1726 960//1726
f 952//1727 960//1727 989//1727
f 961//1728 960//1728 950//1728
f 781//1729 962//1729 783//1729
f 749//1730 746//1730 783//1730
f 749//1731 783//1731 962//1731
f 743//1732 750//1732 746//1732
f 963//1733 783//1733 746//1733
f 750//1734 963//1734 746//1734
f 783//1735 963//1735 782//1735
f 964//1736 810//1736 965//1736
f 644//1737 964//1737 816//1737
f 965//1738 817//1738 816//1738
f 817//1739 965//1739 966//1739
f 816//1740 964//1740 965//1740
f 810//1741 967//1741 965//1741
f 778//1742 967//1742 810//1742
f 967//1743 778//1743 782//1743
f 782//1744 963//1744 967//1744
f 966//1745 965//1745 967//1745
f 745//1746 968//1746 969//1746
f 745//1747 969//1747 750//1747
f 967//1748 963//1748 969//1748
f 969//1749 963//1749 750//1749
f 966//1750 967//1750 969//1750
f 966//1751 969//1751 968//1751
f 1139//1752 745//1752 751//1752
f 745//1753 1139//1753 968//1753
f 970//1754 756//1754 757//1754
f 971//1755 970//1755 972//1755
f 1023//1756 972//1756 685//1756
f 971//1757 972//1757 1023//1757
f 763//1758 764//1758 1027//1758
f 764//1759 765//1759 973//1759
f 995//1760 564//1760 784//1760
f 785//1761 448//1761 536//1761
f 536//1762 447//1762 976//1762
f 536//1763 976//1763 785//1763
f 976//1764 447//1764 977//1764
f 447//1765 446//1765 438//1765
f 438//1766 431//1766 447//1766
f 976//1767 981//1767 785//1767
f 785//1768 981//1768 979//1768
f 785//1769 979//1769 975//1769
f 974//1770 785//1770 975//1770
f 975//1771 980//1771 974//1771
f 974//1772 980//1772 784//1772
f 980//1773 975//1773 979//1773
f 977//1774 981//1774 976//1774
f 978//1775 977//1775 447//1775
f 447//1776 431//1776 982//1776
f 447//1777 982//1777 978//1777
f 982//1778 437//1778 978//1778
f 435//1779 437//1779 436//1779
f 998//1780 435//1780 433//1780
f 435//1781 998//1781 437//1781
f 998//1782 433//1782 434//1782
f 983//1783 434//1783 984//1783
f 984//1784 434//1784 433//1784
f 983//1785 985//1785 434//1785
f 1017//1786 998//1786 434//1786
f 985//1787 983//1787 1019//1787
f 986//1788 638//1788 990//1788
f 986//1789 987//1789 638//1789
f 632//1790 638//1790 988//1790
f 909//1791 636//1791 632//1791
f 903//1792 633//1792 904//1792
f 636//1793 904//1793 633//1793
f 632//1794 988//1794 909//1794
f 944//1795 940//1795 909//1795
f 944//1797 909//1797 988//1797
f 638//1798 987//1798 988//1798
f 989//1799 990//1799 638//1799
f 989//1800 638//1800 637//1800
f 959//1801 989//1801 637//1801
f 631//1802 639//1802 813//1802
f 631//1803 813//1803 637//1803
f 814//1804 812//1804 958//1804
f 814//1805 637//1805 813//1805
f 959//1806 952//1806 989//1806
f 989//1807 961//1807 990//1807
f 990//1808 961//1808 991//1808
f 960//1809 961//1809 989//1809
f 986//1810 990//1810 991//1810
f 986//1811 991//1811 992//1811
f 992//1812 987//1812 986//1812
f 987//1813 944//1813 988//1813
f 645//1814 646//1814 777//1814
f 564//1815 995//1815 786//1815
f 790//1816 788//1816 787//1816
f 993//1817 786//1817 787//1817
f 787//1818 786//1818 790//1818
f 786//1819 995//1819 994//1819
f 995//1820 784//1820 980//1820
f 980//1821 979//1821 999//1821
f 996//1822 978//1822 437//1822
f 978//1823 996//1823 997//1823
f 978//1824 997//1824 977//1824
f 998//1825 996//1825 437//1825
f 998//1826 1015//1826 996//1826
f 996//1827 1015//1827 1014//1827
f 979//1828 981//1828 999//1828
f 981//1829 1000//1829 999//1829
f 980//1830 999//1830 995//1830
f 999//1831 1000//1831 995//1831
f 994//1832 995//1832 1000//1832
f 786//1833 994//1833 790//1833
f 1000//1834 1001//1834 994//1834
f 994//1835 1001//1835 790//1835
f 507//1836 828//1836 528//1836
f 528//1837 828//1837 821//1837
f 786//1838 993//1838 550//1838
f 550//1839 993//1839 562//1839
f 1002//1840 764//1840 973//1840
f 1027//1841 764//1841 1002//1841
f 765//1842 1003//1842 973//1842
f 973//1843 1003//1843 1004//1843
f 673//1844 688//1844 1005//1844
f 1005//1845 688//1845 796//1845
f 1005//1846 796//1846 1007//1846
f 809//1847 1009//1847 1010//1847
f 1081//1848 809//1848 1010//1848
f 1009//1849 809//1849 793//1849
f 792//1850 788//1850 790//1850
f 1082//1851 1011//1851 792//1851
f 792//1852 790//1852 791//1852
f 1001//1853 1090//1853 791//1853
f 1084//1854 1090//1854 1001//1854
f 977//1855 997//1855 1013//1855
f 997//1856 996//1856 1014//1856
f 981//1857 977//1857 1013//1857
f 434//1858 985//1858 1017//1858
f 998//1859 1017//1859 1015//1859
f 1017//1860 1016//1860 1015//1860
f 1014//1861 1015//1861 1016//1861
f 981//1862 1012//1862 1000//1862
f 1012//1863 981//1863 1013//1863
f 985//1864 1094//1864 1017//1864
f 1099//1865 1094//1865 985//1865
f 1018//1866 1099//1866 985//1866
f 1018//1867 985//1867 1019//1867
f 970//1868 971//1868 1020//1868
f 1020//1869 1021//1869 970//1869
f 970//1870 1021//1870 1022//1870
f 1022//1871 756//1871 970//1871
f 1020//1872 971//1872 1023//1872
f 1024//1873 1020//1873 1023//1873
f 1023//1874 1025//1874 1024//1874
f 1021//1875 1020//1875 1024//1875
f 763//1876 1025//1876 1023//1876
f 1025//1877 1027//1877 1026//1877
f 763//1878 1027//1878 1025//1878
f 1027//1879 1028//1879 1026//1879
f 1003//1880 1006//1880 1004//1880
f 973//1881 1004//1881 1029//1881
f 1002//1882 973//1882 1029//1882
f 1027//1883 1002//1883 1028//1883
f 1028//1884 1002//1884 1030//1884
f 1002//1885 1029//1885 1030//1885
f 1030//1886 1208//1886 1028//1886
f 1028//1887 1033//1887 1026//1887
f 1025//1888 1026//1888 1031//1888
f 1025//1889 1032//1889 1024//1889
f 1032//1890 1025//1890 1031//1890
f 1026//1891 1033//1891 1034//1891
f 1031//1892 1036//1892 1035//1892
f 1032//1893 1037//1893 1024//1893
f 1021//1894 1024//1894 1037//1894
f 1037//1895 1032//1895 1031//1895
f 1031//1896 1038//1896 1037//1896
f 1031//1897 1035//1897 1038//1897
f 1037//1898 1038//1898 1041//1898
f 1039//1899 1041//1899 1038//1899
f 1045//1900 1038//1900 1035//1900
f 1047//1901 1041//1901 1039//1901
f 1041//1902 1047//1902 753//1902
f 1041//1903 753//1903 1022//1903
f 1021//1904 1037//1904 1022//1904
f 1022//1905 1037//1905 1041//1905
f 1022//1906 753//1906 756//1906
f 756//1907 753//1907 755//1907
f 752//1908 754//1908 1043//1908
f 1172//1909 1043//1909 754//1909
f 753//1910 1042//1910 1044//1910
f 753//1911 1044//1911 754//1911
f 1047//1912 1042//1912 753//1912
f 1048//1913 1047//1913 1039//1913
f 1035//1914 1036//1914 1045//1914
f 1036//1915 1040//1915 1045//1915
f 1045//1916 1046//1916 1038//1916
f 1038//1917 1046//1917 1039//1917
f 1046//1918 1048//1918 1039//1918
f 1051//1919 1048//1919 1046//1919
f 1049//1920 1040//1920 1062//1920
f 1040//1921 1049//1921 1045//1921
f 1045//1922 1049//1922 1046//1922
f 1046//1923 1049//1923 1051//1923
f 1049//1924 1060//1924 1051//1924
f 1050//1925 1048//1925 1051//1925
f 1052//1926 1051//1926 1053//1926
f 1053//1927 1057//1927 1052//1927
f 1050//1928 1051//1928 1052//1928
f 1050//1929 1052//1929 1054//1929
f 1061//1930 1053//1930 1051//1930
f 1056//1931 1053//1931 1061//1931
f 1053//1932 1055//1932 1057//1932
f 1052//1933 1057//1933 1058//1933
f 1050//1934 1054//1934 1179//1934
f 1058//1935 1054//1935 1052//1935
f 1058//1936 1059//1936 1054//1936
f 1055//1937 1053//1937 1056//1937
f 1060//1938 1061//1938 1051//1938
f 1062//1939 1060//1939 1049//1939
f 1060//1940 1062//1940 1063//1940
f 1062//1941 1040//1941 1064//1941
f 1064//1942 1065//1942 1062//1942
f 1066//1943 1063//1943 1062//1943
f 1066//1944 1062//1944 1065//1944
f 1067//1945 1066//1945 1065//1945
f 1066//1946 1068//1946 1063//1946
f 1061//1947 1060//1947 1068//1947
f 1061//1948 1068//1948 1056//1948
f 1055//1949 1069//1949 1057//1949
f 1055//1950 1056//1950 1069//1950
f 1071//1951 1058//1951 1057//1951
f 1058//1952 1071//1952 1182//1952
f 1071//1953 1070//1953 1182//1953
f 1069//1954 1071//1954 1057//1954
f 1069//1955 1072//1955 1071//1955
f 1218//1956 1070//1956 1071//1956
f 1073//1957 1069//1957 1056//1957
f 1069//1958 1073//1958 1240//1958
f 1217//1959 1073//1959 1056//1959
f 1068//1960 1060//1960 1063//1960
f 1068//1961 1066//1961 1067//1961
f 1067//1962 1075//1962 1074//1962
f 1075//1963 1067//1963 1065//1963
f 1064//1964 1040//1964 1076//1964
f 1076//1965 1077//1965 1064//1965
f 1064//1966 1077//1966 1065//1966
f 1031//1967 1026//1967 1034//1967
f 1205//1968 1034//1968 1033//1968
f 1033//1969 1028//1969 1208//1969
f 1029//1970 1210//1970 1078//1970
f 1029//1971 1078//1971 1030//1971
f 1006//1972 1029//1972 1004//1972
f 1006//1973 1210//1973 1029//1973
f 1005//1974 1006//1974 1003//1974
f 1005//1975 1003//1975 673//1975
f 1079//1976 1005//1976 1007//1976
f 796//1977 768//1977 1080//1977
f 1080//1978 768//1978 797//1978
f 1008//1979 809//1979 1081//1979
f 1082//1980 1009//1980 1011//1980
f 1011//1981 1009//1981 793//1981
f 1082//1982 792//1982 791//1982
f 1090//1983 1082//1983 791//1983
f 1009//1984 1082//1984 1010//1984
f 1081//1985 1010//1985 1083//1985
f 1010//1986 1082//1986 1083//1986
f 1083//1987 1082//1987 1090//1987
f 1090//1988 1084//1988 1083//1988
f 1084//1989 1085//1989 1083//1989
f 1083//1990 1086//1990 1087//1990
f 1083//1991 1087//1991 1088//1991
f 1083//1992 1088//1992 1081//1992
f 1489//1993 1086//1993 1085//1993
f 1085//1994 1086//1994 1083//1994
f 1084//1995 1089//1995 1085//1995
f 1084//1996 1091//1996 1089//1996
f 1371//1997 1012//1997 1013//1997
f 1013//1998 1095//1998 1371//1998
f 1092//1999 997//1999 1014//1999
f 1092//2000 1014//2000 1093//2000
f 1016//2001 1094//2001 1093//2001
f 1016//2002 1093//2002 1014//2002
f 1092//2003 1013//2003 997//2003
f 1095//2004 1013//2004 1092//2004
f 1373//2005 1093//2005 1096//2005
f 1094//2006 1097//2006 1093//2006
f 1093//2007 1097//2007 1096//2007
f 1094//2008 1016//2008 1017//2008
f 1094//2009 1098//2009 1097//2009
f 1098//2010 1096//2010 1097//2010
f 1094//2011 1099//2011 1098//2011
f 1384//2012 1099//2012 1018//2012
f 811//2013 644//2013 812//2013
f 959//2014 637//2014 814//2014
f 959//2015 814//2015 958//2015
f 1243//2018 1102//2018 744//2018
f 1243//2019 744//2019 739//2019
f 1100//2020 1243//2020 739//2020
f 1100//2021 737//2021 1242//2021
f 752//2022 1043//2022 1101//2022
f 1102//2023 1101//2023 1105//2023
f 1102//2024 1243//2024 1101//2024
f 751//2025 1102//2025 1104//2025
f 1104//2026 1102//2026 1105//2026
f 1104//2027 1105//2027 1103//2027
f 1149//2028 1103//2028 1105//2028
f 1151//2029 1149//2029 1105//2029
f 1151//2030 1105//2030 1108//2030
f 1107//2031 1108//2031 1105//2031
f 1170//2032 1107//2032 1106//2032
f 1107//2033 1105//2033 1106//2033
f 1106//2034 1105//2034 1101//2034
f 966//2035 1110//2035 817//2035
f 1109//2036 1110//2036 966//2036
f 1109//2037 966//2037 968//2037
f 1111//2038 1109//2038 968//2038
f 1111//2039 1110//2039 1109//2039
f 1111//2040 1112//2040 1110//2040
f 1110//2041 1113//2041 817//2041
f 812//2042 815//2042 1115//2042
f 1115//2043 815//2043 1116//2043
f 1115//2044 1116//2044 957//2044
f 957//2045 1116//2045 1132//2045
f 1131//2057 1124//2057 1123//2057
f 1126//2061 1123//2061 1127//2061
f 1125//2062 1127//2062 1123//2062
f 1129//2063 1127//2063 1125//2063
f 1123//2064 1126//2064 1131//2064
f 1126//2065 1128//2065 1131//2065
f 1426//2066 1131//2066 1128//2066
f 1130//2067 1127//2067 1129//2067
f 1132//2068 1116//2068 1134//2068
f 1134//2069 1116//2069 1133//2069
f 1133//2070 1116//2070 1136//2070
f 1133//2071 1136//2071 1135//2071
f 1136//2072 1113//2072 1135//2072
f 1136//2073 1116//2073 1114//2073
f 1136//2074 1114//2074 1113//2074
f 817//2075 1113//2075 1114//2075
f 1137//2076 1110//2076 1112//2076
f 1113//2077 1110//2077 1137//2077
f 1143//2078 1137//2078 1112//2078
f 1111//2079 968//2079 1139//2079
f 1111//2080 1139//2080 1140//2080
f 1138//2081 1112//2081 1111//2081
f 1138//2082 1111//2082 1140//2082
f 751//2083 1104//2083 1139//2083
f 1104//2084 1140//2084 1139//2084
f 1140//2085 1141//2085 1144//2085
f 1141//2086 1140//2086 1104//2086
f 1144//2087 1141//2087 1142//2087
f 1142//2088 1145//2088 1144//2088
f 1143//2089 1112//2089 1138//2089
f 1146//2090 1138//2090 1140//2090
f 1146//2091 1144//2091 1147//2091
f 1147//2092 1144//2092 1145//2092
f 1146//2093 1140//2093 1144//2093
f 1146//2094 1147//2094 1143//2094
f 1143//2095 1138//2095 1146//2095
f 1147//2096 1137//2096 1143//2096
f 1137//2097 1147//2097 1135//2097
f 1104//2098 1103//2098 1148//2098
f 1148//2099 1141//2099 1104//2099
f 1141//2100 1148//2100 1142//2100
f 1148//2101 1103//2101 1149//2101
f 1142//2102 1148//2102 1149//2102
f 1142//2103 1149//2103 1150//2103
f 1142//2104 1150//2104 1145//2104
f 1152//2105 1278//2105 1150//2105
f 1152//2106 1150//2106 1151//2106
f 1149//2107 1151//2107 1150//2107
f 1154//2108 1155//2108 1153//2108
f 1152//2109 1153//2109 1156//2109
f 1153//2110 1157//2110 1277//2110
f 1156//2111 1153//2111 1277//2111
f 1152//2112 1156//2112 1278//2112
f 1157//2113 1153//2113 1155//2113
f 1155//2114 1158//2114 1157//2114
f 1159//2115 1157//2115 1158//2115
f 1162//2116 1158//2116 1155//2116
f 1108//2117 1152//2117 1151//2117
f 1108//2118 1153//2118 1152//2118
f 1155//2119 1154//2119 1160//2119
f 1162//2120 1160//2120 1154//2120
f 1162//2121 1154//2121 1161//2121
f 1161//2122 1163//2122 1162//2122
f 1160//2123 1162//2123 1155//2123
f 1164//2124 1158//2124 1162//2124
f 1164//2125 1159//2125 1158//2125
f 1273//2126 1164//2126 1162//2126
f 1157//2127 1159//2127 1165//2127
f 1163//2128 1161//2128 1166//2128
f 1161//2129 1473//2129 1166//2129
f 1154//2130 1169//2130 1161//2130
f 1108//2131 1154//2131 1153//2131
f 1154//2132 1108//2132 1107//2132
f 1154//2133 1107//2133 1169//2133
f 1169//2134 1473//2134 1161//2134
f 1170//2135 1169//2135 1107//2135
f 1171//2136 1170//2136 1106//2136
f 1172//2137 1170//2137 1171//2137
f 1106//2138 1101//2138 1043//2138
f 1043//2139 1171//2139 1106//2139
f 1171//2140 1043//2140 1172//2140
f 1172//2141 754//2141 1174//2141
f 1169//2142 1170//2142 1172//2142
f 1172//2143 1174//2143 1173//2143
f 1174//2144 754//2144 1044//2144
f 1044//2145 1175//2145 1174//2145
f 1169//2146 1172//2146 1176//2146
f 1169//2147 1176//2147 1473//2147
f 1176//2148 1172//2148 1173//2148
f 1174//2149 1175//2149 1173//2149
f 1452//2150 1175//2150 1044//2150
f 1177//2151 1044//2151 1042//2151
f 1191//2152 1050//2152 1179//2152
f 1191//2153 1179//2153 1178//2153
f 1180//2154 1179//2154 1054//2154
f 1059//2155 1180//2155 1054//2155
f 1059//2156 1058//2156 1182//2156
f 1059//2157 1181//2157 1180//2157
f 1183//2158 1181//2158 1059//2158
f 1182//2159 1183//2159 1059//2159
f 1184//2160 1183//2160 1070//2160
f 1189//2161 1183//2161 1184//2161
f 1189//2162 1185//2162 1183//2162
f 1186//2163 1183//2163 1185//2163
f 1183//2164 1186//2164 1181//2164
f 1180//2165 1181//2165 1179//2165
f 1179//2166 1181//2166 1186//2166
f 1179//2167 1186//2167 1187//2167
f 1186//2168 1185//2168 1188//2168
f 1189//2169 1188//2169 1185//2169
f 1222//2170 1184//2170 1070//2170
f 1179//2171 1187//2171 1178//2171
f 1186//2172 1188//2172 1187//2172
f 1188//2173 1190//2173 1187//2173
f 1191//2174 1196//2174 1050//2174
f 1196//2175 1191//2175 1195//2175
f 1188//2176 1200//2176 1199//2176
f 1188//2177 1199//2177 1192//2177
f 1188//2178 1192//2178 1190//2178
f 1190//2179 1192//2179 1187//2179
f 1187//2180 1192//2180 1178//2180
f 1178//2181 1192//2181 1193//2181
f 1192//2182 1199//2182 1193//2182
f 1199//2183 1198//2183 1193//2183
f 1178//2184 1194//2184 1195//2184
f 1178//2185 1195//2185 1191//2185
f 1197//2186 1050//2186 1196//2186
f 1194//2187 1178//2187 1193//2187
f 1194//2188 1193//2188 1198//2188
f 1198//2189 1201//2189 1194//2189
f 1200//2190 1202//2190 1199//2190
f 1202//2191 1198//2191 1199//2191
f 1076//2199 1040//2199 1036//2199
f 1076//2200 1036//2200 1034//2200
f 1076//2201 1034//2201 1077//2201
f 1036//2202 1031//2202 1034//2202
f 1034//2203 1203//2203 1077//2203
f 1203//2204 1034//2204 1205//2204
f 1075//2205 1077//2205 1203//2205
f 1075//2206 1065//2206 1077//2206
f 1204//2207 1067//2207 1074//2207
f 1203//2208 1205//2208 1206//2208
f 1207//2209 1203//2209 1206//2209
f 1205//2210 1033//2210 1206//2210
f 1033//2211 1208//2211 1206//2211
f 1209//2212 1210//2212 1006//2212
f 1209//2213 1211//2213 1210//2213
f 1214//2214 1209//2214 1006//2214
f 1005//2215 1212//2215 1006//2215
f 1214//2216 1006//2216 1213//2216
f 1213//2217 1006//2217 1212//2217
f 1211//2218 1262//2218 1210//2218
f 1208//2219 1030//2219 1078//2219
f 1208//2220 1215//2220 1206//2220
f 1075//2221 1247//2221 1074//2221
f 1074//2222 1247//2222 1204//2222
f 1247//2223 1216//2223 1204//2223
f 1067//2224 1204//2224 1068//2224
f 1068//2225 1204//2225 1056//2225
f 1204//2226 1217//2226 1056//2226
f 1069//2227 1240//2227 1072//2227
f 1072//2228 1240//2228 1221//2228
f 1073//2229 1217//2229 1240//2229
f 1072//2230 1221//2230 1218//2230
f 1072//2231 1218//2231 1071//2231
f 1218//2232 1221//2232 1219//2232
f 1220//2233 1070//2233 1218//2233
f 1183//2234 1182//2234 1070//2234
f 1222//2235 1223//2235 1184//2235
f 1184//2236 1225//2236 1189//2236
f 1189//2237 1225//2237 1188//2237
f 1227//2238 1200//2238 1224//2238
f 1224//2239 1200//2239 1188//2239
f 1184//2240 1223//2240 1225//2240
f 1225//2241 1223//2241 1226//2241
f 1225//2242 1224//2242 1188//2242
f 1198//2243 1228//2243 1201//2243
f 1198//2244 1202//2244 1228//2244
f 1230//2245 1231//2245 1223//2245
f 1231//2246 1226//2246 1223//2246
f 1230//2247 1223//2247 1233//2247
f 1233//2248 1223//2248 1222//2248
f 1232//2249 1234//2249 1218//2249
f 1218//2250 1234//2250 1220//2250
f 1233//2251 1220//2251 1234//2251
f 1235//2252 1234//2252 1232//2252
f 1232//2253 1218//2253 1219//2253
f 1234//2254 1235//2254 1244//2254
f 1244//2255 1230//2255 1234//2255
f 1230//2256 1233//2256 1234//2256
f 1282//2257 1244//2257 1283//2257
f 1283//2258 1244//2258 1235//2258
f 1235//2259 1236//2259 1245//2259
f 1232//2260 1236//2260 1235//2260
f 1236//2261 1232//2261 1219//2261
f 1238//2262 1219//2262 1221//2262
f 1239//2263 1238//2263 1221//2263
f 1239//2264 1221//2264 1240//2264
f 1217//2265 1204//2265 1241//2265
f 1242//2266 1243//2266 1100//2266
f 1243//2267 752//2267 1101//2267
f 1242//2268 752//2268 1243//2268
f 1001//2269 791//2269 790//2269
f 1070//2270 1220//2270 1222//2270
f 1220//2271 1233//2271 1222//2271
f 1244//2272 1231//2272 1230//2272
f 1283//2273 1235//2273 1245//2273
f 1236//2274 1246//2274 1245//2274
f 1219//2275 1237//2275 1236//2275
f 1255//2276 1237//2276 1219//2276
f 1253//2277 1239//2277 1240//2277
f 1240//2278 1217//2278 1241//2278
f 1216//2279 1241//2279 1204//2279
f 1241//2280 1216//2280 1215//2280
f 1241//2281 1215//2281 1251//2281
f 1250//2282 1251//2282 1215//2282
f 1075//2283 1207//2283 1247//2283
f 1248//2284 1216//2284 1247//2284
f 1247//2285 1207//2285 1248//2285
f 1248//2286 1207//2286 1206//2286
f 1248//2287 1206//2287 1216//2287
f 1206//2288 1215//2288 1216//2288
f 1208//2289 1249//2289 1215//2289
f 1250//2290 1215//2290 1249//2290
f 1251//2291 1250//2291 1252//2291
f 1251//2292 1253//2292 1241//2292
f 1253//2293 1251//2293 1254//2293
f 1251//2294 1252//2294 1254//2294
f 1241//2295 1253//2295 1240//2295
f 1238//2296 1257//2296 1219//2296
f 1257//2297 1238//2297 1239//2297
f 1253//2298 1254//2298 1239//2298
f 1239//2299 1254//2299 1257//2299
f 1257//2300 1255//2300 1219//2300
f 1257//2301 1256//2301 1255//2301
f 1258//2302 1256//2302 1257//2302
f 1258//2303 1257//2303 1254//2303
f 1208//2304 1078//2304 1259//2304
f 1210//2305 1262//2305 1078//2305
f 1078//2306 1260//2306 1259//2306
f 1261//2307 1259//2307 1260//2307
f 1264//2308 1259//2308 1261//2308
f 1262//2309 1260//2309 1078//2309
f 1261//2310 1260//2310 1263//2310
f 1261//2311 1270//2311 1264//2311
f 1270//2312 1268//2312 1264//2312
f 1265//2313 1259//2313 1264//2313
f 1259//2314 1265//2314 1249//2314
f 1208//2315 1259//2315 1249//2315
f 1249//2316 1265//2316 1266//2316
f 1249//2317 1266//2317 1267//2317
f 1266//2318 1265//2318 1264//2318
f 1264//2319 1268//2319 1266//2319
f 1267//2320 1266//2320 1269//2320
f 1269//2321 1266//2321 1268//2321
f 1270//2322 1261//2322 1263//2322
f 1211//2323 1260//2323 1262//2323
f 1007//2324 796//2324 1271//2324
f 1079//2325 1007//2325 1271//2325
f 1271//2326 1272//2326 1079//2326
f 1271//2327 796//2327 1080//2327
f 1005//2328 1079//2328 1212//2328
f 1213//2329 1212//2329 1079//2329
f 1272//2330 1213//2330 1079//2330
f 1165//2331 1159//2331 1164//2331
f 1165//2332 1164//2332 1480//2332
f 1480//2333 1164//2333 1273//2333
f 1274//2334 1165//2334 1480//2334
f 1275//2335 1157//2335 1274//2335
f 1276//2336 1275//2336 1274//2336
f 1276//2337 1274//2337 1480//2337
f 1275//2338 1280//2338 1157//2338
f 1157//2339 1280//2339 1277//2339
f 1274//2340 1157//2340 1165//2340
f 1156//2341 1134//2341 1278//2341
f 1145//2342 1150//2342 1147//2342
f 1147//2343 1150//2343 1278//2343
f 1147//2344 1133//2344 1135//2344
f 1133//2345 1147//2345 1278//2345
f 1134//2346 1133//2346 1278//2346
f 1134//2347 1156//2347 1277//2347
f 1279//2348 1132//2348 1134//2348
f 1422//2349 1132//2349 1279//2349
f 1279//2350 1134//2350 1280//2350
f 1134//2351 1277//2351 1280//2351
f 1132//2352 956//2352 957//2352
f 1135//2353 1113//2353 1137//2353
f 1075//2354 1203//2354 1207//2354
f 1281//2355 1231//2355 1244//2355
f 1226//2356 1231//2356 1281//2356
f 1236//2357 1237//2357 1246//2357
f 1237//2358 1255//2358 1284//2358
f 1254//2359 1286//2359 1258//2359
f 1256//2360 1258//2360 1285//2360
f 1286//2361 1254//2361 1287//2361
f 1250//2362 1287//2362 1252//2362
f 1252//2363 1287//2363 1254//2363
f 1255//2364 1256//2364 1284//2364
f 1284//2365 1256//2365 1285//2365
f 1288//2366 1284//2366 1285//2366
f 1284//2367 1288//2367 1237//2367
f 1237//2368 1288//2368 1246//2368
f 1246//2369 1290//2369 1245//2369
f 1245//2370 1289//2370 1283//2370
f 1283//2371 1291//2371 1282//2371
f 1245//2372 1290//2372 1289//2372
f 1289//2373 1291//2373 1283//2373
f 1288//2374 1290//2374 1246//2374
f 1292//2375 1289//2375 1290//2375
f 1282//2376 1291//2376 1501//2376
f 1282//2377 1501//2377 1244//2377
f 1244//2378 1501//2378 1281//2378
f 1501//2379 1295//2379 1281//2379
f 1281//2380 1295//2380 1226//2380
f 1224//2381 1293//2381 1229//2381
f 1296//2382 1224//2382 1225//2382
f 1296//2383 1225//2383 1294//2383
f 1295//2384 1294//2384 1226//2384
f 1226//2385 1294//2385 1225//2385
f 1295//2386 1297//2386 1294//2386
f 1300//2387 1322//2387 1298//2387
f 1301//2388 1299//2388 1298//2388
f 1298//2389 1299//2389 1305//2389
f 1300//2390 1298//2390 1302//2390
f 1303//2391 1302//2391 1304//2391
f 1298//2392 1304//2392 1302//2392
f 1304//2393 1298//2393 1305//2393
f 1306//2394 1303//2394 1307//2394
f 1303//2395 1306//2395 1302//2395
f 1302//2396 1306//2396 1309//2396
f 1302//2397 1309//2397 1300//2397
f 1317//2398 1300//2398 1309//2398
f 1309//2399 1306//2399 1308//2399
f 1308//2400 1306//2400 1307//2400
f 1317//2401 1309//2401 1308//2401
f 1304//2402 1312//2402 1303//2402
f 1303//2403 1312//2403 1310//2403
f 1303//2404 1310//2404 1307//2404
f 1311//2405 1307//2405 1310//2405
f 1311//2406 1310//2406 1397//2406
f 1397//2407 1310//2407 1312//2407
f 1311//2408 1308//2408 1307//2408
f 1311//2409 1396//2409 1392//2409
f 1311//2410 1315//2410 1308//2410
f 1313//2411 1308//2411 1316//2411
f 1316//2412 1308//2412 1315//2412
f 1317//2413 1308//2413 1318//2413
f 1318//2414 1308//2414 1313//2414
f 1317//2415 1318//2415 1319//2415
f 1318//2416 1313//2416 1316//2416
f 1343//2417 1316//2417 1315//2417
f 1318//2418 1316//2418 1321//2418
f 1318//2419 1321//2419 1320//2419
f 1318//2420 1320//2420 1319//2420
f 1321//2421 1293//2421 1320//2421
f 1229//2422 1293//2422 1321//2422
f 1294//2423 1297//2423 1296//2423
f 1224//2424 1296//2424 1293//2424
f 1320//2425 1293//2425 1296//2425
f 1322//2426 1297//2426 1295//2426
f 1323//2427 1296//2427 1297//2427
f 1297//2428 1322//2428 1300//2428
f 1296//2429 1319//2429 1320//2429
f 1319//2430 1300//2430 1317//2430
f 1300//2431 1319//2431 1323//2431
f 1323//2432 1319//2432 1296//2432
f 1323//2433 1297//2433 1300//2433
f 1324//2434 854//2434 853//2434
f 864//2435 863//2435 1325//2435
f 1325//2436 863//2436 868//2436
f 869//2437 1326//2437 867//2437
f 867//2438 1326//2438 1325//2438
f 1329//2439 1325//2439 1326//2439
f 1354//2440 1331//2440 1330//2440
f 1325//2441 1330//2441 1332//2441
f 864//2442 1325//2442 1332//2442
f 864//2443 1332//2443 865//2443
f 865//2444 1333//2444 1324//2444
f 1324//2445 1333//2445 854//2445
f 1333//2446 853//2446 854//2446
f 1334//2447 853//2447 1333//2447
f 1333//2448 865//2448 1332//2448
f 1332//2449 1330//2449 1331//2449
f 1331//2450 1335//2450 1334//2450
f 1331//2451 1334//2451 1333//2451
f 1333//2452 1332//2452 1331//2452
f 1196//2453 1341//2453 1197//2453
f 1050//2454 1336//2454 1048//2454
f 1336//2455 1050//2455 1197//2455
f 1337//2456 1047//2456 1048//2456
f 1336//2457 1338//2457 1048//2457
f 1048//2458 1338//2458 1337//2458
f 1337//2459 1177//2459 1047//2459
f 1042//2460 1047//2460 1177//2460
f 1044//2461 1454//2461 1452//2461
f 1340//2462 1338//2462 1336//2462
f 1336//2463 1197//2463 1340//2463
f 1436//2464 1340//2464 1197//2464
f 1196//2465 1195//2465 1341//2465
f 1419//2466 1341//2466 1195//2466
f 1419//2467 1195//2467 1342//2467
f 1342//2468 1195//2468 1194//2468
f 1194//2469 1201//2469 1342//2469
f 1321//2470 1228//2470 1202//2470
f 1321//2471 1202//2471 1200//2471
f 1321//2472 1200//2472 1227//2472
f 1343//2473 1228//2473 1321//2473
f 1228//2474 1343//2474 1201//2474
f 1316//2475 1343//2475 1321//2475
f 1321//2476 1227//2476 1229//2476
f 1435//2486 1350//2486 1347//2486
f 1347//2489 1349//2489 1435//2489
f 1350//2490 930//2490 1347//2490
f 955//2493 1129//2493 1125//2493
f 853//2494 1334//2494 1335//2494
f 853//2495 1335//2495 852//2495
f 1354//2496 1335//2496 1331//2496
f 1354//2497 1352//2497 1335//2497
f 1352//2498 891//2498 1335//2498
f 1352//2499 900//2499 891//2499
f 892//2500 900//2500 901//2500
f 1360//2501 901//2501 900//2501
f 1360//2502 900//2502 1352//2502
f 1353//2503 1352//2503 1354//2503
f 1354//2504 1330//2504 1329//2504
f 1329//2505 1330//2505 1325//2505
f 1354//2506 1329//2506 1353//2506
f 1329//2507 1326//2507 1328//2507
f 1326//2508 1327//2508 1328//2508
f 1355//2509 1326//2509 869//2509
f 1355//2510 869//2510 1356//2510
f 1357//2511 1355//2511 1356//2511
f 1326//2512 1355//2512 1327//2512
f 1353//2513 1329//2513 1328//2513
f 1327//2514 1360//2514 1359//2514
f 1361//2515 1362//2515 1360//2515
f 1362//2516 1361//2516 1363//2516
f 1361//2517 1360//2517 1327//2517
f 1492//2518 1355//2518 1358//2518
f 1358//2519 1355//2519 1357//2519
f 1364//2520 1357//2520 1365//2520
f 1366//2521 1365//2521 1357//2521
f 1367//2522 1365//2522 1366//2522
f 1368//2523 916//2523 1357//2523
f 1357//2524 916//2524 1366//2524
f 916//2525 918//2525 1366//2525
f 1000//2530 1012//2530 1091//2530
f 1012//2531 1371//2531 1091//2531
f 1001//2532 1000//2532 1084//2532
f 1084//2533 1000//2533 1091//2533
f 1092//2534 1093//2534 1373//2534
f 1372//2535 1091//2535 1371//2535
f 1372//2536 1089//2536 1091//2536
f 1085//2537 1089//2537 1372//2537
f 1371//2538 1095//2538 1372//2538
f 1372//2539 1095//2539 1370//2539
f 1370//2540 1095//2540 1092//2540
f 1374//2541 1373//2541 1096//2541
f 1092//2542 1373//2542 1370//2542
f 1376//2543 1373//2543 1374//2543
f 1375//2544 1374//2544 1098//2544
f 1098//2545 1374//2545 1096//2545
f 1098//2546 1099//2546 1378//2546
f 1098//2547 1378//2547 1375//2547
f 1375//2548 1376//2548 1374//2548
f 1376//2549 1370//2549 1373//2549
f 1085//2550 1372//2550 1377//2550
f 1376//2551 1381//2551 1370//2551
f 1376//2552 1379//2552 1381//2552
f 1380//2553 1370//2553 1381//2553
f 1381//2554 1379//2554 1380//2554
f 1375//2555 1378//2555 1382//2555
f 1383//2556 1378//2556 1099//2556
f 1099//2557 1384//2557 1383//2557
f 1382//2558 1378//2558 1383//2558
f 1387//2559 1388//2559 1385//2559
f 1388//2560 1434//2560 1385//2560
f 1390//2561 918//2561 1391//2561
f 1388//2562 1369//2562 1350//2562
f 1389//2564 1390//2564 1391//2564
f 1227//2565 1224//2565 1229//2565
f 1343//2566 1315//2566 1201//2566
f 1392//2567 1315//2567 1311//2567
f 1315//2568 1392//2568 1201//2568
f 1201//2569 1393//2569 1342//2569
f 1419//2570 1342//2570 1393//2570
f 1394//2571 1395//2571 1393//2571
f 1393//2572 1395//2572 1421//2572
f 1394//2573 1396//2573 1395//2573
f 1396//2574 1394//2574 1393//2574
f 1393//2575 1201//2575 1396//2575
f 1392//2576 1396//2576 1201//2576
f 1311//2577 1395//2577 1396//2577
f 1397//2578 1314//2578 1311//2578
f 1405//2579 1312//2579 1398//2579
f 1398//2580 1312//2580 1399//2580
f 1312//2581 1405//2581 1397//2581
f 1311//2582 1314//2582 1395//2582
f 1314//2583 1397//2583 1401//2583
f 1314//2584 1402//2584 1395//2584
f 1395//2585 1402//2585 1400//2585
f 1402//2586 1314//2586 1401//2586
f 1403//2587 1401//2587 1404//2587
f 1401//2588 1397//2588 1404//2588
f 1397//2589 1405//2589 1404//2589
f 1405//2590 1406//2590 1404//2590
f 1405//2591 1398//2591 1406//2591
f 1398//2592 1407//2592 1406//2592
f 1399//2595 1408//2595 1398//2595
f 1410//2597 1408//2597 1399//2597
f 1399//2598 1305//2598 1410//2598
f 1413//2603 1412//2603 1298//2603
f 1298//2604 1412//2604 1301//2604
f 1301//2605 1412//2605 1411//2605
f 1299//2606 1301//2606 1411//2606
f 1411//2607 1410//2607 1299//2607
f 1299//2608 1410//2608 1305//2608
f 1305//2609 1312//2609 1304//2609
f 1399//2610 1312//2610 1305//2610
f 1416//2611 1341//2611 1415//2611
f 1415//2612 1417//2612 1418//2612
f 1417//2613 1415//2613 1419//2613
f 1419//2614 1415//2614 1341//2614
f 1417//2615 1419//2615 1393//2615
f 1421//2616 1395//2616 1420//2616
f 1420//2617 1395//2617 1400//2617
f 1406//2618 1403//2618 1404//2618
f 1132//2619 1423//2619 956//2619
f 956//2620 1130//2620 1129//2620
f 1423//2621 1132//2621 1422//2621
f 1424//2622 1279//2622 1280//2622
f 1425//2624 1422//2624 1279//2624
f 1422//2625 1425//2625 1423//2625
f 1425//2626 1130//2626 1423//2626
f 1130//2627 1425//2627 1128//2627
f 1130//2628 1128//2628 1127//2628
f 1127//2629 1128//2629 1126//2629
f 1427//2630 1128//2630 1425//2630
f 1427//2631 1425//2631 1466//2631
f 1124//2632 1131//2632 1465//2632
f 1350//2645 1435//2645 1434//2645
f 1388//2646 1350//2646 1434//2646
f 1435//2647 1385//2647 1434//2647
f 870//2648 916//2648 1368//2648
f 1341//2649 1416//2649 1197//2649
f 1415//2650 1448//2650 1416//2650
f 1437//2651 1436//2651 1416//2651
f 1416//2652 1436//2652 1197//2652
f 1448//2653 1437//2653 1416//2653
f 1418//2654 1440//2654 1438//2654
f 1415//2655 1418//2655 1438//2655
f 1439//2656 1438//2656 1440//2656
f 1415//2657 1438//2657 1439//2657
f 1441//2658 1440//2658 1418//2658
f 1417//2659 1421//2659 1418//2659
f 1421//2660 1417//2660 1393//2660
f 1421//2661 1420//2661 1441//2661
f 1418//2662 1421//2662 1441//2662
f 1444//2664 1338//2664 1339//2664
f 1337//2665 1338//2665 1444//2665
f 1337//2666 1443//2666 1177//2666
f 1339//2667 1459//2667 1444//2667
f 1459//2668 1339//2668 1340//2668
f 1448//2669 1447//2669 1437//2669
f 1415//2670 1439//2670 1445//2670
f 1439//2671 1440//2671 1446//2671
f 1439//2672 1446//2672 1445//2672
f 1453//2673 1502//2673 1449//2673
f 1449//2674 1450//2674 1452//2674
f 1452//2675 1450//2675 1175//2675
f 1175//2676 1450//2676 1451//2676
f 1452//2677 1453//2677 1449//2677
f 1454//2678 1453//2678 1452//2678
f 1455//2679 1453//2679 1454//2679
f 1455//2680 1454//2680 1044//2680
f 1455//2681 1044//2681 1177//2681
f 1443//2682 1455//2682 1177//2682
f 1443//2683 1337//2683 1444//2683
f 1455//2684 1443//2684 1456//2684
f 1457//2685 1455//2685 1456//2685
f 1444//2686 1456//2686 1443//2686
f 1459//2687 1456//2687 1444//2687
f 1339//2688 1338//2688 1340//2688
f 1340//2689 1436//2689 1459//2689
f 1436//2690 1437//2690 1458//2690
f 1436//2691 1456//2691 1459//2691
f 1456//2692 1436//2692 1458//2692
f 1502//2693 1457//2693 1456//2693
f 1502//2694 1456//2694 1458//2694
f 1457//2695 1502//2695 1453//2695
f 1455//2696 1457//2696 1453//2696
f 1349//2702 1348//2702 1461//2702
f 1429//2706 1463//2706 1428//2706
f 1470//2707 1429//2707 1464//2707
f 1426//2710 1128//2710 1427//2710
f 1280//2711 1275//2711 1482//2711
f 1367//2713 1388//2713 1387//2713
f 1388//2714 1367//2714 1390//2714
f 1390//2715 1367//2715 1366//2715
f 1388//2716 1390//2716 1389//2716
f 1390//2717 1366//2717 918//2717
f 879//2718 884//2718 887//2718
f 879//2719 887//2719 882//2719
f 887//2720 884//2720 1499//2720
f 887//2721 1499//2721 1494//2721
f 883//2722 887//2722 1494//2722
f 1499//2723 884//2723 888//2723
f 1467//2724 1490//2724 898//2724
f 1492//2725 902//2725 1468//2725
f 1362//2726 902//2726 901//2726
f 1360//2727 1362//2727 901//2727
f 1359//2728 1352//2728 1353//2728
f 1469//2729 1328//2729 1327//2729
f 1327//2730 1359//2730 1469//2730
f 1469//2731 1353//2731 1328//2731
f 1359//2732 1353//2732 1469//2732
f 1360//2733 1352//2733 1359//2733
f 1131//2734 1426//2734 1465//2734
f 1426//2735 1472//2735 1465//2735
f 1464//2736 1465//2736 1470//2736
f 1430//2737 1428//2737 1462//2737
f 1428//2738 1463//2738 1462//2738
f 1435//2739 1386//2739 1385//2739
f 1435//2740 1349//2740 1386//2740
f 1386//2741 1349//2741 1471//2741
f 1461//2742 1462//2742 1349//2742
f 1471//2743 1349//2743 1462//2743
f 1462//2744 1463//2744 1471//2744
f 1472//2745 1470//2745 1465//2745
f 1357//2746 1356//2746 1368//2746
f 860//2747 1356//2747 866//2747
f 1451//2748 1168//2748 1175//2748
f 1175//2749 1168//2749 1173//2749
f 1167//2750 1166//2750 1473//2750
f 1473//2751 1176//2751 1167//2751
f 1167//2752 1176//2752 1168//2752
f 1176//2753 1173//2753 1168//2753
f 1250//2754 1249//2754 1287//2754
f 1287//2755 1249//2755 1267//2755
f 902//2756 1362//2756 1363//2756
f 1363//2757 1361//2757 1474//2757
f 1474//2758 1475//2758 1363//2758
f 1363//2759 1475//2759 1468//2759
f 1363//2760 1468//2760 902//2760
f 1474//2761 1476//2761 1475//2761
f 1476//2762 1477//2762 1475//2762
f 1468//2763 1475//2763 1478//2763
f 1478//2764 1475//2764 1477//2764
f 1479//2765 1468//2765 1478//2765
f 1480//2766 1483//2766 1276//2766
f 1276//2767 1482//2767 1275//2767
f 1273//2768 1483//2768 1480//2768
f 1483//2769 1484//2769 1276//2769
f 1482//2770 1276//2770 1484//2770
f 1280//2771 1482//2771 1485//2771
f 1280//2772 1485//2772 1481//2772
f 1486//2773 1482//2773 1484//2773
f 1481//2774 1424//2774 1280//2774
f 1424//2775 1487//2775 1279//2775
f 1482//2776 1486//2776 1485//2776
f 1279//2777 1487//2777 1466//2777
f 1279//2778 1466//2778 1425//2778
f 883//2779 882//2779 887//2779
f 1377//2780 1372//2780 1370//2780
f 1377//2781 1370//2781 1380//2781
f 1380//2782 1488//2782 1377//2782
f 1377//2783 1488//2783 1489//2783
f 1489//2784 1085//2784 1377//2784
f 1490//2785 1467//2785 1491//2785
f 1491//2786 1467//2786 902//2786
f 1491//2787 902//2787 1492//2787
f 1479//2788 1492//2788 1468//2788
f 1496//2789 1492//2789 1358//2789
f 1496//2790 1358//2790 1493//2790
f 1358//2791 1357//2791 1364//2791
f 1499//2792 888//2792 896//2792
f 1499//2793 1495//2793 1494//2793
f 1497//2794 1496//2794 1498//2794
f 1498//2795 1496//2795 1493//2795
f 1490//2796 1493//2796 896//2796
f 1499//2797 896//2797 1493//2797
f 1495//2798 1499//2798 1500//2798
f 1498//2799 1500//2799 1499//2799
f 1498//2800 1493//2800 1490//2800
f 1496//2801 1491//2801 1492//2801
f 1491//2802 1496//2802 1490//2802
f 1496//2803 1500//2803 1490//2803
f 1490//2804 1500//2804 1498//2804
f 1500//2805 1496//2805 1497//2805
f 1497//2806 1498//2806 1499//2806
f 1497//2807 1499//2807 1493//2807
f 1497//2808 1493//2808 1358//2808
f 1500//2809 1497//2809 1358//2809
f 1500//2810 1358//2810 1364//2810
f 1289//2811 1292//2811 1291//2811
f 1437//2812 1503//2812 1458//2812
f 1448//2813 1415//2813 1445//2813
f 1445//2814 1446//2814 1448//2814
f 1503//2815 1437//2815 1447//2815
