# Blender 5.2.1 LTS
# www.blender.org
mtllib mage_leg_l.mtl
o Mage_LeftLeg
v -0.139295 -0.059015 -0.266722
v -0.094210 0.011685 -0.251654
v -0.078492 -0.168693 -0.285553
v -0.130772 -0.118633 -0.319964
v -0.134172 -0.184846 -0.336402
v -0.143969 -0.089854 -0.250382
v -0.132882 -0.067707 -0.251486
v -0.133428 -0.101177 -0.257213
v -0.132831 -0.038596 -0.246763
v -0.122971 -0.030114 -0.240662
v -0.132670 -0.008864 -0.242153
v -0.133435 -0.159884 -0.268224
v -0.133561 -0.127481 -0.262231
v -0.123809 -0.112179 -0.254825
v -0.124300 -0.147272 -0.261184
v -0.142129 -0.347435 -0.294360
v -0.146586 -0.238783 -0.278688
v -0.110737 -0.011629 -0.299609
v -0.079333 0.034499 -0.287589
v -0.135970 -0.198107 -0.221788
v -0.145744 -0.341803 0.047539
v -0.136616 -0.357533 0.054462
v -0.135823 -0.362946 0.073557
v -0.144694 -0.309940 0.100655
v -0.133492 -0.318999 0.100130
v -0.120738 -0.308079 0.100502
v -0.109533 -0.295239 0.099460
v -0.127224 -0.230663 0.101991
v -0.143409 -0.217722 0.102058
v -0.140083 -0.319684 0.105229
v -0.131473 -0.323218 0.104869
v -0.120160 -0.313612 0.104601
v -0.134003 -0.366180 0.104046
v -0.125644 -0.357411 0.103532
v -0.135550 -0.365308 0.088991
v -0.132817 -0.352559 0.048676
v -0.135818 -0.311717 0.053523
v -0.122697 -0.299030 0.054116
v -0.105184 -0.279204 0.055716
v -0.112793 -0.287664 0.055783
v -0.116572 -0.294207 0.050042
v -0.105358 -0.282455 0.049028
v -0.089126 -0.295848 0.048425
v -0.088531 -0.261786 0.049569
v -0.097462 -0.270631 0.056744
v -0.089335 -0.259302 0.056326
v -0.125784 -0.307755 0.049055
v -0.133802 -0.318030 0.049291
v -0.104562 -0.319241 0.050477
v -0.123370 -0.346506 0.050513
v -0.133998 -0.368655 0.101325
v -0.112305 -0.337946 0.102750
v -0.116771 -0.346850 0.101768
v -0.095704 -0.318365 0.099663
v -0.106122 -0.297394 0.103157
v -0.132208 -0.362472 0.074430
v -0.114108 -0.335953 0.054396
v -0.085771 -0.299823 0.064234
v -0.077231 -0.278941 0.048937
v -0.105125 -0.331133 0.100181
v -0.073943 -0.287557 0.094242
v -0.051954 -0.247522 0.057960
v -0.061599 -0.268064 0.089989
v -0.057056 -0.250488 0.048517
v -0.049937 -0.248953 0.085701
v -0.067207 -0.262080 0.047792
v -0.053241 -0.241174 0.045201
v -0.076353 -0.244196 0.048574
v -0.078898 -0.244714 0.055333
v -0.070456 -0.229908 0.054523
v -0.086000 -0.206718 0.060263
v -0.131009 -0.199111 0.063931
v -0.137215 -0.613512 -0.353107
v -0.133868 -0.588428 -0.347086
v -0.134234 -0.006267 -0.071775
v -0.131152 -0.004195 -0.057262
v -0.131041 0.007717 -0.081731
v -0.127495 -0.019947 -0.087257
v -0.131715 -0.009653 -0.070307
v -0.125847 -0.024404 -0.047182
v -0.133771 -0.006230 -0.057538
v -0.120873 -0.059583 -0.056828
v -0.121465 -0.015089 -0.102106
v -0.093753 0.016763 -0.129196
v -0.113099 -0.032881 -0.108109
v -0.088886 -0.023009 -0.127549
v -0.075458 -0.116720 -0.123166
v -0.068197 -0.054345 -0.137183
v -0.118130 -0.078570 -0.074166
v -0.112355 -0.073151 -0.097023
v -0.115815 -0.077111 -0.088374
v -0.093347 -0.142474 -0.074178
v -0.110322 -0.049653 -0.028141
v -0.120811 0.016346 -0.018181
v -0.093356 -0.025164 0.005622
v -0.093517 -0.102848 -0.020481
v -0.077883 -0.101454 0.006952
v -0.073858 -0.135449 0.001083
v -0.093084 -0.092181 -0.113085
v -0.055977 -0.016531 -0.144330
v -0.034961 0.002662 -0.148812
v -0.030183 -0.005726 -0.148638
v -0.036014 0.008900 -0.158326
v -0.136808 -0.260774 -0.232560
v -0.114234 -0.208194 -0.227400
v -0.134140 -0.134299 -0.210246
v -0.116613 -0.137792 -0.214673
v -0.113129 -0.096326 -0.206092
v -0.083014 -0.149968 -0.214587
v -0.116978 -0.086541 -0.200547
v -0.118982 -0.102966 -0.204878
v -0.134600 -0.050341 -0.194441
v -0.124868 -0.022703 -0.191461
v -0.103290 -0.030740 -0.188963
v -0.106804 -0.045475 -0.191720
v -0.111230 -0.065665 -0.196025
v -0.109561 -0.078605 -0.202817
v -0.104499 -0.055637 -0.198560
v -0.052479 -0.118368 -0.203171
v -0.041779 -0.191884 -0.211497
v -0.075900 -0.240363 -0.227509
v -0.083886 -0.252832 -0.231571
v -0.053014 -0.206120 -0.216220
v -0.062456 -0.219530 -0.220855
v -0.028607 -0.174566 -0.205216
v -0.092353 -0.259770 -0.234576
v -0.114049 -0.297344 -0.244149
v -0.119268 -0.253819 -0.234784
v -0.119054 -0.305573 -0.245577
v -0.122340 0.003278 -0.235827
v -0.096224 -0.010590 -0.233933
v 0.016522 0.009571 -0.225159
v 0.039524 -0.002315 -0.229250
v -0.134249 -0.151027 -0.283014
v -0.062341 -0.191301 -0.287552
v -0.033997 -0.137032 -0.277464
v -0.013203 -0.029440 -0.250294
v -0.038637 -0.078305 -0.265452
v 0.002632 -0.068241 -0.258690
v -0.009509 -0.021649 -0.246889
v 0.017254 -0.078907 -0.257123
v -0.034328 -0.205233 -0.283748
v 0.012451 -0.099450 -0.264157
v -0.002217 -0.141459 -0.272141
v 0.037112 -0.080624 -0.245809
v 0.031176 -0.054288 -0.240006
v 0.044938 -0.117936 -0.251228
v 0.028041 -0.121353 -0.262867
v -0.102951 -0.247694 -0.302234
v -0.004082 -0.233774 -0.277602
v 0.025226 -0.222673 -0.269798
v 0.016466 -0.231286 -0.270136
v 0.027876 -0.249471 -0.268332
v 0.043053 -0.242714 -0.265316
v 0.010691 -0.257259 -0.271580
v -0.005961 -0.265126 -0.274851
v 0.059747 -0.247454 -0.278802
v 0.050864 -0.259404 -0.290114
v 0.033107 -0.266868 -0.297740
v 0.015272 -0.271533 -0.304529
v 0.000932 -0.276795 -0.303311
v 0.001598 -0.271245 -0.287540
v -0.016934 -0.282402 -0.302953
v -0.037264 -0.288329 -0.300734
v -0.037997 -0.279636 -0.282419
v -0.023372 -0.272012 -0.278207
v -0.049505 -0.286207 -0.286421
v -0.016241 -0.279858 -0.309476
v -0.037648 -0.285883 -0.310284
v -0.030564 -0.289042 -0.319636
v -0.017012 -0.282008 -0.316018
v -0.049534 -0.296761 -0.321078
v -0.059811 -0.294936 -0.315022
v -0.062169 -0.298100 -0.304487
v -0.080014 -0.306134 -0.311297
v -0.074248 -0.301844 -0.319636
v -0.086564 -0.302182 -0.297771
v -0.089238 -0.293390 -0.293676
v -0.095802 -0.301296 -0.296770
v -0.053770 -0.292772 -0.296213
v -0.066238 -0.292253 -0.290387
v -0.080335 -0.287407 -0.291968
v -0.077042 -0.277757 -0.289639
v -0.057394 -0.270972 -0.283989
v -0.067771 -0.269624 -0.289016
v -0.073507 -0.270081 -0.288677
v -0.042448 -0.262895 -0.280238
v -0.047108 -0.260795 -0.284000
v -0.051057 -0.253608 -0.285677
v -0.026645 -0.254154 -0.278401
v -0.070109 -0.265732 -0.286647
v -0.071578 -0.262830 -0.290749
v -0.078044 -0.267786 -0.289635
v -0.067722 -0.261623 -0.288562
v -0.062036 -0.255039 -0.293537
v -0.075904 -0.262089 -0.297764
v -0.083290 -0.294436 -0.278325
v -0.081955 -0.284387 -0.289451
v -0.073425 -0.281807 -0.274115
v -0.064266 -0.269566 -0.269980
v -0.056424 -0.258578 -0.266634
v -0.071766 -0.262285 -0.286975
v -0.060342 -0.248667 -0.281375
v -0.090058 -0.271698 -0.295536
v -0.066070 -0.232030 -0.275629
v -0.075283 -0.242917 -0.278229
v -0.083461 -0.250474 -0.275234
v -0.075649 -0.239633 -0.271623
v -0.067547 -0.228858 -0.268237
v -0.058414 -0.215852 -0.264249
v -0.122714 -0.205802 -0.272793
v -0.126500 -0.270363 -0.285827
v -0.094087 -0.263377 -0.279720
v -0.134240 -0.227982 -0.281446
v -0.105657 -0.278663 -0.284851
v -0.106296 -0.282365 -0.291366
v -0.100732 -0.283000 -0.294523
v -0.088332 -0.261228 -0.284631
v -0.090845 -0.276115 -0.292645
v -0.107811 -0.280804 -0.299242
v -0.107152 -0.288875 -0.296963
v -0.112800 -0.293281 -0.298605
v -0.116374 -0.291983 -0.289108
v -0.119196 -0.299391 -0.300575
v -0.125644 -0.304946 -0.294015
v -0.134842 -0.291484 -0.291665
v -0.134646 -0.312552 -0.297559
v -0.133189 -0.311703 -0.303771
v -0.144766 -0.301874 -0.301293
v -0.140288 -0.294962 -0.302835
v -0.127469 -0.307051 -0.302942
v -0.127587 -0.292414 -0.303416
v -0.148820 -0.281747 -0.307023
v -0.125096 -0.285142 -0.306514
v -0.119305 -0.281433 -0.307686
v -0.107688 -0.276840 -0.305156
v -0.136398 -0.223595 -0.297429
v -0.092844 -0.270559 -0.301233
v -0.110996 -0.220876 0.099364
v -0.088731 -0.268175 0.094094
v -0.093568 -0.253552 0.095174
v -0.099132 -0.236692 0.096323
v -0.101569 -0.224550 0.102100
v -0.092021 -0.239318 0.098432
v -0.126143 -0.167740 0.104358
v -0.136083 -0.091855 0.100566
v -0.135681 -0.236494 -0.343124
v -0.122974 -0.215746 -0.339754
v -0.120846 -0.197605 -0.337332
v -0.114095 -0.178967 -0.333365
v -0.116198 -0.197767 -0.340656
v -0.137704 -0.154415 0.062143
v -0.159407 -0.097111 0.054160
v -0.125814 -0.093036 0.055547
v -0.141339 -0.027289 0.101598
v -0.143963 -0.015281 0.105396
v -0.139228 -0.005633 0.103572
v -0.129785 -0.030710 0.101801
v -0.115152 -0.088381 0.097904
v -0.125100 0.007914 0.103903
v -0.121558 -0.003411 0.107203
v -0.122492 -0.015755 0.104817
v -0.091942 -0.089272 0.088982
v -0.096626 -0.107463 0.092190
v -0.112571 0.006689 0.097046
v -0.118002 -0.012325 0.099096
v -0.144623 -0.457949 -0.269868
v -0.117854 -0.372400 -0.252925
v -0.136461 -0.343523 -0.243079
v -0.079699 -0.341720 -0.245919
v -0.116368 -0.446644 -0.270064
v -0.099174 -0.490177 -0.278904
v -0.126019 -0.494824 -0.282639
v -0.082529 -0.481768 -0.274004
v -0.104551 -0.295110 -0.234559
v -0.127067 -0.333326 -0.242069
v -0.129708 -0.322029 -0.246676
v -0.135309 -0.330320 -0.246912
v -0.105632 -0.285142 -0.240935
v -0.124163 -0.314093 -0.245565
v -0.123223 -0.320694 -0.240656
v -0.116662 -0.311163 -0.238068
v -0.108757 -0.295152 -0.236472
v -0.099312 -0.274845 -0.238315
v -0.096824 -0.278691 -0.231068
v -0.089908 -0.267747 -0.228260
v -0.048043 -0.268067 -0.224503
v -0.082911 -0.257264 -0.225325
v -0.091493 -0.264829 -0.234504
v -0.052339 -0.369850 -0.246143
v -0.060312 -0.462964 -0.265689
v -0.031147 -0.440352 -0.251265
v -0.044822 -0.450697 -0.258542
v -0.042089 -0.451938 -0.251783
v -0.091295 -0.506096 -0.281072
v -0.092129 -0.490566 -0.277390
v -0.086517 -0.488780 -0.268421
v -0.096213 -0.499201 -0.271785
v -0.094306 -0.499097 -0.278185
v -0.135323 -0.633097 -0.312908
v -0.099483 -0.035562 -0.195199
v -0.098702 -0.011069 -0.185716
v -0.135424 -0.333005 -0.361992
v -0.152352 -0.319005 -0.359879
v -0.132487 -0.290424 -0.356612
v -0.139295 -0.288434 -0.354605
v -0.138733 -0.286392 -0.349829
v -0.131776 -0.287318 -0.350656
v -0.120099 -0.284887 -0.348215
v -0.136413 -0.004517 0.055296
v -0.091308 -0.084772 0.051812
v -0.117778 0.033100 0.053389
v -0.093569 -0.145082 0.057937
v -0.066853 -0.158066 0.050835
v -0.069612 -0.141931 0.050493
v -0.063936 -0.163656 0.044554
v -0.066391 -0.146539 0.044520
v -0.049629 -0.137990 0.038409
v -0.058856 -0.189644 0.051436
v -0.062387 -0.176123 0.050288
v -0.071256 -0.120146 0.048638
v -0.075030 -0.098050 0.048192
v -0.082551 -0.023885 0.046641
v -0.077807 -0.039976 0.042311
v -0.074743 -0.077689 0.043137
v -0.072106 -0.099176 0.043071
v -0.078857 -0.058922 0.046489
v -0.088362 0.012631 0.048337
v -0.064849 -0.003174 0.038764
v -0.061626 -0.011450 0.038068
v -0.078924 -0.017243 0.023979
v -0.064585 -0.097985 0.021392
v -0.062570 -0.144240 0.011165
v -0.065117 0.004651 0.036936
v -0.054270 -0.070155 0.033130
v -0.059211 -0.031005 0.035891
v -0.063225 -0.005141 0.039007
v -0.061640 -0.007037 0.040477
v -0.059886 -0.035585 0.039067
v -0.041172 -0.048791 0.041533
v -0.093238 -0.227159 0.099344
v -0.107336 -0.205313 0.102903
v -0.095556 -0.128705 0.093904
v -0.107342 -0.190402 0.099760
v -0.096049 -0.194318 0.098957
v -0.086210 -0.223303 0.092496
v -0.098448 -0.212969 0.096872
v -0.094445 -0.197109 0.094576
v -0.081252 -0.225755 0.095062
v -0.088375 -0.249170 0.097758
v -0.077930 -0.238544 0.088716
v -0.078937 -0.251254 0.089528
v -0.086056 -0.256560 0.091961
v -0.099313 -0.283204 0.097401
v -0.095639 -0.284632 0.101015
v -0.087851 -0.274284 0.098696
v -0.077166 -0.259338 0.095584
v -0.072992 -0.230278 0.092073
v -0.070548 -0.247080 0.093065
v -0.072262 -0.242593 0.087605
v -0.063092 -0.234428 0.090188
v -0.138078 -0.664187 -0.350870
v -0.146852 -0.690798 -0.352149
v -0.144025 -0.532519 -0.286430
v -0.120012 -0.551021 -0.295269
v -0.122412 -0.590648 -0.305379
v -0.135346 -0.699820 -0.353209
v -0.132540 -0.700376 -0.326649
v -0.127310 -0.698521 -0.352250
v -0.141850 -0.579089 -0.345884
v -0.135408 -0.545687 -0.337047
v -0.138907 -0.457551 -0.320576
v -0.135333 -0.417831 -0.312885
v -0.126345 -0.440331 -0.312379
v -0.134346 -0.440907 -0.317362
v -0.134519 -0.477094 -0.324806
v -0.124128 -0.468048 -0.316574
v -0.112893 -0.472481 -0.314180
v -0.105107 -0.359901 -0.293136
v -0.127957 -0.394016 -0.304729
v -0.027543 -0.338626 -0.275360
v -0.037168 -0.465572 -0.300783
v -0.049145 -0.477038 -0.305398
v 0.005144 -0.368464 -0.274847
v 0.008822 -0.361414 -0.276993
v 0.003403 -0.342936 -0.270345
v -0.116085 -0.336646 -0.290620
v -0.107250 -0.324498 -0.287621
v -0.129914 -0.349980 -0.295253
v -0.137247 -0.392411 -0.307521
v -0.137328 -0.367626 -0.300745
v -0.133837 -0.260676 -0.287238
v -0.133725 -0.196826 -0.275563
v -0.033258 -0.133248 -0.241589
v -0.049754 -0.203813 -0.260752
v -0.040762 -0.191432 -0.256636
v -0.123610 -0.070335 -0.247340
v -0.096297 -0.133828 -0.254883
v -0.120366 -0.220131 -0.299003
v -0.132923 -0.334113 -0.345722
v -0.141542 -0.335356 -0.309337
v -0.136563 -0.328067 -0.318549
v -0.133835 -0.337670 -0.310677
v -0.127726 -0.333751 -0.311600
v -0.148920 -0.325502 -0.326942
v -0.105220 -0.282124 -0.350345
v -0.110712 -0.281982 -0.345599
v -0.121343 -0.232693 -0.340706
v -0.116417 -0.246645 -0.341381
v -0.103898 -0.263473 -0.341086
v -0.112439 -0.244698 -0.344067
v -0.098587 -0.261705 -0.343245
v -0.117190 -0.231054 -0.343587
v -0.101259 -0.198708 -0.337499
v -0.104654 -0.219953 -0.340675
v -0.106573 -0.173948 -0.334979
v -0.077576 -0.171061 -0.328034
v -0.094107 -0.161331 -0.329146
v -0.137016 -0.578486 -0.340538
v -0.137070 -0.512067 -0.330731
v -0.132412 -0.514370 -0.330692
v -0.121674 -0.510723 -0.323496
v -0.039049 -0.471129 -0.306638
v -0.051754 -0.483657 -0.312468
v -0.040276 -0.490766 -0.311781
v -0.068711 -0.498931 -0.318484
v -0.026531 -0.457767 -0.297858
v -0.029284 -0.481673 -0.308096
v -0.069400 -0.494802 -0.312533
v -0.058616 -0.506806 -0.319130
v -0.049894 -0.505363 -0.314331
v -0.082275 -0.509242 -0.317293
v -0.100969 -0.544413 -0.326091
v -0.127190 -0.695036 -0.323559
v -0.102605 -0.669339 -0.316877
v -0.120748 -0.693696 -0.326137
v -0.112569 -0.683269 -0.321212
v -0.095745 -0.540918 -0.290293
v -0.088930 -0.560432 -0.294072
v -0.087277 -0.544642 -0.285855
v -0.077299 -0.636955 -0.308783
v -0.098941 -0.671180 -0.319628
v -0.091336 -0.659411 -0.314876
v -0.083582 -0.653199 -0.316229
v -0.083609 -0.649127 -0.311913
v -0.071017 -0.635296 -0.310793
v -0.061094 -0.620708 -0.333803
v -0.069750 -0.629629 -0.339448
v -0.077195 -0.644166 -0.339569
v -0.064535 -0.620562 -0.304801
v -0.060994 -0.585057 -0.295458
v -0.074210 -0.575637 -0.294813
v -0.087997 -0.555770 -0.288405
v -0.076044 -0.555388 -0.282590
v -0.084599 -0.540127 -0.287583
v -0.074335 -0.534505 -0.283946
v -0.078688 -0.568993 -0.288502
v -0.071795 -0.570131 -0.285466
v -0.072586 -0.550520 -0.287705
v -0.062410 -0.557645 -0.287693
v -0.132030 -0.327075 -0.366434
v -0.133574 -0.330276 -0.339497
v -0.132167 -0.336274 -0.356514
v -0.124938 -0.328413 -0.363489
v -0.098391 -0.311157 -0.357969
v -0.098474 -0.278111 -0.342380
v -0.094033 -0.245720 -0.340394
v -0.093610 -0.276525 -0.344284
v -0.071896 -0.261119 -0.337586
v -0.073872 -0.239645 -0.336692
v -0.094858 -0.240173 -0.336706
v -0.073632 -0.231575 -0.331938
v -0.100866 -0.222226 -0.335923
v -0.100325 -0.204556 -0.333697
v -0.081540 -0.215617 -0.331484
v -0.098765 -0.159058 -0.326286
v -0.094065 -0.140692 -0.324738
v -0.089321 -0.185014 -0.332105
v -0.072597 -0.184695 -0.329126
v -0.079750 -0.145839 -0.322794
v -0.097661 -0.133264 -0.320120
v -0.076106 -0.151123 -0.319898
v -0.075917 -0.127807 -0.315859
v -0.087854 -0.117760 -0.318430
v -0.079307 -0.116573 -0.316802
v -0.081851 -0.107283 -0.313291
v -0.072993 -0.172132 -0.323290
v -0.038767 -0.125699 -0.311288
v -0.133122 -0.628573 -0.354765
v -0.103799 -0.610704 -0.344699
v -0.132658 -0.642683 -0.352160
v -0.114908 -0.651039 -0.347296
v -0.126154 -0.693033 -0.354023
v -0.132712 -0.584211 -0.340425
v -0.123464 -0.555934 -0.332526
v -0.078955 -0.510287 -0.322413
v -0.082430 -0.516781 -0.319375
v -0.106629 -0.552004 -0.328730
v -0.084614 -0.524880 -0.320979
v -0.079377 -0.519718 -0.329277
v -0.091725 -0.534277 -0.323840
v -0.063776 -0.518486 -0.327789
v -0.087200 -0.531480 -0.336107
v -0.115361 -0.565356 -0.341741
v -0.098750 -0.541556 -0.337481
v -0.102359 -0.553331 -0.342565
v -0.071823 -0.543273 -0.336793
v -0.087594 -0.568038 -0.343053
v -0.103089 -0.597515 -0.347790
v -0.113018 -0.560818 -0.331118
v -0.119789 -0.569202 -0.334572
v -0.125739 -0.580370 -0.345329
v -0.126015 -0.575652 -0.337074
v -0.074754 -0.591868 -0.334283
v -0.091609 -0.618110 -0.340337
v -0.070127 -0.583902 -0.330925
v -0.066078 -0.568603 -0.326200
v -0.067792 -0.559550 -0.328176
v -0.068308 -0.536159 -0.332726
v -0.066385 -0.543137 -0.323571
v -0.076558 -0.605250 -0.337911
v -0.049667 -0.596412 -0.330756
v -0.055475 -0.576666 -0.326785
v -0.051427 -0.605944 -0.329812
v -0.041700 -0.587020 -0.323458
v -0.043148 -0.584740 -0.325924
v -0.047081 -0.575314 -0.330390
v -0.023502 -0.564751 -0.321577
v -0.051407 -0.601003 -0.301135
v -0.057559 -0.605970 -0.300650
v -0.057165 -0.612651 -0.305847
v -0.058528 -0.612173 -0.335197
v -0.046386 -0.591961 -0.298653
v -0.050706 -0.591091 -0.296047
v -0.043435 -0.589404 -0.314328
v -0.008356 -0.571546 -0.319816
v -0.042874 -0.555704 -0.323314
v -0.052542 -0.547933 -0.319075
v -0.063289 -0.523684 -0.327974
v -0.064792 -0.534357 -0.318987
v -0.061446 -0.526256 -0.316727
v -0.040404 -0.530722 -0.314857
v -0.055704 -0.520465 -0.321041
v -0.033640 -0.527436 -0.318203
v -0.043960 -0.506795 -0.309753
v -0.045421 -0.501128 -0.308332
v -0.036884 -0.511734 -0.313935
v -0.041621 -0.554482 -0.318223
v -0.016391 -0.537390 -0.311016
v -0.017642 -0.566695 -0.314934
v -0.005725 -0.535431 -0.313492
v -0.014388 -0.519025 -0.311754
v -0.028012 -0.512863 -0.308220
v -0.035190 -0.490544 -0.305294
v -0.021068 -0.475140 -0.305276
v -0.021802 -0.479667 -0.301016
v -0.015074 -0.516804 -0.306434
v -0.028896 -0.561432 -0.316592
v 0.005813 -0.577705 -0.310798
v 0.007213 -0.525570 -0.307248
v 0.003555 -0.542963 -0.307071
v 0.022354 -0.543082 -0.307274
v -0.003348 -0.520774 -0.304277
v 0.006873 -0.523310 -0.302046
v 0.022278 -0.528454 -0.298452
v 0.037500 -0.455000 -0.278245
v 0.049556 -0.460681 -0.274209
v 0.079477 -0.533534 -0.276240
v 0.037945 -0.533139 -0.294061
v 0.052020 -0.538498 -0.289834
v 0.024695 -0.530697 -0.302675
v 0.003900 -0.577918 -0.317830
v -0.023370 -0.588067 -0.326976
v -0.029903 -0.597937 -0.287862
v -0.004558 -0.572900 -0.312630
v 0.020272 -0.547490 -0.303075
v 0.043914 -0.550381 -0.301186
v 0.017545 -0.583494 -0.308858
v -0.000990 -0.598961 -0.322335
v -0.017956 -0.596871 -0.321121
v 0.018883 -0.585702 -0.314514
v -0.005488 -0.604449 -0.315858
v 0.022393 -0.610877 -0.316704
v 0.014596 -0.614146 -0.312080
v 0.002784 -0.614879 -0.289626
v -0.015221 -0.603679 -0.284483
v -0.001529 -0.609020 -0.281344
v -0.007344 -0.589776 -0.276151
v 0.012113 -0.598785 -0.272303
v 0.030793 -0.629149 -0.282411
v 0.007528 -0.590704 -0.278213
v -0.005283 -0.585097 -0.281123
v -0.025046 -0.581249 -0.279034
v -0.016606 -0.579473 -0.283566
v 0.026727 -0.606128 -0.269059
v 0.031038 -0.564740 -0.261313
v 0.026891 -0.600293 -0.274323
v 0.015641 -0.618823 -0.278017
v 0.035884 -0.626053 -0.305676
v 0.030325 -0.590702 -0.306405
v 0.042085 -0.596598 -0.303769
v 0.063957 -0.589272 -0.295952
v 0.033254 -0.593507 -0.311345
v 0.058437 -0.605147 -0.299753
v 0.054829 -0.559584 -0.293441
v 0.039846 -0.554265 -0.297857
v 0.067926 -0.563761 -0.289113
v 0.079684 -0.568791 -0.285017
v 0.058247 -0.555853 -0.296395
v 0.049735 -0.539458 -0.295354
v 0.086210 -0.480184 -0.258558
v 0.077846 -0.474949 -0.262648
v 0.048700 -0.454464 -0.279148
v 0.059952 -0.465039 -0.270604
v 0.044652 -0.437870 -0.277211
v 0.032956 -0.447683 -0.284422
v 0.024594 -0.429146 -0.284584
v 0.039315 -0.434305 -0.272923
v 0.026251 -0.427654 -0.276810
v 0.050617 -0.439582 -0.269137
v 0.025514 -0.416832 -0.274336
v 0.011718 -0.407977 -0.285184
v 0.006878 -0.454517 -0.294842
v 0.019122 -0.445758 -0.288492
v 0.011513 -0.431641 -0.289238
v -0.007009 -0.447011 -0.296531
v 0.007780 -0.429505 -0.285969
v -0.010386 -0.445433 -0.292833
v 0.007364 -0.408201 -0.281817
v 0.007217 -0.390029 -0.278971
v 0.010626 -0.383618 -0.280661
v 0.006839 -0.336067 -0.272786
v 0.001675 -0.323176 -0.266798
v -0.051803 -0.253066 -0.264040
v -0.002277 -0.272472 -0.258124
v -0.044355 -0.242388 -0.260555
v -0.038667 -0.233825 -0.257409
v -0.050744 -0.241767 -0.275683
v -0.066506 -0.262341 -0.283253
v -0.051947 -0.225405 -0.274968
v -0.038845 -0.223241 -0.271220
v -0.056206 0.041634 0.073492
v -0.093065 -0.178831 0.094841
v -0.074461 -0.206583 0.088229
v -0.059674 -0.182886 0.044412
v -0.055189 -0.198362 0.044047
v -0.056038 -0.202016 0.049872
v -0.068420 -0.126256 0.043703
v -0.057069 -0.083349 0.038068
v -0.054098 -0.045939 0.057924
v -0.054445 -0.099395 0.037582
v -0.050551 -0.035790 0.073041
v -0.067071 -0.037912 0.079343
v -0.054286 0.014028 0.074083
v -0.052268 -0.014850 0.071900
v -0.069789 0.009564 0.079614
v -0.071968 -0.005077 0.077887
v -0.082830 0.043641 0.084151
v -0.129271 -0.329351 -0.330123
v -0.097708 -0.319721 -0.347740
v -0.115851 -0.321811 -0.334496
v -0.113050 -0.326655 -0.345226
v -0.094966 -0.318246 -0.338696
v -0.125667 -0.324829 -0.316568
v -0.099996 -0.315222 -0.318591
v -0.107172 -0.319888 -0.358795
v -0.059841 -0.253501 -0.334708
v -0.058389 -0.226188 -0.331674
v -0.066023 -0.210892 -0.327129
v -0.084002 -0.089429 0.090786
v -0.086123 -0.182840 0.095916
v -0.081986 -0.181798 0.090746
v -0.090504 -0.143811 0.092345
v -0.089391 -0.134670 0.095338
v -0.080335 -0.161306 0.088882
v -0.081185 -0.196297 0.095213
v -0.098856 -0.188452 0.100673
v -0.075029 -0.161595 0.090843
v -0.078091 -0.133490 0.090232
v -0.065775 -0.153288 0.086506
v -0.089539 -0.102411 0.093651
v -0.084076 -0.112981 0.090954
v -0.079535 -0.092992 0.087928
v -0.082137 -0.116468 0.085951
v -0.068930 -0.144647 0.083535
v -0.055730 -0.172673 0.083735
v -0.060400 -0.158926 0.079579
v -0.079458 -0.199466 0.090413
v -0.066756 -0.224716 0.083613
v -0.062319 -0.224462 0.081686
v -0.067246 -0.234458 0.085518
v -0.054019 -0.218972 0.085917
v -0.043282 -0.236489 0.083407
v -0.063850 -0.217101 0.087915
v -0.067107 -0.202843 0.089123
v -0.055523 -0.213026 0.078419
v -0.061071 -0.214298 0.080116
v -0.032321 -0.217916 0.077630
v -0.054655 -0.198877 0.083548
v -0.067781 -0.181720 0.085547
v -0.069260 -0.193351 0.085863
v -0.064648 -0.178847 0.087870
v -0.054609 -0.173628 0.078252
v -0.054898 -0.200056 0.076132
v -0.049121 -0.199831 0.074407
v -0.033891 -0.223188 0.076598
v -0.028776 -0.207134 0.040001
v -0.044198 -0.198620 0.079308
v -0.047762 -0.207322 0.082156
v -0.051739 -0.178461 0.076818
v -0.051699 -0.157198 0.080346
v -0.028601 -0.192829 0.072587
v -0.034690 -0.171290 0.074137
v -0.033604 -0.169116 0.071866
v -0.029402 -0.188516 0.070001
v -0.022366 -0.204018 0.068776
v -0.040303 -0.224809 0.043656
v -0.044204 -0.225082 0.041475
v -0.032128 -0.206974 0.036301
v -0.033306 -0.196505 0.038918
v -0.040681 -0.185114 0.038350
v -0.026755 -0.206192 0.050863
v -0.060164 -0.214673 0.045465
v -0.067733 -0.227103 0.048229
v -0.060499 -0.210557 0.053406
v -0.111607 -0.684717 -0.348887
v -0.094671 -0.665966 -0.344426
v -0.104427 -0.675001 -0.348916
v -0.089274 -0.654872 -0.345351
v -0.116056 -0.319339 -0.312465
v -0.107590 -0.313035 -0.306238
v -0.100826 -0.314413 -0.328688
v -0.101637 -0.307604 -0.300572
v -0.084044 -0.306760 -0.323394
v -0.073234 -0.309325 -0.331825
v -0.089161 -0.312351 -0.352821
v -0.081753 -0.275406 -0.345249
v -0.078100 -0.269868 -0.338282
v -0.070952 -0.266020 -0.333941
v -0.063275 -0.261108 -0.330055
v -0.074091 -0.215241 -0.332019
v -0.091219 -0.190816 -0.329943
v -0.045118 -0.159239 -0.316142
v -0.080682 -0.196913 -0.332073
v -0.067518 -0.191555 -0.325128
v -0.069368 -0.198287 -0.330605
v -0.047574 -0.213200 -0.324530
v -0.047573 -0.245356 -0.331156
v -0.053477 -0.289501 -0.342377
v -0.112895 0.010693 0.106155
v -0.085316 -0.015881 0.082989
v -0.083946 -0.066504 0.083770
v -0.079899 -0.028683 0.084040
v -0.078558 -0.066263 0.085736
v -0.074626 -0.076058 0.086559
v -0.071026 -0.078711 0.078230
v -0.077509 -0.095053 0.082471
v -0.062133 -0.120961 0.077623
v -0.064179 -0.106743 0.077498
v -0.062777 -0.079097 0.079651
v -0.058828 -0.110800 0.080313
v -0.060019 -0.135184 0.077823
v -0.057355 -0.152403 0.077832
v -0.069530 -0.063688 0.077558
v -0.045935 -0.087811 0.073883
v -0.046923 -0.067285 0.071585
v -0.040270 -0.126135 0.073461
v -0.038051 -0.181139 0.040509
v -0.042190 -0.161977 0.040915
v -0.045216 -0.143835 0.041519
v -0.012618 -0.083467 -0.229292
v -0.015090 -0.027313 -0.220067
v -0.102643 0.035371 0.092023
v -0.016927 -0.070420 -0.301208
v -0.013504 -0.100159 -0.305107
v 0.008421 -0.032893 -0.293770
v -0.013575 -0.085189 -0.306196
v -0.005571 -0.072288 -0.303604
v -0.108856 -0.100896 -0.059552
v -0.089491 -0.155060 -0.067393
v -0.100997 -0.110207 -0.042183
v -0.063108 -0.189660 -0.008013
v -0.096795 -0.128777 -0.083156
v -0.090301 -0.134735 -0.097470
v -0.087375 -0.156855 -0.049703
v -0.080259 -0.190537 -0.060555
v -0.077984 -0.212271 -0.083012
v -0.084283 -0.165718 -0.095396
v -0.074104 -0.180649 -0.025194
v -0.069106 -0.259647 -0.080736
v -0.066165 -0.264835 -0.055574
v -0.071288 -0.301165 -0.085673
v -0.068408 -0.303989 -0.105159
v -0.078375 -0.198894 -0.098845
v -0.062754 -0.239835 -0.115420
v -0.062457 -0.258922 -0.110727
v -0.056392 -0.266893 -0.123339
v -0.048905 -0.252695 -0.125642
v -0.067686 -0.200469 -0.118899
v -0.055196 -0.229638 -0.126060
v -0.058983 -0.288094 -0.121233
v -0.044992 -0.282652 -0.134613
v -0.063130 -0.318239 -0.125742
v -0.038923 -0.265898 -0.139300
v -0.050456 -0.300657 -0.138772
v -0.069800 -0.341227 -0.108125
v -0.069195 -0.340568 -0.082600
v -0.067121 -0.313781 -0.064506
v -0.064915 -0.366924 -0.110286
v -0.060555 -0.358260 -0.075549
v -0.073038 -0.368028 -0.094622
v -0.064156 -0.362519 -0.086444
v -0.067188 -0.360267 -0.071405
v -0.056353 -0.353120 -0.066428
v -0.058643 -0.352001 -0.055451
v -0.067209 -0.365866 -0.068918
v -0.065764 -0.364529 -0.096718
v -0.061479 -0.368190 -0.124654
v -0.073717 -0.376048 -0.111718
v -0.072646 -0.377942 -0.124060
v -0.072622 -0.371279 -0.116415
v -0.078328 -0.381287 -0.116952
v -0.078290 -0.379989 -0.102080
v -0.076012 -0.388688 -0.110899
v -0.075293 -0.378459 -0.084357
v -0.073974 -0.374095 -0.094707
v -0.072445 -0.388959 -0.136974
v -0.048331 -0.358248 -0.146535
v -0.047738 -0.340113 -0.142939
v -0.040126 -0.296190 -0.146666
v -0.030358 -0.293219 -0.150872
v -0.025331 -0.262064 -0.144025
v -0.043333 -0.221855 -0.133845
v -0.031862 -0.246413 -0.133573
v -0.030783 -0.225991 -0.135901
v -0.052047 -0.202469 -0.131508
v -0.044666 -0.113253 -0.141012
v -0.019110 -0.155920 -0.140972
v -0.058873 -0.143484 -0.131294
v -0.068241 -0.160073 -0.123133
v -0.086120 -0.125086 -0.110298
v -0.078141 -0.158720 -0.111756
v -0.099064 -0.314656 -0.284650
v -0.090972 -0.304198 -0.281659
v -0.025788 -0.003686 -0.171825
v -0.025336 -0.000930 -0.169320
v -0.018765 -0.011854 -0.169689
v -0.020399 -0.014366 -0.172671
v -0.051253 -0.072227 -0.192418
v -0.053142 -0.023183 -0.185535
v -0.076207 -0.067761 -0.197635
v -0.096110 -0.022116 -0.193427
v -0.089178 0.003839 -0.189439
v -0.027932 -0.052805 -0.179477
v -0.025027 -0.125555 -0.195177
v -0.084596 -0.302800 0.097300
v -0.093696 0.003926 -0.183491
v -0.093458 -0.009147 -0.190921
v -0.032301 -0.281810 -0.334823
v -0.065805 -0.266962 -0.339626
v -0.053013 -0.258378 -0.327823
v -0.052560 -0.252054 -0.327396
v -0.047307 -0.257900 -0.333927
v -0.080187 -0.305013 -0.352104
v -0.048927 -0.292540 -0.338702
v -0.067409 -0.301071 -0.346649
v -0.062587 -0.305110 -0.331206
v -0.047810 -0.297199 -0.327930
v -0.009015 -0.242031 -0.326002
v -0.019410 -0.274927 -0.330879
v -0.027797 -0.249781 -0.329007
v -0.041119 -0.252899 -0.324108
v -0.041900 -0.244033 -0.323948
v -0.045300 -0.224345 -0.330244
v -0.037495 -0.237495 -0.328673
v -0.026413 -0.189425 -0.317343
v -0.033371 -0.147903 -0.317431
v -0.033588 -0.204971 -0.323700
v -0.023894 -0.224121 -0.324493
v -0.022193 -0.147481 -0.317717
v -0.009502 -0.105535 -0.308414
v -0.030121 -0.126215 -0.314137
v -0.003354 -0.113443 -0.310403
v -0.003891 -0.124875 -0.310382
v 0.016269 -0.052173 -0.295296
v 0.002413 -0.008660 -0.289265
v -0.083251 -0.517217 -0.281477
v -0.083326 -0.515794 -0.274406
v -0.052172 -0.562566 -0.287558
v -0.060326 -0.563586 -0.282295
v -0.061927 -0.581375 -0.289159
v -0.071921 -0.534647 -0.277323
v -0.064823 -0.538211 -0.282652
v -0.063004 -0.524271 -0.273534
v -0.072013 -0.472588 -0.270069
v -0.066899 -0.470256 -0.264579
v -0.056052 -0.463182 -0.257635
v -0.071413 -0.476104 -0.263380
v -0.071611 -0.503910 -0.269077
v -0.051289 -0.540476 -0.281112
v -0.050649 -0.539197 -0.274724
v -0.044043 -0.572729 -0.280751
v -0.045823 -0.589711 -0.288536
v -0.039982 -0.570495 -0.285768
v -0.040088 -0.542728 -0.279215
v -0.061719 -0.517949 -0.275988
v -0.065772 -0.499774 -0.272542
v -0.033476 -0.542805 -0.270819
v -0.027766 -0.545310 -0.276076
v -0.021164 -0.533963 -0.264445
v -0.036633 -0.525656 -0.270744
v -0.014633 -0.529998 -0.264866
v -0.023297 -0.464795 -0.255087
v 0.025121 -0.509170 -0.246821
v -0.059141 0.001224 0.039795
v -0.029315 0.020359 0.049899
v -0.025800 -0.002011 0.049211
v -0.022603 -0.019178 0.048553
v -0.041140 -0.112077 0.032082
v -0.052550 -0.144165 0.018861
v -0.024521 -0.089269 0.040211
v -0.018727 -0.038040 0.047365
v -0.021076 -0.022628 0.054636
v -0.014226 -0.005950 0.075089
v -0.008827 -0.036109 0.074676
v -0.016097 -0.052678 0.052791
v -0.007862 -0.071971 0.043555
v -0.038755 -0.205704 0.005180
v -0.066279 -0.232945 -0.031601
v -0.056748 -0.258282 -0.026382
v -0.056794 -0.324178 -0.052185
v -0.056976 -0.290087 -0.037703
v -0.047229 -0.308641 -0.036881
v -0.050734 -0.346487 -0.057325
v -0.075021 -0.037370 0.082136
v -0.072174 -0.035070 0.077438
v -0.043611 -0.054984 -0.146090
v -0.022498 -0.099576 -0.145869
v 0.001979 -0.145080 -0.138515
v -0.009808 -0.232906 -0.134998
v 0.019533 -0.090004 -0.135366
v 0.013436 -0.080931 -0.138199
v -0.023789 -0.016995 -0.148227
v -0.012869 -0.036878 -0.146209
v -0.017520 -0.028318 -0.148898
v 0.001530 -0.062470 -0.142485
v 0.008123 -0.072946 -0.140551
v 0.005819 -0.063347 -0.152306
v -0.005095 -0.050742 -0.144381
v 0.026357 -0.093697 -0.143602
v 0.015693 -0.070157 -0.160678
v 0.021573 -0.079213 -0.157995
v 0.009940 -0.061667 -0.162224
v -0.001522 -0.042832 -0.165358
v -0.005460 -0.035485 -0.167867
v -0.011528 -0.025184 -0.169179
v -0.021462 -0.052524 -0.180120
v -0.019794 -0.085280 -0.185728
v -0.023970 -0.102714 -0.188400
v 0.004428 -0.053133 -0.165677
v -0.022613 -0.158249 -0.200252
v -0.031135 -0.185680 -0.202573
v -0.021802 -0.172601 -0.197150
v -0.040764 -0.197496 -0.206858
v -0.050562 -0.209206 -0.210494
v -0.059717 -0.221445 -0.214145
v -0.069405 -0.229819 -0.224014
v -0.066202 -0.230965 -0.217229
v -0.042302 -0.238046 -0.216881
v -0.022432 -0.230518 -0.210306
v -0.022431 -0.210726 -0.206147
v -0.021271 -0.264421 -0.214001
v -0.010811 -0.198796 -0.195495
v -0.020175 -0.284558 -0.217927
v -0.018367 -0.294728 -0.212530
v -0.019326 -0.258881 -0.208001
v -0.019505 -0.301220 -0.221479
v -0.008144 -0.242903 -0.201950
v -0.006089 -0.214260 -0.198036
v -0.008674 -0.277443 -0.206340
v -0.006475 -0.189741 -0.194207
v -0.019702 -0.212672 -0.202150
v -0.021026 -0.138086 -0.191409
v -0.022756 -0.192616 -0.202411
v -0.011585 -0.155342 -0.189155
v -0.008401 -0.111639 -0.182872
v -0.006079 -0.160126 -0.189217
v 0.016486 -0.168262 -0.178070
v -0.003828 -0.271466 -0.206402
v 0.014511 -0.267865 -0.197804
v -0.003265 -0.294326 -0.210665
v 0.025758 -0.375310 -0.212999
v -0.000230 -0.340241 -0.218904
v -0.006016 -0.329393 -0.214040
v -0.003986 -0.351991 -0.218348
v -0.016897 -0.354978 -0.224534
v -0.018355 -0.318088 -0.217003
v 0.037008 -0.327990 -0.195624
v 0.002548 -0.368931 -0.223167
v -0.018777 -0.350195 -0.230747
v -0.001358 -0.382522 -0.224673
v -0.015018 -0.388154 -0.230812
v -0.019380 -0.323117 -0.226619
v -0.001950 -0.318574 -0.215270
v -0.007514 -0.305630 -0.210022
v -0.074093 -0.244115 -0.220847
v -0.016387 -0.403277 -0.239092
v -0.017965 -0.377760 -0.235251
v -0.016133 -0.429248 -0.243292
v -0.012409 -0.431773 -0.238202
v -0.040867 -0.472943 -0.255550
v -0.052598 -0.482652 -0.260735
v -0.040508 -0.477836 -0.262058
v -0.048488 -0.484576 -0.265575
v 0.030671 -0.546026 -0.253007
v 0.016336 -0.545096 -0.254018
v -0.018273 -0.546392 -0.266827
v -0.017343 -0.548046 -0.274076
v -0.006085 -0.551141 -0.271069
v -0.028757 -0.574049 -0.286025
v -0.053993 -0.368897 -0.138779
v -0.068157 -0.373081 -0.132185
v -0.075334 -0.381499 -0.130120
v -0.066076 -0.378633 -0.141239
v -0.069814 -0.381571 -0.143594
v -0.072380 -0.410892 -0.122787
v -0.062010 -0.372902 -0.142676
v -0.045979 -0.368749 -0.148592
v -0.067558 -0.396163 -0.149081
v -0.069002 -0.409082 -0.138866
v -0.052596 -0.377593 -0.157644
v -0.064038 -0.388967 -0.155656
v -0.058445 -0.395636 -0.164537
v -0.062537 -0.408815 -0.153900
v -0.072403 -0.413472 -0.108052
v -0.068825 -0.416039 -0.092037
v -0.064766 -0.413208 -0.128282
v -0.060101 -0.410987 -0.145740
v -0.056476 -0.413422 -0.149948
v -0.066413 -0.416008 -0.107548
v -0.057630 -0.441657 -0.141973
v -0.062241 -0.443829 -0.129239
v -0.064230 -0.418397 -0.100481
v -0.058314 -0.445404 -0.152186
v -0.056962 -0.451911 -0.155756
v -0.066311 -0.457851 -0.149793
v -0.063059 -0.461585 -0.160134
v -0.056058 -0.464604 -0.171451
v -0.071626 -0.458103 -0.135029
v -0.062136 -0.450615 -0.142136
v -0.065405 -0.449700 -0.124725
v -0.069615 -0.475494 -0.123933
v -0.063255 -0.447518 -0.112119
v -0.053752 -0.449028 -0.083399
v -0.057638 -0.448343 -0.091023
v -0.062276 -0.417872 -0.076065
v -0.060952 -0.419166 -0.087544
v -0.072905 -0.385732 -0.088884
v -0.073046 -0.457563 -0.103950
v -0.069058 -0.476727 -0.104112
v -0.065832 -0.477035 -0.136630
v -0.066208 -0.459862 -0.080921
v -0.059794 -0.479586 -0.102193
v -0.061152 -0.480499 -0.125294
v -0.052248 -0.503410 -0.136508
v -0.054808 -0.480048 -0.147803
v -0.053839 -0.479306 -0.161982
v -0.047569 -0.466732 -0.179921
v -0.035774 -0.469196 -0.187581
v -0.040813 -0.492559 -0.169631
v -0.039284 -0.455004 -0.176532
v -0.049270 -0.453202 -0.167863
v -0.049878 -0.443008 -0.167173
v -0.053601 -0.441108 -0.151018
v -0.047594 -0.410523 -0.163241
v -0.050099 -0.407326 -0.172294
v -0.046633 -0.439997 -0.162073
v -0.028906 -0.457464 -0.181989
v -0.024344 -0.492959 -0.183947
v -0.045018 -0.485077 -0.159708
v -0.046392 -0.495232 -0.152636
v -0.023256 -0.472969 -0.193589
v -0.026777 -0.509173 -0.173983
v -0.005810 -0.500691 -0.189863
v -0.008008 -0.478717 -0.198622
v -0.027414 -0.509749 -0.166399
v -0.033334 -0.500482 -0.164544
v -0.016913 -0.522240 -0.170829
v -0.014935 -0.520924 -0.177661
v -0.036942 -0.533846 -0.145824
v -0.040013 -0.537641 -0.136750
v -0.051575 -0.511612 -0.109069
v -0.044563 -0.534874 -0.123687
v -0.042761 -0.539657 -0.105393
v -0.064396 -0.477706 -0.089210
v -0.056316 -0.480056 -0.090933
v -0.044653 -0.518743 -0.093969
v -0.058051 -0.479969 -0.078450
v -0.049764 -0.482107 -0.079368
v -0.059176 -0.462834 -0.069203
v -0.046731 -0.451258 -0.072032
v -0.053856 -0.420719 -0.072709
v -0.064151 -0.402736 -0.073729
v -0.046427 -0.420747 -0.061235
v -0.039634 -0.423162 -0.052172
v -0.050890 -0.419225 -0.058104
v -0.046874 -0.401589 -0.047071
v -0.066864 -0.380425 -0.069727
v -0.073643 -0.373678 -0.078710
v -0.068230 -0.369475 -0.063680
v -0.055061 -0.072813 0.040030
v -0.050539 -0.111683 0.039333
v -0.057347 -0.490956 -0.268413
v -0.064307 -0.492420 -0.265238
v -0.059389 -0.362739 -0.047554
v -0.057374 -0.375238 -0.054002
v -0.050507 -0.390093 -0.047048
v -0.051862 -0.373259 -0.045197
v -0.054126 -0.354517 -0.046998
v -0.051708 -0.367281 -0.043671
v -0.053925 -0.363325 -0.042178
v -0.050673 -0.344303 -0.044773
v -0.059225 -0.368558 -0.040344
v -0.062474 -0.370968 -0.024657
v -0.045133 -0.420036 -0.049412
v -0.052195 -0.402036 -0.043824
v -0.057268 -0.398931 -0.026660
v -0.049861 -0.430095 -0.031275
v -0.048125 -0.395013 -0.011153
v -0.050569 -0.374459 -0.009486
v -0.045525 -0.429922 -0.048248
v -0.035295 -0.454912 -0.059068
v -0.046490 -0.468607 -0.054361
v -0.040855 -0.487552 -0.069987
v -0.048446 -0.484445 -0.067265
v -0.029828 -0.515849 -0.071159
v -0.025857 -0.549554 -0.154856
v -0.037306 -0.568161 -0.123443
v -0.030061 -0.588549 -0.139031
v -0.037082 -0.437621 -0.053311
v -0.045972 -0.444486 -0.032949
v -0.042741 -0.416747 -0.013752
v -0.041732 -0.443610 -0.050707
v -0.033074 -0.446932 -0.045265
v -0.032122 -0.441453 -0.050490
v -0.035338 -0.436632 -0.016142
v -0.023880 -0.451652 -0.039554
v -0.027013 -0.444313 -0.048183
v -0.022019 -0.446191 -0.044673
v -0.031213 -0.451590 -0.025450
v -0.023474 -0.461716 -0.052254
v -0.014976 -0.458770 -0.020983
v -0.007597 -0.458878 -0.034922
v -0.013808 -0.450340 -0.041477
v -0.007875 -0.454453 -0.041110
v -0.014935 -0.468684 -0.049384
v -0.028829 -0.464379 -0.048546
v -0.007344 -0.475791 -0.047360
v -0.011704 -0.476092 -0.040184
v -0.022236 -0.483940 -0.035514
v 0.003440 -0.490076 -0.033608
v 0.000819 -0.456066 -0.037768
v -0.032819 -0.477866 -0.041938
v -0.018946 -0.510489 -0.048550
v -0.028506 -0.499992 -0.053128
v -0.016949 -0.509148 -0.056778
v 0.004117 -0.523608 -0.033325
v 0.004040 -0.511312 -0.023830
v 0.001812 -0.532577 -0.044380
v -0.007227 -0.523874 -0.045090
v -0.008929 -0.520016 -0.054412
v 0.006726 -0.534568 -0.049087
v 0.014404 -0.525466 -0.049436
v 0.008107 -0.529967 -0.041215
v -0.001905 -0.529123 -0.052595
v -0.007826 -0.550204 -0.061234
v -0.024028 -0.556925 -0.076245
v 0.008981 -0.600414 -0.055828
v -0.002551 -0.603218 -0.061911
v 0.012133 -0.594046 -0.056395
v -0.013992 -0.615627 -0.070865
v -0.021897 -0.630627 -0.083344
v -0.004760 -0.610653 -0.060805
v -0.017001 -0.624171 -0.069871
v -0.007668 -0.636420 -0.064891
v 0.008887 -0.616521 -0.057054
v 0.003278 -0.632511 -0.063805
v -0.019424 -0.654505 -0.074807
v -0.035594 -0.564107 -0.097427
v -0.032301 -0.613539 -0.119609
v -0.022732 -0.608577 -0.147437
v -0.027415 -0.619635 -0.138301
v -0.023393 -0.614233 -0.150108
v -0.030463 -0.626756 -0.138674
v -0.031621 -0.653116 -0.137068
v -0.022227 -0.631174 -0.150604
v -0.011503 -0.594631 -0.162786
v -0.004358 -0.519378 -0.183144
v -0.005271 -0.525825 -0.178532
v 0.006885 -0.471948 -0.198006
v 0.016098 -0.497413 -0.183834
v 0.012161 -0.505783 -0.179021
v -0.015863 -0.459517 -0.187227
v -0.010424 -0.472987 -0.197820
v -0.024351 -0.441592 -0.187580
v -0.035142 -0.438877 -0.180264
v -0.037994 -0.436617 -0.171100
v -0.005314 -0.444178 -0.193667
v -0.006130 -0.460148 -0.190144
v 0.008344 -0.453943 -0.188349
v -0.005649 -0.430313 -0.193789
v -0.025930 -0.431727 -0.178160
v -0.016355 -0.430501 -0.187773
v -0.013495 -0.425081 -0.182540
v -0.018772 -0.407221 -0.180967
v -0.034508 -0.408990 -0.174309
v -0.031375 -0.405658 -0.183730
v -0.032983 -0.391583 -0.183367
v -0.047737 -0.393763 -0.174898
v -0.056227 -0.385111 -0.167028
v -0.047185 -0.379260 -0.170126
v -0.061692 -0.381719 -0.157865
v -0.053472 -0.372867 -0.153602
v -0.037919 -0.367666 -0.155155
v -0.035582 -0.376499 -0.168612
v -0.031046 -0.377558 -0.178453
v -0.032679 -0.335443 -0.151096
v -0.029723 -0.351057 -0.158909
v -0.018773 -0.290838 -0.152800
v -0.015427 -0.246371 -0.137976
v -0.051544 -0.250323 -0.291055
v -0.018979 -0.245102 -0.277698
v -0.032547 -0.244086 -0.285608
v -0.050285 -0.209350 -0.267318
v -0.013580 -0.045341 -0.223346
v -0.010829 -0.102306 -0.232565
v -0.012217 -0.071516 -0.228225
v -0.009427 -0.117764 -0.235539
v -0.005797 -0.103781 -0.238309
v -0.008406 -0.071872 -0.231973
v -0.009608 -0.032170 -0.224729
v -0.056675 -0.232668 -0.015982
v -0.049795 -0.281312 -0.024184
v -0.042284 -0.251902 -0.011733
v -0.040771 -0.275654 -0.015371
v -0.046583 -0.220017 -0.003410
v -0.039203 -0.293237 -0.024190
v -0.028573 -0.319674 -0.033956
v -0.020797 -0.313162 -0.029168
v -0.027297 -0.271135 -0.008649
v -0.015976 -0.288795 -0.020917
v -0.004290 -0.308236 -0.028050
v -0.012741 -0.309326 -0.026236
v -0.025664 -0.240097 -0.004380
v -0.011116 -0.267854 -0.007612
v -0.011879 -0.232394 -0.002936
v 0.005618 -0.264524 -0.012209
v 0.003673 -0.235274 -0.007571
v -0.027034 -0.199295 0.010802
v 0.019640 -0.240238 -0.016828
v -0.036507 -0.144443 0.026016
v -0.051825 -0.349414 -0.011337
v -0.045437 -0.368227 -0.001375
v -0.038721 -0.411351 -0.013041
v -0.025572 -0.442496 -0.011566
v 0.005354 -0.480675 -0.045215
v 0.003708 -0.462198 -0.017679
v 0.016810 -0.456659 -0.026509
v 0.003886 -0.460103 -0.031082
v 0.004522 -0.456362 -0.038735
v 0.010345 -0.478909 -0.045345
v 0.003229 -0.487272 -0.044120
v 0.020770 -0.468118 -0.046236
v 0.004808 -0.493414 -0.029862
v 0.018137 -0.500114 -0.026149
v -0.013276 -0.495193 -0.030159
v 0.010901 -0.511892 -0.024793
v 0.020522 -0.516851 -0.044140
v 0.028862 -0.491289 -0.028887
v 0.010388 -0.555663 -0.052276
v 0.023863 -0.511601 -0.050906
v 0.036636 -0.525981 -0.068284
v 0.045981 -0.482460 -0.059539
v 0.041198 -0.491139 -0.048247
v 0.035374 -0.495427 -0.053734
v 0.036814 -0.548124 -0.073332
v 0.042809 -0.560593 -0.082551
v 0.053305 -0.537182 -0.102796
v 0.049274 -0.577935 -0.096447
v 0.040990 -0.610963 -0.081983
v 0.037253 -0.610426 -0.071664
v 0.016968 -0.600872 -0.055678
v 0.027396 -0.601398 -0.066266
v 0.021194 -0.616385 -0.058702
v -0.014230 -0.649031 -0.070498
v -0.007336 -0.648482 -0.070521
v -0.012462 -0.658407 -0.075009
v -0.004344 -0.656803 -0.063756
v -0.024278 -0.668571 -0.083460
v -0.019005 -0.665372 -0.077083
v -0.027517 -0.644848 -0.086692
v -0.028165 -0.674611 -0.093834
v -0.034380 -0.681997 -0.108049
v -0.037946 -0.701941 -0.100380
v -0.040535 -0.702103 -0.121183
v -0.026285 -0.713889 -0.102331
v -0.030192 -0.712801 -0.116709
v -0.029829 -0.710958 -0.133526
v -0.036121 -0.678949 -0.126559
v -0.033948 -0.669573 -0.121146
v -0.033800 -0.669977 -0.134676
v -0.033500 -0.674623 -0.136252
v -0.029329 -0.714666 -0.123835
v -0.038259 -0.697507 -0.142429
v -0.033139 -0.676212 -0.143439
v -0.028594 -0.658388 -0.104076
v -0.034524 -0.644073 -0.124104
v -0.030707 -0.645495 -0.116101
v -0.029469 -0.691065 -0.157718
v -0.025146 -0.641096 -0.091860
v -0.030641 -0.631349 -0.127130
v -0.015974 0.025065 0.076950
v -0.007509 -0.090322 0.058095
v -0.014120 -0.055405 0.045834
v -0.000455 -0.081176 0.075284
v -0.010571 -0.078513 0.051059
v -0.010202 -0.066480 0.046322
v -0.013753 -0.134188 0.032251
v -0.014836 -0.179906 0.018904
v 0.002873 -0.176540 0.018480
v 0.007169 -0.103408 0.037589
v -0.007308 -0.092622 0.049128
v 0.000506 -0.093117 0.041871
v -0.002993 -0.082884 0.042367
v 0.003374 -0.097320 0.039236
v 0.010008 -0.113429 0.034966
v 0.025754 -0.183043 0.008233
v -0.006280 -0.020137 0.077080
v 0.002375 -0.069237 0.077360
v -0.001119 -0.125623 0.047582
v 0.010452 -0.113042 0.037053
v 0.015178 -0.116659 0.035282
v 0.013002 -0.112903 0.036290
v 0.017650 -0.113315 0.037859
v 0.003104 -0.149241 0.046652
v 0.018715 -0.144666 0.035508
v 0.015504 -0.111594 0.033627
v 0.013478 -0.117328 0.032757
v 0.019572 -0.150665 0.022897
v 0.037546 -0.126000 0.021981
v 0.038122 -0.136295 0.018463
v 0.021067 -0.212078 -0.005413
v 0.033240 -0.116633 0.025671
v 0.014907 -0.103002 0.035252
v 0.029323 -0.106334 0.029389
v 0.021820 -0.093111 0.034707
v 0.028152 -0.100604 0.032490
v 0.035704 -0.119953 0.026988
v 0.023320 -0.119030 0.039076
v 0.001181 -0.136922 0.057616
v 0.007956 -0.175338 0.045619
v 0.011165 -0.194758 0.046196
v 0.007086 -0.121790 0.077312
v 0.011536 -0.150404 0.078703
v 0.011790 -0.124817 0.078836
v 0.016304 -0.177167 0.079132
v 0.023400 -0.208296 0.081603
v 0.008988 -0.182444 0.054980
v 0.014934 -0.215699 0.046267
v 0.026916 -0.227735 0.080260
v 0.017386 -0.230182 0.046657
v 0.023817 -0.261734 0.055202
v 0.021934 -0.254103 0.046036
v 0.026327 -0.278809 0.046100
v 0.023482 -0.173046 0.036001
v 0.024934 -0.147970 0.039266
v 0.032615 -0.110693 0.030611
v 0.028881 -0.155952 0.039610
v 0.038144 -0.156551 0.030962
v 0.041570 -0.142751 0.017414
v -0.042942 -0.102430 0.071587
v -0.047389 -0.105384 0.057269
v -0.037101 -0.147711 0.071928
v -0.035607 -0.329084 -0.040659
v -0.040607 -0.334242 -0.045335
v -0.046362 -0.340920 -0.051351
v -0.032729 -0.325324 -0.036705
v -0.047636 -0.352295 -0.034439
v -0.033223 -0.325619 -0.025808
v -0.010252 -0.305493 -0.018174
v 0.002003 -0.309961 -0.030728
v 0.002209 -0.305573 -0.016608
v -0.023548 -0.314375 -0.020449
v -0.030373 -0.327682 -0.021423
v -0.034509 -0.333838 -0.023139
v -0.026729 -0.323252 -0.016333
v -0.022166 -0.318861 -0.014740
v -0.017721 -0.313608 -0.013044
v -0.004649 -0.304738 -0.010697
v -0.040498 -0.327504 -0.016878
v -0.040448 -0.342526 -0.028018
v -0.049298 -0.347546 -0.028109
v -0.042912 -0.390900 -0.010408
v -0.044368 -0.373350 -0.009719
v -0.033917 -0.392799 0.002060
v -0.035177 -0.372171 0.003839
v -0.032811 -0.369566 0.015051
v -0.032288 -0.359830 0.014266
v -0.029888 -0.350478 0.007633
v -0.035855 -0.320102 0.005380
v -0.028924 -0.306213 -0.005376
v -0.035200 -0.347241 0.007320
v -0.026739 -0.338975 0.008894
v -0.027152 -0.358258 0.012791
v -0.026221 -0.367809 0.021334
v -0.026851 -0.329941 0.013441
v -0.019036 -0.327755 0.012739
v -0.023672 -0.300671 0.014843
v -0.017578 -0.318938 0.019326
v -0.017248 -0.286769 0.003766
v -0.010312 -0.319021 0.016095
v -0.020762 -0.369619 0.020536
v -0.010933 -0.347973 0.022467
v -0.003633 -0.373642 0.028484
v -0.017256 -0.383350 0.021647
v -0.027287 -0.373632 0.013206
v -0.029766 -0.406562 0.001003
v -0.032400 -0.429228 -0.017206
v -0.024183 -0.435615 -0.013531
v -0.012217 -0.440516 -0.008517
v -0.008613 -0.447581 -0.006555
v -0.017318 -0.416467 0.005345
v -0.000147 -0.442351 -0.006048
v 0.007004 -0.448663 -0.005620
v 0.012797 -0.450713 -0.039855
v 0.023561 -0.453932 -0.020570
v 0.021787 -0.446247 -0.043335
v 0.028447 -0.442163 -0.047606
v 0.018263 -0.467106 -0.047354
v 0.030382 -0.455323 -0.053249
v 0.027831 -0.460659 -0.049273
v 0.017225 -0.476042 -0.035220
v 0.027083 -0.465678 -0.039835
v 0.035698 -0.457612 -0.045100
v 0.041187 -0.476915 -0.034913
v 0.052247 -0.465527 -0.043026
v 0.058174 -0.473631 -0.060229
v 0.054424 -0.474047 -0.067582
v 0.059166 -0.468861 -0.077755
v 0.062261 -0.466086 -0.089344
v 0.051413 -0.516231 -0.089120
v 0.054304 -0.534632 -0.133737
v 0.049371 -0.628556 -0.112272
v 0.054682 -0.541773 -0.118640
v 0.049912 -0.546110 -0.141381
v 0.059543 -0.500532 -0.142014
v 0.065241 -0.463704 -0.137800
v -0.030531 -0.209584 -0.267547
v -0.008218 -0.137261 -0.239784
v -0.005375 -0.140020 -0.244651
v -0.003053 -0.126616 -0.242201
v 0.005596 -0.135738 -0.240956
v -0.011554 -0.157500 -0.249701
v 0.008606 -0.143477 -0.238268
v 0.006785 -0.109713 -0.234716
v 0.001667 -0.040701 -0.223029
v -0.011947 -0.002097 -0.219339
v 0.005079 -0.052462 -0.222496
v -0.001529 0.003669 -0.215320
v 0.003043 0.000417 -0.194481
v 0.016331 0.005867 -0.192400
v 0.001729 0.016830 -0.207494
v 0.000154 -0.016796 -0.218441
v 0.003488 -0.021920 -0.216205
v 0.004752 -0.030655 -0.198594
v 0.020344 -0.012496 -0.184865
v 0.027205 -0.015409 -0.190159
v 0.027959 -0.024021 -0.183141
v 0.031860 -0.032271 -0.181482
v 0.004130 -0.068824 -0.227634
v 0.005374 -0.087841 -0.231453
v 0.006578 -0.055116 -0.202488
v 0.007551 -0.069085 -0.207223
v 0.008858 -0.092700 -0.213301
v 0.029729 -0.088327 -0.198917
v 0.038366 -0.040551 -0.179596
v 0.057731 -0.068697 -0.173145
v 0.045692 -0.054414 -0.178328
v 0.048188 -0.051780 -0.178159
v 0.040563 -0.013454 -0.197581
v 0.032324 0.001628 -0.199683
v 0.048469 -0.025488 -0.194863
v 0.036428 -0.030559 -0.187171
v 0.013394 0.001788 -0.186854
v -0.028079 -0.247828 -0.320825
v -0.030155 -0.233043 -0.320164
v -0.020229 -0.222893 -0.317261
v -0.010478 -0.209841 -0.320426
v -0.021212 -0.161802 -0.314689
v -0.015639 -0.142432 -0.314154
v 0.001481 -0.152704 -0.315718
v -0.015455 -0.179519 -0.318145
v -0.010718 -0.188895 -0.320138
v 0.002946 -0.143789 -0.313760
v 0.007985 -0.088403 -0.304992
v 0.015610 -0.109295 -0.307981
v 0.003286 -0.073139 -0.300578
v 0.012724 -0.091261 -0.302047
v 0.018999 -0.073120 -0.299026
v 0.030695 -0.057295 -0.286562
v 0.019332 0.004485 -0.274473
v 0.023210 -0.014340 -0.277957
v 0.024622 0.008831 -0.272916
v -0.010164 -0.272909 -0.326567
v 0.001605 -0.272724 -0.311673
v 0.009889 -0.262865 -0.323229
v -0.010530 -0.239891 -0.314740
v 0.001410 -0.233504 -0.311085
v 0.002112 -0.187608 -0.316928
v 0.005834 -0.170383 -0.313938
v 0.006679 -0.158805 -0.310299
v 0.003499 -0.132267 -0.313274
v 0.019885 -0.123368 -0.309156
v 0.017148 -0.102264 -0.303156
v 0.012062 -0.017904 -0.287614
v 0.035409 0.000153 -0.278552
v -0.042197 -0.382527 -0.177220
v -0.023353 -0.380645 -0.184127
v -0.020586 -0.374892 -0.173657
v -0.037726 -0.371526 -0.165366
v -0.017775 -0.333282 -0.154336
v -0.027318 -0.278037 -0.143309
v -0.008563 -0.275679 -0.144715
v 0.005204 -0.250634 -0.136287
v -0.029831 -0.464423 -0.250743
v -0.024237 -0.439288 -0.243406
v -0.020840 -0.456816 -0.246585
v -0.014154 -0.456413 -0.249779
v 0.004959 -0.453274 -0.242535
v -0.011927 -0.450116 -0.242356
v -0.004662 -0.449716 -0.244867
v -0.006625 -0.443528 -0.238207
v 0.001737 -0.435051 -0.234207
v 0.032188 -0.468871 -0.234611
v 0.037385 -0.470396 -0.226972
v 0.018243 -0.458091 -0.233374
v 0.018149 -0.460604 -0.239126
v 0.004969 -0.450828 -0.236938
v 0.007899 -0.432436 -0.234481
v 0.003770 -0.391752 -0.227201
v 0.003789 -0.412797 -0.230636
v 0.025188 -0.448287 -0.227260
v 0.020342 -0.439699 -0.231707
v 0.036064 -0.448868 -0.226417
v 0.050109 -0.414517 -0.206867
v 0.051577 -0.458130 -0.219991
v 0.046781 -0.271163 -0.177374
v 0.039599 -0.164312 -0.159565
v 0.008359 -0.023274 0.074123
v 0.015727 -0.045157 0.071169
v 0.019935 -0.069664 0.072260
v 0.022418 -0.101801 0.074407
v 0.021676 -0.179854 0.081497
v 0.025480 -0.101947 0.071233
v 0.029761 -0.216146 0.083160
v 0.038750 -0.183696 0.074497
v 0.030564 -0.138617 0.073847
v 0.034825 -0.161302 0.065885
v 0.029242 -0.126624 0.065263
v 0.026229 -0.103986 0.064538
v 0.032151 -0.144324 0.065541
v 0.037502 -0.274493 0.079433
v 0.043787 -0.206839 0.074980
v 0.035226 -0.247075 0.082573
v 0.033899 -0.235253 0.036145
v 0.028345 -0.204175 0.036365
v 0.042787 -0.150586 0.015706
v 0.031613 -0.182590 0.039523
v 0.042879 -0.196568 0.031000
v 0.038112 -0.158384 0.011560
v 0.025204 -0.268773 -0.026284
v 0.009677 -0.283640 -0.024359
v -0.004993 -0.294945 -0.003040
v 0.003869 -0.358542 0.026370
v -0.006323 -0.307512 0.025125
v -0.003180 -0.315058 0.016489
v -0.005474 -0.387599 0.026119
v 0.009303 -0.388905 0.025153
v 0.014551 -0.365243 0.023682
v -0.016549 -0.400191 0.015890
v -0.031122 -0.182972 -0.258913
v -0.024666 -0.187784 -0.262603
v -0.020969 -0.198363 -0.261284
v -0.029792 -0.176926 -0.251665
v -0.011093 -0.149112 -0.242405
v -0.018105 -0.160690 -0.246132
v -0.026050 -0.499407 -0.060452
v -0.037197 -0.492465 -0.058615
v -0.033395 -0.493210 -0.064696
v 0.010226 -0.013895 0.071258
v 0.022662 -0.084556 0.065988
v 0.020314 -0.067141 0.064550
v 0.016716 -0.050010 0.066079
v 0.043961 -0.112783 0.060494
v 0.034435 -0.052609 0.060717
v 0.006449 0.008713 0.063471
v 0.009651 -0.006500 0.063510
v 0.012652 -0.023959 0.064812
v 0.042721 -0.032883 0.054496
v 0.035607 -0.022461 0.057462
v 0.027789 -0.007686 0.059528
v 0.050724 -0.045387 0.050418
v -0.032624 -0.471589 -0.258729
v -0.004792 -0.238743 -0.252256
v -0.031476 -0.223616 -0.254153
v -0.023362 -0.211392 -0.249944
v -0.003360 -0.254005 -0.255248
v 0.000732 -0.252609 -0.259052
v 0.002472 -0.275205 -0.262544
v -0.000319 -0.298471 -0.262748
v 0.004589 -0.305024 -0.267484
v 0.017349 -0.323463 -0.266757
v 0.019296 -0.338519 -0.268677
v 0.016946 -0.307861 -0.263737
v 0.015171 -0.285731 -0.259982
v -0.001325 -0.228312 -0.254999
v -0.006410 -0.220890 -0.249016
v -0.016886 -0.201847 -0.246695
v -0.009419 -0.171729 -0.255171
v 0.009330 -0.153749 -0.226548
v 0.029694 -0.149173 -0.214170
v 0.004026 -0.158547 -0.245329
v -0.004224 -0.171968 -0.251791
v 0.010710 -0.134126 -0.221999
v 0.010036 -0.112948 -0.217046
v -0.021267 -0.700787 -0.155776
v -0.031847 -0.697365 -0.084477
v 0.003515 -0.649842 -0.063783
v 0.013510 -0.657701 -0.047622
v 0.013675 -0.646937 -0.053908
v 0.014905 -0.621661 -0.059835
v 0.015350 -0.642999 -0.059647
v 0.021450 -0.646762 -0.057632
v 0.030639 -0.633764 -0.070670
v 0.039725 -0.633815 -0.074937
v 0.041015 -0.643068 -0.082245
v 0.034466 -0.647843 -0.073268
v 0.032097 -0.649237 -0.065731
v 0.040242 -0.650762 -0.080539
v 0.040931 -0.652239 -0.074587
v 0.023891 -0.644922 -0.064569
v 0.018600 -0.658265 -0.046650
v -0.009529 -0.681747 -0.060333
v -0.000906 -0.674736 -0.053073
v -0.024641 -0.707027 -0.084581
v -0.020714 -0.710998 -0.088157
v -0.015329 -0.707239 -0.077554
v -0.026220 -0.736979 -0.097923
v -0.026490 -0.737563 -0.104114
v -0.023144 -0.366266 -0.162306
v -0.008830 -0.347983 -0.163592
v -0.020429 -0.369900 -0.170932
v -0.010975 -0.365283 -0.164522
v -0.013772 -0.390129 -0.188685
v -0.010761 -0.403207 -0.189677
v -0.008171 -0.375415 -0.182121
v 0.002405 -0.405353 -0.183418
v 0.015798 -0.420126 -0.187302
v -0.001479 -0.418483 -0.183972
v -0.001859 -0.374652 -0.175799
v -0.000484 -0.369171 -0.173125
v -0.001592 -0.377548 -0.185880
v 0.011868 -0.388638 -0.187911
v 0.014281 -0.401241 -0.188456
v 0.013361 -0.404212 -0.181217
v 0.014759 -0.372477 -0.171770
v -0.001647 -0.330636 -0.153510
v 0.006577 -0.291153 -0.149591
v -0.003895 -0.261485 -0.144459
v 0.015014 -0.276535 -0.138816
v 0.021589 -0.265650 -0.132443
v 0.028850 -0.309363 -0.139808
v 0.017245 -0.327544 -0.148001
v 0.026904 -0.294642 -0.138081
v 0.036796 -0.328606 -0.132582
v 0.013441 -0.343932 -0.158225
v 0.006745 -0.363491 -0.162230
v 0.028376 -0.343530 -0.148152
v 0.038642 -0.305605 -0.126428
v 0.040881 -0.343443 -0.129743
v 0.046223 -0.337570 -0.107487
v 0.046716 -0.336873 -0.093629
v 0.043907 -0.304295 -0.113866
v 0.047667 -0.287568 -0.084610
v 0.032280 -0.282029 -0.126002
v 0.020543 -0.212860 -0.125140
v 0.026849 -0.102848 -0.131260
v 0.046480 -0.127436 -0.115806
v 0.018376 -0.229685 -0.126105
v 0.020242 -0.251145 -0.127450
v 0.030673 -0.243560 -0.115447
v 0.040460 -0.239233 -0.099999
v 0.057090 -0.148191 -0.101406
v 0.052799 -0.138823 -0.108467
v 0.041546 -0.119672 -0.120793
v 0.027847 -0.100076 -0.132170
v 0.035021 -0.097976 -0.150758
v 0.028367 -0.089047 -0.154607
v 0.041116 -0.106376 -0.145871
v 0.035260 -0.111126 -0.125984
v 0.054409 -0.120965 -0.137038
v 0.048528 -0.114670 -0.141677
v 0.057852 -0.124844 -0.132940
v 0.064554 -0.131471 -0.127070
v 0.061882 -0.141694 -0.113363
v 0.069499 -0.142814 -0.117050
v 0.070952 -0.156255 -0.128766
v 0.066404 -0.133882 -0.128650
v -0.022503 -0.714761 -0.127988
v -0.021049 -0.712624 -0.138056
v -0.017827 -0.708276 -0.147577
v -0.021567 -0.725250 -0.120450
v -0.021353 -0.742600 -0.159009
v -0.025266 -0.763657 -0.115405
v -0.018125 -0.759333 -0.169846
v -0.017321 -0.774851 -0.168982
v -0.007641 -0.728572 -0.174843
v -0.004839 -0.706445 -0.164429
v -0.011404 -0.706822 -0.158835
v -0.010104 -0.693604 -0.174780
v -0.019215 -0.688636 -0.168445
v 0.014944 -0.692361 -0.174596
v 0.008825 -0.664837 -0.171062
v -0.007125 -0.673351 -0.173805
v -0.007238 -0.649540 -0.169841
v -0.012851 -0.654936 -0.166331
v -0.025599 -0.669592 -0.155045
v -0.024593 -0.666907 -0.148330
v -0.019659 -0.663549 -0.160816
v -0.014450 -0.655581 -0.158570
v -0.027384 -0.656974 -0.139769
v -0.033505 -0.666503 -0.128729
v -0.018731 -0.639846 -0.149658
v -0.004939 -0.616794 -0.163595
v -0.004162 -0.553087 -0.174162
v 0.015164 -0.551772 -0.169665
v 0.039828 -0.493037 -0.173355
v 0.026753 -0.487644 -0.179139
v 0.033750 -0.477695 -0.184312
v 0.034202 -0.456874 -0.191126
v 0.014233 -0.455154 -0.190846
v -0.028537 -0.728528 -0.111797
v -0.021110 -0.733302 -0.113086
v -0.019957 -0.741132 -0.106417
v -0.027273 -0.766525 -0.137070
v -0.023251 -0.774484 -0.123490
v -0.024440 -0.772589 -0.152615
v -0.005852 -0.771483 -0.182756
v -0.010585 -0.781367 -0.173911
v 0.011996 -0.738581 -0.179215
v 0.012384 -0.706171 -0.165050
v 0.031659 -0.695327 -0.169536
v 0.028886 -0.669855 -0.163381
v 0.012304 -0.660304 -0.167079
v 0.023598 -0.707433 -0.160203
v 0.034536 -0.703549 -0.161618
v 0.043955 -0.698172 -0.160956
v 0.043678 -0.716645 -0.155674
v 0.032994 -0.713917 -0.155462
v 0.041703 -0.704817 -0.156266
v 0.053081 -0.701138 -0.149467
v 0.046676 -0.674943 -0.148717
v 0.057441 -0.677200 -0.129754
v 0.049571 -0.709622 -0.141935
v 0.053890 -0.710644 -0.130313
v 0.061577 -0.700961 -0.129372
v 0.054331 -0.709793 -0.113054
v 0.044212 -0.671157 -0.144790
v 0.049809 -0.669383 -0.134109
v 0.043912 -0.638000 -0.148798
v 0.053887 -0.644463 -0.128198
v 0.054996 -0.664567 -0.124572
v 0.052731 -0.672538 -0.125938
v 0.062759 -0.695616 -0.112128
v 0.063164 -0.758494 -0.128091
v 0.037600 -0.652815 -0.152965
v 0.043917 -0.635198 -0.146293
v 0.037833 -0.660946 -0.149559
v -0.006641 -0.273260 0.009600
v 0.005128 -0.309959 -0.010977
v 0.016985 -0.301745 -0.004395
v 0.008768 -0.292099 0.000318
v 0.027253 -0.311010 0.008454
v 0.025779 -0.312017 -0.010912
v 0.009469 -0.315617 -0.014316
v 0.014865 -0.312968 -0.025246
v -0.009567 -0.278075 0.022333
v -0.004518 -0.276757 0.022915
v 0.002399 -0.283945 0.020384
v 0.005509 -0.318956 0.015725
v 0.012528 -0.316013 0.020541
v 0.015150 -0.298565 0.015743
v 0.014088 -0.324394 0.012883
v 0.023366 -0.361800 0.015685
v 0.024828 -0.387384 0.014589
v 0.022180 -0.370533 0.018013
v 0.028290 -0.366937 0.019288
v 0.002719 -0.404249 0.020117
v -0.005762 -0.404391 0.019071
v 0.028746 -0.403871 0.004355
v 0.043637 -0.395530 -0.014147
v 0.037960 -0.423617 -0.018603
v 0.041321 -0.410180 -0.016450
v 0.047252 -0.411496 -0.016294
v 0.015333 -0.405670 0.014924
v -0.022860 -0.692664 -0.072153
v -0.006275 -0.690923 -0.063189
v -0.017273 -0.702194 -0.073078
v -0.017766 -0.748678 -0.098796
v -0.021189 -0.780167 -0.148343
v -0.017326 -0.780900 -0.162868
v -0.003473 -0.781829 -0.178805
v -0.023153 -0.817223 -0.149898
v -0.018375 -0.817084 -0.169663
v -0.020255 -0.780127 -0.134728
v -0.022092 -0.814313 -0.137180
v -0.017136 -0.780160 -0.122707
v -0.015630 -0.815310 -0.121253
v -0.011832 -0.780177 -0.111428
v -0.017212 -0.769651 -0.099517
v -0.023890 -0.747946 -0.093787
v -0.021356 -0.754911 -0.082931
v -0.015369 -0.742301 -0.062986
v -0.015541 -0.756496 -0.092403
v -0.019822 -0.765848 -0.086528
v -0.013450 -0.771917 -0.082945
v -0.013423 -0.778608 -0.094733
v -0.014033 -0.773038 -0.098491
v -0.008663 -0.778959 -0.101157
v -0.018534 -0.818161 -0.132245
v -0.008617 -0.816472 -0.111994
v 0.003032 -0.818769 -0.117062
v -0.017495 -0.819939 -0.167332
v 0.017174 -0.818808 -0.172015
v -0.004491 -0.817667 -0.180153
v 0.019714 -0.815061 -0.176106
v 0.008805 -0.813461 -0.180542
v 0.019679 -0.782493 -0.175291
v 0.040684 -0.818905 -0.139586
v -0.009017 -0.799367 -0.108640
v -0.002716 -0.816483 -0.111718
v 0.001948 -0.806540 -0.110446
v -0.003262 -0.798805 -0.094434
v -0.005834 -0.778615 -0.092738
v -0.014333 -0.761546 -0.071529
v -0.004952 -0.768178 -0.077789
v -0.012211 -0.752685 -0.059397
v -0.005557 -0.758349 -0.062345
v -0.005708 -0.741042 -0.042844
v -0.005285 -0.751796 -0.053214
v -0.000499 -0.783850 -0.068068
v 0.001810 -0.799981 -0.076832
v 0.002398 -0.803853 -0.089489
v 0.018853 -0.810291 -0.074479
v -0.003531 -0.766619 -0.065896
v 0.006902 -0.801670 -0.070623
v 0.002514 -0.789009 -0.066193
v -0.005440 -0.776026 -0.060288
v 0.000703 -0.796244 -0.063236
v -0.002391 -0.782097 -0.057979
v -0.002185 -0.795582 -0.035159
v 0.003219 -0.806759 -0.046476
v 0.013649 -0.809224 -0.093696
v 0.015044 -0.808271 -0.117287
v 0.025969 -0.818295 -0.126073
v 0.005896 -0.805312 -0.064994
v -0.000233 -0.804117 -0.040688
v -0.007131 -0.805929 -0.039689
v 0.000181 -0.813199 -0.044061
v -0.008831 -0.790793 -0.027643
v -0.009150 -0.807233 -0.025329
v -0.002254 -0.811355 -0.023891
v -0.006167 -0.815401 -0.032858
v -0.007328 -0.812321 -0.040304
v 0.024428 -0.808246 -0.121993
v 0.027497 -0.818231 -0.165844
v 0.033603 -0.814972 -0.161507
v 0.020210 -0.774550 -0.180233
v 0.029045 -0.774235 -0.174485
v 0.033579 -0.760549 -0.174632
v 0.021570 -0.750600 -0.180641
v 0.042455 -0.768691 -0.161382
v 0.037140 -0.777199 -0.161574
v 0.029701 -0.781557 -0.164944
v 0.035299 -0.743563 -0.168633
v -0.006040 -0.748946 -0.181617
v 0.009487 -0.767019 -0.184487
v 0.006226 -0.783142 -0.179989
v 0.037005 -0.017354 0.065464
v 0.022957 0.010038 0.069963
v 0.040763 0.001717 0.075530
v 0.049719 -0.036194 0.059772
v 0.057116 -0.024800 0.069417
v 0.060630 -0.058628 0.049543
v 0.067013 -0.062539 0.051495
v -0.023104 -0.459268 -0.302256
v -0.011144 -0.467898 -0.301710
v -0.011439 -0.471621 -0.297239
v 0.000093 -0.463640 -0.292828
v 0.022071 -0.448343 -0.283189
v 0.015804 -0.451546 -0.285845
v 0.008531 -0.456917 -0.289521
v 0.014297 -0.006076 -0.229737
v 0.048634 -0.052467 -0.240998
v 0.032969 -0.171135 -0.266129
v 0.064457 -0.235692 -0.263691
v 0.059376 -0.233054 -0.260312
v 0.049471 -0.218524 -0.260470
v 0.075310 -0.238308 -0.273336
v 0.039683 -0.256031 -0.281539
v 0.029406 -0.263527 -0.306502
v 0.024600 -0.261690 -0.318125
v 0.005791 -0.268238 -0.321230
v -0.004735 -0.645089 -0.166534
v 0.008152 -0.628519 -0.164644
v 0.008874 -0.618616 -0.169756
v 0.009885 -0.598678 -0.171279
v 0.016670 -0.597762 -0.166276
v 0.020629 -0.610131 -0.168807
v 0.027520 -0.615059 -0.164420
v 0.025139 -0.608529 -0.160917
v 0.032782 -0.554445 -0.161122
v 0.033247 -0.595424 -0.154369
v 0.044086 -0.557224 -0.148920
v 0.019878 -0.633703 -0.166343
v 0.033693 -0.621628 -0.151987
v 0.045273 -0.613197 -0.134225
v 0.006361 -0.554468 -0.267476
v 0.010151 -0.555275 -0.259156
v -0.001599 -0.551122 -0.262344
v 0.009853 -0.218649 -0.249188
v 0.011580 -0.235817 -0.251693
v -0.003893 -0.202687 -0.249830
v -0.008678 -0.200204 -0.245071
v -0.013644 -0.185435 -0.258158
v -0.001192 -0.173294 -0.243934
v 0.005702 -0.161903 -0.236725
v 0.006697 -0.182355 -0.242155
v -0.004482 -0.183464 -0.246381
v -0.008030 -0.185753 -0.245426
v -0.011947 -0.193093 -0.244592
v -0.010451 -0.732675 -0.058309
v -0.006783 -0.733176 -0.048036
v -0.000194 -0.744568 -0.039525
v -0.005520 -0.766269 -0.044921
v -0.002456 -0.769529 -0.040277
v -0.002140 -0.757594 -0.035052
v 0.002217 -0.760835 -0.031603
v 0.005978 -0.234584 -0.322182
v -0.003822 -0.201335 -0.317717
v -0.003152 -0.202520 -0.312097
v 0.002683 -0.188989 -0.310292
v 0.014909 -0.161253 -0.314153
v 0.019279 -0.175390 -0.308317
v 0.025951 -0.176715 -0.314212
v 0.026300 -0.188954 -0.306081
v 0.039364 -0.162516 -0.309349
v 0.025842 -0.138512 -0.309476
v 0.032841 -0.151536 -0.308682
v 0.026150 -0.134249 -0.304094
v 0.021779 -0.120780 -0.303968
v 0.033349 -0.150634 -0.302878
v 0.046199 -0.150321 -0.295798
v 0.044487 -0.123935 -0.293543
v 0.025872 -0.102601 -0.300711
v -0.006957 -0.699471 -0.068907
v -0.000759 -0.695212 -0.065363
v 0.010337 -0.685521 -0.059441
v 0.008925 -0.677968 -0.050652
v 0.016122 -0.666205 -0.042769
v 0.022758 -0.675724 -0.049879
v -0.004966 -0.712956 -0.058542
v -0.001661 -0.727048 -0.046964
v 0.008636 -0.752375 -0.022256
v 0.011242 -0.742335 -0.027061
v -0.003420 -0.794096 -0.010129
v -0.004789 -0.805135 -0.018102
v -0.001503 -0.814180 -0.006731
v -0.002257 -0.808243 0.002875
v -0.005848 -0.781697 -0.019211
v -0.001013 -0.779366 -0.022525
v 0.009658 -0.758327 -0.023612
v 0.006131 -0.733142 -0.033863
v 0.013679 -0.729330 -0.032926
v 0.005592 -0.720105 -0.044116
v 0.006309 -0.712568 -0.044731
v 0.026034 -0.751220 -0.013275
v 0.022483 -0.757773 -0.014739
v 0.009145 -0.172379 -0.229836
v 0.036686 -0.206251 -0.221591
v 0.071001 -0.207926 -0.195886
v 0.063317 -0.077858 -0.170676
v 0.048757 -0.047628 -0.183187
v 0.059259 -0.015334 -0.183710
v 0.046950 0.005543 -0.188294
v 0.068584 0.000141 -0.162777
v 0.055553 0.001565 -0.175439
v 0.050134 -0.001506 -0.175960
v 0.046664 0.000365 -0.180980
v 0.056102 -0.009968 -0.172820
v 0.053574 -0.012414 -0.178351
v 0.059050 -0.021869 -0.174630
v 0.068700 -0.012808 -0.166997
v 0.083307 -0.010384 -0.149100
v 0.067601 -0.018064 -0.163719
v 0.077686 -0.017668 -0.158426
v 0.081324 -0.006582 -0.143649
v 0.072619 -0.021563 -0.158728
v -0.012279 -0.214912 -0.314676
v 0.012039 -0.227894 -0.308865
v 0.028891 -0.217351 -0.305290
v 0.046713 -0.170210 -0.297353
v 0.031270 -0.202235 -0.306028
v 0.033281 -0.190735 -0.314454
v 0.036795 -0.186702 -0.314530
v 0.051376 -0.175822 -0.307698
v 0.051599 -0.087194 -0.294004
v 0.059087 -0.102005 -0.294881
v 0.070663 -0.134655 -0.294367
v 0.042107 -0.103834 -0.291483
v 0.036461 -0.068723 -0.287525
v 0.038290 -0.083810 -0.289226
v 0.047423 -0.053494 -0.289918
v 0.026080 -0.032484 -0.281991
v 0.030824 -0.032059 -0.281477
v 0.042666 0.018206 -0.273564
v 0.039980 -0.013944 -0.282400
v 0.074825 -0.011215 -0.267590
v 0.025015 -0.373027 -0.173822
v 0.020979 -0.377865 -0.181701
v 0.017233 -0.367564 -0.167304
v 0.033902 -0.365759 -0.156052
v 0.022307 -0.362081 -0.154889
v 0.031846 -0.370461 -0.161900
v 0.033257 -0.386593 -0.178998
v 0.034016 -0.376563 -0.174276
v 0.035122 -0.360809 -0.141356
v 0.041890 -0.357746 -0.126298
v 0.043125 -0.258446 -0.085385
v 0.047904 -0.301612 -0.084305
v 0.032414 -0.264246 -0.118036
v 0.038515 -0.260419 -0.103816
v 0.043807 -0.251086 -0.063049
v 0.046439 -0.287427 -0.062752
v 0.045639 -0.238526 -0.079638
v 0.039862 -0.209310 -0.108447
v 0.049313 -0.211284 -0.092448
v 0.072431 -0.152942 -0.106906
v 0.060310 -0.155139 -0.095217
v 0.073255 -0.258781 -0.152783
v 0.094981 -0.369692 -0.159955
v 0.108005 -0.438967 -0.167917
v 0.121099 -0.382013 -0.138745
v 0.117966 -0.388532 -0.076293
v 0.128682 -0.409450 -0.140381
v 0.063531 -0.466068 -0.213909
v 0.046186 -0.461566 -0.218928
v 0.061645 -0.471107 -0.211696
v 0.000892 -0.706336 -0.056636
v 0.000690 -0.691059 -0.061437
v 0.022476 -0.684677 -0.057150
v 0.029540 -0.719270 -0.030136
v 0.027789 -0.728784 -0.024131
v 0.024533 -0.738755 -0.020890
v 0.035614 -0.730938 -0.021757
v 0.043495 -0.736356 -0.029735
v 0.048963 -0.741532 -0.030114
v 0.055771 -0.747777 -0.035763
v 0.051307 -0.751041 -0.023513
v 0.026669 -0.703660 -0.043205
v 0.048791 -0.731975 -0.040129
v 0.051841 -0.736603 -0.043301
v 0.057172 -0.742694 -0.042297
v 0.058974 -0.753441 -0.033361
v 0.063525 -0.748930 -0.051006
v 0.064877 -0.758239 -0.045582
v 0.063391 -0.754792 -0.051914
v 0.061277 -0.741961 -0.056085
v 0.050364 -0.721224 -0.054471
v 0.018856 -0.641922 -0.161781
v 0.032401 -0.623594 -0.161902
v 0.025608 -0.652300 -0.158230
v 0.027219 -0.666295 -0.161141
v 0.028871 -0.644888 -0.160355
v 0.021886 -0.332870 0.008891
v 0.028191 -0.341816 0.005634
v 0.035863 -0.346660 0.006638
v 0.027078 -0.354338 0.010157
v 0.032169 -0.355244 0.013261
v 0.043458 -0.360658 0.001212
v 0.033148 -0.367689 0.004686
v 0.044316 -0.363306 -0.012653
v 0.029679 -0.333683 0.009974
v 0.051360 -0.362551 -0.013394
v 0.030709 -0.431203 -0.014189
v 0.022743 -0.435279 -0.009846
v 0.026101 -0.441395 -0.009454
v 0.059122 -0.389918 -0.032551
v 0.055813 -0.416098 -0.034002
v 0.048308 -0.408580 -0.049300
v 0.037191 -0.434399 -0.014898
v 0.043910 -0.426301 -0.018741
v 0.012797 -0.440088 -0.007067
v 0.037640 -0.434136 -0.053710
v 0.035143 -0.450830 -0.057377
v 0.041832 -0.447712 -0.062161
v 0.051530 -0.434251 -0.039256
v 0.046918 -0.443196 -0.069276
v 0.044410 -0.433131 -0.051233
v 0.039609 -0.425548 -0.053088
v 0.049886 -0.447102 -0.057226
v 0.057223 -0.440659 -0.072820
v 0.052106 -0.439611 -0.075867
v 0.059733 -0.459053 -0.050815
v 0.066239 -0.452331 -0.063056
v 0.070048 -0.463131 -0.088674
v 0.070117 -0.448746 -0.076092
v 0.065243 -0.463792 -0.107117
v 0.072591 -0.460755 -0.136314
v 0.055710 -0.436870 -0.086284
v 0.057626 -0.412383 -0.091489
v 0.027783 -0.727000 -0.167495
v 0.045105 -0.753396 -0.158358
v 0.050065 -0.731155 -0.148006
v 0.041801 -0.727567 -0.150566
v 0.046468 -0.736515 -0.146224
v 0.051487 -0.746843 -0.140134
v 0.056064 -0.758502 -0.131376
v 0.057609 -0.747221 -0.137545
v 0.052111 -0.769004 -0.141534
v 0.034922 -0.781182 -0.156638
v 0.066056 -0.753240 -0.098736
v 0.051009 -0.704377 -0.096686
v 0.064642 -0.744619 -0.080394
v 0.067071 -0.752219 -0.066067
v 0.060330 -0.738956 -0.067355
v 0.026278 -0.562500 -0.254135
v 0.010666 -0.538474 -0.258093
v 0.016846 -0.558282 -0.264435
v 0.045121 -0.557348 -0.243747
v 0.044724 -0.570337 -0.257144
v 0.055151 -0.615955 -0.267272
v 0.072952 -0.561093 -0.291407
v 0.071097 -0.545441 -0.283070
v 0.090247 -0.476069 -0.262498
v 0.097937 -0.486344 -0.252852
v 0.076887 -0.549729 -0.285860
v 0.084297 -0.565442 -0.287285
v 0.090505 -0.573678 -0.280736
v 0.100613 -0.604534 -0.283293
v 0.103110 -0.579339 -0.275378
v 0.101163 -0.572401 -0.280116
v 0.097567 -0.557718 -0.277779
v 0.098261 -0.627219 -0.287876
v 0.084797 -0.620058 -0.292637
v 0.087024 -0.623590 -0.295321
v 0.071491 -0.612606 -0.296241
v 0.039985 -0.620286 -0.312383
v 0.053025 -0.628250 -0.308833
v 0.058595 -0.607521 -0.304242
v 0.058183 -0.636953 -0.302318
v 0.031994 -0.627716 -0.274036
v 0.072778 -0.637186 -0.303205
v 0.087209 -0.646278 -0.298273
v 0.074907 -0.647152 -0.296403
v 0.132266 -0.621489 -0.267236
v 0.129427 -0.592159 -0.261308
v 0.116296 -0.637736 -0.278971
v 0.152051 -0.603503 -0.245940
v 0.141304 -0.597938 -0.253447
v 0.117094 -0.585120 -0.268024
v 0.126842 -0.585281 -0.267044
v 0.115769 -0.579002 -0.273048
v 0.118593 -0.567394 -0.267967
v 0.089666 -0.553021 -0.275675
v 0.101580 -0.557981 -0.270259
v 0.112888 -0.563546 -0.264796
v 0.124346 -0.569283 -0.258777
v 0.122031 -0.500359 -0.240065
v 0.115597 -0.495795 -0.243960
v 0.126835 -0.497321 -0.242921
v 0.107651 -0.491980 -0.248010
v 0.103635 -0.483486 -0.255607
v 0.067949 -0.470125 -0.266992
v 0.065301 -0.462715 -0.273112
v 0.062126 -0.446413 -0.270947
v 0.076082 -0.468598 -0.268636
v 0.083041 -0.457639 -0.261763
v 0.084889 -0.458501 -0.254321
v 0.062954 -0.446072 -0.264341
v 0.080680 -0.407109 -0.242436
v 0.022849 -0.400945 -0.280173
v 0.019463 -0.358806 -0.272987
v 0.017936 -0.298988 -0.252442
v 0.012599 -0.255354 -0.255687
v 0.011567 -0.204668 -0.234927
v 0.013404 -0.224297 -0.238114
v 0.015302 -0.260879 -0.245466
v 0.011393 -0.191605 -0.231808
v 0.008420 -0.200527 -0.245795
v 0.009476 -0.416186 -0.182909
v 0.029072 -0.401047 -0.181949
v 0.029227 -0.403354 -0.173702
v 0.025851 -0.415092 -0.177555
v 0.040272 -0.399291 -0.173745
v 0.023815 -0.445372 -0.181482
v 0.034745 -0.478485 -0.178248
v 0.036851 -0.461598 -0.190448
v 0.044434 -0.470914 -0.174318
v 0.046803 -0.468790 -0.180474
v 0.053444 -0.468423 -0.166443
v 0.048309 -0.493580 -0.167308
v 0.054503 -0.466366 -0.174855
v 0.049130 -0.452132 -0.184040
v 0.033023 -0.418373 -0.176457
v 0.033957 -0.440314 -0.173240
v 0.044128 -0.443756 -0.178103
v 0.059297 -0.448889 -0.174893
v 0.043548 -0.436342 -0.162384
v 0.046645 -0.418586 -0.161220
v 0.050262 -0.435416 -0.150716
v 0.055930 -0.433714 -0.138576
v 0.042136 -0.415142 -0.163398
v 0.055246 -0.417348 -0.143089
v 0.048494 -0.409070 -0.154591
v 0.038532 -0.410326 -0.167961
v 0.040155 -0.401544 -0.163431
v 0.049171 -0.396691 -0.158143
v 0.048130 -0.385594 -0.161183
v 0.048444 -0.401022 -0.151545
v 0.056082 -0.411172 -0.138500
v 0.004003 -0.817575 -0.000630
v 0.014386 -0.817556 -0.030582
v 0.000931 -0.800396 0.009157
v 0.002523 -0.785589 -0.001414
v -0.006049 -0.789875 -0.011338
v 0.011245 -0.767494 -0.013038
v 0.002863 -0.770318 -0.010558
v 0.002998 -0.813900 0.011846
v 0.012414 -0.791348 0.018246
v 0.008074 -0.807831 0.022258
v 0.023153 -0.817972 0.028246
v 0.006993 -0.817540 -0.035032
v 0.010885 -0.812942 -0.048004
v 0.029592 -0.817815 -0.052114
v 0.078014 -0.818177 0.015232
v 0.061595 -0.818313 0.038707
v 0.025282 -0.813852 0.037572
v 0.006021 -0.776318 0.000246
v 0.024195 -0.760726 -0.000758
v 0.012444 -0.777804 0.004263
v 0.014609 -0.815474 0.025643
v 0.024486 -0.774217 0.007844
v 0.044291 -0.801178 0.050964
v 0.051788 -0.793090 0.048388
v 0.037455 -0.813732 0.045673
v 0.040236 -0.817920 0.042459
v 0.036466 -0.772152 0.011241
v 0.029367 -0.767291 0.009812
v 0.033245 -0.759274 -0.004772
v 0.046338 -0.770342 0.011114
v 0.050177 -0.780237 0.028260
v 0.057992 -0.792032 0.046595
v 0.048089 -0.812550 0.052108
v 0.053826 -0.816009 0.050459
v 0.079158 -0.818980 -0.035682
v 0.036063 -0.812998 -0.083912
v 0.044499 -0.816445 -0.135447
v 0.035807 -0.806375 -0.127639
v 0.040872 -0.815809 -0.147815
v 0.044780 -0.803197 -0.133079
v 0.040538 -0.780518 -0.145537
v -0.002144 -0.582312 -0.171725
v 0.022869 -0.225488 -0.316380
v 0.039043 -0.221506 -0.317008
v 0.042295 -0.202771 -0.318713
v 0.034632 -0.218438 -0.315614
v 0.038987 -0.256560 -0.316481
v 0.060050 -0.169974 -0.301034
v 0.058394 -0.140744 -0.299155
v 0.078173 -0.147791 -0.292798
v 0.087186 -0.154902 -0.289304
v 0.087926 -0.149044 -0.291050
v 0.088960 -0.126154 -0.286035
v 0.055367 -0.176398 -0.302311
v 0.050730 -0.189277 -0.309497
v 0.063827 -0.187383 -0.305893
v 0.076516 -0.186845 -0.300353
v 0.087942 -0.169210 -0.293097
v 0.075753 -0.134465 -0.296799
v 0.074082 -0.115085 -0.294426
v 0.093967 -0.126677 -0.279978
v 0.091402 -0.099975 -0.277824
v 0.068614 -0.116271 -0.293063
v 0.075287 -0.097143 -0.287260
v 0.078427 -0.101223 -0.289067
v 0.001987 -0.283309 0.004707
v 0.050096 -0.394344 -0.014237
v 0.056155 -0.350912 -0.023449
v 0.060158 -0.359143 -0.031145
v 0.045104 -0.402789 -0.050350
v 0.043841 -0.399251 -0.052818
v 0.044539 -0.369898 -0.050998
v 0.050303 -0.391331 -0.064118
v 0.042381 -0.337271 -0.028664
v 0.037990 -0.345857 -0.036824
v 0.033183 -0.340386 -0.033395
v 0.037564 -0.340999 -0.042654
v 0.028880 -0.336640 -0.028190
v 0.033687 -0.322465 -0.018291
v 0.049220 -0.338862 -0.012980
v 0.024165 -0.330375 -0.023705
v 0.023890 -0.321357 -0.034897
v 0.030685 -0.328200 -0.042908
v 0.024648 -0.324766 -0.046026
v 0.019669 -0.320259 -0.041258
v 0.029581 -0.329692 -0.052209
v 0.018152 -0.324594 -0.021929
v 0.014936 -0.321990 -0.017599
v 0.009238 -0.312936 -0.033633
v 0.014505 -0.315994 -0.037245
v 0.039412 -0.444022 -0.028539
v 0.049048 -0.436308 -0.031707
v 0.043372 -0.412551 -0.051600
v 0.037505 -0.415581 -0.054631
v 0.043617 -0.414837 -0.063955
v 0.055440 -0.371532 -0.075602
v 0.050367 -0.354555 -0.048255
v 0.042770 -0.358024 -0.050086
v 0.040500 -0.353915 -0.046035
v 0.046229 -0.346693 -0.039320
v 0.055772 -0.364681 -0.080745
v 0.057779 -0.394760 -0.087409
v 0.055724 -0.356067 -0.075388
v 0.053889 -0.410891 -0.071024
v 0.051861 -0.414105 -0.078460
v 0.074683 -0.458572 -0.117194
v 0.041311 -0.521384 -0.163350
v 0.061187 -0.466018 -0.152583
v 0.067851 -0.462389 -0.153610
v 0.055327 -0.494560 -0.157299
v 0.024416 -0.682438 -0.058746
v 0.045097 -0.699756 -0.071087
v 0.043862 -0.701062 -0.077454
v 0.050266 -0.723993 -0.060239
v 0.042297 -0.693852 -0.079885
v 0.053473 -0.698026 -0.092466
v 0.047456 -0.699721 -0.089262
v 0.040862 -0.690015 -0.074272
v 0.049957 -0.679961 -0.076437
v 0.013813 -0.238823 -0.241474
v 0.032951 -0.297656 -0.244963
v 0.017721 -0.281478 -0.248612
v 0.051857 -0.366648 -0.250268
v 0.071287 -0.302232 -0.221273
v 0.078070 -0.100558 -0.161920
v 0.073980 -0.092764 -0.164749
v 0.052886 -0.060245 -0.175205
v 0.059729 -0.063840 -0.178931
v 0.071925 -0.059367 -0.184654
v 0.065227 -0.049997 -0.187650
v 0.067168 -0.082876 -0.168574
v 0.068507 -0.077654 -0.174465
v 0.075253 -0.040336 -0.176490
v 0.079959 -0.071653 -0.180171
v 0.091152 -0.062736 -0.166421
v 0.089639 -0.083424 -0.174581
v 0.075257 -0.040056 -0.173600
v 0.082662 -0.057364 -0.162409
v 0.074123 -0.043933 -0.167777
v 0.088342 -0.062885 -0.155322
v 0.091368 -0.069920 -0.156328
v 0.080668 -0.051189 -0.161230
v 0.087449 -0.052739 -0.159570
v 0.095778 -0.061682 -0.151045
v 0.057777 -0.039147 -0.191244
v 0.021326 -0.378891 -0.276134
v 0.021595 -0.359520 -0.263426
v 0.023206 -0.381359 -0.267211
v 0.021098 -0.337910 -0.259192
v 0.019566 -0.321389 -0.256695
v 0.090724 -0.351189 -0.218996
v 0.099173 -0.231056 -0.172633
v 0.094535 -0.278936 -0.192960
v 0.092657 -0.122606 -0.149482
v 0.089389 -0.115825 -0.153100
v 0.083600 -0.106881 -0.157790
v 0.098482 -0.133252 -0.142322
v 0.099661 -0.129477 -0.144214
v 0.106727 -0.129707 -0.149844
v 0.108606 -0.110154 -0.161097
v 0.096252 -0.116575 -0.158751
v 0.089659 -0.106912 -0.163795
v 0.079653 -0.093750 -0.168894
v 0.092559 -0.045659 -0.149752
v 0.101508 -0.077389 -0.157831
v 0.100179 -0.098689 -0.167409
v 0.099801 -0.082825 -0.149044
v 0.112916 -0.093635 -0.147495
v 0.096820 -0.069863 -0.146089
v 0.106199 -0.092192 -0.143144
v 0.104127 -0.068902 -0.139972
v 0.065466 -0.031629 -0.171806
v 0.086296 -0.022442 -0.148841
v 0.088113 -0.038984 -0.146413
v 0.085022 -0.024580 -0.143684
v 0.103899 -0.057231 -0.128603
v 0.094502 -0.030061 -0.129496
v 0.103425 -0.036689 -0.112920
v 0.105674 -0.029186 -0.108192
v 0.099380 -0.025480 -0.116333
v 0.097809 -0.020455 -0.126284
v 0.092492 -0.015829 -0.126185
v 0.039938 -0.325158 -0.002171
v 0.051506 0.012596 -0.223626
v 0.059761 -0.054086 -0.239750
v 0.041279 -0.204583 -0.265893
v 0.038736 -0.217903 -0.264238
v 0.049248 -0.198363 -0.260575
v 0.062819 -0.226450 -0.257731
v 0.094451 -0.225243 -0.264144
v 0.087645 -0.216168 -0.248582
v 0.047474 -0.171912 -0.258383
v 0.056403 -0.161182 -0.255478
v 0.077915 -0.216782 -0.249917
v 0.092626 -0.235360 -0.274204
v 0.052224 -0.258028 -0.295874
v 0.051448 -0.254155 -0.301654
v 0.050493 -0.252250 -0.313800
v 0.068929 -0.242007 -0.307389
v 0.059806 -0.247472 -0.310710
v 0.066913 -0.244943 -0.297304
v 0.086176 -0.223767 -0.303718
v 0.082314 -0.233336 -0.302971
v 0.067075 -0.252043 -0.289016
v 0.062272 -0.252203 -0.283901
v 0.081265 -0.243807 -0.280084
v 0.079954 -0.243198 -0.286753
v 0.080253 -0.236561 -0.292679
v 0.014796 -0.092779 0.037969
v 0.019133 -0.093155 0.038465
v 0.042188 -0.757333 -0.006374
v 0.044358 -0.752833 0.002985
v 0.042563 -0.752917 -0.014303
v 0.038954 -0.745052 -0.013532
v 0.050311 -0.755951 -0.002011
v 0.052064 -0.761951 -0.012314
v 0.046287 -0.762509 0.014247
v 0.052913 -0.771603 0.005883
v 0.054305 -0.801199 0.054223
v 0.057073 -0.766406 0.004373
v 0.035845 -0.736441 -0.018878
v 0.051502 -0.756797 -0.023649
v 0.057967 -0.760460 -0.008514
v 0.062351 -0.801688 0.049928
v 0.058904 -0.810245 0.052664
v 0.065496 -0.818570 -0.063102
v 0.079493 -0.815133 -0.058559
v 0.084497 -0.814547 -0.067437
v 0.056857 -0.815527 -0.071150
v 0.051667 -0.807208 -0.109236
v 0.046626 -0.799918 -0.132988
v 0.047781 -0.780941 -0.128858
v 0.048161 -0.776852 -0.140898
v 0.027338 -0.667825 -0.048865
v 0.040489 -0.672514 -0.063068
v 0.033750 -0.686108 -0.067462
v 0.035854 -0.238595 -0.032981
v 0.028410 -0.228217 -0.019088
v 0.039939 -0.168870 0.008260
v 0.040570 -0.195747 -0.008264
v 0.045957 -0.179891 -0.003889
v 0.051382 -0.187312 -0.014379
v 0.051978 -0.167979 -0.003593
v 0.033924 -0.281105 -0.037842
v 0.042025 -0.282669 -0.049436
v 0.036003 -0.249379 -0.037652
v 0.052264 -0.215451 -0.046526
v 0.061998 -0.163563 -0.015457
v 0.058137 -0.164272 -0.009210
v 0.048646 -0.179006 -0.002728
v 0.042626 -0.174507 0.002287
v 0.041644 -0.184856 0.009447
v 0.056879 -0.189115 -0.001457
v 0.054841 -0.169392 -0.002346
v 0.051154 -0.196445 -0.002959
v 0.061353 -0.166409 -0.010373
v 0.042500 -0.215453 -0.024762
v 0.060262 -0.187705 -0.031569
v 0.062149 -0.192425 -0.055813
v 0.071675 -0.158116 -0.042716
v 0.072912 -0.150589 -0.061587
v 0.069049 -0.157735 -0.075315
v 0.074354 -0.154821 -0.044887
v 0.074560 -0.150136 -0.070488
v 0.070896 -0.151351 -0.073324
v 0.059081 -0.195703 -0.075214
v 0.067219 -0.165321 -0.077595
v 0.064389 -0.165029 -0.083583
v 0.063460 -0.159516 -0.091068
v 0.070223 -0.168329 -0.081720
v 0.075245 -0.163890 -0.093618
v 0.073719 -0.158776 -0.105064
v 0.077469 -0.186440 -0.130221
v 0.089457 -0.241175 -0.133158
v 0.085050 -0.219996 -0.132064
v 0.077363 -0.170115 -0.079566
v 0.075243 -0.158840 -0.075152
v 0.083007 -0.197078 -0.063670
v 0.060739 -0.211906 -0.001932
v 0.054941 -0.221282 -0.003437
v 0.045458 -0.206354 0.008701
v 0.048675 -0.194107 0.014316
v 0.048015 -0.222182 0.006477
v 0.064227 -0.282617 -0.005940
v 0.061131 -0.263528 -0.004698
v 0.094289 -0.293895 -0.041835
v 0.059908 -0.248789 -0.004781
v 0.052871 -0.218451 0.014644
v 0.118413 -0.334873 -0.185863
v 0.112110 -0.431323 -0.225636
v 0.113379 -0.210203 -0.145245
v 0.103793 -0.137986 -0.136671
v 0.116379 -0.120667 -0.153105
v 0.124465 -0.131086 -0.143352
v 0.120093 -0.146950 -0.134654
v 0.105562 -0.144744 -0.130228
v 0.107706 -0.149930 -0.125063
v 0.129232 -0.161090 -0.121452
v 0.111652 -0.154398 -0.120660
v 0.112212 -0.161769 -0.114783
v 0.135216 -0.146049 -0.129598
v 0.136819 -0.173250 -0.109693
v 0.116283 -0.170446 -0.103629
v 0.115543 -0.163231 -0.111770
v 0.119463 -0.176028 -0.098112
v 0.120022 -0.181848 -0.093039
v 0.123006 -0.192740 -0.085189
v 0.123731 -0.186203 -0.088866
v 0.154918 -0.177197 -0.100615
v 0.149130 -0.167433 -0.109533
v 0.043988 -0.638905 -0.135006
v 0.047986 -0.638337 -0.124861
v 0.052480 -0.669008 -0.113783
v 0.057083 -0.670605 -0.109064
v 0.059450 -0.689553 -0.094975
v 0.046880 -0.656364 -0.081953
v 0.048222 -0.620015 -0.087840
v 0.047809 -0.620456 -0.098458
v 0.051331 -0.645299 -0.091410
v 0.047244 -0.651266 -0.093400
v 0.047128 -0.655977 -0.091302
v 0.054081 -0.627584 -0.102782
v 0.054473 -0.633191 -0.114244
v 0.051594 -0.661077 -0.109347
v 0.055515 -0.652167 -0.105254
v 0.050081 -0.662030 -0.102198
v 0.053740 -0.662953 -0.095272
v 0.075177 -0.452708 -0.259035
v 0.097794 -0.465749 -0.247717
v 0.105201 -0.470040 -0.251143
v 0.112707 -0.473777 -0.239851
v 0.123879 -0.480255 -0.240658
v 0.134786 -0.391271 -0.188217
v 0.139912 -0.457589 -0.208947
v 0.144647 -0.351973 -0.156862
v 0.127651 -0.277243 -0.149433
v 0.136821 -0.317176 -0.152280
v 0.121584 -0.246136 -0.145542
v 0.036657 -0.310315 -0.054355
v 0.040473 -0.254921 -0.048357
v 0.048587 -0.229694 -0.058993
v 0.102392 -0.083373 -0.230664
v 0.085293 0.010260 -0.209780
v 0.131599 -0.072418 -0.210871
v 0.141068 -0.101761 -0.214143
v 0.129689 -0.119208 -0.223895
v 0.118107 -0.142918 -0.231855
v 0.138900 -0.119817 -0.216253
v 0.096988 -0.141063 -0.241359
v 0.094664 -0.148275 -0.238407
v 0.072776 -0.129714 -0.250510
v 0.061308 -0.137579 -0.252705
v 0.104684 -0.195166 -0.235828
v 0.117529 -0.152214 -0.226395
v 0.125863 -0.142757 -0.225922
v 0.118171 -0.186628 -0.229699
v 0.095074 -0.226531 -0.284855
v 0.098409 -0.221948 -0.296249
v 0.042655 -0.196258 -0.317811
v 0.082710 -0.182970 -0.294059
v 0.075136 -0.192586 -0.304162
v 0.093783 -0.183364 -0.295586
v 0.090506 -0.172350 -0.288760
v 0.097924 -0.230885 -0.276827
v 0.092936 -0.205864 -0.241915
v 0.105383 -0.200125 -0.238333
v 0.104930 -0.226633 -0.269561
v 0.113641 -0.217970 -0.263327
v 0.122004 -0.211324 -0.259833
v 0.136160 -0.198604 -0.252247
v 0.136255 -0.183545 -0.232182
v 0.134933 -0.194745 -0.245113
v 0.124201 -0.203600 -0.268780
v 0.128502 -0.178328 -0.225311
v 0.140061 -0.195260 -0.237170
v 0.144624 -0.201211 -0.245904
v 0.143652 -0.199712 -0.257137
v 0.136522 -0.195188 -0.263336
v 0.145009 -0.195240 -0.263967
v 0.132519 -0.195033 -0.278364
v 0.139347 -0.169946 -0.223147
v 0.133916 -0.163367 -0.219897
v 0.136346 -0.152285 -0.219766
v 0.150996 -0.171748 -0.217055
v 0.143626 -0.186099 -0.227984
v 0.145311 -0.195630 -0.235678
v 0.152184 -0.189527 -0.234185
v 0.157944 -0.160487 -0.209576
v 0.147155 -0.104341 -0.202019
v 0.143920 -0.129031 -0.210321
v 0.117177 -0.036073 -0.207062
v 0.100646 0.012503 -0.199432
v 0.120159 -0.007929 -0.188264
v 0.132558 -0.013371 -0.183248
v 0.158812 -0.029260 -0.179216
v 0.139306 -0.049217 -0.191570
v 0.135257 -0.058101 -0.197903
v 0.147510 -0.089129 -0.195955
v 0.157874 -0.064592 -0.186706
v 0.166541 -0.145166 -0.200725
v 0.170307 -0.058436 -0.182997
v 0.155213 -0.190472 -0.249592
v 0.149826 -0.194575 -0.259563
v 0.142593 -0.185226 -0.274347
v 0.124602 -0.199694 -0.284201
v 0.112562 -0.209036 -0.290872
v 0.117103 -0.208203 -0.285831
v 0.107510 -0.216780 -0.278087
v 0.023845 -0.395483 -0.270104
v 0.044837 -0.376806 -0.162862
v 0.042701 -0.371414 -0.159603
v 0.043813 -0.368130 -0.147040
v 0.045883 -0.350607 -0.092676
v 0.045096 -0.354514 -0.111339
v 0.052333 -0.353121 -0.096194
v 0.048640 -0.360632 -0.130130
v 0.054827 -0.358366 -0.100595
v 0.058147 -0.362635 -0.113319
v 0.043833 -0.346181 -0.081259
v 0.047816 -0.346312 -0.074555
v 0.040566 -0.342474 -0.072287
v 0.044986 -0.319951 -0.078407
v 0.050112 -0.350913 -0.073345
v 0.047868 -0.349983 -0.056491
v 0.037003 -0.338588 -0.063954
v 0.042962 -0.341147 -0.062885
v 0.042182 -0.343411 -0.054735
v 0.059254 -0.360723 -0.096672
v 0.050599 -0.364926 -0.132332
v 0.058576 -0.370376 -0.106300
v 0.053381 -0.367824 -0.139581
v 0.051249 -0.372360 -0.149684
v 0.055530 -0.394286 -0.137543
v 0.057437 -0.379212 -0.129513
v 0.057730 -0.402529 -0.127733
v 0.060507 -0.414155 -0.121748
v 0.058935 -0.433352 -0.126789
v 0.058722 -0.394228 -0.114154
v 0.058017 -0.368492 -0.126929
v 0.060519 -0.409944 -0.102561
v 0.058997 -0.434325 -0.099325
v 0.060994 -0.433568 -0.117129
v 0.045324 -0.169967 0.015535
v 0.046480 -0.186274 0.021028
v 0.034196 -0.158037 0.073091
v 0.050835 -0.088006 0.055973
v 0.055273 -0.063736 0.049193
v 0.063388 -0.104280 0.048367
v 0.060989 -0.174634 0.057011
v 0.038195 -0.177600 0.066125
v 0.030832 -0.311716 0.053205
v 0.031345 -0.310034 0.045509
v 0.038992 -0.270135 0.035520
v 0.036108 -0.217933 0.038581
v 0.035491 -0.200124 0.038470
v 0.051151 -0.238535 0.026883
v 0.039538 -0.229211 0.038398
v 0.043013 -0.252199 0.037508
v 0.053781 -0.271174 0.029504
v 0.050439 -0.238693 0.007770
v 0.053932 -0.266883 0.006897
v 0.057009 -0.245406 0.013082
v 0.056995 -0.291827 0.006319
v 0.060115 -0.264609 0.013112
v 0.132606 -0.077283 -0.251115
v 0.056820 -0.051550 -0.287296
v 0.110321 -0.030208 -0.251534
v 0.103677 -0.006748 -0.249527
v 0.127811 0.005979 -0.230033
v 0.118458 -0.007808 -0.246047
v 0.116177 -0.004946 -0.241605
v 0.129333 -0.017916 -0.236695
v 0.132281 -0.006287 -0.231565
v 0.045343 -0.616461 -0.264320
v 0.043788 -0.610172 -0.270375
v 0.050475 -0.637920 -0.269194
v 0.086840 -0.653021 -0.293579
v 0.110250 -0.636815 -0.285996
v 0.113962 -0.660661 -0.286826
v 0.064997 -0.647558 -0.276810
v 0.101398 -0.655605 -0.291621
v 0.093911 -0.658432 -0.288078
v 0.067867 -0.647956 -0.264087
v 0.106299 -0.665315 -0.283330
v 0.132185 -0.646789 -0.269915
v 0.126365 -0.668212 -0.280621
v 0.131630 -0.648210 -0.275289
v 0.139963 -0.676641 -0.272898
v 0.138478 -0.590843 -0.259865
v 0.135539 -0.575806 -0.257923
v 0.159026 -0.608215 -0.240711
v 0.123776 -0.675574 -0.273408
v 0.102092 -0.669409 -0.261529
v 0.081830 -0.655472 -0.258746
v 0.095585 -0.663179 -0.252714
v 0.122470 -0.682260 -0.249566
v 0.081406 -0.636231 -0.253040
v 0.107221 -0.651314 -0.241732
v 0.065852 -0.627469 -0.258130
v 0.092286 -0.637272 -0.254677
v 0.099815 -0.640682 -0.251613
v 0.112806 -0.675012 -0.244819
v 0.149406 -0.659006 -0.264930
v 0.180974 -0.655255 -0.232663
v 0.152239 -0.597933 -0.250434
v 0.166929 -0.591975 -0.235549
v 0.147184 -0.656116 -0.260849
v 0.162846 -0.666978 -0.250596
v 0.147543 -0.689023 -0.261174
v 0.161709 -0.667372 -0.256663
v 0.142602 -0.695140 -0.238616
v 0.110192 -0.647173 -0.246886
v 0.083485 -0.631486 -0.257624
v 0.068409 -0.622796 -0.263087
v 0.047496 -0.279981 0.036731
v 0.047205 -0.312983 0.034075
v 0.051213 -0.296824 0.035932
v 0.034307 -0.330094 0.045299
v 0.040092 -0.362221 0.053015
v 0.042975 -0.285699 0.080562
v 0.097939 -0.284189 -0.084932
v 0.105334 -0.367273 -0.043636
v 0.099503 -0.305318 -0.059279
v 0.061338 -0.313325 0.027156
v 0.115617 -0.360094 -0.137315
v 0.101705 -0.296847 -0.135349
v 0.109923 -0.335449 -0.136889
v 0.135913 -0.442748 -0.141486
v 0.079785 -0.483582 -0.203493
v 0.038247 -0.335691 -0.052920
v 0.033777 -0.333788 -0.058380
v 0.043698 -0.476129 -0.230512
v 0.048169 -0.553045 -0.247869
v 0.061402 -0.558778 -0.243206
v 0.084819 -0.568936 -0.234276
v 0.054070 -0.482166 -0.226103
v 0.074398 -0.565845 -0.237845
v 0.038739 -0.352466 0.043699
v 0.053004 -0.346109 0.033211
v 0.055598 -0.325292 0.035137
v 0.059400 -0.483700 -0.218027
v 0.066951 -0.489458 -0.220662
v 0.075436 -0.493157 -0.210779
v 0.080862 -0.478140 -0.205235
v 0.102570 -0.491903 -0.193430
v 0.092733 -0.504036 -0.202019
v 0.079829 -0.496996 -0.214676
v 0.088986 -0.502743 -0.210332
v 0.105589 -0.560960 -0.217332
v 0.068576 -0.568672 -0.234263
v 0.054703 -0.575991 -0.244150
v 0.041084 -0.569602 -0.249612
v 0.054891 -0.574592 -0.253433
v 0.066725 -0.582417 -0.239444
v 0.065617 -0.580054 -0.249009
v 0.074285 -0.584877 -0.246336
v 0.087284 -0.590803 -0.240589
v 0.099077 -0.597137 -0.234742
v 0.121748 -0.659928 -0.233105
v 0.136249 -0.670000 -0.223564
v 0.122402 -0.653551 -0.239853
v 0.131307 -0.660474 -0.233544
v 0.139497 -0.665272 -0.228774
v 0.146405 -0.677542 -0.216679
v 0.133066 -0.616328 -0.215231
v 0.139221 -0.620241 -0.210028
v 0.093837 -0.492699 -0.195965
v 0.096629 -0.507219 -0.206146
v 0.105381 -0.512872 -0.200949
v 0.106490 -0.513103 -0.193889
v 0.127352 -0.430219 -0.068324
v 0.139285 -0.458764 -0.096708
v 0.133906 -0.444952 -0.083142
v 0.130377 -0.449351 -0.082410
v 0.050798 -0.804277 -0.119294
v 0.050925 -0.785022 -0.122869
v 0.052816 -0.783644 -0.117895
v 0.056150 -0.805924 -0.103758
v 0.059947 -0.804799 -0.096358
v 0.062325 -0.781691 -0.116215
v 0.056790 -0.781136 -0.111402
v 0.061257 -0.778166 -0.106265
v 0.056621 -0.783922 -0.126787
v 0.065367 -0.774837 -0.122987
v 0.053791 -0.776541 -0.126362
v 0.057279 -0.769920 -0.123607
v 0.068268 -0.814003 -0.071562
v 0.060693 -0.809909 -0.089667
v 0.062796 -0.780510 -0.093302
v 0.062680 -0.773278 -0.096746
v 0.067173 -0.771006 -0.102350
v 0.066034 -0.767607 -0.119664
v 0.063956 -0.765524 -0.082948
v 0.068265 -0.755327 -0.094713
v 0.047576 -0.313686 0.079075
v 0.053780 -0.256220 0.074240
v 0.058433 -0.279946 0.071625
v 0.047525 -0.223437 0.073491
v 0.043515 -0.206660 0.068471
v 0.040962 -0.191690 0.066912
v 0.058063 -0.217620 0.062428
v 0.046554 -0.221348 0.067256
v 0.052799 -0.249612 0.067150
v 0.049552 -0.236265 0.068081
v 0.041538 -0.372094 0.043511
v 0.057359 -0.369455 0.031899
v 0.049364 -0.338184 0.075852
v 0.061082 -0.294718 0.072430
v 0.056030 -0.267290 0.067116
v 0.065302 -0.315171 0.071537
v 0.054346 -0.342635 0.077693
v 0.059213 -0.387261 0.075583
v 0.050970 -0.430589 0.052167
v 0.045140 -0.396037 0.043467
v 0.058097 -0.434770 0.064478
v 0.050279 -0.433369 0.045826
v 0.061211 -0.358176 0.034209
v 0.059706 -0.342359 0.034278
v 0.119649 -0.428433 -0.062614
v 0.125198 -0.438411 -0.072237
v 0.122061 -0.440685 -0.056213
v 0.118233 -0.432015 -0.040709
v 0.126647 -0.444817 -0.054985
v 0.136297 -0.478689 -0.055855
v 0.134018 -0.464723 -0.081160
v 0.135306 -0.459576 -0.070541
v 0.140179 -0.517713 -0.043805
v 0.150937 -0.533439 -0.059440
v 0.147385 -0.489241 -0.126017
v 0.143342 -0.477787 -0.140247
v 0.144507 -0.492484 -0.122919
v 0.146968 -0.499913 -0.114578
v 0.142977 -0.471017 -0.108275
v 0.138319 -0.468642 -0.100968
v 0.061038 -0.435832 -0.143255
v 0.073555 -0.444947 -0.092469
v 0.067307 -0.444961 -0.161317
v 0.075682 -0.441966 -0.117286
v 0.061397 -0.464081 -0.166684
v 0.060633 -0.099004 -0.249267
v 0.120650 -0.417870 -0.055945
v 0.057513 -0.759356 -0.030850
v 0.060630 -0.766090 -0.021038
v 0.051687 -0.432688 0.041518
v 0.063804 -0.416146 0.029489
v 0.063475 -0.451075 0.037186
v 0.060696 -0.446722 0.046557
v 0.060186 -0.442444 0.056007
v 0.057370 -0.452674 0.053435
v 0.060187 -0.466736 0.047925
v 0.058785 -0.474391 0.054136
v 0.080153 -0.812023 -0.076306
v 0.072450 -0.809240 -0.075644
v 0.066625 -0.799087 -0.090384
v 0.066686 -0.785867 -0.087099
v 0.068448 -0.761339 -0.086602
v 0.065696 -0.759725 -0.071607
v 0.084504 -0.808664 -0.055080
v 0.087562 -0.805343 -0.057561
v 0.073561 -0.443166 -0.140197
v 0.074869 -0.034006 -0.161517
v 0.079988 -0.031441 -0.161588
v 0.144391 -0.525162 -0.050380
v 0.143279 -0.476210 -0.088112
v 0.141315 -0.482169 -0.098456
v 0.151569 -0.517259 -0.128069
v 0.147851 -0.519367 -0.142477
v 0.150332 -0.513331 -0.144727
v 0.138998 -0.521222 -0.168114
v 0.151189 -0.532555 -0.156887
v 0.147006 -0.536555 -0.156382
v 0.145525 -0.498843 -0.144897
v 0.129557 -0.476279 -0.160089
v 0.137251 -0.527529 -0.166191
v 0.133638 -0.534638 -0.174176
v 0.153966 -0.542038 -0.144729
v 0.147262 -0.549067 -0.162466
v 0.149845 -0.547477 -0.169024
v 0.143307 -0.541051 -0.174850
v 0.134633 -0.533846 -0.181437
v 0.115676 -0.519738 -0.194725
v 0.111257 -0.505772 -0.185864
v 0.115965 -0.519755 -0.187900
v 0.125531 -0.527332 -0.181047
v 0.124128 -0.525988 -0.189342
v 0.126296 -0.517434 -0.175468
v 0.117936 -0.503839 -0.183775
v 0.128769 -0.512590 -0.176080
v 0.068703 -0.766883 -0.060362
v 0.068944 -0.775013 -0.083846
v 0.071520 -0.779517 -0.076472
v 0.079403 -0.783820 -0.050783
v 0.084373 -0.784147 -0.047422
v 0.088228 -0.793421 -0.045953
v 0.080564 -0.791348 -0.059946
v 0.085133 -0.793372 -0.060197
v 0.086074 -0.802368 -0.048176
v 0.077177 -0.800661 -0.069247
v 0.083957 -0.801960 -0.068569
v 0.095729 0.000591 -0.108517
v 0.099611 -0.011746 -0.104113
v 0.081064 -0.589607 -0.235020
v 0.074763 -0.586277 -0.236091
v 0.094754 -0.596385 -0.227324
v 0.089050 -0.578936 -0.225932
v 0.103831 -0.587689 -0.218161
v 0.110850 -0.584670 -0.218514
v 0.107053 -0.603740 -0.221386
v 0.108452 -0.602235 -0.230173
v 0.116445 -0.606518 -0.225339
v 0.115727 -0.608533 -0.215649
v 0.125495 -0.611871 -0.219298
v 0.094154 -0.262330 -0.134085
v 0.132858 -0.028591 -0.066487
v 0.126898 -0.014593 -0.080601
v 0.133794 -0.020140 -0.082064
v 0.121403 -0.004191 -0.090562
v 0.126076 -0.004233 -0.095166
v 0.112786 -0.006814 -0.123153
v 0.107826 0.001580 -0.130336
v 0.099174 -0.005675 -0.123580
v 0.121797 0.004448 -0.106331
v 0.122161 -0.041029 -0.055870
v 0.139006 -0.072331 -0.047264
v 0.141962 -0.044322 -0.053985
v 0.154431 -0.077966 -0.057530
v 0.144580 -0.082298 -0.058461
v 0.150473 -0.072282 -0.064990
v 0.136884 -0.029954 -0.073574
v 0.127143 -0.030644 -0.102432
v 0.133590 -0.043206 -0.092032
v 0.123440 -0.043904 -0.092038
v 0.120482 -0.020515 -0.111920
v 0.108680 -0.042447 -0.103782
v 0.113553 -0.068867 -0.113325
v 0.105547 -0.059571 -0.132817
v 0.119853 -0.065254 -0.089700
v 0.109716 -0.081673 -0.127588
v 0.123469 -0.108837 -0.136202
v 0.112320 -0.101665 -0.136269
v 0.097683 -0.577127 -0.226874
v 0.121240 -0.598170 -0.206869
v 0.125903 -0.615764 -0.208198
v 0.122490 -0.591517 -0.211910
v 0.131654 -0.598020 -0.205746
v 0.140595 -0.602675 -0.199404
v 0.100040 -0.160109 -0.285022
v 0.105024 -0.137844 -0.279116
v 0.110441 -0.131379 -0.273115
v 0.125075 -0.116967 -0.263946
v 0.134828 -0.090542 -0.253474
v 0.136998 -0.074467 -0.252152
v 0.127238 -0.057924 -0.248884
v 0.130869 -0.052940 -0.249968
v 0.121519 -0.046727 -0.249159
v 0.108226 -0.015597 -0.253147
v 0.122431 -0.036829 -0.250587
v 0.132891 -0.025251 -0.241575
v 0.174181 -0.138882 -0.195780
v 0.170078 -0.151061 -0.204617
v 0.184175 -0.145682 -0.214713
v 0.178233 -0.158513 -0.230333
v 0.163057 -0.163289 -0.212929
v 0.155675 -0.177254 -0.222327
v 0.167407 -0.174226 -0.237902
v 0.143824 -0.188123 -0.266450
v 0.153397 -0.174896 -0.267719
v 0.129518 -0.159081 -0.276202
v 0.161624 -0.164585 -0.262750
v 0.143938 -0.143176 -0.267390
v 0.170303 -0.151049 -0.257909
v 0.152224 -0.179514 -0.260690
v 0.158720 -0.182137 -0.254101
v 0.160615 -0.168439 -0.253576
v 0.168506 -0.169445 -0.245524
v 0.122361 -0.160862 -0.273200
v 0.109536 -0.173165 -0.286889
v 0.097029 -0.176997 -0.287229
v 0.107625 -0.170503 -0.280951
v 0.128243 -0.152353 -0.267606
v 0.119783 -0.156022 -0.272985
v 0.120123 -0.151608 -0.275494
v 0.126852 -0.122089 -0.266826
v 0.107673 -0.162089 -0.278619
v 0.170808 -0.620402 -0.059773
v 0.169738 -0.635898 -0.050911
v 0.162614 -0.608589 -0.048056
v 0.163920 -0.599002 -0.042659
v 0.149495 -0.547619 -0.045899
v 0.141374 -0.544795 -0.046484
v 0.139436 -0.543938 -0.049378
v 0.101265 -0.005550 -0.108354
v 0.097670 -0.002838 -0.105247
v 0.105211 -0.013634 -0.116689
v 0.100111 -0.006265 -0.101583
v 0.114803 -0.038059 -0.088880
v 0.112097 -0.049670 -0.098871
v 0.109748 -0.031692 -0.091713
v 0.117420 -0.055928 -0.096449
v 0.116176 -0.031642 -0.086781
v 0.102254 -0.009308 -0.098122
v 0.104346 -0.013569 -0.094982
v 0.105687 -0.017069 -0.091518
v 0.108534 -0.019793 -0.091625
v 0.113784 -0.027328 -0.090641
v 0.124287 -0.066733 -0.071645
v 0.124355 -0.050261 -0.065957
v 0.127416 -0.066421 -0.066744
v 0.118595 -0.044756 -0.072385
v 0.124519 -0.045988 -0.068482
v 0.125669 -0.048305 -0.060947
v 0.121857 -0.054296 -0.053804
v 0.121653 -0.045057 -0.057502
v 0.116504 -0.034885 -0.051682
v 0.132711 -0.246755 -0.043782
v 0.149993 -0.327335 -0.060002
v 0.155929 -0.345576 -0.096512
v 0.135194 -0.248294 -0.069890
v 0.138206 -0.279776 -0.111144
v 0.156478 -0.364922 -0.051383
v 0.166083 -0.410549 -0.047005
v 0.167840 -0.393689 -0.076288
v 0.126219 -0.198649 -0.063785
v 0.129315 -0.202808 -0.068953
v 0.126341 -0.201456 -0.074145
v 0.144628 -0.208294 -0.064649
v 0.145849 -0.188381 -0.094855
v 0.125896 -0.194922 -0.081415
v 0.128676 -0.255591 -0.129735
v 0.124616 -0.195171 -0.054719
v 0.121997 -0.182894 -0.046085
v 0.126843 -0.078492 -0.051519
v 0.137739 -0.118782 -0.049744
v 0.130816 -0.080618 -0.057762
v 0.114795 -0.489512 -0.249959
v 0.124395 -0.480626 -0.232995
v 0.132197 -0.506469 -0.234248
v 0.140709 -0.505897 -0.234384
v 0.154537 -0.522699 -0.219050
v 0.134593 -0.574740 -0.252314
v 0.144845 -0.579597 -0.245351
v 0.157715 -0.586638 -0.235727
v 0.153035 -0.584530 -0.245984
v 0.166622 -0.591384 -0.228508
v 0.164006 -0.530477 -0.211534
v 0.170576 -0.536685 -0.206308
v 0.172574 -0.530583 -0.210719
v 0.152952 -0.514217 -0.225804
v 0.164247 -0.522951 -0.217173
v 0.164695 -0.508870 -0.212014
v 0.142789 -0.513852 -0.227185
v 0.145142 -0.494038 -0.227132
v 0.156508 -0.504152 -0.209524
v 0.148356 -0.497773 -0.216294
v 0.138274 -0.489992 -0.223994
v 0.164304 -0.511207 -0.202211
v 0.156981 -0.396952 -0.157928
v 0.169969 -0.417963 -0.133301
v 0.166252 -0.431521 -0.160041
v 0.180298 -0.522755 -0.199148
v 0.176498 -0.469328 -0.162372
v 0.186126 -0.509856 -0.168101
v 0.174512 -0.520803 -0.193990
v 0.185245 -0.532473 -0.184868
v 0.191886 -0.534895 -0.189003
v 0.182330 -0.541229 -0.202345
v 0.192185 -0.551433 -0.194581
v 0.176783 -0.543618 -0.200721
v 0.182942 -0.550693 -0.195264
v 0.194061 -0.529556 -0.167162
v 0.193461 -0.541325 -0.177293
v 0.199920 -0.523948 -0.160978
v 0.201795 -0.534371 -0.169266
v 0.200919 -0.544992 -0.179325
v 0.191030 -0.500423 -0.141570
v 0.115186 -0.079831 -0.123484
v 0.116319 -0.098988 -0.126337
v 0.122119 -0.102068 -0.122935
v 0.122096 -0.091736 -0.107510
v 0.131638 -0.093918 -0.072019
v 0.134024 -0.091056 -0.065187
v 0.111556 -0.025307 -0.106958
v 0.117677 -0.034109 -0.100363
v 0.114100 -0.032885 -0.078643
v 0.115968 -0.034853 -0.074652
v 0.114229 -0.030916 -0.082350
v 0.119825 -0.038824 -0.071759
v 0.118689 -0.035188 -0.082150
v 0.140659 -0.057265 -0.080035
v 0.151123 0.007814 -0.177378
v 0.177212 -0.081918 -0.182413
v 0.133790 -0.144680 -0.263521
v 0.139160 -0.144609 -0.262599
v 0.140549 -0.136334 -0.258114
v 0.136940 -0.136108 -0.265780
v 0.148897 -0.130747 -0.255230
v 0.163729 -0.113844 -0.254432
v 0.153846 -0.127731 -0.259240
v 0.170743 -0.154375 -0.255389
v 0.166466 -0.160940 -0.248692
v 0.181973 -0.139607 -0.249181
v 0.167758 -0.089111 -0.247118
v 0.166789 -0.099191 -0.248397
v 0.156041 -0.117043 -0.248804
v 0.145946 -0.125948 -0.253377
v 0.159332 -0.104615 -0.243059
v 0.150846 -0.115616 -0.248997
v 0.147596 -0.118289 -0.257285
v 0.151613 -0.107454 -0.253184
v 0.155089 -0.095508 -0.242298
v 0.160288 -0.093005 -0.240212
v 0.132481 -0.104062 -0.257781
v 0.138647 -0.099656 -0.257662
v 0.144598 -0.048236 -0.240173
v 0.145744 -0.044025 -0.234663
v 0.140274 -0.034626 -0.234532
v 0.148399 -0.050908 -0.236380
v 0.153285 -0.046203 -0.239665
v 0.141100 -0.012257 -0.236516
v 0.164517 -0.632720 -0.038522
v 0.170703 -0.608577 -0.051876
v 0.151984 -0.562001 -0.066179
v 0.140891 -0.533704 -0.057214
v 0.148934 -0.545125 -0.068845
v 0.167892 -0.563071 -0.089488
v 0.148906 -0.489939 -0.101510
v 0.153435 -0.504879 -0.115888
v 0.157134 -0.517163 -0.126073
v 0.159883 -0.531366 -0.137624
v 0.153173 -0.529441 -0.136942
v 0.160000 -0.539883 -0.144310
v 0.154680 -0.556269 -0.154430
v 0.167740 -0.576380 -0.157865
v 0.162018 -0.558739 -0.158105
v 0.161816 -0.547286 -0.149473
v 0.176014 -0.094168 -0.181316
v 0.184029 -0.116023 -0.185549
v 0.182514 -0.132613 -0.193444
v 0.198311 -0.128391 -0.210980
v 0.192064 -0.136914 -0.221965
v 0.184092 -0.148284 -0.230827
v 0.200212 -0.121476 -0.195117
v 0.200760 -0.118010 -0.211345
v 0.193589 -0.109742 -0.218838
v 0.198306 -0.098803 -0.208418
v 0.192405 -0.120132 -0.223386
v 0.195702 -0.110962 -0.239920
v 0.197300 -0.101106 -0.232390
v 0.190583 -0.125097 -0.244707
v 0.191264 -0.086382 -0.233932
v 0.159768 -0.065294 -0.242404
v 0.157573 -0.078418 -0.238596
v 0.151487 -0.065908 -0.237844
v 0.154013 -0.079855 -0.238951
v 0.150209 -0.058007 -0.236986
v 0.151078 -0.074467 -0.244457
v 0.191415 -0.096317 -0.217155
v 0.196805 -0.094449 -0.201133
v 0.188377 -0.085625 -0.216011
v 0.184283 -0.075615 -0.215756
v 0.188683 -0.075883 -0.224239
v 0.192268 -0.083912 -0.230401
v 0.180011 -0.064727 -0.215352
v 0.174891 -0.042936 -0.223066
v 0.181891 -0.062317 -0.229160
v 0.170956 -0.035990 -0.225815
v 0.172072 -0.042934 -0.214162
v 0.176856 -0.055560 -0.215390
v 0.176546 -0.036551 -0.204982
v 0.170516 -0.018669 -0.203722
v 0.176374 -0.035114 -0.196749
v 0.167862 -0.030435 -0.212949
v 0.165505 -0.017632 -0.222049
v 0.163446 -0.018219 -0.212036
v 0.160944 -0.004598 -0.220754
v 0.147815 -0.030230 -0.237959
v 0.158316 -0.003578 -0.210892
v 0.164138 0.000684 -0.201838
v 0.169076 -0.012691 -0.195988
v 0.164516 -0.032561 -0.181672
v 0.186082 -0.068534 -0.197600
v 0.184052 -0.057227 -0.203281
v 0.200547 -0.113797 -0.193762
v 0.203519 -0.116210 -0.199203
v 0.193726 -0.114843 -0.187039
v 0.126289 -0.683658 -0.236782
v 0.160929 -0.698402 -0.251450
v 0.154201 -0.683878 -0.264544
v 0.127719 -0.101365 -0.107961
v 0.117817 -0.076424 -0.114719
v 0.120308 -0.111481 -0.128497
v 0.123424 -0.117243 -0.120569
v 0.128985 -0.114032 -0.114880
v 0.132895 -0.121538 -0.121197
v 0.143538 -0.158479 -0.118343
v 0.139124 -0.129402 -0.108812
v 0.143944 -0.137171 -0.096974
v 0.133346 -0.129881 -0.106203
v 0.138463 -0.135637 -0.096291
v 0.134075 -0.129413 -0.100929
v 0.136457 -0.124784 -0.101390
v 0.128447 -0.122353 -0.110926
v 0.125105 -0.189556 -0.053350
v 0.180723 -0.497143 -0.038827
v 0.132061 -0.109042 -0.093036
v 0.142670 -0.135753 -0.091880
v 0.148207 -0.145507 -0.091682
v 0.166193 -0.180631 -0.064674
v 0.159600 -0.187087 -0.092038
v 0.158969 -0.208681 -0.075370
v 0.167365 -0.197984 -0.082008
v 0.176940 -0.212900 -0.065746
v 0.167105 -0.197888 -0.050852
v 0.149405 -0.193566 -0.044526
v 0.172885 -0.215757 -0.064517
v 0.130116 -0.056280 -0.081578
v 0.135719 -0.066440 -0.072321
v 0.135659 -0.622559 -0.201045
v 0.144881 -0.624289 -0.205686
v 0.152391 -0.629607 -0.200388
v 0.148459 -0.671925 -0.222109
v 0.157829 -0.677904 -0.215371
v 0.138944 -0.611780 -0.192334
v 0.149268 -0.611615 -0.192361
v 0.167121 -0.626466 -0.176867
v 0.158332 -0.619747 -0.183992
v 0.153280 -0.623810 -0.180103
v 0.176377 -0.608964 -0.158885
v 0.146006 -0.630877 -0.192778
v 0.166702 -0.640847 -0.187928
v 0.160270 -0.635637 -0.193482
v 0.155135 -0.637728 -0.186059
v 0.162883 -0.644657 -0.178996
v 0.168873 -0.636268 -0.166719
v 0.173951 -0.647411 -0.181792
v 0.179512 -0.652972 -0.175521
v 0.185605 -0.661140 -0.172188
v 0.171570 -0.651689 -0.171887
v 0.181088 -0.661158 -0.163965
v 0.177339 -0.635367 -0.167948
v 0.177043 -0.641758 -0.159716
v 0.183626 -0.638717 -0.161447
v 0.164039 -0.683219 -0.209987
v 0.191395 -0.701607 -0.182028
v 0.181202 -0.694276 -0.192569
v 0.183717 -0.702404 -0.184872
v 0.172919 -0.694717 -0.195907
v 0.173664 -0.689306 -0.200436
v 0.160186 -0.686905 -0.207448
v 0.138950 -0.691366 -0.228322
v 0.172924 -0.706694 -0.242412
v 0.154448 -0.703856 -0.228587
v 0.165971 -0.693257 -0.256228
v 0.175301 -0.675152 -0.241673
v 0.177537 -0.619078 -0.224993
v 0.176932 -0.677579 -0.246290
v 0.188954 -0.685375 -0.237034
v 0.183635 -0.681876 -0.234819
v 0.193409 -0.687900 -0.225734
v 0.199357 -0.692835 -0.221116
v 0.167622 -0.612526 -0.233904
v 0.176158 -0.611507 -0.232148
v 0.184850 -0.617210 -0.224722
v 0.185830 -0.625285 -0.217366
v 0.181064 -0.600310 -0.223944
v 0.176902 -0.598230 -0.220068
v 0.187931 -0.606175 -0.210181
v 0.163578 -0.604221 -0.242569
v 0.146933 -0.141278 -0.039412
v 0.139515 -0.109785 -0.064134
v 0.148677 -0.132502 -0.063875
v 0.137799 -0.119732 -0.091329
v 0.138950 -0.122886 -0.079990
v 0.139745 -0.540673 -0.169301
v 0.137463 -0.021552 -0.232636
v 0.146810 -0.210660 -0.069397
v 0.171998 -0.212379 -0.071208
v 0.142287 -0.079703 -0.061654
v 0.145908 -0.064118 -0.072336
v 0.153564 -0.091230 -0.247761
v 0.157345 -0.543310 -0.069825
v 0.162366 -0.552636 -0.079150
v 0.175324 -0.580247 -0.108186
v 0.161832 -0.567750 -0.090100
v 0.172138 -0.573281 -0.099926
v 0.165136 -0.575195 -0.097848
v 0.159229 -0.571910 -0.075909
v 0.171179 -0.597778 -0.102515
v 0.179718 -0.599581 -0.126360
v 0.169511 -0.585406 -0.108423
v 0.177163 -0.589378 -0.116015
v 0.172956 -0.597470 -0.119506
v 0.156346 -0.557297 -0.080277
v 0.152277 -0.701444 -0.220067
v 0.180369 -0.703139 -0.246003
v 0.200309 -0.614401 -0.206076
v 0.195425 -0.632218 -0.208293
v 0.203229 -0.639423 -0.200920
v 0.207196 -0.634968 -0.204831
v 0.195384 -0.624313 -0.215620
v 0.199740 -0.616207 -0.198654
v 0.210797 -0.646155 -0.194273
v 0.209613 -0.588707 -0.170637
v 0.211095 -0.558229 -0.130236
v 0.203357 -0.564765 -0.169693
v 0.202293 -0.571390 -0.175741
v 0.191253 -0.560539 -0.187547
v 0.198822 -0.560336 -0.188464
v 0.198480 -0.566174 -0.181586
v 0.204248 -0.567136 -0.181694
v 0.207333 -0.566426 -0.177357
v 0.201445 -0.536149 -0.145890
v 0.204623 -0.535361 -0.150314
v 0.202152 -0.545218 -0.153487
v 0.203226 -0.553968 -0.160330
v 0.199896 -0.523587 -0.134943
v 0.198247 -0.512749 -0.125067
v 0.208481 -0.546222 -0.099280
v 0.209439 -0.557177 -0.086813
v 0.191465 -0.485674 -0.098932
v 0.200218 -0.505998 -0.123802
v 0.199116 -0.527153 -0.073498
v 0.189012 -0.476840 -0.090200
v 0.205016 -0.548819 -0.075503
v 0.200467 -0.541472 -0.066077
v 0.206577 -0.545320 -0.065910
v 0.211825 -0.553678 -0.077331
v 0.191190 -0.527806 -0.048744
v 0.184938 -0.465860 -0.078986
v 0.195931 -0.534838 -0.056694
v 0.194972 -0.498186 -0.111338
v 0.197008 -0.490627 -0.109730
v 0.202429 -0.520062 -0.136950
v 0.192798 -0.471968 -0.110595
v 0.195446 -0.484399 -0.123912
v 0.189537 -0.487294 -0.129817
v 0.187775 -0.473751 -0.116505
v 0.185043 -0.456632 -0.099083
v 0.178706 -0.432856 -0.104943
v 0.189846 -0.458779 -0.097210
v 0.172581 -0.421381 -0.059215
v 0.173088 -0.418335 -0.049553
v 0.179230 -0.429217 -0.062568
v 0.177357 -0.431091 -0.070574
v 0.178668 -0.439437 -0.054441
v 0.178786 -0.451139 -0.064119
v 0.181706 -0.457783 -0.070912
v 0.185305 -0.451613 -0.068669
v 0.173832 -0.441878 -0.053423
v 0.156370 -0.557757 -0.056732
v 0.168581 -0.584015 -0.063450
v 0.162945 -0.567386 -0.068079
v 0.169417 -0.577978 -0.079075
v 0.175875 -0.608577 -0.113015
v 0.166891 -0.586803 -0.091432
v 0.176799 -0.591037 -0.092427
v 0.181574 -0.602849 -0.105855
v 0.175261 -0.614006 -0.058085
v 0.177886 -0.631423 -0.070765
v 0.180112 -0.621393 -0.065332
v 0.185586 -0.629178 -0.073090
v 0.184019 -0.642469 -0.081444
v 0.188768 -0.635625 -0.078218
v 0.174605 -0.607287 -0.128325
v 0.156171 -0.553907 -0.163616
v 0.161723 -0.708605 -0.213404
v 0.172251 -0.716293 -0.218201
v 0.187797 -0.715732 -0.233085
v 0.189750 -0.709125 -0.239210
v 0.199101 -0.716509 -0.230423
v 0.177030 -0.721602 -0.202660
v 0.176565 -0.158260 -0.237932
v 0.183042 -0.139890 -0.234486
v 0.175700 -0.149724 -0.240680
v 0.188742 -0.129713 -0.228098
v 0.182556 -0.654270 -0.053194
v 0.180751 -0.654241 -0.061727
v 0.193124 -0.642215 -0.084773
v 0.199977 -0.656122 -0.101187
v 0.187937 -0.650401 -0.089145
v 0.196652 -0.651393 -0.094011
v 0.193431 -0.660281 -0.100688
v 0.202267 -0.663360 -0.109117
v 0.197658 -0.672450 -0.112838
v 0.186116 -0.614534 -0.117512
v 0.177875 -0.620564 -0.124792
v 0.181191 -0.611672 -0.137944
v 0.183137 -0.627798 -0.152502
v 0.176533 -0.625141 -0.145445
v 0.181291 -0.646816 -0.149255
v 0.184972 -0.662341 -0.160703
v 0.190251 -0.664952 -0.166489
v 0.187668 -0.729204 -0.201072
v 0.169535 -0.714411 -0.206242
v 0.185298 -0.727804 -0.190020
v 0.212144 -0.701935 -0.214690
v 0.207022 -0.723853 -0.221288
v 0.205260 -0.727354 -0.218018
v 0.199293 -0.738887 -0.183654
v 0.195909 -0.735854 -0.176529
v 0.194626 -0.710994 -0.171413
v 0.201432 -0.710028 -0.170313
v 0.212189 -0.734166 -0.206929
v 0.208756 -0.745848 -0.171996
v 0.200383 -0.693059 -0.226811
v 0.223512 -0.681362 -0.189243
v 0.198167 -0.672877 -0.071718
v 0.190360 -0.667367 -0.068695
v 0.183060 -0.436626 -0.071547
v 0.189300 -0.462569 -0.079974
v 0.186688 -0.446518 -0.083378
v 0.181448 -0.441657 -0.082796
v 0.192949 -0.474232 -0.092931
v 0.191347 -0.078168 -0.206106
v 0.179948 -0.633165 -0.137025
v 0.192605 -0.639135 -0.141853
v 0.192829 -0.651369 -0.152417
v 0.189497 -0.626152 -0.129298
v 0.198024 -0.674065 -0.158807
v 0.192007 -0.661132 -0.160514
v 0.206301 -0.713423 -0.164261
v 0.204936 -0.697372 -0.214268
v 0.207430 -0.689605 -0.088021
v 0.211465 -0.700971 -0.101069
v 0.197672 -0.679668 -0.084874
v 0.208783 -0.700300 -0.105647
v 0.202161 -0.683872 -0.123579
v 0.211985 -0.713783 -0.127310
v 0.205023 -0.694797 -0.134537
v 0.204500 -0.672269 -0.116738
v 0.208027 -0.682505 -0.127378
v 0.208936 -0.695813 -0.141536
v 0.207747 -0.707864 -0.155072
v 0.202482 -0.717340 -0.161108
v 0.205641 -0.707531 -0.148058
v 0.204220 -0.741405 -0.164622
v 0.192479 -0.516912 -0.156185
v 0.199961 -0.511324 -0.148694
v 0.198009 -0.498509 -0.137128
v 0.206505 -0.554195 -0.166011
vn -0.0468 -0.1796 0.9826
vn 0.0773 0.2365 -0.9686
vn -0.4097 0.1603 -0.8980
vn -0.3971 0.1739 -0.9011
vn -0.3869 0.1483 -0.9101
vn 0.4147 0.1685 -0.8942
vn 0.4500 0.1641 -0.8778
vn -0.0106 -0.1749 0.9845
vn 0.0451 -0.0268 0.9986
vn -0.0079 -0.0151 0.9999
vn 0.0001 0.0807 0.9967
vn 0.0099 -0.0456 0.9989
vn 0.4754 0.5481 0.6882
vn 0.3386 0.7698 0.5411
vn -0.4502 0.5007 0.7393
vn -0.4576 0.5583 0.6920
vn -0.4853 0.4827 0.7291
vn -0.4873 0.4864 0.7252
vn 0.0276 -0.0344 0.9990
vn 0.0773 -0.0153 0.9969
vn -0.3950 -0.5523 -0.7341
vn 0.1047 0.0207 -0.9943
vn -0.4522 0.5021 -0.7372
vn -0.7024 0.6534 -0.2824
vn -0.7071 0.6509 -0.2763
vn -0.7123 0.6384 -0.2917
vn -0.7815 0.5497 -0.2951
vn -0.0814 0.0923 -0.9924
vn -0.0342 0.0035 -0.9994
vn 0.6106 -0.4090 -0.6782
vn -0.0228 0.0173 -0.9996
vn -0.7176 0.5216 -0.4615
vn -0.4653 0.3748 -0.8019
vn 0.0143 -0.0968 -0.9952
vn 0.0383 -0.0528 -0.9979
vn 0.0413 0.0190 -0.9990
vn 0.5553 -0.7750 -0.3017
vn 0.3220 -0.2234 -0.9200
vn 0.7591 -0.5242 -0.3860
vn 0.6326 -0.5724 0.5217
vn -0.2049 -0.9508 -0.2322
vn 0.7659 -0.6093 0.2051
vn 0.7506 -0.5868 -0.3037
vn 0.0922 -0.0232 0.9955
vn 0.5876 -0.3739 0.7175
vn 0.0690 -0.0535 0.9962
vn 0.1958 -0.0114 0.9806
vn 0.1840 -0.0719 0.9803
vn 0.6494 -0.4544 0.6097
vn 0.1646 -0.9746 -0.1520
vn 0.1901 -0.9425 -0.2750
vn 0.5508 -0.7737 -0.3129
vn 0.7912 -0.6054 -0.0865
vn 0.7687 -0.6255 -0.1335
vn 0.7879 -0.6091 -0.0905
vn 0.7956 -0.5986 -0.0931
vn 0.7844 -0.5254 -0.3298
vn 0.7831 -0.5433 -0.3028
vn 0.8000 -0.5938 -0.0865
vn 0.6113 -0.3830 0.6925
vn 0.8076 -0.5844 -0.0794
vn 0.7838 -0.5423 -0.3027
vn 0.7831 -0.5427 -0.3037
vn 0.8300 -0.5481 -0.1031
vn 0.8297 -0.5487 -0.1021
vn 0.7883 -0.5626 -0.2492
vn 0.8413 -0.5332 -0.0887
vn 0.4019 -0.2977 -0.8659
vn 0.5884 -0.4742 -0.6549
vn -0.0830 0.0011 -0.9965
vn 0.6196 -0.4900 -0.6132
vn -0.1857 -0.0521 -0.9812
vn -0.8134 0.4017 -0.4208
vn -0.7868 0.5430 -0.2933
vn -0.8007 0.5396 -0.2601
vn -0.8403 0.4637 -0.2808
vn -0.2134 0.0864 -0.9731
vn -0.2359 0.0816 -0.9683
vn -0.1678 0.0842 -0.9822
vn 0.0017 0.0920 -0.9958
vn -0.7609 0.6241 -0.1777
vn -0.7435 0.6687 0.0076
vn -0.0321 0.0850 -0.9959
vn -0.0697 0.0673 -0.9953
vn 0.1093 0.2182 -0.9698
vn -0.2339 -0.5279 -0.8164
vn -0.9778 -0.0873 -0.1904
vn -0.8077 -0.5890 0.0278
vn 0.5660 -0.7689 0.2973
vn -0.9732 -0.1940 0.1232
vn -0.9752 -0.1751 0.1357
vn -0.9787 -0.1963 0.0601
vn -0.9741 -0.1847 -0.1303
vn -0.9649 -0.1937 -0.1771
vn -0.6621 -0.0593 -0.7471
vn -0.5959 -0.1059 -0.7960
vn -0.5907 -0.1219 -0.7976
vn -0.5613 -0.1187 -0.8191
vn -0.8905 -0.1764 -0.4193
vn -0.9444 -0.2855 0.1632
vn -0.9214 -0.2854 0.2639
vn -0.9316 -0.3613 0.0392
vn -0.8880 -0.2341 0.3959
vn -0.8813 -0.2312 0.4120
vn -0.8944 -0.2271 0.3853
vn -0.8740 -0.2054 0.4404
vn -0.8030 -0.2117 0.5571
vn -0.8310 -0.1593 0.5330
vn -0.8475 -0.1967 0.4930
vn -0.8496 -0.1858 0.4937
vn -0.8848 -0.1723 -0.4329
vn -0.7336 -0.1929 -0.6516
vn -0.6436 -0.1543 -0.7497
vn -0.5794 -0.1139 -0.8071
vn -0.4506 -0.0231 -0.8924
vn -0.4382 -0.0907 -0.8943
vn -0.3414 -0.0669 -0.9375
vn -0.1934 -0.0173 -0.9810
vn -0.8610 -0.4930 -0.1250
vn -0.8548 -0.4767 -0.2052
vn -0.8650 -0.4862 0.1243
vn 0.1718 -0.1696 0.9704
vn 0.1689 -0.1756 0.9699
vn 0.1896 -0.1688 0.9673
vn 0.2071 -0.1799 0.9616
vn 0.1890 -0.2539 0.9486
vn -0.0736 -0.1962 0.9778
vn -0.0676 -0.1797 0.9814
vn 0.2378 -0.2747 0.9317
vn -0.0399 -0.1851 0.9819
vn 0.0717 -0.1319 0.9887
vn -0.1929 -0.1640 0.9674
vn -0.1807 -0.1605 0.9704
vn 0.5742 -0.3212 0.7531
vn 0.6700 -0.2754 0.6894
vn -0.1662 -0.1430 0.9757
vn 0.5224 -0.2555 0.8135
vn 0.4869 -0.2778 0.8281
vn -0.0341 -0.1750 0.9840
vn -0.1006 -0.1598 0.9820
vn -0.0887 -0.1941 0.9770
vn -0.1699 -0.1855 0.9678
vn -0.2626 -0.1462 0.9538
vn -0.0419 -0.1551 0.9870
vn -0.1722 -0.2071 0.9631
vn -0.1696 -0.2054 0.9639
vn -0.1745 -0.2113 0.9617
vn -0.1414 -0.1398 0.9800
vn -0.2445 -0.1584 0.9566
vn -0.2156 -0.1507 0.9648
vn -0.2206 -0.1459 0.9644
vn -0.2155 -0.1408 0.9663
vn -0.0553 -0.2164 0.9747
vn 0.0558 -0.2036 0.9775
vn 0.2006 -0.1992 0.9592
vn -0.0499 -0.1958 0.9794
vn -0.0778 -0.1428 0.9867
vn -0.1329 -0.2299 0.9641
vn -0.1789 -0.3216 0.9298
vn -0.0974 -0.2483 0.9638
vn -0.0336 -0.2028 0.9786
vn -0.1094 -0.2048 0.9727
vn -0.3335 -0.3274 0.8841
vn -0.2537 -0.2839 0.9247
vn -0.4196 -0.3461 0.8391
vn -0.2823 -0.2510 0.9259
vn -0.1105 -0.2075 0.9720
vn -0.1767 -0.0895 0.9802
vn -0.1805 -0.1224 0.9759
vn -0.4924 -0.2917 0.8200
vn -0.3812 -0.2185 0.8983
vn -0.4045 -0.3238 0.8553
vn -0.4962 -0.2391 0.8346
vn -0.5204 -0.2287 0.8227
vn -0.2460 -0.0523 0.9679
vn -0.1776 -0.0894 0.9800
vn -0.1109 -0.1659 0.9799
vn -0.1036 -0.1801 0.9782
vn -0.2162 -0.0972 0.9715
vn -0.1782 -0.0907 0.9798
vn -0.2383 -0.0526 0.9698
vn -0.2570 -0.0656 0.9642
vn 0.2689 -0.7951 0.5436
vn 0.2365 -0.7692 0.5936
vn 0.2277 -0.7929 0.5651
vn 0.2280 -0.7753 0.5890
vn 0.2297 -0.9211 0.3144
vn 0.3212 -0.9236 -0.2091
vn 0.2906 -0.9064 0.3067
vn 0.2970 -0.9068 0.2992
vn 0.2399 -0.8733 0.4241
vn 0.2224 -0.8197 0.5278
vn 0.2400 -0.7798 0.5782
vn 0.3383 -0.8448 0.4145
vn 0.2775 -0.9047 -0.3233
vn 0.3858 -0.8890 0.2466
vn 0.2508 -0.9280 0.2754
vn 0.2304 -0.9146 -0.3322
vn 0.2711 -0.9298 -0.2491
vn 0.3409 -0.8428 0.4165
vn 0.2916 -0.8173 0.4969
vn 0.2940 -0.8157 0.4982
vn 0.1998 -0.7915 0.5776
vn 0.4046 -0.8969 -0.1788
vn 0.3628 -0.9197 0.1500
vn 0.3858 -0.8899 -0.2435
vn 0.4556 -0.8755 -0.1609
vn 0.2540 -0.8884 0.3825
vn 0.2495 -0.8903 0.3809
vn 0.0598 -0.4064 0.9117
vn 0.3175 -0.9107 0.2641
vn 0.2449 -0.9092 0.3368
vn 0.2114 -0.8239 0.5258
vn -0.2024 -0.2829 0.9376
vn 0.0919 -0.3973 0.9131
vn 0.1923 -0.8518 0.4873
vn -0.2054 -0.2025 0.9575
vn -0.1694 -0.1763 0.9697
vn -0.1454 -0.2289 0.9625
vn -0.3696 0.3556 0.8585
vn 0.0706 -0.1559 0.9852
vn -0.1868 -0.1756 0.9666
vn -0.1103 -0.0094 0.9938
vn -0.3789 0.5247 0.7623
vn -0.2836 0.0674 0.9566
vn -0.4352 0.4407 0.7851
vn -0.1537 -0.1677 0.9738
vn -0.2664 0.0778 0.9607
vn -0.1882 -0.2491 0.9500
vn -0.3655 0.3704 0.8539
vn -0.8672 -0.4963 -0.0405
vn 0.0357 0.2657 0.9634
vn -0.0561 0.2880 0.9560
vn -0.9018 -0.4318 0.0175
vn 0.4045 0.1079 -0.9081
vn 0.6722 -0.0460 0.7389
vn -0.1445 -0.0551 0.9880
vn -0.5096 0.7537 0.4150
vn -0.4457 0.7520 0.4857
vn -0.2283 -0.1294 0.9649
vn -0.4621 0.8059 0.3701
vn 0.7794 -0.5720 -0.2559
vn 0.7996 -0.4282 -0.4210
vn 0.8028 -0.4622 -0.3767
vn 0.8800 -0.3675 -0.3009
vn 0.7555 -0.5691 -0.3245
vn 0.7904 -0.4988 -0.3557
vn 0.5208 -0.3641 0.7721
vn 0.7961 -0.4648 -0.3874
vn 0.8133 -0.5208 -0.2596
vn 0.7458 -0.3620 -0.5593
vn -0.0998 0.9827 0.1558
vn 0.5704 -0.1462 -0.8082
vn -0.2168 0.9646 -0.1500
vn 0.2745 0.1462 -0.9504
vn -0.5142 0.7601 0.3974
vn 0.1066 0.3315 -0.9374
vn -0.1747 0.4093 -0.8955
vn -0.5173 0.5865 -0.6233
vn -0.7018 0.6217 -0.3477
vn -0.7018 0.6216 -0.3480
vn -0.6917 0.6307 -0.3519
vn 0.1491 0.1927 -0.9699
vn 0.1601 0.1847 -0.9697
vn 0.1582 0.1865 -0.9696
vn 0.1332 0.2256 -0.9651
vn 0.1367 0.2230 -0.9652
vn 0.1564 0.1841 -0.9704
vn 0.3663 0.1668 -0.9154
vn 0.1339 0.2228 -0.9656
vn -0.7126 0.6376 -0.2926
vn -0.2675 0.4914 -0.8289
vn -0.6148 0.6600 -0.4317
vn -0.6157 0.6579 -0.4337
vn -0.3192 0.6471 -0.6924
vn -0.1121 0.4857 -0.8669
vn -0.5065 0.5336 0.6774
vn -0.5007 0.1971 0.8429
vn -0.3222 0.6412 -0.6964
vn -0.4230 0.2141 0.8805
vn -0.2982 0.6446 -0.7040
vn -0.4506 0.6641 -0.5965
vn -0.6965 0.6686 -0.2605
vn -0.6925 0.6543 -0.3040
vn 0.1312 0.2156 -0.9676
vn 0.1397 0.1977 -0.9703
vn -0.3085 0.0163 0.9511
vn -0.2962 0.1665 0.9405
vn -0.4399 0.4753 0.7620
vn -0.7539 0.6207 -0.2154
vn -0.6733 0.7384 -0.0365
vn 0.1393 0.2619 -0.9550
vn 0.1485 0.2677 -0.9520
vn -0.6251 0.7786 -0.0558
vn -0.6348 0.7714 -0.0434
vn 0.6571 0.7106 0.2513
vn 0.2516 0.0526 0.9664
vn -0.0735 -0.0868 0.9935
vn 0.0392 0.0326 0.9987
vn -0.0150 0.2932 0.9559
vn 0.0348 0.3815 0.9237
vn -0.2992 0.0285 0.9538
vn -0.3995 0.7774 0.4858
vn 0.2556 -0.0951 0.9621
vn -0.0432 -0.1536 0.9872
vn -0.4104 0.7614 0.5018
vn 0.1261 -0.1370 0.9825
vn -0.4774 0.7344 0.4824
vn -0.0393 -0.1408 0.9893
vn -0.3964 0.4463 0.8023
vn -0.4620 0.7788 0.4243
vn -0.4745 0.7893 0.3898
vn -0.1824 -0.0376 0.9825
vn -0.2313 -0.0598 0.9710
vn -0.1866 -0.0679 0.9801
vn -0.5015 0.5346 0.6803
vn -0.4438 0.8119 0.3793
vn -0.0255 -0.0371 0.9990
vn 0.1832 -0.0401 0.9823
vn 0.2589 0.0143 0.9658
vn 0.2834 0.0282 0.9586
vn -0.4077 -0.4577 0.7901
vn -0.4040 -0.4579 0.7919
vn 0.1960 -0.0362 0.9799
vn 0.0548 0.1273 -0.9904
vn 0.0517 0.1262 -0.9907
vn 0.0975 0.1733 -0.9800
vn -0.5351 0.3568 -0.7657
vn -0.4234 0.3683 -0.8277
vn -0.0893 -0.0485 -0.9948
vn -0.0838 -0.0524 -0.9951
vn -0.1118 -0.3218 0.9402
vn 0.2866 0.0403 0.9572
vn -0.0229 -0.0178 0.9996
vn 0.1316 -0.0336 0.9907
vn 0.0325 -0.0582 0.9978
vn -0.3729 -0.0053 0.9279
vn -0.7789 -0.0617 0.6241
vn 0.8098 -0.4667 0.3557
vn 0.2333 -0.0065 0.9724
vn 0.3603 0.0713 0.9301
vn 0.4119 0.0012 0.9112
vn 0.3929 -0.0131 0.9195
vn 0.1435 -0.2353 0.9613
vn 0.0956 -0.2221 0.9703
vn 0.0019 -0.2249 0.9744
vn 0.1156 -0.2725 0.9552
vn -0.0355 -0.2123 0.9766
vn -0.0942 -0.2337 0.9677
vn 0.0084 -0.2325 0.9726
vn 0.0951 -0.2456 0.9647
vn 0.1485 -0.2320 0.9613
vn 0.2056 -0.1971 0.9586
vn -0.7346 0.4412 0.5154
vn -0.4051 0.2873 0.8679
vn -0.4916 0.0524 0.8692
vn -0.6703 0.3791 0.6380
vn -0.6605 0.4287 0.6164
vn -0.7280 0.3394 0.5957
vn -0.3837 0.0135 0.9233
vn -0.1315 -0.1160 0.9845
vn -0.7166 0.4305 0.5488
vn -0.7923 0.3407 0.5061
vn -0.8010 0.4117 0.4347
vn -0.4123 0.1135 0.9039
vn -0.7941 0.4365 0.4229
vn -0.1146 -0.1783 0.9773
vn 0.0123 -0.2306 0.9730
vn -0.4141 0.0013 0.9102
vn -0.8000 0.3710 0.4715
vn -0.7939 0.4366 0.4232
vn -0.2621 -0.0811 0.9616
vn -0.7941 0.3801 0.4743
vn -0.0568 -0.2156 0.9748
vn -0.7873 0.4573 0.4136
vn -0.3831 -0.0519 0.9223
vn -0.0885 -0.2428 0.9660
vn -0.8099 0.4113 0.4183
vn -0.8088 0.4266 0.4047
vn -0.3061 -0.0384 0.9512
vn -0.8364 0.5465 0.0423
vn -0.0885 -0.2437 0.9658
vn -0.3302 -0.1667 0.9291
vn 0.6749 -0.6594 -0.3311
vn -0.1977 -0.1851 0.9626
vn -0.1870 -0.1896 0.9639
vn -0.0954 -0.2280 0.9690
vn -0.1532 -0.2074 0.9662
vn -0.2154 -0.1371 0.9669
vn -0.7397 0.5758 0.3481
vn -0.9261 0.2617 -0.2717
vn -0.2119 -0.0370 0.9766
vn -0.8663 -0.4564 0.2031
vn -0.9187 -0.2804 -0.2782
vn 0.2374 -0.2088 0.9487
vn 0.6864 -0.2925 0.6658
vn 0.7012 -0.2892 0.6517
vn 0.6976 -0.2844 0.6576
vn 0.7182 -0.2649 0.6434
vn -0.1597 -0.1244 0.9793
vn -0.2055 0.2509 -0.9459
vn 0.0741 0.9138 -0.3993
vn 0.1170 0.8748 -0.4701
vn -0.0903 0.8874 -0.4520
vn -0.1040 -0.0153 -0.9945
vn -0.0886 -0.0066 -0.9960
vn -0.0086 -0.1411 -0.9900
vn -0.1199 0.7789 0.6156
vn -0.0739 -0.0980 -0.9924
vn -0.2688 -0.0694 -0.9607
vn -0.2599 -0.0841 -0.9620
vn -0.3333 -0.1049 -0.9370
vn -0.2852 -0.0862 -0.9546
vn -0.2885 -0.0715 -0.9548
vn -0.2877 -0.0694 -0.9552
vn -0.9392 -0.1353 -0.3157
vn -0.9156 -0.1643 -0.3670
vn -0.9447 -0.2265 -0.2372
vn -0.9635 -0.2418 0.1152
vn -0.3205 -0.0478 -0.9460
vn -0.2668 -0.0650 -0.9615
vn -0.1890 -0.0293 -0.9815
vn -0.3977 -0.0207 -0.9173
vn -0.3369 -0.0315 -0.9410
vn -0.8734 -0.1057 -0.4754
vn -0.2692 -0.0681 -0.9607
vn -0.8213 -0.0791 -0.5650
vn -0.8105 -0.0830 -0.5798
vn -0.8486 -0.1110 -0.5173
vn -0.2365 -0.0104 -0.9716
vn -0.7009 -0.1830 0.6894
vn -0.7344 -0.1990 0.6488
vn -0.7095 -0.1481 0.6890
vn -0.7480 -0.1404 0.6487
vn -0.6138 -0.0778 0.7856
vn -0.5903 -0.1609 0.7910
vn -0.5776 -0.1297 0.8059
vn -0.9622 -0.2199 -0.1606
vn 0.9910 0.0666 -0.1165
vn -0.1654 -0.0527 -0.9848
vn -0.1696 -0.0354 -0.9849
vn 0.8753 -0.2296 0.4255
vn -0.0771 -0.1197 0.9898
vn -0.5747 -0.1280 0.8083
vn -0.3248 -0.1365 0.9359
vn -0.8765 0.0990 0.4711
vn 0.2799 0.0376 0.9593
vn -0.1509 0.2038 0.9673
vn 0.3959 -0.0781 0.9149
vn 0.2889 0.0467 0.9562
vn 0.3817 0.2929 0.8767
vn 0.9591 -0.1502 0.2400
vn 0.5560 0.3365 0.7600
vn 0.8887 -0.1622 0.4287
vn 0.3675 0.0417 0.9291
vn 0.1080 0.8148 0.5696
vn 0.3021 -0.0412 0.9524
vn -0.0244 -0.0772 0.9967
vn -0.3430 -0.1899 0.9200
vn -0.3207 -0.1693 0.9319
vn 0.3389 0.0071 0.9408
vn 0.1037 -0.5935 0.7982
vn 0.4161 0.0706 0.9066
vn 0.2715 0.0206 0.9622
vn 0.1604 -0.0010 0.9871
vn 0.1841 0.0119 0.9828
vn -0.4642 0.4893 0.7383
vn -0.4859 0.5228 0.7004
vn 0.3005 -0.0124 0.9537
vn 0.2519 -0.0446 0.9667
vn 0.2934 -0.0133 0.9559
vn 0.2947 -0.0118 0.9555
vn 0.3350 -0.0065 0.9422
vn -0.4677 0.4878 0.7371
vn -0.3015 0.2389 0.9231
vn -0.1502 0.5714 0.8068
vn 0.2982 0.0373 0.9538
vn 0.7616 -0.2347 0.6040
vn -0.5246 0.4337 0.7326
vn 0.3371 -0.0066 0.9415
vn 0.2228 0.0446 0.9739
vn -0.5423 0.5576 0.6285
vn -0.6174 0.5016 0.6060
vn 0.7868 -0.5681 0.2414
vn 0.2038 -0.1939 0.9596
vn -0.0899 0.0023 -0.9959
vn 0.1640 -0.9857 -0.0380
vn 0.1648 -0.3345 -0.9279
vn -0.0819 0.0748 -0.9938
vn 0.3001 0.1846 -0.9359
vn -0.1027 0.1980 -0.9748
vn -0.0029 0.1903 -0.9817
vn 0.5099 0.1848 -0.8401
vn -0.0459 0.2015 -0.9784
vn -0.1538 0.1759 -0.9723
vn 0.5167 0.1701 -0.8391
vn 0.4516 0.1607 -0.8776
vn 0.2434 0.1619 -0.9563
vn 0.1735 0.1770 -0.9688
vn 0.1705 0.1696 -0.9706
vn 0.1528 0.2012 -0.9675
vn 0.1650 0.1918 -0.9675
vn 0.1490 0.2313 -0.9614
vn -0.3626 0.1413 -0.9212
vn -0.0747 0.1683 -0.9829
vn 0.1818 0.1809 -0.9665
vn 0.1791 0.1582 -0.9710
vn 0.1805 0.1626 -0.9700
vn 0.1595 0.1614 -0.9739
vn 0.1134 0.1596 -0.9806
vn 0.1541 0.1779 -0.9719
vn 0.3153 0.2186 -0.9235
vn 0.3181 0.2510 -0.9142
vn 0.1679 0.2145 -0.9622
vn 0.1977 0.2146 -0.9565
vn -0.0073 0.2999 -0.9539
vn 0.3413 0.1228 -0.9319
vn 0.3867 0.1607 -0.9081
vn -0.3609 0.1788 -0.9153
vn 0.3740 0.1779 -0.9102
vn 0.4243 0.1872 -0.8859
vn 0.2003 0.2020 -0.9587
vn 0.1246 0.1963 -0.9726
vn 0.0377 0.2537 -0.9666
vn 0.1193 0.2341 -0.9649
vn 0.4316 0.1550 -0.8886
vn 0.3951 0.1487 -0.9065
vn 0.4397 0.1561 -0.8845
vn 0.4371 0.1406 -0.8884
vn 0.4281 0.1440 -0.8922
vn 0.0983 0.1748 -0.9797
vn 0.1287 0.1661 -0.9777
vn 0.1291 0.1604 -0.9786
vn 0.1355 0.1748 -0.9752
vn -0.3686 0.1440 -0.9184
vn 0.1378 -0.1969 0.9707
vn -0.0288 -0.2308 0.9726
vn -0.3159 -0.6535 -0.6878
vn -0.2033 -0.7582 -0.6195
vn 0.3455 -0.6887 -0.6375
vn -0.3269 -0.7774 -0.5374
vn 0.2481 -0.5710 -0.7826
vn -0.1978 0.9268 -0.3194
vn -0.2195 0.9340 -0.2820
vn 0.0542 0.5656 -0.8229
vn -0.0988 0.1385 -0.9854
vn 0.1709 0.1573 -0.9727
vn 0.2118 0.1406 -0.9672
vn 0.1903 0.1659 -0.9676
vn 0.2032 0.1607 -0.9659
vn 0.1404 0.0972 -0.9853
vn -0.4155 -0.3240 -0.8499
vn -0.2824 -0.2745 -0.9192
vn -0.5039 -0.1455 -0.8514
vn -0.5249 -0.1448 -0.8388
vn 0.1479 0.0696 -0.9865
vn -0.5688 0.1741 -0.8039
vn -0.3684 0.0924 -0.9251
vn 0.2122 0.1112 -0.9709
vn -0.5678 -0.0084 -0.8231
vn 0.1514 0.0874 -0.9846
vn 0.1560 0.0820 -0.9843
vn -0.5355 0.6173 -0.5763
vn 0.2134 0.1478 -0.9657
vn 0.2171 0.1425 -0.9657
vn 0.2038 0.2377 -0.9497
vn -0.2080 0.5722 -0.7933
vn 0.1012 0.1885 -0.9768
vn 0.5153 0.1482 -0.8441
vn 0.0873 0.1602 -0.9832
vn 0.5107 0.1622 -0.8443
vn 0.5196 0.1658 -0.8381
vn 0.2674 0.1651 -0.9493
vn 0.5123 0.1684 -0.8421
vn 0.2699 0.1661 -0.9485
vn 0.2688 0.1693 -0.9482
vn -0.4784 0.7085 -0.5188
vn -0.4831 0.7211 -0.4967
vn 0.1925 0.2183 -0.9567
vn 0.1254 0.2399 -0.9627
vn 0.1720 0.1843 -0.9677
vn -0.2253 0.5895 -0.7757
vn -0.3923 0.7328 -0.5559
vn -0.3615 0.7162 -0.5969
vn -0.3781 0.7291 -0.5705
vn 0.1678 0.2050 -0.9643
vn 0.1696 0.2045 -0.9641
vn -0.4574 0.7271 -0.5119
vn -0.4465 0.7101 -0.5444
vn 0.4969 -0.1791 -0.8492
vn -0.5353 0.6637 -0.5224
vn -0.5592 0.6628 -0.4980
vn 0.1184 0.1813 -0.9763
vn 0.1900 0.1910 -0.9630
vn 0.1379 0.1971 -0.9706
vn 0.1485 0.2181 -0.9646
vn 0.4913 -0.8702 0.0373
vn -0.0794 -0.1790 0.9806
vn 0.3982 -0.6281 0.6685
vn 0.1890 -0.4125 0.8911
vn 0.3478 -0.4964 0.7954
vn -0.0554 -0.1580 0.9859
vn 0.5274 -0.6640 0.5300
vn 0.7165 -0.6975 0.0126
vn 0.1564 -0.2531 0.9547
vn -0.0966 -0.2432 0.9651
vn -0.1052 -0.2244 0.9688
vn -0.5126 -0.1602 0.8436
vn 0.5760 -0.5975 0.5579
vn 0.3249 -0.5270 0.7853
vn 0.7435 -0.6686 -0.0126
vn -0.0821 -0.1643 0.9830
vn -0.1199 -0.1885 0.9747
vn -0.1097 -0.2395 0.9647
vn 0.2011 -0.4077 0.8907
vn 0.3742 -0.4081 0.8327
vn 0.5924 -0.5842 0.5548
vn 0.5741 -0.5938 0.5637
vn 0.7635 -0.6445 -0.0405
vn 0.7799 -0.6258 0.0027
vn 0.8183 -0.5748 0.0015
vn 0.8248 -0.5655 -0.0028
vn 0.7465 -0.3778 -0.5477
vn 0.7256 -0.3178 -0.6104
vn 0.8351 -0.5499 0.0115
vn 0.3802 -0.4870 0.7863
vn -0.1519 -0.1943 0.9691
vn -0.1303 -0.2559 0.9579
vn -0.0949 -0.1646 0.9818
vn -0.1387 -0.2600 0.9556
vn -0.5274 -0.7652 0.3692
vn -0.5332 -0.7432 0.4041
vn -0.8180 -0.3708 0.4398
vn -0.2401 0.4678 0.8506
vn -0.4288 -0.3406 0.8367
vn -0.2147 -0.2243 0.9506
vn -0.4261 -0.1758 0.8874
vn -0.4104 -0.2952 0.8628
vn -0.6962 -0.4939 0.5210
vn -0.6943 -0.6831 0.2265
vn -0.2156 -0.2217 0.9510
vn -0.4254 -0.2898 0.8573
vn -0.4056 -0.5863 0.7012
vn 0.2917 0.5865 0.7556
vn 0.4737 0.6775 0.5627
vn -0.2240 -0.2458 0.9431
vn -0.2020 -0.2447 0.9483
vn 0.0452 0.3334 0.9417
vn 0.4313 0.4897 0.7578
vn -0.4172 -0.3797 -0.8257
vn 0.3391 -0.9176 0.2075
vn 0.1816 -0.6540 -0.7344
vn 0.2472 -0.7603 -0.6007
vn 0.1190 0.2584 -0.9587
vn 0.3535 -0.2709 -0.8954
vn 0.3416 -0.2071 -0.9167
vn 0.1330 0.2809 -0.9505
vn -0.3614 -0.0516 -0.9310
vn -0.3493 -0.0517 -0.9356
vn 0.2026 0.1360 -0.9698
vn -0.2206 0.9333 -0.2834
vn 0.2058 0.0596 -0.9768
vn 0.1393 0.1353 -0.9810
vn 0.2006 0.1164 -0.9727
vn 0.1991 0.0714 -0.9774
vn -0.0133 0.5522 -0.8336
vn -0.0122 0.5078 -0.8614
vn 0.8089 0.3281 -0.4879
vn 0.9246 -0.0926 -0.3694
vn 0.7929 0.0522 -0.6071
vn 0.9088 0.3161 -0.2724
vn 0.1882 0.1056 -0.9764
vn 0.1793 0.1306 -0.9751
vn 0.2254 0.1150 -0.9675
vn 0.7766 -0.5871 -0.2284
vn -0.4459 0.1878 -0.8752
vn 0.1912 0.2154 -0.9576
vn 0.1830 0.1303 -0.9744
vn 0.1536 0.1345 -0.9789
vn -0.5742 0.2135 -0.7904
vn 0.1542 0.2235 -0.9624
vn 0.1027 0.2426 -0.9647
vn 0.0946 0.1689 -0.9811
vn 0.2034 0.2041 -0.9576
vn 0.7140 0.1139 -0.6908
vn 0.6667 0.1398 -0.7321
vn 0.2001 0.1936 -0.9605
vn -0.3923 0.3413 -0.8542
vn 0.0857 0.2042 -0.9752
vn -0.8315 0.5401 -0.1301
vn 0.1523 0.2236 -0.9627
vn 0.1219 0.3800 -0.9169
vn 0.7667 0.1933 -0.6122
vn 0.7262 0.2131 -0.6536
vn 0.1617 0.1672 -0.9726
vn 0.1145 0.1210 -0.9860
vn 0.1120 0.1552 -0.9815
vn 0.9571 0.2840 -0.0578
vn 0.4031 -0.1533 -0.9022
vn 0.2133 -0.1120 -0.9706
vn 0.0738 0.1385 -0.9876
vn 0.4372 -0.2274 -0.8701
vn 0.5772 0.5687 -0.5860
vn 0.7146 0.5283 -0.4585
vn 0.4506 0.1359 -0.8823
vn 0.1168 0.2291 -0.9664
vn -0.8103 0.1714 -0.5604
vn -0.2885 0.2604 -0.9214
vn 0.0368 0.2241 -0.9739
vn 0.1650 0.1761 -0.9704
vn 0.2149 0.1831 -0.9593
vn 0.2784 0.0882 -0.9564
vn 0.4557 0.1437 -0.8784
vn -0.8171 0.5322 0.2214
vn -0.8818 0.3027 -0.3616
vn -0.3975 0.5290 -0.7497
vn -0.7413 0.6708 0.0238
vn -0.7383 0.6728 -0.0475
vn -0.8792 0.3090 -0.3627
vn 0.3765 0.4386 -0.8160
vn 0.0300 0.5873 -0.8088
vn 0.0309 0.5864 -0.8094
vn 0.6512 0.0846 -0.7542
vn -0.5099 0.6597 -0.5520
vn -0.8083 0.5790 0.1073
vn -0.8007 0.5990 -0.0058
vn -0.4796 0.4676 -0.7425
vn -0.2958 0.4537 -0.8406
vn 0.0825 0.1157 -0.9899
vn 0.1154 0.2070 -0.9715
vn 0.1309 0.1638 -0.9778
vn 0.4657 -0.0736 -0.8819
vn 0.0314 0.1825 -0.9827
vn -0.0188 0.1177 -0.9929
vn -0.8123 0.5792 -0.0683
vn -0.8067 0.5905 -0.0213
vn 0.2261 0.2094 -0.9513
vn 0.1811 0.1987 -0.9632
vn -0.7497 0.6521 -0.1132
vn -0.7904 0.5877 -0.1729
vn -0.5273 0.5243 -0.6687
vn -0.5639 0.7087 -0.4239
vn 0.2550 0.1730 -0.9513
vn -0.6410 0.6569 -0.3969
vn -0.6250 0.7040 -0.3373
vn 0.0332 0.1884 -0.9815
vn 0.4019 -0.1176 -0.9081
vn 0.6277 -0.2095 -0.7498
vn 0.3218 -0.0277 -0.9464
vn 0.2601 -0.0095 -0.9655
vn 0.3372 0.0006 -0.9414
vn 0.3290 0.1981 -0.9233
vn 0.7848 -0.0791 -0.6147
vn 0.8260 -0.0900 -0.5564
vn 0.9726 0.1443 -0.1823
vn 0.1765 0.2849 -0.9422
vn 0.7757 -0.0227 -0.6307
vn 0.9750 -0.0215 -0.2212
vn 0.0962 0.2612 -0.9605
vn 0.1430 0.2574 -0.9557
vn -0.2937 -0.2566 -0.9208
vn -0.3196 -0.3566 -0.8779
vn 0.3126 0.2090 -0.9266
vn -0.0764 0.2704 -0.9597
vn 0.2055 0.1566 -0.9660
vn 0.1740 0.2431 -0.9543
vn 0.1355 0.2710 -0.9530
vn 0.7695 -0.1755 -0.6141
vn 0.2340 0.2574 -0.9375
vn 0.1715 0.3016 -0.9379
vn 0.2187 0.2893 -0.9319
vn -0.2716 -0.5022 -0.8210
vn 0.8822 -0.4687 0.0453
vn -0.1623 -0.7704 -0.6166
vn 0.8701 -0.4876 0.0719
vn 0.8728 -0.4756 0.1092
vn 0.4770 -0.5219 0.7072
vn 0.5970 -0.4703 0.6499
vn 0.7806 -0.2027 -0.5913
vn 0.6962 -0.1969 -0.6903
vn 0.1908 0.1148 -0.9749
vn 0.8465 -0.5297 0.0544
vn -0.1219 -0.2172 0.9685
vn 0.4165 -0.4382 0.7965
vn -0.0941 -0.2544 0.9625
vn 0.3967 -0.4412 0.8050
vn 0.8619 -0.5007 0.0806
vn -0.3264 -0.9212 -0.2117
vn -0.1251 -0.4669 -0.8754
vn -0.3407 -0.8918 -0.2977
vn -0.1819 -0.6196 -0.7636
vn 0.2409 0.1933 -0.9511
vn 0.2293 0.2687 -0.9355
vn 0.4210 0.7781 -0.4662
vn 0.0458 0.4786 -0.8768
vn 0.5695 0.0825 -0.8179
vn 0.9044 -0.2259 -0.3621
vn 0.9861 -0.1636 -0.0294
vn 0.9213 -0.3181 -0.2237
vn 0.6515 0.0879 -0.7535
vn 0.1993 0.1861 -0.9621
vn 0.3998 0.3662 -0.8403
vn 0.5751 -0.7720 -0.2708
vn 0.1202 0.1556 -0.9805
vn -0.0471 -0.5663 -0.8228
vn 0.6246 0.3377 -0.7041
vn 0.4283 0.8567 -0.2873
vn 0.1924 0.3357 -0.9221
vn -0.0920 -0.6112 -0.7861
vn 0.2136 0.2971 -0.9307
vn 0.1860 0.2933 -0.9378
vn 0.1548 0.1308 -0.9792
vn 0.5058 0.8023 -0.3171
vn 0.1912 0.1281 -0.9732
vn 0.4857 0.8153 -0.3153
vn 0.1931 0.1252 -0.9731
vn 0.2000 0.1214 -0.9722
vn -0.0578 -0.6465 -0.7607
vn -0.0585 -0.6506 -0.7572
vn 0.3599 0.8469 -0.3915
vn 0.1614 0.1792 -0.9705
vn 0.0286 0.2501 -0.9678
vn 0.6842 -0.5124 -0.5189
vn 0.8259 -0.4980 -0.2642
vn 0.6477 -0.5853 -0.4878
vn 0.1638 0.1799 -0.9700
vn 0.3165 0.8892 -0.3304
vn 0.3200 0.8914 -0.3208
vn 0.6355 -0.5830 -0.5063
vn 0.6362 -0.5810 -0.5076
vn 0.2372 0.1822 -0.9542
vn 0.1868 0.1749 -0.9667
vn 0.2229 0.2184 -0.9501
vn 0.4291 0.8937 -0.1307
vn 0.4352 0.8919 -0.1229
vn 0.2261 0.1184 -0.9669
vn 0.2247 0.1197 -0.9670
vn 0.2674 0.2401 -0.9332
vn -0.0451 -0.6797 -0.7321
vn 0.2709 0.2356 -0.9333
vn 0.3312 0.9016 -0.2781
vn 0.3561 0.8778 -0.3205
vn 0.2983 0.8823 -0.3640
vn 0.2540 0.1893 -0.9485
vn 0.2796 0.1782 -0.9434
vn 0.3148 0.1793 -0.9321
vn 0.3512 0.1877 -0.9173
vn 0.3433 0.1024 -0.9336
vn -0.0295 -0.6554 -0.7547
vn -0.1786 -0.7930 -0.5825
vn 0.3890 0.1849 -0.9025
vn 0.3782 0.3033 -0.8746
vn 0.3692 0.8609 -0.3500
vn 0.3374 0.8976 -0.2836
vn -0.0123 -0.6575 -0.7534
vn 0.1985 0.0556 -0.9785
vn 0.4171 0.9029 -0.1037
vn 0.2501 0.1846 -0.9505
vn -0.3946 -0.8649 -0.3103
vn -0.4553 -0.8634 0.2173
vn -0.3740 -0.8963 -0.2384
vn -0.1306 -0.6034 -0.7867
vn 0.2668 0.1421 -0.9532
vn 0.4365 0.8976 -0.0616
vn 0.4703 0.8786 -0.0829
vn 0.2614 0.1197 -0.9578
vn -0.0122 -0.6867 -0.7268
vn 0.3183 0.2766 -0.9067
vn 0.3450 0.2688 -0.8993
vn 0.2273 0.1376 -0.9641
vn 0.4574 0.8764 -0.1510
vn 0.4370 0.8876 -0.1457
vn 0.2817 0.1378 -0.9495
vn -0.1367 -0.7069 -0.6939
vn -0.1939 -0.6779 -0.7091
vn -0.1592 -0.6595 -0.7347
vn 0.2912 0.1231 -0.9487
vn -0.3870 -0.8922 -0.2327
vn -0.4434 -0.8754 0.1924
vn -0.4111 -0.8320 0.3725
vn -0.4102 -0.8315 0.3746
vn -0.3307 -0.3377 0.8813
vn -0.5162 -0.8026 0.2990
vn -0.4908 -0.8312 0.2612
vn -0.3500 -0.3133 0.8828
vn -0.3337 -0.3383 0.8799
vn 0.1447 0.6363 0.7578
vn 0.1414 0.6909 0.7090
vn 0.2222 0.6932 0.6856
vn 0.1825 0.6771 0.7129
vn -0.2922 -0.1801 0.9393
vn 0.1677 0.6422 0.7480
vn 0.1675 0.6578 0.7344
vn -0.3250 -0.2913 0.8997
vn -0.3399 -0.2772 0.8987
vn -0.3532 -0.3135 0.8814
vn -0.5065 -0.8349 0.2156
vn -0.4903 -0.8335 0.2546
vn 0.2762 0.1214 -0.9534
vn 0.4872 0.8464 -0.2150
vn 0.5104 0.8351 -0.2052
vn 0.5002 0.8462 -0.1840
vn 0.2807 0.1314 -0.9507
vn 0.2845 0.1843 -0.9408
vn 0.2876 0.1507 -0.9458
vn 0.4750 0.8559 -0.2044
vn 0.3214 0.1775 -0.9302
vn 0.2970 0.1234 -0.9469
vn 0.5237 0.8037 -0.2825
vn 0.5000 0.7727 -0.3911
vn -0.2431 -0.9258 -0.2896
vn 0.3619 0.1885 -0.9130
vn 0.3916 0.1809 -0.9022
vn -0.0169 -0.6403 -0.7679
vn -0.0252 -0.6833 -0.7297
vn 0.3459 0.8962 -0.2780
vn 0.4030 0.8305 -0.3845
vn 0.4197 0.8489 -0.3213
vn 0.3591 0.2834 -0.8892
vn 0.0039 -0.6530 -0.7573
vn 0.0081 -0.6252 -0.7804
vn 0.4277 0.2061 -0.8801
vn -0.0330 -0.6245 -0.7803
vn 0.1285 -0.4319 -0.8927
vn 0.4177 0.2052 -0.8851
vn 0.3874 0.1996 -0.9000
vn -0.0448 -0.6605 -0.7495
vn 0.4059 0.1753 -0.8969
vn 0.4460 0.8779 -0.1746
vn 0.4989 0.8252 -0.2647
vn 0.4600 0.8744 -0.1543
vn 0.9663 0.1181 -0.2287
vn 0.3835 0.2306 -0.8943
vn 0.9761 0.0913 -0.1973
vn 0.3159 0.1657 -0.9342
vn 0.3040 0.1583 -0.9394
vn 0.3017 0.1687 -0.9384
vn 0.3347 0.1428 -0.9314
vn -0.3047 -0.2419 0.9212
vn -0.2561 0.6487 -0.7166
vn -0.3658 0.6875 -0.6273
vn -0.1581 0.5373 -0.8285
vn -0.5837 0.0981 -0.8060
vn -0.6124 0.0802 -0.7864
vn -0.6808 0.0819 -0.7279
vn 0.1894 0.1742 -0.9663
vn 0.1827 0.1892 -0.9648
vn -0.6712 0.0737 -0.7376
vn 0.2026 0.1847 -0.9617
vn 0.8157 -0.4505 -0.3630
vn 0.8209 -0.4394 -0.3647
vn 0.7876 -0.4764 -0.3907
vn 0.7970 -0.4721 -0.3767
vn 0.8029 -0.4561 -0.3838
vn 0.2695 0.1641 -0.9489
vn -0.1303 0.3696 -0.9200
vn -0.6475 0.6449 -0.4062
vn 0.5834 -0.1535 -0.7976
vn 0.4694 0.0730 -0.8800
vn 0.2651 0.0615 -0.9623
vn 0.3017 0.0328 0.9528
vn 0.2480 -0.1208 0.9612
vn 0.2536 0.0907 0.9631
vn -0.6333 0.5341 0.5600
vn 0.3376 0.0151 0.9412
vn 0.3373 0.0113 0.9413
vn 0.3400 0.0035 0.9404
vn -0.8791 0.4396 -0.1844
vn -0.9504 -0.2719 -0.1509
vn -0.9550 -0.2613 -0.1402
vn -0.9570 -0.2106 -0.1994
vn -0.9495 -0.1842 -0.2540
vn -0.5841 -0.0305 -0.8111
vn -0.3101 -0.0617 -0.9487
vn -0.3060 -0.0569 -0.9503
vn -0.9120 -0.1026 -0.3971
vn -0.8726 -0.1061 -0.4768
vn -0.2746 0.0039 -0.9616
vn 0.9639 0.0719 -0.2564
vn 0.9656 0.1192 -0.2309
vn -0.2851 -0.0320 -0.9580
vn 0.5516 0.0500 -0.8326
vn -0.2969 -0.0197 -0.9547
vn 0.9691 0.1118 -0.2201
vn 0.9628 0.0696 -0.2610
vn 0.3556 0.0071 0.9346
vn 0.9611 0.0642 -0.2686
vn 0.9538 0.0747 -0.2911
vn 0.9928 0.0764 -0.0927
vn 0.3325 0.0137 0.9430
vn 0.3854 0.0142 0.9226
vn -0.3461 0.1595 -0.9245
vn 0.3665 0.1667 -0.9154
vn -0.1628 -0.9718 0.1706
vn -0.1944 -0.9808 -0.0136
vn 0.4194 -0.9057 0.0615
vn 0.4775 -0.7866 -0.3915
vn 0.4556 -0.8818 -0.1221
vn 0.2334 -0.9393 0.2513
vn 0.2877 -0.8016 0.5241
vn 0.4803 -0.7809 -0.3993
vn 0.2763 -0.8469 0.4544
vn 0.2375 -0.8606 0.4505
vn 0.2992 -0.5160 -0.8026
vn 0.3572 -0.9104 0.2088
vn 0.3530 -0.8718 0.3396
vn 0.1266 0.2797 -0.9517
vn -0.3613 0.9191 -0.1571
vn -0.1636 0.5043 -0.8479
vn 0.1493 0.1715 -0.9738
vn 0.4354 0.0070 0.9002
vn 0.3604 0.0861 0.9288
vn -0.2062 0.2939 0.9333
vn 0.3800 0.0934 0.9203
vn 0.2775 0.0396 0.9599
vn 0.1153 0.0646 0.9912
vn 0.3593 0.0558 0.9316
vn 0.3802 0.0381 0.9241
vn 0.3933 0.0367 0.9187
vn -0.4289 -0.2335 0.8726
vn 0.3861 0.7942 0.4692
vn 0.1276 0.4568 0.8804
vn 0.2183 -0.1762 0.9598
vn 0.3223 0.0690 0.9441
vn 0.7348 0.2364 0.6357
vn -0.3398 -0.3687 0.8652
vn -0.2286 -0.2777 0.9331
vn 0.3853 0.0517 0.9213
vn 0.4036 0.0795 0.9115
vn -0.2461 0.0656 0.9670
vn -0.1796 0.0506 0.9824
vn 0.5141 0.0472 0.8564
vn 0.4028 0.0855 0.9113
vn -0.3644 0.2519 0.8965
vn 0.4794 0.0239 0.8773
vn 0.5197 -0.0332 0.8537
vn -0.3373 0.3211 0.8850
vn -0.2094 0.2550 0.9440
vn 0.8884 -0.1354 0.4387
vn 0.9462 0.2699 0.1786
vn 0.3397 0.0789 0.9372
vn 0.7816 0.3204 0.5353
vn 0.3766 0.0630 0.9242
vn 0.8534 0.3933 0.3420
vn 0.3797 0.0695 0.9225
vn 0.4402 0.0461 0.8967
vn 0.9573 0.1321 0.2573
vn 0.0241 -0.8302 0.5569
vn 0.3124 0.0228 0.9497
vn -0.2553 0.4036 0.8786
vn 0.3610 0.0436 0.9316
vn 0.8264 -0.4809 0.2929
vn 0.7969 -0.5640 0.2165
vn 0.3857 0.1583 0.9089
vn 0.2196 0.1766 0.9595
vn -0.6357 0.5289 0.5622
vn -0.6362 0.5287 0.5619
vn 0.3767 0.0076 0.9263
vn 0.3293 0.0669 0.9418
vn 0.3239 0.0012 0.9461
vn 0.8881 -0.4303 0.1618
vn -0.3150 0.4157 0.8532
vn 0.3921 0.0932 0.9152
vn -0.6371 0.5367 0.5533
vn 0.2665 0.1150 0.9570
vn 0.3521 0.0822 0.9323
vn 0.8955 -0.4108 0.1715
vn 0.4046 0.0149 0.9144
vn -0.2475 0.2639 0.9322
vn 0.4054 0.0041 0.9141
vn 0.2487 -0.0053 0.9686
vn 0.3840 0.0458 0.9222
vn -0.6624 0.1044 0.7418
vn -0.6533 0.1061 0.7496
vn 0.4070 0.0060 0.9134
vn 0.4147 0.0105 0.9099
vn 0.9267 0.3535 0.1279
vn 0.3831 0.0678 0.9212
vn 0.9203 -0.3900 0.0317
vn 0.2562 0.1558 0.9540
vn 0.2771 0.1539 0.9484
vn -0.6796 0.4642 0.5680
vn -0.6436 0.4908 0.5873
vn -0.6505 0.5262 0.5477
vn 0.3497 0.1124 0.9301
vn 0.8258 -0.3612 0.4332
vn 0.8311 -0.5490 -0.0887
vn 0.8161 -0.3352 0.4708
vn 0.8386 -0.5317 -0.1186
vn 0.8401 -0.5311 -0.1102
vn 0.3705 0.1483 0.9169
vn 0.9895 -0.1445 -0.0096
vn 0.2879 -0.0724 0.9549
vn 0.8772 0.0326 0.4789
vn 0.8679 0.4881 0.0924
vn 0.5608 0.0888 0.8232
vn -0.4994 -0.1409 0.8548
vn -0.6755 -0.1638 0.7190
vn 0.3496 0.1345 0.9272
vn 0.3823 0.0417 0.9231
vn 0.3751 0.0447 0.9259
vn -0.6050 -0.1293 0.7856
vn 0.8396 0.1312 0.5271
vn 0.9556 0.2602 0.1380
vn 0.8423 -0.3337 0.4233
vn 0.8239 -0.5504 -0.1351
vn 0.7839 -0.5647 -0.2581
vn 0.7887 -0.5618 -0.2497
vn 0.4471 -0.5084 -0.7359
vn 0.6194 -0.5247 -0.5839
vn 0.7241 0.2428 -0.6455
vn 0.9073 0.3655 -0.2079
vn 0.4716 0.2634 -0.8415
vn 0.4028 0.2165 -0.8893
vn 0.9134 0.3540 -0.2007
vn 0.8703 0.4159 -0.2637
vn 0.6075 0.0690 0.7913
vn -0.3372 -0.0438 -0.9404
vn -0.2734 -0.0510 -0.9605
vn -0.3979 0.0417 -0.9165
vn -0.3106 -0.0676 -0.9481
vn -0.8476 0.4556 -0.2720
vn -0.8983 0.3734 -0.2315
vn -0.9544 0.2951 0.0459
vn 0.3820 -0.7188 0.5808
vn 0.1449 0.1391 -0.9796
vn 0.4089 0.1232 -0.9042
vn 0.4342 0.1357 -0.8905
vn -0.6926 0.5293 -0.4900
vn -0.3779 0.4292 -0.8203
vn 0.4867 -0.3597 -0.7961
vn 0.4877 -0.3628 -0.7941
vn 0.6634 -0.7477 -0.0286
vn 0.7047 -0.5222 -0.4804
vn 0.2285 0.0004 -0.9735
vn 0.0947 0.1327 -0.9866
vn -0.0475 0.2386 -0.9699
vn 0.6337 -0.5139 0.5782
vn 0.6941 -0.5647 -0.4465
vn 0.6690 -0.5703 -0.4766
vn 0.5651 -0.4971 -0.6584
vn 0.7152 -0.5893 -0.3759
vn 0.7902 -0.4809 -0.3800
vn 0.4666 -0.8803 -0.0858
vn 0.2391 -0.8517 0.4662
vn 0.4665 -0.8778 -0.1087
vn 0.7886 -0.5171 -0.3328
vn 0.7680 -0.5304 -0.3590
vn 0.3915 -0.8342 0.3884
vn 0.2564 -0.8817 0.3961
vn 0.4805 -0.8694 -0.1150
vn 0.4423 -0.8912 -0.1012
vn 0.3615 -0.8543 0.3735
vn 0.4148 -0.9096 0.0225
vn 0.4404 -0.8913 -0.1076
vn 0.2117 -0.8258 0.5227
vn 0.2113 -0.8651 0.4550
vn 0.4618 -0.7999 -0.3833
vn 0.4225 -0.3458 -0.8378
vn -0.1225 0.8348 -0.5367
vn -0.1231 0.8073 -0.5772
vn 0.4389 -0.2424 -0.8652
vn 0.1899 0.0583 -0.9801
vn 0.6218 -0.3868 -0.6809
vn -0.2499 0.8175 -0.5188
vn 0.6319 -0.5916 -0.5007
vn 0.4728 -0.4655 -0.7482
vn 0.2028 0.0486 -0.9780
vn 0.6219 -0.3904 -0.6789
vn -0.0819 0.2496 -0.9649
vn -0.2099 -0.0211 -0.9775
vn 0.7342 -0.4345 -0.5217
vn 0.7175 0.3119 -0.6228
vn 0.7961 0.2754 -0.5389
vn 0.1830 0.1436 -0.9726
vn 0.7835 0.2481 -0.5697
vn 0.1442 0.1408 -0.9795
vn 0.8900 0.1145 -0.4414
vn -0.0702 -0.0282 -0.9971
vn 0.1340 0.0453 -0.9899
vn 0.5490 -0.0836 -0.8316
vn 0.2194 0.1172 -0.9686
vn 0.1581 0.1680 -0.9730
vn 0.0648 0.2823 -0.9571
vn -0.3215 0.8432 -0.4308
vn -0.2518 0.8918 -0.3758
vn 0.8288 -0.3238 0.4562
vn 0.4357 -0.2025 0.8770
vn 0.5245 0.0273 0.8510
vn -0.1659 0.0107 0.9861
vn -0.3438 0.0301 0.9386
vn 0.0766 0.1140 0.9905
vn 0.4952 -0.0735 0.8657
vn 0.2032 0.1628 0.9655
vn 0.8770 -0.2399 0.4163
vn 0.9115 -0.1338 0.3890
vn 0.3987 0.0654 0.9148
vn 0.4059 0.0754 0.9108
vn 0.8693 -0.2160 0.4446
vn 0.4424 0.0956 0.8917
vn 0.8123 0.4314 0.3924
vn 0.4741 0.0828 0.8766
vn 0.4806 0.0749 0.8737
vn 0.4555 0.0256 0.8898
vn -0.5061 -0.0631 0.8602
vn -0.5026 -0.0648 0.8621
vn -0.4904 -0.0429 0.8704
vn 0.9070 -0.0718 0.4149
vn 0.8215 0.0730 0.5655
vn 0.2017 0.0237 0.9792
vn -0.4000 -0.0510 0.9151
vn -0.3641 -0.0297 0.9309
vn -0.3586 -0.0304 0.9330
vn 0.3448 0.0458 0.9376
vn 0.9172 0.0877 0.3887
vn 0.9447 0.1229 -0.3042
vn 0.9402 0.1097 -0.3225
vn 0.3893 0.0605 0.9191
vn -0.4518 -0.0688 0.8895
vn 0.8501 0.4197 0.3180
vn -0.4539 -0.0697 0.8883
vn 0.3869 0.0616 0.9201
vn 0.8372 0.1352 0.5299
vn 0.9484 0.2267 -0.2214
vn 0.9310 0.3078 -0.1960
vn 0.9534 0.2105 -0.2159
vn 0.9588 0.1524 -0.2399
vn 0.9593 0.1676 -0.2275
vn 0.6552 0.1253 -0.7450
vn -0.3104 -0.0692 -0.9481
vn 0.6179 0.0489 -0.7847
vn -0.9073 -0.1071 -0.4066
vn 0.1926 0.1593 -0.9683
vn 0.2021 0.1640 -0.9655
vn 0.1995 0.1674 -0.9655
vn 0.4286 -0.2175 0.8769
vn 0.0879 0.1670 -0.9820
vn 0.1048 0.1382 -0.9848
vn 0.1002 0.1864 -0.9773
vn 0.0990 0.1405 -0.9851
vn 0.0523 0.1601 -0.9857
vn -0.8787 -0.0388 -0.4758
vn -0.1528 0.2849 -0.9463
vn 0.0131 0.1859 -0.9825
vn 0.0688 0.1686 -0.9833
vn -0.7924 -0.1755 -0.5843
vn -0.9159 -0.3559 -0.1857
vn -0.9154 -0.3550 -0.1900
vn -0.9425 -0.3267 -0.0706
vn -0.8715 -0.2442 0.4253
vn -0.8699 -0.2431 0.4293
vn -0.9178 -0.3083 0.2500
vn -0.9353 -0.3455 0.0768
vn -0.8904 -0.3841 -0.2441
vn -0.9609 -0.1995 -0.1919
vn -0.9461 -0.3192 -0.0545
vn -0.9579 -0.2486 0.1436
vn -0.9708 -0.2208 0.0937
vn -0.8977 -0.3566 -0.2588
vn -0.9317 -0.2737 0.2387
vn -0.9295 -0.3049 0.2073
vn -0.8879 -0.2451 0.3892
vn -0.9805 -0.1808 0.0773
vn -0.9808 -0.1802 0.0750
vn -0.9916 0.0374 0.1236
vn -0.9853 0.0703 -0.1558
vn -0.9794 -0.1654 -0.1156
vn -0.9794 -0.1619 -0.1205
vn -0.9717 0.1020 -0.2130
vn -0.9726 -0.1888 -0.1355
vn -0.9111 -0.1213 -0.3939
vn -0.8781 -0.1417 -0.4570
vn -0.9534 -0.2100 -0.2165
vn -0.6883 -0.1833 -0.7019
vn -0.8639 -0.1329 -0.4859
vn -0.8773 -0.1502 -0.4559
vn -0.7322 -0.1504 -0.6643
vn -0.6319 -0.0813 -0.7708
vn -0.7644 0.3116 -0.5644
vn -0.8837 0.0619 -0.4640
vn -0.6938 0.0132 -0.7201
vn -0.6752 0.0385 -0.7366
vn -0.8859 0.0602 -0.4600
vn -0.8208 0.1933 -0.5375
vn -0.4178 -0.1012 -0.9029
vn -0.7145 0.3559 -0.6023
vn -0.9158 0.1797 -0.3592
vn -0.9565 0.0585 -0.2858
vn -0.9870 0.0491 -0.1530
vn -0.9984 -0.0511 0.0250
vn -0.9846 -0.0390 0.1706
vn -0.9827 -0.0145 0.1848
vn -0.9871 -0.1576 0.0275
vn -0.9473 -0.2521 0.1976
vn -0.8775 -0.2708 0.3958
vn -0.3399 0.9086 -0.2428
vn -0.3960 0.8963 -0.1998
vn -0.8383 -0.2086 0.5038
vn -0.4348 0.8553 -0.2817
vn -0.9028 0.1774 0.3917
vn -0.4549 0.8847 -0.1019
vn -0.9824 -0.1843 -0.0289
vn -0.9625 -0.1648 -0.2156
vn -0.4683 0.8647 -0.1819
vn -0.3984 0.9060 -0.1428
vn -0.9868 0.1236 -0.1046
vn -0.6493 0.7413 -0.1701
vn -0.6399 0.7521 -0.1576
vn -0.9812 0.1894 -0.0366
vn -0.8875 -0.4214 0.1865
vn -0.9601 -0.2785 0.0268
vn -0.9800 -0.1249 0.1551
vn -0.7197 0.6918 -0.0585
vn -0.7490 0.6569 -0.0867
vn -0.8077 0.5896 0.0014
vn -0.9874 0.1529 -0.0417
vn -0.8954 -0.4067 0.1810
vn -0.9148 -0.3853 -0.1212
vn -0.3784 0.9098 -0.1706
vn -0.9166 -0.0390 -0.3979
vn -0.8484 -0.0395 -0.5278
vn -0.7549 0.0602 -0.6531
vn 0.6687 0.1235 -0.7332
vn -0.6176 0.0404 -0.7854
vn -0.6597 0.3534 -0.6633
vn -0.4851 0.4777 -0.7324
vn -0.4657 0.4675 -0.7513
vn -0.6963 -0.2024 -0.6886
vn -0.4745 -0.1452 -0.8682
vn -0.3950 -0.0834 -0.9149
vn -0.6630 0.2343 -0.7110
vn -0.2257 -0.2121 -0.9508
vn -0.6321 -0.0894 -0.7697
vn -0.4905 -0.1163 -0.8637
vn -0.5875 -0.0651 -0.8066
vn -0.1440 0.0544 -0.9881
vn -0.2841 -0.0783 -0.9556
vn -0.0928 -0.0565 -0.9941
vn -0.4846 -0.0529 -0.8731
vn -0.5552 -0.0931 -0.8265
vn -0.7545 -0.1513 -0.6386
vn -0.7243 -0.1211 -0.6788
vn -0.7566 -0.0784 -0.6491
vn -0.8860 -0.2001 -0.4182
vn -0.8821 -0.1906 -0.4308
vn -0.8232 -0.2913 -0.4874
vn -0.7403 -0.2108 -0.6384
vn -0.6845 -0.2042 -0.6999
vn -0.8329 -0.2949 -0.4683
vn 0.7832 -0.5116 -0.3532
vn 0.7868 -0.5089 -0.3493
vn 0.7835 -0.5139 -0.3492
vn 0.8020 -0.5666 -0.1889
vn 0.7918 -0.5065 -0.3413
vn 0.2177 -0.5534 0.8040
vn 0.8024 -0.4876 -0.3441
vn -0.6901 0.6578 -0.3017
vn -0.8049 -0.4721 -0.3596
vn -0.6413 -0.3766 0.6686
vn -0.6798 -0.4290 0.5948
vn -0.8065 -0.4860 -0.3366
vn -0.8286 -0.4619 -0.3162
vn -0.1368 -0.1467 0.9797
vn -0.3867 -0.1428 0.9111
vn -0.3705 -0.1272 0.9201
vn -0.2271 -0.1439 0.9632
vn -0.1821 -0.1687 0.9687
vn -0.3493 -0.1917 0.9172
vn -0.3230 -0.2066 0.9236
vn -0.2365 -0.2146 0.9476
vn -0.0877 -0.1293 0.9877
vn 0.9689 -0.2463 0.0253
vn 0.0935 0.1242 -0.9878
vn 0.6472 -0.3704 -0.6663
vn 0.6208 -0.3120 -0.7192
vn 0.1592 0.1064 -0.9815
vn -0.4598 0.5143 0.7240
vn -0.4885 0.5190 0.7015
vn 0.2543 -0.0347 0.9665
vn 0.7741 -0.5880 -0.2344
vn 0.7229 -0.2734 0.6346
vn 0.7263 -0.2706 0.6318
vn 0.5158 -0.2630 0.8153
vn 0.7231 -0.3313 0.6061
vn 0.7538 -0.3143 0.5771
vn -0.2205 0.5992 0.7696
vn 0.0253 -0.8389 0.5438
vn 0.7126 -0.2989 -0.6347
vn -0.3221 -0.2363 -0.9168
vn 0.6493 -0.3712 -0.6638
vn 0.2145 0.2373 -0.9475
vn 0.2120 0.2318 -0.9494
vn 0.2443 0.2480 -0.9374
vn -0.1214 0.8607 -0.4944
vn 0.6263 -0.5926 -0.5065
vn 0.1991 0.0517 -0.9786
vn -0.3576 0.8958 -0.2640
vn 0.5813 -0.6819 -0.4440
vn 0.2790 0.0447 -0.9592
vn 0.2132 0.1699 -0.9621
vn 0.2518 0.1644 -0.9537
vn 0.4025 -0.4123 -0.8173
vn 0.4366 -0.2020 -0.8767
vn 0.5148 -0.7763 -0.3638
vn 0.4659 -0.4983 -0.7312
vn 0.5081 -0.7811 -0.3629
vn 0.4923 -0.8028 -0.3363
vn 0.3687 -0.9287 0.0396
vn 0.3654 -0.9297 0.0453
vn 0.4618 -0.8771 -0.1319
vn 0.4365 -0.8842 0.1663
vn 0.1970 -0.7949 0.5738
vn 0.2049 -0.8684 0.4516
vn 0.2886 -0.8051 0.5181
vn 0.2129 -0.8247 0.5239
vn 0.5004 -0.7745 -0.3869
vn 0.4847 -0.2774 -0.8295
vn 0.1489 0.1302 -0.9802
vn 0.4271 -0.3624 -0.8284
vn 0.2628 0.0597 -0.9630
vn -0.3406 0.9071 -0.2473
vn 0.2789 0.0419 -0.9594
vn 0.6320 -0.6796 -0.3725
vn 0.2420 0.0278 -0.9699
vn -0.1960 0.5929 -0.7810
vn 0.0645 0.2842 -0.9566
vn -0.3469 0.6571 -0.6693
vn 0.1558 0.1448 -0.9771
vn 0.1695 0.1438 -0.9750
vn 0.1649 0.1810 -0.9696
vn -0.2969 0.1916 -0.9355
vn -0.2821 0.1852 -0.9413
vn -0.2153 0.4531 -0.8651
vn 0.4492 -0.3114 -0.8374
vn 0.6267 -0.6875 -0.3669
vn 0.2589 0.0384 -0.9651
vn -0.1297 0.3868 -0.9130
vn 0.0693 0.0825 -0.9942
vn -0.2537 0.4572 -0.8524
vn -0.1732 0.4193 -0.8912
vn 0.0774 0.1935 -0.9780
vn -0.0269 0.2242 -0.9742
vn 0.0774 0.1500 -0.9857
vn 0.1360 0.9832 -0.1216
vn 0.0969 0.1540 -0.9833
vn -0.7859 -0.6170 0.0420
vn -0.8035 -0.5852 0.1092
vn -0.1890 -0.2685 0.9446
vn 0.3260 0.6959 0.6399
vn -0.1843 -0.2391 0.9533
vn -0.0634 -0.9734 0.2200
vn -0.4383 -0.7893 0.4299
vn -0.4324 -0.8049 0.4064
vn 0.4125 0.8063 0.4239
vn -0.1399 -0.2648 0.9541
vn -0.8806 -0.4662 0.0845
vn -0.8013 -0.5282 0.2808
vn -0.3742 -0.9200 0.1167
vn -0.1383 -0.2327 0.9627
vn -0.6995 0.6442 0.3094
vn -0.1776 -0.2089 0.9617
vn -0.1369 -0.2677 0.9537
vn -0.6616 0.6536 0.3676
vn -0.6699 0.6576 0.3447
vn -0.6699 0.6052 0.4300
vn -0.6844 0.6183 0.3864
vn -0.6681 0.6575 0.3485
vn -0.1689 -0.1838 0.9683
vn -0.1726 -0.2117 0.9620
vn -0.1419 -0.1820 0.9730
vn -0.1565 -0.2715 0.9496
vn -0.1547 -0.2732 0.9494
vn -0.1630 -0.2118 0.9636
vn -0.1535 -0.2711 0.9502
vn -0.1935 -0.9150 0.3541
vn -0.2292 -0.9498 0.2132
vn 0.3280 0.6926 0.6424
vn -0.3036 -0.5272 0.7936
vn -0.1896 -0.3927 0.8999
vn 0.3672 0.7022 0.6100
vn -0.1969 -0.2758 0.9408
vn -0.2127 -0.2659 0.9403
vn -0.2271 -0.9503 0.2131
vn 0.6897 0.1359 0.7112
vn 0.5316 -0.0418 0.8460
vn -0.2706 -0.2970 0.9157
vn -0.2669 -0.2907 0.9188
vn -0.2445 -0.9537 0.1751
vn -0.2430 -0.9513 0.1896
vn -0.3001 -0.2465 0.9215
vn -0.0781 0.3745 0.9239
vn -0.0619 0.5273 0.8474
vn -0.2669 -0.9499 0.1629
vn -0.1890 -0.2234 0.9562
vn -0.3121 -0.4448 0.8395
vn -0.2691 -0.1777 0.9466
vn -0.2364 -0.2028 0.9503
vn -0.3256 -0.1824 0.9278
vn -0.3156 -0.2011 0.9273
vn -0.1397 0.3293 0.9339
vn -0.1693 0.3757 0.9111
vn 0.0389 -0.5419 0.8395
vn 0.4175 0.2364 -0.8774
vn -0.2809 -0.0677 0.9573
vn -0.3936 -0.1097 0.9127
vn -0.2642 -0.0711 0.9619
vn -0.9727 -0.1864 0.1385
vn -0.2366 -0.0812 0.9682
vn -0.1920 -0.1108 0.9751
vn -0.3975 -0.1144 0.9104
vn -0.4940 -0.1760 0.8514
vn -0.4938 -0.1754 0.8517
vn -0.3659 -0.1376 0.9204
vn -0.2704 -0.1423 0.9522
vn -0.2326 -0.1087 0.9665
vn -0.8870 -0.1647 0.4314
vn -0.9701 -0.2073 0.1260
vn -0.9857 -0.1653 0.0319
vn -0.1337 -0.1222 0.9835
vn -0.0411 -0.1514 0.9876
vn -0.5961 -0.1980 0.7781
vn -0.7463 -0.2514 0.6163
vn -0.6906 -0.2744 0.6692
vn -0.5852 -0.2705 0.7645
vn -0.4002 -0.2238 0.8887
vn -0.3948 -0.2828 0.8742
vn -0.4216 -0.2858 0.8606
vn -0.8690 -0.1862 0.4585
vn -0.9617 -0.1702 0.2150
vn -0.9613 -0.1677 0.2185
vn -0.8984 -0.2660 0.3495
vn -0.8431 -0.2477 0.4773
vn -0.8368 -0.2605 0.4816
vn -0.8312 -0.2211 0.5101
vn -0.6381 -0.3039 0.7074
vn -0.7149 -0.3487 0.6061
vn -0.5885 -0.3299 0.7382
vn -0.6731 -0.3348 0.6594
vn -0.3824 0.8430 -0.3782
vn -0.2135 -0.0102 0.9769
vn -0.4781 -0.0324 0.8777
vn 0.4484 0.0563 0.8921
vn 0.8348 0.0794 0.5449
vn 0.3512 0.0436 0.9353
vn -0.3553 -0.0115 0.9347
vn 0.8580 -0.0136 0.5134
vn -0.4041 -0.1023 -0.9090
vn -0.3414 -0.0755 -0.9369
vn -0.1643 -0.0827 -0.9829
vn -0.1568 -0.0949 -0.9831
vn 0.1541 -0.0763 -0.9851
vn 0.0181 -0.0752 -0.9970
vn 0.1455 -0.0591 -0.9876
vn 0.3488 -0.0577 -0.9354
vn 0.2263 -0.0356 -0.9734
vn -0.0514 -0.0293 -0.9982
vn -0.0242 -0.0435 -0.9988
vn 0.1354 -0.0262 -0.9904
vn 0.1742 -0.0321 -0.9842
vn 0.2612 -0.1088 -0.9591
vn -0.7837 -0.5474 -0.2934
vn 0.2109 -0.0476 -0.9763
vn 0.2039 -0.0429 -0.9780
vn -0.8065 -0.5052 -0.3071
vn -0.7306 -0.5920 -0.3402
vn -0.7240 -0.5916 -0.3547
vn -0.7211 -0.5803 -0.3785
vn -0.7282 -0.5882 -0.3518
vn -0.6922 -0.6107 -0.3845
vn -0.7248 -0.5634 -0.3966
vn -0.6932 -0.6058 -0.3906
vn -0.8065 -0.4949 -0.3236
vn -0.8752 -0.4831 -0.0239
vn -0.8178 -0.5211 -0.2442
vn -0.7223 -0.5363 -0.4366
vn -0.8025 -0.5036 -0.3200
vn 0.1053 -0.1934 0.9755
vn 0.1045 -0.1626 0.9811
vn -0.4019 -0.2433 0.8827
vn 0.0785 -0.1694 0.9824
vn -0.3159 -0.1683 0.9337
vn -0.3157 -0.1681 0.9338
vn -0.7106 0.3117 0.6308
vn -0.7627 0.3087 0.5683
vn -0.7707 0.3613 0.5248
vn -0.7758 0.4478 0.4445
vn -0.8004 0.4047 0.4422
vn -0.8005 0.4009 0.4455
vn -0.8201 0.3569 0.4474
vn -0.0793 -0.2199 0.9723
vn -0.0887 -0.2519 0.9637
vn -0.6879 0.3844 0.6156
vn -0.1346 -0.1894 0.9726
vn -0.0734 -0.2367 0.9688
vn -0.7401 0.4063 0.5359
vn -0.2280 -0.2255 0.9472
vn -0.1832 -0.2022 0.9621
vn -0.8463 -0.1221 0.5184
vn -0.1830 -0.2018 0.9622
vn -0.8450 -0.1100 0.5234
vn -0.3494 -0.1133 0.9301
vn -0.2406 -0.1954 0.9508
vn -0.3345 -0.1978 0.9214
vn -0.9822 -0.0860 0.1670
vn -0.3401 -0.2091 0.9168
vn -0.9701 -0.0461 0.2382
vn -0.9278 -0.0711 0.3664
vn -0.9275 -0.0717 0.3669
vn -0.8971 -0.0627 0.4374
vn -0.4240 -0.1562 0.8921
vn 0.0724 -0.1401 0.9875
vn -0.3330 -0.1211 0.9351
vn -0.3428 -0.1133 0.9326
vn 0.0851 -0.1409 0.9864
vn -0.3948 -0.1478 0.9068
vn -0.3958 -0.1482 0.9063
vn 0.0278 -0.1538 0.9877
vn -0.8722 -0.1373 0.4695
vn -0.2158 -0.2386 0.9468
vn -0.7720 0.0923 0.6289
vn -0.9793 -0.0116 0.2023
vn -0.4573 -0.1363 0.8788
vn -0.4580 -0.1358 0.8785
vn -0.8474 -0.1146 0.5184
vn -0.3623 -0.0558 0.9304
vn -0.3881 -0.1101 0.9150
vn -0.5207 -0.1337 0.8432
vn -0.4026 -0.1015 0.9097
vn -0.1054 -0.1340 0.9854
vn -0.8043 -0.1149 0.5830
vn -0.4516 -0.1337 0.8821
vn 0.0074 -0.1442 0.9895
vn -0.1307 -0.1630 0.9779
vn -0.3940 -0.1476 0.9072
vn -0.4832 -0.1609 0.8606
vn 0.1690 -0.1268 0.9774
vn 0.2259 -0.1732 0.9586
vn 0.4079 -0.1017 0.9073
vn -0.3889 -0.1781 0.9039
vn -0.3706 -0.1927 0.9086
vn -0.4213 -0.1701 0.8908
vn -0.4452 -0.1823 0.8766
vn 0.5231 -0.1004 0.8463
vn 0.4988 -0.1188 0.8585
vn -0.3837 -0.2060 0.9002
vn -0.3971 -0.1986 0.8960
vn -0.5421 -0.1730 0.8223
vn -0.4348 -0.1734 0.8837
vn 0.4238 -0.0929 0.9010
vn 0.2460 -0.1763 0.9531
vn -0.3800 -0.2189 0.8987
vn -0.9699 -0.0849 0.2281
vn -0.9910 -0.0415 0.1273
vn -0.2904 -0.1873 0.9384
vn -0.3478 -0.2161 0.9123
vn -0.3425 -0.1268 0.9309
vn -0.9969 -0.0525 0.0582
vn 0.4930 -0.1364 0.8593
vn -0.3783 -0.1352 0.9157
vn -0.8158 0.3805 0.4356
vn -0.8148 0.4052 0.4147
vn -0.0768 -0.2316 0.9698
vn -0.3388 -0.1492 0.9290
vn -0.3315 -0.1605 0.9297
vn -0.3317 -0.1616 0.9294
vn -0.9682 -0.0679 0.2407
vn -0.9319 -0.1177 0.3431
vn -0.3582 -0.1743 0.9172
vn -0.3261 -0.1540 0.9327
vn -0.6712 0.6319 0.3875
vn -0.6757 0.6349 0.3746
vn -0.2304 -0.1533 0.9609
vn 0.3565 -0.7372 0.5740
vn 0.3538 -0.7264 0.5892
vn -0.0543 -0.4128 0.9092
vn -0.1133 0.4485 0.8866
vn -0.3292 -0.2584 0.9082
vn -0.3424 -0.2807 0.8966
vn -0.3168 -0.2491 0.9152
vn -0.3092 -0.9373 0.1610
vn -0.3041 -0.9365 0.1747
vn -0.2818 -0.9426 0.1790
vn -0.3085 -0.7276 0.6128
vn -0.2762 -0.2985 0.9136
vn -0.3190 -0.2808 0.9052
vn -0.3094 -0.2815 0.9083
vn 0.1618 0.4473 0.8796
vn 0.2615 0.7852 0.5614
vn 0.2759 0.7390 0.6147
vn 0.1954 0.7331 0.6514
vn -0.3130 -0.3515 0.8823
vn -0.2515 -0.3814 0.8895
vn -0.2428 -0.3975 0.8849
vn -0.3408 -0.3602 0.8684
vn -0.9608 -0.1740 -0.2157
vn -0.8743 0.1228 -0.4696
vn -0.4783 0.0084 -0.8782
vn -0.4023 0.0270 -0.9151
vn -0.8947 0.3382 -0.2919
vn -0.5361 0.8100 -0.2376
vn -0.9033 0.2405 -0.3552
vn -0.5158 0.8291 -0.2158
vn -0.9869 -0.0896 -0.1341
vn -0.4062 0.8878 -0.2164
vn -0.3441 0.9108 -0.2280
vn -0.4022 0.8886 -0.2205
vn -0.7732 -0.0494 -0.6322
vn -0.7782 0.4396 -0.4485
vn -0.9253 -0.0101 -0.3790
vn -0.9440 -0.1331 -0.3018
vn -0.9096 0.0709 -0.4093
vn -0.7308 0.3756 -0.5699
vn -0.3300 0.9089 -0.2550
vn -0.7321 0.3594 -0.5787
vn -0.9111 -0.0429 -0.4099
vn -0.4777 0.8325 -0.2805
vn -0.3927 0.8801 -0.2669
vn -0.8613 0.1290 -0.4915
vn -0.8361 0.1066 -0.5381
vn -0.8599 -0.0440 -0.5085
vn -0.8502 -0.1446 -0.5062
vn -0.8973 -0.2077 -0.3896
vn -0.9650 -0.1445 -0.2190
vn -0.9887 -0.1471 -0.0273
vn -0.8036 -0.2023 -0.5597
vn -0.3188 -0.9353 -0.1537
vn -0.4063 -0.8946 -0.1861
vn -0.3873 -0.9091 -0.1535
vn -0.3578 -0.9096 -0.2113
vn -0.7355 -0.6191 -0.2753
vn -0.3734 -0.9137 -0.1605
vn -0.7959 -0.1930 -0.5739
vn -0.9089 -0.0786 -0.4097
vn -0.9352 -0.0603 -0.3489
vn -0.9322 -0.0657 -0.3560
vn -0.9939 -0.0796 -0.0760
vn -0.9992 -0.0383 0.0121
vn -0.4579 -0.8754 -0.1546
vn -0.3848 -0.9210 -0.0617
vn -0.7696 0.6144 -0.1739
vn -0.6231 0.7469 -0.2323
vn -0.6430 0.6999 -0.3109
vn -0.9348 0.0006 -0.3552
vn -0.6633 0.6126 -0.4298
vn -0.9355 0.1125 -0.3349
vn -0.6357 0.6130 -0.4692
vn -0.8315 0.1242 -0.5415
vn -0.7065 0.6647 -0.2430
vn -0.9264 0.3300 -0.1812
vn -0.6844 0.7100 -0.1658
vn -0.9178 0.3481 -0.1907
vn -0.9325 -0.2647 -0.2457
vn -0.9245 -0.2593 -0.2795
vn -0.9890 -0.1417 -0.0427
vn -0.7748 0.6304 -0.0464
vn -0.7156 0.6985 0.0012
vn -0.8593 0.5082 0.0586
vn -0.9591 -0.1321 0.2502
vn -0.8916 -0.0543 0.4496
vn -0.5839 -0.8066 -0.0924
vn -0.9529 -0.1978 0.2298
vn -0.4222 -0.9049 0.0533
vn -0.3813 -0.9231 0.0504
vn -0.9155 -0.1762 0.3618
vn -0.9186 -0.1689 0.3573
vn -0.8517 -0.1879 0.4892
vn -0.6187 0.7612 0.1945
vn -0.9789 -0.2039 0.0148
vn -0.4903 -0.8706 -0.0404
vn -0.9447 -0.1988 0.2607
vn -0.2911 -0.9565 -0.0198
vn -0.6963 -0.7144 0.0692
vn -0.9350 -0.2321 -0.2682
vn -0.3772 -0.9177 -0.1247
vn -0.8418 -0.4002 -0.3623
vn -0.8267 -0.3875 -0.4080
vn -0.6371 0.5494 -0.5406
vn -0.5313 0.5254 -0.6645
vn -0.8700 -0.0185 -0.4927
vn -0.8411 -0.0666 -0.5368
vn -0.8117 -0.1270 -0.5701
vn -0.2261 -0.9560 -0.1869
vn -0.2655 -0.9298 -0.2548
vn -0.7295 0.0413 -0.6828
vn -0.4684 0.8585 -0.2089
vn -0.6233 0.7469 -0.2315
vn -0.6543 0.0122 -0.7562
vn -0.4920 0.5440 -0.6798
vn -0.5992 -0.4266 -0.6775
vn -0.3951 0.5015 -0.7697
vn -0.2861 0.5436 -0.7891
vn -0.5582 -0.3812 -0.7369
vn -0.6924 -0.4160 -0.5895
vn -0.3300 -0.9413 -0.0718
vn -0.5311 -0.8435 -0.0804
vn -0.7429 -0.4381 -0.5061
vn -0.8304 -0.3137 -0.4605
vn -0.8448 -0.2865 -0.4520
vn -0.7965 -0.2692 -0.5414
vn -0.6216 -0.3403 -0.7056
vn -0.4895 -0.3571 -0.7955
vn -0.5750 -0.7516 0.3231
vn -0.7047 -0.3388 -0.6234
vn -0.7649 -0.6268 0.1485
vn -0.4195 -0.3720 -0.8280
vn -0.4153 -0.3768 -0.8280
vn -0.3131 0.0010 -0.9497
vn -0.8475 -0.5192 -0.1107
vn -0.7505 -0.6557 0.0824
vn -0.5833 -0.3599 -0.7281
vn -0.7173 -0.6876 -0.1125
vn -0.7771 -0.5369 -0.3284
vn -0.7053 -0.3242 -0.6305
vn -0.8569 -0.3033 -0.4168
vn -0.9565 -0.2917 0.0053
vn -0.9441 -0.2925 -0.1520
vn -0.9545 -0.2979 0.0161
vn -0.9343 -0.2238 0.2776
vn -0.9629 -0.2615 0.0669
vn -0.3007 -0.9532 0.0314
vn -0.2704 -0.9618 0.0434
vn -0.9138 -0.2946 0.2798
vn -0.9157 -0.2973 0.2705
vn -0.2855 -0.9578 -0.0331
vn -0.8536 -0.2912 0.4319
vn -0.8497 -0.2906 0.4399
vn -0.8510 -0.2916 0.4367
vn -0.2526 -0.9671 -0.0284
vn -0.6052 0.7541 0.2550
vn -0.6959 0.5911 0.4079
vn -0.5358 0.5612 0.6309
vn -0.5266 0.7118 0.4649
vn -0.8970 -0.1590 0.4124
vn -0.3431 -0.9370 0.0660
vn -0.8266 -0.1510 0.5422
vn -0.8365 -0.1833 0.5164
vn -0.3757 -0.9111 0.1695
vn -0.2270 -0.9631 0.1446
vn -0.7987 -0.3088 0.5164
vn -0.9279 -0.1599 0.3369
vn -0.7801 -0.4946 0.3830
vn -0.9697 -0.1506 0.1925
vn -0.9248 -0.1108 0.3641
vn -0.7716 0.6361 -0.0006
vn -0.9697 0.1022 0.2218
vn -0.9697 0.1469 0.1953
vn -0.9758 0.1580 0.1514
vn -0.8206 0.3733 0.4328
vn -0.2489 0.0723 -0.9658
vn -0.8784 0.4414 -0.1833
vn -0.2285 0.0228 -0.9733
vn 0.5013 -0.4652 -0.7296
vn 0.4619 -0.4380 -0.7712
vn -0.9218 -0.1340 -0.3638
vn -0.3043 -0.0583 -0.9508
vn 0.9646 0.1447 -0.2202
vn 0.5306 0.0481 -0.8463
vn -0.8721 -0.1583 -0.4631
vn 0.4014 0.0932 -0.9111
vn 0.6205 0.0862 -0.7795
vn -0.2969 -0.0627 -0.9528
vn -0.3298 -0.3496 0.8770
vn -0.3412 -0.3522 0.8715
vn -0.6913 0.6122 0.3838
vn -0.2173 -0.2424 0.9455
vn 0.3429 -0.7359 0.5838
vn 0.4033 -0.7349 0.5453
vn 0.0478 -0.4606 0.8863
vn 0.6784 -0.5813 0.4493
vn 0.4177 -0.6808 0.6017
vn -0.2037 -0.1979 0.9588
vn -0.8549 0.4898 0.1709
vn -0.8330 -0.3434 0.4338
vn -0.7222 -0.4012 0.5635
vn -0.8293 -0.1266 0.5442
vn -0.8163 -0.1752 0.5504
vn -0.7160 -0.4078 0.5666
vn -0.8716 0.0668 0.4856
vn -0.5988 -0.4414 0.6683
vn -0.8295 -0.1180 0.5459
vn -0.8252 0.5121 0.2385
vn -0.8174 0.5363 0.2102
vn -0.6126 -0.5555 0.5623
vn -0.8330 -0.1942 0.5180
vn -0.8062 -0.2558 0.5335
vn -0.5268 0.0509 -0.8484
vn -0.7033 -0.0935 0.7047
vn -0.4176 0.1067 -0.9024
vn -0.7087 0.5738 -0.4105
vn -0.4265 0.2340 -0.8737
vn -0.7263 -0.0816 -0.6825
vn -0.9579 -0.1777 -0.2257
vn -0.5048 -0.1578 -0.8487
vn -0.5237 0.0584 -0.8499
vn -0.8309 -0.1465 0.5367
vn -0.7029 -0.0556 -0.7091
vn -0.9506 -0.1882 -0.2469
vn -0.9508 -0.1897 -0.2449
vn -0.2664 -0.9599 0.0869
vn -0.8365 -0.1424 0.5292
vn -0.9542 -0.1595 -0.2531
vn -0.7931 -0.1892 0.5789
vn -0.4521 -0.8860 0.1028
vn -0.8179 -0.1872 0.5441
vn -0.7622 -0.1639 0.6262
vn -0.7763 -0.3377 0.5322
vn -0.7766 -0.3379 0.5317
vn -0.2629 -0.9523 -0.1553
vn -0.7727 -0.3251 0.5452
vn -0.7739 -0.3241 0.5441
vn -0.4149 -0.9007 -0.1288
vn -0.9196 -0.2492 0.3039
vn -0.9125 -0.3244 -0.2491
vn -0.6964 -0.2865 -0.6580
vn -0.8361 -0.3445 -0.4270
vn -0.7755 -0.2037 -0.5976
vn -0.6079 -0.2430 -0.7559
vn -0.9368 -0.2063 -0.2826
vn -0.9606 -0.1782 -0.2133
vn -0.9763 -0.2125 0.0406
vn -0.9528 -0.1283 -0.2750
vn -0.4389 -0.8676 -0.2337
vn -0.7491 -0.3603 0.5558
vn -0.4726 0.6061 0.6398
vn -0.4499 0.7633 0.4635
vn -0.8297 -0.2516 0.4982
vn -0.5323 -0.0273 -0.8461
vn -0.4845 -0.0833 -0.8708
vn -0.9431 -0.2266 -0.2433
vn -0.7974 -0.2778 0.5357
vn -0.9464 -0.2197 -0.2368
vn -0.8030 -0.2695 0.5316
vn -0.8007 -0.2627 0.5384
vn -0.7150 -0.3396 0.6111
vn -0.5038 0.0155 -0.8637
vn 0.1266 -0.4766 -0.8699
vn 0.1718 -0.6953 -0.6978
vn -0.3515 -0.9190 -0.1787
vn -0.3403 -0.9317 -0.1272
vn 0.5445 0.0476 -0.8374
vn -0.0546 -0.6841 -0.7273
vn 0.0848 -0.6967 -0.7124
vn 0.0853 -0.8231 -0.5615
vn -0.5430 -0.3565 0.7603
vn -0.6367 -0.3020 0.7095
vn -0.5992 -0.2959 0.7440
vn -0.6212 -0.2960 0.7256
vn -0.0531 -0.6732 -0.7375
vn -0.3556 -0.9169 -0.1812
vn -0.3555 -0.9170 -0.1808
vn -0.0638 -0.6366 -0.7686
vn -0.4730 -0.7267 -0.4983
vn -0.4870 -0.3459 0.8020
vn -0.3666 -0.4565 0.8107
vn -0.4841 -0.2477 0.8392
vn 0.0672 0.7619 0.6442
vn 0.4704 0.7607 0.4473
vn 0.1369 0.7003 0.7006
vn -0.0354 0.5458 0.8372
vn 0.5760 0.7236 0.3804
vn -0.4679 -0.2591 0.8449
vn 0.0736 -0.8097 -0.5822
vn -0.3915 -0.3319 0.8583
vn -0.2628 -0.2772 0.9242
vn 0.5429 0.7580 0.3617
vn -0.0829 0.7289 0.6796
vn 0.0415 0.4617 0.8861
vn 0.0494 0.4610 0.8860
vn -0.3764 0.4950 0.7831
vn -0.3770 0.5613 0.7367
vn -0.2350 0.4828 0.8436
vn -0.5238 -0.0118 0.8517
vn -0.7187 -0.4094 0.5621
vn -0.7123 -0.4223 0.5606
vn -0.7161 -0.4211 0.5566
vn -0.6348 -0.4579 0.6224
vn -0.6522 -0.4658 0.5980
vn -0.5882 -0.5637 0.5799
vn -0.6809 -0.4460 0.5809
vn -0.7425 -0.6087 -0.2795
vn 0.1147 -0.8663 0.4861
vn 0.7478 -0.6219 0.2323
vn 0.0057 -0.7772 0.6293
vn 0.7332 -0.6478 0.2069
vn 0.1819 -0.1160 0.9765
vn -0.4860 -0.8622 -0.1427
vn -0.6940 -0.7199 0.0113
vn -0.4900 -0.2091 0.8463
vn -0.6367 -0.1920 0.7468
vn -0.4798 -0.2120 0.8514
vn -0.4819 -0.2130 0.8500
vn -0.6265 -0.1823 0.7578
vn -0.4542 -0.0563 0.8891
vn -0.4550 -0.0566 0.8887
vn 0.3404 -0.0850 0.9364
vn -0.5688 -0.0671 0.8197
vn -0.6685 -0.0463 0.7423
vn -0.8281 -0.2051 0.5217
vn -0.8648 -0.0729 0.4969
vn -0.7952 -0.0809 0.6010
vn -0.9231 0.3449 0.1702
vn -0.4998 0.2708 0.8227
vn -0.7718 0.3117 0.5542
vn -0.7709 0.3345 0.5420
vn -0.2926 -0.0709 0.9536
vn -0.5580 -0.0897 0.8250
vn -0.9284 0.3240 0.1821
vn -0.8896 -0.0883 0.4480
vn -0.9837 -0.1241 0.1304
vn -0.9914 -0.1025 0.0812
vn -0.9631 -0.2490 0.1022
vn -0.9704 -0.0879 -0.2250
vn -0.8417 -0.0842 -0.5333
vn -0.9501 0.2169 -0.2244
vn -0.9658 0.0192 -0.2587
vn -0.9130 0.3836 0.1386
vn -0.9092 0.3960 -0.1285
vn -0.7922 -0.0367 -0.6092
vn -0.8533 0.0057 -0.5214
vn -0.4275 -0.2665 -0.8638
vn -0.5272 -0.1255 -0.8404
vn -0.7072 -0.0280 -0.7065
vn -0.8783 0.2841 -0.3844
vn -0.7450 -0.1219 -0.6558
vn -0.8219 -0.1359 -0.5532
vn -0.8623 -0.1079 -0.4948
vn -0.6694 -0.1993 -0.7157
vn -0.3938 -0.3380 -0.8548
vn -0.4089 -0.3289 -0.8512
vn -0.3332 -0.5169 -0.7885
vn -0.4533 -0.8417 -0.2933
vn 0.1953 -0.3462 -0.9176
vn 0.2978 -0.3797 -0.8759
vn 0.5860 -0.5247 -0.6175
vn 0.2947 -0.3030 -0.9063
vn -0.0185 0.1310 -0.9912
vn -0.2430 0.5296 -0.8127
vn -0.2377 0.5190 -0.8211
vn -0.2653 0.5275 -0.8070
vn -0.4890 -0.1616 -0.8572
vn -0.6638 -0.0026 -0.7479
vn -0.5682 -0.0442 -0.8217
vn -0.5102 0.8425 -0.1729
vn -0.5311 0.7694 -0.3549
vn -0.3923 -0.2034 -0.8971
vn -0.3210 -0.1703 -0.9316
vn -0.2931 -0.1917 -0.9367
vn -0.2063 0.5520 -0.8079
vn 0.2127 -0.2208 -0.9518
vn -0.3064 -0.0158 -0.9518
vn -0.5217 0.7764 -0.3537
vn -0.5021 0.7655 -0.4025
vn -0.4727 0.3266 -0.8185
vn -0.5390 0.7147 -0.4457
vn -0.3260 -0.0130 -0.9453
vn -0.4930 -0.0388 -0.8692
vn -0.6453 -0.0073 -0.7639
vn -0.1391 -0.9452 -0.2953
vn -0.3905 0.0086 -0.9206
vn -0.1193 0.0521 -0.9915
vn -0.1460 -0.9164 -0.3727
vn -0.5184 -0.0373 -0.8543
vn -0.6937 -0.0175 -0.7201
vn -0.4870 -0.0822 -0.8695
vn -0.5044 0.0709 -0.8605
vn -0.5984 0.1317 -0.7903
vn -0.7712 -0.2101 -0.6009
vn -0.6901 0.2990 -0.6591
vn -0.5762 0.5925 -0.5630
vn -0.3901 0.8752 -0.2860
vn -0.3291 0.9092 -0.2551
vn -0.5605 0.5287 -0.6375
vn -0.5506 0.4813 -0.6821
vn -0.2994 0.9066 -0.2974
vn -0.5316 0.2902 -0.7957
vn -0.1996 0.9562 -0.2142
vn -0.3813 0.7082 -0.5942
vn -0.2026 0.9593 -0.1966
vn -0.3864 0.8603 -0.3325
vn -0.6322 0.0101 -0.7747
vn -0.5912 0.1754 -0.7872
vn -0.5246 0.2994 -0.7970
vn -0.3280 -0.0015 -0.9447
vn -0.2292 0.4726 -0.8510
vn -0.5044 0.4066 -0.7617
vn -0.3984 0.3886 -0.8308
vn -0.2142 -0.0373 0.9761
vn -0.4510 0.7429 0.4947
vn -0.3965 0.7670 0.5045
vn -0.3414 0.6588 0.6704
vn -0.2785 0.1623 0.9466
vn -0.1807 -0.0224 0.9833
vn -0.1452 0.0461 0.9883
vn -0.6545 0.6032 -0.4558
vn -0.6890 0.6058 -0.3977
vn -0.6569 0.6163 -0.4343
vn 0.1292 0.2326 -0.9640
vn -0.4015 0.1312 -0.9064
vn 0.1399 0.1824 -0.9732
vn -0.7472 0.0840 -0.6593
vn -0.6320 0.1101 -0.7671
vn -0.6918 0.1093 -0.7138
vn -0.6944 0.0871 -0.7143
vn 0.1184 0.1979 -0.9730
vn -0.7457 0.0447 -0.6648
vn -0.6921 0.0857 -0.7167
vn -0.8318 -0.2068 0.5151
vn -0.9385 -0.1098 0.3274
vn -0.9171 -0.0542 0.3950
vn -0.8098 -0.1916 0.5545
vn -0.6752 -0.1346 0.7253
vn -0.6383 -0.1561 0.7538
vn -0.6121 -0.2960 0.7333
vn -0.5936 -0.2772 0.7555
vn -0.8294 -0.2192 0.5138
vn -0.6315 -0.2315 0.7400
vn -0.4804 -0.4271 0.7661
vn -0.4603 -0.4093 0.7878
vn -0.3936 -0.4536 0.7995
vn -0.2037 -0.4103 0.8889
vn -0.2729 -0.4507 0.8500
vn -0.0059 -0.5731 0.8195
vn 0.0052 -0.2378 0.9713
vn -0.0587 -0.3748 0.9253
vn -0.2196 -0.2740 0.9363
vn -0.0362 -0.1343 0.9903
vn -0.3350 -0.1111 0.9356
vn -0.3959 -0.1636 0.9036
vn 0.0568 -0.5448 0.8366
vn -0.0304 -0.1313 0.9909
vn 0.2630 -0.1206 0.9572
vn 0.2869 -0.1314 0.9489
vn 0.0946 -0.3444 0.9341
vn -0.2457 -0.3453 0.9058
vn -0.3059 -0.3613 0.8808
vn 0.4735 -0.1071 0.8742
vn -0.0024 -0.3843 0.9232
vn -0.2738 -0.3007 0.9136
vn 0.7342 -0.3186 -0.5995
vn -0.1938 -0.1962 0.9612
vn -0.8732 0.4753 -0.1079
vn -0.4204 0.6694 -0.6125
vn -0.8738 0.4800 -0.0782
vn -0.7942 -0.1210 0.5955
vn 0.0508 -0.0747 0.9959
vn -0.1043 -0.0477 0.9934
vn -0.0123 -0.1217 0.9925
vn -0.0352 -0.1347 0.9903
vn -0.5732 -0.5410 0.6155
vn -0.6000 -0.5353 0.5945
vn 0.2267 -0.2436 0.9430
vn 0.0937 -0.8327 -0.5458
vn -0.0535 -0.9865 -0.1549
vn -0.1661 -0.9828 -0.0803
vn -0.1861 -0.8765 -0.4439
vn 0.7003 0.6931 0.1709
vn -0.0914 0.1917 0.9772
vn -0.0363 0.1750 0.9839
vn -0.0439 0.1963 0.9796
vn 0.3852 -0.2253 0.8949
vn -0.2684 0.3339 0.9036
vn -0.0471 0.3208 0.9460
vn -0.1006 0.3216 0.9415
vn 0.1412 0.0273 0.9896
vn 0.0594 -0.6099 0.7903
vn 0.2910 -0.6676 0.6853
vn 0.6877 -0.5436 0.4813
vn 0.7051 -0.5186 0.4836
vn 0.8241 -0.5656 -0.0320
vn 0.6046 -0.3358 0.7223
vn 0.8089 -0.5853 -0.0548
vn 0.3077 -0.0798 0.9481
vn 0.7267 -0.5110 0.4591
vn 0.7557 -0.4475 0.4781
vn 0.7259 -0.6284 -0.2795
vn 0.7991 -0.5144 0.3112
vn 0.6472 -0.2813 0.7085
vn 0.6354 -0.1667 0.7540
vn 0.6424 -0.1560 0.7504
vn 0.6243 -0.0068 0.7811
vn 0.7427 -0.0427 0.6683
vn 0.8234 -0.0233 0.5669
vn 0.7944 -0.0647 0.6039
vn 0.9719 -0.0607 0.2275
vn 0.8551 -0.0903 0.5105
vn 0.6760 0.3504 0.6483
vn 0.6240 0.0177 0.7812
vn 0.6366 -0.0405 0.7701
vn 0.7225 0.6528 0.2277
vn 0.8929 -0.0272 0.4493
vn 0.1281 -0.3518 0.9273
vn 0.5185 -0.0679 0.8524
vn 0.6269 0.5063 0.5922
vn 0.1328 -0.1547 0.9790
vn -0.0132 0.0953 0.9954
vn -0.0231 -0.0758 0.9969
vn -0.3089 -0.1148 0.9441
vn -0.5413 -0.0718 0.8378
vn -0.6240 -0.0226 0.7811
vn -0.5341 -0.1036 0.8391
vn -0.8627 -0.0133 0.5056
vn -0.8266 -0.0364 0.5616
vn -0.7161 -0.1694 0.6771
vn -0.9513 0.1461 0.2714
vn -0.9822 -0.1138 0.1494
vn -0.8013 0.1906 0.5670
vn -0.9465 0.2413 0.2142
vn -0.9235 0.2639 0.2783
vn -0.9261 0.2678 0.2658
vn -0.9685 0.2189 0.1188
vn -0.7049 -0.7032 0.0932
vn -0.7416 -0.6534 0.1521
vn -0.6961 -0.7119 -0.0930
vn -0.9686 0.2140 0.1263
vn -0.8829 0.4429 0.1560
vn -0.9701 0.0960 0.2231
vn -0.9480 0.2924 -0.1259
vn -0.9981 -0.0616 -0.0090
vn -0.9647 -0.2587 -0.0492
vn -0.9828 0.1715 -0.0682
vn -0.7574 -0.6167 -0.2146
vn -0.9650 0.2256 -0.1339
vn -0.9432 0.3112 -0.1162
vn -0.9669 0.1173 0.2264
vn -0.9564 0.0123 0.2919
vn -0.9940 0.1085 -0.0141
vn -0.9274 0.3209 -0.1925
vn -0.9970 -0.0307 -0.0706
vn -0.8447 0.2845 0.4534
vn -0.9755 0.0418 0.2162
vn -0.9735 -0.0236 0.2276
vn -0.8168 0.3571 0.4531
vn -0.9105 0.3913 -0.1336
vn -0.8879 -0.1733 0.4261
vn -0.8998 -0.1474 0.4105
vn -0.9549 -0.2376 -0.1782
vn -0.9324 -0.3358 -0.1334
vn -0.8725 -0.1556 -0.4632
vn -0.9748 -0.2130 0.0668
vn -0.3735 -0.0795 0.9242
vn -0.8813 -0.1577 0.4455
vn -0.9338 -0.3358 -0.1233
vn -0.1370 -0.2746 0.9517
vn -0.1652 -0.2900 0.9427
vn -0.1862 -0.2067 0.9605
vn -0.1687 -0.2111 0.9628
vn 0.0763 -0.2811 0.9566
vn 0.0041 -0.1735 0.9848
vn -0.0502 -0.2898 0.9558
vn -0.8871 -0.1453 -0.4382
vn -0.9725 -0.2300 0.0372
vn -0.6740 -0.1959 -0.7123
vn -0.0593 -0.1341 0.9892
vn -0.9104 -0.4112 0.0460
vn -0.7189 -0.1524 -0.6782
vn -0.8320 -0.2608 -0.4897
vn -0.0308 -0.2249 0.9739
vn 0.0889 -0.2285 0.9695
vn -0.6807 -0.0936 -0.7265
vn 0.1210 -0.2637 0.9570
vn -0.3685 -0.0764 0.9265
vn 0.2075 0.0473 0.9771
vn -0.4208 -0.0690 0.9045
vn -0.8773 -0.1682 0.4495
vn -0.4043 -0.0628 0.9125
vn -0.9823 -0.1854 0.0255
vn -0.7363 -0.0812 -0.6718
vn -0.9112 -0.3246 0.2539
vn -0.5797 -0.1444 -0.8019
vn -0.9828 -0.1835 0.0186
vn -0.5714 -0.1498 -0.8069
vn -0.4777 -0.7146 0.5110
vn -0.3081 -0.4092 0.8588
vn -0.2612 0.9406 0.2169
vn 0.2836 -0.1592 0.9456
vn 0.9004 -0.4199 -0.1136
vn -0.2839 -0.0458 -0.9578
vn -0.6216 -0.0805 -0.7792
vn -0.2898 0.0880 -0.9530
vn -0.5653 -0.0726 -0.8217
vn -0.5572 -0.1053 -0.8237
vn -0.3879 -0.0564 -0.9200
vn 0.8309 -0.2205 -0.5109
vn 0.8353 -0.2187 -0.5045
vn 0.3499 -0.2063 0.9138
vn 0.1616 -0.2665 0.9502
vn 0.3354 -0.2103 0.9183
vn 0.4183 -0.2727 0.8664
vn 0.3000 -0.3454 0.8892
vn 0.3366 -0.2071 0.9186
vn -0.0538 0.9152 0.3993
vn 0.3033 -0.1570 -0.9399
vn 0.3740 -0.2668 0.8882
vn 0.3368 -0.2037 0.9193
vn -0.7689 -0.4547 0.4495
vn -0.7514 -0.4262 0.5037
vn -0.3098 -0.5008 0.8082
vn 0.3483 -0.1729 0.9213
vn 0.2992 -0.1572 0.9412
vn -0.8015 -0.4299 0.4156
vn 0.2152 0.0056 -0.9766
vn 0.6460 0.1051 -0.7560
vn -0.9823 -0.1840 0.0344
vn -0.9856 -0.1680 -0.0188
vn -0.5131 -0.1010 -0.8524
vn -0.9839 -0.1769 0.0262
vn -0.9096 -0.1495 0.3876
vn -0.9199 -0.1250 0.3718
vn -0.4417 -0.0510 0.8957
vn -0.3147 -0.0110 0.9491
vn 0.2110 0.0413 0.9766
vn 0.2064 0.0420 0.9776
vn -0.9226 -0.1587 0.3516
vn -0.9303 -0.1781 0.3207
vn -0.9283 -0.1860 0.3219
vn -0.9842 -0.1771 0.0043
vn -0.9864 -0.1635 -0.0153
vn -0.9266 -0.1724 0.3342
vn -0.9092 -0.1901 0.3704
vn -0.9853 -0.1677 -0.0324
vn -0.9811 -0.1833 0.0615
vn -0.9830 -0.1747 0.0565
vn -0.9812 -0.1877 0.0452
vn -0.5117 -0.1099 -0.8521
vn 0.5399 0.0614 -0.8395
vn -0.6063 -0.1218 -0.7858
vn -0.6169 -0.1042 -0.7801
vn 0.0831 -0.0019 -0.9965
vn 0.5453 0.0771 -0.8347
vn -0.8768 -0.1093 -0.4682
vn -0.6828 -0.0879 -0.7253
vn -0.9246 -0.1240 -0.3601
vn -0.9652 -0.0910 -0.2452
vn -0.3324 -0.3216 0.8866
vn -0.8197 -0.4922 0.2928
vn -0.2575 -0.0580 0.9645
vn -0.1977 0.0109 0.9802
vn -0.2054 -0.0088 0.9786
vn -0.1792 -0.0149 0.9837
vn -0.3574 0.3292 0.8740
vn -0.2508 -0.0578 0.9663
vn -0.4006 0.5205 0.7541
vn -0.3522 0.4563 0.8172
vn 0.3526 0.0634 0.9336
vn 0.3792 0.0459 0.9242
vn 0.8601 0.0975 0.5007
vn 0.9235 0.1326 0.3599
vn 0.9468 0.0821 -0.3110
vn 0.9580 0.1223 0.2595
vn 0.9627 0.1579 -0.2197
vn 0.9624 0.1571 -0.2218
vn 0.9704 0.1167 -0.2114
vn 0.9431 0.1068 -0.3149
vn -0.8455 0.1760 0.5042
vn -0.5852 0.8043 -0.1032
vn -0.5929 0.7579 -0.2722
vn -0.5528 -0.3867 0.7381
vn -0.4941 -0.4214 0.7604
vn -0.2873 -0.2399 0.9273
vn -0.3932 -0.3784 0.8380
vn -0.5173 -0.2821 0.8080
vn -0.8365 0.4753 0.2725
vn -0.6021 0.7590 -0.2478
vn -0.7394 0.6697 0.0690
vn -0.3532 0.7928 -0.4968
vn -0.3049 0.8932 -0.3305
vn -0.2158 0.8373 -0.5023
vn -0.1967 0.9076 -0.3708
vn 0.3005 -0.3062 0.9033
vn 0.1769 -0.2436 0.9536
vn 0.0372 0.9684 -0.2465
vn -0.5479 0.8346 -0.0567
vn -0.7094 0.7012 -0.0716
vn -0.7782 0.6190 0.1063
vn -0.8298 0.2925 0.4754
vn -0.8231 0.2878 0.4896
vn -0.7223 0.3133 0.6166
vn -0.8396 0.5234 0.1456
vn -0.8219 0.5633 0.0848
vn -0.6095 0.7885 -0.0825
vn -0.8289 0.0411 0.5579
vn -0.7116 0.6186 0.3332
vn -0.7581 0.4110 0.5064
vn -0.5597 0.7448 0.3632
vn -0.5681 0.7446 0.3505
vn -0.7258 0.4446 0.5250
vn -0.1590 0.6139 -0.7732
vn -0.2459 0.5537 -0.7955
vn -0.8482 0.1781 0.4988
vn -0.8053 0.4932 0.3289
vn -0.8475 0.3800 0.3707
vn -0.3837 0.6876 -0.6165
vn -0.8937 0.4404 -0.0857
vn -0.3497 0.6290 -0.6943
vn -0.8085 0.0365 0.5874
vn -0.8142 -0.0901 0.5736
vn -0.8197 -0.0987 0.5642
vn 0.1685 -0.8302 0.5313
vn -0.5002 -0.7650 0.4056
vn -0.7859 0.0914 0.6116
vn -0.7940 0.1424 0.5910
vn -0.7487 0.0933 0.6563
vn 0.2640 0.5120 0.8174
vn -0.8848 0.4650 0.0300
vn -0.8849 0.4648 0.0301
vn -0.6424 0.0392 0.7654
vn -0.7480 0.0294 0.6631
vn -0.4912 0.0390 0.8702
vn -0.1067 -0.0795 0.9911
vn 0.0624 0.5667 0.8215
vn 0.0096 0.6672 0.7449
vn -0.7172 0.1920 0.6699
vn 0.2609 -0.4315 0.8636
vn 0.2013 -0.4384 0.8759
vn -0.6460 0.0336 0.7626
vn -0.5526 0.0201 0.8332
vn -0.8626 0.4982 0.0875
vn -0.8725 0.4792 0.0953
vn 0.2378 -0.6063 0.7589
vn 0.3192 -0.6005 0.7331
vn -0.6254 0.1677 0.7621
vn 0.3165 0.6493 0.6915
vn -0.5465 0.1750 0.8190
vn -0.3994 0.1000 0.9113
vn -0.4276 -0.0361 0.9032
vn -0.2985 -0.6999 0.6489
vn -0.2161 -0.8577 0.4664
vn -0.7001 0.0946 0.7077
vn -0.4690 -0.8333 0.2926
vn -0.7686 -0.1014 0.6316
vn -0.8049 -0.2350 0.5449
vn -0.7652 -0.2755 0.5819
vn 0.3246 0.0072 0.9458
vn 0.0899 -0.1958 0.9765
vn -0.7113 -0.3881 0.5860
vn -0.2417 0.2313 0.9424
vn -0.2434 0.3115 0.9185
vn -0.2552 0.3128 0.9149
vn -0.2404 0.1439 0.9599
vn -0.3878 -0.6377 0.6656
vn -0.5016 -0.5094 0.6992
vn -0.5910 -0.4489 0.6703
vn -0.2464 -0.5227 0.8161
vn -0.6291 -0.4411 0.6401
vn -0.2469 -0.7100 0.6595
vn -0.0903 -0.6502 0.7544
vn 0.3018 -0.9425 -0.1434
vn 0.4961 -0.7956 -0.3477
vn 0.3830 -0.9237 -0.0111
vn 0.0990 -0.7279 -0.6785
vn 0.3672 -0.8356 -0.4085
vn 0.2289 -0.8566 -0.4624
vn 0.3267 -0.3010 0.8959
vn 0.4524 -0.2419 0.8584
vn 0.6080 -0.2481 0.7542
vn -0.3058 0.6585 0.6877
vn -0.1722 0.5070 0.8446
vn -0.5363 0.6539 0.5336
vn -0.6812 0.6804 0.2702
vn -0.6137 0.7163 0.3322
vn -0.6089 0.7237 0.3247
vn -0.5010 0.7800 0.3750
vn -0.7341 0.6523 0.1887
vn -0.4874 0.5560 0.6733
vn -0.6734 0.6914 0.2617
vn -0.0848 0.3485 0.9335
vn -0.0497 0.3505 0.9352
vn 0.0022 0.3850 0.9229
vn 0.0030 0.4044 0.9146
vn 0.0806 0.4831 0.8719
vn 0.1268 0.4909 0.8619
vn 0.5333 -0.7647 -0.3618
vn 0.7734 -0.4332 0.4628
vn 0.7771 -0.4224 0.4666
vn 0.7044 -0.6748 -0.2203
vn 0.4914 -0.8470 -0.2027
vn 0.9219 -0.2263 0.3144
vn 0.8005 -0.3169 0.5088
vn 0.9288 -0.2230 0.2958
vn 0.8403 -0.2744 0.4675
vn 0.8350 -0.1159 0.5379
vn 0.9964 0.0413 0.0746
vn 0.9122 -0.0507 0.4067
vn 0.9756 -0.0638 0.2101
vn 0.9934 -0.0533 0.1018
vn 0.9526 -0.2651 -0.1492
vn 0.9784 -0.1765 -0.1080
vn 0.9877 -0.1467 -0.0534
vn 0.2581 0.1013 -0.9608
vn -0.1641 0.4381 -0.8838
vn -0.2079 0.4382 -0.8745
vn -0.6336 0.6159 -0.4682
vn -0.6459 0.6139 -0.4538
vn 0.1328 0.2328 -0.9634
vn 0.1011 0.1914 -0.9763
vn 0.1049 0.2178 -0.9704
vn -0.7430 0.0609 -0.6665
vn -0.8053 0.0931 -0.5855
vn -0.8459 0.0629 -0.5297
vn 0.2716 0.1273 -0.9539
vn 0.2471 0.1873 -0.9507
vn -0.7330 0.3115 -0.6047
vn -0.8122 0.4077 -0.4173
vn 0.0415 0.1727 -0.9841
vn 0.3545 0.1983 -0.9138
vn 0.2788 0.1805 -0.9432
vn -0.5944 0.0954 -0.7985
vn -0.5934 0.0971 -0.7990
vn 0.2910 0.1981 -0.9360
vn 0.7147 0.1766 -0.6768
vn 0.7193 0.1746 -0.6724
vn 0.3319 0.1688 -0.9281
vn 0.2600 0.1899 -0.9467
vn 0.7722 0.1725 -0.6116
vn 0.7099 0.1629 -0.6852
vn 0.9979 0.0584 -0.0271
vn 0.9975 0.0552 -0.0442
vn 0.5756 0.1383 -0.8060
vn 0.5476 0.1518 -0.8228
vn -0.6501 -0.5134 -0.5602
vn 0.5333 0.1688 -0.8289
vn 0.9973 0.0605 -0.0415
vn 0.2826 0.1791 -0.9424
vn 0.7074 0.1741 -0.6851
vn 0.2748 0.2066 -0.9391
vn 0.2775 0.2089 -0.9378
vn 0.6640 0.1887 -0.7235
vn 0.9944 0.0843 -0.0633
vn 0.9939 0.0904 -0.0625
vn 0.5332 0.1717 -0.8284
vn 0.5071 0.2079 -0.8364
vn 0.9940 0.0753 -0.0789
vn 0.5162 0.2401 -0.8221
vn -0.2513 -0.3036 -0.9191
vn 0.5528 0.3018 -0.7768
vn 0.5815 0.2044 -0.7875
vn 0.4878 0.2501 -0.8364
vn 0.5587 0.2222 -0.7991
vn -0.6575 -0.5097 -0.5549
vn -0.3982 -0.4047 -0.8232
vn -0.4168 -0.3449 -0.8410
vn -0.3553 -0.4218 -0.8342
vn -0.4618 -0.3231 -0.8260
vn -0.6536 -0.4016 -0.6415
vn -0.6599 -0.4089 -0.6304
vn -0.3763 0.9258 -0.0354
vn -0.2835 0.9149 -0.2873
vn 0.2301 0.0379 -0.9724
vn 0.2398 0.0769 -0.9678
vn 0.7031 -0.6618 -0.2602
vn 0.7153 -0.6391 -0.2826
vn 0.2590 0.0316 -0.9653
vn -0.3238 0.9177 -0.2302
vn -0.3419 0.9137 -0.2196
vn -0.3338 0.9142 -0.2297
vn 0.2925 0.0836 -0.9526
vn 0.2701 0.0113 -0.9628
vn 0.7265 -0.6360 -0.2602
vn 0.2651 0.0163 -0.9641
vn -0.5177 0.5175 -0.6813
vn -0.0311 0.1546 -0.9875
vn -0.0220 -0.0904 -0.9957
vn 0.0375 -0.2043 -0.9782
vn 0.5521 -0.1361 -0.8226
vn 0.5979 -0.2354 -0.7662
vn 0.3934 -0.0203 -0.9191
vn 0.0263 0.1932 -0.9808
vn 0.0761 0.2019 -0.9764
vn -0.1878 0.1289 -0.9737
vn -0.2623 0.1020 -0.9596
vn -0.2041 0.1037 -0.9734
vn -0.0149 0.1261 -0.9919
vn 0.0046 0.2101 -0.9777
vn -0.3516 0.0147 -0.9360
vn -0.3156 0.0552 -0.9473
vn -0.2394 0.0577 -0.9692
vn -0.6799 -0.0564 -0.7311
vn 0.0809 0.1754 -0.9812
vn 0.0876 0.1724 -0.9811
vn 0.6440 0.3888 -0.6589
vn 0.3326 0.3550 -0.8737
vn 0.0973 0.1306 -0.9866
vn 0.6329 0.3253 -0.7026
vn 0.6422 0.3332 -0.6903
vn 0.3295 0.2070 -0.9212
vn 0.1847 0.0989 -0.9778
vn 0.2715 0.2040 -0.9406
vn 0.5345 0.2152 -0.8173
vn 0.5638 0.2409 -0.7900
vn 0.4017 0.2627 -0.8773
vn 0.5826 0.2624 -0.7693
vn 0.5604 -0.7211 -0.4075
vn 0.4694 -0.7752 -0.4228
vn 0.4576 -0.4029 -0.7926
vn 0.5036 -0.7885 -0.3532
vn 0.4823 -0.7934 -0.3713
vn 0.2978 -0.8675 -0.3984
vn 0.4318 -0.6565 -0.6185
vn 0.3519 -0.8972 -0.2669
vn 0.2235 0.0734 -0.9719
vn 0.2818 0.0222 -0.9592
vn 0.2884 0.0226 -0.9572
vn 0.7389 -0.6174 -0.2697
vn 0.2389 0.0379 -0.9703
vn 0.7366 0.0274 -0.6758
vn -0.4771 -0.3083 -0.8230
vn 0.0269 0.0409 -0.9988
vn 0.0857 0.1806 -0.9798
vn 0.1725 0.1339 -0.9759
vn 0.2199 0.1916 -0.9565
vn 0.5649 0.2499 -0.7864
vn 0.5285 0.2786 -0.8020
vn 0.5399 0.2042 -0.8166
vn 0.1183 0.2042 -0.9718
vn -0.3551 0.2501 -0.9007
vn -0.3337 0.5610 -0.7576
vn -0.1646 0.9698 -0.1802
vn -0.3270 0.4607 -0.8251
vn -0.3135 0.4205 -0.8514
vn -0.5779 0.1022 -0.8097
vn -0.2558 0.3934 -0.8831
vn -0.2498 0.4025 -0.8807
vn -0.2148 0.0170 -0.9765
vn -0.1704 0.0316 -0.9849
vn -0.2382 0.4709 -0.8495
vn -0.0702 -0.0359 -0.9969
vn -0.1297 0.5333 -0.8360
vn -0.0209 0.0249 -0.9995
vn -0.0289 0.3753 -0.9264
vn 0.1722 0.4964 -0.8509
vn -0.2470 0.3064 -0.9193
vn 0.0053 -0.1135 -0.9935
vn 0.6863 0.1382 -0.7140
vn -0.2494 -0.1850 0.9506
vn -0.2688 -0.1852 0.9452
vn -0.2744 -0.1909 0.9425
vn -0.6784 0.6234 0.3888
vn -0.6454 0.5877 0.4879
vn -0.2797 -0.2236 0.9337
vn 0.3440 -0.7412 0.5764
vn -0.1304 -0.3328 0.9339
vn 0.3480 -0.7317 0.5861
vn 0.3282 -0.7343 0.5943
vn -0.3354 -0.1942 0.9219
vn -0.3379 -0.1783 0.9242
vn -0.3079 -0.2461 0.9190
vn -0.6693 0.5344 0.5161
vn -0.3350 -0.2941 0.8951
vn -0.2760 -0.2231 0.9349
vn -0.3104 -0.2356 0.9210
vn 0.3129 -0.7686 0.5580
vn 0.2444 -0.7744 0.5836
vn 0.2772 -0.6618 0.6966
vn -0.4035 -0.7265 0.5561
vn -0.5874 0.4667 0.6612
vn -0.3138 -0.1548 0.9368
vn -0.4045 -0.1995 0.8925
vn -0.5804 -0.7783 0.2396
vn -0.5560 -0.7583 0.3403
vn -0.5273 -0.7782 0.3411
vn -0.2377 -0.2128 0.9477
vn -0.5224 -0.7810 0.3423
vn -0.4946 -0.2620 0.8287
vn -0.4388 -0.2307 0.8685
vn -0.5202 -0.7795 0.3489
vn -0.2963 -0.1246 0.9469
vn -0.3005 -0.1482 0.9422
vn -0.8257 -0.0979 0.5555
vn -0.9228 -0.1174 0.3669
vn -0.9278 -0.1110 0.3562
vn 0.1874 -0.1612 0.9690
vn -0.4357 -0.1792 0.8821
vn -0.3347 -0.1935 0.9223
vn -0.1886 -0.2206 0.9570
vn -0.3419 -0.1768 0.9230
vn 0.1149 -0.1677 0.9791
vn -0.3684 -0.2314 0.9004
vn -0.4058 -0.2591 0.8765
vn -0.0656 0.2559 0.9645
vn -0.3472 -0.2496 0.9039
vn 0.1930 -0.1579 0.9684
vn -0.4589 -0.1436 0.8768
vn -0.3278 -0.2381 0.9143
vn -0.4238 -0.2197 0.8787
vn -0.0052 0.4575 0.8892
vn -0.0462 0.4387 0.8975
vn -0.0421 0.4825 0.8749
vn -0.5613 -0.2240 0.7967
vn -0.4998 -0.2650 0.8246
vn -0.5114 -0.1864 0.8389
vn -0.6109 -0.1923 0.7680
vn -0.5394 -0.1720 0.8243
vn -0.5161 -0.1354 0.8458
vn -0.4794 -0.1434 0.8658
vn -0.5979 -0.1707 0.7832
vn -0.5782 -0.1470 0.8025
vn -0.8124 -0.5715 -0.1156
vn -0.4835 -0.1642 0.8598
vn -0.4830 -0.1716 0.8586
vn -0.8361 -0.4744 -0.2754
vn -0.8632 -0.4956 -0.0966
vn -0.6215 -0.2726 0.7345
vn -0.4925 -0.1535 0.8567
vn 0.5251 0.0971 0.8455
vn 0.2536 0.0686 0.9649
vn -0.3094 -0.0019 0.9509
vn -0.2719 -0.0023 0.9623
vn -0.4280 -0.0618 0.9017
vn 0.7153 0.1479 0.6830
vn -0.4119 -0.0216 0.9110
vn -0.2512 -0.0116 0.9679
vn 0.4011 0.1309 0.9066
vn 0.3262 0.1040 0.9396
vn 0.2905 0.0497 0.9556
vn 0.3942 0.0848 0.9151
vn 0.9788 0.1792 0.0992
vn 0.9830 0.1837 0.0026
vn 0.9844 0.1567 0.0804
vn 0.9885 0.1338 0.0699
vn 0.2522 0.0644 0.9655
vn 0.9892 0.1402 0.0436
vn 0.9837 0.1629 0.0760
vn 0.4425 0.1149 0.8894
vn -0.8945 -0.2095 0.3949
vn 0.4695 0.0662 0.8804
vn -0.5964 -0.1622 0.7862
vn -0.5541 -0.1399 0.8206
vn -0.3234 -0.0751 0.9433
vn -0.5586 -0.1167 -0.8212
vn -0.5400 -0.0906 -0.8368
vn -0.5346 -0.0990 -0.8393
vn -0.5324 -0.0930 -0.8413
vn -0.9450 -0.0774 -0.3179
vn 0.2977 0.1063 -0.9487
vn 0.4444 0.0485 -0.8945
vn 0.4560 0.0609 -0.8879
vn -0.6832 -0.0677 -0.7271
vn -0.6619 -0.0790 -0.7454
vn 0.3936 0.0745 -0.9163
vn -0.8951 -0.1063 -0.4330
vn -0.2588 -0.2880 0.9220
vn 0.4174 -0.2712 0.8673
vn 0.2747 -0.4066 0.8713
vn 0.0939 -0.3780 0.9211
vn 0.3365 -0.4445 0.8302
vn 0.2311 -0.2606 0.9374
vn 0.3799 -0.3640 0.8504
vn 0.5521 -0.1633 0.8176
vn 0.3191 -0.4592 0.8291
vn 0.2196 -0.5590 0.7996
vn 0.1333 0.9459 -0.2958
vn -0.2622 0.5887 -0.7646
vn -0.1143 0.5288 -0.8410
vn -0.2957 0.5108 -0.8072
vn -0.0960 0.4262 -0.8995
vn -0.1544 0.5333 -0.8317
vn -0.8597 0.4957 0.1235
vn -0.4953 0.0477 0.8674
vn -0.4117 0.2558 0.8747
vn -0.1177 0.1948 0.9738
vn 0.2748 -0.5716 0.7731
vn -0.5018 0.0267 0.8645
vn -0.2022 -0.7727 0.6017
vn -0.1116 0.2030 0.9728
vn 0.3100 -0.6288 0.7131
vn -0.3856 -0.1045 0.9167
vn 0.2575 0.0074 0.9663
vn 0.2473 0.0054 0.9689
vn 0.5660 -0.0745 0.8210
vn 0.0490 -0.1732 0.9837
vn -0.4386 -0.3414 0.8313
vn -0.3789 -0.3136 0.8707
vn -0.6609 -0.2675 0.7012
vn -0.7065 -0.1240 0.6968
vn -0.5007 -0.8139 0.2948
vn -0.7169 -0.1482 0.6813
vn -0.4150 -0.4808 0.7724
vn -0.5798 -0.4236 0.6960
vn -0.6719 -0.2560 0.6950
vn 0.5386 -0.7515 -0.3809
vn 0.5069 0.1276 -0.8525
vn 0.2152 0.1606 -0.9633
vn -0.1921 0.4219 -0.8861
vn 0.4930 0.0641 -0.8676
vn -0.6403 0.6435 -0.4194
vn -0.5874 0.6057 -0.5367
vn -0.1688 0.4473 -0.8783
vn 0.3714 0.0140 -0.9284
vn 0.3552 0.0932 -0.9301
vn 0.1302 0.2315 -0.9641
vn -0.5899 0.5481 -0.5929
vn -0.7218 -0.4156 0.5534
vn -0.5412 -0.8041 -0.2458
vn -0.4946 -0.8444 -0.2057
vn -0.6920 -0.2969 0.6581
vn -0.6546 -0.3011 0.6934
vn -0.8135 -0.1832 0.5520
vn -0.9529 -0.2072 0.2214
vn 0.6313 0.1089 0.7679
vn 0.7274 0.1547 0.6685
vn 0.7184 0.1015 0.6882
vn 0.9853 0.1683 0.0287
vn 0.9855 0.1407 0.0945
vn 0.9849 0.1704 0.0290
vn 0.9827 0.1762 0.0563
vn 0.2302 0.0328 0.9726
vn 0.9745 0.1947 0.1116
vn 0.9190 0.1609 0.3601
vn 0.9868 0.1560 0.0431
vn 0.9800 0.1721 0.1001
vn 0.9799 0.1755 0.0947
vn 0.2285 0.0346 0.9729
vn 0.4515 0.0903 0.8877
vn 0.4766 0.0760 0.8759
vn 0.2661 0.0648 0.9618
vn 0.2200 0.1101 0.9693
vn 0.3985 0.0831 0.9134
vn 0.9711 0.2047 0.1232
vn 0.2172 0.0482 0.9749
vn 0.3314 -0.7569 0.5633
vn 0.3399 -0.7560 0.5594
vn 0.8360 -0.4303 -0.3405
vn 0.1791 0.2323 -0.9560
vn 0.1853 0.1856 -0.9650
vn 0.1741 0.1858 -0.9670
vn 0.8349 -0.4406 -0.3300
vn 0.7941 -0.4468 -0.4121
vn 0.1858 0.2073 -0.9605
vn 0.1861 0.1806 -0.9658
vn 0.1792 0.1616 -0.9704
vn 0.1786 0.2054 -0.9622
vn -0.6921 0.0713 -0.7183
vn -0.6595 0.0649 -0.7489
vn 0.1748 0.1852 -0.9670
vn -0.6397 0.0738 -0.7651
vn 0.1912 0.1738 -0.9660
vn -0.6522 0.0849 -0.7533
vn -0.6326 0.0827 -0.7700
vn -0.6648 0.0787 -0.7428
vn 0.3160 0.1819 -0.9312
vn -0.6149 0.0821 -0.7843
vn 0.3017 0.2005 -0.9321
vn 0.3399 0.1798 -0.9231
vn 0.3377 0.1619 -0.9272
vn 0.3243 0.1878 -0.9271
vn 0.3336 0.1771 -0.9259
vn 0.3236 0.1835 -0.9282
vn 0.3203 0.1591 -0.9338
vn 0.3048 0.1683 -0.9374
vn -0.7165 0.0553 -0.6954
vn -0.6926 0.0756 -0.7173
vn -0.7230 0.0594 -0.6883
vn 0.1597 0.1903 -0.9687
vn 0.1712 0.2115 -0.9623
vn 0.0662 0.3667 -0.9280
vn 0.3467 0.2037 -0.9156
vn 0.3401 0.1602 -0.9266
vn 0.8729 0.1266 -0.4711
vn 0.9833 0.0707 -0.1678
vn 0.7993 0.1053 -0.5916
vn 0.9937 -0.0463 -0.1020
vn 0.4849 0.1650 -0.8588
vn 0.7603 0.0714 -0.6456
vn 0.0173 0.3610 -0.9324
vn 0.4997 0.1298 -0.8564
vn 0.5463 0.0663 -0.8350
vn 0.9569 -0.1865 -0.2226
vn 0.5110 0.2112 -0.8332
vn 0.9833 0.0706 -0.1680
vn 0.9835 0.0654 -0.1690
vn 0.5078 0.2092 -0.8357
vn 0.9936 0.0737 -0.0860
vn 0.5314 0.1838 -0.8269
vn -0.1837 -0.1994 0.9625
vn -0.7139 0.3649 0.5977
vn -0.6544 0.6354 -0.4099
vn -0.5655 -0.5918 -0.5744
vn -0.5328 -0.6732 -0.5128
vn -0.9877 -0.1306 -0.0855
vn -0.6495 -0.6871 0.3257
vn -0.7206 -0.5420 0.4323
vn -0.0880 -0.2074 0.9743
vn -0.6210 0.7024 0.3478
vn 0.0370 -0.4276 0.9032
vn -0.6000 0.4103 0.6868
vn -0.5281 -0.0062 0.8492
vn -0.6014 0.6806 0.4185
vn -0.5577 0.7514 0.3527
vn -0.3282 -0.0033 0.9446
vn 0.0605 -0.4208 0.9051
vn 0.0366 -0.4219 0.9059
vn 0.0538 -0.4043 0.9130
vn -0.3244 0.0016 0.9459
vn 0.0711 -0.4090 0.9098
vn 0.2690 0.7558 0.5970
vn 0.3322 0.6070 0.7220
vn 0.5770 0.0192 0.8165
vn 0.3938 -0.3665 0.8430
vn 0.2336 -0.4622 0.8555
vn 0.3527 -0.5492 0.7576
vn 0.7787 0.0973 0.6198
vn 0.5766 0.7516 0.3203
vn 0.7925 0.0550 0.6074
vn 0.8300 0.4850 0.2754
vn 0.5758 0.8066 0.1335
vn 0.6402 0.0324 0.7675
vn 0.0956 -0.9098 0.4038
vn 0.6684 0.3564 0.6529
vn 0.4768 0.8253 0.3026
vn 0.5185 0.1470 0.8423
vn 0.3991 0.8417 0.3636
vn -0.1081 0.5025 0.8578
vn -0.2311 -0.4568 0.8590
vn -0.7163 0.5421 0.4394
vn -0.7260 0.2394 0.6447
vn -0.7319 0.2397 0.6379
vn -0.7416 0.2193 0.6339
vn -0.6192 -0.4685 0.6302
vn -0.3752 -0.7971 0.4732
vn -0.4495 -0.6835 0.5751
vn -0.9332 0.0649 0.3535
vn -0.9832 -0.1725 0.0591
vn -0.9824 0.0323 0.1838
vn -0.4859 -0.7992 0.3539
vn 0.8127 -0.4574 -0.3610
vn 0.8346 -0.4087 -0.3693
vn -0.4365 0.0121 -0.8996
vn -0.2333 0.1147 -0.9656
vn -0.2532 0.9033 -0.3462
vn -0.2226 0.8714 -0.4371
vn -0.1493 0.8935 -0.4234
vn -0.2675 0.0115 -0.9635
vn -0.2764 -0.0068 -0.9610
vn -0.0406 -0.9377 -0.3452
vn -0.0173 -0.9019 -0.4316
vn -0.2750 0.1764 -0.9451
vn -0.1729 0.7477 -0.6411
vn -0.1300 0.9595 -0.2500
vn -0.1567 0.7159 -0.6804
vn -0.1221 0.3270 -0.9371
vn 0.0359 -0.9197 -0.3909
vn -0.4679 0.3231 -0.8226
vn 0.2901 -0.0014 -0.9570
vn -0.4610 0.7301 -0.5044
vn -0.3740 0.6668 -0.6446
vn -0.1669 0.0908 -0.9818
vn -0.0238 0.9951 -0.0964
vn -0.1132 0.4788 -0.8706
vn -0.1068 0.4575 -0.8827
vn 0.0179 0.2010 -0.9794
vn 0.0253 0.0814 -0.9964
vn 0.0446 0.0517 -0.9977
vn 0.0919 -0.8666 -0.4905
vn 0.1987 -0.0174 -0.9799
vn 0.1665 0.3984 -0.9020
vn -0.1328 0.9911 0.0130
vn 0.0451 0.0372 -0.9983
vn 0.1261 0.0719 -0.9894
vn 0.1199 0.4032 -0.9072
vn 0.2740 0.0383 -0.9610
vn 0.2284 0.4888 -0.8420
vn 0.2402 -0.0615 -0.9688
vn 0.4462 0.3280 -0.8326
vn 0.4457 0.2363 -0.8634
vn 0.4665 0.0983 -0.8790
vn 0.5073 0.1663 -0.8455
vn -0.0405 0.5146 -0.8565
vn 0.6174 -0.0401 -0.7856
vn 0.1857 0.4351 -0.8810
vn 0.1137 0.5068 -0.8545
vn 0.1244 0.0379 -0.9915
vn -0.1846 0.0756 -0.9799
vn 0.2106 0.1264 -0.9694
vn 0.5138 0.3651 -0.7763
vn 0.5785 0.4095 -0.7054
vn 0.7896 0.0987 -0.6056
vn 0.9207 0.0302 -0.3890
vn 0.9358 -0.0024 -0.3524
vn 0.9381 0.2048 -0.2792
vn 0.9973 0.0620 -0.0386
vn 0.9910 0.0021 -0.1342
vn 0.7708 0.1738 -0.6129
vn 0.6260 0.3835 -0.6791
vn 0.5085 0.3011 -0.8067
vn 0.5005 0.2124 -0.8393
vn 0.1149 0.1685 -0.9790
vn 0.2585 0.2860 -0.9227
vn 0.3923 -0.0735 -0.9169
vn 0.3082 -0.0793 -0.9480
vn 0.5345 -0.0203 -0.8449
vn 0.5546 -0.0779 -0.8285
vn -0.0697 -0.5701 -0.8186
vn 0.6616 -0.1200 -0.7402
vn 0.6576 -0.0415 -0.7522
vn 0.5067 0.0977 -0.8566
vn 0.6441 -0.0165 -0.7647
vn 0.7166 0.1055 -0.6894
vn 0.8536 -0.1257 -0.5056
vn 0.7090 -0.1198 -0.6950
vn -0.5723 -0.6444 -0.5072
vn 0.0940 -0.4654 -0.8801
vn 0.3895 -0.0717 -0.9182
vn -0.5901 -0.6425 -0.4889
vn -0.4957 -0.7061 -0.5057
vn -0.5687 -0.6689 -0.4787
vn -0.7293 -0.5953 -0.3373
vn -0.6952 -0.6624 -0.2790
vn -0.6475 -0.6524 -0.3939
vn -0.0091 -0.3092 -0.9510
vn -0.6379 -0.6767 -0.3676
vn -0.6248 -0.1341 0.7692
vn -0.5999 -0.1432 0.7872
vn -0.5877 -0.1458 0.7958
vn -0.6030 -0.1457 0.7843
vn -0.6471 -0.6986 -0.3055
vn 0.2033 -0.3709 -0.9061
vn -0.6732 -0.6495 -0.3534
vn -0.3177 -0.6384 -0.7011
vn -0.6679 -0.1430 0.7304
vn -0.6696 -0.1493 0.7276
vn -0.6957 -0.1295 0.7065
vn -0.6394 -0.6838 -0.3516
vn -0.5564 -0.7380 -0.3818
vn -0.5017 -0.7981 -0.3337
vn -0.2183 -0.7614 -0.6104
vn -0.7487 -0.6523 0.1183
vn -0.3922 -0.6991 -0.5978
vn -0.5084 -0.6546 -0.5595
vn -0.9776 -0.1882 0.0946
vn -0.9742 -0.1986 0.1070
vn -0.9422 -0.1901 -0.2760
vn -0.6616 -0.1612 0.7323
vn -0.8337 -0.5222 -0.1797
vn -0.7075 -0.7032 -0.0711
vn -0.7720 -0.6209 0.1362
vn -0.5413 -0.8059 -0.2397
vn -0.6489 -0.7097 -0.2743
vn -0.6276 -0.3184 0.7104
vn -0.6313 -0.3112 0.7104
vn -0.7405 -0.6220 -0.2544
vn -0.7431 -0.6664 -0.0610
vn -0.6489 -0.7101 -0.2733
vn -0.2190 -0.9150 -0.3388
vn -0.2988 -0.9238 -0.2393
vn -0.3995 -0.7752 -0.4892
vn -0.4398 -0.5497 -0.7102
vn -0.4254 -0.7500 -0.5065
vn -0.9582 -0.2183 -0.1848
vn -0.9539 0.1784 -0.2414
vn -0.5651 -0.7134 -0.4145
vn -0.9939 0.1014 0.0435
vn -0.9903 0.1157 0.0764
vn -0.9833 0.1109 -0.1444
vn -0.8307 0.2509 -0.4970
vn -0.8626 0.1945 -0.4670
vn -0.8196 0.1916 -0.5400
vn -0.9779 0.0579 -0.2008
vn -0.9453 0.0280 -0.3249
vn -0.9183 -0.0693 -0.3898
vn -0.7572 -0.0753 -0.6489
vn -0.7104 0.0296 -0.7032
vn -0.7539 0.1532 -0.6388
vn -0.0393 0.4296 -0.9022
vn -0.6077 0.3999 -0.6862
vn -0.4627 -0.6636 -0.5878
vn 0.0050 0.0474 -0.9989
vn 0.0911 0.1467 -0.9850
vn 0.0815 0.1640 -0.9831
vn -0.5230 0.1176 -0.8442
vn -0.6619 -0.4845 -0.5719
vn -0.5521 -0.6192 -0.5583
vn -0.5258 -0.5698 -0.6316
vn -0.7309 0.1867 -0.6564
vn -0.5399 0.1357 -0.8307
vn -0.6332 0.1670 -0.7557
vn -0.7472 0.1812 -0.6394
vn -0.7839 0.2138 -0.5830
vn -0.8691 0.1872 -0.4578
vn -0.8832 0.2113 -0.4187
vn -0.7645 0.6299 -0.1374
vn -0.7692 0.6147 -0.1746
vn -0.7901 0.5758 -0.2103
vn -0.7914 0.5992 -0.1211
vn -0.8319 0.2092 -0.5139
vn -0.9084 0.3791 -0.1764
vn -0.6946 -0.3073 -0.6504
vn -0.8657 0.1643 -0.4728
vn -0.7757 0.1378 -0.6159
vn -0.4412 -0.2711 -0.8555
vn -0.6422 -0.1841 -0.7441
vn -0.5793 -0.1423 -0.8026
vn -0.6399 -0.0691 -0.7653
vn -0.6706 -0.1075 -0.7339
vn -0.5775 -0.1520 -0.8021
vn 0.1848 -0.1843 -0.9653
vn 0.2336 -0.1446 -0.9615
vn 0.6159 -0.5900 -0.5221
vn 0.3429 -0.3590 -0.8680
vn 0.2741 -0.1745 -0.9457
vn 0.5049 -0.2637 -0.8219
vn 0.3035 -0.2502 -0.9194
vn 0.7074 -0.5717 -0.4156
vn 0.7128 -0.6448 -0.2760
vn 0.4166 -0.3928 -0.8199
vn 0.2451 -0.0017 -0.9695
vn -0.0341 0.4046 -0.9139
vn 0.0202 0.3847 -0.9228
vn -0.9757 0.0009 -0.2191
vn -0.9950 -0.0585 -0.0810
vn -0.8354 0.1273 -0.5347
vn -0.9711 0.0282 -0.2372
vn -0.9430 0.3140 0.1104
vn -0.5136 -0.5791 -0.6331
vn -0.9745 0.1189 0.1904
vn -0.9652 -0.0201 0.2608
vn -0.9506 0.1079 0.2910
vn -0.9808 -0.1857 0.0603
vn -0.5357 -0.5918 -0.6023
vn -0.5432 -0.6565 -0.5233
vn -0.9547 -0.2704 0.1242
vn -0.7152 -0.2437 -0.6551
vn -0.0526 0.3113 -0.9488
vn 0.0001 0.4005 -0.9163
vn 0.0344 -0.5726 -0.8191
vn 0.1399 -0.5804 -0.8022
vn -0.0179 -0.6320 -0.7748
vn 0.2232 -0.6840 -0.6945
vn 0.3213 0.2553 -0.9119
vn -0.8149 0.5668 -0.1208
vn -0.7192 0.6889 -0.0910
vn 0.1645 0.2186 -0.9619
vn 0.3605 0.4440 -0.8203
vn 0.4133 0.4011 -0.8175
vn 0.3939 0.2027 -0.8965
vn 0.4038 0.3623 -0.8400
vn 0.1395 -0.6611 -0.7372
vn 0.0734 -0.5172 -0.8527
vn 0.3770 -0.5706 -0.7295
vn 0.3989 -0.6151 -0.6801
vn 0.6041 0.0611 -0.7946
vn -0.1421 -0.4896 -0.8603
vn 0.5446 -0.5989 -0.5872
vn 0.7913 0.2099 -0.5743
vn 0.8679 0.1434 -0.4756
vn 0.8957 0.2299 -0.3807
vn 0.5267 -0.6757 -0.5157
vn 0.8868 0.1258 -0.4446
vn 0.7483 -0.5858 -0.3112
vn 0.7546 -0.5670 -0.3303
vn -0.3682 -0.9281 0.0552
vn 0.6444 0.7111 -0.2812
vn 0.8265 0.2915 -0.4815
vn 0.6872 -0.2639 -0.6768
vn 0.7648 -0.1496 -0.6266
vn 0.8942 -0.0406 -0.4458
vn 0.8853 -0.0349 -0.4638
vn 0.8719 -0.2628 -0.4132
vn 0.5953 0.7750 -0.2122
vn 0.8996 -0.1880 -0.3943
vn 0.9722 0.2275 -0.0557
vn 0.9785 0.1684 -0.1193
vn 0.9620 0.2230 -0.1572
vn 0.7827 -0.6224 0.0107
vn 0.9717 0.2065 0.1145
vn 0.5347 0.8077 -0.2482
vn 0.5949 0.7751 -0.2128
vn 0.7056 0.1142 -0.6993
vn 0.8656 0.3658 0.3420
vn -0.1989 0.5123 -0.8355
vn -0.1507 0.4892 -0.8590
vn 0.1040 0.5067 -0.8558
vn 0.1210 0.5166 -0.8476
vn 0.0210 0.9930 -0.1161
vn 0.4410 0.8045 0.3979
vn 0.8049 0.5918 0.0436
vn 0.2962 0.5948 -0.7473
vn 0.1090 0.5210 -0.8465
vn 0.7327 0.6731 -0.1002
vn 0.0795 0.5510 -0.8307
vn 0.7159 0.6982 -0.0035
vn -0.7952 0.6046 0.0459
vn -0.2727 0.9190 0.2848
vn -0.1344 0.0788 0.9878
vn 0.2589 0.0541 0.9644
vn 0.3122 -0.6561 0.6870
vn 0.1943 0.2472 0.9493
vn -0.2269 -0.6482 0.7269
vn 0.3692 0.2270 0.9012
vn 0.4365 0.2346 0.8686
vn 0.6425 0.1147 0.7576
vn -0.3539 0.2855 0.8906
vn -0.1981 -0.6810 0.7049
vn 0.6153 0.2080 0.7604
vn 0.6346 0.1976 0.7471
vn 0.5852 0.2742 0.7631
vn 0.5581 -0.0801 0.8259
vn 0.7729 -0.0075 0.6345
vn 0.0331 -0.3245 0.9453
vn -0.1067 -0.3832 0.9175
vn 0.8033 -0.1645 0.5724
vn 0.8303 -0.0432 0.5557
vn 0.8058 -0.2142 0.5520
vn 0.7261 -0.3496 0.5921
vn 0.7799 -0.2844 0.5576
vn -0.0579 -0.1438 0.9879
vn -0.0923 -0.5589 0.8241
vn 0.1627 -0.5668 0.8076
vn 0.2703 -0.5324 0.8022
vn 0.3066 -0.4130 0.8576
vn -0.3287 -0.5545 0.7645
vn -0.8264 0.2111 0.5221
vn -0.6301 0.3047 0.7142
vn -0.4219 -0.3294 0.8447
vn -0.6577 -0.4446 0.6081
vn -0.9020 0.1369 0.4095
vn -0.9296 0.0604 0.3635
vn -0.9298 0.0525 0.3644
vn -0.5114 -0.6796 -0.5259
vn -0.9337 0.0809 0.3487
vn -0.8287 -0.5566 0.0585
vn -0.8979 -0.4400 0.0080
vn -0.9214 -0.3884 0.0123
vn -0.8533 -0.4804 -0.2027
vn -0.8791 -0.3385 -0.3356
vn -0.7688 -0.4543 -0.4501
vn -0.5358 -0.4059 -0.7404
vn -0.1630 -0.3845 -0.9086
vn -0.9626 0.0767 -0.2599
vn -0.9703 0.0613 -0.2341
vn -0.9964 0.0500 0.0682
vn -0.9962 0.0484 0.0720
vn -0.9674 0.0340 0.2511
vn -0.6818 -0.7104 0.1749
vn -0.9269 -0.0242 0.3746
vn -0.8651 -0.3802 0.3272
vn -0.8762 -0.0176 0.4816
vn -0.6674 -0.6758 0.3128
vn -0.8737 -0.3848 0.2977
vn -0.6630 -0.6838 0.3049
vn -0.9027 -0.0708 0.4244
vn -0.7436 -0.6308 0.2216
vn -0.8971 -0.0388 0.4401
vn -0.9564 -0.0352 0.2898
vn -0.9790 -0.1608 0.1253
vn -0.5400 -0.6196 -0.5696
vn -0.6608 -0.6923 -0.2899
vn -0.9373 -0.1824 0.2971
vn -0.8827 -0.2296 0.4101
vn -0.8467 0.0552 -0.5291
vn -0.8717 0.0973 -0.4803
vn -0.7417 -0.5840 0.3298
vn -0.5867 -0.3263 0.7412
vn -0.9188 -0.2850 -0.2732
vn -0.6436 -0.7111 0.2829
vn -0.7356 -0.4324 -0.5214
vn -0.5776 -0.7400 0.3446
vn -0.1301 -0.9808 0.1455
vn -0.8300 -0.5246 0.1893
vn -0.3356 -0.9412 0.0378
vn -0.8709 -0.4427 -0.2136
vn -0.0624 -0.9969 0.0487
vn 0.0099 -0.9863 -0.1647
vn 0.1841 -0.7790 -0.5994
vn 0.1920 -0.6727 -0.7146
vn -0.8448 0.1223 -0.5208
vn -0.4808 -0.6386 -0.6008
vn -0.6015 0.0363 -0.7981
vn 0.3796 0.0236 -0.9249
vn 0.3274 0.0451 -0.9438
vn 0.0083 -0.9998 0.0199
vn -0.7980 -0.1339 0.5876
vn -0.0461 -0.1933 0.9801
vn -0.0193 -0.9266 0.3756
vn 0.0612 -0.1548 0.9860
vn -0.9145 -0.1481 0.3764
vn -0.9457 -0.0935 0.3113
vn -0.8953 -0.3163 0.3138
vn -0.0128 -0.9989 0.0451
vn -0.1294 -0.8625 0.4893
vn 0.0139 -0.8202 0.5718
vn -0.8825 -0.2540 0.3958
vn -0.7384 -0.5266 0.4213
vn -0.0787 -0.7409 0.6670
vn -0.2386 -0.8235 0.5147
vn -0.3547 -0.7244 0.5911
vn -0.8921 -0.1208 0.4354
vn -0.4768 -0.6198 0.6233
vn -0.9703 -0.1676 0.1743
vn -0.9736 -0.1393 0.1810
vn -0.9301 -0.2690 0.2500
vn -0.7337 -0.6586 0.1674
vn -0.5268 -0.8193 0.2262
vn -0.5271 -0.8239 0.2081
vn -0.9719 -0.1888 0.1409
vn -0.8444 -0.3440 0.4107
vn -0.7509 -0.4343 0.4976
vn -0.8814 -0.0968 -0.4624
vn -0.9431 -0.2961 0.1515
vn -0.3907 -0.7423 0.5444
vn -0.7847 -0.0559 -0.6174
vn -0.8571 0.0040 -0.5152
vn -0.8503 -0.5217 -0.0688
vn -0.8776 -0.4721 -0.0825
vn -0.9152 -0.0525 -0.3996
vn -0.9761 -0.2173 0.0103
vn -0.8257 -0.3948 -0.4029
vn -0.4113 -0.9094 0.0609
vn -0.3888 -0.9127 0.1253
vn -0.5297 -0.8398 0.1190
vn -0.7730 -0.5390 0.3345
vn -0.1560 -0.9865 -0.0491
vn 0.4081 -0.3084 0.8593
vn 0.4111 -0.3028 0.8598
vn 0.2496 -0.7637 0.5953
vn -0.9428 -0.2906 -0.1632
vn -0.8062 0.1806 -0.5634
vn -0.2198 0.3308 -0.9178
vn -0.8695 -0.4665 -0.1621
vn -0.8096 0.1715 -0.5613
vn -0.4359 0.0995 -0.8945
vn -0.9785 0.0494 -0.2002
vn -0.9926 0.0022 -0.1215
vn -0.9383 -0.3457 0.0033
vn -0.3355 -0.1879 -0.9231
vn -0.2715 -0.9036 -0.3315
vn -0.6060 -0.6141 -0.5055
vn -0.1613 -0.9868 -0.0111
vn -0.1452 -0.9882 -0.0485
vn 0.0665 -0.9909 0.1171
vn 0.0394 -0.9982 -0.0454
vn 0.0369 -0.9988 0.0316
vn 0.6633 -0.4062 -0.6286
vn 0.3472 -0.7889 -0.5071
vn 0.7244 0.0137 -0.6892
vn 0.7173 0.0182 -0.6965
vn 0.5403 -0.1878 -0.8203
vn 0.3759 0.0118 -0.9266
vn 0.3950 -0.0763 -0.9155
vn 0.4892 -0.4841 -0.7255
vn 0.5909 -0.6199 -0.5163
vn 0.7150 -0.4343 -0.5479
vn 0.5949 -0.6174 -0.5147
vn 0.5760 0.2197 -0.7873
vn 0.0740 0.1754 -0.9817
vn 0.0276 0.1798 -0.9833
vn -0.1261 0.0490 -0.9908
vn -0.0324 -0.2625 -0.9644
vn -0.5642 0.0470 -0.8243
vn -0.0340 0.0153 -0.9993
vn -0.1156 0.0406 -0.9925
vn 0.1654 -0.2959 -0.9408
vn 0.3042 -0.5178 -0.7996
vn -0.4953 -0.6014 -0.6269
vn -0.5041 -0.6229 -0.5982
vn -0.7702 -0.4681 0.4332
vn -0.6515 -0.5828 0.4857
vn -0.6464 -0.5844 0.4906
vn -0.7699 -0.4664 0.4356
vn -0.4261 -0.3552 0.8321
vn -0.3154 -0.3936 0.8635
vn -0.3352 -0.4725 0.8151
vn -0.3324 -0.4743 0.8152
vn -0.0014 -0.0670 0.9978
vn -0.6936 -0.5496 0.4656
vn -0.5340 -0.5518 0.6406
vn -0.6479 -0.5769 0.4973
vn 0.1933 0.2073 -0.9590
vn 0.2202 0.1674 -0.9610
vn 0.2437 0.1751 -0.9539
vn 0.2822 0.1777 -0.9428
vn 0.6175 -0.5899 -0.5203
vn -0.3893 0.7355 -0.5545
vn -0.3314 0.7200 -0.6098
vn 0.1888 0.2009 -0.9612
vn 0.2192 0.1900 -0.9570
vn 0.6619 -0.5906 -0.4616
vn 0.6657 -0.5806 -0.4688
vn 0.6424 -0.6092 -0.4649
vn 0.2208 0.1933 -0.9560
vn 0.6286 -0.5815 -0.5165
vn 0.6160 -0.6249 -0.4797
vn 0.6553 -0.5912 -0.4703
vn 0.6639 -0.6657 -0.3407
vn 0.0046 -0.8979 -0.4402
vn 0.5512 -0.5872 -0.5927
vn -0.6736 -0.3406 0.6560
vn -0.7996 -0.5111 -0.3153
vn -0.1542 -0.2572 0.9540
vn 0.0772 -0.2090 0.9749
vn -0.2272 -0.1047 0.9682
vn -0.2386 -0.0870 0.9672
vn -0.2040 -0.0438 0.9780
vn -0.1957 -0.0379 0.9799
vn -0.4710 0.4492 0.7592
vn -0.3224 0.1228 0.9386
vn -0.1216 -0.1639 0.9790
vn 0.2209 -0.8018 0.5552
vn 0.1569 -0.6502 0.7434
vn -0.2157 -0.1365 0.9669
vn 0.2815 -0.7978 0.5332
vn 0.1519 -0.6846 0.7129
vn 0.1630 -0.6895 0.7057
vn 0.2511 -0.7731 0.5825
vn 0.2177 -0.7777 0.5897
vn 0.2365 -0.9102 0.3401
vn 0.3528 -0.7580 -0.5486
vn 0.3484 -0.8929 -0.2852
vn 0.3858 -0.7960 -0.4665
vn 0.3507 -0.8918 -0.2859
vn 0.3557 -0.8963 -0.2649
vn 0.2854 -0.8706 -0.4008
vn -0.3805 -0.1775 0.9076
vn -0.9917 -0.0347 0.1238
vn -0.3842 -0.1738 0.9068
vn -0.7587 0.0619 -0.6485
vn -0.7883 0.5850 -0.1908
vn -0.7304 0.1752 -0.6602
vn 0.0130 0.1034 -0.9946
vn -0.4173 -0.3926 -0.8196
vn -0.4202 -0.1758 -0.8902
vn -0.0623 -0.0729 -0.9954
vn 0.5310 0.3297 -0.7806
vn 0.7787 0.3551 -0.5173
vn 0.1392 -0.0825 -0.9868
vn 0.6913 0.5207 -0.5009
vn 0.4293 -0.0524 -0.9017
vn 0.5904 -0.1247 -0.7974
vn 0.7174 -0.1053 -0.6886
vn 0.5781 0.0493 -0.8145
vn -0.3088 -0.4184 -0.8542
vn 0.6796 -0.0549 -0.7315
vn 0.8778 0.4315 -0.2078
vn 0.8446 -0.0342 -0.5344
vn 0.7912 -0.1396 -0.5955
vn 0.5211 0.3619 -0.7730
vn 0.2304 -0.0651 -0.9709
vn 0.2287 -0.0641 -0.9714
vn -0.3489 -0.9347 0.0683
vn -0.2965 -0.9424 0.1545
vn -0.3597 -0.9302 0.0737
vn -0.4116 -0.5549 0.7230
vn -0.3342 -0.2776 0.9007
vn -0.3289 -0.2762 0.9031
vn 0.3531 0.2050 -0.9129
vn 0.3356 0.1690 -0.9267
vn -0.7169 0.0681 -0.6939
vn 0.2957 0.2173 -0.9302
vn 0.1512 0.2012 -0.9678
vn 0.8282 -0.4467 -0.3384
vn 0.1648 0.1415 -0.9761
vn 0.5457 0.0144 -0.8378
vn 0.8878 -0.3431 -0.3068
vn 0.8568 -0.3398 -0.3879
vn 0.9623 -0.1306 -0.2384
vn 0.4746 0.2474 -0.8447
vn 0.3414 0.1141 -0.9330
vn -0.4441 0.3428 -0.8278
vn 0.8269 -0.4073 -0.3878
vn 0.8331 -0.4043 -0.3774
vn 0.8279 -0.4756 -0.2973
vn 0.8529 -0.4009 -0.3344
vn 0.8411 -0.3846 -0.3804
vn -0.4548 -0.6490 0.6099
vn -0.8213 0.2346 0.5200
vn -0.8844 0.4659 -0.0291
vn -0.8945 0.1546 0.4194
vn -0.6598 -0.5349 0.5277
vn -0.9996 0.0236 0.0128
vn -1.0000 -0.0067 -0.0009
vn -0.9678 0.1368 0.2113
vn -0.9999 -0.0098 0.0033
vn -0.9021 -0.3663 0.2279
vn -0.8673 -0.4074 0.2861
vn -0.8739 -0.1753 0.4534
vn -0.9464 0.2219 0.2347
vn -0.7121 -0.2656 0.6499
vn -0.9964 0.0062 0.0845
vn -0.4403 0.5283 -0.7259
vn -0.2489 0.4859 -0.8378
vn -0.3877 0.8946 -0.2222
vn -0.3964 0.8836 -0.2492
vn 0.7213 -0.6157 -0.3172
vn 0.2411 0.0161 -0.9704
vn 0.5845 -0.2076 -0.7844
vn 0.9054 -0.3805 -0.1883
vn 0.9144 -0.3734 -0.1565
vn 0.9742 -0.1891 -0.1233
vn 0.5098 0.0390 -0.8594
vn 0.7856 0.1326 -0.6043
vn 0.9745 -0.1290 0.1838
vn -0.4851 -0.4576 -0.7452
vn -0.6389 -0.4539 -0.6212
vn -0.1785 -0.2493 -0.9518
vn 0.1755 -0.0235 -0.9842
vn 0.1980 0.1450 -0.9694
vn 0.1970 0.1058 -0.9747
vn 0.8068 0.4564 0.3752
vn 0.1955 0.1065 -0.9749
vn 0.1930 0.0965 -0.9764
vn 0.8415 0.2936 -0.4536
vn 0.7875 0.2222 -0.5749
vn 0.8765 0.3517 -0.3288
vn 0.8486 0.2796 -0.4492
vn 0.8719 0.3583 -0.3338
vn 0.8748 0.4612 -0.1482
vn 0.4748 0.1442 -0.8682
vn 0.4472 0.0990 -0.8890
vn 0.4600 0.1052 -0.8816
vn -0.3092 0.0611 -0.9490
vn -0.4031 -0.3993 0.8234
vn -0.1915 -0.5351 0.8228
vn -0.1115 -0.6832 0.7217
vn -0.0986 -0.5478 0.8308
vn -0.3818 -0.3954 0.8354
vn -0.3436 -0.4131 0.8434
vn 0.0947 -0.7474 0.6576
vn -0.5910 0.2552 0.7653
vn -0.3359 -0.3739 0.8645
vn -0.2420 0.0727 0.9676
vn -0.8036 0.2836 0.5233
vn -0.8221 0.2348 0.5187
vn -0.7573 0.5807 0.2988
vn -0.8952 0.2950 0.3341
vn -0.6443 -0.3858 0.6603
vn -0.7863 0.3025 0.5388
vn -0.6971 0.4486 0.5593
vn -0.7005 -0.2189 0.6792
vn -0.3864 0.5841 -0.7138
vn -0.9853 0.0425 0.1657
vn -0.7716 -0.3099 0.5555
vn -0.7632 -0.3134 0.5650
vn -0.5170 -0.6866 0.5112
vn -0.9319 -0.3623 -0.0188
vn -0.9917 0.0330 0.1246
vn -0.9648 -0.2509 0.0793
vn -0.9723 0.1741 0.1561
vn -0.6216 0.6323 -0.4623
vn -0.9341 0.2746 0.2281
vn -0.7684 0.3845 0.5116
vn -0.7141 0.4723 0.5167
vn -0.6647 0.1688 0.7277
vn -0.6995 0.3246 0.6366
vn -0.6615 0.4477 0.6017
vn -0.4241 0.6980 0.5769
vn -0.6071 0.3394 0.7185
vn -0.7527 0.1244 0.6466
vn -0.6375 0.3943 0.6619
vn -0.5392 -0.2739 0.7964
vn -0.4570 0.6370 0.6208
vn -0.6873 0.0627 -0.7237
vn -0.1793 -0.0161 -0.9837
vn -0.3489 0.1551 -0.9242
vn 0.9251 0.0571 -0.3755
vn 0.4834 0.1708 -0.8585
vn 0.4492 0.1509 -0.8806
vn 0.6064 0.1857 -0.7732
vn 0.5948 0.1951 -0.7798
vn 0.6058 0.1593 -0.7795
vn 0.4044 0.0090 -0.9146
vn 0.2604 -0.1862 -0.9474
vn 0.1047 -0.0356 -0.9939
vn -0.5912 -0.5877 -0.5524
vn -0.5842 -0.5592 -0.5882
vn -0.5482 -0.5702 -0.6119
vn -0.6365 -0.4297 -0.6405
vn 0.5956 0.2166 -0.7735
vn 0.5977 0.1809 -0.7811
vn 0.5683 0.1992 -0.7983
vn 0.8116 0.4227 -0.4033
vn 0.7969 0.3263 -0.5085
vn 0.7179 0.4899 0.4946
vn 0.7467 0.5289 0.4035
vn 0.2092 -0.2070 -0.9557
vn 0.6910 0.2295 -0.6854
vn 0.8207 0.2791 -0.4985
vn 0.3769 -0.1880 -0.9070
vn 0.7425 0.2135 -0.6349
vn 0.2453 -0.5494 -0.7987
vn 0.7351 0.2430 -0.6329
vn 0.6956 0.6829 -0.2232
vn 0.4068 -0.5432 -0.7345
vn 0.7670 0.2692 -0.5825
vn 0.7219 0.2395 -0.6492
vn 0.7081 0.2744 -0.6506
vn 0.6984 0.5731 0.4286
vn 0.8004 -0.5513 -0.2355
vn 0.8074 -0.5505 -0.2124
vn 0.2629 0.0072 -0.9648
vn 0.2053 -0.0017 -0.9787
vn 0.2077 -0.0003 -0.9782
vn 0.2227 0.0339 -0.9743
vn 0.1732 0.0260 -0.9846
vn -0.4095 0.8763 -0.2539
vn -0.1613 0.6878 -0.7077
vn -0.3832 0.8835 -0.2694
vn 0.1756 -0.0114 -0.9844
vn -0.7275 -0.4605 -0.5086
vn -0.6605 -0.3337 -0.6726
vn 0.8455 0.5115 -0.1535
vn 0.4795 0.0807 -0.8738
vn 0.8354 0.5200 -0.1783
vn 0.1484 0.1921 -0.9701
vn -0.0258 0.0038 -0.9997
vn -0.7647 -0.2885 -0.5762
vn 0.3134 0.1670 -0.9348
vn 0.7437 0.6680 -0.0272
vn -0.3209 0.0502 -0.9458
vn 0.0967 0.1074 -0.9895
vn 0.3190 0.0983 -0.9426
vn -0.3277 0.0439 -0.9438
vn -0.3454 0.0551 -0.9368
vn 0.2935 0.1042 -0.9503
vn 0.4972 0.1465 -0.8552
vn 0.2722 0.1100 -0.9559
vn -0.3200 0.0749 -0.9444
vn -0.3047 0.0701 -0.9499
vn 0.0734 0.1205 -0.9900
vn -0.3441 0.1011 -0.9335
vn 0.0883 0.1963 -0.9766
vn 0.5823 0.2632 -0.7692
vn 0.0846 0.2290 -0.9697
vn -0.3604 0.1351 -0.9230
vn -0.3705 0.1362 -0.9188
vn 0.0376 0.2102 -0.9769
vn 0.2553 0.2363 -0.9375
vn 0.3963 0.2541 -0.8822
vn -0.0080 0.8170 -0.5766
vn -0.0791 0.9045 -0.4191
vn 0.0438 0.8999 -0.4340
vn 0.1737 0.3774 -0.9096
vn 0.1156 0.8190 -0.5621
vn -0.0021 0.9632 -0.2687
vn 0.1993 0.6023 -0.7730
vn 0.0568 0.9045 -0.4227
vn 0.1846 0.8159 -0.5479
vn 0.4233 0.0404 -0.9051
vn 0.2240 0.8544 -0.4689
vn 0.5530 0.1186 -0.8247
vn 0.8210 0.1192 -0.5583
vn 0.8227 0.1012 -0.5593
vn 0.3856 0.5067 -0.7711
vn 0.3729 0.6547 -0.6575
vn 0.0092 0.9765 -0.2155
vn 0.3570 0.2212 -0.9075
vn 0.2662 0.7546 -0.5997
vn 0.2557 0.9096 -0.3276
vn 0.7255 0.0126 -0.6881
vn 0.9141 -0.0329 -0.4041
vn 0.9907 0.0138 -0.1352
vn 0.9674 0.1454 -0.2075
vn 0.7835 0.2219 -0.5805
vn 0.8926 0.2148 -0.3965
vn 0.8177 0.2302 -0.5277
vn 0.8777 0.2069 -0.4322
vn 0.9505 0.1756 -0.2565
vn 0.7593 0.2613 -0.5960
vn 0.9741 -0.0880 0.2085
vn 0.9852 0.1515 -0.0800
vn 0.9958 0.0726 0.0555
vn 0.9916 -0.1286 0.0121
vn 0.9702 -0.0462 -0.2377
vn 0.9683 -0.0517 -0.2445
vn 0.7556 0.2748 -0.5946
vn 0.6990 0.1465 -0.7000
vn 0.8984 0.1282 -0.4200
vn 0.8420 0.0198 -0.5390
vn 0.8468 -0.1288 -0.5161
vn 0.9436 -0.2363 -0.2318
vn 0.9983 0.0181 0.0560
vn 0.8378 -0.1766 -0.5167
vn -0.3901 -0.7055 -0.5917
vn -0.4151 -0.7134 -0.5646
vn -0.4416 -0.7022 -0.5585
vn -0.6674 -0.1860 0.7211
vn -0.6272 -0.1689 0.7603
vn -0.5397 -0.1533 0.8278
vn -0.6405 -0.1328 0.7564
vn -0.6015 -0.1683 0.7809
vn -0.6626 -0.2073 0.7197
vn -0.6764 -0.2287 0.7001
vn -0.6747 -0.2148 0.7061
vn -0.6907 -0.1717 0.7024
vn -0.9623 -0.2614 -0.0756
vn -0.6040 -0.2022 0.7709
vn -0.5675 -0.2547 0.7830
vn -0.1295 0.4729 0.8716
vn -0.1416 0.4420 0.8858
vn -0.4949 -0.2617 0.8286
vn -0.5484 -0.2955 0.7823
vn -0.1056 0.4414 0.8911
vn 0.5384 -0.1074 0.8358
vn -0.8780 0.1214 0.4630
vn -0.6459 0.3811 0.6615
vn -0.8731 0.1356 0.4683
vn -0.3087 0.5179 0.7978
vn -0.3424 0.5189 0.7833
vn -0.2483 0.5946 0.7647
vn -0.3266 0.5468 0.7710
vn -0.5076 0.3357 0.7935
vn -0.4277 0.4781 0.7671
vn -0.4699 0.3411 0.8142
vn -0.3675 0.5419 0.7558
vn -0.4333 0.0585 0.8993
vn -0.4608 0.0518 0.8860
vn -0.4937 0.4104 0.7667
vn -0.1028 0.5444 0.8325
vn -0.1419 0.4541 0.8796
vn 0.7736 0.3189 0.5476
vn 0.6304 0.6331 0.4491
vn 0.7776 0.4765 0.4103
vn 0.2538 0.6479 0.7182
vn 0.6778 0.5788 0.4534
vn 0.7742 0.3364 0.5362
vn 0.8360 0.2009 0.5106
vn 0.6621 0.6430 0.3848
vn 0.7748 0.4076 0.4832
vn 0.7088 0.6610 0.2462
vn 0.6333 0.7594 0.1492
vn 0.8745 0.3372 0.3487
vn 0.9970 0.0619 -0.0466
vn 0.6567 0.5671 0.4971
vn 0.2033 -0.0465 -0.9780
vn 0.1569 -0.1076 -0.9817
vn -0.3131 -0.4309 -0.8464
vn 0.5819 0.0945 -0.8078
vn 0.4084 -0.1078 -0.9064
vn 0.8147 0.5706 -0.1030
vn 0.8555 0.3882 -0.3426
vn 0.7379 0.6426 0.2064
vn 0.8430 -0.0258 -0.5373
vn 0.4266 -0.1357 -0.8942
vn 0.3511 0.4231 -0.8353
vn 0.5298 0.0551 -0.8464
vn 0.0485 -0.2949 -0.9543
vn 0.4386 0.2311 -0.8685
vn -0.0186 -0.4835 -0.8752
vn 0.3543 -0.3985 -0.8460
vn 0.4923 0.6168 -0.6141
vn 0.6645 0.2247 -0.7127
vn 0.3637 -0.3511 -0.8628
vn 0.5550 -0.1514 -0.8180
vn 0.6939 -0.0949 -0.7138
vn 0.8596 0.3396 -0.3817
vn 0.7301 0.6805 0.0624
vn 0.4777 0.1551 0.8647
vn 0.4949 0.1605 0.8540
vn -0.2752 -0.6759 0.6837
vn 0.6606 0.2024 0.7229
vn -0.1709 -0.5442 0.8214
vn 0.0865 0.3316 0.9394
vn 0.0218 0.5881 0.8085
vn -0.3753 0.5200 0.7673
vn -0.3017 0.6604 0.6876
vn 0.6007 -0.7629 0.2391
vn 0.8477 -0.0957 0.5218
vn 0.4659 -0.8621 0.1994
vn 0.5956 -0.7815 0.1861
vn 0.7469 0.0917 0.6586
vn 0.7556 0.1642 0.6341
vn -0.3563 -0.3883 0.8499
vn -0.1685 -0.4398 0.8821
vn 0.1246 -0.9731 0.1935
vn 0.1078 -0.0306 0.9937
vn 0.0225 -0.0467 0.9987
vn 0.5911 -0.4234 0.6866
vn 0.2534 0.3110 0.9160
vn 0.3592 0.2547 0.8978
vn 0.2481 0.2990 0.9214
vn -0.0460 -0.1528 0.9872
vn -0.0507 -0.1107 0.9926
vn 0.0435 -0.1619 0.9858
vn 0.9013 -0.1367 0.4111
vn 0.8611 -0.1989 0.4680
vn 0.8809 -0.0725 -0.4677
vn 0.8510 -0.2313 0.4715
vn 0.9308 -0.2856 0.2281
vn 0.8060 -0.2691 0.5271
vn 0.1618 0.3104 0.9367
vn -0.1705 0.1820 0.9684
vn -0.0598 -0.0000 0.9982
vn 0.1900 0.1662 0.9676
vn 0.3716 -0.6664 0.6464
vn 0.3805 -0.6555 0.6524
vn 0.4737 -0.8696 -0.1391
vn 0.3954 -0.8442 -0.3620
vn 0.3151 -0.7762 -0.5461
vn -0.3617 0.8090 0.4633
vn 0.1980 0.6142 0.7639
vn -0.0599 0.8726 0.4848
vn 0.6214 -0.2298 0.7491
vn 0.7337 -0.1738 0.6569
vn 0.4232 -0.8436 -0.3305
vn 0.7078 -0.3395 0.6195
vn 0.7490 -0.1491 0.6455
vn -0.3064 0.8670 0.3929
vn -0.0209 0.8508 0.5251
vn 0.8518 -0.0947 -0.5152
vn 0.3780 0.0129 -0.9257
vn 0.4584 -0.0407 -0.8878
vn 0.3451 -0.0111 -0.9385
vn 0.8406 0.0329 0.5407
vn 0.8533 0.0608 0.5179
vn 0.8134 -0.1380 0.5651
vn 0.2526 0.6108 0.7504
vn -0.2870 0.8882 0.3587
vn -0.1162 0.9361 0.3321
vn -0.0728 0.8990 0.4318
vn 0.4214 0.7509 0.5085
vn 0.8042 -0.3808 0.4564
vn 0.4296 0.6755 0.5993
vn 0.9009 -0.2994 0.3143
vn 0.2518 -0.9373 -0.2409
vn 0.9126 -0.3102 0.2665
vn 0.3614 -0.9240 -0.1247
vn 0.9523 -0.2034 0.2274
vn 0.9721 -0.1574 0.1740
vn 0.7426 -0.6686 0.0383
vn 0.9910 -0.1341 -0.0005
vn 0.3587 -0.9315 -0.0601
vn 0.2632 -0.9641 -0.0340
vn 0.5592 0.7417 0.3703
vn 0.9454 -0.0047 0.3259
vn 0.6143 0.3875 -0.6874
vn 0.6629 0.3464 -0.6637
vn 0.3457 0.3917 -0.8527
vn 0.3531 0.3826 -0.8538
vn 0.7275 -0.2479 -0.6397
vn 0.7789 0.1373 -0.6120
vn 0.8109 0.2617 -0.5235
vn 0.7778 0.3047 -0.5497
vn -0.1210 -0.4034 -0.9070
vn 0.8930 0.1410 -0.4274
vn 0.9214 0.1554 -0.3561
vn 0.8793 0.1478 -0.4527
vn 0.0890 -0.4345 -0.8963
vn 0.8887 0.2328 -0.3949
vn -0.7932 -0.5453 -0.2710
vn 0.9285 0.0947 -0.3592
vn 0.9273 0.0129 -0.3742
vn 0.8218 -0.0299 -0.5689
vn 0.8967 -0.0689 -0.4373
vn 0.5845 -0.7394 -0.3341
vn 0.3142 -0.4883 -0.8142
vn 0.3364 -0.3978 -0.8536
vn 0.1964 -0.4255 -0.8834
vn 0.1174 -0.3834 -0.9161
vn 0.3677 -0.4844 -0.7938
vn 0.3648 -0.4969 -0.7874
vn 0.9670 0.2168 -0.1341
vn 0.9738 0.1871 -0.1294
vn 0.7833 -0.5251 0.3327
vn 0.9680 0.2475 -0.0417
vn 0.9349 0.3470 0.0749
vn 0.9182 0.3691 0.1434
vn 0.8589 0.5083 0.0633
vn 0.8984 0.4324 0.0771
vn 0.9121 0.3889 0.1298
vn 0.8541 0.4521 0.2572
vn -0.6566 0.3963 0.6417
vn -0.6481 0.4082 0.6429
vn -0.9585 0.0739 0.2755
vn -0.2001 -0.6353 0.7459
vn -0.1829 -0.0355 0.9825
vn -0.3794 -0.2228 0.8980
vn -0.3125 -0.2028 0.9280
vn -0.4091 -0.9125 0.0009
vn -0.4157 -0.9095 0.0082
vn -0.3509 -0.2062 0.9134
vn -0.0279 0.5064 0.8618
vn -0.0149 0.6215 0.7832
vn -0.4021 -0.2841 0.8704
vn -0.3821 -0.2779 0.8813
vn -0.3728 -0.2846 0.8832
vn -0.4292 -0.2756 0.8601
vn -0.3884 -0.2946 0.8732
vn -0.3740 -0.2941 0.8796
vn -0.4126 -0.8791 -0.2388
vn -0.4154 -0.8755 -0.2471
vn 0.2923 0.1103 -0.9499
vn 0.3284 0.1188 -0.9370
vn 0.3884 0.1839 -0.9030
vn 0.0258 -0.6793 -0.7334
vn 0.3940 0.2605 -0.8814
vn 0.4226 0.8471 -0.3222
vn 0.3983 0.2291 -0.8882
vn 0.5042 0.2137 -0.8368
vn 0.2395 -0.3305 -0.9129
vn 0.4320 0.2004 -0.8793
vn 0.4632 0.8291 -0.3131
vn 0.4064 0.2665 -0.8740
vn 0.0331 -0.6388 -0.7687
vn 0.3980 0.2875 -0.8712
vn 0.4385 0.2671 -0.8581
vn 0.4275 0.3105 -0.8490
vn 0.0146 -0.6676 -0.7444
vn 0.0299 -0.5882 -0.8082
vn 0.4422 0.2170 -0.8703
vn 0.3767 0.1458 -0.9148
vn 0.4645 0.2232 -0.8570
vn 0.1151 -0.5636 -0.8180
vn 0.0442 -0.6011 -0.7980
vn 0.4641 0.2490 -0.8501
vn 0.1131 -0.5385 -0.8350
vn 0.5213 0.2083 -0.8276
vn 0.5382 0.6981 -0.4722
vn 0.5235 0.6995 -0.4864
vn 0.5253 0.8057 -0.2737
vn 0.3584 0.1271 -0.9249
vn 0.3186 0.1145 -0.9409
vn -0.1663 -0.6510 -0.7407
vn -0.2131 -0.7302 -0.6492
vn -0.1551 -0.6028 -0.7827
vn 0.3280 0.1194 -0.9371
vn -0.3916 -0.8820 -0.2621
vn -0.2169 -0.6641 -0.7155
vn 0.3540 0.1106 -0.9287
vn -0.0575 -0.6199 -0.7826
vn 0.3426 0.1762 -0.9228
vn -0.0595 -0.5473 -0.8348
vn 0.5339 0.7551 -0.3806
vn 0.5429 0.7335 -0.4089
vn -0.0794 -0.5942 -0.8004
vn 0.4103 0.1647 -0.8970
vn 0.4149 0.0903 -0.9054
vn 0.5269 0.2019 -0.8256
vn 0.5591 0.2159 -0.8005
vn 0.5000 0.1214 -0.8575
vn 0.5677 0.5985 -0.5652
vn 0.4985 0.1291 -0.8572
vn 0.6284 0.1992 -0.7520
vn 0.2097 -0.5785 -0.7882
vn 0.0680 -0.6238 -0.7786
vn 0.1596 -0.6056 -0.7796
vn 0.1677 -0.5234 -0.8354
vn 0.5082 0.2386 -0.8275
vn 0.5027 0.2546 -0.8261
vn 0.4566 0.8637 -0.2134
vn 0.4373 0.8573 -0.2716
vn 0.4796 0.2262 -0.8478
vn 0.5254 0.2783 -0.8041
vn 0.5068 0.2496 -0.8251
vn 0.5372 0.2035 -0.8185
vn 0.4793 0.8590 -0.1800
vn 0.5221 0.8154 -0.2500
vn 0.5422 0.2371 -0.8061
vn 0.5003 0.8549 -0.1375
vn 0.6108 0.2265 -0.7587
vn 0.0598 -0.6149 -0.7864
vn -0.4860 -0.8730 -0.0413
vn 0.2746 -0.3702 -0.8874
vn -0.0216 -0.6664 -0.7453
vn -0.0273 -0.6922 -0.7212
vn 0.0115 -0.6401 -0.7682
vn -0.0050 -0.6888 -0.7250
vn -0.0538 -0.6929 -0.7191
vn -0.0173 -0.6884 -0.7251
vn 0.0114 -0.6211 -0.7837
vn -0.0600 -0.6652 -0.7443
vn 0.4209 0.1995 -0.8849
vn 0.4844 0.2073 -0.8499
vn -0.0721 -0.6503 -0.7562
vn -0.0337 -0.6436 -0.7646
vn 0.4772 0.2291 -0.8484
vn -0.0509 -0.6641 -0.7459
vn 0.5248 0.2378 -0.8173
vn 0.4987 0.8665 -0.0235
vn 0.4822 0.8586 -0.1741
vn 0.4950 0.8623 -0.1065
vn 0.4016 0.2230 -0.8882
vn 0.4506 0.2164 -0.8661
vn 0.3817 0.2291 -0.8954
vn 0.5103 0.2332 -0.8278
vn 0.0632 0.6917 0.7194
vn 0.5303 0.2192 -0.8190
vn -0.6059 0.1394 -0.7832
vn -0.6102 0.1401 -0.7798
vn 0.3025 0.1871 -0.9346
vn 0.3093 0.1919 -0.9314
vn -0.6098 0.1178 -0.7838
vn -0.6112 0.1179 -0.7826
vn 0.9795 0.1074 -0.1703
vn 0.2737 0.1978 -0.9412
vn 0.9649 0.1200 -0.2336
vn 0.9615 0.1294 -0.2424
vn 0.9607 0.0879 -0.2632
vn 0.9764 0.1241 -0.1769
vn 0.9778 0.0994 -0.1844
vn 0.4699 0.1842 -0.8633
vn 0.7862 0.1534 -0.5986
vn 0.9651 0.1099 -0.2376
vn 0.9391 0.1509 -0.3087
vn 0.9497 0.1227 -0.2880
vn 0.3265 0.2153 -0.9203
vn -0.7015 0.0140 -0.7125
vn 0.2781 0.1779 -0.9439
vn -0.1622 0.5457 -0.8221
vn -0.1832 0.6427 -0.7439
vn 0.3346 -0.0446 -0.9413
vn -0.0829 0.6535 -0.7524
vn 0.0716 0.1168 -0.9906
vn -0.0739 0.6872 -0.7227
vn 0.3085 0.0343 -0.9506
vn 0.1672 -0.9194 -0.3560
vn 0.3732 0.1113 -0.9211
vn 0.4009 0.0704 -0.9134
vn 0.5916 -0.0067 -0.8062
vn 0.1686 -0.9192 -0.3558
vn 0.1782 -0.9467 -0.2682
vn 0.4138 0.1743 -0.8935
vn 0.3325 -0.9066 -0.2598
vn 0.1266 0.8221 -0.5551
vn -0.1235 0.7467 -0.6536
vn 0.4361 -0.0684 -0.8973
vn 0.7473 -0.6321 -0.2050
vn 0.3279 -0.1962 -0.9241
vn 0.4607 -0.1341 -0.8774
vn 0.4949 -0.3911 -0.7759
vn 0.5915 -0.7814 -0.1989
vn 0.6230 -0.7817 -0.0300
vn 0.6713 -0.1118 -0.7327
vn 0.5671 -0.1533 -0.8092
vn 0.8036 -0.1441 -0.5775
vn 0.5510 -0.2519 -0.7955
vn 0.3981 -0.9014 -0.1703
vn 0.6178 -0.1997 -0.7605
vn 0.5979 -0.2630 -0.7572
vn 0.3995 -0.9031 -0.1579
vn 0.6895 -0.1906 -0.6988
vn 0.4021 0.0947 -0.9107
vn 0.1590 0.6324 -0.7582
vn 0.5345 -0.0250 -0.8448
vn 0.0488 0.6848 -0.7271
vn 0.0739 0.6509 -0.7556
vn 0.0237 0.8388 -0.5440
vn 0.6530 -0.0826 -0.7529
vn 0.3641 0.6735 -0.6434
vn 0.1036 0.9011 -0.4211
vn 0.7434 -0.0659 -0.6656
vn 0.7626 -0.0911 -0.6404
vn 0.8647 -0.1188 -0.4881
vn 0.9031 -0.0703 -0.4236
vn 0.9075 -0.0760 -0.4131
vn 0.6531 0.4902 -0.5771
vn 0.4241 0.7646 -0.4852
vn 0.6699 0.6482 -0.3620
vn 0.8001 0.0312 -0.5991
vn 0.7835 0.1643 -0.5992
vn 0.6392 0.2560 -0.7252
vn 0.5437 -0.8212 -0.1733
vn 0.7544 0.1527 -0.6384
vn 0.8712 -0.0520 -0.4882
vn 0.6033 -0.6956 -0.3901
vn 0.7959 0.2186 -0.5646
vn 0.8335 -0.0798 -0.5467
vn 0.9009 0.1585 -0.4041
vn 0.3378 -0.9203 -0.1972
vn 0.5759 0.1007 -0.8113
vn 0.6397 -0.2192 -0.7367
vn 0.3819 0.5994 -0.7034
vn -0.5139 -0.6753 0.5290
vn -0.4117 -0.9019 -0.1304
vn -0.6453 -0.7453 0.1676
vn -0.3938 -0.9089 -0.1371
vn -0.8620 -0.4586 0.2157
vn -0.9480 0.1696 0.2693
vn -0.8986 0.3148 0.3056
vn -0.6856 -0.2290 0.6910
vn -0.7820 0.1887 0.5940
vn -0.4032 0.7880 -0.4652
vn -0.5921 0.7234 -0.3552
vn -0.8521 0.3737 0.3664
vn -0.8238 0.3579 0.4396
vn -0.7443 0.4392 0.5031
vn -0.8796 -0.0712 0.4703
vn -0.8822 -0.0183 0.4706
vn -0.0130 -0.9999 -0.0051
vn -0.0736 -0.8966 0.4367
vn -0.2059 -0.9181 0.3388
vn -0.2009 -0.9334 -0.2973
vn -0.1109 -0.9258 -0.3615
vn -0.3122 -0.8620 -0.3993
vn -0.2848 -0.9415 -0.1800
vn -0.6387 -0.7544 -0.1513
vn -0.4923 -0.8389 -0.2322
vn -0.0066 -1.0000 0.0074
vn -0.0052 -1.0000 -0.0063
vn -0.0061 -0.9999 -0.0100
vn -0.0146 -0.9997 0.0212
vn -0.3942 -0.8897 0.2303
vn -0.3322 -0.9200 0.2077
vn -0.7331 0.3368 0.5909
vn -0.6932 0.5184 0.5006
vn -0.5223 0.0446 0.8516
vn -0.5377 0.6605 0.5240
vn -0.6906 -0.2988 0.6586
vn -0.7309 -0.3713 0.5727
vn -0.4414 0.6450 0.6238
vn -0.6222 0.3359 0.7071
vn -0.6307 0.1392 0.7634
vn -0.3866 0.7087 0.5902
vn -0.4607 0.6271 0.6281
vn -0.5530 -0.0494 0.8317
vn -0.3735 -0.8140 0.4448
vn -0.3675 -0.8168 0.4447
vn -0.3858 -0.7091 0.5902
vn -0.3112 -0.7000 0.6428
vn -0.2922 0.7765 0.5582
vn -0.3791 0.4875 0.7865
vn -0.2569 -0.0924 0.9620
vn -0.1477 0.8420 0.5189
vn -0.3811 0.0058 0.9245
vn -0.3527 0.9255 -0.1381
vn -0.4679 0.6464 0.6027
vn -0.4908 0.6119 0.6202
vn -0.0314 0.2394 0.9704
vn -0.1851 0.8215 0.5394
vn 0.0116 0.8432 0.5375
vn -0.5091 -0.0839 0.8566
vn -0.2640 -0.7354 0.6241
vn -0.0208 -0.9997 0.0153
vn -0.0223 -0.9997 -0.0039
vn -0.0221 -0.9997 -0.0036
vn -0.2561 -0.9467 -0.1955
vn -0.0516 -0.9928 -0.1081
vn 0.4307 -0.2820 0.8573
vn 0.4562 -0.2649 0.8495
vn 0.4632 -0.2715 0.8436
vn 0.0877 -0.9848 -0.1497
vn 0.2502 -0.9159 0.3138
vn 0.6960 -0.6772 -0.2389
vn 0.5522 -0.1581 0.8186
vn 0.8449 0.0438 -0.5331
vn 0.8836 0.0328 -0.4671
vn 0.8925 -0.0115 -0.4508
vn 0.9109 0.0522 -0.4094
vn 0.4716 -0.8288 -0.3011
vn 0.6154 -0.7170 -0.3275
vn 0.4059 -0.5741 -0.7111
vn 0.3151 -0.5326 -0.7855
vn -0.4366 0.8219 -0.3660
vn -0.0839 -0.0354 -0.9958
vn -0.4659 0.8148 -0.3449
vn -0.8634 0.1119 -0.4919
vn 0.0948 0.5214 -0.8480
vn -0.9055 -0.1362 -0.4020
vn -0.4344 -0.0066 -0.9007
vn 0.2290 -0.0150 -0.9733
vn 0.3021 -0.6136 -0.7296
vn 0.2322 -0.0150 -0.9726
vn -0.2141 0.7760 -0.5933
vn -0.1061 0.2806 -0.9539
vn -0.2329 0.1850 -0.9547
vn -0.2665 0.0683 -0.9614
vn -0.2974 0.0445 -0.9537
vn 0.3305 0.0792 -0.9405
vn 0.5651 0.1521 -0.8109
vn 0.1310 -0.2985 -0.9454
vn -0.2538 0.3633 -0.8964
vn 0.4631 0.8497 -0.2523
vn 0.7777 -0.4884 -0.3958
vn 0.6509 0.6363 -0.4141
vn 0.2478 0.1166 -0.9618
vn 0.0039 0.3127 -0.9498
vn 0.4465 0.1310 -0.8851
vn 0.2928 0.2595 -0.9203
vn 0.3929 0.1205 -0.9116
vn 0.0850 0.7209 -0.6878
vn 0.3552 0.1071 -0.9286
vn 0.1375 -0.2618 -0.9553
vn 0.3295 0.0760 -0.9411
vn 0.3339 0.1037 -0.9369
vn -0.3969 -0.3293 -0.8567
vn 0.5671 0.1481 -0.8102
vn 0.5866 0.1920 -0.7868
vn 0.6473 0.0897 -0.7569
vn 0.3862 0.1418 -0.9115
vn 0.4707 0.6340 -0.6136
vn -0.2995 0.3712 -0.8789
vn -0.0482 0.3733 -0.9265
vn 0.7603 0.6496 0.0064
vn 0.7547 0.6561 0.0068
vn 0.7762 0.6278 -0.0580
vn 0.6035 0.1259 0.7873
vn 0.6991 0.1536 0.6984
vn 0.7757 0.1873 0.6026
vn 0.9005 -0.0473 0.4324
vn 0.8945 0.0174 0.4467
vn 0.8986 -0.0502 0.4358
vn 0.8775 -0.0847 -0.4721
vn 0.8939 0.0065 -0.4483
vn 0.8817 -0.0501 0.4692
vn 0.2887 -0.0139 -0.9573
vn 0.8510 -0.0223 -0.5246
vn 0.8811 0.0439 0.4710
vn 0.8072 0.0862 0.5839
vn 0.8722 0.0832 0.4820
vn 0.7275 0.6380 -0.2525
vn 0.7471 0.6101 -0.2639
vn 0.7273 0.6339 -0.2628
vn -0.1341 0.7179 -0.6831
vn 0.9759 0.1974 0.0933
vn 0.8017 0.4867 0.3470
vn 0.8016 0.5261 0.2841
vn 0.0066 0.6871 -0.7265
vn -0.0020 0.5730 -0.8196
vn 0.7416 0.6181 -0.2606
vn -0.0131 0.5755 -0.8177
vn 0.8363 0.4250 0.3463
vn 0.8204 0.4468 0.3568
vn 0.8195 0.4475 0.3581
vn 0.5623 0.8006 -0.2069
vn 0.5349 0.8174 -0.2139
vn 0.8528 0.4166 0.3148
vn 0.7426 0.6451 -0.1802
vn -0.0155 0.5774 -0.8163
vn 0.6851 0.5753 0.4468
vn 0.7049 0.7020 0.1016
vn 0.8400 0.3547 0.4107
vn 0.6618 0.5853 0.4685
vn 0.3030 0.9318 -0.1997
vn 0.3315 0.8996 -0.2843
vn 0.3602 0.9019 -0.2382
vn 0.5238 0.8268 -0.2049
vn 0.8168 0.3597 0.4512
vn 0.5251 0.8213 -0.2228
vn 0.3070 0.1818 -0.9342
vn -0.6600 -0.2727 0.7001
vn 0.2487 -0.2957 0.9223
vn 0.4279 -0.2786 0.8598
vn 0.0553 0.1298 0.9900
vn 0.1806 0.0438 0.9826
vn 0.6240 -0.5942 0.5076
vn 0.6283 -0.5835 0.5145
vn 0.6234 -0.5508 0.5550
vn 0.7462 -0.3504 0.5661
vn 0.4523 -0.8516 -0.2650
vn 0.6233 -0.7819 -0.0082
vn 0.4380 -0.0239 -0.8987
vn 0.4735 -0.0363 -0.8800
vn 0.3894 0.0486 -0.9198
vn 0.8367 -0.0791 -0.5418
vn 0.8631 0.0158 0.5047
vn 0.4229 0.0014 -0.9062
vn 0.9142 -0.0022 0.4052
vn 0.8672 -0.0065 -0.4980
vn 0.1884 0.1031 -0.9767
vn 0.8294 -0.0860 0.5520
vn 0.8114 0.0317 0.5836
vn -0.1235 0.6612 -0.7400
vn -0.1071 0.7213 -0.6843
vn -0.0302 0.7434 -0.6682
vn -0.1299 0.7285 -0.6727
vn 0.8766 -0.2112 0.4324
vn 0.8677 -0.2590 0.4242
vn 0.9234 0.1093 0.3679
vn 0.8930 0.2418 0.3796
vn 0.9474 -0.0640 0.3135
vn 0.9763 -0.1103 0.1861
vn 0.8796 -0.0067 0.4757
vn 0.3786 -0.9087 0.1757
vn 0.3160 -0.9395 0.1322
vn 0.4536 -0.8747 0.1709
vn 0.4841 -0.8435 0.2326
vn 0.9108 0.0504 0.4097
vn 0.6107 -0.7739 0.1679
vn 0.9479 -0.2544 0.1916
vn 0.9705 -0.0250 0.2397
vn 0.0386 0.9630 0.2667
vn 0.3728 -0.9279 -0.0027
vn 0.9456 -0.1825 -0.2693
vn 0.9140 -0.2227 -0.3391
vn 0.7790 -0.2583 -0.5714
vn 0.7496 -0.2744 -0.6023
vn 0.9620 -0.1208 -0.2449
vn 0.9389 -0.1409 -0.3140
vn 0.4790 -0.8778 0.0060
vn 0.8759 -0.1019 -0.4716
vn -0.1160 0.4652 0.8776
vn 0.0479 -0.5762 0.8159
vn 0.1299 -0.7416 0.6582
vn -0.1823 0.6706 0.7191
vn 0.0932 -0.7853 0.6121
vn 0.2811 -0.7391 0.6122
vn -0.0161 0.5896 0.8075
vn 0.6442 0.4952 0.5829
vn 0.6844 0.5148 0.5163
vn 0.7490 0.5106 0.4222
vn 0.9709 0.1125 -0.2114
vn 0.9814 0.1662 -0.0964
vn 0.8533 0.4438 0.2736
vn 0.9668 0.1371 -0.2156
vn 0.5042 -0.5796 0.6402
vn 0.9026 0.3000 0.3088
vn 0.8404 0.4469 0.3066
vn 0.8998 0.3967 0.1817
vn 0.5002 -0.6055 0.6190
vn 0.6363 -0.4390 0.6344
vn 0.7435 -0.3570 0.5655
vn 0.9203 0.3899 -0.0312
vn 0.3940 -0.7088 0.5852
vn 0.9740 0.1104 -0.1978
vn 0.9739 0.0931 -0.2072
vn 0.4192 0.1890 -0.8880
vn 0.4899 0.2095 -0.8462
vn 0.4574 0.2027 -0.8659
vn 0.4687 0.2110 -0.8578
vn 0.4100 0.1846 -0.8932
vn 0.9782 0.1008 -0.1815
vn 0.5224 0.1884 -0.8317
vn 0.5320 0.2089 -0.8206
vn 0.5324 0.1892 -0.8251
vn 0.5957 0.1749 -0.7839
vn 0.5926 0.2111 -0.7774
vn 0.6892 0.1769 -0.7026
vn 0.7068 0.1707 -0.6865
vn 0.1731 -0.2545 -0.9515
vn -0.6034 -0.5579 -0.5698
vn -0.6533 -0.5458 -0.5248
vn -0.2932 -0.4749 -0.8298
vn -0.6016 -0.4972 -0.6251
vn -0.2615 -0.4067 -0.8753
vn -0.4487 -0.6156 -0.6478
vn -0.4992 -0.4959 -0.7105
vn -0.5341 -0.5476 -0.6441
vn -0.2171 -0.4225 -0.8800
vn -0.2314 -0.4634 -0.8554
vn -0.3272 -0.4920 -0.8068
vn 0.6394 0.2060 -0.7408
vn 0.6924 0.1999 -0.6932
vn 0.6785 0.2261 -0.6989
vn 0.6933 0.1783 -0.6982
vn 0.6404 0.1952 -0.7428
vn 0.6138 0.5968 0.5168
vn 0.8403 0.4118 -0.3526
vn 0.8449 0.3501 -0.4044
vn 0.8275 0.3509 -0.4382
vn 0.1396 -0.3720 -0.9177
vn 0.6026 0.2064 -0.7709
vn -0.3350 -0.4368 -0.8348
vn -0.3386 -0.4497 -0.8265
vn 0.3078 0.1794 -0.9344
vn 0.3169 0.1754 -0.9321
vn 0.5423 0.1789 -0.8209
vn 0.9881 0.0745 -0.1346
vn 0.9787 0.1030 -0.1777
vn 0.9799 0.0598 -0.1901
vn 0.5299 0.1744 -0.8300
vn 0.9806 0.1030 -0.1670
vn 0.9804 0.1023 -0.1683
vn 0.9739 0.1195 -0.1928
vn 0.4560 0.1742 -0.8727
vn 0.4228 0.1986 -0.8842
vn 0.5690 0.1887 -0.8004
vn 0.7630 0.1501 -0.6288
vn 0.8121 0.1770 -0.5560
vn 0.7195 0.2112 -0.6616
vn 0.6739 0.1940 -0.7129
vn 0.6535 0.2259 -0.7224
vn 0.1531 -0.4068 -0.9006
vn 0.4882 -0.1361 -0.8621
vn -0.5304 -0.6368 -0.5596
vn -0.5532 -0.5838 -0.5943
vn 0.1710 -0.4837 -0.8584
vn -0.3717 -0.7057 -0.6032
vn -0.4057 -0.7794 -0.4774
vn 0.0987 -0.5035 -0.8583
vn 0.0622 -0.4459 -0.8929
vn -0.5377 -0.6483 -0.5391
vn 0.0377 -0.4421 -0.8962
vn -0.5484 -0.6299 -0.5500
vn 0.6375 0.0556 -0.7684
vn -0.5242 -0.6362 -0.5661
vn 0.3752 -0.0981 -0.9217
vn -0.5191 -0.5775 -0.6301
vn -0.5374 -0.5997 -0.5929
vn 0.8258 0.5612 -0.0556
vn 0.6188 0.5958 0.5120
vn 0.6195 0.6457 0.4464
vn 0.5677 0.6764 0.4693
vn 0.5118 -0.2931 -0.8075
vn 0.5048 -0.3993 -0.7654
vn 0.7992 0.2061 -0.5646
vn 0.8415 0.2092 -0.4981
vn 0.7692 0.1850 -0.6117
vn -0.2031 -0.4429 -0.8733
vn -0.0377 -0.4538 -0.8903
vn -0.0856 -0.4158 -0.9054
vn 0.0140 -0.4172 -0.9087
vn 0.7529 0.2303 -0.6165
vn 0.5572 0.6534 0.5125
vn 0.5045 0.6870 0.5230
vn 0.7618 0.2256 -0.6073
vn 0.8124 0.2294 -0.5361
vn 0.8423 0.2964 -0.4502
vn 0.8050 0.4078 -0.4309
vn 0.8523 0.3231 -0.4112
vn 0.8619 0.2927 -0.4140
vn 0.6292 -0.3425 -0.6977
vn 0.7898 0.2225 -0.5716
vn 0.2356 -0.0095 -0.9718
vn -0.0048 -0.0183 -0.9998
vn 0.6106 0.5992 0.5178
vn 0.7348 0.3214 -0.5973
vn 0.8130 0.2657 -0.5182
vn 0.7463 0.1761 0.6419
vn 0.9444 0.1469 0.2943
vn 0.8016 0.5881 -0.1080
vn 0.8420 0.2760 -0.4636
vn 0.8456 0.2688 -0.4612
vn 0.8857 0.2945 -0.3590
vn 0.8978 0.2801 -0.3398
vn 0.8767 0.0393 -0.4794
vn 0.8939 0.2004 -0.4010
vn 0.8478 0.2308 -0.4774
vn 0.9355 -0.2332 -0.2655
vn 0.6356 0.7249 0.2656
vn 0.1986 0.2486 -0.9480
vn 0.4405 0.1425 -0.8864
vn 0.6119 0.0904 -0.7857
vn 0.5591 -0.2760 0.7818
vn 0.6143 -0.3056 0.7275
vn 0.5952 -0.4227 0.6834
vn 0.4497 -0.5042 0.7373
vn 0.7722 0.4143 0.4817
vn 0.0476 0.5638 -0.8245
vn 0.7274 0.6802 -0.0907
vn 0.6059 0.1176 0.7868
vn 0.7141 0.1226 0.6893
vn 0.0688 0.5029 -0.8616
vn 0.7246 0.6681 -0.1694
vn -0.0159 0.5687 -0.8224
vn 0.0611 -0.2171 0.9742
vn 0.0762 -0.1981 0.9772
vn -0.0409 -0.1520 0.9875
vn -0.4306 0.1918 0.8819
vn -0.3102 -0.2013 0.9291
vn -0.4728 -0.1113 0.8741
vn -0.3312 0.0012 0.9436
vn -0.6526 0.2148 0.7266
vn -0.4942 -0.1047 0.8630
vn -0.1994 0.0029 0.9799
vn -0.2036 -0.0944 0.9745
vn -0.3320 -0.0651 0.9410
vn 0.2849 -0.7946 0.5362
vn 0.1163 -0.6905 0.7139
vn -0.2475 -0.2380 0.9392
vn -0.4728 -0.1041 0.8750
vn -0.5433 -0.1354 0.8285
vn -0.0403 -0.1083 0.9933
vn -0.1538 -0.1369 0.9786
vn -0.3867 -0.0698 0.9195
vn 0.2776 -0.7721 0.5717
vn -0.0796 -0.5485 0.8324
vn -0.3711 -0.1599 0.9147
vn 0.1554 -0.7105 0.6863
vn 0.1886 -0.6702 0.7178
vn 0.1949 -0.7993 0.5685
vn 0.4308 -0.7675 -0.4747
vn 0.4261 -0.8975 -0.1138
vn 0.3947 -0.7379 -0.5475
vn 0.4173 -0.8922 -0.1727
vn 0.3897 -0.8876 -0.2455
vn 0.4943 -0.8520 -0.1725
vn 0.5410 -0.8330 -0.1154
vn 0.5349 -0.8339 -0.1358
vn 0.5152 -0.6784 -0.5238
vn 0.5353 -0.6363 -0.5556
vn 0.5679 -0.8138 -0.1234
vn 0.4172 -0.9013 -0.1168
vn 0.4440 -0.2465 -0.8615
vn 0.4706 -0.2763 -0.8380
vn 0.5637 -0.5641 -0.6034
vn 0.5348 -0.6365 -0.5558
vn 0.3730 -0.8697 0.3231
vn 0.3378 -0.8957 0.2892
vn 0.5783 -0.7943 -0.1862
vn 0.5616 -0.8150 -0.1429
vn 0.6072 -0.7848 -0.1243
vn 0.4007 -0.2312 0.8865
vn -0.0785 -0.9946 -0.0680
vn -0.8042 -0.1437 -0.5767
vn 0.8901 0.1260 -0.4379
vn 0.1155 0.0213 -0.9931
vn 0.2222 0.0129 -0.9749
vn -0.5005 -0.1720 -0.8485
vn -0.2579 0.9350 -0.2434
vn -0.2883 0.6338 0.7178
vn -0.3908 0.0062 0.9204
vn -0.1499 0.9409 0.3036
vn 0.0545 -0.0726 0.9959
vn 0.1192 0.8650 0.4874
vn -0.2904 0.8982 -0.3299
vn -0.3838 0.6885 0.6154
vn -0.0637 0.8107 -0.5819
vn -0.2007 0.9776 0.0640
vn -0.2354 0.3691 0.8991
vn 0.6783 0.2432 0.6934
vn 0.5787 0.7006 0.4175
vn 0.1031 0.8610 -0.4980
vn 0.1081 0.8720 -0.4774
vn 0.5836 -0.2983 0.7553
vn -0.3596 0.6764 0.6428
vn -0.1368 -0.3687 0.9194
vn 0.4495 0.8136 0.3689
vn 0.1243 0.6046 0.7867
vn 0.3943 0.8401 0.3724
vn 0.5772 -0.2349 0.7821
vn 0.6327 0.6376 0.4395
vn 0.6572 0.6540 0.3748
vn 0.6768 0.6494 0.3465
vn -0.2444 0.4462 0.8609
vn 0.6548 0.5550 0.5130
vn 0.7244 0.0083 0.6894
vn 0.6245 0.7222 0.2974
vn 0.0296 0.9140 -0.4046
vn 0.4390 0.4638 0.7695
vn 0.4733 0.0896 0.8764
vn -0.2657 0.5074 0.8198
vn -0.3094 -0.0077 0.9509
vn 0.0178 -0.9789 0.2037
vn 0.0342 -0.3833 0.9230
vn -0.0130 -0.1762 0.9843
vn 0.5492 -0.6732 0.4951
vn 0.2827 -0.9466 -0.1550
vn 0.2197 -0.9737 0.0595
vn -0.0989 -0.9613 -0.2572
vn 0.0132 -0.9765 -0.2151
vn 0.1217 -0.9813 -0.1493
vn 0.2644 -0.1752 0.9484
vn 0.2895 -0.9119 -0.2908
vn 0.2320 -0.9566 -0.1762
vn 0.8078 -0.4442 -0.3875
vn 0.8961 0.0417 -0.4419
vn 0.9171 0.0307 -0.3975
vn 0.5408 -0.8015 -0.2552
vn 0.8057 -0.4379 -0.3989
vn 0.6445 -0.7101 -0.2835
vn 0.5489 -0.7879 -0.2793
vn 0.7788 -0.4773 -0.4071
vn 0.4899 0.2547 0.8337
vn 0.4091 -0.3456 0.8445
vn 0.6414 0.4407 0.6280
vn 0.7295 0.4265 0.5347
vn 0.5871 -0.4286 0.6868
vn 0.0342 -0.8511 0.5240
vn 0.5890 -0.4268 0.6862
vn 0.6175 -0.4147 0.6684
vn 0.7303 0.4773 0.4887
vn 0.6234 -0.3207 0.7132
vn 0.4765 -0.4358 0.7635
vn 0.4747 -0.4332 0.7661
vn 0.4474 -0.2967 0.8437
vn 0.3576 -0.3883 0.8493
vn -0.3713 -0.2524 0.8935
vn -0.5801 -0.0831 0.8103
vn -0.9257 -0.0430 -0.3758
vn -0.9785 -0.1170 -0.1700
vn 0.4848 -0.4263 0.7637
vn 0.6674 -0.4001 0.6281
vn 0.6949 -0.3666 0.6187
vn 0.6173 -0.3971 0.6792
vn 0.6739 -0.3715 0.6387
vn 0.6918 -0.2790 0.6661
vn 0.4773 -0.3969 0.7840
vn 0.4774 -0.3971 0.7839
vn 0.4900 -0.2585 0.8325
vn 0.8148 -0.0568 0.5770
vn 0.7685 -0.0542 0.6376
vn 0.7722 -0.0591 0.6327
vn 0.6369 -0.4139 0.6505
vn 0.7931 -0.2329 0.5628
vn 0.6522 -0.4481 0.6115
vn 0.6755 -0.4333 0.5966
vn 0.8158 -0.3435 0.4652
vn 0.7374 -0.3463 0.5800
vn 0.4436 -0.2025 -0.8731
vn -0.9434 -0.1235 -0.3078
vn -0.0289 -0.7611 0.6480
vn -0.8368 -0.1132 -0.5357
vn -0.7381 -0.3351 -0.5856
vn 0.1127 -0.0331 -0.9931
vn 0.2028 0.0421 -0.9783
vn -0.7523 -0.1070 -0.6501
vn 0.3219 -0.1703 -0.9313
vn -0.1074 -0.7716 -0.6270
vn -0.5696 -0.5039 -0.6493
vn 0.8287 -0.3507 0.4361
vn 0.8059 -0.4115 0.4257
vn 0.8450 -0.3773 0.3791
vn 0.8214 -0.4354 0.3685
vn 0.9742 -0.2106 -0.0810
vn 0.9327 -0.3519 -0.0793
vn -0.5910 -0.7926 -0.1498
vn -0.9823 -0.1828 -0.0414
vn 0.3088 -0.9511 0.0087
vn 0.9612 -0.2314 -0.1500
vn 0.9678 -0.2405 -0.0740
vn 0.9291 -0.3428 0.1390
vn 0.9583 -0.2651 -0.1068
vn 0.8666 -0.2653 -0.4226
vn 0.8636 -0.1921 -0.4661
vn 0.7740 -0.1815 -0.6066
vn -0.3826 -0.7512 -0.5379
vn -0.3942 -0.7656 -0.5083
vn -0.3835 -0.7656 -0.5164
vn -0.5314 -0.8203 0.2113
vn -0.2719 -0.7906 -0.5487
vn -0.3948 -0.7937 -0.4628
vn -0.9783 -0.2036 0.0395
vn -0.9780 -0.1862 0.0944
vn -0.9725 -0.2143 0.0907
vn -0.6748 -0.1774 0.7163
vn -0.6586 -0.1888 0.7284
vn -0.9690 -0.2246 0.1025
vn -0.9822 -0.1876 0.0131
vn -0.9820 -0.1812 0.0527
vn 0.1938 -0.8858 -0.4216
vn -0.1117 -0.9147 -0.3884
vn -0.3318 -0.8607 0.3861
vn -0.0747 -0.2772 0.9579
vn -0.4490 -0.4492 0.7725
vn 0.0095 -0.3630 0.9317
vn -0.0736 -0.2707 0.9598
vn -0.9837 -0.1676 0.0651
vn -0.7433 -0.3604 0.5636
vn 0.1381 0.0732 -0.9877
vn -0.6862 -0.1465 0.7125
vn -0.9732 -0.1777 0.1460
vn -0.8321 -0.0986 -0.5457
vn -0.8098 -0.1124 -0.5759
vn -0.7303 -0.1168 0.6730
vn -0.9779 -0.1702 -0.1211
vn -0.9010 -0.0949 -0.4233
vn 0.1899 0.0526 -0.9804
vn 0.1801 0.0464 -0.9826
vn -0.8322 -0.0995 -0.5455
vn -0.8273 -0.0888 -0.5547
vn -0.9864 -0.1500 -0.0664
vn -0.7433 -0.1334 0.6555
vn 0.4299 0.1857 -0.8836
vn 0.4280 0.1832 -0.8850
vn 0.6967 0.2104 -0.6858
vn 0.5501 0.2369 -0.8008
vn 0.6887 0.2287 -0.6881
vn 0.8795 0.1869 -0.4377
vn 0.3749 -0.5064 -0.7766
vn -0.4564 -0.7040 -0.5442
vn 0.1865 -0.5035 -0.8436
vn 0.2581 -0.5182 -0.8154
vn 0.2483 -0.5523 -0.7958
vn 0.2052 -0.6467 -0.7346
vn 0.9154 0.1907 -0.3546
vn 0.9175 0.1898 -0.3496
vn 0.9596 0.1992 -0.1985
vn -0.3035 -0.6979 -0.6487
vn -0.3478 -0.7569 -0.5532
vn 0.2985 -0.5208 -0.7998
vn -0.2976 -0.7327 -0.6120
vn -0.2520 -0.7830 -0.5687
vn -0.3112 -0.7482 -0.5859
vn 0.1809 -0.6047 -0.7757
vn -0.3083 -0.7389 -0.5992
vn 0.2952 -0.5431 -0.7860
vn -0.2791 -0.7518 -0.5974
vn -0.3197 -0.7234 -0.6120
vn 0.4166 -0.5471 -0.7260
vn 0.2791 -0.7059 -0.6510
vn -0.2793 -0.7508 -0.5986
vn 0.1850 -0.6355 -0.7496
vn 0.9602 0.1996 -0.1952
vn 0.0868 -0.6498 -0.7552
vn 0.9646 0.0842 -0.2499
vn 0.3316 -0.4901 -0.8061
vn -0.3106 -0.7073 -0.6350
vn 0.2727 -0.5556 -0.7854
vn 0.2726 -0.5755 -0.7710
vn 0.2717 -0.5396 -0.7969
vn 0.8476 0.1964 -0.4929
vn 0.8397 0.2114 -0.5001
vn 0.8259 0.2141 -0.5217
vn 0.4723 0.7966 0.3774
vn 0.8596 -0.1126 -0.4983
vn 0.4594 0.8865 0.0556
vn 1.0000 0.0029 -0.0053
vn 0.9304 -0.0354 -0.3647
vn 0.6097 0.7408 -0.2818
vn 0.9520 -0.2882 0.1033
vn 0.9102 0.1995 0.3629
vn 0.8503 0.2458 0.4653
vn 0.9078 0.2040 0.3665
vn 0.8160 0.2303 0.5302
vn 0.5208 -0.4832 0.7038
vn 0.8243 0.0215 0.5658
vn 0.8303 0.0098 0.5572
vn 0.7619 0.6452 -0.0564
vn 0.9401 0.0684 0.3340
vn 0.9606 0.0282 0.2763
vn 0.4818 -0.5558 0.6775
vn 0.8784 0.0176 0.4776
vn 0.6545 0.7480 0.1098
vn 0.6501 0.7583 0.0486
vn 0.8661 0.1854 0.4643
vn 0.7383 0.6728 0.0474
vn 0.7322 0.6787 -0.0566
vn 0.9899 -0.0405 0.1357
vn 0.9691 -0.0765 -0.2344
vn 0.9782 -0.0877 -0.1884
vn 0.4001 0.7047 -0.5860
vn 0.9751 -0.0148 0.2212
vn 0.9974 0.0450 -0.0557
vn 0.8167 -0.4953 0.2960
vn 0.6750 -0.5319 0.5114
vn 0.9727 0.0739 0.2199
vn 0.6353 -0.5980 0.4887
vn 0.9785 -0.0061 0.2063
vn 0.9726 0.0838 0.2170
vn 0.6342 0.7359 -0.2369
vn 0.9705 0.2097 0.1190
vn 0.6812 0.6809 -0.2691
vn 0.5659 0.7715 -0.2909
vn 0.5373 0.2980 -0.7890
vn 0.9842 0.0953 -0.1491
vn 0.9796 0.0820 -0.1837
vn 0.4282 0.1849 -0.8846
vn 0.5868 0.2211 -0.7790
vn 0.5101 0.8533 -0.1079
vn 0.5039 0.8581 -0.0985
vn 0.5231 0.8517 -0.0313
vn 0.5366 0.2089 -0.8176
vn 0.4949 0.8688 -0.0182
vn 0.4884 0.8719 -0.0362
vn 0.5589 0.2704 -0.7839
vn 0.5553 0.2729 -0.7856
vn 0.5896 0.2275 -0.7750
vn 0.6936 0.2413 -0.6787
vn 0.6693 0.2683 -0.6928
vn 0.7869 0.2520 -0.5633
vn 0.8050 0.2194 -0.5512
vn 0.7078 0.2168 -0.6723
vn 0.7858 0.2356 -0.5719
vn 0.9706 0.2283 -0.0757
vn 0.8086 0.2257 -0.5433
vn 0.6119 -0.0036 0.7910
vn 0.6421 -0.0953 0.7606
vn 0.6957 -0.1769 0.6962
vn 0.6281 -0.3376 0.7011
vn 0.5593 0.8056 -0.1956
vn 0.7766 -0.2534 0.5768
vn 0.9289 0.0377 0.3684
vn 0.7431 -0.2006 0.6384
vn 0.9290 -0.3487 0.1243
vn 0.9049 -0.3876 0.1760
vn 0.8965 -0.1071 0.4298
vn 0.9577 -0.2432 0.1538
vn 0.9767 -0.2087 -0.0501
vn 0.9216 -0.2422 -0.3033
vn 0.9218 -0.2596 -0.2878
vn 0.9393 -0.3429 0.0126
vn 0.9521 -0.2883 -0.1019
vn 0.5923 0.2496 -0.7661
vn 0.6013 0.6078 -0.5186
vn 0.5622 0.7429 -0.3634
vn 0.6567 0.2899 -0.6962
vn 0.4097 -0.1662 -0.8969
vn 0.6889 -0.2242 -0.6893
vn 0.8667 -0.1271 -0.4824
vn -0.1438 -0.2504 0.9574
vn -0.1399 -0.2490 0.9583
vn -0.3696 -0.2614 0.8917
vn -0.4594 -0.1859 0.8685
vn -0.6938 0.0509 0.7183
vn -0.5618 -0.0292 0.8268
vn -0.4156 -0.1004 0.9040
vn -0.3974 -0.1312 0.9082
vn -0.4033 -0.1301 0.9058
vn -0.3457 -0.1740 0.9221
vn -0.3346 -0.2015 0.9205
vn -0.3250 0.2169 0.9205
vn -0.1452 0.4146 0.8984
vn -0.4005 -0.0244 0.9160
vn -0.4371 -0.0440 0.8983
vn -0.4715 -0.0523 0.8803
vn -0.3535 0.4497 0.8202
vn -0.3202 0.4946 0.8080
vn -0.3609 -0.0958 0.9277
vn -0.4791 0.0270 0.8773
vn -0.0852 -0.5100 0.8559
vn 0.6469 -0.5238 -0.5541
vn 0.6247 -0.7569 -0.1919
vn 0.6590 -0.5380 -0.5256
vn 0.5304 -0.2767 -0.8013
vn 0.3001 -0.0530 -0.9524
vn 0.3078 0.0154 -0.9513
vn 0.1528 -0.1159 -0.9814
vn -0.2558 0.1466 -0.9556
vn 0.3745 0.4982 -0.7820
vn 0.7486 -0.2415 -0.6175
vn 0.7625 -0.2482 -0.5975
vn 0.3382 0.4624 -0.8196
vn 0.1258 0.5272 -0.8404
vn 0.3160 0.4008 -0.8599
vn 0.3749 0.1070 -0.9209
vn -0.0376 0.8671 -0.4968
vn -0.0530 0.8041 -0.5921
vn 0.3713 0.1184 -0.9209
vn 0.3668 0.1167 -0.9230
vn 0.6042 -0.7846 -0.1388
vn 0.6205 -0.7803 -0.0778
vn 0.1536 -0.6953 0.7021
vn 0.2496 -0.7051 0.6638
vn 0.6044 -0.7873 -0.1221
vn 0.2434 -0.7158 0.6545
vn 0.0116 -0.5474 0.8368
vn 0.2957 -0.7633 0.5744
vn 0.2170 -0.6541 0.7246
vn 0.6673 -0.6369 -0.3860
vn 0.7566 -0.6268 -0.1862
vn 0.6946 -0.5661 -0.4440
vn 0.3065 -0.7155 0.6278
vn 0.3106 -0.7314 0.6071
vn -0.0458 -0.4555 0.8890
vn -0.1090 -0.4604 0.8810
vn 0.2116 -0.6610 0.7199
vn 0.2755 -0.7404 0.6131
vn 0.2641 -0.8286 0.4937
vn 0.7100 -0.6792 -0.1860
vn 0.2110 -0.6491 0.7309
vn -0.4218 -0.0945 0.9017
vn -0.1784 -0.2771 0.9441
vn -0.7647 -0.4463 0.4648
vn -0.5166 -0.8087 0.2811
vn -0.5017 -0.7940 0.3432
vn -0.2157 -0.9701 -0.1108
vn -0.3215 -0.9019 -0.2883
vn -0.0462 -0.8315 -0.5536
vn 0.6309 -0.6572 -0.4124
vn 0.6057 -0.7775 -0.1694
vn -0.1966 -0.8550 0.4799
vn -0.5540 -0.4720 0.6858
vn 0.2914 -0.5745 0.7649
vn 0.1027 -0.3711 0.9229
vn -0.3314 0.0616 0.9415
vn -0.3219 0.2378 0.9164
vn -0.5490 0.4485 0.7053
vn 0.4169 -0.1020 0.9032
vn -0.5532 -0.3701 0.7463
vn 0.3292 -0.5572 0.7623
vn 0.2043 -0.7096 0.6743
vn -0.4751 -0.3656 0.8004
vn -0.4788 -0.2428 0.8437
vn -0.4896 -0.2522 0.8347
vn -0.4776 -0.1926 0.8572
vn -0.6077 0.0305 0.7935
vn -0.5383 -0.0487 0.8414
vn -0.4779 -0.2482 0.8426
vn -0.8878 0.0531 0.4571
vn -0.8204 -0.0827 0.5657
vn -0.4672 -0.2735 0.8408
vn -0.4683 -0.2730 0.8404
vn -0.3812 -0.2670 0.8851
vn -0.5031 -0.2986 0.8110
vn -0.7087 -0.3384 0.6191
vn -0.7165 -0.3333 0.6128
vn -0.7263 -0.3502 0.5915
vn -0.5386 -0.3124 0.7825
vn -0.4637 -0.2823 0.8398
vn -0.3033 -0.2693 0.9140
vn -0.7967 -0.2810 0.5350
vn -0.4940 -0.3441 0.7985
vn -0.7790 -0.2164 0.5885
vn -0.8717 -0.3224 0.3691
vn -0.7698 -0.0085 0.6382
vn -0.5175 -0.2111 0.8293
vn -0.7543 -0.2278 0.6158
vn -0.4668 -0.2312 0.8536
vn -0.4697 -0.1307 0.8731
vn -0.4711 -0.1299 0.8725
vn 0.1096 -0.6372 0.7628
vn -0.2523 -0.6344 0.7307
vn 0.6955 -0.7139 -0.0820
vn 0.5946 -0.7886 -0.1567
vn 0.4823 -0.7737 -0.4108
vn 0.7232 -0.6612 -0.1995
vn -0.0718 -0.3392 -0.9380
vn 0.5648 -0.7424 -0.3603
vn 0.3999 0.1258 -0.9079
vn 0.5784 -0.1766 -0.7964
vn 0.6858 -0.4807 -0.5464
vn 0.6694 -0.7386 -0.0793
vn 0.7413 -0.5395 -0.3992
vn 0.6386 -0.7673 -0.0587
vn 0.6849 -0.5025 -0.5277
vn 0.6829 -0.4999 -0.5326
vn 0.3836 0.1123 -0.9166
vn 0.6841 -0.5114 -0.5201
vn 0.6502 -0.7515 -0.1120
vn 0.6222 -0.7776 -0.0905
vn 0.6747 -0.5224 -0.5215
vn 0.5315 -0.2449 -0.8109
vn 0.4205 0.2003 -0.8849
vn 0.4136 0.2080 -0.8864
vn 0.9820 0.1076 -0.1555
vn 0.7532 0.1604 -0.6379
vn 0.8446 0.2236 -0.4864
vn 0.6511 0.5646 -0.5073
vn 0.7038 0.2583 -0.6618
vn 0.4353 0.3563 -0.8268
vn 0.1438 0.9473 -0.2862
vn 0.1393 0.9550 -0.2620
vn 0.6552 0.4594 -0.5997
vn 0.2601 0.9083 -0.3276
vn 0.2307 0.9280 -0.2925
vn 0.9769 0.0176 -0.2132
vn 0.9730 -0.0124 -0.2303
vn 0.9976 -0.0626 -0.0290
vn 0.9977 -0.0590 -0.0326
vn 0.2543 0.9444 -0.2084
vn 0.2536 0.9329 -0.2559
vn 0.3213 0.9166 -0.2378
vn 0.8022 0.5585 -0.2109
vn 0.4754 0.8640 -0.1659
vn 0.5541 0.8220 -0.1313
vn 0.9800 -0.0460 0.1938
vn 0.1831 0.9272 -0.3266
vn 0.3761 0.9034 -0.2057
vn 0.8895 0.4550 0.0425
vn 0.4014 0.8888 -0.2211
vn 0.9814 -0.0629 0.1815
vn 0.9253 -0.0809 0.3704
vn 0.3992 0.8883 -0.2271
vn 0.4186 0.8784 -0.2307
vn 0.8679 0.4730 0.1517
vn 0.7633 0.6427 0.0662
vn 0.8809 0.4275 0.2031
vn 0.6856 0.7262 0.0512
vn 0.9179 0.3936 0.0512
vn 0.7610 0.5352 -0.3666
vn 0.6553 0.7498 -0.0917
vn 0.5326 0.8410 -0.0956
vn 0.9528 0.0704 0.2955
vn 0.9935 0.0475 0.1033
vn 0.9943 0.0289 0.1027
vn 0.9805 0.1769 -0.0855
vn 0.9625 -0.2224 0.1552
vn 0.9987 -0.0395 -0.0307
vn 0.5810 0.6696 -0.4628
vn 0.1751 0.9487 -0.2635
vn 0.5784 0.6917 -0.4325
vn 0.9579 0.0229 -0.2861
vn 0.9552 0.0085 -0.2958
vn 0.8595 -0.4656 -0.2109
vn 0.9572 0.0322 -0.2878
vn 0.9077 0.2483 -0.3383
vn 0.8990 0.1762 -0.4009
vn 0.9097 -0.1940 -0.3671
vn 0.9894 -0.0533 -0.1349
vn 0.9678 0.0520 -0.2464
vn 0.9855 0.1027 -0.1348
vn 0.9657 0.1093 -0.2356
vn 0.9714 -0.0173 -0.2369
vn 0.9688 -0.0274 -0.2462
vn 0.9980 0.0254 -0.0586
vn 0.9575 0.0176 -0.2878
vn 0.9059 0.2806 -0.3171
vn 0.2011 0.9337 -0.2962
vn 0.7058 0.5506 -0.4457
vn 0.3271 0.9140 -0.2400
vn 0.7778 0.5745 -0.2547
vn 0.9984 -0.0465 -0.0313
vn 0.9994 -0.0055 0.0351
vn 0.9767 0.2093 -0.0465
vn 0.9968 -0.0803 -0.0051
vn 0.9981 -0.0606 0.0127
vn -0.0617 0.9975 0.0355
vn 0.9943 0.0414 -0.0979
vn 0.9784 -0.0279 0.2048
vn -0.5501 -0.0654 -0.8326
vn -0.5824 -0.0898 -0.8079
vn -0.3350 -0.0175 -0.9421
vn -0.6809 -0.1071 -0.7245
vn -0.9413 -0.1658 -0.2940
vn -0.9358 -0.1196 -0.3316
vn -0.6471 -0.1461 0.7483
vn -0.9770 -0.1270 -0.1712
vn -0.6747 -0.1303 0.7265
vn 0.9441 0.1515 0.2928
vn 0.2402 0.0383 0.9700
vn 0.3922 0.0587 0.9180
vn 0.2583 0.0576 0.9644
vn 0.2536 0.0595 0.9655
vn 0.2755 0.0548 0.9597
vn 0.6040 0.1101 0.7893
vn 0.5499 0.0808 0.8313
vn 0.6128 0.1067 0.7830
vn 0.3959 0.0574 0.9165
vn 0.5892 0.0787 0.8041
vn 0.3455 0.0852 0.9345
vn 0.9845 0.1751 0.0067
vn 0.9757 0.2029 0.0830
vn 0.9774 0.1963 0.0781
vn 0.9751 0.2135 0.0594
vn 0.9857 0.1642 -0.0367
vn -0.4643 -0.1387 0.8748
vn 0.4250 0.0382 0.9044
vn -0.8921 -0.1423 0.4289
vn -0.9903 -0.1385 -0.0135
vn -0.6052 -0.0823 -0.7918
vn -0.5930 -0.1075 -0.7980
vn 0.3986 0.0777 -0.9138
vn -0.6852 -0.0935 -0.7223
vn -0.0831 -0.0091 -0.9965
vn 0.2755 0.0993 -0.9561
vn -0.7329 -0.0781 -0.6759
vn 0.2430 0.0528 -0.9686
vn 0.2934 0.0813 -0.9525
vn -0.7352 -0.0851 -0.6725
vn -0.7133 -0.1130 -0.6917
vn -0.9188 -0.1451 -0.3672
vn -0.7093 -0.1488 0.6891
vn -0.8019 -0.1627 -0.5749
vn -0.8379 -0.1254 -0.5313
vn -0.8272 -0.0853 -0.5555
vn -0.8378 -0.0725 -0.5411
vn -0.6893 -0.1076 0.7165
vn -0.6843 -0.1096 0.7209
vn -0.9348 -0.1517 -0.3212
vn -0.6866 -0.1010 0.7200
vn -0.9127 -0.1052 -0.3949
vn -0.9341 -0.1240 -0.3347
vn -0.4163 -0.2437 0.8760
vn -0.3560 -0.9310 -0.0812
vn -0.4314 -0.9022 -0.0045
vn 0.4969 0.1645 -0.8521
vn 0.5276 0.1938 -0.8271
vn -0.3260 0.1170 -0.9381
vn 0.5135 0.0737 -0.8549
vn 0.4751 0.1918 -0.8588
vn 0.3823 0.1541 -0.9111
vn 0.1590 0.1382 -0.9776
vn 0.2357 0.1548 -0.9594
vn 0.2192 0.2218 -0.9501
vn 0.4774 0.2044 -0.8546
vn 0.4947 0.2122 -0.8427
vn 0.4596 0.3671 -0.8087
vn 0.1727 0.8659 -0.4694
vn 0.5497 0.2566 -0.7950
vn 0.4389 0.2671 -0.8579
vn -0.3865 -0.2957 0.8736
vn 0.2107 0.6515 0.7288
vn 0.2190 0.7043 0.6753
vn -0.5147 -0.8297 0.2159
vn -0.4417 -0.8641 -0.2413
vn -0.0843 -0.5662 -0.8200
vn 0.6039 0.6699 -0.4319
vn 0.4360 0.0990 -0.8945
vn -0.3894 -0.8955 -0.2155
vn -0.4327 -0.8553 -0.2851
vn 0.0089 -0.5716 -0.8205
vn 0.2250 -0.3153 -0.9219
vn 0.4900 0.1064 -0.8652
vn -0.0403 -0.7377 -0.6739
vn -0.4205 -0.8768 -0.2330
vn -0.3983 -0.8845 -0.2430
vn 0.0367 -0.6381 -0.7691
vn -0.0929 -0.6732 -0.7336
vn 0.4934 0.1005 -0.8640
vn 0.5864 0.7661 -0.2631
vn 0.5799 0.7060 -0.4065
vn 0.5305 0.0876 -0.8432
vn 0.5539 0.0859 -0.8281
vn 0.6093 0.2133 -0.7637
vn 0.2104 -0.6085 -0.7652
vn 0.5852 0.2154 -0.7818
vn 0.5772 0.2256 -0.7848
vn 0.6220 0.2187 -0.7518
vn 0.6245 0.2124 -0.7516
vn 0.2111 -0.6082 -0.7652
vn 0.6566 0.1523 -0.7387
vn 0.6183 0.7417 -0.2600
vn 0.5971 0.7711 -0.2210
vn 0.5314 0.0849 -0.8429
vn 0.0169 -0.6181 -0.7859
vn -0.0044 -0.6990 -0.7151
vn -0.3855 -0.8905 -0.2416
vn -0.4973 -0.8634 0.0851
vn -0.5466 -0.8242 0.1482
vn -0.5402 -0.8216 0.1820
vn -0.3964 -0.8781 -0.2680
vn -0.5986 -0.7923 0.1181
vn -0.4643 -0.2612 0.8463
vn -0.5071 -0.2625 0.8209
vn -0.5091 -0.2550 0.8221
vn -0.4414 -0.2903 0.8491
vn -0.4204 -0.2912 0.8593
vn 0.1674 0.7586 0.6297
vn 0.0149 0.6862 0.7272
vn 0.1495 0.7270 0.6702
vn -0.5687 -0.8176 0.0905
vn -0.0232 -0.6955 -0.7182
vn 0.1935 -0.5865 -0.7865
vn 0.6478 0.1754 -0.7413
vn 0.1842 -0.6209 -0.7619
vn 0.2090 -0.6183 -0.7577
vn 0.6402 0.2427 -0.7289
vn 0.2590 -0.6341 -0.7286
vn 0.6658 0.1871 -0.7223
vn 0.5969 0.1106 -0.7946
vn 0.6415 0.1566 -0.7509
vn 0.6413 0.1572 -0.7510
vn 0.5410 0.0882 -0.8364
vn 0.5379 0.0907 -0.8381
vn -0.3652 -0.8909 -0.2699
vn -0.0232 -0.6948 -0.7188
vn 0.6024 0.1038 -0.7914
vn -0.3816 -0.8676 -0.3189
vn -0.5324 -0.2315 0.8142
vn 0.1738 0.6439 0.7451
vn 0.1148 0.6638 0.7390
vn -0.4719 -0.2944 0.8311
vn -0.4715 -0.2943 0.8313
vn -0.4710 -0.2944 0.8316
vn 0.1483 0.6803 0.7178
vn 0.1485 0.6802 0.7178
vn 0.1636 0.7259 0.6681
vn -0.4210 -0.2902 0.8594
vn 0.1708 0.7050 0.6884
vn -0.3899 -0.2916 0.8735
vn -0.4878 -0.8588 0.1566
vn -0.5175 -0.8509 0.0901
vn -0.4178 -0.2951 0.8593
vn 0.7068 0.7016 -0.0903
vn -0.9827 -0.1560 -0.0997
vn -0.5932 -0.0867 -0.8004
vn -0.6932 -0.0919 -0.7149
vn 0.2097 0.0611 -0.9759
vn 0.2264 0.0761 -0.9711
vn -0.9036 -0.1394 -0.4050
vn -0.6761 -0.1147 -0.7278
vn -0.7355 -0.0945 -0.6709
vn 0.1420 0.0781 -0.9868
vn -0.9847 -0.1444 -0.0973
vn -0.8559 -0.1865 0.4824
vn -0.8463 -0.1571 0.5090
vn -0.9835 -0.1803 -0.0132
vn -0.5926 -0.0791 -0.8016
vn -0.9838 -0.1668 0.0664
vn -0.9271 -0.2141 0.3076
vn -0.9773 -0.2109 -0.0200
vn -0.9860 -0.1529 -0.0658
vn -0.6768 -0.1788 0.7141
vn -0.6728 -0.1735 0.7191
vn -0.6878 -0.1745 0.7046
vn -0.9780 -0.2074 -0.0210
vn -0.9768 -0.2024 -0.0701
vn -0.6155 -0.2900 0.7328
vn -0.5841 -0.2626 0.7680
vn -0.5690 -0.2550 0.7819
vn -0.1369 0.4408 0.8871
vn -0.1887 0.3331 0.9238
vn 0.5473 0.8138 -0.1955
vn 0.8399 0.4573 0.2923
vn 0.5519 0.8170 -0.1670
vn 0.7642 -0.1990 0.6135
vn 0.8836 0.3893 0.2600
vn 0.7673 0.6185 0.1698
vn 0.4198 0.7936 -0.4404
vn 0.5609 0.8087 -0.1774
vn 0.8913 0.4076 0.1986
vn -0.4339 -0.1907 0.8806
vn -0.4013 -0.2139 0.8906
vn -0.5771 -0.7816 0.2367
vn 0.0521 0.6712 0.7394
vn -0.4291 -0.2462 0.8691
vn -0.5002 -0.2552 0.8274
vn -0.4947 -0.2536 0.8312
vn -0.3921 -0.9197 -0.0179
vn -0.5271 -0.2572 0.8100
vn -0.5407 -0.2558 0.8014
vn -0.2415 0.2643 0.9337
vn 0.0351 0.6782 0.7341
vn -0.9801 -0.1901 -0.0567
vn -0.5752 -0.0556 -0.8161
vn -0.5898 -0.0823 -0.8033
vn 0.2160 0.0632 -0.9743
vn 0.2110 0.0597 -0.9757
vn -0.7356 -0.0946 -0.6708
vn 0.3022 0.8294 -0.4699
vn 0.6002 0.5743 -0.5568
vn 0.6741 0.5261 0.5185
vn -0.5725 -0.7822 0.2458
vn -0.5582 -0.8010 0.2163
vn -0.5467 -0.8114 0.2067
vn -0.5539 -0.2930 0.7793
vn -0.5454 -0.3365 0.7677
vn -0.5577 -0.8114 0.1751
vn -0.5779 -0.3115 0.7543
vn -0.5563 -0.8127 0.1734
vn -0.5746 -0.8054 0.1457
vn 0.0359 0.6843 0.7283
vn -0.4667 -0.2581 0.8459
vn -0.4679 -0.2558 0.8459
vn -0.4607 -0.2551 0.8501
vn -0.3717 -0.9169 -0.1456
vn -0.4010 -0.9046 -0.1444
vn -0.3589 -0.9297 -0.0827
vn -0.5356 -0.7690 0.3489
vn -0.4105 -0.8952 -0.1736
vn -0.4395 -0.8825 -0.1671
vn -0.4631 -0.2971 0.8350
vn -0.5479 -0.3102 0.7769
vn -0.4979 -0.3046 0.8120
vn -0.5491 -0.3095 0.7763
vn -0.5971 -0.2404 0.7653
vn -0.6146 -0.2693 0.7414
vn -0.6331 -0.2044 0.7466
vn 0.0218 0.7256 0.6878
vn 0.0344 0.7693 0.6379
vn -0.6138 -0.2960 0.7319
vn -0.5927 -0.3193 0.7394
vn 0.0730 0.7393 0.6695
vn -0.6370 -0.2434 0.7315
vn -0.6611 -0.2417 0.7103
vn 0.0306 0.7306 0.6821
vn 0.0728 0.7213 0.6887
vn -0.1627 0.5421 0.8244
vn -0.6501 -0.2808 0.7061
vn -0.4955 0.0539 0.8669
vn -0.6973 -0.2748 0.6620
vn -0.5276 -0.8437 -0.0989
vn -0.7062 -0.5898 0.3918
vn -0.2804 -0.8967 -0.3426
vn -0.5000 -0.8658 -0.0181
vn -0.5885 -0.6321 0.5042
vn 0.0919 0.7035 0.7047
vn -0.5514 -0.2529 0.7950
vn -0.5753 -0.8069 0.1338
vn -0.6029 -0.3293 0.7267
vn -0.5758 -0.2575 0.7760
vn -0.6193 -0.2556 0.7424
vn -0.6109 -0.2577 0.7486
vn -0.5751 -0.8156 0.0636
vn -0.5495 -0.8270 0.1190
vn -0.5754 -0.8135 0.0842
vn -0.6288 -0.3177 0.7097
vn -0.2910 0.3112 0.9047
vn -0.6893 -0.2559 0.6778
vn -0.9735 -0.2083 -0.0948
vn -0.9592 -0.2565 -0.1191
vn -0.9588 -0.2826 -0.0289
vn -0.9529 -0.2480 -0.1749
vn -0.9701 -0.2406 -0.0315
vn -0.9686 -0.1798 -0.1718
vn -0.9817 -0.1721 -0.0819
vn -0.9743 -0.2251 -0.0027
vn 0.9063 -0.0644 0.4176
vn 0.9241 -0.1127 0.3651
vn 0.8866 -0.2321 0.4000
vn 0.9838 -0.1115 0.1403
vn 0.2333 -0.9429 -0.2377
vn 0.9488 -0.0637 -0.3093
vn 0.6353 -0.7371 -0.2303
vn 0.2761 0.1604 -0.9476
vn -0.1728 -0.8538 -0.4910
vn 0.6635 -0.6362 -0.3938
vn 0.8892 -0.1427 -0.4346
vn 0.5609 -0.7805 -0.2760
vn 0.9411 -0.0677 -0.3314
vn 0.9388 -0.0732 -0.3367
vn 0.1460 -0.9496 0.2775
vn 0.1619 -0.9651 0.2058
vn 0.2558 0.1530 -0.9546
vn 0.2389 -0.9681 0.0754
vn 0.7475 -0.6043 -0.2758
vn 0.8373 -0.4470 -0.3148
vn 0.2335 0.2661 -0.9352
vn 0.2095 -0.9144 0.3464
vn 0.2960 0.3762 -0.8780
vn 0.8930 -0.3557 -0.2756
vn 0.9559 -0.0889 -0.2801
vn -0.0252 -0.9876 -0.1547
vn 0.8477 -0.3718 -0.3784
vn 0.1182 -0.9568 -0.2658
vn 0.9275 -0.0624 -0.3685
vn 0.6955 -0.6881 -0.2070
vn 0.7609 -0.6061 -0.2315
vn 0.6388 -0.7010 0.3169
vn 0.9125 -0.4089 -0.0039
vn 0.9911 -0.0439 -0.1256
vn 0.6716 -0.6951 0.2566
vn 0.9955 -0.0566 -0.0766
vn 0.7007 -0.6477 0.2992
vn 0.9968 -0.0343 -0.0723
vn 0.9976 -0.0430 -0.0544
vn 0.4612 -0.5198 -0.7191
vn -0.4258 -0.1176 0.8971
vn 0.9815 0.1911 0.0131
vn 0.9832 0.1796 0.0314
vn 0.4392 0.0755 0.8952
vn 0.9743 0.2225 -0.0347
vn 0.4388 0.1358 0.8883
vn 0.3636 0.0793 0.9282
vn 0.9648 0.1841 0.1879
vn 0.3643 0.0770 0.9281
vn 0.9746 0.2084 -0.0820
vn 0.9775 0.1916 -0.0881
vn 0.9396 0.1858 0.2873
vn 0.9275 0.2038 0.3134
vn 0.9800 0.1853 -0.0723
vn 0.3945 0.0703 0.9162
vn 0.9698 0.2303 0.0805
vn -0.9900 -0.1411 -0.0039
vn -0.5734 -0.0611 -0.8170
vn -0.5818 -0.0752 -0.8098
vn -0.5477 -0.1483 0.8234
vn 0.4251 0.0381 0.9043
vn 0.9784 0.1809 0.0998
vn 0.4295 0.0492 0.9017
vn 0.3924 0.0157 0.9197
vn 0.3943 0.0484 0.9177
vn -0.4570 -0.1487 0.8770
vn -0.8371 -0.1708 0.5197
vn -0.4135 -0.0879 0.9063
vn 0.8922 -0.2412 0.3819
vn 0.9528 0.0416 0.3009
vn 0.9684 0.0721 0.2386
vn 0.9553 -0.0806 -0.2843
vn -0.8260 -0.1382 0.5465
vn -0.9889 -0.1488 0.0042
vn -0.9869 -0.1575 0.0359
vn -0.8749 -0.0906 0.4757
vn -0.9790 -0.1246 0.1612
vn 0.2694 0.1040 -0.9574
vn -0.6993 -0.1330 -0.7023
vn 0.1145 0.0774 -0.9904
vn 0.1473 0.0184 -0.9889
vn -0.9506 -0.1362 -0.2790
vn -0.9482 -0.2350 -0.2138
vn -0.9337 -0.2577 -0.2485
vn -0.4486 0.4785 -0.7548
vn -0.6058 0.3688 -0.7050
vn -0.5262 0.4752 -0.7052
vn -0.4327 0.5102 -0.7433
vn -0.9274 -0.2996 -0.2241
vn -0.9448 -0.2432 -0.2195
vn -0.6848 -0.6949 0.2195
vn -0.9155 -0.2528 -0.3130
vn -0.9273 -0.2572 -0.2721
vn -0.6836 -0.6801 0.2648
vn -0.9451 -0.2417 -0.2200
vn -0.5676 -0.7118 0.4138
vn -0.8916 -0.2122 -0.4000
vn -0.5704 -0.7099 0.4132
vn -0.6358 0.4005 -0.6598
vn -0.9561 -0.2905 0.0378
vn -0.9783 -0.2074 -0.0005
vn -0.3182 -0.6997 0.6396
vn -0.8304 0.2724 -0.4861
vn -0.7370 0.3442 -0.5816
vn -0.9594 -0.2800 0.0337
vn -0.6768 0.3463 -0.6496
vn 0.1916 0.9557 -0.2235
vn 0.2974 0.9490 -0.1049
vn 0.9686 -0.0277 0.2470
vn 0.5603 0.7732 0.2970
vn 0.4993 0.8346 0.2329
vn 0.9737 -0.1525 0.1690
vn 0.7098 -0.7044 0.0027
vn 0.8934 -0.1581 -0.4205
vn 0.3750 -0.9269 -0.0152
vn 0.9930 -0.0603 -0.1018
vn 0.9613 -0.1089 -0.2531
vn 0.9569 -0.0920 -0.2755
vn 0.1515 0.9747 -0.1645
vn 0.3291 0.8587 -0.3928
vn 0.3350 0.8826 -0.3298
vn 0.3703 0.8109 -0.4532
vn 0.8700 -0.1359 -0.4740
vn 0.4699 -0.8693 -0.1534
vn 0.7753 -0.2139 -0.5943
vn 0.4734 -0.8736 -0.1129
vn 0.4615 -0.8798 -0.1139
vn -0.0170 -0.0891 0.9959
vn 0.0672 -0.1577 0.9852
vn -0.1388 -0.2079 0.9683
vn 0.6479 0.6563 0.3867
vn 0.7077 0.5746 0.4110
vn 0.7904 0.0124 0.6124
vn 0.7782 0.0726 0.6238
vn 0.6429 0.7113 0.2840
vn 0.6402 0.7107 0.2914
vn -0.6486 -0.0756 -0.7573
vn -0.9327 -0.1492 -0.3283
vn -0.5802 -0.0858 -0.8100
vn -0.6308 -0.0471 -0.7745
vn 0.4675 0.0791 0.8804
vn 0.9876 0.0513 -0.1485
vn 0.4076 0.6988 -0.5878
vn 0.5515 0.7566 -0.3513
vn 0.5796 0.7299 -0.3625
vn 0.9983 0.0576 0.0060
vn 0.9977 0.0252 -0.0623
vn -0.8259 -0.4492 -0.3408
vn -0.8152 -0.4925 0.3047
vn -0.7888 -0.6126 0.0506
vn -0.7740 -0.5914 0.2260
vn -0.7915 -0.5372 0.2914
vn -0.9338 0.3044 -0.1881
vn -0.8978 -0.0073 -0.4404
vn -0.9503 -0.0717 -0.3028
vn -0.6399 -0.0169 0.7683
vn 0.1026 -0.8890 -0.4462
vn -0.0490 -0.8721 -0.4868
vn 0.7040 -0.4237 -0.5700
vn 0.5039 -0.7729 -0.3856
vn 0.8354 -0.0289 -0.5489
vn 0.7678 -0.5719 0.2889
vn 0.9966 -0.0220 -0.0798
vn 0.8418 -0.0134 -0.5396
vn 0.6443 0.4003 -0.6516
vn 0.8754 0.3981 -0.2742
vn 0.8305 0.5260 -0.1832
vn 0.9495 0.3138 0.0055
vn 0.9966 0.0754 0.0334
vn 0.9250 -0.3202 0.2043
vn 0.7514 -0.6271 0.2054
vn 0.9328 -0.3085 0.1864
vn 0.9687 -0.0595 0.2410
vn 0.7031 -0.6158 0.3556
vn 0.7644 -0.6389 0.0871
vn 0.9514 0.0132 -0.3076
vn -0.2501 -0.4940 -0.8327
vn 0.1237 -0.9368 -0.3271
vn 0.1265 0.5472 -0.8274
vn 0.7989 0.0082 -0.6014
vn 0.9343 0.0193 -0.3559
vn 0.8777 0.1117 -0.4659
vn 0.5538 0.1983 -0.8087
vn -0.2932 -0.4760 -0.8292
vn 0.5603 -0.7925 -0.2409
vn 0.8053 -0.4996 0.3191
vn 0.8152 -0.4784 0.3264
vn 0.8523 -0.5133 0.1007
vn 0.2238 0.9444 0.2407
vn 0.9780 -0.1608 0.1332
vn 0.9952 -0.0594 0.0782
vn 0.9933 -0.0742 -0.0881
vn 0.5329 0.8152 -0.2270
vn 0.9893 0.1409 0.0377
vn 0.4512 0.8892 -0.0763
vn 0.5200 0.8491 -0.0926
vn 0.4944 0.8661 -0.0742
vn 0.4950 0.8640 0.0922
vn 0.5374 0.8306 0.1458
vn 0.7775 -0.4550 -0.4341
vn 0.4374 0.8244 -0.3592
vn 0.7364 0.3100 -0.6014
vn 0.4206 -0.4879 -0.7649
vn -0.0965 0.2010 -0.9748
vn -0.1157 0.2038 -0.9721
vn 0.7791 0.2611 -0.5699
vn 0.7942 0.2362 -0.5598
vn 0.6135 0.6047 0.5080
vn 0.8480 0.5274 -0.0524
vn 0.6907 0.5793 0.4328
vn -0.6640 0.2473 -0.7056
vn -0.9497 -0.2202 -0.2225
vn -0.4995 -0.7063 0.5017
vn -0.9575 -0.2398 -0.1605
vn -0.9571 -0.2417 -0.1600
vn -0.7467 0.3236 -0.5811
vn -0.9593 -0.2804 0.0333
vn -0.9692 -0.2306 -0.0860
vn -0.5134 -0.6979 0.4995
vn -0.8278 0.2591 -0.4976
vn -0.8866 0.2111 -0.4115
vn -0.9063 -0.3166 0.2802
vn -0.9038 -0.3233 0.2805
vn -0.8895 0.2154 -0.4031
vn -0.5807 0.5291 -0.6187
vn -0.7899 -0.3526 0.5018
vn -0.8280 -0.2690 0.4920
vn -0.8333 -0.2620 0.4868
vn -0.9724 -0.2052 0.1111
vn -0.6960 -0.2229 0.6826
vn -0.7219 -0.2657 0.6390
vn -0.3826 0.3648 0.8488
vn -0.4036 0.3146 0.8592
vn -0.4202 0.3691 0.8289
vn -0.3615 0.4788 0.8001
vn -0.7535 -0.2834 0.5932
vn -0.8768 -0.2757 0.3940
vn -0.8928 -0.2762 0.3558
vn -0.8795 -0.2225 0.4206
vn -0.5080 -0.7697 -0.3867
vn -0.7581 -0.2123 0.6166
vn -0.7521 -0.2165 0.6224
vn -0.7573 -0.2115 0.6179
vn -0.7043 -0.2358 0.6696
vn -0.6421 -0.2418 0.7275
vn -0.6497 -0.2344 0.7232
vn -0.6914 -0.2380 0.6822
vn -0.5804 -0.8118 0.0646
vn -0.6566 -0.3205 0.6828
vn -0.5840 -0.8114 0.0226
vn -0.6040 -0.7966 0.0235
vn -0.6095 -0.7924 -0.0254
vn -0.6958 -0.3274 0.6393
vn -0.5826 -0.8121 -0.0331
vn -0.5785 -0.7985 -0.1664
vn -0.7552 -0.2813 0.5921
vn -0.7564 -0.2758 0.5931
vn -0.7029 -0.3072 0.6415
vn -0.6469 -0.3313 0.6868
vn -0.3568 0.2652 0.8957
vn -0.3730 0.3013 0.8776
vn -0.3654 0.3172 0.8751
vn -0.6652 -0.3052 0.6814
vn -0.6498 -0.2228 0.7268
vn -0.7745 -0.1882 0.6039
vn -0.6951 -0.2771 0.6634
vn -0.8110 -0.2051 0.5479
vn -0.8170 -0.1536 0.5559
vn 0.9183 0.3958 0.0063
vn 0.9145 0.4045 0.0057
vn 0.8114 0.4605 -0.3599
vn 0.9527 0.2966 -0.0660
vn 0.9403 0.3108 -0.1387
vn 0.8752 0.4430 -0.1944
vn 0.4165 0.7276 -0.5450
vn 0.9295 -0.2827 0.2370
vn 0.3148 0.7783 -0.5433
vn 0.8956 0.3926 -0.2091
vn 0.9159 0.3494 -0.1978
vn 0.2433 0.6397 -0.7291
vn 0.9005 0.0960 -0.4241
vn 0.9246 -0.0807 -0.3723
vn 0.1871 0.5533 -0.8117
vn 0.8979 -0.0011 -0.4401
vn -0.1272 -0.0903 0.9878
vn 0.9274 0.1736 -0.3312
vn 0.8941 0.2892 -0.3419
vn 0.8109 0.1181 -0.5731
vn 0.8066 0.3853 -0.4482
vn -0.2601 0.0952 -0.9609
vn -0.4315 0.0159 -0.9020
vn -0.4737 -0.2540 0.8433
vn -0.3940 -0.9129 -0.1064
vn -0.4515 -0.8866 -0.1001
vn -0.3403 -0.9226 -0.1818
vn -0.3474 -0.9181 -0.1907
vn -0.4101 -0.9000 -0.1478
vn -0.4848 -0.2259 0.8450
vn -0.4757 -0.8764 0.0744
vn -0.4708 -0.2532 0.8451
vn -0.5613 -0.2465 0.7900
vn -0.1971 0.5530 0.8095
vn -0.0445 0.6202 0.7832
vn 0.0131 0.7744 0.6325
vn 0.0111 0.6434 0.7655
vn -0.5444 -0.2689 0.7945
vn -0.6310 -0.2726 0.7263
vn -0.3584 -0.9090 -0.2127
vn -0.3867 -0.8967 -0.2152
vn -0.3593 -0.9080 -0.2155
vn -0.4213 -0.8804 -0.2178
vn -0.4146 -0.8974 -0.1506
vn -0.6726 -0.1808 0.7175
vn -0.4829 -0.1451 0.8636
vn 0.8583 0.0722 -0.5081
vn 0.8598 0.0680 -0.5061
vn 0.9045 0.4262 -0.0153
vn 0.5181 0.6794 0.5196
vn 0.1998 0.6698 -0.7151
vn 0.9486 0.1921 -0.2517
vn 0.9747 0.0727 -0.2115
vn 0.8023 -0.5205 0.2922
vn 0.8692 0.1795 -0.4608
vn 0.9316 0.1908 0.3094
vn 0.7746 0.1790 -0.6067
vn 0.9540 0.2403 0.1795
vn 0.4843 0.2231 -0.8460
vn 0.2270 -0.6686 0.7081
vn 0.9213 0.2396 -0.3063
vn 0.9138 0.3587 -0.1905
vn 0.9654 0.2526 -0.0649
vn 0.6290 0.6848 0.3681
vn 0.8508 0.0718 -0.5206
vn 0.9289 0.1020 -0.3559
vn 0.9126 0.1553 -0.3781
vn 0.0432 -0.6238 -0.7804
vn 0.0592 -0.6260 -0.7775
vn 0.9112 0.1497 -0.3838
vn 0.9390 0.2795 0.2005
vn 0.8933 0.2891 -0.3443
vn 0.7640 0.6426 -0.0580
vn 0.7893 0.6132 -0.0318
vn 0.6913 0.4882 -0.5327
vn 0.8566 0.5038 -0.1116
vn 0.8541 0.2284 -0.4673
vn 0.9779 0.1493 -0.1462
vn 0.8940 0.2559 -0.3678
vn 0.6210 -0.3884 -0.6808
vn 0.8658 0.3013 -0.3995
vn 0.8703 0.2576 -0.4199
vn 0.4962 0.6794 0.5405
vn 0.4895 0.6968 0.5243
vn -0.2624 0.3409 0.9027
vn -0.2910 0.3157 0.9031
vn -0.0469 0.6282 0.7766
vn -0.1956 0.5499 0.8120
vn -0.0862 0.6119 0.7862
vn -0.6342 -0.2748 0.7227
vn -0.6766 -0.2321 0.6988
vn -0.0935 0.6124 0.7850
vn -0.5582 -0.1644 0.8133
vn -0.6443 -0.2267 0.7304
vn -0.6226 -0.1492 0.7682
vn -0.0918 0.6357 0.7665
vn -0.0097 0.7240 0.6898
vn -0.5099 0.1697 0.8434
vn -0.7195 -0.2399 0.6517
vn -0.4045 -0.8675 -0.2894
vn -0.3769 -0.8715 -0.3139
vn -0.3611 -0.8841 -0.2968
vn 0.1887 -0.3025 -0.9343
vn 0.3969 0.2548 -0.8818
vn 0.3543 0.1961 -0.9143
vn 0.4893 0.1655 -0.8563
vn 0.4372 0.2524 -0.8632
vn 0.4340 -0.0157 -0.9008
vn 0.6420 0.5987 -0.4790
vn 0.7700 0.1244 -0.6258
vn 0.4092 0.1123 -0.9055
vn 0.4459 0.3790 -0.8109
vn 0.4326 0.1285 -0.8924
vn 0.4560 0.1943 -0.8685
vn 0.3635 0.2234 -0.9044
vn 0.0468 0.5019 -0.8636
vn 0.3716 0.2226 -0.9013
vn -0.2544 0.0408 -0.9662
vn -0.3003 0.0113 -0.9538
vn 0.4997 0.2347 -0.8338
vn 0.5074 0.2371 -0.8285
vn -0.8010 -0.1780 -0.5715
vn 0.2342 0.4687 -0.8517
vn 0.4957 0.2151 -0.8414
vn -0.0007 -0.1428 -0.9898
vn -0.1530 -0.1023 -0.9829
vn 0.5098 0.2352 -0.8275
vn -0.1681 -0.1256 -0.9777
vn 0.0192 -0.1070 -0.9941
vn 0.4839 0.2217 -0.8465
vn 0.4720 0.1687 -0.8653
vn 0.7149 0.6946 -0.0806
vn -0.3870 -0.1814 0.9041
vn 0.4151 0.0410 0.9088
vn -0.2856 -0.0005 0.9583
vn -0.4770 -0.2527 0.8418
vn -0.4019 -0.2123 0.8907
vn -0.0570 -0.5737 0.8171
vn 0.0603 -0.5245 0.8493
vn 0.5881 -0.6577 0.4708
vn 0.1656 -0.6177 0.7688
vn 0.5787 -0.6433 0.5013
vn 0.1552 -0.6112 0.7761
vn 0.6948 -0.5921 0.4082
vn 0.5737 -0.7346 0.3624
vn 0.3934 0.1322 -0.9098
vn 0.3992 0.1541 -0.9038
vn 0.4027 0.1372 -0.9050
vn 0.5414 -0.0270 -0.8403
vn 0.4026 0.1364 -0.9051
vn 0.3627 0.0988 -0.9266
vn 0.7502 -0.5744 -0.3276
vn 0.8114 -0.5413 -0.2202
vn 0.8298 -0.5413 -0.1361
vn 0.7717 -0.5829 -0.2542
vn 0.6580 -0.1480 -0.7383
vn 0.6775 -0.1702 -0.7155
vn 0.6713 -0.1570 -0.7244
vn 0.7308 -0.6574 0.1840
vn 0.7188 -0.6708 0.1825
vn 0.8362 -0.4877 -0.2510
vn 0.6965 -0.0690 -0.7142
vn 0.7080 -0.0710 -0.7027
vn -0.2353 0.8150 -0.5295
vn -0.3251 0.8194 -0.4720
vn -0.3666 0.8551 -0.3666
vn -0.2484 0.8515 -0.4617
vn -0.4205 0.6832 -0.5971
vn 0.3225 0.2127 -0.9223
vn 0.4315 0.2680 -0.8614
vn 0.6097 -0.4267 -0.6679
vn 0.3559 0.1877 -0.9155
vn 0.5511 -0.4441 -0.7064
vn 0.3785 0.2452 -0.8925
vn 0.3820 0.2423 -0.8918
vn 0.3164 0.2517 -0.9146
vn 0.5256 -0.4007 -0.7505
vn 0.6844 -0.3353 -0.6474
vn 0.5915 -0.2242 -0.7745
vn -0.5768 -0.1872 0.7952
vn -0.5961 -0.1714 0.7844
vn -0.0078 -0.6875 -0.7261
vn -0.0067 -0.6871 -0.7266
vn -0.8381 -0.5323 0.1195
vn -0.7141 -0.6506 -0.2583
vn -0.0326 -0.6682 -0.7432
vn -0.0318 -0.6606 -0.7500
vn -0.8873 -0.4603 0.0264
vn -0.6912 -0.6969 -0.1915
vn 0.8777 0.1326 -0.4605
vn 0.9257 0.2380 -0.2940
vn 0.9104 0.2655 -0.3172
vn 0.9293 0.2645 -0.2576
vn 0.7439 0.4371 -0.5056
vn 0.7037 0.3620 -0.6113
vn 0.7421 0.3294 -0.5838
vn 0.6031 0.1285 -0.7872
vn 0.9085 0.2567 -0.3297
vn 0.8672 -0.1407 -0.4777
vn 0.8911 0.1136 -0.4394
vn 0.8889 -0.3955 -0.2312
vn -0.9760 0.1581 -0.1497
vn -0.8811 -0.4650 -0.0856
vn -0.8773 -0.4760 -0.0617
vn -0.8370 -0.5463 0.0315
vn -0.6384 -0.6511 -0.4106
vn -0.0339 0.0039 -0.9994
vn 0.5726 -0.3471 -0.7427
vn 0.9780 0.1845 -0.0975
vn 0.9475 0.2382 -0.2132
vn 0.8065 0.1900 -0.5599
vn 0.8235 0.1821 -0.5372
vn 0.8041 0.1799 -0.5667
vn 0.9684 0.2313 0.0932
vn 0.4132 -0.4749 -0.7770
vn 0.9690 -0.1521 -0.1947
vn 0.8393 -0.5435 -0.0079
vn 0.9210 0.2715 0.2795
vn 0.8552 0.2206 0.4691
vn 0.5464 -0.0249 -0.8371
vn 0.4000 -0.3868 0.8309
vn -0.8833 -0.4687 -0.0092
vn 0.9777 0.1933 0.0816
vn 0.9795 0.1914 0.0637
vn 0.9656 0.2358 -0.1094
vn 0.9671 0.2525 0.0311
vn 0.9582 0.2100 0.1946
vn 0.9825 0.1823 -0.0378
vn -0.6605 -0.7266 0.1891
vn -0.4095 -0.9123 -0.0031
vn -0.3897 -0.8832 0.2611
vn -0.1849 -0.7430 -0.6432
vn -0.1960 -0.7353 -0.6488
vn -0.2557 -0.6640 -0.7027
vn 0.5629 -0.4517 -0.6922
vn 0.9740 0.1829 -0.1340
vn 0.9697 0.2078 -0.1289
vn 0.3167 -0.6957 -0.6447
vn 0.9816 0.1796 -0.0654
vn 0.9544 0.2252 -0.1962
vn 0.9610 0.1992 -0.1918
vn 0.9661 0.2381 -0.0997
vn 0.9232 0.2337 -0.3050
vn 0.9325 0.2179 -0.2881
vn 0.9326 0.2153 -0.2897
vn 0.8057 0.1886 -0.5615
vn 0.9803 0.1636 0.1106
vn -0.4077 -0.8151 0.4117
vn 0.9820 0.1860 0.0334
vn 0.9823 0.1678 0.0835
vn 0.8531 0.2509 0.4574
vn 0.7419 0.2631 0.6167
vn 0.2354 -0.3901 0.8902
vn 0.8781 0.1943 0.4373
vn 0.5297 0.2110 -0.8215
vn 0.5697 0.2328 -0.7882
vn 0.4987 0.8656 -0.0451
vn 0.0396 -0.6874 -0.7252
vn 0.0027 -0.6872 -0.7265
vn 0.5020 0.8648 0.0080
vn 0.5979 0.2621 -0.7575
vn 0.5582 0.8297 0.0026
vn 0.6573 0.5354 -0.5304
vn 0.5944 0.1995 -0.7791
vn 0.6228 0.2254 -0.7492
vn 0.0338 -0.6771 -0.7351
vn 0.6159 0.2277 -0.7542
vn 0.6366 0.4897 -0.5957
vn 0.5064 0.8588 -0.0778
vn 0.5065 0.8504 -0.1423
vn 0.4740 0.8763 -0.0866
vn 0.5057 0.8548 -0.1166
vn 0.6615 0.2189 -0.7173
vn 0.5118 0.8572 -0.0572
vn 0.6552 0.2027 -0.7277
vn 0.5733 0.7988 -0.1825
vn 0.6677 0.2156 -0.7125
vn 0.7100 0.2172 -0.6698
vn 0.7022 0.2190 -0.6775
vn 0.7262 0.2202 -0.6513
vn 0.7743 0.2128 -0.5960
vn 0.0686 -0.5990 -0.7978
vn 0.1366 -0.6014 -0.7872
vn 0.1373 -0.5967 -0.7906
vn 0.0685 -0.5996 -0.7974
vn 0.0850 -0.6109 -0.7871
vn 0.6961 0.2274 -0.6810
vn 0.6510 0.2039 -0.7312
vn 0.6970 0.2250 -0.6808
vn 0.5263 0.8384 0.1418
vn 0.5226 0.8513 0.0460
vn 0.6449 0.2675 -0.7159
vn 0.6755 0.2822 -0.6812
vn 0.5452 0.8291 0.1241
vn 0.7327 0.2540 -0.6314
vn 0.7804 0.2585 -0.5694
vn 0.8403 0.2419 -0.4852
vn 0.9277 0.2649 -0.2632
vn 0.8207 0.2515 -0.5131
vn 0.7156 0.2201 -0.6629
vn 0.7319 0.2273 -0.6424
vn 0.5109 0.8182 0.2634
vn 0.5736 0.7914 0.2116
vn 0.5360 0.8161 0.2160
vn 0.5456 0.8288 0.1239
vn 0.7309 0.2683 -0.6275
vn 0.7069 0.2682 -0.6545
vn 0.7803 0.2850 -0.5568
vn 0.7582 0.3198 -0.5682
vn 0.5523 0.7657 0.3297
vn 0.7958 0.3404 -0.5009
vn 0.5082 0.7837 0.3572
vn 0.0412 -0.5941 -0.8033
vn -0.3069 -0.7461 -0.5909
vn 0.0311 -0.6102 -0.7916
vn 0.7736 0.2131 -0.5968
vn 0.5013 0.8638 -0.0511
vn 0.5013 0.8638 -0.0507
vn 0.5360 0.8429 -0.0474
vn 0.6905 0.2055 -0.6935
vn 0.5052 0.8591 0.0817
vn 0.0230 -0.5980 -0.8012
vn 0.7500 0.2235 -0.6226
vn 0.7520 0.1906 -0.6310
vn 0.8291 0.3118 -0.4641
vn 0.8114 0.3570 -0.4628
vn 0.1914 0.6347 -0.7487
vn 0.1345 0.6755 -0.7250
vn 0.1888 0.6318 -0.7518
vn 0.8970 0.3483 -0.2720
vn 0.8323 0.2664 -0.4861
vn 0.9295 0.2581 -0.2636
vn 0.9301 0.2632 -0.2562
vn 0.9507 0.2598 -0.1695
vn 0.9266 0.2674 -0.2644
vn 0.8178 0.2535 -0.5167
vn 0.9278 0.2607 -0.2668
vn 0.9544 0.2464 -0.1686
vn 0.9150 0.2398 -0.3246
vn 0.9216 0.2467 -0.2995
vn 0.6338 -0.3774 -0.6752
vn 0.8706 0.2091 -0.4454
vn 0.5592 0.1544 -0.8145
vn 0.5596 0.1544 -0.8143
vn 0.9673 0.1927 -0.1648
vn 0.9136 0.2774 -0.2974
vn 0.9430 0.2579 -0.2105
vn 0.9439 0.2769 -0.1802
vn 0.8142 0.2275 -0.5342
vn 0.2259 0.0303 -0.9737
vn -0.8224 -0.5674 0.0420
vn 0.0753 -0.6549 -0.7520
vn 0.9827 0.1832 -0.0251
vn 0.9452 0.2426 -0.2186
vn 0.9221 0.1644 -0.3504
vn 0.9428 -0.2670 0.1997
vn 0.5774 -0.0335 -0.8158
vn -0.6290 -0.7527 -0.1946
vn -0.5365 -0.8290 -0.1576
vn -0.6305 -0.6761 -0.3812
vn -0.6762 -0.7144 -0.1800
vn 0.8285 0.4821 0.2850
vn -0.8481 -0.5268 0.0569
vn -0.8717 -0.4900 -0.0074
vn -0.8361 -0.5467 0.0464
vn -0.8609 -0.5088 -0.0028
vn 0.0437 -0.6310 -0.7746
vn -0.8790 -0.4769 -0.0019
vn -0.8795 -0.4760 -0.0018
vn 0.0540 -0.6323 -0.7728
vn -0.8059 -0.5807 -0.1151
vn -0.0629 -0.6590 -0.7495
vn -0.0859 -0.6350 -0.7677
vn -0.0579 -0.6522 -0.7559
vn 0.1625 0.0723 0.9841
vn -0.2909 -0.2837 0.9137
vn 0.7465 -0.6247 0.2292
vn 0.6486 -0.6718 0.3579
vn 0.3811 0.1794 -0.9069
vn -0.1744 0.7444 -0.6446
vn 0.8348 -0.4050 -0.3729
vn 0.6573 -0.2729 -0.7024
vn -0.2446 0.7456 -0.6199
vn 0.1520 0.3765 -0.9138
vn -0.5817 0.7282 -0.3624
vn 0.1452 0.4525 -0.8799
vn 0.8217 -0.4070 -0.3989
vn -0.6323 0.6377 -0.4399
vn -0.6748 0.6549 -0.3403
vn -0.0171 0.4786 -0.8778
vn -0.7322 0.6193 -0.2834
vn 0.3743 0.1516 -0.9148
vn 0.3929 0.1542 -0.9066
vn 0.7820 -0.3075 -0.5422
vn 0.7053 -0.0926 -0.7028
vn 0.8061 -0.5885 -0.0621
vn 0.7910 -0.5903 -0.1610
vn 0.7518 -0.3322 -0.5696
vn 0.7120 -0.2165 -0.6680
vn 0.3956 0.1629 -0.9039
vn 0.3896 0.2023 -0.8985
vn -0.1187 0.3992 -0.9091
vn -0.6986 0.5681 -0.4349
vn -0.8040 0.4917 -0.3344
vn -0.7120 0.4411 -0.5463
vn 0.1397 0.3848 -0.9124
vn 0.1270 0.3355 -0.9335
vn 0.0668 0.3949 -0.9163
vn 0.0567 0.3898 -0.9192
vn 0.9113 -0.3251 -0.2526
vn 0.9283 -0.2351 -0.2882
vn 0.3366 0.2330 -0.9124
vn 0.9776 -0.1612 -0.1352
vn 0.9587 -0.0204 -0.2837
vn 0.4172 0.1823 -0.8903
vn -0.3937 0.5704 -0.7209
vn -0.2184 0.3304 -0.9182
vn -0.5572 0.1425 -0.8181
vn 0.7486 0.4425 -0.4938
vn -0.5539 -0.0060 -0.8326
vn 0.5001 0.2034 -0.8417
vn 0.7728 0.5660 -0.2870
vn 0.5157 0.2329 -0.8245
vn -0.3133 -0.7924 0.5235
vn -0.6742 -0.6966 0.2453
vn -0.8929 -0.1428 -0.4270
vn -0.8860 -0.1958 -0.4203
vn -0.1794 0.6584 -0.7310
vn -0.9097 -0.2202 -0.3521
vn -0.9353 -0.2507 -0.2498
vn -0.3710 -0.6564 0.6569
vn -0.2511 -0.6349 0.7307
vn -0.2497 -0.6396 0.7270
vn -0.0891 -0.5940 0.7995
vn -0.2851 -0.5943 0.7520
vn -0.8234 -0.3472 0.4488
vn -0.4789 -0.7912 -0.3804
vn -0.7407 -0.2317 0.6307
vn -0.7416 -0.2299 0.6302
vn -0.8903 -0.2839 0.3559
vn 0.1405 -0.5529 0.8214
vn 0.1158 -0.5489 0.8278
vn 0.1632 -0.6078 0.7771
vn -0.0653 -0.5277 0.8469
vn -0.1884 -0.1989 0.9617
vn 0.2620 -0.6230 0.7370
vn 0.5837 -0.6707 0.4577
vn 0.4989 -0.7205 0.4816
vn 0.7663 -0.6396 0.0605
vn 0.7984 -0.5774 0.1706
vn 0.8572 -0.4974 -0.1330
vn 0.7388 -0.6457 0.1929
vn 0.0748 -0.4341 0.8978
vn 0.8050 0.1886 -0.5624
vn 0.7967 0.1639 -0.5817
vn 0.9117 -0.2272 -0.3422
vn 0.9721 -0.1777 0.1530
vn 0.8252 -0.0643 -0.5612
vn 0.8452 -0.0621 -0.5308
vn 0.9737 -0.2151 0.0749
vn 0.9404 -0.3402 -0.0012
vn 0.9334 -0.3587 0.0037
vn 0.8808 -0.4722 -0.0336
vn 0.8032 0.2739 -0.5290
vn -0.9291 0.0427 0.3674
vn 0.4431 0.2869 -0.8493
vn -0.7130 0.1553 -0.6837
vn -0.6936 -0.0913 -0.7145
vn -0.4651 -0.1740 -0.8680
vn 0.0627 0.0903 -0.9939
vn -0.4832 0.0168 -0.8753
vn -0.5243 -0.0562 -0.8497
vn 0.9373 0.1838 -0.2960
vn 0.9317 0.1931 -0.3077
vn 0.7971 0.2839 -0.5329
vn -0.6665 -0.0416 -0.7444
vn 0.0507 0.1193 -0.9916
vn 0.4678 0.2201 -0.8560
vn 0.5007 0.2586 -0.8261
vn 0.7659 0.2461 -0.5940
vn -0.5172 -0.0590 -0.8538
vn 0.4654 0.2786 -0.8401
vn 0.4738 0.3019 -0.8272
vn 0.4986 0.2590 -0.8272
vn 0.4493 0.3389 -0.8266
vn 0.4367 0.3134 -0.8433
vn 0.8426 0.2985 -0.4484
vn 0.7962 0.2004 -0.5709
vn 0.7907 0.2828 -0.5431
vn 0.8085 0.3274 -0.4889
vn 0.7995 0.3396 -0.4954
vn 0.8412 0.3333 0.4258
vn 0.9238 0.2297 0.3062
vn 0.9383 0.1109 0.3276
vn 0.9423 0.2501 0.2225
vn 0.9306 0.2246 0.2889
vn 0.8462 0.3162 0.4289
vn 0.8007 0.3327 -0.4981
vn 0.8501 0.3416 0.4008
vn 0.7786 0.2655 -0.5686
vn 0.9066 0.3131 0.2829
vn 0.9039 0.3850 -0.1862
vn 0.8812 0.3983 -0.2547
vn 0.9048 0.3150 0.2864
vn 0.7337 0.3355 -0.5909
vn 0.9152 0.2801 0.2897
vn 0.7520 0.3098 -0.5819
vn 0.7504 0.2947 -0.5917
vn 0.9403 0.3381 -0.0394
vn 0.7325 0.3101 -0.6061
vn 0.9159 0.3306 0.2278
vn 0.8599 0.3345 -0.3857
vn 0.9208 0.3158 0.2290
vn 0.9323 0.3073 0.1908
vn 0.9462 0.3216 -0.0364
vn 0.7337 0.3046 -0.6074
vn 0.7315 0.3007 -0.6120
vn 0.9268 0.3079 0.2151
vn 0.5342 0.2667 -0.8022
vn 0.5343 0.3192 -0.7827
vn 0.4982 0.2527 -0.8294
vn 0.8090 0.2099 0.5491
vn 0.4180 0.0471 0.9072
vn 0.7894 0.1462 0.5962
vn 0.7307 0.1956 0.6541
vn 0.7829 0.2353 0.5760
vn 0.8440 0.2681 -0.4646
vn 0.7367 0.2324 0.6351
vn 0.9426 0.2688 0.1980
vn 0.7011 0.2797 0.6560
vn 0.6642 0.2334 0.7102
vn 0.9554 -0.2319 -0.1827
vn 0.4007 -0.5237 0.7518
vn 0.1883 -0.4360 0.8800
vn 0.1659 -0.1285 0.9777
vn 0.3580 0.0485 0.9325
vn 0.8759 -0.4719 0.1007
vn 0.9574 0.1591 -0.2411
vn 0.9549 0.2963 0.0196
vn 0.8744 0.3110 0.3725
vn 0.8863 0.3044 0.3491
vn 0.8453 -0.1284 0.5187
vn 0.7055 -0.1529 0.6920
vn 0.0680 -0.6243 -0.7782
vn 0.5571 0.2155 -0.8020
vn -0.5720 -0.8162 0.0816
vn -0.5677 -0.8193 0.0800
vn -0.5774 -0.8160 -0.0273
vn -0.6100 -0.7615 0.2191
vn -0.3778 -0.8694 -0.3185
vn 0.1157 -0.6447 -0.7556
vn 0.6211 0.0892 -0.7786
vn 0.6348 0.7501 -0.1856
vn 0.8973 0.2712 -0.3483
vn 0.8942 0.2554 -0.3676
vn 0.7771 0.4325 0.4573
vn 0.8950 0.2794 -0.3478
vn 0.8849 0.2136 -0.4139
vn 0.6179 0.7313 0.2886
vn 0.4646 -0.0973 -0.8802
vn 0.7269 -0.0443 -0.6854
vn 0.3919 0.8088 0.4384
vn 0.4800 0.7504 0.4544
vn 0.4552 0.7126 0.5338
vn 0.8934 0.1733 -0.4146
vn 0.8723 0.2304 -0.4312
vn 0.9204 0.2019 -0.3347
vn 0.9293 0.1827 -0.3210
vn 0.8956 0.3176 -0.3114
vn 0.9135 0.2794 -0.2959
vn 0.2827 -0.5772 -0.7661
vn 0.3959 0.8098 0.4329
vn 0.4075 0.8497 0.3346
vn 0.1914 0.7987 0.5705
vn 0.1539 0.8536 0.4976
vn 0.2927 0.8847 0.3628
vn 0.8704 0.4650 -0.1616
vn 0.6497 -0.3987 -0.6473
vn 0.6700 -0.3534 -0.6528
vn 0.7615 -0.3176 -0.5650
vn 0.8754 0.4247 -0.2309
vn 0.9647 -0.1386 0.2238
vn -0.3515 -0.7241 0.5934
vn -0.4275 -0.7499 0.5048
vn 0.8197 -0.2021 0.5360
vn -0.1556 0.4426 -0.8831
vn 0.8636 0.5040 0.0080
vn 0.9176 0.2573 -0.3032
vn 0.8593 0.4851 -0.1619
vn 0.4445 -0.3122 -0.8396
vn 0.2401 0.9490 -0.2042
vn 0.9157 0.2762 -0.2919
vn 0.9117 0.3952 -0.1118
vn 0.8662 0.4934 0.0794
vn 0.7082 -0.1887 -0.6803
vn 0.9193 0.2887 -0.2676
vn 0.8444 0.4743 -0.2491
vn 0.8515 0.4693 -0.2339
vn 0.9256 0.2706 -0.2645
vn 0.9130 0.3175 -0.2561
vn 0.1745 -0.5967 -0.7833
vn 0.1562 -0.6064 -0.7797
vn 0.9157 0.3133 -0.2518
vn 0.9244 0.3393 -0.1743
vn 0.1498 -0.5696 0.8082
vn -0.2052 -0.7659 0.6093
vn -0.8751 -0.4840 -0.0015
vn 0.9658 0.0956 -0.2410
vn 0.7151 0.6390 0.2834
vn 0.6243 0.6703 0.4012
vn 0.7744 0.5354 0.3370
vn -0.3440 -0.8672 -0.3602
vn 0.0337 0.7295 0.6831
vn 0.0228 0.6906 0.7229
vn -0.4849 0.1997 0.8515
vn -0.6859 -0.2849 0.6696
vn -0.6936 -0.3129 0.6488
vn -0.7276 -0.1856 0.6604
vn -0.1221 0.6425 0.7565
vn -0.0174 0.7026 0.7114
vn -0.0095 0.7120 0.7021
vn -0.7626 -0.2212 0.6078
vn -0.0285 0.7094 0.7042
vn -0.7505 -0.2913 0.5932
vn -0.7273 -0.2835 0.6250
vn -0.3592 -0.8436 -0.3992
vn -0.3173 -0.8556 -0.4090
vn -0.7438 -0.2730 0.6101
vn -0.7456 -0.2720 0.6083
vn -0.2995 -0.8440 -0.4449
vn -0.7120 -0.3543 0.6062
vn -0.7800 -0.3311 0.5309
vn -0.7504 -0.3148 0.5812
vn -0.0253 0.7168 0.6968
vn -0.2998 -0.8245 -0.4798
vn -0.7519 -0.2666 0.6030
vn -0.8201 -0.4936 0.2896
vn -0.3585 -0.7841 -0.5066
vn -0.3246 -0.8120 -0.4851
vn 0.0238 0.7211 0.6924
vn 0.0050 0.7898 0.6133
vn -0.3199 -0.8394 -0.4394
vn -0.7426 -0.3259 0.5850
vn -0.7485 -0.2396 0.6184
vn -0.7565 -0.2368 0.6096
vn -0.3360 -0.8326 -0.4404
vn -0.7553 -0.2621 0.6007
vn -0.7615 -0.3170 0.5653
vn -0.7735 -0.2533 0.5811
vn -0.7751 -0.2530 0.5789
vn -0.7773 -0.2514 0.5767
vn -0.3276 0.5942 0.7345
vn -0.3333 0.5919 0.7339
vn -0.3178 0.6339 0.7051
vn -0.2616 0.6404 0.7221
vn -0.2263 0.7019 0.6754
vn -0.7648 -0.1914 0.6151
vn -0.7405 -0.2081 0.6390
vn -0.7271 -0.2291 0.6471
vn -0.6534 -0.2612 0.7105
vn -0.6743 -0.2395 0.6985
vn -0.6429 -0.2601 0.7204
vn -0.3354 -0.8725 -0.3553
vn -0.4100 -0.8541 -0.3200
vn -0.3754 -0.8719 -0.3144
vn 0.1069 -0.6379 -0.7626
vn -0.0138 -0.6730 -0.7395
vn 0.6336 0.7553 -0.1677
vn 0.7263 0.2079 -0.6552
vn 0.6249 0.7627 -0.1666
vn 0.5995 0.0853 -0.7958
vn 0.6259 0.7593 -0.1780
vn 0.6864 0.7149 -0.1333
vn 0.5476 0.8367 -0.0066
vn 0.6392 0.0774 -0.7651
vn 0.5418 0.8401 -0.0259
vn 0.5887 0.8067 -0.0519
vn 0.6006 0.7958 0.0769
vn 0.6890 0.1266 -0.7136
vn 0.7162 0.1271 -0.6862
vn 0.7414 0.2059 -0.6387
vn 0.1943 -0.6549 -0.7303
vn 0.7068 0.1897 -0.6816
vn 0.5192 0.8485 0.1025
vn 0.2270 -0.6468 -0.7281
vn 0.2269 -0.6480 -0.7270
vn 0.6924 0.2068 -0.6912
vn 0.8910 0.2137 -0.4007
vn 0.8393 0.3306 -0.4316
vn 0.9333 0.2597 -0.2479
vn 0.9592 0.2822 0.0176
vn 0.8740 0.3563 0.3306
vn 0.9402 0.2244 0.2563
vn 0.8615 0.4553 0.2248
vn 0.9385 0.2889 -0.1890
vn 0.8819 0.4712 -0.0142
vn 0.8773 0.4780 0.0439
vn 0.8795 0.3510 -0.3214
vn 0.9262 0.2725 -0.2605
vn 0.9565 0.2913 -0.0160
vn -0.0141 -0.7017 -0.7124
vn 0.0782 -0.6576 -0.7493
vn 0.0329 -0.6659 -0.7454
vn -0.6214 -0.7651 -0.1687
vn -0.4928 -0.8305 -0.2596
vn -0.7974 -0.2780 0.5355
vn -0.7967 -0.2774 0.5370
vn -0.5301 -0.7984 -0.2858
vn -0.5504 -0.1290 -0.8249
vn 0.5152 0.2304 -0.8255
vn 0.8337 0.5228 -0.1779
vn -0.5404 -0.1352 -0.8305
vn 0.2520 -0.5967 -0.7619
vn -0.2409 -0.7490 -0.6172
vn 0.2155 -0.5795 -0.7859
vn 0.2143 -0.6008 -0.7702
vn -0.1946 -0.7418 -0.6418
vn -0.0926 -0.8937 -0.4389
vn -0.0941 -0.8720 -0.4804
vn -0.2415 -0.9083 0.3417
vn 0.0950 -0.5777 -0.8107
vn 0.5160 -0.4087 0.7528
vn 0.7012 -0.2695 -0.6601
vn 0.4177 -0.7876 -0.4530
vn 0.9067 0.2919 0.3045
vn 0.8702 -0.2618 -0.4174
vn 0.4117 0.1797 -0.8934
vn 0.3553 0.1873 -0.9158
vn 0.8700 -0.3595 -0.3373
vn 0.6976 -0.2287 -0.6790
vn 0.0485 -0.6579 -0.7515
vn 0.1547 -0.6833 -0.7136
vn 0.9160 0.2300 -0.3286
vn -0.9012 -0.4331 0.0164
vn -0.8745 -0.4850 0.0007
vn 0.1793 -0.5611 -0.8081
vn 0.1398 -0.6179 -0.7737
vn -0.8087 -0.5775 0.1115
vn 0.2825 -0.6349 -0.7191
vn 0.3487 -0.6471 -0.6780
vn -0.2995 0.1182 -0.9468
vn 0.4659 0.2371 -0.8525
vn 0.4508 0.2188 -0.8654
vn 0.9754 0.1718 -0.1378
vn 0.4412 0.2363 -0.8657
vn 0.8460 0.4101 -0.3409
vn 0.3291 0.2044 -0.9219
vn -0.5319 -0.1204 -0.8382
vn 0.7720 0.4174 -0.4794
vn -0.1830 0.6352 -0.7503
vn -0.2231 0.6341 -0.7404
vn 0.6945 -0.2858 0.6603
vn -0.9387 -0.2625 -0.2234
vn -0.9550 -0.2686 -0.1259
vn -0.4555 -0.6738 0.5818
vn -0.4129 -0.6934 0.5905
vn -0.9599 -0.2800 -0.0112
vn -0.9606 -0.2776 -0.0141
vn -0.9636 -0.2542 0.0833
vn -0.9540 -0.2693 -0.1318
vn -0.3094 0.5815 -0.7524
vn -0.3412 0.5423 -0.7677
vn -0.3736 0.5841 -0.7206
vn -0.3760 0.5813 -0.7216
vn -0.9193 -0.2214 -0.3253
vn -0.9545 -0.2412 -0.1754
vn -0.1768 -0.7524 0.6345
vn -0.9626 -0.2271 -0.1476
vn -0.9584 -0.1507 -0.2425
vn -0.9612 -0.2704 0.0552
vn -0.9524 0.0638 -0.2981
vn -0.4419 0.5310 -0.7231
vn -0.4796 0.5709 -0.6664
vn -0.3736 0.5852 -0.7197
vn -0.9581 -0.2180 -0.1859
vn -0.9776 -0.1822 -0.1055
vn -0.4364 0.5380 -0.7212
vn -0.9254 -0.1648 -0.3414
vn -0.8884 -0.2758 -0.3670
vn -0.3109 0.5831 -0.7506
vn -0.2184 0.5941 -0.7742
vn -0.6257 -0.7777 0.0608
vn 0.0041 -0.7149 -0.6993
vn 0.0472 -0.7041 -0.7085
vn 0.6104 0.0732 -0.7887
vn 0.0049 -0.7156 -0.6985
vn 0.6219 0.0921 -0.7777
vn 0.6509 0.7586 -0.0277
vn 0.7462 0.2028 -0.6341
vn 0.2006 -0.6417 -0.7403
vn 0.1937 -0.6520 -0.7330
vn 0.7122 0.1906 -0.6756
vn 0.7471 0.2294 -0.6238
vn 0.1991 -0.6656 -0.7192
vn 0.0536 -0.6852 -0.7264
vn 0.5288 0.8434 0.0956
vn 0.4801 0.8432 0.2420
vn 0.7407 0.2545 -0.6218
vn 0.7739 0.2353 -0.5880
vn 0.7576 0.2164 -0.6158
vn 0.0569 -0.6786 -0.7323
vn 0.3652 0.8290 0.4236
vn 0.7559 0.1890 -0.6268
vn 0.0400 -0.6790 -0.7331
vn 0.8406 0.2079 -0.5002
vn 0.8731 0.2448 -0.4217
vn 0.8076 0.2314 -0.5425
vn -0.1419 -0.7828 -0.6059
vn 0.8116 0.1998 -0.5490
vn 0.8039 0.2194 -0.5529
vn 0.0113 -0.5986 -0.8010
vn 0.0095 -0.6119 -0.7909
vn 0.7853 0.2051 -0.5842
vn -0.0799 -0.6042 -0.7928
vn -0.0725 -0.7672 -0.6373
vn 0.6899 -0.5454 0.4760
vn 0.6120 -0.7246 -0.3169
vn 0.8084 0.0623 -0.5853
vn 0.9264 0.2531 -0.2788
vn 0.9691 0.2144 -0.1221
vn 0.9424 0.2495 -0.2228
vn 0.9415 0.2565 -0.2186
vn 0.7871 -0.3588 0.5016
vn 0.7216 -0.3694 0.5855
vn 0.8145 -0.3212 0.4831
vn 0.9689 0.2083 -0.1337
vn 0.5716 0.5713 -0.5890
vn 0.9710 0.1974 -0.1346
vn 0.1480 0.6589 -0.7376
vn 0.9419 0.2791 -0.1870
vn 0.9460 0.2848 -0.1547
vn 0.9606 0.2755 -0.0361
vn 0.9624 0.2706 -0.0237
vn 0.5781 -0.4871 0.6546
vn 0.9522 0.2668 0.1486
vn 0.7797 -0.3276 0.5335
vn 0.9553 0.2448 0.1659
vn 0.9345 0.2293 0.2723
vn 0.5029 0.7825 -0.3672
vn 0.4723 0.8006 -0.3688
vn 0.4558 0.7917 -0.4068
vn 0.9470 0.2739 0.1679
vn 0.9298 0.2347 0.2836
vn 0.9276 0.2187 0.3028
vn 0.9646 0.2340 0.1213
vn 0.9604 0.2355 0.1490
vn 0.9277 0.2216 0.3003
vn 0.9130 0.2768 0.2996
vn 0.5117 0.7985 -0.3172
vn 0.9750 0.2147 0.0568
vn 0.8098 -0.3276 0.4866
vn 0.7822 -0.3239 0.5322
vn 0.6870 -0.4054 0.6031
vn 0.7363 -0.3867 0.5553
vn 0.9751 0.2209 0.0200
vn 0.7730 -0.3242 0.5454
vn 0.9755 0.2196 -0.0110
vn 0.9764 0.2157 -0.0128
vn 0.9757 0.2154 -0.0407
vn 0.3188 0.6852 -0.6549
vn 0.4234 0.7027 -0.5718
vn 0.3273 0.6769 -0.6593
vn 0.9547 0.2624 -0.1406
vn 0.4386 0.6866 -0.5798
vn 0.5101 0.6522 -0.5608
vn 0.9534 0.2564 -0.1591
vn 0.9679 0.2378 -0.0818
vn 0.9521 0.2634 -0.1550
vn 0.9673 0.2531 -0.0192
vn 0.9679 0.2502 0.0251
vn 0.9582 0.2193 0.1838
vn 0.9266 0.2991 0.2278
vn 0.6764 0.6915 -0.2535
vn 0.6820 0.6865 -0.2522
vn 0.6534 0.6888 -0.3141
vn 0.9392 0.1807 0.2921
vn 0.9484 0.2673 0.1702
vn 0.9616 0.2742 -0.0101
vn 0.9549 0.1729 0.2413
vn 0.9432 0.1896 0.2727
vn 0.4599 -0.5279 0.7140
vn 0.4424 -0.5689 0.6932
vn 0.4347 -0.5714 0.6961
vn -0.5710 -0.1086 -0.8137
vn 0.9244 0.3333 0.1855
vn -0.3473 -0.7845 0.5137
vn -0.9027 -0.3592 -0.2367
vn -0.9056 -0.3664 -0.2138
vn -0.3084 -0.8060 0.5053
vn -0.2778 -0.7688 0.5760
vn -0.2786 -0.7684 0.5762
vn -0.2663 -0.7578 0.5956
vn -0.8818 -0.2661 -0.3895
vn -0.9129 -0.3619 -0.1887
vn -0.2506 -0.7346 0.6305
vn -0.2643 -0.7585 0.5957
vn -0.9237 -0.3381 -0.1801
vn -0.1783 -0.7694 0.6134
vn -0.8094 -0.0082 -0.5872
vn -0.3548 0.5590 -0.7494
vn -0.4053 0.4865 -0.7739
vn -0.8869 -0.3677 -0.2795
vn -0.8975 -0.1707 -0.4068
vn -0.4087 0.4881 -0.7711
vn -0.4030 0.5034 -0.7643
vn -0.8983 -0.2631 -0.3520
vn -0.2565 0.5858 -0.7688
vn -0.9316 -0.3104 -0.1890
vn -0.3811 0.5043 -0.7749
vn -0.9090 -0.1183 -0.3997
vn -0.8810 -0.3275 -0.3416
vn -0.3030 0.5701 -0.7637
vn -0.3765 0.4557 -0.8066
vn -0.9174 -0.3266 -0.2274
vn -0.1324 -0.7200 0.6813
vn -0.0267 -0.7028 0.7109
vn -0.5039 0.5495 -0.6664
vn -0.5230 0.5193 -0.6759
vn -0.9918 -0.0723 -0.1050
vn -0.9680 -0.2482 -0.0370
vn -0.9525 -0.2477 0.1773
vn -0.9522 -0.2460 0.1809
vn -0.9509 -0.2574 0.1719
vn -0.9412 -0.2864 0.1793
vn 0.1951 -0.5881 0.7849
vn -0.4462 -0.8308 -0.3326
vn -0.4874 -0.8442 -0.2232
vn -0.6292 -0.7750 0.0591
vn -0.5822 -0.8127 0.0248
vn -0.3107 -0.8806 -0.3578
vn 0.0802 -0.6903 -0.7191
vn 0.1195 -0.6938 -0.7102
vn 0.7115 0.0688 -0.6993
vn 0.7389 0.0630 -0.6709
vn -0.2675 -0.8877 -0.3747
vn -0.3212 -0.8724 -0.3685
vn -0.6818 -0.7304 -0.0399
vn -0.5920 -0.8059 -0.0076
vn 0.9240 0.1396 -0.3559
vn 0.2707 0.2190 -0.9374
vn 0.2767 0.2073 -0.9383
vn -0.6710 0.2282 -0.7054
vn -0.0586 0.7049 0.7069
vn -0.0661 0.6495 0.7575
vn -0.1113 0.6401 0.7602
vn -0.3077 -0.8624 -0.4021
vn -0.3030 -0.8418 -0.4467
vn 0.8498 -0.4779 -0.2223
vn 0.8366 -0.5102 -0.1994
vn 0.1719 -0.6109 0.7728
vn 0.8493 -0.4875 -0.2025
vn 0.8525 -0.4893 -0.1840
vn 0.8456 -0.4941 -0.2020
vn 0.7396 -0.1372 -0.6589
vn 0.7391 -0.1374 -0.6595
vn 0.7363 -0.0739 -0.6727
vn 0.7965 -0.5994 -0.0789
vn 0.8107 -0.5785 -0.0903
vn 0.8201 -0.5678 -0.0706
vn 0.8674 -0.4923 -0.0726
vn 0.7832 -0.1636 -0.5999
vn 0.8188 -0.1402 -0.5567
vn 0.8185 -0.1037 -0.5651
vn -0.7069 -0.6919 0.1471
vn -0.7551 -0.6364 0.1575
vn -0.9409 -0.1984 -0.2744
vn -0.2966 0.5677 -0.7680
vn -0.7586 0.1330 -0.6378
vn -0.9400 -0.3182 -0.1229
vn -0.9430 -0.3297 -0.0453
vn -0.3365 0.6007 -0.7252
vn -0.2921 0.5880 -0.7542
vn -0.8310 0.2022 -0.5183
vn -0.3175 0.6404 -0.6993
vn -0.4512 0.6348 -0.6273
vn -0.4327 0.6002 -0.6727
vn -0.4815 0.5298 -0.6982
vn -0.9499 -0.3123 0.0108
vn -0.9435 -0.3292 -0.0376
vn -0.1237 -0.7245 0.6780
vn -0.5637 0.5345 -0.6297
vn -0.9715 -0.2100 0.1097
vn -0.9531 -0.2764 0.1232
vn -0.5569 0.5428 -0.6287
vn -0.9346 -0.2495 0.2535
vn -0.9436 -0.2773 0.1810
vn -0.4986 0.5470 -0.6725
vn -0.4897 0.5594 -0.6688
vn -0.2022 0.7771 0.5960
vn -0.7321 -0.3281 0.5969
vn -0.7649 -0.2859 0.5772
vn -0.9331 -0.2510 0.2575
vn -0.9332 -0.2502 0.2579
vn -0.8132 -0.4623 0.3537
vn -0.4452 -0.7582 -0.4764
vn -0.6282 -0.5527 0.5476
vn -0.3594 -0.9287 0.0912
vn -0.8279 -0.3147 0.4643
vn -0.8170 -0.2439 0.5226
vn -0.7190 -0.6816 0.1359
vn -0.5679 -0.8165 -0.1043
vn 0.1099 -0.7259 -0.6789
vn 0.1251 -0.7102 -0.6928
vn 0.7620 0.0168 -0.6473
vn -0.2693 -0.8865 -0.3763
vn -0.5792 -0.8149 -0.0209
vn -0.7736 -0.1718 0.6099
vn -0.6119 -0.7904 -0.0310
vn -0.6294 -0.7765 0.0317
vn -0.8139 -0.1571 0.5594
vn -0.8203 -0.1622 0.5484
vn -0.3204 0.6591 0.6804
vn -0.2097 0.6999 0.6827
vn -0.8291 -0.1534 0.5376
vn -0.8411 -0.1371 0.5232
vn -0.2622 -0.9071 -0.3293
vn 0.6965 0.0886 -0.7121
vn 0.7496 0.1486 -0.6450
vn 0.7523 0.1350 -0.6448
vn 0.9454 0.3184 -0.0700
vn 0.9483 0.3108 -0.0636
vn -0.2948 -0.7456 0.5976
vn -0.3728 -0.7928 0.4822
vn 0.9609 0.2594 0.0974
vn 0.6332 0.7075 -0.3137
vn 0.9489 0.1628 0.2704
vn 0.9421 0.1937 0.2737
vn 0.9689 0.1910 0.1573
vn 0.9728 0.1749 0.1521
vn 0.4868 -0.5350 0.6905
vn 0.5255 -0.4870 0.6976
vn 0.5503 -0.5376 0.6389
vn 0.6840 -0.3813 0.6219
vn 0.5085 0.6987 -0.5032
vn 0.5638 0.6662 -0.4881
vn 0.9822 0.1746 0.0695
vn 0.9730 0.2171 0.0786
vn 0.9793 0.2015 0.0174
vn 0.8263 0.3477 -0.4431
vn 0.9253 0.2893 0.2451
vn 0.9193 0.3581 0.1635
vn 0.9477 0.3191 0.0045
vn -0.1027 -0.7058 0.7010
vn -0.9577 -0.2385 0.1611
vn -0.0612 -0.6693 0.7404
vn -0.0197 -0.6536 0.7566
vn -0.0150 -0.5957 0.8030
vn -0.0620 -0.7014 0.7100
vn -0.0590 -0.7003 0.7114
vn -0.8978 -0.2971 0.3250
vn -0.5927 0.4821 -0.6452
vn -0.0800 -0.7212 0.6880
vn 0.8995 0.4347 -0.0430
vn 0.6039 0.6918 -0.3959
vn 0.6003 0.6945 -0.3966
vn -0.4421 0.5565 -0.7035
vn 0.0896 -0.6403 0.7629
vn -0.8224 -0.3206 0.4699
vn 0.1329 -0.8523 0.5059
vn -0.8162 -0.2448 0.5234
vn -0.2067 0.7729 0.6000
vn -0.2342 0.7379 0.6330
vn -0.6218 -0.7822 0.0377
vn 0.5557 0.8286 0.0675
vn 0.5360 0.8360 0.1172
vn -0.6494 -0.7175 0.2520
vn -0.7644 -0.6307 0.1341
vn -0.8971 -0.3396 -0.2827
vn -0.5517 0.4855 -0.6782
vn -0.4332 0.5207 -0.7357
vn -0.9508 -0.3051 0.0549
vn -0.9456 -0.3228 0.0402
vn -0.9430 -0.2706 0.1938
vn -0.9419 -0.3255 -0.0836
vn -0.9147 -0.3914 -0.1006
vn -0.5718 -0.6980 0.4312
vn -0.6801 -0.6687 0.3004
vn -0.9290 -0.3700 0.0040
vn -0.9478 -0.3123 0.0639
vn -0.9444 -0.3229 0.0614
vn -0.5493 0.5038 -0.6667
vn -0.5470 0.5171 -0.6583
vn -0.8789 0.1632 -0.4483
vn -0.7434 0.4629 -0.4828
vn -0.9303 -0.2666 0.2520
vn -0.8299 -0.3263 0.4526
vn -0.8179 -0.2442 0.5209
vn -0.9282 -0.2351 0.2884
vn -0.9276 -0.2347 0.2905
vn -0.7825 0.5796 -0.2275
vn -0.7655 0.5895 -0.2578
vn -0.8718 0.4014 -0.2807
vn -0.7370 0.4749 -0.4810
vn -0.9594 -0.0580 0.2759
vn -0.6293 -0.7732 0.0787
vn -0.9413 -0.2661 0.2076
vn 0.7701 0.3987 -0.4979
vn 0.9000 0.3308 -0.2840
vn 0.2288 0.6569 -0.7184
vn 0.2602 0.6685 -0.6968
vn 0.2665 0.6595 -0.7029
vn 0.9775 0.2039 -0.0537
vn 0.9792 0.1962 -0.0521
vn 0.8183 -0.3141 0.4813
vn 0.1936 0.6839 -0.7035
vn 0.9791 0.1940 -0.0614
vn 0.8191 -0.3161 0.4787
vn 0.7930 -0.3323 0.5106
vn 0.5094 0.7814 0.3605
vn 0.4891 0.7906 0.3684
vn 0.8275 0.1994 -0.5248
vn -0.1374 -0.7518 -0.6449
vn -0.0581 -0.7597 -0.6476
vn 0.9453 0.1799 -0.2722
vn 0.9411 0.2620 -0.2137
vn 0.7748 -0.4010 0.4888
vn 0.7873 -0.3984 0.4705
vn -0.4332 0.5209 -0.7355
s 0
usemtl Mage_ArcaneRobes
f 2//1 1//1 138//1
f 5//2 4//2 250//2
f 7//3 8//3 6//3
f 6//4 8//4 13//4
f 7//5 6//5 9//5
f 8//6 14//6 13//6
f 13//7 15//7 12//7
f 134//8 3//8 1//8
f 24//9 27//9 28//9
f 24//10 28//10 29//10
f 27//11 24//11 26//11
f 25//12 26//12 24//12
f 24//13 30//13 25//13
f 31//14 25//14 30//14
f 26//15 25//15 32//15
f 32//16 25//16 31//16
f 27//17 26//17 55//17
f 55//18 26//18 32//18
f 31//19 30//19 34//19
f 34//20 30//20 33//20
f 36//21 22//21 21//21
f 36//22 21//22 48//22
f 40//23 38//23 37//23
f 41//24 38//24 40//24
f 41//25 40//25 42//25
f 42//26 40//26 39//26
f 45//27 46//27 44//27
f 44//28 66//28 42//28
f 42//29 66//29 43//29
f 43//30 66//30 59//30
f 43//31 47//31 42//31
f 41//32 47//32 38//32
f 47//33 41//33 42//33
f 43//34 49//34 47//34
f 48//35 47//35 49//35
f 48//36 49//36 36//36
f 50//37 22//37 36//37
f 36//38 49//38 50//38
f 50//39 49//39 57//39
f 34//40 33//40 51//40
f 56//41 51//41 35//41
f 53//42 34//42 51//42
f 51//43 60//43 53//43
f 31//44 34//44 52//44
f 34//45 53//45 52//45
f 32//46 31//46 52//46
f 52//47 54//47 32//47
f 32//48 54//48 55//48
f 60//49 54//49 52//49
f 56//50 35//50 23//50
f 56//51 23//51 22//51
f 56//52 22//52 50//52
f 56//53 57//53 51//53
f 56//54 50//54 57//54
f 57//55 60//55 51//55
f 57//56 58//56 60//56
f 58//57 57//57 49//57
f 49//58 43//58 58//58
f 54//59 60//59 58//59
f 53//60 60//60 52//60
f 61//61 54//61 58//61
f 58//62 43//62 59//62
f 58//63 59//63 62//63
f 61//64 58//64 63//64
f 63//65 58//65 62//65
f 62//66 59//66 64//66
f 63//67 62//67 65//67
f 64//68 59//68 66//68
f 67//69 64//69 66//69
f 68//70 66//70 44//70
f 67//71 66//71 718//71
f 718//72 66//72 68//72
f 723//73 68//73 724//73
f 44//74 46//74 69//74
f 44//75 69//75 68//75
f 69//76 70//76 68//76
f 46//77 71//77 69//77
f 70//78 69//78 71//78
f 45//79 71//79 46//79
f 37//80 72//80 40//80
f 45//81 44//81 42//81
f 45//82 39//82 40//82
f 40//83 72//83 45//83
f 45//84 72//84 71//84
f 73//85 370//85 74//85
f 77//86 79//86 75//86
f 79//87 77//87 78//87
f 75//88 79//88 81//88
f 81//89 79//89 76//89
f 79//90 80//90 76//90
f 79//91 82//91 80//91
f 82//92 79//92 89//92
f 79//93 78//93 89//93
f 89//94 78//94 91//94
f 84//95 85//95 83//95
f 84//96 86//96 85//96
f 87//97 85//97 86//97
f 87//98 86//98 88//98
f 83//99 90//99 78//99
f 779//100 82//100 89//100
f 82//101 779//101 781//101
f 89//102 92//102 779//102
f 781//103 80//103 82//103
f 93//104 80//104 781//104
f 93//105 781//105 96//105
f 80//106 93//106 94//106
f 94//107 93//107 95//107
f 97//108 95//108 93//108
f 97//109 93//109 96//109
f 98//110 97//110 96//110
f 90//111 91//111 78//111
f 90//112 85//112 99//112
f 99//113 85//113 87//113
f 839//114 87//114 88//114
f 86//115 100//115 88//115
f 86//116 84//116 100//116
f 88//117 100//117 937//117
f 937//118 100//118 101//118
f 102//119 943//119 101//119
f 102//120 103//120 945//120
f 943//121 102//121 945//121
f 107//122 20//122 105//122
f 105//123 20//123 128//123
f 128//124 20//124 104//124
f 20//125 107//125 106//125
f 111//126 106//126 107//126
f 108//127 107//127 109//127
f 105//128 109//128 107//128
f 111//129 110//129 106//129
f 106//130 110//130 112//130
f 113//131 112//131 110//131
f 115//132 113//132 116//132
f 116//133 113//133 110//133
f 110//134 117//134 116//134
f 117//135 118//135 116//135
f 113//136 115//136 114//136
f 108//137 117//137 110//137
f 110//138 111//138 108//138
f 108//139 109//139 117//139
f 851//140 118//140 117//140
f 851//141 117//141 109//141
f 851//142 109//142 119//142
f 125//143 119//143 120//143
f 128//144 126//144 105//144
f 126//145 122//145 105//145
f 105//146 122//146 121//146
f 121//147 967//147 105//147
f 105//148 967//148 109//148
f 123//149 109//149 124//149
f 124//150 109//150 967//150
f 120//151 109//151 123//151
f 109//152 120//152 119//152
f 127//153 126//153 128//153
f 128//154 129//154 127//154
f 129//155 128//155 104//155
f 3//156 138//156 1//156
f 135//157 136//157 3//157
f 2//158 138//158 137//158
f 140//159 2//159 137//159
f 139//160 137//160 138//160
f 138//161 3//161 136//161
f 138//162 143//162 139//162
f 139//163 141//163 137//163
f 141//164 140//164 137//164
f 140//165 141//165 146//165
f 141//166 139//166 143//166
f 143//167 138//167 136//167
f 144//168 136//168 142//168
f 144//169 143//169 136//169
f 141//170 145//170 146//170
f 148//171 141//171 143//171
f 1913//172 140//172 146//172
f 148//173 145//173 141//173
f 148//174 147//174 145//174
f 150//175 144//175 142//175
f 136//176 135//176 142//176
f 399//177 135//177 3//177
f 399//178 149//178 135//178
f 149//179 1231//179 135//179
f 142//180 135//180 1231//180
f 150//181 151//181 144//181
f 1918//182 152//182 153//182
f 155//183 156//183 162//183
f 153//184 155//184 1920//184
f 1920//185 155//185 162//185
f 153//186 1920//186 154//186
f 162//187 161//187 159//187
f 161//188 160//188 159//188
f 162//189 163//189 161//189
f 162//190 164//190 163//190
f 165//191 164//191 162//191
f 156//192 166//192 162//192
f 166//193 165//193 162//193
f 167//194 164//194 165//194
f 163//195 168//195 161//195
f 1515//196 168//196 171//196
f 171//197 168//197 169//197
f 164//198 168//198 163//198
f 168//199 164//199 169//199
f 164//200 167//200 180//200
f 169//201 170//201 171//201
f 172//202 170//202 169//202
f 169//203 173//203 172//203
f 174//204 173//204 169//204
f 868//205 170//205 172//205
f 174//206 169//206 164//206
f 174//207 175//207 173//207
f 174//208 177//208 175//208
f 733//209 175//209 177//209
f 177//210 178//210 179//210
f 164//211 180//211 174//211
f 174//212 180//212 177//212
f 181//213 177//213 180//213
f 181//214 182//214 177//214
f 178//215 177//215 182//215
f 167//216 181//216 180//216
f 181//217 184//217 183//217
f 183//218 182//218 181//218
f 181//219 167//219 184//219
f 185//220 183//220 184//220
f 186//221 183//221 185//221
f 166//222 187//222 165//222
f 166//223 190//223 187//223
f 187//224 190//224 188//224
f 188//225 190//225 189//225
f 188//226 184//226 187//226
f 165//227 187//227 184//227
f 185//228 188//228 189//228
f 165//229 184//229 167//229
f 184//230 188//230 185//230
f 185//231 191//231 192//231
f 185//232 192//232 186//232
f 193//233 186//233 192//233
f 202//234 192//234 191//234
f 202//235 191//235 186//235
f 185//236 194//236 191//236
f 189//237 194//237 185//237
f 196//238 194//238 195//238
f 189//239 195//239 194//239
f 195//240 149//240 196//240
f 196//241 192//241 194//241
f 191//242 194//242 639//242
f 639//243 186//243 191//243
f 639//244 199//244 186//244
f 186//245 199//245 183//245
f 198//246 183//246 199//246
f 199//247 197//247 198//247
f 183//248 198//248 182//248
f 200//249 199//249 639//249
f 200//250 634//250 199//250
f 634//251 200//251 201//251
f 202//252 639//252 194//252
f 639//253 202//253 203//253
f 192//254 202//254 194//254
f 186//255 193//255 202//255
f 193//256 192//256 196//256
f 202//257 193//257 205//257
f 218//258 205//258 193//258
f 205//259 218//259 206//259
f 207//260 206//260 218//260
f 206//261 207//261 208//261
f 206//262 208//262 209//262
f 210//263 209//263 208//263
f 398//264 210//264 208//264
f 211//265 208//265 212//265
f 212//266 208//266 213//266
f 208//267 207//267 213//267
f 208//268 211//268 398//268
f 393//269 211//269 214//269
f 212//270 213//270 215//270
f 215//271 213//271 216//271
f 216//272 218//272 219//272
f 216//273 213//273 218//273
f 207//274 218//274 213//274
f 216//275 219//275 217//275
f 219//276 218//276 193//276
f 193//277 204//277 219//277
f 217//278 220//278 221//278
f 217//279 221//279 216//279
f 222//280 221//280 220//280
f 221//281 222//281 216//281
f 216//282 222//282 224//282
f 216//283 224//283 223//283
f 216//284 223//284 215//284
f 215//285 226//285 212//285
f 226//286 215//286 223//286
f 232//287 224//287 222//287
f 220//288 232//288 222//288
f 232//289 220//289 234//289
f 224//290 225//290 223//290
f 225//291 224//291 231//291
f 225//292 226//292 223//292
f 226//293 225//293 227//293
f 225//294 231//294 228//294
f 225//295 228//295 227//295
f 229//296 227//296 228//296
f 228//297 230//297 229//297
f 230//298 228//298 231//298
f 230//299 231//299 232//299
f 233//300 230//300 232//300
f 234//301 233//301 232//301
f 232//302 231//302 224//302
f 220//303 235//303 234//303
f 234//304 235//304 237//304
f 234//305 237//305 233//305
f 236//306 235//306 220//306
f 399//307 237//307 235//307
f 236//308 220//308 204//308
f 235//309 149//309 399//309
f 204//310 220//310 217//310
f 204//311 193//311 196//311
f 204//312 196//312 238//312
f 196//313 149//313 238//313
f 236//314 238//314 149//314
f 149//315 235//315 236//315
f 204//316 217//316 219//316
f 236//317 204//317 238//317
f 28//318 245//318 29//318
f 239//319 245//319 28//319
f 239//320 240//320 241//320
f 239//321 241//321 242//321
f 243//322 239//322 242//322
f 243//323 242//323 244//323
f 245//324 239//324 344//324
f 5//325 248//325 247//325
f 249//326 248//326 5//326
f 250//327 249//327 5//327
f 250//328 251//328 249//328
f 251//329 250//329 416//329
f 71//330 72//330 313//330
f 313//331 72//331 252//331
f 255//332 258//332 256//332
f 258//333 257//333 256//333
f 258//334 255//334 246//334
f 259//335 258//335 246//335
f 260//336 257//336 258//336
f 260//337 258//337 262//337
f 261//338 260//338 262//338
f 266//339 262//339 258//339
f 266//340 258//340 259//340
f 264//341 263//341 259//341
f 259//342 752//342 266//342
f 266//343 752//343 265//343
f 269//344 267//344 268//344
f 268//345 267//345 271//345
f 268//346 271//346 270//346
f 267//347 273//347 271//347
f 270//348 271//348 272//348
f 273//349 272//349 271//349
f 268//350 270//350 275//350
f 268//351 275//351 276//351
f 268//352 276//352 269//352
f 104//353 277//353 129//353
f 280//354 129//354 277//354
f 278//355 269//355 276//355
f 278//356 276//356 281//356
f 280//357 277//357 281//357
f 278//358 281//358 277//358
f 281//359 282//359 280//359
f 282//360 281//360 276//360
f 282//361 276//361 275//361
f 280//362 282//362 129//362
f 129//363 282//363 283//363
f 283//364 127//364 129//364
f 282//365 275//365 283//365
f 127//366 283//366 279//366
f 279//367 284//367 127//367
f 275//368 270//368 286//368
f 283//369 275//369 285//369
f 285//370 284//370 279//370
f 285//371 279//371 283//371
f 285//372 275//372 286//372
f 286//373 284//373 285//373
f 127//374 284//374 126//374
f 286//375 289//375 284//375
f 284//376 289//376 126//376
f 286//377 270//377 287//377
f 288//378 122//378 289//378
f 288//379 289//379 286//379
f 126//380 289//380 122//380
f 1006//381 288//381 286//381
f 287//382 1006//382 286//382
f 291//383 292//383 290//383
f 292//384 291//384 293//384
f 291//385 290//385 272//385
f 272//386 290//386 270//386
f 272//387 273//387 365//387
f 272//388 365//388 295//388
f 272//389 296//389 274//389
f 296//390 298//390 297//390
f 298//391 296//391 299//391
f 299//392 296//392 272//392
f 272//393 295//393 299//393
f 298//394 299//394 295//394
f 273//395 267//395 364//395
f 116//396 118//396 115//396
f 114//397 115//397 301//397
f 118//398 301//398 115//398
f 114//399 301//399 852//399
f 302//400 113//400 114//400
f 305//401 461//401 304//401
f 307//402 308//402 306//402
f 308//403 305//403 306//403
f 308//404 309//404 305//404
f 254//405 310//405 311//405
f 311//406 310//406 312//406
f 252//407 253//407 311//407
f 311//408 253//408 254//408
f 311//409 313//409 252//409
f 319//410 725//410 71//410
f 71//411 314//411 319//411
f 311//412 321//412 315//412
f 311//413 315//413 313//413
f 313//414 314//414 71//414
f 313//415 315//415 314//415
f 317//416 316//416 314//416
f 314//417 315//417 317//417
f 320//418 314//418 316//418
f 320//419 319//419 314//419
f 317//420 318//420 316//420
f 311//421 322//421 321//421
f 311//422 312//422 328//422
f 328//423 323//423 311//423
f 327//424 311//424 323//424
f 325//425 326//425 322//425
f 327//426 322//426 311//426
f 325//427 327//427 324//427
f 327//428 323//428 324//428
f 328//429 324//429 323//429
f 324//430 329//430 330//430
f 97//431 333//431 332//431
f 333//432 97//432 98//432
f 332//433 331//433 97//433
f 95//434 97//434 331//434
f 334//435 331//435 330//435
f 336//436 330//436 331//436
f 331//437 335//437 336//437
f 330//438 337//438 334//438
f 339//439 330//439 338//439
f 330//440 339//440 324//440
f 325//441 324//441 339//441
f 338//442 330//442 915//442
f 915//443 330//443 336//443
f 332//444 335//444 331//444
f 243//445 342//445 239//445
f 342//446 344//446 239//446
f 344//447 343//447 245//447
f 344//448 342//448 677//448
f 345//449 677//449 342//449
f 345//450 342//450 243//450
f 341//451 347//451 243//451
f 347//452 345//452 243//452
f 347//453 341//453 346//453
f 345//454 347//454 348//454
f 348//455 347//455 346//455
f 341//456 349//456 346//456
f 341//457 243//457 244//457
f 350//458 341//458 244//458
f 244//459 242//459 350//459
f 350//460 242//460 241//460
f 341//461 350//461 358//461
f 353//462 350//462 241//462
f 353//463 241//463 240//463
f 354//464 240//464 239//464
f 354//465 239//465 28//465
f 354//466 28//466 27//466
f 356//467 240//467 354//467
f 354//468 355//468 356//468
f 856//469 356//469 355//469
f 355//470 55//470 856//470
f 856//471 61//471 356//471
f 357//472 356//472 61//472
f 61//473 63//473 357//473
f 240//474 356//474 357//474
f 353//475 240//475 357//475
f 353//476 357//476 352//476
f 353//477 352//477 351//477
f 353//478 351//478 350//478
f 352//479 357//479 359//479
f 358//480 349//480 341//480
f 352//481 360//481 351//481
f 360//482 352//482 359//482
f 361//483 360//483 359//483
f 350//484 351//484 358//484
f 364//485 365//485 273//485
f 493//486 367//486 363//486
f 367//487 369//487 368//487
f 369//488 367//488 493//488
f 493//489 363//489 362//489
f 73//490 74//490 489//490
f 390//491 373//491 372//491
f 373//492 375//492 372//492
f 375//493 373//493 374//493
f 372//494 375//494 376//494
f 420//495 372//495 376//495
f 377//496 376//496 375//496
f 373//497 380//497 374//497
f 378//498 380//498 379//498
f 381//499 629//499 379//499
f 629//500 378//500 379//500
f 378//501 629//501 382//501
f 382//502 629//502 627//502
f 378//503 382//503 383//503
f 384//504 630//504 629//504
f 384//505 629//505 386//505
f 386//506 629//506 381//506
f 379//507 843//507 381//507
f 381//508 843//508 197//508
f 388//509 843//509 379//509
f 388//510 379//510 387//510
f 387//511 379//511 389//511
f 373//512 390//512 380//512
f 390//513 391//513 380//513
f 379//514 380//514 389//514
f 389//515 380//515 391//515
f 391//516 16//516 389//516
f 392//517 212//517 226//517
f 212//518 392//518 211//518
f 393//519 214//519 17//519
f 211//520 393//520 12//520
f 211//521 12//521 15//521
f 398//522 394//522 210//522
f 398//523 211//523 15//523
f 394//524 395//524 210//524
f 395//525 394//525 396//525
f 15//526 13//526 14//526
f 14//527 8//527 7//527
f 14//528 7//528 397//528
f 10//529 397//529 7//529
f 10//530 7//530 9//530
f 397//531 131//531 14//531
f 14//532 131//532 398//532
f 131//533 397//533 10//533
f 15//534 14//534 398//534
f 17//535 392//535 226//535
f 134//536 237//536 399//536
f 399//537 3//537 134//537
f 401//538 402//538 403//538
f 401//539 389//539 16//539
f 403//540 404//540 389//540
f 401//541 403//541 389//541
f 404//542 403//542 402//542
f 305//543 309//543 407//543
f 406//544 305//544 407//544
f 308//545 407//545 309//545
f 307//546 247//546 308//546
f 247//547 409//547 308//547
f 409//548 410//548 308//548
f 308//549 410//549 407//549
f 407//550 410//550 466//550
f 409//551 247//551 408//551
f 409//552 411//552 410//552
f 412//553 410//553 411//553
f 411//554 409//554 413//554
f 413//555 409//555 408//555
f 408//556 247//556 248//556
f 248//557 249//557 251//557
f 248//558 251//558 413//558
f 251//559 414//559 415//559
f 248//560 413//560 408//560
f 415//561 411//561 413//561
f 415//562 413//562 251//562
f 416//563 250//563 476//563
f 414//564 251//564 417//564
f 417//565 251//565 416//565
f 416//566 418//566 417//566
f 418//567 416//567 476//567
f 421//568 371//568 420//568
f 495//569 421//569 422//569
f 376//570 421//570 420//570
f 422//571 421//571 376//571
f 422//572 376//572 377//572
f 378//573 377//573 374//573
f 374//574 377//574 375//574
f 380//575 378//575 374//575
f 378//576 422//576 377//576
f 382//577 423//577 383//577
f 424//578 383//578 423//578
f 430//579 424//579 425//579
f 426//580 424//580 430//580
f 425//581 424//581 428//581
f 1906//582 424//582 423//582
f 1906//583 423//583 427//583
f 382//584 628//584 427//584
f 382//585 427//585 423//585
f 1906//586 555//586 428//586
f 1906//587 428//587 424//587
f 429//588 383//588 424//588
f 424//589 426//589 429//589
f 431//590 430//590 425//590
f 426//591 496//591 429//591
f 432//592 429//592 496//592
f 432//593 433//593 378//593
f 433//594 422//594 378//594
f 432//595 378//595 429//595
f 378//596 383//596 429//596
f 368//597 369//597 436//597
f 435//598 300//598 434//598
f 434//599 436//599 437//599
f 437//600 435//600 434//600
f 437//601 442//601 435//601
f 300//602 435//602 366//602
f 436//603 442//603 437//603
f 726//604 442//604 436//604
f 364//605 366//605 365//605
f 295//606 365//606 438//606
f 365//607 439//607 438//607
f 438//608 453//608 440//608
f 444//609 443//609 442//609
f 442//610 443//610 435//610
f 442//611 726//611 727//611
f 366//612 435//612 445//612
f 366//613 445//613 441//613
f 439//614 365//614 366//614
f 443//615 445//615 435//615
f 445//616 446//616 441//616
f 444//617 446//617 445//617
f 443//618 444//618 445//618
f 444//619 442//619 449//619
f 449//620 442//620 727//620
f 449//621 446//621 444//621
f 446//622 449//622 447//622
f 448//623 447//623 449//623
f 448//624 532//624 447//624
f 446//625 447//625 524//625
f 441//626 446//626 450//626
f 439//627 366//627 452//627
f 452//628 366//628 530//628
f 366//629 441//629 450//629
f 530//630 451//630 452//630
f 452//631 451//631 891//631
f 452//632 891//632 457//632
f 439//633 453//633 438//633
f 440//634 455//634 438//634
f 295//635 456//635 887//635
f 456//636 295//636 438//636
f 454//637 440//637 453//637
f 454//638 453//638 457//638
f 457//639 453//639 439//639
f 457//640 439//640 452//640
f 455//641 456//641 438//641
f 458//642 454//642 457//642
f 457//643 891//643 458//643
f 454//644 890//644 459//644
f 890//645 460//645 459//645
f 459//646 893//646 456//646
f 459//647 456//647 455//647
f 455//648 440//648 454//648
f 459//649 455//649 454//649
f 303//650 304//650 461//650
f 662//651 400//651 463//651
f 461//652 464//652 303//652
f 303//653 464//653 463//653
f 461//654 305//654 465//654
f 461//655 465//655 666//655
f 461//656 666//656 464//656
f 465//657 305//657 406//657
f 466//658 410//658 412//658
f 466//659 412//659 468//659
f 468//660 412//660 469//660
f 407//661 466//661 406//661
f 469//662 412//662 470//662
f 470//663 412//663 467//663
f 467//664 412//664 411//664
f 467//665 411//665 415//665
f 470//666 467//666 471//666
f 472//667 470//667 471//667
f 467//668 415//668 473//668
f 414//669 474//669 415//669
f 415//670 474//670 473//670
f 473//671 471//671 467//671
f 473//672 475//672 471//672
f 742//673 475//673 473//673
f 742//674 473//674 474//674
f 414//675 417//675 478//675
f 476//676 477//676 418//676
f 418//677 480//677 417//677
f 478//678 417//678 744//678
f 744//679 417//679 479//679
f 476//680 481//680 477//680
f 481//681 476//681 250//681
f 250//682 4//682 481//682
f 18//683 486//683 4//683
f 477//684 480//684 418//684
f 482//685 480//685 483//685
f 483//686 480//686 485//686
f 485//687 480//687 477//687
f 481//688 484//688 477//688
f 4//689 486//689 481//689
f 481//690 486//690 484//690
f 484//691 485//691 477//691
f 486//692 485//692 484//692
f 480//693 482//693 417//693
f 487//694 417//694 482//694
f 482//695 483//695 743//695
f 743//696 483//696 488//696
f 488//697 483//697 486//697
f 483//698 485//698 486//698
f 489//699 490//699 491//699
f 492//700 362//700 491//700
f 362//701 492//701 493//701
f 509//702 490//702 489//702
f 370//703 419//703 74//703
f 494//704 74//704 419//704
f 495//705 371//705 421//705
f 426//706 430//706 496//706
f 496//707 497//707 432//707
f 432//708 497//708 499//708
f 432//709 499//709 433//709
f 422//710 433//710 510//710
f 422//711 510//711 495//711
f 513//712 419//712 371//712
f 513//713 371//713 495//713
f 510//714 433//714 498//714
f 500//715 497//715 496//715
f 433//716 499//716 501//716
f 505//717 433//717 501//717
f 500//718 505//718 499//718
f 500//719 499//719 497//719
f 431//720 502//720 430//720
f 496//721 430//721 500//721
f 500//722 430//722 502//722
f 431//723 543//723 502//723
f 500//724 503//724 505//724
f 501//725 499//725 505//725
f 498//726 433//726 505//726
f 504//727 505//727 506//727
f 503//728 506//728 505//728
f 509//729 506//729 508//729
f 507//730 506//730 503//730
f 506//731 507//731 508//731
f 507//732 514//732 508//732
f 509//733 74//733 512//733
f 509//734 512//734 506//734
f 504//735 510//735 505//735
f 505//736 510//736 498//736
f 511//737 495//737 510//737
f 511//738 513//738 495//738
f 510//739 504//739 511//739
f 511//740 504//740 512//740
f 512//741 504//741 506//741
f 511//742 512//742 513//742
f 419//743 513//743 494//743
f 494//744 513//744 512//744
f 74//745 494//745 512//745
f 74//746 509//746 489//746
f 514//747 490//747 508//747
f 508//748 490//748 509//748
f 490//749 515//749 492//749
f 490//750 492//750 491//750
f 490//751 514//751 515//751
f 516//752 514//752 517//752
f 517//753 514//753 507//753
f 519//754 518//754 507//754
f 507//755 518//755 517//755
f 502//756 507//756 503//756
f 507//757 502//757 519//757
f 519//758 520//758 518//758
f 518//759 520//759 527//759
f 517//760 523//760 516//760
f 527//761 517//761 518//761
f 517//762 527//762 523//762
f 514//763 516//763 521//763
f 521//764 515//764 514//764
f 521//765 522//765 532//765
f 522//766 521//766 523//766
f 523//767 521//767 516//767
f 526//768 525//768 522//768
f 526//769 522//769 523//769
f 527//770 520//770 537//770
f 527//771 537//771 528//771
f 523//772 527//772 526//772
f 535//773 524//773 525//773
f 525//774 526//774 573//774
f 524//775 535//775 531//775
f 531//776 535//776 529//776
f 531//777 529//777 530//777
f 531//778 530//778 450//778
f 522//779 525//779 524//779
f 524//780 532//780 522//780
f 448//781 521//781 532//781
f 446//782 524//782 531//782
f 366//783 450//783 530//783
f 529//784 534//784 530//784
f 530//785 534//785 451//785
f 533//786 534//786 529//786
f 533//787 529//787 535//787
f 533//788 535//788 580//788
f 573//789 526//789 527//789
f 535//790 525//790 580//790
f 573//791 580//791 525//791
f 573//792 527//792 536//792
f 527//793 528//793 536//793
f 520//794 538//794 537//794
f 502//795 503//795 500//795
f 539//796 519//796 502//796
f 519//797 539//797 520//797
f 520//798 539//798 540//798
f 540//799 539//799 541//799
f 502//800 543//800 539//800
f 538//801 540//801 541//801
f 540//802 538//802 520//802
f 543//803 541//803 539//803
f 541//804 542//804 538//804
f 543//805 542//805 541//805
f 545//806 431//806 546//806
f 431//807 545//807 547//807
f 431//808 547//808 543//808
f 543//809 544//809 542//809
f 544//810 543//810 547//810
f 547//811 552//811 544//811
f 538//812 542//812 548//812
f 538//813 548//813 537//813
f 549//814 548//814 542//814
f 548//815 558//815 537//815
f 548//816 549//816 558//816
f 550//817 558//817 549//817
f 549//818 542//818 551//818
f 551//819 542//819 544//819
f 553//820 547//820 545//820
f 553//821 545//821 554//821
f 554//822 545//822 546//822
f 425//823 554//823 546//823
f 546//824 431//824 425//824
f 425//825 428//825 554//825
f 554//826 556//826 553//826
f 557//827 552//827 553//827
f 553//828 552//828 547//828
f 556//829 554//829 428//829
f 428//830 555//830 556//830
f 556//831 563//831 557//831
f 556//832 557//832 553//832
f 551//833 544//833 552//833
f 537//834 558//834 528//834
f 558//835 550//835 528//835
f 559//836 550//836 561//836
f 561//837 550//837 549//837
f 551//838 552//838 560//838
f 549//839 551//839 561//839
f 562//840 551//840 560//840
f 563//841 560//841 552//841
f 552//842 557//842 563//842
f 560//843 563//843 564//843
f 564//844 563//844 556//844
f 565//845 564//845 1911//845
f 565//846 1911//846 569//846
f 569//847 1911//847 566//847
f 566//848 1911//848 1910//848
f 616//849 613//849 566//849
f 567//850 2194//850 566//850
f 569//851 566//851 568//851
f 569//852 568//852 570//852
f 564//853 565//853 560//853
f 565//854 571//854 560//854
f 551//855 562//855 561//855
f 559//856 575//856 550//856
f 528//857 550//857 536//857
f 536//858 572//858 573//858
f 580//859 582//859 533//859
f 903//860 533//860 574//860
f 585//861 533//861 582//861
f 579//862 580//862 573//862
f 579//863 573//863 572//863
f 575//864 536//864 550//864
f 536//865 575//865 572//865
f 576//866 559//866 561//866
f 562//867 576//867 561//867
f 562//868 560//868 571//868
f 562//869 571//869 577//869
f 576//870 578//870 559//870
f 559//871 578//871 572//871
f 559//872 572//872 575//872
f 579//873 572//873 581//873
f 580//874 579//874 582//874
f 579//875 584//875 582//875
f 584//876 579//876 583//876
f 583//877 579//877 581//877
f 582//878 584//878 585//878
f 533//879 585//879 574//879
f 586//880 574//880 585//880
f 586//881 585//881 587//881
f 587//882 589//882 588//882
f 585//883 598//883 587//883
f 585//884 590//884 598//884
f 598//885 589//885 587//885
f 587//886 588//886 586//886
f 588//887 589//887 591//887
f 588//888 591//888 592//888
f 593//889 588//889 594//889
f 592//890 594//890 588//890
f 592//891 591//891 594//891
f 597//892 591//892 589//892
f 589//893 595//893 597//893
f 591//894 597//894 596//894
f 591//895 596//895 1938//895
f 595//896 589//896 598//896
f 2172//897 598//897 590//897
f 590//898 585//898 2721//898
f 603//899 583//899 581//899
f 581//900 572//900 578//900
f 600//901 581//901 578//901
f 581//902 600//902 603//902
f 576//903 602//903 578//903
f 578//904 602//904 600//904
f 600//905 602//905 601//905
f 600//906 601//906 603//906
f 576//907 605//907 602//907
f 601//908 602//908 604//908
f 601//909 2170//909 603//909
f 601//910 604//910 2170//910
f 576//911 606//911 605//911
f 605//912 607//912 602//912
f 608//913 602//913 607//913
f 606//914 576//914 577//914
f 577//915 576//915 562//915
f 565//916 569//916 571//916
f 571//917 569//917 610//917
f 610//918 569//918 570//918
f 577//919 571//919 610//919
f 577//920 609//920 606//920
f 605//921 606//921 609//921
f 568//922 566//922 2194//922
f 613//923 567//923 566//923
f 567//924 614//924 2194//924
f 613//925 615//925 2196//925
f 615//926 613//926 616//926
f 616//927 566//927 1910//927
f 616//928 617//928 615//928
f 615//929 617//929 618//929
f 617//930 619//930 618//930
f 620//931 615//931 618//931
f 621//932 619//932 617//932
f 621//933 618//933 619//933
f 617//934 2202//934 621//934
f 2202//935 617//935 622//935
f 625//936 622//936 617//936
f 625//937 617//937 623//937
f 617//938 616//938 623//938
f 623//939 616//939 624//939
f 625//940 626//940 627//940
f 627//941 626//941 628//941
f 628//942 382//942 627//942
f 631//943 630//943 384//943
f 631//944 384//944 385//944
f 384//945 386//945 632//945
f 199//946 381//946 197//946
f 381//947 633//947 386//947
f 632//948 386//948 633//948
f 634//949 381//949 199//949
f 638//950 636//950 634//950
f 641//951 636//951 638//951
f 638//952 634//952 201//952
f 201//953 639//953 638//953
f 639//954 201//954 200//954
f 203//955 202//955 640//955
f 640//956 202//956 205//956
f 206//957 209//957 205//957
f 638//958 639//958 203//958
f 203//959 640//959 638//959
f 638//960 640//960 641//960
f 343//961 344//961 643//961
f 688//962 348//962 644//962
f 691//963 351//963 360//963
f 360//964 361//964 691//964
f 65//965 361//965 359//965
f 65//966 359//966 357//966
f 65//967 357//967 63//967
f 724//968 68//968 70//968
f 646//969 319//969 645//969
f 645//970 319//970 320//970
f 320//971 316//971 645//971
f 319//972 646//972 647//972
f 647//973 725//973 319//973
f 721//974 645//974 316//974
f 721//975 316//975 318//975
f 648//976 315//976 321//976
f 322//977 327//977 325//977
f 325//978 339//978 649//978
f 338//979 650//979 339//979
f 339//980 650//980 1111//980
f 325//981 649//981 326//981
f 339//982 1111//982 649//982
f 651//983 326//983 649//983
f 1382//984 1111//984 650//984
f 642//985 650//985 338//985
f 654//986 653//986 652//986
f 650//987 655//987 652//987
f 650//988 642//988 655//988
f 655//989 654//989 652//989
f 654//990 656//990 653//990
f 753//991 935//991 658//991
f 17//992 214//992 392//992
f 392//993 214//993 211//993
f 462//994 659//994 405//994
f 402//995 405//995 659//995
f 662//996 463//996 660//996
f 464//997 660//997 463//997
f 462//998 661//998 659//998
f 659//999 664//999 402//999
f 462//1000 400//1000 662//1000
f 464//1001 666//1001 660//1001
f 462//1002 662//1002 661//1002
f 663//1003 661//1003 662//1003
f 404//1004 402//1004 664//1004
f 659//1005 665//1005 664//1005
f 730//1006 664//1006 665//1006
f 737//1007 465//1007 406//1007
f 466//1008 468//1008 406//1008
f 470//1009 472//1009 668//1009
f 669//1010 472//1010 471//1010
f 773//1011 265//1011 752//1011
f 752//1012 259//1012 263//1012
f 670//1013 263//1013 681//1013
f 343//1014 264//1014 259//1014
f 259//1015 245//1015 343//1015
f 245//1016 259//1016 246//1016
f 643//1017 672//1017 675//1017
f 643//1018 675//1018 673//1018
f 643//1019 673//1019 343//1019
f 673//1020 674//1020 343//1020
f 643//1021 671//1021 672//1021
f 677//1022 671//1022 643//1022
f 677//1023 345//1023 676//1023
f 677//1024 676//1024 671//1024
f 671//1025 676//1025 672//1025
f 673//1026 675//1026 678//1026
f 673//1027 678//1027 674//1027
f 674//1028 678//1028 680//1028
f 679//1029 674//1029 680//1029
f 681//1030 264//1030 343//1030
f 674//1031 681//1031 343//1031
f 681//1032 674//1032 682//1032
f 682//1033 674//1033 679//1033
f 681//1034 263//1034 264//1034
f 681//1035 682//1035 683//1035
f 670//1036 681//1036 683//1036
f 752//1037 263//1037 754//1037
f 754//1038 263//1038 670//1038
f 684//1039 683//1039 682//1039
f 682//1040 679//1040 684//1040
f 684//1041 685//1041 757//1041
f 679//1042 685//1042 684//1042
f 686//1043 680//1043 678//1043
f 680//1044 686//1044 687//1044
f 702//1045 686//1045 678//1045
f 675//1046 672//1046 688//1046
f 676//1047 688//1047 672//1047
f 688//1048 676//1048 348//1048
f 644//1049 348//1049 346//1049
f 346//1050 349//1050 644//1050
f 358//1051 694//1051 349//1051
f 689//1052 694//1052 358//1052
f 358//1053 351//1053 689//1053
f 689//1054 691//1054 690//1054
f 351//1055 691//1055 689//1055
f 690//1056 691//1056 361//1056
f 690//1057 361//1057 692//1057
f 349//1058 694//1058 695//1058
f 693//1059 692//1059 361//1059
f 693//1060 361//1060 65//1060
f 689//1061 697//1061 694//1061
f 349//1062 695//1062 644//1062
f 690//1063 697//1063 689//1063
f 690//1064 692//1064 696//1064
f 690//1065 696//1065 697//1065
f 693//1066 698//1066 692//1066
f 699//1067 694//1067 697//1067
f 694//1068 699//1068 695//1068
f 644//1069 695//1069 701//1069
f 644//1070 701//1070 688//1070
f 700//1071 675//1071 701//1071
f 701//1072 675//1072 688//1072
f 701//1073 695//1073 700//1073
f 695//1074 702//1074 700//1074
f 702//1075 695//1075 699//1075
f 702//1076 699//1076 686//1076
f 686//1077 703//1077 687//1077
f 687//1078 703//1078 763//1078
f 704//1079 699//1079 697//1079
f 697//1080 696//1080 704//1080
f 704//1081 696//1081 705//1081
f 708//1082 705//1082 709//1082
f 709//1083 705//1083 696//1083
f 696//1084 692//1084 709//1084
f 709//1085 692//1085 698//1085
f 706//1086 693//1086 65//1086
f 65//1087 62//1087 706//1087
f 693//1088 706//1088 698//1088
f 706//1089 62//1089 722//1089
f 707//1090 722//1090 62//1090
f 708//1091 709//1091 698//1091
f 704//1092 710//1092 699//1092
f 704//1093 705//1093 710//1093
f 699//1094 710//1094 686//1094
f 686//1095 710//1095 703//1095
f 703//1096 710//1096 763//1096
f 710//1097 711//1097 763//1097
f 710//1098 705//1098 708//1098
f 712//1099 708//1099 698//1099
f 708//1100 712//1100 713//1100
f 708//1101 713//1101 711//1101
f 708//1102 711//1102 710//1102
f 714//1103 713//1103 715//1103
f 715//1104 713//1104 712//1104
f 716//1105 698//1105 706//1105
f 716//1106 706//1106 722//1106
f 717//1107 707//1107 62//1107
f 717//1108 62//1108 64//1108
f 719//1109 717//1109 718//1109
f 717//1110 719//1110 707//1110
f 719//1111 720//1111 707//1111
f 715//1112 707//1112 720//1112
f 720//1113 719//1113 721//1113
f 720//1114 721//1114 768//1114
f 715//1115 722//1115 707//1115
f 722//1116 715//1116 716//1116
f 698//1117 716//1117 712//1117
f 721//1118 719//1118 718//1118
f 718//1119 723//1119 721//1119
f 721//1120 723//1120 646//1120
f 645//1121 721//1121 646//1121
f 724//1122 725//1122 723//1122
f 723//1123 725//1123 647//1123
f 647//1124 646//1124 723//1124
f 434//1125 368//1125 436//1125
f 131//1126 10//1126 130//1126
f 11//1127 130//1127 10//1127
f 11//1128 10//1128 9//1128
f 38//1129 47//1129 48//1129
f 38//1130 48//1130 37//1130
f 369//1131 493//1131 726//1131
f 493//1132 728//1132 726//1132
f 726//1133 436//1133 369//1133
f 727//1134 726//1134 728//1134
f 728//1135 493//1135 729//1135
f 729//1136 493//1136 492//1136
f 515//1137 521//1137 492//1137
f 531//1138 450//1138 446//1138
f 730//1139 387//1139 389//1139
f 404//1140 730//1140 389//1140
f 664//1141 730//1141 404//1141
f 730//1142 731//1142 388//1142
f 730//1143 388//1143 387//1143
f 732//1144 659//1144 661//1144
f 663//1145 732//1145 661//1145
f 659//1146 732//1146 665//1146
f 388//1147 731//1147 733//1147
f 733//1148 843//1148 388//1148
f 731//1149 665//1149 733//1149
f 665//1150 175//1150 733//1150
f 175//1151 734//1151 176//1151
f 734//1152 175//1152 665//1152
f 665//1153 731//1153 730//1153
f 663//1154 662//1154 660//1154
f 734//1155 665//1155 732//1155
f 732//1156 735//1156 734//1156
f 735//1157 732//1157 663//1157
f 736//1158 660//1158 666//1158
f 736//1159 666//1159 465//1159
f 737//1160 406//1160 468//1160
f 468//1161 738//1161 737//1161
f 468//1162 469//1162 738//1162
f 874//1163 469//1163 470//1163
f 739//1164 738//1164 469//1164
f 737//1165 738//1165 860//1165
f 740//1166 739//1166 667//1166
f 739//1167 469//1167 667//1167
f 667//1168 469//1168 874//1168
f 741//1169 669//1169 471//1169
f 741//1170 471//1170 475//1170
f 742//1171 744//1171 475//1171
f 742//1172 414//1172 478//1172
f 417//1173 487//1173 479//1173
f 479//1174 487//1174 745//1174
f 745//1175 487//1175 743//1175
f 745//1176 746//1176 479//1176
f 744//1177 479//1177 746//1177
f 745//1178 669//1178 746//1178
f 475//1179 744//1179 741//1179
f 744//1180 746//1180 741//1180
f 669//1181 741//1181 746//1181
f 743//1182 669//1182 745//1182
f 669//1183 747//1183 472//1183
f 470//1184 668//1184 874//1184
f 740//1185 860//1185 739//1185
f 739//1186 860//1186 738//1186
f 266//1187 750//1187 262//1187
f 750//1188 261//1188 262//1188
f 751//1189 773//1189 752//1189
f 751//1190 752//1190 753//1190
f 754//1191 753//1191 752//1191
f 755//1192 935//1192 754//1192
f 755//1193 670//1193 683//1193
f 670//1194 755//1194 754//1194
f 683//1195 757//1195 756//1195
f 683//1196 684//1196 757//1196
f 759//1197 757//1197 758//1197
f 756//1198 757//1198 759//1198
f 756//1199 755//1199 683//1199
f 758//1200 757//1200 685//1200
f 679//1201 680//1201 685//1201
f 762//1202 758//1202 685//1202
f 762//1203 685//1203 763//1203
f 763//1204 685//1204 687//1204
f 758//1205 762//1205 761//1205
f 759//1206 758//1206 761//1206
f 759//1207 761//1207 760//1207
f 764//1208 755//1208 756//1208
f 755//1209 764//1209 935//1209
f 764//1210 756//1210 759//1210
f 759//1211 760//1211 764//1211
f 936//1212 764//1212 653//1212
f 653//1213 764//1213 760//1213
f 760//1214 765//1214 652//1214
f 765//1215 766//1215 652//1215
f 652//1216 766//1216 650//1216
f 650//1217 766//1217 1382//1217
f 767//1218 761//1218 711//1218
f 711//1219 761//1219 762//1219
f 687//1220 685//1220 680//1220
f 763//1221 711//1221 762//1221
f 711//1222 713//1222 767//1222
f 1383//1223 713//1223 714//1223
f 714//1224 715//1224 768//1224
f 715//1225 720//1225 768//1225
f 768//1226 769//1226 714//1226
f 1382//1227 714//1227 770//1227
f 770//1228 714//1228 769//1228
f 769//1229 721//1229 318//1229
f 318//1230 317//1230 648//1230
f 770//1231 318//1231 1112//1231
f 315//1232 648//1232 317//1232
f 771//1233 394//1233 131//1233
f 131//1234 394//1234 398//1234
f 772//1235 771//1235 131//1235
f 111//1236 107//1236 108//1236
f 18//1237 774//1237 486//1237
f 486//1238 774//1238 488//1238
f 18//1239 19//1239 774//1239
f 775//1240 488//1240 774//1240
f 774//1241 776//1241 1507//1241
f 775//1242 774//1242 777//1242
f 777//1243 774//1243 778//1243
f 776//1244 774//1244 886//1244
f 19//1245 886//1245 774//1245
f 85//1246 90//1246 83//1246
f 89//1247 91//1247 783//1247
f 89//1248 783//1248 92//1248
f 780//1249 779//1249 92//1249
f 98//1250 96//1250 782//1250
f 789//1251 782//1251 96//1251
f 785//1252 781//1252 779//1252
f 785//1253 779//1253 780//1253
f 784//1254 92//1254 783//1254
f 784//1255 788//1255 92//1255
f 92//1256 788//1256 780//1256
f 785//1257 787//1257 786//1257
f 787//1258 785//1258 780//1258
f 783//1259 91//1259 784//1259
f 786//1260 789//1260 785//1260
f 781//1261 785//1261 789//1261
f 781//1262 789//1262 96//1262
f 791//1263 786//1263 790//1263
f 790//1264 786//1264 787//1264
f 792//1265 791//1265 790//1265
f 793//1266 792//1266 790//1266
f 794//1267 787//1267 780//1267
f 794//1268 780//1268 788//1268
f 790//1269 796//1269 793//1269
f 794//1270 790//1270 787//1270
f 794//1271 788//1271 842//1271
f 842//1272 799//1272 794//1272
f 794//1273 796//1273 790//1273
f 798//1274 796//1274 795//1274
f 796//1275 794//1275 795//1275
f 795//1276 794//1276 799//1276
f 800//1277 795//1277 799//1277
f 800//1278 799//1278 836//1278
f 798//1279 797//1279 796//1279
f 797//1280 801//1280 796//1280
f 802//1281 801//1281 797//1281
f 797//1282 804//1282 802//1282
f 801//1283 793//1283 796//1283
f 801//1284 805//1284 803//1284
f 1532//1285 802//1285 804//1285
f 802//1286 805//1286 801//1286
f 803//1287 793//1287 801//1287
f 803//1288 806//1288 793//1288
f 793//1289 806//1289 792//1289
f 806//1290 807//1290 792//1290
f 807//1291 808//1291 792//1291
f 792//1292 808//1292 791//1292
f 806//1293 817//1293 807//1293
f 807//1294 817//1294 812//1294
f 810//1295 807//1295 812//1295
f 811//1296 810//1296 812//1296
f 811//1297 813//1297 810//1297
f 810//1298 814//1298 807//1298
f 813//1299 814//1299 810//1299
f 815//1300 813//1300 816//1300
f 812//1301 817//1301 811//1301
f 817//1302 806//1302 809//1302
f 809//1303 806//1303 818//1303
f 817//1304 809//1304 811//1304
f 811//1305 809//1305 821//1305
f 819//1306 821//1306 820//1306
f 822//1307 819//1307 820//1307
f 820//1308 1023//1308 822//1308
f 821//1309 819//1309 826//1309
f 825//1310 823//1310 824//1310
f 822//1311 824//1311 823//1311
f 824//1312 1035//1312 1058//1312
f 822//1313 823//1313 819//1313
f 826//1314 819//1314 823//1314
f 823//1315 1109//1315 826//1315
f 826//1316 811//1316 821//1316
f 1058//1317 825//1317 824//1317
f 827//1318 824//1318 822//1318
f 821//1319 809//1319 818//1319
f 818//1320 806//1320 803//1320
f 828//1321 818//1321 803//1321
f 828//1322 803//1322 805//1322
f 829//1323 828//1323 805//1323
f 830//1324 829//1324 805//1324
f 802//1325 830//1325 805//1325
f 1532//1326 830//1326 802//1326
f 830//1327 1532//1327 831//1327
f 798//1328 795//1328 800//1328
f 798//1329 800//1329 833//1329
f 834//1330 798//1330 835//1330
f 797//1331 798//1331 804//1331
f 798//1332 833//1332 835//1332
f 836//1333 799//1333 840//1333
f 836//1334 833//1334 800//1334
f 839//1335 836//1335 840//1335
f 836//1336 835//1336 833//1336
f 837//1337 835//1337 836//1337
f 835//1338 837//1338 838//1338
f 839//1339 837//1339 836//1339
f 87//1340 839//1340 840//1340
f 841//1341 840//1341 842//1341
f 841//1342 87//1342 840//1342
f 842//1343 840//1343 799//1343
f 842//1344 788//1344 784//1344
f 842//1345 784//1345 841//1345
f 90//1346 841//1346 784//1346
f 90//1347 99//1347 841//1347
f 99//1348 87//1348 841//1348
f 91//1349 90//1349 784//1349
f 179//1350 843//1350 733//1350
f 843//1351 179//1351 844//1351
f 844//1352 179//1352 178//1352
f 843//1353 844//1353 197//1353
f 197//1354 844//1354 178//1354
f 178//1355 182//1355 198//1355
f 178//1356 198//1356 197//1356
f 39//1357 45//1357 42//1357
f 103//1358 846//1358 847//1358
f 845//1359 848//1359 847//1359
f 845//1360 847//1360 846//1360
f 103//1361 847//1361 945//1361
f 847//1362 956//1362 945//1362
f 848//1363 845//1363 854//1363
f 850//1364 849//1364 854//1364
f 850//1365 854//1365 845//1365
f 851//1366 849//1366 850//1366
f 850//1367 852//1367 851//1367
f 959//1368 854//1368 849//1368
f 855//1369 849//1369 119//1369
f 119//1370 849//1370 851//1370
f 118//1371 851//1371 852//1371
f 852//1372 301//1372 118//1372
f 492//1373 521//1373 729//1373
f 729//1374 449//1374 727//1374
f 449//1375 729//1375 448//1375
f 448//1376 729//1376 521//1376
f 354//1377 27//1377 55//1377
f 354//1378 55//1378 355//1378
f 55//1379 54//1379 856//1379
f 54//1380 61//1380 856//1380
f 302//1381 114//1381 852//1381
f 302//1382 852//1382 858//1382
f 853//1383 858//1383 852//1383
f 302//1384 858//1384 857//1384
f 853//1385 857//1385 858//1385
f 677//1386 643//1386 344//1386
f 345//1387 348//1387 676//1387
f 414//1388 742//1388 474//1388
f 478//1389 744//1389 742//1389
f 728//1390 729//1390 727//1390
f 749//1391 465//1391 737//1391
f 860//1392 749//1392 737//1392
f 749//1393 860//1393 859//1393
f 860//1394 740//1394 861//1394
f 862//1395 740//1395 667//1395
f 862//1396 861//1396 740//1396
f 863//1397 860//1397 861//1397
f 667//1398 748//1398 862//1398
f 862//1399 872//1399 861//1399
f 860//1400 863//1400 859//1400
f 465//1401 749//1401 864//1401
f 465//1402 864//1402 736//1402
f 864//1403 749//1403 866//1403
f 865//1404 867//1404 866//1404
f 864//1405 866//1405 736//1405
f 736//1406 866//1406 867//1406
f 736//1407 867//1407 660//1407
f 735//1408 663//1408 660//1408
f 735//1409 660//1409 867//1409
f 175//1410 176//1410 173//1410
f 868//1411 172//1411 867//1411
f 172//1412 173//1412 176//1412
f 172//1413 176//1413 867//1413
f 735//1414 867//1414 176//1414
f 735//1415 176//1415 734//1415
f 867//1416 865//1416 868//1416
f 749//1417 865//1417 866//1417
f 869//1418 859//1418 863//1418
f 865//1419 749//1419 859//1419
f 870//1420 859//1420 869//1420
f 863//1421 861//1421 872//1421
f 873//1422 872//1422 862//1422
f 862//1423 748//1423 873//1423
f 667//1424 874//1424 875//1424
f 668//1425 472//1425 747//1425
f 668//1426 878//1426 874//1426
f 878//1427 668//1427 747//1427
f 747//1428 669//1428 743//1428
f 743//1429 876//1429 747//1429
f 743//1430 487//1430 482//1430
f 882//1431 743//1431 488//1431
f 877//1432 743//1432 882//1432
f 876//1433 878//1433 747//1433
f 748//1434 667//1434 875//1434
f 873//1435 748//1435 875//1435
f 879//1436 875//1436 874//1436
f 878//1437 1503//1437 874//1437
f 1499//1438 876//1438 743//1438
f 882//1439 488//1439 775//1439
f 882//1440 775//1440 881//1440
f 881//1441 880//1441 882//1441
f 880//1442 881//1442 883//1442
f 1505//1443 777//1443 778//1443
f 1507//1444 778//1444 774//1444
f 1509//1445 1507//1445 776//1445
f 888//1446 298//1446 295//1446
f 887//1447 888//1447 295//1447
f 459//1448 460//1448 893//1448
f 889//1449 460//1449 890//1449
f 902//1450 454//1450 458//1450
f 533//1451 903//1451 534//1451
f 534//1452 903//1452 451//1452
f 451//1453 903//1453 891//1453
f 902//1454 890//1454 454//1454
f 460//1455 889//1455 893//1455
f 888//1456 887//1456 456//1456
f 888//1457 456//1457 892//1457
f 893//1458 892//1458 456//1458
f 894//1459 888//1459 892//1459
f 296//1460 297//1460 274//1460
f 274//1461 895//1461 272//1461
f 291//1462 272//1462 895//1462
f 896//1463 897//1463 291//1463
f 895//1464 896//1464 291//1464
f 898//1465 897//1465 896//1465
f 898//1466 895//1466 274//1466
f 898//1467 274//1467 297//1467
f 297//1468 1114//1468 898//1468
f 899//1469 1114//1469 297//1469
f 899//1470 297//1470 298//1470
f 899//1471 298//1471 888//1471
f 899//1472 888//1472 894//1472
f 901//1473 894//1473 892//1473
f 900//1474 893//1474 889//1474
f 893//1475 900//1475 892//1475
f 901//1476 892//1476 900//1476
f 890//1477 902//1477 889//1477
f 903//1478 458//1478 891//1478
f 458//1479 903//1479 902//1479
f 904//1480 889//1480 902//1480
f 889//1481 1020//1481 905//1481
f 889//1482 905//1482 900//1482
f 901//1483 900//1483 905//1483
f 906//1484 899//1484 894//1484
f 899//1485 906//1485 907//1485
f 894//1486 901//1486 908//1486
f 908//1487 910//1487 894//1487
f 909//1488 901//1488 905//1488
f 909//1489 908//1489 901//1489
f 908//1490 1017//1490 910//1490
f 894//1491 911//1491 906//1491
f 894//1492 910//1492 911//1492
f 908//1493 909//1493 1017//1493
f 907//1494 906//1494 1014//1494
f 912//1495 906//1495 911//1495
f 912//1496 913//1496 906//1496
f 906//1497 913//1497 1014//1497
f 913//1498 912//1498 914//1498
f 914//1499 912//1499 2148//1499
f 912//1500 910//1500 2148//1500
f 911//1501 910//1501 912//1501
f 177//1502 179//1502 733//1502
f 329//1503 337//1503 330//1503
f 915//1504 340//1504 916//1504
f 915//1505 336//1505 340//1505
f 916//1506 340//1506 917//1506
f 923//1507 917//1507 918//1507
f 918//1508 917//1508 340//1508
f 918//1509 340//1509 921//1509
f 336//1510 335//1510 340//1510
f 919//1511 335//1511 332//1511
f 919//1512 332//1512 920//1512
f 335//1513 919//1513 340//1513
f 340//1514 919//1514 921//1514
f 921//1515 922//1515 918//1515
f 923//1516 925//1516 924//1516
f 923//1517 918//1517 922//1517
f 922//1518 926//1518 923//1518
f 1324//1519 922//1519 921//1519
f 921//1520 927//1520 1324//1520
f 920//1521 332//1521 333//1521
f 333//1522 98//1522 782//1522
f 333//1523 782//1523 1246//1523
f 333//1524 1246//1524 920//1524
f 920//1525 1261//1525 919//1525
f 1261//1526 920//1526 928//1526
f 920//1527 1246//1527 928//1527
f 789//1528 929//1528 782//1528
f 929//1529 789//1529 786//1529
f 929//1530 786//1530 791//1530
f 930//1531 929//1531 791//1531
f 807//1532 814//1532 931//1532
f 931//1533 808//1533 807//1533
f 931//1534 932//1534 808//1534
f 931//1535 933//1535 932//1535
f 932//1536 933//1536 1243//1536
f 1386//1537 931//1537 934//1537
f 934//1538 931//1538 814//1538
f 934//1539 814//1539 813//1539
f 658//1540 751//1540 753//1540
f 657//1541 653//1541 656//1541
f 753//1542 754//1542 935//1542
f 936//1543 935//1543 764//1543
f 653//1544 760//1544 652//1544
f 653//1545 657//1545 936//1545
f 657//1546 935//1546 936//1546
f 837//1547 839//1547 88//1547
f 88//1548 937//1548 837//1548
f 837//1549 937//1549 938//1549
f 838//1550 837//1550 938//1550
f 939//1551 838//1551 938//1551
f 838//1552 940//1552 835//1552
f 940//1553 838//1553 939//1553
f 939//1554 942//1554 941//1554
f 942//1555 939//1555 938//1555
f 938//1556 937//1556 943//1556
f 943//1557 937//1557 101//1557
f 938//1558 943//1558 944//1558
f 938//1559 944//1559 949//1559
f 942//1560 938//1560 947//1560
f 946//1561 948//1561 947//1561
f 946//1562 947//1562 938//1562
f 946//1563 938//1563 949//1563
f 946//1564 949//1564 948//1564
f 947//1565 948//1565 950//1565
f 950//1566 948//1566 952//1566
f 952//1567 948//1567 951//1567
f 942//1568 947//1568 950//1568
f 1708//1569 950//1569 952//1569
f 948//1570 953//1570 951//1570
f 960//1571 953//1571 948//1571
f 948//1572 949//1572 944//1572
f 945//1573 944//1573 943//1573
f 945//1574 948//1574 944//1574
f 954//1575 948//1575 955//1575
f 955//1576 948//1576 945//1576
f 957//1577 848//1577 854//1577
f 957//1578 854//1578 958//1578
f 959//1579 849//1579 855//1579
f 959//1580 958//1580 854//1580
f 119//1581 961//1581 855//1581
f 125//1582 961//1582 119//1582
f 962//1583 125//1583 120//1583
f 963//1584 125//1584 962//1584
f 965//1585 123//1585 124//1585
f 965//1586 124//1586 966//1586
f 967//1587 966//1587 124//1587
f 967//1588 968//1588 966//1588
f 968//1589 967//1589 121//1589
f 968//1590 1006//1590 969//1590
f 966//1591 968//1591 969//1591
f 965//1592 964//1592 120//1592
f 964//1593 965//1593 966//1593
f 969//1594 964//1594 966//1594
f 123//1595 965//1595 120//1595
f 969//1596 970//1596 964//1596
f 970//1597 971//1597 964//1597
f 971//1598 982//1598 984//1598
f 971//1599 984//1599 964//1599
f 971//1600 970//1600 982//1600
f 972//1601 970//1601 287//1601
f 287//1602 970//1602 969//1602
f 974//1603 972//1603 287//1603
f 975//1604 972//1604 974//1604
f 974//1605 287//1605 977//1605
f 974//1606 997//1606 975//1606
f 975//1607 976//1607 972//1607
f 970//1608 972//1608 976//1608
f 970//1609 976//1609 982//1609
f 982//1610 978//1610 973//1610
f 978//1611 979//1611 973//1611
f 982//1612 976//1612 978//1612
f 978//1613 976//1613 980//1613
f 979//1614 978//1614 989//1614
f 981//1615 979//1615 990//1615
f 989//1616 990//1616 979//1616
f 973//1617 979//1617 981//1617
f 983//1618 855//1618 961//1618
f 963//1619 962//1619 984//1619
f 125//1620 963//1620 961//1620
f 963//1621 983//1621 961//1621
f 963//1622 973//1622 985//1622
f 963//1623 985//1623 983//1623
f 855//1624 983//1624 959//1624
f 958//1625 959//1625 986//1625
f 983//1626 986//1626 959//1626
f 986//1627 960//1627 958//1627
f 985//1628 986//1628 983//1628
f 986//1629 985//1629 987//1629
f 982//1630 963//1630 984//1630
f 963//1631 982//1631 973//1631
f 985//1632 973//1632 981//1632
f 985//1633 981//1633 987//1633
f 987//1634 981//1634 990//1634
f 987//1635 990//1635 988//1635
f 989//1636 978//1636 980//1636
f 991//1637 989//1637 980//1637
f 1005//1638 991//1638 980//1638
f 989//1639 991//1639 990//1639
f 990//1640 991//1640 1004//1640
f 1004//1641 992//1641 990//1641
f 993//1642 992//1642 1004//1642
f 993//1643 1004//1643 994//1643
f 993//1644 994//1644 995//1644
f 996//1645 995//1645 994//1645
f 994//1646 997//1646 996//1646
f 992//1647 998//1647 990//1647
f 999//1648 992//1648 993//1648
f 993//1649 995//1649 999//1649
f 999//1650 995//1650 1001//1650
f 995//1651 996//1651 1001//1651
f 996//1652 997//1652 1000//1652
f 997//1653 1003//1653 1000//1653
f 290//1654 1003//1654 287//1654
f 1003//1655 977//1655 287//1655
f 1005//1656 976//1656 975//1656
f 997//1657 974//1657 977//1657
f 1004//1658 991//1658 1005//1658
f 976//1659 1005//1659 980//1659
f 121//1660 122//1660 1006//1660
f 122//1661 288//1661 1006//1661
f 287//1662 969//1662 1006//1662
f 290//1663 1000//1663 1003//1663
f 1007//1664 1008//1664 290//1664
f 290//1665 1008//1665 1000//1665
f 1000//1666 1008//1666 996//1666
f 996//1667 1008//1667 1002//1667
f 290//1668 292//1668 1009//1668
f 290//1669 1009//1669 1007//1669
f 294//1670 293//1670 897//1670
f 291//1671 897//1671 293//1671
f 897//1672 898//1672 1011//1672
f 1012//1673 1013//1673 1011//1673
f 1013//1674 1012//1674 1014//1674
f 1014//1675 913//1675 1613//1675
f 910//1676 1016//1676 2148//1676
f 1939//1677 1016//1677 910//1677
f 1939//1678 910//1678 1940//1678
f 1017//1679 1940//1679 910//1679
f 1019//1680 1940//1680 1017//1680
f 1017//1681 1018//1681 1019//1681
f 1017//1682 909//1682 1018//1682
f 1018//1683 909//1683 905//1683
f 905//1684 1020//1684 1018//1684
f 1018//1685 594//1685 1019//1685
f 594//1686 1018//1686 1020//1686
f 904//1687 1020//1687 889//1687
f 904//1688 902//1688 1020//1688
f 1020//1689 902//1689 593//1689
f 594//1690 1020//1690 593//1690
f 586//1691 588//1691 593//1691
f 593//1692 902//1692 903//1692
f 903//1693 574//1693 593//1693
f 593//1694 574//1694 586//1694
f 827//1695 822//1695 1023//1695
f 1021//1696 818//1696 828//1696
f 1227//1697 829//1697 830//1697
f 830//1698 831//1698 1227//1698
f 820//1699 821//1699 1022//1699
f 1024//1700 1023//1700 820//1700
f 1024//1701 820//1701 1022//1701
f 1024//1702 1025//1702 1023//1702
f 824//1703 827//1703 1026//1703
f 1022//1704 821//1704 818//1704
f 818//1705 1021//1705 1027//1705
f 818//1706 1027//1706 1022//1706
f 1021//1707 828//1707 1028//1707
f 1027//1708 1024//1708 1022//1708
f 1023//1709 1025//1709 827//1709
f 827//1710 1029//1710 1030//1710
f 1029//1711 827//1711 1032//1711
f 1024//1712 1027//1712 1223//1712
f 1027//1713 1021//1713 1223//1713
f 1223//1714 1031//1714 1024//1714
f 827//1715 1025//1715 1032//1715
f 1222//1716 1025//1716 1024//1716
f 1222//1717 1024//1717 1031//1717
f 1025//1718 1222//1718 1032//1718
f 1222//1719 1220//1719 1032//1719
f 1033//1720 1029//1720 1032//1720
f 1029//1721 1033//1721 1034//1721
f 1029//1722 1034//1722 1030//1722
f 1030//1723 1026//1723 827//1723
f 824//1724 1026//1724 1035//1724
f 1076//1725 1034//1725 1033//1725
f 1038//1726 1030//1726 1034//1726
f 1037//1727 1026//1727 1030//1727
f 1040//1728 1026//1728 1037//1728
f 1030//1729 1038//1729 1037//1729
f 1038//1730 1039//1730 1037//1730
f 1026//1731 1040//1731 1035//1731
f 1039//1732 1038//1732 1075//1732
f 1041//1733 1039//1733 1074//1733
f 1039//1734 1041//1734 1042//1734
f 1039//1735 1042//1735 1037//1735
f 1037//1736 1042//1736 1053//1736
f 1037//1737 1053//1737 1043//1737
f 1040//1738 1037//1738 1043//1738
f 1035//1739 1040//1739 1036//1739
f 1042//1740 1041//1740 1044//1740
f 1044//1741 1041//1741 1074//1741
f 1045//1742 1046//1742 1050//1742
f 1045//1743 1050//1743 1044//1743
f 1047//1744 1046//1744 1045//1744
f 1049//1745 1046//1745 1047//1745
f 1047//1746 1045//1746 1072//1746
f 1072//1747 1045//1747 1044//1747
f 1046//1748 1049//1748 1050//1748
f 1044//1749 1050//1749 1042//1749
f 1051//1750 1050//1750 1049//1750
f 1051//1751 1042//1751 1050//1751
f 1049//1752 1061//1752 1052//1752
f 1049//1753 1047//1753 1061//1753
f 1049//1754 1052//1754 1059//1754
f 1051//1755 1049//1755 1059//1755
f 1059//1756 1053//1756 1051//1756
f 1051//1757 1053//1757 1042//1757
f 1053//1758 1055//1758 1043//1758
f 1055//1759 1054//1759 1043//1759
f 1040//1760 1043//1760 1036//1760
f 1057//1761 1043//1761 1054//1761
f 1043//1762 1057//1762 1056//1762
f 1043//1763 1056//1763 1036//1763
f 1108//1764 1036//1764 1103//1764
f 1056//1765 1103//1765 1036//1765
f 1102//1766 1054//1766 1101//1766
f 1053//1767 1059//1767 1055//1767
f 1060//1768 1059//1768 1052//1768
f 1060//1769 1052//1769 1061//1769
f 1060//1770 1062//1770 1059//1770
f 1060//1771 1061//1771 1063//1771
f 1064//1772 1063//1772 1061//1772
f 1064//1773 1066//1773 1065//1773
f 1066//1774 1064//1774 1061//1774
f 1067//1775 1061//1775 1047//1775
f 1067//1776 1047//1776 1048//1776
f 1048//1777 1047//1777 1072//1777
f 1072//1778 1068//1778 1048//1778
f 1073//1779 1072//1779 1044//1779
f 1077//1780 1074//1780 1039//1780
f 1207//1781 1039//1781 1075//1781
f 1034//1782 1075//1782 1038//1782
f 1075//1783 1034//1783 1076//1783
f 1039//1784 1207//1784 1077//1784
f 1077//1785 1073//1785 1074//1785
f 1044//1786 1074//1786 1073//1786
f 1072//1787 1073//1787 1071//1787
f 1072//1788 1071//1788 1068//1788
f 1070//1789 1068//1789 1079//1789
f 1068//1790 1071//1790 1069//1790
f 1071//1791 1078//1791 1069//1791
f 1079//1792 1068//1792 1069//1792
f 1070//1793 1048//1793 1068//1793
f 1061//1794 1067//1794 1066//1794
f 1080//1795 1066//1795 1067//1795
f 1070//1796 1067//1796 1048//1796
f 1066//1797 1081//1797 1065//1797
f 1065//1798 1081//1798 1090//1798
f 1081//1799 1066//1799 1080//1799
f 1083//1800 1070//1800 1079//1800
f 1082//1801 1079//1801 1069//1801
f 1067//1802 1070//1802 1080//1802
f 1080//1803 1087//1803 1081//1803
f 1087//1804 1080//1804 1070//1804
f 1084//1805 1079//1805 1085//1805
f 1085//1806 1079//1806 1082//1806
f 1082//1807 1204//1807 1085//1807
f 1083//1808 1086//1808 1087//1808
f 1070//1809 1083//1809 1087//1809
f 1083//1810 1079//1810 1089//1810
f 1086//1811 1083//1811 1089//1811
f 1086//1812 1089//1812 1088//1812
f 1086//1813 1081//1813 1087//1813
f 1090//1814 1091//1814 1065//1814
f 1092//1815 1064//1815 1093//1815
f 1065//1816 1093//1816 1064//1816
f 1092//1817 1093//1817 1094//1817
f 1062//1818 1060//1818 1095//1818
f 1063//1819 1064//1819 1092//1819
f 1060//1820 1063//1820 1095//1820
f 1096//1821 1095//1821 1063//1821
f 1092//1822 1097//1822 1063//1822
f 1063//1823 1097//1823 1096//1823
f 1096//1824 1098//1824 1095//1824
f 1096//1825 1097//1825 1099//1825
f 1095//1826 1098//1826 1062//1826
f 1100//1827 1062//1827 1098//1827
f 1098//1828 1096//1828 1099//1828
f 1062//1829 1054//1829 1059//1829
f 1059//1830 1054//1830 1055//1830
f 1062//1831 1132//1831 1101//1831
f 1062//1832 1101//1832 1054//1832
f 1054//1833 1102//1833 1057//1833
f 1056//1834 1057//1834 1102//1834
f 1107//1835 1103//1835 1106//1835
f 1106//1836 1103//1836 1056//1836
f 1102//1837 1106//1837 1056//1837
f 1102//1838 1104//1838 1106//1838
f 1102//1839 1105//1839 1104//1839
f 1036//1840 1108//1840 1058//1840
f 1108//1841 825//1841 1058//1841
f 1036//1842 1058//1842 1035//1842
f 825//1843 1110//1843 1109//1843
f 826//1844 1109//1844 816//1844
f 816//1845 813//1845 826//1845
f 826//1846 813//1846 811//1846
f 1109//1847 823//1847 825//1847
f 1006//1848 968//1848 121//1848
f 70//1849 71//1849 725//1849
f 724//1850 70//1850 725//1850
f 68//1851 723//1851 718//1851
f 717//1852 64//1852 67//1852
f 717//1853 67//1853 718//1853
f 321//1854 326//1854 648//1854
f 648//1855 651//1855 318//1855
f 1382//1856 770//1856 1112//1856
f 1112//1857 318//1857 651//1857
f 326//1858 321//1858 322//1858
f 649//1859 1111//1859 651//1859
f 651//1860 1111//1860 1112//1860
f 326//1861 651//1861 648//1861
f 702//1862 678//1862 700//1862
f 700//1863 678//1863 675//1863
f 896//1864 895//1864 898//1864
f 898//1865 1012//1865 1011//1865
f 1014//1866 1012//1866 1113//1866
f 1114//1867 1113//1867 1012//1867
f 1014//1868 1113//1868 907//1868
f 907//1869 1114//1869 899//1869
f 907//1870 1113//1870 1114//1870
f 1114//1871 1012//1871 898//1871
f 816//1872 1109//1872 1110//1872
f 1110//1873 825//1873 1108//1873
f 1115//1874 1110//1874 1108//1874
f 1108//1875 1117//1875 1118//1875
f 1108//1876 1118//1876 1116//1876
f 1115//1877 1108//1877 1116//1877
f 815//1878 816//1878 1119//1878
f 1116//1879 1120//1879 1115//1879
f 1116//1880 1118//1880 1120//1880
f 1110//1881 1115//1881 1119//1881
f 1110//1882 1119//1882 816//1882
f 1121//1883 1115//1883 1120//1883
f 1117//1884 1108//1884 1103//1884
f 1117//1885 1103//1885 1107//1885
f 1117//1886 1123//1886 1118//1886
f 1388//1887 1115//1887 1121//1887
f 1123//1888 1121//1888 1120//1888
f 1121//1889 1123//1889 1402//1889
f 1120//1890 1118//1890 1123//1890
f 1126//1891 1123//1891 1117//1891
f 1123//1892 1126//1892 1124//1892
f 1126//1893 1117//1893 1107//1893
f 1126//1894 1107//1894 1125//1894
f 1125//1895 1107//1895 1106//1895
f 1125//1896 1131//1896 1126//1896
f 1126//1897 1131//1897 1127//1897
f 1127//1898 1131//1898 1128//1898
f 1125//1899 1106//1899 1104//1899
f 1127//1900 1129//1900 1130//1900
f 1126//1901 1127//1901 1124//1901
f 1127//1902 1130//1902 1124//1902
f 1105//1903 1125//1903 1104//1903
f 1140//1904 1105//1904 1102//1904
f 1102//1905 1101//1905 1132//1905
f 1135//1906 1133//1906 1100//1906
f 1135//1907 1100//1907 1098//1907
f 1099//1908 1135//1908 1098//1908
f 1134//1909 1099//1909 1097//1909
f 1097//1910 1136//1910 1134//1910
f 1099//1911 1134//1911 1135//1911
f 1092//1912 1094//1912 1097//1912
f 1065//1913 1091//1913 1093//1913
f 1090//1914 1081//1914 1086//1914
f 1091//1915 1090//1915 1137//1915
f 1086//1916 1137//1916 1090//1916
f 1086//1917 1088//1917 1137//1917
f 1091//1918 1138//1918 1093//1918
f 1139//1919 1138//1919 1091//1919
f 1138//1920 1094//1920 1093//1920
f 1139//1921 1190//1921 1138//1921
f 1134//1922 1598//1922 1135//1922
f 1135//1923 1163//1923 1133//1923
f 1132//1924 1100//1924 1133//1924
f 1100//1925 1132//1925 1062//1925
f 1140//1926 1102//1926 1132//1926
f 1131//1927 1105//1927 1140//1927
f 1105//1928 1131//1928 1125//1928
f 1131//1929 1141//1929 1128//1929
f 1128//1930 1141//1930 1142//1930
f 1143//1931 1141//1931 1131//1931
f 1128//1932 1142//1932 1127//1932
f 1127//1933 1142//1933 1129//1933
f 1146//1934 1142//1934 1141//1934
f 1131//1935 1140//1935 1143//1935
f 1145//1936 1143//1936 1140//1936
f 1144//1937 1143//1937 1145//1937
f 1150//1938 1141//1938 1147//1938
f 1147//1939 1141//1939 1143//1939
f 1147//1940 1143//1940 1144//1940
f 1145//1941 1148//1941 1144//1941
f 1147//1942 1144//1942 1149//1942
f 1149//1943 1144//1943 1148//1943
f 1145//1944 1132//1944 1148//1944
f 1145//1945 1140//1945 1132//1945
f 1148//1946 1132//1946 1151//1946
f 1148//1947 1151//1947 1149//1947
f 1154//1948 1147//1948 1149//1948
f 1152//1949 1150//1949 1153//1949
f 1153//1950 1150//1950 1147//1950
f 1154//1951 1153//1951 1147//1951
f 1153//1952 1154//1952 1155//1952
f 1149//1953 1151//1953 1154//1953
f 1154//1954 1151//1954 1155//1954
f 1156//1955 1155//1955 1151//1955
f 1157//1956 1151//1956 1132//1956
f 1159//1957 1156//1957 1151//1957
f 1159//1958 1151//1958 1157//1958
f 1157//1959 1160//1959 1159//1959
f 1156//1960 1159//1960 1158//1960
f 1156//1961 1158//1961 1155//1961
f 1155//1962 1162//1962 1153//1962
f 1266//1963 1162//1963 1155//1963
f 1158//1964 1266//1964 1155//1964
f 1159//1965 1161//1965 1158//1965
f 1274//1966 1161//1966 1276//1966
f 1276//1967 1161//1967 1159//1967
f 1276//1968 1159//1968 1160//1968
f 1163//1969 1157//1969 1133//1969
f 1133//1970 1157//1970 1132//1970
f 1160//1971 1157//1971 1163//1971
f 1160//1972 1163//1972 1276//1972
f 1165//1973 1164//1973 1276//1973
f 1165//1974 1276//1974 1163//1974
f 1163//1975 1598//1975 1165//1975
f 1276//1976 1170//1976 1167//1976
f 1167//1977 1168//1977 1276//1977
f 1169//1978 1167//1978 1170//1978
f 1170//1979 1276//1979 1164//1979
f 1171//1980 1164//1980 1166//1980
f 1169//1981 1172//1981 1174//1981
f 1174//1982 1172//1982 1173//1982
f 1167//1983 1169//1983 1174//1983
f 1174//1984 1173//1984 1278//1984
f 1173//1985 1172//1985 1280//1985
f 1172//1986 1169//1986 1175//1986
f 1175//1987 1169//1987 1170//1987
f 1171//1988 1176//1988 1175//1988
f 1136//1989 1176//1989 1171//1989
f 1280//1990 1172//1990 1175//1990
f 1280//1991 1175//1991 1176//1991
f 1176//1992 1136//1992 1177//1992
f 1280//1993 1176//1993 1178//1993
f 1176//1994 1179//1994 1178//1994
f 1178//1995 1180//1995 1280//1995
f 1181//1996 1179//1996 1176//1996
f 1177//1997 1181//1997 1176//1997
f 1177//1998 1097//1998 1189//1998
f 1177//1999 1189//1999 1182//1999
f 1177//2000 1182//2000 1181//2000
f 1184//2001 1181//2001 1182//2001
f 1178//2002 1179//2002 1183//2002
f 1183//2003 1179//2003 1181//2003
f 1184//2004 1183//2004 1181//2004
f 1183//2005 1186//2005 1178//2005
f 1188//2006 1185//2006 1184//2006
f 1184//2007 1182//2007 1301//2007
f 1320//2008 1182//2008 1189//2008
f 1320//2009 1189//2009 1190//2009
f 1189//2010 1138//2010 1190//2010
f 1189//2011 1094//2011 1138//2011
f 1192//2012 1190//2012 1139//2012
f 1139//2013 1191//2013 1192//2013
f 1191//2014 1193//2014 1192//2014
f 1321//2015 1190//2015 1192//2015
f 1192//2016 1194//2016 1321//2016
f 1192//2017 1193//2017 1194//2017
f 1193//2018 1196//2018 1195//2018
f 1194//2019 1193//2019 1195//2019
f 1196//2020 1744//2020 1743//2020
f 1744//2021 1196//2021 1197//2021
f 1197//2022 1196//2022 1193//2022
f 1191//2023 1197//2023 1193//2023
f 1197//2024 1191//2024 1137//2024
f 1137//2025 1139//2025 1091//2025
f 1139//2026 1137//2026 1191//2026
f 1137//2027 1088//2027 1745//2027
f 1198//2028 1089//2028 1084//2028
f 1084//2029 1089//2029 1079//2029
f 1198//2030 1199//2030 1089//2030
f 1199//2031 1088//2031 1089//2031
f 1085//2032 1200//2032 1084//2032
f 1200//2033 1201//2033 1084//2033
f 1198//2034 1202//2034 1199//2034
f 1198//2035 1084//2035 1201//2035
f 1200//2036 1085//2036 1204//2036
f 1069//2037 1078//2037 1203//2037
f 1069//2038 1203//2038 1082//2038
f 1204//2039 1082//2039 1203//2039
f 1205//2040 1078//2040 1071//2040
f 1071//2041 1073//2041 1206//2041
f 1205//2042 1071//2042 1206//2042
f 1207//2043 1073//2043 1077//2043
f 1073//2044 1207//2044 1206//2044
f 1203//2045 1078//2045 1205//2045
f 1205//2046 1208//2046 1203//2046
f 1203//2047 1208//2047 1209//2047
f 1203//2048 1209//2048 1204//2048
f 1208//2049 1210//2049 1209//2049
f 1211//2050 1208//2050 1205//2050
f 1207//2051 1212//2051 1206//2051
f 1213//2052 1206//2052 1212//2052
f 1205//2053 1206//2053 1213//2053
f 1214//2054 1213//2054 1212//2054
f 1215//2055 1214//2055 1212//2055
f 1216//2056 1212//2056 1207//2056
f 1207//2057 1075//2057 1216//2057
f 1076//2058 1216//2058 1075//2058
f 1212//2059 1216//2059 1215//2059
f 1214//2060 1215//2060 1667//2060
f 1076//2061 1217//2061 1216//2061
f 1218//2062 1217//2062 1076//2062
f 1076//2063 1033//2063 1219//2063
f 1076//2064 1219//2064 1218//2064
f 1218//2065 1219//2065 1527//2065
f 1527//2066 1219//2066 1220//2066
f 1220//2067 1219//2067 1032//2067
f 1032//2068 1219//2068 1033//2068
f 1220//2069 1222//2069 1221//2069
f 1221//2070 1222//2070 1031//2070
f 1223//2071 1021//2071 1028//2071
f 1220//2072 1221//2072 1527//2072
f 1530//2073 1031//2073 1223//2073
f 1223//2074 1028//2074 1530//2074
f 1031//2075 1530//2075 1225//2075
f 1031//2076 1225//2076 1221//2076
f 1221//2077 1226//2077 1527//2077
f 1221//2078 1225//2078 1226//2078
f 1530//2079 1028//2079 1224//2079
f 1224//2080 1028//2080 828//2080
f 1228//2081 828//2081 829//2081
f 1228//2082 829//2082 1227//2082
f 1532//2083 804//2083 832//2083
f 1230//2084 832//2084 834//2084
f 804//2085 798//2085 834//2085
f 804//2086 834//2086 832//2086
f 1231//2087 149//2087 195//2087
f 1231//2088 195//2088 189//2088
f 1231//2089 189//2089 1233//2089
f 1233//2090 189//2090 1232//2090
f 1232//2091 189//2091 190//2091
f 190//2092 166//2092 156//2092
f 190//2093 156//2093 1232//2093
f 1234//2094 210//2094 395//2094
f 205//2095 209//2095 210//2095
f 1234//2096 205//2096 210//2096
f 1594//2097 396//2097 394//2097
f 1235//2098 771//2098 772//2098
f 1236//2099 394//2099 771//2099
f 771//2100 1235//2100 1237//2100
f 1237//2101 1235//2101 1241//2101
f 1237//2102 1241//2102 1240//2102
f 1237//2103 1240//2103 771//2103
f 1236//2104 1238//2104 394//2104
f 1239//2105 1236//2105 771//2105
f 1239//2106 771//2106 1240//2106
f 929//2107 930//2107 1242//2107
f 930//2108 791//2108 932//2108
f 932//2109 791//2109 808//2109
f 932//2110 1243//2110 930//2110
f 1244//2111 930//2111 1243//2111
f 1245//2112 1244//2112 1243//2112
f 1242//2113 930//2113 1244//2113
f 1244//2114 1246//2114 1242//2114
f 929//2115 1242//2115 782//2115
f 1246//2116 782//2116 1242//2116
f 1243//2117 1247//2117 1245//2117
f 933//2118 1247//2118 1243//2118
f 933//2119 1248//2119 1247//2119
f 1249//2120 1247//2120 1248//2120
f 1247//2121 1250//2121 1245//2121
f 1251//2122 1250//2122 1247//2122
f 1252//2123 1247//2123 1249//2123
f 1252//2124 1251//2124 1247//2124
f 1254//2125 1246//2125 1244//2125
f 1255//2126 1254//2126 1250//2126
f 1250//2127 1254//2127 1244//2127
f 1250//2128 1244//2128 1245//2128
f 1255//2129 1250//2129 1251//2129
f 1254//2130 1255//2130 1256//2130
f 1258//2131 1256//2131 1255//2131
f 1257//2132 1258//2132 1255//2132
f 1259//2133 1254//2133 1256//2133
f 1259//2134 928//2134 1254//2134
f 1254//2135 928//2135 1246//2135
f 1257//2136 1260//2136 1258//2136
f 1256//2137 1329//2137 1259//2137
f 928//2138 1259//2138 1261//2138
f 524//2139 447//2139 532//2139
f 270//2140 290//2140 287//2140
f 1124//2141 1402//2141 1123//2141
f 1388//2142 1121//2142 1402//2142
f 1262//2143 1402//2143 1124//2143
f 1263//2144 1124//2144 1130//2144
f 1130//2145 1129//2145 1404//2145
f 1403//2146 1404//2146 1129//2146
f 1142//2147 1264//2147 1129//2147
f 1129//2148 1264//2148 1403//2148
f 1150//2149 1146//2149 1141//2149
f 1150//2150 1265//2150 1146//2150
f 1270//2151 1162//2151 1266//2151
f 1153//2152 1162//2152 1269//2152
f 1153//2153 1269//2153 1267//2153
f 1153//2154 1267//2154 1152//2154
f 1269//2155 1162//2155 1270//2155
f 1272//2156 1158//2156 1161//2156
f 1158//2157 1272//2157 1266//2157
f 1271//2158 1266//2158 1272//2158
f 1271//2159 1439//2159 1266//2159
f 1266//2160 1439//2160 1270//2160
f 1439//2161 1271//2161 1273//2161
f 1276//2162 1168//2162 1274//2162
f 1275//2163 1274//2163 1168//2163
f 1275//2164 1168//2164 1277//2164
f 1277//2165 1168//2165 1167//2165
f 1277//2166 1167//2166 1174//2166
f 1174//2167 1278//2167 1277//2167
f 1278//2168 1279//2168 1277//2168
f 1278//2169 1173//2169 1281//2169
f 1173//2170 1282//2170 1281//2170
f 1285//2171 1278//2171 1281//2171
f 1275//2172 1277//2172 1279//2172
f 1284//2173 1279//2173 1278//2173
f 1279//2174 1284//2174 1445//2174
f 1278//2175 1285//2175 1284//2175
f 1285//2176 1281//2176 1283//2176
f 1282//2177 1283//2177 1281//2177
f 1286//2178 1282//2178 1173//2178
f 1280//2179 1286//2179 1173//2179
f 1286//2180 1280//2180 1293//2180
f 1286//2181 1293//2181 1290//2181
f 1286//2182 1290//2182 1287//2182
f 1286//2183 1287//2183 1451//2183
f 1288//2184 1451//2184 1289//2184
f 1289//2185 1451//2185 1287//2185
f 1292//2186 1291//2186 1293//2186
f 1292//2187 1294//2187 1291//2187
f 1645//2188 1291//2188 1294//2188
f 1290//2189 1293//2189 1291//2189
f 1287//2190 1290//2190 1289//2190
f 1641//2191 1294//2191 1186//2191
f 1280//2192 1180//2192 1293//2192
f 1293//2193 1180//2193 1292//2193
f 1186//2194 1294//2194 1292//2194
f 1292//2195 1180//2195 1178//2195
f 1186//2196 1292//2196 1178//2196
f 1185//2197 1186//2197 1183//2197
f 1183//2198 1184//2198 1185//2198
f 1185//2199 1188//2199 1295//2199
f 1297//2200 1638//2200 1296//2200
f 1299//2201 1188//2201 1184//2201
f 1184//2202 1301//2202 1299//2202
f 1299//2203 1300//2203 1188//2203
f 1302//2204 1299//2204 1316//2204
f 1316//2205 1299//2205 1301//2205
f 1637//2206 1300//2206 1299//2206
f 1299//2207 1302//2207 1637//2207
f 1304//2208 1637//2208 1302//2208
f 1304//2209 1302//2209 1303//2209
f 1304//2210 1303//2210 1305//2210
f 1304//2211 1305//2211 1306//2211
f 1307//2212 1306//2212 1305//2212
f 1307//2213 1305//2213 1308//2213
f 1309//2214 1305//2214 1303//2214
f 1309//2215 1303//2215 1302//2215
f 1310//2216 1309//2216 1302//2216
f 1309//2217 1310//2217 1312//2217
f 1310//2218 1311//2218 1312//2218
f 1307//2219 1308//2219 1313//2219
f 1309//2220 1314//2220 1305//2220
f 1305//2221 1314//2221 1308//2221
f 1314//2222 1309//2222 1315//2222
f 1315//2223 1309//2223 1312//2223
f 1310//2224 1302//2224 1316//2224
f 1310//2225 1316//2225 1317//2225
f 1310//2226 1742//2226 1311//2226
f 1320//2227 1316//2227 1301//2227
f 1742//2228 1310//2228 1317//2228
f 1318//2229 1317//2229 1316//2229
f 1316//2230 1320//2230 1318//2230
f 1318//2231 1320//2231 1190//2231
f 1321//2232 1317//2232 1318//2232
f 1301//2233 1182//2233 1320//2233
f 923//2234 926//2234 925//2234
f 1323//2235 925//2235 926//2235
f 926//2236 922//2236 1324//2236
f 1324//2237 1327//2237 926//2237
f 926//2238 1327//2238 1326//2238
f 926//2239 1326//2239 1323//2239
f 1338//2240 924//2240 925//2240
f 1325//2241 925//2241 1323//2241
f 1327//2242 1324//2242 927//2242
f 1328//2243 1261//2243 1329//2243
f 1329//2244 1261//2244 1259//2244
f 919//2245 1261//2245 921//2245
f 1328//2246 921//2246 1261//2246
f 1328//2247 1329//2247 1330//2247
f 921//2248 1328//2248 1331//2248
f 921//2249 1331//2249 1335//2249
f 1326//2250 1327//2250 1332//2250
f 1323//2251 1326//2251 1332//2251
f 1333//2252 1332//2252 1334//2252
f 1334//2253 927//2253 921//2253
f 927//2254 1334//2254 1327//2254
f 1332//2255 1327//2255 1334//2255
f 1334//2256 1335//2256 1333//2256
f 1335//2257 1334//2257 921//2257
f 1331//2258 1328//2258 1336//2258
f 1333//2259 1340//2259 1332//2259
f 1328//2260 1330//2260 1336//2260
f 924//2261 1338//2261 1322//2261
f 1322//2262 1338//2262 1559//2262
f 1338//2263 925//2263 1339//2263
f 1325//2264 1323//2264 1360//2264
f 1325//2265 1339//2265 925//2265
f 1332//2266 1340//2266 1323//2266
f 1340//2267 1333//2267 1335//2267
f 1336//2268 1341//2268 1331//2268
f 1340//2269 1335//2269 1331//2269
f 1323//2270 1340//2270 1360//2270
f 1341//2271 1340//2271 1331//2271
f 1342//2272 1336//2272 1348//2272
f 1342//2273 1343//2273 1336//2273
f 1336//2274 1343//2274 1347//2274
f 1336//2275 1347//2275 1354//2275
f 1336//2276 1354//2276 1341//2276
f 1341//2277 1354//2277 1343//2277
f 1340//2278 1341//2278 1345//2278
f 1342//2279 1341//2279 1343//2279
f 1346//2280 1361//2280 1345//2280
f 1346//2281 1345//2281 1341//2281
f 1346//2282 1341//2282 1342//2282
f 1344//2283 1342//2283 1347//2283
f 1347//2284 1342//2284 1348//2284
f 1336//2285 1349//2285 1348//2285
f 1330//2286 1349//2286 1336//2286
f 1348//2287 1349//2287 1350//2287
f 1350//2288 1349//2288 1351//2288
f 1330//2289 1337//2289 1349//2289
f 1350//2290 1353//2290 1348//2290
f 1344//2291 1347//2291 1343//2291
f 1344//2292 1343//2292 1354//2292
f 1355//2293 1347//2293 1348//2293
f 1348//2294 1353//2294 1355//2294
f 1355//2295 1353//2295 1377//2295
f 1377//2296 1357//2296 1355//2296
f 1355//2297 1357//2297 1356//2297
f 1355//2298 1356//2298 1347//2298
f 1347//2299 1356//2299 1354//2299
f 1377//2300 1353//2300 1358//2300
f 1376//2301 1344//2301 1359//2301
f 1344//2302 1376//2302 1342//2302
f 1360//2303 1345//2303 1361//2303
f 1361//2304 1368//2304 1360//2304
f 1346//2305 1375//2305 1361//2305
f 1345//2306 1360//2306 1340//2306
f 1360//2307 1363//2307 1325//2307
f 1360//2308 1364//2308 1363//2308
f 1365//2309 1339//2309 1325//2309
f 1365//2310 1325//2310 1363//2310
f 1339//2311 1562//2311 1559//2311
f 1339//2312 1559//2312 1338//2312
f 1366//2313 1364//2313 1360//2313
f 1366//2314 1360//2314 1368//2314
f 1366//2315 1368//2315 1367//2315
f 1369//2316 1368//2316 1362//2316
f 1362//2317 1368//2317 1361//2317
f 1368//2318 1372//2318 1367//2318
f 1370//2319 1367//2319 1372//2319
f 1371//2320 1368//2320 1369//2320
f 1371//2321 1372//2321 1368//2321
f 1374//2322 1372//2322 1373//2322
f 1373//2323 1372//2323 1371//2323
f 1362//2324 1361//2324 1375//2324
f 1346//2325 1342//2325 1376//2325
f 1377//2326 1359//2326 1357//2326
f 1359//2327 1377//2327 1378//2327
f 1359//2328 1378//2328 1376//2328
f 1376//2329 1375//2329 1346//2329
f 1358//2330 1379//2330 1377//2330
f 1377//2331 1379//2331 1378//2331
f 1379//2332 1350//2332 1380//2332
f 1350//2333 1379//2333 1358//2333
f 1350//2334 1351//2334 1380//2334
f 1353//2335 1350//2335 1358//2335
f 1231//2336 1233//2336 142//2336
f 156//2337 155//2337 1232//2337
f 152//2338 1232//2338 155//2338
f 152//2339 155//2339 153//2339
f 150//2340 152//2340 151//2340
f 1233//2341 150//2341 142//2341
f 150//2342 1233//2342 1232//2342
f 150//2343 1232//2343 152//2343
f 760//2344 761//2344 765//2344
f 765//2345 761//2345 767//2345
f 766//2346 765//2346 1381//2346
f 767//2347 1381//2347 765//2347
f 1382//2348 1381//2348 767//2348
f 767//2349 713//2349 1383//2349
f 1382//2350 1383//2350 714//2350
f 767//2351 1383//2351 1382//2351
f 1382//2352 1112//2352 1111//2352
f 1382//2353 766//2353 1381//2353
f 1122//2354 815//2354 1119//2354
f 813//2355 815//2355 934//2355
f 815//2356 1386//2356 934//2356
f 931//2357 1385//2357 933//2357
f 933//2358 1384//2358 1387//2358
f 933//2359 1387//2359 1248//2359
f 1384//2360 933//2360 1385//2360
f 1385//2361 931//2361 1386//2361
f 1385//2362 1386//2362 1387//2362
f 1386//2363 815//2363 1387//2363
f 1387//2364 815//2364 1122//2364
f 1385//2365 1387//2365 1384//2365
f 1249//2366 1390//2366 1253//2366
f 1249//2367 1253//2367 1252//2367
f 1252//2368 1253//2368 1390//2368
f 1252//2369 1391//2369 1582//2369
f 1251//2370 1252//2370 1582//2370
f 1392//2371 1252//2371 1390//2371
f 1390//2372 1249//2372 1393//2372
f 1387//2373 1122//2373 1393//2373
f 1393//2374 1122//2374 1389//2374
f 1122//2375 1401//2375 1389//2375
f 1389//2376 1401//2376 1395//2376
f 1395//2377 1394//2377 1389//2377
f 1395//2378 1396//2378 1394//2378
f 1248//2379 1387//2379 1393//2379
f 1248//2380 1393//2380 1249//2380
f 1389//2381 1394//2381 1396//2381
f 1396//2382 1397//2382 1389//2382
f 1393//2383 1389//2383 1397//2383
f 1393//2384 1398//2384 1390//2384
f 1399//2385 1390//2385 1398//2385
f 1398//2386 1393//2386 1397//2386
f 1400//2387 1396//2387 1395//2387
f 1395//2388 1402//2388 1400//2388
f 1401//2389 1122//2389 1119//2389
f 1388//2390 1119//2390 1115//2390
f 1119//2391 1388//2391 1401//2391
f 1401//2392 1388//2392 1402//2392
f 1400//2393 1402//2393 1262//2393
f 1402//2394 1395//2394 1401//2394
f 1262//2395 1124//2395 1263//2395
f 1403//2396 1405//2396 1404//2396
f 1404//2397 1405//2397 1406//2397
f 1130//2398 1404//2398 1263//2398
f 1263//2399 1404//2399 1406//2399
f 1408//2400 1263//2400 1407//2400
f 1263//2401 1408//2401 1412//2401
f 1412//2402 1262//2402 1263//2402
f 1412//2403 1408//2403 1409//2403
f 1400//2404 1262//2404 1410//2404
f 1411//2405 1400//2405 1410//2405
f 1410//2406 1412//2406 1416//2406
f 1410//2407 1262//2407 1412//2407
f 1417//2408 1413//2408 1409//2408
f 1409//2409 1413//2409 1412//2409
f 1414//2410 1409//2410 1408//2410
f 1415//2411 1414//2411 1408//2411
f 1409//2412 1414//2412 1417//2412
f 1412//2413 1413//2413 1416//2413
f 1413//2414 1417//2414 1416//2414
f 1418//2415 1410//2415 1416//2415
f 1416//2416 1419//2416 1418//2416
f 1410//2417 1418//2417 1411//2417
f 1420//2418 1411//2418 1418//2418
f 1417//2419 1419//2419 1416//2419
f 1417//2420 1421//2420 1419//2420
f 1422//2421 1417//2421 1414//2421
f 1414//2422 1415//2422 1422//2422
f 1422//2423 1423//2423 1417//2423
f 1424//2424 1423//2424 1422//2424
f 1424//2425 1422//2425 1425//2425
f 1426//2426 1422//2426 1407//2426
f 1407//2427 1422//2427 1415//2427
f 1407//2428 1415//2428 1408//2428
f 1407//2429 1263//2429 1406//2429
f 1426//2430 1406//2430 1405//2430
f 1403//2431 1264//2431 1405//2431
f 1427//2432 1405//2432 1264//2432
f 1428//2433 1142//2433 1146//2433
f 1142//2434 1428//2434 1264//2434
f 1427//2435 1264//2435 1428//2435
f 1429//2436 1428//2436 1146//2436
f 1429//2437 1146//2437 1265//2437
f 1430//2438 1429//2438 1265//2438
f 1430//2439 1265//2439 1431//2439
f 1152//2440 1431//2440 1265//2440
f 1429//2441 1430//2441 1432//2441
f 1429//2442 1432//2442 1427//2442
f 1432//2443 1430//2443 1433//2443
f 1429//2444 1427//2444 1428//2444
f 1431//2445 1152//2445 1267//2445
f 1431//2446 1267//2446 1434//2446
f 1267//2447 1269//2447 1268//2447
f 1269//2448 1270//2448 1435//2448
f 1267//2449 1268//2449 1436//2449
f 1435//2450 1437//2450 1269//2450
f 1268//2451 1269//2451 1437//2451
f 1268//2452 1437//2452 1438//2452
f 1439//2453 1435//2453 1270//2453
f 1435//2454 1439//2454 1437//2454
f 1437//2455 1439//2455 1440//2455
f 1440//2456 1439//2456 1441//2456
f 1439//2457 1273//2457 1441//2457
f 1444//2458 1440//2458 1441//2458
f 1273//2459 1271//2459 1442//2459
f 1273//2460 1443//2460 1441//2460
f 1273//2461 1442//2461 1443//2461
f 1443//2462 1444//2462 1441//2462
f 1161//2463 1271//2463 1272//2463
f 1442//2464 1161//2464 1274//2464
f 1271//2465 1161//2465 1442//2465
f 1442//2466 1274//2466 1275//2466
f 1442//2467 1275//2467 1279//2467
f 1442//2468 1279//2468 1445//2468
f 1445//2469 1443//2469 1442//2469
f 1445//2470 1444//2470 1443//2470
f 1446//2471 1444//2471 1445//2471
f 1447//2472 1284//2472 1283//2472
f 1284//2473 1447//2473 1445//2473
f 1445//2474 1447//2474 1446//2474
f 1283//2475 1284//2475 1285//2475
f 1447//2476 1448//2476 1449//2476
f 1449//2477 1448//2477 1451//2477
f 1451//2478 1448//2478 1283//2478
f 1451//2479 1454//2479 1449//2479
f 1451//2480 1283//2480 1282//2480
f 1286//2481 1451//2481 1282//2481
f 1288//2482 1454//2482 1451//2482
f 1289//2483 1290//2483 2559//2483
f 1289//2484 1453//2484 1288//2484
f 1288//2485 1453//2485 1454//2485
f 1454//2486 1455//2486 1452//2486
f 1452//2487 1456//2487 1454//2487
f 1456//2488 1457//2488 1454//2488
f 1458//2489 641//2489 640//2489
f 640//2490 205//2490 1234//2490
f 1234//2491 1592//2491 640//2491
f 395//2492 396//2492 1234//2492
f 1234//2493 396//2493 1591//2493
f 1596//2494 1594//2494 394//2494
f 1595//2495 394//2495 1459//2495
f 1459//2496 394//2496 1238//2496
f 1238//2497 1236//2497 1239//2497
f 1238//2498 1239//2498 1460//2498
f 1238//2499 1460//2499 1459//2499
f 1460//2500 1461//2500 1462//2500
f 1460//2501 1462//2501 1463//2501
f 1460//2502 1595//2502 1459//2502
f 1460//2503 1463//2503 1595//2503
f 1461//2504 1460//2504 1239//2504
f 1239//2505 1465//2505 1461//2505
f 1240//2506 1241//2506 1466//2506
f 1241//2507 1235//2507 772//2507
f 1241//2508 772//2508 1467//2508
f 1466//2509 1241//2509 1473//2509
f 1466//2510 1474//2510 1468//2510
f 1474//2511 1466//2511 1473//2511
f 1473//2512 1241//2512 1469//2512
f 1469//2513 1241//2513 1467//2513
f 1472//2514 1474//2514 1469//2514
f 1474//2515 1473//2515 1469//2515
f 1472//2516 1470//2516 1475//2516
f 1472//2517 1475//2517 1474//2517
f 1470//2518 1494//2518 1475//2518
f 1475//2519 1494//2519 1476//2519
f 1476//2520 1477//2520 1478//2520
f 1476//2521 1479//2521 1475//2521
f 1474//2522 1475//2522 1468//2522
f 1480//2523 1240//2523 1466//2523
f 1480//2524 1466//2524 1468//2524
f 1240//2525 1480//2525 1481//2525
f 1239//2526 1240//2526 1481//2526
f 1481//2527 1480//2527 1468//2527
f 1468//2528 1475//2528 1482//2528
f 1482//2529 1483//2529 1468//2529
f 1479//2530 1482//2530 1475//2530
f 1482//2531 1479//2531 1486//2531
f 1483//2532 1484//2532 1468//2532
f 1485//2533 1484//2533 1483//2533
f 1476//2534 1478//2534 1479//2534
f 1483//2535 1482//2535 1485//2535
f 1488//2536 1487//2536 1485//2536
f 1485//2537 1482//2537 1486//2537
f 1485//2538 1486//2538 1488//2538
f 1477//2539 1493//2539 1478//2539
f 1493//2540 1477//2540 1490//2540
f 1491//2541 1490//2541 1477//2541
f 1490//2542 1492//2542 1493//2542
f 1477//2543 1471//2543 1491//2543
f 1477//2544 1494//2544 1471//2544
f 1477//2545 1476//2545 1494//2545
f 863//2546 871//2546 869//2546
f 1495//2547 863//2547 872//2547
f 1495//2548 872//2548 873//2548
f 1495//2549 873//2549 1496//2549
f 1496//2550 873//2550 875//2550
f 1496//2551 875//2551 879//2551
f 879//2552 874//2552 1498//2552
f 863//2553 1495//2553 871//2553
f 869//2554 871//2554 1517//2554
f 1517//2555 871//2555 1495//2555
f 1495//2556 1496//2556 1517//2556
f 1517//2557 1496//2557 1497//2557
f 1497//2558 1496//2558 879//2558
f 874//2559 1503//2559 1498//2559
f 1502//2560 878//2560 876//2560
f 882//2561 880//2561 877//2561
f 743//2562 877//2562 880//2562
f 1499//2563 743//2563 880//2563
f 1500//2564 1499//2564 880//2564
f 884//2565 1500//2565 880//2565
f 884//2566 880//2566 883//2566
f 1501//2567 1500//2567 884//2567
f 1501//2568 884//2568 1504//2568
f 1499//2569 1502//2569 876//2569
f 1502//2570 1499//2570 1500//2570
f 1502//2571 1500//2571 1503//2571
f 1503//2572 1500//2572 1501//2572
f 1502//2573 1503//2573 878//2573
f 1522//2574 884//2574 883//2574
f 884//2575 1522//2575 1504//2575
f 777//2576 883//2576 881//2576
f 775//2577 777//2577 881//2577
f 777//2578 1505//2578 883//2578
f 1506//2579 883//2579 1505//2579
f 1505//2580 1507//2580 1508//2580
f 1507//2581 1505//2581 778//2581
f 1507//2582 1509//2582 1508//2582
f 1508//2583 1524//2583 1505//2583
f 1505//2584 1524//2584 1506//2584
f 1509//2585 776//2585 885//2585
f 1509//2586 1975//2586 1508//2586
f 1508//2587 1975//2587 1524//2587
f 2032//2588 1509//2588 885//2588
f 2032//2589 885//2589 1510//2589
f 776//2590 886//2590 1525//2590
f 1525//2591 1511//2591 1512//2591
f 170//2592 865//2592 859//2592
f 170//2593 859//2593 1514//2593
f 859//2594 870//2594 1514//2594
f 170//2595 1514//2595 171//2595
f 171//2596 1514//2596 1515//2596
f 168//2597 1515//2597 161//2597
f 1514//2598 870//2598 1516//2598
f 1515//2599 1514//2599 1923//2599
f 870//2600 869//2600 1516//2600
f 1518//2601 1517//2601 2019//2601
f 2019//2602 1517//2602 1497//2602
f 1498//2603 1497//2603 879//2603
f 1519//2604 1503//2604 1501//2604
f 1521//2605 1501//2605 1504//2605
f 1521//2606 1504//2606 1963//2606
f 1504//2607 1522//2607 1963//2607
f 1522//2608 883//2608 1506//2608
f 1522//2609 1506//2609 1523//2609
f 2031//2610 1510//2610 2035//2610
f 2034//2611 1510//2611 885//2611
f 776//2612 2034//2612 885//2612
f 2034//2613 776//2613 1525//2613
f 1513//2614 1512//2614 1511//2614
f 1527//2615 1528//2615 1218//2615
f 1527//2616 1226//2616 1528//2616
f 1529//2617 1226//2617 1225//2617
f 1529//2618 1225//2618 1662//2618
f 1662//2619 1225//2619 1530//2619
f 1228//2620 1224//2620 828//2620
f 1228//2621 1227//2621 1661//2621
f 1661//2622 1227//2622 1531//2622
f 1531//2623 1227//2623 831//2623
f 1531//2624 831//2624 1229//2624
f 1229//2625 831//2625 1532//2625
f 1532//2626 832//2626 1533//2626
f 1532//2627 1533//2627 1229//2627
f 1679//2628 1533//2628 832//2628
f 1230//2629 1679//2629 832//2629
f 1534//2630 1679//2630 1230//2630
f 940//2631 1230//2631 834//2631
f 835//2632 940//2632 834//2632
f 769//2633 318//2633 770//2633
f 897//2634 1011//2634 294//2634
f 1535//2635 294//2635 1011//2635
f 1535//2636 1537//2636 294//2636
f 293//2637 294//2637 292//2637
f 294//2638 1536//2638 292//2638
f 1536//2639 294//2639 1537//2639
f 1613//2640 1011//2640 1013//2640
f 1013//2641 1014//2641 1613//2641
f 1537//2642 1535//2642 913//2642
f 1537//2643 913//2643 1538//2643
f 914//2644 1547//2644 913//2644
f 913//2645 1547//2645 1539//2645
f 913//2646 1539//2646 1538//2646
f 1009//2647 292//2647 1536//2647
f 1542//2648 1536//2648 1540//2648
f 1540//2649 1536//2649 1537//2649
f 1538//2650 1539//2650 1541//2650
f 1538//2651 1540//2651 1537//2651
f 1541//2652 1540//2652 1538//2652
f 1541//2653 1542//2653 1540//2653
f 1542//2654 1541//2654 1539//2654
f 1009//2655 1536//2655 1010//2655
f 1536//2656 1542//2656 1010//2656
f 1547//2657 914//2657 1544//2657
f 1546//2658 1544//2658 1545//2658
f 1544//2659 1546//2659 1547//2659
f 1539//2660 1548//2660 1542//2660
f 1548//2661 1543//2661 1542//2661
f 1548//2662 1539//2662 1547//2662
f 1545//2663 2067//2663 1552//2663
f 1545//2664 1552//2664 1546//2664
f 1546//2665 1548//2665 1547//2665
f 1543//2666 1551//2666 1010//2666
f 1542//2667 1543//2667 1010//2667
f 1009//2668 1010//2668 1007//2668
f 1007//2669 1010//2669 1002//2669
f 1002//2670 1008//2670 1007//2670
f 999//2671 1001//2671 1550//2671
f 992//2672 999//2672 1550//2672
f 1002//2673 1001//2673 996//2673
f 1551//2674 1001//2674 1010//2674
f 1010//2675 1001//2675 1002//2675
f 1543//2676 1549//2676 1551//2676
f 1543//2677 1548//2677 1546//2677
f 1543//2678 1546//2678 1552//2678
f 1543//2679 1553//2679 1549//2679
f 1549//2680 1553//2680 1551//2680
f 1551//2681 1550//2681 1001//2681
f 1550//2682 1551//2682 992//2682
f 992//2683 1551//2683 1553//2683
f 992//2684 1553//2684 1554//2684
f 1553//2685 1543//2685 1552//2685
f 1554//2686 1553//2686 1552//2686
f 1552//2687 2067//2687 1554//2687
f 1555//2688 992//2688 1554//2688
f 1556//2689 1555//2689 1554//2689
f 992//2690 1555//2690 998//2690
f 2061//2691 998//2691 1555//2691
f 998//2692 1557//2692 990//2692
f 986//2693 987//2693 960//2693
f 960//2694 987//2694 988//2694
f 988//2695 1557//2695 1558//2695
f 951//2696 960//2696 988//2696
f 960//2697 951//2697 953//2697
f 960//2698 955//2698 957//2698
f 957//2699 958//2699 960//2699
f 954//2700 960//2700 948//2700
f 960//2701 954//2701 955//2701
f 955//2702 956//2702 848//2702
f 955//2703 848//2703 957//2703
f 1561//2704 1559//2704 1562//2704
f 1562//2705 1339//2705 1365//2705
f 1363//2706 1364//2706 1365//2706
f 1365//2707 1364//2707 1563//2707
f 1364//2708 1366//2708 1563//2708
f 1562//2709 1567//2709 1564//2709
f 1366//2710 1367//2710 1563//2710
f 1367//2711 1565//2711 1563//2711
f 1563//2712 1565//2712 1566//2712
f 1563//2713 1567//2713 1365//2713
f 1365//2714 1567//2714 1562//2714
f 1567//2715 1563//2715 1566//2715
f 1567//2716 1566//2716 2686//2716
f 1567//2717 2686//2717 1568//2717
f 1567//2718 1568//2718 1571//2718
f 1570//2719 1564//2719 1569//2719
f 1604//2720 1570//2720 1569//2720
f 1569//2721 1564//2721 1567//2721
f 1569//2722 1567//2722 1571//2722
f 1565//2723 1573//2723 1566//2723
f 1370//2724 1372//2724 1572//2724
f 1573//2725 1565//2725 1574//2725
f 1367//2726 1370//2726 1574//2726
f 1574//2727 1370//2727 1572//2727
f 1574//2728 1565//2728 1367//2728
f 1575//2729 1371//2729 1369//2729
f 1369//2730 1576//2730 1575//2730
f 1362//2731 1576//2731 1369//2731
f 1362//2732 1375//2732 1576//2732
f 1379//2733 1380//2733 1577//2733
f 1376//2734 1378//2734 1375//2734
f 1375//2735 1378//2735 1578//2735
f 1578//2736 1576//2736 1375//2736
f 1379//2737 1578//2737 1378//2737
f 1379//2738 1579//2738 1578//2738
f 2695//2739 1576//2739 1578//2739
f 2685//2740 1579//2740 1379//2740
f 1351//2741 1580//2741 1380//2741
f 1351//2742 1349//2742 1580//2742
f 1337//2743 1330//2743 1256//2743
f 1330//2744 1329//2744 1256//2744
f 1337//2745 1256//2745 1352//2745
f 1256//2746 1258//2746 1352//2746
f 1258//2747 1260//2747 1352//2747
f 1581//2748 1260//2748 1257//2748
f 1257//2749 1255//2749 1582//2749
f 1582//2750 1255//2750 1251//2750
f 1252//2751 1392//2751 1391//2751
f 1398//2752 1583//2752 1399//2752
f 1420//2753 1583//2753 1398//2753
f 1420//2754 1398//2754 1397//2754
f 1400//2755 1397//2755 1396//2755
f 1400//2756 1411//2756 1397//2756
f 1420//2757 1418//2757 1797//2757
f 1585//2758 1418//2758 1419//2758
f 1586//2759 1417//2759 1423//2759
f 1424//2760 1584//2760 1423//2760
f 1417//2761 1586//2761 1421//2761
f 1797//2762 1418//2762 1585//2762
f 1801//2763 1585//2763 1586//2763
f 1586//2764 1423//2764 1584//2764
f 1421//2765 1586//2765 1419//2765
f 1587//2766 1424//2766 1425//2766
f 1424//2767 1588//2767 1584//2767
f 1588//2768 1589//2768 1584//2768
f 1805//2769 1589//2769 1588//2769
f 1588//2770 1424//2770 1587//2770
f 1587//2771 1425//2771 1809//2771
f 1425//2772 1590//2772 1809//2772
f 1427//2773 1590//2773 1425//2773
f 1425//2774 1422//2774 1426//2774
f 1406//2775 1426//2775 1407//2775
f 1426//2776 1405//2776 1425//2776
f 1590//2777 1432//2777 1809//2777
f 1427//2778 1432//2778 1590//2778
f 1405//2779 1427//2779 1425//2779
f 868//2780 865//2780 170//2780
f 769//2781 768//2781 721//2781
f 1458//2782 640//2782 1592//2782
f 1591//2783 1592//2783 1234//2783
f 1593//2784 1458//2784 1592//2784
f 1463//2785 1591//2785 1594//2785
f 1463//2786 1594//2786 1596//2786
f 1463//2787 1592//2787 1591//2787
f 1593//2788 1592//2788 1945//2788
f 1945//2789 1592//2789 1629//2789
f 1595//2790 1596//2790 394//2790
f 1595//2791 1463//2791 1596//2791
f 1163//2792 1135//2792 1598//2792
f 1597//2793 1165//2793 1598//2793
f 1599//2794 1598//2794 1134//2794
f 1599//2795 1134//2795 1136//2795
f 1136//2796 1597//2796 1599//2796
f 1177//2797 1136//2797 1097//2797
f 1094//2798 1189//2798 1097//2798
f 1600//2799 1559//2799 1560//2799
f 1561//2800 1560//2800 1559//2800
f 1562//2801 1564//2801 1561//2801
f 1564//2802 1601//2802 1561//2802
f 1601//2803 1602//2803 1561//2803
f 1603//2804 1560//2804 1561//2804
f 1601//2805 1564//2805 1570//2805
f 1604//2806 1605//2806 1602//2806
f 1561//2807 1602//2807 1603//2807
f 1603//2808 1602//2808 1608//2808
f 1560//2809 1603//2809 1608//2809
f 1560//2810 1608//2810 1600//2810
f 1600//2811 1608//2811 1607//2811
f 1605//2812 1608//2812 1602//2812
f 1605//2813 2687//2813 1609//2813
f 1605//2814 1609//2814 1610//2814
f 1608//2815 1605//2815 1611//2815
f 1608//2816 1611//2816 1607//2816
f 1611//2817 1605//2817 1610//2817
f 1600//2818 1607//2818 1606//2818
f 1607//2819 1611//2819 1606//2819
f 1613//2820 913//2820 1535//2820
f 1613//2821 1535//2821 1011//2821
f 637//2822 636//2822 641//2822
f 636//2823 637//2823 1614//2823
f 636//2824 1614//2824 634//2824
f 1614//2825 637//2825 1615//2825
f 1616//2826 1615//2826 1593//2826
f 1593//2827 1615//2827 1458//2827
f 1615//2828 1616//2828 1614//2828
f 634//2829 635//2829 381//2829
f 1617//2830 635//2830 634//2830
f 1617//2831 634//2831 1614//2831
f 1618//2832 635//2832 1617//2832
f 635//2833 1618//2833 1619//2833
f 381//2834 635//2834 1620//2834
f 1621//2835 633//2835 1620//2835
f 1620//2836 633//2836 381//2836
f 635//2837 1619//2837 1620//2837
f 1621//2838 1620//2838 1619//2838
f 633//2839 1621//2839 632//2839
f 632//2840 1621//2840 1622//2840
f 632//2841 385//2841 384//2841
f 2203//2842 385//2842 1623//2842
f 1623//2843 385//2843 632//2843
f 1623//2844 632//2844 1622//2844
f 1624//2845 1622//2845 1621//2845
f 1621//2846 1619//2846 1625//2846
f 1624//2847 1621//2847 1625//2847
f 1619//2848 2205//2848 1625//2848
f 1618//2849 2205//2849 1619//2849
f 1614//2850 1626//2850 1618//2850
f 1614//2851 1618//2851 1617//2851
f 1626//2852 1614//2852 1627//2852
f 1627//2853 1614//2853 1616//2853
f 1616//2854 1628//2854 1627//2854
f 1629//2855 1592//2855 1463//2855
f 1465//2856 1462//2856 1461//2856
f 1239//2857 1481//2857 1465//2857
f 1468//2858 1465//2858 1481//2858
f 1634//2859 1464//2859 1465//2859
f 1464//2860 1462//2860 1465//2860
f 1630//2861 1464//2861 1634//2861
f 1630//2862 1634//2862 1631//2862
f 1462//2863 1464//2863 1632//2863
f 1462//2864 1629//2864 1463//2864
f 1462//2865 1632//2865 1629//2865
f 1633//2866 1629//2866 1632//2866
f 1632//2867 1464//2867 1630//2867
f 1631//2868 1634//2868 1635//2868
f 1634//2869 1465//2869 1635//2869
f 1468//2870 1635//2870 1465//2870
f 1635//2871 1485//2871 1631//2871
f 1635//2872 1468//2872 1484//2872
f 1484//2873 1485//2873 1635//2873
f 964//2874 984//2874 962//2874
f 962//2875 120//2875 964//2875
f 396//2876 1594//2876 1591//2876
f 1319//2877 1636//2877 1314//2877
f 1314//2878 1636//2878 1308//2878
f 1307//2879 1313//2879 1752//2879
f 1304//2880 1306//2880 1655//2880
f 1304//2881 1655//2881 1637//2881
f 1300//2882 1297//2882 1188//2882
f 1297//2883 1298//2883 1638//2883
f 1297//2884 1296//2884 1295//2884
f 1640//2885 1298//2885 1639//2885
f 1187//2886 1296//2886 1638//2886
f 1640//2887 1638//2887 1298//2887
f 1638//2888 1640//2888 1642//2888
f 1638//2889 1642//2889 1187//2889
f 1296//2890 1187//2890 1185//2890
f 1296//2891 1185//2891 1295//2891
f 1186//2892 1185//2892 1187//2892
f 1187//2893 1642//2893 1641//2893
f 1186//2894 1187//2894 1641//2894
f 1643//2895 1642//2895 1640//2895
f 1640//2896 1652//2896 1643//2896
f 1642//2897 1644//2897 1641//2897
f 1645//2898 1294//2898 1644//2898
f 1644//2899 1294//2899 1641//2899
f 1644//2900 1646//2900 1645//2900
f 1646//2901 1644//2901 1647//2901
f 1648//2902 1650//2902 1647//2902
f 1647//2903 1649//2903 1646//2903
f 1290//2904 1291//2904 2558//2904
f 1649//2905 1647//2905 1650//2905
f 1647//2906 1644//2906 1651//2906
f 1643//2907 1650//2907 1648//2907
f 2476//2908 1650//2908 1643//2908
f 1651//2909 1648//2909 1647//2909
f 1651//2910 1644//2910 1642//2910
f 1643//2911 1651//2911 1642//2911
f 1652//2912 1640//2912 1639//2912
f 1297//2913 1295//2913 1188//2913
f 1300//2914 1298//2914 1297//2914
f 1298//2915 1300//2915 1653//2915
f 1298//2916 1653//2916 1654//2916
f 1653//2917 1300//2917 1816//2917
f 1637//2918 1655//2918 1816//2918
f 1656//2919 1657//2919 1655//2919
f 1818//2920 1655//2920 1657//2920
f 1656//2921 1306//2921 1658//2921
f 1659//2922 1658//2922 1752//2922
f 1752//2923 1658//2923 1306//2923
f 1655//2924 1306//2924 1656//2924
f 637//2925 641//2925 1615//2925
f 1615//2926 641//2926 1458//2926
f 1660//2927 1224//2927 1228//2927
f 1661//2928 1660//2928 1228//2928
f 1660//2929 1530//2929 1224//2929
f 1662//2930 1530//2930 1660//2930
f 1660//2931 1663//2931 1662//2931
f 1218//2932 1664//2932 1665//2932
f 1218//2933 1665//2933 1217//2933
f 1216//2934 1217//2934 1215//2934
f 1215//2935 1217//2935 1665//2935
f 1528//2936 1664//2936 1218//2936
f 1666//2937 1528//2937 1226//2937
f 1226//2938 1529//2938 1666//2938
f 1666//2939 1672//2939 1528//2939
f 1528//2940 1672//2940 1664//2940
f 1667//2941 1215//2941 1665//2941
f 1205//2942 1213//2942 1211//2942
f 1211//2943 1668//2943 1208//2943
f 1214//2944 1669//2944 1213//2944
f 1213//2945 1669//2945 1211//2945
f 1669//2946 1214//2946 1667//2946
f 1670//2947 1666//2947 1529//2947
f 1671//2948 1529//2948 1662//2948
f 1529//2949 1671//2949 1670//2949
f 1664//2950 1672//2950 1673//2950
f 1664//2951 1673//2951 1665//2951
f 1673//2952 1674//2952 1665//2952
f 1665//2953 1674//2953 1667//2953
f 1669//2954 1667//2954 1675//2954
f 1670//2955 1671//2955 1676//2955
f 1670//2956 1676//2956 1666//2956
f 1229//2957 1677//2957 1531//2957
f 1678//2958 1677//2958 1229//2958
f 1678//2959 1229//2959 1533//2959
f 1678//2960 1683//2960 1677//2960
f 1533//2961 1680//2961 1678//2961
f 1533//2962 1679//2962 1680//2962
f 1700//2963 1681//2963 1679//2963
f 1679//2964 1681//2964 1680//2964
f 1678//2965 1682//2965 1683//2965
f 1682//2966 1678//2966 1684//2966
f 1661//2967 1531//2967 1677//2967
f 1683//2968 1682//2968 1685//2968
f 1677//2969 1683//2969 1661//2969
f 1661//2970 1683//2970 1686//2970
f 1661//2971 1687//2971 1663//2971
f 1661//2972 1663//2972 1660//2972
f 1687//2973 1661//2973 1686//2973
f 1688//2974 1686//2974 1683//2974
f 1688//2975 1683//2975 1685//2975
f 1689//2976 1685//2976 1682//2976
f 1693//2977 1685//2977 1689//2977
f 1693//2978 1691//2978 1685//2978
f 1691//2979 1690//2979 1685//2979
f 1691//2980 1693//2980 1692//2980
f 1692//2981 1693//2981 2050//2981
f 1684//2982 1689//2982 1682//2982
f 1695//2983 1684//2983 1680//2983
f 1684//2984 1678//2984 1680//2984
f 1534//2985 1700//2985 1679//2985
f 1230//2986 940//2986 1534//2986
f 1699//2987 1534//2987 940//2987
f 1696//2988 939//2988 1697//2988
f 939//2989 1699//2989 940//2989
f 1699//2990 939//2990 1696//2990
f 1698//2991 1696//2991 1697//2991
f 1697//2992 1705//2992 1698//2992
f 1698//2993 2056//2993 1696//2993
f 2056//2994 1699//2994 1696//2994
f 1534//2995 1699//2995 1700//2995
f 1701//2996 1699//2996 2056//2996
f 1700//2997 1699//2997 1701//2997
f 1702//2998 1701//2998 2056//2998
f 2056//2999 1698//2999 1703//2999
f 1704//3000 1703//3000 1698//3000
f 1710//3001 1705//3001 1697//3001
f 941//3002 1697//3002 939//3002
f 1698//3003 1713//3003 1704//3003
f 1715//3004 1704//3004 1713//3004
f 1713//3005 1698//3005 1705//3005
f 950//3006 941//3006 942//3006
f 1706//3007 941//3007 950//3007
f 950//3008 1708//3008 1707//3008
f 941//3009 1706//3009 1697//3009
f 1707//3010 1709//3010 950//3010
f 1707//3011 1708//3011 988//3011
f 988//3012 1708//3012 952//3012
f 952//3013 951//3013 988//3013
f 988//3014 1558//3014 1707//3014
f 950//3015 1709//3015 1706//3015
f 1697//3016 1706//3016 1710//3016
f 1706//3017 1709//3017 1710//3017
f 1707//3018 1712//3018 1709//3018
f 1707//3019 1558//3019 1712//3019
f 1558//3020 1718//3020 1711//3020
f 1558//3021 1711//3021 1712//3021
f 1705//3022 1710//3022 1709//3022
f 1711//3023 1705//3023 1709//3023
f 1713//3024 1705//3024 1711//3024
f 1714//3025 1715//3025 1713//3025
f 1713//3026 1718//3026 1714//3026
f 1716//3027 1715//3027 1714//3027
f 1703//3028 1704//3028 1715//3028
f 2058//3029 1716//3029 1717//3029
f 1716//3030 1718//3030 1717//3030
f 1717//3031 1718//3031 2514//3031
f 1558//3032 2514//3032 1718//3032
f 1714//3033 1718//3033 1716//3033
f 1718//3034 1713//3034 1711//3034
f 1711//3035 1709//3035 1712//3035
f 1599//3036 1597//3036 1598//3036
f 1597//3037 1166//3037 1165//3037
f 1597//3038 1136//3038 1166//3038
f 1166//3039 1136//3039 1171//3039
f 1171//3040 1175//3040 1164//3040
f 1164//3041 1175//3041 1170//3041
f 1166//3042 1164//3042 1165//3042
f 1719//3043 1313//3043 1308//3043
f 1719//3044 1308//3044 1720//3044
f 1720//3045 1308//3045 1721//3045
f 1722//3046 1313//3046 1719//3046
f 1721//3047 1308//3047 1636//3047
f 1719//3048 1720//3048 1722//3048
f 1723//3049 1720//3049 1721//3049
f 1721//3050 1636//3050 1729//3050
f 1720//3051 1724//3051 1722//3051
f 1724//3052 1720//3052 1755//3052
f 1755//3053 1720//3053 1723//3053
f 1727//3054 1723//3054 1721//3054
f 1727//3055 1721//3055 1729//3055
f 1723//3056 1727//3056 1725//3056
f 1755//3057 1723//3057 1757//3057
f 1725//3058 1757//3058 1723//3058
f 1725//3059 1726//3059 1757//3059
f 1726//3060 1725//3060 1758//3060
f 1758//3061 1725//3061 1896//3061
f 1896//3062 1725//3062 1727//3062
f 1727//3063 1728//3063 1761//3063
f 1728//3064 1727//3064 1729//3064
f 1729//3065 1730//3065 1728//3065
f 1730//3066 1734//3066 1732//3066
f 1733//3067 1732//3067 1734//3067
f 1735//3068 1733//3068 1734//3068
f 1734//3069 1730//3069 1731//3069
f 1731//3070 1730//3070 1636//3070
f 1636//3071 1730//3071 1729//3071
f 1636//3072 1319//3072 1731//3072
f 1731//3073 1319//3073 1739//3073
f 1734//3074 1731//3074 1735//3074
f 1735//3075 1731//3075 1736//3075
f 1736//3076 1731//3076 1739//3076
f 1737//3077 1739//3077 1319//3077
f 1315//3078 1737//3078 1314//3078
f 1314//3079 1737//3079 1319//3079
f 1738//3080 1737//3080 1315//3080
f 1312//3081 1738//3081 1315//3081
f 1740//3082 1739//3082 1737//3082
f 1740//3083 1737//3083 1738//3083
f 1741//3084 1738//3084 1311//3084
f 1741//3085 1311//3085 1742//3085
f 1741//3086 1742//3086 1195//3086
f 1741//3087 1743//3087 1738//3087
f 1738//3088 1743//3088 1740//3088
f 1196//3089 1743//3089 1741//3089
f 1196//3090 1741//3090 1195//3090
f 1744//3091 1197//3091 2283//3091
f 2283//3092 1197//3092 1137//3092
f 2283//3093 1137//3093 1745//3093
f 1745//3094 1088//3094 1199//3094
f 1202//3095 1746//3095 1199//3095
f 1745//3096 1199//3096 1746//3096
f 1201//3097 1202//3097 1198//3097
f 1201//3098 1200//3098 2218//3098
f 1746//3099 1202//3099 1747//3099
f 2348//3100 1746//3100 1747//3100
f 1747//3101 1202//3101 1748//3101
f 1748//3102 1202//3102 1201//3102
f 1749//3103 1748//3103 1201//3103
f 1749//3104 1201//3104 2218//3104
f 1200//3105 1750//3105 2218//3105
f 1200//3106 1204//3106 1751//3106
f 1200//3107 1751//3107 1750//3107
f 1195//3108 1742//3108 1317//3108
f 1190//3109 1321//3109 1318//3109
f 1311//3110 1738//3110 1312//3110
f 1195//3111 1317//3111 1194//3111
f 1317//3112 1321//3112 1194//3112
f 1313//3113 1722//3113 1752//3113
f 1753//3114 1722//3114 1724//3114
f 1306//3115 1307//3115 1752//3115
f 1724//3116 1754//3116 1753//3116
f 1659//3117 1831//3117 1658//3117
f 1659//3118 1753//3118 1754//3118
f 1831//3119 1659//3119 1754//3119
f 1724//3120 1755//3120 1756//3120
f 1759//3121 1726//3121 1758//3121
f 1896//3122 1727//3122 1760//3122
f 1761//3123 1760//3123 1727//3123
f 1761//3124 1730//3124 1732//3124
f 1732//3125 1762//3125 1761//3125
f 1730//3126 1761//3126 1728//3126
f 1765//3127 1761//3127 1762//3127
f 1763//3128 1762//3128 1732//3128
f 1739//3129 1740//3129 1736//3129
f 1740//3130 1735//3130 1736//3130
f 1924//3131 2090//3131 1764//3131
f 1733//3132 1735//3132 1764//3132
f 1733//3133 1764//3133 1763//3133
f 1732//3134 1733//3134 1763//3134
f 1761//3135 1765//3135 1760//3135
f 1762//3136 1766//3136 1765//3136
f 1769//3137 1765//3137 1766//3137
f 1762//3138 1767//3138 1766//3138
f 1766//3139 1767//3139 1770//3139
f 1766//3140 1770//3140 1768//3140
f 1769//3141 1766//3141 1768//3141
f 1770//3142 1767//3142 1771//3142
f 1772//3143 1771//3143 1767//3143
f 1772//3144 1773//3144 1776//3144
f 1772//3145 1776//3145 1771//3145
f 1770//3146 1771//3146 1774//3146
f 1770//3147 1774//3147 1768//3147
f 1774//3148 1771//3148 1776//3148
f 1774//3149 1776//3149 1775//3149
f 1774//3150 1775//3150 1777//3150
f 1773//3151 1772//3151 1778//3151
f 1778//3152 1788//3152 1779//3152
f 1788//3153 1786//3153 1779//3153
f 1779//3154 1786//3154 1780//3154
f 1780//3155 1781//3155 1779//3155
f 1782//3156 1779//3156 1781//3156
f 1783//3157 1778//3157 1779//3157
f 1778//3158 1783//3158 1773//3158
f 1779//3159 1782//3159 1783//3159
f 1784//3160 1773//3160 2555//3160
f 1776//3161 1773//3161 1784//3161
f 1785//3162 1774//3162 1777//3162
f 1777//3163 1775//3163 1776//3163
f 2556//3164 1784//3164 2555//3164
f 2555//3165 1773//3165 2554//3165
f 2554//3166 1773//3166 1783//3166
f 1778//3167 2093//3167 1788//3167
f 715//3168 712//3168 716//3168
f 1411//3169 1420//3169 1397//3169
f 1420//3170 1789//3170 1583//3170
f 1792//3171 1583//3171 1789//3171
f 1789//3172 2307//3172 1792//3172
f 1399//3173 1392//3173 1390//3173
f 1392//3174 1399//3174 1790//3174
f 1795//3175 1392//3175 1790//3175
f 1790//3176 1399//3176 1583//3176
f 1790//3177 1583//3177 1791//3177
f 1791//3178 1792//3178 1793//3178
f 1791//3179 1795//3179 1790//3179
f 1792//3171 1791//3171 1583//3171
f 1793//3180 1792//3180 1802//3180
f 1420//3181 1797//3181 1789//3181
f 1797//3182 1798//3182 1789//3182
f 1798//3183 1797//3183 1585//3183
f 1798//3184 1585//3184 1801//3184
f 1586//3185 1585//3185 1419//3185
f 1586//3186 1584//3186 1800//3186
f 1586//3187 1800//3187 1801//3187
f 1800//3188 1584//3188 1589//3188
f 1803//3189 1800//3189 1589//3189
f 1804//3190 1589//3190 1806//3190
f 1806//3191 1807//3191 1804//3191
f 1800//3192 1803//3192 1801//3192
f 1803//3193 1589//3193 2095//3193
f 1589//3194 2098//3194 2095//3194
f 2098//3195 1589//3195 1804//3195
f 1806//3196 1589//3196 1805//3196
f 1806//3197 1805//3197 2101//3197
f 1588//3198 1587//3198 1808//3198
f 1809//3199 1808//3199 1587//3199
f 1805//3200 1810//3200 1811//3200
f 1811//3201 2102//3201 1805//3201
f 1813//3202 1811//3202 1810//3202
f 1812//3203 1810//3203 2105//3203
f 1810//3204 1812//3204 1813//3204
f 1814//3205 1813//3205 1812//3205
f 1809//3206 1433//3206 1808//3206
f 1808//3207 1433//3207 2113//3207
f 1808//3208 2113//3208 1815//3208
f 1808//3209 1815//3209 1588//3209
f 1809//3210 1432//3210 1433//3210
f 1300//3211 1637//3211 1816//3211
f 1654//3212 1639//3212 1298//3212
f 1818//3213 1817//3213 1816//3213
f 1818//3214 1816//3214 1655//3214
f 1657//3215 1656//3215 1952//3215
f 1952//3216 1656//3216 1658//3216
f 1832//3217 1952//3217 1658//3217
f 1754//3218 1819//3218 1831//3218
f 1754//3219 1724//3219 1819//3219
f 1756//3220 1820//3220 1825//3220
f 1756//3221 1755//3221 1757//3221
f 1757//3222 1820//3222 1756//3222
f 1821//3223 1820//3223 1757//3223
f 1726//3224 1821//3224 1757//3224
f 1821//3225 1726//3225 1759//3225
f 1822//3226 1759//3226 1758//3226
f 1758//3227 1898//3227 1822//3227
f 1821//3228 1824//3228 1820//3228
f 1824//3229 1823//3229 1820//3229
f 1825//3230 1820//3230 1823//3230
f 1826//3231 1825//3231 1823//3231
f 1826//3232 1827//3232 1825//3232
f 1756//3233 1825//3233 1827//3233
f 1828//3234 1827//3234 1826//3234
f 1840//3235 1828//3235 1826//3235
f 1827//3236 1828//3236 1850//3236
f 1756//3237 1827//3237 1829//3237
f 1830//3238 1724//3238 1756//3238
f 1830//3239 1756//3239 1829//3239
f 1827//3240 1850//3240 1829//3240
f 1829//3241 1838//3241 1830//3241
f 1724//3242 1830//3242 1819//3242
f 1819//3243 1830//3243 1834//3243
f 1831//3244 1832//3244 1658//3244
f 1831//3245 1819//3245 1834//3245
f 1831//3246 1834//3246 1832//3246
f 1857//3247 1833//3247 1855//3247
f 1855//3248 1833//3248 1832//3248
f 1835//3249 1832//3249 1834//3249
f 1835//3250 1834//3250 1838//3250
f 1837//3251 1836//3251 1835//3251
f 1830//3252 1838//3252 1834//3252
f 1838//3253 1837//3253 1835//3253
f 1838//3254 1829//3254 1839//3254
f 1839//3255 1837//3255 1838//3255
f 1840//3256 1841//3256 1828//3256
f 1841//3257 1840//3257 1842//3257
f 1823//3258 1840//3258 1826//3258
f 1840//3259 1823//3259 1843//3259
f 1843//3260 1823//3260 1824//3260
f 1840//3261 1843//3261 1842//3261
f 1845//3262 1844//3262 1843//3262
f 1844//3263 1845//3263 1846//3263
f 1847//3264 1846//3264 1845//3264
f 1821//3265 1759//3265 1824//3265
f 1843//3266 1824//3266 1845//3266
f 1845//3267 1824//3267 1759//3267
f 1846//3268 1847//3268 1848//3268
f 1848//3269 1847//3269 1898//3269
f 1842//3270 1843//3270 1849//3270
f 1841//3271 1850//3271 1828//3271
f 1851//3272 1850//3272 1841//3272
f 1851//3273 1841//3273 1842//3273
f 1851//3274 1852//3274 1850//3274
f 1850//3275 1853//3275 1854//3275
f 1850//3276 1854//3276 1829//3276
f 1829//3277 1854//3277 1839//3277
f 1837//3278 1839//3278 1854//3278
f 1837//3279 1854//3279 1836//3279
f 1854//3280 1856//3280 1836//3280
f 1835//3281 1855//3281 1832//3281
f 1855//3282 1835//3282 1836//3282
f 1836//3283 1856//3283 1855//3283
f 1855//3284 1856//3284 1858//3284
f 1855//3285 1858//3285 1857//3285
f 1857//3286 1859//3286 1833//3286
f 1860//3287 1859//3287 1857//3287
f 1854//3288 1861//3288 1856//3288
f 1853//3289 1861//3289 1854//3289
f 1862//3290 1861//3290 1853//3290
f 1863//3291 1862//3291 1853//3291
f 1863//3292 1864//3292 1862//3292
f 1862//3293 1864//3293 1866//3293
f 1856//3294 1861//3294 1865//3294
f 1867//3295 1861//3295 1862//3295
f 1867//3296 1862//3296 1866//3296
f 1861//3297 1868//3297 1865//3297
f 1865//3298 1858//3298 1856//3298
f 1857//3299 1858//3299 1860//3299
f 1867//3300 1866//3300 1869//3300
f 1867//3301 1869//3301 1870//3301
f 1870//3302 1861//3302 1867//3302
f 1868//3303 1861//3303 1870//3303
f 1868//3304 1858//3304 1865//3304
f 1872//3305 1870//3305 1869//3305
f 1876//3306 1869//3306 1866//3306
f 1864//3307 1863//3307 1873//3307
f 1863//3308 1852//3308 1873//3308
f 1852//3309 1863//3309 1850//3309
f 1850//3310 1863//3310 1853//3310
f 1873//3311 1852//3311 1874//3311
f 1874//3312 1852//3312 1875//3312
f 1875//3313 1852//3313 1851//3313
f 1875//3314 1851//3314 1842//3314
f 1870//3315 1872//3315 1871//3315
f 1877//3316 1871//3316 1872//3316
f 1879//3317 1878//3317 1877//3317
f 1876//3318 1872//3318 1869//3318
f 1879//3319 1877//3319 1872//3319
f 1879//3320 1884//3320 1878//3320
f 1878//3321 1884//3321 1880//3321
f 1881//3322 1880//3322 1884//3322
f 1883//3323 1881//3323 1884//3323
f 2254//3324 1879//3324 1872//3324
f 1883//3325 1884//3325 1879//3325
f 1876//3326 1866//3326 1864//3326
f 1864//3327 1873//3327 2277//3327
f 1874//3328 2277//3328 1873//3328
f 1842//3329 1849//3329 1875//3329
f 1886//3330 1849//3330 1843//3330
f 1886//3331 1843//3331 1844//3331
f 1846//3332 1887//3332 1886//3332
f 1846//3333 1886//3333 1844//3333
f 1894//3334 1887//3334 1846//3334
f 1894//3335 1846//3335 1848//3335
f 1889//3336 1888//3336 1890//3336
f 1890//3337 1888//3337 1897//3337
f 1897//3338 1891//3338 1890//3338
f 1848//3339 1888//3339 1889//3339
f 1848//3340 1889//3340 1894//3340
f 1892//3341 1893//3341 1889//3341
f 1889//3342 1893//3342 1894//3342
f 1895//3343 1890//3343 1891//3343
f 1760//3344 1891//3344 1897//3344
f 1897//3345 1896//3345 1760//3345
f 1896//3346 1897//3346 1758//3346
f 1758//3347 1897//3347 1898//3347
f 1822//3348 1845//3348 1759//3348
f 1847//3349 1845//3349 1898//3349
f 1845//3350 1822//3350 1898//3350
f 1898//3351 1897//3351 1888//3351
f 1898//3352 1888//3352 1848//3352
f 1722//3353 1753//3353 1752//3353
f 1752//3354 1753//3354 1659//3354
f 1899//3355 1611//3355 1610//3355
f 1610//3356 1609//3356 1899//3356
f 1609//3357 1902//3357 1899//3357
f 1900//3358 1611//3358 1899//3358
f 1900//3359 1899//3359 1901//3359
f 1899//3360 1903//3360 1901//3360
f 1902//3361 1903//3361 1899//3361
f 1905//3362 1903//3362 1902//3362
f 1904//3363 1612//3363 2688//3363
f 1612//3364 1904//3364 1902//3364
f 1904//3365 1905//3365 1902//3365
f 1612//3366 1902//3366 1609//3366
f 555//3367 1906//3367 1907//3367
f 556//3368 1908//3368 564//3368
f 564//3369 1908//3369 1909//3369
f 1911//3370 564//3370 1909//3370
f 556//3371 555//3371 1907//3371
f 1906//3372 427//3372 628//3372
f 626//3373 1906//3373 628//3373
f 1907//3374 1906//3374 626//3374
f 626//3375 625//3375 623//3375
f 624//3376 1911//3376 623//3376
f 623//3377 1911//3377 1912//3377
f 1907//3378 1908//3378 556//3378
f 623//3379 1907//3379 626//3379
f 1907//3380 623//3380 1909//3380
f 1907//3381 1909//3381 1908//3381
f 623//3382 1912//3382 1909//3382
f 1909//3383 1912//3383 1911//3383
f 616//3384 1910//3384 624//3384
f 1911//3385 624//3385 1910//3385
f 848//3386 956//3386 847//3386
f 945//3387 956//3387 955//3387
f 1913//3388 146//3388 132//3388
f 132//3389 146//3389 1914//3389
f 144//3390 148//3390 143//3390
f 148//3391 144//3391 1915//3391
f 2427//3392 1915//3392 144//3392
f 2427//3393 144//3393 151//3393
f 2428//3394 151//3394 152//3394
f 2428//3395 152//3395 1918//3395
f 1918//3396 153//3396 154//3396
f 154//3397 157//3397 1916//3397
f 1916//3398 1917//3398 154//3398
f 1918//3399 154//3399 1917//3399
f 1916//3400 157//3400 1919//3400
f 1919//3401 157//3401 2446//3401
f 1919//3402 2446//3402 2447//3402
f 1920//3403 157//3403 154//3403
f 158//3404 1920//3404 162//3404
f 159//3405 158//3405 162//3405
f 1515//3406 1921//3406 160//3406
f 1922//3407 1921//3407 1515//3407
f 160//3408 1921//3408 159//3408
f 1921//3409 1922//3409 2288//3409
f 1923//3410 1922//3410 1515//3410
f 161//3411 1515//3411 160//3411
f 994//3412 1005//3412 997//3412
f 1003//3413 997//3413 977//3413
f 975//3414 997//3414 1005//3414
f 1744//3415 1924//3415 1743//3415
f 1740//3416 1924//3416 1735//3416
f 1924//3417 1740//3417 1743//3417
f 1924//3418 1744//3418 1925//3418
f 1744//3419 1926//3419 1925//3419
f 1744//3420 2283//3420 1926//3420
f 1926//3421 2283//3421 1927//3421
f 1929//3422 1927//3422 1928//3422
f 1931//3423 1929//3423 1928//3423
f 1927//3424 1929//3424 1926//3424
f 1930//3425 1929//3425 1931//3425
f 1928//3426 1746//3426 1932//3426
f 1932//3427 1933//3427 1928//3427
f 1932//3428 1934//3428 1933//3428
f 1928//3429 1933//3429 1931//3429
f 1925//3430 1926//3430 1935//3430
f 1931//3431 1933//3431 1936//3431
f 1931//3432 1936//3432 1930//3432
f 1937//3433 1936//3433 1933//3433
f 1937//3434 1933//3434 1934//3434
f 1928//3435 1927//3435 2283//3435
f 2283//3436 1745//3436 1746//3436
f 2283//3437 1746//3437 1928//3437
f 1940//3438 1938//3438 1939//3438
f 1019//3439 1938//3439 1940//3439
f 2149//3440 1939//3440 1938//3440
f 2149//3441 1938//3441 596//3441
f 591//3442 1938//3442 1019//3442
f 591//3443 1019//3443 594//3443
f 1626//3444 1942//3444 2205//3444
f 1942//3445 1626//3445 1941//3445
f 1627//3446 1943//3446 1626//3446
f 1626//3447 1943//3447 1941//3447
f 1944//3448 1627//3448 1628//3448
f 1628//3449 1616//3449 1593//3449
f 1628//3450 1951//3450 1944//3450
f 1945//3451 1629//3451 1633//3451
f 1946//3452 1632//3452 1947//3452
f 1632//3453 1946//3453 1633//3453
f 1632//3454 1630//3454 1947//3454
f 1947//3455 1948//3455 1946//3455
f 1948//3456 1949//3456 1946//3456
f 1949//3457 1950//3457 1946//3457
f 1950//3458 1633//3458 1946//3458
f 1950//3459 1945//3459 1633//3459
f 1950//3460 1951//3460 1593//3460
f 1593//3461 1951//3461 1628//3461
f 1950//3462 1593//3462 1945//3462
f 1265//3463 1150//3463 1152//3463
f 1983//3464 1982//3464 1952//3464
f 1952//3465 1832//3465 1833//3465
f 1953//3466 1833//3466 1859//3466
f 1859//3467 1860//3467 1954//3467
f 1860//3468 1858//3468 1955//3468
f 1955//3469 1858//3469 1868//3469
f 1957//3470 1860//3470 1955//3470
f 1870//3471 1871//3471 1956//3471
f 1870//3472 1955//3472 1868//3472
f 1870//3473 1956//3473 1955//3473
f 1956//3474 1957//3474 1955//3474
f 1860//3475 1957//3475 1954//3475
f 1957//3476 1956//3476 1958//3476
f 1956//3477 1871//3477 1991//3477
f 1880//3478 1871//3478 1878//3478
f 1878//3479 1871//3479 1877//3479
f 1517//3480 1959//3480 869//3480
f 1518//3481 1959//3481 1517//3481
f 2019//3482 1497//3482 1498//3482
f 1519//3483 1498//3483 1503//3483
f 1960//3484 1498//3484 1519//3484
f 1960//3485 1519//3485 1961//3485
f 1961//3486 1519//3486 1962//3486
f 1519//3487 1520//3487 1962//3487
f 1519//3488 1501//3488 1520//3488
f 1521//3489 1520//3489 1501//3489
f 1521//3490 1962//3490 1520//3490
f 1521//3491 1963//3491 1964//3491
f 1965//3492 1964//3492 1963//3492
f 1964//3493 1966//3493 1521//3493
f 1521//3494 1966//3494 1962//3494
f 1967//3495 1965//3495 1963//3495
f 1963//3496 1968//3496 1967//3496
f 1967//3497 1968//3497 1969//3497
f 1968//3498 1963//3498 1522//3498
f 1968//3499 1522//3499 1523//3499
f 1971//3500 1523//3500 1506//3500
f 1971//3501 1506//3501 1524//3501
f 1523//3502 1970//3502 1968//3502
f 1970//3503 1523//3503 1971//3503
f 1970//3504 1972//3504 1968//3504
f 1969//3505 1968//3505 1972//3505
f 1972//3506 1970//3506 1973//3506
f 1975//3507 1973//3507 1970//3507
f 1973//3508 1975//3508 1974//3508
f 1973//3509 1974//3509 2290//3509
f 1816//3510 1817//3510 1653//3510
f 1976//3511 1817//3511 1818//3511
f 1976//3512 1818//3512 1657//3512
f 1977//3513 1817//3513 1976//3513
f 1653//3514 1817//3514 1654//3514
f 1979//3515 1654//3515 1817//3515
f 1978//3516 1979//3516 1817//3516
f 1639//3517 1654//3517 1980//3517
f 1654//3518 1979//3518 1980//3518
f 1978//3519 1817//3519 2070//3519
f 1976//3520 1657//3520 1982//3520
f 1982//3521 1657//3521 1952//3521
f 1953//3522 1983//3522 1952//3522
f 1952//3523 1833//3523 1953//3523
f 1859//3524 1954//3524 1985//3524
f 1984//3525 1954//3525 1957//3525
f 1954//3526 1984//3526 1985//3526
f 1958//3527 1984//3527 1957//3527
f 1991//3528 1871//3528 1880//3528
f 1880//3529 1881//3529 2246//3529
f 2246//3530 1881//3530 1987//3530
f 1986//3531 2246//3531 1987//3531
f 1881//3532 1882//3532 1987//3532
f 1882//3533 1988//3533 1987//3533
f 1987//3534 1989//3534 1986//3534
f 1989//3535 1987//3535 1988//3535
f 1880//3536 2246//3536 1990//3536
f 1880//3537 1990//3537 1991//3537
f 1991//3538 1958//3538 1956//3538
f 1991//3539 2247//3539 1958//3539
f 1958//3540 2247//3540 1992//3540
f 1985//3541 1993//3541 1859//3541
f 1859//3542 1993//3542 1953//3542
f 1983//3543 1953//3543 1993//3543
f 1993//3544 1994//3544 1983//3544
f 1995//3545 1983//3545 1994//3545
f 1994//3546 1996//3546 1995//3546
f 1982//3547 1983//3547 1995//3547
f 1998//3548 1984//3548 1992//3548
f 2247//3549 1998//3549 1992//3549
f 1627//3550 1944//3550 1943//3550
f 1951//3551 1950//3551 1944//3551
f 1943//3552 1950//3552 1949//3552
f 1999//3553 1947//3553 1630//3553
f 1630//3554 1631//3554 2000//3554
f 1630//3555 2000//3555 1999//3555
f 2001//3556 1631//3556 2002//3556
f 2002//3557 1631//3557 1485//3557
f 1485//3558 1487//3558 2002//3558
f 2368//3559 1487//3559 1488//3559
f 2368//3560 1488//3560 1489//3560
f 1488//3561 1486//3561 1489//3561
f 1489//3562 1486//3562 2003//3562
f 2003//3563 1486//3563 1493//3563
f 1486//3564 1479//3564 1493//3564
f 1478//3565 1493//3565 1479//3565
f 2004//3566 1492//3566 1490//3566
f 2004//3567 1490//3567 2005//3567
f 1490//3568 1491//3568 2005//3568
f 2009//3569 2008//3569 2010//3569
f 2010//3570 2011//3570 2009//3570
f 2009//3571 2011//3571 2004//3571
f 2004//3572 2005//3572 2009//3572
f 2010//3573 2008//3573 2007//3573
f 2007//3574 2006//3574 2013//3574
f 2010//3575 2012//3575 2011//3575
f 2007//3576 2013//3576 2010//3576
f 2013//3577 2006//3577 2014//3577
f 2013//3578 2015//3578 2010//3578
f 2016//3579 2013//3579 2014//3579
f 2017//3580 2014//3580 2006//3580
f 2016//3581 2015//3581 2013//3581
f 2018//3582 2902//3582 2015//3582
f 2015//3583 2902//3583 2012//3583
f 2010//3584 2015//3584 2012//3584
f 2004//3585 2011//3585 2012//3585
f 2019//3586 1498//3586 1960//3586
f 2019//3587 1960//3587 1961//3587
f 2019//3588 1961//3588 1518//3588
f 1518//3589 1961//3589 2020//3589
f 1961//3590 2021//3590 2020//3590
f 2021//3591 1961//3591 1962//3591
f 869//3592 2285//3592 1516//3592
f 1959//3593 1518//3593 2020//3593
f 2285//3594 869//3594 1959//3594
f 2284//3595 1959//3595 2020//3595
f 1966//3596 2021//3596 1962//3596
f 1966//3597 1964//3597 2024//3597
f 1965//3598 2024//3598 1964//3598
f 1969//3599 1972//3599 1967//3599
f 1973//3600 2022//3600 1972//3600
f 1972//3601 2022//3601 1967//3601
f 1965//3602 1967//3602 2025//3602
f 1965//3603 2025//3603 2024//3603
f 1966//3604 2024//3604 2023//3604
f 2026//3605 2025//3605 1967//3605
f 2022//3606 2026//3606 1967//3606
f 2290//3607 1974//3607 2027//3607
f 2027//3608 2028//3608 2290//3608
f 2029//3609 2290//3609 2028//3609
f 2032//3610 2027//3610 2030//3610
f 2030//3611 2027//3611 1974//3611
f 1970//3612 1971//3612 1975//3612
f 1975//3613 2030//3613 1974//3613
f 1524//3614 1975//3614 1971//3614
f 2033//3615 2027//3615 2032//3615
f 2033//3616 2032//3616 2031//3616
f 1510//3617 2031//3617 2032//3617
f 2033//3618 2031//3618 2035//3618
f 2035//3619 1510//3619 2034//3619
f 1512//3620 2034//3620 1525//3620
f 1512//3621 2035//3621 2034//3621
f 2035//3622 1526//3622 2037//3622
f 1526//3623 2035//3623 1513//3623
f 1513//3624 2035//3624 1512//3624
f 2707//3625 2037//3625 2036//3625
f 2036//3626 2038//3626 2707//3626
f 1663//3627 1687//3627 1662//3627
f 1662//3628 1687//3628 1671//3628
f 1666//3629 2039//3629 1672//3629
f 1672//3630 2040//3630 1673//3630
f 2040//3631 1672//3631 2039//3631
f 2039//3632 1666//3632 1676//3632
f 1671//3633 2041//3633 1676//3633
f 2041//3634 1671//3634 2043//3634
f 2043//3635 1671//3635 1687//3635
f 1686//3636 2043//3636 1687//3636
f 2042//3637 2041//3637 2043//3637
f 2043//3638 1686//3638 1688//3638
f 1690//3639 1688//3639 1685//3639
f 1688//3640 1690//3640 2047//3640
f 2041//3641 2044//3641 1676//3641
f 2044//3642 2041//3642 2042//3642
f 2044//3643 2039//3643 1676//3643
f 1673//3644 2040//3644 2045//3644
f 2039//3645 2046//3645 2040//3645
f 2047//3646 2042//3646 2043//3646
f 2047//3647 2043//3647 1688//3647
f 2047//3648 1690//3648 2048//3648
f 2050//3649 1693//3649 1694//3649
f 2049//3650 1694//3650 1693//3650
f 1684//3651 1695//3651 1689//3651
f 2051//3652 1693//3652 1689//3652
f 2051//3653 1689//3653 1695//3653
f 2051//3654 2052//3654 1693//3654
f 1693//3655 2052//3655 2049//3655
f 2051//3656 1695//3656 1681//3656
f 2050//3657 2663//3657 1692//3657
f 2049//3658 2053//3658 1694//3658
f 1694//3659 2053//3659 2054//3659
f 2049//3660 2055//3660 2053//3660
f 1702//3661 2049//3661 2052//3661
f 2049//3662 1702//3662 2055//3662
f 1681//3663 1700//3663 2051//3663
f 1701//3664 2051//3664 1700//3664
f 2051//3665 1701//3665 2052//3665
f 2052//3666 1701//3666 1702//3666
f 2057//3667 1702//3667 2056//3667
f 1702//3668 2057//3668 2055//3668
f 1694//3669 2054//3669 2050//3669
f 2057//3670 2056//3670 1703//3670
f 1716//3671 2058//3671 1715//3671
f 2059//3672 1715//3672 2058//3672
f 1715//3673 2059//3673 1703//3673
f 1558//3674 2060//3674 2514//3674
f 2060//3675 1558//3675 1557//3675
f 990//3676 1557//3676 988//3676
f 1557//3677 998//3677 2060//3677
f 2061//3678 2060//3678 998//3678
f 2062//3679 2065//3679 2061//3679
f 2065//3680 2063//3680 2061//3680
f 2063//3681 2766//3681 2061//3681
f 2768//3682 2061//3682 2766//3682
f 2064//3683 2063//3683 2065//3683
f 2062//3684 2061//3684 1555//3684
f 2066//3685 1555//3685 1556//3685
f 2066//3686 1556//3686 2067//3686
f 2067//3687 2068//3687 2066//3687
f 2067//3688 1545//3688 2782//3688
f 2067//3689 2782//3689 2068//3689
f 2067//3690 1556//3690 1554//3690
f 1005//3691 994//3691 1004//3691
f 1995//3692 1996//3692 2069//3692
f 1995//3693 2069//3693 1982//3693
f 2070//3694 2069//3694 1996//3694
f 2071//3695 2070//3695 2080//3695
f 1996//3696 2072//3696 2070//3696
f 2070//3697 2072//3697 2080//3697
f 2072//3698 1996//3698 2073//3698
f 2073//3699 1996//3699 1994//3699
f 1985//3700 1984//3700 1997//3700
f 1985//3701 2074//3701 1993//3701
f 2074//3702 1994//3702 1993//3702
f 2074//3703 1985//3703 2455//3703
f 1997//3704 1984//3704 1998//3704
f 2073//3705 1994//3705 2074//3705
f 2072//3706 2073//3706 2075//3706
f 2073//3707 2462//3707 2075//3707
f 2075//3708 2462//3708 2076//3708
f 2076//3709 2462//3709 2077//3709
f 2079//3710 2078//3710 2077//3710
f 2072//3711 2075//3711 2080//3711
f 2080//3712 2075//3712 2081//3712
f 2076//3713 2081//3713 2075//3713
f 2081//3714 2076//3714 2082//3714
f 2083//3715 2082//3715 2077//3715
f 2083//3716 2077//3716 2078//3716
f 2088//3717 2082//3717 2083//3717
f 2082//3718 2088//3718 2146//3718
f 2082//3719 2089//3719 2081//3719
f 2089//3720 2082//3720 2355//3720
f 2081//3721 2089//3721 2080//3721
f 2090//3722 1924//3722 1925//3722
f 1935//3723 1926//3723 1929//3723
f 2090//3724 1925//3724 1935//3724
f 2091//3725 1929//3725 1930//3725
f 1929//3726 2091//3726 1935//3726
f 1787//3727 1930//3727 1936//3727
f 1930//3728 1787//3728 2091//3728
f 1787//3729 1936//3729 2552//3729
f 2552//3730 1936//3730 1937//3730
f 1935//3731 2091//3731 2094//3731
f 1924//3732 1764//3732 1735//3732
f 2092//3733 1764//3733 2090//3733
f 2090//3734 2094//3734 2092//3734
f 2093//3735 1764//3735 2092//3735
f 1935//3736 2094//3736 2090//3736
f 2094//3737 1786//3737 2092//3737
f 1764//3738 2093//3738 1763//3738
f 1788//3739 2093//3739 2092//3739
f 1788//3740 2092//3740 1786//3740
f 1786//3741 2094//3741 2091//3741
f 1786//3742 2091//3742 1780//3742
f 2091//3743 1787//3743 1780//3743
f 1789//3744 1798//3744 1799//3744
f 1801//3745 1799//3745 1798//3745
f 1802//3746 1799//3746 1801//3746
f 2103//3747 1801//3747 1803//3747
f 2095//3748 2098//3748 2096//3748
f 1803//3749 2095//3749 2103//3749
f 2097//3750 2096//3750 2098//3750
f 2098//3751 1804//3751 1807//3751
f 2098//3752 1807//3752 2099//3752
f 2098//3753 2099//3753 2097//3753
f 2101//3754 2100//3754 1807//3754
f 2101//3755 1805//3755 2102//3755
f 1806//3756 2101//3756 1807//3756
f 2102//3757 2100//3757 2101//3757
f 1807//3758 2100//3758 2099//3758
f 2099//3759 2100//3759 2097//3759
f 2096//3760 2097//3760 2103//3760
f 2096//3761 2103//3761 2095//3761
f 2104//3762 2100//3762 2102//3762
f 2104//3763 2102//3763 2308//3763
f 2308//3764 2102//3764 1811//3764
f 2105//3765 1810//3765 2106//3765
f 2111//3766 2105//3766 2107//3766
f 2107//3767 2105//3767 2106//3767
f 2105//3768 2111//3768 1812//3768
f 1812//3769 2112//3769 1814//3769
f 1814//3770 2308//3770 1813//3770
f 1813//3771 2308//3771 1811//3771
f 2108//3772 2308//3772 2109//3772
f 2109//3773 2308//3773 1814//3773
f 2109//3774 2117//3774 2110//3774
f 2333//3775 2109//3775 1814//3775
f 2117//3776 2109//3776 2333//3776
f 2112//3777 2333//3777 1814//3777
f 2111//3778 2112//3778 1812//3778
f 1433//3779 1430//3779 1431//3779
f 1431//3780 1434//3780 1433//3780
f 2106//3781 2113//3781 2107//3781
f 1434//3782 1267//3782 1436//3782
f 2107//3783 1434//3783 1436//3783
f 2332//3784 1436//3784 1268//3784
f 1268//3785 1438//3785 2119//3785
f 1438//3786 2114//3786 2119//3786
f 1440//3787 1444//3787 2115//3787
f 1444//3788 1446//3788 2121//3788
f 2116//3789 2115//3789 1444//3789
f 1440//3790 1438//3790 1437//3790
f 1438//3791 1440//3791 2115//3791
f 2117//3792 1268//3792 2119//3792
f 2114//3793 1438//3793 2118//3793
f 2118//3794 1438//3794 2115//3794
f 2121//3795 2116//3795 1444//3795
f 2115//3796 2116//3796 2118//3796
f 2117//3797 2119//3797 2110//3797
f 2119//3798 2120//3798 2110//3798
f 2335//3799 2120//3799 2114//3799
f 2119//3800 2114//3800 2120//3800
f 2123//3801 2335//3801 2114//3801
f 2346//3802 2335//3802 2123//3802
f 2123//3803 2114//3803 2118//3803
f 1446//3804 2124//3804 2121//3804
f 2118//3805 2116//3805 2121//3805
f 2121//3806 2122//3806 2118//3806
f 2118//3807 2122//3807 2123//3807
f 2125//3808 2122//3808 2121//3808
f 2124//3809 1446//3809 1447//3809
f 2124//3810 2125//3810 2121//3810
f 2125//3811 2124//3811 1447//3811
f 2126//3812 1447//3812 1449//3812
f 1447//3813 2126//3813 2125//3813
f 1450//3814 2126//3814 1449//3814
f 2127//3815 2125//3815 2126//3815
f 2128//3816 1449//3816 1454//3816
f 1449//3817 2128//3817 1450//3817
f 2128//3818 1454//3818 1457//3818
f 1450//3819 2128//3819 2126//3819
f 2126//3820 2128//3820 2129//3820
f 2127//3821 2122//3821 2125//3821
f 2130//3822 2131//3822 2123//3822
f 2132//3823 1765//3823 1769//3823
f 2132//3824 1769//3824 1895//3824
f 1765//3825 2132//3825 1760//3825
f 2132//3826 1891//3826 1760//3826
f 1892//3827 1889//3827 1890//3827
f 1890//3828 1895//3828 2133//3828
f 2133//3829 1895//3829 2135//3829
f 2135//3830 1895//3830 1769//3830
f 2135//3831 1769//3831 1768//3831
f 1774//3832 2139//3832 2134//3832
f 1785//3833 2139//3833 1774//3833
f 1774//3834 2134//3834 1768//3834
f 2134//3835 2135//3835 1768//3835
f 2135//3836 2137//3836 2133//3836
f 2135//3837 2136//3837 2137//3837
f 2137//3838 2138//3838 2133//3838
f 2138//3839 2140//3839 2133//3839
f 1892//3840 1890//3840 2133//3840
f 2133//3841 2140//3841 1892//3841
f 1893//3842 2141//3842 1894//3842
f 2139//3843 2138//3843 2137//3843
f 2134//3844 2139//3844 2137//3844
f 2134//3845 2137//3845 2136//3845
f 2135//3846 2134//3846 2136//3846
f 2139//3847 1785//3847 2138//3847
f 2138//3848 1785//3848 2827//3848
f 1777//3849 2142//3849 1785//3849
f 1785//3850 2142//3850 2833//3850
f 1777//3851 2357//3851 2143//3851
f 1777//3852 2144//3852 2142//3852
f 2144//3853 1777//3853 2143//3853
f 2146//3854 2144//3854 2143//3854
f 2146//3855 2088//3855 2144//3855
f 2088//3856 2145//3856 2144//3856
f 2085//3857 2145//3857 2088//3857
f 2082//3858 2146//3858 2355//3858
f 1982//3859 2069//3859 1976//3859
f 2069//3860 1977//3860 1976//3860
f 2069//3861 2070//3861 1977//3861
f 1977//3862 2070//3862 1817//3862
f 1978//3863 2070//3863 2071//3863
f 1939//3864 2147//3864 1016//3864
f 914//3865 2148//3865 1015//3865
f 1939//3866 2149//3866 2147//3866
f 2147//3867 2149//3867 596//3867
f 2774//3868 914//3868 1015//3868
f 2148//3869 1016//3869 1015//3869
f 1015//3870 1016//3870 2150//3870
f 2150//3871 2147//3871 2793//3871
f 2151//3872 596//3872 597//3872
f 597//3873 2716//3873 2151//3873
f 2716//3874 2794//3874 2151//3874
f 2152//3875 2794//3875 2716//3875
f 2172//3876 595//3876 598//3876
f 2721//3877 585//3877 599//3877
f 599//3878 585//3878 584//3878
f 2168//3879 583//3879 603//3879
f 2168//3880 603//3880 2170//3880
f 602//3881 608//3881 2160//3881
f 2153//3882 607//3882 605//3882
f 609//3883 577//3883 610//3883
f 570//3884 2154//3884 610//3884
f 2154//3885 570//3885 568//3885
f 568//3886 2194//3886 611//3886
f 612//3887 611//3887 2194//3887
f 568//3888 2185//3888 2154//3888
f 2185//3889 2157//3889 2154//3889
f 610//3890 2157//3890 609//3890
f 605//3891 609//3891 2153//3891
f 2153//3892 609//3892 2157//3892
f 2157//3893 2163//3893 2153//3893
f 2158//3894 2153//3894 2163//3894
f 2158//3895 607//3895 2153//3895
f 607//3896 2158//3896 608//3896
f 608//3897 2159//3897 2160//3897
f 602//3898 2160//3898 2164//3898
f 2160//3899 2159//3899 2161//3899
f 2162//3900 2159//3900 2158//3900
f 608//3901 2158//3901 2159//3901
f 2162//3902 2158//3902 2163//3902
f 2159//3903 2162//3903 2161//3903
f 2161//3904 2181//3904 2160//3904
f 2166//3905 2165//3905 2164//3905
f 2167//3906 2165//3906 2166//3906
f 2167//3907 2164//3907 2165//3907
f 602//3908 2164//3908 2167//3908
f 602//3909 2167//3909 604//3909
f 2168//3910 584//3910 583//3910
f 599//3911 584//3911 2169//3911
f 2169//3912 584//3912 2168//3912
f 2170//3913 2169//3913 2168//3913
f 2721//3914 599//3914 2171//3914
f 2171//3915 599//3915 2169//3915
f 2169//3916 2170//3916 2166//3916
f 2169//3917 2173//3917 2171//3917
f 2173//3918 2169//3918 2166//3918
f 2171//3919 2173//3919 2174//3919
f 2167//3920 2170//3920 604//3920
f 2170//3921 2167//3921 2166//3921
f 2175//3922 2171//3922 2174//3922
f 2174//3923 2173//3923 2719//3923
f 2719//3924 2173//3924 2166//3924
f 2181//3925 2176//3925 2160//3925
f 2177//3926 2176//3926 2181//3926
f 2160//3927 2176//3927 2164//3927
f 2166//3928 2164//3928 2719//3928
f 2178//3929 2164//3929 2176//3929
f 2179//3930 2176//3930 2180//3930
f 2177//3931 2182//3931 2730//3931
f 2182//3932 2177//3932 2181//3932
f 2183//3933 2181//3933 2161//3933
f 2161//3934 2162//3934 2183//3934
f 2162//3935 2184//3935 2183//3935
f 2184//3936 2162//3936 2163//3936
f 2163//3937 2185//3937 2186//3937
f 2163//3938 2157//3938 2185//3938
f 2186//3939 2185//3939 568//3939
f 2186//3940 568//3940 2187//3940
f 2189//3941 2187//3941 568//3941
f 568//3942 611//3942 2189//3942
f 2187//3943 2184//3943 2163//3943
f 2163//3944 2186//3944 2187//3944
f 2189//3945 2188//3945 2187//3945
f 2184//3946 2187//3946 2188//3946
f 2188//3947 2189//3947 3082//3947
f 2189//3948 611//3948 2156//3948
f 2189//3949 2156//3949 2192//3949
f 2189//3950 2192//3950 2190//3950
f 2190//3951 2191//3951 2189//3951
f 3076//3952 2191//3952 2190//3952
f 2192//3953 2156//3953 3076//3953
f 3076//3954 2156//3954 2193//3954
f 2155//3955 612//3955 2197//3955
f 2197//3956 612//3956 2194//3956
f 613//3957 614//3957 567//3957
f 613//3958 2195//3958 614//3958
f 613//3959 2196//3959 2195//3959
f 2198//3960 2195//3960 2196//3960
f 614//3961 2195//3961 2194//3961
f 2194//3962 2195//3962 2197//3962
f 2197//3963 2195//3963 2198//3963
f 612//3964 2155//3964 611//3964
f 2571//3965 2155//3965 2198//3965
f 2570//3966 2198//3966 2199//3966
f 615//3967 620//3967 2196//3967
f 2196//3968 620//3968 2200//3968
f 618//3969 2364//3969 620//3969
f 2200//3970 620//3970 2364//3970
f 2364//3971 618//3971 621//3971
f 2200//3972 2201//3972 2199//3972
f 2569//3973 2200//3973 2199//3973
f 2200//3974 2364//3974 2201//3974
f 625//3975 627//3975 622//3975
f 622//3976 627//3976 629//3976
f 622//3977 631//3977 2202//3977
f 2387//3978 2202//3978 631//3978
f 630//3979 631//3979 629//3979
f 629//3980 631//3980 622//3980
f 2204//3981 1624//3981 1625//3981
f 2210//3982 1941//3982 1943//3982
f 1941//3983 2210//3983 2206//3983
f 2206//3984 2207//3984 1941//3984
f 2207//3985 2361//3985 1941//3985
f 2361//3986 1942//3986 1941//3986
f 2208//3987 1942//3987 2361//3987
f 2207//3988 2206//3988 2000//3988
f 2209//3989 2206//3989 1999//3989
f 1999//3990 2206//3990 2210//3990
f 1948//3991 1999//3991 2210//3991
f 1948//3992 1947//3992 1999//3992
f 1948//3993 2210//3993 1949//3993
f 1944//3994 1950//3994 1943//3994
f 1943//3995 1949//3995 2210//3995
f 1209//3996 1751//3996 1204//3996
f 1751//3997 1209//3997 1210//3997
f 1668//3998 1210//3998 1208//3998
f 1669//3999 1668//3999 1211//3999
f 1675//4000 2211//4000 1669//4000
f 1668//4001 1669//4001 2211//4001
f 2211//4002 1675//4002 2214//4002
f 1674//4003 1675//4003 1667//4003
f 2045//4004 1674//4004 1673//4004
f 1674//4005 2045//4005 2212//4005
f 2212//4006 2045//4006 2215//4006
f 2212//4007 1675//4007 1674//4007
f 2213//4008 1675//4008 2212//4008
f 2214//4009 1675//4009 2213//4009
f 2213//4010 2212//4010 2215//4010
f 1668//4011 2211//4011 2214//4011
f 1751//4012 1210//4012 2216//4012
f 1210//4013 1668//4013 2216//4013
f 2217//4014 1748//4014 1749//4014
f 1747//4015 1748//4015 2217//4015
f 1747//4016 2217//4016 2219//4016
f 1749//4017 2218//4017 2220//4017
f 2217//4018 1749//4018 2220//4018
f 2217//4019 2220//4019 2219//4019
f 2219//4020 2221//4020 2222//4020
f 2219//4021 2222//4021 1747//4021
f 2351//4022 2222//4022 2221//4022
f 2222//4023 2348//4023 1747//4023
f 2221//4024 2219//4024 2223//4024
f 2223//4025 2220//4025 2218//4025
f 2223//4026 2218//4026 2224//4026
f 2220//4027 2223//4027 2219//4027
f 2228//4028 2223//4028 2224//4028
f 2224//4029 2218//4029 1750//4029
f 2224//4030 1750//4030 2227//4030
f 2225//4031 2216//4031 1668//4031
f 2227//4032 1750//4032 1751//4032
f 2227//4033 1751//4033 2216//4033
f 2227//4034 2216//4034 2226//4034
f 2226//4035 2216//4035 2225//4035
f 2227//4036 2228//4036 2224//4036
f 2227//4037 2226//4037 2229//4037
f 2225//4038 2230//4038 2226//4038
f 2230//4039 2229//4039 2226//4039
f 2231//4040 2229//4040 2230//4040
f 2230//4041 2234//4041 2231//4041
f 2231//4042 2234//4042 2232//4042
f 2233//4043 2230//4043 2225//4043
f 2233//4044 2225//4044 2214//4044
f 2230//4045 2233//4045 2234//4045
f 2235//4046 2233//4046 2236//4046
f 2235//4047 2236//4047 2237//4047
f 2236//4048 2213//4048 2237//4048
f 2237//4049 2215//4049 2238//4049
f 2215//4050 2045//4050 2239//4050
f 2215//4051 2239//4051 2238//4051
f 2240//4052 2237//4052 2238//4052
f 2240//4053 2235//4053 2237//4053
f 2233//4054 2235//4054 2234//4054
f 2241//4055 2235//4055 2240//4055
f 2213//4056 2215//4056 2237//4056
f 2213//4057 2236//4057 2214//4057
f 2214//4058 2236//4058 2233//4058
f 2225//4059 1668//4059 2214//4059
f 1881//4060 1883//4060 1882//4060
f 1882//4061 2242//4061 1988//4061
f 1988//4062 2242//4062 2249//4062
f 2243//4063 2242//4063 1882//4063
f 1988//4064 2249//4064 1989//4064
f 1989//4065 2244//4065 1986//4065
f 2245//4066 1986//4066 2244//4066
f 2246//4067 1986//4067 2245//4067
f 2245//4068 2259//4068 2246//4068
f 2248//4069 2247//4069 1991//4069
f 2248//4070 1991//4070 1990//4070
f 1990//4071 2246//4071 2248//4071
f 2246//4072 2259//4072 2248//4072
f 2250//4073 2245//4073 2244//4073
f 1989//4074 2249//4074 2251//4074
f 1989//4075 2251//4075 2244//4075
f 2252//4076 2242//4076 2243//4076
f 1883//4077 2253//4077 1882//4077
f 1882//4078 2253//4078 2243//4078
f 2253//4079 1883//4079 1879//4079
f 2253//4080 1879//4080 2254//4080
f 2255//4081 2253//4081 2254//4081
f 1864//4082 2255//4082 2254//4082
f 1876//4083 2254//4083 1872//4083
f 2254//4084 1876//4084 1864//4084
f 2243//4085 2253//4085 2255//4085
f 2243//4086 2256//4086 2252//4086
f 2256//4087 2257//4087 2252//4087
f 2252//4088 2257//4088 2267//4088
f 2249//4089 2242//4089 2262//4089
f 2262//4090 2242//4090 2252//4090
f 2244//4091 2251//4091 2250//4091
f 2250//4092 2261//4092 2245//4092
f 2245//4093 2261//4093 2259//4093
f 2248//4094 2259//4094 2260//4094
f 2262//4095 2258//4095 2251//4095
f 2249//4096 2262//4096 2251//4096
f 2250//4097 2264//4097 2261//4097
f 2250//4098 2251//4098 2264//4098
f 2251//4099 2258//4099 2264//4099
f 2263//4100 2261//4100 2265//4100
f 2261//4101 2264//4101 2265//4101
f 2264//4102 2258//4102 2266//4102
f 2262//4103 2252//4103 2258//4103
f 2252//4104 2267//4104 2258//4104
f 2258//4105 2267//4105 2266//4105
f 2267//4106 2274//4106 2266//4106
f 2263//4107 2265//4107 2268//4107
f 2259//4108 2261//4108 2263//4108
f 2269//4109 2263//4109 2268//4109
f 2272//4110 2271//4110 2268//4110
f 2269//4111 2259//4111 2263//4111
f 2247//4112 2248//4112 2260//4112
f 2270//4113 1998//4113 2247//4113
f 2259//4114 2269//4114 2260//4114
f 2269//4115 2268//4115 2271//4115
f 2272//4116 2268//4116 2265//4116
f 2273//4117 2272//4117 2265//4117
f 2264//4118 2266//4118 2274//4118
f 2267//4119 2275//4119 2274//4119
f 2276//4120 2256//4120 2243//4120
f 2276//4121 2243//4121 2467//4121
f 2467//4122 2243//4122 2255//4122
f 1864//4123 2277//4123 2255//4123
f 2277//4124 1874//4124 1885//4124
f 1875//4125 1885//4125 1874//4125
f 1875//4126 2278//4126 2279//4126
f 1875//4127 2279//4127 1885//4127
f 1885//4128 2279//4128 2277//4128
f 1875//4129 1849//4129 2278//4129
f 2280//4130 2278//4130 1849//4130
f 2278//4131 2281//4131 2279//4131
f 2141//4132 1887//4132 1894//4132
f 1887//4133 2141//4133 2280//4133
f 2282//4134 2472//4134 2141//4134
f 2141//4135 2472//4135 2280//4135
f 1887//4136 2280//4136 1849//4136
f 1886//4137 1887//4137 1849//4137
f 1514//4138 1516//4138 1923//4138
f 1923//4139 1516//4139 1922//4139
f 2284//4140 2020//4140 2021//4140
f 1966//4141 2023//4141 2021//4141
f 2284//4142 2021//4142 2287//4142
f 2287//4143 2021//4143 2023//4143
f 2287//4144 2023//4144 2285//4144
f 2285//4145 2023//4145 2024//4145
f 2024//4146 2286//4146 2285//4146
f 2288//4147 1516//4147 2285//4147
f 2288//4148 1922//4148 1516//4148
f 2439//4149 2288//4149 2285//4149
f 2284//4150 2285//4150 1959//4150
f 2287//4151 2285//4151 2284//4151
f 2024//4152 2025//4152 2600//4152
f 2022//4153 1973//4153 2289//4153
f 2289//4154 1973//4154 2290//4154
f 2291//4155 2289//4155 2290//4155
f 2293//4156 2300//4156 2294//4156
f 2291//4157 2293//4157 2292//4157
f 2295//4158 2022//4158 2289//4158
f 2022//4159 2295//4159 2026//4159
f 2289//4160 2291//4160 2295//4160
f 2295//4161 2297//4161 2026//4161
f 2296//4162 2026//4162 2297//4162
f 2291//4163 2297//4163 2295//4163
f 2297//4164 2291//4164 2292//4164
f 2292//4165 2299//4165 2297//4165
f 2298//4166 2297//4166 2299//4166
f 2297//4167 2600//4167 2296//4167
f 2296//4168 2025//4168 2026//4168
f 2300//4169 2293//4169 2291//4169
f 2291//4170 2290//4170 2029//4170
f 2028//4171 2304//4171 2029//4171
f 2291//4172 2029//4172 2300//4172
f 2294//4173 2300//4173 2301//4173
f 2294//4174 2301//4174 2303//4174
f 2301//4175 2306//4175 2303//4175
f 2304//4176 2028//4176 2305//4176
f 2303//4177 2306//4177 2305//4177
f 2305//4178 2301//4178 2304//4178
f 2301//4179 2305//4179 2306//4179
f 1799//4180 2307//4180 1789//4180
f 1799//4181 1802//4181 2307//4181
f 1792//4182 2307//4182 1802//4182
f 1793//4183 1802//4183 1801//4183
f 2424//4184 2103//4184 2097//4184
f 2321//4185 2097//4185 2100//4185
f 2308//4186 2108//4186 2104//4186
f 2309//4187 2104//4187 2310//4187
f 2108//4188 2310//4188 2104//4188
f 2108//4189 2109//4189 2110//4189
f 2311//4190 2312//4190 2313//4190
f 2312//4191 2314//4191 2313//4191
f 2110//4192 2311//4192 2313//4192
f 2110//4193 2338//4193 2108//4193
f 2309//4194 2100//4194 2104//4194
f 2097//4195 2321//4195 2424//4195
f 2321//4196 2100//4196 2309//4196
f 2321//4197 2309//4197 2315//4197
f 2310//4198 2338//4198 2309//4198
f 2309//4199 2338//4199 2315//4199
f 2316//4200 2315//4200 2341//4200
f 2316//4201 2340//4201 2318//4201
f 2316//4202 2318//4202 2317//4202
f 2317//4203 2319//4203 2316//4203
f 2316//4204 2319//4204 2315//4204
f 2320//4205 2315//4205 2319//4205
f 2321//4206 2315//4206 2320//4206
f 2322//4207 2320//4207 2319//4207
f 2323//4208 2319//4208 2324//4208
f 2324//4209 2319//4209 2317//4209
f 2317//4210 2318//4210 2324//4210
f 2324//4211 2325//4211 2323//4211
f 2326//4212 2323//4212 2325//4212
f 2319//4213 2323//4213 2322//4213
f 2321//4214 2320//4214 2424//4214
f 2329//4215 2320//4215 2322//4215
f 2328//4216 2322//4216 2323//4216
f 2322//4217 2328//4217 2329//4217
f 1796//4218 2329//4218 2328//4218
f 1796//4219 1392//4219 1795//4219
f 1391//4220 1796//4220 2330//4220
f 1796//4221 1391//4221 1392//4221
f 1796//4222 2331//4222 2330//4222
f 2326//4223 2331//4223 2323//4223
f 1796//4224 2328//4224 2323//4224
f 1796//4225 2323//4225 2331//4225
f 2205//4226 1618//4226 1626//4226
f 1958//4227 1992//4227 1984//4227
f 1391//4228 2330//4228 1582//4228
f 1582//4229 2330//4229 2331//4229
f 1434//4230 2113//4230 1433//4230
f 2107//4231 2113//4231 1434//4231
f 2111//4232 2107//4232 2333//4232
f 2107//4233 1436//4233 2333//4233
f 2333//4234 1436//4234 2332//4234
f 2112//4235 2111//4235 2333//4235
f 2117//4236 2332//4236 1268//4236
f 2117//4237 2333//4237 2332//4237
f 2334//4238 2110//4238 2120//4238
f 2120//4239 2335//4239 2334//4239
f 2311//4240 2110//4240 2334//4240
f 2334//4241 2312//4241 2311//4241
f 2312//4242 2334//4242 2314//4242
f 2338//4243 2110//4243 2313//4243
f 2337//4244 2313//4244 2314//4244
f 2108//4245 2338//4245 2310//4245
f 2338//4246 2313//4246 2339//4246
f 2340//4247 2339//4247 2665//4247
f 2318//4248 2340//4248 2665//4248
f 2339//4249 2340//4249 2338//4249
f 2338//4250 2340//4250 2341//4250
f 2315//4251 2338//4251 2341//4251
f 2341//4252 2340//4252 2316//4252
f 2339//4253 2344//4253 2665//4253
f 2342//4254 2344//4254 2339//4254
f 2342//4255 2339//4255 2313//4255
f 2337//4256 2342//4256 2313//4256
f 2314//4257 2343//4257 2337//4257
f 2669//4258 2344//4258 2342//4258
f 2345//4259 2314//4259 2334//4259
f 2334//4260 2335//4260 2336//4260
f 2336//4261 2335//4261 2346//4261
f 2336//4262 2345//4262 2334//4262
f 2336//4263 2346//4263 2345//4263
f 2346//4264 2123//4264 2131//4264
f 2345//4265 2346//4265 2131//4265
f 2345//4266 2131//4266 2681//4266
f 2682//4267 2131//4267 2130//4267
f 2130//4268 2123//4268 2122//4268
f 1457//4269 2129//4269 2128//4269
f 1455//4270 2351//4270 1452//4270
f 1456//4271 1452//4271 2351//4271
f 1455//4272 2222//4272 2351//4272
f 2348//4273 2222//4273 1455//4273
f 2349//4274 1457//4274 1456//4274
f 1456//4275 2351//4275 2349//4275
f 2349//4276 2350//4276 1457//4276
f 2349//4277 2351//4277 2221//4277
f 1639//4278 1980//4278 1652//4278
f 1980//4279 1979//4279 1981//4279
f 2352//4280 1979//4280 1978//4280
f 1978//4281 2071//4281 2352//4281
f 1981//4282 1979//4282 2352//4282
f 2477//4283 1981//4283 2352//4283
f 2080//4284 2352//4284 2071//4284
f 2352//4285 2080//4285 2089//4285
f 2477//4286 2352//4286 2089//4286
f 2089//4287 2353//4287 2477//4287
f 2354//4288 2353//4288 2355//4288
f 2355//4289 2353//4289 2089//4289
f 2354//4290 2355//4290 2146//4290
f 2354//4291 2356//4291 2353//4291
f 2357//4292 2356//4292 2358//4292
f 2358//4293 2356//4293 2354//4293
f 2358//4294 2354//4294 2146//4294
f 2146//4295 2143//4295 2358//4295
f 2357//4296 2358//4296 2143//4296
f 2359//4297 2357//4297 2360//4297
f 2556//4298 2360//4298 2357//4298
f 2359//4299 2353//4299 2356//4299
f 2357//4300 2359//4300 2356//4300
f 2205//4301 2208//4301 1625//4301
f 2205//4302 1942//4302 2208//4302
f 2361//4303 2362//4303 2208//4303
f 2362//4304 2361//4304 2207//4304
f 2362//4305 2207//4305 2000//4305
f 2000//4306 2206//4306 2209//4306
f 2362//4307 2363//4307 2208//4307
f 2204//4308 1625//4308 2208//4308
f 2204//4309 2208//4309 2363//4309
f 2364//4310 2362//4310 2365//4310
f 2365//4311 2362//4311 2000//4311
f 2001//4312 2000//4312 1631//4312
f 2000//4313 2001//4313 2365//4313
f 2002//4314 2366//4314 2001//4314
f 2393//4315 2001//4315 2366//4315
f 2367//4316 2366//4316 2002//4316
f 2369//4317 2368//4317 2003//4317
f 1489//4318 2003//4318 2368//4318
f 2371//4319 2370//4319 2003//4319
f 2369//4320 1487//4320 2368//4320
f 2370//4321 2369//4321 2003//4321
f 2372//4322 2002//4322 2373//4322
f 2373//4323 2002//4323 1487//4323
f 2369//4324 2373//4324 1487//4324
f 2375//4325 2373//4325 2369//4325
f 2375//4326 2369//4326 2370//4326
f 2371//4327 2386//4327 2370//4327
f 2374//4328 2370//4328 2386//4328
f 2370//4329 2376//4329 2375//4329
f 2377//4330 2375//4330 2376//4330
f 2376//4331 2370//4331 2374//4331
f 2004//4332 2374//4332 2386//4332
f 2380//4333 2379//4333 2378//4333
f 2379//4334 2381//4334 2382//4334
f 2383//4335 2381//4335 2379//4335
f 2379//4336 2380//4336 2383//4336
f 2383//4337 2384//4337 2381//4337
f 2004//4338 2386//4338 1492//4338
f 2386//4339 2003//4339 1493//4339
f 1493//4340 1492//4340 2386//4340
f 385//4341 2203//4341 631//4341
f 2203//4342 2387//4342 631//4342
f 2203//4343 1623//4343 2387//4343
f 2388//4344 2387//4344 1623//4344
f 2387//4345 2388//4345 2389//4345
f 1623//4346 2390//4346 2388//4346
f 1623//4347 1622//4347 1624//4347
f 2204//4348 2391//4348 1624//4348
f 1623//4349 1624//4349 2391//4349
f 1623//4350 2391//4350 2390//4350
f 2391//4351 2362//4351 2390//4351
f 2362//4352 2204//4352 2363//4352
f 2392//4353 2364//4353 2365//4353
f 2366//4354 2395//4354 2532//4354
f 2393//4355 2366//4355 2532//4355
f 2001//4356 2393//4356 2394//4356
f 2365//4357 2001//4357 2394//4357
f 2394//4358 2392//4358 2365//4358
f 2395//4359 2366//4359 2396//4359
f 2396//4360 2366//4360 2397//4360
f 2396//4361 2397//4361 2402//4361
f 2395//4362 2396//4362 2402//4362
f 2399//4363 2398//4363 2395//4363
f 2395//4364 2402//4364 2400//4364
f 2395//4365 2400//4365 2399//4365
f 2401//4366 2400//4366 2402//4366
f 2401//4367 2402//4367 2407//4367
f 2402//4368 2397//4368 2403//4368
f 2402//4369 2403//4369 2407//4369
f 2397//4370 2404//4370 2403//4370
f 2397//4371 2366//4371 2367//4371
f 2397//4372 2367//4372 2404//4372
f 2367//4373 2002//4373 2372//4373
f 2404//4374 2372//4374 2373//4374
f 2367//4375 2372//4375 2404//4375
f 2374//4376 2378//4376 2376//4376
f 2376//4377 2378//4377 2379//4377
f 2379//4378 2382//4378 2376//4378
f 2406//4379 2376//4379 2382//4379
f 2385//4380 2381//4380 2384//4380
f 2381//4381 2385//4381 2410//4381
f 2405//4382 2385//4382 2384//4382
f 2405//4383 2412//4383 2385//4383
f 2376//4384 2406//4384 2377//4384
f 2404//4385 2373//4385 2375//4385
f 2404//4386 2375//4386 2377//4386
f 2403//4387 2404//4387 2377//4387
f 2403//4388 2377//4388 2407//4388
f 2407//4389 2377//4389 2406//4389
f 2406//4390 2382//4390 2408//4390
f 2406//4391 2408//4391 2409//4391
f 2401//4392 2407//4392 2406//4392
f 2409//4393 2401//4393 2406//4393
f 2408//4394 2382//4394 2410//4394
f 2410//4395 2382//4395 2381//4395
f 2979//4396 2411//4396 2408//4396
f 2979//4397 2408//4397 2410//4397
f 2412//4398 2410//4398 2385//4398
f 2405//4399 2384//4399 2903//4399
f 2903//4400 2384//4400 2383//4400
f 2903//4401 2383//4401 2902//4401
f 2378//4402 2413//4402 2380//4402
f 2413//4403 2902//4403 2380//4403
f 2380//4404 2902//4404 2383//4404
f 2414//4405 2415//4405 2405//4405
f 2414//4406 2416//4406 2415//4406
f 2417//4407 2405//4407 2415//4407
f 2415//4408 2418//4408 2417//4408
f 2416//4409 2418//4409 2415//4409
f 2417//4410 2418//4410 2419//4410
f 2419//4411 2975//4411 2417//4411
f 2419//4412 2420//4412 2975//4412
f 2419//4413 2418//4413 2421//4413
f 2423//4414 2418//4414 2416//4414
f 2418//4415 2422//4415 2421//4415
f 2423//4416 2421//4416 2422//4416
f 2423//4417 2422//4417 2418//4417
f 2000//4418 2209//4418 1999//4418
f 1680//4419 1681//4419 1695//4419
f 1588//4420 1815//4420 1805//4420
f 1805//4421 1815//4421 1810//4421
f 1810//4422 1815//4422 2106//4422
f 2113//4423 2106//4423 1815//4423
f 1795//4424 2329//4424 1796//4424
f 1794//4425 1795//4425 1791//4425
f 1794//4426 1791//4426 1793//4426
f 1793//4427 1801//4427 2103//4427
f 2103//4428 2424//4428 1793//4428
f 1795//4429 1794//4429 2329//4429
f 2320//4430 1794//4430 2424//4430
f 1794//4431 2320//4431 2329//4431
f 133//4432 132//4432 1914//4432
f 1914//4433 146//4433 145//4433
f 1914//4434 145//4434 147//4434
f 2427//4435 151//4435 2428//4435
f 2430//4436 1918//4436 1917//4436
f 2433//4437 1915//4437 2427//4437
f 1918//4438 2429//4438 2428//4438
f 2427//4439 2428//4439 2429//4439
f 2427//4440 2429//4440 2433//4440
f 1918//4441 2430//4441 2429//4441
f 2433//4442 2429//4442 2434//4442
f 2434//4443 2429//4443 2430//4443
f 1919//4444 2431//4444 1916//4444
f 1917//4445 1916//4445 2432//4445
f 1917//4446 2432//4446 2430//4446
f 1915//4447 2433//4447 148//4447
f 2433//4448 147//4448 148//4448
f 2593//4449 147//4449 2434//4449
f 2434//4450 147//4450 2433//4450
f 2434//4451 2430//4451 2591//4451
f 2432//4452 1916//4452 2431//4452
f 2430//4453 2432//4453 2435//4453
f 2430//4454 2435//4454 2606//4454
f 2431//4455 1919//4455 2436//4455
f 2446//4456 157//4456 1920//4456
f 158//4457 2446//4457 1920//4457
f 1921//4458 2438//4458 159//4458
f 158//4459 159//4459 2437//4459
f 2438//4460 2437//4460 159//4460
f 2438//4461 1921//4461 2439//4461
f 2439//4462 1921//4462 2288//4462
f 2441//4463 2438//4463 2439//4463
f 2440//4464 2438//4464 2441//4464
f 2438//4465 2440//4465 2442//4465
f 2445//4466 2437//4466 2438//4466
f 2442//4467 2445//4467 2438//4467
f 2440//4468 2444//4468 2442//4468
f 2437//4469 2445//4469 158//4469
f 2444//4470 2440//4470 2443//4470
f 2440//4471 2441//4471 2443//4471
f 2442//4472 2449//4472 2448//4472
f 2442//4473 2448//4473 2445//4473
f 2446//4474 158//4474 2445//4474
f 2445//4475 2447//4475 2446//4475
f 2448//4476 2447//4476 2445//4476
f 2449//4477 2442//4477 2444//4477
f 2444//4478 2599//4478 2449//4478
f 2450//4479 1354//4479 1356//4479
f 2451//4480 2450//4480 1356//4480
f 2451//4481 1356//4481 1359//4481
f 1354//4482 2450//4482 1344//4482
f 1344//4483 2450//4483 2451//4483
f 1344//4484 2451//4484 1359//4484
f 1357//4485 1359//4485 1356//4485
f 2270//4486 2247//4486 2260//4486
f 1997//4487 2455//4487 1985//4487
f 2452//4488 1997//4488 1998//4488
f 2452//4489 1998//4489 2270//4489
f 1997//4490 2454//4490 2455//4490
f 2454//4491 1997//4491 2452//4491
f 2270//4492 2260//4492 2453//4492
f 2260//4493 2269//4493 2453//4493
f 2270//4494 2453//4494 2456//4494
f 2270//4495 2456//4495 2452//4495
f 2074//4496 2462//4496 2073//4496
f 2455//4497 2454//4497 2079//4497
f 2457//4498 2454//4498 2452//4498
f 2464//4499 2457//4499 2452//4499
f 2456//4500 2464//4500 2452//4500
f 2461//4501 2458//4501 2271//4501
f 2458//4502 2453//4502 2269//4502
f 2458//4503 2269//4503 2271//4503
f 2459//4504 2271//4504 2272//4504
f 2265//4505 2460//4505 2273//4505
f 2459//4506 2272//4506 2273//4506
f 2271//4507 2459//4507 2461//4507
f 2461//4508 2453//4508 2458//4508
f 2456//4509 2453//4509 2461//4509
f 2456//4510 2461//4510 2464//4510
f 2455//4511 2462//4511 2074//4511
f 2462//4512 2455//4512 2077//4512
f 2079//4513 2454//4513 2463//4513
f 2457//4514 2463//4514 2454//4514
f 2457//4515 2464//4515 2884//4515
f 2273//4516 2460//4516 2465//4516
f 2466//4517 2465//4517 2460//4517
f 2264//4518 2460//4518 2265//4518
f 2460//4519 2264//4519 2274//4519
f 2275//4520 2267//4520 2257//4520
f 2466//4521 2274//4521 2275//4521
f 2274//4522 2466//4522 2460//4522
f 2257//4523 2466//4523 2275//4523
f 2468//4524 2276//4524 2467//4524
f 2469//4525 2468//4525 2467//4525
f 2467//4526 2255//4526 2470//4526
f 2470//4527 2277//4527 2471//4527
f 2471//4528 2277//4528 2279//4528
f 2278//4529 2472//4529 2281//4529
f 2471//4530 2279//4530 2816//4530
f 2816//4531 2279//4531 2281//4531
f 2816//4532 2281//4532 2472//4532
f 2817//4533 2472//4533 2473//4533
f 2473//4534 2472//4534 2282//4534
f 2282//4535 2474//4535 2473//4535
f 2140//4536 2474//4536 1892//4536
f 2141//4537 1893//4537 2282//4537
f 2282//4538 1893//4538 2474//4538
f 2474//4539 1893//4539 1892//4539
f 2475//4540 1652//4540 1980//4540
f 1980//4541 1981//4541 2475//4541
f 1652//4542 2475//4542 1643//4542
f 1643//4543 2475//4543 2476//4543
f 2475//4544 1981//4544 2359//4544
f 1981//4545 2477//4545 2359//4545
f 2475//4546 2359//4546 2476//4546
f 2360//4547 2476//4547 2359//4547
f 2353//4548 2359//4548 2477//4548
f 1260//4549 2479//4549 1352//4549
f 2481//4550 1337//4550 1352//4550
f 1352//4551 2479//4551 2481//4551
f 1337//4552 2492//4552 1349//4552
f 1349//4553 2492//4553 1580//4553
f 1580//4554 1577//4554 1380//4554
f 1577//4555 1580//4555 2684//4555
f 2480//4556 1580//4556 2492//4556
f 2480//4557 2493//4557 1580//4557
f 1337//4558 2481//4558 2492//4558
f 2483//4559 2482//4559 2481//4559
f 2482//4560 2483//4560 2484//4560
f 2481//4561 2482//4561 2492//4561
f 2479//4562 1260//4562 2478//4562
f 2478//4563 1260//4563 2487//4563
f 1581//4564 1257//4564 1582//4564
f 2485//4565 1581//4565 1582//4565
f 2331//4566 2485//4566 1582//4566
f 2485//4567 2486//4567 2487//4567
f 2487//4568 1581//4568 2485//4568
f 1581//4569 2487//4569 1260//4569
f 2479//4570 2478//4570 2498//4570
f 2487//4571 2488//4571 2478//4571
f 2479//4572 2498//4572 2481//4572
f 2481//4573 2498//4573 2483//4573
f 2489//4574 2490//4574 2483//4574
f 2484//4575 2483//4575 2490//4575
f 2484//4576 2491//4576 2482//4576
f 2492//4577 2493//4577 2480//4577
f 2492//4578 2482//4578 2491//4578
f 2491//4579 2496//4579 2493//4579
f 2491//4580 2493//4580 2492//4580
f 2491//4581 2495//4581 2494//4581
f 2491//4582 2494//4582 2496//4582
f 2497//4583 2494//4583 2495//4583
f 2495//4584 2491//4584 2484//4584
f 2490//4585 2495//4585 2484//4585
f 2490//4586 2497//4586 2495//4586
f 2499//4587 2489//4587 2483//4587
f 2483//4588 2498//4588 2499//4588
f 2498//4589 2478//4589 2488//4589
f 2499//4590 2498//4590 2488//4590
f 2501//4591 2508//4591 2503//4591
f 2501//4592 2503//4592 2502//4592
f 2504//4593 2502//4593 2505//4593
f 2505//4594 2519//4594 2504//4594
f 2505//4595 2502//4595 2506//4595
f 2502//4596 2503//4596 2506//4596
f 2508//4597 2501//4597 2500//4597
f 2499//4598 2488//4598 2500//4598
f 2500//4599 2507//4599 2508//4599
f 2508//4600 2507//4600 2509//4600
f 2059//4601 2509//4601 2057//4601
f 2057//4602 1703//4602 2059//4602
f 2059//4603 2058//4603 2512//4603
f 2059//4604 2512//4604 2510//4604
f 2059//4605 2510//4605 2509//4605
f 2509//4606 2511//4606 2508//4606
f 2511//4607 2509//4607 2510//4607
f 2511//4608 2510//4608 2512//4608
f 2512//4609 2058//4609 2513//4609
f 2513//4610 2058//4610 1717//4610
f 2513//4611 1717//4611 2514//4611
f 2060//4612 2515//4612 2516//4612
f 2514//4613 2060//4613 2516//4613
f 2514//4614 2516//4614 2513//4614
f 2516//4615 2762//4615 2513//4615
f 2513//4616 2762//4616 2519//4616
f 2513//4617 2517//4617 2512//4617
f 2512//4618 2517//4618 2511//4618
f 2511//4619 2517//4619 2508//4619
f 2506//4620 2503//4620 2518//4620
f 2506//4621 2518//4621 2505//4621
f 2508//4622 2517//4622 2518//4622
f 2508//4623 2518//4623 2503//4623
f 2517//4624 2519//4624 2505//4624
f 2517//4625 2505//4625 2518//4625
f 2528//4626 2521//4626 2520//4626
f 2523//4627 2493//4627 2522//4627
f 2493//4628 2524//4628 2522//4628
f 2524//4629 2493//4629 2496//4629
f 2521//4630 2524//4630 2496//4630
f 2522//4631 2529//4631 2523//4631
f 2523//4632 2529//4632 2685//4632
f 2685//4633 2529//4633 1579//4633
f 2496//4634 2494//4634 2520//4634
f 2496//4635 2520//4635 2521//4635
f 2525//4636 2702//4636 2526//4636
f 2525//4637 2704//4637 2702//4637
f 2524//4638 2701//4638 2522//4638
f 2522//4639 2701//4639 2529//4639
f 2204//4352 2362//4352 2391//4352
f 2362//4640 2364//4640 2390//4640
f 2390//4641 2364//4641 2388//4641
f 2394//4642 2530//4642 2392//4642
f 2392//4643 2201//4643 2364//4643
f 2574//4644 2392//4644 2530//4644
f 2395//4645 2398//4645 2532//4645
f 2398//4646 2399//4646 2533//4646
f 2399//4647 2400//4647 2533//4647
f 2400//4648 2401//4648 2534//4648
f 2400//4649 2535//4649 2536//4649
f 2534//4650 2535//4650 2400//4650
f 2533//4651 2537//4651 2398//4651
f 2537//4652 2532//4652 2398//4652
f 3070//4653 2532//4653 2537//4653
f 3070//4654 2537//4654 2538//4654
f 2536//4655 2537//4655 2533//4655
f 2536//4656 2533//4656 2400//4656
f 2542//4657 2536//4657 2535//4657
f 2536//4658 2538//4658 2537//4658
f 2540//4659 2538//4659 2536//4659
f 2536//4660 2539//4660 2540//4660
f 2541//4661 2538//4661 2540//4661
f 2540//4662 2539//4662 2545//4662
f 2539//4663 2536//4663 2542//4663
f 2543//4664 2544//4664 2539//4664
f 2539//4665 2544//4665 2545//4665
f 2540//4666 2545//4666 2541//4666
f 2545//4667 2544//4667 2541//4667
f 2544//4668 2543//4668 2546//4668
f 2546//4669 2547//4669 2544//4669
f 2544//4670 3070//4670 2541//4670
f 2549//4671 2547//4671 2546//4671
f 2547//4672 2548//4672 2544//4672
f 2549//4673 2548//4673 2547//4673
f 2546//4674 2543//4674 2549//4674
f 2551//4675 2550//4675 2543//4675
f 3236//4676 2543//4676 2539//4676
f 2542//4677 3236//4677 2539//4677
f 2980//4678 2535//4678 2534//4678
f 2980//4679 2534//4679 2409//4679
f 2409//4680 2534//4680 2401//4680
f 1651//4681 1643//4681 1648//4681
f 1934//4682 1455//4682 1937//4682
f 1781//4683 1780//4683 2552//4683
f 2552//4684 1780//4684 1787//4684
f 2552//4685 1937//4685 2553//4685
f 2553//4686 1781//4686 2552//4686
f 1782//4687 2554//4687 1783//4687
f 2568//4688 2360//4688 2556//4688
f 2476//4689 2360//4689 1650//4689
f 2557//4690 2360//4690 2568//4690
f 2360//4691 2557//4691 1650//4691
f 1645//4692 1646//4692 2560//4692
f 1645//4693 2560//4693 2558//4693
f 1645//4694 2558//4694 1291//4694
f 2558//4695 2559//4695 1290//4695
f 2563//4696 2558//4696 2560//4696
f 2563//4697 2560//4697 2566//4697
f 2561//4698 2560//4698 1646//4698
f 1649//4699 2561//4699 1646//4699
f 2557//4700 1649//4700 1650//4700
f 1649//4701 2557//4701 2562//4701
f 1649//4702 2562//4702 2561//4702
f 2557//4703 2568//4703 2562//4703
f 2563//4704 2559//4704 2558//4704
f 2559//4705 1453//4705 1289//4705
f 1453//4706 1937//4706 1454//4706
f 1455//4707 1454//4707 1937//4707
f 2564//4708 1781//4708 2553//4708
f 2554//4709 1782//4709 2565//4709
f 1782//4710 1781//4710 2566//4710
f 2565//4711 1782//4711 2566//4711
f 2561//4712 2565//4712 2566//4712
f 2565//4713 2561//4713 2562//4713
f 2561//4714 2566//4714 2560//4714
f 2554//4715 2565//4715 2567//4715
f 2567//4716 2565//4716 2562//4716
f 2562//4717 2568//4717 2567//4717
f 2568//4718 2556//4718 2555//4718
f 2568//4719 2554//4719 2567//4719
f 2555//4720 2554//4720 2568//4720
f 1891//4721 2132//4721 1895//4721
f 2387//4722 2650//4722 2202//4722
f 2650//4723 2387//4723 2389//4723
f 2388//4724 2364//4724 2389//4724
f 2201//4725 2392//4725 2531//4725
f 2569//4726 2196//4726 2200//4726
f 2196//4727 2569//4727 2198//4727
f 2198//4728 2569//4728 2199//4728
f 2193//4729 2155//4729 2571//4729
f 2570//4730 2571//4730 2198//4730
f 2572//4731 2571//4731 2570//4731
f 2572//4732 2570//4732 2531//4732
f 2199//4733 2531//4733 2570//4733
f 2531//4734 2199//4734 2201//4734
f 2574//4735 2531//4735 2392//4735
f 2574//4736 2575//4736 2531//4736
f 2530//4737 2576//4737 2574//4737
f 2577//4738 2530//4738 2393//4738
f 2393//4739 2530//4739 2394//4739
f 2530//4740 2577//4740 2576//4740
f 2578//4741 2576//4741 2577//4741
f 2579//4742 2577//4742 2393//4742
f 2331//4743 2326//4743 2580//4743
f 2580//4744 2326//4744 2325//4744
f 2580//4745 2325//4745 2327//4745
f 2331//4746 2580//4746 2485//4746
f 2327//4747 2325//4747 2324//4747
f 2580//4748 2486//4748 2485//4748
f 2486//4749 2581//4749 2487//4749
f 2580//4750 2327//4750 2772//4750
f 2500//4751 2488//4751 2582//4751
f 2487//4752 2582//4752 2488//4752
f 2487//4753 2581//4753 2582//4753
f 2582//4754 2581//4754 2053//4754
f 2053//4755 2055//4755 2582//4755
f 2057//4756 2509//4756 2507//4756
f 2057//4757 2507//4757 2055//4757
f 2582//4758 2055//4758 2500//4758
f 2507//4759 2500//4759 2055//4759
f 1763//4760 1767//4760 1762//4760
f 1772//4761 1763//4761 2093//4761
f 1772//4762 2093//4762 1778//4762
f 1767//4763 1763//4763 1772//4763
f 1746//4764 2348//4764 1932//4764
f 1932//4765 2348//4765 1934//4765
f 1455//4766 1934//4766 2348//4766
f 2426//4767 133//4767 1914//4767
f 2426//4768 2425//4768 133//4768
f 2583//4769 2425//4769 2426//4769
f 2583//4770 2587//4770 2586//4770
f 2586//4771 2587//4771 2596//4771
f 2589//4772 2586//4772 2596//4772
f 2588//4773 2587//4773 2590//4773
f 2587//4774 2583//4774 2590//4774
f 2590//4775 2583//4775 2592//4775
f 2592//4776 2583//4776 2881//4776
f 2881//4777 2583//4777 2426//4777
f 2592//4778 2593//4778 2591//4778
f 2591//4779 2590//4779 2592//4779
f 2593//4780 2434//4780 2591//4780
f 2591//4781 2430//4781 2594//4781
f 2591//4782 2594//4782 2595//4782
f 2591//4783 2595//4783 2590//4783
f 2590//4784 2595//4784 2588//4784
f 2597//4785 2595//4785 2594//4785
f 2594//4786 2430//4786 2606//4786
f 2606//4787 2435//4787 2432//4787
f 2449//4788 2598//4788 2448//4788
f 2447//4789 2448//4789 2605//4789
f 2605//4790 2448//4790 2598//4790
f 2443//4791 2599//4791 2444//4791
f 2443//4792 2441//4792 2286//4792
f 2285//4793 2441//4793 2439//4793
f 2286//4794 2441//4794 2285//4794
f 2600//4795 2286//4795 2024//4795
f 2025//4796 2296//4796 2600//4796
f 2601//4797 2299//4797 2604//4797
f 2299//4798 2601//4798 2298//4798
f 2602//4799 2297//4799 2298//4799
f 2602//4800 2298//4800 2603//4800
f 2600//4801 2297//4801 2602//4801
f 2600//4802 2602//4802 2286//4802
f 2603//4803 2298//4803 2601//4803
f 2601//4804 3019//4804 2603//4804
f 2602//4805 2443//4805 2286//4805
f 2602//4806 2603//4806 2443//4806
f 2599//4807 2598//4807 2449//4807
f 2436//4808 2447//4808 2605//4808
f 2436//4809 1919//4809 2447//4809
f 2608//4810 2431//4810 2436//4810
f 2605//4811 2608//4811 2436//4811
f 2608//4812 2609//4812 2431//4812
f 2606//4813 2432//4813 2607//4813
f 2610//4814 2432//4814 2431//4814
f 2609//4815 2610//4815 2431//4815
f 2610//4816 2609//4816 2614//4816
f 2609//4817 2608//4817 2614//4817
f 2608//4818 2649//4818 2614//4818
f 2610//4819 2611//4819 2432//4819
f 2432//4820 2611//4820 2607//4820
f 2607//4821 2594//4821 2606//4821
f 2607//4822 2597//4822 2594//4822
f 2597//4823 2607//4823 2612//4823
f 2612//4824 2607//4824 2613//4824
f 2613//4825 2607//4825 2611//4825
f 2619//4826 2611//4826 2610//4826
f 2615//4827 2597//4827 2612//4827
f 2597//4828 2623//4828 2595//4828
f 2615//4829 2623//4829 2597//4829
f 2616//4830 2612//4830 2613//4830
f 2616//4831 2613//4831 2617//4831
f 2617//4832 2613//4832 2611//4832
f 2618//4833 2617//4833 2611//4833
f 2618//4834 2611//4834 2619//4834
f 2619//4835 2620//4835 2618//4835
f 2619//4836 2610//4836 2614//4836
f 2619//4837 2614//4837 2621//4837
f 2617//4838 2627//4838 2616//4838
f 2616//4839 2626//4839 2612//4839
f 2622//4840 2615//4840 2612//4840
f 2622//4841 2623//4841 2615//4841
f 2595//4842 2623//4842 2624//4842
f 2624//4843 2596//4843 2595//4843
f 2595//4844 2596//4844 2588//4844
f 2624//4845 2623//4845 2622//4845
f 2626//4846 2622//4846 2612//4846
f 2628//4847 2626//4847 2627//4847
f 2628//4848 3005//4848 2626//4848
f 2622//4849 2626//4849 2625//4849
f 2622//4850 2625//4850 2624//4850
f 2624//4851 2625//4851 2629//4851
f 2631//4852 2624//4852 2629//4852
f 2596//4853 2587//4853 2588//4853
f 2596//4854 2624//4854 2589//4854
f 2583//4855 2586//4855 2585//4855
f 2630//4856 2586//4856 2589//4856
f 2589//4857 2631//4857 2630//4857
f 2585//4858 2632//4858 2583//4858
f 2583//4859 2632//4859 2584//4859
f 2583//4860 2584//4860 2425//4860
f 2633//4861 2584//4861 2632//4861
f 2633//4862 2632//4862 2634//4862
f 2632//4863 2638//4863 2634//4863
f 2638//4864 2632//4864 2585//4864
f 2638//4865 2637//4865 2634//4865
f 2634//4866 2637//4866 2635//4866
f 2635//4867 2637//4867 2636//4867
f 2585//4868 2639//4868 2638//4868
f 2637//4869 2638//4869 2640//4869
f 2639//4870 2585//4870 2630//4870
f 2586//4871 2630//4871 2585//4871
f 2589//4872 2624//4872 2631//4872
f 2630//4873 2631//4873 2629//4873
f 2630//4874 2629//4874 2639//4874
f 2629//4875 2641//4875 2639//4875
f 2639//4876 2640//4876 2638//4876
f 3177//4877 2640//4877 2639//4877
f 3005//4878 2625//4878 2626//4878
f 2616//4879 2627//4879 2626//4879
f 2643//4880 2617//4880 2644//4880
f 2644//4881 2617//4881 2618//4881
f 2644//4882 2618//4882 2620//4882
f 2621//4883 2645//4883 2619//4883
f 2620//4884 2619//4884 3007//4884
f 2619//4885 2645//4885 3007//4885
f 2603//4886 2645//4886 2647//4886
f 2647//4887 2645//4887 2646//4887
f 2646//4888 2645//4888 2621//4888
f 2614//4889 2648//4889 2621//4889
f 2649//4890 2608//4890 2605//4890
f 2614//4891 2649//4891 2648//4891
f 2648//4892 2646//4892 2621//4892
f 2646//4893 2648//4893 2647//4893
f 2647//4894 2443//4894 2603//4894
f 2649//4895 2605//4895 2598//4895
f 2649//4896 2598//4896 2599//4896
f 2599//4897 2648//4897 2649//4897
f 2599//4898 2647//4898 2648//4898
f 2647//4899 2599//4899 2443//4899
f 2389//4900 2364//4900 2650//4900
f 2650//4901 2364//4901 621//4901
f 621//4902 2202//4902 2650//4902
f 2239//4903 2045//4903 2651//4903
f 2673//4904 2239//4904 2651//4904
f 2651//4905 2652//4905 2673//4905
f 2046//4906 2651//4906 2045//4906
f 2045//4907 2040//4907 2046//4907
f 2652//4908 2039//4908 2044//4908
f 2652//4909 2044//4909 2653//4909
f 2042//4910 2653//4910 2044//4910
f 2042//4911 2047//4911 2657//4911
f 2657//4912 2047//4912 2048//4912
f 2048//4913 1690//4913 2655//4913
f 1691//4914 2655//4914 1690//4914
f 1692//4915 2654//4915 2655//4915
f 1692//4916 2655//4916 1691//4916
f 2654//4917 2656//4917 2655//4917
f 2655//4918 2657//4918 2048//4918
f 2657//4919 2655//4919 2656//4919
f 2656//4920 2658//4920 2657//4920
f 2659//4921 2657//4921 2658//4921
f 2669//4922 2659//4922 2658//4922
f 2654//4923 1692//4923 2660//4923
f 2656//4924 2654//4924 2660//4924
f 2656//4925 2660//4925 2661//4925
f 2656//4926 2661//4926 2664//4926
f 2660//4927 2662//4927 2661//4927
f 2660//4928 1692//4928 2663//4928
f 2660//4929 2663//4929 2662//4929
f 2667//4930 2661//4930 2662//4930
f 2662//4931 2666//4931 2667//4931
f 2661//4932 2667//4932 2664//4932
f 2665//4933 2664//4933 2668//4933
f 2668//4934 2664//4934 2667//4934
f 2665//4935 2344//4935 2664//4935
f 2656//4936 2664//4936 2658//4936
f 2670//4937 2657//4937 2659//4937
f 2344//4938 2658//4938 2664//4938
f 2658//4939 2344//4939 2669//4939
f 2314//4940 2345//4940 2343//4940
f 2337//4941 2343//4941 2671//4941
f 2337//4942 2671//4942 2342//4942
f 2680//4943 2659//4943 2669//4943
f 2671//4944 2669//4944 2342//4944
f 2669//4945 2671//4945 2680//4945
f 2042//4946 2657//4946 2653//4946
f 2653//4947 2672//4947 2652//4947
f 2672//4948 2673//4948 2652//4948
f 2673//4949 2675//4949 2239//4949
f 2239//4950 2674//4950 2238//4950
f 2240//4951 2238//4951 2674//4951
f 2674//4952 2239//4952 2675//4952
f 2241//4953 2240//4953 2676//4953
f 2234//4954 2235//4954 2241//4954
f 2676//4955 2240//4955 2674//4955
f 2679//4956 2674//4956 2675//4956
f 2241//4957 2677//4957 2234//4957
f 2674//4958 2679//4958 2676//4958
f 2676//4959 2677//4959 2241//4959
f 2677//4960 2678//4960 2234//4960
f 2232//4961 2234//4961 2678//4961
f 2679//4962 2675//4962 2671//4962
f 2673//4963 2680//4963 2675//4963
f 2672//4964 2680//4964 2673//4964
f 2670//4965 2672//4965 2653//4965
f 2670//4966 2653//4966 2657//4966
f 2672//4967 2670//4967 2659//4967
f 2672//4968 2659//4968 2680//4968
f 2675//4969 2680//4969 2671//4969
f 2679//4970 2671//4970 2343//4970
f 2676//4971 2681//4971 2677//4971
f 2677//4972 2682//4972 2678//4972
f 2682//4973 2677//4973 2681//4973
f 2683//4974 2678//4974 2682//4974
f 2681//4975 2676//4975 2679//4975
f 2345//4976 2681//4976 2343//4976
f 1371//4977 1575//4977 2694//4977
f 1371//4978 2694//4978 1373//4978
f 2696//4979 2695//4979 1578//4979
f 2696//4980 1578//4980 1579//4980
f 1379//4981 2684//4981 2685//4981
f 1577//4982 2684//4982 1379//4982
f 2684//4983 1580//4983 2493//4983
f 2523//4984 2685//4984 2684//4984
f 2523//4985 2684//4985 2493//4985
f 1601//4986 1570//4986 1602//4986
f 1602//4987 1570//4987 1604//4987
f 1604//4988 2687//4988 1605//4988
f 1604//4989 1569//4989 1571//4989
f 1604//4990 1571//4990 1568//4990
f 1568//4991 2842//4991 1604//4991
f 2687//4992 2688//4992 1609//4992
f 1609//4993 2688//4993 1612//4993
f 2689//4994 2688//4994 2687//4994
f 2690//4995 2687//4995 1604//4995
f 2690//4996 2689//4996 2687//4996
f 2691//4997 2842//4997 1568//4997
f 2686//4998 1566//4998 1568//4998
f 1568//4999 1566//4999 2691//4999
f 2691//5000 1566//5000 2841//5000
f 2841//5001 1566//5001 1573//5001
f 2841//5002 1573//5002 2840//5002
f 1572//5003 2761//5003 1574//5003
f 1574//5004 2761//5004 2837//5004
f 1372//5005 2692//5005 1572//5005
f 2692//5006 1372//5006 1374//5006
f 2694//5007 2693//5007 1374//5007
f 2694//5008 1374//5008 1373//5008
f 2695//5009 1575//5009 1576//5009
f 1579//5010 2698//5010 2696//5010
f 2696//5011 2698//5011 2695//5011
f 1575//5012 2695//5012 2698//5012
f 2697//5013 2698//5013 1579//5013
f 2694//5014 1575//5014 2699//5014
f 2699//5015 1575//5015 2698//5015
f 2698//5016 2697//5016 2699//5016
f 2697//5017 2700//5017 2699//5017
f 2529//5018 2697//5018 1579//5018
f 2703//5019 2529//5019 2701//5019
f 2524//5020 2521//5020 2701//5020
f 2701//5021 2521//5021 2528//5021
f 2702//5022 2701//5022 2528//5022
f 2528//5023 2526//5023 2702//5023
f 2703//5024 2701//5024 2702//5024
f 2702//5025 2705//5025 2703//5025
f 2697//5026 2703//5026 2705//5026
f 2705//5027 2702//5027 2704//5027
f 2705//5028 2700//5028 2697//5028
f 2697//5029 2529//5029 2703//5029
f 1016//5030 2147//5030 2150//5030
f 2151//5031 2793//5031 596//5031
f 596//5032 2793//5032 2147//5032
f 1975//5033 1509//5033 2030//5033
f 1509//5034 2032//5034 2030//5034
f 2037//5035 2033//5035 2035//5035
f 2706//5036 2303//5036 2305//5036
f 2706//5037 2305//5037 2707//5037
f 2707//5038 2305//5038 2028//5038
f 2028//5039 2027//5039 2033//5039
f 2707//5040 2028//5040 2033//5040
f 2707//5041 2033//5041 2037//5041
f 2707//5042 2038//5042 2706//5042
f 2708//5043 2038//5043 2709//5043
f 2709//5044 2710//5044 2712//5044
f 2711//5045 2709//5045 2712//5045
f 2712//5046 2710//5046 2713//5046
f 2713//5047 2710//5047 2714//5047
f 595//5048 2172//5048 2715//5048
f 597//5049 595//5049 2716//5049
f 2716//5050 595//5050 2715//5050
f 2172//5051 590//5051 2717//5051
f 2175//5052 2721//5052 2171//5052
f 2175//5053 2174//5053 2718//5053
f 2164//5054 2178//5054 2719//5054
f 2174//5055 2719//5055 2720//5055
f 2721//5056 2175//5056 2718//5056
f 2721//5057 2718//5057 2723//5057
f 2718//5058 2174//5058 2722//5058
f 2722//5059 2174//5059 2720//5059
f 2719//5060 2728//5060 2720//5060
f 2722//5061 2723//5061 2718//5061
f 2734//5062 2721//5062 2723//5062
f 2734//5063 2723//5063 2725//5063
f 2725//5064 2722//5064 2720//5064
f 2722//5065 2725//5065 2723//5065
f 2727//5066 2720//5066 2728//5066
f 2178//5067 2726//5067 2728//5067
f 2178//5068 2728//5068 2719//5068
f 2176//5069 2726//5069 2178//5069
f 2748//5070 2726//5070 2176//5070
f 2180//5071 2176//5071 2177//5071
f 2730//5072 2180//5072 2177//5072
f 2182//5073 2731//5073 2730//5073
f 2731//5074 2182//5074 2184//5074
f 2731//5075 3084//5075 2730//5075
f 2730//5076 3084//5076 2746//5076
f 2746//5077 2180//5077 2730//5077
f 2176//5078 2179//5078 2732//5078
f 2726//5079 2748//5079 2728//5079
f 2744//5080 2728//5080 2748//5080
f 2727//5081 2728//5081 2729//5081
f 2720//5082 2727//5082 2725//5082
f 2727//5083 2733//5083 2725//5083
f 2733//5084 2734//5084 2725//5084
f 2724//5085 2721//5085 2735//5085
f 2735//5086 2721//5086 2734//5086
f 2734//5087 2736//5087 2735//5087
f 2733//5088 2737//5088 2734//5088
f 2734//5089 2743//5089 2736//5089
f 2735//5090 2738//5090 2724//5090
f 2736//5091 2739//5091 2735//5091
f 2735//5092 2739//5092 2738//5092
f 2724//5093 2738//5093 2740//5093
f 2724//5094 2740//5094 2717//5094
f 2739//5095 2741//5095 2738//5095
f 2742//5096 2741//5096 2739//5096
f 2753//5097 2742//5097 2739//5097
f 2743//5098 2734//5098 2737//5098
f 2729//5099 2733//5099 2727//5099
f 2179//5100 3309//5100 2732//5100
f 2176//5101 2732//5101 2745//5101
f 3309//5102 2179//5102 2746//5102
f 2746//5103 2179//5103 2180//5103
f 3309//5104 2746//5104 2747//5104
f 2732//5105 3309//5105 3302//5105
f 3302//5106 2745//5106 2732//5106
f 2748//5107 2176//5107 2749//5107
f 2749//5108 2176//5108 2745//5108
f 2749//5109 2745//5109 3295//5109
f 2728//5110 2744//5110 2729//5110
f 2744//5111 3229//5111 2729//5111
f 2750//5112 2737//5112 2733//5112
f 2750//5113 2733//5113 2729//5113
f 2744//5114 2751//5114 3229//5114
f 2750//5115 2752//5115 2737//5115
f 2743//5116 2739//5116 2736//5116
f 2754//5117 2738//5117 2741//5117
f 2754//5118 2755//5118 2738//5118
f 2797//5119 2754//5119 2741//5119
f 2741//5120 2742//5120 2797//5120
f 2797//5121 2755//5121 2754//5121
f 2738//5122 2755//5122 2740//5122
f 2740//5123 2755//5123 2715//5123
f 2152//5124 2715//5124 2755//5124
f 2794//5125 2152//5125 2755//5125
f 2152//5126 2716//5126 2715//5126
f 2715//5127 2172//5127 2717//5127
f 590//5128 2721//5128 2717//5128
f 2721//5129 2724//5129 2717//5129
f 2715//5130 2717//5130 2740//5130
f 1794//5131 1793//5131 2424//5131
f 1374//5132 2693//5132 2692//5132
f 2693//5133 2694//5133 2757//5133
f 2756//5134 2699//5134 2700//5134
f 2694//5135 2699//5135 2756//5135
f 2694//5136 2756//5136 2757//5136
f 2705//5137 2765//5137 2700//5137
f 2756//5138 2700//5138 2758//5138
f 2700//5139 2765//5139 2758//5139
f 2756//5140 2758//5140 2757//5140
f 2693//5141 2759//5141 2692//5141
f 2848//5142 1572//5142 2692//5142
f 2848//5143 2692//5143 2760//5143
f 2760//5144 2692//5144 2759//5144
f 2759//5145 2693//5145 2757//5145
f 2517//5146 2513//5146 2519//5146
f 2516//5147 2954//5147 2767//5147
f 2516//5148 2767//5148 2762//5148
f 2519//5149 2762//5149 2764//5149
f 2060//5150 2061//5150 2767//5150
f 2060//5151 2767//5151 2954//5151
f 2768//5152 2767//5152 2061//5152
f 2762//5153 2767//5153 2768//5153
f 2764//5154 2063//5154 2064//5154
f 2062//5155 1555//5155 2786//5155
f 2786//5156 1555//5156 2785//5156
f 1555//5157 2066//5157 2785//5157
f 2785//5158 2066//5158 2068//5158
f 2068//5159 2770//5159 2785//5159
f 2327//5160 2324//5160 2771//5160
f 2324//5161 2318//5161 2771//5161
f 2771//5162 2772//5162 2327//5162
f 2580//5163 2772//5163 2666//5163
f 2318//5164 2668//5164 2771//5164
f 2668//5165 2318//5165 2665//5165
f 2667//5166 2666//5166 2772//5166
f 2667//5167 2772//5167 2771//5167
f 2668//5168 2667//5168 2771//5168
f 2773//5169 1544//5169 914//5169
f 914//5170 2776//5170 2773//5170
f 1544//5171 2773//5171 1545//5171
f 2774//5172 1015//5172 2150//5172
f 914//5173 2774//5173 2776//5173
f 2773//5174 2776//5174 2777//5174
f 2777//5175 2776//5175 2783//5175
f 2776//5176 2774//5176 2775//5176
f 2776//5177 2788//5177 2783//5177
f 2789//5178 2788//5178 2776//5178
f 2776//5179 2775//5179 2778//5179
f 2150//5180 2775//5180 2774//5180
f 2760//5181 2759//5181 2779//5181
f 2780//5182 2779//5182 2759//5182
f 2780//5183 2759//5183 2757//5183
f 2757//5184 2781//5184 2780//5184
f 2757//5185 2758//5185 2781//5185
f 2781//5186 2758//5186 2765//5186
f 2046//5187 2039//5187 2652//5187
f 2046//5188 2652//5188 2651//5188
f 2077//5189 2455//5189 2079//5189
f 2782//5190 1545//5190 2773//5190
f 2773//5191 2777//5191 2782//5191
f 2783//5192 2782//5192 2777//5192
f 2770//5193 2068//5193 2782//5193
f 2770//5194 2782//5194 2784//5194
f 2783//5195 2784//5195 2782//5195
f 2787//5196 2770//5196 2784//5196
f 2788//5197 2784//5197 2783//5197
f 2784//5198 2788//5198 2789//5198
f 2150//5199 2791//5199 2775//5199
f 2791//5200 2150//5200 2792//5200
f 2791//5201 2792//5201 2795//5201
f 2792//5202 2150//5202 2793//5202
f 2792//5203 2793//5203 2794//5203
f 2796//5204 2792//5204 2794//5204
f 2151//5205 2794//5205 2793//5205
f 2794//5206 2797//5206 2796//5206
f 2792//5207 2796//5207 2795//5207
f 2795//5208 2796//5208 2797//5208
f 2797//5209 2794//5209 2755//5209
f 2753//5210 2950//5210 2742//5210
f 2742//5211 2798//5211 2797//5211
f 2798//5212 2742//5212 2950//5212
f 2800//5213 2739//5213 2743//5213
f 2743//5214 3227//5214 2801//5214
f 2743//5215 2801//5215 2800//5215
f 2739//5216 2800//5216 2802//5216
f 2739//5217 2802//5217 2753//5217
f 2753//5218 2806//5218 2950//5218
f 2806//5219 2753//5219 2802//5219
f 2800//5220 2801//5220 2803//5220
f 3227//5221 3291//5221 2801//5221
f 3291//5222 2805//5222 2801//5222
f 2804//5223 2803//5223 2801//5223
f 2803//5224 2802//5224 2800//5224
f 2804//5225 2802//5225 2803//5225
f 2804//5226 2806//5226 2802//5226
f 2951//5227 2950//5227 2806//5227
f 3261//5228 2806//5228 2804//5228
f 3261//5229 3260//5229 2807//5229
f 3261//5230 2807//5230 2806//5230
f 3259//5231 2806//5231 2807//5231
f 2806//5232 2953//5232 2951//5232
f 2798//5233 2950//5233 2799//5233
f 2775//5234 2791//5234 2778//5234
f 2776//5235 2790//5235 2789//5235
f 2784//5236 2789//5236 2787//5236
f 2808//5237 2770//5237 2787//5237
f 2809//5238 2789//5238 2790//5238
f 2810//5239 2790//5239 2922//5239
f 2790//5240 2810//5240 2809//5240
f 2787//5241 2810//5241 2811//5241
f 2789//5242 2809//5242 2787//5242
f 2787//5243 2809//5243 2810//5243
f 2787//5244 2811//5244 2808//5244
f 2808//5245 2923//5245 2786//5245
f 2914//5246 2062//5246 2786//5246
f 2065//5247 2769//5247 2064//5247
f 2814//5248 2064//5248 2813//5248
f 2064//5249 2769//5249 2813//5249
f 2064//5250 2814//5250 2812//5250
f 2063//5251 2764//5251 2766//5251
f 2764//5252 2064//5252 2527//5252
f 2764//5253 2762//5253 2766//5253
f 2766//5254 2762//5254 2768//5254
f 2666//5255 2662//5255 2663//5255
f 2666//5256 2663//5256 2580//5256
f 2580//5257 2663//5257 2054//5257
f 2054//5258 2663//5258 2050//5258
f 2829//5259 2470//5259 2471//5259
f 2817//5260 2816//5260 2472//5260
f 2474//5261 2826//5261 2473//5261
f 2826//5262 2824//5262 2473//5262
f 2473//5263 2824//5263 2817//5263
f 2471//5264 2819//5264 2829//5264
f 2818//5265 2820//5265 2819//5265
f 2471//5266 2816//5266 2819//5266
f 2819//5267 2816//5267 2817//5267
f 2817//5268 2818//5268 2819//5268
f 2822//5269 2818//5269 2821//5269
f 2821//5270 2818//5270 2817//5270
f 2826//5271 2825//5271 2824//5271
f 2817//5272 2824//5272 2821//5272
f 2821//5273 2824//5273 2825//5273
f 2826//5274 2474//5274 2140//5274
f 2826//5275 2827//5275 2825//5275
f 2822//5276 2821//5276 2823//5276
f 2827//5277 2833//5277 2825//5277
f 2827//5278 2826//5278 2140//5278
f 2827//5279 2140//5279 2138//5279
f 2255//5280 2277//5280 2470//5280
f 2819//5281 2820//5281 2829//5281
f 2829//5282 2828//5282 2470//5282
f 2820//5283 2818//5283 2830//5283
f 2822//5284 2823//5284 2830//5284
f 2822//5285 2830//5285 2818//5285
f 2823//5286 2821//5286 2832//5286
f 2832//5287 2821//5287 2825//5287
f 2831//5288 2830//5288 2823//5288
f 2831//5289 2823//5289 2832//5289
f 2825//5290 2833//5290 2832//5290
f 2834//5291 2831//5291 2832//5291
f 2832//5292 2833//5292 2835//5292
f 2832//5293 2835//5293 2897//5293
f 2833//5294 2827//5294 1785//5294
f 2836//5295 2761//5295 1572//5295
f 2837//5296 2838//5296 2850//5296
f 2837//5297 2850//5297 2844//5297
f 1574//5298 2837//5298 1573//5298
f 2839//5299 2840//5299 1573//5299
f 2842//5300 2691//5300 2841//5300
f 2842//5301 2841//5301 2843//5301
f 2843//5302 2841//5302 2840//5302
f 2844//5303 2842//5303 2843//5303
f 2843//5304 2840//5304 2839//5304
f 2845//5305 2843//5305 2839//5305
f 2837//5306 2839//5306 1573//5306
f 2843//5307 2845//5307 2844//5307
f 2837//5308 2845//5308 2839//5308
f 2850//5309 2842//5309 2844//5309
f 2844//5310 2845//5310 2837//5310
f 2779//5311 2846//5311 2760//5311
f 2847//5312 2779//5312 2780//5312
f 2779//5313 2847//5313 2846//5313
f 1572//5314 2848//5314 2836//5314
f 2837//5315 2761//5315 2849//5315
f 2849//5316 2838//5316 2837//5316
f 2849//5317 2761//5317 2851//5317
f 2851//5318 2761//5318 2836//5318
f 2836//5319 2852//5319 2851//5319
f 2852//5320 2836//5320 2848//5320
f 2848//5321 2760//5321 2853//5321
f 2848//5322 2853//5322 2852//5322
f 2580//5323 2054//5323 2486//5323
f 2486//5324 2054//5324 2581//5324
f 2581//5325 2054//5325 2053//5325
f 2278//5326 2280//5326 2472//5326
f 2760//5327 2854//5327 2853//5327
f 2760//5328 2846//5328 2855//5328
f 2760//5329 2855//5329 2854//5329
f 2854//5330 2856//5330 2853//5330
f 2857//5331 2854//5331 2855//5331
f 2858//5332 2847//5332 2780//5332
f 2781//5333 2765//5333 2859//5333
f 2781//5334 2859//5334 2780//5334
f 2858//5335 2780//5335 2859//5335
f 2064//5336 2763//5336 2527//5336
f 2064//5337 2882//5337 2763//5337
f 2882//5338 2064//5338 2812//5338
f 2812//5339 2861//5339 2860//5339
f 2861//5340 2814//5340 2815//5340
f 2814//5341 2861//5341 2812//5341
f 2812//5342 2860//5342 2882//5342
f 2860//5343 2861//5343 2862//5343
f 2862//5344 2861//5344 2815//5344
f 2864//5345 2863//5345 2862//5345
f 2865//5346 2863//5346 2864//5346
f 2865//5347 2864//5347 2867//5347
f 2862//5348 2867//5348 2864//5348
f 2862//5349 2815//5349 2866//5349
f 2866//5350 2867//5350 2862//5350
f 2868//5351 2865//5351 2869//5351
f 2867//5352 2866//5352 2905//5352
f 2815//5353 2814//5353 2813//5353
f 2813//5354 2871//5354 2870//5354
f 2871//5355 2813//5355 2769//5355
f 2870//5356 2874//5356 2813//5356
f 2870//5357 2872//5357 2874//5357
f 2872//5358 2875//5358 2874//5358
f 2872//5359 2873//5359 2875//5359
f 2813//5360 2875//5360 2815//5360
f 2231//5361 2232//5361 2876//5361
f 2876//5362 2232//5362 2678//5362
f 2682//5363 2681//5363 2131//5363
f 2877//5364 2122//5364 2127//5364
f 2122//5365 2877//5365 2682//5365
f 2877//5366 2127//5366 2126//5366
f 2347//5367 2126//5367 2129//5367
f 2878//5368 2350//5368 2880//5368
f 2350//5369 2129//5369 1457//5369
f 2879//5370 2347//5370 2129//5370
f 2901//5371 2129//5371 2350//5371
f 2350//5372 2878//5372 2901//5372
f 2231//5373 2876//5373 2229//5373
f 2229//5374 2878//5374 2227//5374
f 2878//5375 2229//5375 2876//5375
f 2227//5376 2878//5376 2228//5376
f 2228//5377 2878//5377 2880//5377
f 2880//5378 2221//5378 2223//5378
f 2880//5379 2223//5379 2228//5379
f 2221//5380 2880//5380 2349//5380
f 2349//5381 2880//5381 2350//5381
f 2881//5382 147//5382 2593//5382
f 1914//5383 147//5383 2881//5383
f 1914//5384 2881//5384 2426//5384
f 2082//5385 2076//5385 2077//5385
f 2084//5386 2078//5386 2079//5386
f 2084//5387 2079//5387 2463//5387
f 2883//5388 2084//5388 2463//5388
f 2883//5389 2463//5389 2884//5389
f 2884//5390 2463//5390 2457//5390
f 2885//5391 2855//5391 2886//5391
f 2855//5392 2885//5392 2857//5392
f 2847//5393 2855//5393 2846//5393
f 2847//5394 2886//5394 2855//5394
f 1604//5395 2842//5395 2690//5395
f 2553//5396 1937//5396 1453//5396
f 2553//5397 1453//5397 2564//5397
f 2564//5398 1453//5398 2563//5398
f 2563//5399 1453//5399 2559//5399
f 2564//5400 2563//5400 2566//5400
f 2564//5401 2566//5401 1781//5401
f 2885//5402 2887//5402 2857//5402
f 2854//5403 2857//5403 2856//5403
f 2887//5404 2888//5404 2857//5404
f 2857//5405 2888//5405 2889//5405
f 2857//5406 2889//5406 2856//5406
f 2889//5407 2888//5407 2890//5407
f 2891//5408 2890//5408 2888//5408
f 2891//5409 2892//5409 2890//5409
f 2890//5410 2892//5410 2889//5410
f 2470//5411 2828//5411 2467//5411
f 2828//5412 2893//5412 2467//5412
f 2894//5413 2829//5413 2895//5413
f 2828//5414 2829//5414 2894//5414
f 2896//5415 2820//5415 2830//5415
f 2897//5416 2834//5416 2832//5416
f 2831//5417 2834//5417 2830//5417
f 2896//5418 2830//5418 2931//5418
f 2931//5419 2830//5419 2834//5419
f 2142//5420 2835//5420 2833//5420
f 2144//5421 2835//5421 2142//5421
f 2835//5422 2144//5422 2145//5422
f 2835//5423 2145//5423 2897//5423
f 2898//5424 2897//5424 2145//5424
f 2897//5425 2898//5425 2834//5425
f 2898//5426 2145//5426 2087//5426
f 2145//5427 2085//5427 2087//5427
f 2900//5428 2468//5428 2469//5428
f 2899//5429 2468//5429 2900//5429
f 2469//5430 2940//5430 2900//5430
f 2828//5431 2894//5431 2893//5431
f 2467//5432 2893//5432 2469//5432
f 2893//5433 2894//5433 2939//5433
f 2939//5434 2894//5434 2932//5434
f 2932//5435 2894//5435 2895//5435
f 2895//5436 2896//5436 2932//5436
f 2895//5437 2820//5437 2896//5437
f 2003//5438 2386//5438 2371//5438
f 1447//5439 1283//5439 1448//5439
f 2357//5440 1777//5440 1784//5440
f 2556//5441 2357//5441 1784//5441
f 1784//5442 1777//5442 1776//5442
f 2130//5443 2122//5443 2682//5443
f 2877//5444 2126//5444 2347//5444
f 2877//5445 2347//5445 2879//5445
f 2901//5446 2879//5446 2129//5446
f 2876//5447 2901//5447 2878//5447
f 2679//5448 2343//5448 2681//5448
f 2678//5449 2683//5449 2876//5449
f 2901//5450 2876//5450 2879//5450
f 2876//5451 2683//5451 2879//5451
f 2879//5452 2683//5452 2682//5452
f 2879//5453 2682//5453 2877//5453
f 2829//5454 2820//5454 2895//5454
f 2154//5455 2157//5455 610//5455
f 2413//5456 2012//5456 2902//5456
f 2018//5457 2015//5457 2016//5457
f 2902//5458 2018//5458 2016//5458
f 2903//5459 2902//5459 2016//5459
f 2903//5460 2016//5460 2414//5460
f 2903//5461 2414//5461 2405//5461
f 2004//5462 2413//5462 2378//5462
f 2378//5463 2374//5463 2004//5463
f 2413//5464 2004//5464 2012//5464
f 2904//5465 2868//5465 2869//5465
f 2867//5466 2905//5466 2865//5466
f 2866//5467 2906//5467 2905//5467
f 2875//5468 2866//5468 2815//5468
f 2866//5469 2875//5469 2906//5469
f 2875//5470 2813//5470 2874//5470
f 2873//5471 2872//5471 2907//5471
f 2875//5472 2873//5472 2906//5472
f 2906//5473 3167//5473 2905//5473
f 2872//5474 2870//5474 2908//5474
f 2908//5475 2870//5475 2909//5475
f 2872//5476 2908//5476 2907//5476
f 3171//5477 2907//5477 2908//5477
f 2911//5478 2908//5478 2909//5478
f 2912//5479 2908//5479 2911//5479
f 2911//5480 2909//5480 2910//5480
f 2913//5481 2910//5481 2909//5481
f 2910//5482 2913//5482 2914//5482
f 2909//5483 2870//5483 2871//5483
f 2871//5484 2913//5484 2909//5484
f 2929//5485 2910//5485 2914//5485
f 2915//5486 2910//5486 2927//5486
f 2927//5487 2910//5487 2929//5487
f 2911//5488 2910//5488 2915//5488
f 2915//5489 2912//5489 2911//5489
f 3315//5490 2915//5490 2916//5490
f 2912//5491 2917//5491 2908//5491
f 2908//5492 2917//5492 3171//5492
f 2917//5493 2912//5493 2918//5493
f 3315//5494 2919//5494 2918//5494
f 2919//5495 2920//5495 2987//5495
f 2919//5496 2987//5496 3406//5496
f 3406//5497 2987//5497 3175//5497
f 2987//5498 2920//5498 2921//5498
f 2922//5499 2790//5499 2926//5499
f 2926//5500 2790//5500 2987//5500
f 2926//5501 2987//5501 2921//5501
f 2811//5502 2810//5502 2922//5502
f 2923//5503 2811//5503 2924//5503
f 2924//5504 2811//5504 2922//5504
f 2922//5505 2926//5505 2924//5505
f 2924//5506 2926//5506 2925//5506
f 2923//5507 2924//5507 2927//5507
f 2925//5508 2926//5508 2921//5508
f 2921//5509 2916//5509 2925//5509
f 2915//5510 2925//5510 2916//5510
f 2915//5511 2927//5511 2925//5511
f 2925//5512 2927//5512 2924//5512
f 2811//5513 2923//5513 2808//5513
f 2928//5514 2786//5514 2923//5514
f 2927//5515 2929//5515 2923//5515
f 2923//5516 2929//5516 2928//5516
f 2786//5517 2928//5517 2914//5517
f 2062//5518 2914//5518 2065//5518
f 2065//5519 2914//5519 2769//5519
f 2929//5520 2914//5520 2928//5520
f 2913//5521 2871//5521 2914//5521
f 2769//5522 2914//5522 2871//5522
f 2930//5523 2898//5523 2086//5523
f 2086//5524 2898//5524 2087//5524
f 2931//5525 2834//5525 2898//5525
f 2898//5526 2930//5526 2932//5526
f 2898//5527 2932//5527 2931//5527
f 2930//5528 2933//5528 2932//5528
f 2933//5529 2934//5529 2936//5529
f 2938//5530 2900//5530 2935//5530
f 2934//5531 2937//5531 2936//5531
f 2933//5532 2936//5532 2932//5532
f 2935//5533 2937//5533 2934//5533
f 2939//5534 2936//5534 2937//5534
f 2936//5535 2939//5535 2932//5535
f 2932//5536 2896//5536 2931//5536
f 2939//5537 2940//5537 2893//5537
f 2469//5538 2893//5538 2940//5538
f 2592//5539 2881//5539 2593//5539
f 2941//5540 2942//5540 2423//5540
f 2942//5541 2421//5541 2423//5541
f 2421//5542 2420//5542 2419//5542
f 2420//5543 2421//5543 2942//5543
f 2304//5544 2301//5544 2300//5544
f 2304//5545 2300//5545 2029//5545
f 2944//5546 2791//5546 2795//5546
f 2944//5547 2795//5547 2797//5547
f 2943//5548 2944//5548 2797//5548
f 2943//5549 2797//5549 2798//5549
f 2945//5550 2943//5550 2798//5550
f 2945//5551 2798//5551 2799//5551
f 2944//5552 2945//5552 2946//5552
f 2944//5553 2943//5553 2945//5553
f 2944//5554 2946//5554 2791//5554
f 2945//5555 2947//5555 2946//5555
f 2948//5556 2982//5556 2947//5556
f 2947//5557 2982//5557 2946//5557
f 2776//5558 2778//5558 2791//5558
f 2791//5559 2946//5559 2776//5559
f 2949//5560 2947//5560 2945//5560
f 2952//5561 2947//5561 2949//5561
f 2951//5562 2949//5562 2950//5562
f 2951//5563 2953//5563 2952//5563
f 2951//5564 2952//5564 2949//5564
f 2949//5565 2945//5565 2950//5565
f 2950//5566 2945//5566 2799//5566
f 2515//5567 2060//5567 2954//5567
f 2515//5568 2954//5568 2516//5568
f 2963//5569 2960//5569 2961//5569
f 2974//5570 2960//5570 2963//5570
f 2957//5571 2963//5571 2959//5571
f 2957//5572 2959//5572 2958//5572
f 2937//5573 2940//5573 2939//5573
f 2900//5574 2940//5574 2935//5574
f 2935//5575 2940//5575 2937//5575
f 2900//5576 2938//5576 2899//5576
f 2017//5577 2423//5577 2416//5577
f 2416//5578 2414//5578 2017//5578
f 2414//5579 2016//5579 2014//5579
f 2414//5580 2014//5580 2017//5580
f 2197//5581 2198//5581 2155//5581
f 2965//5582 2968//5582 2967//5582
f 2967//5583 2969//5583 3320//5583
f 2967//5584 3320//5584 2966//5584
f 2966//5585 3320//5585 2970//5585
f 2957//5586 2958//5586 2956//5586
f 2974//5587 2963//5587 2971//5587
f 2963//5588 2957//5588 2971//5588
f 2957//5589 2972//5589 2971//5589
f 2973//5590 2971//5590 2972//5590
f 2973//5591 3124//5591 2971//5591
f 2941//5592 3034//5592 2942//5592
f 2420//5593 2942//5593 2975//5593
f 2417//5594 2975//5594 2976//5594
f 2417//5595 2977//5595 2405//5595
f 2977//5596 2417//5596 2976//5596
f 3040//5597 3231//5597 2976//5597
f 2976//5598 3231//5598 2977//5598
f 2977//5599 2412//5599 2405//5599
f 3040//5600 2978//5600 3231//5600
f 3231//5601 3117//5601 2977//5601
f 2412//5602 2979//5602 2410//5602
f 2979//5603 3118//5603 2411//5603
f 2411//5604 3118//5604 2981//5604
f 2408//5605 2411//5605 2409//5605
f 2411//5606 2981//5606 2409//5606
f 2785//5607 2770//5607 2808//5607
f 2786//5608 2785//5608 2808//5608
f 2982//5609 2776//5609 2946//5609
f 2947//5610 2983//5610 2948//5610
f 2985//5611 2948//5611 2983//5611
f 2952//5612 2983//5612 2947//5612
f 2984//5613 2983//5613 2952//5613
f 2985//5614 2983//5614 2986//5614
f 2985//5615 2790//5615 2948//5615
f 2987//5616 2790//5616 2985//5616
f 2987//5617 2985//5617 2986//5617
f 2986//5618 2983//5618 3265//5618
f 2983//5619 3264//5619 3265//5619
f 2986//5620 3265//5620 2987//5620
f 2983//5621 2984//5621 3264//5621
f 2953//5622 2984//5622 2952//5622
f 2984//5623 2806//5623 3259//5623
f 2984//5624 2953//5624 2806//5624
f 2293//5625 2988//5625 2292//5625
f 2292//5626 2988//5626 2299//5626
f 2601//5627 2604//5627 3019//5627
f 2293//5628 2294//5628 2989//5628
f 2293//5629 2989//5629 3023//5629
f 2293//5630 3023//5630 2988//5630
f 2989//5631 2294//5631 2302//5631
f 2302//5632 2294//5632 2303//5632
f 2303//5633 2990//5633 2302//5633
f 2302//5634 2990//5634 2989//5634
f 2991//5635 2990//5635 2303//5635
f 2991//5636 2303//5636 2706//5636
f 2991//5637 2706//5637 3153//5637
f 2990//5638 2991//5638 3024//5638
f 2992//5639 3153//5639 2706//5639
f 2993//5640 2706//5640 2994//5640
f 2994//5641 2995//5641 2993//5641
f 2996//5642 2994//5642 2706//5642
f 2996//5643 2706//5643 2038//5643
f 2709//5644 2997//5644 2708//5644
f 2997//5645 2709//5645 2711//5645
f 2038//5646 2708//5646 2996//5646
f 2996//5647 2708//5647 2998//5647
f 2994//5648 2996//5648 2995//5648
f 3155//5649 2995//5649 2998//5649
f 2998//5650 2995//5650 2996//5650
f 2998//5651 2708//5651 2997//5651
f 2999//5652 2998//5652 2997//5652
f 2711//5653 2999//5653 2997//5653
f 2713//5654 2711//5654 2712//5654
f 2640//5655 2636//5655 2637//5655
f 3131//5656 2636//5656 3221//5656
f 3177//5657 2642//5657 2640//5657
f 3000//5658 3177//5658 2639//5658
f 3000//5659 2639//5659 2641//5659
f 3000//5660 2641//5660 3001//5660
f 3001//5661 2641//5661 2629//5661
f 3002//5662 3001//5662 3004//5662
f 3001//5663 2629//5663 3004//5663
f 3004//5664 3005//5664 3002//5664
f 3005//5665 2629//5665 2625//5665
f 3006//5666 3005//5666 2628//5666
f 2628//5667 2627//5667 2617//5667
f 3009//5668 2645//5668 3018//5668
f 3018//5669 2645//5669 2603//5669
f 2645//5670 3009//5670 3010//5670
f 2645//5671 3010//5671 3008//5671
f 3010//5672 3009//5672 3011//5672
f 3012//5673 3010//5673 3011//5673
f 2645//5674 3008//5674 3007//5674
f 3008//5675 3010//5675 3013//5675
f 3010//5676 3015//5676 3013//5676
f 3007//5677 3008//5677 3013//5677
f 3007//5678 3013//5678 2620//5678
f 3014//5679 2644//5679 2620//5679
f 3014//5680 2620//5680 3013//5680
f 2643//5681 2628//5681 2617//5681
f 2628//5682 2643//5682 3006//5682
f 2643//5683 2644//5683 3014//5683
f 3014//5684 3013//5684 3015//5684
f 3016//5685 3014//5685 3015//5685
f 3018//5686 2603//5686 3019//5686
f 3009//5687 3018//5687 3020//5687
f 3009//5688 3020//5688 3017//5688
f 3018//5689 3019//5689 3020//5689
f 3009//5690 3017//5690 3021//5690
f 3017//5691 3025//5691 3022//5691
f 3022//5692 3021//5692 3017//5692
f 3021//5693 3022//5693 3023//5693
f 3023//5694 3024//5694 3136//5694
f 3023//5695 3022//5695 3025//5695
f 3025//5696 3020//5696 3019//5696
f 2604//5697 3025//5697 3019//5697
f 3020//5698 3025//5698 3017//5698
f 3025//5699 2988//5699 3023//5699
f 2604//5700 2299//5700 2988//5700
f 3025//5701 2604//5701 2988//5701
f 2776//5702 2982//5702 2790//5702
f 2790//5703 2982//5703 2948//5703
f 611//5704 2155//5704 2156//5704
f 2156//5705 2155//5705 2193//5705
f 3033//5706 2962//5706 3035//5706
f 3033//5707 3034//5707 2941//5707
f 2960//5708 3035//5708 2962//5708
f 2960//5709 2962//5709 2961//5709
f 3035//5710 3123//5710 3033//5710
f 3034//5711 3033//5711 3036//5711
f 3034//5712 3036//5712 2942//5712
f 3039//5713 3038//5713 2975//5713
f 3039//5714 2975//5714 2942//5714
f 2975//5715 3038//5715 2976//5715
f 2976//5716 3038//5716 3040//5716
f 3040//5717 3038//5717 3037//5717
f 3037//5718 3038//5718 3039//5718
f 3041//5719 3037//5719 3039//5719
f 3044//5720 3039//5720 2942//5720
f 3043//5721 3044//5721 2942//5721
f 3042//5722 3043//5722 2942//5722
f 3042//5723 2942//5723 3033//5723
f 3033//5724 2942//5724 3036//5724
f 3042//5725 3033//5725 3123//5725
f 3042//5726 3123//5726 3043//5726
f 3043//5727 3123//5727 3045//5727
f 3045//5728 3044//5728 3043//5728
f 3044//5729 3045//5729 3039//5729
f 3039//5730 3046//5730 3041//5730
f 3037//5731 2978//5731 3040//5731
f 3050//5732 3047//5732 2978//5732
f 3050//5733 3048//5733 3047//5733
f 3047//5734 3048//5734 3049//5734
f 3122//5735 3049//5735 3048//5735
f 3122//5736 3048//5736 3075//5736
f 3050//5737 3051//5737 3048//5737
f 3052//5738 3048//5738 3051//5738
f 3048//5739 3052//5739 3053//5739
f 3048//5740 3053//5740 3075//5740
f 3073//5741 3075//5741 3053//5741
f 3128//5742 3051//5742 3050//5742
f 2964//5743 3054//5743 3052//5743
f 3052//5744 3051//5744 3257//5744
f 3057//5745 3059//5745 3056//5745
f 3057//5746 3058//5746 3059//5746
f 3060//5747 3059//5747 3058//5747
f 3057//5748 3063//5748 3058//5748
f 3061//5749 3063//5749 3057//5749
f 3066//5750 3064//5750 3059//5750
f 3066//5751 3065//5751 3064//5751
f 3065//5752 3066//5752 3317//5752
f 3065//5753 3317//5753 3067//5753
f 3317//5754 3066//5754 3068//5754
f 3068//5755 3066//5755 3069//5755
f 3068//5756 3069//5756 2549//5756
f 2548//5757 2549//5757 3069//5757
f 3070//5758 2544//5758 2548//5758
f 3060//5759 2548//5759 3066//5759
f 3066//5760 2548//5760 3069//5760
f 3060//5761 3066//5761 3059//5761
f 2548//5762 3060//5762 3070//5762
f 2538//5763 2541//5763 3070//5763
f 3060//5764 3058//5764 3099//5764
f 3070//5765 2578//5765 2577//5765
f 2577//5766 2579//5766 3070//5766
f 2532//5767 3070//5767 2579//5767
f 2579//5768 2393//5768 2532//5768
f 3071//5769 3059//5769 3064//5769
f 3064//5770 3065//5770 3067//5770
f 3071//5771 3072//5771 3059//5771
f 3059//5772 3072//5772 3056//5772
f 3075//5773 3073//5773 3074//5773
f 3054//5774 3053//5774 3052//5774
f 2964//5775 3055//5775 3054//5775
f 3054//5776 3055//5776 3053//5776
f 2193//5777 2571//5777 3076//5777
f 3076//5778 2571//5778 2573//5778
f 2573//5779 2571//5779 2572//5779
f 2192//5780 3076//5780 2190//5780
f 2189//5781 2191//5781 3078//5781
f 3077//5782 2573//5782 2572//5782
f 2572//5783 2531//5783 3077//5783
f 2573//5784 3077//5784 3096//5784
f 3079//5785 2191//5785 3076//5785
f 3079//5786 3076//5786 2573//5786
f 3079//5787 2573//5787 3093//5787
f 2191//5788 3079//5788 3078//5788
f 2189//5789 3092//5789 3082//5789
f 3082//5790 3081//5790 2188//5790
f 2731//5791 2188//5791 3081//5791
f 2731//5792 2184//5792 2188//5792
f 2731//5793 3081//5793 3082//5793
f 2731//5794 3082//5794 3084//5794
f 3080//5795 3082//5795 3092//5795
f 3082//5796 3083//5796 3084//5796
f 2746//5797 3084//5797 2747//5797
f 3085//5798 3083//5798 3082//5798
f 3085//5799 3082//5799 3080//5799
f 3080//5800 3086//5800 3085//5800
f 3086//5801 3307//5801 3085//5801
f 3307//5802 3086//5802 3087//5802
f 3087//5803 3109//5803 3307//5803
f 3088//5804 3087//5804 3086//5804
f 3090//5805 3080//5805 3089//5805
f 3080//5806 3090//5806 3086//5806
f 3086//5807 3090//5807 3088//5807
f 3089//5808 3080//5808 3092//5808
f 3090//5809 3089//5809 3091//5809
f 3093//5810 3089//5810 3079//5810
f 3093//5811 3091//5811 3089//5811
f 3094//5812 3091//5812 3093//5812
f 3096//5813 3093//5813 2573//5813
f 3077//5814 2531//5814 3096//5814
f 3096//5815 2531//5815 2575//5815
f 3093//5816 3096//5816 3095//5816
f 3097//5817 2575//5817 2574//5817
f 2576//5818 3097//5818 2574//5818
f 3098//5819 3097//5819 2576//5819
f 3100//5820 3098//5820 3099//5820
f 3098//5821 3100//5821 3097//5821
f 3088//5822 3090//5822 3091//5822
f 3088//5823 3091//5823 3101//5823
f 3101//5824 3091//5824 3104//5824
f 3091//5825 3097//5825 3104//5825
f 3091//5826 3094//5826 3097//5826
f 3095//5827 3094//5827 3093//5827
f 3094//5828 3095//5828 2575//5828
f 2575//5829 3095//5829 3096//5829
f 2575//5830 3097//5830 3094//5830
f 3102//5831 3104//5831 3097//5831
f 3104//5832 3105//5832 3101//5832
f 3103//5833 3105//5833 3104//5833
f 3105//5834 3106//5834 3101//5834
f 3088//5835 3107//5835 3087//5835
f 3107//5836 3088//5836 3108//5836
f 3109//5837 3087//5837 3107//5837
f 3109//5838 3110//5838 3307//5838
f 3084//5839 3083//5839 2747//5839
f 3085//5840 2747//5840 3083//5840
f 2747//5841 3085//5841 3306//5841
f 2747//5842 3306//5842 3303//5842
f 3307//5843 3306//5843 3085//5843
f 3107//5844 3110//5844 3109//5844
f 3106//5845 3108//5845 3088//5845
f 3106//5846 3088//5846 3101//5846
f 3111//5847 3105//5847 3103//5847
f 3112//5848 3105//5848 3111//5848
f 3111//5849 3114//5849 3112//5849
f 3115//5850 3112//5850 3114//5850
f 3114//5851 3111//5851 3113//5851
f 3478//5852 3111//5852 3103//5852
f 3103//5853 3104//5853 3102//5853
f 3116//5854 3103//5854 3102//5854
f 3102//5855 3099//5855 3116//5855
f 3377//5856 3116//5856 3099//5856
f 3100//5857 3099//5857 3102//5857
f 3102//5858 3097//5858 3100//5858
f 2576//5859 3099//5859 3098//5859
f 3060//5860 3099//5860 3070//5860
f 3070//5861 3099//5861 2578//5861
f 2578//5862 3099//5862 2576//5862
f 3117//5863 2979//5863 2412//5863
f 3117//5864 2412//5864 2977//5864
f 2979//5865 3117//5865 3118//5865
f 3117//5866 3119//5866 3118//5866
f 3120//5867 3231//5867 2978//5867
f 3120//5868 2978//5868 3246//5868
f 2978//5869 3047//5869 3121//5869
f 2978//5870 3121//5870 3246//5870
f 3121//5871 3047//5871 3049//5871
f 3039//5872 3045//5872 3046//5872
f 3046//5873 3045//5873 3123//5873
f 3124//5874 2974//5874 2971//5874
f 3037//5875 3125//5875 2978//5875
f 3050//5876 2978//5876 3125//5876
f 3050//5877 3125//5877 3126//5877
f 3125//5878 3037//5878 3041//5878
f 3128//5879 3050//5879 3126//5879
f 3128//5880 3126//5880 3129//5880
f 3129//5881 3126//5881 3125//5881
f 3127//5882 3129//5882 3125//5882
f 3129//5883 3127//5883 3041//5883
f 3041//5884 3127//5884 3125//5884
f 2973//5885 3129//5885 3041//5885
f 3124//5886 3041//5886 3046//5886
f 3124//5887 3046//5887 3123//5887
f 3124//5888 2973//5888 3041//5888
f 2973//5889 2972//5889 3257//5889
f 3051//5890 3129//5890 2973//5890
f 3051//5891 2973//5891 3257//5891
f 2972//5892 3130//5892 3257//5892
f 3051//5893 3128//5893 3129//5893
f 3123//5894 3035//5894 2974//5894
f 3124//5895 3123//5895 2974//5895
f 3035//5896 2960//5896 2974//5896
f 3177//5897 3132//5897 2642//5897
f 3000//5898 3178//5898 3177//5898
f 3006//5899 3003//5899 3002//5899
f 3006//5900 3002//5900 3005//5900
f 3023//5901 2989//5901 3024//5901
f 3024//5902 2989//5902 2990//5902
f 3021//5903 3136//5903 3133//5903
f 3136//5904 3021//5904 3023//5904
f 3134//5905 3009//5905 3021//5905
f 3134//5906 3021//5906 3133//5906
f 3009//5907 3134//5907 3011//5907
f 3134//5908 3133//5908 3135//5908
f 3133//5909 3136//5909 3135//5909
f 3011//5910 3134//5910 3139//5910
f 3137//5911 3139//5911 3134//5911
f 3134//5912 3135//5912 3137//5912
f 3139//5913 3138//5913 3011//5913
f 3012//5914 3011//5914 3138//5914
f 3190//5915 3012//5915 3138//5915
f 3010//5916 3012//5916 3140//5916
f 3016//5917 3015//5917 3141//5917
f 3141//5918 3015//5918 3140//5918
f 3140//5919 3015//5919 3010//5919
f 3140//5920 3012//5920 3142//5920
f 3190//5921 3142//5921 3012//5921
f 3190//5922 3138//5922 3188//5922
f 3143//5923 3188//5923 3138//5923
f 3138//5924 3139//5924 3144//5924
f 3145//5925 3139//5925 3137//5925
f 3139//5926 3145//5926 3144//5926
f 3147//5927 3144//5927 3145//5927
f 3148//5928 3147//5928 3145//5928
f 3148//5929 3145//5929 3146//5929
f 3146//5930 3145//5930 3137//5930
f 3146//5931 3137//5931 3135//5931
f 3149//5932 3148//5932 3146//5932
f 3150//5933 3148//5933 3149//5933
f 3151//5934 3147//5934 3148//5934
f 3150//5935 3151//5935 3148//5935
f 3151//5936 3150//5936 3321//5936
f 3154//5937 3150//5937 3149//5937
f 3154//5938 2991//5938 3153//5938
f 3154//5939 3153//5939 2992//5939
f 3154//5940 2992//5940 2993//5940
f 3157//5941 3156//5941 3155//5941
f 3158//5942 3156//5942 3159//5942
f 2999//5943 3155//5943 2998//5943
f 2711//5944 2713//5944 2999//5944
f 3316//5945 2713//5945 2714//5945
f 3030//5946 3031//5946 3163//5946
f 3031//5947 3032//5947 3163//5947
f 3334//5948 3032//5948 3165//5948
f 3165//5949 3032//5949 3164//5949
f 2904//5950 2869//5950 3164//5950
f 2869//5951 2865//5951 3322//5951
f 3322//5952 2865//5952 3166//5952
f 3169//5953 3168//5953 2873//5953
f 3169//5954 2873//5954 2907//5954
f 3169//5955 2907//5955 3170//5955
f 3170//5956 2907//5956 3171//5956
f 3176//5957 3170//5957 3172//5957
f 3173//5958 2917//5958 2918//5958
f 3406//5959 2918//5959 2919//5959
f 3175//5960 2987//5960 3174//5960
f 2987//5961 3266//5961 3174//5961
f 3174//5962 3176//5962 3175//5962
f 2917//5963 3173//5963 3172//5963
f 3172//5964 3173//5964 3176//5964
f 3172//5965 3170//5965 2917//5965
f 2917//5966 3170//5966 3171//5966
f 2636//5967 2640//5967 2642//5967
f 3000//5968 3001//5968 3179//5968
f 3002//5969 3179//5969 3001//5969
f 3179//5970 3002//5970 3183//5970
f 3180//5971 3002//5971 3181//5971
f 3181//5972 3002//5972 3003//5972
f 3181//5973 3003//5973 3182//5973
f 3002//5974 3180//5974 3183//5974
f 3179//5975 3178//5975 3000//5975
f 3185//5976 3186//5976 3184//5976
f 3187//5977 3185//5977 3184//5977
f 3180//5978 3181//5978 3184//5978
f 3185//5979 3187//5979 3189//5979
f 3187//5980 3184//5980 3181//5980
f 3181//5981 3416//5981 3187//5981
f 3187//5982 3188//5982 3189//5982
f 3188//5983 3187//5983 3190//5983
f 3190//5984 3187//5984 3416//5984
f 3416//5985 3414//5985 3190//5985
f 3188//5986 3191//5986 3189//5986
f 3138//5987 3144//5987 3143//5987
f 3188//5988 3143//5988 3191//5988
f 3144//5989 3152//5989 3143//5989
f 3143//5990 3193//5990 3192//5990
f 3194//5991 3192//5991 3193//5991
f 3193//5992 3195//5992 3194//5992
f 3192//5993 3194//5993 3196//5993
f 3192//5994 3196//5994 3159//5994
f 3197//5995 3196//5995 3194//5995
f 3194//5996 3195//5996 3197//5996
f 3196//5997 3197//5997 3155//5997
f 3143//5998 3152//5998 3193//5998
f 3193//5999 3152//5999 3195//5999
f 3197//6000 2993//6000 2995//6000
f 3197//6001 2995//6001 3155//6001
f 3196//6002 3155//6002 3158//6002
f 3196//6003 3158//6003 3159//6003
f 3192//6004 3159//6004 3206//6004
f 3206//6005 3159//6005 3207//6005
f 3207//6006 3159//6006 3217//6006
f 3206//6007 3191//6007 3192//6007
f 3192//6008 3191//6008 3143//6008
f 3191//6009 3203//6009 3189//6009
f 3198//6010 3186//6010 3185//6010
f 3198//6011 3200//6011 3186//6011
f 3200//6012 3455//6012 3186//6012
f 3201//6013 3455//6013 3200//6013
f 3202//6014 3201//6014 3200//6014
f 3202//6015 3200//6015 3198//6015
f 3189//6016 3198//6016 3185//6016
f 3189//6017 3203//6017 3202//6017
f 3198//6018 3189//6018 3202//6018
f 3204//6019 3201//6019 3202//6019
f 3455//6020 3201//6020 3204//6020
f 3205//6021 3204//6021 3202//6021
f 3204//6022 3209//6022 3455//6022
f 3205//6023 3209//6023 3204//6023
f 3206//6024 3205//6024 3202//6024
f 3207//6025 3205//6025 3206//6025
f 3208//6026 3209//6026 3205//6026
f 3209//6027 3208//6027 3210//6027
f 3213//6028 3208//6028 3205//6028
f 3208//6029 3213//6029 3210//6029
f 3213//6030 3211//6030 3210//6030
f 3212//6031 3223//6031 3210//6031
f 3211//6032 3213//6032 3215//6032
f 3214//6033 3213//6033 3205//6033
f 3205//6034 3207//6034 3214//6034
f 3216//6035 3215//6035 3213//6035
f 3216//6036 3213//6036 3214//6036
f 3210//6037 3211//6037 3212//6037
f 3211//6038 3215//6038 3218//6038
f 3211//6039 3218//6039 3219//6039
f 3216//6040 3218//6040 3215//6040
f 3160//6041 3216//6041 3214//6041
f 3160//6042 3214//6042 3207//6042
f 3207//6043 3217//6043 3160//6043
f 3220//6044 3131//6044 3221//6044
f 2636//6045 2642//6045 3221//6045
f 3221//6046 2642//6046 3212//6046
f 2642//6047 3222//6047 3212//6047
f 3221//6048 3212//6048 3220//6048
f 3223//6049 3209//6049 3210//6049
f 3222//6050 2642//6050 3132//6050
f 3212//6051 3222//6051 3223//6051
f 3222//6052 3132//6052 3224//6052
f 3224//6053 3132//6053 3226//6053
f 3184//6054 3225//6054 3180//6054
f 3179//6055 3183//6055 3226//6055
f 3179//6056 3226//6056 3178//6056
f 3178//6057 3226//6057 3177//6057
f 3177//6058 3226//6058 3132//6058
f 3183//6059 3180//6059 3225//6059
f 3186//6060 3225//6060 3184//6060
f 3225//6061 3186//6061 3199//6061
f 3199//6062 3222//6062 3224//6062
f 3199//6063 3224//6063 3225//6063
f 3224//6064 3183//6064 3225//6064
f 3224//6065 3226//6065 3183//6065
f 2182//6066 2181//6066 2183//6066
f 2184//6067 2182//6067 2183//6067
f 3227//6068 2743//6068 2737//6068
f 2737//6069 2752//6069 3227//6069
f 2752//6070 3293//6070 3227//6070
f 3227//6071 3293//6071 3291//6071
f 2750//6072 3228//6072 2752//6072
f 2729//6073 3229//6073 2750//6073
f 3294//6074 3229//6074 2751//6074
f 2748//6075 2751//6075 2744//6075
f 3230//6076 3119//6076 3117//6076
f 3230//6077 3117//6077 3231//6077
f 3230//6078 3231//6078 3120//6078
f 3234//6079 3119//6079 3230//6079
f 2981//6080 3118//6080 3233//6080
f 3232//6081 2981//6081 3233//6081
f 3233//6082 3118//6082 3119//6082
f 3234//6083 3233//6083 3119//6083
f 2980//6084 3232//6084 3235//6084
f 3232//6085 2980//6085 2981//6085
f 2981//6086 2980//6086 2409//6086
f 2980//6087 3235//6087 2535//6087
f 2542//6088 2535//6088 3235//6088
f 3235//6089 3237//6089 2542//6089
f 3237//6090 3248//6090 2542//6090
f 2542//6091 3248//6091 3236//6091
f 3248//6092 2551//6092 3236//6092
f 3236//6093 2551//6093 2543//6093
f 3235//6094 3232//6094 3233//6094
f 3235//6095 3233//6095 3237//6095
f 3237//6096 3233//6096 3239//6096
f 3237//6097 3239//6097 3238//6097
f 3238//6098 3239//6098 3240//6098
f 3243//6099 3241//6099 3239//6099
f 3242//6100 3241//6100 3243//6100
f 3242//6101 3243//6101 3234//6101
f 3233//6102 3234//6102 3243//6102
f 3243//6103 3239//6103 3233//6103
f 3071//6104 3064//6104 3244//6104
f 3064//6105 3067//6105 3244//6105
f 3244//6106 3067//6106 3072//6106
f 3071//6107 3244//6107 3072//6107
f 3154//6108 3024//6108 2991//6108
f 3246//6109 3230//6109 3120//6109
f 3234//6110 3230//6110 3242//6110
f 3239//6111 3241//6111 3240//6111
f 3241//6112 3242//6112 3240//6112
f 3247//6113 3238//6113 3240//6113
f 2551//6114 3248//6114 2550//6114
f 3248//6115 3237//6115 3238//6115
f 3248//6116 3238//6116 3247//6116
f 3242//6117 3247//6117 3240//6117
f 3247//6118 3242//6118 3313//6118
f 3247//6119 3314//6119 3248//6119
f 3248//6120 3314//6120 3312//6120
f 2550//6121 3248//6121 3249//6121
f 3249//6122 3252//6122 2550//6122
f 2550//6123 3252//6123 3250//6123
f 3251//6124 3250//6124 3252//6124
f 3253//6125 3252//6125 3249//6125
f 3249//6126 3248//6126 3312//6126
f 3256//6127 3254//6127 3255//6127
f 3067//6128 3256//6128 3255//6128
f 3052//6129 3257//6129 3258//6129
f 2957//6130 2970//6130 2972//6130
f 2966//6131 2970//6131 2955//6131
f 2955//6132 2957//6132 2956//6132
f 2970//6133 2957//6133 2955//6133
f 3259//6134 2807//6134 3260//6134
f 2804//6135 2801//6135 3262//6135
f 2805//6136 3262//6136 2801//6136
f 3263//6137 2804//6137 3262//6137
f 3263//6138 3261//6138 2804//6138
f 2984//6139 3259//6139 3264//6139
f 3265//6140 3266//6140 2987//6140
f 3266//6141 3265//6141 3267//6141
f 3268//6142 3267//6142 3264//6142
f 3267//6143 3265//6143 3264//6143
f 3266//6144 3269//6144 3174//6144
f 3267//6145 3268//6145 3266//6145
f 3268//6146 3264//6146 3270//6146
f 3270//6147 3264//6147 3259//6147
f 3270//6148 3259//6148 3260//6148
f 3270//6149 3260//6149 3261//6149
f 3272//6150 3261//6150 3263//6150
f 3263//6151 3271//6151 3272//6151
f 3273//6152 3272//6152 3271//6152
f 3268//6153 3270//6153 3273//6153
f 3274//6154 3268//6154 3273//6154
f 3268//6155 3274//6155 3275//6155
f 3266//6156 3268//6156 3275//6156
f 3274//6157 3273//6157 3271//6157
f 3276//6158 3271//6158 3263//6158
f 3278//6159 3277//6159 3276//6159
f 3280//6160 3279//6160 3277//6160
f 3276//6161 3274//6161 3271//6161
f 3275//6162 3281//6162 3266//6162
f 3281//6163 3275//6163 3282//6163
f 3274//6164 3276//6164 3279//6164
f 3274//6165 3279//6165 3275//6165
f 3269//6166 3266//6166 3281//6166
f 3269//6167 3281//6167 3283//6167
f 3279//6168 3276//6168 3277//6168
f 3289//6169 3276//6169 3263//6169
f 3263//6170 3284//6170 3289//6170
f 3276//6171 3289//6171 3286//6171
f 3276//6172 3286//6172 3278//6172
f 3278//6173 3286//6173 3285//6173
f 3287//6174 3286//6174 3288//6174
f 3287//6175 3285//6175 3286//6175
f 3286//6176 3289//6176 3288//6176
f 3290//6177 3288//6177 3289//6177
f 3284//6178 3290//6178 3289//6178
f 3435//6179 3287//6179 3288//6179
f 3288//6180 3407//6180 3435//6180
f 3407//6181 3288//6181 3290//6181
f 2805//6182 3335//6182 3290//6182
f 3290//6183 3335//6183 3407//6183
f 3335//6184 2805//6184 3291//6184
f 3228//6185 3292//6185 3408//6185
f 3228//6186 3408//6186 3293//6186
f 3228//6187 3293//6187 2752//6187
f 3228//6188 2750//6188 3229//6188
f 3228//6189 3229//6189 3294//6189
f 2749//6190 2751//6190 2748//6190
f 3302//6191 3296//6191 2745//6191
f 2749//6192 3297//6192 2751//6192
f 2751//6193 3297//6193 3294//6193
f 3295//6194 3297//6194 2749//6194
f 3295//6195 3299//6195 3297//6195
f 3299//6196 3298//6196 3297//6196
f 3297//6197 3298//6197 3336//6197
f 3299//6198 3300//6198 3298//6198
f 3298//6199 3300//6199 3446//6199
f 3300//6200 3301//6200 3446//6200
f 3299//6201 3295//6201 2745//6201
f 3299//6202 2745//6202 3300//6202
f 2745//6203 3296//6203 3305//6203
f 3303//6204 3304//6204 3296//6204
f 3303//6205 3306//6205 3304//6205
f 3306//6206 3307//6206 3308//6206
f 3303//6207 3296//6207 3302//6207
f 3303//6208 3302//6208 3309//6208
f 3309//6209 2747//6209 3303//6209
f 3121//6210 3049//6210 3122//6210
f 3314//6211 3121//6211 3122//6211
f 3314//6212 3122//6212 3311//6212
f 3311//6213 3122//6213 3075//6213
f 3074//6214 3312//6214 3311//6214
f 3074//6215 3311//6215 3075//6215
f 3074//6216 3310//6216 3312//6216
f 3121//6217 3314//6217 3246//6217
f 3313//6218 3230//6218 3246//6218
f 3313//6219 3246//6219 3314//6219
f 3314//6220 3311//6220 3312//6220
f 3230//6221 3313//6221 3242//6221
f 3313//6222 3314//6222 3247//6222
f 3092//6223 2189//6223 3078//6223
f 3089//6224 3092//6224 3079//6224
f 3079//6225 3092//6225 3078//6225
f 2916//6226 2921//6226 3315//6226
f 3315//6227 2921//6227 2920//6227
f 2915//6228 3315//6228 2918//6228
f 2915//6229 2918//6229 2912//6229
f 2919//6230 3315//6230 2920//6230
f 3316//6231 2714//6231 3160//6231
f 3316//6232 3157//6232 2713//6232
f 2713//6233 3157//6233 2999//6233
f 3160//6234 3217//6234 3316//6234
f 3068//6235 2543//6235 2550//6235
f 2543//6236 3068//6236 2549//6236
f 3250//6237 3068//6237 2550//6237
f 3068//6238 3250//6238 3251//6238
f 3068//6239 3251//6239 3317//6239
f 3317//6240 3318//6240 3256//6240
f 3318//6241 3317//6241 3251//6241
f 3256//6242 3067//6242 3317//6242
f 3318//6243 3251//6243 3252//6243
f 3253//6244 3254//6244 3256//6244
f 3318//6245 3252//6245 3253//6245
f 3318//6246 3253//6246 3256//6246
f 3253//6247 3249//6247 3254//6247
f 3135//6248 3136//6248 3146//6248
f 3149//6249 3136//6249 3154//6249
f 3154//6250 3136//6250 3024//6250
f 3136//6251 3149//6251 3146//6251
f 3320//6252 3130//6252 2972//6252
f 3257//6253 3130//6253 3258//6253
f 3320//6254 3258//6254 3130//6254
f 2970//6255 3320//6255 2972//6255
f 3319//6256 2965//6256 3258//6256
f 3052//6257 3258//6257 2965//6257
f 3258//6258 2969//6258 3319//6258
f 2969//6259 3258//6259 3320//6259
f 3319//6260 2968//6260 2965//6260
f 2968//6261 3319//6261 2969//6261
f 2968//6262 2969//6262 2967//6262
f 2993//6263 2992//6263 2706//6263
f 3321//6264 2993//6264 3197//6264
f 3154//6265 2993//6265 3321//6265
f 3321//6266 3197//6266 3151//6266
f 3321//6267 3150//6267 3154//6267
f 3155//6268 2999//6268 3157//6268
f 3316//6269 3156//6269 3157//6269
f 3156//6270 3316//6270 3217//6270
f 3155//6271 3156//6271 3158//6271
f 2869//6272 3165//6272 3164//6272
f 3322//6273 3165//6273 2869//6273
f 3322//6274 3166//6274 3323//6274
f 3166//6275 2865//6275 2905//6275
f 2905//6276 3167//6276 3166//6276
f 2873//6277 3167//6277 2906//6277
f 3167//6278 2873//6278 3168//6278
f 3169//6279 3324//6279 3167//6279
f 3168//6280 3169//6280 3167//6280
f 3170//6281 3324//6281 3169//6281
f 3167//6282 3324//6282 3166//6282
f 3334//6283 3323//6283 3166//6283
f 3334//6284 3166//6284 3325//6284
f 3326//6285 3327//6285 3325//6285
f 3326//6286 3325//6286 3166//6286
f 3163//6287 3325//6287 3396//6287
f 3396//6288 3325//6288 3327//6288
f 3396//6289 3328//6289 3163//6289
f 3329//6290 3396//6290 3327//6290
f 3324//6291 3326//6291 3166//6291
f 3330//6292 3324//6292 3170//6292
f 3324//6293 3330//6293 3332//6293
f 3332//6294 3331//6294 3324//6294
f 3324//6295 3331//6295 3326//6295
f 3326//6296 3331//6296 3327//6296
f 3331//6297 3329//6297 3327//6297
f 3331//6298 3333//6298 3329//6298
f 3331//6299 3332//6299 3333//6299
f 3325//6300 3163//6300 3334//6300
f 3163//6301 3032//6301 3334//6301
f 3323//6302 3334//6302 3322//6302
f 3322//6303 3334//6303 3165//6303
f 3291//6304 3293//6304 3335//6304
f 3409//6305 3292//6305 3336//6305
f 3294//6306 3292//6306 3228//6306
f 3294//6307 3297//6307 3336//6307
f 3292//6308 3294//6308 3336//6308
f 3336//6309 3298//6309 3410//6309
f 3463//6310 3301//6310 3300//6310
f 3305//6311 3338//6311 2745//6311
f 3305//6312 3296//6312 3341//6312
f 3341//6313 3296//6313 3304//6313
f 3341//6314 3304//6314 3306//6314
f 3306//6315 3337//6315 3341//6315
f 3338//6316 3305//6316 3341//6316
f 3340//6317 3339//6317 3338//6317
f 3337//6318 3306//6318 3308//6318
f 3308//6319 3342//6319 3337//6319
f 3307//6320 3348//6320 3308//6320
f 3342//6321 3308//6321 3348//6321
f 3341//6322 3337//6322 3340//6322
f 3341//6323 3340//6323 3338//6323
f 3343//6324 3338//6324 3339//6324
f 2745//6325 3338//6325 3447//6325
f 3339//6326 3340//6326 3343//6326
f 3344//6327 3342//6327 3347//6327
f 3346//6328 3344//6328 3347//6328
f 3347//6329 3342//6329 3348//6329
f 3351//6330 3347//6330 3350//6330
f 3106//6331 3115//6331 3108//6331
f 3115//6332 3349//6332 3108//6332
f 3110//6333 3107//6333 3108//6333
f 3348//6334 3110//6334 3108//6334
f 3307//6335 3110//6335 3348//6335
f 3348//6336 3108//6336 3349//6336
f 3348//6337 3350//6337 3347//6337
f 3346//6338 3347//6338 3352//6338
f 3352//6339 3347//6339 3351//6339
f 3349//6340 3352//6340 3351//6340
f 3344//6341 3346//6341 3356//6341
f 3344//6342 3356//6342 3355//6342
f 3344//6343 3355//6343 3345//6343
f 3355//6344 3353//6344 3345//6344
f 3353//6345 3355//6345 3354//6345
f 3354//6346 3355//6346 3356//6346
f 3356//6347 3481//6347 3354//6347
f 3354//6348 3481//6348 3114//6348
f 3114//6349 3113//6349 3479//6349
f 3354//6350 3114//6350 3479//6350
f 3478//6351 3113//6351 3111//6351
f 3353//6352 3357//6352 3345//6352
f 3345//6353 3357//6353 3358//6353
f 3345//6354 3358//6354 3361//6354
f 3359//6355 3345//6355 3361//6355
f 3358//6356 3372//6356 3361//6356
f 3359//6357 3361//6357 3363//6357
f 3358//6358 3362//6358 3372//6358
f 3365//6359 3359//6359 3363//6359
f 3363//6360 3366//6360 3365//6360
f 3367//6361 3365//6361 3366//6361
f 3365//6362 3367//6362 3368//6362
f 3365//6363 3368//6363 3360//6363
f 3360//6364 3359//6364 3365//6364
f 3371//6365 3366//6365 3363//6365
f 3369//6366 3363//6366 3245//6366
f 3370//6367 3363//6367 3364//6367
f 3370//6368 3388//6368 3363//6368
f 3363//6369 3388//6369 3245//6369
f 3369//6370 3371//6370 3363//6370
f 3366//6371 3371//6371 3367//6371
f 3364//6372 3363//6372 3361//6372
f 3358//6373 3374//6373 3362//6373
f 3372//6374 3362//6374 3373//6374
f 3454//6375 3364//6375 3361//6375
f 3361//6376 3373//6376 3454//6376
f 3454//6377 3373//6377 3375//6377
f 3373//6378 3361//6378 3372//6378
f 3375//6379 3373//6379 3376//6379
f 3376//6380 3373//6380 3362//6380
f 3376//6381 3362//6381 3480//6381
f 3376//6382 3377//6382 3378//6382
f 3376//6383 3378//6383 3375//6383
f 3377//6384 3376//6384 3480//6384
f 3378//6385 3377//6385 3099//6385
f 3381//6386 3375//6386 3378//6386
f 3378//6387 3379//6387 3381//6387
f 3378//6388 3099//6388 3380//6388
f 3379//6389 3378//6389 3380//6389
f 3058//6390 3380//6390 3099//6390
f 3453//6391 3379//6391 3380//6391
f 3058//6392 3063//6392 3380//6392
f 3062//6393 3063//6393 3061//6393
f 3062//6394 3382//6394 3063//6394
f 3382//6395 3062//6395 3383//6395
f 3382//6396 3383//6396 3384//6396
f 3385//6397 3382//6397 3384//6397
f 3386//6398 3384//6398 3383//6398
f 3382//6399 3385//6399 3063//6399
f 3380//6400 3063//6400 3453//6400
f 3387//6401 3245//6401 3388//6401
f 3245//6402 3387//6402 3390//6402
f 3387//6403 3388//6403 3389//6403
f 3387//6404 3389//6404 3386//6404
f 3390//6405 3387//6405 3386//6405
f 3217//6406 3159//6406 3156//6406
f 3312//6407 3310//6407 3249//6407
f 3391//6408 3030//6408 3163//6408
f 3392//6409 3030//6409 3391//6409
f 3393//6410 3392//6410 3391//6410
f 3393//6411 3391//6411 3163//6411
f 3163//6412 3328//6412 3393//6412
f 3393//6413 3328//6413 3394//6413
f 3396//6414 3394//6414 3328//6414
f 3399//6415 3029//6415 3392//6415
f 3392//6416 3393//6416 3394//6416
f 3397//6417 3396//6417 3329//6417
f 3396//6418 3397//6418 3394//6418
f 3392//6419 3394//6419 3397//6419
f 3397//6420 3329//6420 3398//6420
f 3029//6421 3399//6421 3162//6421
f 3162//6422 3399//6422 3028//6422
f 3028//6423 3399//6423 3026//6423
f 3418//6424 3161//6424 3027//6424
f 3400//6425 3027//6425 3026//6425
f 3026//6426 3399//6426 3401//6426
f 3026//6427 3401//6427 3400//6427
f 3392//6428 3402//6428 3399//6428
f 3402//6429 3401//6429 3399//6429
f 3392//6430 3397//6430 3402//6430
f 3402//6431 3400//6431 3401//6431
f 3027//6432 3400//6432 3403//6432
f 3418//6433 3027//6433 3403//6433
f 3404//6434 3403//6434 3400//6434
f 3404//6435 3400//6435 3402//6435
f 3419//6436 3402//6436 3397//6436
f 3398//6437 3329//6437 3395//6437
f 3427//6438 3395//6438 3329//6438
f 3330//6439 3333//6439 3332//6439
f 3405//6440 3333//6440 3330//6440
f 3333//6441 3405//6441 3329//6441
f 3405//6442 3427//6442 3329//6442
f 3330//6443 3170//6443 3176//6443
f 3330//6444 3176//6444 3174//6444
f 3330//6445 3174//6445 3269//6445
f 3428//6446 3330//6446 3269//6446
f 3175//6447 3176//6447 3173//6447
f 3173//6448 2918//6448 3175//6448
f 3175//6449 2918//6449 3406//6449
f 3335//6450 3293//6450 3407//6450
f 3407//6451 3293//6451 3408//6451
f 3409//6452 3408//6452 3292//6452
f 3410//6453 3409//6453 3336//6453
f 3410//6454 3411//6454 3409//6454
f 3411//6455 3410//6455 3446//6455
f 3411//6456 3446//6456 3437//6456
f 3409//6457 3439//6457 3434//6457
f 3409//6458 3434//6458 3408//6458
f 3408//6459 3412//6459 3435//6459
f 3407//6460 3408//6460 3435//6460
f 3195//6461 3151//6461 3197//6461
f 3195//6462 3152//6462 3151//6462
f 3147//6463 3151//6463 3152//6463
f 3144//6464 3147//6464 3152//6464
f 3262//6465 2805//6465 3263//6465
f 3263//6466 2805//6466 3290//6466
f 3284//6467 3263//6467 3290//6467
f 3272//6468 3270//6468 3261//6468
f 3270//6469 3272//6469 3273//6469
f 3014//6470 3006//6470 2643//6470
f 3006//6471 3014//6471 3016//6471
f 2629//6472 3005//6472 3004//6472
f 3413//6473 3003//6473 3006//6473
f 3006//6474 3016//6474 3413//6474
f 3182//6475 3003//6475 3413//6475
f 3414//6476 3413//6476 3415//6476
f 3415//6477 3413//6477 3141//6477
f 3141//6478 3413//6478 3016//6478
f 3141//6479 3140//6479 3415//6479
f 3140//6480 3142//6480 3415//6480
f 3142//6481 3414//6481 3415//6481
f 3142//6482 3190//6482 3414//6482
f 3413//6483 3414//6483 3182//6483
f 3182//6484 3414//6484 3181//6484
f 3416//6485 3181//6485 3414//6485
f 3161//6486 3418//6486 3417//6486
f 3449//6487 3417//6487 3418//6487
f 3421//6488 3418//6488 3403//6488
f 3419//6489 3403//6489 3404//6489
f 3404//6490 3402//6490 3419//6490
f 3419//6491 3397//6491 3420//6491
f 3420//6492 3397//6492 3398//6492
f 3422//6493 3421//6493 3419//6493
f 3403//6494 3419//6494 3421//6494
f 3422//6495 3419//6495 3420//6495
f 3422//6496 3423//6496 3421//6496
f 3423//6497 3422//6497 3420//6497
f 3424//6498 3423//6498 3420//6498
f 3425//6499 3423//6499 3424//6499
f 3424//6500 3420//6500 3426//6500
f 3426//6501 3420//6501 3398//6501
f 3398//6502 3395//6502 3426//6502
f 3330//6503 3428//6503 3405//6503
f 3405//6504 3430//6504 3427//6504
f 3427//6505 3430//6505 3456//6505
f 3405//6506 3428//6506 3430//6506
f 3429//6507 3269//6507 3283//6507
f 3429//6508 3428//6508 3269//6508
f 3430//6509 3428//6509 3429//6509
f 3429//6510 3282//6510 3430//6510
f 3283//6511 3281//6511 3282//6511
f 3275//6512 3279//6512 3282//6512
f 3282//6513 3279//6513 3280//6513
f 3280//6514 3431//6514 3282//6514
f 3430//6515 3282//6515 3431//6515
f 3278//6516 3433//6516 3277//6516
f 3277//6517 3433//6517 3280//6517
f 3432//6518 3431//6518 3280//6518
f 3280//6519 3433//6519 3432//6519
f 3460//6520 3433//6520 3278//6520
f 3460//6521 3278//6521 3285//6521
f 3435//6522 3412//6522 3436//6522
f 3408//6523 3434//6523 3412//6523
f 3409//6524 3411//6524 3438//6524
f 3409//6525 3438//6525 3439//6525
f 3411//6526 3437//6526 3438//6526
f 3434//6527 3439//6527 3444//6527
f 3436//6528 3412//6528 3434//6528
f 3436//6529 3287//6529 3435//6529
f 3434//6530 3440//6530 3436//6530
f 3441//6531 3436//6531 3440//6531
f 3442//6532 3287//6532 3441//6532
f 3441//6533 3287//6533 3436//6533
f 3285//6534 3287//6534 3442//6534
f 3442//6535 3443//6535 3285//6535
f 3442//6536 3441//6536 3475//6536
f 3475//6537 3441//6537 3477//6537
f 3434//6538 3444//6538 3440//6538
f 3446//6539 3410//6539 3298//6539
f 3447//6540 3300//6540 2745//6540
f 3463//6541 3300//6541 3447//6541
f 3219//6542 3220//6542 3211//6542
f 3220//6543 3212//6543 3211//6543
f 3449//6544 3464//6544 3448//6544
f 3417//6545 3449//6545 3448//6545
f 3063//6546 3385//6546 3453//6546
f 3385//6547 3384//6547 3450//6547
f 3450//6548 3384//6548 3386//6548
f 3450//6549 3386//6549 3389//6549
f 3451//6550 3452//6550 3389//6550
f 3452//6551 3450//6551 3389//6551
f 3388//6552 3451//6552 3389//6552
f 3451//6553 3388//6553 3370//6553
f 3451//6554 3370//6554 3454//6554
f 3364//6555 3454//6555 3370//6555
f 3379//6556 3452//6556 3381//6556
f 3379//6557 3453//6557 3452//6557
f 3381//6558 3452//6558 3451//6558
f 3381//6559 3451//6559 3454//6559
f 3375//6560 3381//6560 3454//6560
f 3209//6561 3223//6561 3455//6561
f 3223//6562 3222//6562 3455//6562
f 3455//6563 3222//6563 3199//6563
f 3455//6564 3199//6564 3186//6564
f 3395//6565 3427//6565 3426//6565
f 3430//6566 3431//6566 3456//6566
f 3431//6567 3458//6567 3456//6567
f 3456//6568 3458//6568 3457//6568
f 3431//6569 3432//6569 3458//6569
f 3459//6570 3427//6570 3457//6570
f 3457//6571 3427//6571 3456//6571
f 3458//6572 3460//6572 3457//6572
f 3457//6573 3426//6573 3459//6573
f 3427//6574 3459//6574 3426//6574
f 3206//6575 3202//6575 3203//6575
f 3453//6576 3385//6576 3450//6576
f 3450//6577 3452//6577 3453//6577
f 3283//6578 3282//6578 3429//6578
f 3432//6579 3461//6579 3458//6579
f 3461//6580 3460//6580 3458//6580
f 3461//6581 3432//6581 3433//6581
f 3285//6582 3443//6582 3460//6582
f 3462//6583 3443//6583 3442//6583
f 3462//6584 3442//6584 3475//6584
f 3441//6585 3440//6585 3445//6585
f 3301//6586 3437//6586 3446//6586
f 3301//6587 3463//6587 3437//6587
f 3466//6588 3464//6588 3449//6588
f 3418//6589 3466//6589 3449//6589
f 3418//6590 3421//6590 3466//6590
f 3423//6591 3425//6591 3421//6591
f 3424//6592 3471//6592 3425//6592
f 3424//6593 3426//6593 3457//6593
f 3457//6594 3472//6594 3424//6594
f 3457//6595 3473//6595 3472//6595
f 3421//6596 3425//6596 3466//6596
f 3467//6597 3466//6597 3425//6597
f 3465//6598 3464//6598 3466//6598
f 3466//6599 3467//6599 3465//6599
f 3468//6600 3467//6600 3425//6600
f 3467//6601 3468//6601 3470//6601
f 3467//6602 3470//6602 3469//6602
f 3471//6603 3472//6603 3468//6603
f 3468//6604 3472//6604 3470//6604
f 3471//6605 3424//6605 3472//6605
f 3470//6606 3472//6606 3473//6606
f 3473//6607 3457//6607 3460//6607
f 3460//6608 3461//6608 3433//6608
f 3462//6609 3460//6609 3443//6609
f 3462//6610 3474//6610 3460//6610
f 3460//6611 3474//6611 3473//6611
f 3475//6612 3474//6612 3462//6612
f 3475//6613 3476//6613 3474//6613
f 3473//6614 3474//6614 3476//6614
f 3473//6615 3476//6615 3470//6615
f 3476//6616 3475//6616 3469//6616
f 3477//6617 3441//6617 3445//6617
f 3476//6618 3469//6618 3470//6618
f 3191//6619 3206//6619 3203//6619
f 3478//6620 3103//6620 3116//6620
f 3116//6621 3479//6621 3478//6621
f 3479//6622 3116//6622 3480//6622
f 3377//6623 3480//6623 3116//6623
f 3362//6624 3374//6624 3479//6624
f 3479//6625 3480//6625 3362//6625
f 3358//6626 3357//6626 3374//6626
f 3479//6627 3113//6627 3478//6627
f 3354//6628 3479//6628 3374//6628
f 3374//6629 3357//6629 3353//6629
f 3353//6630 3354//6630 3374//6630
f 3112//6631 3106//6631 3105//6631
f 3112//6632 3115//6632 3106//6632
f 3115//6633 3352//6633 3349//6633
f 3349//6634 3351//6634 3350//6634
f 3349//6635 3350//6635 3348//6635
f 3115//6636 3114//6636 3481//6636
f 3352//6637 3115//6637 3481//6637
f 3346//6638 3352//6638 3481//6638
f 3346//6639 3481//6639 3356//6639
f 3468//6640 3425//6640 3471//6640
