# Blender 5.2.1 LTS
# www.blender.org
mtllib necro_arm_l.mtl
o Necro_LeftArm
v -0.129418 0.070704 -0.157140
v -0.144046 0.069741 -0.138916
v -0.134085 0.065486 -0.144877
v -0.132369 0.069246 -0.133080
v -0.129734 0.065222 -0.153794
v -0.138370 0.050252 -0.163104
v -0.142358 0.049460 -0.158998
v -0.141437 0.062213 -0.148942
v -0.138021 0.054465 0.004755
v -0.142197 0.065717 -0.006791
v -0.126188 0.071889 -0.017129
v -0.133523 0.067551 -0.004653
v -0.138728 -0.010946 -0.125438
v -0.131606 0.008594 -0.129030
v -0.144342 -0.026748 -0.110832
v -0.133656 -0.027713 -0.115474
v -0.110765 -0.017966 -0.122428
v -0.126139 0.033658 -0.011527
v -0.142324 0.008640 -0.010680
v -0.137688 -0.025766 -0.020758
v -0.138150 -0.046987 -0.038363
v -0.131150 -0.063645 -0.068768
v -0.130446 -0.059531 -0.047853
v -0.123317 -0.075948 -0.036948
v -0.119206 -0.062982 -0.021858
v -0.132019 -0.039044 -0.022581
v -0.117137 -0.032628 -0.011770
v -0.141242 -0.007984 -0.009476
v -0.122604 -0.047440 -0.022797
v -0.113089 -0.049432 -0.010115
v -0.147932 0.097082 0.000168
v -0.131764 0.070777 0.003875
v -0.139318 0.102631 -0.010575
v -0.124188 0.081193 -0.011430
v -0.129548 0.099929 -0.020262
v -0.118108 0.088763 -0.024594
v -0.149603 0.162069 -0.178762
v -0.135451 0.102335 -0.155957
v -0.143655 0.101196 -0.152078
v -0.138931 0.150899 0.032097
v -0.135177 0.120503 0.006765
v -0.147280 0.132371 0.013260
v -0.134932 0.131667 0.002967
v -0.126005 0.135064 0.014046
v -0.141608 0.157124 0.030688
v -0.119900 0.096825 -0.032344
v -0.133447 0.059073 0.015560
v -0.134448 0.053029 0.011427
v -0.098542 0.021271 -0.119517
v -0.095529 -0.000614 -0.129672
v -0.082919 0.000901 -0.128288
v -0.141061 -0.043310 -0.102087
v -0.121913 -0.042792 -0.118901
v -0.086633 0.018971 -0.114275
v -0.109283 -0.036668 -0.128393
v -0.109930 -0.047834 -0.126173
v -0.130719 -0.060508 -0.087618
v -0.114698 -0.059699 -0.116163
v -0.091006 -0.023808 -0.129876
v -0.074483 -0.023356 -0.118795
v -0.080197 -0.006530 -0.128666
v -0.087300 -0.044362 -0.117022
v -0.120674 -0.067538 -0.101264
v -0.124364 -0.082350 -0.049507
v -0.103497 -0.072351 -0.017342
v -0.109452 -0.074205 -0.004320
v -0.096522 -0.061543 -0.009877
v -0.091672 -0.053481 -0.005339
v -0.116826 -0.090411 -0.020984
v -0.108022 -0.083426 -0.027141
v -0.130507 0.168858 0.017605
v -0.125691 0.156428 0.025119
v -0.120768 0.150776 0.023121
v -0.115783 0.159957 0.015483
v -0.123574 0.132311 -0.006734
v -0.118695 0.129272 -0.012059
v -0.125377 0.073889 -0.010305
v -0.134010 0.169072 -0.165910
v -0.129017 0.165447 -0.174262
v -0.119252 0.164202 -0.166767
v -0.117093 0.158982 -0.173364
v -0.112821 0.098245 -0.018334
v -0.134509 0.154805 -0.186057
v -0.123214 0.067687 -0.148108
v -0.124217 0.095116 -0.139654
v -0.132667 0.097693 -0.145358
v -0.113268 0.095878 -0.143044
v -0.117050 0.009586 -0.010351
v -0.128706 -0.005735 -0.002834
v -0.103043 -0.030524 -0.002954
v -0.109465 -0.095253 -0.055641
v -0.120894 -0.077306 -0.088315
v -0.101848 -0.066432 -0.108509
v -0.108689 -0.080155 -0.094136
v -0.075900 -0.073227 -0.121473
v -0.088557 -0.082788 -0.110234
v -0.115135 -0.087921 -0.072593
v -0.106295 -0.097535 -0.065910
v -0.115464 -0.103079 -0.058027
v -0.104510 -0.121769 -0.076037
v -0.101179 -0.097710 -0.078382
v -0.106909 -0.104186 -0.079470
v -0.088956 -0.126863 -0.078838
v -0.118596 -0.100077 -0.042331
v -0.113636 -0.118110 -0.042283
v -0.115282 -0.109852 -0.020576
v -0.095410 -0.052355 0.006685
v -0.110823 -0.098501 -0.002724
v -0.099491 -0.120656 -0.028135
v -0.099014 -0.106928 -0.006068
v -0.110065 -0.091294 -0.041757
v -0.116985 -0.021630 -0.009776
v -0.111633 0.000426 -0.000847
v -0.089968 -0.000631 -0.003736
v -0.098494 -0.011672 -0.003087
v -0.088082 -0.028953 -0.003036
v -0.086132 0.009282 -0.009882
v -0.081152 -0.017393 -0.007532
v -0.071015 -0.018522 -0.002336
v -0.077751 -0.034189 -0.000660
v -0.070771 -0.025259 0.005874
v -0.086768 -0.045860 -0.003416
v -0.080872 -0.039282 0.013895
v -0.059798 -0.030851 0.018873
v -0.038434 -0.039574 0.014063
v -0.073533 -0.045437 0.021846
v -0.084489 -0.056395 0.020861
v -0.094760 -0.070337 0.017603
v -0.050566 -0.078612 0.020200
v -0.033497 -0.064655 0.019102
v -0.045730 -0.078961 0.023512
v -0.025357 -0.064994 0.021872
v -0.020417 -0.095949 0.028699
v -0.006217 -0.084391 0.026836
v -0.011005 -0.094190 0.025453
v -0.005480 -0.095944 0.028622
v -0.067804 -0.096054 0.013867
v -0.061168 -0.101588 0.018401
v -0.029293 -0.107656 0.026934
v -0.053242 -0.103599 0.019053
v -0.076606 -0.109895 0.004213
v -0.070831 -0.115496 0.008524
v -0.051326 -0.127890 0.010426
v -0.082950 -0.130398 -0.021063
v -0.098481 -0.125333 -0.049357
v -0.072733 -0.141703 -0.055552
v -0.059337 -0.142790 -0.073091
v -0.087584 -0.118477 -0.099109
v -0.067809 -0.113595 -0.114532
v -0.095068 -0.102156 -0.096925
v -0.044608 -0.134829 -0.092192
v -0.079387 -0.097241 -0.110984
v -0.065131 -0.090520 -0.120852
v -0.061815 -0.081041 -0.118102
v -0.047563 -0.065595 -0.122695
v -0.039464 -0.088136 -0.127289
v -0.048633 -0.073028 -0.126577
v -0.026028 -0.045427 -0.119353
v -0.015707 -0.059796 -0.123989
v -0.042400 -0.029934 -0.119111
v -0.058414 -0.041095 -0.124709
v -0.032320 -0.046469 -0.115840
v -0.068135 -0.026515 -0.117093
v -0.057113 -0.006007 -0.106799
v -0.098165 0.027390 -0.018518
v -0.101124 0.012571 -0.015385
v -0.090093 0.017839 -0.022131
v -0.075922 0.036356 -0.049255
v -0.081276 -0.121490 -0.007166
v -0.079236 -0.135551 -0.021233
v -0.075918 -0.125369 -0.001588
v -0.061715 -0.137856 -0.003189
v -0.056259 -0.139131 0.001494
v -0.051308 -0.140203 -0.002956
v -0.058038 -0.147800 -0.012678
v -0.052825 -0.148424 -0.017148
v -0.045981 -0.128094 0.011316
v -0.036157 -0.136123 0.020083
v -0.039015 -0.116150 0.021946
v -0.024459 -0.118432 0.031257
v 0.009274 -0.099249 0.026745
v 0.002511 -0.085729 0.020556
v 0.015119 -0.087166 0.021268
v -0.000885 -0.116165 0.034881
v -0.005553 -0.137348 0.030757
v 0.001910 -0.131971 0.034245
v -0.004100 -0.144687 0.024624
v 0.003199 -0.136291 0.029500
v 0.004403 -0.139605 0.035465
v -0.014475 -0.148574 0.021774
v -0.038214 -0.156195 -0.002722
v -0.048016 -0.155453 -0.034047
v -0.078818 -0.138582 -0.038874
v -0.055950 -0.154855 -0.028532
v -0.047688 -0.158221 -0.045819
v -0.098499 -0.089370 -0.096673
v -0.093058 -0.096133 -0.089797
v -0.082360 -0.092526 -0.100224
v -0.073073 -0.088015 -0.109043
v -0.102510 -0.081654 0.011834
v -0.082872 0.023728 -0.029735
v -0.072518 0.044049 -0.073224
v -0.076061 0.037410 -0.102373
v -0.067747 0.037586 -0.086636
v -0.056277 0.020893 -0.057370
v -0.070703 0.019698 -0.032474
v -0.058745 0.011733 -0.042438
v -0.036506 0.010507 -0.054700
v -0.046737 -0.002510 -0.028058
v -0.025897 -0.006565 -0.046076
v -0.065671 0.002698 -0.029836
v -0.072111 -0.006078 -0.019246
v -0.078717 0.009200 -0.014874
v -0.057330 -0.010185 -0.011657
v -0.040565 -0.011577 -0.024946
v -0.048161 -0.013928 -0.016312
v -0.058126 -0.017740 -0.005813
v -0.067863 -0.024447 -0.000656
v -0.064597 0.022139 -0.094519
v -0.058286 0.023681 -0.080903
v -0.020813 -0.006524 -0.055193
v -0.032884 -0.008830 -0.035220
v -0.020568 0.001271 -0.038802
v -0.033963 -0.004942 -0.021306
v -0.025337 -0.006610 -0.012163
v -0.050068 -0.013868 -0.004999
v -0.007868 -0.000108 -0.028870
v -0.007020 -0.004312 -0.023829
v -0.043529 -0.019854 0.009705
v -0.021349 -0.054250 0.012697
v -0.013384 -0.057027 0.018230
v 0.001534 -0.071842 0.021170
v -0.014681 -0.049088 0.007975
v -0.004724 -0.065527 0.019530
v -0.014051 -0.042814 0.003640
v -0.023962 -0.010430 -0.007738
v -0.012278 -0.037285 0.029041
v -0.008516 -0.030266 0.027413
v -0.008576 -0.062040 0.028526
v 0.004606 -0.078967 0.033903
v -0.017268 -0.048538 0.016274
v -0.045160 0.006911 -0.091065
v -0.024880 0.001264 -0.072964
v -0.038629 -0.158864 -0.052462
v -0.014951 -0.174866 -0.007691
v -0.004306 -0.150273 0.029357
v 0.011049 -0.163537 0.031398
v 0.022165 -0.147441 0.038919
v -0.009525 -0.155599 0.015806
v 0.025134 -0.164447 0.037794
v 0.015623 -0.166750 0.034741
v 0.022067 -0.129585 0.036997
v 0.013540 -0.129081 0.031752
v 0.017676 -0.122097 0.034266
v 0.026298 -0.105498 0.030362
v 0.024318 -0.126621 0.032417
v 0.041002 -0.147408 0.042645
v 0.033403 -0.157348 0.041180
v 0.028561 -0.154944 0.042935
v 0.043295 -0.151438 0.040509
v 0.040718 -0.156535 0.045702
v 0.040842 -0.173151 0.052129
v 0.032504 -0.161532 0.046365
v 0.022002 -0.170193 0.041422
v 0.018125 -0.174458 0.028971
v 0.008904 -0.178140 0.022232
v -0.009575 -0.164581 0.016828
v 0.013679 -0.184199 0.016050
v 0.007378 -0.187437 0.010534
v -0.010596 -0.165054 0.009283
v -0.018185 -0.161004 0.010219
v -0.021124 -0.162315 0.002673
v -0.024253 -0.172087 -0.039766
v -0.025794 -0.156435 -0.065877
v -0.036995 -0.157009 -0.062080
v -0.044094 -0.139993 -0.088729
v -0.026620 -0.123453 -0.101960
v -0.029575 -0.133105 -0.098948
v -0.056626 -0.106981 -0.121177
v 0.000122 -0.074115 -0.109959
v -0.003755 -0.085265 -0.109755
v -0.010270 -0.095571 -0.109086
v -0.011724 -0.119077 -0.107187
v -0.012953 -0.106143 -0.107282
v -0.012821 -0.096801 -0.120123
v -0.014771 -0.111661 -0.115189
v -0.007828 -0.116012 -0.129867
v -0.009093 -0.078664 -0.124082
v -0.005683 -0.103980 -0.133667
v -0.000290 -0.071367 -0.138659
v -0.002115 -0.051022 -0.123557
v 0.008201 -0.039611 -0.133267
v 0.003776 -0.052432 -0.110466
v 0.001857 -0.065926 -0.111257
v -0.022623 -0.032483 -0.104514
v -0.030671 -0.013730 -0.105953
v -0.047695 -0.001682 -0.100057
v -0.027596 -0.006032 -0.096830
v -0.015530 -0.012794 -0.079869
v -0.017325 -0.007784 -0.066051
v 0.001186 -0.014630 -0.027906
v -0.008701 -0.037232 -0.001594
v -0.012292 -0.023913 0.003562
v -0.004359 -0.033915 -0.008497
v 0.001235 -0.028963 -0.015528
v -0.003684 -0.006996 0.007198
v -0.008016 -0.020133 0.017226
v 0.003956 -0.032610 0.036513
v -0.005271 -0.004947 -0.015448
v 0.010886 -0.030530 0.022419
v -0.000697 -0.042730 0.034146
v 0.008546 -0.034882 0.034885
v 0.014336 -0.043605 0.026627
v 0.008516 -0.057127 0.039342
v 0.024624 -0.071583 0.042034
v 0.001622 -0.056095 0.038771
v 0.034708 -0.094505 0.046708
v 0.005062 -0.077634 0.023830
v 0.011518 -0.079297 0.018115
v 0.022083 -0.094219 0.022822
v 0.021285 -0.097379 0.037667
v 0.024669 -0.064322 0.021747
v 0.024462 -0.099349 0.028999
v 0.046692 -0.102098 0.048959
v 0.035656 -0.116604 0.042171
v 0.033855 -0.114811 0.031654
v 0.058529 -0.128317 0.057847
v 0.044651 -0.129302 0.047173
v 0.039414 -0.123044 0.034255
v 0.053023 -0.144429 0.051900
v 0.062582 -0.156726 0.057844
v 0.051090 -0.139422 0.039254
v 0.047468 -0.132727 0.035687
v 0.036293 -0.121095 0.027210
v -0.005827 -0.164418 -0.070444
v -0.018290 -0.150859 -0.079839
v -0.008110 -0.168267 -0.062414
v 0.003282 -0.152062 -0.081557
v -0.001122 -0.128530 -0.099431
v -0.007669 -0.121727 -0.103000
v 0.001320 -0.140686 -0.103780
v -0.007289 -0.129980 -0.109619
v 0.001641 -0.131688 -0.124417
v 0.009969 -0.106895 -0.133142
v 0.018863 -0.054539 -0.137133
v 0.008983 -0.117535 -0.136357
v 0.009425 -0.120860 -0.126797
v 0.031037 -0.065824 -0.127971
v 0.018858 -0.108162 -0.126580
v 0.019727 -0.116150 -0.120032
v 0.029187 -0.135078 -0.110635
v 0.023584 -0.121763 -0.109698
v 0.011594 -0.138451 -0.120932
v -0.008873 -0.015515 -0.092719
v -0.000340 -0.024126 -0.104021
v 0.009677 -0.006074 -0.072700
v 0.010940 -0.016294 -0.091193
v 0.012316 -0.009634 -0.078696
v 0.007742 -0.025715 -0.102136
v -0.010500 -0.000151 -0.062039
v 0.000841 0.002581 -0.052847
v 0.008038 -0.001333 -0.049239
v 0.004098 -0.001092 -0.044303
v 0.005925 -0.005143 -0.040080
v -0.017279 -0.021789 -0.092301
v 0.003090 -0.036378 -0.110669
v 0.016025 -0.180493 0.025098
v 0.011634 -0.184544 0.028268
v 0.020158 -0.197683 0.031213
v 0.016664 -0.195392 0.022230
v 0.019311 -0.213193 0.010525
v -0.009619 -0.175199 -0.003696
v -0.007446 -0.181630 -0.026520
v 0.007485 -0.192877 -0.001191
v -0.009566 -0.174552 -0.055652
v -0.004161 -0.146506 -0.083907
v 0.010316 -0.161976 -0.072256
v 0.015984 -0.140483 -0.087968
v 0.020354 -0.145364 -0.084982
v 0.016522 -0.154125 -0.093495
v 0.012059 -0.169738 -0.069240
v 0.043754 -0.173438 -0.062329
v 0.019772 -0.181589 -0.054878
v 0.034036 -0.162129 -0.072631
v 0.025404 -0.163331 -0.085537
v 0.028125 -0.153212 -0.077923
v 0.006775 -0.133323 -0.094361
v 0.010800 -0.134676 -0.088355
v 0.025982 -0.155290 -0.104980
v 0.012949 -0.145626 -0.113679
v 0.040131 -0.164062 -0.096255
v 0.035733 -0.136047 -0.097883
v 0.041926 -0.142004 -0.093273
v 0.033341 -0.063869 -0.110723
v 0.043145 -0.091920 -0.100277
v 0.026426 -0.096383 -0.113427
v 0.004162 -0.027710 -0.115134
v 0.009081 -0.001155 -0.088703
v 0.014151 -0.015483 -0.122068
v 0.017339 0.005942 -0.101524
v 0.017727 0.019760 -0.073638
v 0.007673 0.011095 -0.060599
v 0.010783 -0.002840 -0.055955
v 0.013920 0.022848 -0.045393
v 0.021631 0.019902 -0.072570
v 0.024283 0.021408 -0.047223
v 0.024178 0.009404 -0.096297
v -0.006948 -0.179246 -0.000889
v 0.014595 -0.199891 -0.021363
v 0.001208 -0.185681 -0.035752
v 0.012938 -0.195562 -0.005668
v 0.018790 -0.202390 -0.008348
v 0.027767 -0.204817 -0.024482
v 0.023824 -0.188912 -0.053184
v 0.039369 -0.167459 -0.068439
v 0.042669 -0.185662 -0.068887
v 0.033675 -0.173047 -0.077571
v 0.047067 -0.181745 -0.061485
v 0.052976 -0.186760 -0.054860
v 0.058420 -0.195096 -0.050627
v 0.038933 -0.200176 -0.042518
v 0.027622 -0.202247 -0.033610
v 0.040085 -0.201911 -0.035971
v 0.018192 -0.207625 -0.007355
v 0.032162 -0.209904 -0.029419
v 0.047138 -0.207971 -0.038830
v 0.064012 -0.198434 -0.044674
v 0.048355 -0.223092 -0.034129
v 0.032707 -0.222549 -0.022831
v 0.042602 -0.225497 -0.024664
v 0.023432 -0.219905 -0.008685
v 0.025795 -0.220291 0.001369
v 0.043626 -0.235368 -0.001971
v 0.024994 -0.206609 0.020166
v 0.068008 -0.208137 -0.043181
v 0.071642 -0.221021 -0.039767
v 0.066623 -0.229030 -0.032285
v 0.057374 -0.235496 -0.019218
v 0.068255 -0.221338 -0.049448
v 0.078185 -0.228583 -0.046343
v 0.054507 -0.203782 -0.058847
v 0.054894 -0.189714 -0.079140
v 0.068889 -0.203192 -0.072322
v 0.058023 -0.173254 -0.082294
v 0.075432 -0.189399 -0.069091
v 0.074277 -0.183097 -0.065323
v 0.043333 -0.174510 -0.089078
v 0.048368 -0.155740 -0.093698
v 0.051742 -0.119199 -0.093283
v 0.050422 -0.131944 -0.097909
v 0.049823 -0.078419 -0.092487
v 0.058154 -0.087489 -0.085789
v 0.056857 -0.077860 -0.094914
v 0.047522 -0.054977 -0.088649
v 0.052488 -0.049568 -0.087469
v 0.045718 -0.035710 -0.083162
v 0.062506 -0.048540 -0.082697
v 0.049979 -0.028029 -0.080803
v 0.058028 -0.026911 -0.074713
v 0.061029 -0.028836 -0.069803
v 0.043997 -0.021484 -0.077391
v 0.038443 -0.035681 -0.118221
v 0.041510 -0.019768 -0.107487
v 0.038934 -0.034124 -0.095365
v 0.058072 -0.025898 -0.065939
v 0.060835 -0.027358 -0.046708
v 0.055016 -0.020069 -0.064051
v 0.047414 -0.016593 -0.055111
v 0.043207 -0.019844 -0.050273
v 0.043422 -0.016765 -0.062037
v 0.037770 -0.013461 -0.040971
v 0.041539 -0.013064 -0.070407
v 0.031163 -0.025661 -0.015313
v 0.033956 -0.001091 -0.018007
v 0.039624 0.005758 -0.038904
v 0.046134 -0.032450 -0.035302
v 0.052388 -0.030327 -0.032324
v 0.028726 -0.017221 -0.001716
v 0.025807 -0.039161 0.000192
v 0.069026 -0.039687 -0.021496
v 0.070632 -0.043291 -0.026321
v 0.078267 -0.044155 -0.035732
v 0.077337 -0.055003 -0.022338
v 0.081499 -0.065105 -0.027795
v 0.090290 -0.045167 -0.055964
v 0.091883 -0.045787 -0.058601
v 0.084294 -0.068751 -0.022521
v 0.083713 -0.056921 -0.071115
v 0.063642 -0.044154 -0.076114
v 0.093407 -0.089182 -0.028716
v 0.095540 -0.088940 -0.023250
v 0.079926 -0.080396 -0.014241
v 0.070407 -0.077184 -0.011960
v 0.083689 -0.094812 -0.013794
v 0.069125 -0.083757 0.002662
v 0.053678 -0.040070 -0.015185
v 0.058227 -0.060268 -0.013770
v 0.046403 -0.044271 -0.017850
v 0.022573 -0.047311 0.009122
v 0.048720 -0.071821 0.011238
v 0.055619 -0.076406 0.020260
v 0.000724 0.002768 -0.001241
v 0.021243 -0.041420 0.018440
v 0.015883 0.006768 -0.007478
v 0.004649 -0.018109 -0.024802
v 0.004196 -0.023354 -0.023894
v 0.008688 0.018518 -0.028986
v 0.004600 0.011722 -0.014570
v 0.001371 0.007281 -0.033810
v 0.021309 0.015912 -0.024658
v 0.006070 -0.011704 -0.033448
v 0.042422 0.006248 -0.065992
v 0.043076 -0.005265 -0.091895
v 0.023418 -0.028887 -0.128525
v 0.025299 -0.012182 -0.118242
v 0.008062 -0.005098 -0.044506
v 0.004932 -0.005848 -0.036882
v 0.039166 -0.083645 0.027067
v 0.022816 -0.058775 0.028976
v 0.041416 -0.083292 0.037723
v 0.055649 -0.101969 0.040611
v 0.058517 -0.151364 0.043239
v 0.055271 -0.165390 0.051049
v 0.045220 -0.177112 0.048527
v 0.031791 -0.186993 0.042544
v 0.023241 -0.190296 0.040835
v 0.056547 -0.185763 0.056073
v 0.057186 -0.171092 0.048005
v 0.040746 -0.201883 0.047139
v 0.050221 -0.199724 0.050221
v 0.027463 -0.196564 0.033109
v 0.034996 -0.218106 0.031224
v 0.045848 -0.230267 0.006806
v 0.050381 -0.233333 -0.001397
v 0.063921 -0.232832 -0.024472
v 0.072523 -0.226615 -0.028745
v 0.079365 -0.227813 -0.030312
v 0.087661 -0.243363 -0.034297
v 0.088129 -0.249057 -0.042938
v 0.043480 -0.226589 0.015183
v 0.060703 -0.249240 -0.018171
v 0.060331 -0.250469 0.017433
v 0.063720 -0.263255 -0.009825
v 0.036555 -0.229260 0.015616
v 0.042353 -0.218486 0.025636
v 0.042725 -0.213855 0.033774
v 0.045123 -0.205841 0.043757
v 0.040919 -0.224941 0.057044
v 0.046727 -0.239165 0.028520
v 0.043287 -0.250096 0.048036
v 0.036700 -0.245047 0.092820
v 0.054683 -0.264095 0.046099
v 0.039318 -0.230586 0.088941
v 0.041703 -0.257622 0.074886
v 0.055293 -0.271362 0.071422
v 0.064963 -0.270040 0.050837
v 0.067560 -0.273621 0.071557
v 0.054882 -0.282194 0.084438
v 0.083904 -0.269791 0.075904
v 0.081635 -0.267476 0.046256
v 0.044541 -0.273756 0.095410
v 0.043496 -0.265511 0.103219
v 0.047242 -0.251938 0.112698
v 0.068904 -0.258577 0.027910
v 0.084392 -0.268318 0.039589
v 0.080911 -0.277985 0.085424
v 0.099661 -0.277893 0.084756
v 0.058510 -0.131951 -0.093634
v 0.052998 -0.142120 -0.084986
v 0.061381 -0.127216 -0.085077
v 0.088248 -0.155517 -0.064220
v 0.044206 -0.238163 0.104926
v 0.057141 -0.250324 0.119212
v 0.053063 -0.257748 0.118062
v 0.048306 -0.267866 0.123088
v 0.058159 -0.269473 0.136383
v 0.063827 -0.265087 0.129237
v 0.050102 -0.279658 0.138678
v 0.072827 -0.272639 0.137694
v 0.059752 -0.236969 0.115244
v 0.043138 -0.282838 0.127783
v 0.045993 -0.298431 0.124686
v 0.044569 -0.278543 0.113544
v 0.053162 -0.303763 0.119426
v 0.053409 -0.280799 0.092430
v 0.050921 -0.286484 0.105818
v 0.064476 -0.292793 0.103415
v 0.070122 -0.281008 0.090257
v 0.070499 -0.282263 0.081506
v 0.078242 -0.301149 0.116451
v 0.049977 -0.308624 0.143849
v 0.045519 -0.299201 0.141994
v 0.072170 -0.310057 0.148556
v 0.083811 -0.299151 0.132403
v 0.065585 -0.314516 0.135162
v 0.076574 -0.310657 0.134503
v 0.081426 -0.286677 0.109687
v 0.084551 -0.267495 0.110698
v 0.081231 -0.290439 0.136574
v 0.079038 -0.271658 0.128519
v 0.081704 -0.276118 0.097348
v 0.088479 -0.272005 0.097112
v 0.073962 -0.260220 0.122755
v 0.073651 -0.253602 0.122923
v 0.084953 -0.259589 0.113945
v 0.079882 -0.233696 0.106577
v 0.069866 -0.226324 0.104729
v 0.070741 -0.215828 0.083358
v 0.054238 -0.227603 0.102139
v 0.053613 -0.212903 0.071273
v 0.086857 -0.252005 0.104071
v 0.088605 -0.265932 0.091741
v 0.083885 -0.270062 0.082074
v 0.093052 -0.267869 0.089744
v 0.055013 -0.158461 -0.079657
v 0.063092 -0.171005 -0.072407
v 0.108200 -0.192802 -0.049030
v 0.082180 -0.132810 -0.070120
v 0.073018 -0.100835 -0.072683
v 0.088610 -0.115705 -0.055170
v 0.117236 -0.164551 -0.033566
v 0.070925 -0.211381 -0.069787
v 0.087848 -0.198631 -0.065032
v 0.119231 -0.191142 -0.041921
v 0.084119 -0.218110 -0.068450
v 0.087257 -0.207653 -0.068802
v 0.096243 -0.194930 -0.055130
v 0.111264 -0.197174 -0.056575
v 0.132483 -0.191659 -0.042920
v 0.080714 -0.107606 -0.064129
v 0.095320 -0.122979 -0.045554
v 0.101797 -0.129594 -0.035432
v 0.109082 -0.125235 -0.031385
v 0.099105 -0.119135 -0.046493
v 0.088765 -0.108621 -0.061738
v 0.092907 -0.096681 -0.060612
v 0.094194 -0.098327 -0.050709
v 0.105926 -0.114938 -0.026773
v 0.066113 -0.094222 -0.079376
v 0.074730 -0.095225 -0.077988
v 0.077893 -0.078873 -0.081679
v 0.071607 -0.071611 -0.085473
v 0.067133 -0.069375 -0.089921
v 0.084126 -0.082874 -0.067939
v 0.096505 -0.127810 0.016241
v 0.047663 -0.090597 0.027315
v 0.050958 -0.099010 0.032043
v 0.057868 -0.192398 0.053648
v 0.067399 -0.124906 0.054105
v 0.084123 -0.142292 0.042081
v 0.064204 -0.159814 0.048629
v 0.056321 -0.144872 0.038139
v 0.071542 -0.269845 0.014616
v 0.084941 -0.268852 -0.032916
v 0.076081 -0.268384 -0.026924
v 0.078792 -0.251945 -0.033257
v 0.095101 -0.290692 0.006573
v 0.089150 -0.291093 -0.015698
v 0.096865 -0.311597 -0.005148
v 0.092910 -0.252862 -0.036021
v 0.103083 -0.267324 -0.036123
v 0.104408 -0.270458 -0.043150
v 0.108162 -0.258997 -0.051219
v 0.116248 -0.252738 -0.047870
v 0.077193 -0.224845 -0.059019
v 0.087699 -0.223453 -0.061182
v 0.088189 -0.224940 -0.051101
v 0.095584 -0.222479 -0.046436
v 0.099344 -0.216298 -0.058299
v 0.120234 -0.205621 -0.053033
v 0.102113 -0.219215 -0.040564
v 0.127331 -0.189680 -0.034517
v 0.106739 -0.134043 -0.022843
v 0.133144 -0.174803 0.007993
v 0.101113 -0.122952 -0.018050
v 0.114523 -0.149834 0.011380
v 0.100393 -0.092192 -0.038381
v 0.100094 -0.103005 -0.029084
v 0.109438 -0.128080 -0.023785
v 0.092736 -0.107892 -0.016185
v 0.061696 -0.081986 0.009024
v 0.060532 -0.085239 0.021116
v 0.060417 -0.093019 0.019065
v 0.060457 -0.112208 0.034079
v 0.073859 -0.131022 0.039045
v 0.079745 -0.133343 0.048655
v 0.092334 -0.144779 0.050525
v 0.085519 -0.161666 0.071790
v 0.073681 -0.187233 0.054734
v 0.076512 -0.182230 0.055592
v 0.081389 -0.186423 0.050267
v 0.104401 -0.213131 0.072948
v 0.090813 -0.256230 0.097038
v 0.092211 -0.228443 0.090754
v 0.099157 -0.251272 0.096422
v 0.117990 -0.304714 0.084668
v 0.110321 -0.292324 0.056000
v 0.107385 -0.312277 0.050035
v 0.117687 -0.303023 0.065884
v 0.101226 -0.306156 0.040652
v 0.073464 -0.169343 0.061375
v 0.072891 -0.167971 0.047189
v 0.091012 -0.186760 0.045807
v 0.104746 -0.287393 0.045300
v 0.099911 -0.289299 0.026219
v 0.107397 -0.314588 0.008453
v 0.107382 -0.326570 -0.009696
v 0.098706 -0.315028 -0.019390
v 0.116213 -0.327894 -0.034977
v 0.114616 -0.328332 -0.017682
v 0.109562 -0.312871 -0.036710
v 0.116772 -0.327655 -0.006498
v 0.122368 -0.328758 -0.029464
v 0.094878 -0.287882 -0.029709
v 0.101252 -0.285068 -0.033943
v 0.114582 -0.278125 -0.034622
v 0.126513 -0.281680 -0.034442
v 0.119948 -0.309340 -0.041262
v 0.120420 -0.268104 -0.049212
v 0.135250 -0.303685 -0.038956
v 0.141608 -0.284664 -0.025618
v 0.130917 -0.325986 -0.038370
v 0.120192 -0.325385 -0.001577
v 0.117800 -0.340730 -0.016312
v 0.130787 -0.334532 0.001871
v 0.122691 -0.344588 -0.024270
v 0.134462 -0.343700 -0.028193
v 0.138656 -0.282813 -0.030327
v 0.141185 -0.272779 -0.039212
v 0.138105 -0.327123 -0.030201
v 0.143717 -0.323616 -0.035489
v 0.143072 -0.342331 -0.022775
v 0.145447 -0.323729 -0.017221
v 0.144341 -0.343579 -0.003797
v 0.133333 -0.370095 -0.012646
v 0.145022 -0.335282 -0.006116
v 0.137618 -0.352437 0.000014
v 0.134189 -0.369727 -0.001713
v 0.132512 -0.363367 0.004484
v 0.126853 -0.371996 -0.017917
v 0.127516 -0.325632 0.002548
v 0.105356 -0.319098 0.028169
v 0.120490 -0.328934 0.024124
v 0.121129 -0.336750 -0.002461
v 0.114587 -0.354338 0.000932
v 0.132028 -0.348922 0.005785
v 0.122217 -0.352347 0.005298
v 0.128136 -0.367244 0.007774
v 0.113735 -0.376210 0.010626
v 0.106598 -0.370964 0.005686
v 0.102583 -0.381646 -0.001161
v 0.109383 -0.361081 -0.011013
v 0.108395 -0.375636 -0.014616
v 0.107278 -0.386466 -0.009255
v 0.111955 -0.392552 -0.003377
v 0.109678 -0.385780 0.007394
v 0.117339 -0.390715 -0.010271
v 0.079273 -0.141305 0.063483
v 0.094828 -0.149810 0.067313
v 0.111537 -0.164816 0.061413
v 0.116259 -0.175436 0.055113
v 0.089903 -0.176486 0.053687
v 0.079212 -0.166417 0.068718
v 0.079195 -0.174832 0.052678
v 0.113107 -0.182286 0.045312
v 0.102950 -0.179478 0.050679
v 0.095088 -0.183134 0.050616
v 0.098366 -0.200643 0.061491
v 0.111018 -0.224221 0.079258
v 0.116737 -0.223226 0.082874
v 0.125806 -0.212817 0.082558
v 0.097500 -0.150322 0.042326
v 0.111457 -0.151128 0.045344
v 0.113469 -0.153053 0.054986
v 0.138138 -0.170568 0.040049
v 0.120283 -0.188772 0.034269
v 0.115202 -0.189748 0.042528
v 0.112147 -0.195619 0.067108
v 0.142299 -0.224615 0.081042
v 0.124697 -0.234118 0.080383
v 0.113364 -0.265375 0.100798
v 0.133512 -0.240208 0.078949
v 0.129215 -0.270238 0.099380
v 0.121093 -0.291201 0.099385
v 0.120994 -0.312135 0.086518
v 0.101040 -0.235365 -0.050116
v 0.104045 -0.233419 -0.043239
v 0.118366 -0.251114 -0.040564
v 0.139466 -0.262725 -0.036128
v 0.109721 -0.217958 -0.036784
v 0.118482 -0.215351 -0.031916
v 0.117452 -0.216789 -0.043421
v 0.124061 -0.215354 -0.025909
v 0.135140 -0.259500 -0.031882
v 0.131948 -0.196664 -0.046643
v 0.135258 -0.185307 -0.020436
v 0.126899 -0.167865 0.021240
v 0.118044 -0.161069 0.030843
v 0.109357 -0.155287 0.037183
v 0.135558 -0.177956 0.000395
v 0.127478 -0.157402 0.041870
v 0.139655 -0.166377 0.034754
v 0.138032 -0.189027 0.032373
v 0.126324 -0.192901 0.028144
v 0.126400 -0.203679 0.063895
v 0.127947 -0.212318 0.061352
v 0.133761 -0.232309 0.085139
v 0.127883 -0.313437 0.087791
v 0.119126 -0.320455 0.059373
v 0.126986 -0.326832 0.060845
v 0.127666 -0.316548 0.069962
v 0.123591 -0.330276 0.047124
v 0.125551 -0.330164 0.020664
v 0.134378 -0.329012 0.053008
v 0.129172 -0.330622 0.026820
v 0.132113 -0.341344 0.025459
v 0.125176 -0.356998 0.015639
v 0.127922 -0.354094 0.032294
v 0.140647 -0.323775 0.065565
v 0.140545 -0.343368 0.048408
v 0.137834 -0.328474 0.032888
v 0.144448 -0.341113 0.034663
v 0.120533 -0.367712 0.028912
v 0.120368 -0.373692 0.017500
v 0.112010 -0.376707 0.034915
v 0.127631 -0.366737 0.039197
v 0.105462 -0.392987 0.034784
v 0.109419 -0.388744 0.021333
v 0.114399 -0.379726 0.042531
v 0.113892 -0.398440 0.045971
v 0.110356 -0.380440 0.025005
v 0.112276 -0.401775 0.022563
v 0.111521 -0.405448 0.035975
v 0.121730 -0.409097 0.025925
v 0.123997 -0.408466 0.041425
v 0.134129 -0.396225 0.033765
v 0.127816 -0.400854 0.044557
v 0.121314 -0.387581 0.047888
v 0.139869 -0.368318 0.041069
v 0.140396 -0.376753 0.043785
v 0.132379 -0.378977 0.051618
v 0.141680 -0.357907 0.039718
v 0.142438 -0.373994 0.041019
v 0.131200 -0.373950 0.060557
v 0.134978 -0.355163 0.056051
v 0.144948 -0.348629 0.036767
v 0.145382 -0.339363 0.066210
v 0.120981 -0.390723 0.004474
v 0.123256 -0.379822 0.008114
v 0.141531 -0.364587 0.003964
v 0.152961 -0.340380 -0.004311
v 0.145344 -0.382406 0.018103
v 0.135937 -0.388048 0.015582
v 0.123397 -0.305537 0.097487
v 0.150719 -0.340379 0.071619
v 0.125792 -0.404230 0.059585
v 0.122718 -0.397237 0.065934
v 0.125778 -0.396144 0.076183
v 0.132569 -0.398341 0.050612
v 0.128631 -0.406265 0.076946
v 0.133885 -0.413564 0.059970
v 0.141646 -0.415221 0.061829
v 0.141004 -0.412463 0.078616
v 0.147922 -0.407877 0.077694
v 0.136211 -0.394093 0.083458
v 0.129076 -0.382375 0.074723
v 0.137163 -0.372342 0.075755
v 0.145453 -0.410615 0.057391
v 0.145699 -0.369852 0.038357
v 0.149311 -0.364641 0.036274
v 0.154016 -0.365252 0.028624
v 0.159494 -0.381422 0.046427
v 0.151835 -0.356880 0.034430
v 0.146047 -0.383718 0.033622
v 0.163950 -0.346065 0.010742
v 0.156310 -0.348492 0.031853
v 0.170947 -0.343258 0.036682
v 0.176773 -0.340477 0.043115
v 0.162290 -0.384732 0.053623
v 0.164290 -0.380350 0.063200
v 0.154087 -0.393508 0.074837
v 0.150057 -0.399311 0.052989
v 0.159680 -0.375786 0.077235
v 0.125983 -0.212962 -0.022304
v 0.134564 -0.203083 -0.043794
v 0.145676 -0.193716 -0.030128
v 0.142814 -0.204560 -0.031236
v 0.150540 -0.198334 -0.011623
v 0.141701 -0.211499 -0.013602
v 0.150876 -0.184932 -0.009701
v 0.132450 -0.214312 -0.030494
v 0.132879 -0.209452 -0.011276
v 0.135778 -0.205865 0.002121
v 0.156799 -0.260814 -0.009915
v 0.167933 -0.252405 0.023258
v 0.163973 -0.257465 0.005460
v 0.157753 -0.272742 -0.024219
v 0.166015 -0.261387 -0.008188
v 0.144910 -0.284436 -0.014684
v 0.157527 -0.282278 -0.014148
v 0.171022 -0.270828 -0.007185
v 0.143699 -0.200498 0.012487
v 0.137509 -0.168167 0.021606
v 0.131623 -0.197518 0.019372
v 0.149462 -0.186116 0.014849
v 0.147059 -0.173483 0.015416
v 0.123182 -0.377670 0.115561
v 0.123712 -0.381923 0.102580
v 0.122492 -0.364487 0.105291
v 0.127886 -0.355881 0.094945
v 0.127608 -0.376480 0.094468
v 0.126874 -0.348374 0.104648
v 0.137115 -0.361377 0.088984
v 0.136436 -0.347076 0.116425
v 0.144619 -0.355052 0.120381
v 0.128015 -0.364338 0.118796
v 0.157197 -0.357006 0.111597
v 0.135094 -0.378476 0.123626
v 0.130640 -0.386942 0.116231
v 0.133547 -0.389607 0.103088
v 0.145981 -0.385376 0.104361
v 0.138440 -0.379454 0.093982
v 0.154482 -0.340079 0.085371
v 0.156744 -0.362280 0.098562
v 0.144207 -0.317996 0.075213
v 0.164679 -0.320498 0.086295
v 0.155738 -0.305945 0.072298
v 0.161110 -0.303106 0.078394
v 0.136131 -0.324809 0.083435
v 0.137779 -0.314880 0.071665
v 0.150566 -0.313605 0.069069
v 0.163401 -0.300870 0.070312
v 0.162528 -0.299936 0.088316
v 0.166990 -0.295322 0.082596
v 0.160377 -0.284181 0.065207
v 0.155411 -0.266410 0.059751
v 0.153290 -0.259158 0.060960
v 0.163803 -0.266906 0.051968
v 0.149637 -0.252816 0.069473
v 0.154805 -0.264872 0.083668
v 0.141837 -0.245564 0.075372
v 0.157096 -0.248760 0.070800
v 0.147531 -0.268481 0.094799
v 0.144657 -0.221857 0.068672
v 0.159175 -0.237256 0.069854
v 0.173356 -0.251077 0.054110
v 0.140480 -0.223999 0.062680
v 0.150048 -0.231358 0.057282
v 0.160522 -0.240919 0.047387
v 0.160867 -0.236272 0.056335
v 0.134406 -0.200909 0.012212
v 0.152752 -0.368633 0.079096
v 0.135313 -0.294356 0.105223
v 0.148362 -0.290686 0.104870
v 0.158836 -0.291399 0.100241
v 0.155294 -0.297373 0.098769
v 0.133590 -0.301480 0.100839
v 0.146830 -0.296370 0.103631
v 0.131094 -0.322419 0.095732
v 0.135375 -0.320580 0.106871
v 0.153727 -0.309351 0.110722
v 0.162814 -0.335524 0.099158
v 0.149990 -0.371738 0.111571
v 0.166569 -0.314356 0.097348
v 0.144101 -0.387798 0.114490
v 0.129845 -0.339749 0.088433
v 0.167210 -0.355631 0.070595
v 0.140046 -0.355771 0.070380
v 0.143748 -0.181161 -0.014310
v 0.150369 -0.320626 -0.027095
v 0.144917 -0.321936 -0.006998
v 0.152689 -0.317721 -0.010363
v 0.146448 -0.299848 -0.028903
v 0.149792 -0.301186 -0.012846
v 0.155105 -0.284197 -0.009138
v 0.159271 -0.319796 -0.001153
v 0.164760 -0.315081 -0.006069
v 0.159100 -0.347566 -0.000074
v 0.162502 -0.282228 0.005181
v 0.164095 -0.342299 0.021971
v 0.171998 -0.310432 0.009554
v 0.161668 -0.317377 0.025529
v 0.159665 -0.338223 0.029699
v 0.168434 -0.317262 0.032464
v 0.173251 -0.313654 0.039504
v 0.166900 -0.312348 0.023786
v 0.159170 -0.278948 0.017527
v 0.175239 -0.311442 0.031842
v 0.178025 -0.339087 0.053840
v 0.164203 -0.297996 0.021641
v 0.166364 -0.277394 0.025737
v 0.196468 0.165719 0.032776
v 0.192968 0.153656 0.029554
v 0.191428 0.130500 0.035654
v 0.175347 -0.271696 0.007856
v 0.166201 -0.280229 0.001721
v 0.169223 -0.274871 0.033373
v 0.179853 -0.306937 0.046807
v 0.167467 -0.270024 0.045687
v 0.177405 -0.305654 0.055047
v 0.170822 -0.310616 0.061636
v 0.176203 -0.335019 0.065415
v 0.165592 -0.339641 0.072181
v 0.166772 -0.249885 0.029642
v 0.172957 -0.254598 0.015154
v 0.179238 -0.262899 0.018511
v 0.173729 -0.274770 0.026581
v 0.178340 -0.257893 0.038898
v 0.172786 -0.246990 0.038106
v 0.169184 -0.264869 0.053403
v 0.152719 -0.081626 0.069872
v 0.152957 -0.075267 0.088336
v 0.164213 -0.077275 0.100369
v 0.159655 -0.059794 0.096251
v 0.159984 -0.092083 0.083793
v 0.163398 -0.095059 0.046478
v 0.168393 -0.097378 0.060324
v 0.169473 -0.098881 0.070674
v 0.171498 -0.099738 0.050605
v 0.166951 -0.094608 0.012790
v 0.167487 -0.068424 0.013023
v 0.167573 -0.060706 0.036581
v 0.159171 -0.051458 0.067351
v 0.169759 -0.049354 0.065649
v 0.153648 -0.055122 0.073143
v 0.165947 -0.046642 0.075195
v 0.167626 -0.107706 0.081124
v 0.175689 -0.098159 0.079910
v 0.177344 -0.094452 0.087925
v 0.173320 -0.086651 0.099318
v 0.180445 -0.109063 0.095392
v 0.161533 -0.108895 0.065816
v 0.164207 -0.126403 0.072548
v 0.162531 -0.124122 0.038032
v 0.172006 -0.101733 0.037369
v 0.170393 -0.137803 0.042789
v 0.172443 -0.139058 0.070008
v 0.168801 -0.117441 0.089881
v 0.178048 -0.139124 -0.003858
v 0.166473 -0.111048 0.023274
v 0.162934 -0.064947 0.038048
v 0.175810 -0.055404 0.048372
v 0.173851 -0.052640 0.058603
v 0.176604 -0.057682 0.035931
v 0.172304 -0.043139 0.049772
v 0.167364 -0.027885 0.072994
v 0.179745 -0.027616 0.035830
v 0.182661 -0.025244 0.048989
v 0.175576 -0.022682 0.068409
v 0.164230 -0.035884 0.076239
v 0.165332 -0.063372 0.102203
v 0.180943 -0.056620 0.102783
v 0.168765 -0.050262 0.091743
v 0.167605 -0.040099 0.102498
v 0.176505 -0.046480 0.109011
v 0.169074 -0.028067 0.101988
v 0.176185 -0.036454 0.113003
v 0.180151 -0.053318 0.101191
v 0.181463 -0.030798 0.124102
v 0.182442 -0.025524 0.110224
v 0.164962 -0.293267 0.090896
v 0.187736 -0.093733 0.084893
v 0.166445 -0.075541 0.112937
v 0.202891 -0.030227 0.140994
v 0.185232 -0.020193 0.093192
v 0.181408 -0.040114 0.123795
v 0.194175 -0.058873 0.108855
v 0.179530 -0.075066 0.127216
v 0.175292 -0.065290 0.121561
v 0.185633 -0.087613 0.110540
v 0.176934 -0.115308 0.095554
v 0.172374 -0.131266 0.086359
v 0.176413 -0.125984 0.092944
v 0.183620 -0.144899 0.058249
v 0.182402 -0.142210 0.077087
v 0.185960 -0.140607 0.082361
v 0.182817 -0.166350 0.067810
v 0.194502 -0.148605 0.040312
v 0.193786 -0.173081 0.044558
v 0.192988 -0.175465 0.053358
v 0.185389 -0.170193 0.072544
v 0.213601 -0.179480 0.038124
v 0.189804 -0.188384 0.060336
v 0.182930 -0.164508 0.092462
v 0.185142 -0.182986 0.087280
v 0.188492 -0.169608 0.103689
v 0.190657 -0.132012 0.102337
v 0.173176 -0.102150 0.020609
v 0.173541 -0.104078 0.010259
v 0.183317 -0.100581 0.008603
v 0.175080 -0.057714 0.012827
v 0.173360 -0.041301 0.013049
v 0.178362 -0.027877 0.015247
v 0.195873 -0.088132 0.005659
v 0.181022 -0.052272 0.009871
v 0.191856 -0.100480 0.003087
v 0.174868 -0.106288 -0.004840
v 0.192110 -0.147652 0.017536
v 0.202543 -0.145470 0.032428
v 0.213370 -0.144887 0.028058
v 0.174127 -0.129847 -0.005667
v 0.185505 -0.146473 -0.003795
v 0.185959 -0.099852 -0.004517
v 0.202222 -0.102114 -0.002083
v 0.266008 -0.069727 0.007199
v 0.169619 -0.023841 0.023402
v 0.177762 -0.029127 0.024802
v 0.181675 -0.024222 0.041796
v 0.165940 -0.017590 0.040376
v 0.197980 -0.022290 0.043444
v 0.168306 -0.005141 0.054420
v 0.162943 -0.014479 0.035115
v 0.177226 0.013470 0.063603
v 0.171614 -0.010813 0.054796
v 0.171227 0.008837 0.071107
v 0.173412 0.003868 0.112605
v 0.187053 0.015352 0.064824
v 0.190106 0.015452 0.087975
v 0.196513 0.013124 0.081379
v 0.171730 -0.006997 0.098291
v 0.175401 -0.002222 0.121536
v 0.180332 -0.011790 0.114032
v 0.184174 0.015318 0.112600
v 0.184710 -0.006634 0.124648
v 0.214979 -0.015336 0.101878
v 0.202667 -0.013441 0.120523
v 0.196275 -0.001977 0.135696
v 0.213557 -0.007568 0.141764
v 0.215809 -0.017585 0.122439
v 0.219394 -0.024560 0.116513
v 0.221306 -0.028068 0.103957
v 0.206227 -0.016950 0.094668
v 0.184258 -0.016767 0.057024
v 0.195290 -0.021068 0.078445
v 0.196827 -0.017235 0.080944
v 0.197836 -0.024174 0.063567
v 0.208844 -0.025452 0.098067
v 0.218310 -0.029890 0.144936
v 0.196168 -0.040434 0.136265
v 0.192656 -0.078552 0.140075
v 0.196441 -0.067501 0.140723
v 0.197077 0.160457 0.065716
v 0.193223 0.154026 0.070554
v 0.210989 0.136087 0.030270
v 0.207583 0.147616 0.033222
v 0.206746 0.159929 0.039570
v 0.218259 0.182408 0.016724
v 0.207841 0.181346 0.073589
v 0.211944 0.150686 0.069128
v 0.213142 0.164108 0.084958
v 0.224714 0.167679 0.088402
v 0.206395 0.154224 0.064001
v 0.177847 0.009191 0.049074
v 0.205945 0.011492 0.097580
v 0.179983 0.007223 0.122424
v 0.227060 -0.026925 0.129593
v 0.218035 -0.042420 0.150869
v 0.229991 -0.035081 0.147717
v 0.243812 -0.043034 0.144536
v 0.236194 -0.031142 0.131382
v 0.223388 -0.012091 0.149752
v 0.215753 0.000925 0.144938
v 0.240319 -0.053251 0.142784
v 0.193595 -0.055337 0.103357
v 0.196805 -0.058451 0.099337
v 0.209379 -0.060119 0.116606
v 0.187077 -0.098304 0.083639
v 0.195181 -0.090580 0.093113
v 0.183259 -0.114497 0.109294
v 0.180762 -0.126758 0.102123
v 0.192772 -0.124194 0.120706
v 0.194459 -0.109512 0.118641
v 0.203339 -0.090455 0.102152
v 0.200357 -0.091762 0.117914
v 0.204135 -0.089699 0.140068
v 0.215202 -0.062004 0.124987
v 0.211707 -0.069795 0.145440
v 0.221629 -0.064425 0.126521
v 0.213477 -0.047283 0.146641
v 0.176594 0.005539 0.031050
v 0.190144 0.010060 0.032946
v 0.200081 0.008585 0.043527
v 0.205251 0.004103 0.037085
v 0.175306 -0.022992 0.014194
v 0.193981 0.000706 0.017926
v 0.193608 -0.003354 0.011778
v 0.202833 0.000191 0.012051
v 0.223233 -0.003769 0.012759
v 0.210758 -0.000424 0.030650
v 0.195364 0.013890 0.061140
v 0.194792 0.014575 0.077093
v 0.198210 0.011462 0.050787
v 0.197772 0.056417 0.056196
v 0.202410 0.032719 0.036855
v 0.211520 0.019721 0.023830
v 0.220376 -0.003713 0.024762
v 0.229513 -0.007333 0.023676
v 0.219561 0.022238 0.016869
v 0.241208 -0.010767 0.013788
v 0.244144 0.020499 0.019141
v 0.249060 -0.016029 0.028413
v 0.259019 -0.005797 0.036839
v 0.270574 -0.017535 0.017237
v 0.260029 -0.020577 0.035901
v 0.264557 -0.026349 0.048141
v 0.278434 -0.028811 0.041137
v 0.262214 -0.027180 0.065029
v 0.281179 -0.030608 0.096510
v 0.267502 -0.025870 0.076610
v 0.258555 -0.023578 0.074346
v 0.288845 -0.037490 0.082383
v 0.294026 -0.040589 0.012385
v 0.282780 -0.026433 0.014081
v 0.292899 -0.041038 0.036369
v 0.293723 -0.068390 0.014918
v 0.278343 -0.115465 0.008732
v 0.266951 -0.127438 0.004875
v 0.284308 -0.091625 0.011750
v 0.271812 -0.118268 0.018978
v 0.259922 -0.124481 0.015756
v 0.258442 -0.120693 0.033757
v 0.276170 -0.111334 0.054081
v 0.256992 -0.119342 0.044305
v 0.262155 -0.128359 0.047995
v 0.262783 -0.137335 0.018451
v 0.251857 -0.117246 0.059247
v 0.261432 -0.140090 0.051792
v 0.258661 -0.133197 0.071353
v 0.254538 -0.146210 0.059909
v 0.253290 -0.143719 0.097680
v 0.258220 -0.127142 0.093274
v 0.249885 -0.114209 0.069793
v 0.244077 -0.149483 0.073625
v 0.237906 -0.152572 0.023732
v 0.241094 -0.150029 0.052227
v 0.240056 -0.149666 0.097195
v 0.246290 -0.142101 0.108423
v 0.233435 -0.144996 0.107174
v 0.237365 -0.176153 0.100099
v 0.240693 -0.189502 0.092894
v 0.228140 -0.165647 0.112065
v 0.234532 -0.186159 0.106814
v 0.212531 -0.135688 0.116437
v 0.206861 -0.137054 0.116391
v 0.221789 -0.173529 0.120405
v 0.212406 -0.151813 0.115978
v 0.198091 -0.153871 0.112643
v 0.238188 -0.133963 0.123099
v 0.204487 -0.129771 0.128924
v 0.237878 -0.126631 0.125874
v 0.237584 -0.138429 0.115315
v 0.244105 -0.126876 0.115857
v 0.212857 -0.110827 0.128335
v 0.228935 -0.111477 0.114228
v 0.239837 -0.121763 0.123027
v 0.251601 -0.128661 0.110139
v 0.227324 -0.107379 0.114770
v 0.216790 -0.103457 0.110902
v 0.209116 -0.098747 0.108075
v 0.202696 -0.103437 0.107355
v 0.207189 -0.082889 0.148056
v 0.244362 -0.116043 0.109905
v 0.239375 -0.115668 0.111778
v 0.225839 -0.090405 0.142641
v 0.225353 -0.078266 0.145337
v 0.236675 -0.083150 0.139361
v 0.247261 -0.096625 0.133705
v 0.247942 -0.105549 0.122572
v 0.228807 -0.067465 0.125399
v 0.241053 -0.075492 0.123557
v 0.238693 -0.021195 0.139760
v 0.252197 -0.041433 0.132201
v 0.256352 -0.029505 0.132640
v 0.229671 0.002740 0.148832
v 0.195141 0.005951 0.134517
v 0.206968 0.013753 0.114763
v 0.235457 0.009034 0.128392
v 0.204045 0.028158 0.096991
v 0.204513 0.056725 0.085399
v 0.198109 0.059215 0.068205
v 0.213025 0.008176 0.101998
v 0.246467 -0.003104 0.139030
v 0.250146 -0.001773 0.127258
v 0.252456 -0.014961 0.136737
v 0.238266 -0.007158 0.148154
v 0.265371 -0.037553 0.130260
v 0.259104 -0.046368 0.127022
v 0.259482 -0.053413 0.134884
v 0.266664 -0.044154 0.119386
v 0.191767 -0.433172 0.083557
v 0.199533 -0.441992 0.075342
v 0.219624 -0.428694 0.081221
v 0.230972 -0.447090 0.088038
v 0.209986 -0.399389 0.071878
v 0.199062 -0.399631 0.077055
v 0.184434 -0.437135 0.110026
v 0.194400 -0.416012 0.092299
v 0.189798 -0.360679 0.106256
v 0.191352 -0.359770 0.118440
v 0.192864 -0.362646 0.092847
v 0.199308 -0.384453 0.085639
v 0.201927 -0.123192 -0.005547
v 0.228379 -0.158282 0.000445
v 0.212607 -0.157739 0.000482
v 0.244269 -0.155599 0.011226
v 0.247285 -0.158446 0.005363
v 0.201558 -0.160645 0.038371
v 0.224043 -0.147500 0.032229
v 0.202343 -0.178985 0.045361
v 0.192318 -0.192894 0.054822
v 0.184197 -0.190231 0.071448
v 0.188333 -0.204083 0.067408
v 0.203692 -0.190922 0.048589
v 0.229528 -0.168583 0.043682
v 0.214528 -0.184139 0.044745
v 0.204254 -0.196068 0.045641
v 0.196266 -0.219925 0.056347
v 0.235593 -0.150268 0.041353
v 0.258785 -0.152581 0.005290
v 0.257308 -0.147895 0.015711
v 0.240173 -0.193985 0.074671
v 0.192912 0.122438 0.080855
v 0.199782 0.114493 0.090246
v 0.205380 0.142564 0.074102
v 0.188308 0.107398 0.087568
v 0.185120 0.090872 0.050117
v 0.194546 0.071169 0.054684
v 0.202518 0.072501 0.036969
v 0.192137 0.090839 0.039200
v 0.196783 0.072685 0.078785
v 0.193054 0.091414 0.090991
v 0.206219 0.071439 0.094622
v 0.209425 0.074894 0.024675
v 0.210104 0.097487 0.031212
v 0.223473 0.141189 0.016351
v 0.217085 0.079317 0.018072
v 0.227119 0.072122 0.016540
v 0.219720 0.058588 0.019986
v 0.210113 0.034636 0.028847
v 0.217684 0.043010 0.015060
v 0.190407 -0.422342 0.130557
v 0.184194 -0.215318 0.072539
v 0.183337 -0.217208 0.087381
v 0.183618 -0.202589 0.093037
v 0.183648 -0.211123 0.104320
v 0.182405 -0.232105 0.090222
v 0.182378 -0.187939 0.095640
v 0.188108 -0.187646 0.111522
v 0.186772 -0.209986 0.113721
v 0.195450 -0.209370 0.122822
v 0.195502 -0.213905 0.119050
v 0.208876 -0.201139 0.125496
v 0.211436 -0.211276 0.128068
v 0.200058 -0.188018 0.123042
v 0.208799 -0.215272 0.125073
v 0.184759 -0.233695 0.108951
v 0.191736 -0.236659 0.121924
v 0.186041 -0.236999 0.087879
v 0.187471 -0.261973 0.083376
v 0.181876 -0.263516 0.092439
v 0.189656 -0.238778 0.069451
v 0.185363 -0.257692 0.110122
v 0.183803 -0.276183 0.114631
v 0.185322 -0.261135 0.116982
v 0.189676 -0.267685 0.072082
v 0.197548 -0.264885 0.068706
v 0.195310 -0.245003 0.068422
v 0.216583 -0.190516 0.124991
v 0.229022 -0.195899 0.118666
v 0.225525 -0.217095 0.122226
v 0.190905 -0.283831 0.097946
v 0.187984 -0.280623 0.080166
v 0.199890 -0.270590 0.063457
v 0.188197 -0.291523 0.078929
v 0.187371 -0.286588 0.117466
v 0.188881 -0.289369 0.125396
v 0.185501 -0.305843 0.116200
v 0.181642 -0.294775 0.104165
v 0.183078 -0.310397 0.099226
v 0.188969 -0.313571 0.095531
v 0.188089 -0.337707 0.103647
v 0.191547 -0.340307 0.081606
v 0.193045 -0.337140 0.087073
v 0.212287 -0.273520 0.060947
v 0.198909 -0.244212 0.060916
v 0.193767 -0.222435 0.063309
v 0.209465 -0.223211 0.051931
v 0.221920 -0.228473 0.056448
v 0.218398 -0.224252 0.052442
v 0.220142 -0.200616 0.046322
v 0.210837 -0.242379 0.057734
v 0.211362 -0.251102 0.056743
v 0.226873 -0.185852 0.044860
v 0.229561 -0.225612 0.058422
v 0.225514 -0.190596 0.050401
v 0.235518 -0.192079 0.058477
v 0.190956 -0.144391 0.104020
v 0.190042 -0.165138 0.109746
v 0.203312 -0.169698 0.120029
v 0.193759 -0.140071 0.099942
v 0.207879 -0.117168 0.133404
v 0.199869 -0.121313 0.130529
v 0.198851 0.100368 0.091816
v 0.208957 0.092226 0.097854
v 0.231111 0.067604 0.099680
v 0.220131 0.050008 0.101062
v 0.213891 0.052916 0.092671
v 0.210076 0.107967 0.093584
v 0.218406 0.110281 0.086320
v 0.228452 0.092769 0.084853
v 0.210392 0.035693 0.099864
v 0.226422 0.002930 0.104096
v 0.223024 0.005039 0.102124
v 0.233762 0.013769 0.098931
v 0.251585 -0.001723 0.110550
v 0.224023 0.032495 0.099024
v 0.232206 0.031822 0.104626
v 0.242272 0.046147 0.103909
v 0.238551 -0.004075 0.096185
v 0.244353 0.000155 0.105223
v 0.244950 -0.009717 0.090918
v 0.273660 -0.027921 0.097919
v 0.273426 -0.028032 0.120366
v 0.271726 -0.018787 0.105968
v 0.261195 -0.014488 0.094559
v 0.251956 -0.017234 0.084563
v 0.246824 0.006504 0.095745
v 0.282269 -0.035209 0.108305
v 0.274725 -0.032481 0.110078
v 0.261244 -0.014193 0.122357
v 0.188713 -0.183846 0.106633
v 0.200517 -0.183979 0.118399
v 0.213280 -0.186646 0.121145
v 0.221982 -0.179624 0.116956
v 0.224995 -0.190974 0.116691
v 0.203817 -0.244529 0.127380
v 0.191522 -0.240740 0.117807
v 0.198113 -0.257392 0.125794
v 0.209842 -0.261914 0.131837
v 0.195311 -0.261443 0.128400
v 0.184846 -0.341077 0.104918
v 0.188707 -0.359662 0.088180
v 0.185014 -0.357627 0.110655
v 0.203662 -0.337423 0.070881
v 0.203171 -0.356683 0.072293
v 0.220432 -0.354577 0.070361
v 0.203722 -0.359939 0.076849
v 0.213392 -0.358360 0.074773
v 0.200633 -0.335036 0.077260
v 0.195949 -0.312315 0.078878
v 0.189262 -0.310776 0.079184
v 0.201771 -0.307860 0.065288
v 0.211537 -0.268108 0.062809
v 0.214177 -0.257461 0.062339
v 0.226792 -0.266911 0.070466
v 0.225507 -0.273924 0.064020
v 0.222682 -0.258089 0.060874
v 0.195369 -0.153583 -0.002726
v 0.188243 -0.337239 0.123770
v 0.188713 -0.355687 0.123554
v 0.194215 -0.388665 0.128357
v 0.203119 -0.411446 0.134685
v 0.206485 -0.440207 0.143112
v 0.214099 -0.430878 0.142976
v 0.209318 -0.406507 0.141005
v 0.195630 -0.358519 0.125658
v 0.193073 -0.331804 0.124859
v 0.199117 -0.332896 0.134049
v 0.198358 -0.351319 0.134224
v 0.218943 -0.344729 0.139623
v 0.190220 -0.308974 0.116598
v 0.204460 -0.355115 0.131051
v 0.220796 -0.390156 0.139978
v 0.225560 -0.397832 0.135187
v 0.219639 -0.431205 0.137055
v 0.228089 -0.440245 0.135128
v 0.237110 -0.445997 0.124340
v 0.220210 -0.381217 0.077247
v 0.203959 -0.296382 0.136252
v 0.207934 -0.299254 0.133335
v 0.198751 -0.304123 0.126906
v 0.215066 -0.312751 0.133820
v 0.192714 -0.302470 0.128162
v 0.199300 -0.027749 0.046832
v 0.199670 -0.020940 0.051526
v 0.206455 -0.315203 0.071842
v 0.213724 -0.335130 0.067884
v 0.232746 -0.354004 0.076777
v 0.229074 -0.358741 0.079351
v 0.233287 -0.380999 0.075757
v 0.228272 -0.430931 0.082141
v 0.237182 -0.364033 0.089226
v 0.210011 -0.332200 0.072834
v 0.205756 -0.310253 0.066346
v 0.219707 -0.319868 0.072281
v 0.221117 -0.331265 0.073562
v 0.215942 -0.306639 0.068507
v 0.217661 -0.302384 0.063108
v 0.228104 -0.303602 0.074562
v 0.230345 -0.300594 0.070025
v 0.227625 -0.288622 0.068201
v 0.222775 -0.316238 0.067747
v 0.229875 -0.323869 0.078948
v 0.239514 -0.329762 0.087850
v 0.232319 -0.318833 0.076108
v 0.240362 -0.312602 0.092715
v 0.239863 -0.324203 0.087725
v 0.230061 -0.334384 0.074482
v 0.239046 -0.344408 0.086372
v 0.240946 -0.360744 0.098315
v 0.245653 -0.356479 0.106199
v 0.241778 -0.357027 0.087969
v 0.241933 -0.369837 0.114213
v 0.239548 -0.378562 0.098711
v 0.244086 -0.388993 0.086088
v 0.250993 -0.394088 0.108952
v 0.246747 -0.392600 0.100397
v 0.241539 -0.391985 0.080870
v 0.244256 -0.402750 0.089892
v 0.239375 -0.421623 0.101547
v 0.239494 -0.445689 0.111683
v 0.213910 -0.382422 0.139144
v 0.220357 -0.291118 0.135092
v 0.217415 -0.297022 0.130165
v 0.210045 -0.322236 0.134898
v 0.213160 -0.323377 0.139885
v 0.220345 -0.322807 0.132433
v 0.218299 -0.307313 0.136216
v 0.225029 -0.326248 0.136138
v 0.220235 -0.335777 0.137566
v 0.218703 -0.348811 0.137734
v 0.230340 -0.350467 0.132729
v 0.232463 -0.407627 0.135715
v 0.243360 -0.383496 0.131803
v 0.237668 -0.423479 0.130796
v 0.248477 -0.388318 0.125673
v 0.235661 -0.372933 0.131816
v 0.230223 -0.368345 0.136992
v 0.239894 -0.356670 0.117188
v 0.207143 -0.059343 0.106375
v 0.243200 0.061681 0.090437
v 0.243560 0.096465 0.085919
v 0.225132 0.105668 0.079183
v 0.234011 0.138738 0.080626
v 0.223277 0.138334 0.077407
v 0.221301 0.117287 0.073258
v 0.217866 0.128301 0.069316
v 0.216797 0.138156 0.067414
v 0.210700 0.142984 0.068242
v 0.252874 0.092634 0.078955
v 0.242585 0.135334 0.076798
v 0.254044 0.132020 0.075398
v 0.234256 0.162954 0.083408
v 0.248230 0.145836 0.078983
v 0.266773 0.092596 0.069750
v 0.274030 0.117410 0.074639
v 0.262027 0.112805 0.075670
v 0.263798 0.126720 0.068480
v 0.238348 0.169594 0.086523
v 0.213655 -0.259018 0.127316
v 0.227591 -0.266849 0.125738
v 0.213500 -0.247493 0.129235
v 0.219177 -0.220178 0.123920
v 0.227836 -0.262590 0.121900
v 0.224389 -0.255036 0.126528
v 0.236061 -0.292330 0.122400
v 0.233712 -0.295447 0.120003
v 0.230748 -0.313177 0.128174
v 0.234597 -0.310840 0.119889
v 0.239134 -0.297537 0.107817
v 0.240676 -0.267440 0.089796
v 0.239105 -0.266810 0.108194
v 0.232081 -0.258866 0.120390
v 0.237268 -0.273330 0.076810
v 0.235240 -0.268842 0.078460
v 0.238496 -0.297021 0.079343
v 0.242824 -0.294107 0.100150
v 0.238591 -0.299496 0.086871
v 0.243274 -0.327254 0.102077
v 0.240406 -0.325417 0.111341
v 0.239203 -0.318328 0.118242
v 0.232593 -0.323806 0.122289
v 0.239193 -0.340272 0.120879
v 0.238413 -0.328647 0.123308
v 0.235904 -0.347642 0.129297
v 0.233498 0.123638 0.010127
v 0.238441 0.165842 0.011668
v 0.234199 0.085374 0.016264
v 0.246175 0.120728 0.014947
v 0.251142 0.149711 0.017082
v 0.252115 0.176801 0.020164
v 0.261642 0.174779 0.054944
v 0.264723 0.145833 0.051418
v 0.263367 0.141904 0.038925
v 0.253357 0.169265 0.077836
v 0.230626 0.065009 0.011524
v 0.232392 0.039553 0.009110
v 0.257002 0.119520 0.020988
v 0.258114 0.094288 0.016987
v 0.241170 0.055655 0.009690
v 0.250806 0.074538 0.011608
v 0.279868 0.120307 0.019060
v 0.276502 0.125817 0.018303
v 0.249531 0.052698 0.010116
v 0.271968 0.134155 0.022884
v 0.260505 0.131566 0.027635
v 0.292826 0.154916 0.017089
v 0.220130 -0.196501 0.048621
v 0.231515 -0.198397 0.060202
v 0.235764 -0.227216 0.068424
v 0.238608 -0.228137 0.081502
v 0.235582 -0.205530 0.058924
v 0.237478 -0.198988 0.072686
v 0.240538 -0.225131 0.080155
v 0.237772 -0.225921 0.099482
v 0.236649 -0.264159 0.074585
v 0.232151 -0.262784 0.067360
v 0.241054 -0.204279 0.095847
v 0.237150 -0.196466 0.096310
v 0.248161 0.028588 0.103036
v 0.251328 0.037742 0.097864
v 0.262459 0.067015 0.069997
v 0.256992 0.017394 0.091509
v 0.254548 0.038712 0.087884
v 0.261948 0.037666 0.080897
v 0.271292 0.080445 0.054678
v 0.282294 0.134846 0.067522
v 0.283534 0.106476 0.064230
v 0.264087 0.052007 0.049782
v 0.260584 0.017876 0.078220
v 0.266611 0.030867 0.068914
v 0.273455 0.096284 0.024788
v 0.277525 0.092555 0.035391
v 0.259537 0.060661 0.019989
v 0.256498 0.029763 0.036466
v 0.243854 0.030929 0.016536
v 0.244405 -0.013328 0.023999
v 0.264399 0.010119 0.050461
v 0.237475 -0.219624 0.107859
v 0.233940 -0.223372 0.110936
v 0.249155 -0.089427 0.132395
v 0.265335 -0.111230 0.101434
v 0.261398 -0.102367 0.120681
v 0.249138 -0.117371 0.101794
v 0.271812 -0.101015 0.106856
v 0.254853 -0.092259 0.124140
v 0.265751 -0.093720 0.115798
v 0.264626 -0.085741 0.105423
v 0.271517 -0.094363 0.076957
v 0.262932 -0.084682 0.081683
v 0.268993 -0.087784 0.065304
v 0.265347 -0.083686 0.091710
v 0.274807 -0.089941 0.052433
v 0.286250 -0.084208 0.051606
v 0.271238 -0.103966 0.080173
v 0.249692 -0.114776 0.081847
v 0.264491 -0.111059 0.077213
v 0.280805 -0.104934 0.019369
v 0.278771 -0.093728 0.023646
v 0.279510 -0.099529 0.057789
v 0.274212 -0.077361 0.104887
v 0.278755 -0.072950 0.079193
v 0.257626 -0.084651 0.115200
v 0.267839 -0.074588 0.119372
v 0.247395 -0.080111 0.121287
v 0.254117 -0.072337 0.125854
v 0.254585 -0.066612 0.134340
v 0.263878 -0.060772 0.125582
v 0.270489 -0.060993 0.121056
v 0.276767 -0.063233 0.106191
v 0.274106 -0.055941 0.109440
v 0.277302 -0.061190 0.082863
v 0.282410 -0.063624 0.065451
v 0.287078 -0.066269 0.048234
v 0.293473 -0.057789 0.050231
v 0.288220 -0.079199 0.051303
v 0.289419 -0.065569 0.024964
v 0.291881 -0.080597 0.015730
v 0.277652 -0.091514 0.037694
v 0.266666 -0.140886 0.006041
v 0.269286 -0.053450 0.118004
v 0.287414 -0.042815 0.092548
v 0.293462 -0.040492 0.065673
v 0.262862 0.139605 0.063189
v 0.277331 0.149296 0.061659
v 0.288247 0.128574 0.067797
v 0.296329 0.126042 0.055600
v 0.278010 0.143281 0.065565
v 0.293932 0.142816 0.061400
v 0.292069 0.154494 0.060651
v 0.301872 0.137508 0.058817
v 0.294613 0.118754 0.045942
v 0.307782 0.130221 0.047963
v 0.303023 0.123877 0.026940
v 0.290593 0.115965 0.031567
v 0.298637 0.139925 0.009540
v 0.288410 0.144755 0.013613
v 0.300733 0.153694 0.010100
v 0.323459 0.155574 0.006851
v 0.315846 0.166721 0.016546
v 0.329362 0.135272 0.011144
v 0.285682 0.161367 0.046852
v 0.307827 0.170163 0.048325
v 0.332536 0.129175 0.024853
v 0.343824 0.137002 0.040488
v 0.352823 0.142420 0.030318
v 0.332034 0.145898 0.057629
v 0.353715 0.152128 0.047903
v 0.346278 0.138307 0.018922
v 0.344816 0.143836 0.013226
v 0.349594 0.157765 0.014301
v 0.356942 0.155610 0.021824
v 0.360355 0.161691 0.033651
v 0.359820 0.181524 0.034083
v 0.315390 0.160767 0.062094
v 0.321932 0.165495 0.067942
v 0.313782 0.165814 0.060240
v 0.341822 0.179719 0.072303
v 0.328032 0.171687 0.073750
v 0.296392 -0.054118 0.012821
vn -0.2011 -0.9245 0.3239
vn 0.2647 -0.9293 0.2577
vn 0.2374 -0.9606 0.1443
vn 0.0209 -0.7969 0.6038
vn 0.8850 -0.2786 -0.3730
vn 0.6084 -0.6416 0.4672
vn 0.6725 -0.6534 0.3475
vn -0.1628 -0.6037 0.7804
vn 0.2469 -0.9511 -0.1855
vn 0.6654 -0.7340 0.1360
vn -0.3731 -0.5548 -0.7436
vn -0.0384 -0.5190 -0.8539
vn -0.7701 -0.3973 0.4991
vn -0.7912 -0.5945 0.1436
vn -0.9022 -0.1734 0.3948
vn -0.9183 -0.1574 0.3634
vn -0.5187 -0.6951 0.4978
vn -0.5551 -0.6362 0.5358
vn -0.4663 -0.3127 0.8275
vn -0.3869 -0.4545 0.8023
vn -0.4387 -0.1544 0.8853
vn -0.8024 -0.1404 0.5800
vn 0.5705 0.4477 0.6886
vn 0.6527 0.4359 0.6197
vn 0.6802 0.4830 0.5514
vn -0.1167 -0.9809 0.1559
vn 0.5678 0.3858 -0.7272
vn 0.1155 -0.9719 0.2050
vn 0.3239 0.3391 0.8832
vn 0.4423 0.0692 0.8942
vn 0.1833 -0.9715 0.1502
vn 0.6299 0.2378 0.7394
vn 0.6796 0.2229 0.6989
vn -0.1170 -0.9804 0.1585
vn 0.7100 0.5636 0.4222
vn 0.9153 -0.0885 0.3928
vn 0.3089 -0.6229 -0.7187
vn 0.6665 -0.7324 0.1395
vn 0.6553 0.4844 0.5796
vn 0.6647 -0.5730 -0.4793
vn 0.9718 -0.2001 -0.1248
vn 0.9879 -0.1548 -0.0128
vn 0.0021 -0.3868 -0.9221
vn -0.0583 -0.1599 -0.9854
vn -0.5759 -0.4680 -0.6703
vn -0.4043 -0.1085 -0.9082
vn 0.0480 0.4259 -0.9035
vn 0.4151 0.6093 -0.6757
vn -0.3785 0.2539 -0.8901
vn -0.5179 -0.2152 -0.8279
vn -0.3684 -0.0637 -0.9275
vn 0.0984 0.0864 -0.9914
vn 0.0744 0.0233 -0.9970
vn -0.5541 -0.1313 -0.8220
vn -0.4484 -0.7178 -0.5327
vn -0.5907 -0.3684 -0.7179
vn 0.0599 -0.1980 -0.9784
vn -0.2674 0.2735 -0.9240
vn 0.4924 -0.4978 -0.7139
vn 0.5397 -0.2821 -0.7932
vn 0.3970 -0.3150 -0.8621
vn -0.7545 -0.4056 -0.5160
vn -0.8314 -0.3495 -0.4320
vn -0.9399 -0.2660 0.2140
vn -0.5226 -0.5711 0.6331
vn -0.6220 -0.3608 0.6950
vn -0.4806 -0.4403 0.7584
vn -0.7791 0.5627 -0.2762
vn -0.7300 0.6389 -0.2429
vn -0.7300 0.6113 -0.3058
vn -0.7129 0.6335 -0.3007
vn -0.7018 0.6690 -0.2447
vn -0.6817 0.6798 -0.2706
vn 0.2925 0.5751 0.7640
vn 0.6173 0.2774 0.7362
vn 0.4501 0.5832 0.6763
vn 0.6363 -0.2545 0.7282
vn -0.0553 0.9034 -0.4252
vn 0.2932 0.9285 -0.2277
vn 0.4500 0.7661 -0.4589
vn 0.0271 0.7359 -0.6766
vn 0.3758 0.5942 -0.7111
vn -0.0559 -0.9199 -0.3882
vn 0.6827 -0.4088 -0.6056
vn 0.5943 0.3808 -0.7084
vn -0.0450 -0.9337 -0.3551
vn -0.0392 -0.9190 -0.3922
vn -0.0146 0.0433 0.9990
vn 0.2710 0.1488 0.9510
vn -0.0357 0.7093 0.7040
vn -0.2168 0.3014 0.9285
vn -0.4726 0.0330 0.8807
vn -0.3015 -0.5530 0.7767
vn -0.3065 -0.5616 0.7685
vn -0.8026 -0.1362 0.5808
vn -0.5252 -0.0429 0.8499
vn -0.5087 -0.1467 0.8483
vn -0.9613 -0.2623 0.0840
vn -0.8768 -0.4605 -0.1382
vn -0.8605 -0.4990 -0.1027
vn -0.8115 -0.4597 -0.3606
vn 0.0253 -0.7291 -0.6840
vn 0.0941 -0.6638 -0.7419
vn 0.3852 -0.5420 -0.7469
vn 0.1680 -0.1842 -0.9684
vn -0.4269 -0.7184 -0.5492
vn -0.4292 -0.7172 -0.5490
vn -0.4555 -0.0428 -0.8892
vn -0.2617 0.0453 -0.9641
vn -0.4887 -0.3112 -0.8151
vn -0.6005 -0.4159 -0.6829
vn -0.5882 -0.4690 -0.6589
vn -0.7586 -0.6340 -0.1502
vn -0.6733 -0.7336 -0.0921
vn -0.6874 0.6346 -0.3532
vn -0.7119 -0.6994 -0.0644
vn -0.9146 -0.1941 -0.3548
vn -0.6699 0.6781 -0.3023
vn -0.6228 -0.7430 -0.2451
vn -0.6911 0.6608 -0.2928
vn -0.3196 -0.9460 -0.0541
vn -0.5944 -0.7798 0.1967
vn -0.8964 -0.4327 -0.0961
vn -0.9391 -0.2589 -0.2258
vn -0.9638 -0.2651 0.0277
vn -0.9903 -0.0762 0.1166
vn -0.9564 -0.0700 0.2834
vn -0.7342 0.6158 -0.2860
vn -0.9369 0.0753 0.3414
vn -0.3078 -0.8049 0.5074
vn -0.3687 -0.7399 0.5626
vn -0.9022 0.0787 0.4240
vn -0.8257 0.2856 0.4865
vn -0.2139 -0.2554 0.9429
vn -0.1986 -0.2531 0.9468
vn -0.3049 -0.4001 0.8642
vn -0.6313 -0.6684 0.3934
vn -0.6827 0.6805 -0.2664
vn -0.7430 0.6345 -0.2130
vn -0.6063 -0.6617 0.4410
vn 0.0300 -0.3814 0.9239
vn 0.1301 -0.0422 0.9906
vn -0.1535 -0.3386 0.9283
vn -0.3854 0.0995 0.9174
vn 0.0078 -0.0219 0.9997
vn 0.0734 0.7386 0.6701
vn 0.1389 0.4824 0.8649
vn 0.4791 0.0536 0.8761
vn 0.0406 0.0274 0.9988
vn 0.0049 0.0059 1.0000
vn -0.2435 -0.0407 0.9690
vn -0.3457 0.5129 0.7858
vn -0.1409 0.1650 0.9762
vn -0.8228 0.5574 -0.1108
vn -0.7929 0.6092 0.0145
vn -0.7277 0.6557 -0.2010
vn -0.7129 0.6557 0.2486
vn -0.7690 0.5685 -0.2923
vn -0.4121 0.6576 0.6307
vn -0.4849 0.4157 0.7694
vn -0.1776 0.1799 0.9675
vn -0.6848 0.6952 -0.2185
vn -0.3879 0.5203 0.7608
vn 0.2174 -0.0057 0.9761
vn -0.6688 0.3972 0.6284
vn -0.6872 0.3587 0.6317
vn 0.7797 -0.6087 0.1467
vn 0.5465 -0.5991 0.5852
vn 0.0668 -0.0033 0.9978
vn -0.1485 -0.1513 0.9773
vn -0.4309 0.5812 0.6903
vn 0.1746 0.2269 0.9581
vn -0.2640 0.4831 0.8348
vn -0.0622 0.2054 0.9767
vn -0.0418 0.2088 0.9771
vn -0.3045 0.5026 0.8091
vn 0.3648 -0.4030 0.8393
vn -0.1988 0.0030 0.9800
vn -0.5373 0.2372 0.8094
vn -0.4813 0.1327 0.8665
vn -0.1435 -0.2094 0.9672
vn -0.8050 0.2864 0.5196
vn -0.1170 -0.1422 0.9829
vn -0.3228 -0.0724 0.9437
vn -0.2371 -0.4498 0.8611
vn -0.1915 -0.4764 0.8582
vn -0.6241 -0.1152 0.7728
vn -0.3029 -0.3401 0.8903
vn -0.4196 -0.5495 0.7225
vn -0.3987 -0.5478 0.7355
vn -0.6571 -0.1029 0.7467
vn -0.4047 -0.5652 0.7189
vn -0.5878 -0.6812 0.4365
vn -0.4381 -0.8987 -0.0210
vn -0.4165 -0.8699 -0.2642
vn -0.3489 -0.8574 -0.3783
vn -0.7955 -0.2189 -0.5651
vn -0.7581 -0.2681 -0.5944
vn -0.6625 0.6491 -0.3739
vn -0.2216 -0.8113 -0.5410
vn -0.2294 -0.8229 -0.5199
vn -0.3815 -0.8448 -0.3753
vn -0.4128 -0.1957 -0.8895
vn -0.5041 -0.1733 -0.8461
vn -0.2301 -0.0998 -0.9680
vn -0.7124 0.4137 -0.5668
vn -0.6576 0.4210 -0.6247
vn -0.6567 0.4129 -0.6311
vn -0.2366 -0.0981 -0.9667
vn -0.0380 0.2820 -0.9587
vn 0.0478 0.0759 -0.9960
vn -0.2142 0.4763 -0.8528
vn -0.4718 0.5638 -0.6778
vn 0.3674 0.0402 -0.9292
vn 0.2965 0.0529 -0.9536
vn -0.0187 -0.0901 -0.9958
vn -0.0088 0.4584 -0.8887
vn -0.2767 0.2935 -0.9150
vn 0.3659 0.2529 -0.8956
vn 0.6778 -0.1870 -0.7111
vn 0.6576 0.2765 -0.7008
vn 0.0937 0.4296 -0.8981
vn 0.2731 0.1465 0.9508
vn -0.0542 0.7852 0.6168
vn 0.4897 0.0856 0.8677
vn -0.0342 0.8141 0.5797
vn -0.4423 -0.8489 0.2894
vn -0.3508 -0.9179 0.1856
vn -0.5547 -0.8208 -0.1366
vn -0.5431 -0.8386 -0.0412
vn -0.6046 -0.7834 0.1439
vn -0.5654 -0.7914 0.2324
vn -0.5301 -0.6835 0.5019
vn -0.7709 -0.5029 0.3908
vn -0.4072 -0.5509 0.7285
vn -0.7792 -0.2501 0.5747
vn -0.7296 -0.2683 0.6290
vn -0.5589 -0.6939 0.4540
vn 0.2905 -0.8411 0.4562
vn 0.2515 -0.8394 0.4819
vn -0.5683 -0.6682 0.4801
vn -0.5761 -0.6656 0.4744
vn -0.5616 -0.7809 0.2735
vn 0.2568 -0.8700 0.4209
vn 0.2325 -0.8728 0.4292
vn -0.7091 -0.5746 0.4087
vn -0.6605 -0.5331 0.5287
vn -0.6629 -0.2653 0.7001
vn 0.4101 -0.6709 0.6178
vn -0.1396 -0.7288 0.6704
vn -0.7634 -0.3233 0.5592
vn -0.4584 -0.3293 0.8255
vn -0.3333 -0.1638 0.9285
vn -0.2058 0.2834 0.9367
vn -0.1709 0.2557 0.9515
vn 0.3607 -0.3009 0.8828
vn -0.1806 0.6926 0.6983
vn 0.0244 0.6077 0.7938
vn 0.1915 0.3297 0.9245
vn -0.6811 -0.0119 0.7321
vn -0.3548 -0.1370 0.9249
vn -0.1533 -0.6055 0.7809
vn -0.7287 -0.1662 0.6643
vn -0.1349 -0.1606 0.9778
vn 0.1843 -0.6085 0.7719
vn 0.1836 -0.7015 0.6886
vn -0.7927 0.4507 0.4104
vn -0.3651 -0.3873 0.8466
vn -0.2824 -0.3718 0.8843
vn -0.5846 -0.7945 0.1641
vn -0.5250 -0.8467 -0.0860
vn 0.0870 -0.9692 0.2303
vn 0.1002 -0.9679 0.2304
vn -0.5635 -0.8245 -0.0513
vn -0.6110 -0.7824 0.1200
vn -0.8073 -0.5846 0.0813
vn -0.3892 -0.8232 -0.4133
vn -0.6638 -0.6179 -0.4214
vn -0.6317 -0.6663 -0.3963
vn -0.4439 -0.7890 -0.4248
vn -0.2274 -0.8001 -0.5551
vn -0.2813 -0.7013 -0.6550
vn -0.1697 -0.6677 -0.7248
vn -0.5636 -0.2267 -0.7944
vn -0.6235 -0.1842 -0.7598
vn -0.6351 0.5489 -0.5435
vn -0.6527 0.6594 -0.3732
vn -0.2755 -0.7854 -0.5543
vn -0.6101 0.6498 -0.4534
vn -0.6174 0.6780 -0.3989
vn -0.1943 -0.5848 0.7876
vn 0.5659 0.5857 0.5803
vn 0.6108 0.2295 0.7578
vn 0.3706 0.7210 0.5855
vn -0.0485 0.8114 0.5825
vn 0.4101 0.6889 0.5977
vn 0.3702 0.7143 0.5939
vn 0.6624 0.6244 0.4138
vn 0.6639 0.6795 0.3124
vn 0.4550 0.8547 -0.2500
vn 0.8151 0.5792 0.0109
vn 0.8206 0.3836 -0.4237
vn 0.8276 0.5614 -0.0042
vn 0.7228 0.5294 0.4442
vn 0.3363 0.7770 0.5322
vn 0.3268 0.7936 0.5132
vn 0.7789 0.3147 0.5424
vn 0.7776 0.1624 0.6075
vn -0.0828 0.8001 0.5941
vn 0.1346 0.7212 0.6795
vn 0.0254 0.8991 0.4371
vn 0.5450 0.5672 0.6174
vn 0.5304 0.5749 0.6231
vn 0.5448 0.4763 0.6901
vn 0.1767 0.5904 0.7875
vn -0.4391 0.8929 0.0994
vn -0.2344 0.8595 0.4541
vn -0.2145 0.7800 0.5879
vn 0.2205 0.3729 0.9013
vn 0.6764 0.1949 0.7103
vn 0.6670 0.0763 0.7411
vn 0.5376 0.2841 0.7939
vn -0.7251 -0.5368 0.4314
vn 0.8133 0.3874 -0.4341
vn 0.4323 0.3009 -0.8501
vn 0.4871 0.5955 -0.6388
vn 0.4570 0.8870 0.0661
vn 0.7313 0.6702 0.1263
vn 0.6844 0.6195 0.3845
vn 0.5768 0.6245 0.5266
vn 0.5597 0.6620 0.4984
vn -0.6563 0.7023 -0.2758
vn -0.6565 0.7118 -0.2499
vn 0.5668 0.5849 0.5802
vn -0.6111 0.7488 -0.2567
vn -0.3628 0.9295 -0.0661
vn -0.6308 0.7456 -0.2149
vn -0.1750 0.9261 0.3341
vn -0.0969 0.9590 0.2664
vn -0.6054 0.7222 -0.3344
vn -0.1032 0.9587 0.2651
vn 0.2785 0.7601 0.5870
vn 0.2723 0.7686 0.5789
vn -0.1391 0.8941 0.4258
vn -0.4255 0.9017 -0.0765
vn -0.6213 0.7621 -0.1820
vn -0.2363 0.8042 0.5454
vn 0.2821 0.2421 0.9283
vn -0.2110 0.6791 0.7031
vn -0.2428 0.6808 0.6911
vn 0.0982 0.2879 0.9526
vn 0.1134 0.3498 0.9299
vn -0.0058 0.4145 0.9100
vn 0.6761 0.7156 0.1756
vn -0.5881 -0.0837 0.8045
vn 0.4050 0.3947 0.8247
vn 0.1542 0.5511 0.8201
vn -0.7000 0.6643 -0.2622
vn -0.6987 -0.7151 -0.0220
vn -0.9013 -0.3553 0.2478
vn 0.3190 0.2823 0.9047
vn 0.4040 0.4108 0.8173
vn 0.5328 0.4210 0.7341
vn -0.9514 -0.1045 -0.2896
vn -0.9741 0.0898 -0.2073
vn -0.7318 0.0653 -0.6784
vn -0.9541 0.2648 0.1395
vn -0.7455 0.0987 0.6592
vn -0.7386 0.1256 0.6624
vn -0.5370 -0.5176 0.6661
vn -0.6947 0.5682 -0.4410
vn -0.1776 -0.6418 -0.7460
vn 0.0465 -0.3238 -0.9450
vn 0.6551 0.1072 -0.7479
vn 0.5419 0.5470 -0.6381
vn 0.6582 0.2542 -0.7087
vn 0.6137 0.7008 -0.3637
vn 0.5655 0.8228 -0.0564
vn -0.4465 -0.8470 -0.2885
vn -0.5424 -0.8266 0.1502
vn -0.6081 -0.7865 0.1082
vn -0.4306 -0.6579 0.6179
vn -0.8023 0.4029 0.4404
vn -0.3346 -0.2474 0.9093
vn -0.2852 -0.2370 0.9287
vn 0.0275 -0.6378 0.7697
vn 0.0266 -0.6363 0.7710
vn -0.5805 0.0205 0.8140
vn -0.1854 -0.4150 0.8907
vn -0.5336 -0.0022 0.8457
vn -0.4596 0.7337 0.5004
vn -0.4593 0.4130 0.7865
vn 0.3106 -0.6593 0.6847
vn -0.1450 0.1051 0.9838
vn -0.0267 -0.1853 0.9823
vn 0.2956 -0.4736 0.8296
vn -0.5230 0.8354 -0.1689
vn -0.2250 0.8647 0.4491
vn 0.0909 0.1830 0.9789
vn -0.0263 0.4461 0.8946
vn 0.3322 -0.4874 0.8075
vn -0.2267 0.8815 0.4141
vn 0.3372 -0.4528 0.8254
vn 0.0709 0.1933 0.9786
vn -0.1832 0.3380 0.9231
vn 0.1158 0.1069 0.9875
vn 0.0691 -0.4939 0.8668
vn 0.2157 -0.2540 0.9428
vn 0.2326 -0.3489 0.9078
vn -0.0536 0.4468 0.8930
vn 0.4525 -0.2029 0.8684
vn -0.5302 0.2281 0.8166
vn -0.5056 0.8504 0.1456
vn -0.6883 0.6165 0.3822
vn -0.4090 0.7445 0.5277
vn -0.1277 0.3657 0.9219
vn -0.4819 0.0867 0.8719
vn -0.4963 -0.4613 0.7355
vn -0.6928 -0.3077 0.6522
vn -0.2768 -0.6319 0.7240
vn -0.5152 -0.4001 0.7579
vn -0.9636 0.1926 0.1853
vn -0.8809 0.0584 0.4697
vn -0.9909 0.0206 0.1328
vn -0.1545 -0.7626 0.6281
vn -0.9597 0.2365 0.1519
vn -0.1567 -0.7631 0.6270
vn -0.5933 -0.5907 0.5468
vn -0.1889 -0.5430 0.8182
vn -0.0590 -0.6702 0.7399
vn -0.9254 -0.0700 0.3725
vn -0.4260 -0.6576 0.6213
vn -0.4307 -0.6911 0.5804
vn -0.5416 -0.8364 0.0846
vn -0.5913 -0.7915 -0.1548
vn -0.0147 -0.9813 -0.1918
vn -0.2300 -0.9476 -0.2219
vn -0.3907 -0.8627 -0.3212
vn -0.3098 -0.8367 -0.4517
vn -0.1882 -0.8498 -0.4924
vn -0.5770 -0.4937 -0.6507
vn -0.2880 -0.5529 -0.7819
vn -0.0960 -0.7568 -0.6465
vn -0.3886 -0.1640 -0.9067
vn 0.0518 -0.6964 -0.7157
vn 0.3351 -0.5526 -0.7631
vn 0.4546 -0.2828 -0.8446
vn 0.0313 -0.7343 -0.6782
vn 0.4896 -0.2709 -0.8288
vn -0.1614 0.0380 -0.9862
vn 0.5137 -0.2394 -0.8239
vn 0.2989 -0.2337 -0.9252
vn -0.2678 -0.2114 -0.9400
vn 0.2752 -0.4744 -0.8362
vn -0.3211 -0.0374 -0.9463
vn -0.8338 0.5357 0.1330
vn -0.9439 0.2716 0.1879
vn -0.9554 -0.0888 0.2816
vn -0.9801 0.1652 0.1101
vn -0.9062 -0.0213 -0.4223
vn -0.8827 0.0089 -0.4699
vn -0.8539 0.2723 0.4436
vn -0.8666 0.0703 -0.4940
vn -0.8688 0.0686 -0.4903
vn -0.8402 0.3005 0.4515
vn -0.8455 0.2536 0.4700
vn -0.8345 0.2009 0.5130
vn -0.8797 0.2300 -0.4161
vn -0.8089 0.3020 -0.5045
vn -0.8208 0.3763 -0.4298
vn -0.9042 0.0929 0.4169
vn -0.9028 0.1039 0.4174
vn 0.6071 0.2015 -0.7687
vn 0.5908 0.2058 -0.7801
vn 0.1226 0.5706 -0.8120
vn 0.0095 0.5603 -0.8282
vn 0.5371 0.1297 -0.8335
vn 0.1921 0.6819 -0.7058
vn 0.2109 0.6221 -0.7540
vn 0.2564 0.6617 -0.7046
vn 0.5797 0.7584 -0.2978
vn 0.2581 0.6938 -0.6724
vn 0.8118 0.4128 -0.4129
vn 0.7334 0.6222 -0.2737
vn 0.7023 0.6970 0.1447
vn -0.6342 0.7179 -0.2870
vn -0.6429 0.6954 -0.3211
vn 0.0161 0.9930 0.1173
vn 0.6328 0.2087 0.7456
vn -0.8047 0.5400 -0.2467
vn -0.8423 -0.0185 -0.5387
vn -0.8047 0.0723 -0.5893
vn -0.8224 -0.2210 -0.5243
vn -0.8930 0.4193 0.1634
vn -0.9152 0.3567 0.1877
vn -0.7331 0.4999 0.4612
vn -0.5119 0.6215 0.5931
vn -0.8953 0.4336 0.1020
vn 0.0581 0.9831 0.1736
vn -0.4768 0.4329 0.7650
vn 0.1820 -0.3025 0.9356
vn 0.3633 -0.5019 0.7849
vn -0.4124 -0.0234 0.9107
vn -0.0300 0.3222 0.9462
vn 0.4042 0.5282 0.7467
vn 0.5629 0.4245 0.7092
vn -0.0653 0.1120 0.9916
vn -0.0064 0.1971 0.9804
vn -0.4830 -0.2421 0.8415
vn -0.0799 0.1653 0.9830
vn 0.4916 0.6548 0.5741
vn -0.6147 -0.2401 0.7513
vn -0.7485 -0.6391 -0.1771
vn -0.7063 -0.7073 -0.0283
vn 0.5745 -0.5888 0.5685
vn 0.4931 -0.5093 0.7053
vn 0.4925 -0.3530 0.7955
vn 0.1910 0.3271 0.9255
vn 0.0315 0.5636 0.8255
vn 0.1465 0.3487 0.9257
vn -0.0106 0.3678 0.9299
vn -0.8254 -0.5536 -0.1106
vn -0.3602 -0.9225 -0.1384
vn -0.7287 -0.6125 -0.3062
vn 0.5718 0.6239 0.5327
vn -0.4945 -0.2797 0.8230
vn 0.2851 0.4661 0.8375
vn -0.9550 -0.2495 0.1607
vn -0.8039 -0.5714 -0.1648
vn -0.7097 -0.6803 -0.1830
vn -0.5194 -0.1932 0.8324
vn -0.8045 -0.5928 0.0367
vn -0.8263 -0.5331 -0.1817
vn 0.1542 0.2574 0.9539
vn -0.6179 -0.1835 0.7645
vn -0.6006 -0.1137 0.7914
vn 0.0356 0.3352 0.9415
vn -0.6037 -0.0862 0.7925
vn -0.6035 -0.0863 0.7927
vn -0.8260 -0.5601 0.0635
vn -0.8643 -0.4988 -0.0653
vn -0.8635 -0.5005 -0.0625
vn -0.7690 -0.6393 0.0021
vn -0.8350 -0.5481 0.0495
vn -0.8384 -0.4917 0.2353
vn -0.2564 0.8964 0.3615
vn -0.2574 0.8640 0.4327
vn -0.1851 0.3092 0.9328
vn 0.2344 0.3301 0.9144
vn 0.1886 -0.0199 0.9818
vn 0.7219 0.3097 0.6188
vn 0.1506 0.7624 0.6294
vn 0.5438 0.3126 0.7789
vn 0.1740 0.7715 0.6120
vn -0.0932 -0.9064 -0.4120
vn -0.4165 -0.7373 -0.5320
vn -0.3982 -0.7780 -0.4860
vn -0.3889 -0.8221 -0.4158
vn -0.6892 -0.4507 -0.5673
vn -0.3680 -0.4570 -0.8098
vn -0.2755 -0.6633 -0.6958
vn 0.2151 -0.9413 -0.2602
vn 0.0252 -0.7249 -0.6884
vn 0.2386 -0.6994 -0.6737
vn 0.0528 -0.4237 -0.9043
vn -0.9261 -0.3774 0.0029
vn -0.7701 -0.4203 0.4799
vn -0.7378 -0.4426 0.5096
vn -0.7810 -0.3435 0.5216
vn -0.8572 -0.4343 -0.2768
vn -0.6499 -0.6929 -0.3122
vn -0.7302 -0.5713 -0.3747
vn 0.0048 -0.1521 -0.9884
vn -0.3686 -0.2195 -0.9033
vn 0.1690 -0.1034 -0.9802
vn -0.0888 0.1898 -0.9778
vn 0.5656 -0.1891 -0.8027
vn 0.5019 -0.1502 -0.8518
vn 0.0844 0.2810 -0.9560
vn -0.2049 -0.9274 -0.3131
vn 0.0925 -0.2767 -0.9565
vn 0.6007 0.1797 -0.7790
vn 0.6484 0.0854 -0.7565
vn 0.1276 -0.2995 -0.9455
vn 0.5973 -0.1864 -0.7800
vn 0.7818 -0.5768 -0.2368
vn 0.5210 -0.1562 -0.8391
vn 0.9110 0.3923 -0.1269
vn 0.6247 -0.4532 -0.6359
vn -0.4383 0.7248 -0.5317
vn -0.1834 0.7103 -0.6796
vn -0.5628 0.7281 -0.3913
vn 0.1444 0.8366 -0.5284
vn -0.0533 0.8724 -0.4858
vn 0.0966 0.8739 -0.4764
vn -0.9647 0.0229 0.2622
vn 0.2907 0.6815 -0.6717
vn -0.9240 -0.1698 0.3426
vn 0.0266 0.8944 -0.4465
vn 0.0765 0.9260 -0.3697
vn 0.3646 0.8978 0.2470
vn -0.1392 0.9829 -0.1204
vn 0.8023 0.5870 -0.1086
vn -0.6054 0.7198 -0.3396
vn -0.5520 0.7106 -0.4364
vn -0.4808 0.7735 -0.4129
vn 0.7638 0.3429 -0.5468
vn 0.7629 0.2828 -0.5814
vn 0.1835 0.4188 -0.8893
vn 0.5666 0.0138 -0.8238
vn 0.5787 -0.0345 -0.8148
vn -0.4218 0.7290 -0.5391
vn 0.0212 0.4814 -0.8762
vn -0.9483 -0.0445 -0.3141
vn -0.3332 -0.7549 0.5649
vn -0.1011 -0.6171 0.7804
vn -0.7606 0.5169 -0.3929
vn -0.8505 0.5187 0.0871
vn -0.8408 0.5356 0.0783
vn -0.6215 -0.2357 0.7471
vn -0.9338 -0.0678 0.3513
vn -0.8419 -0.5014 0.1995
vn -0.9090 -0.3148 0.2732
vn -0.7127 0.6944 -0.0996
vn 0.0510 -0.8856 0.4616
vn -0.1014 -0.9028 0.4179
vn -0.6761 -0.6137 0.4078
vn -0.9494 -0.2781 0.1459
vn -0.6729 -0.6389 0.3729
vn -0.4251 -0.7513 0.5047
vn -0.6835 -0.7255 0.0808
vn -0.4646 -0.8842 -0.0475
vn -0.4234 -0.8688 -0.2567
vn -0.2049 -0.8973 -0.3909
vn 0.0167 -0.3704 -0.9287
vn -0.0178 -0.5171 -0.8557
vn 0.0723 -0.6959 -0.7145
vn 0.0252 -0.5052 -0.8626
vn 0.0857 -0.6180 -0.7815
vn 0.0915 -0.9079 -0.4091
vn -0.3195 -0.4047 -0.8568
vn 0.0541 -0.7557 -0.6526
vn -0.2809 -0.6721 -0.6851
vn -0.1778 -0.8038 -0.5677
vn 0.0963 -0.6238 -0.7756
vn -0.1050 -0.3806 -0.9188
vn 0.0362 -0.4922 -0.8697
vn -0.7346 -0.2795 0.6183
vn -0.7728 -0.2348 0.5896
vn -0.6890 -0.2953 0.6618
vn -0.7030 -0.3026 0.6436
vn -0.7128 -0.6137 0.3394
vn -0.6502 -0.3683 0.6645
vn -0.2291 -0.2670 -0.9361
vn 0.4547 -0.7536 -0.4746
vn 0.0915 -0.6486 -0.7556
vn 0.0897 -0.6635 -0.7428
vn -0.0664 -0.7155 -0.6954
vn -0.2534 -0.7110 -0.6560
vn -0.5927 -0.7349 -0.3296
vn -0.5461 -0.8023 -0.2412
vn -0.4444 -0.8511 -0.2797
vn -0.7726 -0.2358 0.5895
vn -0.5115 -0.7886 -0.3413
vn 0.8346 0.3793 -0.3995
vn 0.7718 0.5269 -0.3561
vn 0.5239 -0.3056 -0.7951
vn 0.9742 -0.1982 -0.1077
vn 0.8618 -0.2622 -0.4343
vn 0.9440 -0.2467 -0.2191
vn 0.8925 -0.1618 -0.4210
vn 0.6281 -0.0691 -0.7751
vn 0.9730 -0.2045 -0.1068
vn 0.9836 -0.1804 -0.0088
vn 0.0815 0.3040 -0.9492
vn 0.2896 0.5179 -0.8050
vn -0.9461 0.2329 0.2249
vn -0.8009 0.4031 -0.4429
vn -0.9709 -0.1500 0.1868
vn -0.8434 0.4494 -0.2945
vn -0.8124 0.4620 -0.3557
vn -0.8283 0.4973 -0.2582
vn -0.8003 0.5416 -0.2572
vn -0.1148 0.8907 -0.4398
vn -0.9780 -0.2049 0.0403
vn -0.9460 -0.3225 0.0326
vn 0.6094 0.7700 -0.1890
vn 0.4784 0.8781 -0.0015
vn 0.4206 0.8852 -0.1987
vn -0.9042 -0.3024 -0.3018
vn -0.8750 -0.3404 -0.3443
vn -0.9474 -0.1982 -0.2511
vn -0.7610 0.6258 -0.1710
vn 0.0753 0.9149 -0.3967
vn 0.5694 0.8149 -0.1080
vn 0.5870 0.7618 -0.2740
vn 0.5878 0.5916 -0.5519
vn 0.0449 0.6879 -0.7244
vn 0.1672 0.7071 -0.6870
vn -0.2400 -0.9401 0.2420
vn -0.8529 -0.5180 0.0648
vn -0.8774 -0.4253 0.2219
vn -0.6430 -0.7649 0.0394
vn -0.5928 -0.7761 -0.2150
vn -0.2722 -0.9346 0.2291
vn -0.4766 -0.8055 -0.3521
vn 0.0836 -0.9583 0.2732
vn -0.6239 -0.6835 0.3789
vn -0.9846 -0.0536 -0.1663
vn -0.5890 -0.7803 -0.2104
vn -0.7806 -0.5607 -0.2761
vn -0.4508 -0.7760 -0.4411
vn -0.5791 -0.4738 -0.6635
vn -0.4128 -0.7813 -0.4682
vn -0.2320 -0.1895 -0.9541
vn -0.6963 -0.1436 0.7033
vn -0.8174 -0.2149 0.5345
vn -0.8000 -0.2252 0.5561
vn -0.8717 -0.1694 0.4599
vn -0.2234 -0.3353 -0.9152
vn 0.1198 -0.7372 -0.6650
vn -0.0324 -0.7098 -0.7037
vn -0.7699 -0.2473 0.5883
vn -0.5890 -0.6991 -0.4055
vn -0.5774 -0.7065 -0.4092
vn -0.7928 -0.1987 0.5762
vn -0.8021 -0.2036 0.5613
vn -0.7791 -0.2085 0.5912
vn -0.1978 -0.5435 -0.8158
vn -0.2520 -0.8218 -0.5110
vn -0.0218 -0.9673 -0.2525
vn -0.9723 0.0687 -0.2235
vn -0.8245 -0.2890 -0.4865
vn -0.8203 -0.2971 -0.4887
vn -0.8734 0.0074 -0.4870
vn -0.0254 -0.9624 -0.2706
vn -0.6910 0.0979 -0.7162
vn -0.5047 -0.1901 -0.8421
vn 0.0443 -0.9637 -0.2632
vn 0.0170 -0.8652 -0.5011
vn -0.3466 0.0388 -0.9372
vn -0.4807 -0.2954 -0.8256
vn -0.5442 -0.4060 -0.7342
vn -0.8326 -0.2310 -0.5033
vn -0.3296 -0.8477 -0.4157
vn -0.2451 -0.9693 0.0205
vn -0.2841 -0.9588 0.0083
vn -0.6501 -0.7071 -0.2783
vn -0.6450 -0.7641 0.0060
vn -0.6482 -0.7514 0.1235
vn -0.9204 -0.3860 -0.0626
vn -0.8599 -0.4858 0.1565
vn -0.0969 -0.7944 0.5996
vn -0.9877 -0.1557 0.0134
vn -0.0575 -0.8083 0.5859
vn -0.2004 -0.2291 -0.9525
vn -0.1983 -0.3055 -0.9313
vn -0.2512 -0.8906 -0.3790
vn -0.1286 -0.6327 -0.7636
vn -0.4369 -0.8319 -0.3421
vn -0.2964 -0.7559 -0.5838
vn -0.1968 -0.3026 -0.9326
vn -0.9277 -0.1741 0.3303
vn 0.5462 -0.7285 -0.4134
vn -0.6201 -0.7465 0.2414
vn -0.7696 -0.2204 0.5993
vn -0.7682 -0.2241 0.5997
vn -0.7635 -0.2885 0.5778
vn -0.6031 -0.6501 -0.4622
vn 0.2414 -0.2267 -0.9436
vn 0.4236 -0.2475 -0.8714
vn 0.4088 -0.4283 -0.8059
vn 0.5109 -0.2532 -0.8215
vn -0.5438 -0.7581 -0.3600
vn -0.8051 -0.2028 0.5574
vn -0.5453 -0.7688 -0.3341
vn 0.1967 -0.5135 -0.8353
vn 0.4930 -0.2301 -0.8390
vn 0.5675 -0.1816 -0.8031
vn 0.6192 -0.0062 -0.7852
vn 0.4772 -0.2213 -0.8505
vn 0.6541 0.0122 -0.7563
vn -0.0990 0.3485 -0.9321
vn 0.7650 0.4194 -0.4888
vn 0.5729 -0.0561 -0.8177
vn 0.6745 0.1049 -0.7308
vn 0.6789 0.0851 -0.7293
vn 0.7473 0.0138 -0.6644
vn 0.7954 0.1731 -0.5808
vn 0.0528 0.1664 -0.9846
vn -0.1869 -0.6889 -0.7004
vn -0.3338 0.1914 -0.9230
vn 0.2225 0.2801 -0.9338
vn 0.8046 0.1459 -0.5757
vn -0.0633 0.2679 -0.9614
vn 0.3636 0.3879 -0.8469
vn 0.3667 0.3764 -0.8508
vn 0.5473 0.3050 -0.7794
vn -0.0033 0.2953 -0.9554
vn 0.3819 0.6770 -0.6291
vn 0.6392 0.7636 -0.0913
vn 0.8658 0.2103 -0.4540
vn 0.9830 -0.1836 -0.0086
vn 0.8538 0.2811 -0.4382
vn -0.1347 0.3585 -0.9238
vn 0.3765 0.9201 -0.1081
vn 0.8702 0.4848 -0.0882
vn 0.4654 0.8508 -0.2440
vn -0.0920 0.2629 -0.9604
vn 0.5567 0.8159 0.1561
vn -0.4872 0.6969 0.5264
vn 0.1228 0.7709 0.6250
vn -0.4234 0.8783 0.2221
vn 0.5817 0.7842 0.2159
vn 0.8322 0.5427 0.1139
vn 0.7762 0.4680 0.4224
vn 0.8719 0.4450 0.2042
vn 0.9740 -0.0878 0.2091
vn 0.9675 -0.1174 0.2239
vn 0.9702 -0.0854 0.2269
vn 0.9649 -0.1075 0.2397
vn 0.7436 0.5589 0.3671
vn 0.8982 0.4289 -0.0965
vn 0.8813 0.4690 -0.0570
vn 0.8755 0.4787 -0.0662
vn 0.8791 0.4488 -0.1603
vn 0.7469 0.3332 0.5754
vn 0.7044 0.3482 0.6185
vn 0.1891 0.9799 0.0634
vn 0.4428 0.8642 0.2390
vn 0.8517 0.2640 0.4526
vn 0.8248 0.3071 0.4748
vn 0.8803 0.4476 -0.1571
vn 0.4607 0.8848 0.0701
vn 0.5121 0.4479 -0.7329
vn 0.4541 0.4026 -0.7948
vn 0.4549 0.4045 -0.7934
vn 0.5476 0.8127 -0.1988
vn 0.8601 0.3128 -0.4030
vn 0.8776 0.3151 -0.3614
vn 0.8369 0.3778 -0.3962
vn 0.7855 0.3695 0.4965
vn 0.8360 0.4267 -0.3451
vn 0.8652 0.4863 -0.1223
vn 0.6099 0.2944 0.7358
vn 0.2631 0.0984 0.9597
vn 0.7735 0.5500 0.3151
vn 0.2953 0.2140 0.9311
vn -0.0743 0.0531 0.9958
vn 0.3621 0.2567 0.8961
vn -0.3387 -0.0104 0.9408
vn 0.2775 0.8956 0.3478
vn 0.4034 0.8199 0.4062
vn 0.1745 0.8616 0.4766
vn -0.4743 0.7495 0.4618
vn -0.5642 0.6795 0.4690
vn 0.6494 0.4481 0.6144
vn 0.6109 0.5871 0.5311
vn 0.9620 -0.1061 0.2516
vn 0.9692 -0.1208 0.2147
vn 0.4702 0.5604 0.6818
vn 0.4720 0.5622 0.6791
vn -0.1453 0.8327 0.5343
vn 0.5813 0.5954 0.5546
vn 0.6142 0.6234 0.4838
vn 0.3812 0.8932 0.2386
vn -0.8063 -0.2166 -0.5504
vn -0.8694 0.4829 0.1046
vn -0.8591 0.5040 0.0888
vn 0.1627 0.6021 0.7816
vn 0.2039 0.6176 0.7596
vn 0.1604 0.6042 0.7805
vn 0.6419 0.3638 0.6750
vn 0.5683 0.4669 0.6775
vn 0.5880 0.4725 0.6566
vn -0.6480 -0.6931 0.3157
vn 0.5380 0.4255 0.7277
vn 0.5818 0.5327 0.6146
vn 0.6659 0.4889 0.5635
vn -0.9479 0.0269 -0.3175
vn -0.8608 0.5083 0.0271
vn -0.8411 0.5406 0.0163
vn -0.8958 -0.1446 -0.4203
vn 0.0117 0.8285 0.5599
vn 0.0759 0.8701 0.4870
vn 0.0368 0.8998 0.4347
vn 0.5766 0.6316 0.5183
vn 0.0998 0.9538 0.2835
vn -0.8386 -0.3874 -0.3829
vn -0.8110 0.5748 -0.1089
vn -0.8129 0.5722 -0.1083
vn 0.1770 0.9506 0.2549
vn 0.6595 0.6429 0.3896
vn 0.6889 0.7200 0.0841
vn 0.6274 0.7173 -0.3030
vn 0.9925 -0.0685 0.1013
vn 0.9862 -0.1086 0.1248
vn 0.9971 -0.0572 0.0506
vn 0.2438 0.9558 -0.1643
vn 0.9418 0.3297 -0.0661
vn 0.5027 0.6341 -0.5875
vn 0.9876 -0.1543 0.0271
vn 0.9910 -0.1318 0.0231
vn 0.6053 0.1546 -0.7808
vn -0.0169 0.4244 -0.9053
vn 0.6266 0.3561 -0.6932
vn 0.6320 0.3460 -0.6935
vn 0.6261 0.5386 -0.5639
vn 0.1415 0.5073 -0.8501
vn 0.6193 0.6511 0.4387
vn 0.5417 0.7340 0.4096
vn 0.6604 0.6637 0.3512
vn 0.6784 0.6542 0.3343
vn -0.7843 -0.4875 -0.3837
vn -0.8686 -0.3533 -0.3474
vn 0.6363 0.6053 0.4782
vn 0.7161 0.3256 0.6174
vn -0.5436 0.1886 0.8179
vn 0.4945 0.5091 0.7045
vn 0.2270 0.7644 0.6035
vn -0.8457 -0.3528 -0.4004
vn 0.5139 0.7753 0.3671
vn 0.9006 0.3290 0.2839
vn 0.6533 0.3826 0.6533
vn 0.6213 0.4470 0.6435
vn 0.9785 0.1644 0.1246
vn 0.9871 0.1540 0.0435
vn 0.4726 0.5452 0.6924
vn 0.8088 0.5481 -0.2133
vn 0.8136 0.5495 -0.1900
vn 0.5411 0.5380 0.6464
vn 0.2208 0.4011 0.8890
vn 0.5329 0.6150 0.5813
vn 0.1291 0.5611 0.8176
vn -0.7284 -0.6678 -0.1531
vn -0.1226 0.7381 0.6635
vn -0.0888 0.5128 0.8539
vn -0.0829 0.2638 0.9610
vn -0.0335 0.5213 0.8527
vn 0.0971 -0.6088 0.7874
vn -0.5000 -0.0561 0.8642
vn 0.0722 -0.5993 0.7972
vn -0.4805 0.1277 0.8676
vn -0.4789 -0.0171 0.8777
vn 0.2712 -0.4661 0.8421
vn -0.2381 -0.2817 0.9295
vn -0.0746 -0.6943 0.7158
vn -0.0374 -0.7860 0.6171
vn -0.0419 -0.7860 0.6168
vn -0.8450 -0.3322 0.4190
vn -0.8428 -0.4516 0.2928
vn -0.8083 -0.5142 0.2867
vn 0.3052 -0.8549 0.4196
vn 0.2231 -0.8663 0.4470
vn 0.2646 -0.9394 0.2179
vn 0.0207 -0.9018 -0.4316
vn 0.4875 -0.8395 -0.2399
vn -0.2492 -0.8715 -0.4224
vn -0.8353 -0.4567 -0.3061
vn -0.2602 -0.2760 -0.9253
vn -0.3852 0.1208 -0.9149
vn -0.8115 -0.5073 0.2902
vn -0.8087 -0.5089 0.2950
vn -0.2324 0.1233 -0.9648
vn -0.6462 -0.1598 -0.7462
vn -0.5634 -0.1976 -0.8022
vn -0.8051 -0.5924 -0.0289
vn -0.9752 -0.2205 -0.0178
vn -0.8860 -0.0968 -0.4534
vn 0.4446 -0.7071 0.5498
vn -0.3263 -0.8960 0.3012
vn 0.3064 -0.8333 0.4602
vn -0.7461 -0.3124 0.5880
vn -0.7503 -0.5592 0.3525
vn 0.1748 -0.7204 0.6712
vn -0.1786 -0.7459 0.6417
vn -0.9822 -0.1714 0.0775
vn 0.4090 -0.6993 0.5862
vn -0.9292 -0.3537 -0.1073
vn -0.7273 -0.6449 -0.2348
vn -0.9697 0.2409 0.0395
vn -0.9676 -0.1053 -0.2295
vn -0.8969 0.4222 0.1315
vn -0.9881 -0.0694 -0.1375
vn -0.7290 -0.5343 -0.4278
vn -0.9847 0.1732 -0.0188
vn -0.9690 -0.2172 -0.1180
vn -0.5364 -0.5940 -0.5996
vn -0.7719 -0.5989 -0.2134
vn -0.7217 -0.6698 -0.1748
vn -0.3988 -0.8840 -0.2441
vn -0.1776 -0.9732 -0.1459
vn -0.1329 -0.7598 -0.6365
vn 0.2509 -0.9634 -0.0944
vn 0.1005 -0.9782 -0.1816
vn -0.1217 -0.7668 -0.6302
vn -0.6809 -0.5522 -0.4810
vn -0.7786 -0.5411 -0.3177
vn -0.9598 -0.2693 -0.0790
vn -0.9588 -0.2497 0.1353
vn 0.0224 -0.9895 0.1428
vn 0.0154 -0.8954 -0.4450
vn 0.2385 -0.9702 -0.0418
vn -0.3845 -0.9221 -0.0426
vn -0.4379 -0.8980 -0.0423
vn -0.4813 -0.8720 -0.0890
vn -0.2713 -0.8414 -0.4673
vn -0.0206 0.9982 -0.0572
vn 0.1211 0.9884 -0.0917
vn 0.6158 0.7430 0.2621
vn 0.1470 -0.7273 0.6704
vn -0.7484 -0.2621 0.6092
vn 0.3565 -0.3037 -0.8835
vn 0.8091 0.3930 -0.4369
vn 0.4510 0.2628 -0.8529
vn 0.8713 -0.4902 -0.0210
vn 0.4222 -0.2429 -0.8734
vn 0.5877 -0.1844 -0.7878
vn 0.4176 -0.7093 -0.5678
vn 0.3641 -0.6255 -0.6901
vn 0.1410 -0.5101 -0.8485
vn -0.8797 0.2651 0.3947
vn -0.8909 -0.0677 0.4490
vn -0.8677 0.0850 0.4897
vn -0.5611 0.1831 0.8073
vn -0.5573 0.3114 0.7697
vn -0.8847 0.3869 0.2600
vn -0.6075 0.5983 0.5225
vn -0.2894 0.9009 0.3234
vn -0.3909 0.5503 0.7379
vn -0.0306 0.8217 0.5691
vn -0.5388 0.3350 0.7730
vn -0.5648 0.6654 0.4881
vn -0.4689 0.6133 0.6356
vn -0.2244 -0.0276 0.9741
vn -0.2229 -0.0353 0.9742
vn 0.1204 0.8007 0.5869
vn -0.0337 0.2451 0.9689
vn -0.8444 0.2759 0.4592
vn -0.8184 0.4091 0.4037
vn -0.9781 -0.1506 -0.1437
vn -0.7224 -0.4832 -0.4946
vn -0.8640 -0.2918 -0.4104
vn -0.9657 -0.2055 -0.1590
vn -0.9945 -0.1020 -0.0254
vn -0.8350 -0.5324 -0.1393
vn -0.6489 -0.6494 -0.3964
vn -0.4432 -0.7925 -0.4189
vn -0.6169 -0.7867 0.0236
vn 0.0102 -0.9847 0.1737
vn -0.4014 -0.5982 -0.6935
vn -0.9843 -0.1733 -0.0347
vn -0.8997 -0.4343 -0.0440
vn -0.6831 -0.6941 -0.2272
vn -0.0984 -0.7199 -0.6870
vn 0.4850 -0.5842 -0.6508
vn 0.3278 -0.9331 0.1479
vn 0.0010 -0.8253 -0.5647
vn 0.0350 -0.8242 -0.5652
vn -0.4533 -0.8610 -0.2305
vn 0.8345 -0.4735 0.2817
vn 0.3356 -0.9308 0.1448
vn 0.9524 0.1569 0.2613
vn 0.7660 0.3269 0.5535
vn 0.3852 0.8531 0.3520
vn 0.9065 0.2513 0.3392
vn 0.9717 -0.1486 -0.1836
vn 0.9819 -0.1541 -0.1098
vn 0.4860 -0.7777 0.3987
vn 0.6251 0.0095 0.7805
vn 0.2650 0.5251 0.8087
vn -0.1499 0.3084 0.9394
vn 0.6874 0.3201 0.6519
vn 0.8784 0.2819 0.3859
vn 0.2676 0.5601 0.7840
vn 0.2338 0.5617 0.7936
vn -0.1654 0.7681 0.6186
vn -0.1444 0.8905 0.4314
vn -0.4940 0.7810 0.3820
vn -0.1494 0.8915 0.4276
vn 0.6020 -0.3294 0.7274
vn 0.7713 0.5242 0.3611
vn 0.9020 -0.2963 -0.3139
vn 0.8377 -0.4471 -0.3137
vn -0.1742 -0.8720 0.4575
vn 0.2651 -0.9633 -0.0414
vn 0.9268 -0.1820 0.3284
vn 0.8526 0.4099 -0.3241
vn 0.4266 -0.2324 -0.8741
vn 0.5722 -0.0596 -0.8179
vn 0.3927 -0.1589 -0.9059
vn 0.4266 -0.2307 -0.8745
vn 0.8933 0.2485 -0.3746
vn 0.8351 0.2567 -0.4866
vn 0.7631 0.4240 -0.4877
vn 0.7661 0.4275 -0.4800
vn 0.3853 -0.1745 -0.9062
vn 0.8545 0.1203 -0.5053
vn 0.8009 0.2678 -0.5356
vn 0.4455 0.0575 -0.8934
vn 0.5594 -0.0720 -0.8257
vn 0.2346 -0.2337 -0.9436
vn -0.6068 -0.6478 -0.4607
vn -0.6398 -0.6862 -0.3461
vn -0.6064 -0.6494 -0.4590
vn -0.5359 -0.8202 -0.2000
vn 0.3468 0.0547 -0.9363
vn 0.5708 0.4960 -0.6544
vn 0.5462 -0.0484 -0.8363
vn 0.5733 0.4786 -0.6650
vn -0.2751 -0.6753 -0.6843
vn -0.0614 -0.3090 -0.9491
vn 0.1679 -0.0834 -0.9823
vn 0.2588 0.3580 -0.8971
vn 0.0947 0.9035 -0.4181
vn 0.0854 0.8767 -0.4734
vn 0.0785 0.8761 -0.4758
vn 0.5175 -0.0830 -0.8516
vn 0.7954 0.2352 -0.5586
vn 0.8128 0.1790 -0.5544
vn 0.7984 0.1828 -0.5737
vn 0.1304 -0.6756 -0.7256
vn 0.4036 -0.5718 -0.7142
vn 0.8735 0.3688 -0.3179
vn 0.3545 -0.6399 -0.6818
vn 0.4396 -0.5968 -0.6713
vn 0.6281 -0.4833 -0.6099
vn 0.8430 0.0528 -0.5353
vn 0.7580 -0.2046 -0.6193
vn 0.8258 0.5637 -0.0136
vn 0.9206 0.3550 -0.1626
vn 0.7647 0.1693 -0.6218
vn 0.6774 0.1075 -0.7277
vn 0.0355 -0.6923 -0.7207
vn 0.0398 -0.6761 -0.7357
vn 0.0033 -0.6876 -0.7261
vn 0.5012 -0.2816 -0.8182
vn 0.7429 0.3425 -0.5752
vn 0.5227 -0.1379 -0.8413
vn 0.7890 0.5850 -0.1876
vn 0.7932 -0.0615 -0.6058
vn 0.8558 -0.0494 -0.5149
vn 0.8706 0.4070 -0.2764
vn 0.8068 0.3540 0.4729
vn 0.5957 0.3050 0.7431
vn 0.5725 0.2107 0.7924
vn 0.4402 0.1424 0.8865
vn 0.7672 0.5684 0.2972
vn 0.7508 0.5753 0.3245
vn 0.2372 0.3225 0.9163
vn 0.4418 0.5647 0.6971
vn 0.8076 0.5586 -0.1890
vn 0.7900 0.5653 -0.2373
vn 0.5728 0.5328 0.6229
vn -0.7330 0.6752 0.0827
vn -0.8647 0.4009 0.3027
vn -0.0765 -0.3558 0.9314
vn -0.7146 0.5353 0.4503
vn -0.2726 0.6945 0.6658
vn -0.3609 0.6499 0.6689
vn -0.8250 0.4097 0.3894
vn -0.7678 -0.2107 0.6051
vn -0.8182 0.5133 0.2589
vn 0.3250 0.2686 0.9068
vn 0.4980 -0.2279 0.8367
vn 0.6509 0.5493 0.5240
vn 0.2147 0.4052 0.8886
vn 0.5237 0.5542 0.6470
vn 0.2711 -0.3808 0.8840
vn 0.4246 -0.3112 0.8502
vn -0.8130 -0.5800 -0.0513
vn -0.1466 0.5800 0.8013
vn -0.8725 -0.4481 -0.1947
vn -0.9121 -0.2459 -0.3281
vn -0.8492 -0.5108 0.1340
vn -0.6587 -0.7512 -0.0423
vn -0.7876 -0.4315 -0.4399
vn -0.5547 -0.2179 -0.8030
vn -0.6609 -0.7504 0.0092
vn -0.7020 -0.6835 0.1999
vn -0.7274 -0.5910 -0.3486
vn -0.9409 -0.2226 0.2554
vn -0.7748 -0.3577 0.5213
vn -0.5275 -0.4017 -0.7486
vn -0.1971 -0.0914 -0.9761
vn -0.6458 -0.1794 -0.7421
vn -0.1870 0.0745 -0.9795
vn -0.8154 -0.5027 0.2870
vn -0.1642 -0.1086 -0.9804
vn -0.7932 -0.5596 0.2403
vn -0.7896 -0.6018 0.1195
vn -0.1647 -0.1036 -0.9809
vn -0.4044 -0.3534 -0.8436
vn 0.2905 0.1318 -0.9478
vn -0.5077 -0.3785 -0.7739
vn -0.3578 -0.2067 -0.9106
vn 0.0675 -0.9555 -0.2871
vn -0.0138 -0.8089 -0.5878
vn 0.2729 -0.9497 -0.1534
vn 0.5601 -0.1951 -0.8051
vn 0.2986 0.3513 -0.8874
vn 0.4620 -0.8381 -0.2902
vn 0.5441 -0.8258 -0.1483
vn 0.5055 -0.5574 -0.6586
vn 0.4140 -0.4091 -0.8131
vn 0.4264 0.0749 -0.9014
vn 0.2814 -0.8847 -0.3717
vn 0.2025 -0.9341 0.2940
vn 0.4783 -0.6383 -0.6032
vn 0.5864 0.2262 -0.7778
vn 0.0185 0.9669 -0.2544
vn 0.0217 0.9760 -0.2165
vn -0.0615 0.9625 -0.2643
vn 0.6206 0.2771 -0.7336
vn 0.7744 0.3315 -0.5389
vn 0.8877 0.3910 -0.2433
vn 0.8753 0.4818 0.0412
vn 0.8927 0.4507 0.0049
vn 0.8042 0.5878 0.0883
vn 0.7743 0.5754 0.2634
vn 0.8199 0.5254 0.2275
vn 0.8983 -0.0264 -0.4386
vn 0.8454 -0.0428 -0.5324
vn 0.6504 -0.2848 -0.7042
vn 0.6744 -0.1661 -0.7194
vn 0.1145 -0.7158 -0.6889
vn 0.1530 -0.7032 -0.6943
vn 0.8490 0.5280 -0.0225
vn 0.8953 -0.0095 -0.4454
vn 0.7055 0.4507 0.5469
vn 0.8026 0.3759 0.4631
vn 0.8895 0.3880 -0.2412
vn 0.8408 0.4159 -0.3465
vn 0.5967 0.2013 0.7768
vn 0.8925 0.3125 0.3253
vn 0.6551 0.2774 0.7028
vn 0.9613 0.2696 0.0559
vn 0.5211 -0.1019 0.8474
vn 0.2766 -0.8606 -0.4277
vn 0.8089 -0.5478 -0.2138
vn 0.9041 -0.3273 -0.2746
vn 0.4496 -0.7526 -0.4811
vn 0.4491 -0.4575 -0.7675
vn 0.5189 -0.8491 0.0984
vn 0.5840 0.6355 0.5050
vn 0.6087 0.7909 -0.0636
vn 0.8449 0.4906 0.2133
vn 0.6341 0.4790 0.6071
vn 0.9956 -0.0373 0.0858
vn 0.5618 0.5563 0.6123
vn 0.8032 0.5390 -0.2536
vn 0.7988 0.4699 -0.3757
vn -0.0267 0.2373 0.9711
vn 0.5908 0.5493 0.5910
vn 0.7963 0.5434 -0.2657
vn 0.7428 0.5925 -0.3118
vn 0.6398 0.6331 -0.4357
vn -0.0186 0.3728 0.9277
vn -0.4459 0.0133 0.8950
vn -0.5787 -0.0826 0.8113
vn -0.8016 -0.5950 0.0582
vn -0.2035 0.4786 0.8541
vn 0.0592 -0.2012 0.9778
vn 0.4894 -0.4091 0.7702
vn 0.2579 0.7693 0.5845
vn 0.4805 0.3462 0.8058
vn 0.4304 -0.6461 0.6303
vn 0.9803 0.0108 0.1974
vn 0.9952 0.0521 0.0823
vn 0.6069 -0.4828 0.6314
vn 0.3311 -0.4545 0.8269
vn 0.1635 -0.5011 0.8498
vn -0.5997 -0.6366 0.4848
vn -0.7067 -0.7017 0.0902
vn -0.8175 -0.5758 -0.0141
vn -0.6871 -0.7261 0.0235
vn -0.8457 -0.0347 0.5325
vn -0.8247 -0.0471 0.5636
vn -0.8251 -0.5637 -0.0374
vn -0.8770 0.0460 0.4782
vn -0.9379 0.2760 0.2101
vn -0.6990 -0.6765 0.2317
vn -0.5583 -0.7596 0.3337
vn -0.6825 -0.6188 0.3890
vn -0.8154 -0.5113 0.2715
vn 0.0448 -0.3351 0.9411
vn 0.7420 0.3607 -0.5652
vn -0.7657 -0.6383 0.0790
vn 0.0713 -0.0993 0.9925
vn 0.3281 -0.5727 0.7513
vn 0.2853 0.7801 0.5568
vn 0.2042 0.7135 0.6702
vn 0.4946 0.7720 0.3993
vn 0.7414 0.1945 0.6423
vn 0.3019 0.8093 0.5039
vn -0.9744 -0.1751 -0.1409
vn -0.9719 -0.1922 -0.1359
vn -0.9648 0.1235 0.2321
vn -0.8701 -0.4286 0.2434
vn -0.6884 -0.6050 0.4000
vn -0.9299 -0.3663 -0.0320
vn -0.8128 -0.5815 0.0350
vn -0.6917 -0.6924 -0.2054
vn -0.2891 -0.9560 -0.0509
vn -0.7556 -0.3948 -0.5227
vn -0.1437 -0.9858 0.0873
vn -0.1080 -0.9935 -0.0351
vn -0.7867 -0.3132 -0.5320
vn -0.8642 -0.2806 -0.4176
vn -0.6834 -0.5993 -0.4168
vn -0.5290 -0.0739 -0.8454
vn 0.0137 -0.1233 -0.9923
vn -0.2396 -0.5052 -0.8291
vn 0.2719 0.1568 -0.9495
vn -0.6856 -0.7042 0.1847
vn -0.2456 -0.8481 -0.4695
vn -0.3938 -0.0263 -0.9188
vn -0.1444 0.1821 -0.9726
vn -0.1315 -0.7563 -0.6409
vn 0.0838 0.2321 -0.9691
vn 0.0660 0.2185 -0.9736
vn -0.3176 -0.2463 -0.9157
vn 0.5225 0.3655 -0.7703
vn 0.5602 0.3418 -0.7545
vn -0.1807 -0.2827 -0.9420
vn -0.8230 -0.1922 -0.5346
vn -0.2797 -0.7830 0.5555
vn -0.2626 -0.8051 0.5318
vn -0.7251 -0.6512 -0.2240
vn -0.9545 -0.2233 0.1975
vn -0.8732 -0.2692 -0.4062
vn -0.6109 -0.4665 0.6397
vn -0.2804 -0.3044 -0.9103
vn -0.0348 -0.1127 -0.9930
vn 0.0722 -0.9699 -0.2326
vn 0.1700 -0.0589 -0.9837
vn 0.0465 -0.9194 -0.3905
vn 0.1857 -0.6841 -0.7054
vn 0.1787 -0.6771 -0.7138
vn 0.6344 0.3238 -0.7019
vn 0.0909 -0.9723 -0.2154
vn 0.2315 -0.0705 -0.9703
vn 0.2449 -0.9073 -0.3418
vn 0.5443 -0.2178 -0.8101
vn 0.8654 0.0387 -0.4996
vn 0.4807 -0.8741 -0.0696
vn 0.9300 -0.3575 -0.0857
vn 0.9918 -0.1048 -0.0732
vn 0.9289 -0.3654 -0.0605
vn 0.6725 -0.2044 0.7113
vn 0.8632 -0.2167 0.4560
vn 0.8391 -0.5419 -0.0475
vn 0.6390 -0.4514 -0.6228
vn 0.5313 -0.4118 -0.7404
vn -0.7969 0.1794 -0.5768
vn -0.5617 -0.8204 -0.1067
vn -0.8400 -0.4909 0.2311
vn -0.3940 -0.8807 -0.2631
vn -0.4823 -0.2413 0.8421
vn -0.4369 0.1818 0.8810
vn -0.9048 -0.2988 0.3033
vn -0.9094 0.4029 0.1028
vn -0.9089 0.3738 0.1850
vn -0.4496 0.3725 0.8118
vn -0.1346 0.2493 0.9590
vn -0.0934 0.1271 0.9875
vn -0.5285 0.4583 0.7146
vn -0.3653 0.3246 0.8725
vn -0.8607 0.1293 -0.4925
vn 0.0742 0.1921 0.9786
vn -0.9432 0.3301 0.0381
vn -0.8799 0.4584 0.1246
vn -0.9303 0.1464 -0.3364
vn -0.8889 -0.1263 -0.4404
vn -0.7881 -0.0937 0.6084
vn -0.7630 -0.6436 -0.0593
vn -0.7039 -0.6588 0.2655
vn -0.3789 -0.7768 -0.5029
vn -0.2602 -0.4066 -0.8758
vn -0.0915 -0.3254 -0.9411
vn -0.1777 -0.2934 -0.9393
vn -0.3020 -0.1535 -0.9409
vn -0.8025 0.1941 -0.5641
vn -0.5324 0.3470 0.7721
vn 0.6292 0.6075 0.4848
vn -0.0258 0.3708 0.9283
vn 0.3017 -0.3836 0.8728
vn 0.1195 -0.6461 0.7538
vn -0.0449 -0.8846 0.4642
vn -0.0609 0.2016 0.9776
vn -0.1416 -0.8765 0.4600
vn -0.0083 -0.7266 0.6870
vn -0.0450 0.3802 0.9238
vn -0.1026 0.4828 0.8697
vn -0.0734 0.5811 0.8105
vn -0.6507 -0.3767 0.6594
vn -0.6877 -0.7248 -0.0423
vn -0.7206 -0.6923 -0.0378
vn 0.6305 0.6753 0.3827
vn 0.5835 0.7076 0.3985
vn 0.4318 0.8796 0.1995
vn 0.3756 0.0545 0.9252
vn 0.0657 -0.8277 0.5573
vn 0.1421 -0.3217 0.9361
vn -0.2847 0.5993 0.7482
vn -0.0293 0.3755 0.9264
vn 0.1043 -0.8346 0.5409
vn 0.2395 -0.2470 0.9390
vn -0.8147 0.1882 0.5486
vn 0.5824 -0.6240 -0.5209
vn 0.3195 -0.9392 0.1258
vn 0.5448 -0.4917 -0.6793
vn 0.1621 0.6897 0.7057
vn 0.1635 0.6899 0.7052
vn -0.3736 0.4379 0.8177
vn -0.5465 0.1434 0.8251
vn -0.3862 0.3622 0.8483
vn 0.3127 0.6038 0.7333
vn 0.5024 0.8294 -0.2443
vn 0.1545 0.8609 -0.4847
vn 0.3410 0.9330 0.1151
vn 0.3123 0.9217 0.2298
vn 0.5856 -0.2049 0.7843
vn 0.0461 -0.8374 0.5446
vn 0.0953 -0.8301 0.5495
vn 0.8488 0.0417 0.5271
vn 0.5129 0.7220 0.4643
vn 0.4595 0.7485 0.4781
vn -0.6763 0.2931 0.6758
vn -0.4278 0.4505 0.7836
vn 0.5183 0.7614 0.3893
vn -0.4089 -0.4767 0.7781
vn 0.3394 0.5553 0.7592
vn -0.4532 -0.1842 0.8722
vn -0.0859 0.2154 0.9728
vn 0.1916 0.3583 0.9137
vn 0.3355 0.2733 0.9015
vn 0.3655 0.4873 0.7931
vn -0.4505 -0.1827 0.8739
vn -0.6640 -0.6346 0.3955
vn -0.6776 -0.4649 0.5698
vn -0.7980 -0.6012 -0.0412
vn 0.0439 -0.9896 -0.1371
vn -0.9653 -0.2088 -0.1570
vn -0.7566 -0.2316 -0.6115
vn -0.5070 -0.3753 -0.7760
vn 0.3893 0.4015 -0.8290
vn 0.1493 0.0909 -0.9846
vn 0.6967 0.5504 -0.4602
vn 0.4042 0.2221 -0.8873
vn 0.7548 0.5590 -0.3430
vn 0.5121 0.2117 -0.8324
vn 0.7619 0.4544 -0.4615
vn 0.4254 0.2112 -0.8800
vn 0.1581 -0.9874 0.0102
vn 0.2323 -0.9675 0.1002
vn 0.4713 -0.7654 -0.4382
vn 0.0617 -0.9910 0.1184
vn 0.5566 0.2470 -0.7932
vn 0.5362 0.2323 -0.8115
vn 0.5532 0.7647 -0.3303
vn 0.6945 0.2648 -0.6690
vn 0.4653 0.8659 -0.1836
vn 0.4689 0.3313 -0.8188
vn 0.3605 0.8822 -0.3027
vn 0.7967 0.2125 -0.5658
vn 0.4299 0.0794 -0.8994
vn 0.3555 0.5331 -0.7677
vn -0.2903 0.9297 -0.2268
vn 0.7930 0.5883 -0.1584
vn 0.4086 0.6986 0.5873
vn 0.7380 0.6335 0.2322
vn 0.7794 0.5932 0.2014
vn 0.5141 0.6590 0.5491
vn 0.6892 0.6147 0.3836
vn 0.0427 0.8337 -0.5506
vn 0.1325 0.9010 -0.4130
vn 0.1731 0.9280 -0.3300
vn 0.8042 0.5902 0.0700
vn 0.2098 0.8483 -0.4862
vn 0.2286 0.8483 -0.4777
vn 0.6772 0.4700 0.5661
vn 0.7020 0.2492 0.6671
vn 0.6230 0.4125 0.6646
vn 0.5848 -0.3143 0.7478
vn 0.0518 -0.8037 0.5928
vn 0.9046 0.3466 -0.2481
vn 0.9148 0.2558 -0.3126
vn 0.5613 0.7361 0.3782
vn -0.0791 0.0990 0.9919
vn -0.3459 -0.4420 0.8276
vn -0.8767 -0.4154 -0.2426
vn -0.7124 -0.2964 0.6361
vn -0.6835 -0.3043 0.6635
vn -0.5521 -0.5323 0.6417
vn -0.0220 -0.9684 0.2485
vn -0.6311 -0.7011 0.3321
vn -0.6868 -0.6734 0.2738
vn -0.6953 -0.6628 0.2780
vn -0.5403 -0.8411 0.0237
vn -0.2508 -0.9678 -0.0227
vn 0.1142 -0.9935 0.0042
vn 0.2315 -0.9727 0.0138
vn -0.3269 -0.9371 0.1226
vn -0.7313 -0.5606 0.3885
vn -0.9548 -0.2759 0.1104
vn 0.0900 -0.9344 0.3447
vn -0.5750 -0.2563 0.7770
vn -0.5380 -0.1654 0.8265
vn -0.8232 -0.4746 -0.3116
vn -0.9242 -0.3432 -0.1679
vn -0.5134 0.5304 0.6747
vn -0.8837 0.4635 0.0650
vn -0.9304 0.3549 0.0916
vn -0.9572 0.2619 -0.1234
vn -0.8496 0.4934 -0.1864
vn -0.5705 0.7555 0.3221
vn -0.7975 0.3032 0.5216
vn -0.5647 0.6910 0.4512
vn -0.7583 0.6416 -0.1152
vn -0.8229 0.1767 -0.5400
vn 0.3821 0.9183 0.1036
vn 0.5604 0.3244 0.7621
vn 0.1536 0.8639 -0.4797
vn 0.6305 -0.6203 -0.4666
vn 0.8973 0.3848 -0.2162
vn 0.8798 -0.4302 -0.2023
vn -0.8509 0.3389 0.4014
vn -0.7576 0.1378 0.6380
vn -0.9548 0.2035 -0.2167
vn -0.9110 -0.2319 -0.3411
vn -0.8795 -0.4440 -0.1711
vn -0.5354 -0.8065 -0.2510
vn -0.2665 -0.9607 0.0781
vn -0.8214 -0.3568 0.4450
vn -0.4230 -0.6918 0.5853
vn 0.7421 -0.6653 -0.0815
vn 0.8173 -0.5158 0.2569
vn -0.4741 0.1716 0.8636
vn 0.0256 -0.3914 0.9199
vn 0.0619 -0.2143 0.9748
vn -0.9277 0.3730 0.0143
vn 0.3463 -0.0652 0.9359
vn -0.4534 0.4352 0.7779
vn -0.2323 0.3152 0.9202
vn -0.1306 0.1499 0.9800
vn -0.0868 0.4057 0.9099
vn -0.1976 0.4277 0.8821
vn 0.2469 0.1033 0.9635
vn -0.6218 -0.2750 -0.7333
vn -0.6325 -0.2729 -0.7249
vn -0.8491 0.0800 -0.5221
vn -0.9008 0.1725 -0.3986
vn -0.7028 0.0300 -0.7108
vn -0.9672 0.1444 -0.2088
vn -0.9018 0.1676 -0.3982
vn 0.0875 0.2739 0.9578
vn -0.8255 -0.4596 0.3277
vn -0.8902 0.1805 -0.4183
vn -0.9454 -0.1447 -0.2922
vn -0.2452 -0.8432 0.4784
vn -0.5825 -0.0275 0.8124
vn 0.0869 -0.3517 0.9321
vn 0.2500 -0.9662 -0.0623
vn 0.8356 -0.5091 -0.2066
vn 0.5624 -0.7009 -0.4387
vn 0.7794 -0.3196 0.5389
vn -0.8052 0.5076 -0.3066
vn -0.7017 0.3528 -0.6190
vn -0.3688 -0.1672 -0.9143
vn -0.1722 -0.4138 -0.8939
vn -0.1228 -0.5580 -0.8207
vn -0.0995 -0.3365 -0.9364
vn -0.0913 -0.3343 -0.9380
vn 0.0760 -0.3545 -0.9320
vn 0.1691 -0.3894 -0.9054
vn 0.2714 -0.4783 -0.8352
vn 0.5068 -0.5475 -0.6659
vn -0.0081 -0.4422 -0.8969
vn 0.7637 -0.6138 -0.2001
vn -0.0148 -0.4329 -0.9013
vn -0.6851 0.6492 -0.3303
vn 0.1187 -0.3367 0.9341
vn 0.2319 -0.0638 0.9706
vn 0.7170 -0.2608 0.6464
vn 0.7823 -0.3380 0.5232
vn -0.9081 -0.1950 0.3705
vn 0.0851 -0.7528 0.6527
vn -0.8928 -0.2719 0.3591
vn -0.2514 -0.8041 0.5388
vn -0.2132 -0.9620 0.1705
vn -0.0429 -0.5745 0.8174
vn -0.1116 -0.6551 0.7473
vn -0.8287 -0.2307 0.5099
vn -0.8636 0.4884 0.1248
vn -0.8723 0.3661 0.3240
vn -0.0491 0.2522 0.9664
vn 0.3322 0.0771 0.9401
vn -0.6230 0.3768 0.6854
vn -0.8049 0.0229 -0.5930
vn -0.8658 0.0695 -0.4956
vn -0.9221 0.2724 -0.2748
vn -0.9346 0.2507 0.2523
vn -0.5195 -0.4796 -0.7072
vn -0.5867 0.2231 0.7785
vn -0.5568 -0.0947 0.8252
vn -0.8795 -0.4674 0.0890
vn -0.7557 -0.6533 0.0470
vn -0.0550 -0.5263 -0.8485
vn 0.0204 -0.7023 -0.7116
vn -0.2404 -0.9593 0.1484
vn 0.1020 -0.3968 -0.9122
vn -0.4605 -0.8583 0.2265
vn -0.9235 -0.2376 0.3011
vn 0.7675 -0.6410 -0.0069
vn 0.5601 -0.8138 0.1551
vn -0.2790 -0.3121 0.9082
vn 0.3331 -0.1086 0.9366
vn 0.2496 -0.1854 0.9505
vn -0.4889 0.3102 0.8153
vn 0.2577 -0.0019 0.9662
vn 0.1016 -0.4001 -0.9108
vn -0.8645 0.1630 -0.4755
vn 0.8333 -0.4485 0.3231
vn -0.0300 -0.4346 -0.9001
vn 0.1862 -0.4234 -0.8866
vn 0.6711 -0.2746 0.6886
vn 0.7188 -0.6835 0.1273
vn 0.7565 -0.1942 0.6245
vn 0.7881 -0.3417 0.5120
vn 0.9229 -0.3657 0.1203
vn 0.8372 -0.1471 0.5267
vn 0.8807 -0.4670 -0.0794
vn 0.7639 -0.2214 0.6062
vn -0.3147 -0.1213 -0.9414
vn 0.4134 -0.4028 -0.8166
vn 0.3400 -0.3272 -0.8817
vn 0.7631 -0.3652 -0.5332
vn 0.7935 -0.3737 -0.4803
vn 0.9165 -0.3958 -0.0581
vn 0.9128 -0.4038 -0.0612
vn 0.7650 -0.6433 0.0297
vn 0.6702 -0.5402 -0.5090
vn 0.9456 -0.3214 -0.0504
vn 0.8226 -0.5622 0.0855
vn 0.9420 -0.3288 -0.0674
vn 0.3962 -0.3107 -0.8640
vn 0.8280 -0.2133 0.5186
vn 0.9214 -0.3719 0.1128
vn 0.5484 -0.7817 -0.2970
vn 0.7204 -0.6876 -0.0908
vn 0.7883 -0.1810 0.5881
vn 0.6715 0.4002 -0.6236
vn 0.0521 -0.9779 0.2023
vn 0.4951 -0.6343 -0.5937
vn 0.5539 -0.1387 -0.8210
vn 0.6704 0.3954 -0.6278
vn 0.8165 -0.1588 -0.5551
vn 0.7663 0.0274 -0.6419
vn 0.6560 -0.7155 -0.2401
vn 0.9678 0.0118 -0.2515
vn 0.9300 -0.2150 -0.2981
vn 0.8306 -0.5340 -0.1577
vn 0.5625 0.6796 -0.4709
vn 0.6249 0.6468 -0.4372
vn 0.5788 0.7716 -0.2638
vn -0.1572 -0.9566 0.2454
vn 0.1046 -0.9647 0.2416
vn 0.7434 0.3308 -0.5814
vn 0.8430 0.4454 -0.3017
vn 0.8105 0.3654 -0.4578
vn 0.8962 0.3458 -0.2779
vn 0.9500 0.2575 -0.1764
vn 0.5149 -0.6374 -0.5733
vn 0.6459 0.4253 -0.6341
vn 0.7289 0.3224 -0.6040
vn 0.0856 0.9880 -0.1286
vn 0.8434 0.4374 -0.3120
vn -0.1446 -0.9475 0.2850
vn 0.8045 -0.5668 0.1774
vn 0.1282 -0.9173 0.3770
vn 0.8930 -0.3937 0.2180
vn 0.9979 -0.0331 0.0559
vn -0.2176 0.9214 -0.3220
vn 0.3285 0.9050 -0.2703
vn -0.3262 0.8694 -0.3712
vn -0.1032 0.9067 -0.4089
vn 0.0409 0.8929 -0.4484
vn 0.3833 0.9048 -0.1857
vn 0.5046 0.8406 -0.1968
vn 0.9300 0.1075 0.3516
vn 0.0988 -0.8548 0.5095
vn 0.0835 -0.8527 0.5157
vn 0.7982 -0.3946 0.4551
vn 0.8338 -0.2160 0.5080
vn 0.9398 0.1654 0.2990
vn 0.9808 0.1837 0.0654
vn 0.5611 -0.6367 -0.5290
vn -0.9000 0.2376 0.3655
vn -0.9976 -0.0669 -0.0188
vn -0.8896 0.0087 -0.4566
vn -0.9069 0.0220 -0.4208
vn -0.9282 0.2411 -0.2834
vn -0.8953 0.2580 0.3633
vn -0.7243 0.4276 0.5409
vn -0.2132 0.2186 0.9522
vn -0.2239 0.2390 0.9449
vn -0.5605 0.0023 0.8281
vn -0.7740 -0.6104 0.1684
vn -0.6162 -0.7872 0.0233
vn -0.4542 -0.6234 -0.6364
vn -0.1993 -0.5993 -0.7753
vn -0.5311 0.0268 -0.8469
vn -0.1176 -0.2727 -0.9549
vn 0.3072 -0.7132 -0.6301
vn -0.5366 -0.3771 0.7549
vn 0.1154 -0.2569 -0.9595
vn 0.5857 -0.4433 -0.6785
vn 0.5475 -0.3855 -0.7427
vn 0.2090 -0.3268 -0.9217
vn 0.6791 -0.3226 -0.6593
vn 0.9695 -0.2174 -0.1134
vn 0.1415 -0.3586 -0.9227
vn 0.6344 -0.2967 -0.7138
vn 0.7725 -0.1244 -0.6228
vn -0.0135 -0.7633 -0.6458
vn -0.5908 -0.5771 0.5638
vn 0.6718 -0.7180 0.1822
vn -0.7954 -0.4037 -0.4520
vn 0.1326 -0.9767 0.1688
vn -0.2885 -0.0481 0.9563
vn -0.7045 0.0633 0.7069
vn -0.0423 0.0945 0.9946
vn 0.7236 -0.6181 0.3072
vn 0.8114 -0.5804 0.0695
vn 0.9703 0.0988 -0.2208
vn 0.7593 -0.6469 0.0704
vn 0.5357 -0.8406 -0.0807
vn 0.9472 0.0764 -0.3113
vn 0.9284 0.3715 -0.0003
vn 0.9518 0.1927 -0.2385
vn 0.6402 0.3833 0.6658
vn 0.0802 -0.7069 0.7027
vn 0.6804 0.0775 0.7287
vn 0.9441 0.2382 0.2277
vn 0.9199 0.3921 -0.0019
vn 0.1395 -0.5302 0.8363
vn -0.0575 -0.6147 0.7867
vn 0.7530 0.6109 0.2447
vn 0.9700 0.1541 -0.1879
vn 0.9215 0.3640 0.1351
vn 0.6107 0.6212 0.4911
vn 0.5679 0.5984 0.5652
vn 0.6637 0.4663 0.5849
vn 0.1550 0.5405 0.8270
vn -0.2814 -0.5864 0.7596
vn 0.2483 0.2260 0.9419
vn 0.6391 0.7158 0.2814
vn 0.5291 0.3254 -0.7837
vn 0.4842 -0.0731 0.8719
vn 0.1392 -0.5310 0.8358
vn 0.5377 -0.0279 0.8427
vn 0.5783 0.5522 -0.6005
vn 0.2720 -0.7121 0.6473
vn 0.0848 -0.7011 0.7080
vn 0.7096 -0.0706 0.7011
vn 0.6783 -0.2407 0.6942
vn 0.6876 0.6698 0.2804
vn 0.3168 0.7967 -0.5147
vn 0.3243 0.7963 -0.5107
vn 0.6408 0.6599 0.3924
vn 0.6609 0.7292 0.1773
vn 0.7152 0.6849 0.1394
vn 0.3379 0.8298 -0.4441
vn 0.7147 0.6453 0.2698
vn 0.7671 0.6258 0.1416
vn 0.7832 0.6017 0.1565
vn 0.7547 0.6270 0.1929
vn 0.7674 0.6273 0.1329
vn 0.8342 0.5514 -0.0062
vn 0.8344 0.5475 -0.0639
vn 0.0265 -0.8959 0.4435
vn 0.0612 -0.8926 0.4466
vn 0.0269 -0.8993 0.4365
vn 0.5772 0.6901 0.4366
vn -0.9317 0.3560 0.0721
vn -0.2725 0.3318 0.9031
vn 0.8959 -0.3239 0.3042
vn 0.8622 -0.3247 0.3888
vn -0.4080 -0.1839 0.8943
vn 0.1838 0.4117 0.8926
vn 0.3941 0.3918 0.8313
vn 0.8011 0.3999 0.4453
vn 0.1783 -0.5560 0.8119
vn 0.0797 -0.0307 0.9963
vn -0.1980 0.0769 0.9772
vn -0.1620 0.6476 0.7445
vn 0.1878 0.9741 0.1259
vn 0.0249 -0.5283 0.8487
vn 0.3448 -0.4121 0.8434
vn 0.4507 0.6003 0.6607
vn -0.3127 0.3220 0.8936
vn -0.0796 -0.5084 0.8574
vn -0.9210 0.0149 0.3892
vn -0.8272 -0.5080 -0.2401
vn -0.9345 0.0248 0.3551
vn -0.3447 0.2533 0.9039
vn -0.3693 0.3021 0.8788
vn -0.2195 0.2434 0.9448
vn 0.8567 0.0718 0.5108
vn 0.7074 -0.0653 0.7038
vn 0.5258 -0.2586 0.8104
vn 0.5776 0.0570 0.8143
vn 0.7249 0.4367 0.5327
vn 0.7727 0.4781 0.4176
vn 0.6652 -0.1698 0.7271
vn 0.0527 -0.6725 0.7382
vn -0.0378 -0.9810 0.1905
vn 0.3326 -0.9293 -0.1605
vn 0.6535 -0.1033 0.7498
vn 0.9400 -0.3272 0.0962
vn 0.9734 -0.2221 0.0560
vn 0.9109 -0.3926 0.1272
vn 0.8521 -0.4174 0.3157
vn -0.9870 0.0596 -0.1491
vn -0.4955 -0.1882 -0.8480
vn -0.7485 0.0954 -0.6563
vn -0.8826 0.2351 -0.4072
vn -0.6204 -0.2277 -0.7505
vn -0.9159 0.2553 0.3098
vn -0.9859 0.1202 -0.1167
vn -0.2560 0.2301 0.9389
vn 0.9044 -0.2168 0.3676
vn 0.9365 -0.2577 0.2380
vn -0.5779 0.3410 0.7414
vn -0.9063 0.2618 0.3316
vn -0.9070 0.2642 0.3279
vn -0.7680 0.5944 0.2384
vn -0.7726 0.1878 0.6065
vn 0.5535 -0.7031 -0.4463
vn 0.6352 0.1376 -0.7600
vn 0.7650 0.0889 -0.6379
vn 0.4755 -0.8788 -0.0391
vn 0.9928 -0.1000 -0.0660
vn 0.9987 0.0111 0.0498
vn 0.5265 -0.8324 0.1732
vn 0.6071 -0.7928 0.0535
vn 0.9718 0.1692 -0.1641
vn 0.9714 0.1415 -0.1905
vn 0.1698 -0.9850 -0.0307
vn 0.5146 -0.6284 -0.5834
vn 0.4767 0.0426 -0.8780
vn 0.1734 -0.9448 -0.2781
vn 0.1824 -0.0634 -0.9812
vn 0.0438 -0.2723 -0.9612
vn 0.3734 0.0278 -0.9273
vn 0.3097 -0.8349 -0.4550
vn 0.3197 -0.8766 -0.3597
vn 0.6026 -0.0143 -0.7979
vn 0.3331 0.0104 -0.9428
vn 0.5387 -0.0360 -0.8417
vn 0.8553 0.2149 -0.4714
vn 0.9134 -0.0214 -0.4066
vn 0.8224 -0.4822 -0.3018
vn 0.9871 0.1476 -0.0622
vn 0.6216 -0.7814 -0.0555
vn 0.9890 0.1104 -0.0988
vn 0.5807 -0.8139 0.0216
vn 0.8206 -0.1525 0.5508
vn 0.8708 0.0146 0.4914
vn 0.4939 -0.0926 -0.8646
vn 0.7483 -0.0352 -0.6625
vn 0.8578 0.2221 -0.4635
vn 0.7115 -0.6836 0.1628
vn 0.7024 -0.2039 -0.6819
vn 0.9505 0.2742 -0.1465
vn 0.9412 0.2871 0.1778
vn 0.9098 0.3426 0.2342
vn 0.5139 -0.7043 -0.4897
vn 0.5425 -0.6862 -0.4845
vn 0.8481 -0.1302 -0.5135
vn 0.6463 -0.7613 -0.0520
vn 0.9076 0.2236 0.3552
vn 0.6933 0.0226 -0.7203
vn 0.7175 0.0627 -0.6937
vn 0.7460 0.0537 -0.6638
vn 0.5188 -0.6355 -0.5718
vn 0.7448 -0.6187 -0.2499
vn 0.6977 -0.5279 -0.4842
vn 0.4587 -0.8810 -0.1158
vn 0.3988 -0.9115 -0.1003
vn 0.7025 -0.6451 -0.3007
vn 0.9044 0.1652 -0.3933
vn 0.9270 0.1666 -0.3360
vn 0.7203 -0.6935 -0.0133
vn 0.9714 0.2250 0.0757
vn 0.6018 -0.7797 0.1731
vn 0.9479 0.3184 0.0098
vn 0.8805 0.3064 0.3616
vn 0.7319 0.3171 0.6031
vn 0.9150 0.3386 0.2192
vn 0.7471 0.3090 0.5885
vn 0.4560 -0.3724 0.8083
vn 0.3573 -0.5572 0.7496
vn 0.2942 0.2791 0.9141
vn 0.4489 0.2326 0.8628
vn 0.9714 0.2256 0.0736
vn 0.8396 -0.2444 0.4852
vn 0.6700 -0.0058 0.7423
vn 0.5460 -0.0278 0.8373
vn -0.2505 0.8841 -0.3945
vn -0.0156 0.9627 -0.2702
vn 0.1083 0.9596 -0.2596
vn 0.8304 0.3992 -0.3887
vn 0.9564 -0.0841 -0.2798
vn 0.7009 -0.7110 -0.0562
vn 0.6789 -0.6432 0.3541
vn 0.3458 -0.9297 -0.1270
vn 0.1799 -0.9708 0.1587
vn -0.0074 0.9608 -0.2772
vn -0.0139 0.9491 -0.3147
vn 0.8062 0.4591 -0.3733
vn 0.9097 -0.4151 0.0105
vn 0.3098 -0.9313 0.1917
vn 0.5734 -0.7312 0.3695
vn 0.8179 0.5479 -0.1755
vn 0.8909 0.4487 -0.0709
vn 0.5300 0.8173 -0.2262
vn 0.1386 0.9027 -0.4072
vn 0.8853 0.4572 0.0852
vn 0.0873 0.8826 -0.4619
vn 0.8666 -0.2832 0.4108
vn 0.8357 -0.4539 0.3092
vn 0.9298 -0.3459 0.1259
vn 0.1780 -0.8360 0.5190
vn 0.5639 -0.7391 0.3684
vn -0.8960 -0.4162 0.1549
vn -0.7325 -0.0308 0.6800
vn -0.9233 0.2509 0.2907
vn -0.7325 -0.0307 0.6801
vn -0.6905 -0.4430 0.5719
vn -0.8042 -0.5937 -0.0262
vn -0.4795 -0.8772 0.0261
vn -0.6248 -0.7793 -0.0480
vn -0.9994 0.0349 0.0009
vn -0.9597 0.0673 -0.2728
vn -0.9611 0.0916 -0.2605
vn -0.8544 -0.5105 -0.0969
vn -0.7461 0.5633 -0.3551
vn -0.6874 0.6222 -0.3747
vn -0.2355 0.9112 -0.3381
vn -0.2366 0.9057 -0.3518
vn -0.5656 0.8245 -0.0178
vn -0.8136 0.5071 0.2844
vn -0.5849 0.5676 0.5794
vn -0.6727 0.6196 0.4044
vn -0.2896 -0.9192 0.2668
vn -0.2245 -0.8660 0.4468
vn -0.2317 -0.8388 0.4926
vn -0.9151 0.2030 0.3484
vn -0.9604 -0.0407 0.2756
vn -0.9899 -0.1361 0.0391
vn -0.6749 -0.7370 -0.0367
vn -0.3087 -0.9422 0.1302
vn -0.5663 -0.8215 0.0667
vn -0.7543 0.6483 -0.1038
vn -0.8726 -0.4865 0.0433
vn -0.8377 -0.5461 0.0046
vn -0.9799 0.1580 -0.1218
vn -0.6317 0.4749 0.6127
vn -0.8601 -0.3229 0.3950
vn -0.7830 -0.5628 0.2649
vn -0.8413 -0.5263 -0.1231
vn -0.7654 0.6321 -0.1208
vn -0.7579 0.6402 -0.1256
vn -0.6287 -0.7773 -0.0245
vn -0.8288 -0.5514 -0.0948
vn -0.9831 0.0217 -0.1819
vn 0.1068 0.9234 -0.3686
vn 0.7063 0.7031 0.0823
vn -0.1892 0.9382 -0.2897
vn -0.3240 0.9267 -0.1904
vn -0.9587 -0.2611 -0.1129
vn -0.9618 -0.2736 -0.0113
vn -0.8760 -0.3971 -0.2738
vn -0.9579 -0.1279 -0.2571
vn -0.9144 0.2206 -0.3394
vn -0.9354 0.1696 -0.3104
vn -0.9033 0.4290 -0.0045
vn -0.0812 0.9839 -0.1594
vn -0.6001 0.7760 -0.1943
vn -0.5769 0.7719 0.2671
vn -0.6116 0.7294 0.3065
vn -0.3091 0.6556 0.6889
vn -0.3118 0.6330 0.7086
vn -0.5825 0.2352 0.7781
vn -0.9663 -0.2310 0.1140
vn -0.9811 -0.1662 0.0994
vn -0.7132 -0.5463 0.4393
vn -0.9812 0.1260 0.1463
vn -0.6910 -0.2863 0.6637
vn -0.7890 0.1218 0.6022
vn -0.9080 -0.1797 0.3785
vn -0.9013 -0.0090 0.4331
vn -0.5246 0.4793 0.7036
vn -0.4073 0.9108 0.0672
vn -0.5204 0.8532 0.0360
vn -0.9215 0.3841 0.0567
vn 0.6605 -0.5240 0.5378
vn 0.6690 -0.4676 0.5777
vn 0.8466 -0.4302 0.3134
vn 0.9813 -0.1799 -0.0678
vn -0.5135 -0.5707 0.6408
vn -0.5334 -0.7442 0.4020
vn -0.8442 0.5182 0.1373
vn -0.2793 0.9040 0.3238
vn -0.1830 0.9464 0.2663
vn -0.3194 0.9180 0.2350
vn -0.0833 0.4163 0.9054
vn -0.1090 0.8308 0.5458
vn -0.3892 0.8753 0.2870
vn -0.8264 0.3281 0.4577
vn -0.9843 0.0572 0.1669
vn -0.6878 -0.6925 0.2177
vn -0.7366 0.0698 0.6727
vn -0.2240 0.9087 0.3521
vn 0.0459 0.9651 0.2580
vn -0.4450 -0.7907 0.4204
vn -0.1557 -0.8839 0.4409
vn -0.5958 0.3537 0.7211
vn -0.5316 -0.1766 0.8284
vn -0.6544 -0.3410 0.6749
vn -0.9040 -0.0594 0.4233
vn -0.3689 -0.9232 0.1079
vn -0.5874 -0.5737 0.5708
vn -0.4437 -0.8098 0.3840
vn -0.2566 -0.6710 0.6956
vn -0.4663 -0.8723 0.1473
vn -0.5783 -0.6912 0.4334
vn -0.9106 -0.1394 -0.3892
vn -0.4677 -0.8838 -0.0055
vn -0.4434 -0.8958 -0.0319
vn -0.8590 -0.0630 -0.5081
vn -0.8064 -0.5483 -0.2217
vn -0.9978 0.0081 -0.0657
vn -0.9998 -0.0195 0.0060
vn -0.7511 -0.6493 -0.1191
vn -0.4734 -0.1371 -0.8701
vn -0.3652 -0.2217 -0.9042
vn -0.9269 0.0262 -0.3744
vn -0.8538 -0.5188 0.0427
vn -0.7639 -0.6392 0.0881
vn -0.9869 0.1295 0.0959
vn -0.9307 0.1925 0.3112
vn -0.6718 0.6901 0.2692
vn -0.7278 0.6146 0.3041
vn -0.8212 -0.4282 0.3773
vn -0.2447 -0.9547 0.1692
vn -0.8068 0.5866 -0.0709
vn -0.8104 0.5701 -0.1348
vn -0.2061 0.1162 -0.9716
vn -0.6952 0.6838 -0.2215
vn -0.3162 0.9485 0.0196
vn -0.9394 -0.3372 0.0624
vn -0.4215 -0.0319 -0.9063
vn -0.9940 -0.1037 -0.0338
vn -0.8036 0.5664 -0.1826
vn -0.2431 0.0136 -0.9699
vn -0.2425 0.0139 -0.9701
vn -0.2414 0.0140 -0.9703
vn -0.5146 0.3321 -0.7905
vn -0.8219 0.5488 -0.1525
vn -0.3570 0.9193 -0.1659
vn -0.9554 -0.0420 -0.2924
vn -0.9645 0.0395 -0.2611
vn -0.6984 -0.7095 -0.0945
vn -0.3552 -0.9330 0.0584
vn 0.0862 -0.9926 0.0851
vn -0.7023 0.4804 -0.5253
vn 0.0875 -0.9926 0.0842
vn -0.8923 -0.4127 -0.1827
vn -0.2866 -0.2986 -0.9103
vn -0.0041 0.0352 -0.9994
vn 0.0025 0.0458 -0.9989
vn -0.5001 0.8644 -0.0526
vn 0.1676 0.1576 -0.9732
vn 0.0276 0.9978 0.0610
vn -0.3856 0.3067 -0.8702
vn -0.7042 0.4899 -0.5139
vn -0.1142 0.2019 -0.9727
vn 0.1419 0.9895 -0.0283
vn -0.0079 0.1134 -0.9935
vn -0.0092 0.1072 -0.9942
vn 0.0600 0.0072 -0.9982
vn -0.5215 -0.8412 -0.1428
vn -0.5575 -0.8031 0.2103
vn -0.9363 0.3510 -0.0128
vn -0.9670 0.2095 0.1452
vn -0.9539 0.2499 0.1663
vn 0.0632 -0.9005 0.4301
vn -0.4439 -0.7728 0.4536
vn -0.3727 -0.7748 0.5107
vn -0.7645 -0.4131 0.4949
vn -0.8976 -0.2438 0.3673
vn -0.8374 0.5457 -0.0313
vn -0.8301 0.5549 -0.0547
vn -0.8466 0.4715 -0.2468
vn -0.7514 0.6235 -0.2158
vn -0.4587 0.8719 0.1715
vn -0.1906 0.9815 0.0209
vn -0.9906 0.1092 0.0819
vn -0.5902 -0.8072 0.0119
vn -0.9954 0.0735 0.0612
vn -0.7716 -0.5880 0.2426
vn -0.9828 -0.0718 0.1700
vn -0.7062 0.6639 0.2458
vn -0.7234 0.6800 0.1195
vn -0.8274 0.3608 0.4304
vn -0.5012 -0.6790 0.5364
vn -0.2062 -0.8441 0.4950
vn -0.1866 -0.8201 0.5410
vn -0.4114 -0.8021 0.4328
vn -0.2871 -0.9534 -0.0927
vn -0.3281 -0.8537 0.4043
vn -0.8929 -0.4502 -0.0102
vn -0.8946 -0.4466 -0.0127
vn -0.0162 -0.9713 0.2372
vn -0.0864 -0.9953 0.0441
vn -0.5367 -0.8430 0.0366
vn -0.1958 -0.0493 0.9794
vn -0.1765 -0.9815 0.0735
vn -0.2266 -0.9688 0.1001
vn -0.0123 0.9907 -0.1352
vn -0.0382 0.9956 -0.0851
vn 0.2011 0.9764 0.0792
vn 0.1091 0.9766 -0.1852
vn -0.8260 -0.0356 0.5626
vn -0.8244 -0.0278 0.5653
vn -0.1200 -0.9875 0.1027
vn -0.6066 -0.1748 0.7755
vn -0.3722 0.2435 0.8956
vn 0.2263 0.9729 -0.0468
vn 0.2704 0.9371 -0.2207
vn -0.0002 0.9829 0.1843
vn -0.0808 0.9691 0.2333
vn -0.6192 0.0447 0.7840
vn -0.6455 -0.0214 0.7635
vn -0.3578 -0.8429 0.4019
vn -0.3096 -0.8318 0.4608
vn -0.2813 -0.7836 0.5540
vn -0.6770 0.1259 0.7252
vn -0.6502 0.1794 0.7383
vn -0.4414 -0.7872 0.4307
vn -0.5536 -0.7501 0.3618
vn -0.1940 -0.2378 -0.9517
vn 0.3555 0.3290 -0.8748
vn 0.7005 0.3641 -0.6138
vn 0.3030 0.1629 -0.9390
vn 0.2237 0.4968 0.8385
vn 0.4902 0.5459 0.6795
vn -0.7295 -0.1931 0.6562
vn -0.9650 -0.1594 0.2082
vn -0.8977 0.0121 -0.4405
vn 0.6497 0.3828 -0.6568
vn -0.3666 -0.7527 0.5468
vn -0.5362 -0.8231 0.1869
vn -0.7718 -0.6325 0.0657
vn 0.1343 0.9907 -0.0220
vn 0.4465 0.8866 0.1208
vn 0.2797 0.9578 -0.0664
vn -0.2800 0.9580 -0.0623
vn 0.0665 0.9976 0.0214
vn 0.3204 0.9365 -0.1423
vn -0.2940 0.0529 0.9543
vn -0.0105 0.9829 0.1839
vn -0.7158 -0.6277 0.3060
vn -0.5564 -0.0183 0.8307
vn -0.2334 0.4203 0.8768
vn -0.0247 0.4283 0.9033
vn 0.3103 0.8847 0.3479
vn 0.3384 0.8774 0.3401
vn 0.2391 0.0274 0.9706
vn -0.7089 -0.6565 0.2577
vn -0.6254 -0.6785 0.3854
vn -0.3884 -0.2329 0.8916
vn 0.2263 -0.2393 0.9442
vn -0.0316 -0.6388 0.7687
vn -0.7652 -0.6326 0.1192
vn 0.0893 -0.3889 -0.9170
vn 0.8168 0.5206 0.2487
vn -0.0560 0.9627 0.2646
vn -0.3345 -0.9314 0.1438
vn -0.4296 -0.8086 0.4020
vn 0.1367 -0.9610 0.2405
vn 0.2865 -0.2916 0.9126
vn -0.1878 0.7750 0.6035
vn -0.8136 0.4665 0.3470
vn -0.6262 0.6748 0.3905
vn -0.9053 -0.0615 0.4204
vn -0.8197 -0.1555 0.5512
vn -0.4376 -0.8081 0.3943
vn -0.6871 0.3347 0.6449
vn -0.7972 -0.0776 0.5987
vn -0.3531 0.9068 0.2304
vn -0.4412 0.7719 0.4577
vn -0.1066 -0.9882 0.1098
vn -0.2128 -0.9696 -0.1207
vn -0.6499 -0.6694 0.3599
vn -0.4548 0.1039 0.8845
vn -0.2468 0.2710 0.9304
vn 0.0519 0.9969 0.0585
vn -0.1677 0.9305 0.3258
vn 0.0453 0.9482 0.3145
vn -0.6402 -0.7136 0.2844
vn -0.4021 -0.6771 0.6163
vn -0.5374 -0.7369 0.4101
vn -0.5575 -0.1817 0.8100
vn -0.7230 0.3753 -0.5800
vn -0.3392 0.9263 -0.1641
vn -0.1460 0.9473 -0.2852
vn -0.2878 0.9399 -0.1839
vn 0.4700 0.8553 -0.2179
vn 0.4163 0.8682 -0.2700
vn 0.4287 0.8120 -0.3961
vn -0.1928 0.8101 -0.5537
vn -0.4446 0.4704 -0.7623
vn -0.7039 0.6116 -0.3612
vn -0.8518 0.0455 -0.5219
vn -0.6944 -0.5376 -0.4784
vn -0.4389 0.1475 -0.8864
vn 0.0585 -0.1754 -0.9828
vn 0.0335 0.0303 -0.9990
vn 0.0330 -0.0089 -0.9994
vn 0.1891 0.9811 0.0404
vn -0.2944 0.8056 -0.5142
vn 0.1346 0.9840 0.1165
vn 0.3214 0.8817 -0.3454
vn 0.1573 0.9869 -0.0367
vn 0.4912 0.8593 -0.1423
vn 0.0799 0.9751 -0.2067
vn 0.1555 0.9768 -0.1471
vn 0.3957 0.8841 -0.2484
vn -0.9979 0.0521 -0.0380
vn -0.6402 -0.3286 -0.6944
vn -0.9632 0.0145 -0.2682
vn -0.9650 0.0243 -0.2612
vn -0.9021 0.0587 -0.4274
vn -0.8939 -0.0214 -0.4478
vn -0.8035 -0.1634 -0.5725
vn 0.2102 0.9586 -0.1920
vn 0.3757 0.9228 0.0851
vn -0.5658 -0.2451 -0.7873
vn -0.5869 -0.2524 -0.7693
vn -0.2254 -0.2900 -0.9301
vn -0.1903 -0.2806 -0.9408
vn -0.3956 -0.1151 -0.9112
vn -0.0980 0.4477 -0.8888
vn 0.3561 0.9292 0.0985
vn -0.0359 -0.1423 -0.9892
vn 0.3688 0.9223 0.1159
vn 0.4360 0.8956 0.0882
vn 0.1505 -0.2356 -0.9601
vn 0.1912 0.9518 0.2398
vn 0.2059 0.9407 0.2697
vn 0.3093 0.8953 0.3207
vn 0.5870 0.0911 -0.8045
vn 0.3144 0.8982 0.3072
vn 0.9468 0.0844 -0.3105
vn 0.2119 0.9742 0.0773
vn 0.3069 0.9516 0.0157
vn -0.0393 0.9947 -0.0946
vn 0.7526 0.6522 0.0907
vn 0.6190 0.7854 -0.0052
vn 0.1819 0.0001 -0.9833
vn 0.0328 0.1445 -0.9890
vn 0.2719 -0.1895 -0.9435
vn 0.6170 -0.1445 -0.7736
vn 0.2672 0.0231 -0.9634
vn 0.2940 0.0473 -0.9546
vn 0.2794 0.0432 -0.9592
vn 0.7727 -0.5313 0.3472
vn 0.6666 -0.7087 0.2311
vn 0.3211 -0.8407 0.4360
vn 0.4042 -0.8878 0.2201
vn 0.3281 -0.9336 0.1437
vn 0.9694 -0.2448 0.0180
vn 0.8289 -0.5593 0.0076
vn 0.3086 -0.9372 0.1624
vn 0.8170 -0.5470 0.1823
vn 0.8679 0.4968 -0.0004
vn 0.9771 0.2086 -0.0426
vn 0.8119 0.5477 0.2022
vn 0.8191 0.5249 0.2313
vn 0.9893 -0.0141 0.1451
vn 0.8048 -0.5148 0.2954
vn 0.9374 -0.3442 0.0537
vn 0.9609 -0.2614 0.0916
vn 0.2810 -0.9596 -0.0147
vn 0.9981 -0.0498 0.0363
vn 0.8880 -0.4599 -0.0020
vn 0.2451 -0.9681 0.0523
vn 0.2563 -0.9649 0.0574
vn -0.1673 -0.9802 0.1062
vn 0.3842 -0.9203 0.0734
vn 0.4072 -0.9112 0.0624
vn 0.3696 -0.8527 0.3693
vn 0.1446 -0.8560 0.4964
vn 0.9826 -0.0815 0.1670
vn 0.9482 0.0691 0.3100
vn 0.7867 -0.0122 0.6172
vn 0.8150 -0.0728 0.5748
vn 0.8353 0.1231 0.5359
vn 0.7599 0.0713 0.6461
vn 0.1239 -0.8022 0.5840
vn 0.4396 0.0988 0.8928
vn 0.2168 -0.0294 0.9758
vn -0.0011 -0.0284 0.9996
vn 0.5249 0.3819 0.7607
vn -0.2111 -0.1065 0.9717
vn 0.0235 0.2094 0.9775
vn -0.2593 0.3369 0.9052
vn -0.0982 -0.8041 0.5864
vn 0.4300 -0.7971 0.4239
vn -0.0437 -0.9134 0.4046
vn 0.1152 -0.3602 0.9258
vn 0.1240 -0.3467 0.9297
vn -0.1911 -0.2828 0.9400
vn 0.8463 -0.4878 0.2142
vn 0.5011 -0.3206 0.8038
vn 0.9208 -0.1822 0.3450
vn 0.7530 -0.3673 0.5459
vn 0.4105 0.8036 0.4309
vn 0.9015 -0.1194 0.4160
vn 0.8188 -0.1074 0.5640
vn 0.5289 -0.3099 0.7901
vn 0.4115 0.8025 0.4321
vn -0.2397 0.1819 0.9537
vn -0.3609 0.3623 0.8593
vn -0.8094 0.1545 0.5665
vn -0.7122 0.2913 0.6387
vn -0.7351 -0.6500 -0.1929
vn -0.5474 -0.8306 0.1023
vn -0.5234 -0.8356 0.1671
vn -0.5233 -0.5393 0.6598
vn -0.4210 -0.2796 0.8629
vn -0.4138 -0.8794 0.2353
vn -0.1839 -0.7308 0.6574
vn 0.2106 -0.0464 0.9765
vn 0.3577 0.1899 0.9143
vn 0.4213 0.8046 0.4186
vn -0.1122 -0.8598 0.4981
vn -0.0907 -0.8404 0.5343
vn -0.1031 -0.7372 0.6678
vn 0.1064 0.1594 0.9815
vn 0.1958 -0.2051 0.9590
vn 0.3298 -0.1920 0.9243
vn 0.4643 -0.0070 0.8856
vn 0.0352 -0.7787 0.6264
vn 0.2640 -0.7781 0.5700
vn 0.5469 0.6928 0.4700
vn 0.4645 0.7425 0.4827
vn 0.2448 0.8914 0.3814
vn 0.4076 0.7997 0.4408
vn 0.5294 0.6966 0.4842
vn -0.2533 -0.5664 0.7843
vn -0.1052 -0.8100 0.5769
vn -0.3927 -0.5327 0.7497
vn 0.5254 0.7599 0.3828
vn 0.2999 -0.2599 0.9179
vn 0.6706 0.5251 0.5240
vn 0.4747 0.7719 0.4229
vn 0.0047 -0.6449 0.7643
vn -0.0610 -0.0155 0.9980
vn 0.4193 -0.1921 0.8873
vn -0.2934 0.4939 0.8185
vn -0.4362 0.0711 0.8970
vn -0.6257 -0.0891 0.7750
vn -0.6925 0.0083 0.7214
vn -0.3388 0.7919 0.5080
vn -0.6566 -0.1092 0.7463
vn -0.2867 0.1798 0.9410
vn -0.0533 0.9392 0.3391
vn 0.0273 0.9240 0.3813
vn -0.9367 -0.1184 -0.3296
vn -0.8669 0.1039 0.4876
vn -0.7051 0.5358 0.4645
vn -0.9970 0.0761 0.0102
vn -0.9209 0.1408 0.3634
vn -0.3994 -0.0131 0.9167
vn 0.0154 0.9544 0.2982
vn 0.5842 0.7657 0.2691
vn 0.4941 0.7817 0.3805
vn 0.5619 0.4398 0.7006
vn 0.6799 0.2074 0.7033
vn 0.1056 -0.5080 0.8549
vn 0.1728 -0.0963 0.9802
vn 0.6049 -0.0616 0.7939
vn 0.7171 0.5359 0.4457
vn 0.2674 -0.4940 0.8273
vn 0.6395 -0.6211 0.4531
vn 0.9336 0.2881 0.2132
vn 0.7270 -0.0557 0.6844
vn 0.7514 -0.5805 0.3137
vn -0.7156 0.0203 -0.6982
vn -0.4286 0.0318 -0.9029
vn -0.9898 0.0754 0.1206
vn -0.9714 0.0568 -0.2305
vn -0.8614 -0.0196 -0.5076
vn -0.9778 0.1150 -0.1754
vn -0.9767 0.1952 -0.0890
vn -0.7683 -0.0155 -0.6398
vn 0.0267 -0.0937 -0.9952
vn 0.0357 -0.1000 -0.9943
vn 0.0797 -0.1091 -0.9908
vn 0.1608 0.0423 -0.9861
vn 0.1537 -0.0662 -0.9859
vn 0.1652 -0.0437 -0.9853
vn -0.0340 -0.9947 0.0974
vn -0.0249 -0.6735 -0.7388
vn -0.1376 -0.9564 0.2578
vn -0.2897 -0.8179 0.4970
vn -0.0754 -0.9117 0.4039
vn -0.0121 -0.9732 0.2294
vn -0.1620 -0.8234 0.5438
vn -0.2784 -0.9536 0.1149
vn 0.2218 -0.4456 -0.8673
vn -0.3391 -0.3238 -0.8832
vn -0.6270 -0.2484 -0.7383
vn -0.1990 -0.1145 -0.9733
vn -0.6798 -0.2117 -0.7021
vn -0.8948 0.0443 -0.4442
vn -0.9796 -0.1433 -0.1408
vn -0.7173 0.6488 -0.2541
vn -0.9324 0.3465 -0.1029
vn -0.8978 -0.1471 -0.4150
vn -0.4694 0.5665 -0.6774
vn -0.6504 -0.2659 -0.7115
vn -0.4935 0.3912 -0.7768
vn -0.5304 -0.8049 -0.2662
vn 0.1503 -0.6178 -0.7718
vn 0.5520 -0.2826 -0.7845
vn 0.4960 -0.3114 -0.8106
vn -0.4156 -0.6839 -0.5997
vn -0.3581 -0.7864 -0.5033
vn -0.1641 -0.2748 -0.9474
vn -0.8942 -0.1543 -0.4203
vn -0.7988 0.0198 -0.6012
vn -0.6264 -0.1348 -0.7677
vn 0.8443 -0.3330 -0.4198
vn -0.2956 -0.9515 0.0856
vn 0.2244 -0.0889 -0.9704
vn 0.8387 0.2841 0.4646
vn 0.9548 0.0055 0.2972
vn 0.7078 -0.7029 0.0711
vn 0.3651 -0.8452 0.3903
vn 0.9867 -0.0898 -0.1353
vn -0.6801 0.2333 0.6950
vn 0.1829 0.4625 0.8676
vn -0.7915 -0.4694 -0.3915
vn -0.7786 -0.3801 -0.4992
vn -0.8797 -0.2348 -0.4135
vn -0.9757 -0.2057 0.0753
vn -0.9790 -0.1765 0.1020
vn -0.7865 -0.4394 0.4340
vn -0.9715 0.0033 -0.2370
vn -0.8721 0.0038 -0.4893
vn -0.8736 0.1593 -0.4598
vn -0.3734 -0.0991 -0.9224
vn -0.3769 -0.0892 -0.9220
vn -0.2607 -0.0176 -0.9653
vn -0.7259 -0.0857 -0.6825
vn -0.7446 0.0008 -0.6676
vn -0.9066 0.1422 -0.3973
vn -0.6048 -0.1265 -0.7863
vn -0.2325 -0.1187 -0.9653
vn -0.4607 -0.1395 -0.8765
vn -0.7126 -0.0574 -0.6992
vn -0.9052 0.2311 -0.3567
vn -0.8912 0.0669 -0.4487
vn -0.6270 -0.1237 -0.7691
vn -0.9996 -0.0223 -0.0142
vn -0.9873 0.1543 -0.0373
vn -0.9981 0.0617 -0.0039
vn -0.9922 -0.0237 0.1227
vn -0.9445 -0.0036 -0.3286
vn -0.9385 0.0748 0.3372
vn -0.9958 -0.0747 -0.0538
vn -0.9485 0.0867 0.3047
vn -0.6031 -0.5142 0.6098
vn -0.5023 0.1144 0.8571
vn -0.5293 0.7153 0.4563
vn -0.3819 -0.5936 0.7084
vn -0.2895 0.1661 0.9426
vn -0.6629 -0.3188 0.6774
vn -0.3279 -0.4184 0.8470
vn -0.5277 -0.8045 0.2727
vn -0.7436 0.2035 0.6369
vn -0.8739 0.0560 0.4828
vn -0.7908 -0.6103 0.0476
vn -0.3907 0.1787 0.9030
vn -0.2801 0.0827 0.9564
vn -0.8580 -0.3418 0.3833
vn -0.7909 0.0100 0.6119
vn -0.9980 -0.0279 -0.0564
vn -0.9965 -0.0442 -0.0715
vn -0.5149 0.8392 -0.1749
vn -0.8220 -0.5593 -0.1072
vn -0.9652 0.2360 0.1126
vn -0.9882 0.0792 0.1310
vn -0.9555 -0.2843 -0.0793
vn -0.9360 -0.0901 -0.3402
vn -0.7783 0.4859 -0.3977
vn -0.4678 0.7486 -0.4700
vn -0.8293 -0.1012 -0.5496
vn -0.8980 0.0278 -0.4392
vn -0.7445 -0.6626 -0.0821
vn -0.9090 0.0746 -0.4100
vn -0.9996 -0.0011 -0.0274
vn -0.0987 0.1185 0.9880
vn 0.3642 -0.2213 0.9046
vn 0.2371 0.2948 0.9257
vn 0.4113 0.0846 0.9076
vn -0.6635 -0.1683 -0.7290
vn -0.9799 0.0035 -0.1996
vn -0.9871 -0.0370 0.1555
vn -0.7347 -0.6784 -0.0017
vn -0.9041 -0.3688 -0.2158
vn -0.9370 0.2330 0.2602
vn -0.9476 0.0164 0.3189
vn -0.9732 -0.1457 0.1780
vn -0.9557 -0.0619 -0.2879
vn -0.9215 -0.0202 -0.3877
vn -0.9676 -0.0091 -0.2525
vn -0.9543 -0.0567 -0.2934
vn -0.4842 0.4765 -0.7338
vn -0.7029 -0.0884 -0.7058
vn -0.6700 -0.7306 -0.1317
vn -0.7692 -0.4611 -0.4424
vn -0.3503 -0.8340 -0.4264
vn -0.5878 -0.0501 -0.8075
vn -0.5400 -0.7699 -0.3401
vn -0.7100 -0.5785 -0.4015
vn 0.1328 -0.4456 -0.8853
vn -0.3661 -0.2762 -0.8886
vn -0.0241 -0.2301 -0.9729
vn 0.0259 -0.2524 -0.9673
vn -0.2743 0.1305 -0.9528
vn -0.2700 0.0926 -0.9584
vn -0.0419 -0.7060 -0.7070
vn 0.1744 0.4807 -0.8594
vn 0.1726 0.5038 -0.8464
vn 0.4013 -0.1236 -0.9076
vn -0.1085 -0.8201 -0.5619
vn -0.1151 -0.3443 -0.9318
vn 0.4087 -0.0993 -0.9073
vn -0.0971 -0.7441 -0.6609
vn 0.7978 -0.1623 -0.5807
vn 0.7641 -0.1928 -0.6156
vn 0.9420 -0.1681 -0.2905
vn 0.9961 -0.0876 -0.0069
vn 0.9153 0.0109 0.4025
vn -0.1195 -0.4918 0.8624
vn -0.5591 0.1920 0.8066
vn -0.6539 0.1770 0.7356
vn -0.6225 -0.5451 0.5616
vn -0.6048 0.2365 0.7604
vn -0.9131 0.1454 0.3810
vn -0.6020 0.7188 0.3477
vn -0.6633 -0.4360 0.6083
vn -0.2804 0.7239 0.6303
vn -0.1396 0.9108 0.3884
vn -0.0918 0.9244 0.3701
vn -0.5068 0.4853 0.7124
vn 0.1962 -0.8312 0.5202
vn -0.5384 -0.7689 0.3449
vn -0.5984 -0.7101 0.3711
vn -0.6459 -0.4673 0.6037
vn -0.0789 0.4263 0.9011
vn -0.3067 0.1114 0.9453
vn -0.4308 0.1278 0.8934
vn -0.3976 0.1744 0.9008
vn -0.8069 -0.3817 0.4508
vn -0.8271 -0.5577 -0.0692
vn -0.3945 -0.0346 0.9183
vn -0.1390 0.2684 0.9532
vn 0.1929 0.2441 0.9504
vn -0.8004 -0.3803 0.4635
vn 0.0028 0.0765 0.9971
vn 0.0311 0.4936 0.8691
vn -0.7491 0.1218 0.6511
vn 0.5396 0.3936 0.7442
vn -0.4431 0.4207 0.7917
vn -0.6026 0.0385 0.7971
vn -0.6599 0.2918 0.6924
vn 0.1407 0.3571 0.9234
vn 0.1733 0.1432 0.9744
vn -0.2713 -0.0409 0.9616
vn 0.2883 0.9283 0.2346
vn 0.2608 0.8494 0.4588
vn 0.3848 0.8988 -0.2100
vn 0.1617 0.8247 -0.5419
vn 0.2738 0.9285 -0.2507
vn 0.5944 0.8023 0.0536
vn 0.8044 0.3081 0.5080
vn 0.3814 0.9026 -0.1995
vn 0.0687 0.0308 0.9972
vn -0.8168 -0.2424 0.5235
vn -0.1054 0.1234 0.9867
vn -0.1020 0.1410 0.9847
vn 0.5145 0.8570 0.0299
vn 0.3271 -0.0574 0.9432
vn 0.1630 0.8493 -0.5021
vn 0.6677 0.0651 0.7416
vn 0.2599 0.7998 -0.5411
vn 0.7669 0.5654 0.3036
vn 0.3460 0.7789 -0.5231
vn 0.4730 0.8049 -0.3583
vn 0.7570 0.6499 0.0671
vn 0.6592 0.7190 0.2201
vn 0.7367 0.6052 0.3016
vn 0.9802 0.1976 0.0112
vn 0.9666 0.2560 0.0114
vn 0.8958 0.3851 -0.2218
vn 0.5902 0.7655 -0.2564
vn 0.0702 -0.2920 0.9538
vn 0.0552 -0.3160 0.9471
vn 0.0347 -0.2980 0.9539
vn 0.4417 -0.3024 0.8446
vn 0.5986 0.7548 -0.2682
vn 0.1951 0.8847 -0.4233
vn 0.3238 0.8463 -0.4229
vn 0.3356 0.9420 -0.0063
vn 0.3709 0.8763 0.3075
vn 0.3854 0.8746 0.2943
vn 0.5242 0.3591 0.7722
vn 0.5262 0.3519 0.7742
vn 0.8487 0.0801 0.5229
vn -0.9830 0.0224 0.1824
vn -0.9951 -0.0721 -0.0680
vn -0.8184 0.4984 0.2860
vn -0.7190 0.6757 0.1627
vn -0.9115 -0.1830 0.3684
vn -0.7388 0.0681 0.6705
vn -0.6988 0.1344 0.7026
vn 0.0259 0.7157 0.6979
vn -0.5211 0.6688 0.5303
vn -0.4657 0.7257 0.5065
vn 0.0161 0.7536 0.6572
vn -0.2232 -0.0673 0.9724
vn 0.2719 0.2216 0.9364
vn 0.3797 0.0792 0.9217
vn 0.4495 0.7928 0.4117
vn 0.5478 0.6561 0.5190
vn 0.3237 -0.1536 0.9336
vn -0.1551 -0.5249 0.8369
vn -0.6132 -0.5449 0.5719
vn 0.0311 0.6013 0.7984
vn -0.5762 0.1567 0.8021
vn -0.1634 0.6111 0.7745
vn -0.7757 -0.0043 0.6311
vn -0.4946 0.7780 0.3875
vn -0.5379 0.6866 0.4892
vn -0.7527 -0.0268 0.6578
vn -0.9494 -0.3054 0.0737
vn -0.8251 0.1309 0.5495
vn -0.5461 -0.7863 0.2889
vn -0.3525 -0.9097 0.2194
vn -0.7423 0.6419 -0.1922
vn -0.9604 0.0477 -0.2745
vn -0.9856 -0.0641 -0.1562
vn -0.7173 0.6699 -0.1916
vn -0.7362 -0.0308 -0.6760
vn -0.3935 -0.7698 -0.5026
vn -0.2703 -0.9022 -0.3361
vn -0.1025 -0.0702 -0.9923
vn 0.0078 -0.8131 -0.5821
vn -0.6315 -0.1647 -0.7577
vn -0.5791 0.7642 -0.2841
vn -0.7737 -0.1152 -0.6230
vn -0.5928 -0.7455 -0.3047
vn -0.2263 -0.9727 -0.0514
vn -0.7340 -0.0702 -0.6755
vn -0.7626 -0.0507 -0.6449
vn -0.2114 -0.0586 -0.9756
vn -0.1182 0.3083 -0.9439
vn -0.1758 0.6265 -0.7593
vn -0.3776 0.0528 -0.9245
vn -0.3370 -0.0514 -0.9401
vn -0.5877 -0.6653 -0.4604
vn 0.4529 -0.1511 -0.8787
vn 0.3169 0.6097 -0.7265
vn 0.2225 0.3445 -0.9120
vn -0.1644 -0.7601 -0.6286
vn -0.1718 -0.6926 -0.7006
vn 0.5295 0.8308 -0.1715
vn 0.4084 0.1273 -0.9039
vn -0.5889 -0.7963 0.1383
vn -0.7293 0.6765 -0.1023
vn -0.8573 0.5081 -0.0834
vn -0.7462 -0.0288 -0.6652
vn -0.5470 -0.8370 -0.0141
vn -0.5747 -0.8183 -0.0114
vn -0.9847 0.0481 0.1676
vn -0.9598 -0.0277 0.2794
vn -0.4506 -0.8842 0.1235
vn -0.7882 0.1284 0.6018
vn -0.3864 0.1036 0.9165
vn -0.4542 0.2012 0.8679
vn -0.7494 0.1039 0.6539
vn -0.8635 0.0850 0.4971
vn -0.6021 -0.7459 0.2849
vn -0.7225 0.6913 -0.0105
vn -0.7464 0.6654 -0.0098
vn -0.6897 0.5099 0.5141
vn -0.6940 0.0354 0.7191
vn -0.7361 -0.0267 0.6763
vn -0.3980 0.0251 0.9170
vn -0.0139 -0.1915 0.9814
vn -0.6200 0.6196 0.4813
vn -0.6320 0.5699 0.5252
vn -0.5274 0.0454 0.8484
vn -0.3211 0.2559 0.9118
vn -0.4492 -0.7967 0.4043
vn -0.4484 -0.6088 0.6545
vn -0.1177 -0.7414 0.6606
vn -0.4563 0.0681 0.8872
vn -0.0899 0.0878 0.9921
vn 0.0005 0.0624 0.9981
vn 0.6469 -0.0723 0.7591
vn 0.7266 -0.0692 0.6836
vn 0.2351 0.0127 0.9719
vn -0.0854 -0.0065 0.9963
vn 0.5658 -0.0757 -0.8211
vn -0.8218 -0.0554 -0.5671
vn -0.9782 0.1140 -0.1734
vn -0.2227 0.0870 -0.9710
vn -0.4287 0.0456 -0.9023
vn -0.8325 -0.1298 0.5386
vn -0.5841 0.0005 0.8116
vn -0.0669 -0.7471 0.6614
vn -0.0634 -0.7530 0.6549
vn -0.4776 -0.2217 0.8502
vn -0.7916 0.1180 0.5996
vn -0.1278 -0.8524 0.5070
vn -0.9707 -0.0353 0.2379
vn -0.9975 0.0524 0.0477
vn -0.5069 -0.7000 0.5030
vn -0.7223 -0.0841 0.6865
vn 0.1409 -0.9603 0.2407
vn -0.1453 0.4962 0.8560
vn 0.1626 0.9797 0.1168
vn 0.1209 0.9729 -0.1972
vn -0.9846 0.1324 -0.1144
vn -0.9839 0.1389 -0.1126
vn -0.8335 0.4947 -0.2459
vn -0.1889 -0.9614 0.2001
vn -0.9707 -0.0985 0.2194
vn 0.0616 0.1610 -0.9850
vn -0.5665 -0.0583 -0.8220
vn -0.6009 0.6119 -0.5142
vn -0.2368 -0.2027 -0.9502
vn 0.0246 -0.7780 -0.6277
vn 0.4244 0.0286 -0.9050
vn 0.2797 -0.0205 -0.9599
vn 0.2133 -0.5889 -0.7796
vn 0.2404 -0.8925 -0.3816
vn -0.1144 0.1372 -0.9839
vn -0.1115 -0.0815 -0.9904
vn 0.0706 -0.1335 -0.9885
vn 0.3740 0.0109 -0.9274
vn -0.3893 -0.1347 -0.9112
vn -0.5346 -0.6606 -0.5270
vn -0.4568 0.7399 -0.4937
vn 0.0136 -0.0555 -0.9984
vn 0.0736 -0.1023 -0.9920
vn -0.3481 0.6688 -0.6569
vn -0.2179 -0.6847 -0.6955
vn -0.2075 -0.7398 -0.6400
vn 0.1430 0.1788 -0.9734
vn -0.2236 -0.8938 -0.3888
vn -0.3780 -0.8195 -0.4307
vn 0.0088 -0.3919 -0.9200
vn -0.1037 -0.0934 -0.9902
vn 0.3819 -0.7811 -0.4940
vn 0.4391 0.0145 -0.8983
vn 0.4275 -0.7712 -0.4717
vn 0.6477 0.4479 -0.6164
vn 0.6519 0.5032 -0.5673
vn 0.3377 -0.8527 -0.3985
vn 0.4812 -0.0241 -0.8763
vn 0.2129 -0.2388 -0.9474
vn 0.7385 0.0656 -0.6711
vn 0.4394 0.0304 -0.8978
vn 0.6428 0.5033 -0.5775
vn -0.0367 0.8477 -0.5293
vn 0.2815 0.5822 -0.7628
vn 0.5404 -0.0276 -0.8409
vn 0.0730 -0.8021 -0.5927
vn 0.4333 -0.5930 -0.6787
vn 0.3297 0.7956 -0.5082
vn 0.6134 -0.1637 -0.7726
vn 0.7317 0.1346 -0.6682
vn 0.9073 -0.0628 -0.4159
vn 0.8605 0.1696 -0.4804
vn 0.5182 -0.5969 -0.6125
vn 0.6579 -0.0582 -0.7509
vn 0.6982 -0.1922 -0.6896
vn 0.8106 0.0331 -0.5847
vn 0.3755 0.5203 -0.7670
vn 0.9490 0.0015 -0.3153
vn 0.7870 0.0931 -0.6099
vn 0.4745 -0.6749 -0.5651
vn 0.5366 -0.4768 -0.6962
vn 0.8172 -0.5602 -0.1356
vn 0.9642 0.0415 -0.2621
vn 0.9504 0.1180 0.2879
vn 0.9608 0.1814 -0.2097
vn 0.9057 -0.3414 -0.2515
vn 0.7900 -0.5945 -0.1501
vn 0.9833 0.0449 -0.1765
vn 0.8094 0.2398 -0.5361
vn 0.9587 0.2475 0.1401
vn 0.9887 0.1478 0.0232
vn 0.7642 0.2842 -0.5790
vn 0.8911 0.4507 -0.0521
vn 0.9381 0.3457 0.0219
vn 0.8491 0.3936 -0.3522
vn 0.8491 0.3930 -0.3531
vn 0.7676 0.3175 -0.5567
vn 0.3641 -0.1540 -0.9185
vn 0.5355 -0.2091 -0.8182
vn 0.9804 -0.0411 -0.1927
vn 0.9152 -0.0968 -0.3912
vn 0.8253 -0.2256 -0.5177
vn 0.9693 -0.2459 0.0078
vn 0.8537 -0.2353 -0.4646
vn 0.8310 -0.2124 -0.5141
vn -0.0281 0.0823 0.9962
vn -0.7719 0.1939 0.6055
vn -0.5300 0.0671 0.8453
vn -0.0635 0.0509 0.9967
vn -0.0425 -0.6800 0.7320
vn -0.4593 0.1025 0.8823
vn -0.5464 0.1001 0.8315
vn -0.5705 0.0431 0.8202
vn -0.2222 0.1611 0.9616
vn 0.0311 0.1218 0.9921
vn 0.2259 -0.5224 0.8222
vn 0.3695 -0.6969 0.6146
vn -0.3849 -0.1707 0.9070
vn -0.2649 0.2462 0.9323
vn 0.2321 -0.0123 0.9726
vn 0.1622 0.5105 0.8444
vn 0.6319 0.2296 0.7403
vn 0.3299 0.8624 0.3840
vn 0.0941 0.9817 0.1658
vn -0.1052 -0.4126 0.9048
vn 0.2994 -0.0076 0.9541
vn 0.3092 -0.4144 0.8560
vn 0.5898 -0.1313 0.7968
vn 0.6085 -0.1565 0.7779
vn 0.0925 0.1185 0.9886
vn 0.1191 0.0856 0.9892
vn 0.5323 -0.0865 0.8421
vn 0.5158 -0.0949 0.8515
vn 0.8242 -0.1749 0.5387
vn 0.9627 -0.2052 0.1764
vn 0.9581 -0.1937 0.2110
vn 0.7142 -0.1190 0.6898
vn 0.1683 0.0619 0.9838
vn 0.4113 0.2089 0.8872
vn 0.9361 0.0669 0.3453
vn 0.4356 -0.8746 0.2130
vn 0.8684 0.1870 0.4592
vn 0.7527 0.5482 0.3646
vn 0.8212 0.4811 0.3070
vn -0.3400 -0.8552 0.3911
vn 0.0405 0.9969 0.0668
vn -0.9029 -0.3170 0.2904
vn 0.7561 0.3897 0.5258
vn 0.6719 0.4274 0.6049
vn 0.7812 0.4086 0.4721
vn -0.6691 0.1479 0.7283
vn -0.0949 0.1025 0.9902
vn -0.1012 0.1292 0.9864
vn -0.2883 0.0357 0.9569
vn 0.7733 0.4713 0.4242
vn -0.8577 -0.0208 0.5138
vn 0.4993 0.4756 0.7242
vn 0.6303 0.4841 0.6070
vn 0.8259 0.3999 0.3975
vn 0.8022 0.4224 0.4221
vn 0.2942 0.2117 0.9320
vn -0.8391 0.0140 0.5439
vn -0.8066 -0.0405 0.5897
vn 0.6423 0.2364 0.7291
vn 0.0394 -0.1204 0.9919
vn -0.7500 -0.4397 0.4942
vn -0.8418 -0.3787 0.3847
vn 0.4530 0.1535 0.8782
vn 0.1590 0.0880 0.9834
vn 0.1417 0.0728 0.9872
vn -0.2600 -0.3276 0.9083
vn -0.1709 -0.3383 0.9254
vn 0.4185 -0.1078 0.9018
vn 0.3685 -0.1098 0.9231
vn -0.1362 -0.3507 0.9265
vn 0.0363 -0.2222 0.9743
vn 0.5483 -0.1139 0.8285
vn 0.1738 -0.2390 0.9553
vn 0.0522 -0.2302 0.9717
vn 0.6521 0.2809 0.7042
vn 0.6349 0.4735 0.6105
vn -0.6705 0.0231 0.7416
vn -0.2336 -0.1628 0.9586
vn -0.1050 -0.0757 0.9916
vn 0.0321 0.8291 0.5581
vn 0.3736 0.2345 0.8975
vn 0.3191 -0.1515 0.9355
vn 0.4043 0.5764 0.7101
vn -0.2033 -0.5773 0.7908
vn 0.1798 0.1518 0.9719
vn 0.4131 0.5964 0.6882
vn 0.5191 -0.2616 0.8137
vn 0.6299 0.1086 0.7690
vn 0.4183 -0.6957 0.5840
vn 0.5273 0.0241 0.8493
vn 0.6046 0.6476 0.4637
vn 0.9156 0.0497 0.3989
vn 0.5744 -0.7251 0.3799
vn 0.9044 -0.3042 0.2992
vn 0.4111 -0.7299 0.5461
vn 0.7629 0.4081 0.5015
vn 0.8187 0.2017 0.5377
vn 0.8923 0.1217 0.4346
vn 0.6200 -0.4445 0.6466
vn 0.3156 0.1176 0.9416
vn 0.2090 0.1040 0.9724
vn 0.8120 0.0417 0.5821
vn 0.6631 0.1600 0.7312
vn 0.7564 0.4979 -0.4243
vn 0.7354 -0.0853 -0.6723
vn 0.7000 -0.0400 -0.7131
vn 0.9778 0.0285 -0.2074
vn 0.9690 -0.0176 -0.2463
vn 0.5923 -0.7748 -0.2211
vn 0.5986 -0.7587 -0.2569
vn 0.9143 -0.3811 -0.1368
vn 0.9740 0.0528 -0.2202
vn 0.9675 -0.0662 -0.2440
vn 0.9743 0.0185 0.2243
vn 0.9674 -0.1357 0.2140
vn 0.8565 0.4939 0.1497
vn 0.9615 0.2556 0.1010
vn 0.9352 -0.1524 0.3197
vn 0.7033 -0.4310 0.5654
vn 0.5781 0.7584 0.3010
vn 0.6572 -0.2745 0.7019
vn 0.2969 -0.4226 0.8563
vn 0.2768 -0.5203 0.8079
vn 0.3597 0.8653 0.3491
vn 0.5352 0.7321 0.4214
vn 0.6541 -0.2206 0.7236
vn 0.6407 -0.1156 0.7590
vn 0.9304 0.2841 0.2316
vn 0.5310 0.1163 0.8394
vn 0.5213 0.0100 0.8533
vn 0.7452 0.1501 0.6497
vn 0.6240 -0.5138 0.5887
vn 0.6528 0.4250 0.6271
vn 0.9242 0.0230 0.3813
vn 0.8655 -0.2206 0.4497
vn -0.0822 -0.7748 0.6268
vn -0.1866 -0.6964 0.6930
vn -0.6680 0.0483 -0.7426
vn -0.6671 0.1807 -0.7227
vn -0.4931 0.0267 -0.8696
vn -0.2159 -0.0942 -0.9718
vn -0.5541 0.2797 -0.7841
vn -0.4181 0.0820 -0.9047
vn 0.3196 -0.1559 -0.9347
vn 0.0834 -0.0653 -0.9944
vn 0.5466 -0.0335 -0.8367
vn 0.3646 0.0479 -0.9300
vn -0.2817 0.1184 -0.9522
vn 0.9526 0.1722 -0.2509
vn 0.9819 0.1222 -0.1450
vn 0.4988 -0.0668 0.8642
vn 0.3414 0.4086 0.8465
vn -0.3614 0.0631 -0.9303
vn -0.6886 0.2989 -0.6607
vn 0.0274 0.2220 -0.9747
vn 0.4945 0.1573 -0.8548
vn 0.7826 0.0426 -0.6211
vn 0.8119 0.0828 -0.5779
vn 0.4856 -0.0188 -0.8740
vn 0.0504 -0.0542 -0.9973
vn -0.0469 0.2052 -0.9776
vn -0.7024 0.4170 -0.5768
vn -0.0950 0.0874 -0.9916
vn -0.0882 0.1522 -0.9844
vn -0.0764 -0.1813 -0.9804
vn -0.2412 0.3632 -0.8999
vn 0.4621 -0.3205 -0.8269
vn -0.4242 0.5290 -0.7350
vn 0.9322 0.1163 -0.3428
vn -0.4086 0.1596 -0.8987
vn -0.6452 0.4829 -0.5921
vn -0.6156 0.6527 -0.4416
vn 0.9407 -0.0048 0.3393
vn 0.7423 0.1772 0.6462
vn 0.6584 0.3263 0.6782
vn 0.4339 -0.0509 0.8995
vn 0.3779 -0.4518 -0.8082
vn 0.5648 -0.2457 -0.7878
vn 0.6553 0.3699 -0.6586
vn 0.6633 0.4809 -0.5734
vn 0.6314 -0.3704 -0.6813
vn 0.3416 -0.7536 -0.5615
vn 0.4581 -0.1153 -0.8814
vn 0.8103 -0.2294 -0.5393
vn 0.0683 -0.1457 -0.9870
vn 0.6770 -0.0917 -0.7302
vn 0.6560 -0.1088 -0.7469
vn 0.4093 -0.8266 -0.3864
vn 0.9769 -0.0122 -0.2133
vn 0.4950 -0.5064 -0.7061
vn 0.7851 0.5104 -0.3508
vn 0.7325 -0.5670 -0.3767
vn 0.8850 -0.3590 -0.2966
vn 0.8676 -0.4930 0.0646
vn 0.8931 0.4484 -0.0355
vn 0.9888 0.0234 -0.1473
vn 0.9251 -0.1458 -0.3506
vn 0.9849 0.0877 -0.1490
vn 0.7770 -0.5932 -0.2108
vn 0.9665 -0.0033 -0.2566
vn 0.8002 -0.5065 -0.3211
vn 0.1330 -0.7005 -0.7012
vn 0.4406 -0.6473 -0.6220
vn 0.3989 -0.8228 -0.4049
vn 0.2523 -0.4909 0.8338
vn 0.1005 0.0191 0.9948
vn 0.4161 -0.4378 0.7970
vn 0.6697 0.1608 0.7250
vn 0.8958 0.1249 0.4265
vn 0.4042 0.6055 0.6855
vn 0.9330 -0.1116 0.3421
vn 0.8598 0.4117 0.3021
vn 0.8693 -0.2268 0.4392
vn 0.6881 0.4108 0.5982
vn -0.5635 -0.2180 0.7969
vn -0.5564 -0.2932 0.7775
vn 0.0956 -0.0174 0.9953
vn 0.6100 -0.2815 0.7407
vn 0.6584 0.1845 0.7297
vn 0.7393 0.4155 0.5299
vn 0.6703 0.4630 0.5799
vn 0.8639 0.3916 0.3168
vn 0.5500 -0.0847 0.8309
vn 0.6208 0.0947 0.7782
vn 0.5067 0.1561 0.8479
vn 0.8139 0.0457 0.5792
vn 0.9346 0.1611 0.3172
vn 0.6902 0.1390 0.7101
vn 0.8675 0.1599 0.4711
vn 0.5183 -0.3087 0.7976
vn -0.0785 0.4084 0.9094
vn -0.1612 0.4692 0.8683
vn -0.2284 0.3555 0.9063
vn -0.0401 0.2065 0.9776
vn 0.9076 -0.1493 0.3925
vn 0.9451 0.0992 0.3115
vn 0.9524 0.1539 0.2630
vn 0.5814 -0.2405 0.7773
vn 0.3462 0.7726 -0.5322
vn 0.8102 -0.2263 0.5407
vn 0.9649 -0.0410 0.2594
vn 0.9905 -0.0044 0.1373
vn 0.9357 -0.2850 0.2082
vn 0.6684 -0.1447 0.7295
vn 0.9172 -0.2810 0.2825
vn 0.9934 0.1143 -0.0049
vn 0.9008 -0.1186 0.4178
vn 0.9536 -0.2659 0.1412
vn 0.8599 -0.2783 -0.4279
vn 0.8468 -0.5288 -0.0584
vn 0.8566 -0.4760 0.1993
vn 0.6191 -0.5102 0.5970
vn 0.9482 -0.3177 -0.0097
vn 0.8680 -0.2975 -0.3977
vn 0.8443 -0.3144 -0.4339
vn -0.1503 -0.2434 -0.9582
vn 0.7787 -0.2867 -0.5580
vn 0.4586 -0.0597 -0.8866
vn 0.6588 -0.0392 -0.7513
vn 0.0733 0.0637 -0.9953
vn 0.6991 0.0080 -0.7150
vn 0.3237 0.3773 0.8677
vn 0.6924 0.0144 -0.7213
vn 0.8301 -0.0730 -0.5528
vn 0.6236 0.0360 -0.7809
vn 0.9027 0.0595 -0.4261
vn 0.9176 0.0292 -0.3965
vn 0.9905 -0.0044 0.1372
vn 0.6792 0.7338 -0.0170
vn 0.7671 -0.0189 0.6413
vn 0.7430 -0.1688 0.6477
vn 0.8082 -0.4566 0.3720
vn 0.9500 0.0329 0.3105
vn 0.9953 0.0502 0.0833
vn 0.9974 0.0607 0.0389
vn 0.8573 -0.5046 0.1021
vn 0.9818 -0.1333 0.1350
vn 0.9832 -0.1248 0.1335
vn 0.9035 -0.4215 0.0779
vn 0.3514 -0.2974 -0.8877
vn -0.0469 -0.2713 -0.9613
vn 0.4231 -0.1988 -0.8840
vn 0.7920 0.3825 0.4759
vn 0.6230 0.6222 0.4741
vn 0.5906 0.6620 0.4615
vn 0.4975 0.0269 0.8670
vn 0.9568 0.0457 0.2872
vn 0.9905 0.1111 0.0808
vn 0.9924 0.1177 -0.0367
vn 0.7287 -0.6833 0.0450
vn 0.8731 0.4428 0.2040
vn 0.6646 0.4868 0.5669
vn 0.5822 0.5616 0.5879
vn -0.0175 -0.9883 0.1515
vn 0.3684 -0.8135 0.4500
vn 0.3396 -0.8757 0.3433
vn 0.6458 -0.6347 0.4244
vn 0.1844 -0.2092 0.9603
vn 0.8702 0.4317 0.2377
vn 0.6453 -0.7598 -0.0799
vn 0.7424 0.6696 -0.0231
vn 0.8983 0.4308 0.0870
vn 0.9992 -0.0350 -0.0176
vn 0.7773 0.6048 0.1731
vn 0.1122 -0.9911 0.0714
vn 0.2488 -0.9307 0.2683
vn 0.4419 -0.8344 0.3294
vn 0.7213 0.6583 0.2154
vn 0.3541 -0.9350 -0.0190
vn 0.8188 0.4459 0.3615
vn 0.7718 0.6275 0.1031
vn 0.2062 -0.9711 -0.1206
vn 0.8165 0.5771 0.0152
vn 0.9366 0.3421 -0.0757
vn 0.8902 0.4543 0.0356
vn 0.2310 -0.9720 -0.0420
vn 0.0607 -0.9561 0.2866
vn 0.2626 -0.9541 0.1439
vn 0.2752 -0.9345 0.2257
vn 0.9064 0.0033 0.4224
vn 0.9534 -0.2928 0.0733
vn 0.8333 -0.5511 0.0430
vn 0.7305 -0.6823 -0.0303
vn 0.9276 0.0941 0.3615
vn 0.8285 0.5210 0.2051
vn 0.9023 -0.3390 0.2663
vn 0.6163 -0.7197 0.3197
vn 0.6456 -0.7448 0.1688
vn 0.9845 0.1754 0.0085
vn 0.8001 -0.0660 0.5962
vn 0.6536 -0.7528 -0.0784
vn 0.6084 -0.7931 -0.0286
vn 0.6156 -0.6786 0.4008
vn 0.5236 -0.7201 0.4552
vn 0.6665 0.6241 0.4077
vn 0.7862 -0.4579 0.4151
vn 0.8015 -0.1037 0.5889
vn 0.7641 0.5488 0.3392
vn -0.2206 -0.6784 0.7008
vn -0.0376 -0.4818 0.8755
vn 0.1027 -0.8272 0.5524
vn 0.5955 0.5112 0.6197
vn 0.6137 0.1308 0.7787
vn 0.2259 -0.5598 0.7972
vn 0.2408 -0.6379 0.7315
vn 0.7474 -0.3017 0.5919
vn 0.7164 -0.5961 0.3626
vn 0.3692 -0.2909 0.8827
vn 0.5479 -0.2072 0.8105
vn 0.6796 0.1535 0.7174
vn 0.8824 -0.1989 0.4263
vn 0.9452 0.3227 0.0499
vn 0.9839 -0.1786 0.0069
vn 0.9808 0.0636 0.1843
vn 0.7717 -0.4874 0.4086
vn 0.9603 0.0321 0.2772
vn 0.7344 -0.6085 0.3005
vn 0.7529 -0.5791 0.3127
vn 0.7291 -0.6187 0.2927
vn 0.8726 -0.3210 0.3681
vn 0.9458 0.1517 0.2870
vn 0.9654 0.0059 0.2608
vn 0.7900 -0.6101 0.0611
vn 0.8622 -0.5063 0.0176
vn 0.9900 0.1020 0.0979
vn 0.9884 0.1117 0.1028
vn 0.9273 -0.3581 0.1095
vn 0.4516 -0.8809 0.1419
vn 0.8650 0.4885 0.1148
vn 0.9549 0.2954 0.0295
vn 0.8299 -0.5147 0.2151
vn 0.8106 -0.5815 0.0687
vn 0.3476 -0.8358 0.4251
vn 0.3807 -0.7396 0.5550
vn 0.7660 -0.5387 0.3508
vn 0.7743 -0.5016 0.3858
vn 0.0578 0.1348 -0.9892
vn 0.2265 0.5865 -0.7776
vn 0.6402 0.7677 -0.0266
vn 0.3497 0.4245 0.8352
vn 0.8797 -0.3858 0.2780
vn 0.8618 -0.3817 0.3342
vn 0.5646 0.0366 0.8246
vn 0.7523 0.1157 0.6486
vn 0.5291 0.3894 0.7539
vn 0.7975 -0.2849 0.5318
vn 0.8490 -0.3109 0.4273
vn 0.9576 0.1767 0.2274
vn 0.8006 0.5796 0.1521
vn 0.8073 -0.5530 0.2063
vn 0.9630 -0.1790 0.2012
vn 0.9954 -0.0632 0.0715
vn 0.9543 0.2978 -0.0239
vn 0.9836 0.1736 0.0495
vn 0.6086 0.7759 0.1660
vn 0.7849 0.6177 0.0484
vn 0.6683 0.7240 0.1710
vn 0.2975 0.9240 -0.2404
vn 0.8699 -0.0015 -0.4932
vn 0.9921 0.0054 -0.1250
vn 0.5561 0.5399 0.6319
vn 0.9772 0.0800 0.1969
vn -0.4974 0.7968 0.3430
vn 0.2389 0.2677 0.9334
vn 0.5713 -0.2481 0.7823
vn 0.7798 -0.2583 0.5703
vn -0.2523 0.5068 0.8243
vn 0.6802 -0.4834 0.5511
vn -0.5051 0.7862 0.3560
vn 0.2746 0.3007 0.9133
vn 0.2475 0.3365 0.9086
vn 0.4318 0.2205 0.8746
vn 0.5512 -0.7102 0.4379
vn 0.6473 -0.7578 0.0822
vn 0.5402 -0.8415 0.0122
vn 0.5987 -0.4432 -0.6672
vn 0.8377 -0.3278 -0.4368
vn -0.5560 0.1471 -0.8180
vn -0.2094 -0.2574 -0.9433
vn 0.4162 -0.6872 -0.5955
vn -0.3692 0.0020 -0.9293
vn 0.1871 -0.6981 -0.6911
vn -0.0777 -0.7425 -0.6653
vn -0.3321 0.0887 -0.9391
vn -0.5413 0.4730 -0.6951
vn -0.3870 0.7286 -0.5652
vn -0.1463 0.0624 -0.9873
vn -0.1620 0.5823 -0.7967
vn 0.0207 -0.2011 -0.9794
vn 0.2814 -0.1195 -0.9521
vn 0.6018 -0.4718 0.6444
vn 0.2545 0.1023 0.9616
vn -0.6106 0.7720 -0.1765
vn -0.5635 0.7690 -0.3019
vn 0.1881 -0.9512 0.2445
vn 0.2352 -0.9264 0.2939
vn 0.5406 -0.8407 0.0305
vn 0.2653 -0.7690 0.5816
vn 0.2318 -0.7446 0.6260
vn 0.4630 -0.6154 0.6379
vn 0.5493 -0.8355 -0.0140
vn 0.7208 -0.6216 0.3066
vn 0.1303 -0.8944 -0.4280
vn 0.1127 0.0379 -0.9929
vn 0.3531 -0.8218 -0.4473
vn 0.4216 -0.5942 -0.6850
vn 0.6781 -0.1776 -0.7132
vn 0.8314 -0.4602 -0.3114
vn 0.9328 -0.3491 -0.0897
vn 0.9084 -0.3837 0.1658
vn 0.7285 0.2252 -0.6470
vn 0.9558 0.0321 -0.2923
vn -0.2225 -0.5414 0.8108
vn -0.2906 -0.5586 0.7768
vn 0.3516 -0.4564 0.8174
vn 0.4701 -0.4623 0.7519
vn -0.6850 0.0488 0.7269
vn 0.0916 -0.1910 0.9773
vn 0.1598 -0.2282 0.9604
vn -0.0755 0.0518 0.9958
vn -0.1295 0.5297 0.8382
vn -0.2517 0.8148 0.5223
vn -0.1396 0.3020 0.9431
vn 0.8855 -0.2231 0.4076
vn 0.8988 0.2799 0.3374
vn 0.8796 0.1153 0.4616
vn 0.8581 -0.4715 0.2033
vn 0.8543 -0.5001 -0.1419
vn -0.4421 0.8488 -0.2901
vn -0.3517 0.9170 -0.1881
vn -0.3788 0.7465 0.5471
vn -0.3525 0.8085 0.4712
vn 0.9554 0.1840 0.2309
vn 0.9024 -0.1084 0.4171
vn 0.9026 -0.1075 0.4169
vn 0.7488 -0.3692 -0.5505
s 0
usemtl Necro_DarkRobes
f 2//1 3//1 4//1
f 3//2 84//2 4//2
f 5//3 84//3 3//3
f 8//4 3//4 2//4
f 6//5 1//5 5//5
f 6//6 5//6 7//6
f 3//7 7//7 5//7
f 7//8 3//8 8//8
f 10//9 11//9 12//9
f 77//10 12//10 11//10
f 16//11 15//11 13//11
f 17//12 16//12 13//12
f 26//13 20//13 21//13
f 23//14 21//14 22//14
f 24//15 25//15 29//15
f 24//16 29//16 23//16
f 21//17 23//17 29//17
f 29//18 26//18 21//18
f 27//19 20//19 26//19
f 27//20 26//20 29//20
f 112//21 20//21 27//21
f 30//22 29//22 25//22
f 31//23 32//23 33//23
f 34//24 33//24 32//24
f 35//25 33//25 36//25
f 82//26 33//26 35//26
f 86//27 1//27 39//27
f 44//28 42//28 43//28
f 45//29 40//29 72//29
f 72//30 40//30 73//30
f 44//31 43//31 75//31
f 43//32 42//32 41//32
f 43//33 41//33 76//33
f 35//34 46//34 82//34
f 46//35 35//35 36//35
f 34//36 32//36 77//36
f 10//37 12//37 9//37
f 12//38 77//38 32//38
f 47//39 32//39 31//39
f 9//40 12//40 48//40
f 48//41 12//41 32//41
f 47//42 48//42 32//42
f 50//44 13//44 14//44
f 52//45 15//45 53//45
f 53//46 15//46 16//46
f 16//50 55//50 53//50
f 53//54 55//54 56//54
f 53//55 57//55 52//55
f 53//56 56//56 58//56
f 56//57 55//57 59//57
f 56//59 59//59 60//59
f 62//61 56//61 60//61
f 53//62 58//62 63//62
f 53//63 63//63 57//63
f 23//64 64//64 24//64
f 65//65 25//65 24//65
f 24//66 70//66 65//66
f 25//67 65//67 30//67
f 65//68 70//68 66//68
f 67//69 65//69 66//69
f 68//70 67//70 66//70
f 69//71 66//71 70//71
f 104//72 69//72 70//72
f 111//73 104//73 70//73
f 72//74 71//74 45//74
f 73//75 74//75 72//75
f 72//76 74//76 71//76
f 76//77 75//77 43//77
f 79//78 37//78 78//78
f 79//79 78//79 80//79
f 79//80 80//80 81//80
f 37//81 79//81 83//81
f 79//82 81//82 83//82
f 38//83 86//83 39//83
f 1//84 84//84 5//84
f 85//85 1//85 86//85
f 85//86 86//86 87//86
f 87//87 86//87 38//87
f 19//88 88//88 18//88
f 88//90 19//90 113//90
f 19//91 89//91 113//91
f 28//92 89//92 19//92
f 112//93 28//93 20//93
f 89//94 28//94 112//94
f 27//95 29//95 30//95
f 27//96 30//96 90//96
f 64//98 23//98 22//98
f 64//99 22//99 92//99
f 57//100 92//100 22//100
f 57//101 63//101 92//101
f 58//102 93//102 94//102
f 93//103 58//103 56//103
f 93//104 56//104 62//104
f 62//105 60//105 163//105
f 63//106 58//106 92//106
f 58//107 94//107 92//107
f 95//108 93//108 62//108
f 95//109 62//109 161//109
f 93//110 95//110 96//110
f 93//111 96//111 94//111
f 94//112 96//112 196//112
f 92//113 97//113 64//113
f 64//114 97//114 91//114
f 98//115 99//115 91//115
f 98//116 91//116 97//116
f 100//117 99//117 102//117
f 99//118 98//118 102//118
f 101//119 98//119 97//119
f 101//120 102//120 98//120
f 103//121 145//121 100//121
f 64//122 91//122 111//122
f 104//123 99//123 100//123
f 104//124 100//124 105//124
f 106//125 104//125 105//125
f 104//126 106//126 69//126
f 69//127 106//127 108//127
f 66//128 107//128 68//128
f 66//129 69//129 108//129
f 106//130 109//130 110//130
f 110//131 108//131 106//131
f 66//132 108//132 200//132
f 66//133 200//133 107//133
f 67//134 122//134 90//134
f 67//135 90//135 30//135
f 67//136 30//136 65//136
f 24//137 64//137 111//137
f 111//138 99//138 104//138
f 91//139 99//139 111//139
f 111//140 70//140 24//140
f 122//145 116//145 90//145
f 116//151 122//151 120//151
f 68//154 122//154 67//154
f 120//155 122//155 121//155
f 121//156 122//156 107//156
f 107//157 123//157 121//157
f 107//158 122//158 68//158
f 121//159 123//159 124//159
f 127//160 126//160 123//160
f 124//163 123//163 126//163
f 125//164 124//164 126//164
f 127//165 123//165 107//165
f 107//166 128//166 127//166
f 127//167 128//167 200//167
f 127//168 200//168 126//168
f 126//169 129//169 130//169
f 126//170 200//170 129//170
f 129//171 131//171 130//171
f 126//172 130//172 125//172
f 131//173 132//173 130//173
f 132//174 131//174 133//174
f 134//175 132//175 133//175
f 136//176 135//176 139//176
f 139//177 135//177 133//177
f 139//178 133//178 131//178
f 131//179 129//179 137//179
f 138//180 131//180 137//180
f 137//181 129//181 200//181
f 128//182 107//182 200//182
f 138//183 140//183 131//183
f 139//184 131//184 140//184
f 200//185 141//185 137//185
f 138//186 142//186 140//186
f 142//187 138//187 137//187
f 142//188 143//188 140//188
f 143//189 142//189 172//189
f 171//190 172//190 142//190
f 141//191 142//191 137//191
f 200//192 110//192 141//192
f 144//193 110//193 109//193
f 105//194 100//194 145//194
f 146//195 103//195 147//195
f 148//196 103//196 100//196
f 102//197 150//197 100//197
f 148//198 100//198 150//198
f 150//199 102//199 101//199
f 149//200 151//200 148//200
f 148//201 151//201 147//201
f 148//202 147//202 103//202
f 279//203 149//203 153//203
f 153//204 149//204 152//204
f 279//205 153//205 157//205
f 154//206 153//206 199//206
f 155//207 157//207 154//207
f 153//208 154//208 157//208
f 156//209 279//209 157//209
f 157//210 158//210 159//210
f 157//211 159//211 156//211
f 155//212 162//212 157//212
f 158//213 157//213 162//213
f 162//214 155//214 160//214
f 155//215 161//215 160//215
f 95//216 161//216 155//216
f 161//217 163//217 160//217
f 163//218 161//218 62//218
f 106//227 105//227 109//227
f 109//228 105//228 145//228
f 145//229 103//229 146//229
f 193//230 145//230 146//230
f 109//231 145//231 193//231
f 193//232 144//232 109//232
f 169//233 110//233 144//233
f 169//234 170//234 171//234
f 169//235 141//235 110//235
f 169//236 171//236 141//236
f 141//237 171//237 142//237
f 171//238 170//238 172//238
f 176//239 174//239 175//239
f 175//240 174//240 173//240
f 175//241 173//241 172//241
f 175//242 172//242 170//242
f 194//243 175//243 170//243
f 176//244 175//244 194//244
f 194//245 192//245 176//245
f 176//246 191//246 174//246
f 174//247 191//247 178//247
f 173//248 143//248 172//248
f 173//249 174//249 143//249
f 177//250 143//250 174//250
f 174//251 178//251 177//251
f 140//252 143//252 179//252
f 140//253 179//253 139//253
f 136//254 139//254 180//254
f 180//255 184//255 136//255
f 133//256 135//256 134//256
f 182//257 135//257 136//257
f 136//258 183//258 182//258
f 184//259 181//259 136//259
f 178//260 180//260 139//260
f 178//261 139//261 179//261
f 179//262 143//262 177//262
f 177//263 178//263 179//263
f 180//264 185//264 184//264
f 185//265 187//265 188//265
f 186//266 185//266 188//266
f 188//267 187//267 189//267
f 185//268 180//268 190//268
f 190//269 180//269 178//269
f 192//270 191//270 176//270
f 194//271 146//271 195//271
f 194//272 195//272 192//272
f 244//273 192//273 195//273
f 146//274 194//274 193//274
f 194//275 170//275 193//275
f 193//276 170//276 144//276
f 97//277 92//277 94//277
f 94//278 196//278 97//278
f 101//279 97//279 196//279
f 196//280 197//280 101//280
f 196//281 96//281 199//281
f 196//282 199//282 198//282
f 199//283 96//283 154//283
f 152//284 149//284 148//284
f 148//285 150//285 152//285
f 153//286 152//286 199//286
f 101//287 197//287 150//287
f 197//288 196//288 198//288
f 152//289 150//289 198//289
f 198//290 150//290 197//290
f 108//291 110//291 200//291
f 144//323 170//323 169//323
f 230//348 125//348 130//348
f 132//349 230//349 130//349
f 231//350 230//350 132//350
f 231//351 132//351 232//351
f 232//352 132//352 134//352
f 134//353 318//353 232//353
f 232//354 234//354 231//354
f 231//355 241//355 230//355
f 235//356 125//356 230//356
f 235//357 230//357 233//357
f 233//358 230//358 241//358
f 239//359 231//359 234//359
f 231//360 239//360 241//360
f 125//361 229//361 124//361
f 235//362 236//362 125//362
f 235//364 233//364 241//364
f 235//365 241//365 303//365
f 235//366 303//366 302//366
f 241//367 237//367 303//367
f 316//368 311//368 241//368
f 316//369 241//369 239//369
f 241//370 311//370 237//370
f 198//371 199//371 152//371
f 96//372 95//372 154//372
f 154//373 95//373 155//373
f 195//379 146//379 147//379
f 273//380 191//380 192//380
f 191//381 273//381 245//381
f 191//382 272//382 178//382
f 189//383 187//383 246//383
f 189//384 246//384 247//384
f 247//385 248//385 189//385
f 190//386 187//386 185//386
f 249//387 187//387 190//387
f 251//388 248//388 247//388
f 251//389 250//389 259//389
f 251//390 259//390 248//390
f 189//391 252//391 188//391
f 188//392 252//392 253//392
f 186//393 188//393 253//393
f 252//394 189//394 248//394
f 184//395 185//395 254//395
f 254//396 186//396 253//396
f 186//397 254//397 185//397
f 253//398 252//398 256//398
f 255//399 184//399 254//399
f 181//400 184//400 255//400
f 254//401 253//401 334//401
f 256//402 334//402 253//402
f 254//403 334//403 326//403
f 326//404 255//404 254//404
f 257//405 248//405 259//405
f 248//406 329//406 252//406
f 259//407 250//407 258//407
f 258//408 260//408 259//408
f 259//409 260//409 257//409
f 257//410 332//410 333//410
f 332//411 257//411 260//411
f 258//412 250//412 261//412
f 263//413 261//413 250//413
f 263//414 250//414 264//414
f 258//415 261//415 260//415
f 523//416 263//416 262//416
f 262//417 263//417 264//417
f 246//418 267//418 247//418
f 247//419 266//419 251//419
f 266//420 265//420 251//420
f 266//421 247//421 267//421
f 267//422 246//422 187//422
f 267//423 187//423 249//423
f 270//424 267//424 249//424
f 266//425 268//425 265//425
f 265//426 268//426 367//426
f 267//428 269//428 266//428
f 249//429 271//429 270//429
f 190//430 271//430 249//430
f 272//431 271//431 190//431
f 190//432 178//432 272//432
f 272//433 191//433 245//433
f 245//434 273//434 373//434
f 244//435 273//435 192//435
f 274//436 244//436 275//436
f 275//437 244//437 195//437
f 195//438 147//438 275//438
f 147//439 276//439 275//439
f 275//440 276//440 336//440
f 276//441 147//441 151//441
f 151//442 278//442 276//442
f 276//443 278//443 336//443
f 277//444 278//444 151//444
f 277//445 151//445 149//445
f 279//446 156//446 282//446
f 156//447 159//447 282//447
f 149//448 279//448 277//448
f 282//449 159//449 280//449
f 280//450 281//450 282//450
f 294//451 280//451 159//451
f 282//452 284//452 279//452
f 278//453 277//453 283//453
f 277//454 279//454 284//454
f 277//455 284//455 283//455
f 282//456 281//456 285//456
f 282//457 285//457 284//457
f 284//458 286//458 283//458
f 286//459 284//459 285//459
f 287//460 286//460 285//460
f 287//461 285//461 289//461
f 281//462 288//462 285//462
f 289//463 285//463 288//463
f 290//464 289//464 288//464
f 288//465 281//465 280//465
f 280//466 294//466 288//466
f 291//467 288//467 294//467
f 290//468 288//468 291//468
f 292//469 290//469 291//469
f 292//470 291//470 397//470
f 397//471 291//471 293//471
f 293//472 291//472 294//472
f 295//473 162//473 296//473
f 160//474 296//474 162//474
f 302//490 304//490 235//490
f 303//491 304//491 302//491
f 310//499 238//499 308//499
f 308//500 238//500 237//500
f 308//501 311//501 312//501
f 313//502 312//502 311//502
f 311//503 308//503 237//503
f 314//504 311//504 316//504
f 313//505 311//505 314//505
f 313//506 314//506 519//506
f 315//507 314//507 316//507
f 316//508 317//508 315//508
f 317//509 316//509 240//509
f 315//510 317//510 324//510
f 314//511 315//511 519//511
f 239//512 240//512 316//512
f 240//513 239//513 232//513
f 239//514 234//514 232//514
f 135//515 182//515 319//515
f 318//516 134//516 319//516
f 319//517 134//517 135//517
f 183//518 136//518 181//518
f 255//519 320//519 181//519
f 183//520 181//520 320//520
f 319//521 182//521 183//521
f 318//522 240//522 232//522
f 319//523 240//523 318//523
f 240//524 319//524 320//524
f 519//525 315//525 520//525
f 321//526 317//526 240//526
f 183//527 320//527 319//527
f 323//528 320//528 255//528
f 323//529 321//529 320//529
f 320//530 321//530 240//530
f 317//531 321//531 325//531
f 325//532 321//532 326//532
f 326//533 321//533 323//533
f 326//534 323//534 255//534
f 325//535 327//535 317//535
f 325//536 328//536 327//536
f 327//537 324//537 317//537
f 331//538 327//538 330//538
f 330//539 327//539 328//539
f 328//540 325//540 329//540
f 328//541 332//541 330//541
f 333//542 332//542 328//542
f 333//543 328//543 329//543
f 329//544 325//544 326//544
f 326//545 334//545 329//545
f 334//546 256//546 329//546
f 329//547 256//547 252//547
f 329//548 248//548 257//548
f 329//549 257//549 333//549
f 260//550 652//550 332//550
f 275//555 336//555 274//555
f 274//556 335//556 244//556
f 244//557 335//557 337//557
f 244//558 337//558 273//558
f 375//559 273//559 337//559
f 338//560 335//560 274//560
f 274//561 376//561 338//561
f 376//562 274//562 336//562
f 376//563 336//563 278//563
f 283//564 340//564 278//564
f 340//565 339//565 278//565
f 283//566 286//566 342//566
f 283//567 342//567 340//567
f 340//568 342//568 339//568
f 339//569 342//569 341//569
f 342//570 286//570 287//570
f 341//571 342//571 343//571
f 342//572 287//572 343//572
f 289//573 290//573 344//573
f 287//574 289//574 346//574
f 345//575 344//575 290//575
f 345//576 290//576 292//576
f 348//577 349//577 344//577
f 348//578 344//578 345//578
f 289//579 344//579 346//579
f 287//580 346//580 347//580
f 287//581 347//581 343//581
f 349//582 346//582 344//582
f 462//583 348//583 345//583
f 347//584 353//584 343//584
f 353//585 347//585 350//585
f 347//586 346//586 349//586
f 353//587 350//587 351//587
f 350//588 352//588 351//588
f 347//589 349//589 350//589
f 158//590 295//590 354//590
f 355//609 159//609 158//609
f 159//610 366//610 293//610
f 159//611 293//611 294//611
f 158//612 162//612 295//612
f 355//613 366//613 159//613
f 366//614 397//614 293//614
f 270//615 271//615 372//615
f 265//616 250//616 251//616
f 265//617 367//617 368//617
f 250//618 265//618 264//618
f 264//619 265//619 368//619
f 408//627 269//627 267//627
f 267//628 270//628 372//628
f 272//629 245//629 271//629
f 271//630 245//630 372//630
f 410//632 373//632 273//632
f 375//633 410//633 273//633
f 388//635 338//635 376//635
f 377//636 335//636 386//636
f 386//637 335//637 338//637
f 379//638 338//638 378//638
f 338//639 379//639 386//639
f 337//640 335//640 377//640
f 377//641 381//641 337//641
f 382//642 383//642 381//642
f 381//643 375//643 337//643
f 375//644 381//644 383//644
f 384//645 382//645 381//645
f 377//646 386//646 381//646
f 386//647 384//647 381//647
f 379//648 378//648 380//648
f 386//649 379//649 380//649
f 380//650 378//650 387//650
f 387//651 341//651 380//651
f 378//652 388//652 387//652
f 387//653 339//653 341//653
f 378//654 338//654 388//654
f 388//655 376//655 387//655
f 387//656 278//656 339//656
f 278//657 387//657 376//657
f 353//658 389//658 390//658
f 353//659 390//659 343//659
f 390//660 341//660 343//660
f 380//661 341//661 390//661
f 390//662 389//662 380//662
f 380//663 385//663 386//663
f 389//664 385//664 380//664
f 392//665 351//665 352//665
f 351//666 392//666 393//666
f 353//667 351//667 389//667
f 396//668 348//668 394//668
f 350//669 349//669 348//669
f 350//670 348//670 396//670
f 350//671 396//671 352//671
f 395//672 396//672 394//672
f 394//673 348//673 462//673
f 464//674 394//674 462//674
f 514//675 345//675 292//675
f 245//700 373//700 372//700
f 372//701 373//701 408//701
f 372//702 408//702 267//702
f 415//714 382//714 384//714
f 418//715 383//715 382//715
f 415//716 384//716 416//716
f 416//717 384//717 417//717
f 417//718 384//718 385//718
f 416//719 382//719 415//719
f 416//724 417//724 447//724
f 447//771 444//771 442//771
f 447//772 391//772 444//772
f 444//773 391//773 448//773
f 385//774 447//774 417//774
f 385//775 384//775 386//775
f 385//776 389//776 447//776
f 447//777 389//777 391//777
f 351//778 448//778 391//778
f 352//779 396//779 392//779
f 395//780 449//780 396//780
f 396//781 449//781 392//781
f 449//782 395//782 570//782
f 449//783 450//783 392//783
f 568//784 449//784 570//784
f 618//785 570//785 395//785
f 618//786 395//786 452//786
f 452//787 395//787 451//787
f 394//788 451//788 395//788
f 451//789 394//789 454//789
f 454//790 455//790 451//790
f 451//791 453//791 452//791
f 453//792 451//792 455//792
f 453//793 455//793 643//793
f 394//794 464//794 454//794
f 456//795 455//795 454//795
f 455//796 459//796 457//796
f 455//797 457//797 643//797
f 459//798 455//798 458//798
f 455//799 456//799 458//799
f 464//802 456//802 454//802
f 461//804 456//804 464//804
f 473//822 498//822 476//822
f 481//823 465//823 466//823
f 480//824 481//824 466//824
f 480//825 483//825 481//825
f 481//826 483//826 484//826
f 482//827 481//827 484//827
f 483//828 480//828 487//828
f 481//829 482//829 485//829
f 481//830 485//830 465//830
f 486//831 485//831 484//831
f 484//832 485//832 482//832
f 487//833 484//833 483//833
f 486//834 460//834 485//834
f 488//835 460//835 486//835
f 488//836 642//836 489//836
f 488//837 489//837 460//837
f 485//838 460//838 465//838
f 460//839 489//839 459//839
f 459//840 489//840 457//840
f 457//841 489//841 642//841
f 490//842 486//842 484//842
f 490//843 484//843 491//843
f 491//844 484//844 487//844
f 492//845 487//845 480//845
f 492//846 493//846 494//846
f 495//847 494//847 493//847
f 493//848 492//848 496//848
f 493//849 496//849 497//849
f 480//850 496//850 492//850
f 498//851 497//851 496//851
f 480//852 466//852 477//852
f 480//854 477//854 496//854
f 477//855 476//855 496//855
f 476//856 498//856 496//856
f 473//857 479//857 498//857
f 498//858 479//858 497//858
f 499//859 479//859 478//859
f 499//860 478//860 503//860
f 479//861 499//861 500//861
f 499//862 322//862 500//862
f 500//863 518//863 501//863
f 479//864 500//864 495//864
f 479//865 495//865 497//865
f 514//904 462//904 345//904
f 308//922 312//922 310//922
f 312//923 313//923 310//923
f 310//924 313//924 503//924
f 519//925 503//925 313//925
f 503//926 519//926 322//926
f 322//927 499//927 503//927
f 322//928 518//928 500//928
f 518//929 322//929 519//929
f 520//930 518//930 519//930
f 520//931 315//931 324//931
f 327//932 649//932 324//932
f 324//933 649//933 521//933
f 649//934 327//934 758//934
f 330//935 332//935 652//935
f 522//936 260//936 261//936
f 651//937 263//937 523//937
f 263//938 651//938 261//938
f 651//939 522//939 261//939
f 525//940 524//940 262//940
f 262//941 264//941 526//941
f 524//945 528//945 262//945
f 391//1013 389//1013 351//1013
f 448//1014 351//1014 393//1014
f 450//1015 449//1015 568//1015
f 568//1016 570//1016 569//1016
f 570//1017 571//1017 569//1017
f 615//1018 393//1018 569//1018
f 569//1019 393//1019 568//1019
f 450//1020 568//1020 393//1020
f 450//1021 393//1021 392//1021
f 448//1088 393//1088 615//1088
f 571//1089 615//1089 569//1089
f 570//1090 618//1090 571//1090
f 571//1091 617//1091 616//1091
f 571//1092 616//1092 615//1092
f 444//1093 448//1093 615//1093
f 616//1094 444//1094 615//1094
f 444//1095 616//1095 445//1095
f 618//1098 620//1098 631//1098
f 621//1099 618//1099 631//1099
f 617//1109 571//1109 624//1109
f 624//1118 571//1118 618//1118
f 624//1119 618//1119 621//1119
f 620//1120 618//1120 630//1120
f 630//1121 618//1121 619//1121
f 630//1122 635//1122 620//1122
f 631//1123 620//1123 634//1123
f 631//1124 632//1124 621//1124
f 635//1125 634//1125 620//1125
f 632//1126 631//1126 634//1126
f 632//1127 634//1127 633//1127
f 633//1128 634//1128 635//1128
f 635//1129 636//1129 633//1129
f 636//1130 637//1130 638//1130
f 636//1131 638//1131 633//1131
f 619//1132 618//1132 639//1132
f 618//1133 452//1133 639//1133
f 619//1134 639//1134 640//1134
f 453//1135 640//1135 639//1135
f 453//1136 639//1136 452//1136
f 453//1137 641//1137 640//1137
f 642//1138 641//1138 643//1138
f 643//1139 641//1139 453//1139
f 644//1140 641//1140 642//1140
f 644//1141 642//1141 488//1141
f 644//1142 488//1142 486//1142
f 641//1143 644//1143 636//1143
f 677//1144 486//1144 490//1144
f 487//1145 492//1145 491//1145
f 491//1146 492//1146 680//1146
f 680//1147 492//1147 494//1147
f 494//1148 495//1148 645//1148
f 495//1149 493//1149 497//1149
f 518//1150 646//1150 501//1150
f 646//1151 518//1151 647//1151
f 647//1152 518//1152 520//1152
f 647//1153 520//1153 521//1153
f 520//1154 324//1154 521//1154
f 682//1164 501//1164 646//1164
f 683//1165 682//1165 646//1165
f 647//1166 684//1166 646//1166
f 646//1167 684//1167 650//1167
f 650//1168 683//1168 646//1168
f 262//1169 528//1169 523//1169
f 523//1170 528//1170 651//1170
f 522//1171 651//1171 330//1171
f 260//1172 522//1172 652//1172
f 522//1173 330//1173 652//1173
f 796//1215 672//1215 621//1215
f 621//1216 673//1216 674//1216
f 680//1217 676//1217 675//1217
f 676//1218 673//1218 675//1218
f 673//1219 676//1219 674//1219
f 645//1220 676//1220 680//1220
f 645//1221 680//1221 494//1221
f 486//1222 677//1222 637//1222
f 486//1223 637//1223 644//1223
f 641//1224 636//1224 640//1224
f 640//1225 636//1225 635//1225
f 635//1226 630//1226 640//1226
f 619//1227 640//1227 630//1227
f 644//1228 637//1228 636//1228
f 637//1229 677//1229 638//1229
f 678//1230 638//1230 677//1230
f 678//1231 677//1231 490//1231
f 678//1232 491//1232 638//1232
f 490//1233 491//1233 678//1233
f 491//1234 680//1234 679//1234
f 679//1235 638//1235 491//1235
f 680//1236 675//1236 679//1236
f 638//1237 679//1237 633//1237
f 679//1238 675//1238 673//1238
f 495//1245 500//1245 681//1245
f 681//1246 500//1246 501//1246
f 681//1247 501//1247 682//1247
f 495//1248 681//1248 683//1248
f 683//1249 681//1249 682//1249
f 683//1250 650//1250 495//1250
f 684//1251 647//1251 521//1251
f 684//1252 686//1252 685//1252
f 684//1253 685//1253 650//1253
f 650//1254 645//1254 495//1254
f 686//1255 684//1255 521//1255
f 685//1256 686//1256 650//1256
f 686//1257 687//1257 650//1257
f 758//1258 327//1258 688//1258
f 688//1259 327//1259 763//1259
f 763//1260 327//1260 331//1260
f 331//1261 330//1261 651//1261
f 527//1262 528//1262 524//1262
f 457//1287 642//1287 643//1287
f 701//1288 331//1288 651//1288
f 651//1289 528//1289 702//1289
f 686//1385 521//1385 649//1385
f 759//1386 758//1386 688//1386
f 761//1387 760//1387 688//1387
f 761//1388 688//1388 763//1388
f 761//1389 763//1389 764//1389
f 761//1390 764//1390 762//1390
f 701//1391 764//1391 763//1391
f 766//1392 761//1392 762//1392
f 527//1394 764//1394 528//1394
f 528//1395 764//1395 702//1395
f 763//1396 331//1396 701//1396
f 702//1397 701//1397 651//1397
f 701//1398 702//1398 764//1398
f 649//1399 758//1399 686//1399
f 686//1400 758//1400 687//1400
f 687//1401 758//1401 759//1401
f 759//1402 688//1402 760//1402
f 765//1403 761//1403 766//1403
f 762//1404 767//1404 766//1404
f 762//1406 764//1406 690//1406
f 687//1419 772//1419 650//1419
f 687//1420 773//1420 772//1420
f 773//1421 687//1421 774//1421
f 687//1422 759//1422 774//1422
f 760//1423 761//1423 775//1423
f 796//1470 621//1470 674//1470
f 645//1471 650//1471 772//1471
f 797//1472 676//1472 798//1472
f 798//1473 676//1473 645//1473
f 799//1474 645//1474 772//1474
f 645//1475 799//1475 798//1475
f 903//1476 797//1476 798//1476
f 903//1477 798//1477 801//1477
f 796//1478 674//1478 800//1478
f 674//1479 676//1479 797//1479
f 798//1480 799//1480 773//1480
f 773//1481 801//1481 798//1481
f 802//1482 801//1482 775//1482
f 801//1483 774//1483 760//1483
f 801//1484 760//1484 775//1484
f 775//1485 761//1485 803//1485
f 801//1522 773//1522 774//1522
f 760//1523 774//1523 759//1523
f 773//1524 799//1524 772//1524
f 673//1525 632//1525 633//1525
f 621//1526 632//1526 673//1526
f 673//1527 633//1527 679//1527
f 890//1666 969//1666 906//1666
f 906//1685 969//1685 903//1685
f 903//1686 969//1686 800//1686
f 903//1687 800//1687 674//1687
f 903//1688 674//1688 797//1688
f 906//1689 903//1689 802//1689
f 903//1690 801//1690 802//1690
f 905//1691 802//1691 775//1691
f 802//1696 905//1696 906//1696
f 1015//1937 1012//1937 1011//1937
f 1012//1938 1013//1938 1014//1938
f 1025//1939 1012//1939 1014//1939
f 1013//1940 1051//1940 1014//1940
f 1013//1941 1012//1941 1015//1941
f 1016//1942 1015//1942 1011//1942
f 1015//1943 1016//1943 1017//1943
f 1017//1944 1018//1944 1015//1944
f 1011//1945 1012//1945 1025//1945
f 1011//1946 1025//1946 1041//1946
f 1011//1947 1041//1947 1020//1947
f 1016//1948 1011//1948 1020//1948
f 1041//1949 1025//1949 1023//1949
f 1041//1950 1023//1950 1022//1950
f 1024//1951 1022//1951 1023//1951
f 1023//1952 1026//1952 1024//1952
f 1026//1953 1023//1953 1025//1953
f 1018//1954 1032//1954 1027//1954
f 1027//1955 1031//1955 1028//1955
f 1027//1956 1028//1956 1018//1956
f 1015//1957 1018//1957 1028//1957
f 1029//1958 1015//1958 1028//1958
f 1030//1959 1015//1959 1029//1959
f 1038//1960 1027//1960 1032//1960
f 1038//1961 1032//1961 1033//1961
f 1032//1962 1034//1962 1033//1962
f 1018//1963 1017//1963 1019//1963
f 1019//1964 1017//1964 1035//1964
f 1035//1965 1017//1965 1016//1965
f 1019//1966 1032//1966 1018//1966
f 1034//1967 1036//1967 1037//1967
f 1034//1968 1037//1968 1033//1968
f 1040//1969 1034//1969 1032//1969
f 1027//1970 1038//1970 1031//1970
f 1072//1971 1038//1971 1033//1971
f 1033//1972 1037//1972 1072//1972
f 1036//1973 1034//1973 1039//1973
f 1040//1974 1032//1974 1019//1974
f 1019//1975 1035//1975 1040//1975
f 1035//1976 1016//1976 1088//1976
f 1089//1977 1016//1977 1020//1977
f 1021//1978 1020//1978 1041//1978
f 1043//1979 1022//1979 1024//1979
f 1024//1980 1026//1980 1043//1980
f 1022//1981 1043//1981 1042//1981
f 1044//1982 1022//1982 1042//1982
f 1045//1983 1042//1983 1043//1983
f 1045//1984 1044//1984 1042//1984
f 1045//1985 1043//1985 1026//1985
f 1050//1986 1045//1986 1026//1986
f 1046//1987 1045//1987 1050//1987
f 1047//1988 1045//1988 1046//1988
f 1045//1989 1047//1989 1092//1989
f 1053//1992 1026//1992 1025//1992
f 1053//1993 1025//1993 1014//1993
f 1052//1994 1014//1994 1051//1994
f 1014//1995 1052//1995 1053//1995
f 1053//1996 1052//1996 1058//1996
f 1053//1997 1054//1997 1026//1997
f 1026//1998 1054//1998 1050//1998
f 1054//1999 1053//1999 1055//1999
f 1056//2000 1050//2000 1054//2000
f 1054//2001 1055//2001 1057//2001
f 1056//2002 1054//2002 1057//2002
f 1057//2003 1055//2003 1066//2003
f 1057//2004 1066//2004 1059//2004
f 1056//2005 1057//2005 1060//2005
f 1046//2008 1050//2008 1056//2008
f 1013//2013 1015//2013 1030//2013
f 1055//2014 1053//2014 1058//2014
f 1057//2015 1059//2015 1060//2015
f 1052//2019 1164//2019 1058//2019
f 1164//2020 1052//2020 1067//2020
f 1051//2021 1069//2021 1052//2021
f 1069//2022 1051//2022 1063//2022
f 1063//2023 1051//2023 1013//2023
f 1030//2024 1063//2024 1013//2024
f 1068//2025 1069//2025 1063//2025
f 1069//2026 1141//2026 1052//2026
f 1052//2027 1141//2027 1067//2027
f 1030//2028 1070//2028 1063//2028
f 1167//2029 1029//2029 1028//2029
f 1031//2030 1038//2030 1071//2030
f 1073//2031 1071//2031 1038//2031
f 1073//2032 1038//2032 1072//2032
f 1170//2033 1071//2033 1073//2033
f 1037//2034 1074//2034 1075//2034
f 1075//2035 1076//2035 1037//2035
f 1037//2036 1076//2036 1072//2036
f 1076//2037 1073//2037 1072//2037
f 1170//2038 1073//2038 1087//2038
f 1073//2039 1076//2039 1087//2039
f 1079//2040 1077//2040 1074//2040
f 1037//2041 1036//2041 1074//2041
f 1036//2042 1098//2042 1074//2042
f 1078//2043 1079//2043 1074//2043
f 1079//2044 1080//2044 1077//2044
f 1075//2045 1074//2045 1077//2045
f 1075//2046 1077//2046 1084//2046
f 1081//2047 1077//2047 1080//2047
f 1307//2048 1079//2048 1078//2048
f 1307//2049 1082//2049 1079//2049
f 1083//2050 1081//2050 1080//2050
f 1077//2051 1081//2051 1084//2051
f 1081//2052 1086//2052 1084//2052
f 1081//2053 1085//2053 1086//2053
f 1397//2054 1075//2054 1084//2054
f 1397//2055 1400//2055 1075//2055
f 1400//2056 1076//2056 1075//2056
f 1400//2057 1087//2057 1076//2057
f 1016//2058 1089//2058 1088//2058
f 1035//2059 1088//2059 1040//2059
f 1088//2060 1089//2060 1040//2060
f 1090//2061 1089//2061 1020//2061
f 1022//2062 1021//2062 1041//2062
f 1044//2063 1091//2063 1022//2063
f 1044//2064 1045//2064 1091//2064
f 1092//2065 1095//2065 1091//2065
f 1092//2066 1091//2066 1045//2066
f 1091//2067 1021//2067 1022//2067
f 1020//2068 1021//2068 1090//2068
f 1090//2069 1021//2069 1095//2069
f 1094//2070 1090//2070 1095//2070
f 1094//2071 1096//2071 1090//2071
f 1089//2072 1097//2072 1040//2072
f 1089//2073 1090//2073 1097//2073
f 1040//2074 1097//2074 1034//2074
f 1097//2075 1101//2075 1034//2075
f 1036//2076 1039//2076 1102//2076
f 1102//2077 1098//2077 1036//2077
f 1098//2078 1099//2078 1074//2078
f 1074//2079 1099//2079 1078//2079
f 1099//2080 1098//2080 1100//2080
f 1039//2081 1034//2081 1101//2081
f 1102//2082 1039//2082 1101//2082
f 1302//2083 1101//2083 1097//2083
f 1302//2084 1097//2084 1103//2084
f 1103//2085 1097//2085 1090//2085
f 1302//2086 1103//2086 1104//2086
f 1096//2087 1103//2087 1090//2087
f 1096//2088 1094//2088 1104//2088
f 1021//2089 1091//2089 1095//2089
f 1095//2090 1092//2090 1093//2090
f 1096//2091 1104//2091 1103//2091
f 1105//2092 1094//2092 1095//2092
f 1105//2093 1095//2093 1199//2093
f 1107//2097 1093//2097 1092//2097
f 1092//2098 1047//2098 1107//2098
f 1139//2146 1064//2146 1059//2146
f 1139//2147 1059//2147 1066//2147
f 1139//2148 1066//2148 1540//2148
f 1540//2149 1066//2149 1055//2149
f 1058//2150 1540//2150 1055//2150
f 1069//2151 1068//2151 1140//2151
f 1069//2152 1140//2152 1141//2152
f 1068//2153 1063//2153 1070//2153
f 1068//2154 1070//2154 1140//2154
f 1064//2177 1139//2177 1157//2177
f 1064//2178 1157//2178 1138//2178
f 1158//2179 1138//2179 1157//2179
f 1138//2180 1158//2180 1156//2180
f 1160//2181 1156//2181 1158//2181
f 1157//2182 1159//2182 1158//2182
f 1157//2186 1163//2186 1159//2186
f 1179//2187 1163//2187 1157//2187
f 1139//2188 1540//2188 1166//2188
f 1164//2189 1540//2189 1058//2189
f 1165//2190 1164//2190 1067//2190
f 1166//2191 1067//2191 1141//2191
f 1175//2192 1070//2192 1174//2192
f 1029//2193 1070//2193 1030//2193
f 1062//2194 1070//2194 1029//2194
f 1062//2195 1029//2195 1167//2195
f 1167//2196 1028//2196 1031//2196
f 1031//2197 1071//2197 1169//2197
f 1031//2198 1169//2198 1172//2198
f 1169//2199 1071//2199 1170//2199
f 1170//2200 1171//2200 1169//2200
f 1171//2201 1170//2201 1087//2201
f 1172//2202 1169//2202 1402//2202
f 1402//2203 1169//2203 1171//2203
f 1172//2204 1260//2204 1031//2204
f 1031//2205 1260//2205 1167//2205
f 1168//2206 1173//2206 1070//2206
f 1070//2207 1173//2207 1174//2207
f 1070//2208 1175//2208 1140//2208
f 1141//2209 1140//2209 1261//2209
f 1141//2210 1261//2210 1177//2210
f 1067//2211 1166//2211 1165//2211
f 1176//2212 1166//2212 1177//2212
f 1177//2213 1166//2213 1141//2213
f 1166//2214 1176//2214 1139//2214
f 1139//2215 1176//2215 1178//2215
f 1179//2216 1139//2216 1178//2216
f 1179//2217 1157//2217 1139//2217
f 1094//2257 1105//2257 1104//2257
f 1208//2272 1211//2272 1683//2272
f 1208//2273 1683//2273 1206//2273
f 1720//2274 1105//2274 1212//2274
f 1212//2275 1105//2275 1213//2275
f 1215//2276 1105//2276 1720//2276
f 1215//2277 1678//2277 1218//2277
f 1215//2278 1218//2278 1105//2278
f 1216//2279 1105//2279 1218//2279
f 1217//2280 1105//2280 1216//2280
f 1216//2281 1658//2281 1219//2281
f 1219//2282 1217//2282 1216//2282
f 1220//2283 1217//2283 1219//2283
f 1221//2284 1220//2284 1219//2284
f 1221//2285 1219//2285 1222//2285
f 1216//2286 1218//2286 1658//2286
f 1658//2287 1222//2287 1219//2287
f 1222//2288 1223//2288 1221//2288
f 1221//2289 1223//2289 1220//2289
f 1220//2290 1223//2290 1224//2290
f 1220//2291 1224//2291 1225//2291
f 1223//2292 1226//2292 1224//2292
f 1226//2293 1228//2293 1224//2293
f 1228//2294 1227//2294 1224//2294
f 1229//2295 1227//2295 1228//2295
f 1230//2296 1229//2296 1228//2296
f 1230//2297 1228//2297 1231//2297
f 1233//2298 1235//2298 1229//2298
f 1224//2299 1227//2299 1225//2299
f 1225//2300 1227//2300 1320//2300
f 1320//2301 1229//2301 1235//2301
f 1235//2302 1234//2302 1320//2302
f 1318//2303 1234//2303 1235//2303
f 1233//2304 1229//2304 1230//2304
f 1236//2305 1233//2305 1230//2305
f 1236//2306 1230//2306 1237//2306
f 1236//2307 1237//2307 1238//2307
f 1239//2308 1233//2308 1236//2308
f 1233//2309 1239//2309 1240//2309
f 1241//2310 1239//2310 1236//2310
f 1236//2311 1238//2311 1241//2311
f 1239//2312 1241//2312 1242//2312
f 1245//2313 1242//2313 1241//2313
f 1238//2314 1237//2314 1251//2314
f 1238//2315 1243//2315 1241//2315
f 1246//2316 1241//2316 1243//2316
f 1243//2317 1244//2317 1246//2317
f 1246//2318 1245//2318 1241//2318
f 1247//2319 1246//2319 1244//2319
f 1245//2320 1246//2320 1399//2320
f 1399//2321 1246//2321 1247//2321
f 1238//2322 1248//2322 1243//2322
f 1248//2323 1238//2323 1251//2323
f 1248//2324 1249//2324 1243//2324
f 1401//2325 1249//2325 1248//2325
f 1401//2326 1248//2326 1250//2326
f 1401//2327 1402//2327 1249//2327
f 1251//2328 1252//2328 1248//2328
f 1252//2329 1251//2329 1237//2329
f 1256//2330 1230//2330 1231//2330
f 1256//2331 1237//2331 1230//2331
f 1255//2332 1254//2332 1253//2332
f 1255//2333 1250//2333 1248//2333
f 1252//2334 1255//2334 1248//2334
f 1256//2335 1252//2335 1237//2335
f 1253//2336 1254//2336 1258//2336
f 1260//2337 1258//2337 1259//2337
f 1260//2338 1259//2338 1173//2338
f 1167//2339 1260//2339 1168//2339
f 1168//2340 1260//2340 1173//2340
f 1173//2341 1259//2341 1174//2341
f 1259//2342 1258//2342 1174//2342
f 1174//2343 1258//2343 1175//2343
f 1140//2344 1175//2344 1261//2344
f 1257//2345 1258//2345 1254//2345
f 1175//2346 1258//2346 1257//2346
f 1268//2347 1257//2347 1262//2347
f 1254//2348 1263//2348 1257//2348
f 1257//2349 1263//2349 1262//2349
f 1263//2350 1254//2350 1255//2350
f 1257//2351 1268//2351 1175//2351
f 1268//2352 1264//2352 1175//2352
f 1261//2353 1175//2353 1264//2353
f 1177//2354 1261//2354 1265//2354
f 1265//2355 1261//2355 1264//2355
f 1264//2356 1267//2356 1265//2356
f 1267//2357 1266//2357 1265//2357
f 1264//2358 1268//2358 1267//2358
f 1268//2359 1262//2359 1643//2359
f 1265//2360 1266//2360 1269//2360
f 1265//2361 1269//2361 1177//2361
f 1176//2362 1177//2362 1178//2362
f 1269//2363 1178//2363 1177//2363
f 1269//2364 1266//2364 1270//2364
f 1269//2365 1270//2365 1667//2365
f 1160//2368 1158//2368 1159//2368
f 1163//2369 1667//2369 1159//2369
f 1159//2370 1288//2370 1272//2370
f 1159//2371 1272//2371 1160//2371
f 1273//2373 1160//2373 1272//2373
f 1288//2374 1159//2374 1667//2374
f 1273//2396 1272//2396 1286//2396
f 1287//2398 1272//2398 1288//2398
f 1272//2399 1287//2399 1286//2399
f 1286//2400 1287//2400 1289//2400
f 1288//2401 1668//2401 1287//2401
f 1102//2412 1101//2412 1302//2412
f 1458//2413 1102//2413 1302//2413
f 1302//2414 1303//2414 1458//2414
f 1302//2415 1105//2415 1217//2415
f 1302//2416 1217//2416 1319//2416
f 1302//2417 1319//2417 1303//2417
f 1306//2418 1304//2418 1303//2418
f 1303//2419 1304//2419 1458//2419
f 1234//2420 1098//2420 1458//2420
f 1234//2421 1458//2421 1304//2421
f 1304//2422 1306//2422 1305//2422
f 1304//2423 1305//2423 1234//2423
f 1234//2424 1100//2424 1098//2424
f 1100//2425 1234//2425 1308//2425
f 1306//2426 1303//2426 1319//2426
f 1307//2427 1099//2427 1100//2427
f 1307//2428 1078//2428 1099//2428
f 1307//2429 1308//2429 1082//2429
f 1079//2439 1309//2439 1080//2439
f 1100//2440 1308//2440 1307//2440
f 1308//2441 1318//2441 1314//2441
f 1308//2442 1314//2442 1082//2442
f 1079//2443 1082//2443 1309//2443
f 1235//2449 1314//2449 1318//2449
f 1234//2450 1318//2450 1308//2450
f 1680//2451 1319//2451 1217//2451
f 1217//2452 1220//2452 1225//2452
f 1225//2453 1680//2453 1217//2453
f 1320//2454 1227//2454 1229//2454
f 1320//2455 1234//2455 1305//2455
f 1235//2456 1233//2456 1321//2456
f 1393//2552 1082//2552 1314//2552
f 1396//2558 1314//2558 1235//2558
f 1235//2559 1321//2559 1396//2559
f 1321//2560 1233//2560 1240//2560
f 1434//2562 1245//2562 1399//2562
f 1399//2563 1247//2563 1398//2563
f 1247//2564 1244//2564 1397//2564
f 1398//2565 1086//2565 1399//2565
f 1397//2566 1398//2566 1247//2566
f 1084//2567 1398//2567 1397//2567
f 1397//2568 1244//2568 1400//2568
f 1244//2569 1087//2569 1400//2569
f 1172//2570 1401//2570 1253//2570
f 1172//2571 1253//2571 1260//2571
f 1260//2572 1253//2572 1258//2572
f 1402//2573 1401//2573 1172//2573
f 1243//2574 1249//2574 1244//2574
f 1244//2575 1249//2575 1087//2575
f 1087//2576 1249//2576 1171//2576
f 1249//2577 1402//2577 1171//2577
f 1208//2633 1422//2633 1428//2633
f 1428//2634 1422//2634 1429//2634
f 1273//2635 1286//2635 1423//2635
f 1431//2638 1086//2638 1085//2638
f 1086//2642 1398//2642 1084//2642
f 1432//2643 1399//2643 1086//2643
f 1432//2644 1086//2644 1431//2644
f 1434//2650 1399//2650 1433//2650
f 1458//2697 1098//2697 1102//2697
f 1062//2748 1167//2748 1168//2748
f 1070//2749 1062//2749 1168//2749
f 1302//2758 1104//2758 1105//2758
f 1164//2877 1165//2877 1540//2877
f 1166//2878 1540//2878 1165//2878
f 1179//2973 1178//2973 1163//2973
f 1269//2974 1163//2974 1178//2974
f 1250//2989 1253//2989 1401//2989
f 1245//3044 1434//3044 1242//3044
f 1250//3099 1255//3099 1253//3099
f 1665//3121 1270//3121 1266//3121
f 1665//3122 1266//3122 1641//3122
f 1641//3123 1266//3123 1267//3123
f 1252//3128 1263//3128 1255//3128
f 1263//3129 1252//3129 1644//3129
f 1644//3130 1252//3130 1256//3130
f 1262//3131 1263//3131 1644//3131
f 1643//3132 1262//3132 1642//3132
f 1642//3133 1262//3133 1644//3133
f 1643//3134 1642//3134 1645//3134
f 1646//3135 1268//3135 1643//3135
f 1645//3136 1648//3136 1647//3136
f 1652//3137 1648//3137 1650//3137
f 1648//3138 1649//3138 1650//3138
f 1649//3139 1648//3139 1645//3139
f 1649//3140 1645//3140 1655//3140
f 1650//3141 1649//3141 1651//3141
f 1654//3142 1652//3142 1650//3142
f 1651//3143 1653//3143 1650//3143
f 1653//3144 1654//3144 1650//3144
f 1653//3145 1651//3145 1649//3145
f 1657//3146 1642//3146 1644//3146
f 1644//3147 1256//3147 1231//3147
f 1231//3148 1656//3148 1644//3148
f 1644//3149 1656//3149 1657//3149
f 1231//3150 1226//3150 1656//3150
f 1226//3151 1231//3151 1228//3151
f 1226//3152 1232//3152 1656//3152
f 1657//3153 1656//3153 1232//3153
f 1232//3154 1226//3154 1657//3154
f 1222//3155 1657//3155 1226//3155
f 1222//3156 1226//3156 1223//3156
f 1218//3157 1659//3157 1658//3157
f 1658//3158 1660//3158 1222//3158
f 1642//3159 1655//3159 1645//3159
f 1655//3160 1642//3160 1657//3160
f 1649//3161 1655//3161 1660//3161
f 1649//3162 1660//3162 1653//3162
f 1660//3163 1655//3163 1222//3163
f 1222//3164 1655//3164 1657//3164
f 1659//3165 1218//3165 1679//3165
f 1658//3166 1659//3166 1660//3166
f 1645//3167 1647//3167 1643//3167
f 1648//3168 1652//3168 1661//3168
f 1662//3169 1661//3169 1652//3169
f 1664//3170 1648//3170 1661//3170
f 1664//3171 1663//3171 1648//3171
f 1647//3172 1648//3172 1663//3172
f 1267//3173 1268//3173 1646//3173
f 1267//3174 1646//3174 1641//3174
f 1646//3175 1665//3175 1641//3175
f 1269//3176 1667//3176 1163//3176
f 1270//3177 1665//3177 1666//3177
f 1270//3178 1666//3178 1667//3178
f 1663//3179 1665//3179 1646//3179
f 1646//3180 1643//3180 1647//3180
f 1665//3181 1663//3181 1664//3181
f 1664//3182 1666//3182 1665//3182
f 1288//3183 1667//3183 1668//3183
f 1668//3184 1667//3184 1666//3184
f 1666//3185 1664//3185 1668//3185
f 1664//3186 1669//3186 1668//3186
f 1287//3187 1668//3187 1289//3187
f 1661//3188 1670//3188 1664//3188
f 1672//3189 1671//3189 1670//3189
f 1672//3190 1670//3190 1661//3190
f 1672//3191 1661//3191 1662//3191
f 1662//3192 1652//3192 1654//3192
f 1662//3193 1673//3193 1672//3193
f 1672//3194 1673//3194 1675//3194
f 1682//3195 1672//3195 1675//3195
f 1674//3196 1675//3196 1673//3196
f 1676//3197 1662//3197 1654//3197
f 1676//3198 1674//3198 1662//3198
f 1662//3199 1674//3199 1673//3199
f 1675//3200 1674//3200 1677//3200
f 1675//3201 1677//3201 1720//3201
f 1678//3202 1677//3202 1676//3202
f 1676//3203 1677//3203 1674//3203
f 1676//3204 1654//3204 1678//3204
f 1218//3205 1654//3205 1653//3205
f 1653//3206 1660//3206 1679//3206
f 1660//3207 1659//3207 1679//3207
f 1653//3208 1679//3208 1218//3208
f 1654//3209 1218//3209 1678//3209
f 1320//3210 1305//3210 1319//3210
f 1319//3211 1305//3211 1306//3211
f 1319//3212 1680//3212 1320//3212
f 1680//3213 1225//3213 1320//3213
f 1199//3214 1213//3214 1105//3214
f 1214//3216 1206//3216 1683//3216
f 1428//3217 1429//3217 1289//3217
f 1289//3218 1429//3218 1423//3218
f 1423//3219 1286//3219 1289//3219
f 1681//3220 1428//3220 1289//3220
f 1289//3221 1668//3221 1681//3221
f 1668//3222 1669//3222 1681//3222
f 1428//3223 1681//3223 1671//3223
f 1671//3224 1682//3224 1428//3224
f 1682//3225 1211//3225 1428//3225
f 1208//3226 1428//3226 1211//3226
f 1671//3227 1672//3227 1682//3227
f 1675//3228 1683//3228 1682//3228
f 1683//3229 1675//3229 1720//3229
f 1683//3230 1720//3230 1214//3230
f 1720//3231 1212//3231 1214//3231
f 1213//3233 1214//3233 1212//3233
f 1206//3234 1214//3234 1213//3234
f 1646//3238 1647//3238 1663//3238
f 1669//3301 1664//3301 1670//3301
f 1681//3302 1669//3302 1670//3302
f 1681//3303 1670//3303 1671//3303
f 1683//3310 1211//3310 1682//3310
f 1677//3311 1678//3311 1215//3311
f 1215//3312 1720//3312 1677//3312
usemtl Necro_BoneArmor
f 17//43 13//43 50//43
f 49//47 51//47 50//47
f 49//48 54//48 51//48
f 16//49 17//49 55//49
f 59//51 17//51 50//51
f 51//52 61//52 50//52
f 50//53 61//53 59//53
f 59//58 55//58 17//58
f 60//60 59//60 61//60
f 165//89 18//89 88//89
f 112//97 27//97 90//97
f 112//141 113//141 89//141
f 115//142 114//142 113//142
f 113//143 112//143 115//143
f 115//144 112//144 90//144
f 166//146 88//146 113//146
f 117//147 113//147 114//147
f 118//148 114//148 116//148
f 116//149 114//149 115//149
f 116//150 115//150 90//150
f 119//152 118//152 116//152
f 116//153 120//153 119//153
f 120//161 218//161 119//161
f 218//162 120//162 121//162
f 60//219 164//219 163//219
f 61//220 164//220 60//220
f 164//221 61//221 51//221
f 50//222 14//222 49//222
f 166//223 165//223 88//223
f 117//224 166//224 113//224
f 166//225 167//225 165//225
f 166//226 117//226 167//226
f 168//292 165//292 201//292
f 201//293 165//293 167//293
f 206//294 201//294 117//294
f 117//295 201//295 167//295
f 206//296 117//296 213//296
f 201//297 206//297 168//297
f 168//298 206//298 205//298
f 202//299 168//299 205//299
f 202//300 204//300 203//300
f 202//301 205//301 204//301
f 220//302 219//302 204//302
f 220//303 204//303 205//303
f 205//304 206//304 207//304
f 208//305 205//305 207//305
f 207//306 209//306 208//306
f 211//307 206//307 213//307
f 211//308 213//308 212//308
f 214//309 212//309 119//309
f 209//310 211//310 212//310
f 212//311 214//311 209//311
f 209//312 214//312 216//312
f 209//313 216//313 215//313
f 214//314 217//314 216//314
f 214//315 119//315 217//315
f 121//316 226//316 217//316
f 226//317 121//317 229//317
f 118//318 119//318 212//318
f 119//319 218//319 217//319
f 114//320 118//320 212//320
f 212//321 213//321 114//321
f 213//322 117//322 114//322
f 204//324 219//324 203//324
f 49//325 203//325 54//325
f 219//326 51//326 54//326
f 220//327 205//327 208//327
f 208//328 221//328 243//328
f 221//329 208//329 210//329
f 210//330 208//330 209//330
f 209//331 222//331 210//331
f 210//332 222//332 223//332
f 223//333 222//333 224//333
f 215//334 222//334 209//334
f 215//335 224//335 222//335
f 216//336 226//336 215//336
f 226//337 224//337 215//337
f 224//338 226//338 225//338
f 224//339 225//339 223//339
f 221//340 210//340 223//340
f 227//341 223//341 225//341
f 228//342 227//342 225//342
f 228//343 225//343 236//343
f 225//344 226//344 229//344
f 226//345 216//345 217//345
f 218//346 121//346 217//346
f 121//347 124//347 229//347
f 304//363 236//363 235//363
f 203//374 219//374 54//374
f 219//375 242//375 51//375
f 164//376 51//376 242//376
f 219//377 220//377 242//377
f 220//378 208//378 243//378
f 296//475 160//475 297//475
f 297//476 160//476 163//476
f 164//477 297//477 163//477
f 297//478 164//478 242//478
f 298//479 242//479 220//479
f 297//480 242//480 298//480
f 298//481 220//481 243//481
f 297//482 298//482 296//482
f 365//483 298//483 299//483
f 298//484 243//484 299//484
f 300//485 243//485 221//485
f 300//486 221//486 360//486
f 360//487 221//487 223//487
f 361//488 223//488 227//488
f 236//489 301//489 228//489
f 305//492 304//492 303//492
f 305//493 303//493 309//493
f 306//494 303//494 307//494
f 307//495 303//495 237//495
f 307//496 237//496 238//496
f 307//497 238//497 306//497
f 303//498 306//498 309//498
f 207//551 206//551 211//551
f 209//552 207//552 211//552
f 229//553 125//553 236//553
f 225//554 229//554 236//554
f 355//591 158//591 354//591
f 365//592 354//592 295//592
f 356//593 355//593 354//593
f 357//594 355//594 356//594
f 356//595 358//595 357//595
f 357//596 397//596 359//596
f 357//597 359//597 355//597
f 398//598 397//598 357//598
f 356//599 354//599 360//599
f 360//600 361//600 356//600
f 361//601 363//601 362//601
f 360//602 223//602 361//602
f 299//603 243//603 300//603
f 300//604 360//604 299//604
f 354//605 365//605 299//605
f 360//606 354//606 299//606
f 298//607 365//607 296//607
f 295//608 296//608 365//608
f 359//676 366//676 355//676
f 366//677 359//677 397//677
f 292//678 397//678 399//678
f 398//679 357//679 358//679
f 398//680 400//680 397//680
f 397//681 400//681 399//681
f 398//682 402//682 400//682
f 400//683 402//683 401//683
f 401//684 407//684 400//684
f 402//685 398//685 403//685
f 403//686 398//686 358//686
f 403//687 358//687 356//687
f 403//688 361//688 362//688
f 361//689 403//689 356//689
f 402//690 403//690 362//690
f 362//691 517//691 402//691
f 402//692 517//692 509//692
f 401//693 402//693 404//693
f 401//694 405//694 407//694
f 406//695 512//695 405//695
f 407//696 405//696 512//696
f 515//697 407//697 513//697
f 515//698 399//698 400//698
f 515//699 400//699 407//699
f 459//800 458//800 461//800
f 460//801 459//801 465//801
f 463//803 464//803 462//803
f 456//805 461//805 458//805
f 459//806 461//806 465//806
f 466//807 465//807 467//807
f 470//808 465//808 461//808
f 470//809 467//809 465//809
f 468//810 466//810 467//810
f 477//811 468//811 476//811
f 476//812 468//812 469//812
f 468//813 470//813 469//813
f 472//814 469//814 470//814
f 469//815 472//815 471//815
f 471//816 473//816 476//816
f 471//817 476//817 469//817
f 473//818 471//818 474//818
f 474//819 471//819 475//819
f 474//820 478//820 473//820
f 473//821 478//821 479//821
f 468//853 477//853 466//853
f 227//866 363//866 361//866
f 505//867 305//867 309//867
f 306//868 502//868 309//868
f 309//869 502//869 508//869
f 502//870 306//870 504//870
f 306//871 238//871 310//871
f 306//872 310//872 504//872
f 503//873 478//873 310//873
f 504//874 310//874 478//874
f 478//875 474//875 504//875
f 305//877 236//877 304//877
f 236//878 305//878 301//878
f 301//879 305//879 506//879
f 305//880 505//880 506//880
f 309//881 508//881 509//881
f 508//882 507//882 509//882
f 517//883 309//883 509//883
f 502//884 504//884 508//884
f 504//885 510//885 508//885
f 510//886 507//886 508//886
f 504//887 474//887 510//887
f 507//888 510//888 404//888
f 517//889 511//889 309//889
f 402//890 509//890 507//890
f 402//891 507//891 404//891
f 406//892 404//892 510//892
f 474//893 475//893 510//893
f 475//894 512//894 406//894
f 407//895 512//895 513//895
f 472//896 512//896 475//896
f 472//897 475//897 471//897
f 472//898 513//898 512//898
f 467//899 470//899 468//899
f 472//900 470//900 461//900
f 464//901 472//901 461//901
f 472//902 464//902 463//902
f 472//903 463//903 513//903
f 292//905 399//905 514//905
f 514//906 515//906 463//906
f 514//907 463//907 462//907
f 513//908 463//908 515//908
f 399//909 515//909 514//909
f 363//910 227//910 228//910
f 363//911 228//911 517//911
f 363//912 517//912 364//912
f 363//913 364//913 516//913
f 516//914 364//914 362//914
f 362//915 364//915 517//915
f 363//916 516//916 362//916
f 301//917 517//917 228//917
f 505//918 301//918 506//918
f 301//919 511//919 517//919
f 511//920 301//920 505//920
f 511//921 505//921 309//921
f 405//1008 401//1008 406//1008
f 406//1009 401//1009 404//1009
f 510//1010 475//1010 406//1010
f 1048//1990 1047//1990 1049//1990
f 1049//1991 1047//1991 1046//1991
f 1049//2006 1056//2006 1065//2006
f 1056//2007 1049//2007 1046//2007
f 1064//2016 1060//2016 1059//2016
f 1064//2017 1065//2017 1060//2017
f 1056//2018 1060//2018 1065//2018
f 1199//2094 1095//2094 1188//2094
f 1106//2095 1093//2095 1107//2095
f 1107//2096 1047//2096 1106//2096
f 1108//2099 1047//2099 1048//2099
f 1108//2100 1110//2100 1133//2100
f 1108//2101 1133//2101 1114//2101
f 1114//2102 1109//2102 1108//2102
f 1109//2103 1114//2103 1111//2103
f 1111//2104 1112//2104 1109//2104
f 1111//2105 1153//2105 1112//2105
f 1112//2106 1153//2106 1180//2106
f 1153//2107 1111//2107 1115//2107
f 1153//2108 1115//2108 1113//2108
f 1118//2109 1113//2109 1115//2109
f 1113//2110 1118//2110 1117//2110
f 1120//2111 1115//2111 1111//2111
f 1111//2112 1133//2112 1120//2112
f 1115//2113 1120//2113 1116//2113
f 1120//2114 1122//2114 1121//2114
f 1121//2115 1116//2115 1120//2115
f 1123//2116 1116//2116 1155//2116
f 1116//2117 1123//2117 1115//2117
f 1155//2118 1116//2118 1121//2118
f 1121//2119 1122//2119 1124//2119
f 1124//2120 1122//2120 1126//2120
f 1127//2121 1124//2121 1126//2121
f 1127//2122 1126//2122 1128//2122
f 1129//2123 1126//2123 1125//2123
f 1126//2124 1129//2124 1128//2124
f 1131//2125 1130//2125 1129//2125
f 1131//2126 1129//2126 1125//2126
f 1122//2127 1132//2127 1125//2127
f 1122//2128 1125//2128 1126//2128
f 1133//2129 1122//2129 1120//2129
f 1133//2130 1111//2130 1114//2130
f 1135//2131 1122//2131 1133//2131
f 1135//2132 1133//2132 1485//2132
f 1134//2133 1048//2133 1049//2133
f 1134//2134 1049//2134 1065//2134
f 1137//2135 1134//2135 1065//2135
f 1048//2136 1134//2136 1136//2136
f 1135//2137 1134//2137 1137//2137
f 1137//2138 1132//2138 1135//2138
f 1132//2139 1122//2139 1135//2139
f 1132//2140 1131//2140 1125//2140
f 1137//2141 1131//2141 1132//2141
f 1131//2142 1137//2142 1065//2142
f 1130//2143 1131//2143 1065//2143
f 1130//2144 1065//2144 1138//2144
f 1138//2145 1065//2145 1064//2145
f 993//2155 1144//2155 994//2155
f 993//2156 1145//2156 1144//2156
f 1145//2157 1146//2157 1144//2157
f 992//2158 1145//2158 993//2158
f 1324//2159 1142//2159 1143//2159
f 1142//2160 1324//2160 1152//2160
f 1148//2161 1152//2161 1149//2161
f 1150//2162 1148//2162 1149//2162
f 1147//2163 1144//2163 1146//2163
f 992//2164 1146//2164 1145//2164
f 1108//2165 1109//2165 1047//2165
f 1047//2166 1109//2166 1106//2166
f 1109//2167 1112//2167 1106//2167
f 1117//2168 1118//2168 1191//2168
f 1191//2169 1118//2169 1119//2169
f 1154//2170 1119//2170 1118//2170
f 1118//2171 1115//2171 1123//2171
f 1118//2172 1123//2172 1276//2172
f 1118//2173 1276//2173 1154//2173
f 1124//2174 1155//2174 1121//2174
f 1130//2175 1138//2175 1156//2175
f 1129//2176 1130//2176 1156//2176
f 1129//2183 1156//2183 1128//2183
f 1161//2184 1128//2184 1156//2184
f 1127//2185 1128//2185 1162//2185
f 1184//2218 1112//2218 1180//2218
f 1153//2219 1117//2219 1180//2219
f 1117//2220 1153//2220 1113//2220
f 1117//2221 1181//2221 1180//2221
f 1182//2222 1192//2222 1183//2222
f 1182//2223 1183//2223 1181//2223
f 1181//2224 1183//2224 1185//2224
f 1185//2225 1180//2225 1181//2225
f 1185//2226 1184//2226 1180//2226
f 1184//2227 1185//2227 1186//2227
f 1112//2228 1184//2228 1106//2228
f 1093//2229 1106//2229 1184//2229
f 1186//2230 1095//2230 1093//2230
f 1186//2231 1093//2231 1184//2231
f 1186//2232 1188//2232 1095//2232
f 1188//2233 1186//2233 1187//2233
f 1188//2234 1187//2234 1196//2234
f 1186//2235 1185//2235 1187//2235
f 1196//2236 1187//2236 1185//2236
f 1183//2237 1189//2237 1185//2237
f 1190//2238 1117//2238 1191//2238
f 1276//2239 1281//2239 1154//2239
f 1190//2240 1192//2240 1117//2240
f 1117//2241 1192//2241 1181//2241
f 1182//2242 1181//2242 1192//2242
f 1190//2243 1191//2243 1193//2243
f 1194//2244 1339//2244 1192//2244
f 1194//2245 1192//2245 1190//2245
f 1193//2246 1194//2246 1190//2246
f 1339//2247 1195//2247 1192//2247
f 1192//2248 1195//2248 1183//2248
f 1183//2249 1195//2249 1189//2249
f 1196//2250 1185//2250 1189//2250
f 1197//2251 1188//2251 1196//2251
f 1196//2252 1189//2252 1195//2252
f 1196//2253 1195//2253 1198//2253
f 1196//2254 1198//2254 1197//2254
f 1197//2255 1198//2255 1597//2255
f 1198//2256 1340//2256 1597//2256
f 1199//2258 1188//2258 1197//2258
f 1200//2259 1637//2259 1197//2259
f 1199//2260 1197//2260 1637//2260
f 1199//2261 1637//2261 1201//2261
f 1197//2262 1636//2262 1200//2262
f 1201//2263 1203//2263 1199//2263
f 1204//2264 1203//2264 1201//2264
f 1206//2265 1203//2265 1204//2265
f 1204//2266 1201//2266 1202//2266
f 1204//2267 1205//2267 1206//2267
f 1205//2268 1204//2268 1202//2268
f 1206//2269 1205//2269 1207//2269
f 1208//2270 1206//2270 1209//2270
f 1209//2271 1206//2271 1207//2271
f 1271//2366 1161//2366 1156//2366
f 1160//2367 1271//2367 1156//2367
f 1271//2372 1160//2372 1273//2372
f 1274//2375 1275//2375 1162//2375
f 1162//2376 1275//2376 1127//2376
f 1275//2377 1155//2377 1124//2377
f 1275//2378 1124//2378 1127//2378
f 1123//2379 1155//2379 1275//2379
f 1161//2380 1162//2380 1128//2380
f 1274//2381 1162//2381 1161//2381
f 1274//2382 1276//2382 1275//2382
f 1275//2383 1276//2383 1123//2383
f 1278//2384 1279//2384 1154//2384
f 1154//2385 1279//2385 1191//2385
f 1154//2386 1191//2386 1119//2386
f 1193//2387 1191//2387 1280//2387
f 1280//2388 1191//2388 1279//2388
f 1411//2389 1278//2389 1154//2389
f 1277//2390 1276//2390 1274//2390
f 1277//2391 1282//2391 1283//2391
f 1282//2392 1277//2392 1274//2392
f 1274//2393 1285//2393 1282//2393
f 1282//2394 1285//2394 1284//2394
f 1285//2395 1271//2395 1273//2395
f 1285//2397 1273//2397 1284//2397
f 1143//2457 1322//2457 1323//2457
f 1323//2458 1324//2458 1143//2458
f 1328//2459 1327//2459 1326//2459
f 1329//2460 1328//2460 1326//2460
f 1328//2461 1193//2461 1327//2461
f 1327//2462 1193//2462 1280//2462
f 1330//2463 1327//2463 1280//2463
f 1330//2464 1332//2464 1331//2464
f 1193//2465 1328//2465 1194//2465
f 1333//2466 1194//2466 1328//2466
f 1334//2467 1333//2467 1328//2467
f 1334//2468 1328//2468 1329//2468
f 1329//2469 994//2469 1334//2469
f 1334//2470 994//2470 1144//2470
f 1335//2471 1144//2471 1147//2471
f 1335//2472 1334//2472 1144//2472
f 1335//2473 1333//2473 1334//2473
f 1333//2474 1336//2474 1194//2474
f 1336//2475 1337//2475 1338//2475
f 1338//2476 1339//2476 1336//2476
f 1336//2477 1339//2477 1194//2477
f 1340//2478 1339//2478 1338//2478
f 1340//2479 1195//2479 1339//2479
f 1340//2480 1198//2480 1195//2480
f 1403//2578 1322//2578 1325//2578
f 1331//2579 1403//2579 1325//2579
f 1323//2580 1403//2580 1404//2580
f 1403//2581 1331//2581 1404//2581
f 1332//2582 1330//2582 1407//2582
f 1332//2583 1406//2583 1331//2583
f 1331//2584 1406//2584 1404//2584
f 1323//2585 1404//2585 1408//2585
f 1405//2586 1408//2586 1404//2586
f 1407//2587 1406//2587 1332//2587
f 1406//2588 1405//2588 1404//2588
f 1408//2589 1324//2589 1323//2589
f 1323//2590 1322//2590 1403//2590
f 1409//2591 1408//2591 1405//2591
f 1411//2592 1407//2592 1279//2592
f 1279//2593 1407//2593 1330//2593
f 1411//2594 1279//2594 1278//2594
f 1416//2595 1407//2595 1411//2595
f 1414//2596 1411//2596 1413//2596
f 1413//2597 1411//2597 1154//2597
f 1413//2598 1154//2598 1281//2598
f 1281//2599 1412//2599 1413//2599
f 1412//2600 1281//2600 1276//2600
f 1412//2601 1276//2601 1420//2601
f 1420//2602 1276//2602 1277//2602
f 1415//2603 1277//2603 1283//2603
f 1282//2604 1284//2604 1430//2604
f 1277//2605 1415//2605 1420//2605
f 1414//2606 1416//2606 1411//2606
f 1407//2607 1416//2607 1406//2607
f 1406//2608 1417//2608 1418//2608
f 1406//2609 1418//2609 1405//2609
f 1413//2610 1412//2610 1419//2610
f 1413//2611 1419//2611 1414//2611
f 1412//2612 1420//2612 1419//2612
f 1414//2613 1419//2613 1421//2613
f 1421//2614 1419//2614 1420//2614
f 1283//2615 1282//2615 1430//2615
f 1421//2616 1420//2616 1425//2616
f 1420//2617 1415//2617 1425//2617
f 1283//2618 1430//2618 1415//2618
f 1424//2619 1415//2619 1430//2619
f 1424//2620 1430//2620 1423//2620
f 1424//2621 1423//2621 1422//2621
f 1422//2622 1423//2622 1429//2622
f 1422//2623 1209//2623 1424//2623
f 1415//2624 1424//2624 1425//2624
f 1414//2625 1421//2625 1427//2625
f 1427//2626 1620//2626 1414//2626
f 1417//2627 1414//2627 1620//2627
f 1421//2628 1426//2628 1427//2628
f 1425//2629 1424//2629 1209//2629
f 1426//2630 1425//2630 1210//2630
f 1210//2631 1425//2631 1209//2631
f 1209//2632 1422//2632 1208//2632
f 1273//2636 1423//2636 1430//2636
f 1430//2637 1284//2637 1273//2637
f 1110//2750 1108//2750 1484//2750
f 1484//2751 1108//2751 1048//2751
f 1484//2752 1048//2752 1136//2752
f 1136//2753 1485//2753 1484//2753
f 1485//2754 1136//2754 1135//2754
f 1135//2755 1136//2755 1134//2755
f 1485//2756 1133//2756 1110//2756
f 1484//2757 1485//2757 1110//2757
f 1330//2879 1280//2879 1279//2879
f 1410//2880 1409//2880 1405//2880
f 1410//2881 1405//2881 1541//2881
f 1410//2882 1543//2882 1409//2882
f 1544//2883 1543//2883 1410//2883
f 1544//2884 1410//2884 1542//2884
f 1542//2885 1410//2885 1541//2885
f 1543//2886 1544//2886 1545//2886
f 1546//2887 1409//2887 1543//2887
f 1546//2888 1543//2888 1545//2888
f 1408//2889 1409//2889 1324//2889
f 1324//2890 1409//2890 1549//2890
f 1409//2891 1546//2891 1547//2891
f 1409//2892 1547//2892 1549//2892
f 1547//2893 1548//2893 1549//2893
f 1545//2894 1548//2894 1547//2894
f 1547//2895 1546//2895 1545//2895
f 1542//2896 1550//2896 1544//2896
f 1548//2897 1149//2897 1549//2897
f 1548//2898 1545//2898 1150//2898
f 1548//2899 1150//2899 1149//2899
f 1544//2900 1550//2900 1551//2900
f 1557//2901 1551//2901 1550//2901
f 1557//2902 1552//2902 1551//2902
f 1545//2903 1544//2903 1151//2903
f 1545//2904 1151//2904 1150//2904
f 1151//2905 1544//2905 1553//2905
f 1544//2906 1551//2906 1553//2906
f 1559//2907 1553//2907 1554//2907
f 1554//2908 1553//2908 1551//2908
f 1555//2909 1557//2909 1550//2909
f 1555//2910 1556//2910 1557//2910
f 1552//2911 1554//2911 1551//2911
f 1558//2912 1552//2912 1557//2912
f 1324//2913 1549//2913 1152//2913
f 1152//2914 1549//2914 1149//2914
f 1333//2975 1335//2975 1336//2975
f 1338//2976 1337//2976 1596//2976
f 1336//2977 1335//2977 1586//2977
f 1337//2978 1336//2978 1586//2978
f 1596//2979 1337//2979 1588//2979
f 1335//2980 1587//2980 1586//2980
f 1586//2981 1589//2981 1337//2981
f 1588//2982 1337//2982 1589//2982
f 1587//2983 1591//2983 1586//2983
f 1586//2984 1591//2984 1589//2984
f 1589//2985 1591//2985 1590//2985
f 1592//2986 1594//2986 1591//2986
f 1594//2987 1592//2987 1593//2987
f 1554//2988 1595//2988 1559//2988
f 1596//2990 1597//2990 1340//2990
f 1596//2991 1340//2991 1338//2991
f 1596//2992 1588//2992 1600//2992
f 1599//2993 1589//2993 1598//2993
f 1606//2994 1590//2994 1591//2994
f 1590//2995 1606//2995 1598//2995
f 1590//2996 1598//2996 1589//2996
f 1588//2997 1589//2997 1599//2997
f 1599//2998 1600//2998 1588//2998
f 1601//2999 1600//2999 1599//2999
f 1596//3000 1600//3000 1597//3000
f 1599//3001 1598//3001 1602//3001
f 1602//3002 1598//3002 1603//3002
f 1598//3003 1605//3003 1603//3003
f 1599//3004 1602//3004 1632//3004
f 1598//3005 1606//3005 1605//3005
f 1606//3006 1591//3006 1594//3006
f 1606//3007 1607//3007 1605//3007
f 1605//3008 1607//3008 1697//3008
f 1607//3009 1606//3009 1594//3009
f 1595//3010 1552//3010 1592//3010
f 1684//3011 1592//3011 1552//3011
f 1684//3012 1552//3012 1558//3012
f 1552//3013 1595//3013 1554//3013
f 1161//3042 1271//3042 1285//3042
f 1274//3043 1161//3043 1285//3043
f 1416//3052 1417//3052 1406//3052
f 1417//3053 1416//3053 1414//3053
f 1418//3054 1417//3054 1620//3054
f 1620//3055 1427//3055 1623//3055
f 1418//3056 1620//3056 1621//3056
f 1621//3057 1541//3057 1418//3057
f 1418//3058 1541//3058 1405//3058
f 1541//3059 1621//3059 1624//3059
f 1550//3060 1622//3060 1555//3060
f 1550//3061 1542//3061 1541//3061
f 1541//3062 1624//3062 1550//3062
f 1621//3063 1620//3063 1623//3063
f 1623//3064 1624//3064 1621//3064
f 1624//3065 1625//3065 1550//3065
f 1550//3066 1625//3066 1622//3066
f 1556//3067 1555//3067 1628//3067
f 1627//3068 1557//3068 1556//3068
f 1557//3069 1627//3069 1558//3069
f 1684//3070 1558//3070 1688//3070
f 1688//3071 1558//3071 1627//3071
f 1555//3072 1622//3072 1626//3072
f 1631//3073 1622//3073 1625//3073
f 1630//3074 1624//3074 1623//3074
f 1623//3075 1427//3075 1426//3075
f 1426//3076 1421//3076 1425//3076
f 1426//3077 1207//3077 1623//3077
f 1623//3078 1207//3078 1630//3078
f 1207//3079 1638//3079 1630//3079
f 1638//3080 1631//3080 1630//3080
f 1630//3081 1625//3081 1624//3081
f 1622//3082 1629//3082 1626//3082
f 1629//3083 1622//3083 1631//3083
f 1625//3084 1630//3084 1631//3084
f 1626//3085 1629//3085 1633//3085
f 1633//3086 1634//3086 1632//3086
f 1633//3087 1692//3087 1626//3087
f 1626//3088 1692//3088 1628//3088
f 1555//3089 1626//3089 1628//3089
f 1635//3090 1633//3090 1629//3090
f 1634//3091 1633//3091 1635//3091
f 1634//3092 1635//3092 1200//3092
f 1200//3093 1636//3093 1604//3093
f 1200//3094 1604//3094 1634//3094
f 1632//3095 1634//3095 1599//3095
f 1599//3096 1634//3096 1601//3096
f 1604//3097 1600//3097 1601//3097
f 1634//3098 1604//3098 1601//3098
f 1201//3100 1637//3100 1635//3100
f 1635//3101 1637//3101 1200//3101
f 1635//3102 1202//3102 1201//3102
f 1202//3103 1635//3103 1638//3103
f 1202//3104 1638//3104 1205//3104
f 1638//3105 1207//3105 1205//3105
f 1207//3106 1426//3106 1210//3106
f 1197//3117 1597//3117 1636//3117
f 1604//3118 1636//3118 1600//3118
f 1597//3119 1600//3119 1636//3119
f 1199//3215 1203//3215 1213//3215
f 1206//3232 1213//3232 1203//3232
f 1210//3235 1209//3235 1207//3235
f 1638//3236 1635//3236 1629//3236
f 1629//3237 1631//3237 1638//3237
f 1593//3239 1592//3239 1684//3239
f 1684//3240 1685//3240 1593//3240
f 1627//3241 1556//3241 1686//3241
f 1686//3242 1556//3242 1628//3242
f 1628//3243 1687//3243 1686//3243
f 1684//3244 1688//3244 1685//3244
f 1687//3245 1691//3245 1686//3245
f 1702//3246 1593//3246 1685//3246
f 1689//3247 1627//3247 1686//3247
f 1627//3248 1689//3248 1688//3248
f 1691//3249 1689//3249 1686//3249
f 1693//3250 1687//3250 1692//3250
f 1694//3251 1693//3251 1692//3251
f 1692//3252 1695//3252 1694//3252
f 1695//3253 1633//3253 1602//3253
f 1602//3254 1633//3254 1632//3254
f 1697//3255 1603//3255 1605//3255
f 1603//3256 1696//3256 1602//3256
f 1602//3257 1696//3257 1695//3257
f 1603//3258 1697//3258 1696//3258
f 1694//3259 1695//3259 1696//3259
f 1701//3260 1694//3260 1696//3260
f 1698//3261 1696//3261 1697//3261
f 1607//3262 1698//3262 1697//3262
f 1700//3263 1698//3263 1607//3263
f 1698//3264 1699//3264 1696//3264
f 1699//3265 1698//3265 1700//3265
f 1699//3266 1701//3266 1696//3266
f 1699//3267 1711//3267 1701//3267
f 1693//3268 1691//3268 1687//3268
f 1688//3269 1689//3269 1690//3269
f 1594//3270 1593//3270 1702//3270
f 1594//3271 1702//3271 1607//3271
f 1694//3272 1704//3272 1693//3272
f 1704//3273 1705//3273 1693//3273
f 1705//3274 1704//3274 1706//3274
f 1693//3275 1705//3275 1707//3275
f 1691//3276 1693//3276 1707//3276
f 1708//3277 1707//3277 1705//3277
f 1706//3278 1704//3278 1709//3278
f 1705//3279 1706//3279 1708//3279
f 1704//3280 1694//3280 1701//3280
f 1701//3281 1711//3281 1710//3281
f 1704//3282 1701//3282 1709//3282
f 1701//3283 1710//3283 1709//3283
f 1711//3284 1712//3284 1710//3284
f 1706//3285 1709//3285 1712//3285
f 1706//3286 1712//3286 1713//3286
f 1706//3287 1713//3287 1708//3287
f 1711//3288 1714//3288 1712//3288
f 1712//3289 1714//3289 1713//3289
f 1707//3290 1719//3290 1716//3290
f 1715//3291 1707//3291 1716//3291
f 1718//3292 1719//3292 1707//3292
f 1718//3293 1707//3293 1708//3293
f 1715//3294 1716//3294 1717//3294
f 1707//3295 1715//3295 1691//3295
f 1691//3296 1715//3296 1689//3296
f 1689//3297 1715//3297 1690//3297
f 1685//3298 1688//3298 1690//3298
f 1685//3299 1690//3299 1702//3299
f 1717//3300 1690//3300 1715//3300
f 1628//3304 1692//3304 1687//3304
f 1633//3305 1695//3305 1692//3305
f 1607//3306 1702//3306 1700//3306
f 1700//3307 1702//3307 1703//3307
f 1702//3308 1690//3308 1717//3308
f 1703//3309 1702//3309 1717//3309
f 1709//3313 1710//3313 1712//3313
usemtl Necro_CorruptSteel
f 269//427 268//427 266//427
f 368//620 369//620 264//620
f 526//621 264//621 369//621
f 368//622 370//622 369//622
f 369//623 370//623 371//623
f 367//624 268//624 368//624
f 268//625 269//625 411//625
f 374//626 411//626 269//626
f 408//631 373//631 374//631
f 383//634 410//634 375//634
f 409//703 374//703 373//703
f 409//704 373//704 410//704
f 374//705 409//705 411//705
f 409//706 410//706 422//706
f 409//707 422//707 411//707
f 411//708 412//708 268//708
f 368//709 268//709 412//709
f 413//710 412//710 422//710
f 422//711 412//711 411//711
f 414//712 422//712 410//712
f 383//713 414//713 410//713
f 383//720 418//720 414//720
f 419//721 421//721 418//721
f 418//722 421//722 414//722
f 416//723 418//723 382//723
f 447//725 442//725 416//725
f 418//726 416//726 441//726
f 441//727 419//727 418//727
f 419//728 441//728 420//728
f 421//729 419//729 420//729
f 421//730 422//730 414//730
f 421//731 423//731 422//731
f 412//732 424//732 368//732
f 429//733 431//733 425//733
f 425//734 431//734 424//734
f 424//735 412//735 413//735
f 422//736 423//736 413//736
f 423//737 425//737 413//737
f 426//738 425//738 423//738
f 423//739 421//739 427//739
f 421//740 420//740 427//740
f 427//741 426//741 423//741
f 426//742 428//742 425//742
f 425//743 428//743 429//743
f 413//744 425//744 424//744
f 430//745 429//745 428//745
f 432//746 431//746 429//746
f 429//747 430//747 432//747
f 430//748 433//748 432//748
f 432//749 433//749 544//749
f 431//750 432//750 371//750
f 424//751 431//751 371//751
f 370//752 368//752 424//752
f 371//753 434//753 369//753
f 424//754 371//754 370//754
f 432//755 434//755 371//755
f 426//756 427//756 435//756
f 436//757 428//757 426//757
f 437//758 430//758 428//758
f 437//759 428//759 436//759
f 430//760 438//760 433//760
f 438//761 430//761 437//761
f 436//762 426//762 435//762
f 435//763 439//763 436//763
f 536//764 437//764 436//764
f 440//765 436//765 439//765
f 441//766 427//766 420//766
f 427//767 441//767 435//767
f 435//768 441//768 439//768
f 442//769 441//769 416//769
f 442//770 444//770 443//770
f 374//876 269//876 408//876
f 262//942 526//942 525//942
f 527//943 524//943 525//943
f 527//944 525//944 529//944
f 529//946 530//946 527//946
f 530//947 529//947 547//947
f 531//948 526//948 434//948
f 434//949 526//949 369//949
f 531//950 434//950 532//950
f 532//951 434//951 432//951
f 532//952 432//952 544//952
f 433//953 533//953 544//953
f 534//954 533//954 433//954
f 534//955 433//955 438//955
f 438//956 437//956 535//956
f 535//957 437//957 536//957
f 536//958 436//958 537//958
f 436//959 440//959 539//959
f 535//960 536//960 537//960
f 537//961 656//961 535//961
f 537//962 539//962 538//962
f 436//963 539//963 537//963
f 656//964 537//964 538//964
f 656//965 541//965 535//965
f 535//966 541//966 438//966
f 542//967 533//967 541//967
f 543//968 542//968 541//968
f 534//969 541//969 533//969
f 532//970 544//970 533//970
f 532//971 533//971 540//971
f 532//972 545//972 546//972
f 529//973 531//973 532//973
f 545//974 540//974 546//974
f 532//975 546//975 529//975
f 546//976 547//976 529//976
f 549//977 546//977 540//977
f 545//978 532//978 540//978
f 549//979 540//979 533//979
f 549//980 533//980 542//980
f 547//981 546//981 548//981
f 549//982 550//982 546//982
f 551//983 548//983 546//983
f 551//984 546//984 550//984
f 549//985 552//985 550//985
f 551//986 553//986 548//986
f 554//987 551//987 550//987
f 549//988 564//988 552//988
f 552//989 554//989 550//989
f 554//990 552//990 555//990
f 555//991 552//991 556//991
f 555//992 556//992 557//992
f 557//993 558//993 555//993
f 559//994 557//994 560//994
f 560//995 557//995 556//995
f 558//996 557//996 589//996
f 555//997 558//997 554//997
f 554//998 558//998 561//998
f 554//999 561//999 551//999
f 561//1000 562//1000 551//1000
f 588//1001 558//1001 589//1001
f 556//1002 564//1002 560//1002
f 559//1003 613//1003 557//1003
f 565//1004 559//1004 560//1004
f 567//1005 559//1005 565//1005
f 564//1006 565//1006 560//1006
f 552//1007 564//1007 556//1007
f 525//1011 526//1011 531//1011
f 529//1012 525//1012 531//1012
f 551//1022 572//1022 553//1022
f 551//1023 562//1023 563//1023
f 563//1024 572//1024 551//1024
f 574//1025 573//1025 563//1025
f 572//1026 563//1026 573//1026
f 581//1027 575//1027 562//1027
f 578//1028 576//1028 575//1028
f 576//1029 577//1029 575//1029
f 575//1030 577//1030 574//1030
f 603//1031 574//1031 577//1031
f 573//1032 580//1032 572//1032
f 553//1033 572//1033 609//1033
f 580//1034 609//1034 572//1034
f 604//1035 573//1035 574//1035
f 604//1036 574//1036 603//1036
f 579//1037 577//1037 576//1037
f 579//1038 576//1038 578//1038
f 581//1039 592//1039 578//1039
f 581//1040 578//1040 575//1040
f 581//1041 583//1041 582//1041
f 582//1042 586//1042 584//1042
f 586//1043 582//1043 583//1043
f 583//1044 581//1044 562//1044
f 562//1045 561//1045 583//1045
f 586//1046 583//1046 561//1046
f 586//1047 561//1047 585//1047
f 587//1048 586//1048 585//1048
f 558//1049 585//1049 561//1049
f 558//1050 588//1050 585//1050
f 584//1051 586//1051 587//1051
f 581//1052 582//1052 592//1052
f 592//1053 582//1053 591//1053
f 591//1054 582//1054 584//1054
f 588//1055 587//1055 585//1055
f 566//1056 589//1056 557//1056
f 589//1057 566//1057 588//1057
f 587//1058 595//1058 584//1058
f 595//1059 587//1059 590//1059
f 595//1060 591//1060 584//1060
f 594//1061 593//1061 596//1061
f 596//1062 593//1062 595//1062
f 594//1063 598//1063 599//1063
f 599//1064 600//1064 579//1064
f 579//1065 600//1065 577//1065
f 600//1066 599//1066 598//1066
f 594//1067 597//1067 598//1067
f 601//1068 598//1068 597//1068
f 598//1069 601//1069 602//1069
f 605//1070 604//1070 603//1070
f 600//1071 603//1071 577//1071
f 580//1072 573//1072 604//1072
f 605//1073 606//1073 604//1073
f 605//1074 611//1074 606//1074
f 606//1075 607//1075 604//1075
f 604//1076 607//1076 580//1076
f 580//1077 607//1077 609//1077
f 607//1078 608//1078 609//1078
f 610//1079 553//1079 609//1079
f 610//1080 609//1080 608//1080
f 598//1081 605//1081 603//1081
f 600//1082 598//1082 603//1082
f 612//1083 602//1083 613//1083
f 602//1084 566//1084 613//1084
f 614//1085 612//1085 613//1085
f 614//1086 613//1086 559//1086
f 602//1087 605//1087 598//1087
f 445//1096 616//1096 446//1096
f 616//1097 617//1097 446//1097
f 446//1100 617//1100 627//1100
f 444//1101 445//1101 443//1101
f 622//1102 442//1102 443//1102
f 622//1103 441//1103 442//1103
f 665//1104 439//1104 441//1104
f 622//1105 665//1105 441//1105
f 440//1106 439//1106 665//1106
f 623//1107 443//1107 445//1107
f 446//1108 627//1108 445//1108
f 623//1110 445//1110 627//1110
f 625//1111 665//1111 622//1111
f 625//1112 622//1112 443//1112
f 626//1113 625//1113 443//1113
f 443//1114 623//1114 626//1114
f 623//1115 627//1115 628//1115
f 628//1116 627//1116 617//1116
f 629//1117 628//1117 617//1117
f 553//1155 610//1155 548//1155
f 530//1156 547//1156 548//1156
f 530//1157 648//1157 527//1157
f 610//1158 648//1158 530//1158
f 648//1159 608//1159 689//1159
f 610//1160 608//1160 648//1160
f 530//1161 548//1161 610//1161
f 563//1162 562//1162 574//1162
f 562//1163 575//1163 574//1163
f 438//1174 541//1174 534//1174
f 543//1175 653//1175 542//1175
f 549//1176 542//1176 564//1176
f 541//1177 655//1177 543//1177
f 655//1178 656//1178 654//1178
f 657//1179 653//1179 543//1179
f 543//1180 658//1180 657//1180
f 543//1181 655//1181 658//1181
f 657//1182 658//1182 659//1182
f 706//1183 657//1183 659//1183
f 655//1184 654//1184 714//1184
f 654//1185 656//1185 660//1185
f 656//1186 655//1186 541//1186
f 656//1187 538//1187 660//1187
f 539//1188 660//1188 538//1188
f 654//1189 660//1189 661//1189
f 661//1190 660//1190 539//1190
f 661//1191 539//1191 662//1191
f 661//1192 715//1192 654//1192
f 654//1193 715//1193 714//1193
f 663//1194 786//1194 664//1194
f 663//1195 662//1195 539//1195
f 663//1196 440//1196 667//1196
f 666//1197 440//1197 665//1197
f 625//1198 666//1198 665//1198
f 666//1199 667//1199 440//1199
f 669//1200 625//1200 626//1200
f 626//1201 623//1201 628//1201
f 668//1202 667//1202 669//1202
f 669//1203 667//1203 666//1203
f 666//1204 625//1204 669//1204
f 669//1205 626//1205 670//1205
f 626//1206 628//1206 670//1206
f 669//1207 792//1207 668//1207
f 671//1208 668//1208 792//1208
f 792//1209 669//1209 670//1209
f 787//1210 668//1210 671//1210
f 617//1211 624//1211 629//1211
f 672//1212 629//1212 624//1212
f 796//1213 629//1213 672//1213
f 624//1214 621//1214 672//1214
f 596//1239 595//1239 590//1239
f 596//1240 590//1240 594//1240
f 597//1241 594//1241 590//1241
f 597//1242 587//1242 588//1242
f 587//1243 597//1243 590//1243
f 602//1244 601//1244 566//1244
f 689//1263 690//1263 527//1263
f 689//1264 691//1264 690//1264
f 689//1265 768//1265 691//1265
f 611//1266 695//1266 694//1266
f 611//1267 693//1267 695//1267
f 605//1268 602//1268 611//1268
f 611//1269 602//1269 612//1269
f 693//1270 611//1270 612//1270
f 614//1271 695//1271 693//1271
f 614//1272 693//1272 612//1272
f 559//1273 567//1273 614//1273
f 565//1274 697//1274 567//1274
f 567//1275 697//1275 699//1275
f 704//1276 697//1276 565//1276
f 697//1277 700//1277 698//1277
f 699//1278 697//1278 698//1278
f 567//1279 699//1279 696//1279
f 700//1280 697//1280 704//1280
f 657//1281 705//1281 704//1281
f 657//1282 704//1282 565//1282
f 653//1283 657//1283 565//1283
f 653//1284 565//1284 564//1284
f 564//1285 542//1285 653//1285
f 527//1286 648//1286 689//1286
f 691//1290 703//1290 690//1290
f 768//1291 703//1291 691//1291
f 768//1292 689//1292 692//1292
f 606//1293 608//1293 607//1293
f 606//1294 611//1294 694//1294
f 608//1295 606//1295 694//1295
f 742//1296 700//1296 706//1296
f 706//1297 700//1297 705//1297
f 705//1298 700//1298 704//1298
f 705//1299 657//1299 706//1299
f 707//1300 706//1300 659//1300
f 659//1301 658//1301 708//1301
f 659//1302 708//1302 707//1302
f 707//1303 708//1303 709//1303
f 710//1304 707//1304 709//1304
f 708//1305 711//1305 709//1305
f 710//1306 712//1306 707//1306
f 709//1307 713//1307 710//1307
f 714//1308 711//1308 708//1308
f 708//1309 658//1309 714//1309
f 714//1310 658//1310 655//1310
f 711//1311 714//1311 715//1311
f 716//1312 715//1312 661//1312
f 662//1313 663//1313 719//1313
f 663//1314 664//1314 719//1314
f 716//1315 661//1315 662//1315
f 716//1316 662//1316 717//1316
f 718//1317 711//1317 715//1317
f 718//1318 715//1318 716//1318
f 719//1319 717//1319 662//1319
f 716//1320 717//1320 720//1320
f 716//1321 720//1321 718//1321
f 709//1322 711//1322 718//1322
f 721//1323 720//1323 717//1323
f 973//1324 720//1324 721//1324
f 722//1325 709//1325 718//1325
f 710//1326 713//1326 726//1326
f 723//1327 707//1327 712//1327
f 707//1328 723//1328 706//1328
f 706//1329 723//1329 742//1329
f 712//1330 710//1330 724//1330
f 724//1331 710//1331 726//1331
f 725//1332 723//1332 712//1332
f 713//1333 727//1333 726//1333
f 727//1334 713//1334 730//1334
f 722//1335 713//1335 709//1335
f 720//1336 722//1336 718//1336
f 728//1337 721//1337 717//1337
f 729//1338 717//1338 719//1338
f 717//1339 729//1339 728//1339
f 729//1340 789//1340 897//1340
f 730//1341 713//1341 722//1341
f 731//1342 722//1342 720//1342
f 730//1343 722//1343 731//1343
f 732//1344 727//1344 730//1344
f 733//1345 732//1345 730//1345
f 730//1346 731//1346 970//1346
f 735//1347 732//1347 734//1347
f 734//1348 732//1348 733//1348
f 734//1349 738//1349 735//1349
f 738//1350 734//1350 737//1350
f 739//1351 738//1351 737//1351
f 735//1352 738//1352 848//1352
f 735//1353 740//1353 732//1353
f 732//1354 740//1354 727//1354
f 724//1355 726//1355 752//1355
f 723//1356 743//1356 742//1356
f 700//1357 742//1357 698//1357
f 813//1358 743//1358 741//1358
f 741//1359 723//1359 725//1359
f 744//1360 725//1360 712//1360
f 744//1361 712//1361 724//1361
f 724//1362 752//1362 744//1362
f 745//1363 744//1363 752//1363
f 747//1364 725//1364 744//1364
f 747//1365 746//1365 725//1365
f 748//1366 746//1366 747//1366
f 747//1367 745//1367 750//1367
f 747//1368 750//1368 749//1368
f 748//1369 817//1369 746//1369
f 748//1370 747//1370 749//1370
f 752//1371 751//1371 750//1371
f 752//1372 750//1372 745//1372
f 753//1373 751//1373 752//1373
f 754//1374 751//1374 753//1374
f 750//1375 751//1375 756//1375
f 755//1376 751//1376 754//1376
f 756//1377 751//1377 755//1377
f 757//1378 755//1378 754//1378
f 757//1379 754//1379 753//1379
f 757//1380 753//1380 727//1380
f 757//1381 727//1381 740//1381
f 727//1382 753//1382 726//1382
f 753//1383 752//1383 726//1383
f 745//1384 747//1384 744//1384
f 764//1393 527//1393 690//1393
f 778//1405 766//1405 767//1405
f 690//1407 703//1407 767//1407
f 690//1408 767//1408 762//1408
f 767//1409 703//1409 768//1409
f 601//1410 597//1410 588//1410
f 601//1411 588//1411 566//1411
f 613//1412 566//1412 557//1412
f 608//1413 694//1413 689//1413
f 694//1414 692//1414 689//1414
f 771//1415 778//1415 692//1415
f 769//1416 770//1416 692//1416
f 770//1417 771//1417 692//1417
f 692//1418 694//1418 769//1418
f 803//1424 761//1424 776//1424
f 776//1425 761//1425 765//1425
f 765//1426 777//1426 776//1426
f 778//1427 805//1427 765//1427
f 778//1428 765//1428 766//1428
f 767//1429 768//1429 692//1429
f 767//1430 692//1430 778//1430
f 778//1431 771//1431 805//1431
f 770//1432 769//1432 780//1432
f 780//1433 769//1433 694//1433
f 614//1434 784//1434 695//1434
f 695//1435 781//1435 694//1435
f 781//1436 783//1436 694//1436
f 780//1437 694//1437 782//1437
f 782//1438 694//1438 783//1438
f 781//1439 695//1439 784//1439
f 567//1440 784//1440 614//1440
f 567//1441 696//1441 784//1441
f 811//1442 696//1442 699//1442
f 743//1443 723//1443 741//1443
f 813//1444 741//1444 746//1444
f 746//1445 741//1445 725//1445
f 539//1446 440//1446 663//1446
f 786//1447 667//1447 668//1447
f 663//1448 667//1448 786//1448
f 664//1449 786//1449 787//1449
f 790//1450 787//1450 671//1450
f 787//1451 788//1451 664//1451
f 719//1452 664//1452 789//1452
f 786//1453 668//1453 787//1453
f 788//1454 787//1454 790//1454
f 671//1455 792//1455 790//1455
f 790//1456 792//1456 791//1456
f 790//1457 791//1457 793//1457
f 891//1458 791//1458 792//1458
f 790//1459 793//1459 794//1459
f 790//1460 794//1460 788//1460
f 664//1461 788//1461 794//1461
f 793//1462 894//1462 794//1462
f 664//1463 794//1463 789//1463
f 789//1464 729//1464 719//1464
f 794//1465 894//1465 789//1465
f 892//1466 793//1466 884//1466
f 795//1467 670//1467 628//1467
f 629//1468 795//1468 628//1468
f 969//1469 629//1469 796//1469
f 776//1486 804//1486 803//1486
f 805//1487 777//1487 765//1487
f 777//1488 805//1488 806//1488
f 805//1489 771//1489 779//1489
f 807//1490 771//1490 770//1490
f 780//1491 807//1491 770//1491
f 811//1492 785//1492 696//1492
f 809//1493 699//1493 698//1493
f 809//1494 811//1494 699//1494
f 810//1495 811//1495 809//1495
f 814//1496 810//1496 812//1496
f 812//1497 810//1497 809//1497
f 809//1498 698//1498 742//1498
f 742//1499 812//1499 809//1499
f 812//1500 742//1500 743//1500
f 812//1501 743//1501 813//1501
f 814//1502 812//1502 813//1502
f 821//1503 814//1503 815//1503
f 815//1504 814//1504 813//1504
f 813//1505 746//1505 815//1505
f 815//1506 746//1506 816//1506
f 814//1507 819//1507 810//1507
f 822//1508 815//1508 816//1508
f 815//1509 822//1509 821//1509
f 821//1510 822//1510 820//1510
f 821//1511 820//1511 814//1511
f 818//1512 822//1512 816//1512
f 823//1513 818//1513 817//1513
f 817//1514 818//1514 816//1514
f 823//1515 817//1515 824//1515
f 817//1516 816//1516 746//1516
f 823//1517 825//1517 826//1517
f 818//1518 823//1518 826//1518
f 825//1519 829//1519 826//1519
f 825//1520 823//1520 831//1520
f 748//1521 824//1521 817//1521
f 825//1528 827//1528 829//1528
f 829//1529 827//1529 830//1529
f 827//1530 831//1530 828//1530
f 827//1531 828//1531 832//1531
f 833//1532 827//1532 832//1532
f 833//1533 832//1533 834//1533
f 835//1534 833//1534 834//1534
f 833//1535 830//1535 827//1535
f 830//1536 833//1536 835//1536
f 835//1537 834//1537 836//1537
f 837//1538 835//1538 836//1538
f 830//1539 838//1539 829//1539
f 837//1540 830//1540 835//1540
f 830//1541 837//1541 838//1541
f 831//1542 827//1542 825//1542
f 843//1543 838//1543 837//1543
f 818//1544 826//1544 822//1544
f 822//1545 826//1545 842//1545
f 842//1546 826//1546 839//1546
f 839//1547 826//1547 838//1547
f 838//1548 826//1548 829//1548
f 839//1549 838//1549 843//1549
f 840//1550 839//1550 843//1550
f 840//1551 841//1551 839//1551
f 842//1552 839//1552 841//1552
f 841//1553 845//1553 842//1553
f 840//1554 859//1554 841//1554
f 841//1555 844//1555 845//1555
f 842//1556 845//1556 820//1556
f 822//1557 842//1557 846//1557
f 814//1558 820//1558 847//1558
f 842//1559 820//1559 846//1559
f 846//1560 820//1560 822//1560
f 756//1561 755//1561 848//1561
f 750//1562 756//1562 749//1562
f 756//1563 848//1563 749//1563
f 848//1564 755//1564 757//1564
f 757//1565 740//1565 848//1565
f 740//1566 735//1566 848//1566
f 849//1567 738//1567 739//1567
f 824//1568 748//1568 828//1568
f 824//1569 828//1569 831//1569
f 832//1570 828//1570 850//1570
f 850//1571 828//1571 748//1571
f 850//1572 748//1572 739//1572
f 739//1573 737//1573 850//1573
f 850//1574 737//1574 734//1574
f 851//1575 850//1575 734//1575
f 851//1576 978//1576 850//1576
f 850//1577 978//1577 853//1577
f 978//1578 852//1578 853//1578
f 832//1579 850//1579 853//1579
f 836//1580 834//1580 853//1580
f 853//1581 834//1581 832//1581
f 831//1582 823//1582 824//1582
f 848//1583 849//1583 749//1583
f 748//1584 749//1584 849//1584
f 748//1585 849//1585 739//1585
f 738//1586 849//1586 848//1586
f 854//1587 784//1587 696//1587
f 854//1588 808//1588 957//1588
f 696//1589 785//1589 854//1589
f 785//1590 808//1590 854//1590
f 808//1591 785//1591 811//1591
f 930//1592 811//1592 819//1592
f 819//1593 811//1593 810//1593
f 847//1594 819//1594 814//1594
f 845//1595 847//1595 820//1595
f 845//1596 968//1596 847//1596
f 1003//1597 855//1597 952//1597
f 1003//1598 952//1598 883//1598
f 968//1599 855//1599 847//1599
f 841//1600 859//1600 856//1600
f 857//1601 841//1601 856//1601
f 844//1602 841//1602 857//1602
f 857//1603 858//1603 866//1603
f 861//1604 856//1604 859//1604
f 865//1605 866//1605 858//1605
f 858//1606 860//1606 865//1606
f 856//1607 860//1607 857//1607
f 860//1608 856//1608 861//1608
f 859//1609 868//1609 861//1609
f 861//1610 868//1610 862//1610
f 861//1611 862//1611 863//1611
f 859//1612 882//1612 868//1612
f 861//1613 863//1613 860//1613
f 857//1614 860//1614 858//1614
f 864//1615 862//1615 868//1615
f 862//1616 864//1616 863//1616
f 860//1617 863//1617 865//1617
f 883//1618 865//1618 864//1618
f 864//1619 865//1619 863//1619
f 867//1620 866//1620 865//1620
f 865//1621 883//1621 952//1621
f 882//1622 859//1622 843//1622
f 859//1623 840//1623 843//1623
f 843//1624 869//1624 870//1624
f 843//1625 870//1625 882//1625
f 882//1626 870//1626 872//1626
f 837//1627 874//1627 843//1627
f 874//1628 837//1628 836//1628
f 869//1629 843//1629 874//1629
f 869//1630 871//1630 870//1630
f 875//1631 871//1631 874//1631
f 871//1632 873//1632 870//1632
f 874//1633 852//1633 875//1633
f 876//1634 873//1634 871//1634
f 873//1635 876//1635 870//1635
f 870//1636 876//1636 877//1636
f 870//1637 877//1637 872//1637
f 877//1638 878//1638 872//1638
f 872//1639 878//1639 879//1639
f 868//1640 882//1640 864//1640
f 864//1641 882//1641 881//1641
f 882//1642 879//1642 881//1642
f 879//1643 882//1643 872//1643
f 878//1644 880//1644 879//1644
f 879//1645 880//1645 881//1645
f 989//1646 880//1646 878//1646
f 983//1647 877//1647 876//1647
f 980//1648 876//1648 871//1648
f 875//1649 980//1649 871//1649
f 853//1650 852//1650 836//1650
f 836//1651 852//1651 874//1651
f 874//1652 871//1652 869//1652
f 793//1653 791//1653 884//1653
f 884//1654 791//1654 891//1654
f 792//1655 670//1655 885//1655
f 885//1656 670//1656 795//1656
f 629//1657 886//1657 795//1657
f 887//1658 885//1658 886//1658
f 886//1659 885//1659 795//1659
f 887//1660 889//1660 891//1660
f 888//1661 886//1661 890//1661
f 888//1662 887//1662 886//1662
f 888//1663 889//1663 887//1663
f 629//1664 969//1664 886//1664
f 886//1665 969//1665 890//1665
f 889//1667 892//1667 891//1667
f 884//1668 891//1668 892//1668
f 793//1669 892//1669 894//1669
f 892//1670 893//1670 895//1670
f 892//1671 896//1671 894//1671
f 899//1672 973//1672 721//1672
f 974//1673 973//1673 899//1673
f 721//1674 728//1674 729//1674
f 897//1675 789//1675 898//1675
f 898//1676 901//1676 897//1676
f 898//1677 789//1677 894//1677
f 896//1678 892//1678 895//1678
f 893//1679 892//1679 889//1679
f 902//1680 889//1680 888//1680
f 889//1681 902//1681 893//1681
f 902//1682 888//1682 905//1682
f 888//1683 890//1683 905//1683
f 796//1684 800//1684 969//1684
f 804//1692 904//1692 803//1692
f 803//1693 904//1693 902//1693
f 902//1694 905//1694 803//1694
f 803//1695 905//1695 775//1695
f 905//1697 890//1697 906//1697
f 891//1698 792//1698 887//1698
f 909//1699 907//1699 916//1699
f 907//1700 909//1700 908//1700
f 909//1701 910//1701 908//1701
f 911//1702 908//1702 910//1702
f 912//1703 910//1703 909//1703
f 912//1704 909//1704 916//1704
f 912//1705 916//1705 914//1705
f 918//1706 915//1706 916//1706
f 916//1707 915//1707 914//1707
f 918//1708 916//1708 907//1708
f 908//1709 919//1709 907//1709
f 919//1710 908//1710 920//1710
f 908//1711 911//1711 920//1711
f 920//1712 911//1712 922//1712
f 913//1713 911//1713 910//1713
f 911//1714 913//1714 922//1714
f 922//1715 921//1715 920//1715
f 918//1716 907//1716 919//1716
f 922//1717 913//1717 923//1717
f 922//1718 924//1718 921//1718
f 924//1719 922//1719 923//1719
f 925//1720 923//1720 913//1720
f 923//1721 926//1721 924//1721
f 924//1722 926//1722 962//1722
f 923//1723 925//1723 927//1723
f 923//1724 927//1724 926//1724
f 926//1725 927//1725 928//1725
f 930//1726 925//1726 929//1726
f 930//1727 819//1727 925//1727
f 925//1728 819//1728 931//1728
f 930//1729 929//1729 808//1729
f 930//1730 808//1730 811//1730
f 931//1731 819//1731 847//1731
f 931//1732 847//1732 855//1732
f 931//1733 855//1733 1003//1733
f 927//1734 925//1734 931//1734
f 928//1735 932//1735 933//1735
f 964//1736 926//1736 928//1736
f 934//1737 933//1737 932//1737
f 928//1738 927//1738 932//1738
f 932//1739 935//1739 934//1739
f 940//1740 934//1740 936//1740
f 934//1741 935//1741 936//1741
f 936//1742 935//1742 938//1742
f 938//1743 1010//1743 937//1743
f 938//1744 937//1744 936//1744
f 936//1745 937//1745 939//1745
f 936//1746 939//1746 940//1746
f 942//1747 941//1747 939//1747
f 941//1748 807//1748 782//1748
f 939//1749 941//1749 940//1749
f 928//1750 933//1750 964//1750
f 1061//1751 934//1751 940//1751
f 941//1752 782//1752 940//1752
f 940//1753 782//1753 943//1753
f 940//1754 943//1754 955//1754
f 783//1755 943//1755 782//1755
f 782//1756 807//1756 780//1756
f 771//1757 807//1757 779//1757
f 779//1758 944//1758 805//1758
f 944//1759 806//1759 805//1759
f 942//1760 779//1760 807//1760
f 942//1761 807//1761 941//1761
f 942//1762 945//1762 779//1762
f 944//1763 947//1763 806//1763
f 937//1764 942//1764 939//1764
f 942//1765 937//1765 1010//1765
f 945//1766 942//1766 946//1766
f 946//1767 942//1767 1010//1767
f 779//1768 945//1768 944//1768
f 948//1769 944//1769 950//1769
f 948//1770 947//1770 944//1770
f 806//1771 948//1771 776//1771
f 947//1772 948//1772 806//1772
f 950//1773 944//1773 945//1773
f 948//1774 950//1774 949//1774
f 948//1775 804//1775 776//1775
f 950//1776 945//1776 946//1776
f 804//1777 948//1777 904//1777
f 904//1778 948//1778 949//1778
f 950//1779 946//1779 1009//1779
f 895//1780 904//1780 949//1780
f 895//1781 893//1781 904//1781
f 893//1782 902//1782 951//1782
f 951//1783 904//1783 893//1783
f 904//1784 951//1784 902//1784
f 776//1785 777//1785 806//1785
f 857//1786 866//1786 844//1786
f 867//1787 865//1787 952//1787
f 864//1788 881//1788 883//1788
f 883//1789 881//1789 880//1789
f 784//1790 854//1790 953//1790
f 943//1791 783//1791 954//1791
f 943//1792 954//1792 955//1792
f 940//1793 955//1793 1061//1793
f 956//1794 954//1794 953//1794
f 783//1795 781//1795 784//1795
f 783//1796 784//1796 954//1796
f 784//1797 953//1797 954//1797
f 956//1798 953//1798 958//1798
f 953//1799 957//1799 958//1799
f 956//1800 955//1800 954//1800
f 956//1801 958//1801 961//1801
f 961//1802 958//1802 957//1802
f 953//1803 854//1803 957//1803
f 808//1804 959//1804 957//1804
f 929//1805 959//1805 808//1805
f 959//1806 960//1806 957//1806
f 957//1807 960//1807 961//1807
f 960//1808 914//1808 961//1808
f 914//1809 915//1809 961//1809
f 961//1810 917//1810 962//1810
f 964//1811 961//1811 962//1811
f 963//1812 917//1812 915//1812
f 961//1813 915//1813 917//1813
f 961//1814 964//1814 956//1814
f 933//1815 956//1815 964//1815
f 963//1816 915//1816 918//1816
f 918//1817 919//1817 965//1817
f 965//1818 919//1818 920//1818
f 965//1819 920//1819 921//1819
f 918//1820 965//1820 963//1820
f 965//1821 921//1821 963//1821
f 917//1822 924//1822 962//1822
f 924//1823 917//1823 921//1823
f 921//1824 917//1824 963//1824
f 910//1825 912//1825 966//1825
f 913//1826 966//1826 925//1826
f 925//1827 966//1827 929//1827
f 966//1828 959//1828 929//1828
f 913//1829 910//1829 966//1829
f 912//1830 960//1830 959//1830
f 966//1831 912//1831 959//1831
f 952//1832 855//1832 867//1832
f 883//1833 880//1833 967//1833
f 989//1834 1002//1834 880//1834
f 855//1835 968//1835 867//1835
f 968//1836 845//1836 844//1836
f 867//1837 968//1837 844//1837
f 867//1838 844//1838 866//1838
f 960//1839 912//1839 914//1839
f 887//1840 792//1840 885//1840
f 973//1841 731//1841 720//1841
f 973//1842 970//1842 731//1842
f 970//1843 733//1843 730//1843
f 734//1844 733//1844 736//1844
f 971//1845 736//1845 733//1845
f 971//1846 733//1846 972//1846
f 972//1847 733//1847 970//1847
f 970//1848 973//1848 972//1848
f 974//1849 972//1849 973//1849
f 899//1850 721//1850 900//1850
f 900//1851 721//1851 897//1851
f 974//1852 899//1852 975//1852
f 899//1853 900//1853 975//1853
f 971//1854 851//1854 736//1854
f 734//1855 736//1855 851//1855
f 976//1856 851//1856 971//1856
f 976//1857 971//1857 977//1857
f 977//1858 971//1858 972//1858
f 974//1859 975//1859 972//1859
f 972//1860 975//1860 977//1860
f 978//1861 851//1861 976//1861
f 975//1862 979//1862 981//1862
f 976//1863 875//1863 978//1863
f 875//1864 852//1864 978//1864
f 875//1865 976//1865 980//1865
f 977//1866 981//1866 976//1866
f 976//1867 982//1867 980//1867
f 976//1868 981//1868 982//1868
f 876//1869 980//1869 983//1869
f 983//1870 980//1870 982//1870
f 983//1871 984//1871 877//1871
f 877//1872 984//1872 878//1872
f 977//1873 975//1873 981//1873
f 982//1874 981//1874 986//1874
f 983//1875 982//1875 984//1875
f 878//1876 984//1876 989//1876
f 979//1877 987//1877 990//1877
f 990//1878 981//1878 979//1878
f 982//1879 986//1879 984//1879
f 988//1880 984//1880 986//1880
f 984//1881 985//1881 989//1881
f 988//1882 985//1882 984//1882
f 990//1883 986//1883 981//1883
f 986//1884 990//1884 988//1884
f 991//1885 988//1885 990//1885
f 987//1886 991//1886 990//1886
f 729//1887 897//1887 721//1887
f 901//1888 995//1888 996//1888
f 897//1889 901//1889 900//1889
f 900//1890 979//1890 975//1890
f 996//1891 979//1891 900//1891
f 900//1892 901//1892 996//1892
f 991//1893 997//1893 988//1893
f 997//1894 998//1894 988//1894
f 998//1895 985//1895 988//1895
f 985//1896 1001//1896 989//1896
f 1001//1897 985//1897 998//1897
f 999//1898 998//1898 997//1898
f 938//1899 998//1899 999//1899
f 938//1900 935//1900 932//1900
f 1000//1901 998//1901 938//1901
f 938//1902 932//1902 1000//1902
f 932//1903 927//1903 1001//1903
f 1001//1904 927//1904 931//1904
f 931//1905 1003//1905 1001//1905
f 1001//1906 1003//1906 1002//1906
f 1001//1907 1002//1907 989//1907
f 1002//1908 967//1908 880//1908
f 883//1909 967//1909 1003//1909
f 1002//1910 1003//1910 967//1910
f 895//1911 1004//1911 1005//1911
f 1005//1912 896//1912 895//1912
f 894//1913 896//1913 898//1913
f 1006//1914 901//1914 898//1914
f 995//1915 901//1915 1006//1915
f 1007//1916 996//1916 995//1916
f 979//1917 996//1917 987//1917
f 1007//1918 991//1918 987//1918
f 1007//1919 987//1919 996//1919
f 898//1920 896//1920 1005//1920
f 1005//1921 1004//1921 1009//1921
f 898//1922 1005//1922 1006//1922
f 995//1923 1006//1923 1007//1923
f 997//1924 991//1924 1007//1924
f 999//1925 997//1925 1007//1925
f 1006//1926 1005//1926 1009//1926
f 1009//1927 1008//1927 1006//1927
f 949//1928 1004//1928 895//1928
f 1004//1929 949//1929 1009//1929
f 1008//1930 1009//1930 946//1930
f 950//1931 1009//1931 949//1931
f 946//1932 1010//1932 1008//1932
f 1008//1933 1010//1933 1007//1933
f 1007//1934 1006//1934 1008//1934
f 1010//1935 938//1935 999//1935
f 1010//1936 999//1936 1007//1936
f 1061//2009 955//2009 956//2009
f 933//2010 1061//2010 956//2010
f 933//2011 934//2011 1061//2011
f 926//2012 964//2012 962//2012
f 1000//2402 932//2402 1001//2402
f 998//2403 1000//2403 1001//2403
f 1290//2404 1295//2404 1291//2404
f 1294//2405 1291//2405 1295//2405
f 1296//2406 1299//2406 1298//2406
f 1296//2407 1298//2407 1300//2407
f 1296//2408 1300//2408 1297//2408
f 1301//2409 1295//2409 1297//2409
f 1295//2410 1290//2410 1297//2410
f 1300//2411 1301//2411 1297//2411
f 1083//2430 1080//2430 1309//2430
f 1083//2431 1310//2431 1311//2431
f 1081//2432 1083//2432 1085//2432
f 1083//2433 1311//2433 1085//2433
f 1311//2434 1347//2434 1085//2434
f 1312//2435 1311//2435 1310//2435
f 1313//2436 1310//2436 1083//2436
f 1313//2437 1083//2437 1309//2437
f 1310//2438 1313//2438 1316//2438
f 1309//2444 1082//2444 1315//2444
f 1315//2445 1313//2445 1309//2445
f 1312//2446 1310//2446 1317//2446
f 1342//2447 1312//2447 1317//2447
f 1310//2448 1316//2448 1317//2448
f 1344//2481 1342//2481 1345//2481
f 1345//2482 1342//2482 1343//2482
f 1345//2483 1343//2483 1346//2483
f 1345//2484 1346//2484 1356//2484
f 1361//2485 1346//2485 1343//2485
f 1348//2486 1347//2486 1345//2486
f 1345//2487 1347//2487 1344//2487
f 1348//2488 1345//2488 1349//2488
f 1350//2489 1349//2489 1351//2489
f 1348//2490 1349//2490 1352//2490
f 1350//2491 1352//2491 1349//2491
f 1351//2492 1355//2492 1350//2492
f 1352//2493 1350//2493 1353//2493
f 1348//2494 1352//2494 1354//2494
f 1355//2495 1353//2495 1350//2495
f 1345//2496 1351//2496 1349//2496
f 1357//2497 1351//2497 1345//2497
f 1345//2498 1356//2498 1357//2498
f 1358//2499 1356//2499 1346//2499
f 1351//2500 1357//2500 1355//2500
f 1355//2501 1357//2501 1562//2501
f 1357//2502 1356//2502 1437//2502
f 1437//2503 1356//2503 1362//2503
f 1362//2504 1356//2504 1358//2504
f 1362//2505 1358//2505 1359//2505
f 1360//2506 1362//2506 1359//2506
f 1346//2507 1361//2507 1358//2507
f 1362//2508 1360//2508 1364//2508
f 1360//2509 1363//2509 1364//2509
f 1372//2510 1363//2510 1360//2510
f 1360//2511 1365//2511 1372//2511
f 1365//2512 1360//2512 1359//2512
f 1366//2513 1365//2513 1359//2513
f 1366//2514 1359//2514 1367//2514
f 1367//2515 1359//2515 1358//2515
f 1367//2516 1358//2516 1361//2516
f 1386//2517 1361//2517 1343//2517
f 1311//2518 1342//2518 1344//2518
f 1352//2519 1368//2519 1354//2519
f 1369//2520 1368//2520 1352//2520
f 1353//2521 1369//2521 1352//2521
f 1353//2522 1370//2522 1369//2522
f 1374//2523 1365//2523 1373//2523
f 1365//2524 1374//2524 1372//2524
f 1372//2525 1374//2525 1371//2525
f 1372//2526 1371//2526 1363//2526
f 1375//2527 1363//2527 1371//2527
f 1376//2528 1375//2528 1378//2528
f 1378//2529 1377//2529 1376//2529
f 1379//2530 1377//2530 1378//2530
f 1383//2531 1381//2531 1380//2531
f 1450//2532 1383//2532 1380//2532
f 1379//2533 1378//2533 1374//2533
f 1451//2534 1379//2534 1374//2534
f 1365//2535 1366//2535 1373//2535
f 1361//2536 1386//2536 1385//2536
f 1343//2537 1342//2537 1386//2537
f 1386//2538 1342//2538 1317//2538
f 1386//2539 1317//2539 1387//2539
f 1385//2540 1386//2540 1387//2540
f 1367//2541 1385//2541 1392//2541
f 1385//2542 1367//2542 1361//2542
f 1388//2543 1385//2543 1387//2543
f 1316//2544 1387//2544 1317//2544
f 1387//2545 1316//2545 1390//2545
f 1387//2546 1390//2546 1389//2546
f 1388//2547 1391//2547 1385//2547
f 1391//2548 1392//2548 1385//2548
f 1387//2549 1389//2549 1388//2549
f 1608//2550 1390//2550 1316//2550
f 1608//2551 1316//2551 1313//2551
f 1082//2553 1393//2553 1315//2553
f 1313//2554 1315//2554 1608//2554
f 1315//2555 1395//2555 1608//2555
f 1395//2556 1315//2556 1393//2556
f 1393//2557 1314//2557 1396//2557
f 1239//2561 1242//2561 1240//2561
f 1344//2639 1347//2639 1311//2639
f 1431//2640 1347//2640 1348//2640
f 1085//2641 1347//2641 1431//2641
f 1354//2645 1368//2645 1433//2645
f 1432//2646 1431//2646 1354//2646
f 1354//2647 1431//2647 1348//2647
f 1433//2648 1432//2648 1354//2648
f 1433//2649 1399//2649 1432//2649
f 1435//2651 1434//2651 1433//2651
f 1435//2652 1433//2652 1368//2652
f 1435//2653 1368//2653 1369//2653
f 1370//2654 1353//2654 1563//2654
f 1563//2655 1353//2655 1355//2655
f 1436//2656 1357//2656 1437//2656
f 1436//2657 1562//2657 1357//2657
f 1438//2658 1436//2658 1437//2658
f 1439//2659 1438//2659 1440//2659
f 1438//2660 1437//2660 1362//2660
f 1362//2661 1364//2661 1438//2661
f 1364//2662 1440//2662 1438//2662
f 1440//2663 1364//2663 1363//2663
f 1376//2664 1363//2664 1375//2664
f 1440//2665 1363//2665 1376//2665
f 1471//2666 1377//2666 1379//2666
f 1471//2667 1379//2667 1380//2667
f 1382//2668 1441//2668 1381//2668
f 1442//2669 1441//2669 1382//2669
f 1442//2670 1443//2670 1441//2670
f 1382//2671 1381//2671 1383//2671
f 1442//2672 1444//2672 1445//2672
f 1442//2673 1445//2673 1447//2673
f 1447//2674 1300//2674 1442//2674
f 1446//2675 1445//2675 1444//2675
f 1448//2676 1447//2676 1445//2676
f 1444//2677 1442//2677 1382//2677
f 1382//2678 1383//2678 1449//2678
f 1449//2679 1383//2679 1450//2679
f 1450//2680 1380//2680 1379//2680
f 1450//2681 1379//2681 1451//2681
f 1373//2682 1452//2682 1451//2682
f 1373//2683 1451//2683 1374//2683
f 1384//2684 1452//2684 1373//2684
f 1453//2685 1384//2685 1373//2685
f 1366//2686 1453//2686 1373//2686
f 1453//2687 1366//2687 1454//2687
f 1454//2688 1366//2688 1367//2688
f 1367//2689 1392//2689 1454//2689
f 1454//2690 1455//2690 1453//2690
f 1455//2691 1456//2691 1453//2691
f 1453//2692 1456//2692 1384//2692
f 1455//2693 1454//2693 1457//2693
f 1457//2694 1454//2694 1392//2694
f 1617//2695 1457//2695 1616//2695
f 1391//2696 1457//2696 1392//2696
f 1378//2698 1375//2698 1374//2698
f 1374//2699 1375//2699 1371//2699
f 1311//2700 1312//2700 1342//2700
f 1298//2701 1443//2701 1442//2701
f 1442//2702 1300//2702 1298//2702
f 1441//2703 1443//2703 1459//2703
f 1459//2704 1443//2704 1460//2704
f 1443//2705 1298//2705 1299//2705
f 1461//2706 1299//2706 1341//2706
f 1341//2707 1462//2707 1461//2707
f 1462//2708 1341//2708 1463//2708
f 1463//2709 1465//2709 1462//2709
f 1461//2710 1466//2710 1299//2710
f 1460//2711 1443//2711 1299//2711
f 1441//2712 1459//2712 1381//2712
f 1459//2713 1467//2713 1381//2713
f 1468//2714 1467//2714 1459//2714
f 1469//2715 1468//2715 1459//2715
f 1459//2716 1460//2716 1469//2716
f 1526//2717 1468//2717 1469//2717
f 1469//2718 1530//2718 1526//2718
f 1467//2719 1468//2719 1526//2719
f 1467//2720 1526//2720 1525//2720
f 1481//2721 1467//2721 1525//2721
f 1530//2722 1469//2722 1470//2722
f 1460//2723 1299//2723 1466//2723
f 1466//2724 1469//2724 1460//2724
f 1469//2725 1466//2725 1472//2725
f 1472//2726 1461//2726 1462//2726
f 1464//2727 1473//2727 1463//2727
f 1463//2728 1473//2728 1465//2728
f 1474//2729 1473//2729 1475//2729
f 1475//2730 1473//2730 1464//2730
f 1474//2731 1475//2731 1476//2731
f 1476//2732 1533//2732 1474//2732
f 1294//2733 1478//2733 1292//2733
f 1301//2734 1300//2734 1447//2734
f 1301//2735 1447//2735 1295//2735
f 1294//2736 1447//2736 1448//2736
f 1447//2737 1294//2737 1295//2737
f 1377//2738 1483//2738 1376//2738
f 1479//2739 1376//2739 1483//2739
f 1481//2740 1480//2740 1483//2740
f 1483//2741 1480//2741 1479//2741
f 1482//2742 1480//2742 1481//2742
f 1467//2743 1481//2743 1471//2743
f 1483//2744 1471//2744 1481//2744
f 1467//2745 1471//2745 1381//2745
f 1381//2746 1471//2746 1380//2746
f 1377//2747 1471//2747 1483//2747
f 1450//2759 1486//2759 1449//2759
f 1444//2760 1382//2760 1449//2760
f 1446//2761 1444//2761 1487//2761
f 1448//2762 1445//2762 1446//2762
f 1448//2763 1478//2763 1294//2763
f 1478//2764 1448//2764 1489//2764
f 1489//2765 1448//2765 1488//2765
f 1488//2766 1448//2766 1446//2766
f 1489//2767 1490//2767 1478//2767
f 1292//2768 1478//2768 1490//2768
f 1292//2769 1490//2769 1491//2769
f 1508//2770 1446//2770 1487//2770
f 1493//2771 1449//2771 1486//2771
f 1450//2772 1494//2772 1486//2772
f 1444//2773 1449//2773 1493//2773
f 1493//2774 1486//2774 1495//2774
f 1495//2775 1496//2775 1493//2775
f 1493//2776 1487//2776 1444//2776
f 1502//2777 1495//2777 1486//2777
f 1502//2778 1486//2778 1494//2778
f 1502//2779 1494//2779 1497//2779
f 1450//2780 1451//2780 1452//2780
f 1450//2781 1452//2781 1494//2781
f 1494//2782 1452//2782 1498//2782
f 1498//2783 1452//2783 1384//2783
f 1494//2784 1498//2784 1497//2784
f 1498//2785 1384//2785 1501//2785
f 1499//2786 1497//2786 1498//2786
f 1455//2787 1574//2787 1456//2787
f 1574//2788 1455//2788 1575//2788
f 1499//2789 1498//2789 1500//2789
f 1500//2790 1498//2790 1501//2790
f 1501//2791 1384//2791 1456//2791
f 1501//2792 1576//2792 1500//2792
f 1497//2793 1499//2793 1505//2793
f 1497//2794 1505//2794 1502//2794
f 1496//2795 1487//2795 1493//2795
f 1508//2796 1487//2796 1496//2796
f 1495//2797 1503//2797 1496//2797
f 1502//2798 1503//2798 1495//2798
f 1503//2799 1502//2799 1505//2799
f 1496//2800 1504//2800 1508//2800
f 1504//2801 1496//2801 1503//2801
f 1578//2802 1505//2802 1499//2802
f 1506//2803 1505//2803 1578//2803
f 1506//2804 1507//2804 1505//2804
f 1505//2805 1507//2805 1503//2805
f 1503//2806 1507//2806 1504//2806
f 1508//2807 1509//2807 1446//2807
f 1509//2808 1508//2808 1504//2808
f 1446//2809 1509//2809 1488//2809
f 1509//2810 1504//2810 1511//2810
f 1509//2811 1512//2811 1488//2811
f 1488//2812 1512//2812 1489//2812
f 1489//2813 1512//2813 1492//2813
f 1492//2814 1512//2814 1510//2814
f 1579//2815 1511//2815 1504//2815
f 1511//2816 1579//2816 1583//2816
f 1511//2817 1512//2817 1509//2817
f 1510//2818 1513//2818 1492//2818
f 1511//2819 1510//2819 1512//2819
f 1513//2820 1514//2820 1492//2820
f 1489//2821 1492//2821 1490//2821
f 1515//2822 1492//2822 1514//2822
f 1510//2823 1539//2823 1513//2823
f 1515//2824 1490//2824 1492//2824
f 1517//2825 1515//2825 1514//2825
f 1516//2826 1513//2826 1536//2826
f 1513//2827 1516//2827 1514//2827
f 1516//2828 1517//2828 1514//2828
f 1518//2829 1490//2829 1515//2829
f 1490//2830 1518//2830 1491//2830
f 1518//2831 1293//2831 1491//2831
f 1517//2832 1519//2832 1515//2832
f 1515//2833 1519//2833 1518//2833
f 1519//2834 1293//2834 1518//2834
f 1520//2835 1519//2835 1517//2835
f 1517//2836 1516//2836 1520//2836
f 1520//2837 1516//2837 1521//2837
f 1473//2838 1522//2838 1465//2838
f 1462//2839 1465//2839 1522//2839
f 1462//2840 1522//2840 1472//2840
f 1522//2841 1473//2841 1531//2841
f 1472//2842 1531//2842 1469//2842
f 1531//2843 1472//2843 1522//2843
f 1472//2844 1466//2844 1461//2844
f 1479//2845 1440//2845 1376//2845
f 1479//2846 1439//2846 1440//2846
f 1439//2847 1479//2847 1523//2847
f 1523//2848 1479//2848 1480//2848
f 1480//2849 1524//2849 1523//2849
f 1482//2850 1528//2850 1480//2850
f 1525//2851 1482//2851 1481//2851
f 1525//2852 1527//2852 1482//2852
f 1480//2853 1528//2853 1524//2853
f 1582//2854 1482//2854 1527//2854
f 1529//2855 1527//2855 1526//2855
f 1526//2856 1527//2856 1525//2856
f 1531//2857 1470//2857 1469//2857
f 1529//2858 1526//2858 1530//2858
f 1532//2859 1470//2859 1531//2859
f 1474//2860 1537//2860 1473//2860
f 1538//2861 1473//2861 1537//2861
f 1534//2862 1474//2862 1533//2862
f 1474//2863 1534//2863 1537//2863
f 1533//2864 1476//2864 1535//2864
f 1534//2865 1533//2865 1535//2865
f 1477//2866 1536//2866 1535//2866
f 1477//2867 1521//2867 1516//2867
f 1477//2868 1516//2868 1536//2868
f 1534//2869 1535//2869 1536//2869
f 1473//2870 1538//2870 1531//2870
f 1531//2871 1538//2871 1532//2871
f 1537//2872 1513//2872 1539//2872
f 1539//2873 1510//2873 1511//2873
f 1537//2874 1539//2874 1532//2874
f 1537//2875 1534//2875 1513//2875
f 1513//2876 1534//2876 1536//2876
f 1562//2915 1436//2915 1560//2915
f 1560//2916 1436//2916 1438//2916
f 1560//2917 1438//2917 1439//2917
f 1439//2918 1523//2918 1561//2918
f 1564//2919 1562//2919 1560//2919
f 1439//2920 1561//2920 1560//2920
f 1564//2921 1565//2921 1562//2921
f 1562//2922 1563//2922 1355//2922
f 1564//2923 1560//2923 1561//2923
f 1573//2924 1565//2924 1564//2924
f 1566//2925 1561//2925 1523//2925
f 1566//2926 1523//2926 1524//2926
f 1524//2927 1569//2927 1567//2927
f 1528//2928 1568//2928 1569//2928
f 1570//2929 1567//2929 1569//2929
f 1567//2930 1570//2930 1566//2930
f 1570//2931 1577//2931 1566//2931
f 1567//2932 1566//2932 1524//2932
f 1564//2933 1561//2933 1572//2933
f 1572//2934 1561//2934 1566//2934
f 1615//2935 1573//2935 1572//2935
f 1564//2936 1572//2936 1573//2936
f 1563//2937 1562//2937 1565//2937
f 1565//2938 1370//2938 1563//2938
f 1370//2939 1565//2939 1640//2939
f 1565//2940 1573//2940 1640//2940
f 1571//2941 1574//2941 1575//2941
f 1574//2942 1501//2942 1456//2942
f 1574//2943 1576//2943 1501//2943
f 1576//2944 1574//2944 1577//2944
f 1577//2945 1574//2945 1571//2945
f 1499//2946 1500//2946 1576//2946
f 1578//2947 1499//2947 1576//2947
f 1577//2948 1578//2948 1576//2948
f 1579//2949 1507//2949 1506//2949
f 1507//2950 1579//2950 1504//2950
f 1579//2951 1584//2951 1583//2951
f 1506//2952 1570//2952 1569//2952
f 1506//2953 1569//2953 1581//2953
f 1506//2954 1581//2954 1579//2954
f 1579//2955 1581//2955 1580//2955
f 1582//2956 1580//2956 1581//2956
f 1580//2957 1582//2957 1584//2957
f 1582//2958 1581//2958 1568//2958
f 1582//2959 1568//2959 1482//2959
f 1482//2960 1568//2960 1528//2960
f 1527//2961 1529//2961 1582//2961
f 1582//2962 1529//2962 1584//2962
f 1584//2963 1529//2963 1530//2963
f 1530//2964 1583//2964 1584//2964
f 1584//2965 1579//2965 1580//2965
f 1530//2966 1470//2966 1585//2966
f 1585//2967 1470//2967 1532//2967
f 1532//2968 1538//2968 1537//2968
f 1539//2969 1585//2969 1532//2969
f 1583//2970 1530//2970 1585//2970
f 1585//2971 1511//2971 1583//2971
f 1511//2972 1585//2972 1539//2972
f 1394//3014 1388//3014 1389//3014
f 1612//3015 1389//3015 1390//3015
f 1612//3016 1390//3016 1608//3016
f 1612//3017 1608//3017 1609//3017
f 1609//3018 1608//3018 1395//3018
f 1395//3019 1393//3019 1396//3019
f 1389//3020 1612//3020 1394//3020
f 1394//3021 1612//3021 1610//3021
f 1391//3022 1388//3022 1457//3022
f 1457//3023 1388//3023 1616//3023
f 1610//3024 1616//3024 1388//3024
f 1610//3025 1388//3025 1394//3025
f 1610//3026 1611//3026 1616//3026
f 1609//3027 1395//3027 1396//3027
f 1613//3028 1612//3028 1609//3028
f 1396//3029 1613//3029 1609//3029
f 1396//3030 1321//3030 1613//3030
f 1613//3031 1321//3031 1619//3031
f 1613//3032 1619//3032 1618//3032
f 1613//3033 1618//3033 1612//3033
f 1614//3034 1610//3034 1612//3034
f 1612//3035 1618//3035 1614//3035
f 1610//3036 1614//3036 1611//3036
f 1611//3037 1571//3037 1616//3037
f 1575//3038 1616//3038 1571//3038
f 1617//3039 1455//3039 1457//3039
f 1616//3040 1575//3040 1455//3040
f 1455//3041 1617//3041 1616//3041
f 1242//3045 1434//3045 1435//3045
f 1369//3046 1639//3046 1618//3046
f 1369//3047 1242//3047 1435//3047
f 1619//3048 1242//3048 1369//3048
f 1619//3049 1369//3049 1618//3049
f 1619//3050 1240//3050 1242//3050
f 1569//3051 1524//3051 1528//3051
f 1369//3107 1370//3107 1639//3107
f 1370//3108 1640//3108 1639//3108
f 1639//3109 1640//3109 1615//3109
f 1640//3110 1573//3110 1615//3110
f 1571//3111 1615//3111 1572//3111
f 1615//3112 1571//3112 1611//3112
f 1615//3113 1611//3113 1614//3113
f 1614//3114 1639//3114 1615//3114
f 1618//3115 1639//3115 1614//3115
f 1240//3116 1619//3116 1321//3116
f 1569//3120 1568//3120 1581//3120
f 1566//3124 1577//3124 1572//3124
f 1572//3125 1577//3125 1571//3125
f 1578//3126 1570//3126 1506//3126
f 1570//3127 1578//3127 1577//3127
