# Blender 5.2.1 LTS
# www.blender.org
mtllib ork.mtl
o Head_Base
v -0.240000 0.540000 -0.230000
v -0.240000 0.540000 0.230000
v -0.240000 0.980000 -0.230000
v -0.240000 0.980000 0.230000
v 0.240000 0.540000 -0.230000
v 0.240000 0.540000 0.230000
v 0.240000 0.980000 -0.230000
v 0.240000 0.980000 0.230000
vn -1.0000 -0.0000 -0.0000
vn -0.0000 1.0000 -0.0000
vn 1.0000 -0.0000 -0.0000
vn -0.0000 -1.0000 -0.0000
vn -0.0000 -0.0000 -1.0000
vn -0.0000 -0.0000 1.0000
vt 0.375000 0.000000
vt 0.625000 0.000000
vt 0.625000 0.250000
vt 0.375000 0.250000
vt 0.625000 0.500000
vt 0.375000 0.500000
vt 0.625000 0.750000
vt 0.375000 0.750000
vt 0.625000 1.000000
vt 0.375000 1.000000
vt 0.125000 0.500000
vt 0.125000 0.750000
vt 0.875000 0.500000
vt 0.875000 0.750000
s 0
usemtl Ork_GreenSkin
f 1/1/1 2/2/1 4/3/1 3/4/1
f 3/4/2 4/3/2 8/5/2 7/6/2
f 7/6/3 8/5/3 6/7/3 5/8/3
f 5/8/4 6/7/4 2/9/4 1/10/4
f 3/11/5 7/6/5 5/8/5 1/12/5
f 8/5/6 4/13/6 2/14/6 6/7/6
o Red_Warpaint
v -0.250000 0.750000 -0.220000
v -0.250000 0.750000 0.260000
v -0.250000 0.890000 -0.220000
v -0.250000 0.890000 0.260000
v 0.250000 0.750000 -0.220000
v 0.250000 0.750000 0.260000
v 0.250000 0.890000 -0.220000
v 0.250000 0.890000 0.260000
vn -1.0000 -0.0000 -0.0000
vn -0.0000 1.0000 -0.0000
vn 1.0000 -0.0000 -0.0000
vn -0.0000 -1.0000 -0.0000
vn -0.0000 -0.0000 -1.0000
vn -0.0000 -0.0000 1.0000
vt 0.375000 0.000000
vt 0.625000 0.000000
vt 0.625000 0.250000
vt 0.375000 0.250000
vt 0.625000 0.500000
vt 0.375000 0.500000
vt 0.625000 0.750000
vt 0.375000 0.750000
vt 0.625000 1.000000
vt 0.375000 1.000000
vt 0.125000 0.500000
vt 0.125000 0.750000
vt 0.875000 0.500000
vt 0.875000 0.750000
s 0
usemtl Ork_RedWarpaint
f 9/15/7 10/16/7 12/17/7 11/18/7
f 11/18/8 12/17/8 16/19/8 15/20/8
f 15/20/9 16/19/9 14/21/9 13/22/9
f 13/22/10 14/21/10 10/23/10 9/24/10
f 11/25/11 15/20/11 13/22/11 9/26/11
f 16/19/12 12/27/12 10/28/12 14/21/12
o Eye_L
v -0.120000 0.780000 0.270000
v -0.120000 0.790353 0.268637
v -0.120000 0.800000 0.264641
v -0.120000 0.814641 0.250000
v -0.120000 0.818637 0.240353
v -0.120000 0.820000 0.230000
v -0.120000 0.814641 0.210000
v -0.120000 0.800000 0.195359
v -0.120000 0.790353 0.191363
v -0.120000 0.780000 0.190000
v -0.116038 0.789565 0.268637
v -0.112346 0.798478 0.264641
v -0.109176 0.806131 0.258284
v -0.106743 0.812004 0.250000
v -0.105214 0.815696 0.240353
v -0.104693 0.816955 0.230000
v -0.105214 0.815696 0.219647
v -0.106743 0.812004 0.210000
v -0.109176 0.806131 0.201716
v -0.112346 0.798478 0.195359
v -0.116038 0.789565 0.191363
v -0.112679 0.787320 0.268637
v -0.105858 0.794142 0.264641
v -0.100000 0.800000 0.258284
v -0.095505 0.804495 0.250000
v -0.092679 0.807320 0.240353
v -0.091716 0.808284 0.230000
v -0.092679 0.807320 0.219647
v -0.095505 0.804495 0.210000
v -0.100000 0.800000 0.201716
v -0.105858 0.794142 0.195359
v -0.112679 0.787320 0.191363
v -0.110435 0.783962 0.268637
v -0.101522 0.787654 0.264641
v -0.093869 0.790824 0.258284
v -0.087996 0.793257 0.250000
v -0.084304 0.794786 0.240353
v -0.083045 0.795307 0.230000
v -0.084304 0.794786 0.219647
v -0.087996 0.793257 0.210000
v -0.093869 0.790824 0.201716
v -0.101522 0.787654 0.195359
v -0.110435 0.783962 0.191363
v -0.109647 0.780000 0.268637
v -0.100000 0.780000 0.264641
v -0.091716 0.780000 0.258284
v -0.085359 0.780000 0.250000
v -0.081363 0.780000 0.240353
v -0.080000 0.780000 0.230000
v -0.081363 0.780000 0.219647
v -0.085359 0.780000 0.210000
v -0.091716 0.780000 0.201716
v -0.100000 0.780000 0.195359
v -0.109647 0.780000 0.191363
v -0.110435 0.776038 0.268637
v -0.101522 0.772346 0.264641
v -0.093869 0.769176 0.258284
v -0.087996 0.766743 0.250000
v -0.084304 0.765214 0.240353
v -0.083045 0.764693 0.230000
v -0.084304 0.765214 0.219647
v -0.087996 0.766743 0.210000
v -0.093869 0.769176 0.201716
v -0.101522 0.772346 0.195359
v -0.110435 0.776038 0.191363
v -0.112679 0.772679 0.268637
v -0.105858 0.765858 0.264641
v -0.100000 0.760000 0.258284
v -0.095505 0.755505 0.250000
v -0.092679 0.752679 0.240353
v -0.091716 0.751716 0.230000
v -0.092679 0.752679 0.219647
v -0.095505 0.755505 0.210000
v -0.100000 0.760000 0.201716
v -0.105858 0.765858 0.195359
v -0.112679 0.772679 0.191363
v -0.116038 0.770435 0.268637
v -0.112346 0.761522 0.264641
v -0.109176 0.753869 0.258284
v -0.106743 0.747996 0.250000
v -0.105214 0.744304 0.240353
v -0.104693 0.743045 0.230000
v -0.105214 0.744304 0.219647
v -0.106743 0.747996 0.210000
v -0.109176 0.753869 0.201716
v -0.112346 0.761522 0.195359
v -0.116038 0.770435 0.191363
v -0.120000 0.769647 0.268637
v -0.120000 0.760000 0.264641
v -0.120000 0.751716 0.258284
v -0.120000 0.745359 0.250000
v -0.120000 0.741363 0.240353
v -0.120000 0.740000 0.230000
v -0.120000 0.741363 0.219647
v -0.120000 0.745359 0.210000
v -0.120000 0.751716 0.201716
v -0.120000 0.760000 0.195359
v -0.120000 0.769647 0.191363
v -0.123962 0.770435 0.268637
v -0.127654 0.761522 0.264641
v -0.130824 0.753869 0.258284
v -0.133257 0.747996 0.250000
v -0.134786 0.744304 0.240353
v -0.135307 0.743045 0.230000
v -0.134786 0.744304 0.219647
v -0.133257 0.747996 0.210000
v -0.130824 0.753869 0.201716
v -0.127654 0.761522 0.195359
v -0.123962 0.770435 0.191363
v -0.127321 0.772679 0.268637
v -0.134142 0.765858 0.264641
v -0.140000 0.760000 0.258284
v -0.144495 0.755505 0.250000
v -0.147321 0.752679 0.240353
v -0.148284 0.751716 0.230000
v -0.147321 0.752679 0.219647
v -0.144495 0.755505 0.210000
v -0.140000 0.760000 0.201716
v -0.134142 0.765858 0.195359
v -0.127321 0.772679 0.191363
v -0.129565 0.776038 0.268637
v -0.138478 0.772346 0.264641
v -0.146131 0.769176 0.258284
v -0.152004 0.766743 0.250000
v -0.155696 0.765214 0.240353
v -0.156955 0.764693 0.230000
v -0.155696 0.765214 0.219647
v -0.152004 0.766743 0.210000
v -0.146131 0.769176 0.201716
v -0.138478 0.772346 0.195359
v -0.129565 0.776038 0.191363
v -0.130353 0.780000 0.268637
v -0.140000 0.780000 0.264641
v -0.148284 0.780000 0.258284
v -0.154641 0.780000 0.250000
v -0.158637 0.780000 0.240353
v -0.160000 0.780000 0.230000
v -0.158637 0.780000 0.219647
v -0.154641 0.780000 0.210000
v -0.148284 0.780000 0.201716
v -0.140000 0.780000 0.195359
v -0.130353 0.780000 0.191363
v -0.129565 0.783962 0.268637
v -0.138478 0.787654 0.264641
v -0.146131 0.790824 0.258284
v -0.152004 0.793257 0.250000
v -0.155696 0.794786 0.240353
v -0.156955 0.795307 0.230000
v -0.155696 0.794786 0.219647
v -0.152004 0.793257 0.210000
v -0.146131 0.790824 0.201716
v -0.138478 0.787654 0.195359
v -0.129565 0.783962 0.191363
v -0.127320 0.787320 0.268637
v -0.134142 0.794142 0.264641
v -0.140000 0.800000 0.258284
v -0.144495 0.804495 0.250000
v -0.147320 0.807320 0.240353
v -0.148284 0.808284 0.230000
v -0.147320 0.807320 0.219647
v -0.144495 0.804495 0.210000
v -0.140000 0.800000 0.201716
v -0.134142 0.794142 0.195359
v -0.127320 0.787320 0.191363
v -0.123962 0.789565 0.268637
v -0.127654 0.798478 0.264641
v -0.130824 0.806131 0.258284
v -0.133257 0.812004 0.250000
v -0.134786 0.815696 0.240353
v -0.135307 0.816955 0.230000
v -0.134786 0.815696 0.219647
v -0.133257 0.812004 0.210000
v -0.130824 0.806131 0.201716
v -0.127654 0.798478 0.195359
v -0.123962 0.789565 0.191363
v -0.120000 0.808284 0.258284
v -0.120000 0.818637 0.219647
v -0.120000 0.808284 0.201716
vn 0.0759 0.3816 -0.9212
vn 0.0260 0.1305 0.9911
vn 0.1807 0.9087 -0.3764
vn 0.1807 0.9087 0.3764
vn 0.0260 0.1305 -0.9911
vn 0.0759 0.3816 0.9212
vn 0.1559 0.7837 -0.6013
vn 0.1935 0.9727 0.1281
vn 0.1202 0.6043 0.7876
vn 0.1202 0.6043 -0.7876
vn 0.1935 0.9727 -0.1281
vn 0.1559 0.7837 0.6013
vn 0.5510 0.8246 0.1281
vn 0.3423 0.5123 0.7876
vn 0.3423 0.5123 -0.7876
vn 0.5510 0.8246 -0.1281
vn 0.4439 0.6644 0.6013
vn 0.2161 0.3235 -0.9212
vn 0.0739 0.1106 0.9911
vn 0.5147 0.7703 -0.3764
vn 0.5147 0.7703 0.3764
vn 0.0739 0.1106 -0.9911
vn 0.2161 0.3235 0.9212
vn 0.4439 0.6644 -0.6013
vn 0.7703 0.5147 -0.3764
vn 0.7703 0.5147 0.3764
vn 0.1106 0.0739 -0.9911
vn 0.3235 0.2161 0.9212
vn 0.6644 0.4439 -0.6013
vn 0.8246 0.5510 0.1281
vn 0.5123 0.3423 0.7876
vn 0.5123 0.3423 -0.7876
vn 0.8246 0.5510 -0.1281
vn 0.6644 0.4439 0.6013
vn 0.3235 0.2161 -0.9212
vn 0.1106 0.0739 0.9911
vn 0.9727 0.1935 -0.1281
vn 0.7837 0.1559 0.6013
vn 0.3816 0.0759 -0.9212
vn 0.1305 0.0260 0.9911
vn 0.9087 0.1807 -0.3764
vn 0.9087 0.1807 0.3764
vn 0.1305 0.0260 -0.9911
vn 0.3816 0.0759 0.9212
vn 0.7837 0.1559 -0.6013
vn 0.9727 0.1935 0.1281
vn 0.6043 0.1202 0.7876
vn 0.6043 0.1202 -0.7876
vn 0.7837 -0.1559 -0.6013
vn 0.9727 -0.1935 0.1281
vn 0.6043 -0.1202 0.7876
vn 0.6043 -0.1202 -0.7876
vn 0.9727 -0.1935 -0.1281
vn 0.7837 -0.1559 0.6013
vn 0.3816 -0.0759 -0.9212
vn 0.1305 -0.0260 0.9911
vn 0.9087 -0.1807 -0.3764
vn 0.9087 -0.1807 0.3764
vn 0.1305 -0.0260 -0.9911
vn 0.3816 -0.0759 0.9212
vn 0.1106 -0.0739 0.9911
vn 0.7703 -0.5147 -0.3764
vn 0.7703 -0.5147 0.3764
vn 0.1106 -0.0739 -0.9911
vn 0.3235 -0.2161 0.9212
vn 0.6644 -0.4439 -0.6013
vn 0.8246 -0.5510 0.1281
vn 0.5123 -0.3423 0.7876
vn 0.5123 -0.3423 -0.7876
vn 0.8246 -0.5510 -0.1281
vn 0.6644 -0.4439 0.6013
vn 0.3235 -0.2161 -0.9212
vn 0.3423 -0.5123 -0.7876
vn 0.5510 -0.8246 -0.1281
vn 0.4439 -0.6644 0.6013
vn 0.2161 -0.3235 -0.9212
vn 0.0739 -0.1106 0.9911
vn 0.5147 -0.7703 -0.3764
vn 0.5147 -0.7703 0.3764
vn 0.0739 -0.1106 -0.9911
vn 0.2161 -0.3235 0.9212
vn 0.4439 -0.6644 -0.6013
vn 0.5510 -0.8246 0.1281
vn 0.3423 -0.5123 0.7876
vn 0.0759 -0.3816 0.9212
vn 0.1559 -0.7837 -0.6013
vn 0.1935 -0.9727 0.1281
vn 0.1202 -0.6043 0.7876
vn 0.1202 -0.6043 -0.7876
vn 0.1935 -0.9727 -0.1281
vn 0.1559 -0.7837 0.6013
vn 0.0759 -0.3816 -0.9212
vn 0.0260 -0.1305 0.9911
vn 0.1807 -0.9087 -0.3764
vn 0.1807 -0.9087 0.3764
vn 0.0260 -0.1305 -0.9911
vn -0.0759 -0.3816 -0.9212
vn -0.0260 -0.1305 0.9911
vn -0.1807 -0.9087 -0.3764
vn -0.1807 -0.9087 0.3764
vn -0.0260 -0.1305 -0.9911
vn -0.0759 -0.3816 0.9212
vn -0.1559 -0.7837 -0.6013
vn -0.1935 -0.9727 0.1281
vn -0.1202 -0.6043 0.7876
vn -0.1202 -0.6043 -0.7876
vn -0.1935 -0.9727 -0.1281
vn -0.1559 -0.7837 0.6013
vn -0.3423 -0.5123 0.7876
vn -0.3423 -0.5123 -0.7876
vn -0.5510 -0.8246 -0.1281
vn -0.4439 -0.6644 0.6013
vn -0.2161 -0.3235 -0.9212
vn -0.0739 -0.1106 0.9911
vn -0.5147 -0.7703 -0.3764
vn -0.5147 -0.7703 0.3764
vn -0.0739 -0.1106 -0.9911
vn -0.2161 -0.3235 0.9212
vn -0.4439 -0.6644 -0.6013
vn -0.5510 -0.8246 0.1281
vn -0.1106 -0.0739 -0.9911
vn -0.3235 -0.2161 0.9212
vn -0.6644 -0.4439 -0.6013
vn -0.8246 -0.5510 0.1281
vn -0.5123 -0.3423 0.7876
vn -0.5123 -0.3423 -0.7876
vn -0.8246 -0.5510 -0.1281
vn -0.6644 -0.4439 0.6013
vn -0.3235 -0.2161 -0.9212
vn -0.1106 -0.0739 0.9911
vn -0.7703 -0.5147 -0.3764
vn -0.7703 -0.5147 0.3764
vn -0.7837 -0.1559 0.6013
vn -0.3816 -0.0759 -0.9212
vn -0.1305 -0.0260 0.9911
vn -0.9087 -0.1807 -0.3764
vn -0.9087 -0.1807 0.3764
vn -0.1305 -0.0260 -0.9911
vn -0.3816 -0.0759 0.9212
vn -0.7837 -0.1559 -0.6013
vn -0.9727 -0.1935 0.1281
vn -0.6043 -0.1202 0.7876
vn -0.6043 -0.1202 -0.7876
vn -0.9727 -0.1935 -0.1281
vn -0.6043 0.1202 0.7876
vn -0.6043 0.1202 -0.7876
vn -0.9727 0.1935 -0.1281
vn -0.7837 0.1559 0.6013
vn -0.3816 0.0759 -0.9212
vn -0.1305 0.0260 0.9911
vn -0.9087 0.1807 -0.3764
vn -0.9087 0.1807 0.3764
vn -0.1305 0.0260 -0.9911
vn -0.3816 0.0759 0.9212
vn -0.7837 0.1559 -0.6013
vn -0.9727 0.1935 0.1281
vn -0.7703 0.5147 0.3764
vn -0.1106 0.0739 -0.9911
vn -0.3235 0.2161 0.9212
vn -0.6644 0.4439 -0.6013
vn -0.8246 0.5510 0.1281
vn -0.5123 0.3423 0.7876
vn -0.5123 0.3423 -0.7876
vn -0.8246 0.5510 -0.1281
vn -0.6644 0.4439 0.6013
vn -0.3235 0.2161 -0.9212
vn -0.1106 0.0739 0.9911
vn -0.7703 0.5147 -0.3764
vn -0.4439 0.6644 0.6013
vn -0.2161 0.3235 -0.9212
vn -0.0739 0.1106 0.9911
vn -0.5147 0.7703 -0.3764
vn -0.5147 0.7703 0.3764
vn -0.0739 0.1106 -0.9911
vn -0.2161 0.3235 0.9212
vn -0.4439 0.6644 -0.6013
vn -0.5510 0.8246 0.1281
vn -0.3423 0.5123 0.7876
vn -0.3423 0.5123 -0.7876
vn -0.5510 0.8246 -0.1281
vn -0.1935 0.9727 0.1281
vn -0.1202 0.6043 0.7876
vn -0.1202 0.6043 -0.7876
vn -0.1935 0.9727 -0.1281
vn -0.1559 0.7837 0.6013
vn -0.0759 0.3816 -0.9212
vn -0.0260 0.1305 0.9911
vn -0.1807 0.9087 -0.3764
vn -0.1807 0.9087 0.3764
vn -0.0260 0.1305 -0.9911
vn -0.0759 0.3816 0.9212
vn -0.1559 0.7837 -0.6013
vt 0.750000 0.083333
vt 0.750000 0.166667
vt 0.687500 0.166667
vt 0.687500 0.083333
vt 0.750000 0.916667
vt 0.718750 1.000000
vt 0.687500 0.916667
vt 0.750000 0.333333
vt 0.750000 0.416667
vt 0.687500 0.416667
vt 0.687500 0.333333
vt 0.750000 0.583333
vt 0.750000 0.666667
vt 0.687500 0.666667
vt 0.687500 0.583333
vt 0.718750 0.000000
vt 0.750000 0.833333
vt 0.687500 0.833333
vt 0.750000 0.250000
vt 0.687500 0.250000
vt 0.750000 0.500000
vt 0.687500 0.500000
vt 0.750000 0.750000
vt 0.687500 0.750000
vt 0.625000 0.583333
vt 0.625000 0.500000
vt 0.625000 0.833333
vt 0.625000 0.750000
vt 0.625000 0.250000
vt 0.625000 0.166667
vt 0.625000 0.416667
vt 0.625000 0.666667
vt 0.625000 0.083333
vt 0.656250 1.000000
vt 0.625000 0.916667
vt 0.625000 0.333333
vt 0.656250 0.000000
vt 0.562500 0.416667
vt 0.562500 0.333333
vt 0.562500 0.666667
vt 0.562500 0.583333
vt 0.593750 0.000000
vt 0.562500 0.083333
vt 0.562500 0.916667
vt 0.562500 0.833333
vt 0.562500 0.250000
vt 0.562500 0.500000
vt 0.562500 0.750000
vt 0.562500 0.166667
vt 0.593750 1.000000
vt 0.500000 0.500000
vt 0.500000 0.416667
vt 0.500000 0.750000
vt 0.500000 0.666667
vt 0.500000 0.166667
vt 0.500000 0.083333
vt 0.531250 1.000000
vt 0.500000 0.916667
vt 0.500000 0.333333
vt 0.500000 0.583333
vt 0.531250 0.000000
vt 0.500000 0.833333
vt 0.500000 0.250000
vt 0.437500 0.333333
vt 0.437500 0.250000
vt 0.437500 0.583333
vt 0.437500 0.500000
vt 0.437500 0.833333
vt 0.437500 0.750000
vt 0.437500 0.166667
vt 0.437500 0.416667
vt 0.437500 0.666667
vt 0.437500 0.083333
vt 0.468750 1.000000
vt 0.437500 0.916667
vt 0.468750 0.000000
vt 0.406250 1.000000
vt 0.375000 0.916667
vt 0.375000 0.416667
vt 0.375000 0.333333
vt 0.375000 0.666667
vt 0.375000 0.583333
vt 0.406250 0.000000
vt 0.375000 0.083333
vt 0.375000 0.833333
vt 0.375000 0.250000
vt 0.375000 0.500000
vt 0.375000 0.750000
vt 0.375000 0.166667
vt 0.312500 0.250000
vt 0.312500 0.166667
vt 0.312500 0.500000
vt 0.312500 0.416667
vt 0.312500 0.750000
vt 0.312500 0.666667
vt 0.312500 0.083333
vt 0.343750 1.000000
vt 0.312500 0.916667
vt 0.312500 0.333333
vt 0.312500 0.583333
vt 0.343750 0.000000
vt 0.312500 0.833333
vt 0.250000 0.916667
vt 0.250000 0.833333
vt 0.250000 0.333333
vt 0.250000 0.250000
vt 0.250000 0.583333
vt 0.250000 0.500000
vt 0.250000 0.750000
vt 0.250000 0.166667
vt 0.250000 0.416667
vt 0.250000 0.666667
vt 0.250000 0.083333
vt 0.281250 1.000000
vt 0.281250 0.000000
vt 0.187500 0.166667
vt 0.187500 0.083333
vt 0.218750 1.000000
vt 0.187500 0.916667
vt 0.187500 0.416667
vt 0.187500 0.333333
vt 0.187500 0.666667
vt 0.187500 0.583333
vt 0.218750 0.000000
vt 0.187500 0.833333
vt 0.187500 0.250000
vt 0.187500 0.500000
vt 0.187500 0.750000
vt 0.125000 0.833333
vt 0.125000 0.750000
vt 0.125000 0.250000
vt 0.125000 0.166667
vt 0.125000 0.500000
vt 0.125000 0.416667
vt 0.125000 0.666667
vt 0.125000 0.083333
vt 0.156250 1.000000
vt 0.125000 0.916667
vt 0.125000 0.333333
vt 0.125000 0.583333
vt 0.156250 0.000000
vt 0.093750 0.000000
vt 0.062500 0.083333
vt 0.062500 0.916667
vt 0.062500 0.833333
vt 0.062500 0.333333
vt 0.062500 0.250000
vt 0.062500 0.583333
vt 0.062500 0.500000
vt 0.062500 0.750000
vt 0.062500 0.166667
vt 0.062500 0.416667
vt 0.062500 0.666667
vt 0.093750 1.000000
vt 0.000000 0.750000
vt 0.000000 0.666667
vt 0.000000 0.166667
vt 0.000000 0.083333
vt 0.031250 1.000000
vt 0.000000 0.916667
vt 0.000000 0.416667
vt 0.000000 0.333333
vt 0.000000 0.583333
vt 0.031250 0.000000
vt 0.000000 0.833333
vt 0.000000 0.250000
vt 0.000000 0.500000
vt 1.000000 0.750000
vt 1.000000 0.833333
vt 0.937500 0.833333
vt 0.937500 0.750000
vt 1.000000 0.166667
vt 1.000000 0.250000
vt 0.937500 0.250000
vt 0.937500 0.166667
vt 1.000000 0.416667
vt 1.000000 0.500000
vt 0.937500 0.500000
vt 0.937500 0.416667
vt 1.000000 0.666667
vt 0.937500 0.666667
vt 1.000000 0.083333
vt 0.937500 0.083333
vt 1.000000 0.916667
vt 0.968750 1.000000
vt 0.937500 0.916667
vt 1.000000 0.333333
vt 0.937500 0.333333
vt 1.000000 0.583333
vt 0.937500 0.583333
vt 0.968750 0.000000
vt 0.875000 0.666667
vt 0.875000 0.583333
vt 0.906250 0.000000
vt 0.875000 0.083333
vt 0.875000 0.916667
vt 0.875000 0.833333
vt 0.875000 0.333333
vt 0.875000 0.250000
vt 0.875000 0.500000
vt 0.875000 0.750000
vt 0.875000 0.166667
vt 0.875000 0.416667
vt 0.906250 1.000000
vt 0.812500 0.750000
vt 0.812500 0.666667
vt 0.812500 0.166667
vt 0.812500 0.083333
vt 0.843750 1.000000
vt 0.812500 0.916667
vt 0.812500 0.416667
vt 0.812500 0.333333
vt 0.812500 0.583333
vt 0.843750 0.000000
vt 0.812500 0.833333
vt 0.812500 0.250000
vt 0.812500 0.500000
vt 0.781250 1.000000
vt 0.781250 0.000000
s 0
usemtl Ork_RedEyes
f 25/29/13 24/30/13 36/31/13 37/32/13
f 18/33/14 17/34/14 27/35/14
f 23/36/15 193/37/15 33/38/15 34/39/15
f 21/40/16 20/41/16 30/42/16 31/43/16
f 26/44/17 25/29/17 37/32/17
f 19/45/18 18/33/18 27/35/18 28/46/18
f 194/47/19 23/36/19 34/39/19 35/48/19
f 22/49/20 21/40/20 31/43/20 32/50/20
f 192/51/21 19/45/21 28/46/21 29/52/21
f 24/30/22 194/47/22 35/48/22 36/31/22
f 193/37/23 22/49/23 32/50/23 33/38/23
f 20/41/24 192/51/24 29/52/24 30/42/24
f 32/50/25 31/43/25 42/53/25 43/54/25
f 29/52/26 28/46/26 39/55/26 40/56/26
f 36/31/27 35/48/27 46/57/27 47/58/27
f 33/38/28 32/50/28 43/54/28 44/59/28
f 30/42/29 29/52/29 40/56/29 41/60/29
f 37/32/30 36/31/30 47/58/30 48/61/30
f 27/35/31 17/62/31 38/63/31
f 34/39/32 33/38/32 44/59/32 45/64/32
f 31/43/33 30/42/33 41/60/33 42/53/33
f 26/65/34 37/32/34 48/61/34
f 28/46/35 27/35/35 38/63/35 39/55/35
f 35/48/36 34/39/36 45/64/36 46/57/36
f 45/64/37 44/59/37 55/66/37 56/67/37
f 42/53/38 41/60/38 52/68/38 53/69/38
f 26/70/39 48/61/39 59/71/39
f 39/55/40 38/63/40 49/72/40 50/73/40
f 46/57/41 45/64/41 56/67/41 57/74/41
f 43/54/42 42/53/42 53/69/42 54/75/42
f 40/56/43 39/55/43 50/73/43 51/76/43
f 47/58/44 46/57/44 57/74/44 58/77/44
f 44/59/45 43/54/45 54/75/45 55/66/45
f 41/60/46 40/56/46 51/76/46 52/68/46
f 48/61/47 47/58/47 58/77/47 59/71/47
f 38/63/48 17/78/48 49/72/48
f 55/66/49 54/75/49 65/79/49 66/80/49
f 52/68/50 51/76/50 62/81/50 63/82/50
f 59/71/51 58/77/51 69/83/51 70/84/51
f 49/72/52 17/85/52 60/86/52
f 56/67/53 55/66/53 66/80/53 67/87/53
f 53/69/54 52/68/54 63/82/54 64/88/54
f 26/89/55 59/71/55 70/84/55
f 50/73/56 49/72/56 60/86/56 61/90/56
f 57/74/57 56/67/57 67/87/57 68/91/57
f 54/75/58 53/69/58 64/88/58 65/79/58
f 51/76/59 50/73/59 61/90/59 62/81/59
f 58/77/60 57/74/60 68/91/60 69/83/60
f 68/91/61 67/87/61 78/92/61 79/93/61
f 65/79/62 64/88/62 75/94/62 76/95/62
f 62/81/63 61/90/63 72/96/63 73/97/63
f 69/83/64 68/91/64 79/93/64 80/98/64
f 66/80/65 65/79/65 76/95/65 77/99/65
f 63/82/66 62/81/66 73/97/66 74/100/66
f 70/84/67 69/83/67 80/98/67 81/101/67
f 60/86/68 17/102/68 71/103/68
f 67/87/69 66/80/69 77/99/69 78/92/69
f 64/88/70 63/82/70 74/100/70 75/94/70
f 26/104/71 70/84/71 81/101/71
f 61/90/72 60/86/72 71/103/72 72/96/72
f 71/103/73 17/105/73 82/106/73
f 78/92/74 77/99/74 88/107/74 89/108/74
f 75/94/75 74/100/75 85/109/75 86/110/75
f 26/111/76 81/101/76 92/112/76
f 72/96/77 71/103/77 82/106/77 83/113/77
f 79/93/78 78/92/78 89/108/78 90/114/78
f 76/95/79 75/94/79 86/110/79 87/115/79
f 73/97/80 72/96/80 83/113/80 84/116/80
f 80/98/81 79/93/81 90/114/81 91/117/81
f 77/99/82 76/95/82 87/115/82 88/107/82
f 74/100/83 73/97/83 84/116/83 85/109/83
f 81/101/84 80/98/84 91/117/84 92/112/84
f 91/117/85 90/114/85 101/118/85 102/119/85
f 88/107/86 87/115/86 98/120/86 99/121/86
f 85/109/87 84/116/87 95/122/87 96/123/87
f 92/112/88 91/117/88 102/119/88 103/124/88
f 82/106/89 17/125/89 93/126/89
f 89/108/90 88/107/90 99/121/90 100/127/90
f 86/110/91 85/109/91 96/123/91 97/128/91
f 26/129/92 92/112/92 103/124/92
f 83/113/93 82/106/93 93/126/93 94/130/93
f 90/114/94 89/108/94 100/127/94 101/118/94
f 87/115/95 86/110/95 97/128/95 98/120/95
f 84/116/96 83/113/96 94/130/96 95/122/96
f 94/130/97 93/126/97 104/131/97 105/132/97
f 101/118/98 100/127/98 111/133/98 112/134/98
f 98/120/99 97/128/99 108/135/99 109/136/99
f 95/122/100 94/130/100 105/132/100 106/137/100
f 102/119/101 101/118/101 112/134/101 113/138/101
f 99/121/102 98/120/102 109/136/102 110/139/102
f 96/123/103 95/122/103 106/137/103 107/140/103
f 103/124/104 102/119/104 113/138/104 114/141/104
f 93/126/105 17/142/105 104/131/105
f 100/127/106 99/121/106 110/139/106 111/133/106
f 97/128/107 96/123/107 107/140/107 108/135/107
f 26/143/108 103/124/108 114/141/108
f 114/141/109 113/138/109 124/144/109 125/145/109
f 104/131/110 17/146/110 115/147/110
f 111/133/111 110/139/111 121/148/111 122/149/111
f 108/135/112 107/140/112 118/150/112 119/151/112
f 26/152/113 114/141/113 125/145/113
f 105/132/114 104/131/114 115/147/114 116/153/114
f 112/134/115 111/133/115 122/149/115 123/154/115
f 109/136/116 108/135/116 119/151/116 120/155/116
f 106/137/117 105/132/117 116/153/117 117/156/117
f 113/138/118 112/134/118 123/154/118 124/144/118
f 110/139/119 109/136/119 120/155/119 121/148/119
f 107/140/120 106/137/120 117/156/120 118/150/120
f 117/156/121 116/153/121 127/157/121 128/158/121
f 124/144/122 123/154/122 134/159/122 135/160/122
f 121/148/123 120/155/123 131/161/123 132/162/123
f 118/150/124 117/156/124 128/158/124 129/163/124
f 125/145/125 124/144/125 135/160/125 136/164/125
f 115/147/126 17/165/126 126/166/126
f 122/149/127 121/148/127 132/162/127 133/167/127
f 119/151/128 118/150/128 129/163/128 130/168/128
f 26/169/129 125/145/129 136/164/129
f 116/153/130 115/147/130 126/166/130 127/157/130
f 123/154/131 122/149/131 133/167/131 134/159/131
f 120/155/132 119/151/132 130/168/132 131/161/132
f 26/170/133 136/164/133 147/171/133
f 127/157/134 126/166/134 137/172/134 138/173/134
f 134/159/135 133/167/135 144/174/135 145/175/135
f 131/161/136 130/168/136 141/176/136 142/177/136
f 128/158/137 127/157/137 138/173/137 139/178/137
f 135/160/138 134/159/138 145/175/138 146/179/138
f 132/162/139 131/161/139 142/177/139 143/180/139
f 129/163/140 128/158/140 139/178/140 140/181/140
f 136/164/141 135/160/141 146/179/141 147/171/141
f 126/166/142 17/182/142 137/172/142
f 133/167/143 132/162/143 143/180/143 144/174/143
f 130/168/144 129/163/144 140/181/144 141/176/144
f 140/181/145 139/178/145 150/183/145 151/184/145
f 147/171/146 146/179/146 157/185/146 158/186/146
f 137/172/147 17/187/147 148/188/147
f 144/174/148 143/180/148 154/189/148 155/190/148
f 141/176/149 140/181/149 151/184/149 152/191/149
f 26/192/150 147/171/150 158/186/150
f 138/173/151 137/172/151 148/188/151 149/193/151
f 145/175/152 144/174/152 155/190/152 156/194/152
f 142/177/153 141/176/153 152/191/153 153/195/153
f 139/178/154 138/173/154 149/193/154 150/183/154
f 146/179/155 145/175/155 156/194/155 157/185/155
f 143/180/156 142/177/156 153/195/156 154/189/156
f 150/196/157 149/197/157 160/198/157 161/199/157
f 157/200/158 156/201/158 167/202/158 168/203/158
f 154/204/159 153/205/159 164/206/159 165/207/159
f 151/208/160 150/196/160 161/199/160 162/209/160
f 158/210/161 157/200/161 168/203/161 169/211/161
f 148/212/162 17/213/162 159/214/162
f 155/215/163 154/204/163 165/207/163 166/216/163
f 152/217/164 151/208/164 162/209/164 163/218/164
f 26/219/165 158/210/165 169/211/165
f 149/197/166 148/212/166 159/214/166 160/198/166
f 156/201/167 155/215/167 166/216/167 167/202/167
f 153/205/168 152/217/168 163/218/168 164/206/168
f 163/218/169 162/209/169 173/220/169 174/221/169
f 26/222/170 169/211/170 180/223/170
f 160/198/171 159/214/171 170/224/171 171/225/171
f 167/202/172 166/216/172 177/226/172 178/227/172
f 164/206/173 163/218/173 174/221/173 175/228/173
f 161/199/174 160/198/174 171/225/174 172/229/174
f 168/203/175 167/202/175 178/227/175 179/230/175
f 165/207/176 164/206/176 175/228/176 176/231/176
f 162/209/177 161/199/177 172/229/177 173/220/177
f 169/211/178 168/203/178 179/230/178 180/223/178
f 159/214/179 17/232/179 170/224/179
f 166/216/180 165/207/180 176/231/180 177/226/180
f 173/220/181 172/229/181 183/233/181 184/234/181
f 180/223/182 179/230/182 190/235/182 191/236/182
f 170/224/183 17/237/183 181/238/183
f 177/226/184 176/231/184 187/239/184 188/240/184
f 174/221/185 173/220/185 184/234/185 185/241/185
f 26/242/186 180/223/186 191/236/186
f 171/225/187 170/224/187 181/238/187 182/243/187
f 178/227/188 177/226/188 188/240/188 189/244/188
f 175/228/189 174/221/189 185/241/189 186/245/189
f 172/229/190 171/225/190 182/243/190 183/233/190
f 179/230/191 178/227/191 189/244/191 190/235/191
f 176/231/192 175/228/192 186/245/192 187/239/192
f 186/245/193 185/241/193 21/40/193 22/49/193
f 183/233/194 182/243/194 19/45/194 192/51/194
f 190/235/195 189/244/195 194/47/195 24/30/195
f 187/239/196 186/245/196 22/49/196 193/37/196
f 184/234/197 183/233/197 192/51/197 20/41/197
f 191/236/198 190/235/198 24/30/198 25/29/198
f 181/238/199 17/246/199 18/33/199
f 188/240/200 187/239/200 193/37/200 23/36/200
f 185/241/201 184/234/201 20/41/201 21/40/201
f 26/247/202 191/236/202 25/29/202
f 182/243/203 181/238/203 18/33/203 19/45/203
f 189/244/204 188/240/204 23/36/204 194/47/204
o Eye_R
v 0.120000 0.780000 0.270000
v 0.120000 0.790353 0.268637
v 0.120000 0.800000 0.264641
v 0.120000 0.814641 0.250000
v 0.120000 0.818637 0.240353
v 0.120000 0.820000 0.230000
v 0.120000 0.814641 0.210000
v 0.120000 0.800000 0.195359
v 0.120000 0.790353 0.191363
v 0.120000 0.780000 0.190000
v 0.123962 0.789565 0.268637
v 0.127654 0.798478 0.264641
v 0.130824 0.806131 0.258284
v 0.133257 0.812004 0.250000
v 0.134786 0.815696 0.240353
v 0.135307 0.816955 0.230000
v 0.134786 0.815696 0.219647
v 0.133257 0.812004 0.210000
v 0.130824 0.806131 0.201716
v 0.127654 0.798478 0.195359
v 0.123962 0.789565 0.191363
v 0.127320 0.787320 0.268637
v 0.134142 0.794142 0.264641
v 0.140000 0.800000 0.258284
v 0.144495 0.804495 0.250000
v 0.147321 0.807320 0.240353
v 0.148284 0.808284 0.230000
v 0.147321 0.807320 0.219647
v 0.144495 0.804495 0.210000
v 0.140000 0.800000 0.201716
v 0.134142 0.794142 0.195359
v 0.127320 0.787320 0.191363
v 0.129565 0.783962 0.268637
v 0.138478 0.787654 0.264641
v 0.146131 0.790824 0.258284
v 0.152004 0.793257 0.250000
v 0.155696 0.794786 0.240353
v 0.156955 0.795307 0.230000
v 0.155696 0.794786 0.219647
v 0.152004 0.793257 0.210000
v 0.146131 0.790824 0.201716
v 0.138478 0.787654 0.195359
v 0.129565 0.783962 0.191363
v 0.130353 0.780000 0.268637
v 0.140000 0.780000 0.264641
v 0.148284 0.780000 0.258284
v 0.154641 0.780000 0.250000
v 0.158637 0.780000 0.240353
v 0.160000 0.780000 0.230000
v 0.158637 0.780000 0.219647
v 0.154641 0.780000 0.210000
v 0.148284 0.780000 0.201716
v 0.140000 0.780000 0.195359
v 0.130353 0.780000 0.191363
v 0.129565 0.776038 0.268637
v 0.138478 0.772346 0.264641
v 0.146131 0.769176 0.258284
v 0.152004 0.766743 0.250000
v 0.155696 0.765214 0.240353
v 0.156955 0.764693 0.230000
v 0.155696 0.765214 0.219647
v 0.152004 0.766743 0.210000
v 0.146131 0.769176 0.201716
v 0.138478 0.772346 0.195359
v 0.129565 0.776038 0.191363
v 0.127320 0.772679 0.268637
v 0.134142 0.765858 0.264641
v 0.140000 0.760000 0.258284
v 0.144495 0.755505 0.250000
v 0.147321 0.752679 0.240353
v 0.148284 0.751716 0.230000
v 0.147321 0.752679 0.219647
v 0.144495 0.755505 0.210000
v 0.140000 0.760000 0.201716
v 0.134142 0.765858 0.195359
v 0.127320 0.772679 0.191363
v 0.123962 0.770435 0.268637
v 0.127654 0.761522 0.264641
v 0.130824 0.753869 0.258284
v 0.133257 0.747996 0.250000
v 0.134786 0.744304 0.240353
v 0.135307 0.743045 0.230000
v 0.134786 0.744304 0.219647
v 0.133257 0.747996 0.210000
v 0.130824 0.753869 0.201716
v 0.127654 0.761522 0.195359
v 0.123962 0.770435 0.191363
v 0.120000 0.769647 0.268637
v 0.120000 0.760000 0.264641
v 0.120000 0.751716 0.258284
v 0.120000 0.745359 0.250000
v 0.120000 0.741363 0.240353
v 0.120000 0.740000 0.230000
v 0.120000 0.741363 0.219647
v 0.120000 0.745359 0.210000
v 0.120000 0.751716 0.201716
v 0.120000 0.760000 0.195359
v 0.120000 0.769647 0.191363
v 0.116038 0.770435 0.268637
v 0.112346 0.761522 0.264641
v 0.109176 0.753869 0.258284
v 0.106743 0.747996 0.250000
v 0.105214 0.744304 0.240353
v 0.104693 0.743045 0.230000
v 0.105214 0.744304 0.219647
v 0.106743 0.747996 0.210000
v 0.109176 0.753869 0.201716
v 0.112346 0.761522 0.195359
v 0.116038 0.770435 0.191363
v 0.112679 0.772679 0.268637
v 0.105858 0.765858 0.264641
v 0.100000 0.760000 0.258284
v 0.095505 0.755505 0.250000
v 0.092679 0.752679 0.240353
v 0.091716 0.751716 0.230000
v 0.092679 0.752679 0.219647
v 0.095505 0.755505 0.210000
v 0.100000 0.760000 0.201716
v 0.105858 0.765858 0.195359
v 0.112679 0.772679 0.191363
v 0.110435 0.776038 0.268637
v 0.101522 0.772346 0.264641
v 0.093869 0.769176 0.258284
v 0.087996 0.766743 0.250000
v 0.084304 0.765214 0.240353
v 0.083045 0.764693 0.230000
v 0.084304 0.765214 0.219647
v 0.087996 0.766743 0.210000
v 0.093869 0.769176 0.201716
v 0.101522 0.772346 0.195359
v 0.110435 0.776038 0.191363
v 0.109647 0.780000 0.268637
v 0.100000 0.780000 0.264641
v 0.091716 0.780000 0.258284
v 0.085359 0.780000 0.250000
v 0.081363 0.780000 0.240353
v 0.080000 0.780000 0.230000
v 0.081363 0.780000 0.219647
v 0.085359 0.780000 0.210000
v 0.091716 0.780000 0.201716
v 0.100000 0.780000 0.195359
v 0.109647 0.780000 0.191363
v 0.110435 0.783962 0.268637
v 0.101522 0.787654 0.264641
v 0.093869 0.790824 0.258284
v 0.087996 0.793257 0.250000
v 0.084304 0.794786 0.240353
v 0.083045 0.795307 0.230000
v 0.084304 0.794786 0.219647
v 0.087996 0.793257 0.210000
v 0.093869 0.790824 0.201716
v 0.101522 0.787654 0.195359
v 0.110435 0.783962 0.191363
v 0.112679 0.787320 0.268637
v 0.105858 0.794142 0.264641
v 0.100000 0.800000 0.258284
v 0.095505 0.804495 0.250000
v 0.092680 0.807320 0.240353
v 0.091716 0.808284 0.230000
v 0.092680 0.807320 0.219647
v 0.095505 0.804495 0.210000
v 0.100000 0.800000 0.201716
v 0.105858 0.794142 0.195359
v 0.112679 0.787320 0.191363
v 0.116038 0.789565 0.268637
v 0.112346 0.798478 0.264641
v 0.109176 0.806131 0.258284
v 0.106743 0.812004 0.250000
v 0.105214 0.815696 0.240353
v 0.104693 0.816955 0.230000
v 0.105214 0.815696 0.219647
v 0.106743 0.812004 0.210000
v 0.109176 0.806131 0.201716
v 0.112346 0.798478 0.195359
v 0.116038 0.789565 0.191363
v 0.120000 0.808284 0.258284
v 0.120000 0.818637 0.219647
v 0.120000 0.808284 0.201716
vn 0.0759 0.3816 -0.9212
vn 0.0260 0.1305 0.9911
vn 0.1807 0.9087 -0.3764
vn 0.1807 0.9087 0.3764
vn 0.0260 0.1305 -0.9911
vn 0.0759 0.3816 0.9212
vn 0.1559 0.7837 -0.6013
vn 0.1935 0.9727 0.1281
vn 0.1202 0.6043 0.7876
vn 0.1202 0.6043 -0.7876
vn 0.1935 0.9727 -0.1281
vn 0.1559 0.7837 0.6013
vn 0.5510 0.8246 0.1281
vn 0.3423 0.5123 0.7876
vn 0.3423 0.5123 -0.7876
vn 0.5510 0.8246 -0.1281
vn 0.4439 0.6644 0.6013
vn 0.2161 0.3235 -0.9212
vn 0.0739 0.1106 0.9911
vn 0.5147 0.7703 -0.3764
vn 0.5147 0.7703 0.3764
vn 0.0739 0.1106 -0.9911
vn 0.2161 0.3235 0.9212
vn 0.4439 0.6644 -0.6013
vn 0.7703 0.5147 -0.3764
vn 0.7703 0.5147 0.3764
vn 0.1106 0.0739 -0.9911
vn 0.3235 0.2161 0.9212
vn 0.6644 0.4439 -0.6013
vn 0.8246 0.5510 0.1281
vn 0.5123 0.3423 0.7876
vn 0.5123 0.3423 -0.7876
vn 0.8246 0.5510 -0.1281
vn 0.6644 0.4439 0.6013
vn 0.3235 0.2161 -0.9212
vn 0.1106 0.0739 0.9911
vn 0.9727 0.1935 -0.1281
vn 0.7837 0.1559 0.6013
vn 0.3816 0.0759 -0.9212
vn 0.1305 0.0260 0.9911
vn 0.9087 0.1807 -0.3764
vn 0.9087 0.1807 0.3764
vn 0.1305 0.0260 -0.9911
vn 0.3816 0.0759 0.9212
vn 0.7837 0.1559 -0.6013
vn 0.9727 0.1935 0.1281
vn 0.6043 0.1202 0.7876
vn 0.6043 0.1202 -0.7876
vn 0.7837 -0.1559 -0.6013
vn 0.9727 -0.1935 0.1281
vn 0.6043 -0.1202 0.7876
vn 0.6043 -0.1202 -0.7876
vn 0.9727 -0.1935 -0.1281
vn 0.7837 -0.1559 0.6013
vn 0.3816 -0.0759 -0.9212
vn 0.1305 -0.0260 0.9911
vn 0.9087 -0.1807 -0.3764
vn 0.9087 -0.1807 0.3764
vn 0.1305 -0.0260 -0.9911
vn 0.3816 -0.0759 0.9212
vn 0.1106 -0.0739 0.9911
vn 0.7703 -0.5147 -0.3764
vn 0.7703 -0.5147 0.3764
vn 0.1106 -0.0739 -0.9911
vn 0.3235 -0.2161 0.9212
vn 0.6644 -0.4439 -0.6013
vn 0.8246 -0.5510 0.1281
vn 0.5123 -0.3423 0.7876
vn 0.5123 -0.3423 -0.7876
vn 0.8246 -0.5510 -0.1281
vn 0.6644 -0.4439 0.6013
vn 0.3235 -0.2161 -0.9212
vn 0.3423 -0.5123 -0.7876
vn 0.5510 -0.8246 -0.1281
vn 0.4439 -0.6644 0.6013
vn 0.2161 -0.3235 -0.9212
vn 0.0739 -0.1106 0.9911
vn 0.5147 -0.7703 -0.3764
vn 0.5147 -0.7703 0.3764
vn 0.0739 -0.1106 -0.9911
vn 0.2161 -0.3235 0.9212
vn 0.4439 -0.6644 -0.6013
vn 0.5510 -0.8246 0.1281
vn 0.3423 -0.5123 0.7876
vn 0.0759 -0.3816 0.9212
vn 0.1559 -0.7837 -0.6013
vn 0.1935 -0.9727 0.1281
vn 0.1202 -0.6043 0.7876
vn 0.1202 -0.6043 -0.7876
vn 0.1935 -0.9727 -0.1281
vn 0.1559 -0.7837 0.6013
vn 0.0759 -0.3816 -0.9212
vn 0.0260 -0.1305 0.9911
vn 0.1807 -0.9087 -0.3764
vn 0.1807 -0.9087 0.3764
vn 0.0260 -0.1305 -0.9911
vn -0.0759 -0.3816 -0.9212
vn -0.0260 -0.1305 0.9911
vn -0.1807 -0.9087 -0.3764
vn -0.1807 -0.9087 0.3764
vn -0.0260 -0.1305 -0.9911
vn -0.0759 -0.3816 0.9212
vn -0.1559 -0.7837 -0.6013
vn -0.1935 -0.9727 0.1281
vn -0.1202 -0.6043 0.7876
vn -0.1202 -0.6043 -0.7876
vn -0.1935 -0.9727 -0.1281
vn -0.1559 -0.7837 0.6013
vn -0.3423 -0.5123 0.7876
vn -0.3423 -0.5123 -0.7876
vn -0.5510 -0.8246 -0.1281
vn -0.4439 -0.6644 0.6013
vn -0.2161 -0.3235 -0.9212
vn -0.0739 -0.1106 0.9911
vn -0.5147 -0.7703 -0.3764
vn -0.5147 -0.7703 0.3764
vn -0.0739 -0.1106 -0.9911
vn -0.2161 -0.3235 0.9212
vn -0.4439 -0.6644 -0.6013
vn -0.5510 -0.8246 0.1281
vn -0.1106 -0.0739 -0.9911
vn -0.3235 -0.2161 0.9212
vn -0.6644 -0.4439 -0.6013
vn -0.8246 -0.5510 0.1281
vn -0.5123 -0.3423 0.7876
vn -0.5123 -0.3423 -0.7876
vn -0.8246 -0.5510 -0.1281
vn -0.6644 -0.4439 0.6013
vn -0.3235 -0.2161 -0.9212
vn -0.1106 -0.0739 0.9911
vn -0.7703 -0.5147 -0.3764
vn -0.7703 -0.5147 0.3764
vn -0.7837 -0.1559 0.6013
vn -0.3816 -0.0759 -0.9212
vn -0.1305 -0.0260 0.9911
vn -0.9087 -0.1807 -0.3764
vn -0.9087 -0.1807 0.3764
vn -0.1305 -0.0260 -0.9911
vn -0.3816 -0.0759 0.9212
vn -0.7837 -0.1559 -0.6013
vn -0.9727 -0.1935 0.1281
vn -0.6043 -0.1202 0.7876
vn -0.6043 -0.1202 -0.7876
vn -0.9727 -0.1935 -0.1281
vn -0.6043 0.1202 0.7876
vn -0.6043 0.1202 -0.7876
vn -0.9727 0.1935 -0.1281
vn -0.7837 0.1559 0.6013
vn -0.3816 0.0759 -0.9212
vn -0.1305 0.0260 0.9911
vn -0.9087 0.1807 -0.3764
vn -0.9087 0.1807 0.3764
vn -0.1305 0.0260 -0.9911
vn -0.3816 0.0759 0.9212
vn -0.7837 0.1559 -0.6013
vn -0.9727 0.1935 0.1281
vn -0.7703 0.5147 0.3764
vn -0.1106 0.0739 -0.9911
vn -0.3235 0.2161 0.9212
vn -0.6644 0.4439 -0.6013
vn -0.8246 0.5510 0.1281
vn -0.5123 0.3423 0.7876
vn -0.5123 0.3423 -0.7876
vn -0.8246 0.5510 -0.1281
vn -0.6644 0.4439 0.6013
vn -0.3235 0.2161 -0.9212
vn -0.1106 0.0739 0.9911
vn -0.7703 0.5147 -0.3764
vn -0.4439 0.6644 0.6013
vn -0.2161 0.3235 -0.9212
vn -0.0739 0.1106 0.9911
vn -0.5147 0.7703 -0.3764
vn -0.5147 0.7703 0.3764
vn -0.0739 0.1106 -0.9911
vn -0.2161 0.3235 0.9212
vn -0.4439 0.6644 -0.6013
vn -0.5510 0.8246 0.1281
vn -0.3423 0.5123 0.7876
vn -0.3423 0.5123 -0.7876
vn -0.5510 0.8246 -0.1281
vn -0.1935 0.9727 0.1281
vn -0.1202 0.6043 0.7876
vn -0.1202 0.6043 -0.7876
vn -0.1935 0.9727 -0.1281
vn -0.1559 0.7837 0.6013
vn -0.0759 0.3816 -0.9212
vn -0.0260 0.1305 0.9911
vn -0.1807 0.9087 -0.3764
vn -0.1807 0.9087 0.3764
vn -0.0260 0.1305 -0.9911
vn -0.0759 0.3816 0.9212
vn -0.1559 0.7837 -0.6013
vt 0.750000 0.083333
vt 0.750000 0.166667
vt 0.687500 0.166667
vt 0.687500 0.083333
vt 0.750000 0.916667
vt 0.718750 1.000000
vt 0.687500 0.916667
vt 0.750000 0.333333
vt 0.750000 0.416667
vt 0.687500 0.416667
vt 0.687500 0.333333
vt 0.750000 0.583333
vt 0.750000 0.666667
vt 0.687500 0.666667
vt 0.687500 0.583333
vt 0.718750 0.000000
vt 0.750000 0.833333
vt 0.687500 0.833333
vt 0.750000 0.250000
vt 0.687500 0.250000
vt 0.750000 0.500000
vt 0.687500 0.500000
vt 0.750000 0.750000
vt 0.687500 0.750000
vt 0.625000 0.583333
vt 0.625000 0.500000
vt 0.625000 0.833333
vt 0.625000 0.750000
vt 0.625000 0.250000
vt 0.625000 0.166667
vt 0.625000 0.416667
vt 0.625000 0.666667
vt 0.625000 0.083333
vt 0.656250 1.000000
vt 0.625000 0.916667
vt 0.625000 0.333333
vt 0.656250 0.000000
vt 0.562500 0.416667
vt 0.562500 0.333333
vt 0.562500 0.666667
vt 0.562500 0.583333
vt 0.593750 0.000000
vt 0.562500 0.083333
vt 0.562500 0.916667
vt 0.562500 0.833333
vt 0.562500 0.250000
vt 0.562500 0.500000
vt 0.562500 0.750000
vt 0.562500 0.166667
vt 0.593750 1.000000
vt 0.500000 0.500000
vt 0.500000 0.416667
vt 0.500000 0.750000
vt 0.500000 0.666667
vt 0.500000 0.166667
vt 0.500000 0.083333
vt 0.531250 1.000000
vt 0.500000 0.916667
vt 0.500000 0.333333
vt 0.500000 0.583333
vt 0.531250 0.000000
vt 0.500000 0.833333
vt 0.500000 0.250000
vt 0.437500 0.333333
vt 0.437500 0.250000
vt 0.437500 0.583333
vt 0.437500 0.500000
vt 0.437500 0.833333
vt 0.437500 0.750000
vt 0.437500 0.166667
vt 0.437500 0.416667
vt 0.437500 0.666667
vt 0.437500 0.083333
vt 0.468750 1.000000
vt 0.437500 0.916667
vt 0.468750 0.000000
vt 0.406250 1.000000
vt 0.375000 0.916667
vt 0.375000 0.416667
vt 0.375000 0.333333
vt 0.375000 0.666667
vt 0.375000 0.583333
vt 0.406250 0.000000
vt 0.375000 0.083333
vt 0.375000 0.833333
vt 0.375000 0.250000
vt 0.375000 0.500000
vt 0.375000 0.750000
vt 0.375000 0.166667
vt 0.312500 0.250000
vt 0.312500 0.166667
vt 0.312500 0.500000
vt 0.312500 0.416667
vt 0.312500 0.750000
vt 0.312500 0.666667
vt 0.312500 0.083333
vt 0.343750 1.000000
vt 0.312500 0.916667
vt 0.312500 0.333333
vt 0.312500 0.583333
vt 0.343750 0.000000
vt 0.312500 0.833333
vt 0.250000 0.916667
vt 0.250000 0.833333
vt 0.250000 0.333333
vt 0.250000 0.250000
vt 0.250000 0.583333
vt 0.250000 0.500000
vt 0.250000 0.750000
vt 0.250000 0.166667
vt 0.250000 0.416667
vt 0.250000 0.666667
vt 0.250000 0.083333
vt 0.281250 1.000000
vt 0.281250 0.000000
vt 0.187500 0.166667
vt 0.187500 0.083333
vt 0.218750 1.000000
vt 0.187500 0.916667
vt 0.187500 0.416667
vt 0.187500 0.333333
vt 0.187500 0.666667
vt 0.187500 0.583333
vt 0.218750 0.000000
vt 0.187500 0.833333
vt 0.187500 0.250000
vt 0.187500 0.500000
vt 0.187500 0.750000
vt 0.125000 0.833333
vt 0.125000 0.750000
vt 0.125000 0.250000
vt 0.125000 0.166667
vt 0.125000 0.500000
vt 0.125000 0.416667
vt 0.125000 0.666667
vt 0.125000 0.083333
vt 0.156250 1.000000
vt 0.125000 0.916667
vt 0.125000 0.333333
vt 0.125000 0.583333
vt 0.156250 0.000000
vt 0.093750 0.000000
vt 0.062500 0.083333
vt 0.062500 0.916667
vt 0.062500 0.833333
vt 0.062500 0.333333
vt 0.062500 0.250000
vt 0.062500 0.583333
vt 0.062500 0.500000
vt 0.062500 0.750000
vt 0.062500 0.166667
vt 0.062500 0.416667
vt 0.062500 0.666667
vt 0.093750 1.000000
vt 0.000000 0.750000
vt 0.000000 0.666667
vt 0.000000 0.166667
vt 0.000000 0.083333
vt 0.031250 1.000000
vt 0.000000 0.916667
vt 0.000000 0.416667
vt 0.000000 0.333333
vt 0.000000 0.583333
vt 0.031250 0.000000
vt 0.000000 0.833333
vt 0.000000 0.250000
vt 0.000000 0.500000
vt 1.000000 0.750000
vt 1.000000 0.833333
vt 0.937500 0.833333
vt 0.937500 0.750000
vt 1.000000 0.166667
vt 1.000000 0.250000
vt 0.937500 0.250000
vt 0.937500 0.166667
vt 1.000000 0.416667
vt 1.000000 0.500000
vt 0.937500 0.500000
vt 0.937500 0.416667
vt 1.000000 0.666667
vt 0.937500 0.666667
vt 1.000000 0.083333
vt 0.937500 0.083333
vt 1.000000 0.916667
vt 0.968750 1.000000
vt 0.937500 0.916667
vt 1.000000 0.333333
vt 0.937500 0.333333
vt 1.000000 0.583333
vt 0.937500 0.583333
vt 0.968750 0.000000
vt 0.875000 0.666667
vt 0.875000 0.583333
vt 0.906250 0.000000
vt 0.875000 0.083333
vt 0.875000 0.916667
vt 0.875000 0.833333
vt 0.875000 0.333333
vt 0.875000 0.250000
vt 0.875000 0.500000
vt 0.875000 0.750000
vt 0.875000 0.166667
vt 0.875000 0.416667
vt 0.906250 1.000000
vt 0.812500 0.750000
vt 0.812500 0.666667
vt 0.812500 0.166667
vt 0.812500 0.083333
vt 0.843750 1.000000
vt 0.812500 0.916667
vt 0.812500 0.416667
vt 0.812500 0.333333
vt 0.812500 0.583333
vt 0.843750 0.000000
vt 0.812500 0.833333
vt 0.812500 0.250000
vt 0.812500 0.500000
vt 0.781250 1.000000
vt 0.781250 0.000000
s 0
usemtl Ork_RedEyes
f 203/248/205 202/249/205 214/250/205 215/251/205
f 196/252/206 195/253/206 205/254/206
f 201/255/207 371/256/207 211/257/207 212/258/207
f 199/259/208 198/260/208 208/261/208 209/262/208
f 204/263/209 203/248/209 215/251/209
f 197/264/210 196/252/210 205/254/210 206/265/210
f 372/266/211 201/255/211 212/258/211 213/267/211
f 200/268/212 199/259/212 209/262/212 210/269/212
f 370/270/213 197/264/213 206/265/213 207/271/213
f 202/249/214 372/266/214 213/267/214 214/250/214
f 371/256/215 200/268/215 210/269/215 211/257/215
f 198/260/216 370/270/216 207/271/216 208/261/216
f 210/269/217 209/262/217 220/272/217 221/273/217
f 207/271/218 206/265/218 217/274/218 218/275/218
f 214/250/219 213/267/219 224/276/219 225/277/219
f 211/257/220 210/269/220 221/273/220 222/278/220
f 208/261/221 207/271/221 218/275/221 219/279/221
f 215/251/222 214/250/222 225/277/222 226/280/222
f 205/254/223 195/281/223 216/282/223
f 212/258/224 211/257/224 222/278/224 223/283/224
f 209/262/225 208/261/225 219/279/225 220/272/225
f 204/284/226 215/251/226 226/280/226
f 206/265/227 205/254/227 216/282/227 217/274/227
f 213/267/228 212/258/228 223/283/228 224/276/228
f 223/283/229 222/278/229 233/285/229 234/286/229
f 220/272/230 219/279/230 230/287/230 231/288/230
f 204/289/231 226/280/231 237/290/231
f 217/274/232 216/282/232 227/291/232 228/292/232
f 224/276/233 223/283/233 234/286/233 235/293/233
f 221/273/234 220/272/234 231/288/234 232/294/234
f 218/275/235 217/274/235 228/292/235 229/295/235
f 225/277/236 224/276/236 235/293/236 236/296/236
f 222/278/237 221/273/237 232/294/237 233/285/237
f 219/279/238 218/275/238 229/295/238 230/287/238
f 226/280/239 225/277/239 236/296/239 237/290/239
f 216/282/240 195/297/240 227/291/240
f 233/285/241 232/294/241 243/298/241 244/299/241
f 230/287/242 229/295/242 240/300/242 241/301/242
f 237/290/243 236/296/243 247/302/243 248/303/243
f 227/291/244 195/304/244 238/305/244
f 234/286/245 233/285/245 244/299/245 245/306/245
f 231/288/246 230/287/246 241/301/246 242/307/246
f 204/308/247 237/290/247 248/303/247
f 228/292/248 227/291/248 238/305/248 239/309/248
f 235/293/249 234/286/249 245/306/249 246/310/249
f 232/294/250 231/288/250 242/307/250 243/298/250
f 229/295/251 228/292/251 239/309/251 240/300/251
f 236/296/252 235/293/252 246/310/252 247/302/252
f 246/310/253 245/306/253 256/311/253 257/312/253
f 243/298/254 242/307/254 253/313/254 254/314/254
f 240/300/255 239/309/255 250/315/255 251/316/255
f 247/302/256 246/310/256 257/312/256 258/317/256
f 244/299/257 243/298/257 254/314/257 255/318/257
f 241/301/258 240/300/258 251/316/258 252/319/258
f 248/303/259 247/302/259 258/317/259 259/320/259
f 238/305/260 195/321/260 249/322/260
f 245/306/261 244/299/261 255/318/261 256/311/261
f 242/307/262 241/301/262 252/319/262 253/313/262
f 204/323/263 248/303/263 259/320/263
f 239/309/264 238/305/264 249/322/264 250/315/264
f 249/322/265 195/324/265 260/325/265
f 256/311/266 255/318/266 266/326/266 267/327/266
f 253/313/267 252/319/267 263/328/267 264/329/267
f 204/330/268 259/320/268 270/331/268
f 250/315/269 249/322/269 260/325/269 261/332/269
f 257/312/270 256/311/270 267/327/270 268/333/270
f 254/314/271 253/313/271 264/329/271 265/334/271
f 251/316/272 250/315/272 261/332/272 262/335/272
f 258/317/273 257/312/273 268/333/273 269/336/273
f 255/318/274 254/314/274 265/334/274 266/326/274
f 252/319/275 251/316/275 262/335/275 263/328/275
f 259/320/276 258/317/276 269/336/276 270/331/276
f 269/336/277 268/333/277 279/337/277 280/338/277
f 266/326/278 265/334/278 276/339/278 277/340/278
f 263/328/279 262/335/279 273/341/279 274/342/279
f 270/331/280 269/336/280 280/338/280 281/343/280
f 260/325/281 195/344/281 271/345/281
f 267/327/282 266/326/282 277/340/282 278/346/282
f 264/329/283 263/328/283 274/342/283 275/347/283
f 204/348/284 270/331/284 281/343/284
f 261/332/285 260/325/285 271/345/285 272/349/285
f 268/333/286 267/327/286 278/346/286 279/337/286
f 265/334/287 264/329/287 275/347/287 276/339/287
f 262/335/288 261/332/288 272/349/288 273/341/288
f 272/349/289 271/345/289 282/350/289 283/351/289
f 279/337/290 278/346/290 289/352/290 290/353/290
f 276/339/291 275/347/291 286/354/291 287/355/291
f 273/341/292 272/349/292 283/351/292 284/356/292
f 280/338/293 279/337/293 290/353/293 291/357/293
f 277/340/294 276/339/294 287/355/294 288/358/294
f 274/342/295 273/341/295 284/356/295 285/359/295
f 281/343/296 280/338/296 291/357/296 292/360/296
f 271/345/297 195/361/297 282/350/297
f 278/346/298 277/340/298 288/358/298 289/352/298
f 275/347/299 274/342/299 285/359/299 286/354/299
f 204/362/300 281/343/300 292/360/300
f 292/360/301 291/357/301 302/363/301 303/364/301
f 282/350/302 195/365/302 293/366/302
f 289/352/303 288/358/303 299/367/303 300/368/303
f 286/354/304 285/359/304 296/369/304 297/370/304
f 204/371/305 292/360/305 303/364/305
f 283/351/306 282/350/306 293/366/306 294/372/306
f 290/353/307 289/352/307 300/368/307 301/373/307
f 287/355/308 286/354/308 297/370/308 298/374/308
f 284/356/309 283/351/309 294/372/309 295/375/309
f 291/357/310 290/353/310 301/373/310 302/363/310
f 288/358/311 287/355/311 298/374/311 299/367/311
f 285/359/312 284/356/312 295/375/312 296/369/312
f 295/375/313 294/372/313 305/376/313 306/377/313
f 302/363/314 301/373/314 312/378/314 313/379/314
f 299/367/315 298/374/315 309/380/315 310/381/315
f 296/369/316 295/375/316 306/377/316 307/382/316
f 303/364/317 302/363/317 313/379/317 314/383/317
f 293/366/318 195/384/318 304/385/318
f 300/368/319 299/367/319 310/381/319 311/386/319
f 297/370/320 296/369/320 307/382/320 308/387/320
f 204/388/321 303/364/321 314/383/321
f 294/372/322 293/366/322 304/385/322 305/376/322
f 301/373/323 300/368/323 311/386/323 312/378/323
f 298/374/324 297/370/324 308/387/324 309/380/324
f 204/389/325 314/383/325 325/390/325
f 305/376/326 304/385/326 315/391/326 316/392/326
f 312/378/327 311/386/327 322/393/327 323/394/327
f 309/380/328 308/387/328 319/395/328 320/396/328
f 306/377/329 305/376/329 316/392/329 317/397/329
f 313/379/330 312/378/330 323/394/330 324/398/330
f 310/381/331 309/380/331 320/396/331 321/399/331
f 307/382/332 306/377/332 317/397/332 318/400/332
f 314/383/333 313/379/333 324/398/333 325/390/333
f 304/385/334 195/401/334 315/391/334
f 311/386/335 310/381/335 321/399/335 322/393/335
f 308/387/336 307/382/336 318/400/336 319/395/336
f 318/400/337 317/397/337 328/402/337 329/403/337
f 325/390/338 324/398/338 335/404/338 336/405/338
f 315/391/339 195/406/339 326/407/339
f 322/393/340 321/399/340 332/408/340 333/409/340
f 319/395/341 318/400/341 329/403/341 330/410/341
f 204/411/342 325/390/342 336/405/342
f 316/392/343 315/391/343 326/407/343 327/412/343
f 323/394/344 322/393/344 333/409/344 334/413/344
f 320/396/345 319/395/345 330/410/345 331/414/345
f 317/397/346 316/392/346 327/412/346 328/402/346
f 324/398/347 323/394/347 334/413/347 335/404/347
f 321/399/348 320/396/348 331/414/348 332/408/348
f 328/415/349 327/416/349 338/417/349 339/418/349
f 335/419/350 334/420/350 345/421/350 346/422/350
f 332/423/351 331/424/351 342/425/351 343/426/351
f 329/427/352 328/415/352 339/418/352 340/428/352
f 336/429/353 335/419/353 346/422/353 347/430/353
f 326/431/354 195/432/354 337/433/354
f 333/434/355 332/423/355 343/426/355 344/435/355
f 330/436/356 329/427/356 340/428/356 341/437/356
f 204/438/357 336/429/357 347/430/357
f 327/416/358 326/431/358 337/433/358 338/417/358
f 334/420/359 333/434/359 344/435/359 345/421/359
f 331/424/360 330/436/360 341/437/360 342/425/360
f 341/437/361 340/428/361 351/439/361 352/440/361
f 204/441/362 347/430/362 358/442/362
f 338/417/363 337/433/363 348/443/363 349/444/363
f 345/421/364 344/435/364 355/445/364 356/446/364
f 342/425/365 341/437/365 352/440/365 353/447/365
f 339/418/366 338/417/366 349/444/366 350/448/366
f 346/422/367 345/421/367 356/446/367 357/449/367
f 343/426/368 342/425/368 353/447/368 354/450/368
f 340/428/369 339/418/369 350/448/369 351/439/369
f 347/430/370 346/422/370 357/449/370 358/442/370
f 337/433/371 195/451/371 348/443/371
f 344/435/372 343/426/372 354/450/372 355/445/372
f 351/439/373 350/448/373 361/452/373 362/453/373
f 358/442/374 357/449/374 368/454/374 369/455/374
f 348/443/375 195/456/375 359/457/375
f 355/445/376 354/450/376 365/458/376 366/459/376
f 352/440/377 351/439/377 362/453/377 363/460/377
f 204/461/378 358/442/378 369/455/378
f 349/444/379 348/443/379 359/457/379 360/462/379
f 356/446/380 355/445/380 366/459/380 367/463/380
f 353/447/381 352/440/381 363/460/381 364/464/381
f 350/448/382 349/444/382 360/462/382 361/452/382
f 357/449/383 356/446/383 367/463/383 368/454/383
f 354/450/384 353/447/384 364/464/384 365/458/384
f 364/464/385 363/460/385 199/259/385 200/268/385
f 361/452/386 360/462/386 197/264/386 370/270/386
f 368/454/387 367/463/387 372/266/387 202/249/387
f 365/458/388 364/464/388 200/268/388 371/256/388
f 362/453/389 361/452/389 370/270/389 198/260/389
f 369/455/390 368/454/390 202/249/390 203/248/390
f 359/457/391 195/465/391 196/252/391
f 366/459/392 365/458/392 371/256/392 201/255/392
f 363/460/393 362/453/393 198/260/393 199/259/393
f 204/466/394 369/455/394 203/248/394
f 360/462/395 359/457/395 196/252/395 197/264/395
f 367/463/396 366/459/396 201/255/396 372/266/396
o Iron_Jaw
v -0.220000 0.480000 0.070000
v -0.220000 0.480000 0.330000
v -0.220000 0.680000 0.070000
v -0.220000 0.680000 0.330000
v 0.220000 0.480000 0.070000
v 0.220000 0.480000 0.330000
v 0.220000 0.680000 0.070000
v 0.220000 0.680000 0.330000
vn -1.0000 -0.0000 -0.0000
vn -0.0000 1.0000 -0.0000
vn 1.0000 -0.0000 -0.0000
vn -0.0000 -1.0000 -0.0000
vn -0.0000 -0.0000 -1.0000
vn -0.0000 -0.0000 1.0000
vt 0.375000 0.000000
vt 0.625000 0.000000
vt 0.625000 0.250000
vt 0.375000 0.250000
vt 0.625000 0.500000
vt 0.375000 0.500000
vt 0.625000 0.750000
vt 0.375000 0.750000
vt 0.625000 1.000000
vt 0.375000 1.000000
vt 0.125000 0.500000
vt 0.125000 0.750000
vt 0.875000 0.500000
vt 0.875000 0.750000
s 0
usemtl Ork_RustyIron
f 373/467/397 374/468/397 376/469/397 375/470/397
f 375/470/398 376/469/398 380/471/398 379/472/398
f 379/472/399 380/471/399 378/473/399 377/474/399
f 377/474/400 378/473/400 374/475/400 373/476/400
f 375/477/401 379/472/401 377/474/401 373/478/401
f 380/471/402 376/479/402 374/480/402 378/473/402
o Tusk_L
v -0.140000 0.670000 0.350000
v -0.120866 0.673806 0.350000
v -0.104645 0.684645 0.350000
v -0.093806 0.700866 0.350000
v -0.090000 0.720000 0.350000
v -0.093806 0.739134 0.350000
v -0.104645 0.755355 0.350000
v -0.120866 0.766194 0.350000
v -0.140000 0.770000 0.350000
v -0.159134 0.766194 0.350000
v -0.175355 0.755355 0.350000
v -0.186194 0.739134 0.350000
v -0.190000 0.720000 0.350000
v -0.186194 0.700866 0.350000
v -0.175355 0.684645 0.350000
v -0.159134 0.673806 0.350000
v -0.140000 0.720000 0.170000
vn 0.1882 -0.9463 -0.2629
vn 0.5360 -0.8022 -0.2629
vn 0.8022 -0.5360 -0.2629
vn 0.9463 -0.1882 -0.2629
vn 0.9463 0.1882 -0.2629
vn 0.8022 0.5360 -0.2629
vn 0.5360 0.8022 -0.2629
vn 0.1882 0.9463 -0.2629
vn -0.1882 0.9463 -0.2629
vn -0.5360 0.8022 -0.2629
vn -0.8022 0.5360 -0.2629
vn -0.9463 0.1882 -0.2629
vn -0.9463 -0.1882 -0.2629
vn -0.8022 -0.5360 -0.2629
vn -0.0000 -0.0000 1.0000
vn -0.5360 -0.8022 -0.2629
vn -0.1882 -0.9463 -0.2629
vt 0.250000 0.490000
vt 0.250000 0.250000
vt 0.341844 0.471731
vt 0.419706 0.419706
vt 0.471731 0.341844
vt 0.490000 0.250000
vt 0.471731 0.158156
vt 0.419706 0.080294
vt 0.341844 0.028269
vt 0.250000 0.010000
vt 0.158156 0.028269
vt 0.080294 0.080294
vt 0.028269 0.158156
vt 0.010000 0.250000
vt 0.028269 0.341844
vt 0.080294 0.419706
vt 0.750000 0.490000
vt 0.841844 0.471731
vt 0.919706 0.419706
vt 0.971731 0.341844
vt 0.990000 0.250000
vt 0.971731 0.158156
vt 0.919706 0.080294
vt 0.841844 0.028269
vt 0.750000 0.010000
vt 0.658156 0.028269
vt 0.580294 0.080294
vt 0.528269 0.158156
vt 0.510000 0.250000
vt 0.528269 0.341844
vt 0.580294 0.419706
vt 0.658156 0.471731
vt 0.158156 0.471731
s 0
usemtl Ork_Teeth
f 381/481/403 397/482/403 382/483/403
f 382/483/404 397/482/404 383/484/404
f 383/484/405 397/482/405 384/485/405
f 384/485/406 397/482/406 385/486/406
f 385/486/407 397/482/407 386/487/407
f 386/487/408 397/482/408 387/488/408
f 387/488/409 397/482/409 388/489/409
f 388/489/410 397/482/410 389/490/410
f 389/490/411 397/482/411 390/491/411
f 390/491/412 397/482/412 391/492/412
f 391/492/413 397/482/413 392/493/413
f 392/493/414 397/482/414 393/494/414
f 393/494/415 397/482/415 394/495/415
f 394/495/416 397/482/416 395/496/416
f 381/497/417 382/498/417 383/499/417 384/500/417 385/501/417 386/502/417 387/503/417 388/504/417 389/505/417 390/506/417 391/507/417 392/508/417 393/509/417 394/510/417 395/511/417 396/512/417
f 395/496/418 397/482/418 396/513/418
f 396/513/419 397/482/419 381/481/419
o Tusk_R
v 0.140000 0.670000 0.350000
v 0.159134 0.673806 0.350000
v 0.175355 0.684645 0.350000
v 0.186194 0.700866 0.350000
v 0.190000 0.720000 0.350000
v 0.186194 0.739134 0.350000
v 0.175355 0.755355 0.350000
v 0.159134 0.766194 0.350000
v 0.140000 0.770000 0.350000
v 0.120866 0.766194 0.350000
v 0.104645 0.755355 0.350000
v 0.093806 0.739134 0.350000
v 0.090000 0.720000 0.350000
v 0.093806 0.700866 0.350000
v 0.104645 0.684645 0.350000
v 0.120866 0.673806 0.350000
v 0.140000 0.720000 0.170000
vn 0.1882 -0.9463 -0.2629
vn 0.5360 -0.8022 -0.2629
vn 0.8022 -0.5360 -0.2629
vn 0.9463 -0.1882 -0.2629
vn 0.9463 0.1882 -0.2629
vn 0.8022 0.5360 -0.2629
vn 0.5360 0.8022 -0.2629
vn 0.1882 0.9463 -0.2629
vn -0.1882 0.9463 -0.2629
vn -0.5360 0.8022 -0.2629
vn -0.8022 0.5360 -0.2629
vn -0.9463 0.1882 -0.2629
vn -0.9463 -0.1882 -0.2629
vn -0.8022 -0.5360 -0.2629
vn -0.0000 -0.0000 1.0000
vn -0.5360 -0.8022 -0.2629
vn -0.1882 -0.9463 -0.2629
vt 0.250000 0.490000
vt 0.250000 0.250000
vt 0.341844 0.471731
vt 0.419706 0.419706
vt 0.471731 0.341844
vt 0.490000 0.250000
vt 0.471731 0.158156
vt 0.419706 0.080294
vt 0.341844 0.028269
vt 0.250000 0.010000
vt 0.158156 0.028269
vt 0.080294 0.080294
vt 0.028269 0.158156
vt 0.010000 0.250000
vt 0.028269 0.341844
vt 0.080294 0.419706
vt 0.750000 0.490000
vt 0.841844 0.471731
vt 0.919706 0.419706
vt 0.971731 0.341844
vt 0.990000 0.250000
vt 0.971731 0.158156
vt 0.919706 0.080294
vt 0.841844 0.028269
vt 0.750000 0.010000
vt 0.658156 0.028269
vt 0.580294 0.080294
vt 0.528269 0.158156
vt 0.510000 0.250000
vt 0.528269 0.341844
vt 0.580294 0.419706
vt 0.658156 0.471731
vt 0.158156 0.471731
s 0
usemtl Ork_Teeth
f 398/514/420 414/515/420 399/516/420
f 399/516/421 414/515/421 400/517/421
f 400/517/422 414/515/422 401/518/422
f 401/518/423 414/515/423 402/519/423
f 402/519/424 414/515/424 403/520/424
f 403/520/425 414/515/425 404/521/425
f 404/521/426 414/515/426 405/522/426
f 405/522/427 414/515/427 406/523/427
f 406/523/428 414/515/428 407/524/428
f 407/524/429 414/515/429 408/525/429
f 408/525/430 414/515/430 409/526/430
f 409/526/431 414/515/431 410/527/431
f 410/527/432 414/515/432 411/528/432
f 411/528/433 414/515/433 412/529/433
f 398/530/434 399/531/434 400/532/434 401/533/434 402/534/434 403/535/434 404/536/434 405/537/434 406/538/434 407/539/434 408/540/434 409/541/434 410/542/434 411/543/434 412/544/434 413/545/434
f 412/529/435 414/515/435 413/546/435
f 413/546/436 414/515/436 398/514/436
o Torso_Massive
v -0.360000 0.030000 -0.240000
v -0.360000 0.030000 0.240000
v -0.360000 0.610000 -0.240000
v -0.360000 0.610000 0.240000
v 0.360000 0.030000 -0.240000
v 0.360000 0.030000 0.240000
v 0.360000 0.610000 -0.240000
v 0.360000 0.610000 0.240000
vn -1.0000 -0.0000 -0.0000
vn -0.0000 1.0000 -0.0000
vn 1.0000 -0.0000 -0.0000
vn -0.0000 -1.0000 -0.0000
vn -0.0000 -0.0000 -1.0000
vn -0.0000 -0.0000 1.0000
vt 0.375000 0.000000
vt 0.625000 0.000000
vt 0.625000 0.250000
vt 0.375000 0.250000
vt 0.625000 0.500000
vt 0.375000 0.500000
vt 0.625000 0.750000
vt 0.375000 0.750000
vt 0.625000 1.000000
vt 0.375000 1.000000
vt 0.125000 0.500000
vt 0.125000 0.750000
vt 0.875000 0.500000
vt 0.875000 0.750000
s 0
usemtl Ork_GreenSkin
f 415/547/437 416/548/437 418/549/437 417/550/437
f 417/550/438 418/549/438 422/551/438 421/552/438
f 421/552/439 422/551/439 420/553/439 419/554/439
f 419/554/440 420/553/440 416/555/440 415/556/440
f 417/557/441 421/552/441 419/554/441 415/558/441
f 422/551/442 418/559/442 416/560/442 420/553/442
o Scrap_Armor_Chest
v -0.280000 0.160000 -0.230000
v -0.280000 0.160000 0.270000
v -0.280000 0.520000 -0.230000
v -0.280000 0.520000 0.270000
v 0.280000 0.160000 -0.230000
v 0.280000 0.160000 0.270000
v 0.280000 0.520000 -0.230000
v 0.280000 0.520000 0.270000
vn -1.0000 -0.0000 -0.0000
vn -0.0000 1.0000 -0.0000
vn 1.0000 -0.0000 -0.0000
vn -0.0000 -1.0000 -0.0000
vn -0.0000 -0.0000 -1.0000
vn -0.0000 -0.0000 1.0000
vt 0.375000 0.000000
vt 0.625000 0.000000
vt 0.625000 0.250000
vt 0.375000 0.250000
vt 0.625000 0.500000
vt 0.375000 0.500000
vt 0.625000 0.750000
vt 0.375000 0.750000
vt 0.625000 1.000000
vt 0.375000 1.000000
vt 0.125000 0.500000
vt 0.125000 0.750000
vt 0.875000 0.500000
vt 0.875000 0.750000
s 0
usemtl Ork_RustyIron
f 423/561/443 424/562/443 426/563/443 425/564/443
f 425/564/444 426/563/444 430/565/444 429/566/444
f 429/566/445 430/565/445 428/567/445 427/568/445
f 427/568/446 428/567/446 424/569/446 423/570/446
f 425/571/447 429/566/447 427/568/447 423/572/447
f 430/565/448 426/573/448 424/574/448 428/567/448
o Pauldron_L
v -0.480000 0.480000 0.280000
v -0.480000 0.552469 0.270459
v -0.480000 0.620000 0.242487
v -0.480000 0.722487 0.140000
v -0.480000 0.750459 0.072469
v -0.480000 0.760000 0.000000
v -0.480000 0.722487 -0.140000
v -0.480000 0.620000 -0.242487
v -0.480000 0.552469 -0.270459
v -0.480000 0.480000 -0.280000
v -0.452267 0.546953 0.270459
v -0.426424 0.609343 0.242487
v -0.404233 0.662919 0.197990
v -0.387204 0.704029 0.140000
v -0.376500 0.729872 0.072469
v -0.372849 0.738686 0.000000
v -0.376500 0.729872 -0.072469
v -0.387204 0.704029 -0.140000
v -0.404233 0.662919 -0.197990
v -0.426424 0.609343 -0.242487
v -0.452267 0.546953 -0.270459
v -0.428756 0.531244 0.270459
v -0.381005 0.578995 0.242487
v -0.340000 0.620000 0.197990
v -0.308536 0.651464 0.140000
v -0.288756 0.671244 0.072469
v -0.282010 0.677990 0.000000
v -0.288756 0.671244 -0.072469
v -0.308536 0.651464 -0.140000
v -0.340000 0.620000 -0.197990
v -0.381005 0.578995 -0.242487
v -0.428756 0.531244 -0.270459
v -0.413047 0.507733 0.270459
v -0.350657 0.533576 0.242487
v -0.297081 0.555767 0.197990
v -0.255971 0.572796 0.140000
v -0.230128 0.583500 0.072469
v -0.221314 0.587151 0.000000
v -0.230128 0.583500 -0.072469
v -0.255971 0.572796 -0.140000
v -0.297081 0.555767 -0.197990
v -0.350657 0.533576 -0.242487
v -0.413047 0.507733 -0.270459
v -0.407531 0.480000 0.270459
v -0.340000 0.480000 0.242487
v -0.282010 0.480000 0.197990
v -0.237513 0.480000 0.140000
v -0.209541 0.480000 0.072469
v -0.200000 0.480000 0.000000
v -0.209541 0.480000 -0.072469
v -0.237513 0.480000 -0.140000
v -0.282010 0.480000 -0.197990
v -0.340000 0.480000 -0.242487
v -0.407531 0.480000 -0.270459
v -0.413047 0.452267 0.270459
v -0.350657 0.426424 0.242487
v -0.297081 0.404233 0.197990
v -0.255971 0.387204 0.140000
v -0.230128 0.376500 0.072469
v -0.221314 0.372849 0.000000
v -0.230128 0.376500 -0.072469
v -0.255971 0.387204 -0.140000
v -0.297081 0.404233 -0.197990
v -0.350657 0.426424 -0.242487
v -0.413047 0.452267 -0.270459
v -0.428756 0.428756 0.270459
v -0.381005 0.381005 0.242487
v -0.340000 0.340000 0.197990
v -0.308536 0.308536 0.140000
v -0.288757 0.288756 0.072469
v -0.282010 0.282010 0.000000
v -0.288757 0.288756 -0.072469
v -0.308536 0.308536 -0.140000
v -0.340000 0.340000 -0.197990
v -0.381005 0.381005 -0.242487
v -0.428756 0.428756 -0.270459
v -0.452267 0.413047 0.270459
v -0.426424 0.350657 0.242487
v -0.404233 0.297081 0.197990
v -0.387204 0.255971 0.140000
v -0.376500 0.230128 0.072469
v -0.372849 0.221314 0.000000
v -0.376500 0.230128 -0.072469
v -0.387204 0.255971 -0.140000
v -0.404233 0.297081 -0.197990
v -0.426424 0.350657 -0.242487
v -0.452267 0.413047 -0.270459
v -0.480000 0.407531 0.270459
v -0.480000 0.340000 0.242487
v -0.480000 0.282010 0.197990
v -0.480000 0.237513 0.140000
v -0.480000 0.209541 0.072469
v -0.480000 0.200000 0.000000
v -0.480000 0.209541 -0.072469
v -0.480000 0.237513 -0.140000
v -0.480000 0.282010 -0.197990
v -0.480000 0.340000 -0.242487
v -0.480000 0.407531 -0.270459
v -0.507733 0.413047 0.270459
v -0.533576 0.350657 0.242487
v -0.555767 0.297081 0.197990
v -0.572796 0.255971 0.140000
v -0.583500 0.230128 0.072469
v -0.587151 0.221314 0.000000
v -0.583500 0.230128 -0.072469
v -0.572796 0.255971 -0.140000
v -0.555767 0.297081 -0.197990
v -0.533576 0.350657 -0.242487
v -0.507733 0.413047 -0.270459
v -0.531244 0.428756 0.270459
v -0.578995 0.381005 0.242487
v -0.620000 0.340000 0.197990
v -0.651464 0.308536 0.140000
v -0.671244 0.288757 0.072469
v -0.677990 0.282010 0.000000
v -0.671244 0.288757 -0.072469
v -0.651464 0.308536 -0.140000
v -0.620000 0.340000 -0.197990
v -0.578995 0.381005 -0.242487
v -0.531244 0.428756 -0.270459
v -0.546953 0.452267 0.270459
v -0.609343 0.426424 0.242487
v -0.662919 0.404233 0.197990
v -0.704029 0.387204 0.140000
v -0.729872 0.376500 0.072469
v -0.738686 0.372849 0.000000
v -0.729872 0.376500 -0.072469
v -0.704029 0.387204 -0.140000
v -0.662919 0.404233 -0.197990
v -0.609343 0.426424 -0.242487
v -0.546953 0.452267 -0.270459
v -0.552469 0.480000 0.270459
v -0.620000 0.480000 0.242487
v -0.677990 0.480000 0.197990
v -0.722487 0.480000 0.140000
v -0.750459 0.480000 0.072469
v -0.760000 0.480000 0.000000
v -0.750459 0.480000 -0.072469
v -0.722487 0.480000 -0.140000
v -0.677990 0.480000 -0.197990
v -0.620000 0.480000 -0.242487
v -0.552469 0.480000 -0.270459
v -0.546953 0.507733 0.270459
v -0.609343 0.533576 0.242487
v -0.662919 0.555768 0.197990
v -0.704029 0.572796 0.140000
v -0.729872 0.583500 0.072469
v -0.738686 0.587151 0.000000
v -0.729872 0.583500 -0.072469
v -0.704029 0.572796 -0.140000
v -0.662919 0.555768 -0.197990
v -0.609343 0.533576 -0.242487
v -0.546953 0.507733 -0.270459
v -0.531244 0.531244 0.270459
v -0.578995 0.578995 0.242487
v -0.620000 0.620000 0.197990
v -0.651464 0.651464 0.140000
v -0.671243 0.671244 0.072469
v -0.677990 0.677990 0.000000
v -0.671243 0.671244 -0.072469
v -0.651464 0.651464 -0.140000
v -0.620000 0.620000 -0.197990
v -0.578995 0.578995 -0.242487
v -0.531244 0.531244 -0.270459
v -0.507733 0.546953 0.270459
v -0.533576 0.609343 0.242487
v -0.555767 0.662919 0.197990
v -0.572796 0.704029 0.140000
v -0.583500 0.729872 0.072469
v -0.587151 0.738686 0.000000
v -0.583500 0.729872 -0.072469
v -0.572796 0.704029 -0.140000
v -0.555767 0.662919 -0.197990
v -0.533576 0.609343 -0.242487
v -0.507733 0.546953 -0.270459
v -0.480000 0.677990 0.197990
v -0.480000 0.750459 -0.072469
v -0.480000 0.677990 -0.197990
vn 0.0759 0.3816 -0.9212
vn 0.0260 0.1305 0.9911
vn 0.1807 0.9087 -0.3764
vn 0.1807 0.9087 0.3764
vn 0.0260 0.1305 -0.9911
vn 0.0759 0.3816 0.9212
vn 0.1559 0.7837 -0.6013
vn 0.1935 0.9727 0.1281
vn 0.1202 0.6043 0.7876
vn 0.1202 0.6043 -0.7876
vn 0.1935 0.9727 -0.1281
vn 0.1559 0.7837 0.6013
vn 0.5510 0.8246 0.1281
vn 0.3423 0.5123 0.7876
vn 0.3423 0.5123 -0.7876
vn 0.5510 0.8246 -0.1281
vn 0.4439 0.6644 0.6013
vn 0.2161 0.3235 -0.9212
vn 0.0739 0.1106 0.9911
vn 0.5147 0.7703 -0.3764
vn 0.5147 0.7703 0.3764
vn 0.0739 0.1106 -0.9911
vn 0.2161 0.3235 0.9212
vn 0.4439 0.6644 -0.6013
vn 0.7703 0.5147 -0.3764
vn 0.7703 0.5147 0.3764
vn 0.1106 0.0739 -0.9911
vn 0.3235 0.2161 0.9212
vn 0.6644 0.4439 -0.6013
vn 0.8246 0.5510 0.1281
vn 0.5123 0.3423 0.7876
vn 0.5123 0.3423 -0.7876
vn 0.8246 0.5510 -0.1281
vn 0.6644 0.4439 0.6013
vn 0.3235 0.2161 -0.9212
vn 0.1106 0.0739 0.9911
vn 0.9727 0.1935 -0.1281
vn 0.7837 0.1559 0.6013
vn 0.3816 0.0759 -0.9212
vn 0.1305 0.0260 0.9911
vn 0.9087 0.1807 -0.3764
vn 0.9087 0.1807 0.3764
vn 0.1305 0.0260 -0.9911
vn 0.3816 0.0759 0.9212
vn 0.7837 0.1559 -0.6013
vn 0.9727 0.1935 0.1281
vn 0.6043 0.1202 0.7876
vn 0.6043 0.1202 -0.7876
vn 0.7837 -0.1559 -0.6013
vn 0.9727 -0.1935 0.1281
vn 0.6043 -0.1202 0.7876
vn 0.6043 -0.1202 -0.7876
vn 0.9727 -0.1935 -0.1281
vn 0.7837 -0.1559 0.6013
vn 0.3816 -0.0759 -0.9212
vn 0.1305 -0.0260 0.9911
vn 0.9087 -0.1807 -0.3764
vn 0.9087 -0.1807 0.3764
vn 0.1305 -0.0260 -0.9911
vn 0.3816 -0.0759 0.9212
vn 0.1106 -0.0739 0.9911
vn 0.7703 -0.5147 -0.3764
vn 0.7703 -0.5147 0.3764
vn 0.1106 -0.0739 -0.9911
vn 0.3235 -0.2161 0.9212
vn 0.6644 -0.4439 -0.6013
vn 0.8246 -0.5510 0.1281
vn 0.5123 -0.3423 0.7876
vn 0.5123 -0.3423 -0.7876
vn 0.8246 -0.5510 -0.1281
vn 0.6644 -0.4439 0.6013
vn 0.3235 -0.2161 -0.9212
vn 0.3423 -0.5123 -0.7876
vn 0.5510 -0.8246 -0.1281
vn 0.4439 -0.6644 0.6013
vn 0.2161 -0.3235 -0.9212
vn 0.0739 -0.1106 0.9911
vn 0.5147 -0.7703 -0.3764
vn 0.5147 -0.7703 0.3764
vn 0.0739 -0.1106 -0.9911
vn 0.2161 -0.3235 0.9212
vn 0.4439 -0.6644 -0.6013
vn 0.5510 -0.8246 0.1281
vn 0.3423 -0.5123 0.7876
vn 0.0759 -0.3816 0.9212
vn 0.1559 -0.7837 -0.6013
vn 0.1935 -0.9727 0.1281
vn 0.1202 -0.6043 0.7876
vn 0.1202 -0.6043 -0.7876
vn 0.1935 -0.9727 -0.1281
vn 0.1559 -0.7837 0.6013
vn 0.0759 -0.3816 -0.9212
vn 0.0260 -0.1305 0.9911
vn 0.1807 -0.9087 -0.3764
vn 0.1807 -0.9087 0.3764
vn 0.0260 -0.1305 -0.9911
vn -0.0759 -0.3816 -0.9212
vn -0.0260 -0.1305 0.9911
vn -0.1807 -0.9087 -0.3764
vn -0.1807 -0.9087 0.3764
vn -0.0260 -0.1305 -0.9911
vn -0.0759 -0.3816 0.9212
vn -0.1559 -0.7837 -0.6013
vn -0.1935 -0.9727 0.1281
vn -0.1202 -0.6043 0.7876
vn -0.1202 -0.6043 -0.7876
vn -0.1935 -0.9727 -0.1281
vn -0.1559 -0.7837 0.6013
vn -0.3423 -0.5123 0.7876
vn -0.3423 -0.5123 -0.7876
vn -0.5510 -0.8246 -0.1281
vn -0.4439 -0.6644 0.6013
vn -0.2161 -0.3235 -0.9212
vn -0.0739 -0.1106 0.9911
vn -0.5147 -0.7703 -0.3764
vn -0.5147 -0.7703 0.3764
vn -0.0739 -0.1106 -0.9911
vn -0.2161 -0.3235 0.9212
vn -0.4439 -0.6644 -0.6013
vn -0.5510 -0.8246 0.1281
vn -0.1106 -0.0739 -0.9911
vn -0.3235 -0.2161 0.9212
vn -0.6644 -0.4439 -0.6013
vn -0.8246 -0.5510 0.1281
vn -0.5123 -0.3423 0.7876
vn -0.5123 -0.3423 -0.7876
vn -0.8246 -0.5510 -0.1281
vn -0.6644 -0.4439 0.6013
vn -0.3235 -0.2161 -0.9212
vn -0.1106 -0.0739 0.9911
vn -0.7703 -0.5147 -0.3764
vn -0.7703 -0.5147 0.3764
vn -0.7837 -0.1559 0.6013
vn -0.3816 -0.0759 -0.9212
vn -0.1305 -0.0260 0.9911
vn -0.9087 -0.1807 -0.3764
vn -0.9087 -0.1807 0.3764
vn -0.1305 -0.0260 -0.9911
vn -0.3816 -0.0759 0.9212
vn -0.7837 -0.1559 -0.6013
vn -0.9727 -0.1935 0.1281
vn -0.6043 -0.1202 0.7876
vn -0.6043 -0.1202 -0.7876
vn -0.9727 -0.1935 -0.1281
vn -0.6043 0.1202 0.7876
vn -0.6043 0.1202 -0.7876
vn -0.9727 0.1935 -0.1281
vn -0.7837 0.1559 0.6013
vn -0.3816 0.0759 -0.9212
vn -0.1305 0.0260 0.9911
vn -0.9087 0.1807 -0.3764
vn -0.9087 0.1807 0.3764
vn -0.1305 0.0260 -0.9911
vn -0.3816 0.0759 0.9212
vn -0.7837 0.1559 -0.6013
vn -0.9727 0.1935 0.1281
vn -0.7703 0.5147 0.3764
vn -0.1106 0.0739 -0.9911
vn -0.3235 0.2161 0.9212
vn -0.6644 0.4439 -0.6013
vn -0.8246 0.5510 0.1281
vn -0.5123 0.3423 0.7876
vn -0.5123 0.3423 -0.7876
vn -0.8246 0.5510 -0.1281
vn -0.6644 0.4439 0.6013
vn -0.3235 0.2161 -0.9212
vn -0.1106 0.0739 0.9911
vn -0.7703 0.5147 -0.3764
vn -0.4439 0.6644 0.6013
vn -0.2161 0.3235 -0.9212
vn -0.0739 0.1106 0.9911
vn -0.5147 0.7703 -0.3764
vn -0.5147 0.7703 0.3764
vn -0.0739 0.1106 -0.9911
vn -0.2161 0.3235 0.9212
vn -0.4439 0.6644 -0.6013
vn -0.5510 0.8246 0.1281
vn -0.3423 0.5123 0.7876
vn -0.3423 0.5123 -0.7876
vn -0.5510 0.8246 -0.1281
vn -0.1935 0.9727 0.1281
vn -0.1202 0.6043 0.7876
vn -0.1202 0.6043 -0.7876
vn -0.1935 0.9727 -0.1281
vn -0.1559 0.7837 0.6013
vn -0.0759 0.3816 -0.9212
vn -0.0260 0.1305 0.9911
vn -0.1807 0.9087 -0.3764
vn -0.1807 0.9087 0.3764
vn -0.0260 0.1305 -0.9911
vn -0.0759 0.3816 0.9212
vn -0.1559 0.7837 -0.6013
vt 0.750000 0.083333
vt 0.750000 0.166667
vt 0.687500 0.166667
vt 0.687500 0.083333
vt 0.750000 0.916667
vt 0.718750 1.000000
vt 0.687500 0.916667
vt 0.750000 0.333333
vt 0.750000 0.416667
vt 0.687500 0.416667
vt 0.687500 0.333333
vt 0.750000 0.583333
vt 0.750000 0.666667
vt 0.687500 0.666667
vt 0.687500 0.583333
vt 0.718750 0.000000
vt 0.750000 0.833333
vt 0.687500 0.833333
vt 0.750000 0.250000
vt 0.687500 0.250000
vt 0.750000 0.500000
vt 0.687500 0.500000
vt 0.750000 0.750000
vt 0.687500 0.750000
vt 0.625000 0.583333
vt 0.625000 0.500000
vt 0.625000 0.833333
vt 0.625000 0.750000
vt 0.625000 0.250000
vt 0.625000 0.166667
vt 0.625000 0.416667
vt 0.625000 0.666667
vt 0.625000 0.083333
vt 0.656250 1.000000
vt 0.625000 0.916667
vt 0.625000 0.333333
vt 0.656250 0.000000
vt 0.562500 0.416667
vt 0.562500 0.333333
vt 0.562500 0.666667
vt 0.562500 0.583333
vt 0.593750 0.000000
vt 0.562500 0.083333
vt 0.562500 0.916667
vt 0.562500 0.833333
vt 0.562500 0.250000
vt 0.562500 0.500000
vt 0.562500 0.750000
vt 0.562500 0.166667
vt 0.593750 1.000000
vt 0.500000 0.500000
vt 0.500000 0.416667
vt 0.500000 0.750000
vt 0.500000 0.666667
vt 0.500000 0.166667
vt 0.500000 0.083333
vt 0.531250 1.000000
vt 0.500000 0.916667
vt 0.500000 0.333333
vt 0.500000 0.583333
vt 0.531250 0.000000
vt 0.500000 0.833333
vt 0.500000 0.250000
vt 0.437500 0.333333
vt 0.437500 0.250000
vt 0.437500 0.583333
vt 0.437500 0.500000
vt 0.437500 0.833333
vt 0.437500 0.750000
vt 0.437500 0.166667
vt 0.437500 0.416667
vt 0.437500 0.666667
vt 0.437500 0.083333
vt 0.468750 1.000000
vt 0.437500 0.916667
vt 0.468750 0.000000
vt 0.406250 1.000000
vt 0.375000 0.916667
vt 0.375000 0.416667
vt 0.375000 0.333333
vt 0.375000 0.666667
vt 0.375000 0.583333
vt 0.406250 0.000000
vt 0.375000 0.083333
vt 0.375000 0.833333
vt 0.375000 0.250000
vt 0.375000 0.500000
vt 0.375000 0.750000
vt 0.375000 0.166667
vt 0.312500 0.250000
vt 0.312500 0.166667
vt 0.312500 0.500000
vt 0.312500 0.416667
vt 0.312500 0.750000
vt 0.312500 0.666667
vt 0.312500 0.083333
vt 0.343750 1.000000
vt 0.312500 0.916667
vt 0.312500 0.333333
vt 0.312500 0.583333
vt 0.343750 0.000000
vt 0.312500 0.833333
vt 0.250000 0.916667
vt 0.250000 0.833333
vt 0.250000 0.333333
vt 0.250000 0.250000
vt 0.250000 0.583333
vt 0.250000 0.500000
vt 0.250000 0.750000
vt 0.250000 0.166667
vt 0.250000 0.416667
vt 0.250000 0.666667
vt 0.250000 0.083333
vt 0.281250 1.000000
vt 0.281250 0.000000
vt 0.187500 0.166667
vt 0.187500 0.083333
vt 0.218750 1.000000
vt 0.187500 0.916667
vt 0.187500 0.416667
vt 0.187500 0.333333
vt 0.187500 0.666667
vt 0.187500 0.583333
vt 0.218750 0.000000
vt 0.187500 0.833333
vt 0.187500 0.250000
vt 0.187500 0.500000
vt 0.187500 0.750000
vt 0.125000 0.833333
vt 0.125000 0.750000
vt 0.125000 0.250000
vt 0.125000 0.166667
vt 0.125000 0.500000
vt 0.125000 0.416667
vt 0.125000 0.666667
vt 0.125000 0.083333
vt 0.156250 1.000000
vt 0.125000 0.916667
vt 0.125000 0.333333
vt 0.125000 0.583333
vt 0.156250 0.000000
vt 0.093750 0.000000
vt 0.062500 0.083333
vt 0.062500 0.916667
vt 0.062500 0.833333
vt 0.062500 0.333333
vt 0.062500 0.250000
vt 0.062500 0.583333
vt 0.062500 0.500000
vt 0.062500 0.750000
vt 0.062500 0.166667
vt 0.062500 0.416667
vt 0.062500 0.666667
vt 0.093750 1.000000
vt 0.000000 0.750000
vt 0.000000 0.666667
vt 0.000000 0.166667
vt 0.000000 0.083333
vt 0.031250 1.000000
vt 0.000000 0.916667
vt 0.000000 0.416667
vt 0.000000 0.333333
vt 0.000000 0.583333
vt 0.031250 0.000000
vt 0.000000 0.833333
vt 0.000000 0.250000
vt 0.000000 0.500000
vt 1.000000 0.750000
vt 1.000000 0.833333
vt 0.937500 0.833333
vt 0.937500 0.750000
vt 1.000000 0.166667
vt 1.000000 0.250000
vt 0.937500 0.250000
vt 0.937500 0.166667
vt 1.000000 0.416667
vt 1.000000 0.500000
vt 0.937500 0.500000
vt 0.937500 0.416667
vt 1.000000 0.666667
vt 0.937500 0.666667
vt 1.000000 0.083333
vt 0.937500 0.083333
vt 1.000000 0.916667
vt 0.968750 1.000000
vt 0.937500 0.916667
vt 1.000000 0.333333
vt 0.937500 0.333333
vt 1.000000 0.583333
vt 0.937500 0.583333
vt 0.968750 0.000000
vt 0.875000 0.666667
vt 0.875000 0.583333
vt 0.906250 0.000000
vt 0.875000 0.083333
vt 0.875000 0.916667
vt 0.875000 0.833333
vt 0.875000 0.333333
vt 0.875000 0.250000
vt 0.875000 0.500000
vt 0.875000 0.750000
vt 0.875000 0.166667
vt 0.875000 0.416667
vt 0.906250 1.000000
vt 0.812500 0.750000
vt 0.812500 0.666667
vt 0.812500 0.166667
vt 0.812500 0.083333
vt 0.843750 1.000000
vt 0.812500 0.916667
vt 0.812500 0.416667
vt 0.812500 0.333333
vt 0.812500 0.583333
vt 0.843750 0.000000
vt 0.812500 0.833333
vt 0.812500 0.250000
vt 0.812500 0.500000
vt 0.781250 1.000000
vt 0.781250 0.000000
s 0
usemtl Ork_RustyIron
f 439/575/449 438/576/449 450/577/449 451/578/449
f 432/579/450 431/580/450 441/581/450
f 437/582/451 607/583/451 447/584/451 448/585/451
f 435/586/452 434/587/452 444/588/452 445/589/452
f 440/590/453 439/575/453 451/578/453
f 433/591/454 432/579/454 441/581/454 442/592/454
f 608/593/455 437/582/455 448/585/455 449/594/455
f 436/595/456 435/586/456 445/589/456 446/596/456
f 606/597/457 433/591/457 442/592/457 443/598/457
f 438/576/458 608/593/458 449/594/458 450/577/458
f 607/583/459 436/595/459 446/596/459 447/584/459
f 434/587/460 606/597/460 443/598/460 444/588/460
f 446/596/461 445/589/461 456/599/461 457/600/461
f 443/598/462 442/592/462 453/601/462 454/602/462
f 450/577/463 449/594/463 460/603/463 461/604/463
f 447/584/464 446/596/464 457/600/464 458/605/464
f 444/588/465 443/598/465 454/602/465 455/606/465
f 451/578/466 450/577/466 461/604/466 462/607/466
f 441/581/467 431/608/467 452/609/467
f 448/585/468 447/584/468 458/605/468 459/610/468
f 445/589/469 444/588/469 455/606/469 456/599/469
f 440/611/470 451/578/470 462/607/470
f 442/592/471 441/581/471 452/609/471 453/601/471
f 449/594/472 448/585/472 459/610/472 460/603/472
f 459/610/473 458/605/473 469/612/473 470/613/473
f 456/599/474 455/606/474 466/614/474 467/615/474
f 440/616/475 462/607/475 473/617/475
f 453/601/476 452/609/476 463/618/476 464/619/476
f 460/603/477 459/610/477 470/613/477 471/620/477
f 457/600/478 456/599/478 467/615/478 468/621/478
f 454/602/479 453/601/479 464/619/479 465/622/479
f 461/604/480 460/603/480 471/620/480 472/623/480
f 458/605/481 457/600/481 468/621/481 469/612/481
f 455/606/482 454/602/482 465/622/482 466/614/482
f 462/607/483 461/604/483 472/623/483 473/617/483
f 452/609/484 431/624/484 463/618/484
f 469/612/485 468/621/485 479/625/485 480/626/485
f 466/614/486 465/622/486 476/627/486 477/628/486
f 473/617/487 472/623/487 483/629/487 484/630/487
f 463/618/488 431/631/488 474/632/488
f 470/613/489 469/612/489 480/626/489 481/633/489
f 467/615/490 466/614/490 477/628/490 478/634/490
f 440/635/491 473/617/491 484/630/491
f 464/619/492 463/618/492 474/632/492 475/636/492
f 471/620/493 470/613/493 481/633/493 482/637/493
f 468/621/494 467/615/494 478/634/494 479/625/494
f 465/622/495 464/619/495 475/636/495 476/627/495
f 472/623/496 471/620/496 482/637/496 483/629/496
f 482/637/497 481/633/497 492/638/497 493/639/497
f 479/625/498 478/634/498 489/640/498 490/641/498
f 476/627/499 475/636/499 486/642/499 487/643/499
f 483/629/500 482/637/500 493/639/500 494/644/500
f 480/626/501 479/625/501 490/641/501 491/645/501
f 477/628/502 476/627/502 487/643/502 488/646/502
f 484/630/503 483/629/503 494/644/503 495/647/503
f 474/632/504 431/648/504 485/649/504
f 481/633/505 480/626/505 491/645/505 492/638/505
f 478/634/506 477/628/506 488/646/506 489/640/506
f 440/650/507 484/630/507 495/647/507
f 475/636/508 474/632/508 485/649/508 486/642/508
f 485/649/509 431/651/509 496/652/509
f 492/638/510 491/645/510 502/653/510 503/654/510
f 489/640/511 488/646/511 499/655/511 500/656/511
f 440/657/512 495/647/512 506/658/512
f 486/642/513 485/649/513 496/652/513 497/659/513
f 493/639/514 492/638/514 503/654/514 504/660/514
f 490/641/515 489/640/515 500/656/515 501/661/515
f 487/643/516 486/642/516 497/659/516 498/662/516
f 494/644/517 493/639/517 504/660/517 505/663/517
f 491/645/518 490/641/518 501/661/518 502/653/518
f 488/646/519 487/643/519 498/662/519 499/655/519
f 495/647/520 494/644/520 505/663/520 506/658/520
f 505/663/521 504/660/521 515/664/521 516/665/521
f 502/653/522 501/661/522 512/666/522 513/667/522
f 499/655/523 498/662/523 509/668/523 510/669/523
f 506/658/524 505/663/524 516/665/524 517/670/524
f 496/652/525 431/671/525 507/672/525
f 503/654/526 502/653/526 513/667/526 514/673/526
f 500/656/527 499/655/527 510/669/527 511/674/527
f 440/675/528 506/658/528 517/670/528
f 497/659/529 496/652/529 507/672/529 508/676/529
f 504/660/530 503/654/530 514/673/530 515/664/530
f 501/661/531 500/656/531 511/674/531 512/666/531
f 498/662/532 497/659/532 508/676/532 509/668/532
f 508/676/533 507/672/533 518/677/533 519/678/533
f 515/664/534 514/673/534 525/679/534 526/680/534
f 512/666/535 511/674/535 522/681/535 523/682/535
f 509/668/536 508/676/536 519/678/536 520/683/536
f 516/665/537 515/664/537 526/680/537 527/684/537
f 513/667/538 512/666/538 523/682/538 524/685/538
f 510/669/539 509/668/539 520/683/539 521/686/539
f 517/670/540 516/665/540 527/684/540 528/687/540
f 507/672/541 431/688/541 518/677/541
f 514/673/542 513/667/542 524/685/542 525/679/542
f 511/674/543 510/669/543 521/686/543 522/681/543
f 440/689/544 517/670/544 528/687/544
f 528/687/545 527/684/545 538/690/545 539/691/545
f 518/677/546 431/692/546 529/693/546
f 525/679/547 524/685/547 535/694/547 536/695/547
f 522/681/548 521/686/548 532/696/548 533/697/548
f 440/698/549 528/687/549 539/691/549
f 519/678/550 518/677/550 529/693/550 530/699/550
f 526/680/551 525/679/551 536/695/551 537/700/551
f 523/682/552 522/681/552 533/697/552 534/701/552
f 520/683/553 519/678/553 530/699/553 531/702/553
f 527/684/554 526/680/554 537/700/554 538/690/554
f 524/685/555 523/682/555 534/701/555 535/694/555
f 521/686/556 520/683/556 531/702/556 532/696/556
f 531/702/557 530/699/557 541/703/557 542/704/557
f 538/690/558 537/700/558 548/705/558 549/706/558
f 535/694/559 534/701/559 545/707/559 546/708/559
f 532/696/560 531/702/560 542/704/560 543/709/560
f 539/691/561 538/690/561 549/706/561 550/710/561
f 529/693/562 431/711/562 540/712/562
f 536/695/563 535/694/563 546/708/563 547/713/563
f 533/697/564 532/696/564 543/709/564 544/714/564
f 440/715/565 539/691/565 550/710/565
f 530/699/566 529/693/566 540/712/566 541/703/566
f 537/700/567 536/695/567 547/713/567 548/705/567
f 534/701/568 533/697/568 544/714/568 545/707/568
f 440/716/569 550/710/569 561/717/569
f 541/703/570 540/712/570 551/718/570 552/719/570
f 548/705/571 547/713/571 558/720/571 559/721/571
f 545/707/572 544/714/572 555/722/572 556/723/572
f 542/704/573 541/703/573 552/719/573 553/724/573
f 549/706/574 548/705/574 559/721/574 560/725/574
f 546/708/575 545/707/575 556/723/575 557/726/575
f 543/709/576 542/704/576 553/724/576 554/727/576
f 550/710/577 549/706/577 560/725/577 561/717/577
f 540/712/578 431/728/578 551/718/578
f 547/713/579 546/708/579 557/726/579 558/720/579
f 544/714/580 543/709/580 554/727/580 555/722/580
f 554/727/581 553/724/581 564/729/581 565/730/581
f 561/717/582 560/725/582 571/731/582 572/732/582
f 551/718/583 431/733/583 562/734/583
f 558/720/584 557/726/584 568/735/584 569/736/584
f 555/722/585 554/727/585 565/730/585 566/737/585
f 440/738/586 561/717/586 572/732/586
f 552/719/587 551/718/587 562/734/587 563/739/587
f 559/721/588 558/720/588 569/736/588 570/740/588
f 556/723/589 555/722/589 566/737/589 567/741/589
f 553/724/590 552/719/590 563/739/590 564/729/590
f 560/725/591 559/721/591 570/740/591 571/731/591
f 557/726/592 556/723/592 567/741/592 568/735/592
f 564/742/593 563/743/593 574/744/593 575/745/593
f 571/746/594 570/747/594 581/748/594 582/749/594
f 568/750/595 567/751/595 578/752/595 579/753/595
f 565/754/596 564/742/596 575/745/596 576/755/596
f 572/756/597 571/746/597 582/749/597 583/757/597
f 562/758/598 431/759/598 573/760/598
f 569/761/599 568/750/599 579/753/599 580/762/599
f 566/763/600 565/754/600 576/755/600 577/764/600
f 440/765/601 572/756/601 583/757/601
f 563/743/602 562/758/602 573/760/602 574/744/602
f 570/747/603 569/761/603 580/762/603 581/748/603
f 567/751/604 566/763/604 577/764/604 578/752/604
f 577/764/605 576/755/605 587/766/605 588/767/605
f 440/768/606 583/757/606 594/769/606
f 574/744/607 573/760/607 584/770/607 585/771/607
f 581/748/608 580/762/608 591/772/608 592/773/608
f 578/752/609 577/764/609 588/767/609 589/774/609
f 575/745/610 574/744/610 585/771/610 586/775/610
f 582/749/611 581/748/611 592/773/611 593/776/611
f 579/753/612 578/752/612 589/774/612 590/777/612
f 576/755/613 575/745/613 586/775/613 587/766/613
f 583/757/614 582/749/614 593/776/614 594/769/614
f 573/760/615 431/778/615 584/770/615
f 580/762/616 579/753/616 590/777/616 591/772/616
f 587/766/617 586/775/617 597/779/617 598/780/617
f 594/769/618 593/776/618 604/781/618 605/782/618
f 584/770/619 431/783/619 595/784/619
f 591/772/620 590/777/620 601/785/620 602/786/620
f 588/767/621 587/766/621 598/780/621 599/787/621
f 440/788/622 594/769/622 605/782/622
f 585/771/623 584/770/623 595/784/623 596/789/623
f 592/773/624 591/772/624 602/786/624 603/790/624
f 589/774/625 588/767/625 599/787/625 600/791/625
f 586/775/626 585/771/626 596/789/626 597/779/626
f 593/776/627 592/773/627 603/790/627 604/781/627
f 590/777/628 589/774/628 600/791/628 601/785/628
f 600/791/629 599/787/629 435/586/629 436/595/629
f 597/779/630 596/789/630 433/591/630 606/597/630
f 604/781/631 603/790/631 608/593/631 438/576/631
f 601/785/632 600/791/632 436/595/632 607/583/632
f 598/780/633 597/779/633 606/597/633 434/587/633
f 605/782/634 604/781/634 438/576/634 439/575/634
f 595/784/635 431/792/635 432/579/635
f 602/786/636 601/785/636 607/583/636 437/582/636
f 599/787/637 598/780/637 434/587/637 435/586/637
f 440/793/638 605/782/638 439/575/638
f 596/789/639 595/784/639 432/579/639 433/591/639
f 603/790/640 602/786/640 437/582/640 608/593/640
o Spike_L1
v -0.577574 0.662426 -0.110000
v -0.564567 0.642961 -0.110000
v -0.560000 0.620000 -0.110000
v -0.564567 0.597039 -0.110000
v -0.577574 0.577574 -0.110000
v -0.597039 0.564567 -0.110000
v -0.620000 0.560000 -0.110000
v -0.642961 0.564567 -0.110000
v -0.662426 0.577574 -0.110000
v -0.675433 0.597039 -0.110000
v -0.680000 0.620000 -0.110000
v -0.675433 0.642961 -0.110000
v -0.662426 0.662426 -0.110000
v -0.642961 0.675433 -0.110000
v -0.620000 0.680000 -0.110000
v -0.597039 0.675433 -0.110000
v -0.620000 0.620000 0.110000
vn 0.8032 0.5367 0.2584
vn 0.9475 0.1885 0.2584
vn 0.9475 -0.1885 0.2584
vn 0.8032 -0.5367 0.2584
vn 0.5367 -0.8032 0.2584
vn 0.1885 -0.9475 0.2584
vn -0.1885 -0.9475 0.2584
vn -0.5367 -0.8032 0.2584
vn -0.8032 -0.5367 0.2584
vn -0.9475 -0.1885 0.2584
vn -0.9475 0.1885 0.2584
vn -0.8032 0.5367 0.2584
vn -0.5367 0.8032 0.2584
vn -0.1885 0.9475 0.2584
vn -0.0000 -0.0000 -1.0000
vn 0.1885 0.9475 0.2584
vn 0.5367 0.8032 0.2584
vt 0.250000 0.490000
vt 0.250000 0.250000
vt 0.341844 0.471731
vt 0.419706 0.419706
vt 0.471731 0.341844
vt 0.490000 0.250000
vt 0.471731 0.158156
vt 0.419706 0.080294
vt 0.341844 0.028269
vt 0.250000 0.010000
vt 0.158156 0.028269
vt 0.080294 0.080294
vt 0.028269 0.158156
vt 0.010000 0.250000
vt 0.028269 0.341844
vt 0.080294 0.419706
vt 0.750000 0.490000
vt 0.841844 0.471731
vt 0.919706 0.419706
vt 0.971731 0.341844
vt 0.990000 0.250000
vt 0.971731 0.158156
vt 0.919706 0.080294
vt 0.841844 0.028269
vt 0.750000 0.010000
vt 0.658156 0.028269
vt 0.580294 0.080294
vt 0.528269 0.158156
vt 0.510000 0.250000
vt 0.528269 0.341844
vt 0.580294 0.419706
vt 0.658156 0.471731
vt 0.158156 0.471731
s 0
usemtl Ork_RustyIron
f 609/794/641 625/795/641 610/796/641
f 610/796/642 625/795/642 611/797/642
f 611/797/643 625/795/643 612/798/643
f 612/798/644 625/795/644 613/799/644
f 613/799/645 625/795/645 614/800/645
f 614/800/646 625/795/646 615/801/646
f 615/801/647 625/795/647 616/802/647
f 616/802/648 625/795/648 617/803/648
f 617/803/649 625/795/649 618/804/649
f 618/804/650 625/795/650 619/805/650
f 619/805/651 625/795/651 620/806/651
f 620/806/652 625/795/652 621/807/652
f 621/807/653 625/795/653 622/808/653
f 622/808/654 625/795/654 623/809/654
f 609/810/655 610/811/655 611/812/655 612/813/655 613/814/655 614/815/655 615/816/655 616/817/655 617/818/655 618/819/655 619/820/655 620/821/655 621/822/655 622/823/655 623/824/655 624/825/655
f 623/809/656 625/795/656 624/826/656
f 624/826/657 625/795/657 609/794/657
o Spike_L2
v -0.480000 0.780000 -0.110000
v -0.457039 0.775433 -0.110000
v -0.437574 0.762426 -0.110000
v -0.424567 0.742961 -0.110000
v -0.420000 0.720000 -0.110000
v -0.424567 0.697039 -0.110000
v -0.437574 0.677574 -0.110000
v -0.457039 0.664567 -0.110000
v -0.480000 0.660000 -0.110000
v -0.502961 0.664567 -0.110000
v -0.522426 0.677574 -0.110000
v -0.535433 0.697039 -0.110000
v -0.540000 0.720000 -0.110000
v -0.535433 0.742961 -0.110000
v -0.522426 0.762426 -0.110000
v -0.502961 0.775433 -0.110000
v -0.480000 0.720000 0.110000
vn 0.1885 0.9475 0.2584
vn 0.5367 0.8032 0.2584
vn 0.8032 0.5367 0.2584
vn 0.9475 0.1885 0.2584
vn 0.9475 -0.1885 0.2584
vn 0.8032 -0.5367 0.2584
vn 0.5367 -0.8032 0.2584
vn 0.1885 -0.9475 0.2584
vn -0.1885 -0.9475 0.2584
vn -0.5367 -0.8032 0.2584
vn -0.8032 -0.5367 0.2584
vn -0.9475 -0.1885 0.2584
vn -0.9475 0.1885 0.2584
vn -0.8032 0.5367 0.2584
vn -0.0000 -0.0000 -1.0000
vn -0.5367 0.8032 0.2584
vn -0.1885 0.9475 0.2584
vt 0.250000 0.490000
vt 0.250000 0.250000
vt 0.341844 0.471731
vt 0.419706 0.419706
vt 0.471731 0.341844
vt 0.490000 0.250000
vt 0.471731 0.158156
vt 0.419706 0.080294
vt 0.341844 0.028269
vt 0.250000 0.010000
vt 0.158156 0.028269
vt 0.080294 0.080294
vt 0.028269 0.158156
vt 0.010000 0.250000
vt 0.028269 0.341844
vt 0.080294 0.419706
vt 0.750000 0.490000
vt 0.841844 0.471731
vt 0.919706 0.419706
vt 0.971731 0.341844
vt 0.990000 0.250000
vt 0.971731 0.158156
vt 0.919706 0.080294
vt 0.841844 0.028269
vt 0.750000 0.010000
vt 0.658156 0.028269
vt 0.580294 0.080294
vt 0.528269 0.158156
vt 0.510000 0.250000
vt 0.528269 0.341844
vt 0.580294 0.419706
vt 0.658156 0.471731
vt 0.158156 0.471731
s 0
usemtl Ork_RustyIron
f 626/827/658 642/828/658 627/829/658
f 627/829/659 642/828/659 628/830/659
f 628/830/660 642/828/660 629/831/660
f 629/831/661 642/828/661 630/832/661
f 630/832/662 642/828/662 631/833/662
f 631/833/663 642/828/663 632/834/663
f 632/834/664 642/828/664 633/835/664
f 633/835/665 642/828/665 634/836/665
f 634/836/666 642/828/666 635/837/666
f 635/837/667 642/828/667 636/838/667
f 636/838/668 642/828/668 637/839/668
f 637/839/669 642/828/669 638/840/669
f 638/840/670 642/828/670 639/841/670
f 639/841/671 642/828/671 640/842/671
f 626/843/672 627/844/672 628/845/672 629/846/672 630/847/672 631/848/672 632/849/672 633/850/672 634/851/672 635/852/672 636/853/672 637/854/672 638/855/672 639/856/672 640/857/672 641/858/672
f 640/842/673 642/828/673 641/859/673
f 641/859/674 642/828/674 626/827/674
o Pauldron_R
v 0.340000 0.350000 -0.140000
v 0.340000 0.350000 0.140000
v 0.340000 0.530000 -0.140000
v 0.340000 0.530000 0.140000
v 0.580000 0.350000 -0.140000
v 0.580000 0.350000 0.140000
v 0.580000 0.530000 -0.140000
v 0.580000 0.530000 0.140000
vn -1.0000 -0.0000 -0.0000
vn -0.0000 1.0000 -0.0000
vn 1.0000 -0.0000 -0.0000
vn -0.0000 -1.0000 -0.0000
vn -0.0000 -0.0000 -1.0000
vn -0.0000 -0.0000 1.0000
vt 0.375000 0.000000
vt 0.625000 0.000000
vt 0.625000 0.250000
vt 0.375000 0.250000
vt 0.625000 0.500000
vt 0.375000 0.500000
vt 0.625000 0.750000
vt 0.375000 0.750000
vt 0.625000 1.000000
vt 0.375000 1.000000
vt 0.125000 0.500000
vt 0.125000 0.750000
vt 0.875000 0.500000
vt 0.875000 0.750000
s 0
usemtl Ork_RedWarpaint
f 643/860/675 644/861/675 646/862/675 645/863/675
f 645/863/676 646/862/676 650/864/676 649/865/676
f 649/865/677 650/864/677 648/866/677 647/867/677
f 647/867/678 648/866/678 644/868/678 643/869/678
f 645/870/679 649/865/679 647/867/679 643/871/679
f 650/864/680 646/872/680 644/873/680 648/866/680
o Arm_Bicep_L
v -0.440000 0.320000 -0.160000
v -0.440000 0.320000 0.160000
v -0.386424 0.309343 -0.160000
v -0.386424 0.309343 0.160000
v -0.341005 0.278995 -0.160000
v -0.341005 0.278995 0.160000
v -0.310657 0.233576 -0.160000
v -0.310657 0.233576 0.160000
v -0.300000 0.180000 -0.160000
v -0.300000 0.180000 0.160000
v -0.310657 0.126424 -0.160000
v -0.310657 0.126424 0.160000
v -0.341005 0.081005 -0.160000
v -0.341005 0.081005 0.160000
v -0.386424 0.050657 -0.160000
v -0.386424 0.050657 0.160000
v -0.440000 0.040000 -0.160000
v -0.440000 0.040000 0.160000
v -0.493576 0.050657 -0.160000
v -0.493576 0.050657 0.160000
v -0.538995 0.081005 -0.160000
v -0.538995 0.081005 0.160000
v -0.569343 0.126424 -0.160000
v -0.569343 0.126424 0.160000
v -0.580000 0.180000 -0.160000
v -0.580000 0.180000 0.160000
v -0.569343 0.233576 -0.160000
v -0.569343 0.233576 0.160000
v -0.538995 0.278995 -0.160000
v -0.538995 0.278995 0.160000
v -0.493576 0.309343 -0.160000
v -0.493576 0.309343 0.160000
vn 0.1951 0.9808 -0.0000
vn 0.5556 0.8315 -0.0000
vn 0.8315 0.5556 -0.0000
vn 0.9808 0.1951 -0.0000
vn 0.9808 -0.1951 -0.0000
vn 0.8315 -0.5556 -0.0000
vn 0.5556 -0.8315 -0.0000
vn 0.1951 -0.9808 -0.0000
vn -0.1951 -0.9808 -0.0000
vn -0.5556 -0.8315 -0.0000
vn -0.8315 -0.5556 -0.0000
vn -0.9808 -0.1951 -0.0000
vn -0.9808 0.1951 -0.0000
vn -0.8315 0.5556 -0.0000
vn -0.0000 -0.0000 1.0000
vn -0.5556 0.8315 -0.0000
vn -0.1951 0.9808 -0.0000
vn -0.0000 -0.0000 -1.0000
vt 1.000000 0.500000
vt 1.000000 1.000000
vt 0.937500 1.000000
vt 0.937500 0.500000
vt 0.875000 1.000000
vt 0.875000 0.500000
vt 0.812500 1.000000
vt 0.812500 0.500000
vt 0.750000 1.000000
vt 0.750000 0.500000
vt 0.687500 1.000000
vt 0.687500 0.500000
vt 0.625000 1.000000
vt 0.625000 0.500000
vt 0.562500 1.000000
vt 0.562500 0.500000
vt 0.500000 1.000000
vt 0.500000 0.500000
vt 0.437500 1.000000
vt 0.437500 0.500000
vt 0.375000 1.000000
vt 0.375000 0.500000
vt 0.312500 1.000000
vt 0.312500 0.500000
vt 0.250000 1.000000
vt 0.250000 0.500000
vt 0.187500 1.000000
vt 0.187500 0.500000
vt 0.125000 1.000000
vt 0.125000 0.500000
vt 0.341844 0.471731
vt 0.250000 0.490000
vt 0.158156 0.471731
vt 0.080294 0.419706
vt 0.028269 0.341844
vt 0.010000 0.250000
vt 0.028269 0.158156
vt 0.080294 0.080294
vt 0.158156 0.028269
vt 0.250000 0.010000
vt 0.341844 0.028269
vt 0.419706 0.080294
vt 0.471731 0.158156
vt 0.490000 0.250000
vt 0.471731 0.341844
vt 0.419706 0.419706
vt 0.062500 1.000000
vt 0.062500 0.500000
vt 0.000000 1.000000
vt 0.000000 0.500000
vt 0.750000 0.490000
vt 0.841844 0.471731
vt 0.919706 0.419706
vt 0.971731 0.341844
vt 0.990000 0.250000
vt 0.971731 0.158156
vt 0.919706 0.080294
vt 0.841844 0.028269
vt 0.750000 0.010000
vt 0.658156 0.028269
vt 0.580294 0.080294
vt 0.528269 0.158156
vt 0.510000 0.250000
vt 0.528269 0.341844
vt 0.580294 0.419706
vt 0.658156 0.471731
s 0
usemtl Ork_GreenSkin
f 651/874/681 652/875/681 654/876/681 653/877/681
f 653/877/682 654/876/682 656/878/682 655/879/682
f 655/879/683 656/878/683 658/880/683 657/881/683
f 657/881/684 658/880/684 660/882/684 659/883/684
f 659/883/685 660/882/685 662/884/685 661/885/685
f 661/885/686 662/884/686 664/886/686 663/887/686
f 663/887/687 664/886/687 666/888/687 665/889/687
f 665/889/688 666/888/688 668/890/688 667/891/688
f 667/891/689 668/890/689 670/892/689 669/893/689
f 669/893/690 670/892/690 672/894/690 671/895/690
f 671/895/691 672/894/691 674/896/691 673/897/691
f 673/897/692 674/896/692 676/898/692 675/899/692
f 675/899/693 676/898/693 678/900/693 677/901/693
f 677/901/694 678/900/694 680/902/694 679/903/694
f 654/904/695 652/905/695 682/906/695 680/907/695 678/908/695 676/909/695 674/910/695 672/911/695 670/912/695 668/913/695 666/914/695 664/915/695 662/916/695 660/917/695 658/918/695 656/919/695
f 679/903/696 680/902/696 682/920/696 681/921/696
f 681/921/697 682/920/697 652/922/697 651/923/697
f 651/924/698 653/925/698 655/926/698 657/927/698 659/928/698 661/929/698 663/930/698 665/931/698 667/932/698 669/933/698 671/934/698 673/935/698 675/936/698 677/937/698 679/938/698 681/939/698
o Arm_Bracer_L
v -0.550000 -0.240000 -0.090000
v -0.550000 -0.240000 0.130000
v -0.550000 0.040000 -0.090000
v -0.550000 0.040000 0.130000
v -0.330000 -0.240000 -0.090000
v -0.330000 -0.240000 0.130000
v -0.330000 0.040000 -0.090000
v -0.330000 0.040000 0.130000
vn -1.0000 -0.0000 -0.0000
vn -0.0000 1.0000 -0.0000
vn 1.0000 -0.0000 -0.0000
vn -0.0000 -1.0000 -0.0000
vn -0.0000 -0.0000 -1.0000
vn -0.0000 -0.0000 1.0000
vt 0.375000 0.000000
vt 0.625000 0.000000
vt 0.625000 0.250000
vt 0.375000 0.250000
vt 0.625000 0.500000
vt 0.375000 0.500000
vt 0.625000 0.750000
vt 0.375000 0.750000
vt 0.625000 1.000000
vt 0.375000 1.000000
vt 0.125000 0.500000
vt 0.125000 0.750000
vt 0.875000 0.500000
vt 0.875000 0.750000
s 0
usemtl Ork_RustyIron
f 683/940/699 684/941/699 686/942/699 685/943/699
f 685/943/700 686/942/700 690/944/700 689/945/700
f 689/945/701 690/944/701 688/946/701 687/947/701
f 687/947/702 688/946/702 684/948/702 683/949/702
f 685/950/703 689/945/703 687/947/703 683/951/703
f 690/944/704 686/952/704 684/953/704 688/946/704
o Hand_L
v -0.540000 -0.370000 -0.060000
v -0.540000 -0.370000 0.140000
v -0.540000 -0.190000 -0.060000
v -0.540000 -0.190000 0.140000
v -0.340000 -0.370000 -0.060000
v -0.340000 -0.370000 0.140000
v -0.340000 -0.190000 -0.060000
v -0.340000 -0.190000 0.140000
vn -1.0000 -0.0000 -0.0000
vn -0.0000 1.0000 -0.0000
vn 1.0000 -0.0000 -0.0000
vn -0.0000 -1.0000 -0.0000
vn -0.0000 -0.0000 -1.0000
vn -0.0000 -0.0000 1.0000
vt 0.375000 0.000000
vt 0.625000 0.000000
vt 0.625000 0.250000
vt 0.375000 0.250000
vt 0.625000 0.500000
vt 0.375000 0.500000
vt 0.625000 0.750000
vt 0.375000 0.750000
vt 0.625000 1.000000
vt 0.375000 1.000000
vt 0.125000 0.500000
vt 0.125000 0.750000
vt 0.875000 0.500000
vt 0.875000 0.750000
s 0
usemtl Ork_GreenSkin
f 691/954/705 692/955/705 694/956/705 693/957/705
f 693/957/706 694/956/706 698/958/706 697/959/706
f 697/959/707 698/958/707 696/960/707 695/961/707
f 695/961/708 696/960/708 692/962/708 691/963/708
f 693/964/709 697/959/709 695/961/709 691/965/709
f 698/958/710 694/966/710 692/967/710 696/960/710
o Arm_Bicep_R
v 0.440000 0.320000 -0.160000
v 0.440000 0.320000 0.160000
v 0.493576 0.309343 -0.160000
v 0.493576 0.309343 0.160000
v 0.538995 0.278995 -0.160000
v 0.538995 0.278995 0.160000
v 0.569343 0.233576 -0.160000
v 0.569343 0.233576 0.160000
v 0.580000 0.180000 -0.160000
v 0.580000 0.180000 0.160000
v 0.569343 0.126424 -0.160000
v 0.569343 0.126424 0.160000
v 0.538995 0.081005 -0.160000
v 0.538995 0.081005 0.160000
v 0.493576 0.050657 -0.160000
v 0.493576 0.050657 0.160000
v 0.440000 0.040000 -0.160000
v 0.440000 0.040000 0.160000
v 0.386424 0.050657 -0.160000
v 0.386424 0.050657 0.160000
v 0.341005 0.081005 -0.160000
v 0.341005 0.081005 0.160000
v 0.310657 0.126424 -0.160000
v 0.310657 0.126424 0.160000
v 0.300000 0.180000 -0.160000
v 0.300000 0.180000 0.160000
v 0.310657 0.233576 -0.160000
v 0.310657 0.233576 0.160000
v 0.341005 0.278995 -0.160000
v 0.341005 0.278995 0.160000
v 0.386424 0.309343 -0.160000
v 0.386424 0.309343 0.160000
vn 0.1951 0.9808 -0.0000
vn 0.5556 0.8315 -0.0000
vn 0.8315 0.5556 -0.0000
vn 0.9808 0.1951 -0.0000
vn 0.9808 -0.1951 -0.0000
vn 0.8315 -0.5556 -0.0000
vn 0.5556 -0.8315 -0.0000
vn 0.1951 -0.9808 -0.0000
vn -0.1951 -0.9808 -0.0000
vn -0.5556 -0.8315 -0.0000
vn -0.8315 -0.5556 -0.0000
vn -0.9808 -0.1951 -0.0000
vn -0.9808 0.1951 -0.0000
vn -0.8315 0.5556 -0.0000
vn -0.0000 -0.0000 1.0000
vn -0.5556 0.8315 -0.0000
vn -0.1951 0.9808 -0.0000
vn -0.0000 -0.0000 -1.0000
vt 1.000000 0.500000
vt 1.000000 1.000000
vt 0.937500 1.000000
vt 0.937500 0.500000
vt 0.875000 1.000000
vt 0.875000 0.500000
vt 0.812500 1.000000
vt 0.812500 0.500000
vt 0.750000 1.000000
vt 0.750000 0.500000
vt 0.687500 1.000000
vt 0.687500 0.500000
vt 0.625000 1.000000
vt 0.625000 0.500000
vt 0.562500 1.000000
vt 0.562500 0.500000
vt 0.500000 1.000000
vt 0.500000 0.500000
vt 0.437500 1.000000
vt 0.437500 0.500000
vt 0.375000 1.000000
vt 0.375000 0.500000
vt 0.312500 1.000000
vt 0.312500 0.500000
vt 0.250000 1.000000
vt 0.250000 0.500000
vt 0.187500 1.000000
vt 0.187500 0.500000
vt 0.125000 1.000000
vt 0.125000 0.500000
vt 0.341844 0.471731
vt 0.250000 0.490000
vt 0.158156 0.471731
vt 0.080294 0.419706
vt 0.028269 0.341844
vt 0.010000 0.250000
vt 0.028269 0.158156
vt 0.080294 0.080294
vt 0.158156 0.028269
vt 0.250000 0.010000
vt 0.341844 0.028269
vt 0.419706 0.080294
vt 0.471731 0.158156
vt 0.490000 0.250000
vt 0.471731 0.341844
vt 0.419706 0.419706
vt 0.062500 1.000000
vt 0.062500 0.500000
vt 0.000000 1.000000
vt 0.000000 0.500000
vt 0.750000 0.490000
vt 0.841844 0.471731
vt 0.919706 0.419706
vt 0.971731 0.341844
vt 0.990000 0.250000
vt 0.971731 0.158156
vt 0.919706 0.080294
vt 0.841844 0.028269
vt 0.750000 0.010000
vt 0.658156 0.028269
vt 0.580294 0.080294
vt 0.528269 0.158156
vt 0.510000 0.250000
vt 0.528269 0.341844
vt 0.580294 0.419706
vt 0.658156 0.471731
s 0
usemtl Ork_GreenSkin
f 699/968/711 700/969/711 702/970/711 701/971/711
f 701/971/712 702/970/712 704/972/712 703/973/712
f 703/973/713 704/972/713 706/974/713 705/975/713
f 705/975/714 706/974/714 708/976/714 707/977/714
f 707/977/715 708/976/715 710/978/715 709/979/715
f 709/979/716 710/978/716 712/980/716 711/981/716
f 711/981/717 712/980/717 714/982/717 713/983/717
f 713/983/718 714/982/718 716/984/718 715/985/718
f 715/985/719 716/984/719 718/986/719 717/987/719
f 717/987/720 718/986/720 720/988/720 719/989/720
f 719/989/721 720/988/721 722/990/721 721/991/721
f 721/991/722 722/990/722 724/992/722 723/993/722
f 723/993/723 724/992/723 726/994/723 725/995/723
f 725/995/724 726/994/724 728/996/724 727/997/724
f 702/998/725 700/999/725 730/1000/725 728/1001/725 726/1002/725 724/1003/725 722/1004/725 720/1005/725 718/1006/725 716/1007/725 714/1008/725 712/1009/725 710/1010/725 708/1011/725 706/1012/725 704/1013/725
f 727/997/726 728/996/726 730/1014/726 729/1015/726
f 729/1015/727 730/1014/727 700/1016/727 699/1017/727
f 699/1018/728 701/1019/728 703/1020/728 705/1021/728 707/1022/728 709/1023/728 711/1024/728 713/1025/728 715/1026/728 717/1027/728 719/1028/728 721/1029/728 723/1030/728 725/1031/728 727/1032/728 729/1033/728
o Arm_Bracer_R
v 0.330000 -0.240000 -0.090000
v 0.330000 -0.240000 0.130000
v 0.330000 0.040000 -0.090000
v 0.330000 0.040000 0.130000
v 0.550000 -0.240000 -0.090000
v 0.550000 -0.240000 0.130000
v 0.550000 0.040000 -0.090000
v 0.550000 0.040000 0.130000
vn -1.0000 -0.0000 -0.0000
vn -0.0000 1.0000 -0.0000
vn 1.0000 -0.0000 -0.0000
vn -0.0000 -1.0000 -0.0000
vn -0.0000 -0.0000 -1.0000
vn -0.0000 -0.0000 1.0000
vt 0.375000 0.000000
vt 0.625000 0.000000
vt 0.625000 0.250000
vt 0.375000 0.250000
vt 0.625000 0.500000
vt 0.375000 0.500000
vt 0.625000 0.750000
vt 0.375000 0.750000
vt 0.625000 1.000000
vt 0.375000 1.000000
vt 0.125000 0.500000
vt 0.125000 0.750000
vt 0.875000 0.500000
vt 0.875000 0.750000
s 0
usemtl Ork_RustyIron
f 731/1034/729 732/1035/729 734/1036/729 733/1037/729
f 733/1037/730 734/1036/730 738/1038/730 737/1039/730
f 737/1039/731 738/1038/731 736/1040/731 735/1041/731
f 735/1041/732 736/1040/732 732/1042/732 731/1043/732
f 733/1044/733 737/1039/733 735/1041/733 731/1045/733
f 738/1038/734 734/1046/734 732/1047/734 736/1040/734
o Hand_R
v 0.340000 -0.370000 -0.060000
v 0.340000 -0.370000 0.140000
v 0.340000 -0.190000 -0.060000
v 0.340000 -0.190000 0.140000
v 0.540000 -0.370000 -0.060000
v 0.540000 -0.370000 0.140000
v 0.540000 -0.190000 -0.060000
v 0.540000 -0.190000 0.140000
vn -1.0000 -0.0000 -0.0000
vn -0.0000 1.0000 -0.0000
vn 1.0000 -0.0000 -0.0000
vn -0.0000 -1.0000 -0.0000
vn -0.0000 -0.0000 -1.0000
vn -0.0000 -0.0000 1.0000
vt 0.375000 0.000000
vt 0.625000 0.000000
vt 0.625000 0.250000
vt 0.375000 0.250000
vt 0.625000 0.500000
vt 0.375000 0.500000
vt 0.625000 0.750000
vt 0.375000 0.750000
vt 0.625000 1.000000
vt 0.375000 1.000000
vt 0.125000 0.500000
vt 0.125000 0.750000
vt 0.875000 0.500000
vt 0.875000 0.750000
s 0
usemtl Ork_GreenSkin
f 739/1048/735 740/1049/735 742/1050/735 741/1051/735
f 741/1051/736 742/1050/736 746/1052/736 745/1053/736
f 745/1053/737 746/1052/737 744/1054/737 743/1055/737
f 743/1055/738 744/1054/738 740/1056/738 739/1057/738
f 741/1058/739 745/1053/739 743/1055/739 739/1059/739
f 746/1052/740 742/1060/740 740/1061/740 744/1054/740
o Leg_L
v -0.220000 -0.060000 -0.170000
v -0.220000 -0.060000 0.170000
v -0.166424 -0.070657 -0.170000
v -0.166424 -0.070657 0.170000
v -0.121005 -0.101005 -0.170000
v -0.121005 -0.101005 0.170000
v -0.090657 -0.146424 -0.170000
v -0.090657 -0.146424 0.170000
v -0.080000 -0.200000 -0.170000
v -0.080000 -0.200000 0.170000
v -0.090657 -0.253576 -0.170000
v -0.090657 -0.253576 0.170000
v -0.121005 -0.298995 -0.170000
v -0.121005 -0.298995 0.170000
v -0.166424 -0.329343 -0.170000
v -0.166424 -0.329343 0.170000
v -0.220000 -0.340000 -0.170000
v -0.220000 -0.340000 0.170000
v -0.273576 -0.329343 -0.170000
v -0.273576 -0.329343 0.170000
v -0.318995 -0.298995 -0.170000
v -0.318995 -0.298995 0.170000
v -0.349343 -0.253576 -0.170000
v -0.349343 -0.253576 0.170000
v -0.360000 -0.200000 -0.170000
v -0.360000 -0.200000 0.170000
v -0.349343 -0.146424 -0.170000
v -0.349343 -0.146424 0.170000
v -0.318995 -0.101005 -0.170000
v -0.318995 -0.101005 0.170000
v -0.273576 -0.070657 -0.170000
v -0.273576 -0.070657 0.170000
vn 0.1951 0.9808 -0.0000
vn 0.5556 0.8315 -0.0000
vn 0.8315 0.5556 -0.0000
vn 0.9808 0.1951 -0.0000
vn 0.9808 -0.1951 -0.0000
vn 0.8315 -0.5556 -0.0000
vn 0.5556 -0.8315 -0.0000
vn 0.1951 -0.9808 -0.0000
vn -0.1951 -0.9808 -0.0000
vn -0.5556 -0.8315 -0.0000
vn -0.8315 -0.5556 -0.0000
vn -0.9808 -0.1951 -0.0000
vn -0.9808 0.1951 -0.0000
vn -0.8315 0.5556 -0.0000
vn -0.0000 -0.0000 1.0000
vn -0.5556 0.8315 -0.0000
vn -0.1951 0.9808 -0.0000
vn -0.0000 -0.0000 -1.0000
vt 1.000000 0.500000
vt 1.000000 1.000000
vt 0.937500 1.000000
vt 0.937500 0.500000
vt 0.875000 1.000000
vt 0.875000 0.500000
vt 0.812500 1.000000
vt 0.812500 0.500000
vt 0.750000 1.000000
vt 0.750000 0.500000
vt 0.687500 1.000000
vt 0.687500 0.500000
vt 0.625000 1.000000
vt 0.625000 0.500000
vt 0.562500 1.000000
vt 0.562500 0.500000
vt 0.500000 1.000000
vt 0.500000 0.500000
vt 0.437500 1.000000
vt 0.437500 0.500000
vt 0.375000 1.000000
vt 0.375000 0.500000
vt 0.312500 1.000000
vt 0.312500 0.500000
vt 0.250000 1.000000
vt 0.250000 0.500000
vt 0.187500 1.000000
vt 0.187500 0.500000
vt 0.125000 1.000000
vt 0.125000 0.500000
vt 0.341844 0.471731
vt 0.250000 0.490000
vt 0.158156 0.471731
vt 0.080294 0.419706
vt 0.028269 0.341844
vt 0.010000 0.250000
vt 0.028269 0.158156
vt 0.080294 0.080294
vt 0.158156 0.028269
vt 0.250000 0.010000
vt 0.341844 0.028269
vt 0.419706 0.080294
vt 0.471731 0.158156
vt 0.490000 0.250000
vt 0.471731 0.341844
vt 0.419706 0.419706
vt 0.062500 1.000000
vt 0.062500 0.500000
vt 0.000000 1.000000
vt 0.000000 0.500000
vt 0.750000 0.490000
vt 0.841844 0.471731
vt 0.919706 0.419706
vt 0.971731 0.341844
vt 0.990000 0.250000
vt 0.971731 0.158156
vt 0.919706 0.080294
vt 0.841844 0.028269
vt 0.750000 0.010000
vt 0.658156 0.028269
vt 0.580294 0.080294
vt 0.528269 0.158156
vt 0.510000 0.250000
vt 0.528269 0.341844
vt 0.580294 0.419706
vt 0.658156 0.471731
s 0
usemtl Ork_GreenSkin
f 747/1062/741 748/1063/741 750/1064/741 749/1065/741
f 749/1065/742 750/1064/742 752/1066/742 751/1067/742
f 751/1067/743 752/1066/743 754/1068/743 753/1069/743
f 753/1069/744 754/1068/744 756/1070/744 755/1071/744
f 755/1071/745 756/1070/745 758/1072/745 757/1073/745
f 757/1073/746 758/1072/746 760/1074/746 759/1075/746
f 759/1075/747 760/1074/747 762/1076/747 761/1077/747
f 761/1077/748 762/1076/748 764/1078/748 763/1079/748
f 763/1079/749 764/1078/749 766/1080/749 765/1081/749
f 765/1081/750 766/1080/750 768/1082/750 767/1083/750
f 767/1083/751 768/1082/751 770/1084/751 769/1085/751
f 769/1085/752 770/1084/752 772/1086/752 771/1087/752
f 771/1087/753 772/1086/753 774/1088/753 773/1089/753
f 773/1089/754 774/1088/754 776/1090/754 775/1091/754
f 750/1092/755 748/1093/755 778/1094/755 776/1095/755 774/1096/755 772/1097/755 770/1098/755 768/1099/755 766/1100/755 764/1101/755 762/1102/755 760/1103/755 758/1104/755 756/1105/755 754/1106/755 752/1107/755
f 775/1091/756 776/1090/756 778/1108/756 777/1109/756
f 777/1109/757 778/1108/757 748/1110/757 747/1111/757
f 747/1112/758 749/1113/758 751/1114/758 753/1115/758 755/1116/758 757/1117/758 759/1118/758 761/1119/758 763/1120/758 765/1121/758 767/1122/758 769/1123/758 771/1124/758 773/1125/758 775/1126/758 777/1127/758
o Boot_L
v -0.340000 -0.790000 -0.110000
v -0.340000 -0.790000 0.150000
v -0.340000 -0.410000 -0.110000
v -0.340000 -0.410000 0.150000
v -0.100000 -0.790000 -0.110000
v -0.100000 -0.790000 0.150000
v -0.100000 -0.410000 -0.110000
v -0.100000 -0.410000 0.150000
vn -1.0000 -0.0000 -0.0000
vn -0.0000 1.0000 -0.0000
vn 1.0000 -0.0000 -0.0000
vn -0.0000 -1.0000 -0.0000
vn -0.0000 -0.0000 -1.0000
vn -0.0000 -0.0000 1.0000
vt 0.375000 0.000000
vt 0.625000 0.000000
vt 0.625000 0.250000
vt 0.375000 0.250000
vt 0.625000 0.500000
vt 0.375000 0.500000
vt 0.625000 0.750000
vt 0.375000 0.750000
vt 0.625000 1.000000
vt 0.375000 1.000000
vt 0.125000 0.500000
vt 0.125000 0.750000
vt 0.875000 0.500000
vt 0.875000 0.750000
s 0
usemtl Ork_RustyIron
f 779/1128/759 780/1129/759 782/1130/759 781/1131/759
f 781/1131/760 782/1130/760 786/1132/760 785/1133/760
f 785/1133/761 786/1132/761 784/1134/761 783/1135/761
f 783/1135/762 784/1134/762 780/1136/762 779/1137/762
f 781/1138/763 785/1133/763 783/1135/763 779/1139/763
f 786/1132/764 782/1140/764 780/1141/764 784/1134/764
o Foot_L
v -0.350000 -0.920000 -0.130000
v -0.350000 -0.920000 0.290000
v -0.350000 -0.760000 -0.130000
v -0.350000 -0.760000 0.290000
v -0.090000 -0.920000 -0.130000
v -0.090000 -0.920000 0.290000
v -0.090000 -0.760000 -0.130000
v -0.090000 -0.760000 0.290000
vn -1.0000 -0.0000 -0.0000
vn -0.0000 1.0000 -0.0000
vn 1.0000 -0.0000 -0.0000
vn -0.0000 -1.0000 -0.0000
vn -0.0000 -0.0000 -1.0000
vn -0.0000 -0.0000 1.0000
vt 0.375000 0.000000
vt 0.625000 0.000000
vt 0.625000 0.250000
vt 0.375000 0.250000
vt 0.625000 0.500000
vt 0.375000 0.500000
vt 0.625000 0.750000
vt 0.375000 0.750000
vt 0.625000 1.000000
vt 0.375000 1.000000
vt 0.125000 0.500000
vt 0.125000 0.750000
vt 0.875000 0.500000
vt 0.875000 0.750000
s 0
usemtl Ork_RustyIron
f 787/1142/765 788/1143/765 790/1144/765 789/1145/765
f 789/1145/766 790/1144/766 794/1146/766 793/1147/766
f 793/1147/767 794/1146/767 792/1148/767 791/1149/767
f 791/1149/768 792/1148/768 788/1150/768 787/1151/768
f 789/1152/769 793/1147/769 791/1149/769 787/1153/769
f 794/1146/770 790/1154/770 788/1155/770 792/1148/770
o Leg_R
v 0.220000 -0.060000 -0.170000
v 0.220000 -0.060000 0.170000
v 0.273576 -0.070657 -0.170000
v 0.273576 -0.070657 0.170000
v 0.318995 -0.101005 -0.170000
v 0.318995 -0.101005 0.170000
v 0.349343 -0.146424 -0.170000
v 0.349343 -0.146424 0.170000
v 0.360000 -0.200000 -0.170000
v 0.360000 -0.200000 0.170000
v 0.349343 -0.253576 -0.170000
v 0.349343 -0.253576 0.170000
v 0.318995 -0.298995 -0.170000
v 0.318995 -0.298995 0.170000
v 0.273576 -0.329343 -0.170000
v 0.273576 -0.329343 0.170000
v 0.220000 -0.340000 -0.170000
v 0.220000 -0.340000 0.170000
v 0.166424 -0.329343 -0.170000
v 0.166424 -0.329343 0.170000
v 0.121005 -0.298995 -0.170000
v 0.121005 -0.298995 0.170000
v 0.090657 -0.253576 -0.170000
v 0.090657 -0.253576 0.170000
v 0.080000 -0.200000 -0.170000
v 0.080000 -0.200000 0.170000
v 0.090657 -0.146424 -0.170000
v 0.090657 -0.146424 0.170000
v 0.121005 -0.101005 -0.170000
v 0.121005 -0.101005 0.170000
v 0.166424 -0.070657 -0.170000
v 0.166424 -0.070657 0.170000
vn 0.1951 0.9808 -0.0000
vn 0.5556 0.8315 -0.0000
vn 0.8315 0.5556 -0.0000
vn 0.9808 0.1951 -0.0000
vn 0.9808 -0.1951 -0.0000
vn 0.8315 -0.5556 -0.0000
vn 0.5556 -0.8315 -0.0000
vn 0.1951 -0.9808 -0.0000
vn -0.1951 -0.9808 -0.0000
vn -0.5556 -0.8315 -0.0000
vn -0.8315 -0.5556 -0.0000
vn -0.9808 -0.1951 -0.0000
vn -0.9808 0.1951 -0.0000
vn -0.8315 0.5556 -0.0000
vn -0.0000 -0.0000 1.0000
vn -0.5556 0.8315 -0.0000
vn -0.1951 0.9808 -0.0000
vn -0.0000 -0.0000 -1.0000
vt 1.000000 0.500000
vt 1.000000 1.000000
vt 0.937500 1.000000
vt 0.937500 0.500000
vt 0.875000 1.000000
vt 0.875000 0.500000
vt 0.812500 1.000000
vt 0.812500 0.500000
vt 0.750000 1.000000
vt 0.750000 0.500000
vt 0.687500 1.000000
vt 0.687500 0.500000
vt 0.625000 1.000000
vt 0.625000 0.500000
vt 0.562500 1.000000
vt 0.562500 0.500000
vt 0.500000 1.000000
vt 0.500000 0.500000
vt 0.437500 1.000000
vt 0.437500 0.500000
vt 0.375000 1.000000
vt 0.375000 0.500000
vt 0.312500 1.000000
vt 0.312500 0.500000
vt 0.250000 1.000000
vt 0.250000 0.500000
vt 0.187500 1.000000
vt 0.187500 0.500000
vt 0.125000 1.000000
vt 0.125000 0.500000
vt 0.341844 0.471731
vt 0.250000 0.490000
vt 0.158156 0.471731
vt 0.080294 0.419706
vt 0.028269 0.341844
vt 0.010000 0.250000
vt 0.028269 0.158156
vt 0.080294 0.080294
vt 0.158156 0.028269
vt 0.250000 0.010000
vt 0.341844 0.028269
vt 0.419706 0.080294
vt 0.471731 0.158156
vt 0.490000 0.250000
vt 0.471731 0.341844
vt 0.419706 0.419706
vt 0.062500 1.000000
vt 0.062500 0.500000
vt 0.000000 1.000000
vt 0.000000 0.500000
vt 0.750000 0.490000
vt 0.841844 0.471731
vt 0.919706 0.419706
vt 0.971731 0.341844
vt 0.990000 0.250000
vt 0.971731 0.158156
vt 0.919706 0.080294
vt 0.841844 0.028269
vt 0.750000 0.010000
vt 0.658156 0.028269
vt 0.580294 0.080294
vt 0.528269 0.158156
vt 0.510000 0.250000
vt 0.528269 0.341844
vt 0.580294 0.419706
vt 0.658156 0.471731
s 0
usemtl Ork_GreenSkin
f 795/1156/771 796/1157/771 798/1158/771 797/1159/771
f 797/1159/772 798/1158/772 800/1160/772 799/1161/772
f 799/1161/773 800/1160/773 802/1162/773 801/1163/773
f 801/1163/774 802/1162/774 804/1164/774 803/1165/774
f 803/1165/775 804/1164/775 806/1166/775 805/1167/775
f 805/1167/776 806/1166/776 808/1168/776 807/1169/776
f 807/1169/777 808/1168/777 810/1170/777 809/1171/777
f 809/1171/778 810/1170/778 812/1172/778 811/1173/778
f 811/1173/779 812/1172/779 814/1174/779 813/1175/779
f 813/1175/780 814/1174/780 816/1176/780 815/1177/780
f 815/1177/781 816/1176/781 818/1178/781 817/1179/781
f 817/1179/782 818/1178/782 820/1180/782 819/1181/782
f 819/1181/783 820/1180/783 822/1182/783 821/1183/783
f 821/1183/784 822/1182/784 824/1184/784 823/1185/784
f 798/1186/785 796/1187/785 826/1188/785 824/1189/785 822/1190/785 820/1191/785 818/1192/785 816/1193/785 814/1194/785 812/1195/785 810/1196/785 808/1197/785 806/1198/785 804/1199/785 802/1200/785 800/1201/785
f 823/1185/786 824/1184/786 826/1202/786 825/1203/786
f 825/1203/787 826/1202/787 796/1204/787 795/1205/787
f 795/1206/788 797/1207/788 799/1208/788 801/1209/788 803/1210/788 805/1211/788 807/1212/788 809/1213/788 811/1214/788 813/1215/788 815/1216/788 817/1217/788 819/1218/788 821/1219/788 823/1220/788 825/1221/788
o Boot_R
v 0.100000 -0.790000 -0.110000
v 0.100000 -0.790000 0.150000
v 0.100000 -0.410000 -0.110000
v 0.100000 -0.410000 0.150000
v 0.340000 -0.790000 -0.110000
v 0.340000 -0.790000 0.150000
v 0.340000 -0.410000 -0.110000
v 0.340000 -0.410000 0.150000
vn -1.0000 -0.0000 -0.0000
vn -0.0000 1.0000 -0.0000
vn 1.0000 -0.0000 -0.0000
vn -0.0000 -1.0000 -0.0000
vn -0.0000 -0.0000 -1.0000
vn -0.0000 -0.0000 1.0000
vt 0.375000 0.000000
vt 0.625000 0.000000
vt 0.625000 0.250000
vt 0.375000 0.250000
vt 0.625000 0.500000
vt 0.375000 0.500000
vt 0.625000 0.750000
vt 0.375000 0.750000
vt 0.625000 1.000000
vt 0.375000 1.000000
vt 0.125000 0.500000
vt 0.125000 0.750000
vt 0.875000 0.500000
vt 0.875000 0.750000
s 0
usemtl Ork_RustyIron
f 827/1222/789 828/1223/789 830/1224/789 829/1225/789
f 829/1225/790 830/1224/790 834/1226/790 833/1227/790
f 833/1227/791 834/1226/791 832/1228/791 831/1229/791
f 831/1229/792 832/1228/792 828/1230/792 827/1231/792
f 829/1232/793 833/1227/793 831/1229/793 827/1233/793
f 834/1226/794 830/1234/794 828/1235/794 832/1228/794
o Foot_R
v 0.090000 -0.920000 -0.130000
v 0.090000 -0.920000 0.290000
v 0.090000 -0.760000 -0.130000
v 0.090000 -0.760000 0.290000
v 0.350000 -0.920000 -0.130000
v 0.350000 -0.920000 0.290000
v 0.350000 -0.760000 -0.130000
v 0.350000 -0.760000 0.290000
vn -1.0000 -0.0000 -0.0000
vn -0.0000 1.0000 -0.0000
vn 1.0000 -0.0000 -0.0000
vn -0.0000 -1.0000 -0.0000
vn -0.0000 -0.0000 -1.0000
vn -0.0000 -0.0000 1.0000
vt 0.375000 0.000000
vt 0.625000 0.000000
vt 0.625000 0.250000
vt 0.375000 0.250000
vt 0.625000 0.500000
vt 0.375000 0.500000
vt 0.625000 0.750000
vt 0.375000 0.750000
vt 0.625000 1.000000
vt 0.375000 1.000000
vt 0.125000 0.500000
vt 0.125000 0.750000
vt 0.875000 0.500000
vt 0.875000 0.750000
s 0
usemtl Ork_RustyIron
f 835/1236/795 836/1237/795 838/1238/795 837/1239/795
f 837/1239/796 838/1238/796 842/1240/796 841/1241/796
f 841/1241/797 842/1240/797 840/1242/797 839/1243/797
f 839/1243/798 840/1242/798 836/1244/798 835/1245/798
f 837/1246/799 841/1241/799 839/1243/799 835/1247/799
f 842/1240/800 838/1248/800 836/1249/800 840/1242/800
