# Blender 5.2.1 LTS
# www.blender.org
mtllib ork_leg_l.mtl
o Left_Leg
v -0.090293 -0.025002 -0.203305
v -0.112635 -0.108640 -0.219800
v -0.111604 -0.158623 -0.206864
v -0.115262 -0.113155 -0.204319
v -0.093155 -0.101976 -0.197926
v -0.052857 -0.069741 -0.180482
v -0.091719 -0.221471 -0.201611
v -0.073120 -0.179058 -0.184502
v -0.050188 -0.153372 -0.179369
v -0.108192 -0.170107 -0.219842
v -0.088037 -0.236388 -0.212971
v -0.080265 -0.137201 -0.208056
v -0.058192 0.028297 -0.213247
v -0.045526 -0.064950 -0.195307
v -0.053681 -0.149247 -0.193548
v 0.014066 -0.095130 -0.190384
v -0.013557 0.034933 -0.198218
v 0.013974 -0.045898 -0.188297
v -0.107415 0.033561 -0.086180
v -0.119227 0.008140 -0.068620
v -0.112761 -0.008958 -0.062033
v -0.093027 0.007373 -0.109570
v -0.083156 0.034581 -0.117635
v -0.103432 -0.064574 -0.001470
v -0.116576 -0.011938 -0.010987
v -0.111136 -0.019975 -0.055823
v -0.089787 -0.007638 -0.102325
v -0.087975 -0.032557 -0.099974
v -0.067344 -0.038453 -0.120314
v -0.105412 -0.028242 -0.070944
v -0.061059 -0.000530 -0.124472
v -0.057514 -0.057459 -0.125742
v -0.082629 -0.047049 -0.111131
v -0.076621 -0.052409 -0.105807
v -0.072399 -0.061424 -0.111564
v -0.097624 -0.031392 -0.070836
v -0.089518 -0.039574 -0.089469
v -0.107393 -0.019151 -0.045444
v -0.100134 -0.063793 -0.022939
v -0.093826 -0.062752 -0.052125
v -0.094841 -0.067073 -0.068560
v -0.099904 -0.067633 -0.055295
v -0.103914 -0.069465 -0.032124
v -0.104875 -0.067087 0.024272
v -0.106856 -0.069766 -0.007999
v -0.089625 -0.085906 -0.031915
v -0.075537 -0.094790 -0.089265
v -0.075343 -0.099974 -0.077110
v -0.092776 -0.066160 -0.082901
v -0.117632 0.003369 0.057532
v -0.095183 -0.058092 0.053452
v -0.098865 -0.061075 0.031312
v -0.088552 -0.099506 -0.023717
v -0.086111 -0.104715 -0.009446
v -0.083030 -0.103285 0.023652
v -0.100027 -0.062446 0.058782
v -0.089072 -0.081910 0.051596
v -0.082771 -0.100331 0.048867
v -0.066646 -0.148035 -0.009386
v -0.087242 -0.093972 0.055330
v -0.067118 -0.184953 0.034990
v -0.110155 -0.223975 -0.205387
v -0.107009 -0.232057 -0.214569
v -0.104427 -0.253898 -0.205165
v -0.073708 -0.262527 -0.188441
v -0.081921 -0.257898 -0.198274
v -0.072581 -0.255072 -0.199288
v -0.073978 -0.262622 -0.199293
v -0.070930 -0.275195 -0.187642
v -0.055085 -0.246407 -0.201965
v -0.066836 -0.208513 -0.194799
v -0.046833 -0.230285 -0.201800
v -0.032586 -0.184809 -0.197098
v -0.019159 -0.186985 -0.201041
v -0.014143 -0.178715 -0.198304
v 0.035069 -0.108703 -0.184409
v 0.048704 0.038894 -0.161722
v 0.106307 0.009126 -0.128903
v 0.103532 -0.087699 -0.134569
v 0.026199 0.075684 -0.186540
v -0.019127 0.038124 -0.183957
v 0.008462 -0.045561 -0.173325
v -0.102332 -0.254550 -0.215361
v -0.090859 -0.275609 -0.204898
v -0.087251 -0.275284 -0.201311
v -0.093153 -0.275189 -0.196449
v -0.026945 -0.178426 -0.188144
v -0.042866 -0.218527 -0.190260
v -0.038266 -0.205796 -0.197482
v -0.053812 -0.248403 -0.192119
v -0.060845 -0.270637 -0.190872
v -0.069517 -0.290940 -0.194886
v -0.073421 -0.291714 -0.199047
v -0.064931 -0.279038 -0.199731
v -0.069547 0.016192 -0.126748
v -0.037565 -0.000700 -0.130388
v -0.086272 -0.059778 -0.087249
v -0.096670 -0.037748 -0.091967
v -0.083338 -0.066278 -0.097886
v -0.077949 -0.084115 -0.087457
v -0.052984 -0.083050 -0.115212
v -0.065936 -0.097877 -0.096650
v -0.052751 -0.089246 -0.115932
v -0.052415 -0.059714 -0.124975
v -0.041395 -0.146196 -0.097847
v -0.021457 -0.126023 -0.119127
v -0.012169 -0.223792 -0.076316
v -0.025898 -0.071866 -0.127541
v -0.022793 -0.044488 -0.136247
v -0.027472 -0.081230 -0.128672
v 0.002020 -0.071822 -0.130297
v 0.003165 -0.032220 -0.134784
v 0.040290 -0.058191 -0.130582
v 0.002994 -0.111719 -0.123506
v 0.019606 -0.202172 -0.099065
v 0.010390 -0.024841 0.167595
v 0.013697 -0.027694 0.176381
v 0.014501 -0.046526 0.168436
v 0.009050 -0.066057 0.166244
v -0.054252 0.030951 -0.132668
v -0.034882 0.020592 -0.138827
v 0.008207 -0.108417 -0.176339
v 0.065928 0.053174 -0.130721
v 0.085498 -0.032223 -0.128219
v 0.079492 0.036663 -0.123744
v 0.093562 -0.076563 -0.124691
v 0.060923 -0.116129 -0.152734
v -0.039235 -0.201467 -0.186729
v -0.057910 -0.231551 -0.012796
v -0.046469 -0.234680 -0.037859
v -0.042762 -0.221114 0.066887
v 0.008282 -0.135328 0.163663
v -0.021253 -0.211812 0.123420
v -0.066213 -0.416848 -0.040985
v -0.062814 -0.419766 -0.041891
v -0.063245 -0.399354 -0.054471
v -0.052765 -0.345237 -0.041746
v -0.060484 -0.401158 -0.030160
v -0.054746 -0.334011 -0.079676
v -0.056966 -0.385718 -0.065457
v -0.058338 -0.374122 -0.072702
v -0.050219 -0.368020 -0.086139
v -0.044482 -0.398845 -0.099954
v -0.052871 -0.341156 -0.099272
v -0.051012 -0.357597 -0.099397
v -0.038467 -0.395752 -0.121764
v -0.040252 -0.376848 -0.123130
v -0.053598 -0.355355 -0.110057
v -0.046833 -0.368097 -0.107016
v -0.045225 -0.375952 -0.122813
v -0.039553 -0.398192 -0.130522
v -0.047139 -0.402120 -0.108218
v -0.051120 -0.404578 -0.086946
v -0.040628 -0.428190 -0.102365
v -0.035177 -0.430893 -0.106997
v -0.033510 -0.424794 -0.128072
v -0.021811 -0.421342 -0.147885
v -0.023137 -0.392800 -0.154493
v -0.002836 -0.417863 -0.166208
v -0.027390 -0.391876 -0.140732
v -0.033676 -0.379686 -0.134639
v -0.027403 -0.381044 -0.144513
v -0.043197 -0.385477 -0.133789
v -0.042977 -0.331242 -0.113630
v -0.033276 -0.312215 -0.086444
v -0.007818 -0.298795 -0.121717
v -0.022154 -0.342387 -0.154953
v -0.050917 -0.365421 -0.126090
v -0.030162 -0.383950 -0.166813
v -0.050263 -0.396019 -0.146248
v -0.051064 -0.380760 -0.132201
v -0.039326 -0.403330 -0.155638
v -0.026600 -0.389347 -0.157563
v -0.038769 -0.415835 -0.150593
v -0.047364 -0.399924 -0.143344
v -0.034511 -0.399750 -0.147449
v -0.012134 -0.385229 -0.168532
v -0.017752 -0.379723 -0.155079
v -0.009732 -0.387274 -0.159029
v 0.000937 -0.388122 -0.171546
v -0.004997 -0.379805 -0.163529
v -0.000239 -0.389259 -0.172724
v 0.002759 -0.379739 -0.169204
v 0.010541 -0.383726 -0.169004
v 0.010692 -0.377613 -0.169897
v 0.021832 -0.368276 -0.174116
v 0.034349 -0.378781 -0.173687
v 0.029527 -0.363472 -0.181536
v 0.014400 -0.375568 -0.186806
v 0.042290 -0.340000 -0.182400
v 0.024106 -0.312006 -0.169265
v -0.017254 -0.382007 -0.176273
v 0.040939 -0.348831 -0.180187
v 0.026563 -0.412301 -0.176874
v 0.020504 -0.384456 -0.176822
v 0.036042 -0.381584 -0.179775
v 0.061357 -0.378262 -0.179562
v 0.054748 -0.373026 -0.172886
v 0.038818 -0.355912 -0.174850
v 0.059171 -0.321140 -0.182770
v 0.046253 -0.301402 -0.168855
v 0.052000 -0.354602 -0.193005
v -0.020693 -0.317948 -0.133780
v -0.000917 -0.310551 -0.146415
v 0.011471 -0.304496 -0.154227
v -0.014874 -0.295532 -0.114532
v -0.004349 -0.292169 -0.126295
v 0.010501 -0.279517 -0.127642
v 0.007832 -0.293431 -0.130751
v 0.010725 -0.285290 -0.135837
v -0.026300 -0.278782 -0.092995
v -0.014089 -0.290330 -0.107385
v -0.030852 -0.297983 -0.088902
v -0.043420 -0.292667 -0.071754
v -0.019088 -0.251053 -0.095219
v -0.027648 -0.300983 -0.100128
v -0.037525 -0.260772 -0.068411
v -0.048714 -0.270854 -0.049188
v -0.021105 -0.304677 -0.107214
v -0.039543 -0.317379 -0.069133
v -0.043974 -0.323896 -0.045919
v -0.045527 -0.325282 -0.013909
v -0.046855 -0.313028 -0.056157
v -0.042735 -0.308319 -0.070171
v -0.052383 -0.299829 -0.037287
v -0.051582 -0.279609 -0.024413
v -0.049336 -0.282440 -0.004970
v -0.036600 -0.278128 -0.003534
v -0.044135 -0.270441 -0.034797
v -0.037909 -0.270052 -0.034508
v -0.038547 -0.275233 -0.018251
v -0.047067 -0.260323 0.020487
v -0.034935 -0.261703 0.047241
v -0.028096 -0.224808 0.097123
v -0.018233 -0.224944 0.109127
v -0.031418 -0.228919 0.112526
v -0.021291 -0.234838 0.124157
v -0.036449 -0.238482 0.104907
v -0.023371 -0.309497 0.075845
v -0.034849 -0.254014 0.087997
v -0.029127 -0.281450 0.080527
v 0.017351 -0.296751 0.125832
v -0.000072 -0.318521 0.107290
v 0.007692 -0.314898 0.115041
v -0.000085 -0.345818 0.087638
v -0.016938 -0.251519 0.073612
v -0.009760 -0.270954 0.066407
v -0.031364 -0.282452 0.012699
v -0.041827 -0.317786 0.007746
v -0.036177 -0.313972 0.020025
v -0.042090 -0.289322 0.019144
v -0.023635 -0.284371 0.031385
v -0.016372 -0.286508 0.041612
v 0.009529 -0.322965 0.140140
v 0.022622 -0.327012 0.117702
v 0.025087 -0.306965 0.168205
v 0.014048 -0.330037 0.174089
v 0.022477 -0.320122 0.185082
v 0.029218 -0.280315 0.136590
v -0.000377 -0.231704 0.135620
v 0.038779 -0.261629 0.146762
v 0.028600 -0.234705 0.146988
v 0.028206 -0.229166 0.124979
v 0.017255 -0.226709 0.117517
v -0.004428 -0.224969 0.117217
v 0.025784 -0.218045 0.126609
v 0.022189 -0.228107 0.108227
v 0.044007 -0.241662 0.133168
v 0.042786 -0.247601 0.142694
v 0.046813 -0.239360 0.117770
v 0.049443 -0.224693 0.124285
v 0.012318 -0.230464 0.107392
v 0.014678 -0.262043 0.088150
v -0.000183 -0.230376 0.096879
v 0.054035 -0.221218 0.153628
v 0.043627 -0.261311 0.103533
v 0.052129 -0.261382 0.103469
v 0.066214 -0.258752 0.105606
v 0.032355 -0.261202 0.100166
v 0.037717 -0.262374 0.099233
v 0.026459 -0.261778 0.096550
v 0.000727 -0.248224 0.084126
v -0.003172 -0.234754 0.091398
v 0.008083 -0.258238 0.083710
v 0.004862 -0.245343 0.085384
v 0.020784 -0.263637 0.091347
v 0.098601 -0.229720 0.110650
v 0.073295 -0.197865 0.128009
v 0.027353 -0.291247 0.148920
v 0.051630 -0.262162 0.146113
v 0.043471 -0.290133 0.135782
v 0.057662 -0.300819 0.135364
v 0.044983 -0.316387 0.161563
v 0.024870 -0.340343 0.188198
v 0.033695 -0.327719 0.184752
v 0.024241 -0.336304 0.205316
v 0.018342 -0.337582 0.206329
v 0.036236 -0.339012 0.148480
v 0.040345 -0.336466 0.119078
v 0.008303 -0.348129 0.096431
v 0.016628 -0.354460 0.094784
v -0.002299 -0.350516 0.085229
v 0.025748 -0.363835 0.100679
v 0.012581 -0.364744 0.091185
v 0.002719 -0.372351 0.080532
v 0.006807 -0.379315 0.087038
v 0.010711 -0.374176 0.093210
v 0.028938 -0.358119 0.100691
v 0.042560 -0.365344 0.101881
v 0.015696 -0.385188 0.084721
v -0.005703 -0.385782 0.066732
v 0.027730 -0.416136 0.083148
v 0.058885 -0.419219 0.098268
v 0.053970 -0.377453 0.108291
v -0.013290 -0.402477 0.058528
v -0.004626 -0.355248 0.068518
v -0.006105 -0.395324 0.058151
v -0.041976 -0.425964 0.031579
v -0.030363 -0.425549 0.047770
v -0.002421 -0.389445 0.049629
v -0.021471 -0.412849 0.054382
v -0.016005 -0.413102 0.043624
v -0.019472 -0.416618 0.041437
v -0.048876 -0.408707 0.018629
v -0.050713 -0.399143 0.009560
v -0.040001 -0.434768 0.038644
v -0.036405 -0.437384 0.034593
v -0.037050 -0.424223 0.025879
v -0.032986 -0.337745 0.010789
v -0.047031 -0.370991 -0.006977
v -0.061073 -0.417929 -0.013814
v -0.042762 -0.330424 -0.012209
v -0.057607 -0.404417 -0.029474
v -0.050452 -0.407299 -0.004291
v -0.039847 -0.407717 0.012959
v -0.044194 -0.403359 0.004290
v -0.040186 -0.399515 -0.012092
v -0.050242 -0.405225 -0.024280
v -0.057888 -0.420592 -0.013044
v -0.047035 -0.398840 -0.041801
v -0.044583 -0.403499 -0.044803
v -0.048406 -0.393957 -0.053549
v -0.050587 -0.383918 -0.064545
v -0.046693 -0.402097 -0.075241
v -0.033417 -0.446886 -0.100773
v -0.033050 -0.448576 -0.115851
v -0.034947 -0.452366 -0.069493
v -0.040065 -0.454257 -0.088029
v -0.022132 -0.425169 -0.138365
v -0.020636 -0.439324 -0.133860
v -0.019463 -0.464769 -0.128702
v -0.023434 -0.445018 -0.135843
v -0.025971 -0.483126 -0.103437
v -0.038763 -0.435192 -0.070160
v -0.040720 -0.434223 -0.042881
v -0.049067 -0.407920 -0.043817
v -0.042195 -0.410810 -0.014761
v -0.033527 -0.436138 -0.016827
v -0.031244 -0.413353 0.010981
v -0.037651 -0.406480 -0.013975
v -0.042553 -0.400515 -0.026051
v -0.037873 -0.397212 0.000400
v -0.050145 -0.416851 0.022290
v -0.021479 -0.413925 0.033063
v -0.020468 -0.414714 0.035142
v -0.018326 -0.412350 0.035545
v -0.017668 -0.412615 0.038689
v -0.031588 -0.397999 0.011560
v -0.029015 -0.407759 0.007282
v 0.047734 0.026722 -0.134650
v -0.017143 -0.037677 -0.133509
v 0.000556 -0.030446 -0.129289
v -0.010671 -0.004406 -0.132439
v 0.051755 0.013380 -0.129240
v -0.048668 -0.177246 -0.045702
v -0.015482 -0.240139 -0.064723
v -0.021734 -0.269093 -0.056984
v -0.030023 -0.268440 -0.047809
v -0.037598 -0.262706 -0.056232
v -0.013043 -0.269957 -0.067687
v -0.043664 -0.319772 -0.013229
v -0.037838 -0.325082 0.009108
v -0.037793 -0.331296 0.014868
v -0.029181 -0.336493 0.029171
v -0.032009 -0.323617 0.024475
v -0.021146 -0.318291 0.039708
v -0.019092 -0.325805 0.039134
v -0.025090 -0.294352 0.047721
v -0.007036 -0.288045 0.052193
v -0.001824 -0.282297 0.064449
v 0.004218 -0.289034 0.062452
v -0.002522 -0.291994 0.062573
v 0.007336 -0.292530 0.068023
v 0.011986 -0.288732 0.072469
v -0.037038 -0.335236 -0.001683
v -0.009308 -0.192317 -0.096842
v 0.004343 -0.225327 -0.089889
v 0.073467 -0.174530 -0.102462
v 0.058329 -0.132486 -0.117208
v 0.040707 -0.022921 -0.134866
v -0.008263 -0.009574 -0.129052
v 0.028360 -0.007197 -0.131029
v 0.064474 0.010111 -0.124598
v -0.030575 -0.457101 -0.044296
v -0.037452 -0.459989 -0.055057
v -0.032224 -0.462909 -0.031775
v -0.024588 -0.458783 -0.023197
v -0.034932 -0.437892 -0.038381
v -0.026412 -0.439861 -0.012197
v -0.016577 -0.459766 -0.007340
v -0.027952 -0.463449 -0.013411
v -0.029139 -0.475506 -0.071046
v -0.028257 -0.484770 -0.077081
v -0.014989 -0.477901 -0.130579
v -0.022402 -0.507321 -0.068705
v -0.016282 -0.516994 -0.100805
v -0.006032 -0.529679 -0.067123
v -0.008295 -0.547487 -0.062946
v -0.011576 -0.548051 -0.095727
v -0.024113 -0.498714 -0.114767
v -0.008618 -0.488793 -0.144764
v -0.009322 -0.437923 -0.153629
v -0.000752 -0.430730 -0.158250
v 0.004574 -0.431635 -0.167372
v 0.000741 -0.420466 -0.161512
v -0.029428 -0.255401 -0.083484
v -0.025336 -0.256770 -0.069457
v -0.010920 -0.249363 -0.087115
v -0.021412 -0.231087 0.083894
v -0.027751 -0.182553 -0.192733
v -0.021672 -0.189488 -0.196624
v 0.021931 -0.156430 -0.180905
v 0.029000 -0.128056 -0.172028
v 0.007244 -0.167841 -0.184875
v -0.007725 -0.175521 -0.187736
v 0.018388 0.019316 0.179544
v 0.021977 -0.000277 0.178043
v 0.043162 0.022765 0.176257
v 0.025324 0.007359 0.176564
v 0.027477 -0.003867 0.169182
v 0.033118 -0.016020 0.168498
v 0.034826 -0.019654 0.175362
v 0.053797 -0.015655 0.172765
v 0.054383 -0.038187 0.165577
v 0.037842 -0.053371 0.168420
v 0.075467 -0.046210 0.157572
v 0.048939 -0.056570 0.162293
v 0.032493 -0.100947 0.165635
v 0.026290 -0.185171 0.149581
v 0.041623 -0.136986 0.160029
v 0.027790 -0.234399 0.101186
v 0.053206 -0.234566 0.104944
v 0.089924 -0.277192 0.140435
v 0.043739 -0.240723 0.150703
v -0.010610 -0.394833 0.037984
v -0.023071 -0.397824 0.023942
v -0.015981 -0.409981 0.023430
v -0.004285 -0.412582 0.033348
v -0.015776 -0.419178 0.035551
v -0.021538 -0.438405 0.007806
v -0.016787 -0.439918 0.003969
v -0.021626 -0.466946 0.002143
v -0.020607 -0.489803 -0.050200
v -0.010499 -0.511877 -0.034000
v -0.012091 -0.492544 -0.014869
v 0.005011 -0.494932 0.025105
v -0.012824 -0.467002 0.027719
v 0.000199 -0.496157 0.010934
v 0.002263 -0.494240 -0.006459
v -0.011872 -0.494607 -0.026755
v 0.026070 -0.501041 0.010669
v 0.036554 -0.525329 0.003129
v 0.016539 -0.487635 0.020523
v 0.008416 -0.482814 0.007296
v 0.017821 -0.472615 0.020583
v 0.012557 -0.451570 0.027578
v -0.000725 -0.471101 0.003937
v 0.003317 -0.479507 0.008766
v -0.008885 -0.462739 0.002899
v 0.008256 -0.472858 0.027581
v 0.009973 -0.470747 0.054665
v 0.011657 -0.491511 0.005854
v 0.013842 -0.496685 0.024198
v 0.014516 -0.493856 0.041286
v 0.016480 -0.497663 0.034080
v 0.027955 -0.494609 0.044258
v 0.030505 -0.491200 0.055470
v 0.020917 -0.535502 0.022106
v 0.022866 -0.525031 0.030926
v 0.044865 -0.476337 0.070311
v 0.028236 -0.466077 0.069029
v -0.000927 -0.466979 0.046883
v 0.005792 -0.464596 0.038195
v -0.005141 -0.439462 0.019089
v 0.008220 -0.439815 0.031776
v -0.006244 -0.426957 0.043569
v -0.013711 -0.413148 0.043124
v -0.007019 -0.264707 -0.076509
v -0.002059 -0.259117 -0.081149
v 0.003329 -0.254704 -0.089053
v -0.005843 -0.247364 -0.105639
v 0.012609 -0.250957 -0.098729
v 0.004077 -0.247889 -0.113182
v 0.013856 -0.244982 -0.111876
v 0.026876 -0.245813 -0.107583
v 0.047189 -0.240212 -0.109652
v 0.058461 -0.198752 -0.099633
v 0.039268 -0.240466 -0.116593
v 0.058882 -0.218643 -0.100701
v 0.076580 -0.116464 -0.115030
v 0.026358 -0.025022 -0.129034
v 0.031424 -0.013770 -0.135113
v 0.027147 -0.015804 -0.128188
v 0.042306 -0.015738 -0.131333
v 0.072688 -0.005916 -0.119698
v -0.028260 -0.328573 0.023724
v -0.001884 -0.341660 0.061569
v -0.000737 -0.345015 0.078559
v 0.003434 -0.344505 0.067918
v 0.000627 -0.337126 0.057250
v 0.004356 -0.332061 0.053951
v -0.006393 -0.332161 0.044846
v -0.002454 -0.321961 0.058275
v -0.010379 -0.334906 0.062056
v -0.016956 -0.330611 0.035041
v -0.013167 -0.340096 0.069394
v -0.006921 -0.309929 0.061230
v -0.009437 -0.297477 0.063608
v -0.001184 -0.406304 -0.179583
v 0.003343 -0.390772 -0.182277
v -0.004327 -0.405245 -0.185126
v 0.031475 -0.457772 -0.177371
v -0.003840 -0.471339 -0.151908
v 0.003349 -0.472670 -0.153869
v 0.016244 -0.496156 -0.162117
v -0.013457 -0.530106 -0.114876
v -0.009127 -0.511879 -0.134338
v -0.002836 -0.552531 -0.055785
v 0.002572 -0.561533 -0.093758
v 0.005838 -0.561935 -0.056850
v 0.002705 -0.556375 -0.116414
v 0.001581 -0.566749 -0.058397
v 0.015864 -0.560120 -0.031081
v 0.009671 -0.562059 -0.044740
v 0.005110 -0.540412 -0.040967
v 0.014229 -0.526682 -0.015879
v 0.084638 0.018805 0.170005
v 0.057967 0.022353 0.181058
v 0.053826 0.014557 0.178877
v 0.053720 -0.001148 0.173682
v 0.092843 -0.039383 0.148637
v 0.077440 -0.014880 0.161481
v 0.072967 -0.102259 0.147134
v 0.051353 -0.163673 0.147532
v 0.043511 -0.192003 0.139372
v -0.003584 -0.411371 0.052133
v 0.002785 -0.401879 0.043947
v 0.001087 -0.414427 0.043916
v 0.000859 -0.413483 0.064134
v -0.002753 -0.418402 0.064829
v 0.002093 -0.442593 0.049200
v -0.005626 -0.440564 0.035240
v 0.020432 -0.157642 -0.191488
v 0.004143 -0.168887 -0.195338
v 0.053619 -0.139634 -0.175622
v 0.028052 -0.164676 -0.192048
v 0.027358 -0.165408 -0.183612
v -0.003251 -0.547752 -0.126622
v 0.009876 -0.518540 -0.156299
v 0.021206 -0.561418 -0.147170
v 0.013496 -0.546301 -0.151369
v 0.010054 -0.563032 -0.126852
v 0.006764 -0.568290 -0.125942
v 0.015142 -0.593840 -0.132522
v 0.020807 -0.565892 -0.151542
v 0.035593 -0.549597 -0.167961
v 0.037774 -0.559035 -0.163497
v 0.013978 -0.530912 -0.152387
v 0.052352 -0.530432 -0.169270
v 0.039886 -0.563079 -0.168177
v 0.034443 -0.591658 -0.160248
v 0.073966 -0.557400 -0.178288
v 0.056200 -0.557875 -0.174412
v 0.055093 -0.562157 -0.176666
v 0.079106 -0.529158 -0.172407
v 0.034455 -0.595543 -0.155777
v 0.017653 -0.597101 -0.130214
v -0.000698 -0.567823 -0.098533
v 0.015466 -0.564588 -0.029400
v 0.025297 -0.589184 -0.022845
v 0.034015 -0.554971 -0.013249
v 0.035636 -0.558171 -0.006735
v 0.017915 -0.592374 -0.032516
v 0.046921 -0.579653 0.002651
v 0.047461 -0.546459 0.000785
v 0.032312 -0.561991 0.033439
v 0.042338 -0.559088 0.042325
v 0.034753 -0.568706 0.042947
v 0.038520 -0.576605 0.037477
v 0.026981 -0.594829 0.022321
v 0.044084 -0.562936 0.001391
v 0.028751 -0.631695 0.031761
v 0.029073 -0.603926 0.027960
v 0.063488 -0.588950 0.053081
v 0.079487 -0.536686 0.061482
v 0.060210 -0.489648 0.067424
v 0.074458 -0.490565 0.071749
v 0.083943 -0.565887 0.059363
v 0.004965 -0.416490 0.039820
v -0.000310 -0.421156 0.033844
v 0.004402 -0.426894 0.035089
v 0.012315 -0.464240 0.048981
v 0.023574 -0.462221 0.056563
v 0.041265 -0.491695 0.053559
v 0.052562 -0.487412 0.069867
v 0.066738 -0.475657 0.081822
v 0.080203 -0.487287 0.077997
v 0.125834 -0.479491 0.065775
v 0.102258 -0.551936 0.057974
v 0.073220 -0.629710 0.078574
v 0.045422 -0.620353 0.049386
v 0.040966 -0.618245 0.009665
v 0.047379 -0.629462 0.010882
v 0.050266 -0.614121 0.007515
v 0.035995 -0.629843 -0.001159
v 0.031787 -0.642348 0.010552
v 0.044659 -0.641068 0.017053
v 0.038602 -0.658477 0.033914
v 0.051864 -0.649199 0.021977
v 0.020493 -0.652454 -0.001534
v 0.020126 -0.647893 -0.023198
v 0.022512 -0.677398 -0.001057
v 0.028869 -0.641250 0.040577
v 0.049633 -0.661371 0.033058
v 0.032974 -0.652361 0.050401
v 0.043693 -0.660370 0.047958
v 0.049703 -0.674329 0.037079
v 0.054683 -0.666859 0.029876
v 0.051183 -0.654394 0.055951
v 0.043370 -0.680532 0.057228
v 0.048555 -0.683277 0.042785
v 0.043566 -0.671267 0.016130
v 0.020888 -0.422700 -0.177271
v 0.019242 -0.420518 -0.169284
v 0.030443 -0.421838 -0.182530
v 0.034588 -0.419094 -0.172517
v 0.044379 -0.452785 -0.181174
v 0.016753 -0.462655 -0.170120
v 0.026034 -0.463005 -0.167925
v 0.046539 -0.415614 -0.173857
v 0.073981 -0.411277 -0.182437
v 0.047747 -0.415529 -0.183763
v 0.021731 -0.477998 -0.169393
v 0.043561 -0.455962 -0.173381
v 0.052339 -0.488322 -0.173320
v 0.065512 -0.448074 -0.181139
v 0.052490 -0.413055 -0.176406
v 0.050681 -0.416748 -0.173557
v 0.063630 -0.413496 -0.174403
v 0.087972 -0.443532 -0.177100
v 0.053455 -0.410361 -0.178071
v 0.008654 -0.595675 -0.054491
v 0.010364 -0.598428 -0.096929
v 0.004844 -0.594928 -0.089953
v 0.001012 -0.672301 -0.050072
v 0.003392 -0.657695 -0.071235
v 0.010036 -0.642504 -0.047108
v 0.009080 -0.680932 -0.103165
v 0.013972 -0.701584 -0.094375
v 0.015082 -0.708241 -0.077017
v 0.016642 -0.697599 -0.108683
v 0.008366 -0.702077 -0.112361
v 0.006625 -0.709329 -0.087378
v 0.024399 -0.692107 -0.133272
v 0.020296 -0.695225 -0.120647
v 0.014160 -0.694397 -0.132023
v 0.006640 -0.716147 -0.097509
v 0.016884 -0.661910 -0.119521
v 0.031686 -0.669135 -0.159534
v 0.033787 -0.689520 -0.149318
v 0.028831 -0.690979 -0.159043
v 0.013707 -0.696833 -0.139281
v 0.004777 -0.717197 -0.111741
v 0.009903 -0.723678 -0.114511
v 0.008837 -0.727182 -0.103389
v 0.012856 -0.725797 -0.136027
v 0.005902 -0.786917 -0.118331
v 0.015124 -0.744063 -0.053300
v 0.011577 -0.794202 -0.073128
v 0.016490 -0.795796 -0.128109
v 0.014789 -0.789218 -0.149432
v 0.011545 -0.793779 -0.135687
v 0.029487 -0.710397 -0.165087
v 0.029117 -0.795429 -0.152020
v 0.031692 -0.792832 -0.168201
v 0.053683 -0.793033 -0.183733
v 0.055403 -0.795428 -0.173689
v 0.038540 -0.712050 -0.174406
v 0.029491 -0.698222 -0.166697
v 0.033415 -0.701982 -0.174694
v 0.044586 -0.686509 -0.163565
v 0.041110 -0.689515 -0.171139
v 0.048078 -0.663088 -0.176859
v 0.057148 -0.683220 -0.175086
v 0.033697 -0.653797 -0.148068
v 0.047852 -0.647956 -0.164104
v 0.035091 -0.633766 -0.158376
v 0.024126 -0.623092 -0.118182
v 0.009212 -0.614180 -0.090510
v 0.016487 -0.638628 -0.101545
v 0.013826 -0.649013 -0.115387
v 0.017137 -0.621898 -0.089292
v 0.014612 -0.619687 -0.063707
v 0.016422 -0.614440 -0.124199
v 0.033453 -0.621593 -0.140347
v 0.027713 -0.613416 -0.148042
v 0.039210 -0.610823 -0.162367
v 0.040558 -0.620236 -0.154556
v 0.052131 -0.629321 -0.173773
v 0.069784 -0.640789 -0.178542
v 0.073490 -0.620395 -0.180417
v 0.067598 -0.659007 -0.186706
v 0.091760 -0.658017 -0.190316
v 0.076674 -0.680469 -0.184740
v 0.057017 -0.686938 -0.181580
v 0.104027 -0.681488 -0.186017
v 0.072802 -0.792973 -0.193164
v 0.076423 -0.684800 -0.188870
v 0.098151 -0.633753 -0.182997
v 0.093583 -0.616186 -0.182084
v 0.131095 -0.616993 -0.172101
v 0.054920 -0.617275 -0.169710
v 0.052407 -0.593216 -0.166448
v 0.065044 -0.591142 -0.170339
v 0.080884 -0.590114 -0.173658
v 0.098627 -0.554752 -0.174466
v 0.030759 -0.513474 -0.172417
v 0.076946 -0.464663 -0.178957
v 0.063684 -0.450875 -0.174819
v 0.092531 -0.446273 -0.171597
v 0.122561 -0.443711 -0.162518
v 0.116240 -0.440985 -0.169700
v 0.128858 -0.456994 -0.162360
v 0.143491 -0.441854 -0.149650
v 0.143457 -0.464288 -0.150453
v 0.154568 -0.454174 -0.143578
v 0.097702 -0.481232 -0.170119
v 0.061425 -0.513663 -0.182861
v 0.102162 -0.520210 -0.177401
v 0.122687 -0.488489 -0.159803
v 0.087554 -0.516897 -0.183010
v 0.119973 -0.527005 -0.165549
v 0.101930 -0.533285 -0.165963
v 0.087171 -0.558687 -0.181657
v 0.051898 -0.589383 -0.171808
v 0.076821 -0.587447 -0.179561
v 0.098799 -0.585502 -0.178706
v 0.106030 -0.586961 -0.168503
v 0.079150 -0.597815 -0.177959
v 0.120522 -0.584163 -0.171872
v 0.123478 -0.554011 -0.170221
v 0.017420 -0.445528 0.060600
v 0.040960 -0.461062 0.068178
v 0.048430 -0.464103 0.081164
v 0.039087 -0.451124 0.070964
v 0.043650 -0.450623 0.084991
v 0.066065 -0.463336 0.087695
v 0.060138 -0.458144 0.075952
v 0.090644 -0.458957 0.085242
v 0.029197 -0.445200 0.079847
v 0.015225 -0.444004 0.068689
v 0.024054 -0.288863 -0.140442
v 0.025014 -0.299010 -0.159089
v 0.028919 -0.282307 -0.147001
v 0.037278 -0.275857 -0.143494
v 0.043351 -0.260959 -0.138266
v 0.009811 -0.715862 -0.069226
v 0.015385 -0.729569 -0.045171
v 0.011809 -0.730346 -0.050050
v 0.014902 -0.772644 -0.050792
v 0.017550 -0.791883 -0.039026
v 0.018382 -0.797337 -0.076351
v 0.014125 -0.796377 -0.103118
v 0.018609 -0.812218 -0.097295
v 0.021918 -0.810202 -0.074706
v 0.010729 -0.763404 -0.044085
v 0.009909 -0.757646 -0.052838
v 0.016398 -0.754392 -0.037998
v 0.018607 -0.716205 -0.062379
v 0.047977 -0.423181 0.098686
v 0.020328 -0.421246 0.084418
v 0.034059 -0.434221 0.086023
v 0.074841 -0.395825 0.100138
v 0.078331 -0.420222 0.093125
v 0.075968 -0.426659 0.099592
v 0.009953 -0.613052 -0.046695
v 0.019430 -0.606501 -0.022619
v 0.017595 -0.619577 -0.047708
v 0.022766 -0.617455 -0.030191
v 0.022027 -0.623364 -0.015944
v 0.030830 -0.610484 -0.014015
v 0.050509 -0.597169 0.004166
v 0.043678 -0.587956 -0.006839
v 0.017050 -0.810126 -0.114578
v 0.038174 -0.809469 -0.157057
v 0.024528 -0.812035 -0.136423
v 0.047040 -0.813412 -0.155116
v 0.018900 -0.803749 -0.105420
v 0.051521 -0.805563 -0.107008
v 0.023768 -0.814055 -0.113643
v 0.058669 -0.813217 -0.100247
v 0.033483 -0.811451 -0.045581
v 0.024104 -0.797424 -0.055813
v 0.033416 -0.796293 -0.039234
v 0.021290 -0.794927 -0.035384
v 0.066181 -0.811656 -0.053534
v 0.018360 -0.746678 -0.033365
v 0.027055 -0.739335 -0.036446
v 0.030368 -0.754732 -0.033142
v 0.033639 -0.764745 -0.034627
v 0.029432 -0.772000 -0.031360
v 0.036985 -0.800603 -0.039857
v 0.044041 -0.798000 -0.014873
v 0.042908 -0.763649 0.005115
v 0.039486 -0.768596 0.000586
v 0.038151 -0.763364 -0.016327
v 0.023087 -0.726243 -0.048102
v 0.015426 -0.703410 -0.051616
v 0.009280 -0.692506 -0.020408
v 0.028157 -0.725404 0.004968
v 0.038170 -0.749523 0.020045
v 0.019999 -0.694803 0.010631
v 0.030886 -0.689190 0.028390
v 0.036823 -0.723571 0.044179
v 0.044369 -0.686763 0.061946
v 0.066723 -0.811302 -0.068056
v 0.058025 -0.801449 -0.047186
v 0.056085 -0.813693 -0.115416
v 0.049835 -0.804653 -0.163591
v 0.058528 -0.804549 -0.141255
v 0.053774 -0.803723 -0.167550
v 0.069631 -0.813035 -0.117204
v 0.060589 -0.812783 -0.165955
v 0.110106 -0.814063 -0.129104
v 0.091958 -0.812120 -0.182688
v 0.108346 -0.811718 -0.182390
v 0.062576 -0.809058 -0.174307
v 0.082635 -0.795732 -0.185292
v 0.042527 -0.286942 -0.148629
v 0.053610 -0.278045 -0.152155
v 0.033874 -0.241906 -0.127068
v 0.088497 -0.214272 -0.083093
v 0.082455 -0.049200 -0.114477
v 0.063386 -0.051053 -0.125221
v 0.076954 0.012541 -0.117390
v 0.092458 0.000307 -0.103005
v 0.076263 0.034466 -0.123085
v 0.093051 0.018977 -0.106392
v 0.087731 0.036547 -0.115257
v 0.100918 0.030161 -0.101583
v 0.106271 0.026238 -0.094197
v 0.096876 0.025746 -0.112914
v 0.052226 -0.317130 0.129825
v 0.077457 -0.249415 0.149830
v 0.061387 -0.220341 0.157518
v 0.080138 -0.199595 0.160148
v 0.076721 -0.194028 0.156018
v 0.087769 -0.178178 0.133548
v 0.098052 -0.186436 0.158551
v 0.079304 -0.351375 -0.176556
v 0.049619 -0.352713 -0.182650
v 0.092614 -0.351583 -0.173573
v 0.098303 -0.377091 -0.173917
v 0.083102 -0.407262 -0.175404
v 0.067409 -0.409936 -0.176923
v 0.053835 -0.413615 -0.174278
v 0.058421 -0.412076 -0.173019
v 0.051569 -0.132471 -0.161694
v 0.042167 -0.158775 -0.175867
v 0.042365 -0.165403 -0.180866
v 0.035055 -0.186012 -0.191617
v 0.044330 -0.160126 -0.186105
v 0.032278 -0.182018 -0.184220
v 0.066066 -0.121000 -0.163521
v 0.052432 -0.150669 -0.177251
v 0.059162 -0.130434 -0.164479
v 0.047138 -0.329882 0.124060
v 0.067240 -0.378487 0.105356
v 0.086239 -0.384183 0.108992
v 0.076176 -0.379905 0.099471
v 0.109464 -0.416883 0.097039
v 0.072628 -0.456960 0.083975
v 0.089300 -0.470678 0.077588
v 0.095350 -0.485365 0.069726
v 0.085814 -0.590745 0.065187
v 0.127475 -0.586112 0.057719
v 0.158627 -0.610737 0.073805
v 0.111032 -0.615212 0.085113
v 0.100248 -0.615871 0.081051
v 0.122059 -0.533044 0.055512
v 0.062283 -0.284124 -0.151714
v 0.056734 -0.261795 -0.138931
v 0.086472 -0.274044 -0.141491
v 0.065221 -0.239128 -0.127538
v 0.081592 -0.261056 -0.134069
v 0.067416 -0.274371 -0.145415
v 0.092757 -0.275878 -0.148231
v 0.081056 -0.301418 -0.170240
v 0.096470 -0.281609 -0.148328
v 0.102669 -0.239350 -0.104651
v 0.094205 -0.239168 -0.119258
v 0.107358 -0.275745 -0.132832
v 0.100976 -0.292097 -0.158702
v 0.094044 -0.315022 -0.173032
v 0.117599 -0.284181 -0.137946
v 0.113778 -0.275661 -0.138768
v 0.129388 -0.333837 -0.175530
v 0.108675 -0.262782 -0.121828
v 0.129601 -0.279660 -0.114614
v 0.115045 -0.357899 -0.186933
v 0.127853 -0.349774 -0.179902
v 0.093310 -0.344876 -0.191080
v 0.056971 -0.364147 -0.193608
v 0.107196 -0.374408 -0.192395
v 0.091767 -0.370237 -0.192412
v 0.057362 -0.363950 -0.198558
v 0.040463 -0.221050 0.113589
v 0.070900 -0.260593 0.103192
v 0.077092 -0.261067 0.100285
v 0.082034 -0.263404 0.099204
v 0.068273 -0.218882 0.107365
v 0.089773 -0.205743 0.098954
v 0.058769 -0.194922 0.122159
v 0.034822 -0.630678 0.042493
v 0.045732 -0.638675 0.057638
v 0.052793 -0.642951 0.065821
v 0.043159 -0.651200 0.057078
v 0.040414 -0.627371 0.055056
v 0.071759 -0.637284 0.075260
v 0.094190 -0.617622 0.084904
v 0.080180 -0.639799 0.070485
v 0.096483 -0.665617 0.099568
v 0.060209 -0.649518 0.061354
v 0.052709 -0.665497 0.067811
v 0.044926 -0.704946 0.032860
v 0.052047 -0.655906 0.066163
v 0.052210 -0.677422 0.081112
v 0.062027 -0.007922 0.168032
v 0.051903 0.006704 0.172950
v 0.055547 0.003365 0.183729
v 0.069601 -0.016780 0.166161
v 0.073297 -0.026179 0.169721
v 0.072934 -0.016766 0.178709
v 0.061607 0.016258 0.183184
v 0.077274 -0.026384 0.175577
v 0.084661 -0.027564 0.164473
v 0.096937 -0.008245 0.154926
v 0.084578 -0.009733 0.159179
v 0.111035 -0.022218 0.136150
v 0.102497 -0.040496 0.138346
v 0.092644 -0.144247 -0.101711
v 0.115375 -0.186986 -0.064784
v 0.115957 -0.246076 -0.080536
v 0.068351 -0.241693 -0.108065
v 0.122374 -0.091431 -0.075728
v 0.132208 -0.206047 -0.038370
v 0.110089 -0.219398 -0.073320
v 0.125058 -0.247373 -0.070420
v 0.124928 -0.241239 -0.082379
v 0.132349 -0.249489 -0.057601
v 0.138817 -0.251096 -0.042813
v 0.137855 -0.243731 -0.067041
v 0.099714 -0.250075 -0.092034
v 0.084162 -0.247303 -0.100134
v 0.104707 -0.243942 -0.116006
v 0.127698 -0.258842 -0.097056
v 0.129636 -0.244914 -0.093292
v 0.144693 -0.249457 -0.074939
v 0.150274 -0.250775 -0.026584
v 0.065847 -0.014109 -0.128648
v 0.101493 -0.040494 -0.098940
v 0.091602 -0.004107 -0.110157
v 0.114179 0.003327 -0.084258
v 0.122616 -0.016888 -0.070430
v 0.132014 -0.028595 -0.057728
v 0.135042 -0.081839 -0.053882
v 0.145253 -0.030252 -0.021899
v 0.150692 -0.144549 0.011279
v 0.104842 0.004605 -0.086577
v 0.086684 -0.151359 0.115354
v 0.084334 -0.269372 0.095346
v 0.100760 -0.252239 0.087634
v 0.113172 -0.194174 0.075550
v 0.116007 -0.238688 0.069684
v 0.134063 -0.184657 0.063982
v 0.119574 -0.279073 0.057957
v 0.106519 -0.283557 0.070778
v 0.142737 -0.238827 0.034703
v 0.134784 -0.273451 0.038678
v 0.086118 -0.275799 0.093563
v 0.092988 -0.179053 0.155713
v 0.102809 -0.189288 0.122571
v 0.111750 -0.196554 0.115906
v 0.121302 -0.196063 0.143245
v 0.056725 -0.712478 0.068792
v 0.054721 -0.736001 0.066348
v 0.053289 -0.757753 0.061193
v 0.047377 -0.741316 0.069853
v 0.050995 -0.711401 0.081433
v 0.043974 -0.692460 0.088101
v 0.051273 -0.688445 0.093449
v 0.051303 -0.736618 0.090632
v 0.056502 -0.695140 0.100103
v 0.057676 -0.704325 0.096254
v 0.071498 -0.697256 0.099366
v 0.048574 -0.700544 0.093970
v 0.057921 -0.734535 0.093198
v 0.055550 -0.752229 0.089218
v 0.048225 -0.768636 0.063229
v 0.050586 -0.765117 0.033917
v 0.056618 -0.797643 0.049382
v 0.052953 -0.771442 0.058169
v 0.052368 -0.778523 0.083522
v 0.053211 -0.798262 0.012979
v 0.053221 -0.805819 0.058868
v 0.059114 -0.810312 0.052948
v 0.093363 -0.801516 0.038392
v 0.072124 -0.801682 0.045419
v 0.103090 -0.813802 0.041641
v 0.063468 -0.814804 0.058738
v 0.062363 -0.805909 -0.119285
v 0.068987 -0.805090 -0.088312
v 0.066735 -0.803776 -0.103051
v 0.074003 -0.812927 -0.103358
v 0.076912 -0.812101 -0.082649
v 0.086441 -0.805516 -0.116042
v 0.072195 -0.804380 -0.109505
v 0.116623 -0.805928 -0.134309
v 0.112962 -0.805646 -0.123244
v 0.072992 -0.803712 -0.070706
v 0.077141 -0.802826 -0.056780
v 0.096709 -0.801397 -0.058689
v 0.082998 -0.811706 -0.059225
v 0.125566 -0.812205 -0.071010
v 0.110032 -0.801966 0.036763
v 0.131338 -0.801517 0.026009
v 0.187365 -0.800419 -0.047466
v 0.065017 -0.679173 0.094073
v 0.052942 -0.677161 0.093016
v 0.080751 -0.675020 0.099694
v 0.109305 -0.661155 0.100578
v 0.113794 -0.657747 0.097626
v 0.097269 -0.632839 0.073892
v 0.084375 -0.683329 0.099518
v 0.091103 -0.680972 0.115292
v 0.098056 -0.674236 0.097635
v 0.074314 -0.694971 0.118245
v 0.114722 -0.668398 0.094799
v 0.118675 -0.670609 0.109367
v 0.115870 -0.688927 0.120865
v 0.064148 -0.707511 0.115675
v 0.099716 -0.689923 0.124874
v 0.075423 -0.700802 0.125671
v 0.071571 -0.697862 0.133667
v 0.106250 -0.773562 -0.197828
v 0.112813 -0.792801 -0.195424
v 0.114037 -0.804090 -0.181536
v 0.114853 -0.805861 -0.152200
v 0.109388 -0.700507 -0.196322
v 0.111029 -0.685622 -0.191537
v 0.141104 -0.783965 -0.189138
v 0.110869 -0.709539 -0.192512
v 0.120141 -0.683430 -0.181585
v 0.122810 -0.656161 -0.184246
v 0.125490 -0.631615 -0.174067
v 0.070547 -0.113121 -0.149411
v 0.086114 -0.098588 -0.136144
v 0.102358 -0.087831 -0.123449
v 0.120043 0.002122 -0.081663
v 0.112412 0.025263 -0.085176
v 0.134908 -0.031747 -0.070886
v 0.096922 0.014817 -0.096417
v 0.115562 0.020828 -0.068938
v 0.118574 0.026762 -0.075504
v 0.116450 0.009417 -0.071124
v 0.122921 0.015198 -0.057375
v 0.124298 0.029043 -0.065859
v 0.127759 0.009561 -0.068500
v 0.129478 0.029477 -0.057994
v 0.135454 0.012487 -0.056029
v 0.127860 0.025202 -0.047541
v 0.134302 0.026486 -0.046503
v 0.136224 0.016577 -0.047910
v 0.130457 0.013315 -0.058540
v 0.137260 0.025447 -0.032995
v 0.136669 0.018707 -0.033290
v 0.138251 0.010723 -0.048531
v 0.118793 -0.059925 -0.097630
v 0.113849 -0.076896 -0.105015
v 0.120882 -0.039204 -0.090908
v 0.129082 -0.037293 -0.095672
v 0.107204 -0.085975 -0.116180
v 0.122236 -0.074491 -0.107812
v 0.114858 -0.084005 -0.119805
v 0.080183 -0.108221 -0.151871
v 0.093283 -0.096272 -0.142946
v 0.061977 -0.717482 0.096698
v 0.055231 -0.730667 0.109002
v 0.058881 -0.761277 0.122204
v 0.064925 -0.720873 0.123966
v 0.061653 -0.718309 0.131486
v 0.061234 -0.741246 0.124338
v 0.067688 -0.732967 0.155181
v 0.084021 -0.713376 0.172297
v 0.078986 -0.721619 0.179028
v 0.054149 -0.749516 0.128969
v 0.055659 -0.777012 0.094289
v 0.060409 -0.776699 0.119909
v 0.066929 -0.814744 0.099925
v 0.113114 -0.813720 0.082376
v 0.090591 -0.807829 0.098802
v 0.074304 -0.807664 0.104342
v 0.057888 -0.809930 0.090172
v 0.062621 -0.802418 0.106970
v 0.063159 -0.786942 0.129449
v 0.052268 -0.777164 0.126639
v 0.056806 -0.782793 0.136214
v 0.066020 -0.810931 0.116058
v 0.117589 -0.814712 0.096744
v 0.149804 -0.802344 0.017207
v 0.117795 -0.812946 0.037824
v 0.114187 -0.805678 0.053495
v 0.125761 -0.813965 0.074335
v 0.156383 -0.811622 0.017630
v 0.159417 -0.814949 0.022493
v 0.165540 -0.806992 0.017669
v 0.126291 -0.801267 -0.066692
v 0.172947 -0.803045 0.007421
v 0.172822 -0.814577 0.012554
v 0.181549 -0.816552 0.048974
v 0.118482 -0.806207 0.074597
v 0.110806 -0.806578 0.090913
v 0.168263 -0.815994 0.057403
v 0.151690 -0.807412 0.072117
v 0.171986 -0.807339 0.041127
v 0.176753 -0.806871 0.055510
v 0.173164 -0.807093 0.063578
v 0.229322 -0.818323 0.030401
v 0.186259 -0.810383 0.055838
v 0.130248 -0.806269 0.081301
v 0.174645 -0.816350 0.072383
v 0.133367 -0.814214 0.087033
v 0.127044 -0.805887 0.096669
v 0.182592 -0.816502 0.101505
v 0.182060 -0.808113 0.071487
v 0.210550 -0.812215 0.046634
v 0.223650 -0.812297 0.040584
v 0.187112 -0.817750 0.063257
v 0.186312 -0.807569 0.083747
v 0.233292 -0.818481 0.043594
v 0.237100 -0.808003 0.035872
v 0.241193 -0.813933 0.046010
v 0.236269 -0.778022 0.020645
v 0.229982 -0.811812 0.014816
v 0.246754 -0.817821 0.080127
v 0.241298 -0.775863 0.039610
v 0.231336 -0.774718 0.024997
v 0.234935 -0.773611 0.038706
v 0.233930 -0.758434 0.026694
v 0.236961 -0.746085 0.025412
v 0.229561 -0.770266 0.002971
v 0.236924 -0.748721 0.039234
v 0.231507 -0.743422 0.031205
v 0.248706 -0.775580 0.065173
v 0.239333 -0.772300 0.064097
v 0.227487 -0.732368 0.035556
v 0.230329 -0.737979 0.010735
v 0.225126 -0.718391 0.019509
v 0.219766 -0.722731 0.014352
v 0.213634 -0.704401 0.023753
v 0.227035 -0.716948 0.036034
v 0.207904 -0.693963 0.026566
v 0.215269 -0.697264 0.031545
v 0.220067 -0.715971 0.042547
v 0.232824 -0.719750 0.056063
v 0.212453 -0.700453 0.051105
v 0.224296 -0.701700 0.070778
v 0.234691 -0.736532 0.075706
v 0.229674 -0.721672 0.079537
v 0.232761 -0.713581 0.084572
v 0.206231 -0.689467 0.060643
v 0.223092 -0.694846 0.045527
v 0.219245 -0.701839 0.042610
v 0.207891 -0.678707 0.064657
v 0.214157 -0.680950 0.052804
v 0.210547 -0.690055 0.079803
v 0.206056 -0.694406 0.093880
v 0.221179 -0.704104 0.085017
v 0.216063 -0.695208 0.096179
v 0.186802 -0.677316 0.090651
v 0.193672 -0.679608 0.070380
v 0.183808 -0.673716 0.075037
v 0.165946 -0.671177 0.096840
v 0.173964 -0.670030 0.079586
v 0.157864 -0.666587 0.086330
v 0.184487 -0.687600 0.101581
v 0.189895 -0.685507 0.106806
v 0.168624 -0.686719 0.106907
v 0.144748 -0.659704 0.094070
v 0.132178 -0.665601 0.095233
v 0.141979 -0.669406 0.103652
v 0.122608 -0.657441 0.100202
v 0.184009 -0.664075 0.082173
v 0.179971 -0.654807 0.083338
v 0.157820 -0.653630 0.090659
v 0.139786 -0.689411 0.114021
v 0.156529 -0.687741 0.110179
v 0.150205 -0.678291 0.121721
v 0.127031 -0.689730 0.117848
v 0.121057 -0.681588 0.127685
v 0.168636 -0.680215 0.116833
v 0.165618 -0.694466 0.178369
v 0.172281 -0.691076 0.165193
v 0.159300 -0.697875 0.192737
v 0.133937 -0.705936 0.206209
v 0.099280 -0.702727 0.168773
v 0.087711 -0.693048 0.183449
v 0.106542 -0.706747 0.186706
v 0.080214 -0.729920 0.195270
v 0.059863 -0.771850 0.149574
v 0.066228 -0.784158 0.156605
v 0.071474 -0.788553 0.153300
v 0.055184 -0.761186 0.147715
v 0.062873 -0.756098 0.152624
v 0.055272 -0.764907 0.135579
v 0.073638 -0.814756 0.112286
v 0.080358 -0.784527 0.187038
v 0.087684 -0.810542 0.170251
v 0.084604 -0.788623 0.178899
v 0.075805 -0.811061 0.146889
v 0.132477 -0.814801 0.152905
v 0.093289 -0.815007 0.168948
v 0.127810 -0.814755 0.129213
v 0.141646 -0.807020 0.149461
v 0.138087 -0.807381 0.140210
v 0.134292 -0.806458 0.123954
v 0.150138 -0.815556 0.144744
v 0.145240 -0.805134 0.158206
v 0.129943 -0.808176 0.161577
v 0.140487 -0.814313 0.163710
v 0.166888 -0.807710 0.146197
v 0.191249 -0.816385 0.129541
v 0.143041 -0.815319 0.119253
v 0.082602 -0.377432 0.102938
v 0.102457 -0.380419 0.110125
v 0.106258 -0.422297 0.098273
v 0.093907 -0.452370 0.080203
v 0.131214 -0.474869 0.071510
v 0.108352 -0.233015 0.162549
v 0.102409 -0.275479 0.164058
v 0.093700 -0.280318 0.138915
v 0.108653 -0.271915 0.137089
v 0.125105 -0.261780 0.133055
v 0.119362 -0.325115 0.115751
v 0.127677 -0.261508 0.183922
v 0.111751 -0.271252 0.185313
v 0.120372 -0.248008 0.138205
v 0.144432 -0.217119 0.130871
v 0.106539 -0.227867 0.147954
v 0.125060 -0.265369 0.213815
v 0.124760 -0.257799 0.210916
v 0.121825 -0.261857 0.215016
v 0.118528 -0.267829 0.202641
v 0.104830 -0.254501 0.187898
v 0.114990 -0.243022 0.181606
v 0.091010 -0.236252 0.150074
v 0.141035 -0.248317 0.125031
v 0.137905 -0.281244 0.117582
v 0.081621 -0.342308 0.118298
v 0.093986 -0.326419 0.122137
v 0.101076 -0.362730 0.106946
v 0.118593 -0.375330 0.157872
v 0.105517 -0.373861 0.102093
v 0.112045 -0.368820 0.103451
v 0.118563 -0.381176 0.106653
v 0.114705 -0.371627 0.125149
v 0.122695 -0.431447 0.088569
v 0.146459 -0.421924 0.079791
v 0.130556 -0.418200 0.093644
v 0.130750 -0.412321 0.091312
v 0.132563 -0.377894 0.094872
v 0.153731 -0.402989 0.076808
v 0.159537 -0.369910 0.077222
v 0.124404 -0.373373 0.097835
v 0.139280 -0.370724 0.087371
v 0.092886 -0.348753 0.144579
v 0.124173 -0.351462 0.105192
v 0.143582 -0.364619 0.092892
v 0.150553 -0.355307 0.071169
v 0.142493 -0.365080 0.078512
v 0.159426 -0.414755 0.066601
v 0.131408 -0.333400 0.107618
v 0.139732 -0.442541 0.076467
v 0.068956 -0.439636 0.091412
v 0.123447 -0.448588 0.081425
v 0.132539 -0.451705 0.082992
v 0.136142 -0.462671 0.073292
v 0.154852 -0.472546 0.052186
v 0.145541 -0.543008 0.043919
v 0.157453 -0.509672 0.040825
v 0.164587 -0.455768 0.048128
v 0.167335 -0.417113 0.059118
v 0.146458 -0.446902 0.075612
v 0.157224 -0.436508 0.062325
v 0.160573 -0.469861 0.050330
v 0.178793 -0.459004 0.008650
v 0.178461 -0.554900 0.003281
v 0.177867 -0.535175 -0.000457
v 0.186518 -0.541947 -0.014011
v 0.190185 -0.457442 -0.009778
v 0.167472 -0.562144 0.028274
v 0.157386 -0.549114 0.038422
v 0.159649 -0.585465 0.045281
v 0.184949 -0.544605 0.000483
v 0.190262 -0.575848 -0.014666
v 0.070788 0.028565 0.180904
v 0.101349 0.001590 0.165263
v 0.102990 -0.023188 0.167779
v 0.124317 0.028650 0.148291
v 0.144593 -0.012158 0.131033
v 0.160942 0.028610 0.100164
v 0.155013 -0.003583 0.111422
v 0.152633 -0.019376 0.119119
v 0.106153 -0.012470 0.160085
v 0.102345 -0.026538 0.162633
v 0.102907 -0.015926 0.154664
v 0.090649 -0.005809 0.154999
v 0.115425 -0.031026 0.134655
v 0.118153 -0.035427 0.129117
v 0.099915 -0.002370 0.149457
v 0.110182 -0.016759 0.145059
v 0.114758 -0.006875 0.136414
v 0.096325 -0.101397 0.126901
v 0.083153 -0.128898 0.127152
v 0.108296 -0.173438 0.089169
v 0.126156 -0.184167 0.073052
v 0.122193 -0.161621 0.098669
v 0.125724 -0.145493 0.107608
v 0.132465 -0.106056 0.114512
v 0.152985 -0.118475 0.091972
v 0.156505 -0.060554 0.098110
v 0.137190 -0.159985 0.088331
v 0.126880 -0.004050 0.126021
v 0.117172 -0.018126 0.150533
v 0.117133 -0.024982 0.145403
v 0.121952 -0.027293 0.136779
v 0.136784 -0.033422 0.141516
v 0.127320 -0.035824 0.138421
v 0.133134 -0.038173 0.132933
v 0.152073 -0.033269 0.129251
v 0.148201 -0.035272 0.120335
v 0.139192 -0.048524 0.133329
v 0.137200 -0.014374 0.115878
v 0.143913 -0.013385 0.108721
v 0.153450 -0.142938 0.072056
v 0.144746 -0.168949 0.043486
v 0.140464 -0.273423 0.026589
v 0.125487 -0.278524 0.069926
v 0.112679 -0.283592 0.078611
v 0.083554 -0.286428 0.088732
v 0.092555 -0.289108 0.080486
v 0.093692 -0.289371 0.085183
v 0.126543 -0.230441 0.092714
v 0.123749 -0.205168 0.107081
v 0.144269 -0.211556 0.125041
v 0.145524 -0.243512 0.120182
v 0.155576 -0.219187 0.117675
v 0.141530 -0.259997 0.117764
v 0.147399 -0.216758 0.118982
v 0.131611 -0.215550 0.101415
v 0.160836 -0.201656 0.098629
v 0.154414 -0.207860 0.112365
v 0.166827 -0.267535 0.092871
v 0.162428 -0.212673 0.109646
v 0.158102 -0.279107 0.102228
v 0.182332 -0.278150 0.110045
v 0.145431 0.022361 -0.062991
v 0.094464 -0.409914 -0.176867
v 0.127120 -0.427293 -0.163515
v 0.132267 -0.404479 -0.162620
v 0.172056 -0.418796 -0.128255
v 0.157343 -0.436558 -0.145443
v 0.141372 -0.438708 -0.157061
v 0.154249 -0.400426 -0.147985
v 0.113742 -0.403464 -0.166848
v 0.104463 -0.376108 -0.188382
v 0.079500 -0.369013 -0.188883
v 0.102202 -0.350541 -0.171058
v 0.091835 -0.373810 -0.169685
v 0.117148 -0.373354 -0.163880
v 0.122651 -0.376613 -0.165392
v 0.111480 -0.349455 -0.168008
v 0.143189 -0.377321 -0.152907
v 0.136808 -0.399325 -0.155329
v 0.144166 -0.372715 -0.147974
v 0.130402 -0.346770 -0.160511
v 0.123374 -0.346449 -0.164714
v 0.138929 -0.346990 -0.154592
v 0.162077 -0.394037 -0.133435
v 0.175879 -0.396104 -0.124706
v 0.066221 -0.682664 0.210768
v 0.069501 -0.679424 0.209865
v 0.091742 -0.696466 0.202330
v 0.074052 -0.683071 0.199172
v 0.072697 -0.706995 0.185397
v 0.085588 -0.725009 0.197506
v 0.120559 -0.778234 0.221028
v 0.106149 -0.712433 0.196718
v 0.129416 -0.717864 0.216404
v 0.107003 -0.556076 -0.177913
v 0.116375 -0.552705 -0.166539
v 0.121388 -0.538147 -0.157908
v 0.141519 -0.552582 -0.157834
v 0.144409 -0.581694 -0.155575
v 0.185077 -0.544554 -0.112810
v 0.126453 -0.585512 -0.158655
v 0.143765 -0.584513 -0.146985
v 0.118962 -0.594692 -0.168666
v 0.140989 -0.593777 -0.154369
v 0.118154 -0.607093 -0.167910
v 0.147407 -0.636122 -0.156903
v 0.150259 -0.663578 -0.171332
v 0.176500 -0.647441 -0.130366
v 0.160933 -0.615425 -0.147645
v 0.141527 -0.603899 -0.148738
v 0.177976 -0.612371 -0.126898
v 0.130065 -0.685124 -0.177945
v 0.173128 -0.660562 -0.134697
v 0.181983 -0.680651 -0.130735
v 0.193233 -0.685216 -0.105403
v 0.202286 -0.662630 -0.074302
v 0.180971 -0.659480 -0.108126
v 0.193738 -0.640875 -0.101232
v 0.162222 -0.599286 -0.125350
v 0.110206 -0.623962 0.084782
v 0.147052 -0.616735 0.080125
v 0.098815 -0.626870 0.082850
v 0.144151 -0.815298 0.185211
v 0.147166 -0.808562 0.167638
v 0.152307 -0.815121 0.159177
v 0.150149 -0.806691 0.180798
v 0.144189 -0.812172 0.201657
v 0.108120 -0.809365 0.194275
v 0.102919 -0.814905 0.182775
v 0.107361 -0.806935 0.171619
v 0.093985 -0.801947 0.180294
v 0.102115 -0.787973 0.196385
v 0.109714 -0.782765 0.212726
v 0.093005 -0.783340 0.201672
v 0.110093 -0.784918 0.204479
v 0.132243 -0.795670 0.205979
v 0.126400 -0.810887 0.201611
v 0.133276 -0.784110 0.211918
v 0.170205 -0.783048 0.210790
v 0.172979 -0.794343 0.201893
v 0.153981 -0.803141 0.201674
v 0.155307 -0.806050 0.191250
v 0.168934 -0.811417 0.200679
v 0.159401 -0.813843 0.186247
v 0.194629 -0.817207 0.145879
v 0.116057 -0.813515 -0.112833
v 0.118899 -0.805418 -0.119788
v 0.127155 -0.805669 -0.098420
v 0.120899 -0.814073 -0.152585
v 0.121972 -0.804417 -0.180070
v 0.124340 -0.814854 -0.139687
v 0.129051 -0.806405 -0.131918
v 0.122773 -0.808097 -0.112203
v 0.127367 -0.814747 -0.121905
v 0.133173 -0.811869 -0.096844
v 0.129307 -0.814357 -0.174794
v 0.137861 -0.810805 -0.174645
v 0.160438 -0.813506 -0.151885
v 0.122242 -0.795761 -0.185078
v 0.131510 -0.793495 -0.189493
v 0.146330 -0.692886 -0.178873
v 0.139008 -0.689166 -0.169155
v 0.145106 -0.808260 -0.137672
v 0.146938 -0.793546 -0.181448
v 0.117581 -0.628907 0.075017
v 0.130717 -0.633291 0.075133
v 0.139661 -0.624974 0.071121
v 0.110301 -0.328217 0.147046
v 0.108021 -0.360561 0.171337
v 0.115953 -0.343522 0.166332
v 0.122088 -0.358964 0.185045
v 0.132407 -0.347330 0.135708
v 0.131015 -0.364142 0.175064
v 0.123567 -0.375289 0.198896
v 0.121555 -0.376685 0.172268
v 0.129088 -0.376594 0.199241
v 0.164017 -0.346013 0.080901
v 0.161086 -0.355725 0.069617
v 0.173543 -0.305446 0.077799
v 0.154802 -0.347802 0.060458
v 0.176029 -0.424405 0.030614
v 0.168726 -0.438098 0.055094
v 0.169354 -0.430135 0.045433
v 0.172431 -0.462913 0.033949
v 0.188643 -0.447991 -0.006332
v 0.191226 -0.462216 -0.016747
v 0.189003 -0.464742 -0.019959
v 0.195109 -0.456137 -0.000556
v 0.188904 -0.444333 -0.020528
v 0.185153 -0.520154 -0.026169
v 0.178163 -0.489607 -0.027347
v 0.179606 -0.463839 -0.025817
v 0.192290 -0.455161 -0.046592
v 0.186590 -0.489487 -0.046218
v 0.189309 -0.485493 -0.075219
v 0.195357 -0.451680 -0.065329
v 0.180520 -0.446858 -0.024784
v 0.185113 -0.442995 -0.035313
v 0.190908 -0.452439 -0.040008
v 0.196274 -0.465766 -0.085542
v 0.184126 -0.479457 -0.099379
v 0.172324 -0.469901 -0.119912
v 0.183665 -0.497795 -0.101819
v 0.185445 -0.461558 -0.110604
v 0.160699 -0.481903 -0.135229
v 0.148759 -0.533470 -0.145288
v 0.149461 -0.494493 -0.138119
v 0.170939 -0.503521 -0.115232
v 0.135877 -0.549801 -0.150311
v 0.144135 -0.544772 -0.142138
v 0.157660 -0.544303 -0.130471
v 0.180526 -0.531601 -0.104484
v 0.168873 -0.542300 -0.116825
v 0.175931 -0.541010 -0.108096
v 0.171039 -0.543722 -0.130555
v 0.183688 -0.510581 -0.092652
v 0.193294 -0.535315 -0.104204
v 0.191375 -0.537710 -0.098142
v 0.189957 -0.505344 -0.072860
v 0.187740 -0.526332 -0.058662
v 0.196163 -0.530285 -0.049432
v 0.188828 -0.530868 -0.079124
v 0.196163 -0.538595 -0.057314
v 0.192996 -0.538059 -0.081231
v 0.151456 -0.628751 0.064804
v 0.164524 -0.628875 0.055385
v 0.170035 -0.642063 0.066257
v 0.188064 -0.656160 0.076788
v 0.200559 -0.666978 0.070936
v 0.205184 -0.667676 0.035960
v 0.208036 -0.671209 0.050650
v 0.105703 -0.313296 0.125227
v 0.148937 -0.291546 0.108008
v 0.155601 -0.309315 0.097466
v 0.161161 -0.320425 0.090168
v 0.172782 -0.319041 0.101938
v 0.192496 -0.296049 0.085667
v 0.171979 -0.350253 0.055049
v 0.169001 -0.409430 0.048660
v 0.178377 -0.352527 0.037325
v 0.179932 -0.292502 0.069792
v 0.175860 -0.282770 0.077190
v 0.192887 -0.313460 0.039364
v 0.158688 -0.338789 0.051619
v 0.169387 -0.328603 0.030980
v 0.157408 -0.343819 0.051403
v 0.162222 -0.336879 0.042406
v 0.196831 -0.303091 0.017053
v 0.186334 -0.210193 0.052101
v 0.189919 -0.302625 0.133714
v 0.162540 -0.294332 0.118117
v 0.188042 -0.318194 0.117085
v 0.200825 -0.316651 0.129858
v 0.212921 -0.313329 0.146773
v 0.218388 -0.314161 0.144882
v 0.210005 -0.305718 0.123592
v 0.113901 -0.361804 -0.181932
v 0.112421 -0.352948 -0.172194
v 0.124639 -0.353173 -0.174714
v 0.134924 -0.365370 -0.174449
v 0.147759 -0.357937 -0.163169
v 0.141690 -0.362196 -0.175675
v 0.153168 -0.354027 -0.163429
v 0.157427 -0.334071 -0.156895
v 0.159263 -0.347179 -0.161169
v 0.164780 -0.342517 -0.150674
v 0.149775 -0.342810 -0.146887
v 0.159514 -0.344006 -0.136664
v 0.133255 -0.311358 -0.155374
v 0.137935 -0.299449 -0.144339
v 0.140583 -0.282050 -0.103864
v 0.142628 -0.283662 -0.115134
v 0.160022 -0.290827 -0.085852
v 0.157052 -0.288415 -0.078163
v 0.137444 -0.288184 -0.122542
v 0.157870 -0.296660 -0.092448
v 0.168199 -0.294700 -0.036509
v 0.171493 -0.297256 -0.052732
v 0.154615 -0.278034 -0.069333
v 0.177034 -0.301490 -0.032710
v 0.168948 -0.303642 -0.057083
v 0.177404 -0.322318 -0.058310
v 0.173758 -0.310343 -0.034211
v 0.204244 -0.362009 -0.039920
v 0.174255 -0.304356 -0.012322
v 0.176872 -0.311518 0.004072
v 0.169131 -0.290146 -0.012324
v 0.164253 -0.276615 -0.042564
v 0.172761 -0.308090 0.013138
v 0.171527 -0.291098 0.013151
v 0.167795 -0.282405 0.016777
v 0.176192 -0.280535 0.011797
v 0.161981 -0.254435 -0.020430
v 0.125108 -0.062884 -0.102328
v 0.125389 -0.051873 -0.101690
v 0.129738 -0.034322 -0.078002
v 0.135417 -0.036214 -0.084298
v 0.141444 -0.027125 -0.077304
v 0.152837 -0.029548 -0.060933
v 0.140893 -0.781005 0.225046
v 0.144986 -0.735833 0.222307
v 0.137268 -0.716961 0.214343
v 0.187940 -0.776838 0.218706
v 0.182428 -0.703624 0.205008
v 0.147666 -0.716453 0.219283
v 0.170029 -0.680490 0.199505
v 0.186450 -0.703497 0.202608
v 0.168292 -0.715150 0.217850
v 0.184616 -0.660333 0.209360
v 0.194455 -0.682549 0.191749
v 0.206900 -0.709182 0.196436
v 0.189259 -0.665520 0.201085
v 0.179238 -0.674132 0.184630
v 0.183571 -0.658018 0.204294
v 0.136345 0.001337 -0.046571
v 0.143243 -0.022813 -0.030943
v 0.145771 -0.026557 -0.024184
v 0.146098 -0.019944 -0.028967
v 0.122164 0.007337 -0.071581
v 0.138183 -0.271033 0.059253
v 0.142508 -0.220866 0.072619
v 0.151630 -0.266539 0.042720
v 0.159235 -0.188829 0.049545
v 0.163017 -0.225828 0.030767
v 0.130101 -0.275115 0.046969
v 0.141649 -0.274198 0.012419
v 0.148265 -0.266990 0.026690
v 0.167528 -0.248347 0.021244
v 0.190436 -0.241975 0.030158
v 0.144569 -0.204569 0.082778
v 0.152402 -0.195615 0.065831
v 0.168915 -0.190980 0.077312
v 0.177944 -0.191452 0.070217
v 0.169973 -0.204181 0.092411
v 0.132506 -0.802039 -0.074670
v 0.131959 -0.804336 -0.084606
v 0.141026 -0.811931 -0.077227
v 0.173577 -0.812916 -0.087429
v 0.158773 -0.801641 -0.077757
v 0.156215 -0.015124 0.102178
v 0.147161 -0.021184 0.113181
v 0.147884 -0.015887 0.100947
v 0.154203 -0.021223 0.091927
v 0.158917 -0.023135 0.081528
v 0.166021 -0.018886 0.082362
v 0.163526 -0.027655 0.077768
v 0.174813 -0.029754 0.061507
v 0.166861 -0.064607 0.062483
v 0.163332 -0.029803 0.060918
v 0.166313 0.041149 0.030938
v 0.159985 -0.020352 0.038743
v 0.144528 -0.268313 -0.006952
v 0.153816 -0.262547 0.011299
v 0.162908 -0.263820 0.007666
v 0.165738 -0.275211 0.020276
v 0.163609 -0.192464 0.045516
v 0.175357 -0.184088 0.057152
v 0.136777 -0.016093 0.120973
v 0.145506 -0.046495 0.138140
v 0.140742 0.000975 -0.044221
v 0.140215 -0.001419 -0.040305
v 0.145128 -0.030455 -0.052536
v 0.143008 -0.009745 -0.035534
v 0.148025 -0.027294 -0.035851
v 0.144355 -0.008113 -0.032090
v 0.143730 -0.008230 -0.030440
v 0.145798 -0.011694 -0.019403
v 0.154869 -0.038567 -0.014739
v 0.149180 -0.023655 -0.018371
v 0.147002 -0.025292 -0.015215
v 0.148735 -0.026778 -0.016149
v 0.150874 -0.025794 -0.011760
v 0.147449 -0.016528 -0.005448
v 0.151486 -0.025975 0.003188
v 0.150212 -0.019296 -0.013864
v 0.148037 -0.002454 -0.012810
v 0.156575 -0.029496 -0.044504
v 0.141442 -0.256116 -0.027978
v 0.148796 -0.245755 -0.053592
v 0.155687 -0.311137 -0.134220
v 0.152523 -0.297512 -0.103091
v 0.177755 -0.332420 -0.129020
v 0.160558 -0.371451 -0.131207
v 0.185378 -0.406977 -0.104891
v 0.164911 -0.376232 -0.132747
v 0.184949 -0.378927 -0.100706
v 0.174330 -0.373437 -0.111565
v 0.177614 -0.354285 -0.108231
v 0.169211 -0.349830 -0.123364
v 0.181935 -0.357125 -0.097374
v 0.187097 -0.359759 -0.083544
v 0.204877 -0.382487 -0.105260
v 0.200739 -0.371809 -0.091162
v 0.187797 -0.377583 -0.077420
v 0.179583 -0.391014 -0.107188
v 0.190800 -0.394672 -0.096638
v 0.196297 -0.384123 -0.060461
v 0.190285 -0.363222 -0.069681
v 0.191065 -0.364438 -0.044646
v 0.190879 -0.382995 -0.048674
v 0.198486 -0.382923 -0.050746
v 0.189646 -0.367431 -0.028485
v 0.183714 -0.368453 -0.007920
v 0.183672 -0.378425 -0.010916
v 0.190069 -0.369119 -0.004416
v 0.210106 -0.378499 -0.017884
v 0.199012 -0.367612 -0.040934
v 0.207949 -0.370721 -0.027994
v 0.208997 -0.373254 -0.054526
v 0.203063 -0.374659 -0.052584
v 0.205799 -0.367382 -0.088929
v 0.210401 -0.375079 -0.068938
v 0.209153 -0.380923 -0.106245
v 0.204027 -0.355615 -0.082066
v 0.202105 -0.368608 -0.113003
v 0.203341 -0.375571 -0.070310
v 0.211188 -0.388759 -0.060873
v 0.214544 -0.387041 -0.059130
v 0.212634 -0.375149 -0.015812
v 0.145397 -0.197330 0.011247
v 0.143096 -0.273816 0.010647
v 0.144880 -0.260218 -0.020536
v 0.195443 -0.651946 0.031934
v 0.175139 -0.615505 0.065527
v 0.190168 -0.620996 0.043443
v 0.174547 -0.622483 0.063556
v 0.175251 -0.631319 0.044070
v 0.178530 -0.590838 0.024073
v 0.182986 -0.635835 0.032592
v 0.198043 -0.631472 0.028286
v 0.193282 -0.607473 0.012909
v 0.201574 -0.613421 0.016399
v 0.196385 -0.620681 0.022994
v 0.204423 -0.637076 0.009413
v 0.192633 -0.643049 0.016126
v 0.196305 -0.644989 0.005643
v 0.189675 -0.639502 0.023065
v 0.197048 -0.645216 0.025231
v 0.215341 -0.681961 0.037269
v 0.153393 -0.125616 0.030826
v 0.148603 -0.031214 0.006821
v 0.155482 -0.023920 0.023047
v 0.163750 -0.103542 0.064232
v 0.152404 0.001243 0.003448
v 0.150573 -0.001456 -0.005623
v 0.155937 -0.002633 0.005504
v 0.154257 0.001792 0.016036
v 0.160246 -0.007907 0.035542
v 0.157581 0.003643 0.020758
v 0.159033 0.000561 0.029808
v 0.163501 -0.016559 0.037144
v 0.157361 -0.047005 0.003077
v 0.177480 -0.701710 -0.143200
v 0.148349 -0.694229 -0.159090
v 0.158381 -0.698100 -0.149415
v 0.162560 -0.741263 -0.172193
v 0.165609 -0.722413 -0.164505
v 0.159433 -0.695337 -0.169021
v 0.169272 -0.709846 -0.165181
v 0.168634 -0.701890 -0.138970
v 0.183807 -0.712849 -0.116796
v 0.193964 -0.717347 -0.121873
v 0.191538 -0.714831 -0.117277
v 0.175774 -0.702819 -0.152417
v 0.175659 -0.716938 -0.159138
v 0.174739 -0.720813 -0.150676
v 0.164242 -0.793494 -0.166302
v 0.190824 -0.796125 -0.117755
v 0.194717 -0.747128 -0.108328
v 0.176416 -0.706315 -0.128999
v 0.157641 -0.582754 -0.133513
v 0.177576 -0.596355 -0.098946
v 0.190214 -0.612761 -0.103978
v 0.199599 -0.626456 -0.054266
v 0.207511 -0.647646 -0.058488
v 0.197620 -0.604139 -0.064298
v 0.182494 -0.582381 -0.094424
v 0.177300 -0.576764 -0.103749
v 0.188375 -0.579035 -0.108173
v 0.169026 -0.578902 -0.117089
v 0.169444 -0.587367 -0.121580
v 0.181834 -0.573642 -0.109903
v 0.166040 -0.577931 -0.132721
v 0.162475 -0.266879 0.025370
v 0.145276 -0.796787 -0.171798
v 0.164795 -0.796899 -0.152008
v 0.165137 -0.807103 -0.145786
v 0.181151 -0.794061 -0.141237
v 0.193533 -0.769284 -0.113043
v 0.191176 -0.755209 -0.116867
v 0.191384 -0.724072 -0.100435
v 0.200220 -0.754696 -0.113604
v 0.199569 -0.729611 -0.099468
v 0.204734 -0.642670 -0.035920
v 0.199743 -0.672490 -0.036459
v 0.190838 -0.665678 -0.015277
v 0.206894 -0.681228 -0.009578
v 0.201691 -0.675643 -0.068093
v 0.179268 -0.648708 -0.007575
v 0.194653 -0.625968 -0.039649
v 0.174960 -0.635318 -0.007800
v 0.180362 -0.656690 -0.005236
v 0.191283 -0.663250 0.000386
v 0.173639 -0.620930 -0.012857
v 0.176541 -0.813083 -0.113897
v 0.185609 -0.799932 -0.090862
v 0.183139 -0.797584 -0.108422
v 0.178040 -0.797541 -0.126627
v 0.172673 -0.809987 -0.135167
v 0.165002 -0.814941 -0.139097
v 0.182010 -0.798728 -0.084963
v 0.187264 -0.791478 -0.082610
v 0.206108 -0.803036 -0.004597
v 0.195988 -0.798022 -0.034179
v 0.200885 -0.767324 -0.053474
v 0.197435 -0.795475 -0.088030
v 0.202443 -0.764973 -0.089697
v 0.199495 -0.793578 -0.097989
v 0.144110 -0.006050 -0.030700
v 0.144110 -0.006050 -0.030700
v 0.144500 -0.004890 -0.030960
v 0.154428 -0.033415 -0.048858
v 0.158699 -0.032575 -0.029704
v 0.158203 -0.003661 -0.030726
v 0.163448 -0.044038 -0.006434
v 0.162569 0.044134 0.016134
v 0.160643 -0.439448 -0.133976
v 0.170521 -0.434747 -0.133246
v 0.172621 -0.436315 -0.121996
v 0.185709 -0.430785 -0.117284
v 0.183183 -0.436554 -0.108845
v 0.194763 -0.442697 -0.076011
v 0.200409 -0.445280 -0.074838
v 0.193008 -0.432521 -0.079589
v 0.203296 -0.449505 -0.067516
v 0.196620 -0.420834 -0.084553
v 0.188485 -0.426919 -0.104271
v 0.206384 -0.418319 -0.078582
v 0.189005 -0.391847 -0.086077
v 0.194308 -0.393119 -0.066303
v 0.198078 -0.398106 -0.073117
v 0.201007 -0.419164 -0.065151
v 0.200575 -0.459856 -0.038214
v 0.192971 -0.462198 -0.028161
v 0.204772 -0.403505 -0.059622
v 0.217067 -0.426109 -0.042942
v 0.218006 -0.408882 -0.034140
v 0.204247 -0.397891 -0.068815
v 0.200826 -0.389470 -0.032176
v 0.202308 -0.400368 -0.055471
v 0.205442 -0.407476 -0.042982
v 0.190030 -0.388178 -0.033161
v 0.186987 -0.393582 -0.023234
v 0.189683 -0.359845 0.001460
v 0.191604 -0.391757 -0.004520
v 0.185021 -0.394478 -0.015306
v 0.190425 -0.404236 -0.036771
v 0.184244 -0.411535 -0.017695
v 0.187749 -0.408284 -0.030607
v 0.187497 -0.399390 -0.014769
v 0.190764 -0.782880 0.212324
v 0.201844 -0.783365 0.197388
v 0.189321 -0.807726 0.138877
v 0.203722 -0.809263 0.142847
v 0.206952 -0.808588 0.128625
v 0.211592 -0.807503 0.154552
v 0.213093 -0.814121 0.169626
v 0.224417 -0.815460 0.156473
v 0.207692 -0.816503 0.139599
v 0.190636 -0.808017 0.100290
v 0.252237 -0.787789 0.076006
v 0.253993 -0.780115 0.070240
v 0.239257 -0.755593 0.070271
v 0.197860 -0.698466 0.179198
v 0.196416 -0.700487 0.188812
v 0.200310 -0.716204 0.206248
v 0.225303 -0.705760 0.133020
v 0.230346 -0.711484 0.157289
v 0.224081 -0.712421 0.178100
v 0.228131 -0.724231 0.186402
v 0.227650 -0.699180 0.091571
v 0.246267 -0.698634 0.153899
v 0.235541 -0.777200 0.188490
v 0.247822 -0.724659 0.149954
v 0.198995 -0.777820 0.214645
v 0.204556 -0.782686 0.207716
v 0.214535 -0.781278 0.205182
v 0.210993 -0.795738 0.183706
v 0.214870 -0.810325 0.177678
v 0.244706 -0.788085 0.154458
v 0.224907 -0.805680 0.166619
v 0.187437 -0.359142 0.030867
v 0.180940 -0.369158 0.025050
v 0.177321 -0.403072 0.027647
v 0.186763 -0.395691 0.006917
v 0.191129 -0.356626 0.007274
v 0.179103 -0.409086 0.034511
v 0.164205 -0.023114 0.051456
v 0.170113 -0.034136 0.057706
v 0.168153 -0.028413 0.031133
v 0.167700 -0.034292 0.045068
v 0.163096 -0.028402 0.011935
v 0.175150 -0.025103 0.025335
v 0.174378 -0.026090 0.012061
v 0.177677 -0.033663 0.041927
v 0.169452 -0.047341 0.003646
v 0.165340 -0.054753 0.007734
v 0.178101 -0.335503 0.038855
v 0.170923 -0.318857 0.028835
v 0.199749 -0.296371 0.017195
v 0.186411 -0.327399 0.024456
v 0.185632 -0.348570 0.021698
v 0.184854 -0.327129 0.015301
v 0.175488 -0.327055 0.008598
v 0.175079 -0.316723 -0.001587
v 0.183513 -0.341434 0.003769
v 0.196380 -0.363669 -0.005769
v 0.163339 -0.313673 -0.105646
v 0.167983 -0.312429 -0.099110
v 0.186820 -0.331851 -0.096458
v 0.182830 -0.337437 -0.115273
v 0.192908 -0.362087 -0.124824
v 0.192743 -0.369057 -0.114346
v 0.173832 -0.344569 -0.145219
v 0.184081 -0.357736 -0.130956
v 0.172825 -0.351328 -0.137080
v 0.194641 -0.265888 0.023115
v 0.182530 -0.205123 0.047262
v 0.183020 -0.300632 0.006313
v 0.181336 -0.428990 0.032203
v 0.186750 -0.429980 0.010407
v 0.188682 -0.440579 0.001714
v 0.188796 -0.448467 0.001165
v 0.194784 -0.435613 0.013930
v 0.189268 -0.420991 0.011205
v 0.203239 -0.432700 0.008416
v 0.196352 -0.415212 0.013462
v 0.186956 -0.414951 0.006205
v 0.190820 -0.400936 0.008527
v 0.186288 -0.403079 0.017170
v 0.198905 -0.416178 -0.006256
v 0.181121 -0.419171 0.017499
v 0.199100 -0.394021 0.005863
v 0.203943 -0.426004 -0.011778
v 0.200343 -0.409905 -0.019195
v 0.213837 -0.413869 -0.020058
v 0.168680 -0.578513 -0.025438
v 0.170286 -0.590290 -0.021811
v 0.188136 -0.584157 -0.021219
v 0.186747 -0.597936 -0.038796
v 0.172886 -0.563424 -0.027134
v 0.175774 -0.515314 -0.029132
v 0.195523 -0.601618 -0.008116
v 0.192321 -0.610659 -0.013111
v 0.174231 -0.606238 -0.017014
v 0.200213 -0.622779 0.010554
v 0.199529 -0.630904 -0.002764
v 0.192032 -0.640904 -0.003858
v 0.172739 -0.320562 0.016420
v 0.181773 -0.571055 -0.045590
v 0.186792 -0.561632 -0.046104
v 0.180667 -0.575374 -0.051206
v 0.185018 -0.577340 -0.060282
v 0.190418 -0.582393 -0.041589
v 0.189316 -0.574497 -0.033536
v 0.191245 -0.540566 -0.033539
v 0.197268 -0.553720 -0.033417
v 0.195431 -0.577889 -0.045484
v 0.184957 -0.532292 -0.048928
v 0.187842 -0.532984 -0.043740
v 0.193293 -0.554414 -0.047774
v 0.202539 -0.545757 -0.065894
v 0.186760 -0.591625 -0.063624
v 0.199100 -0.571615 -0.081975
v 0.188830 -0.579360 -0.065491
v 0.212715 -0.812432 -0.003446
v 0.213072 -0.817924 0.004976
v 0.221103 -0.813642 0.001748
v 0.219064 -0.777539 -0.006796
v 0.224049 -0.749052 0.007675
v 0.220572 -0.771086 0.005524
v 0.215624 -0.768981 -0.010205
v 0.196004 -0.741338 -0.087216
v 0.207030 -0.690086 -0.053317
v 0.197299 -0.683420 0.015305
v 0.211362 -0.695472 -0.011062
v 0.191245 -0.539797 -0.112824
v 0.189132 -0.578909 -0.094268
v 0.201754 -0.539977 -0.080163
v 0.201824 -0.467830 -0.016105
v 0.203515 -0.449185 -0.052258
v 0.203588 -0.445099 -0.045578
v 0.202190 -0.452618 -0.001562
v 0.203301 -0.446689 -0.020034
v 0.199637 -0.437793 -0.007444
v 0.192836 -0.574845 -0.104209
v 0.191906 -0.407293 -0.025820
v 0.189788 -0.443711 -0.030022
v 0.201591 -0.293905 0.129719
v 0.200428 -0.300578 0.103425
v 0.189753 -0.439430 -0.045056
v 0.208431 -0.770519 -0.028497
v 0.193394 -0.763545 -0.083472
v 0.201393 -0.761658 -0.099149
v 0.203496 -0.743376 -0.093393
v 0.215791 -0.670993 0.041947
v 0.203659 -0.668865 0.013031
v 0.198543 -0.672238 0.008078
v 0.213230 -0.682577 0.026055
v 0.251819 -0.810262 0.104098
v 0.257005 -0.783167 0.094454
v 0.254275 -0.787774 0.129201
v 0.247126 -0.815859 0.109338
v 0.196103 -0.533454 -0.038819
v 0.197362 -0.809043 0.123562
v 0.206028 -0.817558 0.121116
v 0.221457 -0.809728 0.124120
v 0.193010 -0.816271 0.087081
v 0.243333 -0.807838 0.118352
v 0.219313 -0.817307 0.131488
v 0.237235 -0.812478 0.153074
v 0.225982 -0.785475 0.180260
v 0.214683 -0.770570 0.206037
v 0.250430 -0.731497 0.152791
v 0.249985 -0.725084 0.139459
v 0.195113 -0.254352 0.032359
v 0.201298 -0.766202 -0.108597
v 0.193571 -0.437737 -0.025735
v 0.197173 -0.439207 -0.028743
v 0.195698 -0.435698 -0.044023
v 0.197048 -0.439927 -0.036424
v 0.209119 -0.411661 -0.028609
v 0.202506 -0.428813 -0.048555
v 0.200315 -0.425545 -0.051088
v 0.201856 -0.415059 -0.047181
v 0.201489 -0.413503 -0.024159
v 0.199813 -0.421112 -0.023614
v 0.218843 -0.309367 0.146948
v 0.237613 -0.784399 0.180790
v 0.253473 -0.782414 0.158474
v 0.258805 -0.783383 0.126483
v 0.253139 -0.706771 0.131807
v 0.232358 -0.710371 0.128531
v 0.238750 -0.717398 0.124044
v 0.242797 -0.695825 0.140132
v 0.255607 -0.709809 0.150198
v 0.263474 -0.682893 0.147142
v 0.268764 -0.685452 0.148307
v 0.247435 -0.739937 0.109560
v 0.252846 -0.766182 0.100910
v 0.247246 -0.814859 0.127649
v 0.242262 -0.741541 0.077250
v 0.247751 -0.756362 0.073256
v 0.258201 -0.765824 0.090729
v 0.251449 -0.765869 0.080961
vn -0.4485 0.0789 0.8903
vn -0.3131 0.0778 0.9465
vn -0.2425 -0.0737 0.9674
vn -0.4930 0.0233 0.8697
vn -0.4276 0.0461 0.9028
vn -0.2246 0.0058 0.9744
vn -0.2029 0.0176 0.9790
vn 0.4103 0.0303 -0.9114
vn 0.3554 0.0185 -0.9346
vn 0.2865 -0.0682 -0.9556
vn 0.5110 -0.0950 -0.8543
vn 0.4490 -0.0809 -0.8899
vn 0.4561 -0.0626 -0.8877
vn 0.0685 -0.0274 -0.9973
vn 0.3341 -0.1341 -0.9330
vn 0.0582 -0.0477 -0.9972
vn 0.4379 0.0389 -0.8982
vn 0.3010 0.0465 -0.9525
vn 0.2978 0.0410 -0.9537
vn 0.2985 0.0422 -0.9535
vn 0.2969 -0.0161 -0.9548
vn -0.7744 -0.4027 -0.4880
vn -0.8420 0.0189 -0.5391
vn -0.7890 0.1069 -0.6050
vn -0.7637 -0.4624 -0.4506
vn -0.7140 -0.1170 -0.6903
vn -0.8619 -0.1094 -0.4951
vn -0.8708 -0.3325 -0.3621
vn -0.7498 0.4184 -0.5126
vn -0.6128 0.0149 -0.7901
vn -0.4659 -0.4641 -0.7533
vn -0.6148 0.3261 -0.7181
vn -0.5080 -0.0168 -0.8612
vn -0.7707 -0.5577 0.3082
vn -0.3532 -0.8506 0.3894
vn -0.6235 -0.7778 -0.0794
vn -0.3672 -0.8999 0.2354
vn -0.9283 -0.1846 -0.3228
vn -0.3625 -0.8864 0.2879
vn -0.5172 -0.8181 0.2515
vn -0.9464 -0.2542 -0.1990
vn -0.9396 -0.2632 -0.2190
vn -0.9402 -0.2313 -0.2502
vn -0.9771 -0.0208 -0.2119
vn -0.9771 -0.0207 -0.2119
vn -0.5577 0.8106 -0.1787
vn -0.6117 0.7899 -0.0434
vn -0.9514 -0.2657 -0.1558
vn -0.7149 0.6870 -0.1300
vn -0.7604 0.6439 -0.0847
vn -0.9272 -0.3366 0.1644
vn -0.9269 -0.3371 0.1651
vn -0.8384 0.5451 0.0062
vn -0.7715 0.6290 -0.0956
vn -0.7414 -0.6466 -0.1794
vn -0.6431 -0.7144 -0.2756
vn -0.7930 -0.5804 -0.1854
vn -0.9574 -0.2008 -0.2077
vn -0.8378 -0.5069 -0.2028
vn -0.9617 -0.1827 -0.2041
vn -0.6580 -0.7366 -0.1563
vn -0.7807 -0.6064 -0.1510
vn -0.7191 0.6923 -0.0595
vn -0.7771 0.6189 -0.1147
vn -0.9161 -0.3479 0.1992
vn -0.7226 0.6908 0.0269
vn -0.7226 0.6908 0.0270
vn -0.7226 0.6907 0.0271
vn -0.7227 0.6907 0.0271
vn -0.6717 0.7408 -0.0053
vn -0.8239 -0.5583 0.0969
vn -0.5286 -0.4684 -0.7079
vn -0.8716 -0.4771 -0.1122
vn -0.9895 -0.1420 0.0263
vn -0.9416 -0.3344 0.0390
vn -0.8248 -0.5335 0.1876
vn -0.7912 -0.5967 0.1339
vn -0.7684 -0.6334 0.0916
vn -0.6631 -0.7426 0.0938
vn -0.6629 -0.7428 0.0938
vn -0.9242 -0.3781 0.0538
vn -0.9074 -0.4076 0.1021
vn -0.9681 -0.1866 -0.1675
vn -0.1966 -0.0304 0.9800
vn -0.6363 -0.0319 0.7708
vn -0.2912 0.0093 0.9566
vn -0.7933 -0.1596 0.5875
vn -0.1144 0.0218 -0.9932
vn -0.5091 -0.8604 0.0202
vn -0.1664 0.0314 -0.9856
vn 0.4578 -0.2468 -0.8541
vn 0.4573 -0.2469 -0.8544
vn 0.4572 -0.2469 -0.8544
vn 0.6581 -0.0097 -0.7529
vn 0.6571 -0.0084 -0.7537
vn 0.6611 -0.0137 -0.7501
vn 0.6618 -0.0147 -0.7495
vn -0.2064 0.1160 -0.9716
vn -0.2097 0.1194 -0.9705
vn -0.2067 0.1163 -0.9715
vn -0.0960 0.0423 -0.9945
vn -0.2926 -0.0784 -0.9530
vn -0.1723 0.1546 -0.9728
vn -0.0639 0.1378 -0.9884
vn 0.6941 -0.0594 -0.7175
vn 0.5161 0.0565 -0.8547
vn 0.5550 0.1377 -0.8204
vn 0.5555 0.1358 -0.8203
vn 0.5549 0.1382 -0.8204
vn 0.5260 0.0347 -0.8498
vn -0.9633 -0.1938 -0.1855
vn 0.0963 0.0550 -0.9938
vn 0.0647 -0.0834 -0.9944
vn 0.7033 0.0303 -0.7102
vn 0.4567 -0.2470 -0.8547
vn -0.8391 -0.5261 -0.1388
vn 0.1709 -0.2201 0.9604
vn 0.6009 -0.3127 0.7356
vn -0.8299 -0.5211 -0.1994
vn -0.2412 0.2555 0.9362
vn 0.0319 -0.9978 0.0583
vn -0.3797 0.1481 0.9132
vn 0.0701 -0.1353 0.9883
vn 0.6576 -0.2844 0.6976
vn 0.2740 -0.1381 0.9518
vn -0.1697 -0.0453 0.9845
vn -0.5393 -0.1008 0.8361
vn -0.2058 0.1153 -0.9718
vn 0.8706 -0.2276 -0.4362
vn 0.1839 -0.0030 0.9829
vn 0.2548 0.1164 0.9600
vn 0.4246 -0.3467 0.8364
vn 0.0392 -0.0800 -0.9960
vn -0.1309 -0.0109 -0.9913
vn -0.9995 -0.0189 0.0250
vn -0.8850 -0.1667 0.4347
vn -0.6434 -0.3669 0.6719
vn 0.9222 -0.3813 -0.0638
vn 0.6808 -0.4856 -0.5484
vn -0.4654 -0.3470 -0.8143
vn -0.5831 -0.0291 -0.8119
vn -0.5785 -0.3901 -0.7164
vn -0.8378 -0.1908 -0.5115
vn -0.7296 0.2274 -0.6449
vn -0.7355 0.4479 -0.5084
vn -0.3265 -0.9048 0.2734
vn -0.7566 0.4440 -0.4800
vn -0.7381 -0.4926 -0.4610
vn -0.5544 -0.5385 -0.6345
vn -0.6441 -0.4774 -0.5977
vn -0.7435 0.0495 -0.6669
vn -0.7528 -0.0591 -0.6556
vn -0.6310 -0.4492 -0.6325
vn -0.2792 -0.8079 -0.5190
vn -0.5085 -0.3218 -0.7987
vn -0.6988 -0.3393 -0.6297
vn -0.5097 -0.7943 -0.3306
vn -0.8084 -0.3999 -0.4321
vn -0.4938 -0.3511 -0.7955
vn -0.4891 -0.3563 -0.7962
vn -0.4931 -0.3519 -0.7957
vn -0.3747 -0.2411 -0.8952
vn -0.8148 -0.4183 -0.4015
vn -0.2551 -0.3679 -0.8942
vn -0.2161 -0.2735 -0.9373
vn -0.0829 -0.4838 -0.8713
vn -0.4423 0.0871 -0.8926
vn -0.4885 0.1851 -0.8527
vn -0.0492 -0.2145 -0.9755
vn -0.0975 0.1355 -0.9860
vn 0.2023 -0.3175 -0.9264
vn -0.0095 -0.1730 -0.9849
vn -0.0956 0.2481 -0.9640
vn -0.0008 -0.1678 -0.9858
vn 0.0498 -0.1662 -0.9848
vn 0.0514 -0.1648 -0.9850
vn 0.0505 -0.1656 -0.9849
vn -0.8353 -0.4284 -0.3445
vn -0.9077 -0.3830 -0.1713
vn -0.9054 -0.4070 -0.1208
vn -0.7755 0.4206 -0.4709
vn -0.8674 -0.0943 -0.4885
vn 0.2244 -0.6359 0.7384
vn -0.4480 0.1083 -0.8875
vn -0.3238 -0.0435 -0.9451
vn -0.0395 0.0445 0.9982
vn -0.0605 0.0114 0.9981
vn -0.5502 -0.1018 0.8288
vn -0.5716 -0.1027 0.8140
vn -0.6711 -0.0633 0.7386
vn -0.7476 -0.0520 0.6621
vn -0.3399 -0.3408 0.8765
vn -0.6158 -0.0494 0.7864
vn -0.4920 -0.0874 0.8662
vn -0.4834 -0.1121 0.8682
vn -0.4829 -0.1123 0.8684
vn -0.4840 -0.1115 0.8679
vn -0.4883 -0.1080 0.8660
vn -0.2438 -0.0455 0.9688
vn 0.0943 -0.1884 0.9775
vn 0.0264 -0.3085 0.9509
vn 0.2702 -0.0852 0.9590
vn 0.7667 -0.2825 0.5765
vn 0.9139 -0.3914 -0.1079
vn 0.9430 -0.3325 0.0146
vn 0.9380 -0.3455 0.0296
vn 0.8725 -0.4445 -0.2029
vn 0.9411 -0.3058 -0.1441
vn 0.9380 -0.2954 -0.1812
vn -0.9766 -0.0943 -0.1931
vn -0.9174 -0.0801 -0.3898
vn -0.9102 -0.0901 -0.4043
vn -0.9836 -0.1796 -0.0144
vn -0.8913 -0.3022 0.3380
vn -0.5649 -0.4416 -0.6971
vn -0.9825 0.1848 0.0234
vn -0.9539 0.1812 0.2392
vn -0.9533 0.1816 0.2413
vn -0.9564 0.1808 0.2292
vn -0.9817 0.1903 -0.0008
vn -0.9568 0.1819 0.2267
vn -0.9913 0.1031 0.0823
vn -0.2522 -0.5340 -0.8070
vn -0.9810 -0.1115 -0.1587
vn -0.3679 -0.7427 -0.5595
vn -0.3709 -0.7406 -0.5603
vn -0.3622 -0.7467 -0.5579
vn -0.8999 0.4032 0.1663
vn -0.9905 0.0679 -0.1195
vn -0.9408 -0.1039 -0.3225
vn -0.9497 -0.1372 -0.2814
vn -0.9398 -0.1121 -0.3229
vn -0.9513 -0.2674 -0.1533
vn -0.9709 -0.1114 0.2121
vn -0.8883 -0.4410 0.1282
vn -0.8884 -0.4422 0.1235
vn -0.8884 -0.4424 0.1225
vn -0.8883 -0.4409 0.1288
vn -0.8684 0.3273 -0.3724
vn -0.6955 0.7099 -0.1115
vn -0.6672 0.7406 -0.0790
vn -0.8469 -0.1174 -0.5186
vn -0.5564 0.8157 -0.1583
vn -0.7084 0.7040 -0.0512
vn -0.5912 0.8048 0.0530
vn -0.8855 -0.3007 -0.3541
vn -0.9370 -0.2807 -0.2078
vn -0.6000 -0.7545 -0.2658
vn -0.9277 -0.2373 -0.2882
vn -0.8187 -0.2343 -0.5242
vn -0.7944 -0.1718 -0.5826
vn -0.6618 -0.1981 -0.7230
vn -0.5964 0.7673 -0.2358
vn -0.8686 -0.2279 -0.4401
vn -0.1334 -0.8928 0.4303
vn -0.8414 -0.1790 -0.5099
vn 0.4985 -0.7578 0.4209
vn -0.1664 -0.9753 0.1454
vn -0.8431 0.4742 -0.2536
vn -0.6763 0.6434 -0.3586
vn -0.6814 0.6588 -0.3189
vn -0.8739 0.3323 -0.3548
vn -0.9571 0.1449 -0.2510
vn -0.7851 0.3051 -0.5390
vn -0.7887 0.3639 -0.4956
vn -0.7644 0.3432 -0.5458
vn -0.5956 -0.5608 0.5752
vn -0.8574 -0.3722 0.3554
vn -0.6839 -0.0938 -0.7235
vn 0.5690 -0.5959 -0.5668
vn 0.2510 -0.3525 -0.9015
vn 0.8767 -0.3048 0.3722
vn -0.7269 -0.2845 -0.6251
vn -0.1401 -0.5178 0.8440
vn -0.8424 -0.5198 0.1420
vn 0.2542 -0.5835 0.7713
vn 0.2971 -0.2583 0.9192
vn -0.5904 0.3246 -0.7389
vn -0.1897 -0.8781 -0.4393
vn -0.0191 -0.9275 -0.3734
vn -0.3274 -0.7427 0.5840
vn 0.5235 -0.7039 0.4801
vn 0.8142 -0.0575 0.5778
vn 0.5923 -0.6628 0.4581
vn 0.5673 -0.6516 0.5036
vn -0.6656 -0.2467 -0.7044
vn -0.4288 0.8828 -0.1918
vn -0.6645 -0.3644 -0.6525
vn -0.5666 -0.0754 -0.8205
vn -0.4662 0.7623 -0.4490
vn -0.5467 -0.1497 -0.8238
vn 0.3039 -0.8305 0.4668
vn 0.1850 -0.3915 0.9014
vn 0.3282 -0.8365 0.4388
vn -0.3774 -0.7630 -0.5247
vn -0.3820 -0.2871 -0.8784
vn -0.3186 0.8879 -0.3317
vn -0.0480 -0.1432 -0.9885
vn 0.4594 -0.4317 0.7763
vn 0.0441 -0.4546 -0.8896
vn -0.1651 -0.2358 -0.9577
vn 0.6752 -0.6935 0.2512
vn 0.6700 -0.6522 0.3545
vn 0.6466 -0.6076 -0.4613
vn -0.2240 0.2909 -0.9302
vn 0.4898 -0.2819 -0.8250
vn 0.4896 -0.2817 -0.8252
vn -0.1633 -0.1387 -0.9768
vn -0.2627 0.8706 -0.4160
vn -0.2326 -0.1432 -0.9620
vn -0.3285 -0.0697 -0.9419
vn -0.2776 0.8572 -0.4338
vn -0.2452 0.8529 -0.4609
vn 0.1278 -0.9575 -0.2586
vn 0.0565 -0.0617 -0.9965
vn -0.0072 -0.0494 -0.9988
vn 0.5886 -0.8033 0.0903
vn 0.5499 -0.3591 -0.7541
vn -0.2246 0.8599 -0.4584
vn -0.0262 -0.1381 -0.9901
vn 0.7351 -0.5345 -0.4171
vn -0.1460 0.3409 -0.9287
vn -0.3971 0.3387 -0.8530
vn -0.3984 0.3399 -0.8519
vn -0.3920 0.3341 -0.8571
vn -0.1362 -0.7297 0.6700
vn -0.6826 -0.0777 -0.7267
vn -0.8756 -0.4440 -0.1904
vn -0.3908 0.3330 -0.8581
vn -0.0326 0.5615 -0.8268
vn -0.3555 0.2987 -0.8857
vn -0.5980 0.4216 -0.6817
vn -0.2924 0.4248 -0.8567
vn -0.7293 0.4724 -0.4949
vn -0.5859 0.5504 -0.5948
vn -0.5590 0.6772 -0.4785
vn -0.6173 0.3611 -0.6990
vn -0.6515 0.6456 -0.3984
vn -0.7301 -0.0861 -0.6779
vn -0.6696 0.1886 -0.7184
vn -0.6727 0.1903 -0.7150
vn -0.6723 0.1902 -0.7154
vn -0.6185 0.6849 -0.3852
vn -0.3511 -0.4008 -0.8462
vn -0.3511 -0.4028 -0.8453
vn -0.3511 -0.4014 -0.8459
vn -0.5957 0.6488 -0.4734
vn -0.5197 0.7059 -0.4812
vn -0.3509 -0.4033 -0.8451
vn -0.7476 0.0359 -0.6632
vn -0.8289 0.2923 -0.4770
vn -0.6182 0.0982 -0.7799
vn -0.7687 0.1501 -0.6217
vn -0.7961 0.0604 -0.6022
vn -0.6884 0.6219 -0.3733
vn -0.6881 0.6277 -0.3641
vn -0.6882 0.6262 -0.3665
vn -0.8803 0.0879 -0.4663
vn -0.5314 0.8371 0.1297
vn -0.8636 0.3680 -0.3448
vn -0.7737 -0.2952 -0.5605
vn -0.7339 0.6510 -0.1938
vn -0.7337 0.6512 -0.1942
vn -0.7312 0.6533 -0.1963
vn -0.7284 0.6557 -0.1990
vn -0.7197 0.6922 -0.0541
vn -0.7505 0.6595 0.0419
vn -0.9113 0.3968 0.1096
vn -0.9496 -0.3077 -0.0594
vn -0.8176 -0.4945 -0.2949
vn -0.9450 0.3049 0.1182
vn -0.9595 0.0010 -0.2818
vn -0.8269 -0.4128 -0.3818
vn -0.9191 -0.3941 0.0064
vn -0.9745 -0.1458 0.1703
vn -0.9934 -0.0309 0.1103
vn -0.9600 -0.1116 0.2566
vn -0.9924 0.0918 -0.0824
vn -0.9687 0.0210 -0.2475
vn -0.6571 0.7314 0.1824
vn -0.6568 0.7317 0.1824
vn -0.6551 0.7331 0.1829
vn -0.3361 0.8926 0.3005
vn 0.4085 0.9043 0.1238
vn -0.6472 0.7396 0.1847
vn -0.0734 0.9510 0.3002
vn -0.8553 -0.5180 0.0113
vn -0.8610 -0.3463 0.3725
vn -0.5108 -0.8475 0.1442
vn -0.5884 -0.6535 0.4761
vn -0.2342 0.9507 0.2032
vn -0.1928 0.9234 0.3319
vn -0.3488 -0.7257 0.5930
vn -0.1977 0.9057 0.3750
vn -0.8655 0.4981 -0.0537
vn -0.4608 0.5618 0.6871
vn -0.7737 -0.0923 0.6267
vn -0.7183 -0.3079 0.6239
vn -0.7982 -0.3482 0.4915
vn -0.7976 -0.3516 0.4902
vn -0.7980 -0.3485 0.4917
vn -0.9640 -0.2350 0.1246
vn -0.9732 -0.2139 0.0846
vn -0.5023 -0.2914 0.8141
vn -0.6909 -0.0606 0.7204
vn -0.7975 -0.3523 0.4898
vn -0.6309 0.0786 -0.7719
vn -0.6112 0.0667 -0.7887
vn -0.6230 -0.5565 0.5497
vn -0.6383 -0.4636 0.6146
vn -0.7774 -0.5714 0.2629
vn -0.7262 -0.6199 0.2973
vn -0.7952 -0.5985 0.0971
vn -0.3356 0.8744 0.3504
vn -0.3504 0.8707 0.3450
vn -0.4063 0.8765 0.2581
vn -0.4861 0.7643 0.4237
vn -0.7012 -0.6089 0.3708
vn -0.6449 -0.5923 0.4830
vn -0.0966 0.1033 -0.9899
vn -0.6906 0.0676 -0.7200
vn -0.5935 0.0125 -0.8047
vn -0.7113 -0.4105 0.5706
vn -0.5035 -0.4195 0.7554
vn -0.5070 -0.4655 0.7254
vn -0.9089 0.3730 0.1864
vn -0.5941 -0.7775 -0.2064
vn -0.4009 -0.5009 0.7671
vn -0.4821 -0.8672 -0.1249
vn -0.4824 -0.8671 -0.1243
vn -0.4848 -0.8668 -0.1165
vn -0.8411 0.4705 0.2670
vn -0.8520 0.4711 0.2284
vn -0.8527 0.4678 0.2325
vn -0.8529 0.4674 0.2325
vn 0.4996 0.6572 0.5644
vn -0.8548 0.4469 0.2638
vn -0.8556 0.4450 0.2646
vn -0.8549 0.4467 0.2639
vn -0.8557 0.4446 0.2647
vn -0.4364 -0.2490 0.8646
vn -0.4364 -0.2491 0.8646
vn -0.4365 -0.2492 0.8645
vn -0.4507 -0.2378 0.8604
vn -0.3745 -0.1493 0.9151
vn 0.0047 0.9698 0.2440
vn 0.0209 0.9584 0.2848
vn 0.0710 0.9417 0.3290
vn -0.0654 -0.6910 0.7199
vn 0.3810 0.8849 -0.2678
vn 0.5439 0.8160 0.1956
vn 0.5328 0.8174 0.2193
vn -0.7716 0.6344 -0.0458
vn -0.9740 0.2112 -0.0822
vn 0.3505 0.8095 -0.4711
vn 0.2047 -0.9461 0.2511
vn 0.3654 0.5041 -0.7825
vn 0.5279 0.2930 -0.7971
vn 0.5747 0.4569 -0.6790
vn 0.5744 0.4568 -0.6792
vn 0.5750 0.4568 -0.6787
vn 0.4086 -0.7283 -0.5501
vn 0.4086 -0.7282 -0.5502
vn 0.2522 0.5005 -0.8282
vn -0.8864 0.4552 0.0848
vn -0.0018 0.5443 -0.8389
vn 0.1367 0.9192 -0.3693
vn 0.5751 0.4569 -0.6786
vn 0.6559 0.4967 -0.5684
vn 0.6631 0.5099 -0.5480
vn -0.6366 -0.2536 0.7283
vn -0.1765 -0.1700 0.9695
vn 0.0530 -0.4625 0.8850
vn -0.4883 -0.1445 0.8606
vn 0.5020 0.4805 -0.7192
vn 0.1606 0.8609 -0.4828
vn -0.4007 -0.2045 0.8931
vn -0.5056 -0.1639 0.8471
vn 0.1285 0.9071 -0.4009
vn -0.2681 -0.1614 0.9498
vn 0.0062 0.9687 -0.2480
vn 0.0061 0.9688 -0.2477
vn 0.0244 0.5486 -0.8357
vn -0.9861 0.1644 -0.0239
vn 0.6710 0.5875 0.4523
vn 0.4057 0.1458 0.9023
vn -0.2118 -0.3815 0.8998
vn 0.4664 0.6257 0.6253
vn 0.4658 0.6266 0.6248
vn 0.4659 0.6262 0.6251
vn 0.4612 0.6351 0.6197
vn 0.4985 0.6424 0.5821
vn -0.2632 -0.3842 0.8849
vn 0.4888 0.6254 0.6082
vn 0.8646 -0.4596 0.2033
vn 0.8659 -0.4550 0.2078
vn 0.8676 -0.4542 0.2022
vn 0.4654 0.6617 0.5878
vn 0.4900 0.7011 0.5180
vn -0.8511 0.4747 0.2244
vn -0.0607 0.7769 0.6266
vn 0.2438 -0.9419 0.2312
vn -0.6134 -0.7832 -0.1016
vn -0.9039 0.3784 0.1992
vn -0.4575 -0.8781 -0.1400
vn -0.3305 -0.5018 0.7993
vn -0.3354 -0.5032 0.7965
vn -0.3366 -0.5035 0.7957
vn -0.5372 -0.7860 0.3059
vn -0.4754 -0.2136 0.8535
vn -0.4194 0.1545 0.8946
vn -0.8458 0.0019 0.5335
vn -0.7954 0.2738 0.5408
vn -0.4587 -0.7336 0.5015
vn -0.3727 0.2065 0.9047
vn -0.3728 0.2062 0.9047
vn 0.8335 -0.0471 0.5505
vn -0.5314 -0.3515 0.7707
vn -0.5088 -0.3291 0.7955
vn -0.5754 -0.7127 -0.4012
vn -0.5857 -0.2968 0.7542
vn -0.6564 -0.2998 0.6923
vn -0.2513 -0.6597 0.7082
vn -0.4435 -0.2167 0.8697
vn -0.0681 0.0359 0.9970
vn -0.3656 -0.2577 0.8944
vn -0.0234 0.4504 0.8925
vn -0.3707 0.6912 0.6204
vn -0.6139 -0.2763 0.7394
vn -0.5930 -0.3654 0.7175
vn -0.5784 -0.2109 0.7880
vn -0.7183 -0.0153 0.6955
vn 0.5845 -0.5560 0.5909
vn -0.9001 -0.2697 0.3421
vn -0.6693 -0.0342 0.7422
vn -0.7795 0.4346 0.4510
vn -0.9222 -0.2464 0.2980
vn 0.6883 -0.7012 -0.1862
vn 0.8186 -0.5277 0.2270
vn 0.8349 -0.3719 -0.4059
vn 0.8314 -0.3728 -0.4122
vn 0.8322 -0.3726 -0.4107
vn -0.7876 0.2608 0.5582
vn -0.7873 0.2624 0.5580
vn -0.7860 0.2683 0.5569
vn 0.6615 -0.6624 0.3517
vn 0.6684 -0.6534 0.3555
vn 0.6618 -0.6619 0.3520
vn 0.6688 -0.6532 0.3552
vn 0.6696 -0.7333 0.1174
vn -0.8024 0.1182 0.5850
vn -0.8095 0.1375 0.5707
vn -0.9911 0.0273 0.1303
vn -0.4310 0.4250 0.7960
vn -0.7856 0.2704 0.5565
vn 0.6998 -0.6604 0.2722
vn 0.1440 -0.7681 0.6239
vn -0.7857 -0.4847 -0.3844
vn -0.5954 -0.4636 -0.6562
vn -0.9551 0.2340 0.1818
vn -0.8690 0.2423 0.4315
vn -0.9037 0.2540 0.3447
vn 0.9937 -0.0974 0.0554
vn -0.9569 0.1823 0.2261
vn -0.2624 -0.5515 0.7918
vn -0.5530 -0.3269 0.7664
vn -0.9437 0.2472 0.2196
vn -0.5176 -0.5878 -0.6217
vn 0.3707 -0.7972 0.4764
vn -0.3890 -0.6531 -0.6497
vn -0.1479 -0.8534 0.4998
vn -0.7103 -0.5514 -0.4376
vn 0.6493 -0.7495 -0.1294
vn 0.6184 -0.7853 0.0303
vn 0.5633 -0.8225 -0.0794
vn 0.5177 -0.8551 -0.0265
vn -0.4533 -0.2993 0.8396
vn 0.8829 -0.4680 -0.0393
vn 0.3822 -0.6618 -0.6450
vn 0.7377 -0.5579 0.3803
vn 0.1226 -0.9395 -0.3199
vn 0.4708 -0.8531 -0.2247
vn 0.7559 -0.5686 -0.3245
vn -0.8201 -0.5447 0.1755
vn -0.9011 -0.4275 -0.0725
vn 0.5222 -0.5757 -0.6292
vn -0.3164 -0.5025 -0.8046
vn 0.2732 -0.5788 -0.7684
vn 0.2573 -0.4899 -0.8329
vn -0.9846 -0.1321 -0.1141
vn -0.3596 -0.7485 -0.5572
vn -0.9226 -0.3836 -0.0403
vn -0.6561 0.7494 0.0893
vn -0.9832 -0.1474 -0.1074
vn -0.9776 -0.2104 0.0018
vn -0.9421 -0.3316 0.0500
vn -0.6907 0.7186 0.0810
vn -0.9532 -0.3017 0.0220
vn -0.5381 -0.8295 -0.1492
vn -0.9818 -0.1522 -0.1133
vn -0.8085 0.5823 -0.0849
vn -0.6456 0.7570 0.1010
vn -0.2898 -0.9130 -0.2871
vn -0.3534 -0.8638 -0.3592
vn -0.8819 -0.2521 -0.3983
vn -0.6821 0.7247 -0.0978
vn -0.8848 -0.2236 -0.4088
vn -0.8347 -0.4590 -0.3042
vn -0.8260 -0.3310 -0.4562
vn -0.8914 -0.2253 -0.3933
vn -0.9722 -0.2122 0.0992
vn -0.9719 -0.2193 -0.0860
vn -0.8889 -0.4556 -0.0476
vn -0.8979 -0.4092 0.1623
vn -0.9372 -0.2906 0.1928
vn -0.9153 -0.3319 0.2283
vn -0.8802 -0.3291 0.3419
vn -0.6918 0.6839 0.2316
vn -0.6605 0.7185 0.2180
vn 0.3746 -0.7393 -0.5595
vn -0.1428 -0.9112 -0.3865
vn -0.4848 -0.2946 -0.8235
vn -0.3102 -0.8006 -0.5126
vn 0.5951 -0.4238 -0.6828
vn 0.5965 -0.4293 -0.6782
vn 0.5968 -0.4294 -0.6778
vn -0.1414 -0.6249 -0.7678
vn 0.5951 -0.4232 -0.6832
vn 0.7787 -0.5185 -0.3534
vn -0.2200 -0.9428 -0.2505
vn -0.2199 -0.9428 -0.2505
vn -0.5513 0.8138 0.1840
vn 0.6451 -0.3274 -0.6905
vn 0.6622 -0.6227 -0.4168
vn -0.8179 -0.4893 0.3028
vn -0.8100 -0.4011 0.4279
vn -0.8907 -0.3881 0.2365
vn -0.9074 -0.3792 0.1810
vn -0.2325 -0.3329 -0.9138
vn -0.2860 -0.2703 -0.9193
vn 0.0636 -0.1889 -0.9799
vn -0.1194 -0.3528 -0.9281
vn -0.3419 -0.0462 -0.9386
vn -0.3227 0.1018 -0.9410
vn -0.2442 -0.0531 -0.9683
vn 0.0746 0.3181 -0.9451
vn -0.1864 0.4957 -0.8483
vn 0.1617 0.1713 -0.9718
vn -0.2608 0.8756 -0.4065
vn 0.0561 0.0350 -0.9978
vn -0.1418 -0.5880 -0.7964
vn 0.1431 -0.3346 -0.9314
vn -0.9595 -0.2704 0.0788
vn -0.9015 -0.4262 -0.0747
vn -0.9620 -0.2471 -0.1165
vn -0.8919 -0.2514 -0.3758
vn -0.7237 -0.1205 -0.6796
vn -0.6483 -0.3487 -0.6769
vn -0.6597 -0.0578 -0.7493
vn -0.8200 -0.2473 -0.5161
vn -0.0659 0.9945 0.0814
vn 0.2361 0.8888 0.3927
vn -0.7375 -0.1664 -0.6545
vn -0.7761 -0.0007 -0.6306
vn -0.7756 -0.0007 -0.6313
vn -0.7763 -0.0008 -0.6303
vn 0.6211 0.6398 0.4527
vn 0.1098 0.8648 0.4900
vn -0.5246 0.8392 0.1428
vn -0.8701 -0.4888 -0.0634
vn -0.9526 -0.2835 0.1103
vn -0.9130 0.2734 0.3027
vn -0.9133 0.2722 0.3028
vn -0.9136 0.2715 0.3028
vn -0.8803 -0.4588 0.1205
vn -0.9129 0.2739 0.3026
vn -0.8767 -0.3697 0.3078
vn -0.8457 -0.3954 0.3585
vn -0.8140 -0.5724 0.0991
vn -0.7590 -0.6403 0.1178
vn -0.7233 -0.6624 0.1948
vn -0.8746 -0.1682 0.4547
vn -0.8841 -0.1330 0.4481
vn -0.7875 -0.3084 0.5337
vn -0.8002 -0.0711 0.5955
vn -0.7446 -0.2508 0.6187
vn -0.8573 -0.1982 0.4751
vn -0.4010 0.7972 0.4513
vn -0.4002 0.7975 0.4514
vn -0.3967 0.7964 0.4564
vn -0.3923 0.7956 0.4617
vn -0.3926 0.7898 0.4712
vn -0.6483 -0.5453 0.5314
vn -0.3496 0.8150 0.4621
vn -0.5442 -0.6465 0.5346
vn -0.2997 0.2020 -0.9324
vn -0.4518 0.6790 0.5787
vn 0.4851 0.1323 -0.8644
vn -0.3052 0.7204 0.6229
vn 0.5669 0.2314 -0.7906
vn -0.5824 -0.6621 0.4716
vn -0.7684 0.2521 0.5883
vn -0.5115 -0.5930 0.6218
vn 0.4428 -0.6351 0.6329
vn -0.9521 0.2376 0.1925
vn -0.8361 0.1558 0.5259
vn -0.9619 -0.0688 -0.2645
vn -0.8166 -0.0933 -0.5696
vn -0.8702 -0.1395 -0.4724
vn -0.0183 -0.2639 -0.9644
vn -0.4884 -0.3571 -0.7962
vn -0.4470 -0.3576 -0.8200
vn -0.1049 -0.3059 -0.9463
vn -0.5698 -0.4119 -0.7111
vn -0.6049 -0.3957 -0.6911
vn -0.0194 -0.3371 -0.9413
vn 0.0496 -0.1664 -0.9848
vn 0.0278 -0.1209 -0.9923
vn -0.1866 0.9056 -0.3810
vn -0.0093 -0.5511 -0.8344
vn 0.0391 0.0423 -0.9983
vn 0.0185 0.0657 -0.9977
vn 0.3334 -0.0405 -0.9419
vn -0.0312 -0.3093 -0.9504
vn -0.8738 -0.2778 -0.3992
vn -0.5309 -0.8474 -0.0080
vn -0.9598 -0.2543 0.1188
vn -0.6689 0.7041 0.2385
vn -0.6666 0.7059 0.2397
vn -0.6608 0.7103 0.2425
vn -0.6782 0.6919 0.2477
vn -0.9156 -0.2926 0.2759
vn -0.5887 -0.8017 0.1036
vn -0.5129 -0.8523 0.1028
vn -0.9399 -0.2348 0.2480
vn -0.6584 0.7121 0.2436
vn -0.8531 -0.3212 0.4111
vn -0.4230 0.8658 0.2674
vn -0.6049 0.7793 0.1636
vn -0.8217 -0.5582 0.1145
vn -0.8031 0.5731 0.1633
vn -0.8859 -0.4638 -0.0104
vn -0.8948 -0.4461 0.0174
vn -0.9954 -0.0370 -0.0886
vn -0.8821 -0.2428 -0.4037
vn -0.8074 -0.5895 0.0237
vn -0.9142 0.1990 0.3531
vn -0.9860 -0.1329 0.1010
vn -0.9053 -0.4224 -0.0453
vn -0.9668 -0.2554 -0.0118
vn -0.9945 -0.0534 -0.0896
vn -0.9268 0.1422 -0.3476
vn -0.6499 -0.3706 -0.6635
vn -0.8105 0.5029 -0.3003
vn -0.7604 0.5126 -0.3989
vn -0.7060 0.6093 -0.3609
vn -0.6915 -0.2844 -0.6640
vn -0.6929 -0.1249 -0.7101
vn -0.7028 0.5394 -0.4639
vn -0.1849 -0.9116 -0.3672
vn -0.1902 -0.9092 -0.3703
vn -0.1831 -0.9123 -0.3663
vn -0.1923 -0.9083 -0.3716
vn -0.8886 0.0658 -0.4539
vn -0.2932 0.9395 0.1772
vn -0.2970 0.9433 0.1480
vn -0.2748 0.9459 0.1725
vn -0.2917 0.9517 0.0956
vn 0.4988 0.5750 0.6485
vn 0.5827 0.6559 0.4798
vn -0.6622 -0.4261 0.6164
vn -0.6759 -0.4440 0.5882
vn -0.8707 0.3185 -0.3749
vn -0.7603 0.3473 -0.5490
vn -0.6283 0.2355 -0.7415
vn 0.7039 -0.1779 -0.6877
vn 0.8610 -0.4440 0.2481
vn -0.0069 -0.8852 0.4651
vn -0.7387 -0.3124 -0.5973
vn -0.3398 -0.6688 0.6612
vn -0.1401 -0.1334 0.9811
vn -0.3700 -0.1922 0.9089
vn -0.0356 -0.2872 0.9572
vn 0.7631 -0.5783 -0.2886
vn 0.0713 -0.5852 0.8077
vn 0.8209 -0.5496 0.1552
vn 0.6523 -0.1497 -0.7430
vn 0.0688 0.3834 0.9210
vn -0.0154 -0.2502 0.9681
vn 0.3988 0.0028 0.9170
vn 0.3996 0.0029 0.9167
vn -0.3297 0.7980 0.5045
vn -0.0151 -0.0632 0.9979
vn 0.0282 -0.0431 0.9987
vn 0.1659 -0.3178 0.9335
vn 0.0417 0.1398 0.9893
vn 0.1428 -0.3795 0.9141
vn 0.1411 -0.3795 0.9144
vn 0.1448 -0.3794 0.9138
vn 0.3002 -0.1507 0.9419
vn 0.3256 -0.4564 0.8280
vn 0.0886 0.0421 0.9952
vn 0.0934 -0.2393 0.9664
vn 0.4471 -0.8186 0.3606
vn 0.2092 -0.8744 0.4377
vn -0.2330 -0.6079 0.7591
vn -0.2059 -0.7068 0.6768
vn 0.0718 -0.7147 0.6958
vn -0.1464 -0.0485 0.9880
vn -0.0414 0.7541 -0.6554
vn -0.2657 0.4450 -0.8552
vn -0.1943 0.3743 -0.9067
vn -0.2008 0.4275 -0.8814
vn -0.2218 0.3248 -0.9194
vn 0.0595 0.2623 0.9631
vn 0.0378 -0.2622 0.9643
vn 0.0383 -0.2622 0.9643
vn 0.0398 -0.2619 0.9643
vn 0.0179 -0.3131 0.9495
vn -0.0316 -0.2203 0.9749
vn -0.8120 -0.3915 0.4329
vn -0.6825 0.6587 0.3169
vn 0.6521 -0.6175 -0.4398
vn -0.6671 0.6851 0.2925
vn 0.7481 -0.2696 -0.6064
vn -0.6423 -0.4020 0.6526
vn -0.6425 -0.4022 0.6522
vn -0.6417 -0.3997 0.6546
vn -0.7438 -0.4230 0.5176
vn -0.7257 -0.4453 0.5245
vn -0.7503 0.5457 0.3731
vn -0.5821 0.5970 0.5520
vn -0.3484 0.9203 0.1779
vn -0.4919 0.8675 0.0744
vn 0.0475 0.9785 0.2005
vn -0.7138 -0.6332 0.2992
vn -0.8097 -0.4196 0.4103
vn -0.8663 -0.3079 0.3933
vn -0.5507 -0.8120 0.1933
vn -0.8234 -0.2875 0.4892
vn -0.7380 -0.6574 0.1523
vn -0.9453 -0.2364 0.2248
vn -0.9571 -0.1583 0.2427
vn -0.9325 -0.2128 0.2919
vn -0.8977 -0.4351 0.0690
vn -0.8574 -0.4861 0.1690
vn -0.7802 -0.6013 0.1722
vn -0.9140 -0.2568 0.3140
vn -0.7988 -0.5357 0.2737
vn -0.8563 -0.3859 0.3433
vn -0.8116 -0.4901 0.3180
vn -0.0497 -0.9921 -0.1152
vn -0.2097 -0.9640 0.1635
vn -0.7821 -0.2929 0.5500
vn -0.6867 -0.4246 0.5901
vn -0.6912 -0.7141 0.1112
vn -0.6722 -0.4241 0.6068
vn -0.5431 -0.4698 0.6960
vn -0.5606 -0.4565 0.6909
vn -0.5219 -0.4120 0.7469
vn -0.6750 0.0606 -0.7353
vn 0.7087 0.5872 -0.3910
vn 0.7090 0.5862 -0.3920
vn 0.7087 0.5871 -0.3913
vn 0.9107 -0.3563 -0.2090
vn 0.2312 -0.0747 0.9700
vn -0.6494 -0.3073 0.6956
vn -0.6187 -0.3474 0.7046
vn -0.6344 -0.3820 0.6720
vn 0.5387 0.5992 0.5922
vn 0.8074 0.4569 -0.3734
vn -0.1584 0.9770 0.1427
vn -0.1783 -0.9733 0.1447
vn 0.3516 -0.9341 -0.0612
vn 0.2463 -0.9247 -0.2902
vn -0.1754 -0.9701 0.1675
vn -0.7666 -0.4279 0.4788
vn -0.7511 -0.6460 0.1366
vn -0.1452 -0.8906 0.4309
vn -0.1222 -0.9415 0.3141
vn -0.7484 -0.0457 -0.6617
vn -0.7542 -0.1025 -0.6486
vn -0.9537 -0.1865 0.2361
vn -0.8384 -0.2514 0.4837
vn 0.0423 -0.9691 0.2431
vn -0.5262 -0.5012 0.6870
vn 0.0074 -0.9572 0.2894
vn -0.4277 -0.3974 0.8119
vn -0.4096 -0.5754 0.7079
vn -0.6001 -0.0958 0.7942
vn -0.6966 -0.4936 0.5207
vn -0.2147 0.9677 0.1321
vn -0.1818 0.9751 0.1269
vn 0.7563 0.5897 -0.2834
vn 0.5548 0.5987 0.5777
vn 0.7092 0.5853 -0.3930
vn -0.5293 -0.4254 0.7341
vn -0.6072 -0.4105 0.6803
vn -0.6189 -0.4566 0.6391
vn -0.1760 -0.9705 0.1648
vn -0.5125 0.6412 0.5712
vn -0.2104 -0.9700 0.1219
vn -0.8022 -0.3019 0.5150
vn -0.7542 -0.2888 0.5897
vn -0.8094 -0.3905 0.4387
vn -0.7557 -0.3665 0.5428
vn -0.7554 -0.5337 0.3802
vn -0.6908 -0.7203 0.0626
vn 0.3875 -0.7313 0.5614
vn 0.7317 -0.6117 -0.3008
vn 0.8254 -0.5213 -0.2167
vn 0.8255 -0.5212 -0.2167
vn -0.8443 0.0127 -0.5357
vn 0.6877 0.4649 -0.5577
vn -0.8266 -0.3083 0.4709
vn -0.1326 -0.0486 0.9900
vn -0.8522 -0.1765 -0.4925
vn -0.7746 -0.0005 -0.6324
vn 0.4971 0.5531 0.6686
vn -0.8179 0.5181 -0.2502
vn 0.0981 0.5826 0.8068
vn -0.6374 -0.0775 -0.7666
vn -0.6062 -0.0630 -0.7928
vn -0.2224 0.9078 -0.3556
vn -0.2395 0.9701 0.0391
vn 0.3469 0.6982 0.6263
vn 0.3495 0.7108 0.6104
vn 0.2659 0.8679 0.4196
vn -0.0943 0.9922 0.0812
vn -0.8295 0.0127 -0.5583
vn -0.7227 0.0053 -0.6911
vn -0.4516 0.2935 -0.8426
vn -0.4367 0.2844 -0.8535
vn -0.2627 0.9526 -0.1533
vn -0.0759 0.9105 0.4066
vn -0.5519 0.1072 -0.8270
vn -0.2204 0.4873 -0.8449
vn -0.4371 -0.0673 -0.8969
vn -0.0356 0.2439 -0.9691
vn -0.2361 0.9429 0.2349
vn -0.0819 0.9024 0.4230
vn 0.0787 0.9889 -0.1260
vn -0.1822 0.9824 -0.0412
vn 0.0668 -0.2488 -0.9662
vn 0.2570 -0.1104 -0.9601
vn 0.2560 -0.1069 -0.9608
vn 0.2568 -0.1100 -0.9602
vn 0.2113 -0.1087 -0.9713
vn -0.2341 0.9431 -0.2363
vn -0.0095 0.0922 -0.9957
vn 0.0285 0.0234 -0.9993
vn 0.3565 0.6073 -0.7100
vn -0.8416 -0.0586 -0.5370
vn -0.0614 -0.9468 -0.3160
vn -0.2024 0.1067 -0.9735
vn -0.3902 0.4749 -0.7889
vn -0.6685 0.4727 0.5742
vn -0.6595 0.5084 0.5536
vn -0.7270 -0.6004 0.3330
vn -0.5594 0.5129 0.6511
vn -0.6563 -0.5712 0.4930
vn -0.5877 -0.6599 0.4682
vn -0.6480 0.4464 0.6171
vn -0.9468 0.3191 0.0415
vn -0.7760 0.5667 -0.2770
vn -0.5552 -0.2484 0.7938
vn -0.9188 0.3819 0.0998
vn -0.5663 0.4630 0.6818
vn -0.4174 0.7372 0.5313
vn -0.3053 -0.9379 -0.1646
vn -0.4302 -0.4863 -0.7606
vn -0.2508 -0.9528 -0.1712
vn -0.5110 -0.5982 -0.6173
vn -0.4668 0.6977 0.5435
vn -0.6063 -0.0696 -0.7922
vn -0.4035 -0.0202 -0.9148
vn -0.3832 0.7550 0.5322
vn -0.5565 -0.6680 0.4940
vn -0.4825 -0.1971 0.8534
vn -0.5110 -0.6057 0.6099
vn -0.4794 0.0374 -0.8768
vn -0.8652 -0.1908 -0.4637
vn -0.6819 0.0474 -0.7299
vn -0.5490 0.0484 -0.8344
vn -0.6835 -0.4032 0.6084
vn -0.6602 -0.4921 0.5674
vn -0.7249 -0.0556 -0.6866
vn -0.7421 -0.0301 -0.6696
vn -0.6885 0.6203 -0.3758
vn -0.6692 0.1882 -0.7189
vn -0.7046 -0.3269 0.6299
vn -0.7530 -0.2670 0.6014
vn -0.8067 -0.3667 0.4634
vn -0.3289 -0.9425 -0.0597
vn -0.3412 0.1629 -0.9258
vn 0.1923 -0.3755 0.9067
vn 0.9066 -0.1998 0.3716
vn 0.7962 -0.3210 -0.5128
vn -0.7846 -0.5474 0.2911
vn -0.7598 -0.5642 0.3231
vn -0.8944 0.0549 -0.4439
vn -0.8373 -0.2133 -0.5033
vn -0.8392 -0.1644 -0.5184
vn -0.5883 -0.3216 -0.7420
vn -0.5458 -0.1322 -0.8274
vn -0.6380 0.0393 -0.7690
vn -0.7853 0.2676 -0.5582
vn -0.2730 -0.8701 -0.4104
vn -0.5940 -0.1381 -0.7925
vn -0.6042 -0.3169 -0.7311
vn -0.8039 -0.5381 -0.2536
vn -0.9862 -0.1578 -0.0510
vn -0.9783 0.0114 -0.2070
vn -0.8392 -0.2084 -0.5024
vn -0.7341 -0.6737 0.0851
vn -0.6933 -0.7171 0.0713
vn -0.7306 -0.6804 0.0572
vn -0.6675 -0.7252 -0.1690
vn -0.9090 0.4081 0.0849
vn -0.7529 0.6577 0.0252
vn -0.8629 0.2167 0.4565
vn -0.8165 -0.1685 0.5522
vn -0.7989 -0.0108 0.6014
vn -0.7053 -0.6751 0.2163
vn -0.7244 -0.4589 0.5144
vn -0.5620 0.6001 0.5693
vn -0.9306 -0.2021 0.3053
vn 0.1384 0.1295 0.9819
vn 0.1381 0.1282 0.9821
vn 0.1371 0.1248 0.9827
vn -0.1665 0.6376 0.7522
vn -0.1158 0.8656 0.4871
vn 0.1902 -0.2939 0.9367
vn 0.4022 0.1569 0.9020
vn 0.3868 -0.2255 0.8941
vn 0.5392 -0.4034 0.7393
vn 0.3538 -0.2759 0.8937
vn 0.5949 -0.0467 0.8025
vn 0.4036 -0.1849 0.8961
vn 0.1711 0.0108 0.9852
vn 0.5427 -0.1857 0.8191
vn 0.4145 -0.0364 0.9093
vn 0.1012 -0.1278 0.9866
vn 0.3298 -0.2991 0.8954
vn 0.3709 -0.3504 0.8601
vn -0.4703 0.8009 0.3707
vn 0.0064 0.9979 -0.0646
vn 0.0386 0.9956 0.0853
vn 0.8358 -0.3716 -0.4042
vn -0.7670 -0.5417 0.3439
vn 0.0641 0.9768 0.2041
vn -0.5613 -0.5267 0.6384
vn -0.5372 -0.3872 0.7493
vn -0.6285 -0.2968 0.7190
vn -0.4223 0.8531 0.3065
vn 0.4513 0.8893 -0.0742
vn -0.5295 0.4870 0.6946
vn -0.6749 0.5630 0.4770
vn -0.8836 -0.3659 0.2923
vn -0.8525 -0.3005 0.4277
vn -0.0171 -0.9975 -0.0686
vn 0.1727 0.0350 -0.9843
vn -0.0883 0.4347 -0.8962
vn 0.4762 -0.8790 -0.0236
vn 0.4633 -0.8848 -0.0489
vn 0.3016 0.0475 -0.9522
vn 0.0466 0.1293 -0.9905
vn 0.5010 0.0551 -0.8637
vn 0.2301 0.3585 -0.9047
vn 0.3204 0.0861 -0.9434
vn -0.8651 -0.4887 -0.1136
vn -0.6605 -0.7296 0.1771
vn 0.5802 -0.8093 -0.0911
vn 0.6129 -0.7901 0.0037
vn -0.9010 -0.3572 -0.2462
vn -0.6866 -0.7013 -0.1918
vn -0.7452 -0.3959 -0.5366
vn -0.7493 0.0414 -0.6609
vn -0.7470 -0.4125 -0.5213
vn -0.8072 -0.0138 -0.5901
vn -0.8212 -0.1011 -0.5616
vn -0.7750 -0.5019 -0.3839
vn -0.4901 -0.7856 -0.3777
vn -0.8552 -0.1854 -0.4841
vn -0.8551 -0.1855 -0.4841
vn -0.8061 0.4349 -0.4014
vn -0.7931 0.4604 -0.3987
vn -0.7700 -0.6212 -0.1459
vn -0.8414 0.4854 -0.2374
vn -0.7956 0.5698 -0.2057
vn -0.8597 -0.1567 -0.4862
vn -0.5772 -0.4543 -0.6785
vn -0.5803 -0.4789 -0.6587
vn -0.6128 0.5796 -0.5372
vn -0.6033 -0.0338 -0.7968
vn -0.3895 0.2806 -0.8772
vn -0.6299 0.4241 -0.6507
vn -0.2314 0.1366 -0.9632
vn -0.4293 -0.4653 -0.7741
vn -0.2137 0.2112 -0.9538
vn -0.4456 0.5680 -0.6919
vn -0.4440 0.5046 -0.7405
vn -0.1240 0.2239 -0.9667
vn -0.4804 -0.0991 -0.8714
vn -0.5357 -0.1295 -0.8344
vn -0.2575 -0.7974 -0.5458
vn -0.2801 -0.7250 -0.6292
vn -0.8517 0.3596 0.3811
vn -0.7639 0.5958 0.2479
vn -0.7541 -0.5097 0.4143
vn -0.7252 -0.1087 0.6799
vn -0.6976 -0.0214 0.7162
vn -0.7103 0.3024 0.6356
vn -0.6876 0.5692 0.4507
vn -0.8995 0.2217 0.3764
vn -0.8704 -0.2322 0.4341
vn -0.7974 -0.5698 0.1987
vn -0.8501 -0.5030 0.1557
vn -0.6862 -0.5035 0.5250
vn -0.8630 -0.1457 0.4837
vn -0.4642 0.8835 0.0629
vn -0.7461 -0.0768 0.6614
vn -0.7234 -0.1246 0.6791
vn -0.7585 0.4901 0.4295
vn -0.5502 -0.3672 0.7499
vn -0.5952 -0.3490 0.7239
vn -0.2007 0.0051 -0.9796
vn -0.7369 -0.1111 -0.6668
vn -0.9422 -0.0951 0.3212
vn -0.6915 -0.1284 0.7108
vn -0.6407 -0.1121 0.7595
vn -0.8535 0.1183 0.5075
vn -0.7184 -0.1156 0.6860
vn -0.9143 -0.4020 -0.0492
vn -0.7482 -0.0789 -0.6588
vn -0.6367 0.1582 0.7547
vn -0.6864 -0.1042 -0.7197
vn -0.7246 -0.0618 -0.6863
vn -0.8921 0.0714 0.4462
vn -0.5603 -0.0930 0.8230
vn -0.5634 -0.1030 0.8198
vn -0.5620 -0.0985 0.8213
vn -0.6403 0.5403 0.5460
vn -0.4706 0.0261 0.8820
vn -0.4568 -0.0031 0.8895
vn -0.4976 -0.2130 0.8408
vn -0.5371 -0.3187 0.7810
vn -0.5371 -0.3188 0.7810
vn -0.1878 -0.0996 0.9771
vn -0.5636 -0.1040 0.8195
vn 0.4847 -0.3298 0.8101
vn -0.8675 -0.1459 -0.4756
vn -0.6982 0.0962 -0.7095
vn -0.8589 0.0560 -0.5091
vn -0.8182 0.1121 -0.5639
vn 0.8516 0.3736 -0.3677
vn -0.6233 -0.2460 0.7423
vn -0.5785 -0.3115 0.7539
vn -0.5782 0.3635 -0.7305
vn 0.7377 0.5097 -0.4428
vn -0.5019 -0.8064 0.3126
vn -0.2166 0.9712 0.0989
vn -0.2102 0.9763 0.0522
vn -0.4668 -0.3569 0.8091
vn -0.5373 -0.3181 0.7811
vn -0.1575 -0.9228 0.3515
vn -0.1584 -0.9235 0.3494
vn -0.1614 -0.9258 0.3419
vn 0.0005 -0.9673 0.2537
vn -0.3926 -0.5437 0.7418
vn -0.3749 -0.5517 0.7450
vn -0.4310 -0.3331 0.8386
vn -0.1626 -0.9266 0.3391
vn -0.1649 -0.8029 0.5728
vn -0.2961 -0.2382 0.9250
vn 0.0666 -0.1282 0.9895
vn 0.1165 -0.0542 0.9917
vn -0.4592 0.1697 0.8720
vn -0.4085 0.4119 0.8145
vn -0.6443 0.2873 0.7088
vn -0.6433 0.2865 0.7100
vn -0.6431 0.2864 0.7103
vn -0.9994 0.0158 0.0305
vn -0.6791 0.2323 0.6963
vn -0.6610 0.2435 0.7098
vn -0.8095 -0.1818 -0.5582
vn -0.4371 -0.3402 -0.8326
vn -0.1407 -0.1894 -0.9718
vn -0.1417 -0.1873 -0.9720
vn -0.1420 -0.1866 -0.9721
vn -0.4295 0.5004 0.7518
vn -0.5562 0.6601 0.5050
vn -0.7343 -0.3183 -0.5996
vn -0.7455 -0.3114 -0.5893
vn -0.2179 -0.6383 -0.7383
vn -0.2170 -0.6391 -0.7379
vn -0.2224 -0.6344 -0.7403
vn -0.7916 0.5379 0.2899
vn -0.7112 -0.0442 0.7016
vn -0.8186 0.5591 0.1316
vn -0.8431 0.5232 0.1244
vn -0.8042 -0.0538 0.5919
vn -0.6121 -0.0979 0.7847
vn -0.4499 -0.0110 0.8930
vn -0.8842 -0.4469 -0.1360
vn -0.8640 -0.3471 -0.3647
vn -0.5805 -0.8079 0.1015
vn -0.2563 -0.9659 -0.0373
vn -0.2237 -0.6334 -0.7408
vn -0.6802 -0.2206 -0.6990
vn -0.9250 -0.1167 -0.3615
vn -0.9243 -0.1144 -0.3640
vn -0.9252 -0.1170 -0.3610
vn -0.9409 -0.1290 -0.3133
vn -0.9242 -0.1139 -0.3645
vn -0.6725 0.6783 0.2961
vn -0.5630 0.6994 0.4402
vn -0.6419 0.7092 0.2917
vn -0.5678 -0.0046 0.8232
vn -0.7914 0.1399 0.5951
vn -0.7476 -0.3669 -0.5536
vn -0.4640 -0.0405 0.8849
vn 0.0372 -0.9971 -0.0669
vn 0.0154 -0.9882 -0.1521
vn -0.5905 0.0536 -0.8053
vn -0.4620 0.6447 -0.6091
vn -0.8303 -0.0226 -0.5568
vn -0.9437 0.0068 -0.3308
vn -0.7946 -0.0781 -0.6021
vn -0.5842 0.7002 -0.4105
vn -0.3775 -0.2302 -0.8970
vn -0.5980 0.7333 -0.3236
vn -0.1625 -0.9103 -0.3808
vn -0.1803 -0.5759 -0.7974
vn -0.1057 -0.6223 -0.7756
vn -0.4722 -0.1075 -0.8749
vn -0.4719 -0.1079 -0.8750
vn -0.4609 -0.1391 -0.8765
vn -0.1486 0.9457 -0.2890
vn -0.2278 -0.1448 -0.9629
vn -0.2083 0.9532 0.2190
vn 0.0792 -0.8765 -0.4748
vn 0.0731 -0.8896 -0.4508
vn -0.3319 0.8186 -0.4688
vn -0.2633 0.9644 -0.0238
vn -0.2730 0.9602 0.0585
vn 0.0102 -0.0376 -0.9992
vn 0.0115 -0.0386 -0.9992
vn 0.0103 -0.0377 -0.9992
vn 0.1258 -0.5113 -0.8501
vn 0.0100 -0.0376 -0.9992
vn 0.2569 -0.9040 -0.3416
vn 0.2423 -0.9011 -0.3597
vn -0.3615 0.1931 -0.9122
vn -0.1678 -0.0122 -0.9857
vn -0.3078 -0.6754 -0.6701
vn -0.5837 0.2434 -0.7747
vn -0.2215 -0.3043 -0.9265
vn -0.1522 -0.0765 -0.9854
vn -0.1157 0.1818 -0.9765
vn 0.2047 -0.9140 -0.3502
vn 0.2062 -0.9149 -0.3469
vn 0.2043 -0.9138 -0.3511
vn 0.2067 -0.9152 -0.3459
vn 0.2612 0.9645 0.0401
vn -0.7539 0.5909 0.2873
vn 0.1042 0.9205 -0.3767
vn 0.1918 -0.0787 -0.9783
vn 0.1261 -0.5538 -0.8230
vn -0.1661 -0.4747 -0.8643
vn 0.1339 -0.7214 -0.6795
vn 0.0014 -0.5387 -0.8425
vn -0.9976 -0.0662 0.0186
vn -0.5025 -0.8638 0.0358
vn -0.9975 0.0551 -0.0438
vn -0.9815 -0.1815 0.0606
vn -0.9696 -0.2237 0.0995
vn 0.8087 -0.4920 0.3225
vn -0.9558 0.2809 0.0864
vn -0.8787 0.2242 0.4214
vn -0.9887 -0.0458 -0.1428
vn -0.9740 0.0613 -0.2181
vn -0.9075 -0.4189 -0.0324
vn -0.9370 0.1054 0.3330
vn -0.9017 -0.4224 0.0925
vn -0.9491 -0.3000 -0.0955
vn -0.9695 -0.2429 -0.0312
vn -0.9088 -0.3261 -0.2604
vn -0.5182 0.8440 0.1384
vn -0.6301 0.7564 0.1757
vn -0.5130 0.7900 0.3358
vn -0.8954 -0.2963 -0.3323
vn -0.8954 -0.2663 -0.3568
vn -0.9963 0.0705 -0.0490
vn -0.5463 0.7529 0.3669
vn -0.9661 0.2338 0.1092
vn -0.5264 0.8330 0.1703
vn -0.8936 0.4394 -0.0917
vn -0.1454 0.9780 0.1496
vn -0.1945 0.9651 0.1752
vn -0.9024 -0.1676 -0.3970
vn -0.8755 -0.0537 -0.4802
vn -0.9309 0.0743 -0.3578
vn -0.2144 0.9762 0.0319
vn -0.2541 0.9671 -0.0156
vn -0.5915 0.7748 -0.2231
vn -0.4138 0.0610 -0.9083
vn -0.9898 -0.0575 -0.1302
vn -0.9811 0.0071 -0.1933
vn -0.9872 0.0711 -0.1425
vn -0.8086 -0.5345 -0.2459
vn -0.9529 -0.2667 0.1444
vn -0.9950 0.0674 -0.0741
vn -0.9571 -0.1173 -0.2648
vn -0.9917 0.0169 0.1272
vn -0.9605 0.0292 -0.2766
vn -0.8816 0.0717 -0.4665
vn -0.7425 0.0054 -0.6698
vn -0.2062 -0.9706 -0.1238
vn -0.5738 -0.7272 -0.3767
vn -0.7166 0.0072 -0.6974
vn -0.5769 -0.0138 -0.8167
vn -0.1531 -0.9669 -0.2043
vn -0.1481 -0.9725 -0.1796
vn -0.4423 0.0206 -0.8966
vn -0.8601 -0.0319 -0.5091
vn -0.8061 0.1509 -0.5722
vn -0.6978 -0.3727 -0.6117
vn -0.9064 -0.0551 -0.4188
vn -0.9970 -0.0098 -0.0767
vn -0.6224 0.5429 -0.5638
vn -0.6231 0.5442 -0.5617
vn -0.6220 0.5413 -0.5659
vn -0.8365 0.3942 -0.3806
vn -0.2742 0.9617 -0.0046
vn -0.3236 0.9210 -0.2167
vn -0.3236 0.9210 -0.2170
vn -0.6980 -0.3770 -0.6088
vn -0.7871 -0.3393 -0.5152
vn -0.6228 0.5446 -0.5617
vn -0.6353 -0.3074 -0.7084
vn -0.5895 -0.3305 -0.7371
vn -0.7418 0.4612 -0.4868
vn -0.6541 -0.3096 -0.6901
vn -0.7243 0.4380 -0.5325
vn -0.6129 -0.2484 -0.7501
vn -0.8897 0.3183 -0.3272
vn -0.9288 0.3593 -0.0910
vn -0.6868 -0.7131 -0.1405
vn -0.6823 -0.7182 -0.1364
vn -0.6806 -0.7201 -0.1349
vn -0.8697 0.4888 -0.0683
vn -0.9029 0.4087 -0.1330
vn -0.9873 0.1171 -0.1076
vn -0.9871 0.1181 -0.1080
vn -0.9872 0.1176 -0.1079
vn -0.9480 0.2112 -0.2381
vn -0.6883 -0.7115 -0.1418
vn -0.8607 0.3823 -0.3363
vn -0.5980 -0.7424 -0.3019
vn -0.6079 -0.7270 -0.3191
vn -0.9770 -0.0064 -0.2132
vn -0.9776 -0.0122 -0.2100
vn -0.9778 -0.0137 -0.2092
vn -0.9768 -0.0049 -0.2141
vn -0.6765 -0.7149 -0.1767
vn -0.9305 -0.2690 -0.2487
vn -0.9401 -0.2481 -0.2338
vn -0.7089 -0.6795 -0.1889
vn -0.8991 -0.0851 -0.4294
vn -0.8352 0.0796 -0.5441
vn -0.5583 -0.7207 -0.4109
vn -0.5916 -0.5633 -0.5768
vn -0.6627 0.4391 -0.6067
vn -0.7099 0.3671 -0.6011
vn -0.4408 -0.3316 -0.8341
vn -0.2828 -0.0367 -0.9585
vn -0.5818 0.5191 -0.6261
vn -0.3989 -0.2572 -0.8802
vn -0.3985 -0.2572 -0.8804
vn -0.3967 -0.2525 -0.8825
vn -0.3945 -0.2479 -0.8848
vn -0.4778 0.4063 -0.7788
vn -0.2417 0.4208 -0.8744
vn -0.1528 0.3221 -0.9343
vn -0.4107 0.6416 -0.6478
vn -0.2704 0.8378 -0.4742
vn -0.1401 -0.1489 -0.9789
vn -0.3968 0.9010 -0.1755
vn -0.4200 0.7912 -0.4445
vn -0.3560 0.0490 -0.9332
vn -0.4073 0.0390 -0.9124
vn -0.0533 -0.2068 -0.9769
vn -0.0659 -0.0795 -0.9947
vn -0.1576 0.0103 -0.9874
vn -0.3938 0.0830 -0.9154
vn -0.5280 -0.5858 -0.6149
vn -0.7819 0.0253 -0.6229
vn -0.5197 0.1968 -0.8314
vn -0.0444 -0.8146 -0.5783
vn -0.3073 0.0963 -0.9467
vn -0.2079 0.5122 -0.8333
vn 0.1319 0.1790 -0.9750
vn -0.4943 -0.4068 -0.7683
vn -0.2587 -0.6107 -0.7484
vn -0.3511 -0.4676 -0.8113
vn -0.6054 -0.0345 -0.7952
vn -0.3331 0.2253 -0.9156
vn -0.3077 0.2825 -0.9086
vn 0.0521 0.3327 -0.9416
vn 0.2441 -0.9108 -0.3331
vn 0.1912 -0.8064 -0.5596
vn 0.3322 -0.0119 -0.9431
vn 0.2216 -0.7871 -0.5756
vn 0.2244 0.2474 -0.9426
vn 0.2258 -0.8282 -0.5130
vn 0.2747 0.1475 -0.9502
vn 0.2855 0.1240 -0.9503
vn 0.5942 -0.1112 -0.7966
vn 0.5769 0.1206 -0.8078
vn 0.4957 0.2250 -0.8388
vn 0.3170 -0.1057 -0.9425
vn 0.1198 -0.3463 -0.9305
vn 0.0104 0.3556 -0.9346
vn 0.0356 0.3307 -0.9431
vn 0.3918 0.2121 -0.8953
vn 0.4251 0.2130 -0.8797
vn 0.4772 -0.3563 -0.8033
vn 0.3874 0.0236 -0.9216
vn -0.0790 -0.6015 -0.7949
vn -0.0610 -0.6285 -0.7754
vn 0.5734 0.0812 -0.8152
vn 0.1154 -0.6941 -0.7106
vn 0.0926 -0.6565 -0.7486
vn 0.3097 0.3086 -0.8994
vn -0.2118 0.2787 -0.9367
vn -0.1856 0.4949 -0.8489
vn -0.1350 -0.1587 -0.9781
vn -0.2995 0.0383 -0.9533
vn -0.0695 -0.8922 -0.4463
vn -0.0239 -0.9171 -0.3979
vn -0.4183 0.1405 -0.8974
vn -0.4148 0.3756 -0.8288
vn -0.4617 0.2096 -0.8619
vn 0.0466 -0.0893 -0.9949
vn 0.0960 -0.8806 -0.4639
vn 0.1721 -0.9507 -0.2579
vn 0.1219 0.4629 -0.8780
vn 0.1322 -0.9638 -0.2315
vn 0.2985 0.0242 -0.9541
vn 0.2986 0.0245 -0.9541
vn 0.2985 0.0243 -0.9541
vn 0.2976 0.0231 -0.9544
vn -0.1687 -0.9667 0.1925
vn 0.1067 -0.6977 0.7084
vn -0.7526 -0.4570 0.4740
vn -0.7871 -0.3766 0.4885
vn -0.3197 0.8653 0.3861
vn -0.3168 0.8662 0.3864
vn -0.3209 0.8643 0.3873
vn -0.3157 0.8669 0.3858
vn -0.3160 0.8672 0.3849
vn -0.2848 0.8839 0.3708
vn -0.3161 -0.3109 0.8964
vn -0.2161 0.8480 0.4840
vn -0.3437 -0.9278 0.1450
vn -0.4132 0.7372 0.5345
vn -0.2983 -0.4239 0.8552
vn -0.2355 -0.5387 0.8089
vn 0.2695 -0.5480 0.7919
vn 0.1635 -0.4172 0.8940
vn -0.1807 -0.8926 0.4131
vn -0.6246 -0.1541 0.7656
vn -0.4535 -0.7458 0.4879
vn -0.2948 -0.9467 0.1297
vn -0.5115 -0.3200 0.7975
vn -0.2932 -0.9508 0.0996
vn -0.5667 -0.2812 0.7744
vn -0.2644 -0.9583 0.1088
vn -0.4735 -0.3682 0.8002
vn -0.4766 -0.3690 0.7980
vn -0.4769 -0.3688 0.7979
vn -0.5974 0.6857 -0.4158
vn -0.3917 -0.3833 -0.8364
vn -0.4759 0.7623 -0.4387
vn -0.4678 0.7693 -0.4351
vn -0.4684 0.7687 -0.4355
vn -0.4767 0.7616 -0.4390
vn -0.4122 0.7853 -0.4619
vn -0.4155 0.7382 -0.5314
vn -0.3988 -0.4836 -0.7792
vn -0.4979 0.4608 -0.7347
vn -0.2848 -0.5640 -0.7751
vn -0.9744 -0.2197 0.0483
vn -0.9719 -0.2354 0.0024
vn -0.9577 0.1727 0.2303
vn -0.9845 -0.1460 0.0968
vn -0.7330 0.5039 0.4570
vn -0.9912 0.0192 0.1309
vn -0.9900 -0.1410 -0.0077
vn -0.9848 0.0365 0.1700
vn -0.9588 -0.2452 0.1437
vn -0.4057 -0.9134 0.0318
vn -0.9636 -0.2139 0.1602
vn -0.7771 -0.6293 -0.0039
vn -0.9355 -0.3290 -0.1288
vn 0.1409 -0.0876 -0.9861
vn -0.8849 0.3469 0.3108
vn -0.8848 0.3471 0.3108
vn -0.8850 0.3467 0.3109
vn -0.3773 0.7643 0.5229
vn -0.3676 0.7769 0.5112
vn -0.9530 -0.2950 0.0690
vn -0.8856 -0.0625 -0.4602
vn -0.8113 -0.2219 -0.5409
vn -0.5820 -0.5408 0.6073
vn -0.3183 0.6359 0.7031
vn -0.2398 0.7279 0.6424
vn -0.4462 -0.3714 0.8142
vn -0.2125 -0.6088 0.7643
vn 0.2370 -0.2369 0.9422
vn -0.0142 0.1435 0.9895
vn 0.2258 0.6479 0.7274
vn -0.0896 -0.4960 0.8637
vn -0.9348 0.0848 0.3449
vn -0.6045 -0.7497 0.2693
vn -0.9184 0.1562 0.3636
vn -0.8054 0.2797 0.5225
vn -0.5327 -0.5383 0.6530
vn -0.6479 0.2290 0.7265
vn -0.5838 0.0754 0.8084
vn -0.7354 -0.5223 0.4316
vn -0.8260 0.5344 0.1790
vn -0.8256 0.5351 0.1792
vn -0.8247 0.5362 0.1797
vn -0.9343 0.3127 0.1715
vn -0.9349 0.3126 0.1677
vn -0.9346 0.3126 0.1699
vn -0.9238 -0.0410 0.3806
vn -0.7490 -0.1339 0.6489
vn -0.8245 0.5366 0.1798
vn -0.6132 -0.5670 0.5500
vn -0.6176 0.3141 0.7211
vn -0.6896 0.2767 0.6693
vn -0.7075 0.2502 0.6610
vn -0.1404 -0.1900 -0.9717
vn -0.2540 -0.1349 -0.9577
vn -0.3095 -0.1236 -0.9428
vn -0.8905 -0.1451 0.4313
vn -0.7223 0.1440 0.6764
vn -0.7770 -0.3033 -0.5516
vn -0.8664 -0.1931 -0.4605
vn -0.2691 -0.9433 -0.1942
vn -0.6305 -0.1323 -0.7648
vn -0.3241 -0.8885 -0.3248
vn -0.9091 -0.3043 -0.2846
vn -0.6801 -0.7331 -0.0046
vn -0.3088 -0.9498 -0.0513
vn -0.9869 -0.1296 -0.0964
vn -0.4930 -0.8650 -0.0932
vn -0.1367 -0.9863 -0.0920
vn -0.8116 -0.3897 -0.4353
vn -0.0726 -0.6908 -0.7194
vn -0.0707 -0.6948 -0.7158
vn -0.0734 -0.6891 -0.7209
vn -0.7650 -0.5818 0.2763
vn -0.7652 -0.5817 0.2760
vn -0.7653 -0.5816 0.2759
vn -0.4541 -0.6255 0.6345
vn 0.0035 -0.6227 0.7825
vn -0.0233 -0.9995 0.0215
vn -0.4614 -0.8751 0.1457
vn -0.8778 -0.3434 0.3338
vn -0.9389 -0.2247 0.2606
vn -0.3765 -0.9209 0.1010
vn -0.3362 -0.9393 0.0685
vn -0.8465 -0.2088 0.4897
vn -0.0765 -0.9909 0.1106
vn 0.0381 -0.5757 0.8168
vn -0.9857 -0.0348 0.1649
vn -0.8947 -0.0397 0.4450
vn -0.7256 -0.0727 0.6843
vn 0.2659 -0.2575 0.9290
vn 0.2007 -0.5071 0.8382
vn 0.3003 -0.3191 0.8989
vn -0.2934 -0.3703 0.8814
vn -0.6998 -0.7137 0.0302
vn -0.8654 -0.4993 -0.0423
vn -0.9869 0.1190 -0.1085
vn -0.9342 0.3125 0.1720
vn -0.6348 -0.7627 0.1236
vn -0.6061 -0.2937 0.7392
vn -0.4731 -0.3680 0.8005
vn -0.1167 0.7949 0.5955
vn -0.8840 0.3500 0.3098
vn -0.9271 0.0108 0.3746
vn -0.9733 -0.2193 -0.0670
vn -0.3055 -0.0583 0.9504
vn 0.1408 0.2366 0.9613
vn -0.1467 -0.1918 0.9704
vn 0.3345 0.2188 0.9166
vn -0.9012 -0.3236 0.2882
vn -0.2459 -0.3351 0.9095
vn -0.8206 0.5483 0.1610
vn -0.8986 -0.3050 0.3153
vn -0.8494 0.4815 0.2160
vn -0.9090 -0.3339 0.2493
vn -0.1643 0.5407 0.8250
vn -0.9731 -0.2092 0.0963
vn -0.0026 0.6645 0.7473
vn -0.9481 -0.3034 0.0954
vn -0.9486 -0.3052 0.0834
vn -0.9485 -0.3051 0.0848
vn -0.9486 -0.3055 0.0828
vn -0.8682 -0.4963 0.0024
vn -0.9716 -0.1748 0.1596
vn -0.9418 -0.3101 0.1294
vn -0.8821 0.4258 0.2014
vn -0.8641 -0.4727 0.1730
vn -0.8843 -0.4262 0.1905
vn -0.9093 -0.2965 0.2921
vn -0.6409 -0.3822 0.6657
vn -0.7644 -0.3085 0.5661
vn -0.8780 0.3477 0.3289
vn -0.8364 0.3837 0.3915
vn -0.8493 -0.0229 0.5274
vn -0.9295 0.2285 -0.2897
vn -0.9289 0.2260 -0.2934
vn -0.9288 0.2253 -0.2941
vn -0.9575 0.0601 0.2821
vn -0.8887 0.3801 0.2563
vn -0.9510 -0.2459 0.1875
vn -0.8854 -0.3649 0.2880
vn 0.0018 -0.9995 0.0331
vn 0.2800 -0.9599 -0.0129
vn 0.7047 -0.6966 -0.1349
vn -0.0700 -0.6963 -0.7143
vn 0.0467 -0.7053 0.7074
vn 0.0107 -0.9999 -0.0095
vn -0.1358 -0.6662 -0.7333
vn -0.1010 -0.7061 -0.7008
vn 0.7219 -0.6710 -0.1692
vn 0.7241 -0.6688 -0.1682
vn 0.7223 -0.6706 -0.1690
vn 0.7249 -0.6681 -0.1679
vn 0.7836 -0.5427 -0.3024
vn -0.6034 -0.3944 -0.6930
vn 0.1702 -0.9835 -0.0617
vn -0.7095 -0.7001 0.0805
vn -0.7752 -0.6158 0.1406
vn -0.0255 -0.9997 -0.0004
vn 0.0015 -0.9993 -0.0368
vn 0.0253 -0.9987 -0.0448
vn -0.8033 -0.5819 0.1270
vn -0.2164 -0.8715 -0.4402
vn -0.3883 -0.1632 -0.9070
vn -0.1023 -0.9715 -0.2138
vn -0.1018 -0.9716 -0.2134
vn -0.1020 -0.9716 -0.2135
vn -0.6852 -0.5905 -0.4264
vn -0.6932 -0.3359 -0.6378
vn 0.7213 -0.6677 0.1840
vn 0.8633 -0.4616 0.2042
vn -0.8009 0.2395 0.5489
vn -0.4718 0.5638 -0.6779
vn -0.2942 0.8330 -0.4685
vn 0.0939 0.3378 -0.9365
vn 0.5390 0.0565 -0.8404
vn 0.4932 -0.0359 -0.8692
vn 0.2558 -0.1062 -0.9609
vn 0.2775 -0.1191 -0.9533
vn 0.3805 -0.0865 -0.9207
vn 0.5204 -0.2864 -0.8045
vn 0.6034 -0.1826 -0.7763
vn 0.5769 -0.2220 -0.7861
vn 0.6716 -0.1615 -0.7231
vn 0.7252 -0.2313 -0.6485
vn -0.8385 -0.3351 0.4297
vn -0.4847 -0.8670 -0.1161
vn -0.5426 -0.8199 -0.1827
vn 0.9024 -0.3736 0.2147
vn 0.0402 -0.2619 0.9643
vn -0.0473 -0.2797 0.9589
vn -0.4755 0.1203 0.8715
vn 0.1512 -0.1737 0.9731
vn -0.4725 0.3221 0.8204
vn -0.4709 0.3213 0.8216
vn -0.4720 0.3218 0.8208
vn -0.4705 0.3210 0.8220
vn -0.7690 0.6377 0.0448
vn -0.5552 0.5768 -0.5993
vn -0.7763 0.6275 0.0609
vn -0.6637 0.7248 0.1849
vn -0.3572 0.4051 0.8416
vn -0.1223 0.2819 0.9516
vn -0.7170 -0.6757 0.1715
vn -0.0912 0.7377 -0.6689
vn 0.0347 -0.6081 -0.7931
vn 0.8155 0.1334 0.5632
vn 0.8155 0.1333 0.5633
vn -0.1131 -0.7002 0.7049
vn 0.1970 -0.3768 -0.9051
vn 0.0623 0.8144 -0.5770
vn 0.0649 0.8342 -0.5476
vn 0.1518 -0.0278 -0.9880
vn -0.0622 -0.0310 -0.9976
vn -0.0439 -0.0077 -0.9990
vn 0.0838 -0.0668 -0.9942
vn 0.1067 -0.0623 -0.9923
vn 0.0099 0.2148 0.9766
vn -0.0009 0.7589 0.6512
vn 0.2243 -0.8982 -0.3781
vn -0.5411 0.6636 0.5166
vn 0.2696 -0.9468 0.1756
vn 0.0713 -0.0033 -0.9974
vn -0.1491 0.3533 -0.9236
vn -0.3200 -0.2971 -0.8996
vn -0.3198 -0.2975 -0.8996
vn -0.3198 -0.2974 -0.8996
vn 0.0588 -0.9263 -0.3723
vn 0.3973 -0.6765 -0.6201
vn -0.4373 -0.1675 0.8836
vn -0.2648 -0.4215 0.8673
vn -0.4035 -0.1525 0.9022
vn 0.6726 -0.5155 0.5309
vn 0.5740 -0.4821 0.6619
vn 0.9406 -0.3394 0.0110
vn -0.9548 -0.2790 -0.1028
vn -0.2647 -0.3824 0.8853
vn 0.5882 0.1258 -0.7988
vn 0.7248 0.0237 -0.6885
vn 0.8306 -0.5163 -0.2086
vn -0.4416 -0.2236 0.8689
vn 0.5172 -0.5418 0.6625
vn 0.4988 -0.5123 0.6991
vn 0.4131 -0.5804 0.7018
vn -0.3297 -0.5016 0.7998
vn 0.8657 -0.4551 0.2082
vn 0.8675 -0.4459 0.2206
vn 0.6833 -0.7294 0.0323
vn -0.3742 -0.4955 0.7839
vn -0.2250 -0.4296 0.8745
vn -0.0761 -0.3854 0.9196
vn 0.2163 0.6081 0.7638
vn 0.1954 -0.2038 0.9593
vn 0.1962 -0.2029 0.9593
vn 0.1920 -0.2076 0.9592
vn 0.1964 -0.2026 0.9594
vn 0.5488 -0.0110 0.8359
vn -0.2022 -0.4597 0.8647
vn -0.0891 -0.2869 0.9538
vn -0.1753 -0.1636 0.9708
vn -0.0563 -0.4039 0.9131
vn 0.2022 -0.0867 0.9755
vn 0.2574 -0.9321 0.2547
vn 0.2588 -0.9310 0.2575
vn 0.2567 -0.9327 0.2533
vn 0.1383 -0.0514 0.9891
vn 0.1553 -0.1985 0.9677
vn 0.3065 -0.2000 0.9306
vn -0.0942 0.2204 0.9709
vn 0.1631 0.1130 0.9801
vn 0.0591 0.6663 0.7433
vn 0.2835 0.6231 0.7289
vn -0.3490 0.3487 0.8698
vn 0.1320 0.6389 0.7579
vn 0.0969 0.6273 0.7727
vn 0.0768 0.0493 0.9958
vn 0.2046 -0.4931 0.8456
vn 0.2594 -0.9304 0.2589
vn 0.5189 -0.1995 -0.8312
vn 0.3194 -0.0960 -0.9427
vn 0.4186 -0.2301 -0.8785
vn -0.7909 -0.2265 -0.5684
vn -0.6474 -0.0868 -0.7572
vn -0.6498 -0.5746 -0.4976
vn -0.1735 -0.1685 -0.9703
vn -0.2597 0.6989 -0.6664
vn -0.1169 -0.2367 -0.9645
vn -0.0255 0.3402 -0.9400
vn -0.0780 0.4037 -0.9115
vn -0.0561 0.4850 -0.8727
vn 0.1029 0.3537 -0.9297
vn 0.0410 0.9353 -0.3515
vn 0.1473 0.5319 -0.8339
vn 0.1585 0.5555 -0.8162
vn -0.0008 0.8787 -0.4774
vn -0.0690 0.9285 -0.3648
vn -0.1849 0.7830 -0.5939
vn -0.2038 0.7783 -0.5939
vn -0.2756 0.6045 -0.7474
vn -0.0274 0.7167 -0.6968
vn 0.0127 0.7373 -0.6754
vn 0.0939 0.0618 -0.9937
vn -0.0893 0.9919 -0.0904
vn -0.0280 0.9981 0.0555
vn -0.0026 0.9999 0.0140
vn 0.2743 -0.0508 -0.9603
vn 0.2997 0.4709 -0.8297
vn 0.0317 0.9715 -0.2348
vn 0.0520 0.9962 0.0703
vn 0.0773 0.9779 -0.1941
vn 0.0951 0.0784 -0.9924
vn 0.0673 0.7161 -0.6947
vn 0.2837 0.4451 -0.8493
vn 0.0992 0.4529 -0.8860
vn 0.3688 0.7311 -0.5740
vn 0.3714 0.7287 -0.5754
vn 0.3710 0.7292 -0.5751
vn 0.4494 0.1161 -0.8858
vn 0.3930 0.2695 -0.8792
vn 0.3685 0.7312 -0.5740
vn 0.3308 0.4823 -0.8112
vn 0.0632 0.5152 -0.8547
vn 0.4123 0.5679 -0.7124
vn 0.6053 0.4785 -0.6361
vn 0.3508 0.5851 -0.7312
vn 0.3702 0.5618 -0.7398
vn 0.6367 0.5651 -0.5248
vn 0.2853 0.9475 -0.1447
vn 0.1377 0.9770 0.1627
vn 0.6256 0.2080 -0.7519
vn 0.4678 0.7894 -0.3975
vn 0.6493 0.3564 -0.6719
vn 0.3963 0.5354 -0.7459
vn 0.2154 0.4877 -0.8460
vn 0.3203 0.2430 -0.9156
vn 0.3623 0.2140 -0.9072
vn 0.2853 0.1761 -0.9421
vn 0.0150 0.0515 -0.9986
vn 0.1829 0.0405 -0.9823
vn -0.1704 -0.9840 -0.0521
vn -0.1704 -0.9840 -0.0523
vn 0.0118 0.3455 -0.9383
vn 0.4458 -0.6199 0.6457
vn 0.5560 -0.5836 0.5918
vn 0.1697 -0.4125 0.8950
vn -0.1196 -0.6125 0.7814
vn 0.0171 -0.0556 0.9983
vn 0.4009 0.4901 0.7740
vn 0.4009 0.4898 0.7742
vn 0.4201 -0.0641 0.9052
vn -0.0527 -0.1027 0.9933
vn 0.2938 -0.4151 0.8610
vn 0.2485 -0.5574 0.7922
vn -0.4174 -0.2981 0.8585
vn -0.7199 0.2912 0.6301
vn -0.6927 0.2985 0.6566
vn -0.8424 -0.2931 0.4521
vn -0.1239 -0.6500 0.7498
vn -0.7396 0.6545 0.1569
vn 0.4065 0.3809 0.8305
vn -0.6456 0.2882 0.7072
vn -0.6380 0.3072 0.7061
vn -0.6380 0.3029 0.7079
vn -0.6380 0.3027 0.7080
vn -0.6380 0.3020 0.7083
vn -0.3438 -0.3200 0.8829
vn -0.4752 0.4193 0.7735
vn -0.1592 -0.6719 0.7233
vn 0.1074 -0.7890 0.6049
vn -0.5515 0.5218 0.6508
vn -0.5153 0.4768 0.7121
vn -0.3791 0.5763 0.7240
vn 0.3895 0.1820 0.9029
vn -0.5044 -0.2775 0.8177
vn -0.6655 0.2482 0.7039
vn -0.3519 -0.6703 0.6534
vn -0.1810 -0.6988 0.6920
vn -0.7994 0.3838 0.4622
vn -0.6472 0.4672 0.6024
vn -0.5527 -0.2687 0.7888
vn -0.9956 -0.0557 0.0760
vn -0.6414 0.5830 0.4987
vn -0.6855 0.5664 0.4576
vn -0.8719 0.3170 -0.3733
vn -0.9990 0.0304 0.0313
vn -0.9296 0.2290 -0.2888
vn -0.9330 -0.3099 -0.1829
vn 0.1367 0.1233 0.9829
vn -0.0999 -0.9422 0.3197
vn 0.0971 -0.5646 0.8197
vn 0.0915 -0.6141 0.7839
vn -0.9480 -0.0079 0.3181
vn -0.3094 -0.1002 0.9456
vn -0.5109 0.2746 0.8146
vn -0.9459 -0.1947 0.2595
vn -0.3719 -0.8196 0.4358
vn 0.3902 0.1415 0.9098
vn -0.8517 -0.5235 0.0248
vn -0.6920 -0.4773 -0.5416
vn -0.5197 -0.6004 0.6078
vn -0.7309 -0.4859 0.4793
vn -0.1044 -0.9939 0.0361
vn -0.4213 -0.4284 -0.7993
vn 0.0731 -0.9855 0.1534
vn -0.1979 -0.3303 -0.9229
vn -0.3733 -0.4534 -0.8094
vn -0.3289 0.0340 -0.9438
vn -0.2167 -0.5348 -0.8167
vn 0.5107 -0.3588 0.7813
vn 0.5357 -0.1376 0.8331
vn 0.5949 -0.1727 0.7850
vn 0.5375 -0.6203 0.5713
vn -0.0046 -0.1132 -0.9936
vn 0.5040 0.0569 -0.8618
vn 0.8429 -0.5318 -0.0818
vn 0.3014 -0.2171 -0.9285
vn 0.3594 -0.2596 -0.8963
vn 0.3752 -0.2153 -0.9016
vn 0.5904 -0.0449 -0.8058
vn 0.6933 -0.2232 -0.6852
vn 0.4814 0.3513 -0.8030
vn 0.4817 0.3514 -0.8028
vn 0.4814 0.3514 -0.8030
vn 0.4810 0.3513 -0.8033
vn 0.5151 0.3386 -0.7874
vn 0.4147 0.4271 -0.8035
vn -0.1080 0.8636 0.4924
vn -0.1183 0.6841 0.7197
vn 0.4529 0.3243 -0.8305
vn 0.4385 0.1613 -0.8841
vn 0.7717 -0.1279 -0.6230
vn 0.6826 -0.0249 -0.7304
vn 0.7236 0.3240 -0.6094
vn -0.3576 0.8294 0.4293
vn -0.3513 0.8315 0.4303
vn -0.3588 0.8289 0.4291
vn -0.4109 0.8681 0.2785
vn -0.3504 0.8318 0.4305
vn 0.8238 0.3991 -0.4027
vn 0.8444 0.0034 -0.5357
vn 0.8342 0.4522 -0.3157
vn -0.3391 0.8780 0.3378
vn -0.4522 0.7290 0.5138
vn 0.4046 0.3467 -0.8462
vn 0.7194 0.3389 -0.6063
vn 0.6720 0.1046 -0.7331
vn -0.1815 0.7698 0.6119
vn 0.1692 0.9818 -0.0858
vn 0.2913 0.9376 -0.1900
vn 0.4478 0.8621 -0.2373
vn 0.4486 0.8619 -0.2365
vn 0.4484 0.8619 -0.2366
vn 0.4198 0.8994 -0.1218
vn 0.7790 0.0603 -0.6242
vn -0.4161 0.8663 0.2763
vn -0.4222 0.8623 0.2797
vn -0.4168 0.8658 0.2768
vn -0.4147 0.8672 0.2756
vn 0.8007 0.1740 -0.5732
vn 0.7927 -0.1264 -0.5964
vn 0.0732 0.4270 -0.9013
vn 0.0280 0.7266 -0.6865
vn 0.3757 0.5323 -0.7586
vn 0.5852 -0.1135 -0.8029
vn 0.3313 0.5560 -0.7623
vn 0.6271 0.0847 -0.7743
vn 0.7159 0.0938 -0.6918
vn 0.1894 0.8253 -0.5320
vn 0.6513 -0.0770 -0.7549
vn 0.6019 -0.0813 -0.7944
vn 0.7942 0.0312 -0.6069
vn 0.3427 0.7806 -0.5228
vn 0.7649 -0.1144 -0.6339
vn 0.7922 0.0274 -0.6096
vn 0.8405 0.1020 -0.5322
vn 0.8032 0.0027 -0.5956
vn 0.8036 0.0001 -0.5952
vn 0.8036 -0.0001 -0.5951
vn 0.8037 -0.0005 -0.5951
vn 0.8771 -0.0792 -0.4738
vn 0.9651 -0.0296 -0.2603
vn 0.9381 0.0284 -0.3453
vn 0.2210 0.8898 -0.3994
vn 0.5924 -0.6357 -0.4950
vn -0.5728 -0.7379 -0.3569
vn -0.8209 0.4359 -0.3689
vn 0.6927 -0.3701 0.6190
vn 0.6774 -0.3315 0.6567
vn 0.5016 -0.3017 0.8108
vn 0.1515 -0.1327 0.9795
vn 0.4237 -0.1185 0.8980
vn 0.5232 0.0055 0.8522
vn 0.6122 -0.2492 0.7504
vn 0.7550 0.0188 0.6555
vn 0.7177 -0.0459 0.6949
vn 0.7017 -0.1613 0.6940
vn 0.5106 -0.0803 0.8561
vn 0.6131 -0.2773 0.7398
vn 0.5777 -0.0854 0.8117
vn 0.7387 -0.1270 0.6620
vn 0.8080 -0.1570 0.5678
vn 0.7175 -0.1351 0.6834
vn 0.8581 -0.1310 0.4965
vn 0.8736 -0.1474 0.4638
vn 0.9431 0.1851 0.2761
vn 0.9431 0.1850 0.2762
vn 0.6289 -0.2757 0.7270
vn 0.7489 0.0241 0.6623
vn -0.2151 0.4074 -0.8876
vn -0.2560 0.2978 -0.9197
vn -0.2864 0.4487 -0.8465
vn 0.4871 0.8697 -0.0804
vn -0.4049 0.2974 -0.8646
vn -0.4036 0.2971 -0.8653
vn -0.4144 0.3002 -0.8591
vn 0.5017 0.8480 -0.1709
vn 0.5249 0.8278 -0.1983
vn -0.5600 0.1811 -0.8085
vn 0.2668 0.1084 -0.9576
vn -0.7266 -0.1721 0.6651
vn -0.7778 0.0010 0.6285
vn -0.8455 -0.4951 0.2001
vn -0.9126 -0.3029 0.2747
vn -0.7987 -0.0885 0.5952
vn -0.5483 0.2269 -0.8049
vn -0.8836 -0.4545 -0.1123
vn -0.9778 -0.2011 -0.0586
vn -0.8993 -0.1957 -0.3910
vn -0.9041 -0.3937 0.1663
vn -0.8691 0.2664 -0.4167
vn -0.5029 0.1316 -0.8542
vn -0.9834 0.0515 0.1742
vn -0.4348 -0.7206 0.5401
vn -0.6515 0.2142 0.7278
vn -0.0094 -0.3875 0.9218
vn -0.6670 0.1503 0.7298
vn -0.9253 0.1200 0.3598
vn -0.3033 -0.1674 0.9381
vn -0.3075 -0.1684 0.9365
vn -0.3096 -0.1690 0.9357
vn -0.9625 0.1755 -0.2068
vn -0.3276 -0.1146 0.9379
vn -0.9365 0.2690 -0.2252
vn -0.9999 -0.0063 -0.0093
vn -0.9761 -0.0794 0.2024
vn -0.8482 -0.4842 0.2148
vn -0.9952 0.0028 0.0979
vn -0.9552 -0.2051 0.2133
vn -0.8203 0.5288 0.2180
vn -0.6459 0.1609 -0.7463
vn -0.9832 -0.0545 0.1742
vn -0.3011 -0.1669 0.9389
vn -0.6686 0.1757 -0.7226
vn -0.1113 -0.9934 0.0273
vn -0.6815 0.1452 -0.7173
vn -0.9158 -0.0768 -0.3942
vn -0.9809 -0.1463 0.1280
vn -0.9808 -0.1469 0.1287
vn -0.9808 -0.1466 0.1285
vn -0.7808 -0.3070 -0.5442
vn -0.2425 -0.9694 0.0392
vn -0.3110 -0.3138 -0.8971
vn -0.0226 -0.9955 -0.0918
vn -0.2932 -0.3381 -0.8943
vn -0.7075 -0.7065 -0.0161
vn -0.6139 -0.7893 -0.0121
vn -0.1964 -0.8407 -0.5045
vn -0.7376 0.2170 0.6395
vn 0.2732 -0.4808 -0.8332
vn 0.7199 -0.2610 0.6431
vn -0.7804 -0.6220 0.0638
vn 0.7237 -0.6688 -0.1702
vn 0.0887 -0.9904 0.1062
vn 0.0336 -0.9920 0.1213
vn -0.6060 -0.4209 0.6750
vn -0.7066 -0.6961 0.1270
vn -0.6758 -0.5192 -0.5231
vn 0.2586 -0.6837 0.6824
vn 0.2092 -0.5884 0.7810
vn 0.2103 -0.6056 0.7675
vn 0.8288 -0.4807 0.2865
vn 0.0300 -0.9717 0.2342
vn 0.7450 -0.6566 -0.1181
vn 0.4270 -0.2063 0.8804
vn 0.1012 -0.9364 0.3360
vn -0.7502 -0.6238 0.2195
vn -0.7254 -0.6588 0.1996
vn 0.7732 -0.6340 0.0134
vn 0.5989 -0.7905 -0.1281
vn 0.1094 -0.1962 0.9745
vn 0.0080 -0.9997 0.0224
vn 0.0086 -0.9998 0.0177
vn 0.0081 -0.9997 0.0219
vn 0.0082 -0.9904 0.1378
vn 0.0034 -0.9991 0.0432
vn -0.2566 -0.4318 -0.8647
vn -0.0341 -0.9967 -0.0737
vn -0.0260 -0.9953 -0.0930
vn -0.0347 -0.9985 -0.0414
vn -0.7694 -0.5807 0.2662
vn -0.4160 0.7037 0.5760
vn -0.3930 0.7271 0.5629
vn -0.4889 0.6585 0.5721
vn 0.1670 0.9854 -0.0319
vn -0.3691 0.4941 0.7872
vn -0.9873 0.1482 0.0575
vn -0.6641 0.5819 0.4695
vn -0.0788 0.0499 0.9956
vn -0.1901 0.6082 0.7707
vn -0.3238 0.8261 0.4613
vn -0.2475 0.5773 0.7781
vn 0.1168 0.0299 0.9927
vn 0.0075 -0.0179 0.9998
vn -0.5403 0.8348 0.1057
vn 0.1246 -0.1954 0.9728
vn 0.0444 -0.0332 0.9985
vn -0.7193 0.6628 0.2078
vn -0.6401 0.7683 0.0025
vn -0.2970 0.9252 0.2360
vn -0.0007 -0.2189 0.9757
vn 0.6203 -0.1503 0.7698
vn -0.2616 -0.2688 0.9270
vn 0.0538 -0.4725 0.8797
vn 0.3001 -0.4476 0.8424
vn -0.2890 0.9318 0.2198
vn -0.1599 0.9686 0.1904
vn -0.0999 0.6807 0.7257
vn 0.1788 0.5033 0.8454
vn 0.2606 0.4843 0.8352
vn -0.7802 0.6242 0.0408
vn -0.4524 0.6674 0.5916
vn -0.2400 0.5923 0.7691
vn -0.7236 0.4862 0.4899
vn -0.3730 0.7982 -0.4731
vn -0.3288 0.9174 -0.2241
vn -0.2046 0.7400 -0.6407
vn -0.1633 0.0446 -0.9856
vn -0.1026 -0.9714 -0.2141
vn -0.0552 -0.1423 -0.9883
vn -0.2905 -0.3092 -0.9055
vn 0.0052 -0.1540 -0.9881
vn 0.0224 -0.1850 -0.9825
vn 0.7389 -0.5881 0.3288
vn 0.8032 -0.5934 -0.0526
vn 0.1375 -0.4992 -0.8555
vn 0.7535 -0.6529 -0.0770
vn 0.7827 -0.6196 -0.0592
vn -0.0301 -0.9978 -0.0594
vn -0.0137 -0.9489 -0.3154
vn 0.0008 -0.9612 -0.2757
vn -0.0656 0.3119 -0.9478
vn -0.3831 -0.4116 -0.8269
vn -0.0436 0.0858 -0.9954
vn 0.2295 -0.0432 -0.9723
vn 0.2587 0.0614 -0.9640
vn -0.0294 0.7818 -0.6228
vn -0.0081 0.6903 -0.7235
vn 0.2604 -0.0406 -0.9646
vn 0.1972 -0.1143 -0.9737
vn 0.1721 0.2426 -0.9547
vn 0.2578 0.1169 -0.9591
vn 0.3098 0.0091 -0.9507
vn 0.2671 0.3441 -0.9001
vn 0.9382 0.0078 -0.3461
vn 0.2162 0.8931 -0.3946
vn 0.3231 -0.1232 -0.9383
vn 0.4708 0.2936 -0.8320
vn -0.1099 0.1348 -0.9848
vn 0.2166 0.6068 -0.7647
vn -0.1347 -0.6131 0.7784
vn -0.5444 0.8219 0.1678
vn 0.9061 -0.0352 -0.4216
vn 0.5817 0.0939 -0.8079
vn 0.7990 -0.5941 0.0931
vn 0.8008 -0.5939 0.0773
vn 0.3981 -0.7371 0.5461
vn -0.1912 -0.3855 0.9027
vn -0.4717 -0.2759 0.8374
vn -0.5721 -0.7605 0.3071
vn -0.5718 -0.7608 0.3070
vn -0.8546 -0.2097 0.4750
vn -0.8419 -0.1340 0.5228
vn -0.7880 -0.1496 0.5973
vn -0.7750 -0.1444 0.6153
vn -0.8043 -0.1721 0.5687
vn -0.8020 -0.1778 0.5703
vn -0.8020 -0.1777 0.5703
vn 0.7202 -0.4951 -0.4860
vn 0.7037 -0.4730 -0.5302
vn 0.6767 -0.6663 -0.3133
vn 0.8163 0.0822 -0.5717
vn 0.6596 -0.6827 -0.3144
vn 0.7591 0.1790 -0.6259
vn 0.2520 0.8090 -0.5311
vn 0.1522 0.8834 -0.4431
vn 0.8661 0.1582 -0.4742
vn -0.8018 -0.1778 0.5705
vn -0.8097 -0.2091 0.5483
vn -0.8096 -0.2090 0.5485
vn -0.8096 -0.2089 0.5486
vn 0.7085 -0.6538 -0.2658
vn -0.8087 -0.2214 0.5449
vn -0.8093 -0.2227 0.5435
vn -0.8122 -0.2287 0.5367
vn -0.8124 -0.2290 0.5363
vn 0.6950 -0.5795 -0.4257
vn 0.6294 -0.7485 -0.2087
vn -0.9082 -0.2839 0.3074
vn -0.8271 -0.1421 0.5437
vn -0.8547 -0.1761 0.4884
vn -0.9342 -0.1857 0.3048
vn 0.2128 -0.9696 -0.1212
vn -0.9568 -0.2136 0.1973
vn -0.9565 -0.2137 0.1984
vn -0.9575 -0.2133 0.1942
vn -0.0000 0.9896 -0.1442
vn 0.8586 0.0747 -0.5072
vn 0.8613 0.0696 -0.5033
vn 0.8576 0.0765 -0.5086
vn -0.9044 -0.3404 0.2573
vn -0.6673 -0.1681 0.7255
vn -0.6930 -0.1082 0.7127
vn 0.3969 -0.4610 0.7937
vn 0.3743 -0.4702 0.7993
vn 0.7811 -0.3968 0.4820
vn 0.3771 -0.8244 0.4220
vn 0.4070 -0.8121 0.4181
vn -0.6565 -0.3447 0.6710
vn -0.6769 -0.4656 0.5701
vn -0.0697 -0.6308 0.7728
vn 0.4923 -0.8164 0.3019
vn 0.4927 -0.8131 0.3100
vn 0.4921 -0.8172 0.3000
vn 0.4927 -0.8124 0.3118
vn 0.5848 -0.0359 -0.8104
vn 0.5548 0.1384 -0.8204
vn 0.5308 -0.7971 0.2880
vn 0.7918 0.0130 -0.6107
vn 0.5266 -0.8489 0.0455
vn 0.2758 -0.9593 0.0611
vn 0.2876 -0.9576 0.0190
vn -0.3756 -0.3986 0.8367
vn -0.2032 -0.0334 0.9786
vn -0.4055 0.5042 0.7625
vn -0.8908 0.4361 -0.1272
vn -0.9194 0.3815 -0.0953
vn -0.8778 0.2146 0.4282
vn -0.8651 0.1081 0.4897
vn -0.8803 0.1513 -0.4497
vn -0.6225 0.0986 -0.7763
vn -0.7599 0.4382 -0.4801
vn -0.7487 0.4181 -0.5144
vn -0.7285 0.3301 0.6002
vn -0.2587 0.9079 0.3300
vn -0.2596 0.9078 0.3294
vn -0.2664 0.9072 0.3255
vn -0.8440 0.3450 0.4106
vn -0.4375 0.7768 0.4530
vn -0.8075 0.5802 0.1065
vn -0.8289 0.3561 0.4314
vn -0.9161 0.1919 0.3520
vn -0.9137 0.1484 0.3783
vn -0.8565 0.2427 -0.4554
vn -0.9879 -0.0552 0.1451
vn -0.9570 0.0541 0.2849
vn -0.9811 -0.1455 0.1272
vn -0.9676 -0.1235 0.2200
vn -0.7234 0.6789 0.1258
vn -0.9754 -0.1238 0.1824
vn -0.8919 -0.2621 0.3685
vn -0.5059 -0.8615 0.0438
vn 0.0246 -0.9997 -0.0006
vn 0.0230 -0.9997 -0.0019
vn 0.0250 -0.9997 -0.0006
vn -0.9812 -0.1472 0.1248
vn -0.6381 0.0511 -0.7683
vn -0.4496 -0.6704 -0.5902
vn -0.6413 -0.7545 -0.1396
vn -0.7179 0.1068 -0.6879
vn -0.9159 -0.0645 0.3962
vn -0.9640 -0.2077 0.1660
vn -0.4446 -0.7306 -0.5181
vn -0.7419 -0.5089 0.4366
vn 0.2309 -0.6767 0.6991
vn -0.0324 -0.5045 0.8628
vn -0.2313 -0.7160 -0.6586
vn -0.2316 -0.7157 -0.6589
vn -0.2324 -0.7150 -0.6594
vn -0.2325 -0.7148 -0.6595
vn 0.2598 -0.8015 0.5386
vn 0.2663 -0.7026 0.6598
vn 0.0210 -0.9998 -0.0031
vn -0.1006 -0.3281 -0.9393
vn -0.4178 -0.3355 -0.8443
vn -0.4182 -0.3373 -0.8434
vn -0.4184 -0.3379 -0.8431
vn -0.4194 -0.3764 -0.8261
vn 0.7563 -0.5734 -0.3150
vn -0.8176 -0.5707 0.0764
vn -0.4176 -0.3347 -0.8447
vn 0.0201 -0.0313 -0.9993
vn -0.0810 -0.9938 -0.0766
vn 0.0017 -0.9992 0.0387
vn 0.0290 -0.9925 0.1186
vn 0.0088 -0.9998 0.0162
vn 0.2439 -0.3710 0.8960
vn 0.2440 -0.3711 0.8959
vn 0.2440 -0.3707 0.8961
vn 0.2438 -0.3701 0.8964
vn -0.0566 -0.9964 -0.0625
vn -0.2334 -0.8389 -0.4918
vn 0.3388 -0.6645 -0.6660
vn -0.7268 -0.2727 -0.6304
vn -0.2106 -0.8631 -0.4591
vn -0.6520 -0.7394 0.1682
vn 0.7066 -0.6789 -0.1994
vn 0.7075 -0.6776 -0.2005
vn 0.7104 -0.6736 -0.2041
vn 0.7115 -0.6720 -0.2054
vn -0.7451 -0.6514 0.1432
vn -0.0540 -0.9984 -0.0162
vn -0.0540 -0.9984 -0.0161
vn -0.0541 -0.9984 -0.0161
vn -0.7315 -0.6671 0.1410
vn 0.7154 -0.6795 -0.1626
vn -0.7209 -0.6808 0.1297
vn 0.6935 -0.7003 -0.1692
vn -0.2275 -0.6855 -0.6916
vn -0.4453 -0.4441 0.7775
vn 0.2348 -0.7011 0.6733
vn 0.6942 -0.6891 -0.2077
vn 0.7277 -0.6135 0.3068
vn 0.2897 -0.6481 0.7043
vn -0.7745 -0.5695 0.2752
vn 0.1673 -0.8433 0.5108
vn -0.2563 -0.6249 0.7375
vn 0.2384 -0.7244 0.6468
vn -0.2597 -0.6870 -0.6786
vn -0.2683 -0.7085 -0.6527
vn -0.0577 -0.9982 -0.0169
vn -0.6829 -0.7113 0.1665
vn -0.6542 -0.7367 0.1712
vn -0.0299 -0.9996 -0.0002
vn -0.0290 -0.9996 0.0019
vn -0.0287 -0.9996 0.0026
vn 0.5227 -0.5421 -0.6579
vn -0.0644 -0.9963 -0.0561
vn 0.1657 -0.7873 0.5939
vn 0.2713 -0.7545 0.5976
vn -0.3003 -0.6939 -0.6545
vn -0.3475 -0.9367 0.0426
vn -0.9278 -0.3125 -0.2036
vn -0.8117 -0.5351 0.2342
vn -0.2827 -0.7169 -0.6373
vn -0.2854 -0.7409 -0.6079
vn 0.4275 -0.6534 0.6248
vn 0.8295 -0.5270 -0.1851
vn -0.1065 -0.5645 -0.8185
vn 0.5328 -0.6189 -0.5771
vn 0.8551 -0.2157 -0.4714
vn 0.9466 -0.1248 -0.2974
vn 0.5316 -0.8274 -0.1809
vn 0.9669 -0.0449 -0.2513
vn 0.9143 -0.1025 -0.3920
vn 0.4096 0.8878 -0.2097
vn 0.3499 0.9219 -0.1663
vn 0.9082 -0.1839 0.3761
vn 0.6054 -0.1303 0.7852
vn 0.9389 0.0308 -0.3428
vn 0.9819 -0.1436 -0.1232
vn 0.9661 -0.0719 -0.2478
vn 0.8713 0.2648 -0.4131
vn 0.9513 -0.0536 -0.3035
vn 0.9599 0.0305 -0.2785
vn 0.9832 -0.0750 -0.1664
vn 0.3407 0.9339 -0.1085
vn 0.3453 0.9323 -0.1079
vn 0.3439 0.9328 -0.1081
vn 0.3394 0.9343 -0.1087
vn 0.9972 0.0298 -0.0684
vn 0.8548 0.4270 -0.2949
vn 0.7267 -0.0061 0.6870
vn 0.7307 -0.0002 0.6826
vn 0.7277 -0.0046 0.6859
vn 0.7014 -0.0989 0.7058
vn 0.7310 0.0003 0.6824
vn 0.9034 0.3801 -0.1983
vn 0.9408 0.3107 -0.1358
vn 0.3926 0.4608 -0.7959
vn 0.4835 0.5926 -0.6442
vn 0.3384 0.5166 -0.7865
vn 0.8636 0.4838 -0.1420
vn 0.6462 0.5082 -0.5693
vn 0.9325 0.3541 0.0715
vn 0.6273 0.5043 -0.5935
vn 0.6826 -0.0026 0.7307
vn 0.6873 0.5250 -0.5019
vn 0.8640 0.4920 -0.1070
vn 0.6755 -0.0732 0.7337
vn 0.6844 0.6269 -0.3723
vn 0.6658 0.5833 -0.4653
vn 0.9913 0.1303 0.0171
vn 0.8166 0.3720 -0.4414
vn 0.9478 0.2813 0.1502
vn 0.9357 0.3185 0.1516
vn 0.8991 0.3547 0.2567
vn 0.3071 0.4156 -0.8561
vn 0.6519 0.6729 -0.3498
vn 0.5691 -0.3311 0.7526
vn 0.5966 -0.5657 0.5693
vn 0.7843 0.1415 0.6040
vn 0.5544 -0.3646 0.7481
vn 0.6499 0.6425 0.4059
vn 0.7187 0.6425 0.2658
vn 0.3884 0.5106 -0.7671
vn 0.0249 0.7873 -0.6161
vn 0.1926 0.8085 -0.5561
vn 0.5688 0.7170 0.4031
vn 0.1660 0.8969 -0.4099
vn 0.1106 0.8778 -0.4661
vn 0.4301 0.6103 0.6653
vn 0.4964 0.8653 0.0704
vn 0.5414 0.8360 0.0890
vn 0.3855 0.6299 0.6743
vn 0.3342 0.9173 0.2163
vn 0.4006 0.9067 0.1322
vn 0.2163 -0.5838 0.7826
vn 0.3769 -0.0971 0.9212
vn 0.5844 0.8089 -0.0653
vn 0.5797 0.8009 -0.1502
vn 0.3666 -0.3743 0.8518
vn 0.2820 0.9397 0.1935
vn 0.1457 -0.5905 0.7937
vn 0.2923 0.5549 0.7789
vn 0.2702 0.5060 0.8191
vn 0.1729 0.5563 0.8128
vn -0.0554 0.9453 -0.3214
vn 0.1412 0.9425 0.3030
vn 0.1451 0.9540 0.2623
vn 0.2262 -0.2993 0.9270
vn 0.1806 -0.6320 0.7537
vn 0.1823 -0.5608 0.8076
vn 0.2822 -0.0699 0.9568
vn 0.3146 0.0178 0.9491
vn 0.2810 -0.4296 0.8582
vn 0.1588 0.4406 0.8836
vn 0.0427 0.9282 0.3697
vn -0.2264 0.6888 -0.6887
vn -0.2211 0.6840 -0.6951
vn -0.2267 0.6890 -0.6884
vn -0.2235 0.6869 -0.6915
vn 0.2506 0.4237 0.8705
vn 0.1880 0.4657 0.8647
vn -0.1313 0.7230 -0.6782
vn -0.2199 0.6817 -0.6978
vn 0.0350 0.9635 0.2656
vn 0.0654 0.9641 0.2575
vn -0.0531 0.9609 0.2718
vn -0.1325 0.9404 0.3133
vn -0.5032 0.4841 -0.7159
vn 0.5940 0.8021 -0.0607
vn -0.5352 0.4789 -0.6959
vn -0.7679 -0.0522 -0.6384
vn -0.8573 -0.4649 0.2210
vn -0.8575 -0.4637 0.2230
vn -0.8574 -0.4646 0.2215
vn -0.8972 0.3620 0.2528
vn -0.9448 0.1654 0.2826
vn -0.7063 0.6073 0.3638
vn -0.9054 -0.0656 0.4196
vn -0.9432 0.1203 0.3097
vn -0.8470 -0.1460 0.5112
vn -0.5789 -0.8020 0.1476
vn -0.4324 -0.8907 0.1402
vn -0.8885 -0.2339 0.3949
vn -0.5032 -0.0706 0.8613
vn -0.9261 0.0898 0.3665
vn -0.4055 0.8732 -0.2703
vn -0.4053 0.8732 -0.2705
vn -0.5763 -0.5851 -0.5706
vn -0.9132 -0.2762 0.2997
vn -0.9207 -0.2601 0.2911
vn -0.5318 -0.8130 0.2371
vn -0.4288 -0.8768 0.2175
vn -0.8514 -0.2916 0.4359
vn -0.8514 -0.2915 0.4361
vn -0.8508 -0.2890 0.4388
vn -0.8508 -0.2888 0.4390
vn -0.5515 -0.7792 0.2977
vn 0.0030 -1.0000 -0.0055
vn 0.0002 -1.0000 -0.0016
vn 0.0008 -1.0000 -0.0023
vn 0.0006 -1.0000 -0.0019
vn -0.3431 -0.9334 0.1049
vn -0.3919 -0.9105 0.1319
vn 0.0005 -1.0000 -0.0015
vn 0.6961 -0.6833 -0.2200
vn 0.6150 -0.7790 -0.1227
vn 0.7291 -0.6348 -0.2557
vn -0.6074 -0.7496 0.2629
vn 0.7050 -0.6795 -0.2032
vn 0.1070 -0.3972 0.9115
vn 0.2188 -0.9685 0.1189
vn 0.6443 -0.5051 0.5742
vn -0.0987 -0.4737 -0.8752
vn 0.7213 -0.5905 -0.3619
vn -0.8134 -0.5799 -0.0447
vn -0.4787 -0.4140 -0.7742
vn 0.0005 -0.9776 0.2106
vn -0.2461 -0.6964 -0.6741
vn -0.0303 -0.9995 -0.0009
vn -0.5944 -0.7885 0.1582
vn -0.6752 -0.7284 0.1163
vn 0.6687 -0.7181 -0.1927
vn 0.8871 -0.2066 0.4127
vn 0.0061 -0.9998 -0.0199
vn 0.0314 -0.9990 0.0314
vn 0.3256 -0.3563 -0.8758
vn -0.3327 -0.6342 -0.6979
vn -0.8695 -0.4638 -0.1698
vn 0.4529 -0.1759 0.8741
vn -0.8857 -0.4557 -0.0881
vn -0.2869 -0.7525 0.5928
vn -0.9634 0.0433 0.2644
vn -0.9578 -0.0723 0.2783
vn -0.9171 -0.3831 0.1108
vn -0.6614 0.1559 -0.7336
vn -0.3671 -0.0888 0.9259
vn 0.1265 -0.9034 0.4098
vn -0.6649 0.0868 0.7418
vn -0.5478 0.3753 0.7477
vn -0.1927 0.5955 0.7799
vn -0.1508 0.3037 0.9407
vn -0.0737 0.7202 0.6899
vn -0.0044 0.5073 0.8618
vn 0.2349 -0.3410 0.9103
vn 0.0109 0.6041 0.7968
vn 0.1221 -0.1916 0.9739
vn 0.2255 -0.8510 0.4743
vn 0.0955 -0.3485 0.9324
vn 0.0975 -0.3482 0.9323
vn 0.0971 -0.3415 0.9349
vn -0.1177 -0.2927 0.9489
vn 0.1050 -0.3459 0.9324
vn 0.0989 -0.3360 0.9367
vn -0.7571 -0.4871 0.4354
vn -0.6022 0.6105 0.5145
vn -0.5018 0.6930 0.5177
vn -0.7500 -0.4569 0.4782
vn -0.5189 -0.7880 0.3314
vn 0.4897 -0.8719 -0.0018
vn 0.5262 -0.8503 0.0094
vn 0.2836 -0.3073 0.9084
vn 0.9388 0.3411 -0.0493
vn 0.4960 -0.8681 -0.0204
vn 0.5174 -0.8538 -0.0576
vn -0.8069 -0.4004 0.4343
vn 0.8309 0.5555 0.0313
vn 0.4379 -0.1299 0.8896
vn 0.4381 -0.1302 0.8894
vn 0.4381 -0.1305 0.8894
vn 0.7768 0.6180 0.1215
vn 0.8238 0.5668 0.0110
vn 0.8238 0.5667 0.0106
vn 0.8238 0.5667 0.0108
vn 0.8238 0.5668 0.0111
vn 0.9924 0.0764 0.0967
vn 0.6048 0.3056 0.7354
vn -0.5595 -0.6783 0.4764
vn 0.4599 -0.8849 -0.0740
vn 0.5194 -0.8538 -0.0345
vn -0.8230 -0.4020 0.4013
vn -0.8230 -0.4006 0.4027
vn -0.8232 -0.3949 0.4080
vn -0.4669 0.7055 0.5331
vn -0.4081 0.8439 0.3483
vn 0.2280 -0.1946 0.9540
vn 0.2292 -0.1947 0.9537
vn 0.2342 -0.1952 0.9524
vn 0.5232 -0.2115 0.8256
vn 0.5316 -0.1303 0.8369
vn 0.5865 -0.2314 0.7762
vn 0.4304 -0.3711 0.8228
vn 0.4845 -0.2399 0.8413
vn 0.4292 -0.2085 0.8788
vn 0.1437 -0.3377 0.9302
vn 0.1355 -0.3381 0.9313
vn 0.1331 -0.3382 0.9316
vn 0.1450 -0.3376 0.9301
vn 0.1693 -0.3909 0.9047
vn 0.1168 -0.3952 0.9111
vn -0.7036 -0.7075 0.0670
vn 0.0912 -0.3672 0.9257
vn 0.0913 -0.3671 0.9257
vn 0.0121 -0.3357 0.9419
vn 0.1653 0.1251 0.9783
vn -0.1006 0.7891 0.6060
vn 0.0910 -0.3673 0.9257
vn 0.1701 0.3585 0.9179
vn 0.1876 -0.2997 0.9354
vn 0.1769 0.7283 0.6620
vn -0.4972 -0.8661 -0.0511
vn 0.1415 0.6930 0.7069
vn 0.3095 -0.3200 0.8955
vn 0.2409 -0.4686 0.8499
vn 0.4740 -0.5459 0.6909
vn 0.6550 -0.1118 0.7473
vn 0.5674 -0.1142 0.8155
vn 0.5618 -0.1092 0.8200
vn 0.5622 -0.1093 0.8198
vn 0.4905 0.3673 0.7903
vn -0.5118 -0.8583 -0.0363
vn -0.7487 -0.6425 0.1634
vn 0.8156 -0.5526 -0.1715
vn 0.3005 -0.3007 0.9051
vn 0.3619 -0.2933 0.8849
vn 0.4639 -0.7513 0.4693
vn 0.3786 0.4758 0.7939
vn 0.5618 -0.1089 0.8201
vn 0.8356 -0.5475 -0.0457
vn 0.3978 0.3994 0.8260
vn 0.6596 -0.7159 -0.2288
vn 0.6617 -0.7118 -0.2355
vn 0.6599 -0.7155 -0.2293
vn 0.6645 -0.7468 -0.0264
vn 0.8290 -0.5385 -0.1508
vn 0.8293 -0.5369 -0.1549
vn 0.8290 -0.5385 -0.1511
vn 0.3779 -0.2703 0.8855
vn -0.6712 0.7110 0.2095
vn 0.1342 0.6696 0.7305
vn 0.7834 -0.1451 0.6043
vn 0.5969 -0.3411 0.7262
vn 0.6509 0.1798 0.7376
vn 0.3872 -0.3402 0.8569
vn 0.4290 -0.2785 0.8593
vn 0.3400 0.3536 0.8714
vn 0.0470 0.5547 0.8308
vn 0.1220 -0.6106 0.7824
vn 0.1307 -0.5783 0.8053
vn 0.1760 -0.6191 0.7653
vn 0.1398 -0.5526 0.8217
vn -0.0668 0.6269 0.7762
vn -0.0740 0.2673 0.9608
vn 0.1227 -0.5094 0.8518
vn 0.3692 -0.8617 0.3481
vn 0.5872 -0.3443 0.7326
vn 0.4952 -0.6942 0.5224
vn 0.4574 -0.2308 0.8588
vn 0.4192 -0.0657 0.9055
vn 0.3962 -0.0565 0.9164
vn 0.4841 -0.1975 0.8524
vn 0.6709 -0.0758 0.7376
vn 0.5346 -0.4546 0.7125
vn 0.7089 -0.2613 0.6551
vn 0.5255 0.4092 0.7459
vn 0.6806 -0.5210 0.5151
vn 0.6598 -0.3246 0.6777
vn 0.9192 -0.1581 0.3606
vn 0.8771 -0.0675 0.4755
vn 0.8224 -0.0774 0.5636
vn 0.9152 0.1015 0.3899
vn 0.8514 -0.0536 0.5218
vn 0.8513 -0.0630 0.5209
vn 0.8514 -0.0520 0.5219
vn 0.8446 -0.0681 -0.5310
vn 0.9051 0.0726 0.4190
vn 0.6785 -0.0458 0.7332
vn 0.7951 0.1599 0.5850
vn 0.1214 0.1883 0.9746
vn 0.8924 0.1334 0.4311
vn 0.8452 -0.5344 -0.0065
vn 0.7750 0.6014 0.1942
vn -0.4866 0.0141 0.8735
vn -0.1166 0.2643 0.9574
vn 0.2389 -0.0357 0.9704
vn 0.6144 -0.0091 0.7889
vn 0.3695 0.1044 0.9233
vn 0.4664 -0.0765 0.8812
vn 0.6381 -0.0617 0.7675
vn 0.6402 -0.0632 0.7656
vn 0.6398 -0.0630 0.7660
vn 0.5861 -0.0508 0.8086
vn 0.6360 -0.0603 0.7693
vn 0.8299 0.1906 0.5243
vn 0.7941 0.0651 0.6043
vn 0.8547 0.1176 0.5056
vn 0.8576 0.1079 0.5028
vn 0.2751 0.1151 0.9545
vn 0.9663 -0.2536 0.0440
vn 0.2555 -0.8246 0.5048
vn -0.3406 -0.2336 -0.9107
vn -0.0485 -0.5981 -0.7999
vn 0.8903 -0.3026 -0.3402
vn 0.6167 -0.1264 0.7770
vn 0.4964 0.1011 0.8622
vn 0.5544 -0.4966 0.6678
vn 0.5598 -0.2217 0.7984
vn -0.2390 -0.5939 -0.7682
vn -0.6825 -0.2807 -0.6748
vn -0.6830 -0.2813 -0.6741
vn -0.6807 -0.2785 -0.6775
vn -0.6803 -0.2781 -0.6781
vn -0.6990 -0.5268 -0.4837
vn 0.6225 -0.1642 0.7652
vn 0.6640 -0.1736 0.7273
vn 0.6411 -0.2367 0.7300
vn 0.6316 -0.2960 0.7166
vn 0.6981 -0.2413 0.6741
vn 0.6838 -0.2522 0.6847
vn 0.5782 -0.6142 0.5370
vn 0.5823 -0.6077 0.5400
vn 0.5774 -0.6153 0.5366
vn 0.7431 -0.2364 0.6260
vn 0.4650 -0.4070 0.7862
vn 0.3358 -0.2178 0.9164
vn 0.2370 -0.4223 0.8749
vn 0.1236 -0.7060 0.6973
vn 0.1637 -0.7278 0.6659
vn 0.2405 -0.5103 0.8257
vn 0.4922 -0.6143 0.6168
vn 0.5286 -0.4971 0.6881
vn 0.3054 -0.1369 0.9423
vn 0.3059 -0.1333 0.9427
vn 0.3053 -0.1376 0.9423
vn 0.3060 -0.1329 0.9427
vn 0.6496 -0.2375 0.7222
vn 0.6126 -0.0391 0.7894
vn 0.6894 -0.3194 0.6502
vn 0.7014 -0.1171 0.7031
vn 0.4671 0.0834 0.8803
vn -0.6031 -0.2262 -0.7649
vn -0.6346 -0.2097 -0.7438
vn 0.3534 -0.8702 0.3432
vn -0.3220 -0.9297 0.1790
vn -0.5976 -0.4782 0.6436
vn -0.7360 -0.6323 -0.2418
vn -0.6998 -0.2585 -0.6659
vn -0.3896 -0.9205 0.0290
vn -0.0983 -0.5958 0.7971
vn 0.5369 0.2061 0.8181
vn -0.6859 -0.5280 -0.5007
vn -0.3083 -0.0109 0.9512
vn 0.0749 -0.8856 0.4584
vn 0.6174 0.1536 0.7715
vn 0.8660 0.2714 0.4200
vn 0.9796 -0.0532 0.1938
vn 0.8038 -0.5506 -0.2254
vn -0.7355 -0.4098 0.5396
vn -0.5720 -0.3156 -0.7571
vn -0.5693 -0.3170 -0.7586
vn -0.5695 -0.3168 -0.7585
vn 0.6740 -0.0503 0.7370
vn 0.7373 -0.3029 0.6039
vn 0.6253 -0.0086 0.7804
vn 0.8992 0.1474 0.4119
vn 0.7269 -0.2153 0.6521
vn 0.8202 -0.3517 0.4511
vn 0.8218 -0.4496 0.3501
vn 0.8897 -0.4382 0.1279
vn 0.5824 -0.6072 0.5405
vn 0.9073 -0.0780 0.4131
vn 0.8940 -0.1572 0.4197
vn -0.1858 0.9710 0.1504
vn -0.3028 0.9471 0.1061
vn -0.2424 0.9504 0.1948
vn 0.6250 -0.3720 0.6863
vn 0.5247 -0.4539 0.7202
vn 0.2747 0.9615 -0.0126
vn -0.1791 0.4426 -0.8787
vn -0.1289 0.3753 -0.9179
vn -0.3540 0.4080 -0.8416
vn -0.3944 0.3133 -0.8639
vn -0.5014 0.3417 -0.7949
vn -0.6166 0.3482 -0.7061
vn -0.4905 0.3891 -0.7798
vn -0.4155 0.3008 -0.8585
vn 0.4807 0.8575 -0.1834
vn 0.4403 0.8773 -0.1911
vn 0.5963 0.6097 0.5222
vn 0.2354 -0.1953 0.9521
vn 0.4392 -0.1371 0.8879
vn 0.9605 -0.1486 0.2352
vn 0.7445 -0.0223 0.6672
vn 0.1672 0.0325 0.9854
vn 0.8255 -0.2725 0.4942
vn 0.8317 -0.2952 0.4703
vn 0.9296 0.2793 0.2405
vn 0.7184 0.5132 0.4696
vn 0.5026 0.7670 -0.3989
vn 0.5901 0.6824 -0.4315
vn 0.2659 0.4314 0.8621
vn -0.4786 0.7348 0.4807
vn 0.0305 0.4965 -0.8675
vn -0.4099 0.8815 0.2344
vn -0.8322 0.4622 -0.3063
vn -0.8032 0.3850 -0.4547
vn 0.5503 0.6289 0.5492
vn 0.5578 0.6259 0.5451
vn 0.5599 0.6249 0.5440
vn 0.5036 0.4085 0.7612
vn 0.7091 -0.1536 0.6882
vn -0.2405 0.7135 0.6581
vn 0.7633 -0.0550 0.6437
vn 0.6578 -0.1408 0.7400
vn -0.8781 0.1459 0.4557
vn 0.9323 -0.1618 0.3236
vn 0.8467 0.1001 -0.5227
vn -0.3934 0.7715 0.5000
vn -0.1295 0.9169 -0.3774
vn -0.1227 0.9209 -0.3701
vn -0.1284 0.9176 -0.3761
vn -0.1213 0.9216 -0.3687
vn 0.1090 0.7958 -0.5957
vn 0.2696 -0.2147 -0.9387
vn 0.4451 0.0502 -0.8941
vn 0.5645 0.2623 -0.7826
vn 0.5280 0.3228 -0.7855
vn 0.4352 -0.7773 -0.4544
vn 0.6280 -0.1993 -0.7523
vn 0.5638 -0.0950 -0.8205
vn 0.3579 -0.0441 -0.9327
vn 0.2785 -0.0932 -0.9559
vn 0.0904 0.7492 -0.6562
vn 0.2107 0.5858 -0.7826
vn 0.0810 -0.1745 -0.9813
vn -0.1406 -0.5680 0.8109
vn -0.1408 -0.5682 0.8108
vn -0.1341 -0.5684 0.8117
vn -0.1605 -0.9612 -0.2245
vn -0.1339 -0.5687 0.8116
vn -0.2267 -0.8348 -0.5018
vn -0.2274 -0.8353 -0.5006
vn -0.2253 -0.8336 -0.5044
vn -0.1662 -0.5259 0.8341
vn -0.0875 -0.9417 0.3248
vn 0.2676 -0.1751 -0.9475
vn 0.1631 0.6283 -0.7607
vn 0.1438 0.8764 -0.4597
vn 0.3270 -0.2002 -0.9236
vn 0.2240 -0.1141 -0.9679
vn 0.0908 -0.9746 -0.2046
vn 0.4237 -0.0232 -0.9055
vn 0.4439 0.0197 -0.8959
vn 0.1873 0.7434 -0.6421
vn 0.3070 0.7748 -0.5526
vn 0.3251 0.6649 -0.6725
vn 0.4235 0.6188 -0.6616
vn 0.5046 -0.1437 -0.8513
vn 0.5036 -0.1431 -0.8520
vn 0.5039 -0.1433 -0.8518
vn 0.2882 -0.0962 -0.9527
vn 0.5032 -0.1429 -0.8523
vn 0.5660 -0.0954 -0.8189
vn 0.6640 -0.1112 -0.7395
vn 0.2639 0.8229 -0.5033
vn 0.4246 -0.8414 -0.3343
vn 0.4238 -0.8419 -0.3341
vn 0.4234 -0.8421 -0.3341
vn -0.6802 0.5551 -0.4788
vn -0.7705 0.3503 -0.5326
vn 0.2968 -0.0345 0.9543
vn 0.2050 -0.2059 0.9569
vn 0.1579 -0.1976 0.9675
vn 0.4687 -0.7356 0.4892
vn -0.4363 0.5909 0.6786
vn 0.6052 0.7960 -0.0139
vn -0.8576 -0.4626 0.2248
vn 0.5857 0.8102 0.0216
vn 0.7538 0.5583 0.3466
vn -0.3467 0.8214 0.4529
vn -0.2672 0.9072 0.3251
vn -0.2446 0.9203 0.3054
vn -0.3743 0.6804 0.6301
vn 0.6018 0.7985 0.0161
vn -0.5129 0.4500 -0.7311
vn -0.0268 0.8943 -0.4467
vn -0.0365 0.9000 -0.4344
vn 0.3611 0.2949 -0.8847
vn 0.4313 0.3456 -0.8334
vn 0.0257 0.9525 -0.3035
vn 0.0244 0.9528 -0.3027
vn 0.0214 0.9536 -0.3004
vn 0.1347 -0.9906 -0.0225
vn 0.0202 0.9539 -0.2994
vn 0.5662 -0.0079 -0.8242
vn 0.5643 -0.0101 -0.8255
vn 0.5654 -0.0089 -0.8248
vn 0.5664 -0.0077 -0.8241
vn 0.7171 0.0171 -0.6968
vn 0.1495 -0.9746 -0.1665
vn 0.2369 -0.9500 -0.2033
vn 0.2459 -0.9263 -0.2855
vn 0.4755 0.4417 -0.7608
vn 0.4797 0.4545 -0.7505
vn 0.3265 0.5622 -0.7598
vn 0.1891 0.3357 -0.9228
vn 0.1864 0.3524 -0.9171
vn 0.5215 -0.0857 -0.8490
vn 0.5449 -0.0864 -0.8340
vn 0.6213 -0.3554 -0.6983
vn 0.3717 0.7291 -0.5746
vn 0.4397 0.6853 -0.5805
vn 0.5963 -0.1219 -0.7934
vn 0.6345 -0.0704 -0.7697
vn 0.4020 -0.0974 -0.9104
vn 0.4521 0.7099 -0.5400
vn 0.6520 -0.0893 -0.7529
vn 0.6120 0.4168 -0.6721
vn 0.3128 0.8263 -0.4684
vn 0.3440 0.0359 -0.9383
vn 0.3457 0.7857 -0.5130
vn 0.6989 0.3883 -0.6006
vn 0.5861 -0.3210 -0.7439
vn 0.8491 -0.0445 -0.5264
vn 0.8849 0.3241 -0.3346
vn 0.8789 0.3896 -0.2753
vn 0.9494 -0.1536 -0.2740
vn 0.8108 0.3355 -0.4797
vn 0.5139 0.6805 -0.5223
vn 0.1191 -0.2301 0.9658
vn 0.2351 -0.8271 0.5106
vn 0.1226 -0.7725 0.6230
vn -0.3524 -0.0021 0.9359
vn 0.1349 -0.0502 0.9896
vn -0.2099 0.1844 0.9602
vn 0.5205 0.0713 0.8509
vn -0.6181 -0.3621 0.6977
vn -0.0069 -0.9990 -0.0446
vn -0.3078 -0.7377 -0.6010
vn 0.6944 -0.7036 -0.1506
vn 0.7934 -0.6013 -0.0944
vn -0.6723 -0.7099 0.2097
vn -0.5864 -0.7728 0.2428
vn -0.0713 -0.9799 0.1864
vn -0.0232 -0.9714 0.2362
vn -0.2744 -0.8119 0.5152
vn -0.7450 -0.2693 0.6103
vn -0.7412 -0.4091 0.5323
vn -0.5922 -0.5253 -0.6111
vn 0.2318 -0.6450 0.7282
vn -0.3191 -0.6118 0.7238
vn -0.6449 -0.3850 0.6602
vn -0.2786 -0.9076 0.3140
vn -0.2780 -0.9084 0.3122
vn -0.2781 -0.9083 0.3125
vn -0.1587 -0.8618 0.4817
vn -0.1290 -0.9609 0.2449
vn -0.7487 -0.1007 0.6552
vn -0.5697 -0.0380 0.8210
vn -0.5327 -0.2215 0.8168
vn -0.3742 -0.6834 0.6268
vn -0.0466 -0.9670 0.2503
vn -0.0466 -0.9667 0.2515
vn -0.0464 -0.9660 0.2542
vn -0.3327 -0.1399 0.9326
vn -0.3792 -0.1957 0.9044
vn -0.2636 -0.4221 0.8674
vn -0.0464 -0.9657 0.2553
vn -0.2293 -0.6967 0.6797
vn 0.0345 -0.9769 0.2110
vn -0.0219 -0.2681 0.9631
vn 0.1406 -0.1543 0.9780
vn 0.0403 -0.4594 0.8873
vn 0.1047 -0.2500 0.9626
vn 0.8077 -0.5876 -0.0483
vn 0.6715 -0.7283 0.1369
vn -0.3232 -0.9213 0.2160
vn 0.0991 -0.6006 0.7934
vn 0.0240 -0.0766 0.9968
vn -0.4668 -0.8654 0.1821
vn -0.5937 -0.6318 0.4984
vn -0.6954 -0.6096 0.3805
vn 0.0547 -0.9900 0.1303
vn -0.1891 -0.9798 0.0656
vn -0.1888 -0.9798 0.0656
vn 0.0089 -0.9987 0.0507
vn -0.1845 -0.6001 -0.7784
vn -0.1838 -0.6018 -0.7772
vn -0.1848 -0.5993 -0.7789
vn -0.0074 -0.9995 0.0292
vn -0.0052 -0.9995 0.0305
vn -0.0051 -0.9995 0.0306
vn -0.0029 -0.9995 0.0320
vn -0.1834 -0.6027 -0.7766
vn -0.0407 -0.9991 0.0120
vn -0.7887 -0.5698 -0.2310
vn -0.8012 -0.5935 0.0770
vn -0.1719 -0.6132 0.7710
vn -0.7034 -0.6958 0.1455
vn -0.0060 -0.9971 0.0761
vn 0.5666 -0.6423 -0.5162
vn -0.7200 -0.6823 0.1267
vn 0.6302 -0.7738 -0.0641
vn -0.6123 -0.7568 0.2288
vn 0.6810 -0.7203 -0.1323
vn -0.7172 -0.6108 0.3356
vn -0.6837 -0.5000 -0.5315
vn 0.2441 -0.7266 0.6422
vn -0.7064 -0.6587 -0.2590
vn -0.1128 -0.9932 -0.0300
vn 0.1669 -0.3634 -0.9166
vn 0.0342 -0.9994 -0.0093
vn 0.0925 -0.5008 -0.8606
vn 0.0709 -0.9400 -0.3336
vn 0.2841 -0.2516 -0.9252
vn 0.3214 0.0878 -0.9429
vn 0.5370 0.0640 -0.8412
vn 0.1216 -0.9633 -0.2392
vn 0.1284 -0.9466 -0.2958
vn 0.4947 -0.0861 -0.8648
vn -0.3103 -0.7041 -0.6388
vn -0.2886 -0.7265 -0.6236
vn 0.0253 -0.9286 0.3701
vn 0.3500 -0.8243 -0.4450
vn 0.4235 -0.3960 -0.8147
vn -0.1112 -0.3803 0.9182
vn -0.0381 -0.0879 0.9954
vn -0.0159 0.7227 0.6910
vn 0.2642 -0.0273 0.9641
vn 0.1166 0.6962 0.7084
vn 0.1047 0.3385 0.9351
vn 0.2408 -0.7804 0.5771
vn -0.2789 -0.9073 0.3146
vn 0.4985 -0.8324 0.2420
vn -0.7564 0.4818 0.4424
vn -0.6530 0.4837 0.5828
vn -0.6647 0.4781 0.5742
vn -0.6411 0.4754 0.6025
vn 0.7060 0.6421 0.2989
vn 0.7070 0.6402 0.3003
vn 0.7060 0.6420 0.2990
vn -0.6463 0.4588 0.6098
vn 0.7339 0.5783 0.3563
vn 0.1063 0.6489 0.7534
vn -0.2335 -0.9699 0.0685
vn -0.7650 -0.6366 0.0972
vn -0.7653 -0.6371 0.0912
vn -0.7448 -0.6540 0.1326
vn 0.9183 -0.3407 -0.2016
vn 0.6719 0.6728 0.3097
vn 0.5898 -0.2160 0.7781
vn 0.6240 -0.1981 0.7559
vn 0.7775 -0.1356 0.6141
vn 0.5931 -0.7801 -0.1991
vn 0.6618 -0.7116 -0.2360
vn 0.6954 0.0598 0.7161
vn 0.9194 -0.2081 0.3337
vn 0.8182 -0.3513 0.4550
vn 0.6591 -0.4044 0.6341
vn 0.4590 0.6707 0.5827
vn 0.4004 -0.2424 0.8837
vn 0.8302 -0.1527 0.5362
vn 0.8169 -0.1864 0.5458
vn 0.8514 -0.0514 0.5220
vn 0.9819 -0.0517 0.1821
vn -0.8200 -0.3094 0.4816
vn 0.8265 -0.0117 -0.5628
vn 0.5274 -0.0211 -0.8493
vn 0.4497 0.0686 -0.8905
vn 0.5303 0.0206 -0.8475
vn 0.9107 -0.0751 0.4062
vn 0.8700 -0.1393 0.4730
vn 0.9765 -0.1606 0.1436
vn 0.9493 -0.3110 0.0462
vn 0.9819 -0.1316 0.1363
vn 0.8452 -0.4074 0.3459
vn 0.8097 -0.0790 0.5815
vn 0.8376 0.2810 0.4685
vn 0.8428 -0.4512 -0.2935
vn 0.8466 -0.3261 -0.4206
vn 0.6875 -0.4215 -0.5913
vn 0.8343 0.0520 -0.5488
vn 0.8346 -0.1231 -0.5370
vn 0.7323 0.1410 -0.6662
vn 0.6722 -0.2753 -0.6872
vn 0.6736 -0.2731 -0.6868
vn 0.6693 -0.2800 -0.6882
vn 0.5554 -0.1615 -0.8158
vn 0.6413 0.1276 -0.7566
vn 0.5530 -0.3168 -0.7706
vn 0.5991 -0.3720 -0.7090
vn 0.7458 0.1075 -0.6575
vn 0.2400 -0.6416 -0.7285
vn 0.2052 -0.5357 -0.8191
vn 0.5856 0.0791 -0.8067
vn 0.4344 -0.4712 -0.7676
vn 0.0544 0.9695 -0.2389
vn 0.5983 0.2470 -0.7622
vn 0.5980 0.2463 -0.7627
vn 0.5994 0.2495 -0.7606
vn 0.4391 -0.4034 -0.8028
vn 0.5998 0.2503 -0.7600
vn 0.6408 0.1659 -0.7495
vn 0.5974 -0.4326 -0.6752
vn 0.7804 -0.1496 -0.6071
vn 0.7827 -0.1580 -0.6021
vn 0.7799 -0.1473 -0.6083
vn -0.0819 0.9842 -0.1571
vn -0.0437 0.9741 -0.2220
vn 0.6596 -0.5165 -0.5460
vn -0.0451 0.9929 -0.1100
vn -0.0438 0.9930 -0.1098
vn -0.0442 0.9930 -0.1099
vn -0.0454 0.9929 -0.1100
vn 0.7717 -0.1942 -0.6056
vn 0.7797 -0.1471 -0.6087
vn 0.7879 0.0336 -0.6149
vn 0.8802 0.1253 -0.4578
vn 0.2530 0.8325 -0.4930
vn -0.2946 0.4645 -0.8351
vn 0.2446 0.8728 0.4223
vn 0.9501 0.0340 -0.3101
vn 0.9496 0.0327 -0.3118
vn 0.9499 0.0334 -0.3109
vn 0.7528 -0.2180 -0.6211
vn 0.7457 -0.3873 -0.5421
vn 0.9775 0.0038 -0.2111
vn 0.9774 0.0036 -0.2114
vn 0.9780 0.0067 -0.2084
vn 0.9781 0.0072 -0.2080
vn 0.9941 0.0443 0.0993
vn 0.9505 -0.1800 -0.2534
vn 0.9501 0.0340 -0.3100
vn 0.9960 -0.0603 0.0663
vn 0.9909 -0.0142 0.1337
vn 0.9682 -0.0524 0.2447
vn -0.1323 0.8617 0.4898
vn 0.5518 0.8199 -0.1524
vn 0.9448 0.2256 -0.2378
vn 0.8477 0.5208 -0.1006
vn 0.2272 -0.8041 0.5493
vn 0.1822 -0.7953 0.5782
vn 0.4558 -0.0618 0.8879
vn 0.1646 -0.8647 0.4745
vn 0.2954 0.5011 0.8134
vn 0.2371 0.7690 0.5936
vn 0.2908 0.8402 0.4577
vn 0.4362 0.6739 0.5963
vn 0.4325 0.8249 0.3639
vn 0.5462 -0.1035 0.8312
vn 0.5732 0.1484 0.8059
vn 0.8546 0.3473 0.3860
vn 0.6474 0.7600 0.0571
vn 0.6771 0.7294 0.0974
vn 0.6250 0.3424 0.7015
vn -0.7072 0.5182 0.4810
vn -0.6881 0.5232 0.5028
vn 0.5521 -0.1678 0.8167
vn -0.2537 0.6620 0.7052
vn -0.2253 0.6399 0.7347
vn -0.2250 0.6412 0.7337
vn -0.2254 0.6394 0.7351
vn -0.3894 0.6083 0.6916
vn 0.4077 -0.3479 0.8442
vn 0.5876 -0.1927 0.7858
vn 0.4368 -0.2210 0.8720
vn 0.4669 -0.2217 0.8560
vn 0.5352 -0.7431 -0.4017
vn 0.5065 -0.7580 -0.4109
vn 0.8662 -0.1674 0.4708
vn 0.1199 0.7901 0.6012
vn 0.7224 0.2638 0.6392
vn 0.9032 -0.1010 0.4172
vn 0.8896 -0.0930 0.4472
vn 0.9398 -0.0154 0.3412
vn 0.9542 -0.2499 0.1647
vn 0.9541 -0.2502 0.1645
vn 0.3251 -0.7299 -0.6013
vn 0.8722 -0.1408 0.4684
vn 0.5426 -0.6190 -0.5678
vn 0.6874 0.5994 -0.4101
vn 0.9437 0.1877 0.2725
vn 0.9262 -0.2129 0.3112
vn 0.4144 -0.7835 -0.4629
vn 0.8535 -0.0199 0.5208
vn 0.9207 -0.2473 0.3019
vn 0.9041 -0.0243 0.4267
vn 0.9231 0.0114 0.3843
vn 0.9230 0.0108 0.3845
vn 0.9231 0.0111 0.3844
vn 0.9232 0.0118 0.3841
vn 0.8109 -0.1107 0.5746
vn 0.6762 0.6994 -0.2315
vn 0.7119 0.6623 -0.2334
vn -0.2255 0.6388 0.7355
vn -0.5106 -0.6358 0.5789
vn -0.5043 -0.6095 0.6117
vn -0.5433 -0.6058 0.5812
vn -0.5271 -0.5898 0.6117
vn -0.5364 -0.5851 0.6082
vn -0.5362 -0.5852 0.6083
vn 0.4918 -0.7430 -0.4540
vn -0.5370 -0.5847 0.6081
vn -0.5870 -0.6045 0.5385
vn 0.5140 -0.7086 -0.4834
vn 0.5322 -0.7198 -0.4457
vn 0.5488 -0.7179 -0.4282
vn -0.1285 -0.2758 0.9526
vn 0.1225 -0.8355 0.5356
vn 0.1334 -0.8399 0.5261
vn -0.0974 -0.7318 0.6745
vn 0.4909 -0.6061 0.6258
vn -0.1135 -0.7752 0.6214
vn -0.2246 -0.8329 -0.5058
vn 0.7511 -0.6097 0.2532
vn 0.9111 -0.3990 -0.1032
vn 0.6352 -0.6725 -0.3798
vn 0.1265 -0.7242 0.6779
vn 0.1207 -0.7487 0.6519
vn 0.6577 -0.7487 -0.0831
vn 0.0531 -0.8256 0.5618
vn -0.5618 -0.4882 -0.6679
vn -0.7286 -0.6075 0.3163
vn -0.4284 -0.6062 0.6700
vn -0.0133 -0.3354 -0.9420
vn 0.4366 -0.8948 0.0929
vn 0.5856 -0.8106 -0.0081
vn -0.1991 -0.6988 0.6870
vn -0.4665 -0.6003 0.6497
vn 0.5509 0.3569 -0.7544
vn 0.5568 0.1488 -0.8172
vn 0.5462 0.1723 -0.8197
vn 0.0037 0.3105 -0.9506
vn 0.7607 -0.6387 -0.1161
vn 0.5054 -0.6625 0.5529
vn -0.2116 -0.7028 0.6792
vn 0.1611 -0.8012 0.5763
vn -0.0080 -0.9940 -0.1087
vn 0.7893 0.2875 -0.5426
vn 0.4647 -0.2260 -0.8561
vn 0.4360 0.5135 -0.7391
vn 0.4675 0.5442 -0.6966
vn 0.2896 0.9535 -0.0838
vn 0.4467 0.8935 -0.0467
vn 0.8627 0.2046 -0.4624
vn 0.8635 0.2241 -0.4518
vn 0.4777 0.8740 -0.0896
vn 0.8018 0.0555 -0.5950
vn 0.5789 0.8148 -0.0320
vn 0.5390 0.8420 -0.0232
vn 0.9090 0.3725 -0.1871
vn 0.7793 0.5020 -0.3751
vn 0.7613 0.5316 -0.3712
vn 0.7565 0.1372 -0.6395
vn 0.9071 0.2483 -0.3398
vn 0.9536 -0.0115 -0.3010
vn 0.9282 -0.1333 -0.3474
vn 0.8883 0.4151 -0.1963
vn 0.9451 -0.2011 -0.2577
vn 0.9071 0.4152 -0.0691
vn 0.9073 -0.2830 -0.3109
vn 0.6097 0.7927 -0.0011
vn 0.8480 0.5144 -0.1273
vn 0.8560 0.4855 0.1776
vn 0.9443 0.3279 0.0259
vn 0.9384 -0.3299 -0.1025
vn 0.6944 0.6935 0.1921
vn 0.9634 -0.2596 -0.0665
vn 0.9360 0.3375 -0.0996
vn 0.7919 0.5957 0.1338
vn 0.9356 0.3374 0.1044
vn 0.9831 0.1612 -0.0864
vn 0.9933 0.0722 -0.0907
vn 0.9292 0.3279 0.1704
vn -0.2432 -0.0169 -0.9698
vn 0.9552 0.2920 -0.0488
vn 0.9949 0.1010 0.0009
vn 0.8864 -0.3520 -0.3005
vn 0.8736 0.4710 -0.1224
vn 0.9028 0.3466 -0.2547
vn 0.5459 0.8162 0.1891
vn 0.8816 0.0048 -0.4720
vn -0.7789 -0.0604 0.6243
vn 0.8399 0.0232 -0.5423
vn 0.8426 0.0248 -0.5380
vn 0.8420 0.0245 -0.5389
vn 0.8392 0.0228 -0.5433
vn 0.5769 -0.0619 0.8145
vn 0.5306 -0.3095 0.7891
vn 0.2127 -0.9768 -0.0258
vn 0.0373 -0.9473 0.3180
vn 0.0456 -0.9448 0.3246
vn 0.0462 -0.9444 0.3255
vn 0.0357 -0.9477 0.3170
vn 0.7093 -0.6603 0.2468
vn 0.8613 -0.2179 -0.4590
vn 0.8283 0.0052 -0.5603
vn 0.8191 -0.0221 -0.5733
vn 0.2978 -0.8923 -0.3393
vn -0.2526 0.9607 0.1154
vn -0.4801 0.7085 0.5172
vn -0.4161 0.7775 0.4716
vn 0.5768 -0.5532 0.6010
vn 0.4819 0.7209 -0.4981
vn 0.0110 -0.3843 0.9232
vn 0.2746 -0.6976 0.6617
vn -0.3091 -0.7113 -0.6313
vn 0.2409 -0.7360 0.6327
vn 0.5942 0.1940 0.7806
vn -0.4181 0.1302 0.8990
vn -0.1833 0.0760 0.9801
vn -0.2398 0.1091 0.9647
vn 0.1794 0.4439 0.8780
vn 0.8932 -0.0539 0.4464
vn 0.1335 0.6142 0.7778
vn -0.3986 0.4634 0.7914
vn -0.0208 0.7682 0.6398
vn -0.0304 0.8819 0.4705
vn -0.4773 -0.0471 0.8775
vn -0.4286 0.1969 0.8818
vn -0.0007 0.7446 0.6675
vn 0.4771 0.3248 0.8166
vn 0.3003 0.5507 0.7788
vn 0.4910 0.2457 0.8358
vn 0.8113 -0.0070 0.5846
vn 0.5807 0.5204 -0.6260
vn 0.5855 0.5755 -0.5710
vn -0.7714 0.5901 -0.2383
vn -0.7829 0.5875 -0.2049
vn -0.7823 0.5755 -0.2383
vn -0.4988 -0.0617 0.8645
vn -0.8299 0.4225 0.3643
vn -0.7999 0.5385 -0.2650
vn 0.4766 0.6256 -0.6177
vn 0.8103 -0.0990 0.5776
vn 0.8124 0.5752 0.0953
vn 0.8712 -0.0033 0.4909
vn 0.8357 0.0815 -0.5431
vn 0.9209 -0.1747 -0.3484
vn 0.6725 -0.4552 -0.5835
vn 0.6724 -0.4553 -0.5836
vn 0.7602 -0.4086 -0.5051
vn 0.9932 0.0138 -0.1154
vn 0.7238 -0.2171 -0.6549
vn 0.9213 0.0116 -0.3887
vn 0.8776 -0.0350 -0.4782
vn 0.8473 -0.0095 -0.5311
vn 0.8458 -0.0097 -0.5334
vn 0.8474 -0.0094 -0.5308
vn 0.8458 -0.0096 -0.5335
vn 0.2751 0.8532 -0.4432
vn 0.2285 0.8675 -0.4418
vn 0.7309 0.6253 0.2736
vn 0.7052 0.6559 0.2692
vn 0.7073 0.6398 0.3005
vn 0.7064 0.6415 0.2990
vn -0.7651 -0.6365 0.0975
vn 0.8296 -0.5352 -0.1591
vn 0.8017 -0.5572 -0.2165
vn 0.7995 -0.5621 -0.2118
vn 0.8025 -0.5576 -0.2124
vn 0.8016 -0.5552 -0.2216
vn -0.7126 0.3132 -0.6278
vn -0.4009 0.9026 0.1566
vn -0.8120 0.2146 -0.5428
vn -0.7851 0.2218 -0.5783
vn -0.8783 0.1265 -0.4611
vn -0.8956 0.1251 -0.4269
vn -0.3985 0.9162 -0.0423
vn -0.3940 0.9180 -0.0460
vn -0.3935 0.9182 -0.0462
vn -0.3992 0.9159 -0.0417
vn 0.9924 -0.0858 0.0877
vn -0.6079 0.7416 -0.2839
vn -0.3905 0.9189 0.0561
vn -0.3693 0.9281 -0.0481
vn -0.8288 0.0688 -0.5553
vn -0.8417 0.1119 -0.5283
vn 0.2591 0.3356 -0.9057
vn -0.9186 0.2869 -0.2717
vn -0.9198 0.2890 -0.2655
vn -0.9196 0.2886 -0.2667
vn -0.9183 0.2864 -0.2731
vn -0.4251 0.8665 0.2617
vn -0.4250 0.8666 0.2614
vn -0.4249 0.8665 0.2620
vn -0.4213 0.8647 0.2734
vn -0.3813 0.8963 0.2266
vn 0.5485 0.6296 0.5503
vn 0.5417 0.6513 0.5315
vn 0.9232 -0.0459 0.3816
vn 0.9280 0.0600 0.3677
vn 0.4755 0.6785 0.5599
vn 0.5151 0.2657 0.8149
vn 0.5151 0.2655 0.8150
vn 0.5151 0.2656 0.8150
vn 0.4964 0.1907 0.8469
vn 0.3582 0.0753 0.9306
vn -0.7203 -0.6203 0.3104
vn 0.8065 -0.5839 -0.0925
vn -0.4071 -0.8847 0.2269
vn -0.5591 -0.7990 0.2213
vn 0.0235 -0.9977 0.0628
vn 0.0322 -0.9994 0.0099
vn -0.0096 -0.9978 0.0658
vn 0.1176 -0.1523 0.9813
vn -0.7433 -0.6001 0.2956
vn -0.7179 -0.6685 0.1941
vn 0.7417 -0.2883 0.6057
vn 0.2036 -0.4917 0.8466
vn 0.5132 0.4452 0.7338
vn -0.8233 -0.3935 0.4092
vn 0.6354 0.5202 -0.5707
vn 0.1704 0.9123 -0.3724
vn 0.8880 -0.0751 0.4537
vn 0.9658 -0.0932 0.2420
vn 0.4364 -0.8901 -0.1311
vn -0.8278 -0.4954 -0.2634
vn 0.1406 -0.9116 -0.3864
vn 0.8467 0.1306 0.5158
vn 0.9604 0.0588 0.2725
vn 0.9125 0.1151 0.3925
vn 0.4672 -0.7971 0.3825
vn 0.4490 -0.8203 0.3544
vn 0.3885 -0.3221 0.8633
vn 0.1992 -0.4986 0.8436
vn 0.9088 -0.0577 0.4132
vn 0.6904 -0.4800 0.5412
vn 0.9947 0.0998 -0.0242
vn -0.0023 -0.9920 0.1265
vn 0.9808 0.1634 0.1060
vn 0.9803 0.1647 0.1094
vn 0.9809 0.1631 0.1057
vn 0.9882 0.1375 -0.0677
vn 0.9881 0.1376 -0.0683
vn 0.9881 0.1377 -0.0681
vn 0.9872 0.1384 -0.0790
vn 0.9801 0.1651 0.1104
vn 0.9895 0.0954 -0.1087
vn 0.9611 0.0013 -0.2760
vn 0.9981 -0.0351 0.0511
vn 0.9980 -0.0342 0.0527
vn 0.9978 -0.0315 0.0576
vn 0.9978 -0.0305 0.0592
vn 0.7583 -0.3640 0.5408
vn 0.7354 0.6274 0.2560
vn -0.8747 0.4782 0.0784
vn -0.5706 0.8206 0.0311
vn -0.8087 0.5361 0.2422
vn 0.2486 0.9211 0.2995
vn 0.9436 0.3215 0.0786
vn 0.2035 0.9639 0.1715
vn 0.9641 0.2646 0.0227
vn -0.7800 0.0744 -0.6213
vn -0.7843 0.0745 -0.6159
vn -0.7812 0.0745 -0.6198
vn -0.7852 0.0745 -0.6147
vn -0.5247 0.1067 -0.8446
vn -0.3952 0.8950 0.2071
vn -0.3608 0.9117 0.1964
vn 0.3605 0.8413 0.4028
vn 0.8622 0.0678 -0.5020
vn 0.8392 -0.0499 -0.5415
vn -0.9961 0.0866 0.0177
vn -0.9577 -0.2132 0.1933
vn -0.7968 -0.5494 -0.2515
vn -0.6548 -0.5618 -0.5056
vn -0.2144 -0.9200 -0.3282
vn -0.5583 -0.3554 -0.7496
vn -0.5722 -0.3156 -0.7570
vn -0.6670 -0.3759 -0.6433
vn 0.6105 0.2101 0.7636
vn 0.7485 -0.2555 -0.6120
vn 0.9026 -0.2769 -0.3298
vn 0.5374 -0.7477 -0.3900
vn -0.4274 -0.4826 0.7645
vn 0.2359 -0.9117 -0.3363
vn 0.8016 -0.5551 -0.2220
vn -0.4957 -0.0799 -0.8648
vn 0.8839 -0.0463 -0.4653
vn 0.1935 -0.8484 -0.4927
vn 0.4369 -0.2680 -0.8587
vn -0.9711 -0.1777 0.1594
vn -0.9611 -0.1877 0.2024
vn -0.1904 -0.9419 -0.2766
vn -0.7723 -0.4904 -0.4038
vn 0.8465 -0.0209 -0.5320
vn -0.9611 -0.2752 0.0248
vn -0.9247 -0.0362 0.3789
vn -0.9246 -0.0362 0.3792
vn 0.6367 -0.1077 -0.7635
vn -0.9353 0.0433 -0.3512
vn 0.9908 -0.0285 -0.1319
vn 0.9988 -0.0165 0.0455
vn -0.5347 -0.6481 0.5423
vn -0.9791 0.0639 -0.1932
vn -0.1592 -0.9867 0.0316
vn -0.8720 0.3602 0.3316
vn 0.8759 -0.3366 -0.3457
vn 0.7764 -0.5861 0.2318
vn 0.2926 0.7297 -0.6180
vn -0.6838 -0.5662 0.4602
vn 0.7886 -0.6046 -0.1122
vn 0.8417 -0.5310 -0.0977
vn 0.9510 0.2724 -0.1466
vn 0.5768 0.5947 -0.5600
vn 0.8415 -0.0942 0.5319
vn -0.8884 -0.4570 0.0440
vn -0.9826 0.1778 0.0531
vn 0.9990 -0.0447 -0.0056
vn -0.9266 -0.1415 0.3484
vn -0.9264 -0.1415 0.3490
vn -0.9270 -0.1414 0.3474
vn -0.2181 0.3242 -0.9205
vn 0.4210 -0.8741 -0.2423
vn -0.4945 -0.8231 -0.2792
vn -0.9583 -0.2724 -0.0862
vn 0.3631 -0.7191 -0.5925
vn 0.3490 -0.8226 -0.4490
vn 0.3791 0.6775 -0.6303
vn 0.9804 0.1557 -0.1208
vn -0.5242 0.7742 0.3547
vn -0.4858 0.6510 0.5833
vn -0.0458 0.9817 0.1850
vn 0.6446 0.6850 -0.3395
vn 0.7046 0.6736 -0.2232
vn 0.7035 0.6745 -0.2237
vn 0.7042 0.6739 -0.2233
vn 0.7034 0.6747 -0.2238
vn 0.6566 0.5549 -0.5109
vn 0.6421 0.5306 -0.5534
vn 0.6897 0.5349 -0.4881
vn -0.4709 -0.8410 -0.2664
vn 0.1952 -0.7662 -0.6122
vn -0.4825 -0.8753 -0.0315
vn 0.7134 -0.1086 -0.6923
vn 0.7146 -0.1101 -0.6908
vn 0.7137 -0.1090 -0.6920
vn 0.5982 -0.0832 -0.7970
vn 0.7148 -0.1101 -0.6906
vn 0.5180 0.6505 -0.5554
vn 0.5522 0.5520 -0.6248
vn 0.6802 -0.0801 -0.7286
vn 0.7341 -0.0175 -0.6788
vn 0.8821 -0.0765 -0.4648
vn 0.8822 -0.0760 -0.4646
vn 0.8821 -0.0767 -0.4649
vn 0.4536 0.7001 -0.5515
vn 0.8326 -0.1116 -0.5425
vn 0.6251 0.6879 -0.3687
vn 0.7058 0.5903 -0.3917
vn 0.7850 -0.0919 -0.6126
vn 0.8080 -0.1137 -0.5781
vn 0.8648 -0.0615 -0.4983
vn 0.9171 -0.0896 -0.3884
vn -0.6797 -0.7291 0.0798
vn -0.6590 -0.7449 0.1041
vn -0.7595 -0.6481 0.0564
vn -0.4276 -0.7766 0.4627
vn -0.6762 -0.7351 -0.0482
vn 0.9276 -0.0883 -0.3630
vn 0.9210 -0.1025 -0.3757
vn 0.5463 0.8297 -0.1147
vn 0.8413 -0.0874 -0.5335
vn 0.3394 0.8816 -0.3279
vn 0.8820 -0.0768 -0.4650
vn 0.8957 -0.1795 -0.4068
vn 0.5638 0.7535 -0.3382
vn 0.4400 0.8834 -0.1615
vn 0.7538 0.6442 -0.1294
vn -0.6876 -0.7257 -0.0232
vn 0.9713 -0.0422 -0.2339
vn 0.9867 -0.1034 -0.1253
vn 0.4447 0.8877 0.1194
vn 0.9995 -0.0032 -0.0313
vn -0.0403 0.9927 -0.1135
vn 0.9962 -0.0012 0.0872
vn -0.2821 -0.9386 -0.1986
vn 0.9584 -0.0858 0.2722
vn 0.4875 0.2493 -0.8368
vn -0.0665 -0.9954 -0.0686
vn -0.4531 -0.8898 -0.0544
vn -0.3551 -0.8997 -0.2540
vn 0.6158 -0.5555 -0.5588
vn 0.6496 -0.5035 -0.5696
vn 0.5128 -0.5915 0.6222
vn 0.3614 -0.7368 0.5714
vn -0.3569 -0.9335 -0.0342
vn -0.7519 -0.6464 0.1296
vn 0.6947 -0.6877 -0.2108
vn 0.1381 -0.9132 -0.3834
vn 0.3446 -0.7059 0.6188
vn 0.3910 -0.6748 0.6259
vn 0.9584 0.2371 -0.1591
vn 0.8919 0.4235 -0.1584
vn 0.8498 0.4651 -0.2481
vn 0.9650 0.2245 -0.1357
vn 0.7958 0.6038 0.0455
vn 0.8068 0.5848 0.0846
vn 0.9397 0.3387 0.0473
vn 0.9403 0.3373 0.0463
vn 0.9393 0.3396 0.0480
vn 0.9391 0.3402 0.0484
vn 0.9319 0.3598 0.0452
vn -0.6432 -0.6602 -0.3879
vn -0.7909 -0.5765 0.2054
vn -0.1378 -0.5598 0.8171
vn 0.3427 -0.1706 0.9238
vn 0.8255 -0.3483 -0.4441
vn 0.5739 -0.3911 -0.7195
vn 0.1991 -0.4892 -0.8492
vn 0.9673 -0.0271 -0.2523
vn 0.9807 0.1902 0.0452
vn -0.0786 0.8573 0.5088
vn -0.6962 0.6245 0.3541
vn 0.2130 0.9626 0.1673
vn 0.4493 0.8617 -0.2358
vn 0.8778 0.4143 -0.2406
vn 0.1489 0.9482 0.2807
vn 0.7564 0.2003 0.6227
vn 0.2364 0.7231 0.6491
vn 0.5294 0.4344 0.7287
vn 0.6242 0.6355 0.4545
vn 0.4526 -0.2777 0.8474
vn 0.4589 0.0491 0.8871
vn 0.4828 0.6468 0.5904
vn 0.7766 -0.2314 0.5860
vn 0.2471 -0.8868 0.3906
vn 0.3346 -0.8044 0.4909
vn 0.7719 -0.2594 0.5804
vn 0.3735 -0.7495 0.5466
vn 0.5450 0.8217 0.1669
vn 0.7373 0.5543 0.3862
vn 0.8226 0.4113 0.3926
vn 0.7543 0.5353 0.3802
vn 0.8049 0.5078 0.3070
vn 0.8703 0.4113 0.2709
vn 0.1183 0.6200 0.7756
vn 0.9173 0.2798 0.2832
vn 0.5715 -0.7476 0.3385
vn 0.6050 -0.5743 0.5515
vn 0.3553 -0.8565 0.3744
vn 0.6489 -0.4362 0.6235
vn 0.7579 0.5733 0.3115
vn 0.2873 0.6407 0.7120
vn 0.8166 0.5502 0.1742
vn 0.8138 0.5511 0.1845
vn 0.8134 0.5512 0.1856
vn 0.8758 0.4217 0.2348
vn 0.7747 0.5541 0.3047
vn 0.9939 -0.0752 0.0806
vn 0.6299 0.5228 0.5743
vn 0.8479 0.5294 0.0302
vn 0.8903 0.4136 -0.1903
vn 0.8553 -0.2920 -0.4280
vn 0.9568 -0.0574 -0.2851
vn 0.9888 0.0124 -0.1486
vn -0.9272 -0.1414 0.3468
vn 0.9536 0.2120 -0.2138
vn 0.9660 -0.0968 -0.2398
vn 0.9942 -0.0997 -0.0408
vn 0.9768 -0.1505 0.1522
vn 0.9707 -0.2212 -0.0943
vn 0.9551 -0.2727 -0.1159
vn 0.8355 -0.5378 -0.1125
vn 0.9564 -0.0617 -0.2856
vn 0.9550 -0.0070 -0.2967
vn 0.9699 -0.2034 -0.1339
vn 0.9698 -0.2036 -0.1340
vn 0.9698 -0.2028 -0.1352
vn 0.9698 -0.2026 -0.1355
vn 0.9328 -0.1969 -0.3018
vn -0.7786 -0.5409 0.3181
vn -0.8943 -0.1726 0.4129
vn -0.9579 -0.0046 0.2871
vn -0.8865 -0.1359 0.4423
vn -0.7677 -0.6253 0.1403
vn -0.0301 -0.9232 0.3831
vn -0.9568 -0.2177 0.1927
vn -0.9831 -0.1794 0.0371
vn -0.9887 -0.0445 0.1435
vn 0.7620 -0.5659 -0.3149
vn 0.9383 -0.0915 -0.3336
vn -0.9328 -0.3203 0.1655
vn -0.6426 0.1760 0.7457
vn -0.8851 0.0527 0.4624
vn -0.9010 0.0273 0.4330
vn -0.8778 -0.4686 -0.0992
vn -0.1861 -0.8978 -0.3992
vn -0.1848 -0.8975 -0.4004
vn -0.1810 -0.8968 -0.4038
vn -0.1732 -0.2419 -0.9547
vn 0.9271 -0.0475 -0.3717
vn 0.9469 -0.0438 -0.3184
vn 0.9664 -0.0881 -0.2414
vn 0.9452 -0.1951 0.2618
vn 0.9563 -0.0636 0.2852
vn 0.9439 -0.0910 0.3173
vn 0.6684 0.2551 0.6987
vn -0.0313 0.8809 0.4722
vn 0.6047 -0.3276 -0.7260
vn 0.0845 0.9523 0.2933
vn 0.0466 0.9247 0.3778
vn 0.3950 0.8647 -0.3102
vn 0.7306 0.1532 -0.6654
vn 0.6014 0.0039 -0.7989
vn 0.2111 -0.1138 -0.9708
vn 0.3272 0.9449 0.0045
vn 0.5694 0.7970 -0.2013
vn 0.1004 0.9628 0.2508
vn 0.6190 -0.3120 -0.7208
vn 0.5853 -0.3319 -0.7397
vn 0.8111 0.2535 -0.5272
vn 0.7280 -0.2038 -0.6546
vn 0.7269 -0.2023 -0.6562
vn 0.7273 -0.2029 -0.6556
vn 0.7827 -0.2094 -0.5862
vn 0.7266 -0.2020 -0.6567
vn 0.1313 0.9401 0.3147
vn 0.2683 0.9103 0.3153
vn 0.2536 0.9083 0.3328
vn 0.8042 0.5539 -0.2155
vn 0.7014 0.7125 -0.0198
vn 0.7416 0.3517 -0.5713
vn 0.5449 -0.2026 -0.8137
vn 0.8259 0.0932 -0.5561
vn 0.6887 -0.0593 -0.7226
vn 0.8281 -0.0364 -0.5594
vn 0.5724 -0.7673 -0.2891
vn 0.7983 0.2535 -0.5462
vn 0.8656 0.0113 -0.5006
vn 0.9251 0.0322 -0.3783
vn 0.8331 -0.1005 -0.5440
vn 0.9951 -0.0489 0.0858
vn 0.8237 -0.2173 -0.5237
vn 0.1201 -0.9928 0.0030
vn 0.7266 -0.0046 -0.6870
vn 0.3698 -0.8907 -0.2646
vn 0.6248 0.3635 -0.6910
vn 0.7438 -0.2943 -0.6001
vn 0.7532 -0.2661 -0.6016
vn 0.5600 0.7223 -0.4058
vn 0.6849 0.6364 -0.3549
vn 0.7701 0.0306 -0.6371
vn 0.8591 0.0144 -0.5116
vn 0.8807 0.0646 -0.4692
vn 0.8201 -0.4178 -0.3910
vn 0.7805 -0.3415 -0.5236
vn 0.9819 0.1079 -0.1557
vn 0.9515 -0.0070 -0.3077
vn -0.3207 -0.8797 -0.3512
vn -0.3891 -0.6736 -0.6284
vn 0.7803 0.3227 -0.5357
vn 0.8916 0.0867 -0.4444
vn 0.8983 -0.1876 -0.3973
vn 0.4414 -0.8867 -0.1375
vn 0.4377 -0.8898 -0.1289
vn 0.4388 -0.8890 -0.1312
vn 0.9416 -0.2636 -0.2095
vn 0.1634 -0.1161 -0.9797
vn 0.8260 -0.1465 -0.5442
vn 0.4421 -0.8860 -0.1395
vn 0.7303 0.3479 -0.5879
vn 0.8233 -0.3601 -0.4388
vn 0.7315 0.1524 -0.6646
vn 0.4928 -0.8034 -0.3342
vn 0.5029 -0.8514 -0.1490
vn -0.3449 0.9352 -0.0800
vn -0.6304 0.7664 -0.1230
vn 0.0189 0.9588 0.2836
vn -0.0102 0.9996 -0.0260
vn 0.4265 0.5116 0.7459
vn 0.6459 -0.1984 -0.7372
vn 0.2405 -0.9319 -0.2716
vn 0.2317 -0.9442 -0.2339
vn 0.6987 -0.1884 -0.6902
vn 0.6799 -0.2174 -0.7003
vn 0.9147 0.0189 -0.4037
vn 0.7207 -0.2287 -0.6544
vn 0.9117 0.0332 -0.4095
vn 0.8969 -0.1319 -0.4221
vn 0.8740 -0.1023 -0.4750
vn 0.8921 -0.0988 -0.4409
vn 0.2467 0.8487 0.4679
vn 0.2213 0.6609 -0.7172
vn 0.9156 0.0448 -0.3996
vn 0.8531 0.0649 -0.5177
vn 0.8666 -0.1883 -0.4621
vn 0.9674 0.2231 -0.1199
vn 0.8100 0.5756 0.1124
vn 0.4715 0.7713 0.4275
vn 0.9637 0.1051 -0.2454
vn 0.9737 -0.1658 0.1564
vn 0.8962 0.3802 -0.2286
vn 0.9387 0.3425 0.0400
vn 0.7195 0.6387 -0.2727
vn 0.7198 0.6382 -0.2730
vn 0.7197 0.6384 -0.2729
vn 0.9828 0.0043 -0.1844
vn 0.8021 0.5407 0.2534
vn 0.8914 -0.1569 0.4252
vn 0.6847 0.7268 0.0541
vn 0.9697 -0.2299 0.0826
vn 0.7918 0.6107 -0.0121
vn 0.9539 0.2946 -0.0567
vn 0.9532 0.2968 -0.0571
vn 0.9515 0.3020 -0.0582
vn 0.9719 -0.1361 -0.1921
vn 0.9721 -0.1359 -0.1914
vn 0.9732 -0.1338 -0.1868
vn 0.9734 -0.1335 -0.1864
vn 0.6517 0.5172 0.5548
vn 0.6974 0.2357 0.6768
vn 0.6802 0.2904 0.6730
vn 0.7442 0.1371 0.6537
vn 0.7817 0.2695 0.5624
vn 0.7885 0.2047 0.5800
vn 0.7421 -0.6646 0.0873
vn 0.0233 -0.9905 -0.1357
vn 0.9267 -0.3327 -0.1748
vn 0.9184 -0.2999 -0.2580
vn 0.9419 -0.2624 -0.2095
vn 0.2805 -0.7619 0.5838
vn 0.8730 -0.2322 -0.4288
vn 0.3124 -0.9213 -0.2316
vn 0.2744 -0.9470 -0.1671
vn 0.8841 -0.0636 -0.4630
vn 0.7191 -0.3441 -0.6038
vn -0.2622 -0.6238 -0.7363
vn 0.6066 -0.7636 -0.2214
vn 0.1381 -0.9896 -0.0410
vn 0.2301 -0.9566 -0.1789
vn 0.3647 -0.9291 -0.0608
vn 0.0974 -0.7049 0.7026
vn 0.2620 -0.4068 0.8752
vn 0.3172 -0.3423 0.8845
vn 0.6897 -0.5008 0.5230
vn 0.1059 -0.9926 -0.0599
vn 0.6160 -0.6087 0.5001
vn -0.0188 -0.9984 -0.0527
vn 0.7053 -0.6186 -0.3462
vn 0.4049 -0.9090 -0.0988
vn 0.8225 -0.5249 -0.2191
vn 0.9376 -0.2795 -0.2067
vn 0.9734 -0.1504 0.1727
vn 0.4473 -0.0707 0.8916
vn 0.4420 -0.8936 -0.0788
vn -0.0000 1.0000 -0.0000
vn -0.9311 0.1213 -0.3441
vn 0.9798 -0.1809 -0.0851
vn -0.7565 -0.4249 0.4972
vn 0.9492 -0.3138 0.0235
vn -0.9492 0.3138 -0.0235
vn -0.3780 -0.8954 0.2353
vn 0.3384 -0.7763 0.5319
vn 0.9370 -0.2775 -0.2123
vn -0.1797 -0.8965 -0.4050
vn 0.9901 0.0121 -0.1396
vn 0.9735 0.0569 -0.2217
vn 0.9529 0.1250 -0.2764
vn 0.9807 0.0099 -0.1953
vn 0.9034 -0.1287 -0.4090
vn 0.9478 0.1748 -0.2666
vn 0.9625 0.1739 -0.2083
vn 0.6422 0.2148 -0.7358
vn 0.4250 -0.8412 -0.3343
vn 0.6573 0.1667 -0.7349
vn 0.6969 0.1522 -0.7009
vn 0.4348 -0.8773 -0.2034
vn 0.4330 -0.8782 -0.2032
vn 0.4409 -0.8741 -0.2041
vn 0.7381 0.1275 -0.6626
vn 0.6679 -0.2822 -0.6886
vn 0.4425 -0.8732 -0.2043
vn 0.6805 -0.4782 -0.5553
vn 0.6805 -0.4781 -0.5553
vn 0.7331 0.1135 -0.6706
vn 0.4746 -0.7863 -0.3955
vn 0.8851 -0.4627 -0.0514
vn 0.7584 0.5627 -0.3290
vn 0.8372 0.1138 -0.5349
vn 0.9190 0.1098 -0.3787
vn 0.9979 0.0655 -0.0004
vn 0.0879 -0.8474 -0.5236
vn -0.2155 -0.7532 -0.6215
vn 0.9831 0.1212 -0.1375
vn 0.9807 0.1235 -0.1517
vn 0.0481 -0.3239 -0.9449
vn -0.0545 -0.3760 -0.9250
vn 0.5503 -0.2333 -0.8017
vn 0.8902 -0.3812 -0.2496
vn 0.7791 -0.1385 -0.6113
vn 0.9023 0.1278 -0.4117
vn 0.8414 -0.2528 -0.4776
vn 0.9622 -0.0060 -0.2721
vn 0.9643 -0.0434 -0.2614
vn 0.9044 0.1441 -0.4017
vn 0.3877 0.4303 -0.8152
vn 0.9267 0.0408 0.3736
vn 0.9969 0.0765 -0.0159
vn 0.2249 -0.9639 -0.1423
vn -0.9522 -0.2956 -0.0777
vn -0.1736 -0.9224 -0.3450
vn -0.1760 -0.9228 -0.3428
vn -0.1730 -0.9222 -0.3457
vn -0.9199 -0.3659 -0.1412
vn -0.9895 -0.1379 -0.0444
vn -0.1767 -0.9228 -0.3424
vn 0.9613 -0.2754 -0.0080
vn 0.8834 -0.3299 0.3329
vn 0.7632 -0.2001 -0.6144
vn 0.8119 0.0109 -0.5837
vn 0.9948 0.1016 0.0052
vn 0.9281 -0.1970 -0.3159
vn 0.5264 0.3550 -0.7726
vn 0.6504 0.7541 -0.0912
vn 0.6892 0.7111 -0.1391
vn 0.7672 0.5923 -0.2460
vn 0.0450 0.5371 -0.8423
vn 0.2888 0.8417 -0.4562
vn 0.9358 0.3525 0.0064
vn 0.4440 0.8221 0.3565
vn 0.9851 -0.1231 0.1203
vn 0.0831 0.9433 0.3214
vn 0.0792 0.9441 0.3200
vn 0.0835 0.9431 0.3220
vn 0.1069 0.9866 0.1229
vn 0.1373 0.9838 0.1154
vn -0.7518 0.6480 0.1223
vn -0.9506 0.2262 0.2125
vn 0.0782 0.9443 0.3198
vn 0.9986 -0.0204 0.0478
vn 0.9616 -0.0433 0.2712
vn 0.9529 -0.0364 0.3012
vn 0.9701 0.0153 0.2423
vn 0.7975 0.2017 -0.5686
vn 0.2721 -0.6697 0.6910
vn 0.8876 0.2724 -0.3715
vn 0.8077 0.2177 -0.5479
vn 0.9283 -0.1070 0.3561
vn 0.7678 0.3268 -0.5511
vn -0.9746 -0.2079 -0.0839
vn 0.9367 -0.1169 0.3299
vn 0.9670 -0.0724 0.2443
vn 0.9672 -0.0729 0.2433
vn 0.9693 -0.0761 0.2338
vn 0.9697 -0.0766 0.2318
vn 0.4108 0.1081 -0.9053
vn -0.0022 -0.9905 0.1375
vn 0.1567 -0.6817 0.7147
vn 0.3089 -0.5935 0.7432
vn 0.3517 -0.5244 0.7754
vn 0.4209 -0.1632 0.8923
vn 0.2109 -0.9013 0.3784
vn 0.0194 -0.9933 0.1140
vn -0.0318 -0.9980 0.0554
vn -0.2338 -0.6589 -0.7150
vn 0.5551 -0.7624 -0.3326
vn 0.1751 -0.5196 -0.8363
vn 0.6709 -0.6521 -0.3531
vn -0.6342 -0.5781 0.5134
vn -0.5010 -0.6775 0.5385
vn -0.4782 -0.6207 0.6214
vn -0.0876 -0.9939 -0.0671
vn 0.2400 -0.6866 0.6863
vn 0.2374 -0.6419 0.7291
vn -0.0167 -0.9998 0.0093
vn -0.7303 -0.6227 0.2809
vn 0.7135 -0.6660 -0.2179
vn 0.6980 -0.6877 -0.1998
vn 0.7035 -0.6830 -0.1964
vn 0.7043 -0.6824 -0.1957
vn 0.6964 -0.6890 -0.2007
vn -0.8120 -0.5494 0.1973
vn -0.5838 -0.7885 0.1935
vn -0.0023 -1.0000 0.0041
vn -0.0070 -0.9998 0.0207
vn 0.1996 -0.6174 -0.7609
vn 0.2376 0.3866 -0.8911
vn 0.3395 0.3274 -0.8818
vn 0.9710 0.2384 -0.0202
vn 0.1581 0.9659 0.2050
vn 0.1644 0.9650 0.2044
vn 0.1553 0.9663 0.2053
vn 0.1670 0.9646 0.2041
vn 0.5184 0.5440 -0.6598
vn 0.3795 0.6126 0.6933
vn 0.3614 0.8219 0.4404
vn 0.4599 0.8419 0.2822
vn 0.5042 0.8267 0.2495
vn 0.3889 0.9173 0.0862
vn 0.4376 0.8912 0.1193
vn 0.4680 0.8652 0.1798
vn 0.6453 0.5749 0.5031
vn 0.6063 0.3953 0.6901
vn 0.6087 0.7776 0.1579
vn 0.3404 0.9086 0.2422
vn 0.3992 0.9031 0.1585
vn 0.3782 0.9107 0.1660
vn -0.5601 0.7727 0.2987
vn -0.5601 0.7727 0.2986
vn 0.8605 0.1397 0.4898
vn 0.8390 0.1096 0.5329
vn 0.7791 0.4695 0.4154
vn 0.7461 0.5348 0.3968
vn 0.0033 -0.8597 0.5108
vn 0.0639 0.0821 0.9946
vn 0.1286 0.0547 0.9902
vn 0.3492 0.1197 0.9294
vn 0.3417 0.1218 0.9319
vn 0.3434 0.1213 0.9313
vn 0.3517 0.1190 0.9285
vn 0.4376 0.1122 0.8921
vn 0.2052 -0.6638 0.7192
vn 0.0331 -0.9978 0.0569
vn 0.0054 -0.9993 0.0365
vn 0.2364 -0.6957 0.6783
vn 0.4391 -0.2410 0.8655
vn -0.0342 -0.9966 0.0745
vn 0.2560 -0.0805 0.9633
vn 0.5736 -0.3788 0.7263
vn 0.4863 -0.4611 0.7422
vn 0.7532 -0.0701 0.6541
vn 0.6654 -0.2669 0.6971
vn 0.5681 -0.6686 0.4799
vn 0.6038 -0.7642 0.2270
vn -0.5628 -0.5676 0.6009
vn 0.3552 0.8137 0.4601
vn 0.9295 -0.1153 0.3503
vn 0.1579 -0.5705 0.8060
vn 0.9349 -0.0843 0.3447
vn 0.9414 -0.0753 0.3287
vn 0.9168 -0.0677 0.3935
vn 0.8927 -0.1038 0.4385
vn 0.8384 -0.2683 -0.4744
vn 0.8979 -0.1365 0.4184
vn 0.5782 0.6490 0.4944
vn 0.5464 0.6951 0.4672
vn 0.6825 0.5329 0.5002
vn 0.9003 -0.2679 0.3431
vn 0.6522 0.5576 0.5136
vn 0.6059 -0.7116 -0.3557
vn 0.7034 -0.6094 -0.3659
vn -0.0370 -0.6318 0.7742
vn -0.9424 -0.3192 -0.0998
vn 0.9627 -0.0862 -0.2566
vn -0.9811 -0.1034 -0.1636
vn -0.9323 -0.3214 -0.1659
vn -0.0648 -0.9187 -0.3897
vn -0.8620 -0.4533 0.2268
vn 0.3600 -0.9281 -0.0954
vn 0.1997 -0.9779 0.0611
vn 0.0358 -0.8859 -0.4625
vn -0.4993 -0.8599 0.1059
vn 0.5510 -0.7992 0.2402
vn 0.0630 -0.9980 0.0003
vn 0.0678 -0.3809 0.9221
vn -0.6174 -0.1748 0.7670
vn 0.8596 0.0031 -0.5110
vn -0.4291 -0.7471 -0.5077
vn 0.5714 -0.6160 -0.5422
vn 0.7426 -0.0433 0.6684
vn 0.0565 0.8197 0.5700
vn -0.1306 0.8176 0.5608
vn 0.0689 0.7869 0.6132
vn 0.6335 0.4376 0.6381
vn 0.3735 -0.8647 -0.3359
vn 0.2591 -0.8141 -0.5196
vn 0.5712 -0.2314 -0.7875
vn 0.2388 -0.8136 -0.5301
vn 0.1528 0.8209 0.5502
vn 0.8729 -0.0296 0.4871
vn 0.9141 -0.0850 0.3965
vn 0.9118 -0.0859 0.4016
vn 0.9120 -0.0854 0.4013
vn 0.9143 -0.0852 0.3960
vn 0.7138 0.5244 0.4642
vn 0.8535 0.3360 -0.3983
vn 0.5020 0.5138 -0.6957
vn 0.9568 0.2458 -0.1555
vn 0.8653 0.3689 0.3395
vn 0.8261 0.3047 -0.4741
vn 0.7672 0.1799 0.6156
vn 0.7737 0.6327 0.0329
vn 0.7270 0.5513 -0.4094
vn 0.5905 0.6046 -0.5346
vn 0.7852 0.6159 -0.0651
vn 0.7667 0.4391 0.4684
vn 0.6344 0.5397 -0.5535
vn 0.6553 0.6749 -0.3393
vn 0.8305 0.4608 -0.3129
vn 0.7982 0.4898 -0.3508
vn 0.8870 0.4289 -0.1709
vn 0.1477 -0.4592 -0.8760
vn -0.0214 -0.4903 -0.8713
vn 0.1184 -0.8276 -0.5487
vn 0.8151 0.3512 -0.4608
vn 0.1921 -0.6484 -0.7366
vn -0.0838 -0.7615 -0.6427
vn -0.0254 -0.8322 -0.5540
vn -0.6593 -0.7370 0.1491
vn -0.6133 -0.7862 -0.0757
vn -0.2372 -0.8558 -0.4597
vn -0.2444 0.6803 -0.6909
vn -0.0511 0.8356 -0.5470
vn -0.0502 0.8354 -0.5473
vn -0.0569 0.8353 -0.5469
vn -0.0579 0.8351 -0.5471
vn 0.6841 0.6086 -0.4021
vn 0.2110 0.3921 -0.8954
vn 0.2263 0.4175 -0.8800
vn 0.3789 0.4552 -0.8057
vn 0.8789 0.3426 -0.3319
vn -0.4453 0.3686 -0.8160
vn 0.4042 0.4984 -0.7669
vn 0.9171 0.2998 -0.2628
vn 0.9236 0.3821 0.0325
vn 0.0676 0.7762 -0.6269
vn 0.8740 0.4161 -0.2511
vn 0.6552 0.6244 0.4252
vn -0.5265 0.1247 -0.8410
vn 0.2997 0.3177 -0.8996
vn 0.2805 0.3402 -0.8975
vn 0.4843 0.2443 -0.8401
vn 0.8860 0.2674 -0.3789
vn 0.9172 -0.3978 -0.0227
vn 0.6297 -0.5105 -0.5855
vn 0.8741 -0.3411 0.3458
vn 0.9409 -0.2344 0.2444
vn 0.9193 -0.1355 0.3695
vn 0.8977 -0.0177 0.4403
vn 0.4957 -0.8685 -0.0095
vn 0.7531 -0.6519 0.0886
vn 0.9282 -0.2816 0.2433
vn -0.3860 0.0263 0.9221
vn -0.6288 -0.5584 0.5411
vn 0.7026 -0.7091 -0.0594
vn 0.5917 0.6762 0.4389
vn 0.9208 -0.2590 0.2918
vn -0.3382 0.0476 0.9399
vn 0.5517 -0.0233 0.8337
vn -0.8257 0.1370 0.5473
vn 0.8727 -0.3039 0.3822
vn -0.4103 0.1518 0.8992
vn 0.7715 0.1237 0.6241
vn 0.8917 -0.2790 0.3564
vn 0.5514 0.6470 0.5266
vn 0.9251 -0.2921 0.2426
vn 0.6174 0.6244 0.4785
vn 0.0376 0.3197 0.9468
vn -0.1048 0.9532 0.2835
vn 0.9119 0.3790 0.1575
vn 0.5935 -0.3852 0.7066
vn 0.9676 0.0705 -0.2424
vn 0.9242 -0.3709 -0.0908
vn 0.6825 -0.0594 0.7285
vn 0.2786 0.8517 0.4439
vn 0.2045 0.8144 -0.5431
vn -0.0657 0.9568 0.2833
vn 0.9784 0.0925 -0.1849
vn 0.9986 -0.0315 0.0415
vn -0.1071 0.9468 0.3036
vn -0.1073 0.9468 0.3033
vn -0.1072 0.9468 0.3034
vn -0.1074 0.9469 0.3032
vn -0.9623 0.0633 0.2646
vn -0.2811 0.8020 0.5270
vn 0.8834 0.4207 0.2065
vn 0.1265 -0.2762 -0.9527
vn 0.7462 0.3541 0.5637
vn 0.7492 0.2861 0.5973
vn 0.7901 0.4449 0.4217
vn 0.1660 -0.1557 -0.9738
vn 0.2925 -0.0572 -0.9546
vn 0.2716 -0.0616 -0.9604
vn 0.8947 -0.0352 0.4453
vn 0.8947 -0.0351 0.4453
vn 0.8947 -0.0352 0.4452
vn 0.8836 -0.0631 0.4640
vn 0.9076 -0.1124 0.4046
vn 0.3180 0.0362 -0.9474
vn 0.8526 -0.0007 -0.5226
vn 0.9526 -0.0037 -0.3043
vn 0.5592 0.0458 0.8277
vn 0.8762 0.0876 0.4739
vn 0.8818 0.2837 0.3767
vn 0.8814 0.2845 0.3770
vn 0.8845 0.2773 0.3751
vn 0.9117 0.0839 -0.4022
vn 0.8851 0.2760 0.3748
vn 0.8586 -0.0211 -0.5122
vn 0.1206 -0.2585 -0.9585
vn 0.8416 0.1154 0.5276
vn 0.1384 -0.2743 -0.9516
vn 0.1389 -0.2722 -0.9522
vn 0.1397 -0.2694 -0.9528
vn 0.1381 -0.2748 -0.9515
vn 0.8005 0.5499 0.2384
vn 0.9338 0.2627 0.2430
vn 0.9338 0.2625 0.2432
vn 0.9341 0.2618 0.2427
vn 0.8838 -0.3335 0.3282
vn 0.9362 0.2565 0.2403
vn 0.9583 0.2764 0.0725
vn 0.5740 0.3721 -0.7294
vn 0.9035 0.3781 0.2016
vn 0.9369 0.0654 -0.3434
vn 0.8316 0.0123 -0.5553
vn 0.4723 -0.2620 -0.8416
vn 0.1237 -0.2914 -0.9486
vn 0.1600 -0.3142 -0.9358
vn 0.3592 -0.1857 -0.9146
vn 0.2041 -0.0656 -0.9768
vn 0.8012 0.2668 0.5356
vn 0.5499 0.6266 0.5522
vn 0.4780 0.7251 0.4957
vn 0.4867 0.7298 0.4802
vn 0.5214 0.7132 0.4686
vn -0.5691 0.0309 -0.8217
vn 0.9799 -0.1193 0.1597
vn 0.9895 0.0351 0.1399
vn 0.9198 0.0983 0.3799
vn 0.1321 0.8545 0.5023
vn 0.9294 -0.3665 0.0426
vn 0.9641 0.2047 0.1689
vn 0.3724 0.7742 -0.5118
vn 0.4720 0.8799 -0.0543
vn 0.8540 -0.1833 0.4870
vn 0.7686 -0.5713 0.2880
vn 0.5723 -0.7006 0.4261
vn -0.8054 -0.5881 0.0737
vn -0.5405 -0.8384 -0.0705
vn -0.7150 0.4117 0.5650
vn -0.9765 0.0181 0.2146
vn -0.7984 -0.4809 0.3623
vn 0.5994 -0.7881 -0.1398
vn 0.7600 -0.4091 0.5051
vn -0.0178 0.0011 0.9998
vn -0.9347 0.0532 0.3513
vn -0.0696 0.0913 0.9934
vn -0.8744 -0.0080 0.4852
vn 0.5238 0.2474 0.8151
vn 0.8070 -0.3117 0.5015
vn 0.8577 0.1267 0.4982
vn 0.1355 -0.0840 -0.9872
vn 0.9943 -0.0239 -0.1035
vn 0.8496 0.1507 0.5055
vn 0.9873 -0.1095 0.1154
vn 0.8548 0.4072 0.3216
vn 0.9196 0.2502 0.3028
vn 0.9930 0.1142 0.0295
vn 0.7494 0.6416 0.1635
vn 0.4929 -0.8644 -0.0991
vn 0.9824 -0.1735 0.0689
vn 0.5956 -0.8033 -0.0063
vn 0.7982 -0.0432 0.6009
vn 0.4637 -0.8859 -0.0130
vn 0.4636 -0.8860 -0.0090
vn 0.4645 -0.8854 -0.0168
vn 0.9628 -0.1915 -0.1908
vn 0.7193 0.6389 -0.2726
vn 0.9140 0.2310 0.3335
vn -0.3146 -0.3831 -0.8685
vn -0.3338 -0.3423 -0.8783
vn -0.1693 -0.8288 -0.5333
vn -0.0531 -0.9977 -0.0414
vn -0.0766 -0.9965 0.0333
vn 0.5849 -0.7569 -0.2914
vn 0.3740 -0.8922 -0.2530
vn 0.8277 -0.1461 -0.5419
vn 0.0298 -0.1009 -0.9945
vn 0.5005 -0.1725 -0.8484
vn 0.2168 -0.8135 -0.5397
vn 0.7199 -0.1211 -0.6835
vn 0.9229 0.0691 -0.3788
vn 0.4000 0.0263 -0.9161
vn -0.2853 0.2305 -0.9303
vn 0.0301 0.2504 -0.9677
vn -0.2035 0.8773 -0.4346
vn 0.8202 -0.4475 -0.3564
vn 0.9280 0.2712 -0.2556
vn 0.9027 0.2143 -0.3730
vn 0.9747 0.1890 -0.1196
vn 0.9426 -0.1182 -0.3123
vn 0.9584 -0.0179 -0.2847
vn 0.9759 0.2052 -0.0739
vn 0.6863 0.7265 0.0339
vn 0.8976 0.2433 0.3676
vn 0.9508 0.3043 -0.0587
vn 0.7130 0.6896 -0.1271
vn 0.5625 0.8145 -0.1422
vn 0.7636 0.6449 0.0328
vn 0.2764 0.9451 -0.1743
vn -0.2999 0.3863 -0.8723
vn 0.9546 -0.0111 0.2978
vn 0.9394 -0.0190 0.3423
vn 0.2141 0.9768 -0.0009
vn 0.2140 0.9768 -0.0004
vn 0.2148 0.9766 -0.0061
vn 0.5039 0.8632 -0.0305
vn 0.7944 0.5412 -0.2757
vn 0.8628 -0.0435 -0.5036
vn 0.8009 -0.0991 -0.5906
vn 0.2147 0.9767 -0.0065
vn 0.8285 0.5334 0.1705
vn 0.9932 -0.0784 -0.0864
vn 0.4451 0.0305 -0.8949
vn 0.3648 -0.9142 -0.1763
vn -0.4635 -0.8832 -0.0722
vn -0.1466 -0.9331 -0.3283
vn 0.8080 -0.5381 -0.2397
vn 0.9987 -0.0460 0.0230
vn 0.9910 -0.1331 0.0169
vn 0.9994 -0.0329 0.0092
vn 0.9677 0.2174 0.1280
vn 0.8169 -0.5761 -0.0267
vn 0.7427 -0.5748 0.3435
vn 0.8944 -0.1801 -0.4094
vn 0.7752 0.6276 0.0723
vn 0.4674 -0.1060 0.8777
vn 0.3098 -0.4996 0.8089
vn 0.7715 0.2293 0.5935
vn 0.0960 -0.5750 0.8125
vn 0.4637 -0.8858 -0.0172
vn 0.6990 -0.7144 -0.0316
vn 0.9741 -0.0113 -0.2257
vn 0.0933 -0.1239 -0.9879
vn 0.7253 -0.1331 -0.6755
vn -0.8810 -0.4730 -0.0130
vn -0.7664 0.3370 -0.5468
vn -0.3702 0.9197 0.1311
vn -0.5283 0.7966 0.2938
vn -0.0711 -0.9949 -0.0718
vn -0.9954 -0.0202 -0.0940
vn -0.5691 -0.7155 0.4051
vn -0.4468 -0.7970 0.4064
vn 0.4089 -0.6357 0.6547
vn 0.8888 0.1692 -0.4259
vn 0.6453 0.7428 -0.1784
vn 0.9599 -0.1673 0.2249
vn 0.9126 -0.2928 0.2854
vn 0.3722 -0.5313 0.7611
vn -0.7745 -0.6321 -0.0243
vn -0.7516 -0.3883 0.5333
vn 0.1876 -0.0655 0.9801
vn 0.7428 0.6485 -0.1664
vn 0.7336 0.6502 -0.1975
vn 0.7487 0.6339 -0.1940
vn 0.7487 0.6340 -0.1938
vn 0.7505 0.6330 -0.1900
vn 0.5467 -0.7118 -0.4410
vn 0.1609 -0.9491 -0.2706
vn 0.8295 0.2645 0.4918
vn -0.9948 -0.0983 -0.0257
vn 0.8264 -0.2721 -0.4929
vn 0.8883 -0.3375 -0.3115
vn 0.9466 -0.1390 -0.2911
vn 0.9008 -0.2815 -0.3306
vn 0.9240 -0.2265 -0.3081
vn 0.9409 -0.2146 -0.2620
vn 0.5611 -0.0470 0.8264
vn 0.9892 -0.0643 -0.1318
vn 0.9884 -0.0707 -0.1341
vn 0.9892 -0.0636 -0.1322
vn 0.8841 -0.0694 -0.4621
vn 0.3427 -0.1924 -0.9195
vn 0.8498 0.4986 0.1712
vn 0.9883 -0.0713 -0.1348
vn 0.6488 0.0975 0.7547
vn 0.5729 0.0703 0.8166
vn 0.9536 -0.1555 -0.2577
vn 0.0235 0.3348 0.9420
vn 0.6303 0.7666 -0.1232
vn 0.6458 -0.6106 -0.4584
vn 0.7075 -0.4747 -0.5236
vn 0.7070 -0.4763 -0.5228
vn 0.7071 -0.4760 -0.5229
vn 0.7078 -0.4733 -0.5244
vn 0.1912 0.9621 0.1943
vn 0.8958 0.4395 0.0665
vn 0.8171 0.5501 0.1724
vn 0.8041 0.5677 0.1766
vn 0.9238 0.1799 -0.3381
vn 0.6689 -0.1603 -0.7259
vn 0.7067 -0.0340 -0.7067
vn 0.9205 0.1347 0.3668
vn 0.8755 -0.0578 -0.4798
vn 0.5391 0.3116 -0.7825
vn 0.8091 0.5585 -0.1830
vn 0.8497 0.1016 -0.5174
vn 0.5457 -0.2906 -0.7860
vn 0.4611 -0.2538 -0.8503
vn 0.5359 -0.3539 -0.7665
vn 0.6897 -0.6867 -0.2296
vn 0.6652 -0.7187 -0.2024
vn -0.8013 -0.5614 0.2068
vn 0.9630 -0.2005 -0.1798
vn 0.9303 -0.3312 -0.1575
vn 0.9700 -0.1967 -0.1429
vn 0.9971 -0.0663 -0.0382
vn 0.0601 -0.9960 0.0661
vn 0.7804 -0.6244 0.0320
vn -0.3364 0.6986 0.6315
vn -0.1625 0.9622 0.2187
vn -0.1148 0.9520 0.2836
vn 0.9976 0.0639 0.0247
vn 0.8293 -0.3139 0.4624
vn 0.0016 -0.9963 0.0865
vn -0.8935 -0.3906 -0.2215
vn 0.1809 -0.6422 0.7449
vn -0.3598 -0.5768 0.7333
vn -0.6509 -0.7261 0.2215
vn 0.2233 -0.7002 0.6782
vn 0.2426 -0.6718 0.6999
vn -0.2752 -0.6290 -0.7271
vn -0.4113 -0.7522 -0.5148
vn -0.0387 -0.6909 -0.7219
vn -0.0153 -0.9969 0.0768
vn 0.2326 -0.9723 0.0243
vn 0.4657 -0.7923 -0.3942
vn 0.3313 -0.6873 0.6465
vn 0.6544 -0.2411 0.7166
vn 0.0837 -0.9835 0.1602
vn 0.0835 -0.9829 0.1642
vn 0.0837 -0.9834 0.1609
vn 0.2112 -0.9243 0.3181
vn 0.6031 0.1564 0.7822
vn 0.8959 0.4114 0.1680
vn 0.9982 0.0591 -0.0049
vn 0.3022 -0.1252 0.9450
vn 0.6452 0.7295 0.2271
vn 0.9234 0.2163 -0.3171
vn 0.9555 -0.0010 0.2950
vn 0.5591 -0.2862 -0.7781
vn 0.1096 -0.8962 0.4299
vn 0.9963 0.0736 -0.0454
vn 0.3080 0.9467 -0.0938
vn 0.8241 0.5444 0.1565
vn -0.4318 0.7534 0.4960
vn -0.9145 0.4024 -0.0428
vn -0.0568 0.5875 0.8072
vn 0.9248 -0.3748 0.0658
vn 0.9304 -0.3589 0.0749
vn -0.9172 0.3979 -0.0224
vn -0.6538 -0.1057 0.7493
vn -0.6535 -0.1058 0.7495
vn 0.8934 -0.4471 0.0445
vn 0.9876 -0.1549 0.0262
vn -0.5356 0.3017 -0.7888
vn 0.9760 -0.2113 0.0519
vn 0.9795 0.1752 0.0991
vn 0.9983 0.0129 0.0575
vn 0.3418 0.6272 0.6998
vn 0.6367 0.4561 0.6218
vn 0.9831 0.0805 0.1646
vn 0.9876 0.0670 0.1422
vn 0.7594 -0.4107 -0.5047
vn 0.9652 -0.0363 -0.2591
vn -0.8108 -0.0960 0.5774
vn 0.9009 -0.1847 0.3927
vn 0.7836 -0.2511 0.5683
vn -0.6653 0.2918 -0.6872
vn -0.5124 0.0515 -0.8572
vn -0.2028 0.6191 0.7587
vn 0.7522 0.6322 -0.1859
vn -0.2991 0.4090 0.8621
vn 0.9367 0.0598 -0.3451
vn -0.0655 -0.9693 0.2372
vn 0.2437 -0.4032 0.8820
vn 0.6613 0.1217 0.7401
vn 0.6289 -0.0705 0.7743
vn 0.5962 -0.5002 0.6280
vn 0.0834 -0.9828 0.1649
vn 0.7813 -0.3370 0.5253
vn 0.4469 -0.8615 0.2410
vn 0.7316 -0.6668 0.1421
vn 0.4788 -0.8611 0.1708
vn 0.9054 -0.2544 0.3399
vn 0.9807 0.1127 0.1600
vn 0.9754 -0.0826 0.2044
vn 0.0337 0.5594 -0.8282
vn -0.5602 0.7726 0.2988
vn 0.2235 -0.1330 0.9656
vn 0.2839 -0.0792 0.9556
vn -0.0595 0.6481 -0.7592
vn 0.0175 0.6157 -0.7878
vn -0.0075 0.4014 0.9159
vn -0.5769 0.7596 0.3004
vn -0.0709 0.5606 -0.8251
vn 0.8749 -0.4611 0.1482
vn 0.8589 -0.4675 -0.2092
vn 0.3714 0.3826 -0.8460
vn 0.6426 -0.3870 -0.6613
vn 0.7947 0.5138 -0.3230
vn 0.7658 0.6360 0.0950
vn 0.9412 0.2637 -0.2113
vn 0.9786 0.1729 -0.1117
vn 0.8635 0.4623 -0.2016
vn 0.9292 0.3538 -0.1068
vn -0.2388 0.1692 -0.9562
vn 0.8806 -0.2909 0.3740
vn 0.1047 -0.9855 0.1335
vn -0.0824 -0.8117 -0.5783
vn 0.9205 0.3769 -0.1032
vn 0.4062 0.3543 -0.8423
vn 0.4170 0.3602 -0.8345
vn 0.3978 0.3385 -0.8528
vn 0.3382 0.3596 -0.8697
vn 0.7779 0.2761 -0.5645
vn 0.9550 0.2673 -0.1286
vn 0.9681 0.2313 -0.0962
vn 0.9460 0.3183 -0.0613
vn -0.0327 0.9993 0.0180
vn 0.9652 0.2563 -0.0525
vn 0.9665 0.2403 -0.0899
vn 0.8838 0.0392 0.4662
vn 0.8101 -0.1760 -0.5592
vn 0.7505 -0.6602 -0.0286
vn 0.6819 -0.7302 -0.0432
vn 0.9570 -0.2562 0.1358
vn -0.6491 -0.7130 -0.2652
vn 0.8265 -0.2004 0.5261
s 1
usemtl Ork_GreenSkin
f 6//1 1//1 5//1
f 5//2 1//2 4//2
f 3//3 5//3 4//3
f 5//4 3//4 8//4
f 5//5 8//5 6//5
f 6//6 8//6 9//6
f 7//7 3//7 62//7
f 10//8 2//8 11//8
f 11//9 2//9 12//9
f 12//10 2//10 13//10
f 13//11 14//11 12//11
f 12//12 15//12 71//12
f 15//13 12//13 14//13
f 15//14 14//14 16//14
f 14//15 13//15 17//15
f 14//16 17//16 16//16
f 17//17 18//17 16//17
f 16//18 18//19 76//20
f 80//21 18//21 17//21
f 22//22 27//22 20//22
f 22//23 20//23 19//23
f 19//24 23//24 22//24
f 20//25 27//25 21//25
f 29//26 28//26 27//26
f 28//27 21//27 27//27
f 21//28 28//28 26//28
f 30//29 26//29 28//29
f 31//30 29//30 27//30
f 31//31 27//31 22//31
f 33//32 28//32 29//32
f 29//33 32//33 33//33
f 34//34 33//34 35//34
f 37//35 98//35 34//35
f 34//36 98//36 33//36
f 36//37 30//37 37//37
f 37//38 97//38 36//38
f 38//39 30//39 36//39
f 30//40 38//40 26//40
f 25//41 38//41 39//41
f 39//42 38//42 97//42
f 36//43 97//43 38//43
f 40//44 39//44 97//45
f 40//46 41//46 42//46
f 42//47 43//47 40//47
f 25//48 39//48 24//48
f 39//49 40//49 43//49
f 39//50 43//50 45//50
f 24//51 52//52 50//52
f 44//53 24//53 45//53
f 45//54 24//54 39//54
f 46//55 43//55 42//55
f 42//56 41//56 46//56
f 46//57 41//57 100//57
f 53//58 46//58 100//58
f 47//59 48//59 53//59
f 100//60 47//60 53//60
f 54//61 53//61 48//61
f 49//62 100//62 41//62
f 97//63 49//63 41//63
f 40//64 97//64 41//64
f 51//65 50//65 52//65
f 24//66 44//67 52//68
f 52//68 44//67 51//69
f 51//70 44//70 56//70
f 44//71 45//71 53//71
f 46//72 53//72 43//72
f 45//73 43//73 53//73
f 53//74 60//74 57//74
f 60//75 53//75 54//75
f 56//76 44//76 57//76
f 57//77 44//77 53//77
f 60//78 54//78 58//78
f 58//79 54//80 55//80
f 58//81 55//81 59//81
f 54//82 59//82 55//82
f 64//83 62//83 63//83
f 7//84 62//84 64//84
f 8//85 7//85 65//85
f 7//86 64//86 66//86
f 65//87 7//87 66//87
f 66//88 67//88 68//88
f 68//89 65//89 66//89
f 70//90 68//90 67//90
f 67//91 85//92 11//93
f 71//94 67//95 11//96
f 71//94 11//96 12//97
f 67//98 71//99 72//100
f 73//101 71//101 15//101
f 73//102 15//102 74//102
f 71//103 73//103 72//103
f 15//104 16//104 74//104
f 18//105 80//105 77//105
f 77//106 78//106 18//106
f 76//107 18//108 79//109
f 79//110 18//110 78//110
f 83//111 64//111 63//111
f 11//112 83//112 63//112
f 11//113 63//113 10//113
f 84//114 83//114 85//114
f 85//92 83//115 11//93
f 83//116 84//116 64//116
f 66//117 85//117 67//117
f 86//118 85//118 66//118
f 86//119 64//119 84//119
f 66//120 64//120 86//120
f 6//122 81//122 1//122
f 90//123 128//123 9//123
f 128//124 90//124 88//124
f 65//125 90//125 9//125
f 65//126 9//126 8//126
f 8//127 3//127 7//127
f 70//128 67//98 72//100
f 73//129 89//129 72//129
f 91//130 90//130 65//130
f 91//131 65//131 69//131
f 70//134 93//134 68//134
f 22//140 95//140 31//140
f 22//141 23//141 95//141
f 33//142 32//142 35//142
f 37//143 34//143 97//143
f 33//144 98//144 28//144
f 30//145 28//145 98//145
f 30//146 98//146 37//146
f 49//147 97//147 99//147
f 100//148 49//148 99//148
f 99//149 35//149 100//149
f 101//150 100//150 35//150
f 101//151 103//151 100//151
f 100//152 103//152 47//152
f 102//153 47//153 103//153
f 35//154 32//154 104//154
f 35//155 104//155 101//155
f 102//156 103//156 105//156
f 47//157 102//157 48//157
f 102//158 105//158 48//158
f 103//159 106//160 105//161
f 103//162 110//162 106//162
f 105//163 107//163 48//163
f 108//164 101//164 104//164
f 104//165 109//165 108//165
f 109//166 104//166 32//166
f 108//167 103//167 101//167
f 110//168 103//168 108//168
f 114//169 106//169 110//169
f 110//170 108//170 111//170
f 112//171 108//171 109//171
f 113//172 108//172 112//172
f 108//173 113//173 111//173
f 110//174 111//174 114//174
f 111//175 113//176 399//177
f 375//178 48//178 107//178
f 48//179 375//179 54//179
f 59//180 54//180 375//180
f 97//181 35//181 99//181
f 34//182 35//182 97//182
f 23//184 120//184 95//184
f 121//185 95//185 120//185
f 81//186 6//186 122//186
f 6//187 9//187 122//187
f 123//188 124//188 125//188
f 125//189 124//189 862//189
f 862//190 124//190 126//190
f 862//191 126//191 1100//191
f 1077//192 126//192 127//192
f 127//193 126//193 124//193
f 82//194 124//194 123//194
f 433//195 127//196 124//197
f 124//197 82//198 433//195
f 122//199 433//199 82//199
f 9//200 435//200 122//200
f 435//201 9//201 87//201
f 128//202 87//202 9//202
f 430//203 128//203 88//203
f 430//204 88//204 89//204
f 89//205 88//205 72//205
f 90//206 72//206 88//206
f 72//207 90//207 70//207
f 90//208 91//208 94//208
f 90//209 94//209 70//209
f 129//210 58//210 59//210
f 129//211 59//211 375//211
f 129//212 375//212 130//212
f 129//213 61//213 58//213
f 61//214 232//214 131//214
f 503//352 211//352 215//352
f 215//353 211//353 426//353
f 379//359 217//359 218//359
f 232//388 233//388 131//388
f 234//389 131//389 429//389
f 234//390 235//390 133//390
f 235//391 234//391 236//391
f 265//392 235//392 236//392
f 235//393 265//393 133//393
f 236//394 260//394 265//394
f 234//395 238//395 236//395
f 237//396 260//396 236//396
f 236//397 238//397 237//397
f 243//398 237//398 238//398
f 241//402 238//402 240//402
f 246//407 241//407 240//407
f 247//408 241//408 246//408
f 247//410 246//410 233//410
f 248//412 233//412 232//412
f 242//441 261//441 237//442
f 260//443 237//442 261//441
f 260//445 261//445 262//445
f 262//446 263//446 260//446
f 260//447 263//447 264//447
f 260//448 264//448 265//448
f 265//449 264//449 266//449
f 270//450 264//450 263//450
f 263//451 262//451 268//451
f 268//452 270//452 263//452
f 454//453 270//453 268//453
f 271//454 270//454 454//454
f 270//455 272//455 264//455
f 264//456 272//456 267//456
f 273//457 272//457 270//457
f 273//458 270//458 279//458
f 274//459 272//460 273//461
f 279//462 281//463 273//463
f 276//464 279//464 270//464
f 275//465 271//465 454//465
f 270//466 277//466 276//466
f 279//467 280//467 281//467
f 273//461 283//468 274//459
f 283//469 273//469 282//469
f 284//470 282//470 273//470
f 284//471 273//471 285//471
f 284//472 285//472 282//472
f 282//473 285//473 283//473
f 273//474 286//474 285//474
f 286//475 273//475 281//475
f 286//476 281//476 280//476
f 280//477 451//477 286//477
f 286//478 451//478 285//478
f 280//479 279//479 276//479
f 451//480 280//480 277//480
f 280//481 276//482 277//481
f 278//483 277//483 270//483
f 454//484 268//484 269//484
f 269//485 268//485 262//485
f 269//486 262//486 261//486
f 121//639 96//639 31//639
f 121//640 31//640 95//640
f 370//641 373//641 121//641
f 121//642 373//642 96//642
f 109//643 29//643 31//643
f 29//644 109//644 32//644
f 31//645 96//645 371//645
f 31//646 371//646 109//646
f 109//647 371//647 112//647
f 371//648 96//648 372//648
f 372//649 112//649 371//649
f 401//650 372//650 96//650
f 96//651 373//651 401//651
f 374//652 373//652 370//652
f 129//653 232//653 61//653
f 230//654 232//654 129//654
f 232//655 230//655 231//655
f 130//656 230//656 129//656
f 130//657 375//657 107//657
f 130//658 107//658 376//658
f 130//659 376//659 377//659
f 130//660 378//660 230//660
f 229//661 230//661 378//661
f 379//662 229//662 378//662
f 130//663 377//663 378//663
f 376//664 380//665 377//666
f 380//667 427//667 377//667
f 379//668 378//668 427//668
f 379//669 218//669 229//669
f 115//710 106//710 114//710
f 106//160 396//711 105//161
f 396//712 106//712 397//712
f 397//713 106//713 115//713
f 105//714 396//714 107//714
f 107//715 396//715 397//715
f 398//716 114//716 399//716
f 399//177 114//717 111//175
f 400//718 113//718 112//718
f 511//719 112//719 372//719
f 401//720 373//720 402//720
f 373//721 374//721 402//721
f 402//722 374//722 514//722
f 514//723 374//723 403//723
f 402//724 513//724 401//724
f 211//764 217//764 426//764
f 427//765 426//765 217//765
f 217//766 379//766 427//766
f 427//767 428//767 426//767
f 426//768 428//768 215//768
f 498//769 428//769 427//769
f 427//770 378//770 377//770
f 233//771 246//771 131//771
f 131//772 246//772 429//772
f 240//773 238//773 234//773
f 240//774 234//774 429//774
f 240//775 429//775 246//775
f 89//776 73//776 430//776
f 87//777 128//777 430//777
f 73//778 74//778 430//778
f 74//779 431//779 430//779
f 430//780 431//780 87//780
f 122//781 435//781 432//781
f 433//782 122//782 432//782
f 432//783 435//783 434//783
f 75//784 435//784 431//784
f 431//785 435//785 87//785
f 74//786 75//786 431//786
f 75//787 74//787 16//787
f 266//804 264//804 267//804
f 266//805 267//805 927//805
f 283//806 285//806 451//806
f 283//807 451//807 274//807
f 267//808 451//808 927//808
f 452//809 451//809 277//809
f 278//810 928//810 277//810
f 928//811 278//811 287//811
f 287//812 278//812 270//812
f 287//813 270//813 271//813
f 287//814 271//814 288//814
f 269//815 261//815 290//815
f 290//819 453//819 864//819
f 864//820 454//820 290//820
f 269//821 290//821 454//821
f 376//917 107//917 499//917
f 376//664 499//918 380//665
f 498//919 427//919 380//919
f 498//920 380//920 499//920
f 428//921 498//921 499//921
f 499//922 107//922 397//922
f 215//923 501//923 503//923
f 504//924 503//924 501//924
f 501//925 215//925 428//925
f 500//926 428//926 499//926
f 502//927 428//927 500//927
f 502//928 504//928 428//928
f 428//929 504//929 501//929
f 500//930 499//930 397//930
f 500//931 397//931 502//931
f 503//932 851//932 208//932
f 776//933 208//933 851//933
f 504//934 851//934 503//934
f 505//935 504//935 502//935
f 505//936 502//936 397//936
f 505//937 397//937 506//937
f 397//938 115//938 506//938
f 506//939 115//939 507//939
f 506//940 508//940 505//940
f 504//941 505//941 508//941
f 506//942 964//942 508//942
f 504//943 508//943 851//943
f 115//944 114//944 398//944
f 399//945 113//946 854//947
f 854//948 510//948 399//948
f 112//949 511//949 400//949
f 511//950 372//950 513//950
f 513//951 372//951 401//951
f 512//952 402//952 514//952
f 513//953 402//953 512//953
f 514//954 513//954 512//954
f 511//955 513//955 514//955
f 511//956 514//956 400//956
f 444//1034 446//1034 551//1034
f 551//1035 552//1035 444//1035
f 444//1036 552//1036 951//1036
f 552//1038 551//1038 959//1038
f 553//1039 446//1039 448//1039
f 449//1045 555//1045 554//1045
f 563//1062 75//1062 16//1062
f 563//1063 564//1063 75//1063
f 75//1064 564//1064 435//1064
f 564//1065 434//1065 435//1065
f 563//1066 16//18 76//20
f 563//1067 76//1067 566//1067
f 76//1068 565//1068 566//1068
f 566//1069 565//1069 882//1069
f 882//1070 881//1070 566//1070
f 432//1071 566//1071 567//1071
f 566//1072 432//1072 563//1072
f 563//1073 434//1073 564//1073
f 432//1074 434//1074 563//1074
f 122//1222 82//1222 81//1222
f 451//1454 272//1454 274//1454
f 272//1455 451//1455 267//1455
f 964//1667 506//1667 509//1667
f 509//1668 506//1668 507//1668
f 510//1669 854//1669 853//1669
f 854//947 113//946 980//1670
f 980//1671 113//1671 400//1671
f 403//1672 515//1672 514//1672
f 403//1673 855//1673 856//1673
f 858//1674 855//1674 857//1674
f 858//1675 857//1675 859//1675
f 860//1676 858//1676 859//1676
f 860//1677 861//1677 858//1677
f 860//1678 862//1678 861//1678
f 864//1683 865//1683 454//1683
f 275//1684 454//1684 865//1684
f 865//1685 864//1685 1276//1685
f 275//1686 865//1687 867//1688
f 865//1687 866//1689 867//1688
f 275//1690 867//1690 271//1690
f 271//1691 868//1691 288//1691
f 868//1692 271//1692 867//1692
f 1001//1693 868//1693 867//1693
f 1001//1694 867//1694 866//1694
f 866//1695 869//1695 1001//1695
f 878//1722 433//1722 432//1722
f 432//1723 567//1723 879//1723
f 879//1724 567//1724 883//1724
f 881//1725 880//1725 883//1725
f 883//1726 880//1726 879//1726
f 882//1727 880//1727 881//1727
f 883//1728 567//1728 566//1728
f 432//1729 879//1729 878//1729
f 565//1730 76//1730 884//1730
f 565//1731 885//1731 882//1731
f 882//1732 885//1732 880//1732
f 878//1733 127//1733 433//1733
f 885//1734 878//1734 879//1734
f 885//1735 879//1735 880//1735
f 878//1736 885//1736 886//1736
f 855//1771 403//1771 857//1771
f 857//1772 403//1772 374//1772
f 370//1773 857//1773 374//1773
f 776//1780 902//1780 775//1780
f 904//1782 776//1782 851//1782
f 776//1783 904//1783 905//1783
f 776//1784 905//1784 902//1784
f 903//1785 902//1785 905//1785
f 851//1795 508//1795 904//1795
f 508//1796 910//1796 904//1796
f 911//1797 904//1797 910//1797
f 904//1798 911//1798 975//1798
f 904//1799 975//1799 905//1799
f 918//1818 903//1818 905//1818
f 555//1835 266//1835 927//1835
f 555//1836 927//1836 933//1836
f 927//1837 452//1837 933//1837
f 451//1838 452//1838 927//1838
f 277//1839 928//1839 452//1839
f 928//1840 930//1841 929//1840
f 928//1842 929//1842 931//1842
f 928//1843 931//1843 452//1843
f 452//1844 931//1844 933//1844
f 555//1845 449//1845 266//1845
f 881//1879 883//1879 566//1879
f 951//1889 948//1889 443//1889
f 950//1890 948//1890 952//1890
f 952//1891 948//1891 951//1891
f 953//1892 950//1892 952//1892
f 953//1893 952//1893 955//1893
f 955//1894 952//1894 956//1894
f 956//1895 952//1895 552//1895
f 955//1896 956//1896 1335//1896
f 957//1897 956//1897 552//1897
f 552//1898 952//1898 951//1898
f 957//1899 552//1899 958//1899
f 958//1900 1337//1900 957//1900
f 552//1901 959//1901 958//1901
f 960//1902 553//1902 1339//1902
f 553//1903 960//1903 446//1903
f 551//1904 446//1904 960//1904
f 398//1905 507//1905 115//1905
f 509//1906 507//1906 852//1906
f 398//1907 961//1907 507//1907
f 510//1908 398//1908 399//1908
f 961//1909 852//1909 507//1909
f 961//1910 398//1910 510//1910
f 510//1911 853//1911 961//1911
f 961//1912 962//1912 852//1912
f 852//1913 963//1914 973//1915
f 852//1913 973//1915 974//1916
f 852//1917 974//1917 964//1917
f 852//1918 964//1918 509//1918
f 964//1919 910//1919 508//1919
f 910//1920 964//1920 974//1920
f 967//1921 963//1921 852//1921
f 967//1922 852//1922 962//1922
f 961//1923 965//1923 962//1923
f 965//1924 961//1924 853//1924
f 967//1925 968//1925 963//1925
f 968//1926 969//1927 963//1928
f 963//1929 969//1929 973//1929
f 969//1927 968//1926 972//1930
f 967//1931 970//1931 968//1931
f 966//1932 967//1932 962//1932
f 967//1933 971//1933 970//1933
f 970//1934 972//1934 968//1934
f 969//1935 910//1935 973//1935
f 905//1936 975//1936 918//1936
f 976//1937 918//1937 975//1937
f 977//1938 976//1938 975//1938
f 910//1939 974//1939 973//1939
f 910//1940 969//1940 911//1940
f 977//1941 911//1941 969//1941
f 969//1942 972//1943 978//1944
f 969//1945 978//1945 977//1945
f 976//1946 977//1946 978//1946
f 979//1947 972//1948 970//1949
f 979//1947 970//1949 971//1950
f 971//1951 967//1951 966//1951
f 966//1952 962//1952 965//1952
f 400//1953 514//1953 980//1953
f 980//1954 514//1954 515//1954
f 854//1955 981//1955 853//1955
f 980//1956 981//1956 854//1956
f 982//1957 980//1957 515//1957
f 515//1958 403//1958 856//1958
f 856//1959 855//1959 1082//1959
f 982//1960 515//1960 856//1960
f 853//1961 981//1961 965//1961
f 982//1962 981//1962 980//1962
f 856//1963 1082//1963 989//1963
f 982//1964 856//1964 983//1964
f 982//1965 983//1965 984//1965
f 982//1966 984//1966 981//1966
f 981//1967 986//1967 965//1967
f 986//1968 981//1969 985//1970
f 981//1969 984//1971 985//1970
f 965//1972 986//1972 966//1972
f 986//1973 987//1973 988//1973
f 987//1974 986//1974 985//1974
f 856//1975 989//1975 983//1975
f 855//1976 858//1976 1082//1976
f 990//1979 554//1979 555//1979
f 990//1980 555//1980 933//1980
f 933//1981 931//1981 932//1981
f 929//1982 930//1982 931//1982
f 932//1983 931//1983 992//1983
f 992//1984 931//1984 930//1984
f 930//1985 991//1985 992//1985
f 992//1986 994//1986 932//1986
f 932//1987 994//1987 993//1987
f 994//1988 1650//1988 995//1988
f 993//1989 994//1989 995//1989
f 1345//1990 990//1990 933//1990
f 1345//1991 933//1991 932//1991
f 996//1992 1650//1992 994//1992
f 994//1993 992//1993 997//1993
f 994//1994 997//1994 996//1994
f 1650//1995 998//1995 995//1995
f 998//1996 1650//1996 999//1996
f 1000//1997 991//1998 930//1997
f 997//1999 992//1999 991//1999
f 930//2001 928//2001 287//2001
f 1002//2002 287//2002 288//2002
f 868//2003 1002//2003 288//2003
f 1001//2004 1004//2004 868//2004
f 287//2005 1002//2006 1003//2007
f 1002//2008 868//2008 1004//2008
f 1002//2009 1004//2009 1003//2009
f 886//2164 885//2164 565//2164
f 884//2165 76//2165 1105//2165
f 886//2166 565//2166 884//2166
f 886//2167 884//2167 1076//2167
f 886//2168 1076//2168 878//2168
f 878//2169 1076//2169 127//2169
f 126//2170 1077//2170 1078//2170
f 862//2171 1080//2172 861//2172
f 1080//2173 862//2173 1079//2173
f 1079//2174 862//2174 1100//2174
f 1100//2175 1621//2175 1079//2175
f 1081//2176 1079//2176 1621//2176
f 1081//2177 1088//2178 1079//2179
f 861//2180 1082//2180 858//2180
f 1082//2181 861//2181 1080//2181
f 1082//2182 1080//2182 1083//2182
f 989//2183 1082//2183 1083//2183
f 1083//2184 1080//2184 1084//2184
f 1083//2185 1085//2185 989//2185
f 1644//2186 1085//2186 1094//2186
f 1094//2187 1085//2187 1086//2187
f 1086//2188 1085//2188 1083//2188
f 1079//2179 1088//2178 1080//2189
f 1080//2190 1088//2191 1084//2192
f 1087//2193 1083//2193 1084//2193
f 1089//2194 1087//2195 1090//2196
f 1090//2196 1087//2195 1084//2197
f 1090//2192 1084//2192 1088//2191
f 1087//2198 1089//2198 1083//2198
f 1083//2199 1089//2199 1091//2199
f 1092//2200 1089//2200 1090//2200
f 1687//2201 1090//2201 1088//2201
f 1687//2202 1088//2202 1081//2202
f 1687//2203 1097//2203 1090//2203
f 1095//2204 1091//2204 1092//2204
f 1092//2205 1090//2206 1093//2207
f 1096//2208 1093//2208 1086//2208
f 1091//2209 1086//2210 1083//2211
f 1097//2212 1093//2212 1090//2212
f 1098//2213 1100//2213 126//2213
f 126//2214 1099//2214 1098//2214
f 1098//2215 1099//2215 1103//2215
f 1098//2216 1103//2216 1619//2216
f 1620//2217 1101//2217 1098//2217
f 1104//2218 1103//2218 1099//2218
f 1104//2219 1099//2219 1102//2219
f 1102//2220 1099//2220 126//2220
f 126//2221 1078//2221 1102//2221
f 1077//2222 127//2222 1076//2222
f 1105//2223 1076//2224 884//2225
f 1077//2226 1076//2224 1105//2223
f 1105//2227 76//2227 1106//2227
f 1106//2228 76//107 79//109
f 1105//2229 1106//2229 1077//2229
f 1104//2230 79//2230 78//2230
f 1077//2231 79//2231 1078//2231
f 1078//2232 1104//2232 1102//2232
f 79//2233 1104//2233 1078//2233
f 954//2513 950//2513 1326//2513
f 864//2538 453//2538 1260//2538
f 864//2539 1274//2539 1276//2539
f 1259//2540 1276//2540 1274//2540
f 1274//2541 864//2541 1260//2541
f 1260//2544 1262//2544 1263//2544
f 1263//2546 1267//2546 1265//2546
f 1263//2547 1265//2547 1260//2547
f 1260//2548 1265//2548 1266//2548
f 1260//2549 1266//2549 1274//2549
f 1267//2550 1269//2550 1265//2550
f 1267//2551 1268//2552 1269//2553
f 1269//2554 1259//2554 1265//2554
f 1265//2555 1259//2556 1275//2557
f 1265//2555 1275//2557 1271//2558
f 1270//2559 1265//2559 1271//2559
f 1272//2560 1270//2560 1271//2560
f 1270//2561 1272//2561 1273//2561
f 1270//2562 1273//2562 1265//2562
f 1265//2563 1273//2563 1266//2563
f 1266//2564 1273//2565 1274//2566
f 1259//2567 1274//2567 1275//2567
f 1276//2568 1259//2568 1269//2568
f 866//2569 1276//2570 869//2571
f 1267//2572 1277//2572 1268//2572
f 1277//2573 1267//2573 1263//2573
f 1277//2574 1263//2574 1278//2574
f 1326//2667 548//2667 954//2667
f 1326//2668 950//2668 953//2668
f 953//2669 547//2669 1326//2669
f 547//2670 953//2670 1327//2670
f 1327//2671 953//2671 955//2671
f 1329//2672 1327//2673 1334//2674
f 1330//2675 1329//2675 1354//2675
f 1354//2676 1329//2672 1334//2674
f 1332//2677 1329//2677 1330//2677
f 1329//2678 1332//2678 1331//2678
f 1333//2679 1332//2679 1330//2679
f 1328//2680 1334//2680 1327//2680
f 1328//2681 1327//2681 955//2681
f 1328//2682 1335//2682 1334//2682
f 1335//2683 1328//2683 955//2683
f 1336//2684 956//2684 957//2684
f 956//2685 1336//2685 1335//2685
f 1334//2686 1335//2686 1336//2686
f 959//2687 1337//2687 958//2687
f 1338//2688 959//2688 551//2688
f 1338//2689 960//2689 1339//2689
f 959//2690 1340//2690 1337//2690
f 1337//2691 1340//2691 957//2691
f 1341//2692 957//2693 1340//2694
f 1341//2692 1340//2694 1342//2695
f 957//2696 1341//2696 1336//2696
f 1342//2697 1340//2697 959//2697
f 1342//2698 959//2698 1353//2698
f 1343//2699 1339//2699 553//2699
f 553//2700 1344//2700 1343//2700
f 553//2701 554//2701 990//2701
f 990//2702 1344//2702 553//2702
f 995//2703 1346//2704 993//2705
f 932//2706 993//2706 1345//2706
f 993//2707 1346//2707 1345//2707
f 1349//2708 1344//2708 1348//2708
f 1348//2709 1344//2709 990//2709
f 1347//2710 990//2710 1345//2710
f 1347//2711 1345//2711 1346//2711
f 990//2712 1347//2712 1348//2712
f 1352//2713 1347//2713 1346//2713
f 1347//2714 1352//2714 1348//2714
f 1349//2715 1343//2716 1344//2717
f 1343//2716 1349//2715 1339//2718
f 1348//2719 1350//2719 1349//2719
f 1349//2720 1351//2720 1339//2720
f 1350//2721 1348//2721 1352//2721
f 1350//2722 1351//2722 1349//2722
f 1338//2723 1353//2723 959//2723
f 1353//2724 1356//2724 1342//2724
f 1356//2725 1353//2725 1683//2725
f 1336//2726 1341//2726 1334//2726
f 1354//2727 1334//2727 1341//2727
f 1355//2728 1354//2728 1341//2728
f 1356//2729 1355//2729 1341//2729
f 1356//2730 1341//2730 1342//2730
f 1357//2731 1355//2731 1356//2731
f 1355//2732 1357//2732 1354//2732
f 1354//2733 1357//2733 1330//2733
f 1356//2734 1359//2734 1358//2734
f 1356//2735 1358//2735 1357//2735
f 1357//2736 1358//2736 1359//2736
f 1357//2737 1360//2737 1330//2737
f 1330//2738 1360//2738 1333//2738
f 1665//2739 1332//2739 1333//2739
f 1361//2740 1360//2740 1684//2740
f 1357//2741 1359//2741 1362//2741
f 1359//2742 1356//2743 1683//2744
f 1353//2745 1338//2745 1363//2745
f 1339//2746 1364//2746 1338//2746
f 1364//2747 1339//2747 1351//2747
f 1351//2748 1667//2748 1364//2748
f 1363//2749 1338//2749 1364//2749
f 1365//2750 1350//2750 1352//2750
f 1365//2751 1352//2751 995//2751
f 1366//2752 1365//2752 995//2752
f 995//2703 1352//2753 1346//2704
f 1366//2754 995//2754 998//2754
f 999//2755 1367//2755 998//2755
f 287//2763 1000//2763 930//2763
f 1000//2764 287//2764 1369//2764
f 1369//2766 287//2766 1373//2766
f 1369//2767 1373//2767 1368//2767
f 1373//2768 287//2768 1374//2768
f 1003//2007 1374//2769 287//2005
f 1374//2770 1003//2770 1004//2770
f 1374//2771 1004//2771 1375//2771
f 869//2772 1004//2772 1001//2772
f 869//2571 1276//2570 1269//2773
f 1268//2552 869//2774 1269//2553
f 1379//2775 1268//2775 1277//2775
f 1379//2776 1277//2776 1376//2776
f 1376//2777 1377//2777 1379//2777
f 1378//2778 1376//2778 1277//2778
f 1377//2779 1376//2779 1384//2779
f 1268//2780 1379//2780 1375//2780
f 1004//2781 1268//2781 1375//2781
f 1375//2782 1379//2782 1380//2782
f 1374//2783 1375//2783 1380//2783
f 1377//2784 1382//2784 1379//2784
f 1379//2785 1382//2785 1380//2785
f 1374//2786 1380//2786 1373//2786
f 1655//2787 1380//2787 1382//2787
f 1655//2788 1373//2788 1380//2788
f 1655//2789 1646//2789 1373//2789
f 1384//2790 1381//2791 1382//2792
f 1384//2793 1382//2793 1377//2793
f 1383//2794 1384//2794 1376//2794
f 1385//2796 1383//2796 1376//2796
f 1378//2798 1278//2798 1376//2798
f 1278//2799 1378//2799 1277//2799
f 1387//2800 1624//2800 78//2800
f 1276//2913 866//2913 865//2913
f 1106//3017 79//3017 1077//3017
f 1568//3170 1384//3170 1567//3170
f 1384//3171 1568//3172 2051//3173
f 1384//3171 2051//3173 1574//3174
f 1384//3175 1383//3175 1567//3175
f 1604//3237 976//3237 978//3237
f 1613//3238 1604//3238 978//3238
f 1613//3260 1618//3260 1679//3260
f 978//3263 1618//3263 1613//3263
f 1619//3265 1103//3265 1620//3265
f 1101//3266 1620//3266 1103//3266
f 1103//3267 1104//3268 78//3269
f 1103//3267 78//3269 1101//3270
f 1620//3271 1098//3271 1619//3271
f 1101//3272 1100//3272 1098//3272
f 1622//3273 1100//3273 1101//3273
f 1622//3274 1621//3275 1100//3276
f 1622//3274 1081//3277 1621//3275
f 1622//3278 1623//3278 1081//3278
f 1622//3279 1101//3279 1623//3279
f 1623//3280 1101//3280 78//3280
f 78//3281 1624//3281 1623//3281
f 1623//3282 1624//3282 1081//3282
f 1275//3284 1274//3284 1271//3284
f 1271//3285 1274//3285 1272//3285
f 551//3286 960//3286 1338//3286
f 911//3287 977//3287 975//3287
f 869//3292 1268//3292 1004//3292
f 984//3321 1640//3321 985//3321
f 987//3322 985//3322 1641//3322
f 1642//3323 987//3323 1643//3324
f 1643//3325 987//3325 1641//3325
f 988//3326 987//3326 1766//3326
f 1688//3327 1641//3327 1640//3327
f 1640//3328 1641//3328 985//3328
f 1640//3329 984//3329 1093//3329
f 1644//3330 984//3331 983//3332
f 984//3331 1644//3330 1094//3333
f 1644//3334 983//3334 1085//3334
f 1085//3335 983//3335 989//3335
f 1368//3346 1373//3346 1645//3346
f 1645//3348 1373//3348 1646//3348
f 1646//3349 1647//3349 1645//3349
f 1647//3350 1646//3350 1648//3350
f 1648//3351 1649//3351 1647//3351
f 1367//3356 1651//3356 998//3356
f 1647//3358 1652//3358 999//3358
f 1649//3360 1653//3360 1647//3360
f 1809//3361 1647//3361 1653//3361
f 1617//3362 1653//3362 1654//3362
f 1656//3363 1648//3364 1646//3365
f 1656//3363 1646//3365 1655//3366
f 1657//3367 1656//3368 1655//3369
f 1381//3370 1657//3367 1655//3369
f 1655//3371 1382//3371 1381//3371
f 1381//2791 1384//2790 1659//3372
f 1657//3373 1381//3373 1659//3373
f 1659//3374 1384//3374 1574//3374
f 1659//3375 1574//3375 1658//3375
f 1659//3376 1658//3376 1657//3376
f 1272//3395 1274//2566 1273//2565
f 1596//3396 918//3396 976//3396
f 1094//3397 1086//3397 1093//3397
f 1670//3398 1331//3398 1665//3398
f 1665//3399 1331//3399 1332//3399
f 1666//3400 1665//3400 1333//3400
f 1667//3401 1666//3401 1364//3401
f 1667//3402 1665//3402 1666//3402
f 1667//3403 1351//3403 1668//3403
f 1351//3404 1673//3404 1669//3404
f 1668//3405 1351//3405 1669//3405
f 1668//3406 1670//3406 1665//3406
f 1670//3407 1668//3407 1669//3407
f 1669//3408 1673//3408 1671//3408
f 1669//3409 1671//3409 1670//3409
f 1331//3410 1670//3410 1672//3410
f 1671//3411 1672//3411 1670//3411
f 1673//3412 1674//3412 1671//3412
f 1672//3413 1671//3413 1674//3413
f 1672//3414 1675//3415 1331//3416
f 1929//3417 1675//3418 1928//3419
f 1928//3419 1675//3418 1930//3420
f 1930//3421 1675//3415 1672//3414
f 1674//3422 1673//3422 1676//3422
f 1767//3423 1676//3423 1673//3423
f 1366//3424 998//3425 1745//3426
f 1745//3426 998//3425 1746//3427
f 998//3428 1651//3428 1746//3428
f 1677//3429 1703//3429 1746//3429
f 1677//3430 1746//3430 1652//3430
f 1677//3431 1652//3431 1678//3431
f 979//3432 1677//3432 1678//3432
f 1678//3433 1679//3433 1618//3433
f 1680//3434 1679//3434 1809//3434
f 1679//3435 1678//3435 1809//3435
f 1809//3437 1653//3438 1680//3439
f 1616//3440 1680//3439 1653//3438
f 1657//3442 1648//3442 1656//3442
f 1657//3443 1682//3443 1648//3443
f 1682//3444 1657//3444 1658//3444
f 1086//2210 1091//2209 1096//3445
f 1096//3446 1091//3446 1095//3446
f 1095//3447 1093//3447 1096//3447
f 1093//2207 1095//3448 1092//2205
f 1363//3449 1683//3449 1353//3449
f 1683//3450 1364//3450 1666//3450
f 1364//3451 1683//3451 1363//3451
f 1362//3452 1359//3452 1361//3452
f 1361//3453 1359//2742 1683//2744
f 1683//3454 1666//3454 1361//3454
f 1684//3455 1360//3455 1357//3455
f 1666//3456 1333//3456 1361//3456
f 1333//3457 1360//3457 1361//3457
f 1361//3458 1684//3458 1362//3458
f 1362//3459 1684//3459 1357//3459
f 1091//3460 1089//3460 1092//3460
f 1640//3462 1093//3462 1097//3462
f 1094//3463 1093//3463 984//3463
f 1685//3464 1686//3464 1640//3464
f 1097//3465 1685//3465 1640//3465
f 1685//3466 1097//3466 1687//3466
f 1685//3467 1687//3467 1689//3467
f 1687//3468 1624//3468 1847//3468
f 1685//3469 1688//3469 1686//3469
f 1686//3470 1688//3470 1640//3470
f 1689//3471 1643//3471 1688//3471
f 1688//3472 1643//3473 1690//3472
f 1690//3474 1643//3474 1641//3474
f 1690//3475 1641//3475 1691//3475
f 1691//3476 1641//3476 1688//3476
f 1692//3477 1642//3477 1643//3477
f 1692//3478 1643//3478 1689//3478
f 1692//3479 1689//3479 1642//3479
f 1689//3480 1696//3480 1642//3480
f 1642//3481 1696//3481 1694//3481
f 1642//3482 1694//3482 987//3482
f 987//3483 1694//3483 1695//3483
f 987//3484 1695//3484 1696//3484
f 1697//3485 1698//3485 1696//3485
f 1696//3486 1766//3486 987//3486
f 1766//3487 1696//3487 1699//3487
f 1699//3488 1696//3488 1698//3488
f 1695//3489 1698//3489 1697//3489
f 1701//3490 1695//3490 1694//3490
f 1696//3491 1689//3491 1693//3491
f 1696//3492 1700//3492 1694//3492
f 1698//3493 1695//3493 1701//3493
f 1701//3494 1694//3495 1700//3496
f 1695//3497 1700//3497 1696//3497
f 1848//3498 1693//3498 1702//3498
f 1702//3499 1693//3499 1689//3499
f 1689//3500 1688//3500 1685//3500
f 966//3504 1703//3504 971//3504
f 979//3505 971//3505 1703//3505
f 1703//3506 1747//3506 979//3506
f 979//3507 1704//3507 972//3507
f 966//3595 1745//3595 1746//3595
f 966//3596 1746//3596 1703//3596
f 1747//3597 1703//3597 1677//3597
f 1747//3598 1677//3598 979//3598
f 979//3599 1618//3599 1704//3599
f 978//1944 972//1943 1704//3600
f 1704//3601 1618//3601 978//3601
f 979//3602 1678//3602 1618//3602
f 988//3639 966//3639 986//3639
f 1765//3640 988//3640 1766//3640
f 1701//3494 1700//3496 1770//3641
f 1699//3642 1698//3642 1767//3642
f 988//3643 1745//3643 966//3643
f 988//3644 1765//3644 1745//3644
f 1745//3645 1765//3645 1366//3645
f 1365//3646 1366//3646 1765//3646
f 1765//3647 1768//3647 1365//3647
f 1699//3648 1767//3648 1766//3648
f 1767//3649 1698//3649 1773//3649
f 1772//3650 1773//3650 1698//3650
f 1772//3651 1698//3652 1769//3653
f 1770//3654 1769//3653 1698//3652
f 1770//3655 1698//3655 1701//3655
f 1771//3656 1769//3656 1770//3656
f 1771//3657 1770//3657 1700//3657
f 1700//3658 1697//3658 1771//3658
f 1771//3659 1697//3659 1927//3659
f 1769//3660 1771//3660 1772//3660
f 1774//3661 1772//3661 1771//3661
f 1774//3662 1771//3662 1927//3662
f 1774//3663 1927//3663 1773//3663
f 1775//3664 1774//3664 1773//3664
f 1772//3665 1774//3665 1775//3665
f 1772//3666 1775//3666 1773//3666
f 1776//3667 1773//3667 1927//3667
f 1697//3668 1700//3668 1695//3668
f 1927//3669 1697//3669 1777//3669
f 1697//3670 1696//3670 1777//3670
f 1696//3671 1693//3671 1777//3671
f 1777//3672 1693//3673 1850//3674
f 1676//3675 1773//3675 1776//3675
f 1766//3676 1767//3676 1765//3676
f 1673//3677 1765//3677 1767//3677
f 1765//3678 1673//3678 1768//3678
f 1350//3679 1365//3679 1768//3679
f 1351//3680 1768//3680 1673//3680
f 1768//3681 1351//3681 1350//3681
f 1624//3719 1687//3719 1081//3719
f 1809//3753 1678//3753 1652//3753
f 1809//3754 1652//3754 1647//3754
s 0
f 1844//3831 1845//3831 1691//3831
s 1
f 1691//3832 1845//3832 1690//3832
f 1844//3833 1691//3833 1688//3833
f 1690//3834 1845//3834 1688//3834
f 1844//3835 1688//3835 1846//3835
f 1846//3836 1688//3836 1845//3836
s 0
f 1846//3831 1845//3831 1844//3831
s 1
f 1687//3837 1847//3837 1689//3837
f 1702//3838 1689//3838 1847//3838
f 1624//3839 1702//3839 1847//3839
f 1850//3674 1693//3673 1848//3840
f 1849//3841 1848//3841 1702//3841
f 1702//3842 1624//3842 1849//3842
f 1849//3843 1624//3843 1387//3843
f 1850//3844 1848//3844 1849//3844
f 1929//3845 1850//3845 1849//3845
f 1849//3846 1851//3846 1929//3846
f 1929//3847 1851//3847 1675//3847
f 1667//3989 1668//3989 1665//3989
f 1676//4025 1776//4025 1923//4025
f 1676//4026 1923//4026 1674//4026
f 1674//4027 1924//4027 1672//4027
f 1925//4028 1923//4028 1776//4028
f 1767//4029 1773//4029 1676//4029
f 1925//4030 1674//4030 1923//4030
f 1926//4031 1674//4031 1925//4031
f 1930//4032 1926//4032 1925//4032
f 1927//4033 1925//4033 1776//4033
f 1928//4034 1925//4034 1927//4034
f 1927//4035 1929//4035 1928//4035
f 1925//4036 1928//4036 1930//4036
f 1674//4037 1926//4037 1924//4037
f 1672//4038 1924//4038 1930//4038
f 1926//4039 1930//4039 1924//4039
f 1931//4040 1929//4040 1927//4040
f 1932//4041 1927//4041 1777//4041
f 1931//4042 1850//4042 1929//4042
f 1777//4043 1850//4043 1932//4043
f 1932//4044 1850//4044 1931//4044
f 1927//4045 1932//4045 1931//4045
f 1681//4093 1654//4093 1649//4093
f 1649//4094 1654//4094 1653//4094
f 1953//4095 1654//4095 1681//4095
f 1654//4096 1953//4096 1574//4096
f 1681//4097 1649//4097 1648//4097
f 1681//4098 1682//4098 1953//4098
f 1654//4099 1574//4099 2051//4099
f 1658//4100 1574//4100 1682//4100
f 1681//4101 1648//4101 1682//4101
f 1953//4102 1682//4102 1574//4102
f 1952//4105 1617//4105 1654//4105
f 1952//4108 1654//4108 2051//4108
usemtl Ork_RustyIron
f 238//399 239//400 243//401
f 238//403 241//403 239//403
f 237//404 243//404 242//404
f 242//405 243//405 244//405
f 245//406 243//401 239//400
f 247//420 390//420 528//420
f 247//421 528//421 239//421
f 247//422 239//422 241//422
f 300//423 243//423 245//423
f 243//424 300//424 255//424
f 243//425 255//425 244//425
f 242//426 244//426 254//426
f 244//427 255//427 254//427
f 255//428 300//428 308//428
f 255//429 298//430 254//431
f 256//432 242//432 257//432
f 257//433 258//434 256//435
f 256//436 295//436 293//436
f 256//437 289//438 242//439
f 242//439 289//438 259//440
f 261//444 242//444 259//444
f 291//487 261//487 259//487
f 259//488 289//489 291//490
f 291//490 289//489 293//491
f 293//492 289//492 256//492
f 261//493 291//493 292//493
f 292//494 291//494 293//494
f 298//495 293//496 295//497
f 295//498 256//498 258//498
f 295//499 258//499 296//499
f 257//433 297//500 258//434
f 297//501 296//501 258//501
f 296//502 297//502 294//502
f 257//503 294//503 297//503
f 254//504 257//504 242//504
f 255//505 299//505 298//505
f 309//506 255//507 308//508
f 301//509 300//509 245//509
f 301//510 245//510 302//510
f 302//511 303//511 301//511
f 305//512 306//512 307//512
f 305//513 307//513 304//513
f 301//514 308//514 300//514
f 303//515 308//516 301//516
f 310//517 304//517 307//517
f 303//518 304//518 313//518
f 313//519 304//519 310//519
f 310//520 306//520 305//520
f 305//521 304//521 302//521
f 305//522 302//522 311//522
f 307//523 306//523 310//523
f 303//525 309//525 308//525
f 314//526 303//526 313//526
f 303//527 314//527 309//527
f 312//529 310//529 311//529
f 311//530 310//530 305//530
f 311//532 316//532 315//532
f 315//533 317//533 311//533
f 316//553 311//553 302//553
f 247//693 389//693 390//693
f 390//696 392//696 528//696
f 393//698 392//698 390//698
f 392//699 393//699 391//699
f 394//700 393//700 390//700
f 390//701 391//701 394//701
f 394//702 391//702 393//702
f 417//747 416//747 418//747
f 419//748 418//748 416//748
f 261//816 292//817 290//818
f 518//964 316//964 302//964
f 519//965 316//965 518//965
f 302//966 304//966 303//966
f 245//967 518//967 302//967
f 517//968 316//968 519//968
f 519//970 518//970 517//970
f 524//971 520//971 517//971
f 517//972 518//972 526//972
f 517//973 526//973 524//973
f 527//981 523//981 524//981
f 524//982 526//982 239//982
f 239//983 528//983 524//983
f 524//984 528//984 527//984
f 239//993 526//993 245//993
f 526//994 518//994 245//994
f 416//1012 536//1012 419//1012
f 419//1015 538//1015 418//1015
f 419//1016 539//1016 538//1016
f 538//1017 539//1017 540//1017
f 541//1018 539//1018 419//1018
f 540//1019 539//1019 588//1019
f 540//1020 588//1020 542//1020
f 417//1021 418//1021 545//1021
f 543//1022 545//1022 418//1022
f 543//1023 418//1023 538//1023
f 540//1024 544//1024 538//1024
f 545//1025 591//1025 546//1025
f 568//1075 419//1075 536//1075
f 419//1076 568//1076 541//1076
f 578//1077 536//1077 537//1077
f 537//1079 569//1079 578//1079
f 536//1080 578//1080 571//1080
f 536//1081 571//1081 568//1081
f 570//1082 541//1082 571//1082
f 571//1083 541//1083 568//1083
f 570//1084 572//1085 541//1084
f 575//1086 573//1086 572//1086
f 575//1087 572//1087 570//1087
f 572//1088 539//1088 541//1088
f 572//1089 573//1089 588//1089
f 572//1090 588//1090 539//1090
f 574//1091 573//1091 575//1091
f 571//1092 576//1092 577//1092
f 571//1093 577//1093 570//1093
f 570//1094 577//1094 575//1094
f 578//1095 576//1095 571//1095
f 579//1096 576//1096 578//1096
f 577//1097 580//1097 575//1097
f 576//1098 579//1098 582//1098
f 583//1099 577//1099 576//1099
f 576//1100 582//1100 583//1100
f 583//1101 580//1101 577//1101
f 584//1102 580//1102 583//1102
f 585//1103 582//1103 579//1103
f 584//1104 755//1104 580//1104
f 580//1105 755//1105 581//1105
f 755//1106 733//1106 581//1106
f 733//1107 586//1107 581//1107
f 544//1108 542//1108 589//1108
f 542//1109 544//1109 540//1109
f 543//1110 538//1110 544//1110
f 589//1111 590//1111 601//1111
f 543//1112 591//1112 545//1112
f 591//1113 543//1113 589//1113
f 591//1114 589//1114 592//1114
f 543//1115 544//1115 589//1115
f 542//1116 590//1116 589//1116
f 464//1118 417//1118 545//1118
f 464//1119 545//1119 546//1119
f 662//1120 590//1120 542//1120
f 662//1121 593//1121 590//1121
f 601//1122 590//1122 594//1122
f 589//1123 601//1123 592//1123
f 595//1124 591//1124 592//1124
f 591//1125 595//1125 472//1125
f 591//1126 472//1126 546//1126
f 595//1127 601//1127 472//1127
f 471//1128 472//1128 488//1128
f 600//1129 489//1129 488//1129
f 489//1130 600//1130 596//1130
f 596//1131 597//1131 489//1131
f 603//1132 599//1132 600//1132
f 600//1133 599//1133 596//1133
f 599//1134 598//1134 596//1134
f 600//1135 488//1135 472//1135
f 601//1136 595//1136 592//1136
f 472//1137 601//1137 600//1137
f 600//1138 601//1138 622//1138
f 603//1139 600//1139 602//1139
f 603//1140 604//1141 599//1142
f 596//1143 598//1143 597//1143
f 597//1144 605//1144 489//1144
f 605//1145 597//1145 604//1145
f 608//1149 605//1149 604//1149
f 604//1141 597//1150 599//1142
f 597//1151 598//1151 599//1151
f 618//1176 605//1176 619//1176
f 619//1177 605//1177 608//1177
f 608//1178 604//1178 895//1178
f 620//1179 895//1179 604//1179
f 621//1180 604//1181 603//1182
f 602//1183 633//1183 603//1183
f 603//1184 934//1184 621//1184
f 633//1185 934//1185 603//1185
f 622//1186 602//1186 600//1186
f 627//1187 622//1187 623//1187
f 622//1188 624//1189 623//1190
f 626//1191 627//1191 623//1191
f 623//1192 625//1192 626//1192
f 628//1193 602//1193 622//1193
f 628//1194 622//1194 627//1194
f 628//1195 627//1196 629//1197
f 626//1198 625//1198 630//1198
f 626//1199 630//1199 632//1199
f 631//1200 630//1200 625//1200
f 631//1201 665//1201 630//1201
f 829//1202 632//1202 630//1202
f 626//1203 632//1203 642//1203
f 626//1204 642//1204 627//1204
f 628//1205 635//1205 633//1205
f 628//1206 633//1206 602//1206
f 636//1207 635//1207 628//1207
f 636//1208 628//1208 634//1208
f 628//1195 629//1197 634//1209
f 634//1210 638//1210 637//1210
f 637//1211 636//1212 634//1213
f 640//1214 636//1214 641//1214
f 641//1215 636//1212 637//1211
f 637//1216 642//1216 833//1216
f 642//1217 632//1217 833//1217
f 637//1218 638//1218 642//1218
f 642//1219 629//1219 627//1219
f 642//1220 638//1220 629//1220
f 638//1221 634//1221 629//1221
f 709//1273 796//1273 662//1273
f 663//1274 662//1274 664//1274
f 662//1275 663//1275 709//1275
f 588//1276 664//1276 542//1276
f 542//1277 664//1277 662//1277
f 666//1279 665//1279 667//1279
f 667//1280 665//1280 631//1280
f 668//1281 665//1281 666//1281
f 666//1282 711//1282 668//1282
f 665//1283 828//1283 829//1283
f 630//1284 665//1284 829//1284
f 828//1285 665//1285 670//1285
f 670//1286 665//1286 668//1286
f 670//1287 668//1287 669//1287
f 671//1288 669//1288 668//1288
f 669//1289 671//1289 672//1289
f 672//1290 673//1290 669//1290
f 670//1291 669//1291 673//1291
f 675//1292 671//1292 668//1292
f 668//1293 674//1293 675//1293
f 672//1294 677//1294 673//1294
f 777//1295 670//1295 673//1295
f 683//1296 677//1296 672//1296
f 672//1297 671//1297 676//1297
f 682//1298 672//1298 676//1298
f 675//1299 676//1299 671//1299
f 676//1300 675//1300 674//1300
f 674//1301 668//1301 679//1301
f 678//1302 668//1302 711//1302
f 678//1303 679//1303 668//1303
f 674//1304 680//1304 676//1304
f 680//1305 681//1305 676//1305
f 682//1306 676//1306 681//1306
f 672//1307 684//1307 683//1307
f 672//1308 686//1308 684//1308
f 686//1309 672//1309 682//1309
f 684//1310 686//1310 687//1310
f 684//1311 685//1311 683//1311
f 677//1312 683//1312 685//1312
f 685//1313 684//1313 687//1313
f 687//1314 691//1314 692//1314
f 685//1315 687//1315 689//1315
f 686//1316 691//1316 687//1316
f 693//1317 691//1317 686//1317
f 691//1318 693//1318 695//1318
f 690//1319 692//1319 694//1319
f 691//1320 695//1320 692//1320
f 698//1321 695//1321 693//1321
f 695//1322 698//1322 696//1322
f 696//1323 697//1323 695//1323
f 695//1324 697//1324 694//1324
f 727//1325 696//1325 698//1325
f 682//1326 693//1326 686//1326
f 693//1327 682//1327 681//1327
f 700//1328 698//1328 693//1328
f 700//1329 693//1329 699//1329
f 699//1330 693//1330 681//1330
f 702//1331 699//1332 681//1333
f 678//1334 705//1334 679//1334
f 680//1335 701//1335 681//1335
f 702//1336 681//1336 701//1337
f 679//1338 701//1338 680//1338
f 679//1339 680//1339 674//1339
f 700//1340 699//1332 702//1331
f 703//1341 701//1341 679//1341
f 704//1342 701//1342 703//1342
f 705//1343 706//1343 679//1343
f 706//1344 705//1344 707//1344
f 679//1345 706//1345 703//1345
f 719//1346 706//1346 707//1346
f 707//1347 711//1347 708//1347
f 710//1348 708//1348 711//1348
f 709//1349 708//1350 712//1351
f 710//1352 666//1352 667//1352
f 710//1353 711//1353 666//1353
f 712//1354 710//1355 713//1356
f 710//1357 712//1357 708//1357
f 714//1358 708//1350 709//1349
f 715//1359 707//1359 708//1359
f 708//1360 714//1360 715//1360
f 716//1361 715//1361 714//1361
f 663//1362 714//1363 709//1364
f 714//1363 663//1362 587//1365
f 587//1366 663//1366 664//1366
f 664//1367 588//1367 573//1367
f 664//1368 573//1368 574//1368
f 664//1369 574//1369 587//1369
f 716//1370 714//1370 587//1370
f 587//1371 586//1371 716//1371
f 586//1372 587//1372 574//1372
f 717//1373 718//1373 716//1373
f 707//1374 718//1374 719//1374
f 732//1375 719//1375 718//1375
f 719//1376 720//1376 706//1376
f 719//1377 721//1377 720//1377
f 706//1378 720//1378 703//1378
f 704//1379 703//1380 724//1381
f 724//1381 703//1380 722//1382
f 703//1383 720//1383 722//1383
f 722//1384 720//1384 729//1384
f 722//1385 729//1385 723//1385
f 704//1386 724//1386 728//1386
f 728//1387 725//1387 704//1387
f 724//1388 722//1388 723//1388
f 702//1389 701//1389 704//1389
f 702//1390 704//1390 725//1390
f 725//1391 728//1391 727//1391
f 725//1392 727//1392 698//1392
f 726//1393 724//1393 723//1393
f 720//1394 721//1394 730//1394
f 720//1395 730//1395 729//1395
f 733//1396 732//1396 717//1396
f 732//1397 718//1397 717//1397
f 717//1398 716//1398 586//1398
f 733//1399 717//1399 586//1399
f 755//1400 734//1400 733//1400
f 733//1401 734//1401 732//1401
f 734//1402 735//1402 759//1402
f 582//1403 585//1403 736//1403
f 737//1404 578//1404 569//1404
f 578//1406 748//1406 579//1406
f 748//1430 751//1430 579//1430
f 585//1431 579//1431 751//1431
f 751//1433 749//1433 585//1433
f 753//1434 585//1434 749//1434
f 585//1435 753//1435 736//1435
f 582//1436 754//1436 583//1436
f 754//1437 584//1437 583//1437
f 584//1438 754//1438 755//1438
f 755//1439 754//1439 756//1439
f 756//1440 734//1440 755//1440
f 734//1441 756//1441 735//1441
f 734//1442 759//1442 732//1442
f 719//1443 732//1443 721//1443
f 721//1444 732//1444 759//1444
f 757//1445 756//1445 754//1445
f 756//1446 757//1446 735//1446
f 735//1447 757//1447 758//1447
f 758//1448 759//1448 735//1448
f 757//1449 760//1449 758//1449
f 760//1450 757//1451 754//1452
f 760//1450 754//1452 761//1453
f 688//1494 677//1494 685//1494
f 673//1495 688//1495 779//1495
f 779//1496 777//1496 673//1496
f 688//1497 673//1497 677//1497
f 779//1498 778//1498 777//1498
f 780//1499 688//1499 685//1499
f 780//1500 685//1500 781//1500
f 781//1501 685//1501 689//1501
f 782//1502 783//1502 785//1502
f 783//1503 782//1503 689//1503
f 783//1504 784//1504 785//1504
f 689//1505 687//1505 692//1505
f 786//1506 787//1506 780//1506
f 787//1507 688//1507 780//1507
f 788//1508 787//1509 786//1510
f 778//1511 789//1511 777//1511
f 789//1512 670//1512 777//1512
f 670//1513 789//1513 828//1513
f 678//1514 711//1514 707//1514
f 678//1515 707//1515 705//1515
f 662//1525 796//1525 797//1525
f 798//1526 799//1526 796//1526
f 797//1527 593//1527 662//1527
f 590//1528 593//1528 797//1528
f 803//1529 594//1529 590//1529
f 803//1530 590//1530 797//1530
f 803//1531 797//1531 801//1531
f 797//1532 796//1532 799//1532
f 798//1533 800//1534 799//1535
f 667//1536 800//1537 798//1538
f 631//1539 800//1539 667//1539
f 625//1540 800//1540 631//1540
f 800//1534 801//1541 799//1535
f 797//1542 799//1542 801//1542
f 800//1543 625//1543 801//1543
f 624//1544 801//1544 623//1544
f 623//1545 801//1545 625//1545
f 624//1189 622//1188 802//1546
f 802//1547 622//1547 594//1547
f 601//1548 594//1548 622//1548
f 594//1549 803//1549 802//1549
f 801//1550 624//1550 802//1550
f 694//1551 805//1551 806//1551
f 694//1552 806//1552 690//1552
f 695//1553 694//1553 692//1553
f 697//1554 805//1554 694//1554
f 805//1555 807//1555 806//1555
f 690//1556 806//1556 804//1556
f 783//1557 689//1557 692//1557
f 783//1558 692//1558 690//1558
f 690//1559 804//1559 783//1559
f 810//1560 804//1560 806//1560
f 806//1561 807//1561 810//1561
f 783//1562 808//1562 784//1562
f 809//1563 784//1564 808//1565
f 810//1566 808//1567 783//1568
f 783//1569 804//1569 810//1569
f 808//1570 810//1570 809//1570
f 784//1571 811//1571 812//1571
f 784//1572 812//1572 785//1572
f 785//1573 812//1573 813//1573
f 785//1574 813//1574 782//1574
f 782//1575 813//1575 689//1575
f 689//1576 813//1576 815//1576
f 814//1577 813//1577 812//1577
f 815//1578 813//1578 814//1578
f 786//1579 780//1579 788//1579
f 780//1580 781//1580 788//1580
f 781//1581 817//1581 788//1581
f 817//1582 781//1582 815//1582
f 814//1583 821//1583 815//1583
f 812//1584 816//1584 822//1584
f 816//1585 837//1585 822//1585
f 812//1586 822//1586 814//1586
f 709//1587 712//1587 796//1587
f 713//1588 796//1588 712//1588
f 713//1356 710//1355 667//1589
f 713//1590 667//1536 798//1538
f 798//1591 796//1591 713//1591
f 789//1594 778//1594 827//1594
f 788//1508 688//1595 787//1509
f 788//1596 817//1596 779//1596
f 788//1597 779//1597 688//1597
f 821//1598 817//1598 815//1598
f 818//1599 817//1599 819//1599
f 820//1600 819//1600 817//1600
f 820//1601 817//1601 821//1601
f 823//1602 821//1602 822//1602
f 822//1603 821//1603 814//1603
f 826//1604 820//1604 821//1604
f 821//1605 823//1605 825//1605
f 825//1606 826//1606 821//1606
f 826//1607 819//1607 820//1607
f 817//1608 818//1608 778//1608
f 827//1609 818//1609 830//1609
f 818//1610 827//1610 778//1610
f 830//1611 828//1612 827//1613
f 789//1614 827//1613 828//1612
f 828//1615 830//1615 829//1615
f 818//1616 819//1616 831//1616
f 818//1617 831//1617 830//1617
f 826//1618 825//1618 824//1618
f 831//1619 819//1619 824//1619
f 824//1620 819//1620 826//1620
f 830//1621 832//1621 829//1621
f 830//1622 945//1622 833//1622
f 830//1623 833//1623 832//1623
f 829//1624 832//1624 632//1624
f 632//1625 832//1625 833//1625
f 831//1626 945//1626 830//1626
f 834//1627 945//1628 831//1629
f 835//1630 640//1630 834//1630
f 824//1631 825//1631 1020//1631
f 823//1632 1021//1632 825//1632
f 823//1633 822//1633 1024//1633
f 816//1634 812//1634 811//1634
f 816//1635 811//1635 836//1635
f 811//1636 1032//1636 836//1636
f 809//1563 811//1637 784//1564
f 810//1638 838//1638 809//1638
f 838//1639 810//1639 807//1639
f 805//1640 839//1640 807//1640
f 839//1641 805//1641 697//1641
f 807//1642 840//1643 838//1644
f 1031//1645 838//1644 840//1643
f 840//1646 807//1646 839//1646
f 839//1647 697//1647 841//1647
f 841//1648 840//1648 839//1648
f 1031//1649 840//1649 842//1649
f 843//1650 842//1650 840//1650
f 844//1651 842//1651 843//1651
f 843//1652 845//1652 844//1652
f 846//1653 844//1653 845//1653
f 840//1654 841//1654 843//1654
f 843//1655 847//1655 845//1655
f 697//1656 848//1656 847//1656
f 727//1657 848//1658 697//1659
f 841//1660 847//1660 843//1660
f 847//1661 841//1661 697//1661
f 294//1662 298//1662 296//1662
f 298//495 295//497 296//1663
f 779//1664 817//1664 778//1664
f 254//431 298//430 257//1679
f 257//1680 298//1680 294//1680
f 863//1681 292//1681 293//1681
f 292//817 453//1682 290//818
f 781//1696 689//1696 815//1696
f 299//1737 255//507 309//506
f 293//496 298//495 863//1738
f 863//1739 298//1739 887//1739
f 887//1740 298//1740 299//1740
f 299//1741 309//1741 888//1741
f 299//1742 888//1742 887//1742
f 863//1743 887//1743 888//1743
f 888//1744 309//1744 314//1744
f 793//1745 314//1746 313//1747
f 793//1745 888//1748 314//1746
f 890//1749 888//1749 793//1749
f 889//1750 793//1750 891//1750
f 900//1760 618//1760 619//1760
f 619//1761 608//1761 895//1761
f 895//1762 896//1762 619//1762
f 895//1763 898//1763 896//1763
f 899//1764 895//1764 940//1764
f 899//1765 898//1765 895//1765
f 896//1766 898//1766 1446//1766
f 896//1767 1446//1767 897//1767
f 900//1768 619//1768 896//1768
f 581//1774 574//1774 575//1774
f 580//1775 581//1775 575//1775
f 586//1776 574//1776 581//1776
f 934//1847 633//1847 635//1847
f 935//1848 934//1848 635//1848
f 938//1849 934//1849 935//1849
f 936//1850 937//1850 943//1850
f 621//1851 934//1851 938//1851
f 938//1852 935//1852 621//1852
f 620//1853 604//1181 621//1180
f 621//1854 935//1855 620//1856
f 936//1857 620//1856 935//1855
f 939//1858 620//1858 936//1858
f 940//1859 895//1859 620//1859
f 936//1860 943//1860 939//1860
f 939//1861 943//1861 941//1861
f 941//1862 943//1862 944//1862
f 941//1863 944//1863 942//1863
f 1053//1864 941//1864 942//1864
f 944//1865 943//1865 946//1865
f 936//1866 635//1866 937//1866
f 635//1867 936//1867 935//1867
f 937//1868 635//1868 636//1868
f 639//1869 937//1869 636//1869
f 636//1870 944//1870 639//1870
f 833//1871 641//1871 637//1871
f 833//1872 945//1872 641//1872
f 944//1873 946//1873 639//1873
f 947//1874 944//1874 1010//1874
f 1010//1875 944//1875 636//1875
f 641//1876 945//1876 640//1876
f 640//1877 1010//1877 636//1877
f 834//1627 640//1878 945//1628
f 715//1977 716//1977 718//1977
f 707//1978 715//1978 718//1978
f 997//2000 991//2000 1000//2000
f 725//2010 698//2010 702//2010
f 702//2011 698//2011 700//2011
f 834//2012 1005//2012 835//2012
f 1005//2013 834//2013 1006//2013
f 824//2014 1020//2014 831//2014
f 831//2015 1007//2015 834//2015
f 1007//2016 1006//2016 834//2016
f 1008//2017 1006//2017 1007//2017
f 1010//2018 835//2018 1005//2018
f 835//2019 1010//2019 640//2019
f 1009//2020 1010//2020 1005//2020
f 1016//2021 1010//2021 1009//2021
f 1009//2022 1005//2022 1008//2022
f 1008//2023 1005//2023 1006//2023
f 1008//2024 1012//2024 1009//2024
f 1016//2025 1009//2025 1014//2025
f 1010//2026 1013//2026 1011//2026
f 1015//2027 1013//2027 1014//2027
f 1013//2028 1010//2028 1016//2028
f 1012//2029 1014//2029 1009//2029
f 1012//2030 1018//2031 1017//2032
f 1018//2033 1108//2033 1017//2033
f 1017//2034 1107//2034 1012//2034
f 1017//2035 1108//2035 1107//2035
f 1117//2036 1108//2036 1018//2036
f 1019//2037 1012//2037 1008//2037
f 1007//2038 831//2038 1020//2038
f 1022//2039 1007//2039 1020//2039
f 1022//2040 825//2040 1021//2040
f 825//2041 1022//2041 1020//2041
f 1007//2042 1019//2042 1008//2042
f 1019//2043 1023//2043 1012//2043
f 1018//2031 1012//2030 1023//2044
f 1022//2045 1019//2045 1007//2045
f 1024//2046 1021//2046 823//2046
f 1021//2047 1019//2047 1022//2047
f 1021//2048 1025//2048 1019//2048
f 1023//2049 1019//2050 1025//2051
f 1025//2052 1021//2052 1026//2052
f 1021//2053 1024//2053 1028//2053
f 1028//2054 1026//2054 1021//2054
f 1024//2055 1027//2055 1028//2055
f 1028//2056 1027//2056 1026//2056
f 1026//2057 1030//2057 1123//2057
f 1026//2058 1123//2058 1025//2058
f 1026//2059 1029//2059 1030//2059
f 801//2060 802//2060 803//2060
f 811//2061 809//2061 1033//2061
f 809//2062 838//2062 1031//2062
f 1032//2063 1033//2063 1034//2063
f 811//2064 1033//2064 1032//2064
f 1033//2065 809//2065 1031//2065
f 1037//2066 1033//2066 1031//2066
f 842//2067 1037//2067 1031//2067
f 1035//2068 1032//2068 1034//2068
f 1034//2069 1033//2069 1037//2069
f 1036//2070 1037//2070 842//2070
f 1039//2071 1036//2071 842//2071
f 1039//2072 842//2072 844//2072
f 844//2073 1038//2073 1039//2073
f 1036//2074 1472//2074 1037//2074
f 1032//2075 1040//2075 836//2075
f 816//2076 1041//2076 837//2076
f 837//2077 1041//2077 1042//2077
f 1040//2078 1032//2078 1043//2078
f 1043//2079 1032//2079 1035//2079
f 836//2080 1040//2080 816//2080
f 816//2081 1040//2081 1041//2081
f 1043//2082 1042//2082 1041//2082
f 837//2083 1042//2084 1047//2085
f 837//2086 1047//2086 822//2086
f 822//2087 1047//2087 1024//2087
f 1027//2088 1029//2088 1026//2088
f 1045//2089 1027//2089 1024//2089
f 1045//2090 1024//2090 1046//2090
f 1046//2091 1024//2091 1047//2091
f 1040//2092 1043//2092 1041//2092
f 1050//2093 942//2093 944//2093
f 1050//2094 944//2094 1048//2094
f 1048//2095 944//2095 947//2095
f 1048//2096 947//2096 1049//2096
f 1048//2097 1011//2097 1013//2097
f 1011//2098 1049//2098 947//2098
f 1011//2099 947//2099 1010//2099
f 1049//2100 1011//2100 1048//2100
f 1053//2101 942//2101 1052//2101
f 942//2102 1051//2102 1052//2102
f 1053//2103 1052//2103 1212//2103
f 1056//2104 1050//2104 1054//2104
f 1050//2105 1015//2105 1054//2105
f 1055//2106 1056//2106 1054//2106
f 1050//2107 1056//2107 942//2107
f 1015//2108 1050//2108 1013//2108
f 1055//2109 1054//2109 1015//2109
f 1015//2110 1057//2110 1055//2110
f 1055//2111 1059//2111 1056//2111
f 942//2112 1056//2112 1051//2112
f 1052//2113 1051//2113 1058//2113
f 1052//2114 1058//2114 1212//2114
f 1212//2115 1058//2115 1210//2115
f 1058//2116 1051//2116 1056//2116
f 1059//2117 1058//2117 1056//2117
f 1058//2118 1059//2118 1210//2118
f 1062//2119 1059//2119 1055//2119
f 1062//2120 1060//2120 1059//2120
f 1219//2121 1059//2121 1060//2121
f 1015//2122 1061//2122 1057//2122
f 1057//2123 1063//2123 1055//2123
f 1062//2124 1055//2124 1063//2124
f 1057//2125 1061//2125 1063//2125
f 1063//2126 1064//2126 1062//2126
f 1220//2127 1062//2127 1064//2127
f 1062//2128 1220//2128 1060//2128
f 727//2129 728//2129 1065//2129
f 696//2130 727//1657 697//1659
f 1066//2131 727//2131 1065//2131
f 847//2132 848//2132 845//2132
f 845//2133 848//2133 1484//2133
f 845//2134 1484//2134 846//2134
f 846//2135 1484//2135 1067//2135
f 844//2136 846//2136 1067//2136
f 1067//2137 1484//2137 1475//2137
f 1038//2138 844//2138 1068//2138
f 1068//2139 844//2139 1067//2139
f 1068//2140 1067//2140 1475//2140
f 1066//2141 848//2141 727//2141
f 848//2142 1066//2142 1484//2142
f 728//2143 1070//2143 1069//2143
f 728//2144 1069//2144 1072//2144
f 728//2145 1072//2145 1065//2145
f 1071//2146 1066//2146 1065//2146
f 1065//2147 1072//2147 1071//2147
f 1070//2148 728//2148 726//2148
f 726//2149 728//2149 724//2149
f 1073//2150 726//2150 723//2150
f 1073//2151 723//2151 1074//2151
f 1074//2152 723//2152 729//2152
f 729//2153 730//2153 731//2153
f 729//2154 731//2154 1075//2154
f 1075//2155 1074//2155 729//2155
f 1069//2156 1070//2156 1072//2156
f 1073//2157 1070//2157 726//2157
f 1437//2158 1073//2158 1074//2158
f 1432//2159 1074//2159 1075//2159
f 759//2160 730//2160 721//2160
f 731//2161 730//2161 1430//2161
f 639//2162 943//2162 937//2162
f 943//2163 639//2163 946//2163
f 1014//2234 1013//2234 1016//2234
f 1014//2235 1107//2235 1015//2235
f 1050//2236 1048//2236 1013//2236
f 1107//2237 1061//2237 1015//2237
f 1108//2238 1061//2238 1107//2238
f 1110//2239 1061//2239 1108//2239
f 1110//2240 1108//2240 1109//2240
f 1112//2241 1110//2241 1109//2241
f 1110//2242 1112//2242 1116//2242
f 1063//2243 1110//2243 1111//2243
f 1063//2244 1111//2244 1064//2244
f 1063//2245 1061//2245 1110//2245
f 1064//2246 1226//2247 1220//2248
f 1064//2249 1113//2249 1114//2249
f 1226//2250 1064//2250 1114//2250
f 1113//2251 1115//2251 1114//2251
f 1113//2252 1064//2252 1111//2252
f 1113//2253 1111//2253 1116//2253
f 1113//2254 1116//2254 1234//2254
f 1111//2255 1110//2255 1116//2255
f 1117//2256 1109//2256 1108//2256
f 1117//2257 1018//2257 1023//2257
f 1123//2258 1023//2049 1025//2051
f 1123//2259 1118//2259 1023//2259
f 1117//2260 1023//2260 1118//2260
f 1117//2261 1118//2261 1109//2261
f 1124//2262 1118//2262 1123//2262
f 1123//2263 1030//2263 1119//2263
f 1029//2264 1119//2265 1030//2266
f 1124//2267 1125//2267 1118//2267
f 1109//2268 1118//2268 1126//2268
f 1125//2269 1126//2269 1118//2269
f 1127//2270 1126//2270 1125//2270
f 1126//2271 1116//2271 1109//2271
f 1126//2272 1127//2272 1235//2272
f 1128//2273 1125//2273 1124//2273
f 1122//2274 1128//2274 1124//2274
f 1119//2275 1124//2275 1123//2275
f 1121//2276 1122//2276 1119//2276
f 1122//2277 1124//2277 1119//2277
f 1122//2278 1121//2279 1236//2280
f 1236//2280 1121//2279 1129//2281
f 1119//2282 1142//2282 1121//2282
f 1120//2283 1142//2283 1119//2283
f 1120//2284 1119//2265 1029//2264
f 1027//2285 1045//2285 1029//2285
f 1046//2286 1134//2287 1045//2288
f 1045//2289 1134//2289 1131//2289
f 1132//2290 1029//2290 1045//2290
f 1132//2291 1045//2291 1131//2291
f 1130//2292 1134//2287 1046//2286
f 1136//2293 1134//2293 1130//2293
f 1130//2294 1046//2294 1047//2294
f 1664//2295 1047//2295 1137//2295
f 1664//2296 1137//2296 1660//2296
f 1137//2297 1047//2085 1042//2084
f 1137//2298 1042//2299 1043//2300
f 1137//2298 1043//2300 1044//2301
f 1047//2302 1138//2302 1130//2302
f 1136//2303 1130//2303 1138//2303
f 1135//2304 1134//2304 1136//2304
f 1139//2305 1136//2305 1138//2305
f 1135//2306 1131//2306 1134//2306
f 1136//2307 1139//2307 1145//2307
f 1143//2308 1135//2309 1145//2310
f 1145//2310 1135//2309 1136//2311
f 1145//2312 1139//2312 1140//2312
f 1135//2313 1143//2314 1131//2314
f 1133//2315 1131//2314 1143//2314
f 1131//2316 1133//2316 1132//2316
f 1132//2317 1141//2317 1120//2317
f 1141//2318 1132//2318 1133//2318
f 1132//2319 1120//2319 1029//2319
f 1129//2320 1121//2320 1142//2320
f 1150//2321 1141//2321 1133//2321
f 1144//2322 1133//2322 1143//2322
f 1145//2323 1146//2323 1143//2323
f 1143//2324 1146//2324 1147//2324
f 1144//2325 1143//2325 1147//2325
f 1140//2326 1146//2326 1145//2326
f 1140//2327 1148//2327 1156//2327
f 1140//2328 1149//2328 1146//2328
f 1144//2329 1150//2329 1133//2329
f 1147//2330 1151//2330 1144//2330
f 1152//2331 1144//2331 1151//2331
f 1152//2332 1151//2332 1253//2332
f 1246//2333 1153//2333 1152//2333
f 1152//2334 1253//2334 1246//2334
f 1154//2335 1253//2336 1151//2337
f 1151//2338 1147//2338 1155//2338
f 1155//2339 1147//2339 1146//2339
f 1149//2340 1140//2340 1156//2340
f 1157//2341 1156//2341 1148//2341
f 1158//2342 1149//2342 1156//2342
f 1146//2343 1149//2343 1155//2343
f 1149//2344 1158//2344 1155//2344
f 1158//2345 2043//2345 1159//2345
f 1160//2346 1158//2346 1156//2346
f 1160//2347 1156//2347 1157//2347
f 1161//2348 1157//2348 1148//2348
f 1148//2349 1164//2349 1161//2349
f 1160//2350 1157//2350 1161//2350
f 1162//2351 1160//2351 1161//2351
f 1162//2352 1161//2352 1163//2352
f 1163//2353 1161//2353 1164//2353
f 1162//2354 1165//2354 1160//2354
f 1166//2355 1162//2355 1163//2355
f 1171//2356 1163//2356 1164//2356
f 1166//2357 1163//2357 1167//2357
f 1167//2358 1168//2358 1166//2358
f 1169//2359 1167//2359 1170//2359
f 1170//2360 1167//2360 1163//2360
f 1163//2361 1171//2361 1170//2361
f 1167//2362 1169//2362 1172//2362
f 1167//2363 1172//2363 1168//2363
f 1169//2364 1173//2364 1172//2364
f 1162//2365 1166//2365 1896//2365
f 1896//2366 1166//2366 1174//2366
f 1172//2367 1175//2367 1168//2367
f 1166//2368 1168//2369 1175//2370
f 1175//2370 1174//2371 1166//2368
f 1898//2372 1175//2372 1172//2372
f 1173//2373 1176//2373 1172//2373
f 1173//2374 1170//2375 1176//2376
f 1169//2377 1170//2377 1173//2377
f 1170//2375 1181//2378 1176//2376
f 1181//2379 1170//2379 1177//2379
f 1177//2380 1178//2380 1181//2380
f 1177//2381 1179//2381 1178//2381
f 1183//2382 1178//2382 1180//2382
f 1180//2383 1178//2383 1179//2383
f 1183//2384 1181//2384 1178//2384
f 1182//2385 1180//2385 1179//2385
f 1179//2386 2011//2386 1182//2386
f 1183//2387 1180//2387 1182//2387
f 1176//2388 1181//2388 1184//2388
f 1184//2389 1185//2389 1176//2389
f 1193//2390 1181//2390 1183//2390
f 1184//2391 1181//2391 1186//2391
f 1186//2392 1187//2392 1185//2392
f 1186//2393 1185//2393 1184//2393
f 1185//2394 1188//2394 1172//2394
f 1185//2395 1172//2395 1176//2395
f 1188//2396 1185//2396 1189//2396
f 1189//2397 1185//2397 1187//2397
f 1187//2398 1198//2398 1189//2398
f 1190//2399 1189//2399 1198//2399
f 1186//2400 1191//2400 1187//2400
f 1192//2401 1191//2401 1186//2401
f 1186//2402 1193//2402 1192//2402
f 1181//2403 1193//2403 1186//2403
f 1192//2404 1194//2404 1191//2404
f 1196//2405 1197//2405 1198//2405
f 1196//2406 1198//2406 1187//2406
f 1906//2407 1190//2407 1198//2407
f 1199//2408 1906//2408 1198//2408
f 1197//2409 1199//2409 1198//2409
f 1200//2410 1197//2410 1196//2410
f 1207//2411 1199//2411 1197//2411
f 1197//2412 1206//2412 1207//2412
f 1200//2413 1206//2413 1197//2413
f 1200//2414 1196//2414 1201//2414
f 1201//2415 1202//2415 1200//2415
f 1206//2416 1200//2416 1203//2416
f 1203//2417 1200//2417 1204//2417
f 1204//2418 1200//2418 1202//2418
f 1213//2419 1202//2419 1194//2419
f 1194//2420 1202//2420 1201//2420
f 1187//2421 1191//2421 1201//2421
f 1187//2422 1201//2422 1196//2422
f 1191//2423 1194//2423 1201//2423
f 1205//2424 1203//2424 1204//2424
f 1202//2425 1213//2425 1204//2425
f 1206//2426 1203//2426 1208//2426
f 1211//2427 1217//2427 1203//2427
f 1203//2428 1217//2428 1208//2428
f 1206//2429 1208//2429 1207//2429
f 1203//2430 1205//2430 1210//2430
f 1211//2431 1203//2431 1210//2431
f 1212//2432 1210//2432 1209//2432
f 1205//2433 1204//2433 1213//2433
f 1209//2434 1205//2434 1213//2434
f 1213//2435 1215//2435 1209//2435
f 1215//2436 1213//2436 1214//2436
f 1210//2437 1205//2437 1209//2437
f 1211//2438 1216//2438 1217//2438
f 1059//2439 1211//2439 1210//2439
f 1216//2440 1218//2441 1217//2442
f 1218//2441 1216//2440 1219//2443
f 1219//2444 1216//2444 1211//2444
f 1211//2445 1059//2445 1219//2445
f 1220//2446 1219//2446 1060//2446
f 1218//2441 1219//2443 1220//2447
f 1218//2448 1222//2448 1223//2448
f 1224//2449 1222//2449 1218//2449
f 1224//2450 1218//2450 1220//2450
f 1224//2451 1220//2451 1225//2451
f 1226//2452 1114//2452 1227//2452
f 1227//2453 1228//2453 1226//2453
f 1227//2454 1114//2454 1415//2454
f 1115//2455 1415//2455 1114//2455
f 1115//2456 1416//2457 1415//2458
f 1229//2459 1115//2459 1113//2459
f 1234//2460 1229//2460 1113//2460
f 1229//2461 1416//2461 1115//2461
f 1237//2462 1229//2462 1231//2462
f 1229//2463 1234//2463 1230//2463
f 1229//2464 1230//2464 1231//2464
f 1232//2465 1231//2465 1125//2465
f 1125//2466 1231//2466 1127//2466
f 1127//2467 1231//2467 1230//2467
f 1234//2468 1233//2468 1230//2468
f 1235//2469 1234//2469 1116//2469
f 1234//2470 1235//2471 1233//2471
f 1236//2472 1128//2472 1122//2472
f 1125//2473 1128//2473 1232//2473
f 1128//2474 1240//2474 1232//2474
f 1232//2475 1237//2475 1231//2475
f 1232//2476 1239//2476 1237//2476
f 1239//2477 1232//2478 1238//2479
f 1238//2479 1232//2478 1240//2480
f 1242//2481 1238//2481 1240//2481
f 1242//2482 1236//2483 1241//2484
f 1243//2485 1241//2484 1236//2483
f 1242//2486 1240//2486 1128//2486
f 1242//2487 1128//2487 1236//2487
f 1129//2488 1243//2485 1236//2483
f 1129//2489 1246//2489 1243//2489
f 1241//2490 1243//2490 1244//2490
f 1245//2491 1244//2491 1243//2491
f 1247//2492 1244//2492 1245//2492
f 1246//2493 1245//2493 1243//2493
f 1247//2494 1251//2494 1244//2494
f 1244//2495 1248//2495 1249//2495
f 1244//2496 1249//2496 1241//2496
f 1249//2497 1248//2497 1250//2497
f 1449//2498 1250//2498 1248//2498
f 1449//2499 1248//2499 1450//2499
f 1251//2500 1450//2500 1248//2500
f 1251//2501 1248//2501 1244//2501
f 1450//2502 1251//2502 1470//2502
f 1154//2335 1247//2503 1253//2336
f 1247//2504 1245//2504 1253//2504
f 1253//2505 1245//2505 1246//2505
f 1246//2506 1129//2506 1153//2506
f 1142//2507 1120//2507 1141//2507
f 1141//2508 1150//2508 1142//2508
f 1142//2509 1150//2509 1153//2509
f 1142//2510 1153//2510 1129//2510
f 1152//2511 1150//2511 1144//2511
f 1150//2512 1152//2512 1153//2512
f 1235//2516 1116//2516 1126//2516
f 1235//2517 1127//2517 1230//2517
f 1233//2518 1235//2518 1230//2518
f 1112//2519 1109//2519 1116//2519
f 1012//2520 1107//2520 1014//2520
f 1254//2521 888//2521 890//2521
f 889//2522 890//2522 793//2522
f 890//2523 889//2523 1254//2523
f 1255//2524 1254//2524 889//2524
f 863//2532 888//2533 292//2534
f 888//2535 1279//2535 1261//2535
f 888//2533 1261//2536 292//2534
f 292//2534 1261//2536 453//2537
f 1261//2542 1260//2542 453//2542
f 1260//2543 1261//2543 1262//2543
f 1262//2545 1261//2545 1264//2545
f 1278//2575 1263//2575 1262//2575
f 1278//2576 1262//2576 1264//2576
f 1557//2577 1264//2577 1261//2577
f 1261//2578 1280//2579 1557//2580
f 1280//2579 1261//2578 1279//2581
f 1254//2582 1279//2582 888//2582
f 1279//2583 1254//2583 1281//2583
f 1279//2584 1281//2584 1282//2584
f 1283//2585 1281//2585 1254//2586
f 889//2587 891//2587 1255//2587
f 1255//2589 1283//2589 1254//2589
f 1284//2590 1281//2585 1283//2585
f 891//2592 1285//2592 1255//2592
f 1255//2593 1285//2593 1283//2593
f 1284//2594 1286//2594 1281//2594
f 1283//2595 1285//2595 1294//2595
f 1291//2599 1285//2599 1290//2599
f 1291//2600 1290//2601 1293//2602
f 1291//2603 1295//2603 1294//2603
f 1281//2604 1286//2604 1282//2604
f 1282//2605 1296//2605 1279//2605
f 1297//2606 1286//2606 1284//2606
f 1297//2607 1284//2607 1294//2607
f 1297//2608 1294//2608 1298//2608
f 1298//2609 1294//2609 1295//2609
f 1295//2610 1291//2610 1293//2610
f 1293//2602 1290//2601 1292//2611
f 1298//2612 1295//2612 1300//2612
f 1295//2613 1293//2613 1503//2613
f 1300//2614 1299//2615 1502//2616
f 1300//2617 1502//2617 1298//2617
f 1297//2618 1497//2619 1286//2620
f 1302//2621 1297//2621 1298//2621
f 1299//2622 1300//2622 1295//2622
f 1295//2623 1503//2623 1299//2623
f 1301//2624 1293//2624 1292//2624
f 1310//2642 900//2642 1309//2642
f 1309//2643 1322//2643 1310//2643
f 1318//2654 1310//2654 1317//2654
f 1317//2659 1310//2659 1321//2659
f 1322//2660 1321//2660 1310//2660
f 1321//2661 1322//2661 1323//2661
f 1317//2662 1324//2662 1318//2662
f 1325//2663 1317//2663 1321//2663
f 1324//2664 1317//2664 1319//2664
f 1319//2665 1318//2665 1324//2665
f 997//2756 1369//2756 996//2756
f 996//2757 1369//2757 1368//2757
f 1371//2758 1369//2758 997//2758
f 997//2759 1000//2759 1371//2759
f 1000//2760 1370//2760 1371//2760
f 1370//2761 1372//2761 1371//2761
f 1370//2762 1000//2762 1372//2762
f 1000//2765 1369//2765 1372//2765
f 1385//2795 1386//2795 1383//2795
f 1558//2797 1385//2797 1376//2797
f 1412//2852 1414//2852 1411//2852
f 1411//2853 1414//2853 1415//2853
f 1412//2854 1411//2854 1413//2854
f 1413//2855 1411//2855 1416//2855
f 1413//2856 1416//2856 1418//2856
f 1416//2857 1229//2857 1418//2857
f 1229//2858 1419//2858 1418//2858
f 1413//2859 1414//2859 1412//2859
f 1411//2860 1415//2458 1416//2457
f 1227//2861 1413//2861 1228//2861
f 1413//2862 1418//2862 1228//2862
f 1418//2863 1225//2863 1228//2863
f 1225//2864 1220//2248 1226//2247
f 1225//2865 1226//2865 1228//2865
f 1418//2866 1419//2866 1225//2866
f 1227//2867 1414//2867 1413//2867
f 1227//2868 1415//2868 1414//2868
f 754//2869 582//2869 736//2869
f 736//2870 1420//2870 754//2870
f 1421//2871 736//2871 753//2871
f 1422//2872 1421//2872 753//2872
f 736//2873 1421//2874 1420//2875
f 1420//2876 761//2876 754//2876
f 1421//2874 761//2877 1420//2875
f 1424//2878 760//2879 761//2880
f 761//2880 1423//2881 1424//2878
f 1423//2882 1425//2882 1424//2882
f 758//2883 760//2883 1426//2883
f 1426//2884 760//2884 1424//2884
f 1426//2885 1424//2885 1427//2885
f 1428//2886 1426//2886 1429//2886
f 1429//2887 1426//2887 1427//2887
f 758//2888 1426//2888 1428//2888
f 758//2889 1428//2889 759//2889
f 730//2890 759//2890 1428//2890
f 730//2891 1428//2891 1430//2891
f 1429//2892 1430//2892 1428//2892
f 1429//2893 1435//2893 1430//2893
f 1430//2894 1435//2894 731//2894
f 731//2895 1435//2895 1434//2895
f 731//2896 1431//2896 1075//2896
f 1431//2897 731//2897 1434//2897
f 1437//2898 1074//2898 1432//2898
f 1434//2899 1435//2899 1444//2899
f 1431//2900 1434//2900 1433//2900
f 1075//2901 1431//2901 1432//2901
f 1073//2902 1437//2902 1070//2902
f 1070//2903 1486//2903 1072//2903
f 1486//2904 1070//2904 1437//2904
f 1432//2905 1431//2905 1433//2905
f 1487//2906 1437//2906 1432//2906
f 1433//2907 1438//2907 1432//2907
f 1439//2908 1438//2908 1440//2908
f 1442//2909 1440//2909 1438//2909
f 1442//2910 1438//2910 1433//2910
f 1440//2911 1442//2911 1441//2911
f 1444//2912 1436//2912 1434//2912
f 941//2914 1053//2914 1447//2914
f 941//2915 1447//2915 939//2915
f 898//2916 899//2916 1445//2916
f 1445//2917 1446//2917 898//2917
f 1447//2918 1445//2918 899//2918
f 899//2919 940//2919 1447//2919
f 1456//2920 1239//2920 1238//2920
f 1454//2921 1250//2921 1448//2921
f 1250//2922 1455//2922 1249//2922
f 1448//2923 1250//2923 1449//2923
f 1451//2924 1448//2924 1449//2924
f 1450//2925 1469//2925 1451//2925
f 1450//2926 1451//2926 1449//2926
f 1448//2927 1452//2927 1462//2927
f 1448//2928 1462//2928 1454//2928
f 1462//2929 1453//2929 1454//2929
f 1457//2930 1456//2930 1453//2930
f 1453//2931 1456//2931 1454//2931
f 1456//2932 1455//2932 1454//2932
f 1242//2933 1455//2933 1456//2933
f 1238//2934 1242//2934 1456//2934
f 1456//2935 1457//2935 1239//2935
f 1237//2936 1239//2937 1457//2938
f 1460//2939 1459//2939 1457//2939
f 1459//2940 1460//2940 1458//2940
f 1459//2941 1229//2941 1237//2941
f 1417//2942 1229//2942 1459//2942
f 1417//2943 1459//2943 1458//2943
f 1457//2944 1461//2944 1460//2944
f 1460//2945 1463//2946 1458//2947
f 1462//2948 1461//2948 1457//2948
f 1462//2949 1457//2949 1453//2949
f 1461//2950 1463//2950 1460//2950
f 1625//2951 1458//2947 1463//2946
f 1458//2952 1625//2952 1417//2952
f 1464//2953 1625//2953 1463//2953
f 1452//2954 1461//2954 1462//2954
f 1461//2955 1452//2955 1466//2955
f 1464//2956 1463//2956 1461//2956
f 1465//2957 1461//2957 1466//2957
f 1448//2958 1451//2958 1466//2958
f 1448//2959 1466//2959 1452//2959
f 1466//2960 1451//2960 1467//2960
f 1465//2961 1464//2961 1461//2961
f 1468//2962 1465//2962 1466//2962
f 1466//2963 1467//2963 1468//2963
f 1467//2964 1469//2964 1468//2964
f 1451//2965 1469//2965 1467//2965
f 1470//2966 1468//2966 1469//2966
f 1043//2967 1035//2967 1034//2968
f 1039//2969 1472//2969 1036//2969
f 1472//2970 1034//2971 1037//2972
f 1034//2973 1471//2974 1043//2975
f 1043//2975 1471//2974 1044//2976
f 1471//2977 1034//2971 1472//2970
f 1477//2978 1039//2978 1038//2978
f 1474//2979 1068//2979 1475//2979
f 1038//2980 1068//2980 1474//2980
f 1477//2981 1038//2981 1476//2981
f 1476//2982 1038//2982 1474//2982
f 1039//2983 1477//2983 1472//2983
f 1478//2984 1471//2984 1472//2984
f 1479//2985 1478//2985 1472//2985
f 1478//2986 1473//2986 1471//2986
f 1480//2987 1478//2987 1479//2987
f 1471//2988 1473//2988 1044//2988
f 1473//2989 1478//2989 1480//2989
f 1479//2990 1472//2990 1477//2990
f 1483//2991 1477//2991 1476//2991
f 1481//2992 1474//2992 1475//2992
f 1481//2993 1476//2993 1474//2993
f 1481//2994 1475//2994 1482//2994
f 1483//2995 1476//2995 1481//2995
f 1484//2996 1482//2996 1475//2996
f 1485//2997 1484//2997 1066//2997
f 1485//2998 1066//2998 1071//2998
f 1486//2999 1071//2999 1072//2999
f 1071//3000 1486//3000 1781//3000
f 1484//3001 1485//3001 1489//3001
f 1810//3002 1484//3002 1489//3002
f 1484//3003 1810//3003 1482//3003
f 1479//3004 1477//3004 1488//3004
f 1835//3005 1479//3005 1488//3005
f 1477//3006 1483//3006 1488//3006
f 1483//3007 1481//3007 1482//3007
f 1071//3008 1489//3008 1485//3008
f 1447//3009 620//3009 939//3009
f 1490//3010 1053//3010 1491//3010
f 1491//3011 1053//3011 1212//3011
f 1215//3012 1212//3012 1209//3012
f 1491//3013 1212//3013 1215//3013
f 1492//3014 1490//3014 1491//3014
f 1490//3015 1492//3015 1445//3015
f 1459//3016 1237//2936 1457//2938
f 1296//3018 1280//3018 1279//3018
f 1493//3019 1296//3019 1494//3019
f 1494//3020 1495//3020 1493//3020
f 1494//3021 1496//3021 1495//3021
f 1497//3022 1495//3023 1496//3024
f 1496//3025 1494//3025 1499//3025
f 1501//3026 1498//3026 1496//3026
f 1499//3027 1501//3027 1496//3027
f 1501//3028 1499//3028 1500//3028
f 1494//3029 1500//3029 1499//3030
f 1494//3031 1296//3031 1282//3031
f 1297//3032 1302//3032 1497//3032
f 1497//3033 1302//3033 1264//3033
f 1502//3034 1560//3034 1559//3034
f 1502//3035 1559//3035 1298//3035
f 1560//3036 1502//3036 1504//3036
f 1502//3037 1505//3037 1568//3037
f 1505//3038 1502//2616 1299//2615
f 753//3076 749//3076 752//3076
f 753//3077 752//3077 1422//3077
f 1422//3079 752//3079 1531//3079
f 761//3080 1421//3080 1534//3080
f 1534//3081 1421//3082 1422//3083
f 1531//3084 1535//3084 1422//3084
f 1535//3085 1534//3081 1422//3083
f 1535//3086 1536//3086 1534//3086
f 1536//3087 1535//3087 1531//3087
f 1538//3088 1531//3089 1537//3090
f 1540//3091 761//3091 1534//3091
f 1540//3092 1534//3092 1536//3092
f 1423//3093 1540//3093 1425//3093
f 1540//3094 1536//3095 1538//3096
f 1539//3097 1540//3094 1538//3096
f 1536//3098 1531//3098 1538//3098
f 1539//3099 1538//3088 1537//3090
f 1537//3100 1531//3100 1533//3100
f 1537//3102 1542//3102 2012//3102
f 1537//3103 2012//3103 1539//3103
f 1543//3104 1542//3104 1537//3104
f 1547//3105 1537//3106 1541//3107
f 1547//3117 1544//3117 1545//3117
f 1994//3120 1546//3120 1545//3120
f 1545//3121 1546//3121 1547//3121
f 1547//3122 1546//3122 1548//3122
f 1548//3123 1549//3123 1547//3123
f 1492//3124 1446//3124 1445//3124
f 1446//3125 1492//3125 1751//3125
f 1491//3126 1550//3126 1492//3126
f 1551//3127 1751//3127 1492//3127
f 1552//3128 1550//3128 1491//3128
f 1215//3129 1214//3129 1491//3129
f 1552//3130 1491//3130 1214//3130
f 1552//3131 1551//3131 1550//3131
f 1214//3132 1553//3132 1552//3132
f 1554//3133 1213//3133 1194//3133
f 1214//3134 1213//3134 1554//3134
f 1195//3135 1194//3135 1192//3135
f 1555//3136 1553//3136 1556//3136
f 1556//3137 1553//3137 1554//3137
f 1553//3138 1214//3138 1554//3138
f 1280//3139 1296//3139 1557//3139
f 1296//3140 1493//3140 1557//3140
f 1278//3141 1558//3141 1376//3141
f 1386//3142 1385//3142 1576//3142
f 2024//3143 1386//3144 1576//3145
f 1558//3146 1576//3146 1385//3146
f 1559//3147 1558//3147 1278//3147
f 1298//3148 1559//3148 1278//3148
f 1302//3149 1278//3149 1264//3149
f 1298//3150 1278//3150 1302//3150
f 1562//3151 1561//3151 1504//3151
f 1504//3152 1561//3152 1560//3152
f 1568//3153 1504//3153 1502//3153
f 1299//3154 1503//3154 1505//3154
f 1503//3155 1293//3155 1563//3155
f 1563//3156 1293//3156 1301//3156
f 1504//3162 1568//3162 1566//3162
f 1504//3163 1566//3163 1562//3163
f 1562//3164 1566//3164 1567//3164
f 1568//3165 1567//3165 1566//3165
f 1386//3176 1562//3176 1567//3176
f 1386//3177 1567//3177 1383//3177
f 1575//3178 2024//3143 1576//3145
f 1559//3179 1560//3179 1561//3179
f 1561//3180 1576//3180 1559//3180
f 1576//3181 1561//3181 1577//3181
f 1576//3182 1577//3183 1575//3184
f 1577//3185 1561//3185 1562//3185
f 1578//3186 1575//3184 1577//3183
f 1575//3187 1578//3187 1579//3187
f 1581//3188 1580//3188 1578//3188
f 1578//3189 1577//3189 2025//3189
f 2025//3190 1577//3190 1562//3190
f 620//3191 1447//3191 940//3191
f 1445//3192 1447//3192 1053//3192
f 1445//3193 1053//3193 1490//3193
f 1371//3283 1372//3283 1369//3283
f 1455//3289 1242//3289 1241//3289
f 1455//3290 1250//3290 1454//3290
f 1455//3291 1241//3291 1249//3291
f 1419//3293 1229//3293 1417//3293
f 1417//3294 1625//3294 1626//3294
f 1417//3295 1626//3295 1419//3295
f 1626//3296 1627//3296 1419//3296
f 1625//3297 1630//3297 1626//3297
f 1225//3298 1419//3298 1627//3298
f 1225//3299 1627//3299 1630//3299
f 1629//3300 1225//3300 1630//3300
f 1225//3301 1629//3301 1224//3301
f 1629//3302 1631//3302 1224//3302
f 1630//3303 1627//3303 1626//3303
f 1630//3304 1633//3304 1629//3304
f 1629//3305 1633//3305 1632//3305
f 1901//3306 1632//3306 1633//3306
f 1629//3307 1632//3307 1635//3307
f 1632//3308 1900//3308 1635//3308
f 1635//3309 1638//3309 1637//3309
f 1635//3310 1899//3310 1638//3310
f 1638//3311 1223//3311 1222//3311
f 1638//3312 1222//3312 1224//3312
f 1638//3313 1224//3313 1631//3313
f 1631//3314 1629//3314 1634//3314
f 1631//3315 1634//3315 1639//3315
f 1631//3316 1639//3316 1638//3316
f 1639//3317 1637//3317 1638//3317
f 1634//3318 1629//3318 1635//3318
f 1637//3319 1639//3319 1634//3319
f 1637//3320 1634//3320 1635//3320
f 1557//3336 1493//3336 1264//3336
f 1497//3337 1264//3337 1493//3337
f 1493//3338 1495//3023 1497//3022
f 1498//3339 1497//3022 1496//3024
f 1494//3029 1282//3340 1500//3029
f 1282//3341 1286//2620 1497//2619
f 1282//3342 1497//3343 1498//3344
f 1282//3342 1498//3344 1500//3345
f 1645//3347 996//3347 1368//3347
f 1322//3377 1309//3378 900//3379
f 1323//3380 1322//3380 900//3380
f 1323//3381 900//3381 896//3381
f 1480//3382 1661//3382 1473//3382
f 1044//3383 1473//3383 1660//3383
f 1660//3384 1473//3384 1661//3384
f 1662//3385 1480//3385 1479//3385
f 1830//3386 1479//3386 1835//3386
f 1830//3387 1663//3387 1479//3387
f 1479//3388 1663//3388 1662//3388
f 1662//3389 1664//3389 1660//3389
f 1661//3390 1480//3390 1662//3390
f 1661//3391 1662//3391 1660//3391
f 1137//3392 1044//3392 1660//3392
f 1283//3393 1294//3393 1284//3393
f 1294//3394 1285//3394 1291//3394
f 1500//3345 1498//3344 1501//3461
f 1423//3503 761//3503 1540//3503
f 1321//3603 1323//3603 1753//3603
f 1323//3604 896//3604 897//3604
f 1551//3605 1492//3605 1550//3605
f 1552//3606 1752//3606 1551//3606
f 1446//3607 1751//3607 1749//3607
f 1446//3608 1749//3608 897//3608
f 897//3609 1749//3609 1323//3609
f 1750//3610 1749//3610 1751//3610
f 1755//3611 1751//3611 1551//3611
f 1551//3612 1752//3612 1755//3612
f 1751//3613 1755//3613 1750//3613
f 1754//3614 1755//3614 1752//3614
f 1748//3615 1552//3615 1553//3615
f 1552//3616 1748//3616 1754//3616
f 1552//3617 1754//3617 1752//3617
f 1749//3618 1750//3618 1753//3618
f 1750//3619 1756//3619 1753//3619
f 1758//3620 1756//3620 1750//3620
f 1757//3621 1756//3621 1758//3621
f 1758//3622 1750//3622 1755//3622
f 1761//3623 1759//3623 1760//3623
f 1760//3624 1759//3624 1762//3624
f 1759//3625 1755//3625 1754//3625
f 1759//3626 1754//3626 1762//3626
f 1762//3627 1754//3627 1748//3627
f 1763//3628 1762//3628 1748//3628
f 1555//3629 1748//3630 1553//3631
f 1194//3632 1556//3632 1554//3632
f 1195//3633 1556//3633 1194//3633
f 2031//3634 1195//3634 1764//3634
f 1195//3635 2031//3635 1556//3635
f 1192//3636 1764//3636 1195//3636
f 1764//3637 1192//3637 2034//3637
f 1183//3638 1192//3638 1193//3638
f 1779//3683 1778//3683 1487//3683
f 1779//3684 1487//3684 1432//3684
f 1779//3685 1780//3685 1778//3685
f 1778//3686 1437//3686 1487//3686
f 1437//3687 1783//3687 1486//3687
f 1781//3688 1486//3688 1782//3688
f 1486//3689 1783//3689 1782//3689
f 1782//3690 1783//3690 1784//3690
f 1783//3691 1437//3691 1778//3691
f 1778//3692 1789//3692 1783//3692
f 1785//3693 1778//3693 1780//3693
f 1780//3694 1432//3694 1785//3694
f 1432//3695 1780//3695 1779//3695
f 1439//3696 1432//3696 1438//3696
f 1432//3697 1439//3698 1785//3699
f 1439//3700 1786//3700 1795//3700
f 1439//3698 1795//3701 1785//3699
f 1795//3702 1778//3702 1785//3702
f 1795//3703 1788//3703 1778//3703
f 1788//3704 1795//3704 1786//3704
f 1787//3705 1789//3705 1778//3705
f 1787//3706 1778//3706 1788//3706
f 1783//3707 1789//3707 1784//3707
f 1782//3708 1784//3708 1790//3708
f 1782//3709 1791//3709 1781//3709
f 1071//3710 1781//3710 1792//3710
f 1813//3711 1792//3711 1781//3711
f 1782//3712 1790//3712 1791//3712
f 1790//3713 1784//3713 1789//3713
f 1781//3714 1791//3714 1813//3714
f 1793//3715 1813//3715 1791//3715
f 1791//3716 1789//3716 1787//3716
f 1789//3717 1791//3717 1790//3717
f 1794//3718 1791//3718 1787//3718
f 1424//3720 1425//3720 1808//3720
f 1796//3721 1427//3721 1424//3721
f 1427//3722 1796//3722 1429//3722
f 1429//3723 1444//3723 1435//3723
f 1806//3724 1444//3724 1429//3724
f 1444//3725 1797//3725 1436//3725
f 1798//3726 1436//3726 1797//3726
f 1434//3727 1436//3727 1433//3727
f 1433//3728 1436//3728 1443//3728
f 1443//3729 1436//3729 1798//3729
f 1433//3730 1443//3730 1442//3730
f 1441//3731 1442//3731 1443//3731
f 1443//3732 1798//3732 1799//3732
f 1441//3733 1443//3733 1800//3733
f 1803//3734 1804//3734 1802//3734
f 1807//3735 1804//3735 1803//3735
f 1805//3736 1803//3736 1806//3736
f 1806//3737 1803//3737 1802//3737
f 1806//3738 1802//3738 1797//3738
f 1807//3739 1803//3740 1805//3741
f 1797//3742 1802//3742 1998//3742
f 1425//3743 1804//3743 1807//3743
f 1425//3744 1807//3744 1808//3744
f 1808//3745 1807//3739 1805//3741
f 1796//3746 1805//3746 1806//3746
f 1797//3747 1444//3747 1806//3747
f 1796//3748 1806//3748 1429//3748
f 1796//3749 1424//3749 1808//3749
f 1805//3750 1796//3750 1808//3750
f 1489//3756 1071//3756 1792//3756
f 1810//3757 1489//3757 1792//3757
f 1792//3758 1811//3758 1810//3758
f 1811//3759 1483//3759 1810//3759
f 1810//3760 1483//3760 1482//3760
f 1793//3761 1791//3761 1843//3761
f 1843//3762 1791//3762 1814//3762
f 1815//3763 1791//3763 1794//3763
f 1439//3764 1440//3764 1786//3764
f 1816//3765 1786//3765 1440//3765
f 1440//3766 2008//3766 1816//3766
f 1786//3767 1816//3767 1788//3767
f 1817//3768 1815//3768 1794//3768
f 1815//3769 1814//3769 1791//3769
f 1794//3770 2030//3770 2029//3770
f 2030//3771 1794//3771 1787//3771
f 2030//3772 1787//3772 1818//3772
f 1787//3773 1788//3773 1818//3773
f 1818//3774 1788//3774 1816//3774
f 2009//3775 1440//3775 1823//3775
f 1800//3776 1819//3776 1820//3776
f 1799//3777 1800//3777 1443//3777
f 1800//3778 1799//3778 1819//3778
f 1801//3779 1798//3780 1797//3781
f 1798//3782 1801//3782 1799//3782
f 1799//3783 1825//3783 1819//3783
f 1821//3784 1820//3784 1819//3784
f 1821//3785 1822//3785 1820//3785
f 1820//3786 1823//3786 1800//3786
f 1820//3787 1822//3787 1823//3787
f 1823//3788 1822//3789 2009//3790
f 1800//3791 1823//3792 1441//3793
f 1440//3794 1441//3793 1823//3792
f 1826//3795 1819//3795 1825//3795
f 1819//3796 1826//3796 1824//3796
f 1824//3797 1827//3797 1819//3797
f 1819//3798 1827//3798 1821//3798
f 1829//3799 1826//3799 1825//3799
f 1829//3800 1825//3800 1975//3800
f 1831//3801 1663//3801 1830//3801
f 1793//3802 1831//3802 1832//3802
f 1831//3803 1830//3803 1832//3803
f 1833//3804 1832//3804 1830//3804
f 1833//3805 1830//3805 1834//3805
f 1812//3806 1488//3806 1483//3806
f 1483//3807 1811//3807 1812//3807
f 1811//3808 1792//3808 1813//3808
f 1833//3809 1811//3809 1813//3809
f 1833//3810 1834//3810 1811//3810
f 1811//3811 1834//3811 1812//3811
f 1812//3812 1835//3812 1488//3812
f 1830//3813 1835//3813 1834//3813
f 1832//3814 1833//3814 1793//3814
f 1793//3815 1833//3815 1813//3815
f 1793//3816 1841//3816 1831//3816
f 1841//3817 1837//3817 1831//3817
f 1662//3818 1663//3818 1664//3818
f 1836//3819 1664//3819 1663//3819
f 1836//3820 1663//3820 1831//3820
f 1664//3821 1836//3821 1047//3821
f 1831//3822 1837//3822 1836//3822
f 1047//3823 1838//3823 1138//3823
f 1838//3824 1047//3824 1839//3824
f 1047//3825 1836//3825 1839//3825
f 1839//3826 1836//3826 1837//3826
f 1839//3827 1837//3827 1840//3827
f 1841//3828 1843//3828 1842//3828
f 2028//3829 1837//3829 1841//3829
f 1843//3830 1841//3830 1793//3830
f 1464//3932 1886//3932 1625//3932
f 1628//3933 1625//3933 1886//3933
f 1913//3934 1887//3934 1464//3934
f 1913//3935 1464//3935 1465//3935
f 1468//3936 1913//3936 1465//3936
f 1468//3937 1892//3937 1914//3937
f 1468//3938 1470//3938 1892//3938
f 1450//3939 1470//3939 1469//3939
f 1251//3940 1888//3940 1470//3940
f 1889//3941 1892//3941 1470//3941
f 1888//3942 1889//3942 1470//3942
f 1889//3943 1891//3943 1892//3943
f 1889//3944 1894//3944 1891//3944
f 1891//3945 1894//3945 1893//3945
f 1891//3946 1893//3946 1916//3946
f 1889//3947 1888//3947 1890//3947
f 1252//3948 1888//3948 1247//3948
f 1247//3949 1888//3949 1251//3949
f 1252//3950 1247//3950 1154//3950
f 1155//3951 1158//3951 1159//3951
f 1151//3952 1155//3952 1159//3952
f 1159//3953 1154//3954 1151//3955
f 1154//3954 1159//3953 1895//3956
f 1895//3957 1159//3957 2043//3957
f 2043//3958 1158//3958 2041//3958
f 2041//3959 1158//3959 1165//3959
f 1165//3960 1158//3960 1160//3960
f 1896//3961 1174//3961 1897//3961
f 2078//3962 1174//3962 1175//3962
f 2078//3963 1175//3963 1898//3963
f 1898//3964 1172//3964 1188//3964
f 1223//3965 1221//3966 1218//3967
f 1221//3966 1223//3965 1899//3968
f 1223//3969 1638//3969 1899//3969
f 1632//3970 1901//3970 1636//3970
f 1632//3971 1636//3971 1900//3971
f 1636//3972 1904//3972 1899//3972
f 1636//3973 1899//3973 1900//3973
f 1899//3974 1902//3974 1221//3974
f 1903//3975 1902//3975 1899//3975
f 1904//3976 1903//3976 1899//3976
f 1905//3977 1904//3977 1636//3977
f 1905//3978 1636//3978 1901//3978
f 2068//3979 1906//3979 1902//3979
f 1221//3980 1902//3980 1207//3980
f 1199//3981 1207//3981 1902//3981
f 1906//3982 1199//3982 1902//3982
f 1902//3983 1903//3984 1907//3983
f 1908//3985 2065//3985 1905//3985
f 1905//3986 2065//3986 2049//3986
f 1905//3987 2049//3987 1909//3987
f 1905//3988 1909//3988 1904//3988
f 1633//3990 1630//3990 1625//3990
f 1633//3991 1625//3991 1628//3991
f 1901//3992 1633//3993 1628//3994
f 1901//3992 1628//3994 1910//3995
f 1901//3996 1910//3996 2048//3996
f 1886//3997 1910//3997 1628//3997
f 1911//3998 1886//3998 1887//3998
f 1887//3999 1886//3999 1464//3999
f 1886//4000 1911//4000 1910//4000
f 1914//4001 1913//4001 1468//4001
f 1887//4002 2047//4002 1911//4002
f 2048//4003 1911//4003 1912//4003
f 1910//4004 1911//4004 2048//4004
f 2047//4005 1887//4005 1913//4005
f 1914//4006 1916//4006 1913//4006
f 1915//4007 1913//4007 1916//4007
f 2047//4008 1913//4008 1915//4008
f 1914//4009 1892//4009 1916//4009
f 1558//4010 1559//4010 1576//4010
f 1571//4011 1505//4011 1503//4011
f 1218//4087 1208//4087 1217//4087
f 1221//4088 1207//4089 1208//4090
f 1218//4091 1221//4088 1208//4090
f 1749//4103 1753//4103 1323//4103
f 1835//4110 1812//4110 1834//4110
f 1973//4152 1972//4152 1974//4152
f 1980//4153 1975//4153 1973//4153
f 1975//4154 1972//4154 1973//4154
f 1987//4155 1972//4155 1975//4155
f 1972//4156 1976//4156 1974//4156
f 1977//4157 1974//4157 1976//4157
f 1974//4158 1977//4158 1515//4158
f 1994//4159 1976//4159 1985//4160
f 1976//4159 1994//4159 1977//4161
f 1515//4165 1512//4165 1974//4165
f 1974//4166 1512//4166 1325//4166
f 1325//4167 1512//4167 1319//4167
f 1319//4168 1317//4168 1325//4168
f 1325//4169 1321//4170 1753//4171
f 1978//4172 1974//4172 1325//4172
f 1978//4173 1325//4169 1753//4171
f 1979//4174 1974//4174 1978//4174
f 1974//4175 1980//4175 1973//4175
f 1975//4176 1980//4176 1829//4176
f 1979//4177 1980//4178 1974//4179
f 1829//4180 1980//4178 1979//4177
f 1978//4181 1753//4181 1756//4181
f 1758//4182 1755//4183 1981//4184
f 1757//4185 1758//4185 1981//4185
f 1759//4186 1981//4184 1755//4183
f 1759//4187 1978//4187 1981//4187
f 1757//4188 1981//4188 1756//4188
f 1756//4189 1981//4189 1978//4189
f 1982//4190 1978//4190 1759//4190
f 1979//4191 1978//4191 1982//4191
f 1979//4192 1982//4192 1983//4192
f 1979//4193 1983//4193 1826//4193
f 1979//4194 1826//4194 1829//4194
f 1827//4195 1983//4195 1828//4195
f 1826//4196 1983//4196 1827//4196
f 1826//4197 1827//4197 1824//4197
f 1972//4211 1985//4211 1976//4211
f 1972//4212 1987//4212 1985//4212
f 1988//4213 1985//4213 1987//4213
f 1988//4214 1989//4214 1985//4214
f 2000//4215 1989//4215 1988//4215
f 1986//4216 1985//4216 1990//4216
f 1990//4217 1995//4217 1986//4217
f 1989//4218 1990//4218 1985//4218
f 1993//4219 1989//4219 2000//4219
f 1989//4220 1993//4220 1990//4220
f 1990//4221 1992//4221 1991//4221
f 1990//4222 1991//4222 1995//4222
f 1994//4223 1985//4223 1986//4223
f 1986//4224 1995//4224 1994//4224
f 1991//4225 1992//4225 2039//4225
f 1993//4226 1992//4226 1990//4226
f 1993//4227 1997//4227 1996//4227
f 1546//4228 1993//4228 1996//4228
f 1993//4229 1546//4229 1992//4229
f 1996//4230 1997//4230 1548//4230
f 1548//4231 1546//4231 1996//4231
f 1975//4232 1988//4232 1987//4232
f 1825//4233 1799//4233 1975//4233
f 1975//4234 1998//4234 1988//4234
f 1975//4235 1801//4235 1998//4235
f 1999//4236 1993//4236 2000//4236
f 1993//4237 1999//4237 1997//4237
f 1999//4238 2000//4238 2013//4238
f 2000//4239 1988//4239 1998//4239
f 2013//4240 2000//4241 1802//4242
f 1802//4243 2000//4243 1998//4243
f 1797//3781 1998//4244 1801//3779
f 1801//4245 1975//4245 1799//4245
f 1138//4246 1838//4246 1139//4246
f 1838//4247 2001//4247 1139//4247
f 2002//4248 1139//4248 2001//4248
f 1140//4249 1139//4249 1148//4249
f 1148//4250 1139//4250 2002//4250
f 1148//4251 2003//4251 1164//4251
f 1148//4252 2002//4252 2003//4252
f 1164//4253 2003//4253 1171//4253
f 1838//4254 2004//4254 2001//4254
f 2003//4255 2001//4255 2004//4255
f 2001//4256 2003//4256 2002//4256
f 2003//4257 2004//4257 1171//4257
f 1171//4258 1177//4258 1170//4258
f 2006//4259 2005//4259 1177//4259
f 2006//4260 1177//4260 1171//4260
f 1177//4261 2005//4261 1179//4261
f 2006//4262 1171//4262 2004//4262
f 2004//4263 1838//4263 1839//4263
f 2007//4264 2006//4264 2004//4264
f 2007//4265 2004//4265 2027//4265
f 2011//4266 1179//4266 2005//4266
f 2006//4267 2007//4267 2005//4267
f 2005//4268 2008//4268 2009//4268
f 2005//4269 2009//4269 2011//4269
f 2010//4270 1182//4270 2011//4270
f 1822//4271 2010//4271 2011//4271
f 1822//3789 2011//4272 2009//3790
f 1822//4273 1821//4273 1828//4273
f 1827//4274 1828//4274 1821//4274
f 1822//4275 1828//4275 2033//4275
f 1425//4276 1540//4276 1539//4276
f 1425//4277 1539//4277 2012//4277
f 2021//4278 1542//4278 1543//4278
f 2021//4279 1543//4279 2013//4279
f 2014//4280 1543//4281 1549//4282
f 1549//4283 1543//4283 1537//4283
f 1549//4284 1537//4284 1547//4284
f 1543//4285 2014//4285 1999//4285
f 2013//4286 1543//4286 1999//4286
f 1548//4287 2014//4280 1549//4282
f 2014//4288 1548//4288 1997//4288
f 1999//4289 2014//4289 1997//4289
f 1802//4242 1804//4307 2013//4240
f 2013//4308 1804//4308 2021//4308
f 1542//4309 2021//4309 2012//4309
f 2012//4310 1804//4310 1425//4310
f 2021//4311 1804//4311 2012//4311
f 2025//4329 1562//4329 1386//4329
f 1386//4330 2024//4330 2025//4330
f 2025//4331 2024//4332 1581//4333
f 1581//4334 1578//4334 2025//4334
f 1839//4338 2027//4338 2004//4338
f 2027//4339 1839//4339 1840//4339
f 2008//4340 2005//4340 2007//4340
f 2007//4341 2027//4341 2008//4341
f 1840//4342 2008//4342 2027//4342
f 2028//4343 1840//4343 1837//4343
f 2028//4344 1841//4344 1842//4344
f 2029//4345 1842//4346 1843//4347
f 1814//4348 2029//4348 1843//4348
f 1815//4349 1817//4349 1814//4349
f 1817//4350 1794//4350 2029//4350
f 1842//4346 2029//4345 2030//4351
f 2030//4352 2008//4352 1842//4352
f 2028//4353 1842//4353 2008//4353
f 2008//4354 1840//4354 2028//4354
f 1762//4356 1763//4356 1760//4356
f 1763//4357 1748//4357 1760//4357
f 1759//4358 1761//4359 1983//4360
f 1759//4358 1983//4360 1982//4361
f 2031//4362 1555//4362 1556//4362
f 1555//4363 2034//4363 1761//4363
f 1555//3629 1761//4364 1748//3630
f 1748//4365 1761//4365 1760//4365
f 2032//4366 1983//4366 1761//4366
f 2032//4367 1828//4367 1983//4367
f 1828//4368 2032//4368 2033//4368
f 2010//4369 1822//4369 2033//4369
f 1183//4370 2034//4370 1192//4370
f 1555//4371 2031//4371 1764//4371
f 1555//4372 1764//4372 2034//4372
f 1761//4373 2034//4373 2032//4373
f 2010//4374 2034//4374 1182//4374
f 1183//4375 1182//4375 2034//4375
f 2010//4376 2032//4376 2034//4376
f 1895//4377 2040//4377 1154//4377
f 1252//4378 1154//4378 2040//4378
f 2040//4379 1895//4379 2043//4379
f 1165//4380 1162//4380 1896//4380
f 1896//4381 1897//4381 2036//4381
f 1165//4382 1896//4382 2035//4382
f 1896//4383 2037//4383 2035//4383
f 2038//4384 2041//4384 1165//4384
f 2035//4385 2038//4385 1165//4385
f 1995//4386 1991//4386 2039//4386
f 1994//4387 1995//4387 1546//4387
f 1546//4388 1995//4388 2039//4388
f 1992//4389 1546//4389 2039//4389
f 1888//4390 1252//4390 2040//4390
f 1888//4391 2040//4391 1890//4391
f 1894//4392 1889//4392 1890//4392
f 2042//4393 1890//4393 2041//4393
f 2041//4394 1890//4394 2040//4394
f 2043//4395 2041//4395 2040//4395
f 2041//4396 2038//4396 2042//4396
f 2042//4397 2038//4397 2044//4397
f 2045//4398 1890//4398 2042//4398
f 1890//4399 2045//4399 1894//4399
f 2042//4400 2076//4400 2045//4400
f 1894//4401 2045//4401 1893//4401
f 1893//4402 2045//4402 2046//4402
f 1891//4403 1916//4403 1892//4403
f 1893//4404 2046//4404 1916//4404
f 1916//4405 2046//4405 1915//4405
f 1915//4406 2064//4407 2047//4408
f 1911//4409 2064//4409 1912//4409
f 2048//4410 1905//4410 1901//4410
f 2049//4411 2050//4411 1909//4411
f 2049//4412 2065//4412 2050//4412
f 1909//4413 1907//4413 1903//4413
f 1903//4414 1904//4414 1909//4414
f 1814//4417 1817//4417 2052//4417
f 2029//4418 1814//4418 2052//4418
f 1817//4419 2029//4419 2052//4419
f 1816//4436 2008//4436 1818//4436
f 1818//4437 2008//4437 2030//4437
f 1635//4438 1900//4438 1899//4438
f 2010//4440 2033//4440 2032//4440
f 1440//4441 2009//4441 2008//4441
f 1575//4447 2063//4447 2024//4447
f 2063//4448 1581//4333 2024//4332
f 1575//4449 1579//4449 2063//4449
f 1581//4450 2063//4450 1580//4450
f 1578//4451 1580//4451 1579//4451
f 2063//4452 1579//4452 1580//4452
f 1905//4453 2048//4453 1908//4453
f 1912//4454 1908//4454 2048//4454
f 1908//4455 1912//4455 2064//4455
f 2047//4408 2064//4407 1911//4456
f 1908//4457 2064//4457 2065//4457
f 2064//4458 1915//4458 2065//4458
f 2066//4459 2065//4459 2037//4459
f 2037//4460 2065//4460 1915//4460
f 1915//4461 2076//4461 2037//4461
f 2065//4462 2066//4462 2050//4462
f 2050//4463 2067//4463 1909//4463
f 2067//4464 2069//4464 2068//4464
f 2070//4465 1902//3983 1907//3983
f 2071//4466 1907//4466 1909//4466
f 2073//4467 1907//4467 2071//4467
f 1902//4468 2070//4468 2068//4468
f 2068//4469 2070//4469 2067//4469
f 2072//4470 1907//4470 2073//4470
f 1907//4471 2072//4471 2070//4471
f 2072//4472 2067//4472 2070//4472
f 2073//4473 2071//4473 1909//4473
f 2073//4474 1909//4474 2067//4474
f 2072//4475 2073//4475 2067//4475
f 2067//4476 2050//4476 2069//4476
f 2069//4477 2050//4477 2074//4477
f 2069//4478 1906//4478 2068//4478
f 2075//4479 2074//4479 2050//4479
f 2050//4480 2066//4480 2075//4480
f 2069//4481 2074//4481 2078//4481
f 2069//4482 2078//4482 1190//4482
f 2078//4483 2077//4483 1190//4483
f 2046//4484 2076//4484 1915//4484
f 2045//4485 2076//4485 2046//4485
f 2044//4486 2076//4486 2042//4486
f 1190//4487 1906//4487 2069//4487
f 2077//4488 1188//4488 1189//4488
f 2077//4489 1189//4489 1190//4489
f 2077//4490 1898//4490 1188//4490
f 1898//4491 2077//4491 2078//4491
f 1174//4492 2078//4492 1897//4492
f 1897//4493 2078//4493 2080//4493
f 2078//4494 2074//4494 2075//4494
f 2078//4495 2075//4495 2080//4495
f 2075//4496 2079//4496 2080//4496
f 2075//4497 2066//4497 2036//4497
f 2080//4498 2036//4498 1897//4498
f 2079//4499 2075//4499 2036//4499
f 2036//4500 2080//4500 2079//4500
f 2037//4501 1896//4501 2036//4501
f 2036//4502 2066//4502 2037//4502
f 2037//4503 2076//4503 2035//4503
f 2035//4504 2076//4504 2044//4504
f 2038//4505 2035//4505 2044//4505
usemtl Ork_Leather_Brown
f 85//121 86//121 84//121
f 69//132 92//132 91//132
f 70//133 94//133 93//133
f 68//135 93//135 65//135
f 65//136 93//136 69//136
f 92//137 69//137 93//137
f 94//138 91//138 92//138
f 93//139 94//139 92//139
f 119//183 447//183 445//183
f 135//215 134//215 136//215
f 137//216 136//216 134//216
f 137//217 134//218 138//219
f 141//220 136//220 137//220
f 137//217 138//219 332//221
f 137//222 139//222 141//222
f 136//223 141//223 140//223
f 149//224 143//224 142//224
f 141//225 145//226 142//227
f 139//228 137//228 221//228
f 141//229 139//229 144//229
f 141//230 144//230 145//230
f 149//231 146//231 143//231
f 146//232 149//232 147//232
f 145//233 149//233 142//233
f 145//234 144//234 148//234
f 148//235 149//236 145//237
f 149//236 148//235 150//238
f 144//239 164//239 148//239
f 146//240 151//240 152//240
f 146//241 152//241 143//241
f 146//242 147//242 160//242
f 146//243 160//243 151//243
f 143//244 152//244 153//244
f 143//245 153//245 344//245
f 152//246 151//246 154//246
f 153//247 152//247 154//247
f 156//248 155//248 154//248
f 156//249 154//249 151//249
f 151//250 157//250 156//250
f 158//251 157//251 151//251
f 159//252 157//252 158//252
f 158//253 151//253 160//253
f 161//254 160//254 147//254
f 149//255 150//255 147//255
f 160//256 161//256 162//256
f 163//257 162//257 161//257
f 150//258 161//258 147//258
f 144//259 139//259 164//259
f 164//260 219//260 166//260
f 164//261 166//261 203//261
f 168//262 148//262 164//262
f 148//263 168//263 170//263
f 169//264 168//264 167//264
f 167//265 168//265 164//265
f 169//266 170//266 168//266
f 170//267 171//267 148//267
f 170//268 175//268 171//268
f 170//269 169//269 172//269
f 172//270 169//270 173//270
f 174//271 172//271 173//271
f 173//272 176//272 174//272
f 174//273 170//273 172//273
f 171//274 175//274 163//274
f 170//275 174//275 175//275
f 163//276 175//276 176//276
f 175//277 174//277 176//277
f 169//278 167//278 192//278
f 169//279 192//279 173//279
f 192//280 177//280 173//280
f 150//281 171//281 163//281
f 162//282 163//282 173//282
f 173//283 163//283 176//283
f 178//284 162//284 173//284
f 178//285 173//285 177//285
f 160//286 162//286 179//286
f 179//287 158//287 160//287
f 179//288 162//288 178//288
f 158//289 180//289 159//289
f 158//290 179//290 180//290
f 181//291 179//291 178//291
f 178//292 177//292 181//292
f 182//293 183//293 177//293
f 181//294 177//294 183//294
f 181//295 183//295 184//295
f 181//296 184//296 179//296
f 179//297 184//297 180//297
f 183//298 185//298 184//298
f 183//299 182//299 186//299
f 183//300 186//300 185//300
f 187//301 185//301 186//301
f 188//302 186//302 182//302
f 188//303 182//303 530//303
f 530//304 189//304 188//304
f 190//305 189//305 191//305
f 190//306 193//307 189//307
f 187//308 184//308 185//308
f 187//309 195//309 184//309
f 180//310 195//310 159//310
f 159//311 195//311 194//311
f 195//312 180//312 184//312
f 195//313 187//313 196//313
f 195//314 196//314 197//314
f 198//315 187//315 199//315
f 199//316 187//316 186//316
f 199//317 186//317 188//317
f 188//318 189//318 193//318
f 198//319 196//319 187//319
f 198//320 199//320 870//320
f 193//321 199//321 188//321
f 190//322 191//322 201//322
f 190//323 201//324 200//325
f 871//326 193//326 923//326
f 923//327 193//327 190//327
f 190//328 202//328 923//328
f 926//329 190//323 200//325
f 908//330 200//330 201//330
f 192//331 191//331 189//331
f 191//332 192//332 204//332
f 204//333 192//333 167//333
f 167//334 164//334 203//334
f 167//335 203//335 204//335
f 203//336 166//336 204//336
f 191//337 204//337 205//337
f 212//338 207//338 206//338
f 166//339 206//339 207//339
f 503//340 208//341 212//342
f 207//343 212//343 208//343
f 166//344 207//345 209//346
f 210//347 207//347 208//347
f 204//348 166//348 209//348
f 209//346 207//345 210//349
f 211//350 212//350 213//350
f 211//351 214//351 218//351
f 214//354 211//354 213//354
f 216//355 213//356 212//357
f 217//358 211//358 218//358
f 224//360 213//360 216//360
f 216//361 219//361 165//361
f 219//362 164//363 165//364
f 165//364 164//363 139//365
f 139//366 220//366 165//366
f 139//367 221//367 220//367
f 332//368 221//368 137//368
f 223//369 221//369 222//369
f 220//370 221//370 223//370
f 223//371 222//371 381//371
f 223//372 225//372 224//372
f 165//373 223//373 224//373
f 381//374 225//374 223//374
f 225//375 249//375 227//375
f 226//376 225//376 227//376
f 251//377 227//377 249//377
f 225//378 226//378 218//378
f 225//379 218//379 214//379
f 226//380 227//381 218//382
f 229//383 227//383 228//383
f 228//384 231//384 229//384
f 227//381 229//385 218//382
f 230//386 229//386 231//386
f 228//387 232//387 231//387
f 233//409 389//409 247//409
f 252//411 233//411 248//411
f 248//413 232//413 228//413
f 251//414 228//414 227//414
f 248//415 228//415 251//415
f 251//416 252//416 248//416
f 252//417 251//417 388//417
f 233//418 252//418 253//418
f 233//419 253//419 389//419
f 310//524 312//524 313//524
f 791//528 312//528 559//528
f 312//531 311//531 559//531
f 556//534 311//534 317//534
f 315//535 316//535 318//535
f 318//536 321//536 315//536
f 559//537 311//537 556//537
f 315//538 320//538 317//538
f 315//539 322//539 320//539
f 455//540 320//541 322//542
f 321//543 318//544 319//545
f 315//546 321//547 322//548
f 322//548 321//547 319//549
f 322//550 319//550 323//550
f 324//551 318//551 316//551
f 384//552 324//552 316//552
f 324//554 363//554 318//554
f 326//555 319//545 318//544
f 323//556 319//556 327//556
f 319//557 326//557 327//557
f 326//558 318//558 327//558
f 327//559 318//559 328//559
f 384//560 329//560 324//560
f 324//561 329//561 325//561
f 395//562 325//562 329//562
f 330//563 332//563 325//563
f 325//564 332//221 138//219
f 333//565 134//565 135//565
f 134//566 333//566 138//566
f 325//567 138//567 331//567
f 138//568 333//568 331//568
f 331//569 334//569 325//569
f 339//570 331//570 333//570
f 334//571 336//571 325//571
f 324//572 325//572 336//572
f 336//573 334//573 362//573
f 337//574 362//574 334//574
f 337//575 334//575 338//575
f 361//576 337//576 338//576
f 339//577 334//577 331//577
f 334//578 339//578 338//578
f 338//579 339//579 333//579
f 135//580 340//580 333//580
f 333//581 340//581 338//581
f 338//582 340//582 361//582
f 135//583 342//583 340//583
f 340//584 341//584 361//584
f 342//585 341//585 340//585
f 135//586 343//586 342//586
f 135//587 136//587 140//587
f 135//588 140//588 343//588
f 141//589 343//589 140//589
f 343//590 142//590 143//590
f 142//227 343//591 141//225
f 154//592 355//592 153//592
f 356//593 344//593 153//593
f 143//594 344//594 343//594
f 343//595 344//595 342//595
f 342//596 344//596 341//596
f 356//597 341//597 344//597
f 153//598 355//598 356//598
f 354//599 154//599 155//599
f 354//600 155//600 345//600
f 345//601 346//601 348//601
f 347//602 345//602 348//602
f 349//603 155//603 156//603
f 157//604 349//604 156//604
f 155//605 350//605 345//605
f 346//606 345//606 350//606
f 350//607 155//607 349//607
f 346//608 351//608 348//608
f 346//609 352//609 351//609
f 348//610 351//610 353//610
f 347//611 408//611 354//611
f 347//612 354//612 345//612
f 154//613 354//613 355//613
f 341//614 360//614 361//614
f 356//615 355//615 357//615
f 355//616 358//616 357//616
f 359//617 357//617 358//617
f 360//618 356//618 357//618
f 341//619 356//619 360//619
f 362//620 335//620 336//620
f 324//621 336//621 335//621
f 324//622 335//622 363//622
f 318//623 363//623 328//623
f 364//624 328//625 335//626
f 335//627 328//627 363//627
f 327//628 328//625 364//624
f 323//629 327//629 364//629
f 364//630 365//631 323//631
f 367//632 366//632 364//632
f 456//633 364//633 335//633
f 368//634 335//634 362//634
f 362//635 360//635 369//635
f 362//636 369//636 368//636
f 360//637 362//637 337//637
f 360//638 337//638 361//638
f 332//670 222//670 221//670
f 225//671 381//671 249//671
f 222//672 382//673 381//674
f 249//675 381//675 382//675
f 383//676 382//673 222//672
f 395//677 222//677 332//677
f 382//678 385//678 249//678
f 383//679 222//679 395//679
f 395//680 329//680 383//680
f 383//681 329//681 384//681
f 249//682 385//682 250//682
f 249//683 250//683 388//683
f 388//684 250//684 386//684
f 386//685 250//685 385//685
f 386//686 385//686 387//686
f 388//687 251//687 249//687
f 252//688 388//689 253//690
f 389//691 253//690 388//689
f 388//692 392//692 389//692
f 389//694 392//694 391//694
f 389//695 391//695 390//695
f 392//697 388//697 528//697
f 150//703 148//703 171//703
f 150//704 163//704 161//704
f 325//705 395//705 330//705
f 330//706 395//706 332//706
f 225//707 214//707 224//707
f 214//708 213//708 224//708
f 165//709 224//709 216//709
f 220//725 223//725 165//725
f 354//726 408//726 355//726
f 408//727 347//727 404//727
f 405//728 406//729 404//730
f 405//731 404//731 347//731
f 408//732 404//732 409//732
f 408//733 358//733 355//733
f 358//734 408//734 409//734
f 407//735 409//735 404//735
f 406//729 407//736 404//730
f 410//737 409//737 407//737
f 410//738 407//738 411//738
f 411//739 407//739 406//739
f 412//740 406//740 405//740
f 405//741 347//741 348//741
f 405//742 348//742 412//742
f 348//743 353//743 412//743
f 412//744 353//744 413//744
f 353//745 351//745 414//745
f 417//746 415//746 416//746
f 416//749 415//749 420//749
f 420//750 415//750 413//750
f 420//751 413//751 353//751
f 420//752 353//752 414//752
f 351//753 352//753 422//753
f 352//754 346//754 350//754
f 422//755 352//755 350//755
f 422//756 350//756 423//756
f 350//757 349//757 423//757
f 423//758 349//758 425//758
f 424//759 422//759 423//759
f 349//760 159//761 425//762
f 349//760 157//763 159//761
f 549//788 438//788 436//788
f 549//789 436//789 439//789
f 439//790 436//791 437//790
f 116//792 442//792 441//792
f 116//793 441//793 440//793
f 441//794 948//794 440//794
f 444//795 442//795 117//795
f 445//796 444//796 118//796
f 117//797 118//798 444//799
f 445//800 446//800 444//800
f 446//801 445//801 447//801
f 448//802 447//802 119//802
f 132//803 449//803 450//803
f 360//822 357//822 369//822
f 335//823 368//823 456//823
f 367//824 364//824 322//824
f 364//825 456//825 455//825
f 456//826 457//827 458//826
f 456//826 458//826 455//828
f 368//829 369//829 456//829
f 457//830 456//830 369//830
f 359//831 369//831 357//831
f 359//832 457//832 369//832
f 364//833 457//833 359//833
f 457//834 364//834 366//834
f 457//835 366//835 458//835
f 364//836 359//836 459//836
f 459//837 359//837 358//837
f 358//838 460//838 459//838
f 409//839 460//839 358//839
f 461//840 409//840 410//840
f 462//841 411//841 406//841
f 413//842 463//842 412//842
f 413//843 415//843 463//843
f 464//844 463//844 415//844
f 406//845 412//845 463//845
f 465//846 406//846 463//846
f 466//847 462//847 406//847
f 411//848 462//848 467//848
f 467//849 462//849 466//849
f 465//850 466//850 406//850
f 466//851 465//851 468//851
f 469//852 468//852 465//852
f 470//853 469//853 465//853
f 469//854 470//854 464//854
f 464//855 546//855 469//855
f 470//856 465//856 463//856
f 546//857 482//857 469//857
f 546//858 471//858 482//858
f 471//859 546//859 472//859
f 471//860 475//860 482//860
f 473//861 475//861 471//861
f 482//862 478//863 473//864
f 473//865 483//865 482//865
f 474//866 478//866 482//866
f 475//867 477//867 474//867
f 475//868 474//868 482//868
f 475//869 476//869 477//869
f 479//870 478//870 477//870
f 479//871 480//871 478//871
f 411//872 467//872 479//872
f 483//873 466//873 468//873
f 469//874 482//874 468//874
f 483//875 468//875 482//875
f 466//876 483//876 484//876
f 481//877 466//877 484//877
f 484//878 483//878 485//878
f 486//879 484//879 485//879
f 487//880 484//880 486//880
f 483//881 473//881 471//881
f 471//882 488//882 483//882
f 483//883 488//883 485//883
f 488//884 489//884 485//884
f 485//885 614//885 486//885
f 487//886 481//886 484//886
f 486//887 614//887 487//887
f 487//888 490//888 481//888
f 490//889 491//889 481//889
f 481//890 491//890 492//890
f 466//891 481//891 467//891
f 467//892 492//892 479//892
f 492//893 493//893 479//893
f 479//894 493//894 480//894
f 477//895 478//895 474//895
f 478//863 480//896 473//864
f 477//897 494//897 479//897
f 494//898 477//898 476//898
f 494//899 476//899 495//899
f 494//900 460//900 461//900
f 479//901 410//901 411//901
f 460//902 409//902 461//902
f 410//903 479//903 461//903
f 461//904 479//904 494//904
f 460//905 562//905 459//905
f 562//906 496//906 459//906
f 496//907 322//907 459//907
f 459//908 365//908 364//908
f 459//909 322//909 323//909
f 323//910 365//910 366//910
f 323//911 366//912 367//911
f 323//913 367//913 459//913
f 459//914 367//914 497//914
f 459//915 497//915 366//915
f 459//916 366//916 365//916
f 516//957 383//957 384//957
f 383//958 516//958 382//958
f 382//959 516//959 385//959
f 525//960 516//960 384//960
f 387//961 385//961 516//961
f 525//962 387//962 516//962
f 384//963 316//963 517//963
f 520//969 522//969 517//969
f 521//974 522//974 520//974
f 523//975 521//975 520//975
f 523//976 520//976 524//976
f 525//977 517//977 522//977
f 387//978 525//978 522//978
f 386//979 387//979 522//979
f 523//980 522//980 521//980
f 527//985 386//985 523//985
f 523//986 386//986 522//986
f 166//987 219//987 206//987
f 216//988 206//988 219//988
f 212//357 206//989 216//355
f 212//342 211//990 503//340
f 388//991 386//991 528//991
f 528//992 386//992 527//992
f 189//995 531//995 192//995
f 182//996 177//996 529//996
f 530//997 182//997 529//997
f 531//998 530//998 529//998
f 177//999 192//999 531//999
f 177//1000 531//1000 529//1000
f 420//1001 414//1001 421//1001
f 533//1002 414//1002 351//1002
f 533//1003 351//1003 422//1003
f 424//1004 532//1004 422//1004
f 533//1005 422//1005 532//1005
f 534//1006 653//1006 421//1006
f 414//1007 534//1007 421//1007
f 414//1008 533//1008 534//1008
f 421//1009 653//1009 535//1009
f 535//1010 537//1010 421//1010
f 420//1011 537//1011 416//1011
f 536//1013 416//1013 537//1013
f 537//1014 420//1014 421//1014
f 384//1026 517//1026 525//1026
f 464//1027 470//1027 463//1027
f 437//1028 550//1029 439//1030
f 948//1031 441//1031 443//1031
f 443//1032 441//1032 442//1032
f 443//1033 442//1033 444//1033
f 443//1037 444//1037 951//1037
f 447//1040 448//1040 446//1040
f 554//1041 553//1041 450//1041
f 450//1042 553//1042 448//1042
f 448//1043 132//1043 450//1043
f 449//1044 554//1044 450//1044
f 366//1046 497//1046 556//1046
f 366//1047 556//1047 458//1047
f 322//1048 497//1048 367//1048
f 364//1049 455//540 322//542
f 560//1050 322//1050 496//1050
f 322//1051 560//1051 497//1051
f 320//1052 455//1052 557//1052
f 557//1053 455//1053 458//1053
f 609//1054 557//1054 458//1054
f 497//1055 559//1055 556//1055
f 556//1056 558//1056 458//1056
f 560//1057 791//1057 559//1057
f 560//1058 559//1058 497//1058
f 561//1059 560//1059 496//1059
f 496//1060 562//1060 561//1060
f 494//1061 562//1061 460//1061
f 569//1078 537//1078 535//1078
f 415//1117 417//1117 464//1117
f 489//1146 605//1146 485//1146
f 485//1147 605//1148 606//1147
f 320//1152 557//1152 317//1152
f 558//1153 557//1153 609//1153
f 558//1154 556//1154 317//1154
f 557//1155 558//1155 317//1155
f 610//1156 458//1156 558//1156
f 609//1157 458//1157 610//1157
f 611//1158 609//1158 610//1158
f 611//1159 558//1159 609//1159
f 558//1160 611//1160 610//1160
f 492//1161 467//1161 481//1161
f 492//1162 612//1162 493//1162
f 612//1163 492//1163 613//1163
f 487//1164 615//1164 490//1164
f 614//1165 485//1147 606//1147
f 614//1166 606//1167 615//1168
f 614//1169 615//1169 487//1169
f 764//1170 491//1170 490//1170
f 764//1171 490//1171 616//1171
f 616//1172 490//1172 615//1172
f 606//1167 607//1173 615//1168
f 617//1174 615//1174 607//1174
f 605//1175 607//1175 606//1175
f 495//1223 562//1223 494//1223
f 562//1224 495//1224 561//1224
f 475//1225 473//1225 480//1225
f 480//1226 493//1226 475//1226
f 493//1227 476//1227 475//1227
f 561//1228 495//1228 493//1228
f 493//1229 495//1229 476//1229
f 644//1230 424//1230 423//1230
f 644//1231 423//1231 425//1231
f 424//1232 644//1232 643//1232
f 425//1233 159//1233 644//1233
f 644//1234 159//1234 194//1234
f 644//1235 194//1235 646//1235
f 643//1236 645//1237 424//1237
f 532//1238 424//1238 645//1238
f 646//1239 643//1239 644//1239
f 532//1240 645//1240 647//1240
f 532//1241 648//1241 533//1241
f 534//1242 648//1242 649//1242
f 649//1243 648//1243 532//1243
f 645//1244 643//1244 652//1244
f 650//1245 652//1245 643//1245
f 650//1246 643//1246 646//1246
f 647//1247 645//1248 651//1249
f 645//1250 652//1250 651//1250
f 647//1247 651//1249 656//1251
f 654//1252 649//1252 647//1252
f 647//1253 649//1253 532//1253
f 649//1254 654//1254 653//1254
f 653//1255 654//1255 738//1255
f 648//1256 534//1256 533//1256
f 649//1257 653//1257 534//1257
f 655//1258 535//1258 653//1258
f 653//1259 738//1259 655//1259
f 654//1260 739//1260 738//1260
f 656//1261 654//1262 647//1263
f 654//1262 656//1261 739//1264
f 650//1265 658//1265 652//1265
f 657//1266 652//1266 658//1266
f 657//1267 659//1267 652//1267
f 660//1268 656//1268 651//1268
f 661//1269 659//1269 657//1269
f 657//1270 650//1270 661//1270
f 661//1271 650//1271 646//1271
f 646//1272 194//1272 661//1272
f 531//1278 189//1278 530//1278
f 578//1405 737//1405 748//1405
f 569//1407 535//1407 737//1407
f 535//1408 655//1408 748//1408
f 535//1409 748//1409 737//1409
f 740//1410 738//1410 739//1410
f 660//1411 739//1411 656//1411
f 660//1412 740//1412 739//1412
f 651//1413 1389//1413 660//1413
f 740//1414 660//1414 742//1414
f 742//1415 660//1415 1389//1415
f 740//1416 742//1416 741//1416
f 740//1417 741//1417 738//1417
f 741//1418 743//1418 738//1418
f 746//1419 745//1419 743//1419
f 746//1420 743//1420 744//1420
f 741//1421 744//1421 743//1421
f 743//1422 747//1422 738//1422
f 738//1423 747//1423 655//1423
f 748//1424 655//1424 747//1424
f 751//1425 748//1425 747//1425
f 747//1426 749//1426 751//1426
f 750//1427 749//1427 747//1427
f 747//1428 743//1428 745//1428
f 747//1429 745//1429 750//1429
f 749//1432 750//1432 752//1432
f 560//1456 561//1456 771//1456
f 493//1457 612//1457 561//1457
f 491//1458 613//1459 492//1460
f 763//1461 613//1459 491//1458
f 764//1462 763//1461 491//1458
f 764//1463 768//1463 763//1463
f 763//1464 768//1464 765//1464
f 768//1465 764//1465 767//1465
f 766//1466 765//1466 768//1466
f 768//1467 767//1467 892//1467
f 767//1468 764//1468 616//1468
f 616//1469 615//1469 617//1469
f 616//1470 893//1470 769//1470
f 616//1471 769//1471 767//1471
f 768//1472 892//1472 766//1472
f 792//1473 771//1473 770//1473
f 770//1474 771//1474 766//1474
f 766//1475 771//1475 765//1475
f 763//1476 765//1476 613//1476
f 765//1477 771//1477 762//1477
f 792//1478 560//1478 771//1478
f 771//1479 561//1479 762//1479
f 762//1480 613//1481 765//1482
f 209//1483 205//1483 204//1483
f 210//1484 772//1484 209//1484
f 773//1485 205//1486 209//1487
f 209//1487 772//1488 773//1485
f 775//1489 774//1489 210//1489
f 775//1490 210//1490 208//1490
f 210//1491 774//1491 772//1491
f 776//1492 775//1492 208//1492
f 774//1493 849//1493 772//1493
f 792//1516 791//1516 560//1516
f 312//1517 791//1517 790//1517
f 312//1518 790//1518 313//1518
f 791//1519 792//1519 790//1519
f 790//1520 792//1520 1304//1520
f 793//1521 313//1521 794//1521
f 313//1522 790//1522 795//1522
f 795//1523 794//1523 313//1523
f 790//1524 1304//1524 795//1524
f 561//1592 612//1592 762//1592
f 612//1593 613//1481 762//1480
f 191//1665 205//1665 773//1665
f 773//1666 772//1666 849//1666
f 197//1697 196//1697 198//1697
f 870//1698 199//1698 193//1698
f 202//1699 190//1700 926//1700
f 193//1701 871//1701 870//1701
f 870//1702 872//1702 198//1702
f 873//1703 197//1703 198//1703
f 198//1704 1399//1704 873//1704
f 197//1705 873//1705 874//1705
f 197//1706 661//1706 195//1706
f 195//1707 661//1707 194//1707
f 661//1708 197//1708 875//1708
f 875//1709 197//1709 874//1709
f 658//1710 659//1710 876//1710
f 876//1711 659//1711 661//1711
f 876//1712 650//1712 657//1712
f 876//1713 657//1713 658//1713
f 650//1714 876//1714 877//1714
f 650//1715 877//1715 658//1715
f 659//1716 658//1716 877//1716
f 875//1717 659//1718 877//1719
f 875//1720 877//1720 661//1720
f 876//1721 661//1721 877//1721
f 891//1751 793//1751 794//1751
f 1304//1752 792//1752 766//1752
f 1304//1753 766//1753 892//1753
f 893//1754 616//1754 617//1754
f 894//1755 617//1756 607//1757
f 617//1758 1258//1758 893//1758
f 618//1759 607//1759 605//1759
f 618//1769 894//1769 607//1769
f 617//1756 894//1755 1258//1770
f 849//1777 774//1777 850//1777
f 775//1778 850//1778 774//1778
f 901//1779 849//1779 850//1779
f 906//1781 775//1781 902//1781
f 903//1786 906//1786 902//1786
f 906//1787 907//1787 850//1787
f 906//1788 850//1788 775//1788
f 201//1789 773//1789 849//1789
f 201//1790 849//1790 901//1790
f 191//1791 773//1791 201//1791
f 201//1792 901//1792 908//1792
f 901//1793 909//1793 908//1793
f 909//1794 901//1794 850//1794
f 906//1800 903//1800 907//1800
f 903//1801 912//1801 916//1801
f 916//1802 907//1802 903//1802
f 850//1803 907//1803 909//1803
f 909//1804 913//1804 908//1804
f 914//1805 908//1805 913//1805
f 908//1806 922//1806 200//1806
f 913//1807 909//1808 915//1809
f 915//1810 909//1810 916//1810
f 916//1811 909//1811 907//1811
f 913//1807 915//1809 1595//1812
f 914//1813 922//1813 908//1813
f 922//1814 914//1814 913//1814
f 1594//1815 917//1815 913//1815
f 918//1816 919//1816 912//1816
f 912//1817 903//1817 918//1817
f 918//1819 1596//1819 919//1819
f 912//1820 919//1820 1597//1820
f 912//1821 1597//1821 916//1821
f 916//1822 1600//1822 915//1822
f 1600//1823 1595//1823 915//1823
f 916//1824 1597//1824 1600//1824
f 913//1825 1595//1825 1594//1825
f 913//1826 917//1826 922//1826
f 920//1827 922//1827 917//1827
f 917//1828 921//1828 920//1828
f 922//1829 920//1829 924//1829
f 924//1830 925//1830 922//1830
f 922//1831 925//1831 926//1831
f 926//1832 925//1833 923//1832
f 922//1834 926//1834 200//1834
f 792//1846 770//1846 766//1846
f 550//1029 949//1880 439//1030
f 437//1881 440//1881 948//1881
f 437//1882 948//1882 550//1882
f 439//1883 949//1883 549//1883
f 949//1884 950//1884 549//1884
f 438//1885 549//1885 548//1885
f 954//1886 549//1886 950//1886
f 950//1887 949//1887 550//1887
f 950//1888 550//1888 948//1888
f 926//2514 923//2514 202//2514
f 871//2515 923//2515 1397//2515
f 891//2525 794//2525 1256//2525
f 1256//2526 794//2526 795//2526
f 769//2527 892//2527 767//2527
f 1257//2528 1304//2528 892//2528
f 1257//2529 892//2529 769//2529
f 1307//2530 893//2530 1258//2530
f 1258//2531 894//2531 618//2531
f 1256//2588 1289//2588 891//2588
f 1289//2591 1290//2591 891//2591
f 1290//2596 1285//2596 891//2596
f 1287//2597 1289//2597 1256//2597
f 1287//2598 1288//2598 1289//2598
f 1301//2625 1292//2625 1290//2625
f 1290//2626 1288//2626 1301//2626
f 1305//2627 1303//2627 1287//2627
f 1287//2628 1303//2628 1288//2628
f 1313//2629 1303//2629 1306//2629
f 1306//2630 1303//2630 1305//2630
f 1287//2631 1256//2631 795//2631
f 795//2632 1304//2632 1287//2632
f 1307//2633 1306//2633 893//2633
f 893//2634 1306//2634 769//2634
f 1257//2635 769//2635 1306//2635
f 1257//2636 1306//2636 1305//2636
f 1304//2637 1257//2637 1287//2637
f 1308//2638 1258//2638 618//2638
f 1307//2639 1258//2639 1315//2639
f 1258//2640 1308//2640 1315//2640
f 1310//2641 1308//2641 618//2641
f 618//2644 900//2644 1310//2644
f 1315//2645 1311//2645 1307//2645
f 1313//2646 1306//2646 1307//2646
f 1314//2647 1312//2647 1288//2647
f 1507//2648 1314//2648 1313//2648
f 1307//2649 1507//2649 1313//2649
f 1303//2650 1314//2650 1288//2650
f 1310//2651 1316//2651 1315//2651
f 1310//2652 1318//2652 1316//2652
f 1319//2653 1316//2653 1318//2653
f 1316//2655 1319//2656 1320//2657
f 1511//2658 1319//2658 1512//2658
f 549//2666 954//2666 548//2666
f 659//2801 875//2801 652//2801
f 652//2802 875//2803 651//2804
f 874//2805 651//2804 875//2803
f 651//2806 874//2806 1388//2806
f 651//2807 1388//2807 1389//2807
f 742//2808 1389//2808 1393//2808
f 1391//2809 1393//2809 1389//2809
f 1391//2810 1392//2810 1393//2810
f 744//2811 1393//2811 1392//2811
f 1394//2812 1391//2812 1389//2812
f 1394//2813 1389//2813 1390//2813
f 1390//2814 1389//2814 1388//2814
f 1395//2815 874//2815 873//2815
f 1388//2816 874//2816 1395//2816
f 1395//2817 1390//2817 1388//2817
f 872//2818 1399//2818 198//2818
f 870//2819 871//2820 1397//2821
f 925//2822 1397//2822 923//2822
f 870//2819 1397//2821 1583//2823
f 1396//2824 1397//2825 925//2826
f 1397//2827 1396//2827 1583//2827
f 1583//2828 872//2828 870//2828
f 872//2829 1398//2829 1399//2829
f 1399//2830 1400//2830 1401//2830
f 1399//2831 1401//2831 873//2831
f 1399//2832 1398//2832 1402//2832
f 1399//2833 1402//2833 1400//2833
f 873//2834 1401//2834 1403//2834
f 873//2835 1403//2835 1404//2835
f 873//2836 1404//2836 1395//2836
f 1395//2837 1404//2837 1390//2837
f 1405//2838 1401//2838 1400//2838
f 1390//2839 1404//2839 1394//2839
f 1403//2840 1401//2840 1405//2840
f 1405//2841 1400//2842 1406//2843
f 1400//2844 1402//2844 1407//2844
f 1400//2842 1407//2845 1406//2843
f 1405//2846 1406//2846 1408//2846
f 1404//2847 1403//2847 1409//2847
f 1394//2848 1404//2848 1409//2848
f 1392//2849 1852//2850 744//2851
f 1312//3039 1301//3039 1288//3039
f 1506//3040 1312//3040 1508//3040
f 1508//3041 1312//3041 1314//3041
f 1507//3042 1307//3042 1311//3042
f 1508//3043 1314//3043 1507//3043
f 1308//3044 1310//3044 1315//3044
f 1315//3045 1509//3045 1311//3045
f 1955//3046 1311//3046 1509//3046
f 1510//3047 1316//2655 1320//2657
f 1511//3048 1320//3048 1319//3048
f 1513//3049 1510//3049 1320//3049
f 1511//3050 1512//3050 1514//3050
f 1514//3051 1512//3051 1517//3051
f 1515//3052 1516//3052 1512//3052
f 1512//3053 1516//3053 1517//3053
f 1519//3054 1517//3054 1516//3054
f 1518//3055 1517//3055 1519//3055
f 1518//3056 1519//3056 1525//3056
f 1519//3057 1520//3057 1525//3057
f 1525//3058 1521//3058 1518//3058
f 1517//3059 1518//3059 1524//3059
f 1522//3060 1517//3060 1524//3060
f 1523//3061 1522//3061 1524//3061
f 1526//3062 1525//3062 1520//3062
f 1529//3063 1525//3063 1526//3063
f 1526//3064 1527//3064 1529//3064
f 1528//3065 1530//3065 1526//3065
f 1526//3066 1530//3066 1527//3066
f 745//3067 1527//3067 1530//3067
f 1527//3068 745//3069 746//3070
f 745//3071 1530//3071 750//3071
f 1531//3072 750//3072 1532//3072
f 1532//3073 750//3073 1530//3073
f 1530//3074 1533//3074 1532//3074
f 1532//3075 1533//3075 1531//3075
f 752//3078 750//3078 1531//3078
f 1541//3101 1537//3101 1533//3101
f 1530//3108 1528//3108 1533//3108
f 1541//3109 1533//3109 1528//3109
f 1544//3110 1528//3111 1526//3112
f 1544//3110 1526//3112 1520//3113
f 1544//3114 1520//3114 1519//3114
f 1544//3115 1541//3115 1528//3115
f 1541//3107 1544//3116 1547//3105
f 1545//3118 1544//3118 1519//3118
f 1545//3119 1519//3119 1994//3119
f 1563//3157 1301//3157 1564//3157
f 1565//3158 1933//3158 1563//3158
f 1505//3159 1571//3160 1569//3159
f 1505//3161 1569//3161 1568//3161
f 1934//3166 1569//3166 1572//3166
f 1569//3167 1934//3167 1568//3167
f 1570//3168 1934//3168 1572//3168
f 1571//3169 1572//3169 1569//3169
f 872//3194 1583//3194 1398//3194
f 1582//3195 1583//3195 1396//3195
f 1583//3196 1402//3196 1398//3196
f 924//3197 1396//2824 925//2826
f 1396//3198 924//3198 1582//3198
f 920//3199 1582//3199 924//3199
f 1582//3200 920//3200 921//3200
f 1582//3201 1584//3201 1583//3201
f 1583//3202 1584//3202 1402//3202
f 1584//3203 1582//3203 921//3203
f 1584//3204 1407//3204 1402//3204
f 921//3205 1585//3205 1584//3205
f 1407//3206 1584//3206 1585//3206
f 1407//3207 1585//3207 1406//3207
f 1585//3208 921//3208 1587//3208
f 1587//3209 1586//3209 1585//3209
f 1587//3210 1588//3210 1586//3210
f 1586//3211 1408//3211 1585//3211
f 1585//3212 1408//3212 1406//3212
f 1588//3213 1587//3213 921//3213
f 921//3214 1589//3214 1588//3214
f 1589//3215 921//3215 917//3215
f 1588//3216 1589//3216 1590//3216
f 1588//3217 1590//3217 1591//3217
f 1586//3218 1588//3218 1592//3218
f 1586//3219 1592//3219 1408//3219
f 1592//3220 1588//3220 1591//3220
f 1593//3221 1592//3221 1591//3221
f 1590//3222 1589//3222 1591//3222
f 1949//3223 1591//3223 1589//3223
f 1589//3224 1594//3224 1595//3224
f 1594//3225 1589//3225 917//3225
f 919//3226 1596//3226 1597//3226
f 1598//3227 1597//3227 1596//3227
f 1597//3228 1598//3228 1601//3228
f 1597//3229 1601//3229 1706//3229
f 1599//3230 1598//3230 1596//3230
f 1597//3231 1706//3231 1600//3231
f 1602//3232 1598//3232 1599//3232
f 1598//3233 1602//3233 1603//3233
f 1604//3234 1602//3234 1599//3234
f 1604//3235 1599//3235 1596//3235
f 1604//3236 1596//3236 976//3236
f 1598//3239 1606//3239 1601//3239
f 1606//3240 1598//3240 1603//3240
f 1606//3241 1607//3241 1601//3241
f 1606//3242 1603//3242 1608//3242
f 1606//3243 1608//3243 1607//3243
f 1608//3244 1603//3244 1605//3244
f 1605//3245 1603//3245 1602//3245
f 1607//3246 1608//3246 1609//3246
f 1609//3247 1608//3247 1941//3247
f 1941//3248 1608//3248 1940//3248
f 1940//3249 1608//3249 1605//3249
f 1605//3250 1610//3250 1611//3250
f 1605//3251 1611//3251 1940//3251
f 1612//3252 1610//3252 1602//3252
f 1611//3253 1610//3253 1614//3253
f 1614//3254 1610//3254 1612//3254
f 1612//3255 1613//3255 1615//3255
f 1612//3256 1615//3256 1614//3256
f 1615//3257 1679//3257 1616//3257
f 1614//3258 1615//3258 1617//3258
f 1613//3259 1679//3259 1615//3259
f 1613//3261 1612//3261 1604//3261
f 1604//3262 1612//3262 1602//3262
f 1610//3264 1605//3264 1602//3264
f 1287//3288 1257//3288 1305//3288
f 1645//3352 1650//3353 996//3354
f 1650//3353 1645//3352 999//3355
f 1652//3357 1367//3357 999//3357
f 1647//3359 999//3359 1645//3359
f 1679//3436 1680//3436 1616//3436
f 1616//3441 1653//3441 1617//3441
f 742//3501 1393//3501 741//3501
f 741//3502 1393//3502 744//3502
f 1705//3508 1595//3508 1600//3508
f 1600//3509 1706//3510 1705//3511
f 1705//3511 1706//3510 1707//3512
f 1589//3513 1595//3513 1705//3513
f 1949//3514 1705//3514 1707//3514
f 1949//3515 1589//3515 1705//3515
f 1593//3516 1591//3516 1951//3516
f 1951//3517 1591//3517 1949//3517
f 1951//3518 1714//3518 1593//3518
f 1592//3519 1593//3520 1405//3521
f 1592//3522 1405//3522 1408//3522
f 1405//3521 1593//3520 1708//3523
f 1708//3524 1710//3524 1405//3524
f 1405//3525 1710//3525 1403//3525
f 1403//3526 1710//3526 1409//3526
f 1394//3527 1410//3527 1391//3527
f 1709//3528 1391//3529 1410//3530
f 1409//3531 1410//3531 1394//3531
f 1710//3532 1720//3532 1409//3532
f 1710//3533 1708//3533 1712//3533
f 1712//3534 1711//3534 1710//3534
f 1714//3535 1708//3535 1593//3535
f 1708//3536 1714//3536 1712//3536
f 1712//3537 1714//3537 1713//3537
f 1712//3538 1713//3538 1715//3538
f 1713//3539 1948//3539 1715//3539
f 1716//3540 1715//3540 1948//3540
f 1717//3541 1716//3541 1948//3541
f 1716//3542 1717//3542 1718//3542
f 1718//3543 1741//3543 1716//3543
f 1719//3544 1715//3544 1716//3544
f 1719//3545 1712//3545 1715//3545
f 1719//3546 1711//3546 1712//3546
f 1710//3547 1711//3547 1720//3547
f 1720//3548 1410//3548 1409//3548
f 1721//3549 1709//3528 1410//3530
f 1711//3550 1864//3550 1720//3550
f 1410//3551 1720//3551 1721//3551
f 1864//3552 1721//3552 1720//3552
f 1711//3553 1719//3553 1722//3553
f 1723//3554 1716//3554 1741//3554
f 1716//3555 1723//3555 1719//3555
f 1719//3556 1723//3556 1725//3556
f 1719//3557 1725//3557 1722//3557
f 1724//3558 1725//3558 1723//3558
f 1722//3559 1725//3559 1726//3559
f 1877//3560 1724//3560 1727//3560
f 1724//3561 1732//3561 1727//3561
f 1729//3562 1727//3562 1728//3562
f 1730//3563 1729//3563 1728//3563
f 1728//3564 1727//3564 1730//3564
f 1730//3565 1727//3565 1731//3565
f 1727//3566 1732//3566 1731//3566
f 1733//3567 1731//3567 1732//3567
f 1609//3568 1733//3568 1732//3568
f 1732//3569 1734//3569 1609//3569
f 1734//3570 1732//3570 1735//3570
f 1724//3571 1723//3571 1732//3571
f 1732//3572 1723//3572 1735//3572
f 1736//3573 1741//3573 1718//3573
f 1736//3574 1737//3574 1741//3574
f 1718//3575 1738//3575 1736//3575
f 1738//3576 1718//3576 1717//3576
f 1740//3577 1739//3577 1736//3577
f 1740//3578 1736//3578 1738//3578
f 1945//3579 1739//3579 1740//3579
f 1739//3580 1737//3580 1736//3580
f 1607//3581 1739//3581 1945//3581
f 1739//3582 1607//3582 1609//3582
f 1739//3583 1609//3584 1734//3585
f 1739//3583 1734//3585 1737//3586
f 1743//3587 1737//3587 1734//3587
f 1741//3588 1742//3588 1723//3588
f 1723//3589 1742//3589 1735//3589
f 1735//3590 1742//3590 1743//3590
f 1735//3591 1743//3591 1734//3591
f 1731//3592 1733//3592 1744//3592
f 1737//3593 1743//3593 1742//3593
f 1742//3594 1741//3594 1737//3594
f 1289//3682 1288//3682 1290//3682
f 1651//3751 1367//3751 1746//3751
f 1746//3752 1367//3752 1652//3752
f 1313//3755 1314//3755 1303//3755
f 744//3848 1852//3848 746//3848
f 1852//2850 1392//2849 1853//3849
f 1392//3850 1391//3850 1853//3850
f 1391//3851 1855//3851 1853//3851
f 1854//3852 1852//3853 1853//3854
f 746//3855 1852//3855 1529//3855
f 1529//3856 1527//3068 746//3070
f 1854//3852 1853//3854 1855//3857
f 1854//3858 1856//3858 1852//3859
f 1852//3860 1856//3860 1529//3860
f 1855//3861 1856//3861 1854//3861
f 1856//3862 1855//3862 1862//3862
f 1862//3863 1855//3863 1391//3863
f 1709//3864 1862//3864 1391//3864
f 1529//3865 1856//3865 1525//3865
f 1521//3866 1525//3866 1857//3866
f 1860//3867 1521//3867 1858//3867
f 1857//3868 1858//3868 1521//3868
f 1859//3869 1857//3869 1525//3869
f 1859//3870 1525//3870 1862//3870
f 1859//3871 1858//3871 1857//3871
f 1859//3872 1861//3872 1858//3872
f 1858//3873 1861//3873 1863//3873
f 1861//3874 1859//3874 1862//3874
f 1525//3875 1856//3875 1862//3875
f 1861//3876 1862//3876 1709//3876
f 1858//3877 1863//3877 1860//3877
f 1864//3878 1711//3878 1722//3878
f 1864//3879 1722//3879 1865//3879
f 1861//3880 1709//3880 1866//3880
f 1861//3881 1873//3881 1863//3881
f 1867//3882 1860//3882 1863//3882
f 1867//3883 2016//3883 1860//3883
f 1521//3884 1860//3884 1518//3884
f 1869//3885 1524//3885 1518//3885
f 1518//3886 1868//3887 1869//3888
f 1511//3889 1524//3889 1869//3889
f 1511//3890 1514//3890 1524//3890
f 1868//3887 1518//3886 1860//3891
f 2016//3892 1868//3892 1860//3892
f 1867//3893 1863//3893 1870//3893
f 1867//3894 1871//3894 2016//3894
f 1870//3895 1871//3895 1867//3895
f 1873//3896 1870//3896 1863//3896
f 1866//3897 1709//3897 1721//3897
f 1861//3898 1866//3898 1873//3898
f 1866//3899 1721//3899 1864//3899
f 1866//3900 1864//3900 1865//3900
f 1722//3901 1726//3901 1873//3901
f 1722//3902 1873//3902 1865//3902
f 1865//3903 1873//3903 1866//3903
f 1726//3904 1874//3904 1873//3904
f 1875//3905 2061//3905 1876//3905
f 1874//3906 1875//3906 1873//3906
f 1726//3907 1877//3908 1874//3909
f 1874//3910 1877//3910 1968//3910
f 1968//3911 1877//3911 1880//3911
f 1880//3912 1877//3912 1878//3912
f 1885//3913 1880//3913 1878//3913
f 1877//3908 1726//3907 1725//3914
f 1877//3915 1725//3915 1724//3915
f 1878//3916 1877//3916 1727//3916
f 1878//3917 1727//3917 1729//3917
f 1878//3918 1729//3918 1881//3918
f 1880//3919 1729//3919 1921//3919
f 1921//3920 1729//3920 1730//3920
f 1730//3921 1879//3921 1921//3921
f 1729//3922 1880//3922 1881//3922
f 1880//3923 1921//3923 1920//3923
f 1881//3924 1880//3924 1885//3924
f 1878//3925 1882//3925 1885//3925
f 1882//3926 1878//3926 1884//3926
f 1884//3927 1878//3928 1883//3929
f 1883//3929 1878//3928 1881//3930
f 1885//3931 1883//3931 1881//3931
f 1565//4012 1563//4012 1918//4012
f 1565//4013 1918//4013 1917//4013
f 1564//4014 1919//4014 1563//4014
f 1563//4015 1919//4015 1918//4015
f 1919//4016 1920//4016 1918//4016
f 1918//4017 1920//4017 1921//4017
f 1937//4018 1917//4018 1918//4018
f 1937//4019 1918//4019 1921//4019
f 1920//4020 1919//4020 1965//4020
f 1965//4021 1919//4021 1922//4021
f 1564//4022 1312//4022 1922//4022
f 1922//4023 1312//4023 1506//4023
f 1301//4024 1312//4024 1564//4024
f 1503//4046 1933//4046 1572//4046
f 1503//4047 1572//4047 1571//4047
f 1572//4048 1933//4048 1570//4048
f 1503//4049 1563//4049 1933//4049
f 1573//4050 1568//4050 1934//4050
f 1573//4051 1934//4051 1954//4051
f 1954//4052 1935//4052 1573//4052
f 1614//4053 1954//4053 1934//4053
f 1933//4054 1936//4054 1570//4054
f 1936//4055 1933//4055 1565//4055
f 1936//4056 1565//4057 1937//4058
f 1936//4056 1937//4058 1921//4059
f 1937//4060 1565//4060 1917//4060
f 1879//4061 1941//4061 1921//4061
f 1941//4062 1939//4062 1938//4062
f 1936//4063 1921//4063 1938//4063
f 1939//4064 1941//4064 1940//4064
f 1921//4065 1941//4065 1938//4065
f 1941//4066 1879//4066 1942//4066
f 1607//4067 1945//4067 1601//4067
f 1706//4068 1601//4068 1943//4068
f 1943//4069 1601//4069 1944//4069
f 1707//4070 1706//4070 1946//4070
f 1946//4071 1706//4071 1943//4071
f 1945//4072 1943//4072 1944//4072
f 1946//4073 1943//4073 1945//4073
f 1947//4074 1946//4074 1945//4074
f 1947//4075 1945//4075 1740//4075
f 1946//4076 1947//4076 1707//4076
f 1948//4077 1740//4077 1717//4077
f 1717//4078 1740//4078 1738//4078
f 1947//4079 1740//4079 1948//4079
f 1947//4080 1949//4080 1707//4080
f 1947//4081 1950//4081 1949//4081
f 1950//4082 1951//4082 1949//4082
f 1947//4083 1948//4083 1950//4083
f 1948//4084 1713//4084 1714//4084
f 1948//4085 1714//4085 1951//4085
f 1950//4086 1948//4086 1951//4086
f 1601//4092 1945//4092 1944//4092
f 1615//4104 1616//4104 1617//4104
f 1617//4106 1952//4106 1954//4106
f 1954//4107 1952//4107 1935//4107
f 1935//4109 1568//4109 1573//4109
f 1311//4111 1955//4111 1507//4111
f 1955//4112 1509//4112 1956//4112
f 1509//4113 1957//4113 1956//4113
f 1958//4114 1957//4114 1509//4114
f 1509//4115 1315//4115 1316//4115
f 1509//4116 1316//4116 1958//4116
f 1956//4117 1960//4117 1955//4117
f 1960//4118 1956//4118 1959//4118
f 1959//4119 1956//4119 1957//4119
f 1958//4120 1316//4120 1510//4120
f 1922//4121 1919//4121 1564//4121
f 1965//4122 1922//4122 1506//4122
f 1959//4123 1962//4123 1960//4123
f 1959//4124 1961//4124 1962//4124
f 1960//4125 1964//4125 1963//4125
f 1963//4126 1964//4126 1965//4126
f 1962//4127 1964//4127 1960//4127
f 1961//4128 1968//4128 1962//4128
f 1963//4129 1965//4129 1967//4129
f 1960//4130 1963//4130 1967//4130
f 1506//4131 1967//4131 1965//4131
f 1920//4132 1965//4132 1964//4132
f 1964//4133 1968//4133 1920//4133
f 1920//4134 1968//4134 1880//4134
f 1969//4135 1966//4135 1961//4135
f 1961//4136 1959//4136 2018//4136
f 1961//4137 2018//4137 2020//4137
f 1961//4138 2020//4138 1969//4138
f 1969//4139 1971//4139 1966//4139
f 1966//4140 1971//4140 1970//4140
f 2061//4141 1970//4141 1971//4141
f 2057//4142 2061//4142 1971//4142
f 1961//4143 1966//4143 1968//4143
f 1968//4144 1966//4144 1874//4144
f 1971//4145 1872//4146 2057//4147
f 1872//4146 1876//4148 2057//4147
f 1876//4149 2058//4149 2057//4149
f 1876//4150 1872//4150 1875//4150
f 1870//4151 1873//4151 1875//4151
f 1519//4162 1977//4162 1994//4162
f 1977//4163 1519//4163 1516//4163
f 1977//4164 1516//4164 1515//4164
f 1508//4198 1507//4198 1955//4198
f 1508//4199 1955//4199 1506//4199
f 1506//4200 1955//4200 1967//4200
f 1967//4201 1955//4201 1960//4201
f 1954//4202 1614//4202 1617//4202
f 1984//4203 1934//4203 1570//4203
f 1934//4204 1984//4204 1614//4204
f 1611//4205 1614//4205 1984//4205
f 1984//4206 1570//4206 1936//4206
f 1611//4207 1984//4207 1940//4207
f 1984//4208 1939//4208 1940//4208
f 1939//4209 1984//4209 1938//4209
f 1938//4210 1984//4210 1936//4210
f 1514//4290 1517//4290 1522//4290
f 1522//4291 1523//4291 1514//4291
f 1869//4292 2015//4292 1511//4292
f 1869//4293 1868//4293 2015//4293
f 2015//4294 1868//4294 2016//4294
f 2015//4295 2016//4295 2018//4295
f 2019//4296 2018//4296 2016//4296
f 2019//4297 2016//4297 2017//4297
f 2020//4298 2018//4298 2019//4298
f 2017//4299 1871//4299 2019//4299
f 1871//4300 2017//4300 2016//4300
f 1609//4301 1744//4301 1733//4301
f 1609//4302 1941//4302 1744//4302
f 1744//4303 1941//4303 1942//4303
f 1879//4304 1730//4304 1731//4304
f 1879//4305 1731//4305 1942//4305
f 1942//4306 1731//4306 1744//4306
f 1885//4312 1882//4312 2022//4312
f 1883//4313 1885//4313 2022//4313
f 1883//4314 2022//4314 1884//4314
f 1882//4315 1884//4315 2022//4315
f 2023//4316 1514//4316 1523//4316
f 2023//4317 1524//4317 1514//4317
f 1513//4318 1320//4318 1511//4318
f 1513//4319 1511//4319 2015//4319
f 1513//4320 2015//4320 2018//4320
f 1872//4321 1871//4321 1870//4321
f 1872//4322 1870//4322 1875//4322
f 1872//4323 1971//4323 1871//4323
f 1871//4324 1971//4324 2019//4324
f 2018//4325 1959//4325 1513//4325
f 1510//4326 1513//4326 1958//4326
f 1513//4327 1959//4327 1957//4327
f 1958//4328 1513//4328 1957//4328
f 2026//4335 2023//4335 1523//4335
f 2026//4336 1523//4336 1524//4336
f 2023//4337 2026//4337 1524//4337
f 1968//4355 1964//4355 1962//4355
f 2051//4415 1935//4415 1952//4415
f 2051//4416 1568//4416 1935//4416
f 2056//4420 2053//4420 2054//4420
f 2055//4421 2053//4421 2056//4421
f 2058//4422 2055//4422 2056//4422
f 2058//4423 2056//4423 2057//4423
f 2058//4424 2059//4424 2055//4424
f 2055//4425 2059//4425 2053//4425
f 2059//4426 2062//4426 2053//4426
f 2054//4427 2057//4427 2056//4427
f 2060//4428 2058//4429 1876//4429
f 2061//4430 2060//4430 1876//4430
f 2059//4431 2060//4431 2061//4431
f 2053//4432 2062//4432 2054//4432
f 2062//4433 2059//4433 2061//4433
f 2061//4434 1875//4434 1970//4434
f 1970//4435 1875//4435 1874//4435
f 1874//4439 1966//4439 1970//4439
f 2058//4442 2060//4442 2059//4442
f 1969//4443 2020//4443 2019//4443
f 1969//4444 2019//4444 1971//4444
f 2057//4445 2054//4445 2062//4445
f 2057//4446 2062//4446 2061//4446
