# Blender 5.2.1 LTS
# www.blender.org
mtllib player.mtl
o Cylinder
v 0.000000 0.925000 -0.285000
v 0.000000 1.775000 -0.285000
v 0.145420 0.925000 -0.263306
v 0.145420 1.775000 -0.263306
v 0.268701 0.925000 -0.201525
v 0.268701 1.775000 -0.201525
v 0.351074 0.925000 -0.109065
v 0.351074 1.775000 -0.109065
v 0.380000 0.925000 0.000000
v 0.380000 1.775000 0.000000
v 0.351074 0.925000 0.109065
v 0.351074 1.775000 0.109065
v 0.268701 0.925000 0.201525
v 0.268701 1.775000 0.201525
v 0.145420 0.925000 0.263306
v 0.145420 1.775000 0.263306
v 0.000000 0.925000 0.285000
v 0.000000 1.775000 0.285000
v -0.145420 0.925000 0.263306
v -0.145420 1.775000 0.263306
v -0.268701 0.925000 0.201525
v -0.268701 1.775000 0.201525
v -0.351074 0.925000 0.109065
v -0.351074 1.775000 0.109065
v -0.380000 0.925000 0.000000
v -0.380000 1.775000 0.000000
v -0.351074 0.925000 -0.109065
v -0.351074 1.775000 -0.109065
v -0.268701 0.925000 -0.201525
v -0.268701 1.775000 -0.201525
v -0.145420 0.925000 -0.263306
v -0.145420 1.775000 -0.263306
vn 0.1476 -0.0000 -0.9891
vn 0.4480 -0.0000 -0.8940
vn 0.7467 -0.0000 -0.6652
vn 0.9666 -0.0000 -0.2564
vn 0.9666 -0.0000 0.2564
vn 0.7467 -0.0000 0.6652
vn 0.4480 -0.0000 0.8940
vn 0.1476 -0.0000 0.9891
vn -0.1476 -0.0000 0.9891
vn -0.4480 -0.0000 0.8940
vn -0.7467 -0.0000 0.6652
vn -0.9666 -0.0000 0.2564
vn -0.9666 -0.0000 -0.2564
vn -0.7467 -0.0000 -0.6652
vn -0.0000 1.0000 -0.0000
vn -0.4480 -0.0000 -0.8940
vn -0.1476 -0.0000 -0.9891
vn -0.0000 -1.0000 -0.0000
vt 1.000000 0.500000
vt 1.000000 1.000000
vt 0.937500 1.000000
vt 0.937500 0.500000
vt 0.875000 1.000000
vt 0.875000 0.500000
vt 0.812500 1.000000
vt 0.812500 0.500000
vt 0.750000 1.000000
vt 0.750000 0.500000
vt 0.687500 1.000000
vt 0.687500 0.500000
vt 0.625000 1.000000
vt 0.625000 0.500000
vt 0.562500 1.000000
vt 0.562500 0.500000
vt 0.500000 1.000000
vt 0.500000 0.500000
vt 0.437500 1.000000
vt 0.437500 0.500000
vt 0.375000 1.000000
vt 0.375000 0.500000
vt 0.312500 1.000000
vt 0.312500 0.500000
vt 0.250000 1.000000
vt 0.250000 0.500000
vt 0.187500 1.000000
vt 0.187500 0.500000
vt 0.125000 1.000000
vt 0.125000 0.500000
vt 0.341844 0.471731
vt 0.250000 0.490000
vt 0.158156 0.471731
vt 0.080294 0.419706
vt 0.028269 0.341844
vt 0.010000 0.250000
vt 0.028269 0.158156
vt 0.080294 0.080294
vt 0.158156 0.028269
vt 0.250000 0.010000
vt 0.341844 0.028269
vt 0.419706 0.080294
vt 0.471731 0.158156
vt 0.490000 0.250000
vt 0.471731 0.341844
vt 0.419706 0.419706
vt 0.062500 1.000000
vt 0.062500 0.500000
vt 0.000000 1.000000
vt 0.000000 0.500000
vt 0.750000 0.490000
vt 0.841844 0.471731
vt 0.919706 0.419706
vt 0.971731 0.341844
vt 0.990000 0.250000
vt 0.971731 0.158156
vt 0.919706 0.080294
vt 0.841844 0.028269
vt 0.750000 0.010000
vt 0.658156 0.028269
vt 0.580294 0.080294
vt 0.528269 0.158156
vt 0.510000 0.250000
vt 0.528269 0.341844
vt 0.580294 0.419706
vt 0.658156 0.471731
s 0
usemtl Kni_Steel
f 1/1/1 2/2/1 4/3/1 3/4/1
f 3/4/2 4/3/2 6/5/2 5/6/2
f 5/6/3 6/5/3 8/7/3 7/8/3
f 7/8/4 8/7/4 10/9/4 9/10/4
f 9/10/5 10/9/5 12/11/5 11/12/5
f 11/12/6 12/11/6 14/13/6 13/14/6
f 13/14/7 14/13/7 16/15/7 15/16/7
f 15/16/8 16/15/8 18/17/8 17/18/8
f 17/18/9 18/17/9 20/19/9 19/20/9
f 19/20/10 20/19/10 22/21/10 21/22/10
f 21/22/11 22/21/11 24/23/11 23/24/11
f 23/24/12 24/23/12 26/25/12 25/26/12
f 25/26/13 26/25/13 28/27/13 27/28/13
f 27/28/14 28/27/14 30/29/14 29/30/14
f 4/31/15 2/32/15 32/33/15 30/34/15 28/35/15 26/36/15 24/37/15 22/38/15 20/39/15 18/40/15 16/41/15 14/42/15 12/43/15 10/44/15 8/45/15 6/46/15
f 29/30/16 30/29/16 32/47/16 31/48/16
f 31/48/17 32/47/17 2/49/17 1/50/17
f 1/51/18 3/52/18 5/53/18 7/54/18 9/55/18 11/56/18 13/57/18 15/58/18 17/59/18 19/60/18 21/61/18 23/62/18 25/63/18 27/64/18 29/65/18 31/66/18
o Torus
v 0.435000 1.650000 0.000000
v 0.430311 1.667500 0.000000
v 0.417500 1.680311 0.000000
v 0.400000 1.685000 0.000000
v 0.382500 1.680311 0.000000
v 0.369689 1.667500 0.000000
v 0.365000 1.650000 0.000000
v 0.369689 1.632500 0.000000
v 0.382500 1.619689 0.000000
v 0.400000 1.615000 0.000000
v 0.417500 1.619689 0.000000
v 0.430311 1.632500 0.000000
v 0.431279 1.650000 -0.042584
v 0.426630 1.667500 -0.042125
v 0.413928 1.680311 -0.040871
v 0.396578 1.685000 -0.039158
v 0.379228 1.680311 -0.037445
v 0.366526 1.667500 -0.036191
v 0.361877 1.650000 -0.035732
v 0.366526 1.632500 -0.036191
v 0.379228 1.619689 -0.037445
v 0.396578 1.615000 -0.039158
v 0.413928 1.619689 -0.040871
v 0.426630 1.632500 -0.042125
v 0.420178 1.650000 -0.084440
v 0.415648 1.667500 -0.083529
v 0.403274 1.680311 -0.081043
v 0.386370 1.685000 -0.077646
v 0.369467 1.680311 -0.074249
v 0.357092 1.667500 -0.071762
v 0.352563 1.650000 -0.070852
v 0.357092 1.632500 -0.071762
v 0.369467 1.619689 -0.074249
v 0.386370 1.615000 -0.077646
v 0.403274 1.619689 -0.081043
v 0.415648 1.632500 -0.083529
v 0.401888 1.650000 -0.124850
v 0.397555 1.667500 -0.123505
v 0.385720 1.680311 -0.119828
v 0.369552 1.685000 -0.114805
v 0.353384 1.680311 -0.109782
v 0.341548 1.667500 -0.106105
v 0.337216 1.650000 -0.104760
v 0.341548 1.632500 -0.106105
v 0.353384 1.619689 -0.109782
v 0.369552 1.615000 -0.114805
v 0.385720 1.619689 -0.119828
v 0.397555 1.632500 -0.123505
v 0.376721 1.650000 -0.163125
v 0.372660 1.667500 -0.161367
v 0.361566 1.680311 -0.156563
v 0.346410 1.685000 -0.150000
v 0.331255 1.680311 -0.143438
v 0.320160 1.667500 -0.138633
v 0.316099 1.650000 -0.136875
v 0.320160 1.632500 -0.138633
v 0.331255 1.619689 -0.143438
v 0.346410 1.615000 -0.150000
v 0.361566 1.619689 -0.156563
v 0.372660 1.632500 -0.161367
v 0.345109 1.650000 -0.198608
v 0.341389 1.667500 -0.196467
v 0.331225 1.680311 -0.190618
v 0.317341 1.685000 -0.182628
v 0.303458 1.680311 -0.174638
v 0.293294 1.667500 -0.168789
v 0.289574 1.650000 -0.166648
v 0.293294 1.632500 -0.168789
v 0.303458 1.619689 -0.174638
v 0.317341 1.615000 -0.182628
v 0.331225 1.619689 -0.190618
v 0.341389 1.632500 -0.196467
v 0.307591 1.650000 -0.230694
v 0.304276 1.667500 -0.228207
v 0.295217 1.680311 -0.221413
v 0.282843 1.685000 -0.212132
v 0.270468 1.680311 -0.202851
v 0.261410 1.667500 -0.196057
v 0.258094 1.650000 -0.193571
v 0.261410 1.632500 -0.196057
v 0.270468 1.619689 -0.202851
v 0.282843 1.615000 -0.212132
v 0.295217 1.619689 -0.221413
v 0.304276 1.632500 -0.228207
v 0.264811 1.650000 -0.258832
v 0.261957 1.667500 -0.256041
v 0.254158 1.680311 -0.248419
v 0.243505 1.685000 -0.238006
v 0.232851 1.680311 -0.227593
v 0.225053 1.667500 -0.219971
v 0.222198 1.650000 -0.217180
v 0.225053 1.632500 -0.219971
v 0.232851 1.619689 -0.227593
v 0.243505 1.615000 -0.238006
v 0.254158 1.619689 -0.248419
v 0.261957 1.632500 -0.256041
v 0.217500 1.650000 -0.282541
v 0.215155 1.667500 -0.279495
v 0.208750 1.680311 -0.271174
v 0.200000 1.685000 -0.259808
v 0.191250 1.680311 -0.248441
v 0.184845 1.667500 -0.240120
v 0.182500 1.650000 -0.237074
v 0.184845 1.632500 -0.240120
v 0.191250 1.619689 -0.248441
v 0.200000 1.615000 -0.259808
v 0.208750 1.619689 -0.271174
v 0.215155 1.632500 -0.279495
v 0.166467 1.650000 -0.301416
v 0.164673 1.667500 -0.298167
v 0.159770 1.680311 -0.289290
v 0.153073 1.685000 -0.277164
v 0.146377 1.680311 -0.265038
v 0.141474 1.667500 -0.256161
v 0.139680 1.650000 -0.252912
v 0.141474 1.632500 -0.256161
v 0.146377 1.619689 -0.265038
v 0.153073 1.615000 -0.277164
v 0.159770 1.619689 -0.289290
v 0.164673 1.632500 -0.298167
v 0.112586 1.650000 -0.315133
v 0.111373 1.667500 -0.311736
v 0.108057 1.680311 -0.302456
v 0.103528 1.685000 -0.289778
v 0.098998 1.680311 -0.277100
v 0.095683 1.667500 -0.267819
v 0.094469 1.650000 -0.264422
v 0.095683 1.632500 -0.267819
v 0.098998 1.619689 -0.277100
v 0.103528 1.615000 -0.289778
v 0.108057 1.619689 -0.302456
v 0.111373 1.632500 -0.311736
v 0.056779 1.650000 -0.323459
v 0.056167 1.667500 -0.319972
v 0.054495 1.680311 -0.310446
v 0.052210 1.685000 -0.297433
v 0.049926 1.680311 -0.284421
v 0.048254 1.667500 -0.274895
v 0.047642 1.650000 -0.271408
v 0.048254 1.632500 -0.274895
v 0.049926 1.619689 -0.284421
v 0.052210 1.615000 -0.297433
v 0.054495 1.619689 -0.310446
v 0.056167 1.632500 -0.319972
v 0.000000 1.650000 -0.326250
v 0.000000 1.667500 -0.322733
v 0.000000 1.680311 -0.313125
v 0.000000 1.685000 -0.300000
v 0.000000 1.680311 -0.286875
v 0.000000 1.667500 -0.277267
v 0.000000 1.650000 -0.273750
v 0.000000 1.632500 -0.277267
v 0.000000 1.619689 -0.286875
v 0.000000 1.615000 -0.300000
v 0.000000 1.619689 -0.313125
v 0.000000 1.632500 -0.322733
v -0.056779 1.650000 -0.323459
v -0.056167 1.667500 -0.319972
v -0.054495 1.680311 -0.310446
v -0.052211 1.685000 -0.297433
v -0.049926 1.680311 -0.284421
v -0.048254 1.667500 -0.274895
v -0.047642 1.650000 -0.271408
v -0.048254 1.632500 -0.274895
v -0.049926 1.619689 -0.284421
v -0.052211 1.615000 -0.297433
v -0.054495 1.619689 -0.310446
v -0.056167 1.632500 -0.319972
v -0.112586 1.650000 -0.315133
v -0.111373 1.667500 -0.311736
v -0.108057 1.680311 -0.302456
v -0.103528 1.685000 -0.289778
v -0.098998 1.680311 -0.277100
v -0.095683 1.667500 -0.267819
v -0.094469 1.650000 -0.264422
v -0.095683 1.632500 -0.267819
v -0.098998 1.619689 -0.277100
v -0.103528 1.615000 -0.289778
v -0.108057 1.619689 -0.302456
v -0.111373 1.632500 -0.311736
v -0.166467 1.650000 -0.301416
v -0.164673 1.667500 -0.298167
v -0.159770 1.680311 -0.289290
v -0.153073 1.685000 -0.277164
v -0.146376 1.680311 -0.265038
v -0.141474 1.667500 -0.256161
v -0.139679 1.650000 -0.252912
v -0.141474 1.632500 -0.256161
v -0.146376 1.619689 -0.265038
v -0.153073 1.615000 -0.277164
v -0.159770 1.619689 -0.289290
v -0.164673 1.632500 -0.298167
v -0.217500 1.650000 -0.282541
v -0.215155 1.667500 -0.279495
v -0.208750 1.680311 -0.271174
v -0.200000 1.685000 -0.259808
v -0.191250 1.680311 -0.248441
v -0.184844 1.667500 -0.240120
v -0.182500 1.650000 -0.237074
v -0.184844 1.632500 -0.240120
v -0.191250 1.619689 -0.248441
v -0.200000 1.615000 -0.259808
v -0.208750 1.619689 -0.271174
v -0.215155 1.632500 -0.279495
v -0.264811 1.650000 -0.258832
v -0.261957 1.667500 -0.256041
v -0.254158 1.680311 -0.248419
v -0.243505 1.685000 -0.238006
v -0.232851 1.680311 -0.227593
v -0.225052 1.667500 -0.219971
v -0.222198 1.650000 -0.217180
v -0.225052 1.632500 -0.219971
v -0.232851 1.619689 -0.227593
v -0.243505 1.615000 -0.238006
v -0.254158 1.619689 -0.248419
v -0.261957 1.632500 -0.256041
v -0.307592 1.650000 -0.230694
v -0.304276 1.667500 -0.228207
v -0.295217 1.680311 -0.221413
v -0.282843 1.685000 -0.212132
v -0.270468 1.680311 -0.202851
v -0.261410 1.667500 -0.196057
v -0.258094 1.650000 -0.193570
v -0.261410 1.632500 -0.196057
v -0.270468 1.619689 -0.202851
v -0.282843 1.615000 -0.212132
v -0.295217 1.619689 -0.221413
v -0.304276 1.632500 -0.228207
v -0.345109 1.650000 -0.198608
v -0.341389 1.667500 -0.196468
v -0.331225 1.680311 -0.190618
v -0.317341 1.685000 -0.182628
v -0.303458 1.680311 -0.174638
v -0.293294 1.667500 -0.168789
v -0.289574 1.650000 -0.166648
v -0.293294 1.632500 -0.168789
v -0.303458 1.619689 -0.174638
v -0.317341 1.615000 -0.182628
v -0.331225 1.619689 -0.190618
v -0.341389 1.632500 -0.196468
v -0.376721 1.650000 -0.163125
v -0.372660 1.667500 -0.161367
v -0.361566 1.680311 -0.156563
v -0.346410 1.685000 -0.150000
v -0.331255 1.680311 -0.143438
v -0.320160 1.667500 -0.138633
v -0.316099 1.650000 -0.136875
v -0.320160 1.632500 -0.138633
v -0.331255 1.619689 -0.143438
v -0.346410 1.615000 -0.150000
v -0.361566 1.619689 -0.156563
v -0.372660 1.632500 -0.161367
v -0.401888 1.650000 -0.124850
v -0.397555 1.667500 -0.123505
v -0.385720 1.680311 -0.119828
v -0.369552 1.685000 -0.114805
v -0.353384 1.680311 -0.109782
v -0.341548 1.667500 -0.106105
v -0.337216 1.650000 -0.104760
v -0.341548 1.632500 -0.106105
v -0.353384 1.619689 -0.109782
v -0.369552 1.615000 -0.114805
v -0.385720 1.619689 -0.119828
v -0.397555 1.632500 -0.123505
v -0.420178 1.650000 -0.084440
v -0.415648 1.667500 -0.083529
v -0.403274 1.680311 -0.081043
v -0.386370 1.685000 -0.077646
v -0.369467 1.680311 -0.074249
v -0.357092 1.667500 -0.071762
v -0.352563 1.650000 -0.070852
v -0.357092 1.632500 -0.071762
v -0.369467 1.619689 -0.074249
v -0.386370 1.615000 -0.077646
v -0.403274 1.619689 -0.081043
v -0.415648 1.632500 -0.083529
v -0.431278 1.650000 -0.042584
v -0.426630 1.667500 -0.042125
v -0.413928 1.680311 -0.040871
v -0.396578 1.685000 -0.039158
v -0.379228 1.680311 -0.037445
v -0.366526 1.667500 -0.036191
v -0.361877 1.650000 -0.035732
v -0.366526 1.632500 -0.036191
v -0.379228 1.619689 -0.037445
v -0.396578 1.615000 -0.039158
v -0.413928 1.619689 -0.040871
v -0.426630 1.632500 -0.042125
v -0.435000 1.650000 -0.000000
v -0.430311 1.667500 -0.000000
v -0.417500 1.680311 -0.000000
v -0.400000 1.685000 -0.000000
v -0.382500 1.680311 -0.000000
v -0.369689 1.667500 -0.000000
v -0.365000 1.650000 -0.000000
v -0.369689 1.632500 -0.000000
v -0.382500 1.619689 -0.000000
v -0.400000 1.615000 -0.000000
v -0.417500 1.619689 -0.000000
v -0.430311 1.632500 -0.000000
v -0.431278 1.650000 0.042584
v -0.426630 1.667500 0.042125
v -0.413928 1.680311 0.040871
v -0.396578 1.685000 0.039158
v -0.379228 1.680311 0.037445
v -0.366526 1.667500 0.036191
v -0.361877 1.650000 0.035732
v -0.366526 1.632500 0.036191
v -0.379228 1.619689 0.037445
v -0.396578 1.615000 0.039158
v -0.413928 1.619689 0.040871
v -0.426630 1.632500 0.042125
v -0.420178 1.650000 0.084440
v -0.415648 1.667500 0.083529
v -0.403274 1.680311 0.081043
v -0.386370 1.685000 0.077646
v -0.369467 1.680311 0.074249
v -0.357092 1.667500 0.071762
v -0.352563 1.650000 0.070852
v -0.357092 1.632500 0.071762
v -0.369467 1.619689 0.074249
v -0.386370 1.615000 0.077646
v -0.403274 1.619689 0.081043
v -0.415648 1.632500 0.083529
v -0.401888 1.650000 0.124850
v -0.397556 1.667500 0.123505
v -0.385720 1.680311 0.119828
v -0.369552 1.685000 0.114805
v -0.353384 1.680311 0.109782
v -0.341548 1.667500 0.106105
v -0.337216 1.650000 0.104759
v -0.341548 1.632500 0.106105
v -0.353384 1.619689 0.109782
v -0.369552 1.615000 0.114805
v -0.385720 1.619689 0.119828
v -0.397556 1.632500 0.123505
v -0.376721 1.650000 0.163125
v -0.372660 1.667500 0.161367
v -0.361566 1.680311 0.156562
v -0.346410 1.685000 0.150000
v -0.331255 1.680311 0.143437
v -0.320160 1.667500 0.138633
v -0.316099 1.650000 0.136875
v -0.320160 1.632500 0.138633
v -0.331255 1.619689 0.143437
v -0.346410 1.615000 0.150000
v -0.361566 1.619689 0.156562
v -0.372660 1.632500 0.161367
v -0.345109 1.650000 0.198608
v -0.341389 1.667500 0.196468
v -0.331225 1.680311 0.190618
v -0.317341 1.685000 0.182628
v -0.303458 1.680311 0.174638
v -0.293294 1.667500 0.168789
v -0.289574 1.650000 0.166648
v -0.293294 1.632500 0.168789
v -0.303458 1.619689 0.174638
v -0.317341 1.615000 0.182628
v -0.331225 1.619689 0.190618
v -0.341389 1.632500 0.196468
v -0.307592 1.650000 0.230694
v -0.304276 1.667500 0.228207
v -0.295217 1.680311 0.221413
v -0.282843 1.685000 0.212132
v -0.270468 1.680311 0.202851
v -0.261410 1.667500 0.196057
v -0.258094 1.650000 0.193570
v -0.261410 1.632500 0.196057
v -0.270468 1.619689 0.202851
v -0.282843 1.615000 0.212132
v -0.295217 1.619689 0.221413
v -0.304276 1.632500 0.228207
v -0.264811 1.650000 0.258831
v -0.261957 1.667500 0.256041
v -0.254158 1.680311 0.248419
v -0.243505 1.685000 0.238006
v -0.232851 1.680311 0.227593
v -0.225053 1.667500 0.219970
v -0.222198 1.650000 0.217180
v -0.225053 1.632500 0.219970
v -0.232851 1.619689 0.227593
v -0.243505 1.615000 0.238006
v -0.254158 1.619689 0.248419
v -0.261957 1.632500 0.256041
v -0.217500 1.650000 0.282541
v -0.215155 1.667500 0.279495
v -0.208750 1.680311 0.271174
v -0.200000 1.685000 0.259808
v -0.191250 1.680311 0.248441
v -0.184844 1.667500 0.240120
v -0.182500 1.650000 0.237074
v -0.184844 1.632500 0.240120
v -0.191250 1.619689 0.248441
v -0.200000 1.615000 0.259808
v -0.208750 1.619689 0.271174
v -0.215155 1.632500 0.279495
v -0.166467 1.650000 0.301416
v -0.164673 1.667500 0.298167
v -0.159770 1.680311 0.289290
v -0.153073 1.685000 0.277164
v -0.146376 1.680311 0.265038
v -0.141474 1.667500 0.256161
v -0.139679 1.650000 0.252912
v -0.141474 1.632500 0.256161
v -0.146376 1.619689 0.265038
v -0.153073 1.615000 0.277164
v -0.159770 1.619689 0.289290
v -0.164673 1.632500 0.298167
v -0.112586 1.650000 0.315133
v -0.111373 1.667500 0.311736
v -0.108057 1.680311 0.302456
v -0.103528 1.685000 0.289778
v -0.098998 1.680311 0.277100
v -0.095683 1.667500 0.267819
v -0.094469 1.650000 0.264422
v -0.095683 1.632500 0.267819
v -0.098998 1.619689 0.277100
v -0.103528 1.615000 0.289778
v -0.108057 1.619689 0.302456
v -0.111373 1.632500 0.311736
v -0.056779 1.650000 0.323459
v -0.056167 1.667500 0.319972
v -0.054495 1.680311 0.310446
v -0.052211 1.685000 0.297433
v -0.049926 1.680311 0.284421
v -0.048254 1.667500 0.274895
v -0.047642 1.650000 0.271408
v -0.048254 1.632500 0.274895
v -0.049926 1.619689 0.284421
v -0.052211 1.615000 0.297433
v -0.054495 1.619689 0.310446
v -0.056167 1.632500 0.319972
v 0.000000 1.650000 0.326250
v 0.000000 1.667500 0.322733
v 0.000000 1.680311 0.313125
v 0.000000 1.685000 0.300000
v 0.000000 1.680311 0.286875
v 0.000000 1.667500 0.277267
v 0.000000 1.650000 0.273750
v 0.000000 1.632500 0.277267
v 0.000000 1.619689 0.286875
v 0.000000 1.615000 0.300000
v 0.000000 1.619689 0.313125
v 0.000000 1.632500 0.322733
v 0.056779 1.650000 0.323459
v 0.056167 1.667500 0.319972
v 0.054495 1.680311 0.310446
v 0.052210 1.685000 0.297433
v 0.049926 1.680311 0.284421
v 0.048254 1.667500 0.274895
v 0.047642 1.650000 0.271408
v 0.048254 1.632500 0.274895
v 0.049926 1.619689 0.284421
v 0.052210 1.615000 0.297433
v 0.054495 1.619689 0.310446
v 0.056167 1.632500 0.319972
v 0.112586 1.650000 0.315133
v 0.111372 1.667500 0.311736
v 0.108057 1.680311 0.302456
v 0.103527 1.685000 0.289778
v 0.098998 1.680311 0.277100
v 0.095682 1.667500 0.267819
v 0.094469 1.650000 0.264422
v 0.095682 1.632500 0.267819
v 0.098998 1.619689 0.277100
v 0.103527 1.615000 0.289778
v 0.108057 1.619689 0.302456
v 0.111372 1.632500 0.311736
v 0.166467 1.650000 0.301416
v 0.164673 1.667500 0.298167
v 0.159770 1.680311 0.289290
v 0.153073 1.685000 0.277164
v 0.146377 1.680311 0.265038
v 0.141474 1.667500 0.256161
v 0.139680 1.650000 0.252912
v 0.141474 1.632500 0.256161
v 0.146377 1.619689 0.265038
v 0.153073 1.615000 0.277164
v 0.159770 1.619689 0.289290
v 0.164673 1.632500 0.298167
v 0.217500 1.650000 0.282541
v 0.215155 1.667500 0.279495
v 0.208750 1.680311 0.271174
v 0.200000 1.685000 0.259808
v 0.191250 1.680311 0.248441
v 0.184845 1.667500 0.240120
v 0.182500 1.650000 0.237074
v 0.184845 1.632500 0.240120
v 0.191250 1.619689 0.248441
v 0.200000 1.615000 0.259808
v 0.208750 1.619689 0.271174
v 0.215155 1.632500 0.279495
v 0.264811 1.650000 0.258832
v 0.261957 1.667500 0.256041
v 0.254158 1.680311 0.248419
v 0.243504 1.685000 0.238006
v 0.232851 1.680311 0.227593
v 0.225052 1.667500 0.219971
v 0.222198 1.650000 0.217181
v 0.225052 1.632500 0.219971
v 0.232851 1.619689 0.227593
v 0.243504 1.615000 0.238006
v 0.254158 1.619689 0.248419
v 0.261957 1.632500 0.256041
v 0.307591 1.650000 0.230694
v 0.304276 1.667500 0.228207
v 0.295217 1.680311 0.221413
v 0.282843 1.685000 0.212132
v 0.270468 1.680311 0.202851
v 0.261410 1.667500 0.196057
v 0.258094 1.650000 0.193571
v 0.261410 1.632500 0.196057
v 0.270468 1.619689 0.202851
v 0.282843 1.615000 0.212132
v 0.295217 1.619689 0.221413
v 0.304276 1.632500 0.228207
v 0.345109 1.650000 0.198608
v 0.341389 1.667500 0.196467
v 0.331225 1.680311 0.190618
v 0.317341 1.685000 0.182628
v 0.303458 1.680311 0.174638
v 0.293294 1.667500 0.168789
v 0.289574 1.650000 0.166648
v 0.293294 1.632500 0.168789
v 0.303458 1.619689 0.174638
v 0.317341 1.615000 0.182628
v 0.331225 1.619689 0.190618
v 0.341389 1.632500 0.196467
v 0.376721 1.650000 0.163125
v 0.372660 1.667500 0.161367
v 0.361566 1.680311 0.156563
v 0.346410 1.685000 0.150000
v 0.331255 1.680311 0.143438
v 0.320160 1.667500 0.138633
v 0.316099 1.650000 0.136875
v 0.320160 1.632500 0.138633
v 0.331255 1.619689 0.143438
v 0.346410 1.615000 0.150000
v 0.361566 1.619689 0.156563
v 0.372660 1.632500 0.161367
v 0.401888 1.650000 0.124851
v 0.397555 1.667500 0.123505
v 0.385720 1.680311 0.119828
v 0.369552 1.685000 0.114805
v 0.353384 1.680311 0.109782
v 0.341548 1.667500 0.106106
v 0.337216 1.650000 0.104760
v 0.341548 1.632500 0.106106
v 0.353384 1.619689 0.109782
v 0.369552 1.615000 0.114805
v 0.385720 1.619689 0.119828
v 0.397555 1.632500 0.123505
v 0.420178 1.650000 0.084440
v 0.415648 1.667500 0.083529
v 0.403274 1.680311 0.081043
v 0.386370 1.685000 0.077646
v 0.369467 1.680311 0.074249
v 0.357092 1.667500 0.071762
v 0.352563 1.650000 0.070852
v 0.357092 1.632500 0.071762
v 0.369467 1.619689 0.074249
v 0.386370 1.615000 0.077646
v 0.403274 1.619689 0.081043
v 0.415648 1.632500 0.083529
v 0.431279 1.650000 0.042584
v 0.426630 1.667500 0.042125
v 0.413928 1.680311 0.040871
v 0.396578 1.685000 0.039158
v 0.379228 1.680311 0.037445
v 0.366526 1.667500 0.036191
v 0.361877 1.650000 0.035732
v 0.366526 1.632500 0.036191
v 0.379228 1.619689 0.037445
v 0.396578 1.615000 0.039158
v 0.413928 1.619689 0.040871
v 0.426630 1.632500 0.042125
vn 0.9625 0.2579 -0.0841
vn 0.7058 0.7058 -0.0617
vn 0.2588 0.9657 -0.0226
vn -0.2588 0.9657 0.0226
vn -0.7058 0.7058 0.0617
vn -0.9625 0.2579 0.0841
vn -0.9625 -0.2579 0.0841
vn -0.7058 -0.7058 0.0617
vn -0.2588 -0.9657 0.0226
vn 0.2588 -0.9657 -0.0226
vn 0.7058 -0.7058 -0.0617
vn 0.9625 -0.2579 -0.0841
vn 0.9347 0.2548 -0.2479
vn 0.6892 0.7012 -0.1828
vn 0.2541 0.9648 -0.0674
vn -0.2541 0.9648 0.0674
vn -0.6892 0.7012 0.1828
vn -0.9347 0.2548 0.2479
vn -0.9347 -0.2548 0.2479
vn -0.6892 -0.7012 0.1828
vn -0.2541 -0.9648 0.0674
vn 0.2541 -0.9648 -0.0674
vn 0.6892 -0.7012 -0.1828
vn 0.9347 -0.2548 -0.2479
vn 0.8823 0.2491 -0.3993
vn 0.6572 0.6925 -0.2975
vn 0.2449 0.9632 -0.1108
vn -0.2449 0.9632 0.1108
vn -0.6572 0.6925 0.2975
vn -0.8823 0.2491 0.3993
vn -0.8823 -0.2491 0.3993
vn -0.6572 -0.6925 0.2975
vn -0.2449 -0.9632 0.1108
vn 0.2449 -0.9632 -0.1108
vn 0.6572 -0.6925 -0.2975
vn 0.8823 -0.2491 -0.3993
vn 0.8108 0.2417 -0.5331
vn 0.6120 0.6809 -0.4024
vn 0.2314 0.9609 -0.1522
vn -0.2314 0.9609 0.1522
vn -0.6120 0.6809 0.4024
vn -0.8108 0.2417 0.5331
vn -0.8108 -0.2417 0.5331
vn -0.6120 -0.6809 0.4024
vn -0.2314 -0.9609 0.1522
vn 0.2314 -0.9609 -0.1522
vn 0.6120 -0.6809 -0.4024
vn 0.8108 -0.2417 -0.5331
vn 0.7260 0.2335 -0.6468
vn 0.5561 0.6673 -0.4954
vn 0.2139 0.9581 -0.1906
vn -0.2139 0.9581 0.1906
vn -0.5561 0.6673 0.4954
vn -0.7260 0.2335 0.6468
vn -0.7260 -0.2335 0.6468
vn -0.5561 -0.6673 0.4954
vn -0.2139 -0.9581 0.1906
vn 0.2139 -0.9581 -0.1906
vn 0.5561 -0.6673 -0.4954
vn 0.7260 -0.2335 -0.6468
vn 0.6332 0.2252 -0.7405
vn 0.4921 0.6532 -0.5755
vn 0.1928 0.9550 -0.2254
vn -0.1928 0.9550 0.2254
vn -0.4921 0.6532 0.5755
vn -0.6332 0.2252 0.7405
vn -0.6332 -0.2252 0.7405
vn -0.4921 -0.6532 0.5755
vn -0.1928 -0.9550 0.2254
vn 0.1928 -0.9550 -0.2254
vn 0.4921 -0.6532 -0.5755
vn 0.6332 -0.2252 -0.7405
vn 0.5364 0.2175 -0.8155
vn 0.4225 0.6394 -0.6424
vn 0.1685 0.9518 -0.2562
vn -0.1685 0.9518 0.2562
vn -0.4225 0.6394 0.6424
vn -0.5364 0.2175 0.8155
vn -0.5364 -0.2175 0.8155
vn -0.4225 -0.6394 0.6424
vn -0.1685 -0.9518 0.2562
vn 0.1685 -0.9518 -0.2562
vn 0.4225 -0.6394 -0.6424
vn 0.5364 -0.2175 -0.8155
vn 0.4380 0.2108 -0.8739
vn 0.3490 0.6269 -0.6965
vn 0.1415 0.9488 -0.2824
vn -0.1415 0.9488 0.2824
vn -0.3490 0.6269 0.6965
vn -0.4380 0.2108 0.8739
vn -0.4380 -0.2108 0.8739
vn -0.3490 -0.6269 0.6965
vn -0.1415 -0.9488 0.2824
vn 0.1415 -0.9488 -0.2824
vn 0.3490 -0.6269 -0.6965
vn 0.4380 -0.2108 -0.8739
vn 0.3395 0.2052 -0.9179
vn 0.2732 0.6163 -0.7386
vn 0.1124 0.9461 -0.3038
vn -0.1124 0.9461 0.3038
vn -0.2732 0.6163 0.7386
vn -0.3395 0.2052 0.9179
vn -0.3395 -0.2052 0.9179
vn -0.2732 -0.6163 0.7386
vn -0.1124 -0.9461 0.3038
vn 0.1124 -0.9461 -0.3038
vn 0.2732 -0.6163 -0.7386
vn 0.3395 -0.2052 -0.9179
vn 0.2417 0.2010 -0.9493
vn 0.1959 0.6081 -0.7694
vn 0.0815 0.9439 -0.3200
vn -0.0815 0.9439 0.3200
vn -0.1959 0.6080 0.7694
vn -0.2417 0.2010 0.9493
vn -0.2417 -0.2010 0.9493
vn -0.1959 -0.6080 0.7694
vn -0.0815 -0.9439 0.3200
vn 0.0815 -0.9439 -0.3200
vn 0.1959 -0.6081 -0.7694
vn 0.2417 -0.2010 -0.9493
vn 0.1446 0.1982 -0.9694
vn 0.1178 0.6024 -0.7895
vn 0.0494 0.9424 -0.3309
vn -0.0494 0.9424 0.3309
vn -0.1178 0.6024 0.7895
vn -0.1446 0.1982 0.9694
vn -0.1446 -0.1982 0.9694
vn -0.1178 -0.6024 0.7895
vn -0.0494 -0.9424 0.3309
vn 0.0494 -0.9424 -0.3309
vn 0.1178 -0.6024 -0.7895
vn 0.1446 -0.1982 -0.9694
vn 0.0481 0.1968 -0.9793
vn 0.0393 0.5995 -0.7994
vn 0.0165 0.9416 -0.3364
vn -0.0165 0.9416 0.3364
vn -0.0393 0.5995 0.7994
vn -0.0481 0.1968 0.9793
vn -0.0481 -0.1968 0.9793
vn -0.0393 -0.5995 0.7994
vn -0.0165 -0.9416 0.3364
vn 0.0165 -0.9416 -0.3364
vn 0.0393 -0.5995 -0.7994
vn 0.0481 -0.1968 -0.9793
vn -0.0481 0.1968 -0.9793
vn -0.0393 0.5995 -0.7994
vn -0.0165 0.9416 -0.3364
vn 0.0165 0.9416 0.3364
vn 0.0393 0.5995 0.7994
vn 0.0481 0.1968 0.9793
vn 0.0481 -0.1968 0.9793
vn 0.0393 -0.5995 0.7994
vn 0.0165 -0.9416 0.3364
vn -0.0165 -0.9416 -0.3364
vn -0.0393 -0.5995 -0.7994
vn -0.0481 -0.1968 -0.9793
vn -0.1446 0.1982 -0.9694
vn -0.1178 0.6024 -0.7895
vn -0.0494 0.9424 -0.3309
vn 0.0494 0.9424 0.3309
vn 0.1178 0.6024 0.7895
vn 0.1446 0.1982 0.9694
vn 0.1446 -0.1982 0.9694
vn 0.1178 -0.6024 0.7895
vn 0.0494 -0.9424 0.3309
vn -0.0494 -0.9424 -0.3309
vn -0.1178 -0.6024 -0.7895
vn -0.1446 -0.1982 -0.9694
vn -0.2417 0.2010 -0.9493
vn -0.1959 0.6081 -0.7694
vn -0.0815 0.9439 -0.3200
vn 0.0815 0.9439 0.3200
vn 0.1959 0.6081 0.7694
vn 0.2417 0.2010 0.9493
vn 0.2417 -0.2010 0.9493
vn 0.1959 -0.6081 0.7694
vn 0.0815 -0.9439 0.3200
vn -0.0815 -0.9439 -0.3200
vn -0.1959 -0.6081 -0.7694
vn -0.2417 -0.2010 -0.9493
vn -0.3395 0.2052 -0.9179
vn -0.2732 0.6163 -0.7386
vn -0.1124 0.9461 -0.3038
vn 0.1124 0.9461 0.3038
vn 0.2732 0.6163 0.7386
vn 0.3395 0.2052 0.9179
vn 0.3395 -0.2052 0.9179
vn 0.2732 -0.6163 0.7386
vn 0.1124 -0.9461 0.3038
vn -0.1124 -0.9461 -0.3038
vn -0.2732 -0.6163 -0.7386
vn -0.3395 -0.2052 -0.9179
vn -0.4380 0.2108 -0.8739
vn -0.3490 0.6269 -0.6965
vn -0.1415 0.9488 -0.2824
vn 0.1415 0.9488 0.2824
vn 0.3490 0.6269 0.6965
vn 0.4380 0.2108 0.8739
vn 0.4380 -0.2108 0.8739
vn 0.3490 -0.6269 0.6965
vn 0.1415 -0.9488 0.2824
vn -0.1415 -0.9488 -0.2824
vn -0.3490 -0.6269 -0.6965
vn -0.4380 -0.2108 -0.8739
vn -0.5364 0.2175 -0.8155
vn -0.4225 0.6394 -0.6424
vn -0.1685 0.9518 -0.2562
vn 0.1685 0.9518 0.2562
vn 0.4225 0.6394 0.6424
vn 0.5364 0.2175 0.8155
vn 0.5364 -0.2175 0.8155
vn 0.4225 -0.6394 0.6424
vn 0.1685 -0.9518 0.2562
vn -0.1685 -0.9518 -0.2562
vn -0.4225 -0.6394 -0.6424
vn -0.5364 -0.2175 -0.8155
vn -0.6332 0.2252 -0.7405
vn -0.4921 0.6532 -0.5755
vn -0.1928 0.9550 -0.2254
vn 0.1928 0.9550 0.2254
vn 0.4921 0.6532 0.5755
vn 0.6332 0.2252 0.7405
vn 0.6332 -0.2252 0.7405
vn 0.4921 -0.6532 0.5755
vn 0.1928 -0.9550 0.2254
vn -0.1928 -0.9550 -0.2254
vn -0.4921 -0.6532 -0.5755
vn -0.6332 -0.2252 -0.7405
vn -0.7260 0.2335 -0.6468
vn -0.5561 0.6673 -0.4954
vn -0.2139 0.9581 -0.1906
vn 0.2139 0.9581 0.1906
vn 0.5561 0.6674 0.4954
vn 0.7260 0.2335 0.6468
vn 0.7260 -0.2335 0.6468
vn 0.5561 -0.6673 0.4954
vn 0.2139 -0.9581 0.1906
vn -0.2139 -0.9581 -0.1906
vn -0.5561 -0.6673 -0.4954
vn -0.7260 -0.2335 -0.6468
vn -0.8108 0.2417 -0.5331
vn -0.6120 0.6809 -0.4024
vn -0.2314 0.9609 -0.1522
vn 0.2314 0.9609 0.1522
vn 0.6120 0.6809 0.4024
vn 0.8108 0.2417 0.5331
vn 0.8108 -0.2417 0.5331
vn 0.6120 -0.6809 0.4024
vn 0.2314 -0.9609 0.1522
vn -0.2314 -0.9609 -0.1522
vn -0.6120 -0.6809 -0.4024
vn -0.8108 -0.2417 -0.5331
vn -0.8823 0.2491 -0.3993
vn -0.6572 0.6925 -0.2975
vn -0.2449 0.9632 -0.1108
vn 0.2449 0.9632 0.1108
vn 0.6572 0.6925 0.2975
vn 0.8823 0.2491 0.3993
vn 0.8823 -0.2491 0.3993
vn 0.6572 -0.6925 0.2975
vn 0.2449 -0.9632 0.1108
vn -0.2449 -0.9632 -0.1108
vn -0.6572 -0.6925 -0.2975
vn -0.8823 -0.2491 -0.3993
vn -0.9347 0.2548 -0.2479
vn -0.6892 0.7012 -0.1828
vn -0.2541 0.9648 -0.0674
vn 0.2541 0.9648 0.0674
vn 0.6892 0.7012 0.1828
vn 0.9347 0.2548 0.2479
vn 0.9347 -0.2548 0.2479
vn 0.6892 -0.7012 0.1828
vn 0.2541 -0.9648 0.0674
vn -0.2541 -0.9648 -0.0674
vn -0.6892 -0.7012 -0.1828
vn -0.9347 -0.2548 -0.2479
vn -0.9625 0.2579 -0.0841
vn -0.7058 0.7058 -0.0617
vn -0.2588 0.9657 -0.0226
vn 0.2588 0.9657 0.0226
vn 0.7058 0.7058 0.0617
vn 0.9625 0.2579 0.0841
vn 0.9625 -0.2579 0.0841
vn 0.7058 -0.7058 0.0617
vn 0.2588 -0.9657 0.0226
vn -0.2588 -0.9657 -0.0226
vn -0.7058 -0.7058 -0.0617
vn -0.9625 -0.2579 -0.0841
vn -0.1959 0.6081 0.7694
vn -0.1959 -0.6081 0.7694
vn 0.5561 0.6673 0.4954
vt 0.500000 0.500000
vt 0.520833 0.500000
vt 0.520833 0.583333
vt 0.500000 0.583333
vt 0.520833 0.666667
vt 0.500000 0.666667
vt 0.520833 0.750000
vt 0.500000 0.750000
vt 0.520833 0.833333
vt 0.500000 0.833333
vt 0.520833 0.916667
vt 0.500000 0.916667
vt 0.520833 1.000000
vt 0.500000 1.000000
vt 0.500000 0.000000
vt 0.520833 0.000000
vt 0.520833 0.083333
vt 0.500000 0.083333
vt 0.520833 0.166667
vt 0.500000 0.166667
vt 0.520833 0.250000
vt 0.500000 0.250000
vt 0.520833 0.333333
vt 0.500000 0.333333
vt 0.520833 0.416667
vt 0.500000 0.416667
vt 0.541667 0.500000
vt 0.541667 0.583333
vt 0.541667 0.666667
vt 0.541667 0.750000
vt 0.541667 0.833333
vt 0.541667 0.916667
vt 0.541667 1.000000
vt 0.541667 0.000000
vt 0.541667 0.083333
vt 0.541667 0.166667
vt 0.541667 0.250000
vt 0.541667 0.333333
vt 0.541667 0.416667
vt 0.562500 0.500000
vt 0.562500 0.583333
vt 0.562500 0.666667
vt 0.562500 0.750000
vt 0.562500 0.833333
vt 0.562500 0.916667
vt 0.562500 1.000000
vt 0.562500 0.000000
vt 0.562500 0.083333
vt 0.562500 0.166667
vt 0.562500 0.250000
vt 0.562500 0.333333
vt 0.562500 0.416667
vt 0.583333 0.500000
vt 0.583333 0.583333
vt 0.583333 0.666667
vt 0.583333 0.750000
vt 0.583333 0.833333
vt 0.583333 0.916667
vt 0.583333 1.000000
vt 0.583333 0.000000
vt 0.583333 0.083333
vt 0.583333 0.166667
vt 0.583333 0.250000
vt 0.583333 0.333333
vt 0.583333 0.416667
vt 0.604167 0.500000
vt 0.604167 0.583333
vt 0.604167 0.666667
vt 0.604167 0.750000
vt 0.604167 0.833333
vt 0.604167 0.916667
vt 0.604167 1.000000
vt 0.604167 0.000000
vt 0.604167 0.083333
vt 0.604167 0.166667
vt 0.604167 0.250000
vt 0.604167 0.333333
vt 0.604167 0.416667
vt 0.625000 0.500000
vt 0.625000 0.583333
vt 0.625000 0.666667
vt 0.625000 0.750000
vt 0.625000 0.833333
vt 0.625000 0.916667
vt 0.625000 1.000000
vt 0.625000 0.000000
vt 0.625000 0.083333
vt 0.625000 0.166667
vt 0.625000 0.250000
vt 0.625000 0.333333
vt 0.625000 0.416667
vt 0.645833 0.500000
vt 0.645833 0.583333
vt 0.645833 0.666667
vt 0.645833 0.750000
vt 0.645833 0.833333
vt 0.645833 0.916667
vt 0.645833 1.000000
vt 0.645833 0.000000
vt 0.645833 0.083333
vt 0.645833 0.166667
vt 0.645833 0.250000
vt 0.645833 0.333333
vt 0.645833 0.416667
vt 0.666667 0.500000
vt 0.666667 0.583333
vt 0.666667 0.666667
vt 0.666667 0.750000
vt 0.666667 0.833333
vt 0.666667 0.916667
vt 0.666667 1.000000
vt 0.666667 0.000000
vt 0.666667 0.083333
vt 0.666667 0.166667
vt 0.666667 0.250000
vt 0.666667 0.333333
vt 0.666667 0.416667
vt 0.687500 0.500000
vt 0.687500 0.583333
vt 0.687500 0.666667
vt 0.687500 0.750000
vt 0.687500 0.833333
vt 0.687500 0.916667
vt 0.687500 1.000000
vt 0.687500 0.000000
vt 0.687500 0.083333
vt 0.687500 0.166667
vt 0.687500 0.250000
vt 0.687500 0.333333
vt 0.687500 0.416667
vt 0.708333 0.500000
vt 0.708333 0.583333
vt 0.708333 0.666667
vt 0.708333 0.750000
vt 0.708333 0.833333
vt 0.708333 0.916667
vt 0.708333 1.000000
vt 0.708333 0.000000
vt 0.708333 0.083333
vt 0.708333 0.166667
vt 0.708333 0.250000
vt 0.708333 0.333333
vt 0.708333 0.416667
vt 0.729167 0.500000
vt 0.729167 0.583333
vt 0.729167 0.666667
vt 0.729167 0.750000
vt 0.729167 0.833333
vt 0.729167 0.916667
vt 0.729167 1.000000
vt 0.729167 0.000000
vt 0.729167 0.083333
vt 0.729167 0.166667
vt 0.729167 0.250000
vt 0.729167 0.333333
vt 0.729167 0.416667
vt 0.750000 0.500000
vt 0.750000 0.583333
vt 0.750000 0.666667
vt 0.750000 0.750000
vt 0.750000 0.833333
vt 0.750000 0.916667
vt 0.750000 1.000000
vt 0.750000 0.000000
vt 0.750000 0.083333
vt 0.750000 0.166667
vt 0.750000 0.250000
vt 0.750000 0.333333
vt 0.750000 0.416667
vt 0.770833 0.500000
vt 0.770833 0.583333
vt 0.770833 0.666667
vt 0.770833 0.750000
vt 0.770833 0.833333
vt 0.770833 0.916667
vt 0.770833 1.000000
vt 0.770833 0.000000
vt 0.770833 0.083333
vt 0.770833 0.166667
vt 0.770833 0.250000
vt 0.770833 0.333333
vt 0.770833 0.416667
vt 0.791667 0.500000
vt 0.791667 0.583333
vt 0.791667 0.666667
vt 0.791667 0.750000
vt 0.791667 0.833333
vt 0.791667 0.916667
vt 0.791667 1.000000
vt 0.791667 0.000000
vt 0.791667 0.083333
vt 0.791667 0.166667
vt 0.791667 0.250000
vt 0.791667 0.333333
vt 0.791667 0.416667
vt 0.812500 0.500000
vt 0.812500 0.583333
vt 0.812500 0.666667
vt 0.812500 0.750000
vt 0.812500 0.833333
vt 0.812500 0.916667
vt 0.812500 1.000000
vt 0.812500 0.000000
vt 0.812500 0.083333
vt 0.812500 0.166667
vt 0.812500 0.250000
vt 0.812500 0.333333
vt 0.812500 0.416667
vt 0.833333 0.500000
vt 0.833333 0.583333
vt 0.833333 0.666667
vt 0.833333 0.750000
vt 0.833333 0.833333
vt 0.833333 0.916667
vt 0.833333 1.000000
vt 0.833333 0.000000
vt 0.833333 0.083333
vt 0.833333 0.166667
vt 0.833333 0.250000
vt 0.833333 0.333333
vt 0.833333 0.416667
vt 0.854167 0.500000
vt 0.854167 0.583333
vt 0.854167 0.666667
vt 0.854167 0.750000
vt 0.854167 0.833333
vt 0.854167 0.916667
vt 0.854167 1.000000
vt 0.854167 0.000000
vt 0.854167 0.083333
vt 0.854167 0.166667
vt 0.854167 0.250000
vt 0.854167 0.333333
vt 0.854167 0.416667
vt 0.875000 0.500000
vt 0.875000 0.583333
vt 0.875000 0.666667
vt 0.875000 0.750000
vt 0.875000 0.833333
vt 0.875000 0.916667
vt 0.875000 1.000000
vt 0.875000 0.000000
vt 0.875000 0.083333
vt 0.875000 0.166667
vt 0.875000 0.250000
vt 0.875000 0.333333
vt 0.875000 0.416667
vt 0.895833 0.500000
vt 0.895833 0.583333
vt 0.895833 0.666667
vt 0.895833 0.750000
vt 0.895833 0.833333
vt 0.895833 0.916667
vt 0.895833 1.000000
vt 0.895833 0.000000
vt 0.895833 0.083333
vt 0.895833 0.166667
vt 0.895833 0.250000
vt 0.895833 0.333333
vt 0.895833 0.416667
vt 0.916667 0.500000
vt 0.916667 0.583333
vt 0.916667 0.666667
vt 0.916667 0.750000
vt 0.916667 0.833333
vt 0.916667 0.916667
vt 0.916667 1.000000
vt 0.916667 0.000000
vt 0.916667 0.083333
vt 0.916667 0.166667
vt 0.916667 0.250000
vt 0.916667 0.333333
vt 0.916667 0.416667
vt 0.937500 0.500000
vt 0.937500 0.583333
vt 0.937500 0.666667
vt 0.937500 0.750000
vt 0.937500 0.833333
vt 0.937500 0.916667
vt 0.937500 1.000000
vt 0.937500 0.000000
vt 0.937500 0.083333
vt 0.937500 0.166667
vt 0.937500 0.250000
vt 0.937500 0.333333
vt 0.937500 0.416667
vt 0.958333 0.500000
vt 0.958333 0.583333
vt 0.958333 0.666667
vt 0.958333 0.750000
vt 0.958333 0.833333
vt 0.958333 0.916667
vt 0.958333 1.000000
vt 0.958333 0.000000
vt 0.958333 0.083333
vt 0.958333 0.166667
vt 0.958333 0.250000
vt 0.958333 0.333333
vt 0.958333 0.416667
vt 0.979167 0.500000
vt 0.979167 0.583333
vt 0.979167 0.666667
vt 0.979167 0.750000
vt 0.979167 0.833333
vt 0.979167 0.916667
vt 0.979167 1.000000
vt 0.979167 0.000000
vt 0.979167 0.083333
vt 0.979167 0.166667
vt 0.979167 0.250000
vt 0.979167 0.333333
vt 0.979167 0.416667
vt 1.000000 0.500000
vt 1.000000 0.583333
vt 1.000000 0.666667
vt 1.000000 0.750000
vt 1.000000 0.833333
vt 1.000000 0.916667
vt 1.000000 1.000000
vt 1.000000 0.000000
vt 1.000000 0.083333
vt 1.000000 0.166667
vt 1.000000 0.250000
vt 1.000000 0.333333
vt 1.000000 0.416667
vt 0.000000 0.500000
vt 0.020833 0.500000
vt 0.020833 0.583333
vt 0.000000 0.583333
vt 0.020833 0.666667
vt 0.000000 0.666667
vt 0.020833 0.750000
vt 0.000000 0.750000
vt 0.020833 0.833333
vt 0.000000 0.833333
vt 0.020833 0.916667
vt 0.000000 0.916667
vt 0.020833 1.000000
vt 0.000000 1.000000
vt 0.000000 0.000000
vt 0.020833 0.000000
vt 0.020833 0.083333
vt 0.000000 0.083333
vt 0.020833 0.166667
vt 0.000000 0.166667
vt 0.020833 0.250000
vt 0.000000 0.250000
vt 0.020833 0.333333
vt 0.000000 0.333333
vt 0.020833 0.416667
vt 0.000000 0.416667
vt 0.041667 0.500000
vt 0.041667 0.583333
vt 0.041667 0.666667
vt 0.041667 0.750000
vt 0.041667 0.833333
vt 0.041667 0.916667
vt 0.041667 1.000000
vt 0.041667 0.000000
vt 0.041667 0.083333
vt 0.041667 0.166667
vt 0.041667 0.250000
vt 0.041667 0.333333
vt 0.041667 0.416667
vt 0.062500 0.500000
vt 0.062500 0.583333
vt 0.062500 0.666667
vt 0.062500 0.750000
vt 0.062500 0.833333
vt 0.062500 0.916667
vt 0.062500 1.000000
vt 0.062500 0.000000
vt 0.062500 0.083333
vt 0.062500 0.166667
vt 0.062500 0.250000
vt 0.062500 0.333333
vt 0.062500 0.416667
vt 0.083333 0.500000
vt 0.083333 0.583333
vt 0.083333 0.666667
vt 0.083333 0.750000
vt 0.083333 0.833333
vt 0.083333 0.916667
vt 0.083333 1.000000
vt 0.083333 0.000000
vt 0.083333 0.083333
vt 0.083333 0.166667
vt 0.083333 0.250000
vt 0.083333 0.333333
vt 0.083333 0.416667
vt 0.104167 0.500000
vt 0.104167 0.583333
vt 0.104167 0.666667
vt 0.104167 0.750000
vt 0.104167 0.833333
vt 0.104167 0.916667
vt 0.104167 1.000000
vt 0.104167 0.000000
vt 0.104167 0.083333
vt 0.104167 0.166667
vt 0.104167 0.250000
vt 0.104167 0.333333
vt 0.104167 0.416667
vt 0.125000 0.500000
vt 0.125000 0.583333
vt 0.125000 0.666667
vt 0.125000 0.750000
vt 0.125000 0.833333
vt 0.125000 0.916667
vt 0.125000 1.000000
vt 0.125000 0.000000
vt 0.125000 0.083333
vt 0.125000 0.166667
vt 0.125000 0.250000
vt 0.125000 0.333333
vt 0.125000 0.416667
vt 0.145833 0.500000
vt 0.145833 0.583333
vt 0.145833 0.666667
vt 0.145833 0.750000
vt 0.145833 0.833333
vt 0.145833 0.916667
vt 0.145833 1.000000
vt 0.145833 0.000000
vt 0.145833 0.083333
vt 0.145833 0.166667
vt 0.145833 0.250000
vt 0.145833 0.333333
vt 0.145833 0.416667
vt 0.166667 0.500000
vt 0.166667 0.583333
vt 0.166667 0.666667
vt 0.166667 0.750000
vt 0.166667 0.833333
vt 0.166667 0.916667
vt 0.166667 1.000000
vt 0.166667 0.000000
vt 0.166667 0.083333
vt 0.166667 0.166667
vt 0.166667 0.250000
vt 0.166667 0.333333
vt 0.166667 0.416667
vt 0.187500 0.500000
vt 0.187500 0.583333
vt 0.187500 0.666667
vt 0.187500 0.750000
vt 0.187500 0.833333
vt 0.187500 0.916667
vt 0.187500 1.000000
vt 0.187500 0.000000
vt 0.187500 0.083333
vt 0.187500 0.166667
vt 0.187500 0.250000
vt 0.187500 0.333333
vt 0.187500 0.416667
vt 0.208333 0.500000
vt 0.208333 0.583333
vt 0.208333 0.666667
vt 0.208333 0.750000
vt 0.208333 0.833333
vt 0.208333 0.916667
vt 0.208333 1.000000
vt 0.208333 0.000000
vt 0.208333 0.083333
vt 0.208333 0.166667
vt 0.208333 0.250000
vt 0.208333 0.333333
vt 0.208333 0.416667
vt 0.229167 0.500000
vt 0.229167 0.583333
vt 0.229167 0.666667
vt 0.229167 0.750000
vt 0.229167 0.833333
vt 0.229167 0.916667
vt 0.229167 1.000000
vt 0.229167 0.000000
vt 0.229167 0.083333
vt 0.229167 0.166667
vt 0.229167 0.250000
vt 0.229167 0.333333
vt 0.229167 0.416667
vt 0.250000 0.500000
vt 0.250000 0.583333
vt 0.250000 0.666667
vt 0.250000 0.750000
vt 0.250000 0.833333
vt 0.250000 0.916667
vt 0.250000 1.000000
vt 0.250000 0.000000
vt 0.250000 0.083333
vt 0.250000 0.166667
vt 0.250000 0.250000
vt 0.250000 0.333333
vt 0.250000 0.416667
vt 0.270833 0.500000
vt 0.270833 0.583333
vt 0.270833 0.666667
vt 0.270833 0.750000
vt 0.270833 0.833333
vt 0.270833 0.916667
vt 0.270833 1.000000
vt 0.270833 0.000000
vt 0.270833 0.083333
vt 0.270833 0.166667
vt 0.270833 0.250000
vt 0.270833 0.333333
vt 0.270833 0.416667
vt 0.291667 0.500000
vt 0.291667 0.583333
vt 0.291667 0.666667
vt 0.291667 0.750000
vt 0.291667 0.833333
vt 0.291667 0.916667
vt 0.291667 1.000000
vt 0.291667 0.000000
vt 0.291667 0.083333
vt 0.291667 0.166667
vt 0.291667 0.250000
vt 0.291667 0.333333
vt 0.291667 0.416667
vt 0.312500 0.500000
vt 0.312500 0.583333
vt 0.312500 0.666667
vt 0.312500 0.750000
vt 0.312500 0.833333
vt 0.312500 0.916667
vt 0.312500 1.000000
vt 0.312500 0.000000
vt 0.312500 0.083333
vt 0.312500 0.166667
vt 0.312500 0.250000
vt 0.312500 0.333333
vt 0.312500 0.416667
vt 0.333333 0.500000
vt 0.333333 0.583333
vt 0.333333 0.666667
vt 0.333333 0.750000
vt 0.333333 0.833333
vt 0.333333 0.916667
vt 0.333333 1.000000
vt 0.333333 0.000000
vt 0.333333 0.083333
vt 0.333333 0.166667
vt 0.333333 0.250000
vt 0.333333 0.333333
vt 0.333333 0.416667
vt 0.354167 0.500000
vt 0.354167 0.583333
vt 0.354167 0.666667
vt 0.354167 0.750000
vt 0.354167 0.833333
vt 0.354167 0.916667
vt 0.354167 1.000000
vt 0.354167 0.000000
vt 0.354167 0.083333
vt 0.354167 0.166667
vt 0.354167 0.250000
vt 0.354167 0.333333
vt 0.354167 0.416667
vt 0.375000 0.500000
vt 0.375000 0.583333
vt 0.375000 0.666667
vt 0.375000 0.750000
vt 0.375000 0.833333
vt 0.375000 0.916667
vt 0.375000 1.000000
vt 0.375000 0.000000
vt 0.375000 0.083333
vt 0.375000 0.166667
vt 0.375000 0.250000
vt 0.375000 0.333333
vt 0.375000 0.416667
vt 0.395833 0.500000
vt 0.395833 0.583333
vt 0.395833 0.666667
vt 0.395833 0.750000
vt 0.395833 0.833333
vt 0.395833 0.916667
vt 0.395833 1.000000
vt 0.395833 0.000000
vt 0.395833 0.083333
vt 0.395833 0.166667
vt 0.395833 0.250000
vt 0.395833 0.333333
vt 0.395833 0.416667
vt 0.416667 0.500000
vt 0.416667 0.583333
vt 0.416667 0.666667
vt 0.416667 0.750000
vt 0.416667 0.833333
vt 0.416667 0.916667
vt 0.416667 1.000000
vt 0.416667 0.000000
vt 0.416667 0.083333
vt 0.416667 0.166667
vt 0.416667 0.250000
vt 0.416667 0.333333
vt 0.416667 0.416667
vt 0.437500 0.500000
vt 0.437500 0.583333
vt 0.437500 0.666667
vt 0.437500 0.750000
vt 0.437500 0.833333
vt 0.437500 0.916667
vt 0.437500 1.000000
vt 0.437500 0.000000
vt 0.437500 0.083333
vt 0.437500 0.166667
vt 0.437500 0.250000
vt 0.437500 0.333333
vt 0.437500 0.416667
vt 0.458333 0.500000
vt 0.458333 0.583333
vt 0.458333 0.666667
vt 0.458333 0.750000
vt 0.458333 0.833333
vt 0.458333 0.916667
vt 0.458333 1.000000
vt 0.458333 0.000000
vt 0.458333 0.083333
vt 0.458333 0.166667
vt 0.458333 0.250000
vt 0.458333 0.333333
vt 0.458333 0.416667
vt 0.479167 0.500000
vt 0.479167 0.583333
vt 0.479167 0.666667
vt 0.479167 0.750000
vt 0.479167 0.833333
vt 0.479167 0.916667
vt 0.479167 1.000000
vt 0.479167 0.000000
vt 0.479167 0.083333
vt 0.479167 0.166667
vt 0.479167 0.250000
vt 0.479167 0.333333
vt 0.479167 0.416667
s 0
usemtl Kni_Gold
f 33/67/19 45/68/19 46/69/19 34/70/19
f 34/70/20 46/69/20 47/71/20 35/72/20
f 35/72/21 47/71/21 48/73/21 36/74/21
f 36/74/22 48/73/22 49/75/22 37/76/22
f 37/76/23 49/75/23 50/77/23 38/78/23
f 38/78/24 50/77/24 51/79/24 39/80/24
f 39/81/25 51/82/25 52/83/25 40/84/25
f 40/84/26 52/83/26 53/85/26 41/86/26
f 41/86/27 53/85/27 54/87/27 42/88/27
f 42/88/28 54/87/28 55/89/28 43/90/28
f 43/90/29 55/89/29 56/91/29 44/92/29
f 44/92/30 56/91/30 45/68/30 33/67/30
f 45/68/31 57/93/31 58/94/31 46/69/31
f 46/69/32 58/94/32 59/95/32 47/71/32
f 47/71/33 59/95/33 60/96/33 48/73/33
f 48/73/34 60/96/34 61/97/34 49/75/34
f 49/75/35 61/97/35 62/98/35 50/77/35
f 50/77/36 62/98/36 63/99/36 51/79/36
f 51/82/37 63/100/37 64/101/37 52/83/37
f 52/83/38 64/101/38 65/102/38 53/85/38
f 53/85/39 65/102/39 66/103/39 54/87/39
f 54/87/40 66/103/40 67/104/40 55/89/40
f 55/89/41 67/104/41 68/105/41 56/91/41
f 56/91/42 68/105/42 57/93/42 45/68/42
f 57/93/43 69/106/43 70/107/43 58/94/43
f 58/94/44 70/107/44 71/108/44 59/95/44
f 59/95/45 71/108/45 72/109/45 60/96/45
f 60/96/46 72/109/46 73/110/46 61/97/46
f 61/97/47 73/110/47 74/111/47 62/98/47
f 62/98/48 74/111/48 75/112/48 63/99/48
f 63/100/49 75/113/49 76/114/49 64/101/49
f 64/101/50 76/114/50 77/115/50 65/102/50
f 65/102/51 77/115/51 78/116/51 66/103/51
f 66/103/52 78/116/52 79/117/52 67/104/52
f 67/104/53 79/117/53 80/118/53 68/105/53
f 68/105/54 80/118/54 69/106/54 57/93/54
f 69/106/55 81/119/55 82/120/55 70/107/55
f 70/107/56 82/120/56 83/121/56 71/108/56
f 71/108/57 83/121/57 84/122/57 72/109/57
f 72/109/58 84/122/58 85/123/58 73/110/58
f 73/110/59 85/123/59 86/124/59 74/111/59
f 74/111/60 86/124/60 87/125/60 75/112/60
f 75/113/61 87/126/61 88/127/61 76/114/61
f 76/114/62 88/127/62 89/128/62 77/115/62
f 77/115/63 89/128/63 90/129/63 78/116/63
f 78/116/64 90/129/64 91/130/64 79/117/64
f 79/117/65 91/130/65 92/131/65 80/118/65
f 80/118/66 92/131/66 81/119/66 69/106/66
f 81/119/67 93/132/67 94/133/67 82/120/67
f 82/120/68 94/133/68 95/134/68 83/121/68
f 83/121/69 95/134/69 96/135/69 84/122/69
f 84/122/70 96/135/70 97/136/70 85/123/70
f 85/123/71 97/136/71 98/137/71 86/124/71
f 86/124/72 98/137/72 99/138/72 87/125/72
f 87/126/73 99/139/73 100/140/73 88/127/73
f 88/127/74 100/140/74 101/141/74 89/128/74
f 89/128/75 101/141/75 102/142/75 90/129/75
f 90/129/76 102/142/76 103/143/76 91/130/76
f 91/130/77 103/143/77 104/144/77 92/131/77
f 92/131/78 104/144/78 93/132/78 81/119/78
f 93/132/79 105/145/79 106/146/79 94/133/79
f 94/133/80 106/146/80 107/147/80 95/134/80
f 95/134/81 107/147/81 108/148/81 96/135/81
f 96/135/82 108/148/82 109/149/82 97/136/82
f 97/136/83 109/149/83 110/150/83 98/137/83
f 98/137/84 110/150/84 111/151/84 99/138/84
f 99/139/85 111/152/85 112/153/85 100/140/85
f 100/140/86 112/153/86 113/154/86 101/141/86
f 101/141/87 113/154/87 114/155/87 102/142/87
f 102/142/88 114/155/88 115/156/88 103/143/88
f 103/143/89 115/156/89 116/157/89 104/144/89
f 104/144/90 116/157/90 105/145/90 93/132/90
f 105/145/91 117/158/91 118/159/91 106/146/91
f 106/146/92 118/159/92 119/160/92 107/147/92
f 107/147/93 119/160/93 120/161/93 108/148/93
f 108/148/94 120/161/94 121/162/94 109/149/94
f 109/149/95 121/162/95 122/163/95 110/150/95
f 110/150/96 122/163/96 123/164/96 111/151/96
f 111/152/97 123/165/97 124/166/97 112/153/97
f 112/153/98 124/166/98 125/167/98 113/154/98
f 113/154/99 125/167/99 126/168/99 114/155/99
f 114/155/100 126/168/100 127/169/100 115/156/100
f 115/156/101 127/169/101 128/170/101 116/157/101
f 116/157/102 128/170/102 117/158/102 105/145/102
f 117/158/103 129/171/103 130/172/103 118/159/103
f 118/159/104 130/172/104 131/173/104 119/160/104
f 119/160/105 131/173/105 132/174/105 120/161/105
f 120/161/106 132/174/106 133/175/106 121/162/106
f 121/162/107 133/175/107 134/176/107 122/163/107
f 122/163/108 134/176/108 135/177/108 123/164/108
f 123/165/109 135/178/109 136/179/109 124/166/109
f 124/166/110 136/179/110 137/180/110 125/167/110
f 125/167/111 137/180/111 138/181/111 126/168/111
f 126/168/112 138/181/112 139/182/112 127/169/112
f 127/169/113 139/182/113 140/183/113 128/170/113
f 128/170/114 140/183/114 129/171/114 117/158/114
f 129/171/115 141/184/115 142/185/115 130/172/115
f 130/172/116 142/185/116 143/186/116 131/173/116
f 131/173/117 143/186/117 144/187/117 132/174/117
f 132/174/118 144/187/118 145/188/118 133/175/118
f 133/175/119 145/188/119 146/189/119 134/176/119
f 134/176/120 146/189/120 147/190/120 135/177/120
f 135/178/121 147/191/121 148/192/121 136/179/121
f 136/179/122 148/192/122 149/193/122 137/180/122
f 137/180/123 149/193/123 150/194/123 138/181/123
f 138/181/124 150/194/124 151/195/124 139/182/124
f 139/182/125 151/195/125 152/196/125 140/183/125
f 140/183/126 152/196/126 141/184/126 129/171/126
f 141/184/127 153/197/127 154/198/127 142/185/127
f 142/185/128 154/198/128 155/199/128 143/186/128
f 143/186/129 155/199/129 156/200/129 144/187/129
f 144/187/130 156/200/130 157/201/130 145/188/130
f 145/188/131 157/201/131 158/202/131 146/189/131
f 146/189/132 158/202/132 159/203/132 147/190/132
f 147/191/133 159/204/133 160/205/133 148/192/133
f 148/192/134 160/205/134 161/206/134 149/193/134
f 149/193/135 161/206/135 162/207/135 150/194/135
f 150/194/136 162/207/136 163/208/136 151/195/136
f 151/195/137 163/208/137 164/209/137 152/196/137
f 152/196/138 164/209/138 153/197/138 141/184/138
f 153/197/139 165/210/139 166/211/139 154/198/139
f 154/198/140 166/211/140 167/212/140 155/199/140
f 155/199/141 167/212/141 168/213/141 156/200/141
f 156/200/142 168/213/142 169/214/142 157/201/142
f 157/201/143 169/214/143 170/215/143 158/202/143
f 158/202/144 170/215/144 171/216/144 159/203/144
f 159/204/145 171/217/145 172/218/145 160/205/145
f 160/205/146 172/218/146 173/219/146 161/206/146
f 161/206/147 173/219/147 174/220/147 162/207/147
f 162/207/148 174/220/148 175/221/148 163/208/148
f 163/208/149 175/221/149 176/222/149 164/209/149
f 164/209/150 176/222/150 165/210/150 153/197/150
f 165/210/151 177/223/151 178/224/151 166/211/151
f 166/211/152 178/224/152 179/225/152 167/212/152
f 167/212/153 179/225/153 180/226/153 168/213/153
f 168/213/154 180/226/154 181/227/154 169/214/154
f 169/214/155 181/227/155 182/228/155 170/215/155
f 170/215/156 182/228/156 183/229/156 171/216/156
f 171/217/157 183/230/157 184/231/157 172/218/157
f 172/218/158 184/231/158 185/232/158 173/219/158
f 173/219/159 185/232/159 186/233/159 174/220/159
f 174/220/160 186/233/160 187/234/160 175/221/160
f 175/221/161 187/234/161 188/235/161 176/222/161
f 176/222/162 188/235/162 177/223/162 165/210/162
f 177/223/163 189/236/163 190/237/163 178/224/163
f 178/224/164 190/237/164 191/238/164 179/225/164
f 179/225/165 191/238/165 192/239/165 180/226/165
f 180/226/166 192/239/166 193/240/166 181/227/166
f 181/227/167 193/240/167 194/241/167 182/228/167
f 182/228/168 194/241/168 195/242/168 183/229/168
f 183/230/169 195/243/169 196/244/169 184/231/169
f 184/231/170 196/244/170 197/245/170 185/232/170
f 185/232/171 197/245/171 198/246/171 186/233/171
f 186/233/172 198/246/172 199/247/172 187/234/172
f 187/234/173 199/247/173 200/248/173 188/235/173
f 188/235/174 200/248/174 189/236/174 177/223/174
f 189/236/175 201/249/175 202/250/175 190/237/175
f 190/237/176 202/250/176 203/251/176 191/238/176
f 191/238/177 203/251/177 204/252/177 192/239/177
f 192/239/178 204/252/178 205/253/178 193/240/178
f 193/240/179 205/253/179 206/254/179 194/241/179
f 194/241/180 206/254/180 207/255/180 195/242/180
f 195/243/181 207/256/181 208/257/181 196/244/181
f 196/244/182 208/257/182 209/258/182 197/245/182
f 197/245/183 209/258/183 210/259/183 198/246/183
f 198/246/184 210/259/184 211/260/184 199/247/184
f 199/247/185 211/260/185 212/261/185 200/248/185
f 200/248/186 212/261/186 201/249/186 189/236/186
f 201/249/187 213/262/187 214/263/187 202/250/187
f 202/250/188 214/263/188 215/264/188 203/251/188
f 203/251/189 215/264/189 216/265/189 204/252/189
f 204/252/190 216/265/190 217/266/190 205/253/190
f 205/253/191 217/266/191 218/267/191 206/254/191
f 206/254/192 218/267/192 219/268/192 207/255/192
f 207/256/193 219/269/193 220/270/193 208/257/193
f 208/257/194 220/270/194 221/271/194 209/258/194
f 209/258/195 221/271/195 222/272/195 210/259/195
f 210/259/196 222/272/196 223/273/196 211/260/196
f 211/260/197 223/273/197 224/274/197 212/261/197
f 212/261/198 224/274/198 213/262/198 201/249/198
f 213/262/199 225/275/199 226/276/199 214/263/199
f 214/263/200 226/276/200 227/277/200 215/264/200
f 215/264/201 227/277/201 228/278/201 216/265/201
f 216/265/202 228/278/202 229/279/202 217/266/202
f 217/266/203 229/279/203 230/280/203 218/267/203
f 218/267/204 230/280/204 231/281/204 219/268/204
f 219/269/205 231/282/205 232/283/205 220/270/205
f 220/270/206 232/283/206 233/284/206 221/271/206
f 221/271/207 233/284/207 234/285/207 222/272/207
f 222/272/208 234/285/208 235/286/208 223/273/208
f 223/273/209 235/286/209 236/287/209 224/274/209
f 224/274/210 236/287/210 225/275/210 213/262/210
f 225/275/211 237/288/211 238/289/211 226/276/211
f 226/276/212 238/289/212 239/290/212 227/277/212
f 227/277/213 239/290/213 240/291/213 228/278/213
f 228/278/214 240/291/214 241/292/214 229/279/214
f 229/279/215 241/292/215 242/293/215 230/280/215
f 230/280/216 242/293/216 243/294/216 231/281/216
f 231/282/217 243/295/217 244/296/217 232/283/217
f 232/283/218 244/296/218 245/297/218 233/284/218
f 233/284/219 245/297/219 246/298/219 234/285/219
f 234/285/220 246/298/220 247/299/220 235/286/220
f 235/286/221 247/299/221 248/300/221 236/287/221
f 236/287/222 248/300/222 237/288/222 225/275/222
f 237/288/223 249/301/223 250/302/223 238/289/223
f 238/289/224 250/302/224 251/303/224 239/290/224
f 239/290/225 251/303/225 252/304/225 240/291/225
f 240/291/226 252/304/226 253/305/226 241/292/226
f 241/292/227 253/305/227 254/306/227 242/293/227
f 242/293/228 254/306/228 255/307/228 243/294/228
f 243/295/229 255/308/229 256/309/229 244/296/229
f 244/296/230 256/309/230 257/310/230 245/297/230
f 245/297/231 257/310/231 258/311/231 246/298/231
f 246/298/232 258/311/232 259/312/232 247/299/232
f 247/299/233 259/312/233 260/313/233 248/300/233
f 248/300/234 260/313/234 249/301/234 237/288/234
f 249/301/235 261/314/235 262/315/235 250/302/235
f 250/302/236 262/315/236 263/316/236 251/303/236
f 251/303/237 263/316/237 264/317/237 252/304/237
f 252/304/238 264/317/238 265/318/238 253/305/238
f 253/305/239 265/318/239 266/319/239 254/306/239
f 254/306/240 266/319/240 267/320/240 255/307/240
f 255/308/241 267/321/241 268/322/241 256/309/241
f 256/309/242 268/322/242 269/323/242 257/310/242
f 257/310/243 269/323/243 270/324/243 258/311/243
f 258/311/244 270/324/244 271/325/244 259/312/244
f 259/312/245 271/325/245 272/326/245 260/313/245
f 260/313/246 272/326/246 261/314/246 249/301/246
f 261/314/247 273/327/247 274/328/247 262/315/247
f 262/315/248 274/328/248 275/329/248 263/316/248
f 263/316/249 275/329/249 276/330/249 264/317/249
f 264/317/250 276/330/250 277/331/250 265/318/250
f 265/318/251 277/331/251 278/332/251 266/319/251
f 266/319/252 278/332/252 279/333/252 267/320/252
f 267/321/253 279/334/253 280/335/253 268/322/253
f 268/322/254 280/335/254 281/336/254 269/323/254
f 269/323/255 281/336/255 282/337/255 270/324/255
f 270/324/256 282/337/256 283/338/256 271/325/256
f 271/325/257 283/338/257 284/339/257 272/326/257
f 272/326/258 284/339/258 273/327/258 261/314/258
f 273/327/259 285/340/259 286/341/259 274/328/259
f 274/328/260 286/341/260 287/342/260 275/329/260
f 275/329/261 287/342/261 288/343/261 276/330/261
f 276/330/262 288/343/262 289/344/262 277/331/262
f 277/331/263 289/344/263 290/345/263 278/332/263
f 278/332/264 290/345/264 291/346/264 279/333/264
f 279/334/265 291/347/265 292/348/265 280/335/265
f 280/335/266 292/348/266 293/349/266 281/336/266
f 281/336/267 293/349/267 294/350/267 282/337/267
f 282/337/268 294/350/268 295/351/268 283/338/268
f 283/338/269 295/351/269 296/352/269 284/339/269
f 284/339/270 296/352/270 285/340/270 273/327/270
f 285/340/271 297/353/271 298/354/271 286/341/271
f 286/341/272 298/354/272 299/355/272 287/342/272
f 287/342/273 299/355/273 300/356/273 288/343/273
f 288/343/274 300/356/274 301/357/274 289/344/274
f 289/344/275 301/357/275 302/358/275 290/345/275
f 290/345/276 302/358/276 303/359/276 291/346/276
f 291/347/277 303/360/277 304/361/277 292/348/277
f 292/348/278 304/361/278 305/362/278 293/349/278
f 293/349/279 305/362/279 306/363/279 294/350/279
f 294/350/280 306/363/280 307/364/280 295/351/280
f 295/351/281 307/364/281 308/365/281 296/352/281
f 296/352/282 308/365/282 297/353/282 285/340/282
f 297/353/283 309/366/283 310/367/283 298/354/283
f 298/354/284 310/367/284 311/368/284 299/355/284
f 299/355/285 311/368/285 312/369/285 300/356/285
f 300/356/286 312/369/286 313/370/286 301/357/286
f 301/357/287 313/370/287 314/371/287 302/358/287
f 302/358/288 314/371/288 315/372/288 303/359/288
f 303/360/289 315/373/289 316/374/289 304/361/289
f 304/361/290 316/374/290 317/375/290 305/362/290
f 305/362/291 317/375/291 318/376/291 306/363/291
f 306/363/292 318/376/292 319/377/292 307/364/292
f 307/364/293 319/377/293 320/378/293 308/365/293
f 308/365/294 320/378/294 309/366/294 297/353/294
f 309/366/295 321/379/295 322/380/295 310/367/295
f 310/367/296 322/380/296 323/381/296 311/368/296
f 311/368/297 323/381/297 324/382/297 312/369/297
f 312/369/298 324/382/298 325/383/298 313/370/298
f 313/370/299 325/383/299 326/384/299 314/371/299
f 314/371/300 326/384/300 327/385/300 315/372/300
f 315/373/301 327/386/301 328/387/301 316/374/301
f 316/374/302 328/387/302 329/388/302 317/375/302
f 317/375/303 329/388/303 330/389/303 318/376/303
f 318/376/304 330/389/304 331/390/304 319/377/304
f 319/377/305 331/390/305 332/391/305 320/378/305
f 320/378/306 332/391/306 321/379/306 309/366/306
f 321/392/24 333/393/24 334/394/24 322/395/24
f 322/395/23 334/394/23 335/396/23 323/397/23
f 323/397/22 335/396/22 336/398/22 324/399/22
f 324/399/21 336/398/21 337/400/21 325/401/21
f 325/401/20 337/400/20 338/402/20 326/403/20
f 326/403/19 338/402/19 339/404/19 327/405/19
f 327/406/30 339/407/30 340/408/30 328/409/30
f 328/409/29 340/408/29 341/410/29 329/411/29
f 329/411/28 341/410/28 342/412/28 330/413/28
f 330/413/27 342/412/27 343/414/27 331/415/27
f 331/415/26 343/414/26 344/416/26 332/417/26
f 332/417/25 344/416/25 333/393/25 321/392/25
f 333/393/36 345/418/36 346/419/36 334/394/36
f 334/394/35 346/419/35 347/420/35 335/396/35
f 335/396/34 347/420/34 348/421/34 336/398/34
f 336/398/33 348/421/33 349/422/33 337/400/33
f 337/400/32 349/422/32 350/423/32 338/402/32
f 338/402/31 350/423/31 351/424/31 339/404/31
f 339/407/42 351/425/42 352/426/42 340/408/42
f 340/408/41 352/426/41 353/427/41 341/410/41
f 341/410/40 353/427/40 354/428/40 342/412/40
f 342/412/39 354/428/39 355/429/39 343/414/39
f 343/414/38 355/429/38 356/430/38 344/416/38
f 344/416/37 356/430/37 345/418/37 333/393/37
f 345/418/48 357/431/48 358/432/48 346/419/48
f 346/419/47 358/432/47 359/433/47 347/420/47
f 347/420/46 359/433/46 360/434/46 348/421/46
f 348/421/45 360/434/45 361/435/45 349/422/45
f 349/422/44 361/435/44 362/436/44 350/423/44
f 350/423/43 362/436/43 363/437/43 351/424/43
f 351/425/54 363/438/54 364/439/54 352/426/54
f 352/426/53 364/439/53 365/440/53 353/427/53
f 353/427/52 365/440/52 366/441/52 354/428/52
f 354/428/51 366/441/51 367/442/51 355/429/51
f 355/429/50 367/442/50 368/443/50 356/430/50
f 356/430/49 368/443/49 357/431/49 345/418/49
f 357/431/60 369/444/60 370/445/60 358/432/60
f 358/432/59 370/445/59 371/446/59 359/433/59
f 359/433/58 371/446/58 372/447/58 360/434/58
f 360/434/57 372/447/57 373/448/57 361/435/57
f 361/435/56 373/448/56 374/449/56 362/436/56
f 362/436/55 374/449/55 375/450/55 363/437/55
f 363/438/66 375/451/66 376/452/66 364/439/66
f 364/439/65 376/452/65 377/453/65 365/440/65
f 365/440/64 377/453/64 378/454/64 366/441/64
f 366/441/63 378/454/63 379/455/63 367/442/63
f 367/442/62 379/455/62 380/456/62 368/443/62
f 368/443/61 380/456/61 369/444/61 357/431/61
f 369/444/72 381/457/72 382/458/72 370/445/72
f 370/445/71 382/458/71 383/459/71 371/446/71
f 371/446/70 383/459/70 384/460/70 372/447/70
f 372/447/69 384/460/69 385/461/69 373/448/69
f 373/448/68 385/461/68 386/462/68 374/449/68
f 374/449/67 386/462/67 387/463/67 375/450/67
f 375/451/78 387/464/78 388/465/78 376/452/78
f 376/452/77 388/465/77 389/466/77 377/453/77
f 377/453/76 389/466/76 390/467/76 378/454/76
f 378/454/75 390/467/75 391/468/75 379/455/75
f 379/455/74 391/468/74 392/469/74 380/456/74
f 380/456/73 392/469/73 381/457/73 369/444/73
f 381/457/84 393/470/84 394/471/84 382/458/84
f 382/458/83 394/471/83 395/472/83 383/459/83
f 383/459/82 395/472/82 396/473/82 384/460/82
f 384/460/81 396/473/81 397/474/81 385/461/81
f 385/461/80 397/474/80 398/475/80 386/462/80
f 386/462/79 398/475/79 399/476/79 387/463/79
f 387/464/90 399/477/90 400/478/90 388/465/90
f 388/465/89 400/478/89 401/479/89 389/466/89
f 389/466/88 401/479/88 402/480/88 390/467/88
f 390/467/87 402/480/87 403/481/87 391/468/87
f 391/468/86 403/481/86 404/482/86 392/469/86
f 392/469/85 404/482/85 393/470/85 381/457/85
f 393/470/96 405/483/96 406/484/96 394/471/96
f 394/471/95 406/484/95 407/485/95 395/472/95
f 395/472/94 407/485/94 408/486/94 396/473/94
f 396/473/93 408/486/93 409/487/93 397/474/93
f 397/474/92 409/487/92 410/488/92 398/475/92
f 398/475/91 410/488/91 411/489/91 399/476/91
f 399/477/102 411/490/102 412/491/102 400/478/102
f 400/478/101 412/491/101 413/492/101 401/479/101
f 401/479/100 413/492/100 414/493/100 402/480/100
f 402/480/99 414/493/99 415/494/99 403/481/99
f 403/481/98 415/494/98 416/495/98 404/482/98
f 404/482/97 416/495/97 405/483/97 393/470/97
f 405/483/108 417/496/108 418/497/108 406/484/108
f 406/484/107 418/497/107 419/498/107 407/485/107
f 407/485/106 419/498/106 420/499/106 408/486/106
f 408/486/105 420/499/105 421/500/105 409/487/105
f 409/487/104 421/500/104 422/501/104 410/488/104
f 410/488/103 422/501/103 423/502/103 411/489/103
f 411/490/114 423/503/114 424/504/114 412/491/114
f 412/491/113 424/504/113 425/505/113 413/492/113
f 413/492/112 425/505/112 426/506/112 414/493/112
f 414/493/111 426/506/111 427/507/111 415/494/111
f 415/494/110 427/507/110 428/508/110 416/495/110
f 416/495/109 428/508/109 417/496/109 405/483/109
f 417/496/120 429/509/120 430/510/120 418/497/120
f 418/497/119 430/510/119 431/511/119 419/498/119
f 419/498/118 431/511/118 432/512/118 420/499/118
f 420/499/117 432/512/117 433/513/117 421/500/117
f 421/500/116 433/513/116 434/514/116 422/501/116
f 422/501/115 434/514/115 435/515/115 423/502/115
f 423/503/126 435/516/126 436/517/126 424/504/126
f 424/504/125 436/517/125 437/518/125 425/505/125
f 425/505/124 437/518/124 438/519/124 426/506/124
f 426/506/123 438/519/123 439/520/123 427/507/123
f 427/507/122 439/520/122 440/521/122 428/508/122
f 428/508/121 440/521/121 429/509/121 417/496/121
f 429/509/132 441/522/132 442/523/132 430/510/132
f 430/510/307 442/523/307 443/524/307 431/511/307
f 431/511/130 443/524/130 444/525/130 432/512/130
f 432/512/129 444/525/129 445/526/129 433/513/129
f 433/513/128 445/526/128 446/527/128 434/514/128
f 434/514/127 446/527/127 447/528/127 435/515/127
f 435/516/138 447/529/138 448/530/138 436/517/138
f 436/517/137 448/530/137 449/531/137 437/518/137
f 437/518/136 449/531/136 450/532/136 438/519/136
f 438/519/135 450/532/135 451/533/135 439/520/135
f 439/520/308 451/533/308 452/534/308 440/521/308
f 440/521/133 452/534/133 441/522/133 429/509/133
f 441/522/144 453/535/144 454/536/144 442/523/144
f 442/523/143 454/536/143 455/537/143 443/524/143
f 443/524/142 455/537/142 456/538/142 444/525/142
f 444/525/141 456/538/141 457/539/141 445/526/141
f 445/526/140 457/539/140 458/540/140 446/527/140
f 446/527/139 458/540/139 459/541/139 447/528/139
f 447/529/150 459/542/150 460/543/150 448/530/150
f 448/530/149 460/543/149 461/544/149 449/531/149
f 449/531/148 461/544/148 462/545/148 450/532/148
f 450/532/147 462/545/147 463/546/147 451/533/147
f 451/533/146 463/546/146 464/547/146 452/534/146
f 452/534/145 464/547/145 453/535/145 441/522/145
f 453/535/156 465/548/156 466/549/156 454/536/156
f 454/536/155 466/549/155 467/550/155 455/537/155
f 455/537/154 467/550/154 468/551/154 456/538/154
f 456/538/153 468/551/153 469/552/153 457/539/153
f 457/539/152 469/552/152 470/553/152 458/540/152
f 458/540/151 470/553/151 471/554/151 459/541/151
f 459/542/162 471/555/162 472/556/162 460/543/162
f 460/543/161 472/556/161 473/557/161 461/544/161
f 461/544/160 473/557/160 474/558/160 462/545/160
f 462/545/159 474/558/159 475/559/159 463/546/159
f 463/546/158 475/559/158 476/560/158 464/547/158
f 464/547/157 476/560/157 465/548/157 453/535/157
f 465/548/168 477/561/168 478/562/168 466/549/168
f 466/549/167 478/562/167 479/563/167 467/550/167
f 467/550/166 479/563/166 480/564/166 468/551/166
f 468/551/165 480/564/165 481/565/165 469/552/165
f 469/552/164 481/565/164 482/566/164 470/553/164
f 470/553/163 482/566/163 483/567/163 471/554/163
f 471/555/174 483/568/174 484/569/174 472/556/174
f 472/556/173 484/569/173 485/570/173 473/557/173
f 473/557/172 485/570/172 486/571/172 474/558/172
f 474/558/171 486/571/171 487/572/171 475/559/171
f 475/559/170 487/572/170 488/573/170 476/560/170
f 476/560/169 488/573/169 477/561/169 465/548/169
f 477/561/180 489/574/180 490/575/180 478/562/180
f 478/562/179 490/575/179 491/576/179 479/563/179
f 479/563/178 491/576/178 492/577/178 480/564/178
f 480/564/177 492/577/177 493/578/177 481/565/177
f 481/565/176 493/578/176 494/579/176 482/566/176
f 482/566/175 494/579/175 495/580/175 483/567/175
f 483/568/186 495/581/186 496/582/186 484/569/186
f 484/569/185 496/582/185 497/583/185 485/570/185
f 485/570/184 497/583/184 498/584/184 486/571/184
f 486/571/183 498/584/183 499/585/183 487/572/183
f 487/572/182 499/585/182 500/586/182 488/573/182
f 488/573/181 500/586/181 489/574/181 477/561/181
f 489/574/192 501/587/192 502/588/192 490/575/192
f 490/575/191 502/588/191 503/589/191 491/576/191
f 491/576/190 503/589/190 504/590/190 492/577/190
f 492/577/189 504/590/189 505/591/189 493/578/189
f 493/578/188 505/591/188 506/592/188 494/579/188
f 494/579/187 506/592/187 507/593/187 495/580/187
f 495/581/198 507/594/198 508/595/198 496/582/198
f 496/582/197 508/595/197 509/596/197 497/583/197
f 497/583/196 509/596/196 510/597/196 498/584/196
f 498/584/195 510/597/195 511/598/195 499/585/195
f 499/585/194 511/598/194 512/599/194 500/586/194
f 500/586/193 512/599/193 501/587/193 489/574/193
f 501/587/204 513/600/204 514/601/204 502/588/204
f 502/588/203 514/601/203 515/602/203 503/589/203
f 503/589/202 515/602/202 516/603/202 504/590/202
f 504/590/201 516/603/201 517/604/201 505/591/201
f 505/591/200 517/604/200 518/605/200 506/592/200
f 506/592/199 518/605/199 519/606/199 507/593/199
f 507/594/210 519/607/210 520/608/210 508/595/210
f 508/595/209 520/608/209 521/609/209 509/596/209
f 509/596/208 521/609/208 522/610/208 510/597/208
f 510/597/207 522/610/207 523/611/207 511/598/207
f 511/598/206 523/611/206 524/612/206 512/599/206
f 512/599/205 524/612/205 513/600/205 501/587/205
f 513/600/216 525/613/216 526/614/216 514/601/216
f 514/601/215 526/614/215 527/615/215 515/602/215
f 515/602/214 527/615/214 528/616/214 516/603/214
f 516/603/213 528/616/213 529/617/213 517/604/213
f 517/604/212 529/617/212 530/618/212 518/605/212
f 518/605/211 530/618/211 531/619/211 519/606/211
f 519/607/222 531/620/222 532/621/222 520/608/222
f 520/608/221 532/621/221 533/622/221 521/609/221
f 521/609/220 533/622/220 534/623/220 522/610/220
f 522/610/219 534/623/219 535/624/219 523/611/219
f 523/611/218 535/624/218 536/625/218 524/612/218
f 524/612/217 536/625/217 525/613/217 513/600/217
f 525/613/228 537/626/228 538/627/228 526/614/228
f 526/614/227 538/627/227 539/628/227 527/615/227
f 527/615/226 539/628/226 540/629/226 528/616/226
f 528/616/225 540/629/225 541/630/225 529/617/225
f 529/617/224 541/630/224 542/631/224 530/618/224
f 530/618/223 542/631/223 543/632/223 531/619/223
f 531/620/234 543/633/234 544/634/234 532/621/234
f 532/621/233 544/634/233 545/635/233 533/622/233
f 533/622/232 545/635/232 546/636/232 534/623/232
f 534/623/231 546/636/231 547/637/231 535/624/231
f 535/624/230 547/637/230 548/638/230 536/625/230
f 536/625/229 548/638/229 537/626/229 525/613/229
f 537/626/240 549/639/240 550/640/240 538/627/240
f 538/627/239 550/640/239 551/641/239 539/628/239
f 539/628/238 551/641/238 552/642/238 540/629/238
f 540/629/237 552/642/237 553/643/237 541/630/237
f 541/630/236 553/643/236 554/644/236 542/631/236
f 542/631/235 554/644/235 555/645/235 543/632/235
f 543/633/246 555/646/246 556/647/246 544/634/246
f 544/634/245 556/647/245 557/648/245 545/635/245
f 545/635/244 557/648/244 558/649/244 546/636/244
f 546/636/243 558/649/243 559/650/243 547/637/243
f 547/637/242 559/650/242 560/651/242 548/638/242
f 548/638/241 560/651/241 549/639/241 537/626/241
f 549/639/252 561/652/252 562/653/252 550/640/252
f 550/640/309 562/653/309 563/654/309 551/641/309
f 551/641/250 563/654/250 564/655/250 552/642/250
f 552/642/249 564/655/249 565/656/249 553/643/249
f 553/643/248 565/656/248 566/657/248 554/644/248
f 554/644/247 566/657/247 567/658/247 555/645/247
f 555/646/258 567/659/258 568/660/258 556/647/258
f 556/647/257 568/660/257 569/661/257 557/648/257
f 557/648/256 569/661/256 570/662/256 558/649/256
f 558/649/255 570/662/255 571/663/255 559/650/255
f 559/650/254 571/663/254 572/664/254 560/651/254
f 560/651/253 572/664/253 561/652/253 549/639/253
f 561/652/264 573/665/264 574/666/264 562/653/264
f 562/653/263 574/666/263 575/667/263 563/654/263
f 563/654/262 575/667/262 576/668/262 564/655/262
f 564/655/261 576/668/261 577/669/261 565/656/261
f 565/656/260 577/669/260 578/670/260 566/657/260
f 566/657/259 578/670/259 579/671/259 567/658/259
f 567/659/270 579/672/270 580/673/270 568/660/270
f 568/660/269 580/673/269 581/674/269 569/661/269
f 569/661/268 581/674/268 582/675/268 570/662/268
f 570/662/267 582/675/267 583/676/267 571/663/267
f 571/663/266 583/676/266 584/677/266 572/664/266
f 572/664/265 584/677/265 573/665/265 561/652/265
f 573/665/276 585/678/276 586/679/276 574/666/276
f 574/666/275 586/679/275 587/680/275 575/667/275
f 575/667/274 587/680/274 588/681/274 576/668/274
f 576/668/273 588/681/273 589/682/273 577/669/273
f 577/669/272 589/682/272 590/683/272 578/670/272
f 578/670/271 590/683/271 591/684/271 579/671/271
f 579/672/282 591/685/282 592/686/282 580/673/282
f 580/673/281 592/686/281 593/687/281 581/674/281
f 581/674/280 593/687/280 594/688/280 582/675/280
f 582/675/279 594/688/279 595/689/279 583/676/279
f 583/676/278 595/689/278 596/690/278 584/677/278
f 584/677/277 596/690/277 585/678/277 573/665/277
f 585/678/288 597/691/288 598/692/288 586/679/288
f 586/679/287 598/692/287 599/693/287 587/680/287
f 587/680/286 599/693/286 600/694/286 588/681/286
f 588/681/285 600/694/285 601/695/285 589/682/285
f 589/682/284 601/695/284 602/696/284 590/683/284
f 590/683/283 602/696/283 603/697/283 591/684/283
f 591/685/294 603/698/294 604/699/294 592/686/294
f 592/686/293 604/699/293 605/700/293 593/687/293
f 593/687/292 605/700/292 606/701/292 594/688/292
f 594/688/291 606/701/291 607/702/291 595/689/291
f 595/689/290 607/702/290 608/703/290 596/690/290
f 596/690/289 608/703/289 597/691/289 585/678/289
f 597/691/300 33/67/300 34/70/300 598/692/300
f 598/692/299 34/70/299 35/72/299 599/693/299
f 599/693/298 35/72/298 36/74/298 600/694/298
f 600/694/297 36/74/297 37/76/297 601/695/297
f 601/695/296 37/76/296 38/78/296 602/696/296
f 602/696/295 38/78/295 39/80/295 603/697/295
f 603/698/306 39/81/306 40/84/306 604/699/306
f 604/699/305 40/84/305 41/86/305 605/700/305
f 605/700/304 41/86/304 42/88/304 606/701/304
f 606/701/303 42/88/303 43/90/303 607/702/303
f 607/702/302 43/90/302 44/92/302 608/703/302
f 608/703/301 44/92/301 33/67/301 597/691/301
o Cylinder.001
v 0.000000 1.720000 -0.250000
v 0.000000 1.920000 -0.250000
v 0.048773 1.720000 -0.245196
v 0.048773 1.920000 -0.245196
v 0.095671 1.720000 -0.230970
v 0.095671 1.920000 -0.230970
v 0.138893 1.720000 -0.207867
v 0.138893 1.920000 -0.207867
v 0.176777 1.720000 -0.176777
v 0.176777 1.920000 -0.176777
v 0.207867 1.720000 -0.138893
v 0.207867 1.920000 -0.138893
v 0.230970 1.720000 -0.095671
v 0.230970 1.920000 -0.095671
v 0.245196 1.720000 -0.048773
v 0.245196 1.920000 -0.048773
v 0.250000 1.720000 0.000000
v 0.250000 1.920000 0.000000
v 0.245196 1.720000 0.048773
v 0.245196 1.920000 0.048773
v 0.230970 1.720000 0.095671
v 0.230970 1.920000 0.095671
v 0.207867 1.720000 0.138893
v 0.207867 1.920000 0.138893
v 0.176777 1.720000 0.176777
v 0.176777 1.920000 0.176777
v 0.138893 1.720000 0.207867
v 0.138893 1.920000 0.207867
v 0.095671 1.720000 0.230970
v 0.095671 1.920000 0.230970
v 0.048773 1.720000 0.245196
v 0.048773 1.920000 0.245196
v 0.000000 1.720000 0.250000
v 0.000000 1.920000 0.250000
v -0.048773 1.720000 0.245196
v -0.048773 1.920000 0.245196
v -0.095671 1.720000 0.230970
v -0.095671 1.920000 0.230970
v -0.138893 1.720000 0.207867
v -0.138893 1.920000 0.207867
v -0.176777 1.720000 0.176777
v -0.176777 1.920000 0.176777
v -0.207867 1.720000 0.138893
v -0.207867 1.920000 0.138893
v -0.230970 1.720000 0.095671
v -0.230970 1.920000 0.095671
v -0.245196 1.720000 0.048773
v -0.245196 1.920000 0.048773
v -0.250000 1.720000 0.000000
v -0.250000 1.920000 0.000000
v -0.245196 1.720000 -0.048773
v -0.245196 1.920000 -0.048773
v -0.230970 1.720000 -0.095671
v -0.230970 1.920000 -0.095671
v -0.207867 1.720000 -0.138893
v -0.207867 1.920000 -0.138893
v -0.176777 1.720000 -0.176777
v -0.176777 1.920000 -0.176777
v -0.138893 1.720000 -0.207867
v -0.138893 1.920000 -0.207867
v -0.095671 1.720000 -0.230970
v -0.095671 1.920000 -0.230970
v -0.048773 1.720000 -0.245196
v -0.048773 1.920000 -0.245196
vn 0.0980 -0.0000 -0.9952
vn 0.2903 -0.0000 -0.9569
vn 0.4714 -0.0000 -0.8819
vn 0.6344 -0.0000 -0.7730
vn 0.7730 -0.0000 -0.6344
vn 0.8819 -0.0000 -0.4714
vn 0.9569 -0.0000 -0.2903
vn 0.9952 -0.0000 -0.0980
vn 0.9952 -0.0000 0.0980
vn 0.9569 -0.0000 0.2903
vn 0.8819 -0.0000 0.4714
vn 0.7730 -0.0000 0.6344
vn 0.6344 -0.0000 0.7730
vn 0.4714 -0.0000 0.8819
vn 0.2903 -0.0000 0.9569
vn 0.0980 -0.0000 0.9952
vn -0.0980 -0.0000 0.9952
vn -0.2903 -0.0000 0.9569
vn -0.4714 -0.0000 0.8819
vn -0.6344 -0.0000 0.7730
vn -0.7730 -0.0000 0.6344
vn -0.8819 -0.0000 0.4714
vn -0.9569 -0.0000 0.2903
vn -0.9952 -0.0000 0.0980
vn -0.9952 -0.0000 -0.0980
vn -0.9569 -0.0000 -0.2903
vn -0.8819 -0.0000 -0.4714
vn -0.7730 -0.0000 -0.6344
vn -0.6344 -0.0000 -0.7730
vn -0.4714 -0.0000 -0.8819
vn -0.0000 1.0000 -0.0000
vn -0.2903 -0.0000 -0.9569
vn -0.0980 -0.0000 -0.9952
vn -0.0000 -1.0000 -0.0000
vt 1.000000 0.500000
vt 1.000000 1.000000
vt 0.968750 1.000000
vt 0.968750 0.500000
vt 0.937500 1.000000
vt 0.937500 0.500000
vt 0.906250 1.000000
vt 0.906250 0.500000
vt 0.875000 1.000000
vt 0.875000 0.500000
vt 0.843750 1.000000
vt 0.843750 0.500000
vt 0.812500 1.000000
vt 0.812500 0.500000
vt 0.781250 1.000000
vt 0.781250 0.500000
vt 0.750000 1.000000
vt 0.750000 0.500000
vt 0.718750 1.000000
vt 0.718750 0.500000
vt 0.687500 1.000000
vt 0.687500 0.500000
vt 0.656250 1.000000
vt 0.656250 0.500000
vt 0.625000 1.000000
vt 0.625000 0.500000
vt 0.593750 1.000000
vt 0.593750 0.500000
vt 0.562500 1.000000
vt 0.562500 0.500000
vt 0.531250 1.000000
vt 0.531250 0.500000
vt 0.500000 1.000000
vt 0.500000 0.500000
vt 0.468750 1.000000
vt 0.468750 0.500000
vt 0.437500 1.000000
vt 0.437500 0.500000
vt 0.406250 1.000000
vt 0.406250 0.500000
vt 0.375000 1.000000
vt 0.375000 0.500000
vt 0.343750 1.000000
vt 0.343750 0.500000
vt 0.312500 1.000000
vt 0.312500 0.500000
vt 0.281250 1.000000
vt 0.281250 0.500000
vt 0.250000 1.000000
vt 0.250000 0.500000
vt 0.218750 1.000000
vt 0.218750 0.500000
vt 0.187500 1.000000
vt 0.187500 0.500000
vt 0.156250 1.000000
vt 0.156250 0.500000
vt 0.125000 1.000000
vt 0.125000 0.500000
vt 0.093750 1.000000
vt 0.093750 0.500000
vt 0.062500 1.000000
vt 0.062500 0.500000
vt 0.296822 0.485388
vt 0.250000 0.490000
vt 0.203178 0.485388
vt 0.158156 0.471731
vt 0.116663 0.449553
vt 0.080294 0.419706
vt 0.050447 0.383337
vt 0.028269 0.341844
vt 0.014612 0.296822
vt 0.010000 0.250000
vt 0.014612 0.203178
vt 0.028269 0.158156
vt 0.050447 0.116663
vt 0.080294 0.080294
vt 0.116663 0.050447
vt 0.158156 0.028269
vt 0.203178 0.014612
vt 0.250000 0.010000
vt 0.296822 0.014612
vt 0.341844 0.028269
vt 0.383337 0.050447
vt 0.419706 0.080294
vt 0.449553 0.116663
vt 0.471731 0.158156
vt 0.485388 0.203178
vt 0.490000 0.250000
vt 0.485388 0.296822
vt 0.471731 0.341844
vt 0.449553 0.383337
vt 0.419706 0.419706
vt 0.383337 0.449553
vt 0.341844 0.471731
vt 0.031250 1.000000
vt 0.031250 0.500000
vt 0.000000 1.000000
vt 0.000000 0.500000
vt 0.750000 0.490000
vt 0.796822 0.485388
vt 0.841844 0.471731
vt 0.883337 0.449553
vt 0.919706 0.419706
vt 0.949553 0.383337
vt 0.971731 0.341844
vt 0.985388 0.296822
vt 0.990000 0.250000
vt 0.985388 0.203178
vt 0.971731 0.158156
vt 0.949553 0.116663
vt 0.919706 0.080294
vt 0.883337 0.050447
vt 0.841844 0.028269
vt 0.796822 0.014612
vt 0.750000 0.010000
vt 0.703178 0.014612
vt 0.658156 0.028269
vt 0.616663 0.050447
vt 0.580294 0.080294
vt 0.550447 0.116663
vt 0.528269 0.158156
vt 0.514612 0.203178
vt 0.510000 0.250000
vt 0.514612 0.296822
vt 0.528269 0.341844
vt 0.550447 0.383337
vt 0.580294 0.419706
vt 0.616663 0.449553
vt 0.658156 0.471731
vt 0.703178 0.485388
s 0
usemtl Kni_Steel
f 609/704/310 610/705/310 612/706/310 611/707/310
f 611/707/311 612/706/311 614/708/311 613/709/311
f 613/709/312 614/708/312 616/710/312 615/711/312
f 615/711/313 616/710/313 618/712/313 617/713/313
f 617/713/314 618/712/314 620/714/314 619/715/314
f 619/715/315 620/714/315 622/716/315 621/717/315
f 621/717/316 622/716/316 624/718/316 623/719/316
f 623/719/317 624/718/317 626/720/317 625/721/317
f 625/721/318 626/720/318 628/722/318 627/723/318
f 627/723/319 628/722/319 630/724/319 629/725/319
f 629/725/320 630/724/320 632/726/320 631/727/320
f 631/727/321 632/726/321 634/728/321 633/729/321
f 633/729/322 634/728/322 636/730/322 635/731/322
f 635/731/323 636/730/323 638/732/323 637/733/323
f 637/733/324 638/732/324 640/734/324 639/735/324
f 639/735/325 640/734/325 642/736/325 641/737/325
f 641/737/326 642/736/326 644/738/326 643/739/326
f 643/739/327 644/738/327 646/740/327 645/741/327
f 645/741/328 646/740/328 648/742/328 647/743/328
f 647/743/329 648/742/329 650/744/329 649/745/329
f 649/745/330 650/744/330 652/746/330 651/747/330
f 651/747/331 652/746/331 654/748/331 653/749/331
f 653/749/332 654/748/332 656/750/332 655/751/332
f 655/751/333 656/750/333 658/752/333 657/753/333
f 657/753/334 658/752/334 660/754/334 659/755/334
f 659/755/335 660/754/335 662/756/335 661/757/335
f 661/757/336 662/756/336 664/758/336 663/759/336
f 663/759/337 664/758/337 666/760/337 665/761/337
f 665/761/338 666/760/338 668/762/338 667/763/338
f 667/763/339 668/762/339 670/764/339 669/765/339
f 612/766/340 610/767/340 672/768/340 670/769/340 668/770/340 666/771/340 664/772/340 662/773/340 660/774/340 658/775/340 656/776/340 654/777/340 652/778/340 650/779/340 648/780/340 646/781/340 644/782/340 642/783/340 640/784/340 638/785/340 636/786/340 634/787/340 632/788/340 630/789/340 628/790/340 626/791/340 624/792/340 622/793/340 620/794/340 618/795/340 616/796/340 614/797/340
f 669/765/341 670/764/341 672/798/341 671/799/341
f 671/799/342 672/798/342 610/800/342 609/801/342
f 609/802/343 611/803/343 613/804/343 615/805/343 617/806/343 619/807/343 621/808/343 623/809/343 625/810/343 627/811/343 629/812/343 631/813/343 633/814/343 635/815/343 637/816/343 639/817/343 641/818/343 643/819/343 645/820/343 647/821/343 649/822/343 651/823/343 653/824/343 655/825/343 657/826/343 659/827/343 661/828/343 663/829/343 665/830/343 667/831/343 669/832/343 671/833/343
o Cylinder.002
v 0.000000 1.875000 -0.260000
v 0.000000 2.425000 -0.260000
v 0.099498 1.875000 -0.240209
v 0.099498 2.425000 -0.240209
v 0.183848 1.875000 -0.183848
v 0.183848 2.425000 -0.183848
v 0.240209 1.875000 -0.099498
v 0.240209 2.425000 -0.099498
v 0.260000 1.875000 0.000000
v 0.260000 2.425000 0.000000
v 0.240209 1.875000 0.099498
v 0.240209 2.425000 0.099498
v 0.183848 1.875000 0.183848
v 0.183848 2.425000 0.183848
v 0.099498 1.875000 0.240209
v 0.099498 2.425000 0.240209
v 0.000000 1.875000 0.260000
v 0.000000 2.425000 0.260000
v -0.099498 1.875000 0.240209
v -0.099498 2.425000 0.240209
v -0.183848 1.875000 0.183848
v -0.183848 2.425000 0.183848
v -0.240209 1.875000 0.099498
v -0.240209 2.425000 0.099498
v -0.260000 1.875000 0.000000
v -0.260000 2.425000 0.000000
v -0.240209 1.875000 -0.099498
v -0.240209 2.425000 -0.099498
v -0.183848 1.875000 -0.183848
v -0.183848 2.425000 -0.183848
v -0.099498 1.875000 -0.240209
v -0.099498 2.425000 -0.240209
vn 0.1951 -0.0000 -0.9808
vn 0.5556 -0.0000 -0.8315
vn 0.8315 -0.0000 -0.5556
vn 0.9808 -0.0000 -0.1951
vn 0.9808 -0.0000 0.1951
vn 0.8315 -0.0000 0.5556
vn 0.5556 -0.0000 0.8315
vn 0.1951 -0.0000 0.9808
vn -0.1951 -0.0000 0.9808
vn -0.5556 -0.0000 0.8315
vn -0.8315 -0.0000 0.5556
vn -0.9808 -0.0000 0.1951
vn -0.9808 -0.0000 -0.1951
vn -0.8315 -0.0000 -0.5556
vn -0.0000 1.0000 -0.0000
vn -0.5556 -0.0000 -0.8315
vn -0.1951 -0.0000 -0.9808
vn -0.0000 -1.0000 -0.0000
vt 1.000000 0.500000
vt 1.000000 1.000000
vt 0.937500 1.000000
vt 0.937500 0.500000
vt 0.875000 1.000000
vt 0.875000 0.500000
vt 0.812500 1.000000
vt 0.812500 0.500000
vt 0.750000 1.000000
vt 0.750000 0.500000
vt 0.687500 1.000000
vt 0.687500 0.500000
vt 0.625000 1.000000
vt 0.625000 0.500000
vt 0.562500 1.000000
vt 0.562500 0.500000
vt 0.500000 1.000000
vt 0.500000 0.500000
vt 0.437500 1.000000
vt 0.437500 0.500000
vt 0.375000 1.000000
vt 0.375000 0.500000
vt 0.312500 1.000000
vt 0.312500 0.500000
vt 0.250000 1.000000
vt 0.250000 0.500000
vt 0.187500 1.000000
vt 0.187500 0.500000
vt 0.125000 1.000000
vt 0.125000 0.500000
vt 0.341844 0.471731
vt 0.250000 0.490000
vt 0.158156 0.471731
vt 0.080294 0.419706
vt 0.028269 0.341844
vt 0.010000 0.250000
vt 0.028269 0.158156
vt 0.080294 0.080294
vt 0.158156 0.028269
vt 0.250000 0.010000
vt 0.341844 0.028269
vt 0.419706 0.080294
vt 0.471731 0.158156
vt 0.490000 0.250000
vt 0.471731 0.341844
vt 0.419706 0.419706
vt 0.062500 1.000000
vt 0.062500 0.500000
vt 0.000000 1.000000
vt 0.000000 0.500000
vt 0.750000 0.490000
vt 0.841844 0.471731
vt 0.919706 0.419706
vt 0.971731 0.341844
vt 0.990000 0.250000
vt 0.971731 0.158156
vt 0.919706 0.080294
vt 0.841844 0.028269
vt 0.750000 0.010000
vt 0.658156 0.028269
vt 0.580294 0.080294
vt 0.528269 0.158156
vt 0.510000 0.250000
vt 0.528269 0.341844
vt 0.580294 0.419706
vt 0.658156 0.471731
s 0
usemtl Kni_Steel
f 673/834/344 674/835/344 676/836/344 675/837/344
f 675/837/345 676/836/345 678/838/345 677/839/345
f 677/839/346 678/838/346 680/840/346 679/841/346
f 679/841/347 680/840/347 682/842/347 681/843/347
f 681/843/348 682/842/348 684/844/348 683/845/348
f 683/845/349 684/844/349 686/846/349 685/847/349
f 685/847/350 686/846/350 688/848/350 687/849/350
f 687/849/351 688/848/351 690/850/351 689/851/351
f 689/851/352 690/850/352 692/852/352 691/853/352
f 691/853/353 692/852/353 694/854/353 693/855/353
f 693/855/354 694/854/354 696/856/354 695/857/354
f 695/857/355 696/856/355 698/858/355 697/859/355
f 697/859/356 698/858/356 700/860/356 699/861/356
f 699/861/357 700/860/357 702/862/357 701/863/357
f 676/864/358 674/865/358 704/866/358 702/867/358 700/868/358 698/869/358 696/870/358 694/871/358 692/872/358 690/873/358 688/874/358 686/875/358 684/876/358 682/877/358 680/878/358 678/879/358
f 701/863/359 702/862/359 704/880/359 703/881/359
f 703/881/360 704/880/360 674/882/360 673/883/360
f 673/884/361 675/885/361 677/886/361 679/887/361 681/888/361 683/889/361 685/890/361 687/891/361 689/892/361 691/893/361 693/894/361 695/895/361 697/896/361 699/897/361 701/898/361 703/899/361
o Torus.001
v 0.300000 2.400000 0.000000
v 0.295981 2.415000 0.000000
v 0.285000 2.425981 0.000000
v 0.270000 2.430000 0.000000
v 0.255000 2.425981 0.000000
v 0.244019 2.415000 0.000000
v 0.240000 2.400000 0.000000
v 0.244019 2.385000 0.000000
v 0.255000 2.374019 0.000000
v 0.270000 2.370000 0.000000
v 0.285000 2.374019 0.000000
v 0.295981 2.385000 0.000000
v 0.297433 2.400000 -0.039158
v 0.293449 2.415000 -0.038633
v 0.282562 2.425981 -0.037200
v 0.267690 2.430000 -0.035242
v 0.252818 2.425981 -0.033284
v 0.241932 2.415000 -0.031851
v 0.237947 2.400000 -0.031326
v 0.241932 2.385000 -0.031851
v 0.252818 2.374019 -0.033284
v 0.267690 2.370000 -0.035242
v 0.282562 2.374019 -0.037200
v 0.293449 2.385000 -0.038633
v 0.289778 2.400000 -0.077646
v 0.285895 2.415000 -0.076605
v 0.275289 2.425981 -0.073763
v 0.260800 2.430000 -0.069881
v 0.246311 2.425981 -0.065999
v 0.235704 2.415000 -0.063157
v 0.231822 2.400000 -0.062117
v 0.235704 2.385000 -0.063157
v 0.246311 2.374019 -0.065999
v 0.260800 2.370000 -0.069881
v 0.275289 2.374019 -0.073763
v 0.285895 2.385000 -0.076605
v 0.277164 2.400000 -0.114805
v 0.273451 2.415000 -0.113267
v 0.263306 2.425981 -0.109065
v 0.249447 2.430000 -0.103325
v 0.235589 2.425981 -0.097584
v 0.225444 2.415000 -0.093382
v 0.221731 2.400000 -0.091844
v 0.225444 2.385000 -0.093382
v 0.235589 2.374019 -0.097584
v 0.249447 2.370000 -0.103325
v 0.263306 2.374019 -0.109065
v 0.273451 2.385000 -0.113267
v 0.259808 2.400000 -0.150000
v 0.256327 2.415000 -0.147990
v 0.246817 2.425981 -0.142500
v 0.233827 2.430000 -0.135000
v 0.220836 2.425981 -0.127500
v 0.211327 2.415000 -0.122010
v 0.207846 2.400000 -0.120000
v 0.211327 2.385000 -0.122010
v 0.220836 2.374019 -0.127500
v 0.233827 2.370000 -0.135000
v 0.246817 2.374019 -0.142500
v 0.256327 2.385000 -0.147990
v 0.238006 2.400000 -0.182628
v 0.234817 2.415000 -0.180182
v 0.226106 2.425981 -0.173497
v 0.214205 2.430000 -0.164366
v 0.202305 2.425981 -0.155234
v 0.193594 2.415000 -0.148549
v 0.190405 2.400000 -0.146103
v 0.193594 2.385000 -0.148549
v 0.202305 2.374019 -0.155234
v 0.214205 2.370000 -0.164366
v 0.226106 2.374019 -0.173497
v 0.234817 2.385000 -0.180182
v 0.212132 2.400000 -0.212132
v 0.209290 2.415000 -0.209290
v 0.201525 2.425981 -0.201525
v 0.190919 2.430000 -0.190919
v 0.180312 2.425981 -0.180312
v 0.172548 2.415000 -0.172548
v 0.169706 2.400000 -0.169706
v 0.172548 2.385000 -0.172548
v 0.180312 2.374019 -0.180312
v 0.190919 2.370000 -0.190919
v 0.201525 2.374019 -0.201525
v 0.209290 2.385000 -0.209290
v 0.182628 2.400000 -0.238006
v 0.180182 2.415000 -0.234817
v 0.173497 2.425981 -0.226106
v 0.164366 2.430000 -0.214205
v 0.155234 2.425981 -0.202305
v 0.148550 2.415000 -0.193593
v 0.146103 2.400000 -0.190405
v 0.148550 2.385000 -0.193593
v 0.155234 2.374019 -0.202305
v 0.164366 2.370000 -0.214205
v 0.173497 2.374019 -0.226106
v 0.180182 2.385000 -0.234817
v 0.150000 2.400000 -0.259808
v 0.147990 2.415000 -0.256327
v 0.142500 2.425981 -0.246817
v 0.135000 2.430000 -0.233827
v 0.127500 2.425981 -0.220837
v 0.122010 2.415000 -0.211327
v 0.120000 2.400000 -0.207846
v 0.122010 2.385000 -0.211327
v 0.127500 2.374019 -0.220837
v 0.135000 2.370000 -0.233827
v 0.142500 2.374019 -0.246817
v 0.147990 2.385000 -0.256327
v 0.114805 2.400000 -0.277164
v 0.113267 2.415000 -0.273451
v 0.109065 2.425981 -0.263306
v 0.103325 2.430000 -0.249447
v 0.097584 2.425981 -0.235589
v 0.093382 2.415000 -0.225444
v 0.091844 2.400000 -0.221731
v 0.093382 2.385000 -0.225444
v 0.097584 2.374019 -0.235589
v 0.103325 2.370000 -0.249447
v 0.109065 2.374019 -0.263306
v 0.113267 2.385000 -0.273451
v 0.077646 2.400000 -0.289778
v 0.076605 2.415000 -0.285895
v 0.073763 2.425981 -0.275289
v 0.069881 2.430000 -0.260800
v 0.065999 2.425981 -0.246311
v 0.063157 2.415000 -0.235704
v 0.062117 2.400000 -0.231822
v 0.063157 2.385000 -0.235704
v 0.065999 2.374019 -0.246311
v 0.069881 2.370000 -0.260800
v 0.073763 2.374019 -0.275289
v 0.076605 2.385000 -0.285895
v 0.039158 2.400000 -0.297433
v 0.038633 2.415000 -0.293449
v 0.037200 2.425981 -0.282562
v 0.035242 2.430000 -0.267690
v 0.033284 2.425981 -0.252818
v 0.031851 2.415000 -0.241932
v 0.031326 2.400000 -0.237947
v 0.031851 2.385000 -0.241932
v 0.033284 2.374019 -0.252818
v 0.035242 2.370000 -0.267690
v 0.037200 2.374019 -0.282562
v 0.038633 2.385000 -0.293449
v 0.000000 2.400000 -0.300000
v 0.000000 2.415000 -0.295981
v 0.000000 2.425981 -0.285000
v 0.000000 2.430000 -0.270000
v 0.000000 2.425981 -0.255000
v 0.000000 2.415000 -0.244019
v 0.000000 2.400000 -0.240000
v 0.000000 2.385000 -0.244019
v 0.000000 2.374019 -0.255000
v 0.000000 2.370000 -0.270000
v 0.000000 2.374019 -0.285000
v 0.000000 2.385000 -0.295981
v -0.039158 2.400000 -0.297433
v -0.038633 2.415000 -0.293449
v -0.037200 2.425981 -0.282562
v -0.035242 2.430000 -0.267690
v -0.033284 2.425981 -0.252818
v -0.031851 2.415000 -0.241932
v -0.031326 2.400000 -0.237947
v -0.031851 2.385000 -0.241932
v -0.033284 2.374019 -0.252818
v -0.035242 2.370000 -0.267690
v -0.037200 2.374019 -0.282562
v -0.038633 2.385000 -0.293449
v -0.077646 2.400000 -0.289778
v -0.076605 2.415000 -0.285895
v -0.073763 2.425981 -0.275289
v -0.069881 2.430000 -0.260800
v -0.065999 2.425981 -0.246311
v -0.063157 2.415000 -0.235705
v -0.062117 2.400000 -0.231822
v -0.063157 2.385000 -0.235705
v -0.065999 2.374019 -0.246311
v -0.069881 2.370000 -0.260800
v -0.073763 2.374019 -0.275289
v -0.076605 2.385000 -0.285895
v -0.114805 2.400000 -0.277164
v -0.113267 2.415000 -0.273451
v -0.109065 2.425981 -0.263306
v -0.103325 2.430000 -0.249447
v -0.097584 2.425981 -0.235589
v -0.093382 2.415000 -0.225444
v -0.091844 2.400000 -0.221731
v -0.093382 2.385000 -0.225444
v -0.097584 2.374019 -0.235589
v -0.103325 2.370000 -0.249447
v -0.109065 2.374019 -0.263306
v -0.113267 2.385000 -0.273451
v -0.150000 2.400000 -0.259808
v -0.147990 2.415000 -0.256327
v -0.142500 2.425981 -0.246817
v -0.135000 2.430000 -0.233827
v -0.127500 2.425981 -0.220837
v -0.122010 2.415000 -0.211327
v -0.120000 2.400000 -0.207846
v -0.122010 2.385000 -0.211327
v -0.127500 2.374019 -0.220837
v -0.135000 2.370000 -0.233827
v -0.142500 2.374019 -0.246817
v -0.147990 2.385000 -0.256327
v -0.182628 2.400000 -0.238006
v -0.180182 2.415000 -0.234817
v -0.173497 2.425981 -0.226106
v -0.164366 2.430000 -0.214205
v -0.155234 2.425981 -0.202305
v -0.148550 2.415000 -0.193593
v -0.146103 2.400000 -0.190405
v -0.148550 2.385000 -0.193593
v -0.155234 2.374019 -0.202305
v -0.164366 2.370000 -0.214205
v -0.173497 2.374019 -0.226106
v -0.180182 2.385000 -0.234817
v -0.212132 2.400000 -0.212132
v -0.209290 2.415000 -0.209290
v -0.201525 2.425981 -0.201525
v -0.190919 2.430000 -0.190919
v -0.180312 2.425981 -0.180312
v -0.172548 2.415000 -0.172548
v -0.169706 2.400000 -0.169706
v -0.172548 2.385000 -0.172548
v -0.180312 2.374019 -0.180312
v -0.190919 2.370000 -0.190919
v -0.201525 2.374019 -0.201525
v -0.209290 2.385000 -0.209290
v -0.238006 2.400000 -0.182628
v -0.234817 2.415000 -0.180182
v -0.226106 2.425981 -0.173497
v -0.214205 2.430000 -0.164366
v -0.202305 2.425981 -0.155234
v -0.193593 2.415000 -0.148550
v -0.190405 2.400000 -0.146103
v -0.193593 2.385000 -0.148550
v -0.202305 2.374019 -0.155234
v -0.214205 2.370000 -0.164366
v -0.226106 2.374019 -0.173497
v -0.234817 2.385000 -0.180182
v -0.259808 2.400000 -0.150000
v -0.256327 2.415000 -0.147990
v -0.246817 2.425981 -0.142500
v -0.233827 2.430000 -0.135000
v -0.220836 2.425981 -0.127500
v -0.211327 2.415000 -0.122010
v -0.207846 2.400000 -0.120000
v -0.211327 2.385000 -0.122010
v -0.220836 2.374019 -0.127500
v -0.233827 2.370000 -0.135000
v -0.246817 2.374019 -0.142500
v -0.256327 2.385000 -0.147990
v -0.277164 2.400000 -0.114805
v -0.273451 2.415000 -0.113267
v -0.263306 2.425981 -0.109065
v -0.249447 2.430000 -0.103325
v -0.235589 2.425981 -0.097584
v -0.225444 2.415000 -0.093382
v -0.221731 2.400000 -0.091844
v -0.225444 2.385000 -0.093382
v -0.235589 2.374019 -0.097584
v -0.249447 2.370000 -0.103325
v -0.263306 2.374019 -0.109065
v -0.273451 2.385000 -0.113267
v -0.289778 2.400000 -0.077646
v -0.285895 2.415000 -0.076605
v -0.275289 2.425981 -0.073763
v -0.260800 2.430000 -0.069881
v -0.246311 2.425981 -0.065999
v -0.235705 2.415000 -0.063157
v -0.231822 2.400000 -0.062117
v -0.235705 2.385000 -0.063157
v -0.246311 2.374019 -0.065999
v -0.260800 2.370000 -0.069881
v -0.275289 2.374019 -0.073763
v -0.285895 2.385000 -0.076605
v -0.297433 2.400000 -0.039158
v -0.293449 2.415000 -0.038633
v -0.282562 2.425981 -0.037200
v -0.267690 2.430000 -0.035242
v -0.252818 2.425981 -0.033284
v -0.241932 2.415000 -0.031851
v -0.237947 2.400000 -0.031326
v -0.241932 2.385000 -0.031851
v -0.252818 2.374019 -0.033284
v -0.267690 2.370000 -0.035242
v -0.282562 2.374019 -0.037200
v -0.293449 2.385000 -0.038633
v -0.300000 2.400000 -0.000000
v -0.295981 2.415000 -0.000000
v -0.285000 2.425981 -0.000000
v -0.270000 2.430000 -0.000000
v -0.255000 2.425981 -0.000000
v -0.244019 2.415000 -0.000000
v -0.240000 2.400000 -0.000000
v -0.244019 2.385000 -0.000000
v -0.255000 2.374019 -0.000000
v -0.270000 2.370000 -0.000000
v -0.285000 2.374019 -0.000000
v -0.295981 2.385000 -0.000000
v -0.297433 2.400000 0.039158
v -0.293449 2.415000 0.038633
v -0.282562 2.425981 0.037200
v -0.267690 2.430000 0.035242
v -0.252818 2.425981 0.033284
v -0.241932 2.415000 0.031851
v -0.237947 2.400000 0.031326
v -0.241932 2.385000 0.031851
v -0.252818 2.374019 0.033284
v -0.267690 2.370000 0.035242
v -0.282562 2.374019 0.037200
v -0.293449 2.385000 0.038633
v -0.289778 2.400000 0.077646
v -0.285895 2.415000 0.076605
v -0.275289 2.425981 0.073763
v -0.260800 2.430000 0.069881
v -0.246311 2.425981 0.065999
v -0.235705 2.415000 0.063157
v -0.231822 2.400000 0.062117
v -0.235705 2.385000 0.063157
v -0.246311 2.374019 0.065999
v -0.260800 2.370000 0.069881
v -0.275289 2.374019 0.073763
v -0.285895 2.385000 0.076605
v -0.277164 2.400000 0.114805
v -0.273451 2.415000 0.113267
v -0.263306 2.425981 0.109065
v -0.249448 2.430000 0.103324
v -0.235589 2.425981 0.097584
v -0.225444 2.415000 0.093382
v -0.221731 2.400000 0.091844
v -0.225444 2.385000 0.093382
v -0.235589 2.374019 0.097584
v -0.249448 2.370000 0.103324
v -0.263306 2.374019 0.109065
v -0.273451 2.385000 0.113267
v -0.259808 2.400000 0.150000
v -0.256327 2.415000 0.147990
v -0.246817 2.425981 0.142500
v -0.233827 2.430000 0.135000
v -0.220837 2.425981 0.127500
v -0.211327 2.415000 0.122010
v -0.207846 2.400000 0.120000
v -0.211327 2.385000 0.122010
v -0.220837 2.374019 0.127500
v -0.233827 2.370000 0.135000
v -0.246817 2.374019 0.142500
v -0.256327 2.385000 0.147990
v -0.238006 2.400000 0.182628
v -0.234817 2.415000 0.180182
v -0.226106 2.425981 0.173497
v -0.214205 2.430000 0.164366
v -0.202305 2.425981 0.155234
v -0.193593 2.415000 0.148550
v -0.190405 2.400000 0.146103
v -0.193593 2.385000 0.148550
v -0.202305 2.374019 0.155234
v -0.214205 2.370000 0.164366
v -0.226106 2.374019 0.173497
v -0.234817 2.385000 0.180182
v -0.212132 2.400000 0.212132
v -0.209290 2.415000 0.209290
v -0.201525 2.425981 0.201525
v -0.190919 2.430000 0.190919
v -0.180312 2.425981 0.180312
v -0.172548 2.415000 0.172548
v -0.169706 2.400000 0.169706
v -0.172548 2.385000 0.172548
v -0.180312 2.374019 0.180312
v -0.190919 2.370000 0.190919
v -0.201525 2.374019 0.201525
v -0.209290 2.385000 0.209290
v -0.182629 2.400000 0.238006
v -0.180182 2.415000 0.234817
v -0.173497 2.425981 0.226106
v -0.164366 2.430000 0.214205
v -0.155234 2.425981 0.202305
v -0.148550 2.415000 0.193593
v -0.146103 2.400000 0.190405
v -0.148550 2.385000 0.193593
v -0.155234 2.374019 0.202305
v -0.164366 2.370000 0.214205
v -0.173497 2.374019 0.226106
v -0.180182 2.385000 0.234817
v -0.150000 2.400000 0.259808
v -0.147990 2.415000 0.256327
v -0.142500 2.425981 0.246817
v -0.135000 2.430000 0.233827
v -0.127500 2.425981 0.220837
v -0.122010 2.415000 0.211327
v -0.120000 2.400000 0.207846
v -0.122010 2.385000 0.211327
v -0.127500 2.374019 0.220837
v -0.135000 2.370000 0.233827
v -0.142500 2.374019 0.246817
v -0.147990 2.385000 0.256327
v -0.114805 2.400000 0.277164
v -0.113267 2.415000 0.273451
v -0.109065 2.425981 0.263306
v -0.103325 2.430000 0.249447
v -0.097584 2.425981 0.235589
v -0.093382 2.415000 0.225444
v -0.091844 2.400000 0.221731
v -0.093382 2.385000 0.225444
v -0.097584 2.374019 0.235589
v -0.103325 2.370000 0.249447
v -0.109065 2.374019 0.263306
v -0.113267 2.385000 0.273451
v -0.077646 2.400000 0.289778
v -0.076606 2.415000 0.285895
v -0.073764 2.425981 0.275289
v -0.069881 2.430000 0.260800
v -0.065999 2.425981 0.246311
v -0.063157 2.415000 0.235704
v -0.062117 2.400000 0.231822
v -0.063157 2.385000 0.235704
v -0.065999 2.374019 0.246311
v -0.069881 2.370000 0.260800
v -0.073764 2.374019 0.275289
v -0.076606 2.385000 0.285895
v -0.039158 2.400000 0.297433
v -0.038633 2.415000 0.293449
v -0.037200 2.425981 0.282562
v -0.035242 2.430000 0.267690
v -0.033284 2.425981 0.252818
v -0.031851 2.415000 0.241932
v -0.031326 2.400000 0.237947
v -0.031851 2.385000 0.241932
v -0.033284 2.374019 0.252818
v -0.035242 2.370000 0.267690
v -0.037200 2.374019 0.282562
v -0.038633 2.385000 0.293449
v 0.000000 2.400000 0.300000
v 0.000000 2.415000 0.295981
v 0.000000 2.425981 0.285000
v 0.000000 2.430000 0.270000
v 0.000000 2.425981 0.255000
v 0.000000 2.415000 0.244019
v 0.000000 2.400000 0.240000
v 0.000000 2.385000 0.244019
v 0.000000 2.374019 0.255000
v 0.000000 2.370000 0.270000
v 0.000000 2.374019 0.285000
v 0.000000 2.385000 0.295981
v 0.039158 2.400000 0.297433
v 0.038633 2.415000 0.293449
v 0.037200 2.425981 0.282562
v 0.035242 2.430000 0.267690
v 0.033284 2.425981 0.252818
v 0.031851 2.415000 0.241932
v 0.031326 2.400000 0.237947
v 0.031851 2.385000 0.241932
v 0.033284 2.374019 0.252818
v 0.035242 2.370000 0.267690
v 0.037200 2.374019 0.282562
v 0.038633 2.385000 0.293449
v 0.077646 2.400000 0.289778
v 0.076605 2.415000 0.285896
v 0.073763 2.425981 0.275289
v 0.069881 2.430000 0.260800
v 0.065999 2.425981 0.246311
v 0.063157 2.415000 0.235705
v 0.062116 2.400000 0.231822
v 0.063157 2.385000 0.235705
v 0.065999 2.374019 0.246311
v 0.069881 2.370000 0.260800
v 0.073763 2.374019 0.275289
v 0.076605 2.385000 0.285896
v 0.114805 2.400000 0.277164
v 0.113267 2.415000 0.273451
v 0.109065 2.425981 0.263306
v 0.103325 2.430000 0.249447
v 0.097584 2.425981 0.235589
v 0.093382 2.415000 0.225444
v 0.091844 2.400000 0.221731
v 0.093382 2.385000 0.225444
v 0.097584 2.374019 0.235589
v 0.103325 2.370000 0.249447
v 0.109065 2.374019 0.263306
v 0.113267 2.385000 0.273451
v 0.150000 2.400000 0.259808
v 0.147990 2.415000 0.256327
v 0.142500 2.425981 0.246817
v 0.135000 2.430000 0.233827
v 0.127500 2.425981 0.220837
v 0.122010 2.415000 0.211327
v 0.120000 2.400000 0.207846
v 0.122010 2.385000 0.211327
v 0.127500 2.374019 0.220837
v 0.135000 2.370000 0.233827
v 0.142500 2.374019 0.246817
v 0.147990 2.385000 0.256327
v 0.182628 2.400000 0.238006
v 0.180182 2.415000 0.234817
v 0.173497 2.425981 0.226106
v 0.164366 2.430000 0.214205
v 0.155234 2.425981 0.202305
v 0.148549 2.415000 0.193594
v 0.146103 2.400000 0.190405
v 0.148549 2.385000 0.193594
v 0.155234 2.374019 0.202305
v 0.164366 2.370000 0.214205
v 0.173497 2.374019 0.226106
v 0.180182 2.385000 0.234817
v 0.212132 2.400000 0.212132
v 0.209290 2.415000 0.209290
v 0.201525 2.425981 0.201526
v 0.190919 2.430000 0.190919
v 0.180312 2.425981 0.180312
v 0.172548 2.415000 0.172548
v 0.169706 2.400000 0.169706
v 0.172548 2.385000 0.172548
v 0.180312 2.374019 0.180312
v 0.190919 2.370000 0.190919
v 0.201525 2.374019 0.201526
v 0.209290 2.385000 0.209290
v 0.238006 2.400000 0.182628
v 0.234817 2.415000 0.180182
v 0.226106 2.425981 0.173497
v 0.214205 2.430000 0.164366
v 0.202305 2.425981 0.155234
v 0.193594 2.415000 0.148549
v 0.190405 2.400000 0.146103
v 0.193594 2.385000 0.148549
v 0.202305 2.374019 0.155234
v 0.214205 2.370000 0.164366
v 0.226106 2.374019 0.173497
v 0.234817 2.385000 0.180182
v 0.259808 2.400000 0.150000
v 0.256327 2.415000 0.147990
v 0.246817 2.425981 0.142500
v 0.233827 2.430000 0.135000
v 0.220836 2.425981 0.127500
v 0.211327 2.415000 0.122010
v 0.207846 2.400000 0.120000
v 0.211327 2.385000 0.122010
v 0.220836 2.374019 0.127500
v 0.233827 2.370000 0.135000
v 0.246817 2.374019 0.142500
v 0.256327 2.385000 0.147990
v 0.277164 2.400000 0.114805
v 0.273451 2.415000 0.113267
v 0.263306 2.425981 0.109065
v 0.249447 2.430000 0.103325
v 0.235589 2.425981 0.097584
v 0.225444 2.415000 0.093382
v 0.221731 2.400000 0.091844
v 0.225444 2.385000 0.093382
v 0.235589 2.374019 0.097584
v 0.249447 2.370000 0.103325
v 0.263306 2.374019 0.109065
v 0.273451 2.385000 0.113267
v 0.289778 2.400000 0.077646
v 0.285895 2.415000 0.076605
v 0.275289 2.425981 0.073763
v 0.260800 2.430000 0.069881
v 0.246311 2.425981 0.065999
v 0.235705 2.415000 0.063157
v 0.231822 2.400000 0.062117
v 0.235705 2.385000 0.063157
v 0.246311 2.374019 0.065999
v 0.260800 2.370000 0.069881
v 0.275289 2.374019 0.073763
v 0.285895 2.385000 0.076605
v 0.297433 2.400000 0.039158
v 0.293449 2.415000 0.038633
v 0.282562 2.425981 0.037200
v 0.267690 2.430000 0.035242
v 0.252818 2.425981 0.033284
v 0.241932 2.415000 0.031851
v 0.237947 2.400000 0.031326
v 0.241932 2.385000 0.031851
v 0.252818 2.374019 0.033284
v 0.267690 2.370000 0.035242
v 0.282562 2.374019 0.037200
v 0.293449 2.385000 0.038633
vn 0.9640 0.2583 -0.0632
vn 0.7063 0.7063 -0.0463
vn 0.2588 0.9658 -0.0170
vn -0.2588 0.9658 0.0170
vn -0.7063 0.7063 0.0463
vn -0.9640 0.2583 0.0632
vn -0.9640 -0.2583 0.0632
vn -0.7063 -0.7063 0.0463
vn -0.2588 -0.9658 0.0170
vn 0.2588 -0.9658 -0.0170
vn 0.7063 -0.7063 -0.0463
vn 0.9640 -0.2583 -0.0632
vn 0.9475 0.2583 -0.1885
vn 0.6943 0.7063 -0.1381
vn 0.2544 0.9658 -0.0506
vn -0.2544 0.9658 0.0506
vn -0.6943 0.7063 0.1381
vn -0.9475 0.2583 0.1885
vn -0.9475 -0.2583 0.1885
vn -0.6943 -0.7063 0.1381
vn -0.2544 -0.9658 0.0506
vn 0.2544 -0.9658 -0.0506
vn 0.6943 -0.7063 -0.1381
vn 0.9475 -0.2583 -0.1885
vn 0.9148 0.2583 -0.3105
vn 0.6703 0.7063 -0.2275
vn 0.2456 0.9658 -0.0834
vn -0.2456 0.9658 0.0834
vn -0.6703 0.7063 0.2275
vn -0.9148 0.2583 0.3105
vn -0.9148 -0.2583 0.3105
vn -0.6703 -0.7063 0.2275
vn -0.2456 -0.9658 0.0834
vn 0.2456 -0.9658 -0.0834
vn 0.6703 -0.7063 -0.2275
vn 0.9148 -0.2583 -0.3105
vn 0.8664 0.2583 -0.4273
vn 0.6349 0.7063 -0.3131
vn 0.2326 0.9658 -0.1147
vn -0.2326 0.9658 0.1147
vn -0.6349 0.7063 0.3131
vn -0.8664 0.2583 0.4273
vn -0.8664 -0.2583 0.4273
vn -0.6349 -0.7063 0.3131
vn -0.2326 -0.9658 0.1147
vn 0.2326 -0.9658 -0.1147
vn 0.6349 -0.7063 -0.3131
vn 0.8664 -0.2583 -0.4273
vn 0.8033 0.2583 -0.5367
vn 0.5886 0.7063 -0.3933
vn 0.2156 0.9658 -0.1441
vn -0.2156 0.9658 0.1441
vn -0.5886 0.7063 0.3933
vn -0.8033 0.2583 0.5367
vn -0.8033 -0.2583 0.5367
vn -0.5886 -0.7063 0.3933
vn -0.2156 -0.9658 0.1441
vn 0.2156 -0.9658 -0.1441
vn 0.5886 -0.7063 -0.3933
vn 0.8033 -0.2583 -0.5367
vn 0.7263 0.2583 -0.6370
vn 0.5322 0.7063 -0.4667
vn 0.1950 0.9658 -0.1710
vn -0.1950 0.9658 0.1710
vn -0.5322 0.7063 0.4667
vn -0.7263 0.2583 0.6370
vn -0.7263 -0.2583 0.6370
vn -0.5322 -0.7063 0.4667
vn -0.1950 -0.9658 0.1710
vn 0.1950 -0.9658 -0.1710
vn 0.5322 -0.7063 -0.4667
vn 0.7263 -0.2583 -0.6370
vn 0.6370 0.2583 -0.7263
vn 0.4667 0.7063 -0.5322
vn 0.1710 0.9658 -0.1950
vn -0.1710 0.9658 0.1950
vn -0.4667 0.7063 0.5322
vn -0.6370 0.2583 0.7263
vn -0.6370 -0.2583 0.7263
vn -0.4667 -0.7063 0.5322
vn -0.1710 -0.9658 0.1950
vn 0.1710 -0.9658 -0.1950
vn 0.4667 -0.7063 -0.5322
vn 0.6370 -0.2583 -0.7263
vn 0.5367 0.2583 -0.8033
vn 0.3933 0.7063 -0.5886
vn 0.1441 0.9658 -0.2156
vn -0.1441 0.9658 0.2156
vn -0.3933 0.7063 0.5886
vn -0.5367 0.2583 0.8033
vn -0.5367 -0.2583 0.8033
vn -0.3933 -0.7063 0.5886
vn -0.1441 -0.9658 0.2156
vn 0.1441 -0.9658 -0.2156
vn 0.3933 -0.7063 -0.5886
vn 0.5367 -0.2583 -0.8033
vn 0.4273 0.2583 -0.8664
vn 0.3131 0.7063 -0.6349
vn 0.1147 0.9658 -0.2326
vn -0.1147 0.9658 0.2326
vn -0.3131 0.7063 0.6349
vn -0.4273 0.2583 0.8664
vn -0.4273 -0.2583 0.8664
vn -0.3131 -0.7063 0.6349
vn -0.1147 -0.9658 0.2326
vn 0.1147 -0.9658 -0.2326
vn 0.3131 -0.7063 -0.6349
vn 0.4273 -0.2583 -0.8664
vn 0.3105 0.2583 -0.9148
vn 0.2275 0.7063 -0.6703
vn 0.0834 0.9658 -0.2456
vn -0.0834 0.9658 0.2456
vn -0.2275 0.7063 0.6703
vn -0.3105 0.2583 0.9148
vn -0.3105 -0.2583 0.9148
vn -0.2275 -0.7063 0.6703
vn -0.0834 -0.9658 0.2456
vn 0.0834 -0.9658 -0.2456
vn 0.2275 -0.7063 -0.6703
vn 0.3105 -0.2583 -0.9148
vn 0.1885 0.2583 -0.9475
vn 0.1381 0.7064 -0.6943
vn 0.0506 0.9658 -0.2544
vn -0.0506 0.9658 0.2544
vn -0.1381 0.7063 0.6943
vn -0.1885 0.2583 0.9475
vn -0.1885 -0.2583 0.9475
vn -0.1381 -0.7063 0.6943
vn -0.0506 -0.9658 0.2544
vn 0.0506 -0.9658 -0.2544
vn 0.1381 -0.7064 -0.6943
vn 0.1885 -0.2583 -0.9475
vn 0.0632 0.2583 -0.9640
vn 0.0463 0.7063 -0.7063
vn 0.0170 0.9658 -0.2588
vn -0.0170 0.9658 0.2588
vn -0.0463 0.7063 0.7063
vn -0.0632 0.2583 0.9640
vn -0.0632 -0.2583 0.9640
vn -0.0463 -0.7063 0.7063
vn -0.0170 -0.9658 0.2588
vn 0.0170 -0.9658 -0.2588
vn 0.0463 -0.7063 -0.7063
vn 0.0632 -0.2583 -0.9640
vn -0.0632 0.2583 -0.9640
vn -0.0463 0.7063 -0.7063
vn -0.0170 0.9658 -0.2588
vn 0.0170 0.9658 0.2588
vn 0.0463 0.7063 0.7063
vn 0.0632 0.2583 0.9640
vn 0.0632 -0.2583 0.9640
vn 0.0463 -0.7063 0.7063
vn 0.0170 -0.9658 0.2588
vn -0.0170 -0.9658 -0.2588
vn -0.0463 -0.7063 -0.7063
vn -0.0632 -0.2583 -0.9640
vn -0.1885 0.2583 -0.9475
vn -0.1381 0.7064 -0.6943
vn -0.0506 0.9658 -0.2544
vn 0.0506 0.9658 0.2544
vn 0.1381 0.7063 0.6943
vn 0.1885 0.2583 0.9475
vn 0.1885 -0.2583 0.9475
vn 0.1381 -0.7063 0.6943
vn 0.0506 -0.9658 0.2544
vn -0.0506 -0.9658 -0.2544
vn -0.1381 -0.7064 -0.6943
vn -0.1885 -0.2583 -0.9475
vn -0.3105 0.2583 -0.9148
vn -0.2275 0.7063 -0.6703
vn -0.0834 0.9658 -0.2456
vn 0.0834 0.9658 0.2456
vn 0.2275 0.7063 0.6703
vn 0.3105 0.2583 0.9148
vn 0.3105 -0.2583 0.9148
vn 0.2275 -0.7063 0.6703
vn 0.0834 -0.9658 0.2456
vn -0.0834 -0.9658 -0.2456
vn -0.2275 -0.7063 -0.6703
vn -0.3105 -0.2583 -0.9148
vn -0.4273 0.2583 -0.8664
vn -0.3131 0.7064 -0.6349
vn -0.1147 0.9658 -0.2326
vn 0.1147 0.9658 0.2326
vn 0.3131 0.7063 0.6349
vn 0.4273 0.2583 0.8664
vn 0.4273 -0.2583 0.8664
vn 0.3131 -0.7063 0.6349
vn 0.1147 -0.9658 0.2326
vn -0.1147 -0.9658 -0.2326
vn -0.3131 -0.7064 -0.6349
vn -0.4273 -0.2583 -0.8664
vn -0.5367 0.2583 -0.8033
vn -0.3933 0.7064 -0.5886
vn -0.1441 0.9658 -0.2156
vn 0.1441 0.9658 0.2156
vn 0.3933 0.7063 0.5886
vn 0.5367 0.2583 0.8033
vn 0.5367 -0.2583 0.8033
vn 0.3933 -0.7063 0.5886
vn 0.1441 -0.9658 0.2156
vn -0.1441 -0.9658 -0.2156
vn -0.3933 -0.7063 -0.5886
vn -0.5367 -0.2583 -0.8033
vn -0.6370 0.2583 -0.7263
vn -0.4667 0.7063 -0.5322
vn -0.1710 0.9658 -0.1950
vn 0.1710 0.9658 0.1950
vn 0.4667 0.7063 0.5322
vn 0.6370 0.2583 0.7263
vn 0.6370 -0.2583 0.7263
vn 0.4667 -0.7063 0.5322
vn 0.1710 -0.9658 0.1950
vn -0.1710 -0.9658 -0.1950
vn -0.4667 -0.7063 -0.5322
vn -0.6370 -0.2583 -0.7263
vn -0.7263 0.2583 -0.6370
vn -0.5322 0.7063 -0.4667
vn -0.1950 0.9658 -0.1710
vn 0.1950 0.9658 0.1710
vn 0.5322 0.7063 0.4667
vn 0.7263 0.2583 0.6370
vn 0.7263 -0.2583 0.6370
vn 0.5322 -0.7063 0.4667
vn 0.1950 -0.9658 0.1710
vn -0.1950 -0.9658 -0.1710
vn -0.5322 -0.7063 -0.4667
vn -0.7263 -0.2583 -0.6370
vn -0.8033 0.2583 -0.5367
vn -0.5886 0.7063 -0.3933
vn -0.2156 0.9658 -0.1441
vn 0.2156 0.9658 0.1441
vn 0.5886 0.7063 0.3933
vn 0.8033 0.2583 0.5367
vn 0.8033 -0.2583 0.5367
vn 0.5886 -0.7063 0.3933
vn 0.2156 -0.9658 0.1441
vn -0.2156 -0.9658 -0.1441
vn -0.5886 -0.7063 -0.3933
vn -0.8033 -0.2583 -0.5367
vn -0.8664 0.2583 -0.4273
vn -0.6349 0.7063 -0.3131
vn -0.2326 0.9658 -0.1147
vn 0.2326 0.9658 0.1147
vn 0.6349 0.7063 0.3131
vn 0.8664 0.2583 0.4273
vn 0.8664 -0.2583 0.4273
vn 0.6349 -0.7063 0.3131
vn 0.2326 -0.9658 0.1147
vn -0.2326 -0.9658 -0.1147
vn -0.6349 -0.7063 -0.3131
vn -0.8664 -0.2583 -0.4273
vn -0.9148 0.2583 -0.3105
vn -0.6703 0.7063 -0.2275
vn -0.2456 0.9658 -0.0834
vn 0.2456 0.9658 0.0834
vn 0.6703 0.7063 0.2275
vn 0.9148 0.2583 0.3105
vn 0.9148 -0.2583 0.3105
vn 0.6703 -0.7063 0.2275
vn 0.2456 -0.9658 0.0834
vn -0.2456 -0.9658 -0.0834
vn -0.6703 -0.7063 -0.2275
vn -0.9148 -0.2583 -0.3105
vn -0.9475 0.2583 -0.1885
vn -0.6943 0.7063 -0.1381
vn -0.2544 0.9658 -0.0506
vn 0.2544 0.9658 0.0506
vn 0.6943 0.7063 0.1381
vn 0.9475 0.2583 0.1885
vn 0.9475 -0.2583 0.1885
vn 0.6943 -0.7063 0.1381
vn 0.2544 -0.9658 0.0506
vn -0.2544 -0.9658 -0.0506
vn -0.6943 -0.7063 -0.1381
vn -0.9475 -0.2583 -0.1885
vn -0.9640 0.2583 -0.0632
vn -0.7063 0.7063 -0.0463
vn -0.2588 0.9658 -0.0170
vn 0.2588 0.9658 0.0170
vn 0.7063 0.7063 0.0463
vn 0.9640 0.2583 0.0632
vn 0.9640 -0.2583 0.0632
vn 0.7063 -0.7063 0.0463
vn 0.2588 -0.9658 0.0170
vn -0.2588 -0.9658 -0.0170
vn -0.7063 -0.7063 -0.0463
vn -0.9640 -0.2583 -0.0632
vn -0.5886 0.7064 0.3933
vn -0.5886 -0.7064 0.3933
vn -0.3131 0.7064 0.6349
vn -0.3131 -0.7064 0.6349
vn 0.1381 0.7063 -0.6943
vn 0.1381 -0.7063 -0.6943
vn 0.1381 0.7064 0.6943
vn -0.1381 0.7063 -0.6943
vn -0.1381 -0.7063 -0.6943
vn 0.1381 -0.7064 0.6943
vn -0.3131 0.7063 -0.6349
vn -0.3131 -0.7063 -0.6349
vn 0.3933 0.7064 0.5886
vn -0.3933 0.7063 -0.5886
vt 0.500000 0.500000
vt 0.520833 0.500000
vt 0.520833 0.583333
vt 0.500000 0.583333
vt 0.520833 0.666667
vt 0.500000 0.666667
vt 0.520833 0.750000
vt 0.500000 0.750000
vt 0.520833 0.833333
vt 0.500000 0.833333
vt 0.520833 0.916667
vt 0.500000 0.916667
vt 0.520833 1.000000
vt 0.500000 1.000000
vt 0.500000 0.000000
vt 0.520833 0.000000
vt 0.520833 0.083333
vt 0.500000 0.083333
vt 0.520833 0.166667
vt 0.500000 0.166667
vt 0.520833 0.250000
vt 0.500000 0.250000
vt 0.520833 0.333333
vt 0.500000 0.333333
vt 0.520833 0.416667
vt 0.500000 0.416667
vt 0.541667 0.500000
vt 0.541667 0.583333
vt 0.541667 0.666667
vt 0.541667 0.750000
vt 0.541667 0.833333
vt 0.541667 0.916667
vt 0.541667 1.000000
vt 0.541667 0.000000
vt 0.541667 0.083333
vt 0.541667 0.166667
vt 0.541667 0.250000
vt 0.541667 0.333333
vt 0.541667 0.416667
vt 0.562500 0.500000
vt 0.562500 0.583333
vt 0.562500 0.666667
vt 0.562500 0.750000
vt 0.562500 0.833333
vt 0.562500 0.916667
vt 0.562500 1.000000
vt 0.562500 0.000000
vt 0.562500 0.083333
vt 0.562500 0.166667
vt 0.562500 0.250000
vt 0.562500 0.333333
vt 0.562500 0.416667
vt 0.583333 0.500000
vt 0.583333 0.583333
vt 0.583333 0.666667
vt 0.583333 0.750000
vt 0.583333 0.833333
vt 0.583333 0.916667
vt 0.583333 1.000000
vt 0.583333 0.000000
vt 0.583333 0.083333
vt 0.583333 0.166667
vt 0.583333 0.250000
vt 0.583333 0.333333
vt 0.583333 0.416667
vt 0.604167 0.500000
vt 0.604167 0.583333
vt 0.604167 0.666667
vt 0.604167 0.750000
vt 0.604167 0.833333
vt 0.604167 0.916667
vt 0.604167 1.000000
vt 0.604167 0.000000
vt 0.604167 0.083333
vt 0.604167 0.166667
vt 0.604167 0.250000
vt 0.604167 0.333333
vt 0.604167 0.416667
vt 0.625000 0.500000
vt 0.625000 0.583333
vt 0.625000 0.666667
vt 0.625000 0.750000
vt 0.625000 0.833333
vt 0.625000 0.916667
vt 0.625000 1.000000
vt 0.625000 0.000000
vt 0.625000 0.083333
vt 0.625000 0.166667
vt 0.625000 0.250000
vt 0.625000 0.333333
vt 0.625000 0.416667
vt 0.645833 0.500000
vt 0.645833 0.583333
vt 0.645833 0.666667
vt 0.645833 0.750000
vt 0.645833 0.833333
vt 0.645833 0.916667
vt 0.645833 1.000000
vt 0.645833 0.000000
vt 0.645833 0.083333
vt 0.645833 0.166667
vt 0.645833 0.250000
vt 0.645833 0.333333
vt 0.645833 0.416667
vt 0.666667 0.500000
vt 0.666667 0.583333
vt 0.666667 0.666667
vt 0.666667 0.750000
vt 0.666667 0.833333
vt 0.666667 0.916667
vt 0.666667 1.000000
vt 0.666667 0.000000
vt 0.666667 0.083333
vt 0.666667 0.166667
vt 0.666667 0.250000
vt 0.666667 0.333333
vt 0.666667 0.416667
vt 0.687500 0.500000
vt 0.687500 0.583333
vt 0.687500 0.666667
vt 0.687500 0.750000
vt 0.687500 0.833333
vt 0.687500 0.916667
vt 0.687500 1.000000
vt 0.687500 0.000000
vt 0.687500 0.083333
vt 0.687500 0.166667
vt 0.687500 0.250000
vt 0.687500 0.333333
vt 0.687500 0.416667
vt 0.708333 0.500000
vt 0.708333 0.583333
vt 0.708333 0.666667
vt 0.708333 0.750000
vt 0.708333 0.833333
vt 0.708333 0.916667
vt 0.708333 1.000000
vt 0.708333 0.000000
vt 0.708333 0.083333
vt 0.708333 0.166667
vt 0.708333 0.250000
vt 0.708333 0.333333
vt 0.708333 0.416667
vt 0.729167 0.500000
vt 0.729167 0.583333
vt 0.729167 0.666667
vt 0.729167 0.750000
vt 0.729167 0.833333
vt 0.729167 0.916667
vt 0.729167 1.000000
vt 0.729167 0.000000
vt 0.729167 0.083333
vt 0.729167 0.166667
vt 0.729167 0.250000
vt 0.729167 0.333333
vt 0.729167 0.416667
vt 0.750000 0.500000
vt 0.750000 0.583333
vt 0.750000 0.666667
vt 0.750000 0.750000
vt 0.750000 0.833333
vt 0.750000 0.916667
vt 0.750000 1.000000
vt 0.750000 0.000000
vt 0.750000 0.083333
vt 0.750000 0.166667
vt 0.750000 0.250000
vt 0.750000 0.333333
vt 0.750000 0.416667
vt 0.770833 0.500000
vt 0.770833 0.583333
vt 0.770833 0.666667
vt 0.770833 0.750000
vt 0.770833 0.833333
vt 0.770833 0.916667
vt 0.770833 1.000000
vt 0.770833 0.000000
vt 0.770833 0.083333
vt 0.770833 0.166667
vt 0.770833 0.250000
vt 0.770833 0.333333
vt 0.770833 0.416667
vt 0.791667 0.500000
vt 0.791667 0.583333
vt 0.791667 0.666667
vt 0.791667 0.750000
vt 0.791667 0.833333
vt 0.791667 0.916667
vt 0.791667 1.000000
vt 0.791667 0.000000
vt 0.791667 0.083333
vt 0.791667 0.166667
vt 0.791667 0.250000
vt 0.791667 0.333333
vt 0.791667 0.416667
vt 0.812500 0.500000
vt 0.812500 0.583333
vt 0.812500 0.666667
vt 0.812500 0.750000
vt 0.812500 0.833333
vt 0.812500 0.916667
vt 0.812500 1.000000
vt 0.812500 0.000000
vt 0.812500 0.083333
vt 0.812500 0.166667
vt 0.812500 0.250000
vt 0.812500 0.333333
vt 0.812500 0.416667
vt 0.833333 0.500000
vt 0.833333 0.583333
vt 0.833333 0.666667
vt 0.833333 0.750000
vt 0.833333 0.833333
vt 0.833333 0.916667
vt 0.833333 1.000000
vt 0.833333 0.000000
vt 0.833333 0.083333
vt 0.833333 0.166667
vt 0.833333 0.250000
vt 0.833333 0.333333
vt 0.833333 0.416667
vt 0.854167 0.500000
vt 0.854167 0.583333
vt 0.854167 0.666667
vt 0.854167 0.750000
vt 0.854167 0.833333
vt 0.854167 0.916667
vt 0.854167 1.000000
vt 0.854167 0.000000
vt 0.854167 0.083333
vt 0.854167 0.166667
vt 0.854167 0.250000
vt 0.854167 0.333333
vt 0.854167 0.416667
vt 0.875000 0.500000
vt 0.875000 0.583333
vt 0.875000 0.666667
vt 0.875000 0.750000
vt 0.875000 0.833333
vt 0.875000 0.916667
vt 0.875000 1.000000
vt 0.875000 0.000000
vt 0.875000 0.083333
vt 0.875000 0.166667
vt 0.875000 0.250000
vt 0.875000 0.333333
vt 0.875000 0.416667
vt 0.895833 0.500000
vt 0.895833 0.583333
vt 0.895833 0.666667
vt 0.895833 0.750000
vt 0.895833 0.833333
vt 0.895833 0.916667
vt 0.895833 1.000000
vt 0.895833 0.000000
vt 0.895833 0.083333
vt 0.895833 0.166667
vt 0.895833 0.250000
vt 0.895833 0.333333
vt 0.895833 0.416667
vt 0.916667 0.500000
vt 0.916667 0.583333
vt 0.916667 0.666667
vt 0.916667 0.750000
vt 0.916667 0.833333
vt 0.916667 0.916667
vt 0.916667 1.000000
vt 0.916667 0.000000
vt 0.916667 0.083333
vt 0.916667 0.166667
vt 0.916667 0.250000
vt 0.916667 0.333333
vt 0.916667 0.416667
vt 0.937500 0.500000
vt 0.937500 0.583333
vt 0.937500 0.666667
vt 0.937500 0.750000
vt 0.937500 0.833333
vt 0.937500 0.916667
vt 0.937500 1.000000
vt 0.937500 0.000000
vt 0.937500 0.083333
vt 0.937500 0.166667
vt 0.937500 0.250000
vt 0.937500 0.333333
vt 0.937500 0.416667
vt 0.958333 0.500000
vt 0.958333 0.583333
vt 0.958333 0.666667
vt 0.958333 0.750000
vt 0.958333 0.833333
vt 0.958333 0.916667
vt 0.958333 1.000000
vt 0.958333 0.000000
vt 0.958333 0.083333
vt 0.958333 0.166667
vt 0.958333 0.250000
vt 0.958333 0.333333
vt 0.958333 0.416667
vt 0.979167 0.500000
vt 0.979167 0.583333
vt 0.979167 0.666667
vt 0.979167 0.750000
vt 0.979167 0.833333
vt 0.979167 0.916667
vt 0.979167 1.000000
vt 0.979167 0.000000
vt 0.979167 0.083333
vt 0.979167 0.166667
vt 0.979167 0.250000
vt 0.979167 0.333333
vt 0.979167 0.416667
vt 1.000000 0.500000
vt 1.000000 0.583333
vt 1.000000 0.666667
vt 1.000000 0.750000
vt 1.000000 0.833333
vt 1.000000 0.916667
vt 1.000000 1.000000
vt 1.000000 0.000000
vt 1.000000 0.083333
vt 1.000000 0.166667
vt 1.000000 0.250000
vt 1.000000 0.333333
vt 1.000000 0.416667
vt 0.000000 0.500000
vt 0.020833 0.500000
vt 0.020833 0.583333
vt 0.000000 0.583333
vt 0.020833 0.666667
vt 0.000000 0.666667
vt 0.020833 0.750000
vt 0.000000 0.750000
vt 0.020833 0.833333
vt 0.000000 0.833333
vt 0.020833 0.916667
vt 0.000000 0.916667
vt 0.020833 1.000000
vt 0.000000 1.000000
vt 0.000000 0.000000
vt 0.020833 0.000000
vt 0.020833 0.083333
vt 0.000000 0.083333
vt 0.020833 0.166667
vt 0.000000 0.166667
vt 0.020833 0.250000
vt 0.000000 0.250000
vt 0.020833 0.333333
vt 0.000000 0.333333
vt 0.020833 0.416667
vt 0.000000 0.416667
vt 0.041667 0.500000
vt 0.041667 0.583333
vt 0.041667 0.666667
vt 0.041667 0.750000
vt 0.041667 0.833333
vt 0.041667 0.916667
vt 0.041667 1.000000
vt 0.041667 0.000000
vt 0.041667 0.083333
vt 0.041667 0.166667
vt 0.041667 0.250000
vt 0.041667 0.333333
vt 0.041667 0.416667
vt 0.062500 0.500000
vt 0.062500 0.583333
vt 0.062500 0.666667
vt 0.062500 0.750000
vt 0.062500 0.833333
vt 0.062500 0.916667
vt 0.062500 1.000000
vt 0.062500 0.000000
vt 0.062500 0.083333
vt 0.062500 0.166667
vt 0.062500 0.250000
vt 0.062500 0.333333
vt 0.062500 0.416667
vt 0.083333 0.500000
vt 0.083333 0.583333
vt 0.083333 0.666667
vt 0.083333 0.750000
vt 0.083333 0.833333
vt 0.083333 0.916667
vt 0.083333 1.000000
vt 0.083333 0.000000
vt 0.083333 0.083333
vt 0.083333 0.166667
vt 0.083333 0.250000
vt 0.083333 0.333333
vt 0.083333 0.416667
vt 0.104167 0.500000
vt 0.104167 0.583333
vt 0.104167 0.666667
vt 0.104167 0.750000
vt 0.104167 0.833333
vt 0.104167 0.916667
vt 0.104167 1.000000
vt 0.104167 0.000000
vt 0.104167 0.083333
vt 0.104167 0.166667
vt 0.104167 0.250000
vt 0.104167 0.333333
vt 0.104167 0.416667
vt 0.125000 0.500000
vt 0.125000 0.583333
vt 0.125000 0.666667
vt 0.125000 0.750000
vt 0.125000 0.833333
vt 0.125000 0.916667
vt 0.125000 1.000000
vt 0.125000 0.000000
vt 0.125000 0.083333
vt 0.125000 0.166667
vt 0.125000 0.250000
vt 0.125000 0.333333
vt 0.125000 0.416667
vt 0.145833 0.500000
vt 0.145833 0.583333
vt 0.145833 0.666667
vt 0.145833 0.750000
vt 0.145833 0.833333
vt 0.145833 0.916667
vt 0.145833 1.000000
vt 0.145833 0.000000
vt 0.145833 0.083333
vt 0.145833 0.166667
vt 0.145833 0.250000
vt 0.145833 0.333333
vt 0.145833 0.416667
vt 0.166667 0.500000
vt 0.166667 0.583333
vt 0.166667 0.666667
vt 0.166667 0.750000
vt 0.166667 0.833333
vt 0.166667 0.916667
vt 0.166667 1.000000
vt 0.166667 0.000000
vt 0.166667 0.083333
vt 0.166667 0.166667
vt 0.166667 0.250000
vt 0.166667 0.333333
vt 0.166667 0.416667
vt 0.187500 0.500000
vt 0.187500 0.583333
vt 0.187500 0.666667
vt 0.187500 0.750000
vt 0.187500 0.833333
vt 0.187500 0.916667
vt 0.187500 1.000000
vt 0.187500 0.000000
vt 0.187500 0.083333
vt 0.187500 0.166667
vt 0.187500 0.250000
vt 0.187500 0.333333
vt 0.187500 0.416667
vt 0.208333 0.500000
vt 0.208333 0.583333
vt 0.208333 0.666667
vt 0.208333 0.750000
vt 0.208333 0.833333
vt 0.208333 0.916667
vt 0.208333 1.000000
vt 0.208333 0.000000
vt 0.208333 0.083333
vt 0.208333 0.166667
vt 0.208333 0.250000
vt 0.208333 0.333333
vt 0.208333 0.416667
vt 0.229167 0.500000
vt 0.229167 0.583333
vt 0.229167 0.666667
vt 0.229167 0.750000
vt 0.229167 0.833333
vt 0.229167 0.916667
vt 0.229167 1.000000
vt 0.229167 0.000000
vt 0.229167 0.083333
vt 0.229167 0.166667
vt 0.229167 0.250000
vt 0.229167 0.333333
vt 0.229167 0.416667
vt 0.250000 0.500000
vt 0.250000 0.583333
vt 0.250000 0.666667
vt 0.250000 0.750000
vt 0.250000 0.833333
vt 0.250000 0.916667
vt 0.250000 1.000000
vt 0.250000 0.000000
vt 0.250000 0.083333
vt 0.250000 0.166667
vt 0.250000 0.250000
vt 0.250000 0.333333
vt 0.250000 0.416667
vt 0.270833 0.500000
vt 0.270833 0.583333
vt 0.270833 0.666667
vt 0.270833 0.750000
vt 0.270833 0.833333
vt 0.270833 0.916667
vt 0.270833 1.000000
vt 0.270833 0.000000
vt 0.270833 0.083333
vt 0.270833 0.166667
vt 0.270833 0.250000
vt 0.270833 0.333333
vt 0.270833 0.416667
vt 0.291667 0.500000
vt 0.291667 0.583333
vt 0.291667 0.666667
vt 0.291667 0.750000
vt 0.291667 0.833333
vt 0.291667 0.916667
vt 0.291667 1.000000
vt 0.291667 0.000000
vt 0.291667 0.083333
vt 0.291667 0.166667
vt 0.291667 0.250000
vt 0.291667 0.333333
vt 0.291667 0.416667
vt 0.312500 0.500000
vt 0.312500 0.583333
vt 0.312500 0.666667
vt 0.312500 0.750000
vt 0.312500 0.833333
vt 0.312500 0.916667
vt 0.312500 1.000000
vt 0.312500 0.000000
vt 0.312500 0.083333
vt 0.312500 0.166667
vt 0.312500 0.250000
vt 0.312500 0.333333
vt 0.312500 0.416667
vt 0.333333 0.500000
vt 0.333333 0.583333
vt 0.333333 0.666667
vt 0.333333 0.750000
vt 0.333333 0.833333
vt 0.333333 0.916667
vt 0.333333 1.000000
vt 0.333333 0.000000
vt 0.333333 0.083333
vt 0.333333 0.166667
vt 0.333333 0.250000
vt 0.333333 0.333333
vt 0.333333 0.416667
vt 0.354167 0.500000
vt 0.354167 0.583333
vt 0.354167 0.666667
vt 0.354167 0.750000
vt 0.354167 0.833333
vt 0.354167 0.916667
vt 0.354167 1.000000
vt 0.354167 0.000000
vt 0.354167 0.083333
vt 0.354167 0.166667
vt 0.354167 0.250000
vt 0.354167 0.333333
vt 0.354167 0.416667
vt 0.375000 0.500000
vt 0.375000 0.583333
vt 0.375000 0.666667
vt 0.375000 0.750000
vt 0.375000 0.833333
vt 0.375000 0.916667
vt 0.375000 1.000000
vt 0.375000 0.000000
vt 0.375000 0.083333
vt 0.375000 0.166667
vt 0.375000 0.250000
vt 0.375000 0.333333
vt 0.375000 0.416667
vt 0.395833 0.500000
vt 0.395833 0.583333
vt 0.395833 0.666667
vt 0.395833 0.750000
vt 0.395833 0.833333
vt 0.395833 0.916667
vt 0.395833 1.000000
vt 0.395833 0.000000
vt 0.395833 0.083333
vt 0.395833 0.166667
vt 0.395833 0.250000
vt 0.395833 0.333333
vt 0.395833 0.416667
vt 0.416667 0.500000
vt 0.416667 0.583333
vt 0.416667 0.666667
vt 0.416667 0.750000
vt 0.416667 0.833333
vt 0.416667 0.916667
vt 0.416667 1.000000
vt 0.416667 0.000000
vt 0.416667 0.083333
vt 0.416667 0.166667
vt 0.416667 0.250000
vt 0.416667 0.333333
vt 0.416667 0.416667
vt 0.437500 0.500000
vt 0.437500 0.583333
vt 0.437500 0.666667
vt 0.437500 0.750000
vt 0.437500 0.833333
vt 0.437500 0.916667
vt 0.437500 1.000000
vt 0.437500 0.000000
vt 0.437500 0.083333
vt 0.437500 0.166667
vt 0.437500 0.250000
vt 0.437500 0.333333
vt 0.437500 0.416667
vt 0.458333 0.500000
vt 0.458333 0.583333
vt 0.458333 0.666667
vt 0.458333 0.750000
vt 0.458333 0.833333
vt 0.458333 0.916667
vt 0.458333 1.000000
vt 0.458333 0.000000
vt 0.458333 0.083333
vt 0.458333 0.166667
vt 0.458333 0.250000
vt 0.458333 0.333333
vt 0.458333 0.416667
vt 0.479167 0.500000
vt 0.479167 0.583333
vt 0.479167 0.666667
vt 0.479167 0.750000
vt 0.479167 0.833333
vt 0.479167 0.916667
vt 0.479167 1.000000
vt 0.479167 0.000000
vt 0.479167 0.083333
vt 0.479167 0.166667
vt 0.479167 0.250000
vt 0.479167 0.333333
vt 0.479167 0.416667
s 0
usemtl Kni_Gold
f 705/900/362 717/901/362 718/902/362 706/903/362
f 706/903/363 718/902/363 719/904/363 707/905/363
f 707/905/364 719/904/364 720/906/364 708/907/364
f 708/907/365 720/906/365 721/908/365 709/909/365
f 709/909/366 721/908/366 722/910/366 710/911/366
f 710/911/367 722/910/367 723/912/367 711/913/367
f 711/914/368 723/915/368 724/916/368 712/917/368
f 712/917/369 724/916/369 725/918/369 713/919/369
f 713/919/370 725/918/370 726/920/370 714/921/370
f 714/921/371 726/920/371 727/922/371 715/923/371
f 715/923/372 727/922/372 728/924/372 716/925/372
f 716/925/373 728/924/373 717/901/373 705/900/373
f 717/901/374 729/926/374 730/927/374 718/902/374
f 718/902/375 730/927/375 731/928/375 719/904/375
f 719/904/376 731/928/376 732/929/376 720/906/376
f 720/906/377 732/929/377 733/930/377 721/908/377
f 721/908/378 733/930/378 734/931/378 722/910/378
f 722/910/379 734/931/379 735/932/379 723/912/379
f 723/915/380 735/933/380 736/934/380 724/916/380
f 724/916/381 736/934/381 737/935/381 725/918/381
f 725/918/382 737/935/382 738/936/382 726/920/382
f 726/920/383 738/936/383 739/937/383 727/922/383
f 727/922/384 739/937/384 740/938/384 728/924/384
f 728/924/385 740/938/385 729/926/385 717/901/385
f 729/926/386 741/939/386 742/940/386 730/927/386
f 730/927/387 742/940/387 743/941/387 731/928/387
f 731/928/388 743/941/388 744/942/388 732/929/388
f 732/929/389 744/942/389 745/943/389 733/930/389
f 733/930/390 745/943/390 746/944/390 734/931/390
f 734/931/391 746/944/391 747/945/391 735/932/391
f 735/933/392 747/946/392 748/947/392 736/934/392
f 736/934/393 748/947/393 749/948/393 737/935/393
f 737/935/394 749/948/394 750/949/394 738/936/394
f 738/936/395 750/949/395 751/950/395 739/937/395
f 739/937/396 751/950/396 752/951/396 740/938/396
f 740/938/397 752/951/397 741/939/397 729/926/397
f 741/939/398 753/952/398 754/953/398 742/940/398
f 742/940/399 754/953/399 755/954/399 743/941/399
f 743/941/400 755/954/400 756/955/400 744/942/400
f 744/942/401 756/955/401 757/956/401 745/943/401
f 745/943/402 757/956/402 758/957/402 746/944/402
f 746/944/403 758/957/403 759/958/403 747/945/403
f 747/946/404 759/959/404 760/960/404 748/947/404
f 748/947/405 760/960/405 761/961/405 749/948/405
f 749/948/406 761/961/406 762/962/406 750/949/406
f 750/949/407 762/962/407 763/963/407 751/950/407
f 751/950/408 763/963/408 764/964/408 752/951/408
f 752/951/409 764/964/409 753/952/409 741/939/409
f 753/952/410 765/965/410 766/966/410 754/953/410
f 754/953/411 766/966/411 767/967/411 755/954/411
f 755/954/412 767/967/412 768/968/412 756/955/412
f 756/955/413 768/968/413 769/969/413 757/956/413
f 757/956/414 769/969/414 770/970/414 758/957/414
f 758/957/415 770/970/415 771/971/415 759/958/415
f 759/959/416 771/972/416 772/973/416 760/960/416
f 760/960/417 772/973/417 773/974/417 761/961/417
f 761/961/418 773/974/418 774/975/418 762/962/418
f 762/962/419 774/975/419 775/976/419 763/963/419
f 763/963/420 775/976/420 776/977/420 764/964/420
f 764/964/421 776/977/421 765/965/421 753/952/421
f 765/965/422 777/978/422 778/979/422 766/966/422
f 766/966/423 778/979/423 779/980/423 767/967/423
f 767/967/424 779/980/424 780/981/424 768/968/424
f 768/968/425 780/981/425 781/982/425 769/969/425
f 769/969/426 781/982/426 782/983/426 770/970/426
f 770/970/427 782/983/427 783/984/427 771/971/427
f 771/972/428 783/985/428 784/986/428 772/973/428
f 772/973/429 784/986/429 785/987/429 773/974/429
f 773/974/430 785/987/430 786/988/430 774/975/430
f 774/975/431 786/988/431 787/989/431 775/976/431
f 775/976/432 787/989/432 788/990/432 776/977/432
f 776/977/433 788/990/433 777/978/433 765/965/433
f 777/978/434 789/991/434 790/992/434 778/979/434
f 778/979/435 790/992/435 791/993/435 779/980/435
f 779/980/436 791/993/436 792/994/436 780/981/436
f 780/981/437 792/994/437 793/995/437 781/982/437
f 781/982/438 793/995/438 794/996/438 782/983/438
f 782/983/439 794/996/439 795/997/439 783/984/439
f 783/985/440 795/998/440 796/999/440 784/986/440
f 784/986/441 796/999/441 797/1000/441 785/987/441
f 785/987/442 797/1000/442 798/1001/442 786/988/442
f 786/988/443 798/1001/443 799/1002/443 787/989/443
f 787/989/444 799/1002/444 800/1003/444 788/990/444
f 788/990/445 800/1003/445 789/991/445 777/978/445
f 789/991/446 801/1004/446 802/1005/446 790/992/446
f 790/992/447 802/1005/447 803/1006/447 791/993/447
f 791/993/448 803/1006/448 804/1007/448 792/994/448
f 792/994/449 804/1007/449 805/1008/449 793/995/449
f 793/995/450 805/1008/450 806/1009/450 794/996/450
f 794/996/451 806/1009/451 807/1010/451 795/997/451
f 795/998/452 807/1011/452 808/1012/452 796/999/452
f 796/999/453 808/1012/453 809/1013/453 797/1000/453
f 797/1000/454 809/1013/454 810/1014/454 798/1001/454
f 798/1001/455 810/1014/455 811/1015/455 799/1002/455
f 799/1002/456 811/1015/456 812/1016/456 800/1003/456
f 800/1003/457 812/1016/457 801/1004/457 789/991/457
f 801/1004/458 813/1017/458 814/1018/458 802/1005/458
f 802/1005/459 814/1018/459 815/1019/459 803/1006/459
f 803/1006/460 815/1019/460 816/1020/460 804/1007/460
f 804/1007/461 816/1020/461 817/1021/461 805/1008/461
f 805/1008/462 817/1021/462 818/1022/462 806/1009/462
f 806/1009/463 818/1022/463 819/1023/463 807/1010/463
f 807/1011/464 819/1024/464 820/1025/464 808/1012/464
f 808/1012/465 820/1025/465 821/1026/465 809/1013/465
f 809/1013/466 821/1026/466 822/1027/466 810/1014/466
f 810/1014/467 822/1027/467 823/1028/467 811/1015/467
f 811/1015/468 823/1028/468 824/1029/468 812/1016/468
f 812/1016/469 824/1029/469 813/1017/469 801/1004/469
f 813/1017/470 825/1030/470 826/1031/470 814/1018/470
f 814/1018/471 826/1031/471 827/1032/471 815/1019/471
f 815/1019/472 827/1032/472 828/1033/472 816/1020/472
f 816/1020/473 828/1033/473 829/1034/473 817/1021/473
f 817/1021/474 829/1034/474 830/1035/474 818/1022/474
f 818/1022/475 830/1035/475 831/1036/475 819/1023/475
f 819/1024/476 831/1037/476 832/1038/476 820/1025/476
f 820/1025/477 832/1038/477 833/1039/477 821/1026/477
f 821/1026/478 833/1039/478 834/1040/478 822/1027/478
f 822/1027/479 834/1040/479 835/1041/479 823/1028/479
f 823/1028/480 835/1041/480 836/1042/480 824/1029/480
f 824/1029/481 836/1042/481 825/1030/481 813/1017/481
f 825/1030/482 837/1043/482 838/1044/482 826/1031/482
f 826/1031/483 838/1044/483 839/1045/483 827/1032/483
f 827/1032/484 839/1045/484 840/1046/484 828/1033/484
f 828/1033/485 840/1046/485 841/1047/485 829/1034/485
f 829/1034/486 841/1047/486 842/1048/486 830/1035/486
f 830/1035/487 842/1048/487 843/1049/487 831/1036/487
f 831/1037/488 843/1050/488 844/1051/488 832/1038/488
f 832/1038/489 844/1051/489 845/1052/489 833/1039/489
f 833/1039/490 845/1052/490 846/1053/490 834/1040/490
f 834/1040/491 846/1053/491 847/1054/491 835/1041/491
f 835/1041/492 847/1054/492 848/1055/492 836/1042/492
f 836/1042/493 848/1055/493 837/1043/493 825/1030/493
f 837/1043/494 849/1056/494 850/1057/494 838/1044/494
f 838/1044/495 850/1057/495 851/1058/495 839/1045/495
f 839/1045/496 851/1058/496 852/1059/496 840/1046/496
f 840/1046/497 852/1059/497 853/1060/497 841/1047/497
f 841/1047/498 853/1060/498 854/1061/498 842/1048/498
f 842/1048/499 854/1061/499 855/1062/499 843/1049/499
f 843/1050/500 855/1063/500 856/1064/500 844/1051/500
f 844/1051/501 856/1064/501 857/1065/501 845/1052/501
f 845/1052/502 857/1065/502 858/1066/502 846/1053/502
f 846/1053/503 858/1066/503 859/1067/503 847/1054/503
f 847/1054/504 859/1067/504 860/1068/504 848/1055/504
f 848/1055/505 860/1068/505 849/1056/505 837/1043/505
f 849/1056/506 861/1069/506 862/1070/506 850/1057/506
f 850/1057/507 862/1070/507 863/1071/507 851/1058/507
f 851/1058/508 863/1071/508 864/1072/508 852/1059/508
f 852/1059/509 864/1072/509 865/1073/509 853/1060/509
f 853/1060/510 865/1073/510 866/1074/510 854/1061/510
f 854/1061/511 866/1074/511 867/1075/511 855/1062/511
f 855/1063/512 867/1076/512 868/1077/512 856/1064/512
f 856/1064/513 868/1077/513 869/1078/513 857/1065/513
f 857/1065/514 869/1078/514 870/1079/514 858/1066/514
f 858/1066/515 870/1079/515 871/1080/515 859/1067/515
f 859/1067/516 871/1080/516 872/1081/516 860/1068/516
f 860/1068/517 872/1081/517 861/1069/517 849/1056/517
f 861/1069/518 873/1082/518 874/1083/518 862/1070/518
f 862/1070/519 874/1083/519 875/1084/519 863/1071/519
f 863/1071/520 875/1084/520 876/1085/520 864/1072/520
f 864/1072/521 876/1085/521 877/1086/521 865/1073/521
f 865/1073/522 877/1086/522 878/1087/522 866/1074/522
f 866/1074/523 878/1087/523 879/1088/523 867/1075/523
f 867/1076/524 879/1089/524 880/1090/524 868/1077/524
f 868/1077/525 880/1090/525 881/1091/525 869/1078/525
f 869/1078/526 881/1091/526 882/1092/526 870/1079/526
f 870/1079/527 882/1092/527 883/1093/527 871/1080/527
f 871/1080/528 883/1093/528 884/1094/528 872/1081/528
f 872/1081/529 884/1094/529 873/1082/529 861/1069/529
f 873/1082/530 885/1095/530 886/1096/530 874/1083/530
f 874/1083/531 886/1096/531 887/1097/531 875/1084/531
f 875/1084/532 887/1097/532 888/1098/532 876/1085/532
f 876/1085/533 888/1098/533 889/1099/533 877/1086/533
f 877/1086/534 889/1099/534 890/1100/534 878/1087/534
f 878/1087/535 890/1100/535 891/1101/535 879/1088/535
f 879/1089/536 891/1102/536 892/1103/536 880/1090/536
f 880/1090/537 892/1103/537 893/1104/537 881/1091/537
f 881/1091/538 893/1104/538 894/1105/538 882/1092/538
f 882/1092/539 894/1105/539 895/1106/539 883/1093/539
f 883/1093/540 895/1106/540 896/1107/540 884/1094/540
f 884/1094/541 896/1107/541 885/1095/541 873/1082/541
f 885/1095/542 897/1108/542 898/1109/542 886/1096/542
f 886/1096/543 898/1109/543 899/1110/543 887/1097/543
f 887/1097/544 899/1110/544 900/1111/544 888/1098/544
f 888/1098/545 900/1111/545 901/1112/545 889/1099/545
f 889/1099/546 901/1112/546 902/1113/546 890/1100/546
f 890/1100/547 902/1113/547 903/1114/547 891/1101/547
f 891/1102/548 903/1115/548 904/1116/548 892/1103/548
f 892/1103/549 904/1116/549 905/1117/549 893/1104/549
f 893/1104/550 905/1117/550 906/1118/550 894/1105/550
f 894/1105/551 906/1118/551 907/1119/551 895/1106/551
f 895/1106/552 907/1119/552 908/1120/552 896/1107/552
f 896/1107/553 908/1120/553 897/1108/553 885/1095/553
f 897/1108/554 909/1121/554 910/1122/554 898/1109/554
f 898/1109/555 910/1122/555 911/1123/555 899/1110/555
f 899/1110/556 911/1123/556 912/1124/556 900/1111/556
f 900/1111/557 912/1124/557 913/1125/557 901/1112/557
f 901/1112/558 913/1125/558 914/1126/558 902/1113/558
f 902/1113/559 914/1126/559 915/1127/559 903/1114/559
f 903/1115/560 915/1128/560 916/1129/560 904/1116/560
f 904/1116/561 916/1129/561 917/1130/561 905/1117/561
f 905/1117/562 917/1130/562 918/1131/562 906/1118/562
f 906/1118/563 918/1131/563 919/1132/563 907/1119/563
f 907/1119/564 919/1132/564 920/1133/564 908/1120/564
f 908/1120/565 920/1133/565 909/1121/565 897/1108/565
f 909/1121/566 921/1134/566 922/1135/566 910/1122/566
f 910/1122/567 922/1135/567 923/1136/567 911/1123/567
f 911/1123/568 923/1136/568 924/1137/568 912/1124/568
f 912/1124/569 924/1137/569 925/1138/569 913/1125/569
f 913/1125/570 925/1138/570 926/1139/570 914/1126/570
f 914/1126/571 926/1139/571 927/1140/571 915/1127/571
f 915/1128/572 927/1141/572 928/1142/572 916/1129/572
f 916/1129/573 928/1142/573 929/1143/573 917/1130/573
f 917/1130/574 929/1143/574 930/1144/574 918/1131/574
f 918/1131/575 930/1144/575 931/1145/575 919/1132/575
f 919/1132/576 931/1145/576 932/1146/576 920/1133/576
f 920/1133/577 932/1146/577 921/1134/577 909/1121/577
f 921/1134/578 933/1147/578 934/1148/578 922/1135/578
f 922/1135/579 934/1148/579 935/1149/579 923/1136/579
f 923/1136/580 935/1149/580 936/1150/580 924/1137/580
f 924/1137/581 936/1150/581 937/1151/581 925/1138/581
f 925/1138/582 937/1151/582 938/1152/582 926/1139/582
f 926/1139/583 938/1152/583 939/1153/583 927/1140/583
f 927/1141/584 939/1154/584 940/1155/584 928/1142/584
f 928/1142/585 940/1155/585 941/1156/585 929/1143/585
f 929/1143/586 941/1156/586 942/1157/586 930/1144/586
f 930/1144/587 942/1157/587 943/1158/587 931/1145/587
f 931/1145/588 943/1158/588 944/1159/588 932/1146/588
f 932/1146/589 944/1159/589 933/1147/589 921/1134/589
f 933/1147/590 945/1160/590 946/1161/590 934/1148/590
f 934/1148/591 946/1161/591 947/1162/591 935/1149/591
f 935/1149/592 947/1162/592 948/1163/592 936/1150/592
f 936/1150/593 948/1163/593 949/1164/593 937/1151/593
f 937/1151/594 949/1164/594 950/1165/594 938/1152/594
f 938/1152/595 950/1165/595 951/1166/595 939/1153/595
f 939/1154/596 951/1167/596 952/1168/596 940/1155/596
f 940/1155/597 952/1168/597 953/1169/597 941/1156/597
f 941/1156/598 953/1169/598 954/1170/598 942/1157/598
f 942/1157/599 954/1170/599 955/1171/599 943/1158/599
f 943/1158/600 955/1171/600 956/1172/600 944/1159/600
f 944/1159/601 956/1172/601 945/1160/601 933/1147/601
f 945/1160/602 957/1173/602 958/1174/602 946/1161/602
f 946/1161/603 958/1174/603 959/1175/603 947/1162/603
f 947/1162/604 959/1175/604 960/1176/604 948/1163/604
f 948/1163/605 960/1176/605 961/1177/605 949/1164/605
f 949/1164/606 961/1177/606 962/1178/606 950/1165/606
f 950/1165/607 962/1178/607 963/1179/607 951/1166/607
f 951/1167/608 963/1180/608 964/1181/608 952/1168/608
f 952/1168/609 964/1181/609 965/1182/609 953/1169/609
f 953/1169/610 965/1182/610 966/1183/610 954/1170/610
f 954/1170/611 966/1183/611 967/1184/611 955/1171/611
f 955/1171/612 967/1184/612 968/1185/612 956/1172/612
f 956/1172/613 968/1185/613 957/1173/613 945/1160/613
f 957/1173/614 969/1186/614 970/1187/614 958/1174/614
f 958/1174/615 970/1187/615 971/1188/615 959/1175/615
f 959/1175/616 971/1188/616 972/1189/616 960/1176/616
f 960/1176/617 972/1189/617 973/1190/617 961/1177/617
f 961/1177/618 973/1190/618 974/1191/618 962/1178/618
f 962/1178/619 974/1191/619 975/1192/619 963/1179/619
f 963/1180/620 975/1193/620 976/1194/620 964/1181/620
f 964/1181/621 976/1194/621 977/1195/621 965/1182/621
f 965/1182/622 977/1195/622 978/1196/622 966/1183/622
f 966/1183/623 978/1196/623 979/1197/623 967/1184/623
f 967/1184/624 979/1197/624 980/1198/624 968/1185/624
f 968/1185/625 980/1198/625 969/1186/625 957/1173/625
f 969/1186/626 981/1199/626 982/1200/626 970/1187/626
f 970/1187/627 982/1200/627 983/1201/627 971/1188/627
f 971/1188/628 983/1201/628 984/1202/628 972/1189/628
f 972/1189/629 984/1202/629 985/1203/629 973/1190/629
f 973/1190/630 985/1203/630 986/1204/630 974/1191/630
f 974/1191/631 986/1204/631 987/1205/631 975/1192/631
f 975/1193/632 987/1206/632 988/1207/632 976/1194/632
f 976/1194/633 988/1207/633 989/1208/633 977/1195/633
f 977/1195/634 989/1208/634 990/1209/634 978/1196/634
f 978/1196/635 990/1209/635 991/1210/635 979/1197/635
f 979/1197/636 991/1210/636 992/1211/636 980/1198/636
f 980/1198/637 992/1211/637 981/1199/637 969/1186/637
f 981/1199/638 993/1212/638 994/1213/638 982/1200/638
f 982/1200/639 994/1213/639 995/1214/639 983/1201/639
f 983/1201/640 995/1214/640 996/1215/640 984/1202/640
f 984/1202/641 996/1215/641 997/1216/641 985/1203/641
f 985/1203/642 997/1216/642 998/1217/642 986/1204/642
f 986/1204/643 998/1217/643 999/1218/643 987/1205/643
f 987/1206/644 999/1219/644 1000/1220/644 988/1207/644
f 988/1207/645 1000/1220/645 1001/1221/645 989/1208/645
f 989/1208/646 1001/1221/646 1002/1222/646 990/1209/646
f 990/1209/647 1002/1222/647 1003/1223/647 991/1210/647
f 991/1210/648 1003/1223/648 1004/1224/648 992/1211/648
f 992/1211/649 1004/1224/649 993/1212/649 981/1199/649
f 993/1225/367 1005/1226/367 1006/1227/367 994/1228/367
f 994/1228/366 1006/1227/366 1007/1229/366 995/1230/366
f 995/1230/365 1007/1229/365 1008/1231/365 996/1232/365
f 996/1232/364 1008/1231/364 1009/1233/364 997/1234/364
f 997/1234/363 1009/1233/363 1010/1235/363 998/1236/363
f 998/1236/362 1010/1235/362 1011/1237/362 999/1238/362
f 999/1239/373 1011/1240/373 1012/1241/373 1000/1242/373
f 1000/1242/372 1012/1241/372 1013/1243/372 1001/1244/372
f 1001/1244/371 1013/1243/371 1014/1245/371 1002/1246/371
f 1002/1246/370 1014/1245/370 1015/1247/370 1003/1248/370
f 1003/1248/369 1015/1247/369 1016/1249/369 1004/1250/369
f 1004/1250/368 1016/1249/368 1005/1226/368 993/1225/368
f 1005/1226/379 1017/1251/379 1018/1252/379 1006/1227/379
f 1006/1227/378 1018/1252/378 1019/1253/378 1007/1229/378
f 1007/1229/377 1019/1253/377 1020/1254/377 1008/1231/377
f 1008/1231/376 1020/1254/376 1021/1255/376 1009/1233/376
f 1009/1233/375 1021/1255/375 1022/1256/375 1010/1235/375
f 1010/1235/374 1022/1256/374 1023/1257/374 1011/1237/374
f 1011/1240/385 1023/1258/385 1024/1259/385 1012/1241/385
f 1012/1241/384 1024/1259/384 1025/1260/384 1013/1243/384
f 1013/1243/383 1025/1260/383 1026/1261/383 1014/1245/383
f 1014/1245/382 1026/1261/382 1027/1262/382 1015/1247/382
f 1015/1247/381 1027/1262/381 1028/1263/381 1016/1249/381
f 1016/1249/380 1028/1263/380 1017/1251/380 1005/1226/380
f 1017/1251/391 1029/1264/391 1030/1265/391 1018/1252/391
f 1018/1252/390 1030/1265/390 1031/1266/390 1019/1253/390
f 1019/1253/389 1031/1266/389 1032/1267/389 1020/1254/389
f 1020/1254/388 1032/1267/388 1033/1268/388 1021/1255/388
f 1021/1255/387 1033/1268/387 1034/1269/387 1022/1256/387
f 1022/1256/386 1034/1269/386 1035/1270/386 1023/1257/386
f 1023/1258/397 1035/1271/397 1036/1272/397 1024/1259/397
f 1024/1259/396 1036/1272/396 1037/1273/396 1025/1260/396
f 1025/1260/395 1037/1273/395 1038/1274/395 1026/1261/395
f 1026/1261/394 1038/1274/394 1039/1275/394 1027/1262/394
f 1027/1262/393 1039/1275/393 1040/1276/393 1028/1263/393
f 1028/1263/392 1040/1276/392 1029/1264/392 1017/1251/392
f 1029/1264/403 1041/1277/403 1042/1278/403 1030/1265/403
f 1030/1265/402 1042/1278/402 1043/1279/402 1031/1266/402
f 1031/1266/401 1043/1279/401 1044/1280/401 1032/1267/401
f 1032/1267/400 1044/1280/400 1045/1281/400 1033/1268/400
f 1033/1268/399 1045/1281/399 1046/1282/399 1034/1269/399
f 1034/1269/398 1046/1282/398 1047/1283/398 1035/1270/398
f 1035/1271/409 1047/1284/409 1048/1285/409 1036/1272/409
f 1036/1272/408 1048/1285/408 1049/1286/408 1037/1273/408
f 1037/1273/407 1049/1286/407 1050/1287/407 1038/1274/407
f 1038/1274/406 1050/1287/406 1051/1288/406 1039/1275/406
f 1039/1275/405 1051/1288/405 1052/1289/405 1040/1276/405
f 1040/1276/404 1052/1289/404 1041/1277/404 1029/1264/404
f 1041/1277/415 1053/1290/415 1054/1291/415 1042/1278/415
f 1042/1278/650 1054/1291/650 1055/1292/650 1043/1279/650
f 1043/1279/413 1055/1292/413 1056/1293/413 1044/1280/413
f 1044/1280/412 1056/1293/412 1057/1294/412 1045/1281/412
f 1045/1281/411 1057/1294/411 1058/1295/411 1046/1282/411
f 1046/1282/410 1058/1295/410 1059/1296/410 1047/1283/410
f 1047/1284/421 1059/1297/421 1060/1298/421 1048/1285/421
f 1048/1285/420 1060/1298/420 1061/1299/420 1049/1286/420
f 1049/1286/419 1061/1299/419 1062/1300/419 1050/1287/419
f 1050/1287/418 1062/1300/418 1063/1301/418 1051/1288/418
f 1051/1288/651 1063/1301/651 1064/1302/651 1052/1289/651
f 1052/1289/416 1064/1302/416 1053/1290/416 1041/1277/416
f 1053/1290/427 1065/1303/427 1066/1304/427 1054/1291/427
f 1054/1291/426 1066/1304/426 1067/1305/426 1055/1292/426
f 1055/1292/425 1067/1305/425 1068/1306/425 1056/1293/425
f 1056/1293/424 1068/1306/424 1069/1307/424 1057/1294/424
f 1057/1294/423 1069/1307/423 1070/1308/423 1058/1295/423
f 1058/1295/422 1070/1308/422 1071/1309/422 1059/1296/422
f 1059/1297/433 1071/1310/433 1072/1311/433 1060/1298/433
f 1060/1298/432 1072/1311/432 1073/1312/432 1061/1299/432
f 1061/1299/431 1073/1312/431 1074/1313/431 1062/1300/431
f 1062/1300/430 1074/1313/430 1075/1314/430 1063/1301/430
f 1063/1301/429 1075/1314/429 1076/1315/429 1064/1302/429
f 1064/1302/428 1076/1315/428 1065/1303/428 1053/1290/428
f 1065/1303/439 1077/1316/439 1078/1317/439 1066/1304/439
f 1066/1304/438 1078/1317/438 1079/1318/438 1067/1305/438
f 1067/1305/437 1079/1318/437 1080/1319/437 1068/1306/437
f 1068/1306/436 1080/1319/436 1081/1320/436 1069/1307/436
f 1069/1307/435 1081/1320/435 1082/1321/435 1070/1308/435
f 1070/1308/434 1082/1321/434 1083/1322/434 1071/1309/434
f 1071/1310/445 1083/1323/445 1084/1324/445 1072/1311/445
f 1072/1311/444 1084/1324/444 1085/1325/444 1073/1312/444
f 1073/1312/443 1085/1325/443 1086/1326/443 1074/1313/443
f 1074/1313/442 1086/1326/442 1087/1327/442 1075/1314/442
f 1075/1314/441 1087/1327/441 1088/1328/441 1076/1315/441
f 1076/1315/440 1088/1328/440 1077/1316/440 1065/1303/440
f 1077/1316/451 1089/1329/451 1090/1330/451 1078/1317/451
f 1078/1317/450 1090/1330/450 1091/1331/450 1079/1318/450
f 1079/1318/449 1091/1331/449 1092/1332/449 1080/1319/449
f 1080/1319/448 1092/1332/448 1093/1333/448 1081/1320/448
f 1081/1320/447 1093/1333/447 1094/1334/447 1082/1321/447
f 1082/1321/446 1094/1334/446 1095/1335/446 1083/1322/446
f 1083/1323/457 1095/1336/457 1096/1337/457 1084/1324/457
f 1084/1324/456 1096/1337/456 1097/1338/456 1085/1325/456
f 1085/1325/455 1097/1338/455 1098/1339/455 1086/1326/455
f 1086/1326/454 1098/1339/454 1099/1340/454 1087/1327/454
f 1087/1327/453 1099/1340/453 1100/1341/453 1088/1328/453
f 1088/1328/452 1100/1341/452 1089/1329/452 1077/1316/452
f 1089/1329/463 1101/1342/463 1102/1343/463 1090/1330/463
f 1090/1330/652 1102/1343/652 1103/1344/652 1091/1331/652
f 1091/1331/461 1103/1344/461 1104/1345/461 1092/1332/461
f 1092/1332/460 1104/1345/460 1105/1346/460 1093/1333/460
f 1093/1333/459 1105/1346/459 1106/1347/459 1094/1334/459
f 1094/1334/458 1106/1347/458 1107/1348/458 1095/1335/458
f 1095/1336/469 1107/1349/469 1108/1350/469 1096/1337/469
f 1096/1337/468 1108/1350/468 1109/1351/468 1097/1338/468
f 1097/1338/467 1109/1351/467 1110/1352/467 1098/1339/467
f 1098/1339/466 1110/1352/466 1111/1353/466 1099/1340/466
f 1099/1340/653 1111/1353/653 1112/1354/653 1100/1341/653
f 1100/1341/464 1112/1354/464 1101/1342/464 1089/1329/464
f 1101/1342/475 1113/1355/475 1114/1356/475 1102/1343/475
f 1102/1343/474 1114/1356/474 1115/1357/474 1103/1344/474
f 1103/1344/473 1115/1357/473 1116/1358/473 1104/1345/473
f 1104/1345/472 1116/1358/472 1117/1359/472 1105/1346/472
f 1105/1346/471 1117/1359/471 1118/1360/471 1106/1347/471
f 1106/1347/470 1118/1360/470 1119/1361/470 1107/1348/470
f 1107/1349/481 1119/1362/481 1120/1363/481 1108/1350/481
f 1108/1350/480 1120/1363/480 1121/1364/480 1109/1351/480
f 1109/1351/479 1121/1364/479 1122/1365/479 1110/1352/479
f 1110/1352/478 1122/1365/478 1123/1366/478 1111/1353/478
f 1111/1353/477 1123/1366/477 1124/1367/477 1112/1354/477
f 1112/1354/476 1124/1367/476 1113/1355/476 1101/1342/476
f 1113/1355/487 1125/1368/487 1126/1369/487 1114/1356/487
f 1114/1356/486 1126/1369/486 1127/1370/486 1115/1357/486
f 1115/1357/485 1127/1370/485 1128/1371/485 1116/1358/485
f 1116/1358/484 1128/1371/484 1129/1372/484 1117/1359/484
f 1117/1359/654 1129/1372/654 1130/1373/654 1118/1360/654
f 1118/1360/482 1130/1373/482 1131/1374/482 1119/1361/482
f 1119/1362/493 1131/1375/493 1132/1376/493 1120/1363/493
f 1120/1363/655 1132/1376/655 1133/1377/655 1121/1364/655
f 1121/1364/491 1133/1377/491 1134/1378/491 1122/1365/491
f 1122/1365/490 1134/1378/490 1135/1379/490 1123/1366/490
f 1123/1366/489 1135/1379/489 1136/1380/489 1124/1367/489
f 1124/1367/488 1136/1380/488 1125/1368/488 1113/1355/488
f 1125/1368/499 1137/1381/499 1138/1382/499 1126/1369/499
f 1126/1369/498 1138/1382/498 1139/1383/498 1127/1370/498
f 1127/1370/497 1139/1383/497 1140/1384/497 1128/1371/497
f 1128/1371/496 1140/1384/496 1141/1385/496 1129/1372/496
f 1129/1372/495 1141/1385/495 1142/1386/495 1130/1373/495
f 1130/1373/494 1142/1386/494 1143/1387/494 1131/1374/494
f 1131/1375/505 1143/1388/505 1144/1389/505 1132/1376/505
f 1132/1376/504 1144/1389/504 1145/1390/504 1133/1377/504
f 1133/1377/503 1145/1390/503 1146/1391/503 1134/1378/503
f 1134/1378/502 1146/1391/502 1147/1392/502 1135/1379/502
f 1135/1379/501 1147/1392/501 1148/1393/501 1136/1380/501
f 1136/1380/500 1148/1393/500 1137/1381/500 1125/1368/500
f 1137/1381/511 1149/1394/511 1150/1395/511 1138/1382/511
f 1138/1382/510 1150/1395/510 1151/1396/510 1139/1383/510
f 1139/1383/509 1151/1396/509 1152/1397/509 1140/1384/509
f 1140/1384/508 1152/1397/508 1153/1398/508 1141/1385/508
f 1141/1385/507 1153/1398/507 1154/1399/507 1142/1386/507
f 1142/1386/506 1154/1399/506 1155/1400/506 1143/1387/506
f 1143/1388/517 1155/1401/517 1156/1402/517 1144/1389/517
f 1144/1389/516 1156/1402/516 1157/1403/516 1145/1390/516
f 1145/1390/515 1157/1403/515 1158/1404/515 1146/1391/515
f 1146/1391/514 1158/1404/514 1159/1405/514 1147/1392/514
f 1147/1392/513 1159/1405/513 1160/1406/513 1148/1393/513
f 1148/1393/512 1160/1406/512 1149/1394/512 1137/1381/512
f 1149/1394/523 1161/1407/523 1162/1408/523 1150/1395/523
f 1150/1395/656 1162/1408/656 1163/1409/656 1151/1396/656
f 1151/1396/521 1163/1409/521 1164/1410/521 1152/1397/521
f 1152/1397/520 1164/1410/520 1165/1411/520 1153/1398/520
f 1153/1398/657 1165/1411/657 1166/1412/657 1154/1399/657
f 1154/1399/518 1166/1412/518 1167/1413/518 1155/1400/518
f 1155/1401/529 1167/1414/529 1168/1415/529 1156/1402/529
f 1156/1402/658 1168/1415/658 1169/1416/658 1157/1403/658
f 1157/1403/527 1169/1416/527 1170/1417/527 1158/1404/527
f 1158/1404/526 1170/1417/526 1171/1418/526 1159/1405/526
f 1159/1405/659 1171/1418/659 1172/1419/659 1160/1406/659
f 1160/1406/524 1172/1419/524 1161/1407/524 1149/1394/524
f 1161/1407/535 1173/1420/535 1174/1421/535 1162/1408/535
f 1162/1408/534 1174/1421/534 1175/1422/534 1163/1409/534
f 1163/1409/533 1175/1422/533 1176/1423/533 1164/1410/533
f 1164/1410/532 1176/1423/532 1177/1424/532 1165/1411/532
f 1165/1411/531 1177/1424/531 1178/1425/531 1166/1412/531
f 1166/1412/530 1178/1425/530 1179/1426/530 1167/1413/530
f 1167/1414/541 1179/1427/541 1180/1428/541 1168/1415/541
f 1168/1415/540 1180/1428/540 1181/1429/540 1169/1416/540
f 1169/1416/539 1181/1429/539 1182/1430/539 1170/1417/539
f 1170/1417/538 1182/1430/538 1183/1431/538 1171/1418/538
f 1171/1418/537 1183/1431/537 1184/1432/537 1172/1419/537
f 1172/1419/536 1184/1432/536 1173/1420/536 1161/1407/536
f 1173/1420/547 1185/1433/547 1186/1434/547 1174/1421/547
f 1174/1421/546 1186/1434/546 1187/1435/546 1175/1422/546
f 1175/1422/545 1187/1435/545 1188/1436/545 1176/1423/545
f 1176/1423/544 1188/1436/544 1189/1437/544 1177/1424/544
f 1177/1424/660 1189/1437/660 1190/1438/660 1178/1425/660
f 1178/1425/542 1190/1438/542 1191/1439/542 1179/1426/542
f 1179/1427/553 1191/1440/553 1192/1441/553 1180/1428/553
f 1180/1428/661 1192/1441/661 1193/1442/661 1181/1429/661
f 1181/1429/551 1193/1442/551 1194/1443/551 1182/1430/551
f 1182/1430/550 1194/1443/550 1195/1444/550 1183/1431/550
f 1183/1431/549 1195/1444/549 1196/1445/549 1184/1432/549
f 1184/1432/548 1196/1445/548 1185/1433/548 1173/1420/548
f 1185/1433/559 1197/1446/559 1198/1447/559 1186/1434/559
f 1186/1434/662 1198/1447/662 1199/1448/662 1187/1435/662
f 1187/1435/557 1199/1448/557 1200/1449/557 1188/1436/557
f 1188/1436/556 1200/1449/556 1201/1450/556 1189/1437/556
f 1189/1437/663 1201/1450/663 1202/1451/663 1190/1438/663
f 1190/1438/554 1202/1451/554 1203/1452/554 1191/1439/554
f 1191/1440/565 1203/1453/565 1204/1454/565 1192/1441/565
f 1192/1441/564 1204/1454/564 1205/1455/564 1193/1442/564
f 1193/1442/563 1205/1455/563 1206/1456/563 1194/1443/563
f 1194/1443/562 1206/1456/562 1207/1457/562 1195/1444/562
f 1195/1444/561 1207/1457/561 1208/1458/561 1196/1445/561
f 1196/1445/560 1208/1458/560 1197/1446/560 1185/1433/560
f 1197/1446/571 1209/1459/571 1210/1460/571 1198/1447/571
f 1198/1447/570 1210/1460/570 1211/1461/570 1199/1448/570
f 1199/1448/569 1211/1461/569 1212/1462/569 1200/1449/569
f 1200/1449/568 1212/1462/568 1213/1463/568 1201/1450/568
f 1201/1450/567 1213/1463/567 1214/1464/567 1202/1451/567
f 1202/1451/566 1214/1464/566 1215/1465/566 1203/1452/566
f 1203/1453/577 1215/1466/577 1216/1467/577 1204/1454/577
f 1204/1454/576 1216/1467/576 1217/1468/576 1205/1455/576
f 1205/1455/575 1217/1468/575 1218/1469/575 1206/1456/575
f 1206/1456/574 1218/1469/574 1219/1470/574 1207/1457/574
f 1207/1457/573 1219/1470/573 1220/1471/573 1208/1458/573
f 1208/1458/572 1220/1471/572 1209/1459/572 1197/1446/572
f 1209/1459/583 1221/1472/583 1222/1473/583 1210/1460/583
f 1210/1460/582 1222/1473/582 1223/1474/582 1211/1461/582
f 1211/1461/581 1223/1474/581 1224/1475/581 1212/1462/581
f 1212/1462/580 1224/1475/580 1225/1476/580 1213/1463/580
f 1213/1463/579 1225/1476/579 1226/1477/579 1214/1464/579
f 1214/1464/578 1226/1477/578 1227/1478/578 1215/1465/578
f 1215/1466/589 1227/1479/589 1228/1480/589 1216/1467/589
f 1216/1467/588 1228/1480/588 1229/1481/588 1217/1468/588
f 1217/1468/587 1229/1481/587 1230/1482/587 1218/1469/587
f 1218/1469/586 1230/1482/586 1231/1483/586 1219/1470/586
f 1219/1470/585 1231/1483/585 1232/1484/585 1220/1471/585
f 1220/1471/584 1232/1484/584 1221/1472/584 1209/1459/584
f 1221/1472/595 1233/1485/595 1234/1486/595 1222/1473/595
f 1222/1473/594 1234/1486/594 1235/1487/594 1223/1474/594
f 1223/1474/593 1235/1487/593 1236/1488/593 1224/1475/593
f 1224/1475/592 1236/1488/592 1237/1489/592 1225/1476/592
f 1225/1476/591 1237/1489/591 1238/1490/591 1226/1477/591
f 1226/1477/590 1238/1490/590 1239/1491/590 1227/1478/590
f 1227/1479/601 1239/1492/601 1240/1493/601 1228/1480/601
f 1228/1480/600 1240/1493/600 1241/1494/600 1229/1481/600
f 1229/1481/599 1241/1494/599 1242/1495/599 1230/1482/599
f 1230/1482/598 1242/1495/598 1243/1496/598 1231/1483/598
f 1231/1483/597 1243/1496/597 1244/1497/597 1232/1484/597
f 1232/1484/596 1244/1497/596 1233/1485/596 1221/1472/596
f 1233/1485/607 1245/1498/607 1246/1499/607 1234/1486/607
f 1234/1486/606 1246/1499/606 1247/1500/606 1235/1487/606
f 1235/1487/605 1247/1500/605 1248/1501/605 1236/1488/605
f 1236/1488/604 1248/1501/604 1249/1502/604 1237/1489/604
f 1237/1489/603 1249/1502/603 1250/1503/603 1238/1490/603
f 1238/1490/602 1250/1503/602 1251/1504/602 1239/1491/602
f 1239/1492/613 1251/1505/613 1252/1506/613 1240/1493/613
f 1240/1493/612 1252/1506/612 1253/1507/612 1241/1494/612
f 1241/1494/611 1253/1507/611 1254/1508/611 1242/1495/611
f 1242/1495/610 1254/1508/610 1255/1509/610 1243/1496/610
f 1243/1496/609 1255/1509/609 1256/1510/609 1244/1497/609
f 1244/1497/608 1256/1510/608 1245/1498/608 1233/1485/608
f 1245/1498/619 1257/1511/619 1258/1512/619 1246/1499/619
f 1246/1499/618 1258/1512/618 1259/1513/618 1247/1500/618
f 1247/1500/617 1259/1513/617 1260/1514/617 1248/1501/617
f 1248/1501/616 1260/1514/616 1261/1515/616 1249/1502/616
f 1249/1502/615 1261/1515/615 1262/1516/615 1250/1503/615
f 1250/1503/614 1262/1516/614 1263/1517/614 1251/1504/614
f 1251/1505/625 1263/1518/625 1264/1519/625 1252/1506/625
f 1252/1506/624 1264/1519/624 1265/1520/624 1253/1507/624
f 1253/1507/623 1265/1520/623 1266/1521/623 1254/1508/623
f 1254/1508/622 1266/1521/622 1267/1522/622 1255/1509/622
f 1255/1509/621 1267/1522/621 1268/1523/621 1256/1510/621
f 1256/1510/620 1268/1523/620 1257/1511/620 1245/1498/620
f 1257/1511/631 1269/1524/631 1270/1525/631 1258/1512/631
f 1258/1512/630 1270/1525/630 1271/1526/630 1259/1513/630
f 1259/1513/629 1271/1526/629 1272/1527/629 1260/1514/629
f 1260/1514/628 1272/1527/628 1273/1528/628 1261/1515/628
f 1261/1515/627 1273/1528/627 1274/1529/627 1262/1516/627
f 1262/1516/626 1274/1529/626 1275/1530/626 1263/1517/626
f 1263/1518/637 1275/1531/637 1276/1532/637 1264/1519/637
f 1264/1519/636 1276/1532/636 1277/1533/636 1265/1520/636
f 1265/1520/635 1277/1533/635 1278/1534/635 1266/1521/635
f 1266/1521/634 1278/1534/634 1279/1535/634 1267/1522/634
f 1267/1522/633 1279/1535/633 1280/1536/633 1268/1523/633
f 1268/1523/632 1280/1536/632 1269/1524/632 1257/1511/632
f 1269/1524/643 705/900/643 706/903/643 1270/1525/643
f 1270/1525/642 706/903/642 707/905/642 1271/1526/642
f 1271/1526/641 707/905/641 708/907/641 1272/1527/641
f 1272/1527/640 708/907/640 709/909/640 1273/1528/640
f 1273/1528/639 709/909/639 710/911/639 1274/1529/639
f 1274/1529/638 710/911/638 711/913/638 1275/1530/638
f 1275/1531/649 711/914/649 712/917/649 1276/1532/649
f 1276/1532/648 712/917/648 713/919/648 1277/1533/648
f 1277/1533/647 713/919/647 714/921/647 1278/1534/647
f 1278/1534/646 714/921/646 715/923/646 1279/1535/646
f 1279/1535/645 715/923/645 716/925/645 1280/1536/645
f 1280/1536/644 716/925/644 705/900/644 1269/1524/644
o Cube
v -0.140000 2.125000 0.280000
v -0.140000 2.175000 0.280000
v -0.140000 2.125000 0.240000
v -0.140000 2.175000 0.240000
v 0.140000 2.125000 0.280000
v 0.140000 2.175000 0.280000
v 0.140000 2.125000 0.240000
v 0.140000 2.175000 0.240000
vn -1.0000 -0.0000 -0.0000
vn -0.0000 -0.0000 -1.0000
vn 1.0000 -0.0000 -0.0000
vn -0.0000 -0.0000 1.0000
vn -0.0000 -1.0000 -0.0000
vn -0.0000 1.0000 -0.0000
vt 0.375000 0.000000
vt 0.625000 0.000000
vt 0.625000 0.250000
vt 0.375000 0.250000
vt 0.625000 0.500000
vt 0.375000 0.500000
vt 0.625000 0.750000
vt 0.375000 0.750000
vt 0.625000 1.000000
vt 0.375000 1.000000
vt 0.125000 0.500000
vt 0.125000 0.750000
vt 0.875000 0.500000
vt 0.875000 0.750000
s 0
usemtl Kni_VisorGlow
f 1281/1537/664 1282/1538/664 1284/1539/664 1283/1540/664
f 1283/1540/665 1284/1539/665 1288/1541/665 1287/1542/665
f 1287/1542/666 1288/1541/666 1286/1543/666 1285/1544/666
f 1285/1544/667 1286/1543/667 1282/1545/667 1281/1546/667
f 1283/1547/668 1287/1542/668 1285/1544/668 1281/1548/668
f 1288/1541/669 1284/1549/669 1282/1550/669 1286/1543/669
o Cube.001
v -0.025000 1.940000 0.280000
v -0.025000 2.160000 0.280000
v -0.025000 1.940000 0.240000
v -0.025000 2.160000 0.240000
v 0.025000 1.940000 0.280000
v 0.025000 2.160000 0.280000
v 0.025000 1.940000 0.240000
v 0.025000 2.160000 0.240000
vn -1.0000 -0.0000 -0.0000
vn -0.0000 -0.0000 -1.0000
vn 1.0000 -0.0000 -0.0000
vn -0.0000 -0.0000 1.0000
vn -0.0000 -1.0000 -0.0000
vn -0.0000 1.0000 -0.0000
vt 0.375000 0.000000
vt 0.625000 0.000000
vt 0.625000 0.250000
vt 0.375000 0.250000
vt 0.625000 0.500000
vt 0.375000 0.500000
vt 0.625000 0.750000
vt 0.375000 0.750000
vt 0.625000 1.000000
vt 0.375000 1.000000
vt 0.125000 0.500000
vt 0.125000 0.750000
vt 0.875000 0.500000
vt 0.875000 0.750000
s 0
usemtl Kni_VisorGlow
f 1289/1551/670 1290/1552/670 1292/1553/670 1291/1554/670
f 1291/1554/671 1292/1553/671 1296/1555/671 1295/1556/671
f 1295/1556/672 1296/1555/672 1294/1557/672 1293/1558/672
f 1293/1558/673 1294/1557/673 1290/1559/673 1289/1560/673
f 1291/1561/674 1295/1556/674 1293/1558/674 1289/1562/674
f 1296/1555/675 1292/1563/675 1290/1564/675 1294/1557/675
o Sphere
v -0.520000 1.842000 0.000000
v -0.520000 1.838311 -0.051504
v -0.520000 1.809642 -0.146671
v -0.520000 1.723475 -0.243904
v -0.520000 1.650000 -0.264000
v -0.520000 1.612543 -0.258927
v -0.520000 1.576525 -0.243904
v -0.520000 1.543330 -0.219508
v -0.520000 1.490358 -0.146671
v -0.520000 1.458000 0.000000
v -0.511779 1.838311 -0.050514
v -0.503874 1.827385 -0.099087
v -0.496589 1.809642 -0.143852
v -0.490203 1.785764 -0.183089
v -0.484962 1.756670 -0.215290
v -0.481068 1.723475 -0.239218
v -0.478670 1.687457 -0.253952
v -0.477860 1.650000 -0.258927
v -0.478670 1.612543 -0.253952
v -0.481068 1.576525 -0.239218
v -0.484962 1.543330 -0.215290
v -0.490203 1.514235 -0.183089
v -0.496589 1.490358 -0.143852
v -0.503874 1.472615 -0.099087
v -0.511779 1.461689 -0.050514
v -0.503874 1.838311 -0.047583
v -0.488367 1.827385 -0.093338
v -0.474077 1.809642 -0.135506
v -0.461551 1.785764 -0.172466
v -0.451271 1.756670 -0.202799
v -0.443632 1.723475 -0.225338
v -0.438929 1.687457 -0.239218
v -0.437340 1.650000 -0.243904
v -0.438929 1.612543 -0.239218
v -0.443632 1.576525 -0.225338
v -0.451271 1.543330 -0.202799
v -0.461551 1.514235 -0.172466
v -0.474077 1.490358 -0.135506
v -0.488367 1.472615 -0.093338
v -0.503874 1.461689 -0.047583
v -0.496589 1.838311 -0.042824
v -0.474077 1.827385 -0.084002
v -0.453330 1.809642 -0.121952
v -0.435145 1.785764 -0.155216
v -0.420221 1.756670 -0.182514
v -0.409132 1.723475 -0.202799
v -0.402303 1.687457 -0.215290
v -0.399997 1.650000 -0.219508
v -0.402303 1.612543 -0.215290
v -0.409132 1.576525 -0.202799
v -0.420221 1.543330 -0.182514
v -0.435145 1.514235 -0.155216
v -0.453330 1.490358 -0.121952
v -0.474077 1.472615 -0.084002
v -0.496589 1.461689 -0.042824
v -0.490203 1.838311 -0.036419
v -0.461551 1.827385 -0.071438
v -0.435145 1.809642 -0.103712
v -0.412000 1.785764 -0.132000
v -0.393005 1.756670 -0.155216
v -0.378891 1.723475 -0.172466
v -0.370200 1.687457 -0.183089
v -0.367265 1.650000 -0.186676
v -0.370200 1.612543 -0.183089
v -0.378891 1.576525 -0.172466
v -0.393005 1.543330 -0.155216
v -0.412000 1.514235 -0.132000
v -0.435145 1.490358 -0.103712
v -0.461551 1.472615 -0.071438
v -0.490203 1.461689 -0.036419
v -0.484962 1.838311 -0.028614
v -0.451271 1.827385 -0.056128
v -0.420221 1.809642 -0.081486
v -0.393005 1.785764 -0.103712
v -0.370670 1.756670 -0.121952
v -0.354074 1.723475 -0.135506
v -0.343854 1.687457 -0.143852
v -0.340403 1.650000 -0.146670
v -0.343854 1.612543 -0.143852
v -0.354074 1.576525 -0.135506
v -0.370670 1.543330 -0.121952
v -0.393005 1.514235 -0.103712
v -0.420221 1.490358 -0.081486
v -0.451271 1.472615 -0.056128
v -0.484962 1.461689 -0.028614
v -0.481068 1.838311 -0.019710
v -0.443632 1.827385 -0.038662
v -0.409132 1.809642 -0.056128
v -0.378891 1.785764 -0.071438
v -0.354074 1.756670 -0.084002
v -0.335632 1.723475 -0.093338
v -0.324277 1.687457 -0.099087
v -0.320442 1.650000 -0.101028
v -0.324277 1.612543 -0.099087
v -0.335632 1.576525 -0.093338
v -0.354074 1.543330 -0.084002
v -0.378891 1.514235 -0.071438
v -0.409132 1.490358 -0.056128
v -0.443632 1.472615 -0.038662
v -0.481068 1.461689 -0.019710
v -0.478670 1.838311 -0.010048
v -0.438929 1.827385 -0.019710
v -0.402303 1.809642 -0.028614
v -0.370200 1.785764 -0.036419
v -0.343854 1.756670 -0.042824
v -0.324277 1.723475 -0.047583
v -0.312221 1.687457 -0.050514
v -0.308150 1.650000 -0.051504
v -0.312221 1.612543 -0.050514
v -0.324277 1.576525 -0.047583
v -0.343854 1.543330 -0.042824
v -0.370200 1.514235 -0.036419
v -0.402303 1.490358 -0.028614
v -0.438929 1.472615 -0.019710
v -0.478670 1.461689 -0.010048
v -0.477860 1.838311 0.000000
v -0.437340 1.827385 0.000000
v -0.399997 1.809642 0.000000
v -0.367265 1.785764 -0.000000
v -0.340403 1.756670 0.000000
v -0.320442 1.723475 0.000000
v -0.308150 1.687457 0.000000
v -0.304000 1.650000 0.000000
v -0.308150 1.612543 0.000000
v -0.320442 1.576525 0.000000
v -0.340403 1.543330 0.000000
v -0.367265 1.514235 -0.000000
v -0.399997 1.490358 0.000000
v -0.437340 1.472615 0.000000
v -0.477860 1.461689 0.000000
v -0.478670 1.838311 0.010048
v -0.438929 1.827385 0.019710
v -0.402303 1.809642 0.028614
v -0.370200 1.785764 0.036419
v -0.343854 1.756670 0.042824
v -0.324277 1.723475 0.047583
v -0.312221 1.687457 0.050514
v -0.308150 1.650000 0.051504
v -0.312221 1.612543 0.050514
v -0.324277 1.576525 0.047583
v -0.343854 1.543330 0.042824
v -0.370200 1.514235 0.036419
v -0.402303 1.490358 0.028614
v -0.438929 1.472615 0.019710
v -0.478670 1.461689 0.010048
v -0.481068 1.838311 0.019710
v -0.443632 1.827385 0.038662
v -0.409132 1.809642 0.056128
v -0.378891 1.785764 0.071438
v -0.354074 1.756670 0.084002
v -0.335633 1.723475 0.093338
v -0.324277 1.687457 0.099087
v -0.320442 1.650000 0.101028
v -0.324277 1.612543 0.099087
v -0.335633 1.576525 0.093338
v -0.354074 1.543330 0.084002
v -0.378891 1.514235 0.071438
v -0.409132 1.490358 0.056128
v -0.443632 1.472615 0.038662
v -0.481068 1.461689 0.019710
v -0.484962 1.838311 0.028614
v -0.451271 1.827385 0.056128
v -0.420221 1.809642 0.081486
v -0.393005 1.785764 0.103712
v -0.370670 1.756670 0.121952
v -0.354074 1.723475 0.135506
v -0.343854 1.687457 0.143852
v -0.340403 1.650000 0.146670
v -0.343854 1.612543 0.143852
v -0.354074 1.576525 0.135506
v -0.370670 1.543330 0.121952
v -0.393005 1.514235 0.103712
v -0.420221 1.490358 0.081486
v -0.451271 1.472615 0.056128
v -0.484962 1.461689 0.028614
v -0.490203 1.838311 0.036419
v -0.461551 1.827385 0.071438
v -0.435145 1.809642 0.103712
v -0.412000 1.785764 0.132000
v -0.393005 1.756670 0.155216
v -0.378891 1.723475 0.172466
v -0.370200 1.687457 0.183089
v -0.367265 1.650000 0.186676
v -0.370200 1.612543 0.183089
v -0.378891 1.576525 0.172466
v -0.393005 1.543330 0.155216
v -0.412000 1.514235 0.132000
v -0.435145 1.490358 0.103712
v -0.461551 1.472615 0.071438
v -0.490203 1.461689 0.036419
v -0.496589 1.838311 0.042824
v -0.474077 1.827385 0.084002
v -0.453330 1.809642 0.121952
v -0.435145 1.785764 0.155216
v -0.420221 1.756670 0.182514
v -0.409132 1.723475 0.202799
v -0.402303 1.687457 0.215290
v -0.399997 1.650000 0.219508
v -0.402303 1.612543 0.215290
v -0.409132 1.576525 0.202799
v -0.420221 1.543330 0.182514
v -0.435145 1.514235 0.155216
v -0.453330 1.490358 0.121952
v -0.474077 1.472615 0.084002
v -0.496589 1.461689 0.042824
v -0.503874 1.838311 0.047583
v -0.488368 1.827385 0.093338
v -0.474077 1.809642 0.135506
v -0.461551 1.785764 0.172466
v -0.451271 1.756670 0.202799
v -0.443633 1.723475 0.225338
v -0.438929 1.687457 0.239218
v -0.437340 1.650000 0.243904
v -0.438929 1.612543 0.239218
v -0.443633 1.576525 0.225338
v -0.451271 1.543330 0.202799
v -0.461551 1.514235 0.172466
v -0.474077 1.490358 0.135506
v -0.488368 1.472615 0.093338
v -0.503874 1.461689 0.047583
v -0.511779 1.838311 0.050514
v -0.503874 1.827385 0.099087
v -0.496589 1.809642 0.143852
v -0.490203 1.785764 0.183089
v -0.484962 1.756670 0.215290
v -0.481068 1.723475 0.239218
v -0.478670 1.687457 0.253952
v -0.477861 1.650000 0.258927
v -0.478670 1.612543 0.253952
v -0.481068 1.576525 0.239218
v -0.484962 1.543330 0.215290
v -0.490203 1.514235 0.183089
v -0.496589 1.490358 0.143852
v -0.503874 1.472615 0.099087
v -0.511779 1.461689 0.050514
v -0.520000 1.838311 0.051504
v -0.520000 1.827385 0.101028
v -0.520000 1.809642 0.146670
v -0.520000 1.785764 0.186676
v -0.520000 1.756670 0.219508
v -0.520000 1.723475 0.243904
v -0.520000 1.687457 0.258927
v -0.520000 1.650000 0.264000
v -0.520000 1.612543 0.258927
v -0.520000 1.576525 0.243904
v -0.520000 1.543330 0.219508
v -0.520000 1.514235 0.186676
v -0.520000 1.490358 0.146670
v -0.520000 1.472615 0.101028
v -0.520000 1.461689 0.051504
v -0.528221 1.838311 0.050514
v -0.536126 1.827385 0.099087
v -0.543411 1.809642 0.143852
v -0.549797 1.785764 0.183089
v -0.555038 1.756670 0.215290
v -0.558932 1.723475 0.239218
v -0.561330 1.687457 0.253952
v -0.562140 1.650000 0.258927
v -0.561330 1.612543 0.253952
v -0.558932 1.576525 0.239218
v -0.555038 1.543330 0.215290
v -0.549797 1.514235 0.183089
v -0.543411 1.490358 0.143852
v -0.536126 1.472615 0.099087
v -0.528221 1.461689 0.050514
v -0.536126 1.838311 0.047583
v -0.551632 1.827385 0.093338
v -0.565923 1.809642 0.135506
v -0.578449 1.785764 0.172466
v -0.588729 1.756670 0.202799
v -0.596368 1.723475 0.225338
v -0.601071 1.687457 0.239218
v -0.602660 1.650000 0.243904
v -0.601071 1.612543 0.239218
v -0.596368 1.576525 0.225338
v -0.588729 1.543330 0.202799
v -0.578449 1.514235 0.172466
v -0.565923 1.490358 0.135506
v -0.551632 1.472615 0.093338
v -0.536126 1.461689 0.047583
v -0.543411 1.838311 0.042824
v -0.565923 1.827385 0.084002
v -0.586670 1.809642 0.121952
v -0.604855 1.785764 0.155216
v -0.619779 1.756670 0.182514
v -0.630868 1.723475 0.202799
v -0.637697 1.687457 0.215290
v -0.640003 1.650000 0.219508
v -0.637697 1.612543 0.215290
v -0.630868 1.576525 0.202799
v -0.619779 1.543330 0.182514
v -0.604855 1.514235 0.155216
v -0.586670 1.490358 0.121952
v -0.565923 1.472615 0.084002
v -0.543411 1.461689 0.042824
v -0.549797 1.838311 0.036419
v -0.578449 1.827385 0.071438
v -0.604855 1.809642 0.103712
v -0.628000 1.785764 0.132000
v -0.646994 1.756670 0.155215
v -0.661109 1.723475 0.172466
v -0.669800 1.687457 0.183089
v -0.672735 1.650000 0.186676
v -0.669800 1.612543 0.183089
v -0.661109 1.576525 0.172466
v -0.646994 1.543330 0.155215
v -0.628000 1.514235 0.132000
v -0.604855 1.490358 0.103712
v -0.578449 1.472615 0.071438
v -0.549797 1.461689 0.036419
v -0.555038 1.838311 0.028614
v -0.588729 1.827385 0.056128
v -0.619779 1.809642 0.081486
v -0.646995 1.785764 0.103712
v -0.669330 1.756670 0.121952
v -0.685926 1.723475 0.135506
v -0.696146 1.687457 0.143852
v -0.699597 1.650000 0.146670
v -0.696146 1.612543 0.143852
v -0.685926 1.576525 0.135506
v -0.669330 1.543330 0.121952
v -0.646995 1.514235 0.103712
v -0.619779 1.490358 0.081486
v -0.588729 1.472615 0.056128
v -0.555038 1.461689 0.028614
v -0.558932 1.838311 0.019710
v -0.596367 1.827385 0.038662
v -0.630868 1.809642 0.056128
v -0.661109 1.785764 0.071438
v -0.685926 1.756670 0.084002
v -0.704367 1.723475 0.093338
v -0.715723 1.687457 0.099087
v -0.719558 1.650000 0.101028
v -0.715723 1.612543 0.099087
v -0.704367 1.576525 0.093338
v -0.685926 1.543330 0.084002
v -0.661109 1.514235 0.071438
v -0.630868 1.490358 0.056128
v -0.596367 1.472615 0.038662
v -0.558932 1.461689 0.019710
v -0.561330 1.838311 0.010048
v -0.601071 1.827385 0.019710
v -0.637697 1.809642 0.028614
v -0.669800 1.785764 0.036419
v -0.696146 1.756670 0.042824
v -0.715723 1.723475 0.047583
v -0.727779 1.687457 0.050514
v -0.731849 1.650000 0.051504
v -0.727779 1.612543 0.050514
v -0.715723 1.576525 0.047583
v -0.696146 1.543330 0.042824
v -0.669800 1.514235 0.036419
v -0.637697 1.490358 0.028614
v -0.601071 1.472615 0.019710
v -0.561330 1.461689 0.010048
v -0.562139 1.838311 -0.000000
v -0.602660 1.827385 -0.000000
v -0.640003 1.809642 -0.000000
v -0.672735 1.785764 0.000000
v -0.699597 1.756670 -0.000000
v -0.719558 1.723475 -0.000000
v -0.731849 1.687457 -0.000000
v -0.736000 1.650000 -0.000000
v -0.731849 1.612543 -0.000000
v -0.719558 1.576525 -0.000000
v -0.699597 1.543330 -0.000000
v -0.672735 1.514235 0.000000
v -0.640003 1.490358 -0.000000
v -0.602660 1.472615 -0.000000
v -0.562139 1.461689 -0.000000
v -0.561330 1.838311 -0.010048
v -0.601071 1.827385 -0.019710
v -0.637697 1.809642 -0.028614
v -0.669800 1.785764 -0.036419
v -0.696146 1.756670 -0.042824
v -0.715723 1.723475 -0.047583
v -0.727779 1.687457 -0.050514
v -0.731849 1.650000 -0.051504
v -0.727779 1.612543 -0.050514
v -0.715723 1.576525 -0.047583
v -0.696146 1.543330 -0.042824
v -0.669800 1.514235 -0.036419
v -0.637697 1.490358 -0.028614
v -0.601071 1.472615 -0.019710
v -0.561330 1.461689 -0.010048
v -0.558932 1.838311 -0.019710
v -0.596367 1.827385 -0.038662
v -0.630868 1.809642 -0.056128
v -0.661109 1.785764 -0.071438
v -0.685926 1.756670 -0.084002
v -0.704367 1.723475 -0.093338
v -0.715723 1.687457 -0.099087
v -0.719558 1.650000 -0.101028
v -0.715723 1.612543 -0.099087
v -0.704367 1.576525 -0.093338
v -0.685926 1.543330 -0.084002
v -0.661109 1.514235 -0.071438
v -0.630868 1.490358 -0.056128
v -0.596367 1.472615 -0.038662
v -0.558932 1.461689 -0.019710
v -0.555038 1.838311 -0.028614
v -0.588729 1.827385 -0.056128
v -0.619779 1.809642 -0.081486
v -0.646995 1.785764 -0.103712
v -0.669330 1.756670 -0.121952
v -0.685926 1.723475 -0.135506
v -0.696146 1.687457 -0.143852
v -0.699597 1.650000 -0.146670
v -0.696146 1.612543 -0.143852
v -0.685926 1.576525 -0.135506
v -0.669330 1.543330 -0.121952
v -0.646995 1.514235 -0.103712
v -0.619779 1.490358 -0.081486
v -0.588729 1.472615 -0.056128
v -0.555038 1.461689 -0.028614
v -0.549797 1.838311 -0.036419
v -0.578449 1.827385 -0.071438
v -0.604855 1.809642 -0.103712
v -0.628000 1.785764 -0.132000
v -0.646994 1.756670 -0.155215
v -0.661109 1.723475 -0.172466
v -0.669800 1.687457 -0.183089
v -0.672735 1.650000 -0.186676
v -0.669800 1.612543 -0.183089
v -0.661109 1.576525 -0.172466
v -0.646994 1.543330 -0.155215
v -0.628000 1.514235 -0.132000
v -0.604855 1.490358 -0.103712
v -0.578449 1.472615 -0.071438
v -0.549797 1.461689 -0.036419
v -0.543411 1.838311 -0.042824
v -0.565923 1.827385 -0.084002
v -0.586670 1.809642 -0.121952
v -0.604855 1.785764 -0.155216
v -0.619779 1.756670 -0.182514
v -0.630868 1.723475 -0.202799
v -0.637697 1.687457 -0.215290
v -0.640003 1.650000 -0.219508
v -0.637697 1.612543 -0.215290
v -0.630868 1.576525 -0.202799
v -0.619779 1.543330 -0.182514
v -0.604855 1.514235 -0.155216
v -0.586670 1.490358 -0.121952
v -0.565923 1.472615 -0.084002
v -0.543411 1.461689 -0.042824
v -0.536126 1.838311 -0.047583
v -0.551632 1.827385 -0.093338
v -0.565923 1.809642 -0.135506
v -0.578449 1.785764 -0.172466
v -0.588729 1.756670 -0.202799
v -0.596367 1.723475 -0.225338
v -0.601071 1.687457 -0.239217
v -0.602659 1.650000 -0.243904
v -0.601071 1.612543 -0.239217
v -0.596367 1.576525 -0.225338
v -0.588729 1.543330 -0.202799
v -0.578449 1.514235 -0.172466
v -0.565923 1.490358 -0.135506
v -0.551632 1.472615 -0.093338
v -0.536126 1.461689 -0.047583
v -0.528221 1.838311 -0.050514
v -0.536126 1.827385 -0.099087
v -0.543411 1.809642 -0.143852
v -0.549797 1.785764 -0.183089
v -0.555038 1.756670 -0.215290
v -0.558932 1.723475 -0.239217
v -0.561330 1.687457 -0.253952
v -0.562139 1.650000 -0.258927
v -0.561330 1.612543 -0.253952
v -0.558932 1.576525 -0.239217
v -0.555038 1.543330 -0.215290
v -0.549797 1.514235 -0.183089
v -0.543411 1.490358 -0.143852
v -0.536126 1.472615 -0.099087
v -0.528221 1.461689 -0.050514
v -0.520000 1.827385 -0.101028
v -0.520000 1.785764 -0.186676
v -0.520000 1.756670 -0.219508
v -0.520000 1.687457 -0.258927
v -0.520000 1.514235 -0.186676
v -0.520000 1.472615 -0.101028
v -0.520000 1.461689 -0.051504
vn 0.0259 -0.9762 -0.2154
vn 0.1184 0.1333 -0.9840
vn 0.0086 0.9974 -0.0714
vn 0.0086 -0.9974 -0.0714
vn 0.1184 -0.1333 -0.9840
vn 0.0259 0.9762 -0.2154
vn 0.1104 -0.3826 -0.9173
vn 0.0436 0.9312 -0.3620
vn 0.0965 -0.5894 -0.8020
vn 0.0616 0.8571 -0.5115
vn 0.0796 -0.7460 -0.6611
vn 0.0796 0.7460 -0.6611
vn 0.0616 -0.8571 -0.5115
vn 0.0965 0.5894 -0.8020
vn 0.0436 -0.9312 -0.3620
vn 0.1104 0.3826 -0.9173
vn 0.1287 -0.9289 -0.3472
vn 0.3220 0.3767 -0.8685
vn 0.0767 -0.9753 -0.2069
vn 0.3446 0.1309 -0.9296
vn 0.0255 0.9973 -0.0687
vn 0.0255 -0.9973 -0.0687
vn 0.3446 -0.1309 -0.9296
vn 0.0767 0.9753 -0.2069
vn 0.3220 -0.3767 -0.8685
vn 0.1287 0.9289 -0.3472
vn 0.2826 -0.5825 -0.7621
vn 0.1815 0.8529 -0.4895
vn 0.2338 -0.7400 -0.6306
vn 0.2338 0.7400 -0.6306
vn 0.1815 -0.8529 -0.4895
vn 0.2826 0.5825 -0.7621
vn 0.2081 0.9248 -0.3186
vn 0.4493 -0.5703 -0.6877
vn 0.2921 0.8454 -0.4472
vn 0.3742 -0.7293 -0.5728
vn 0.3742 0.7293 -0.5728
vn 0.2921 -0.8454 -0.4472
vn 0.4493 0.5703 -0.6877
vn 0.2081 -0.9248 -0.3186
vn 0.5088 0.3666 -0.7789
vn 0.1244 -0.9738 -0.1904
vn 0.5425 0.1269 -0.8304
vn 0.0413 0.9971 -0.0633
vn 0.0414 -0.9971 -0.0633
vn 0.5425 -0.1269 -0.8304
vn 0.1244 0.9738 -0.1904
vn 0.5088 -0.3666 -0.7789
vn 0.6622 0.3545 -0.6602
vn 0.1670 -0.9718 -0.1665
vn 0.7029 0.1222 -0.7007
vn 0.0556 0.9969 -0.0555
vn 0.0556 -0.9969 -0.0555
vn 0.7029 -0.1222 -0.7007
vn 0.1670 0.9718 -0.1665
vn 0.6622 -0.3545 -0.6602
vn 0.2785 0.9194 -0.2776
vn 0.5889 -0.5555 -0.5871
vn 0.3887 0.8359 -0.3875
vn 0.4944 -0.7160 -0.4929
vn 0.4944 0.7160 -0.4929
vn 0.3887 -0.8359 -0.3875
vn 0.5889 0.5555 -0.5871
vn 0.2785 -0.9194 -0.2776
vn 0.6984 -0.5407 -0.4690
vn 0.4680 0.8260 -0.3143
vn 0.5909 -0.7024 -0.3968
vn 0.5909 0.7024 -0.3968
vn 0.4680 -0.8260 -0.3143
vn 0.6984 0.5407 -0.4690
vn 0.3372 -0.9138 -0.2264
vn 0.7799 0.3427 -0.5237
vn 0.2031 -0.9696 -0.1364
vn 0.8244 0.1176 -0.5536
vn 0.0678 0.9967 -0.0455
vn 0.0678 -0.9967 -0.0455
vn 0.8244 -0.1176 -0.5536
vn 0.2031 0.9696 -0.1364
vn 0.7799 -0.3427 -0.5237
vn 0.3372 0.9138 -0.2264
vn 0.2312 -0.9676 -0.1011
vn 0.9103 0.1138 -0.3981
vn 0.0773 0.9964 -0.0338
vn 0.0773 -0.9964 -0.0338
vn 0.9103 -0.1138 -0.3981
vn 0.2312 0.9676 -0.1011
vn 0.8640 -0.3327 -0.3779
vn 0.3826 0.9086 -0.1673
vn 0.7781 -0.5280 -0.3403
vn 0.5282 0.8171 -0.2310
vn 0.6627 -0.6905 -0.2898
vn 0.6627 0.6905 -0.2898
vn 0.5282 -0.8171 -0.2310
vn 0.7781 0.5280 -0.3403
vn 0.3826 -0.9086 -0.1673
vn 0.8640 0.3327 -0.3779
vn 0.5685 0.8105 -0.1411
vn 0.7100 -0.6818 -0.1762
vn 0.7100 0.6818 -0.1762
vn 0.5685 -0.8105 -0.1411
vn 0.8297 0.5189 -0.2059
vn 0.4134 -0.9048 -0.1026
vn 0.9176 0.3257 -0.2278
vn 0.2505 -0.9661 -0.0622
vn 0.9645 0.1111 -0.2394
vn 0.0839 0.9963 -0.0208
vn 0.0839 -0.9963 -0.0208
vn 0.9645 -0.1111 -0.2394
vn 0.2505 0.9661 -0.0622
vn 0.9176 -0.3257 -0.2278
vn 0.4134 0.9048 -0.1026
vn 0.8297 -0.5189 -0.2059
vn 0.9907 0.1098 -0.0798
vn 0.0872 0.9962 -0.0070
vn 0.0872 -0.9962 -0.0070
vn 0.9907 -0.1098 -0.0798
vn 0.2603 0.9653 -0.0210
vn 0.9437 -0.3220 -0.0760
vn 0.4289 0.9027 -0.0346
vn 0.8550 -0.5141 -0.0689
vn 0.5887 0.8070 -0.0474
vn 0.7335 -0.6772 -0.0591
vn 0.7335 0.6772 -0.0591
vn 0.5887 -0.8070 -0.0474
vn 0.8550 0.5141 -0.0689
vn 0.4289 -0.9027 -0.0346
vn 0.9437 0.3220 -0.0760
vn 0.2603 -0.9653 -0.0210
vn 0.7335 -0.6772 0.0591
vn 0.7335 0.6772 0.0591
vn 0.5887 -0.8070 0.0474
vn 0.8550 0.5141 0.0689
vn 0.4289 -0.9027 0.0346
vn 0.9437 0.3220 0.0760
vn 0.2603 -0.9653 0.0210
vn 0.9907 0.1098 0.0798
vn 0.0872 0.9962 0.0070
vn 0.0872 -0.9962 0.0070
vn 0.9907 -0.1098 0.0798
vn 0.2603 0.9653 0.0210
vn 0.9437 -0.3220 0.0760
vn 0.4289 0.9027 0.0346
vn 0.8550 -0.5141 0.0689
vn 0.5887 0.8070 0.0474
vn 0.0839 -0.9963 0.0208
vn 0.9645 -0.1111 0.2394
vn 0.2505 0.9661 0.0622
vn 0.9176 -0.3257 0.2278
vn 0.4134 0.9048 0.1026
vn 0.8297 -0.5189 0.2059
vn 0.5685 0.8105 0.1411
vn 0.7100 -0.6818 0.1762
vn 0.7100 0.6818 0.1762
vn 0.5685 -0.8105 0.1411
vn 0.8297 0.5189 0.2059
vn 0.4134 -0.9048 0.1026
vn 0.9176 0.3257 0.2278
vn 0.2505 -0.9661 0.0622
vn 0.9645 0.1111 0.2394
vn 0.0839 0.9963 0.0208
vn 0.5282 -0.8171 0.2310
vn 0.7781 0.5280 0.3403
vn 0.3826 -0.9086 0.1673
vn 0.8640 0.3327 0.3779
vn 0.2312 -0.9676 0.1011
vn 0.9103 0.1138 0.3981
vn 0.0773 0.9964 0.0338
vn 0.0773 -0.9964 0.0338
vn 0.9103 -0.1138 0.3981
vn 0.2312 0.9676 0.1011
vn 0.8640 -0.3327 0.3779
vn 0.3826 0.9086 0.1673
vn 0.7781 -0.5280 0.3403
vn 0.5282 0.8171 0.2310
vn 0.6627 -0.6905 0.2898
vn 0.6627 0.6905 0.2898
vn 0.2031 0.9696 0.1364
vn 0.7799 -0.3427 0.5237
vn 0.3372 0.9138 0.2264
vn 0.6984 -0.5407 0.4690
vn 0.4680 0.8260 0.3143
vn 0.5909 -0.7024 0.3968
vn 0.5909 0.7024 0.3968
vn 0.4680 -0.8260 0.3143
vn 0.6984 0.5407 0.4690
vn 0.3372 -0.9138 0.2264
vn 0.7799 0.3427 0.5237
vn 0.2031 -0.9696 0.1364
vn 0.8244 0.1176 0.5536
vn 0.0678 0.9967 0.0455
vn 0.0678 -0.9967 0.0455
vn 0.8244 -0.1176 0.5536
vn 0.5889 0.5555 0.5871
vn 0.2785 -0.9194 0.2776
vn 0.6622 0.3545 0.6602
vn 0.1670 -0.9718 0.1665
vn 0.7029 0.1222 0.7007
vn 0.0556 0.9969 0.0555
vn 0.0556 -0.9969 0.0555
vn 0.7029 -0.1222 0.7007
vn 0.1670 0.9718 0.1665
vn 0.6622 -0.3545 0.6602
vn 0.2785 0.9194 0.2776
vn 0.5889 -0.5555 0.5871
vn 0.3887 0.8359 0.3875
vn 0.4944 -0.7160 0.4929
vn 0.4944 0.7160 0.4929
vn 0.3887 -0.8359 0.3875
vn 0.5088 -0.3666 0.7789
vn 0.2081 0.9248 0.3186
vn 0.4493 -0.5703 0.6877
vn 0.2921 0.8454 0.4472
vn 0.3742 -0.7293 0.5728
vn 0.3742 0.7293 0.5728
vn 0.2921 -0.8454 0.4472
vn 0.4493 0.5703 0.6877
vn 0.2081 -0.9248 0.3186
vn 0.5088 0.3666 0.7789
vn 0.1244 -0.9738 0.1904
vn 0.5425 0.1269 0.8304
vn 0.0413 0.9971 0.0633
vn 0.0413 -0.9971 0.0633
vn 0.5425 -0.1269 0.8304
vn 0.1244 0.9738 0.1904
vn 0.1287 -0.9289 0.3472
vn 0.3220 0.3767 0.8685
vn 0.0767 -0.9753 0.2069
vn 0.3446 0.1309 0.9296
vn 0.0255 0.9973 0.0687
vn 0.0255 -0.9973 0.0687
vn 0.3446 -0.1309 0.9296
vn 0.0767 0.9753 0.2069
vn 0.3220 -0.3767 0.8685
vn 0.1287 0.9289 0.3472
vn 0.2826 -0.5825 0.7621
vn 0.1815 0.8529 0.4895
vn 0.2338 -0.7400 0.6306
vn 0.2338 0.7400 0.6306
vn 0.1815 -0.8529 0.4895
vn 0.2826 0.5825 0.7621
vn 0.0436 0.9312 0.3620
vn 0.0965 -0.5894 0.8020
vn 0.0616 0.8571 0.5115
vn 0.0796 -0.7460 0.6611
vn 0.0796 0.7460 0.6611
vn 0.0616 -0.8571 0.5115
vn 0.0965 0.5894 0.8020
vn 0.0436 -0.9312 0.3620
vn 0.1104 0.3826 0.9173
vn 0.0259 -0.9762 0.2154
vn 0.1184 0.1333 0.9840
vn 0.0086 0.9974 0.0714
vn 0.0086 -0.9974 0.0714
vn 0.1184 -0.1333 0.9840
vn 0.0259 0.9762 0.2154
vn 0.1104 -0.3826 0.9173
vn -0.1104 0.3826 0.9173
vn -0.0259 -0.9762 0.2154
vn -0.1184 0.1333 0.9840
vn -0.0086 0.9974 0.0714
vn -0.0086 -0.9974 0.0714
vn -0.1184 -0.1333 0.9840
vn -0.0259 0.9762 0.2154
vn -0.1104 -0.3826 0.9173
vn -0.0436 0.9312 0.3620
vn -0.0965 -0.5894 0.8020
vn -0.0616 0.8571 0.5115
vn -0.0796 -0.7460 0.6611
vn -0.0796 0.7460 0.6611
vn -0.0616 -0.8571 0.5115
vn -0.0965 0.5894 0.8020
vn -0.0436 -0.9312 0.3620
vn -0.2826 -0.5825 0.7621
vn -0.1815 0.8529 0.4895
vn -0.2338 -0.7400 0.6306
vn -0.2338 0.7400 0.6306
vn -0.1815 -0.8529 0.4895
vn -0.2826 0.5825 0.7621
vn -0.1287 -0.9289 0.3472
vn -0.3220 0.3767 0.8685
vn -0.0767 -0.9753 0.2069
vn -0.3446 0.1309 0.9296
vn -0.0255 0.9973 0.0687
vn -0.0255 -0.9973 0.0687
vn -0.3446 -0.1309 0.9296
vn -0.0767 0.9753 0.2069
vn -0.3220 -0.3767 0.8685
vn -0.1287 0.9289 0.3472
vn -0.1244 -0.9738 0.1904
vn -0.5425 0.1269 0.8304
vn -0.0413 0.9971 0.0633
vn -0.0414 -0.9971 0.0633
vn -0.5425 -0.1269 0.8304
vn -0.1244 0.9738 0.1904
vn -0.5088 -0.3666 0.7789
vn -0.2081 0.9248 0.3186
vn -0.4493 -0.5703 0.6877
vn -0.2921 0.8454 0.4472
vn -0.3742 -0.7293 0.5728
vn -0.3742 0.7293 0.5728
vn -0.2921 -0.8454 0.4472
vn -0.4493 0.5703 0.6877
vn -0.2081 -0.9248 0.3186
vn -0.5088 0.3666 0.7789
vn -0.4944 -0.7160 0.4929
vn -0.4944 0.7160 0.4929
vn -0.3887 -0.8359 0.3875
vn -0.5889 0.5555 0.5871
vn -0.2785 -0.9194 0.2776
vn -0.6622 0.3545 0.6602
vn -0.1670 -0.9718 0.1665
vn -0.7029 0.1222 0.7007
vn -0.0556 0.9969 0.0555
vn -0.0556 -0.9969 0.0555
vn -0.7029 -0.1222 0.7007
vn -0.1670 0.9718 0.1665
vn -0.6622 -0.3545 0.6602
vn -0.2785 0.9194 0.2776
vn -0.5889 -0.5555 0.5871
vn -0.3887 0.8359 0.3875
vn -0.0678 0.9967 0.0455
vn -0.0678 -0.9967 0.0455
vn -0.8244 -0.1176 0.5536
vn -0.2031 0.9696 0.1364
vn -0.7799 -0.3427 0.5237
vn -0.3372 0.9138 0.2264
vn -0.6984 -0.5407 0.4690
vn -0.4680 0.8260 0.3143
vn -0.5909 -0.7024 0.3968
vn -0.5909 0.7024 0.3968
vn -0.4680 -0.8260 0.3143
vn -0.6984 0.5407 0.4690
vn -0.3372 -0.9138 0.2264
vn -0.7799 0.3427 0.5237
vn -0.2031 -0.9696 0.1364
vn -0.8244 0.1176 0.5536
vn -0.6628 0.6905 0.2898
vn -0.5282 -0.8171 0.2310
vn -0.7781 0.5280 0.3403
vn -0.3826 -0.9086 0.1673
vn -0.8640 0.3327 0.3779
vn -0.2312 -0.9676 0.1011
vn -0.9103 0.1138 0.3981
vn -0.0773 0.9964 0.0338
vn -0.0773 -0.9964 0.0338
vn -0.9103 -0.1138 0.3981
vn -0.2312 0.9676 0.1011
vn -0.8640 -0.3327 0.3779
vn -0.3826 0.9086 0.1673
vn -0.7781 -0.5280 0.3403
vn -0.5282 0.8171 0.2310
vn -0.6628 -0.6905 0.2898
vn -0.9645 -0.1111 0.2394
vn -0.2505 0.9661 0.0622
vn -0.9176 -0.3257 0.2278
vn -0.4134 0.9048 0.1026
vn -0.8297 -0.5189 0.2059
vn -0.5685 0.8105 0.1411
vn -0.7100 -0.6818 0.1762
vn -0.7100 0.6818 0.1762
vn -0.5685 -0.8105 0.1411
vn -0.8297 0.5189 0.2059
vn -0.4134 -0.9048 0.1026
vn -0.9176 0.3257 0.2278
vn -0.2505 -0.9661 0.0622
vn -0.9645 0.1111 0.2394
vn -0.0839 0.9963 0.0208
vn -0.0839 -0.9963 0.0208
vn -0.5887 -0.8070 0.0474
vn -0.8550 0.5141 0.0689
vn -0.4289 -0.9027 0.0346
vn -0.9437 0.3220 0.0760
vn -0.2603 -0.9653 0.0210
vn -0.9907 0.1098 0.0798
vn -0.0872 0.9962 0.0070
vn -0.0872 -0.9962 0.0070
vn -0.9907 -0.1098 0.0798
vn -0.2603 0.9653 0.0210
vn -0.9437 -0.3220 0.0760
vn -0.4289 0.9027 0.0346
vn -0.8550 -0.5141 0.0689
vn -0.5887 0.8070 0.0474
vn -0.7335 -0.6772 0.0591
vn -0.7335 0.6772 0.0591
vn -0.2603 0.9653 -0.0210
vn -0.9437 -0.3220 -0.0760
vn -0.4289 0.9027 -0.0346
vn -0.8550 -0.5141 -0.0689
vn -0.5887 0.8070 -0.0474
vn -0.7335 -0.6772 -0.0591
vn -0.7335 0.6772 -0.0591
vn -0.5887 -0.8070 -0.0474
vn -0.8550 0.5141 -0.0689
vn -0.4289 -0.9027 -0.0346
vn -0.9437 0.3220 -0.0760
vn -0.2603 -0.9653 -0.0210
vn -0.9907 0.1098 -0.0798
vn -0.0872 0.9962 -0.0070
vn -0.0872 -0.9962 -0.0070
vn -0.9907 -0.1098 -0.0798
vn -0.8297 0.5189 -0.2059
vn -0.4134 -0.9048 -0.1026
vn -0.9176 0.3257 -0.2278
vn -0.2505 -0.9661 -0.0622
vn -0.9645 0.1111 -0.2394
vn -0.0839 0.9963 -0.0208
vn -0.0839 -0.9963 -0.0208
vn -0.9645 -0.1111 -0.2394
vn -0.2505 0.9661 -0.0622
vn -0.9176 -0.3257 -0.2278
vn -0.4134 0.9048 -0.1026
vn -0.8297 -0.5189 -0.2059
vn -0.5685 0.8105 -0.1411
vn -0.7100 -0.6818 -0.1762
vn -0.7100 0.6818 -0.1762
vn -0.5685 -0.8105 -0.1411
vn -0.8640 -0.3327 -0.3779
vn -0.3826 0.9086 -0.1673
vn -0.7781 -0.5280 -0.3403
vn -0.5282 0.8171 -0.2310
vn -0.6628 -0.6905 -0.2898
vn -0.6628 0.6905 -0.2898
vn -0.5282 -0.8171 -0.2310
vn -0.7781 0.5280 -0.3403
vn -0.3826 -0.9086 -0.1673
vn -0.8640 0.3327 -0.3779
vn -0.2312 -0.9676 -0.1011
vn -0.9103 0.1138 -0.3981
vn -0.0773 0.9964 -0.0338
vn -0.0773 -0.9964 -0.0338
vn -0.9103 -0.1138 -0.3981
vn -0.2312 0.9676 -0.1011
vn -0.3372 -0.9138 -0.2264
vn -0.7799 0.3427 -0.5237
vn -0.2031 -0.9696 -0.1364
vn -0.8244 0.1176 -0.5536
vn -0.0678 0.9967 -0.0455
vn -0.0678 -0.9967 -0.0455
vn -0.8244 -0.1176 -0.5536
vn -0.2031 0.9696 -0.1364
vn -0.7799 -0.3427 -0.5237
vn -0.3372 0.9138 -0.2264
vn -0.6984 -0.5407 -0.4690
vn -0.4680 0.8260 -0.3143
vn -0.5909 -0.7024 -0.3968
vn -0.5909 0.7024 -0.3968
vn -0.4680 -0.8260 -0.3143
vn -0.6984 0.5407 -0.4690
vn -0.5889 -0.5555 -0.5871
vn -0.3887 0.8359 -0.3875
vn -0.4944 -0.7160 -0.4929
vn -0.4944 0.7160 -0.4929
vn -0.3887 -0.8359 -0.3875
vn -0.5889 0.5555 -0.5871
vn -0.2785 -0.9194 -0.2776
vn -0.6622 0.3545 -0.6602
vn -0.1670 -0.9718 -0.1665
vn -0.7029 0.1222 -0.7007
vn -0.0556 0.9969 -0.0555
vn -0.0556 -0.9969 -0.0555
vn -0.7029 -0.1222 -0.7007
vn -0.1670 0.9718 -0.1665
vn -0.6622 -0.3545 -0.6602
vn -0.2785 0.9194 -0.2776
vn -0.1244 -0.9738 -0.1904
vn -0.5425 0.1269 -0.8304
vn -0.0414 0.9971 -0.0633
vn -0.0414 -0.9971 -0.0633
vn -0.5425 -0.1269 -0.8304
vn -0.1244 0.9738 -0.1904
vn -0.5088 -0.3666 -0.7789
vn -0.2081 0.9248 -0.3186
vn -0.4493 -0.5703 -0.6877
vn -0.2921 0.8454 -0.4472
vn -0.3742 -0.7293 -0.5728
vn -0.3742 0.7293 -0.5728
vn -0.2921 -0.8454 -0.4472
vn -0.4493 0.5703 -0.6877
vn -0.2081 -0.9248 -0.3186
vn -0.5088 0.3666 -0.7789
vn -0.1815 0.8529 -0.4895
vn -0.2338 -0.7400 -0.6306
vn -0.2338 0.7400 -0.6306
vn -0.1815 -0.8529 -0.4895
vn -0.2826 0.5825 -0.7621
vn -0.1287 -0.9289 -0.3472
vn -0.3220 0.3767 -0.8685
vn -0.0767 -0.9753 -0.2069
vn -0.3446 0.1309 -0.9296
vn -0.0255 0.9973 -0.0687
vn -0.0255 -0.9973 -0.0687
vn -0.3446 -0.1309 -0.9296
vn -0.0767 0.9753 -0.2069
vn -0.3220 -0.3767 -0.8685
vn -0.1287 0.9289 -0.3472
vn -0.2826 -0.5825 -0.7621
vn -0.1185 0.1333 -0.9840
vn -0.0086 0.9974 -0.0714
vn -0.0086 -0.9974 -0.0714
vn -0.1185 -0.1333 -0.9840
vn -0.0259 0.9762 -0.2154
vn -0.1104 -0.3826 -0.9173
vn -0.0436 0.9312 -0.3620
vn -0.0966 -0.5894 -0.8020
vn -0.0616 0.8571 -0.5115
vn -0.0796 -0.7460 -0.6611
vn -0.0796 0.7460 -0.6611
vn -0.0616 -0.8571 -0.5115
vn -0.0965 0.5894 -0.8020
vn -0.0436 -0.9312 -0.3620
vn -0.1104 0.3826 -0.9173
vn -0.0259 -0.9762 -0.2154
vt 0.750000 0.062500
vt 0.750000 0.125000
vt 0.718750 0.125000
vt 0.718750 0.062500
vt 0.750000 0.500000
vt 0.750000 0.562500
vt 0.718750 0.562500
vt 0.718750 0.500000
vt 0.750000 0.937500
vt 0.734375 1.000000
vt 0.718750 0.937500
vt 0.734375 0.000000
vt 0.750000 0.437500
vt 0.718750 0.437500
vt 0.750000 0.875000
vt 0.718750 0.875000
vt 0.750000 0.375000
vt 0.718750 0.375000
vt 0.750000 0.812500
vt 0.718750 0.812500
vt 0.750000 0.312500
vt 0.718750 0.312500
vt 0.750000 0.750000
vt 0.718750 0.750000
vt 0.750000 0.250000
vt 0.718750 0.250000
vt 0.750000 0.687500
vt 0.718750 0.687500
vt 0.750000 0.187500
vt 0.718750 0.187500
vt 0.750000 0.625000
vt 0.718750 0.625000
vt 0.687500 0.187500
vt 0.687500 0.125000
vt 0.687500 0.625000
vt 0.687500 0.562500
vt 0.687500 0.062500
vt 0.687500 0.500000
vt 0.703125 1.000000
vt 0.687500 0.937500
vt 0.703125 0.000000
vt 0.687500 0.437500
vt 0.687500 0.875000
vt 0.687500 0.375000
vt 0.687500 0.812500
vt 0.687500 0.312500
vt 0.687500 0.750000
vt 0.687500 0.250000
vt 0.687500 0.687500
vt 0.656250 0.875000
vt 0.656250 0.812500
vt 0.656250 0.375000
vt 0.656250 0.312500
vt 0.656250 0.750000
vt 0.656250 0.250000
vt 0.656250 0.687500
vt 0.656250 0.187500
vt 0.656250 0.625000
vt 0.656250 0.125000
vt 0.656250 0.562500
vt 0.656250 0.062500
vt 0.656250 0.500000
vt 0.671875 1.000000
vt 0.656250 0.937500
vt 0.671875 0.000000
vt 0.656250 0.437500
vt 0.625000 0.625000
vt 0.625000 0.562500
vt 0.625000 0.125000
vt 0.625000 0.062500
vt 0.625000 0.500000
vt 0.640625 1.000000
vt 0.625000 0.937500
vt 0.640625 0.000000
vt 0.625000 0.437500
vt 0.625000 0.875000
vt 0.625000 0.375000
vt 0.625000 0.812500
vt 0.625000 0.312500
vt 0.625000 0.750000
vt 0.625000 0.250000
vt 0.625000 0.687500
vt 0.625000 0.187500
vt 0.593750 0.375000
vt 0.593750 0.312500
vt 0.593750 0.812500
vt 0.593750 0.750000
vt 0.593750 0.250000
vt 0.593750 0.687500
vt 0.593750 0.187500
vt 0.593750 0.625000
vt 0.593750 0.125000
vt 0.593750 0.562500
vt 0.593750 0.062500
vt 0.593750 0.500000
vt 0.609375 1.000000
vt 0.593750 0.937500
vt 0.609375 0.000000
vt 0.593750 0.437500
vt 0.593750 0.875000
vt 0.562500 0.125000
vt 0.562500 0.062500
vt 0.562500 0.562500
vt 0.562500 0.500000
vt 0.578125 1.000000
vt 0.562500 0.937500
vt 0.578125 0.000000
vt 0.562500 0.437500
vt 0.562500 0.875000
vt 0.562500 0.375000
vt 0.562500 0.812500
vt 0.562500 0.312500
vt 0.562500 0.750000
vt 0.562500 0.250000
vt 0.562500 0.687500
vt 0.562500 0.187500
vt 0.562500 0.625000
vt 0.531250 0.812500
vt 0.531250 0.750000
vt 0.531250 0.312500
vt 0.531250 0.250000
vt 0.531250 0.687500
vt 0.531250 0.187500
vt 0.531250 0.625000
vt 0.531250 0.125000
vt 0.531250 0.562500
vt 0.531250 0.062500
vt 0.531250 0.500000
vt 0.546875 1.000000
vt 0.531250 0.937500
vt 0.546875 0.000000
vt 0.531250 0.437500
vt 0.531250 0.875000
vt 0.531250 0.375000
vt 0.500000 0.562500
vt 0.500000 0.500000
vt 0.515625 1.000000
vt 0.500000 0.937500
vt 0.515625 0.000000
vt 0.500000 0.062500
vt 0.500000 0.437500
vt 0.500000 0.875000
vt 0.500000 0.375000
vt 0.500000 0.812500
vt 0.500000 0.312500
vt 0.500000 0.750000
vt 0.500000 0.250000
vt 0.500000 0.687500
vt 0.500000 0.187500
vt 0.500000 0.625000
vt 0.500000 0.125000
vt 0.468750 0.312500
vt 0.468750 0.250000
vt 0.468750 0.750000
vt 0.468750 0.687500
vt 0.468750 0.187500
vt 0.468750 0.625000
vt 0.468750 0.125000
vt 0.468750 0.562500
vt 0.468750 0.062500
vt 0.468750 0.500000
vt 0.484375 1.000000
vt 0.468750 0.937500
vt 0.484375 0.000000
vt 0.468750 0.437500
vt 0.468750 0.875000
vt 0.468750 0.375000
vt 0.468750 0.812500
vt 0.453125 0.000000
vt 0.437500 0.062500
vt 0.437500 0.500000
vt 0.437500 0.437500
vt 0.437500 0.937500
vt 0.437500 0.875000
vt 0.437500 0.375000
vt 0.437500 0.812500
vt 0.437500 0.312500
vt 0.437500 0.750000
vt 0.437500 0.250000
vt 0.437500 0.687500
vt 0.437500 0.187500
vt 0.437500 0.625000
vt 0.437500 0.125000
vt 0.437500 0.562500
vt 0.453125 1.000000
vt 0.406250 0.250000
vt 0.406250 0.187500
vt 0.406250 0.687500
vt 0.406250 0.625000
vt 0.406250 0.125000
vt 0.406250 0.562500
vt 0.406250 0.062500
vt 0.406250 0.500000
vt 0.421875 1.000000
vt 0.406250 0.937500
vt 0.421875 0.000000
vt 0.406250 0.437500
vt 0.406250 0.875000
vt 0.406250 0.375000
vt 0.406250 0.812500
vt 0.406250 0.312500
vt 0.406250 0.750000
vt 0.375000 0.937500
vt 0.375000 0.875000
vt 0.375000 0.437500
vt 0.375000 0.375000
vt 0.375000 0.812500
vt 0.375000 0.312500
vt 0.375000 0.750000
vt 0.375000 0.250000
vt 0.375000 0.687500
vt 0.375000 0.187500
vt 0.375000 0.625000
vt 0.375000 0.125000
vt 0.375000 0.562500
vt 0.375000 0.062500
vt 0.375000 0.500000
vt 0.390625 1.000000
vt 0.390625 0.000000
vt 0.343750 0.687500
vt 0.343750 0.625000
vt 0.343750 0.187500
vt 0.343750 0.125000
vt 0.343750 0.562500
vt 0.343750 0.062500
vt 0.343750 0.500000
vt 0.359375 1.000000
vt 0.343750 0.937500
vt 0.359375 0.000000
vt 0.343750 0.437500
vt 0.343750 0.875000
vt 0.343750 0.375000
vt 0.343750 0.812500
vt 0.343750 0.312500
vt 0.343750 0.750000
vt 0.343750 0.250000
vt 0.312500 0.437500
vt 0.312500 0.375000
vt 0.312500 0.875000
vt 0.312500 0.812500
vt 0.312500 0.312500
vt 0.312500 0.750000
vt 0.312500 0.250000
vt 0.312500 0.687500
vt 0.312500 0.187500
vt 0.312500 0.625000
vt 0.312500 0.125000
vt 0.312500 0.562500
vt 0.312500 0.062500
vt 0.312500 0.500000
vt 0.328125 1.000000
vt 0.312500 0.937500
vt 0.328125 0.000000
vt 0.281250 0.187500
vt 0.281250 0.125000
vt 0.281250 0.625000
vt 0.281250 0.562500
vt 0.281250 0.062500
vt 0.281250 0.500000
vt 0.296875 1.000000
vt 0.281250 0.937500
vt 0.296875 0.000000
vt 0.281250 0.437500
vt 0.281250 0.875000
vt 0.281250 0.375000
vt 0.281250 0.812500
vt 0.281250 0.312500
vt 0.281250 0.750000
vt 0.281250 0.250000
vt 0.281250 0.687500
vt 0.250000 0.875000
vt 0.250000 0.812500
vt 0.250000 0.375000
vt 0.250000 0.312500
vt 0.250000 0.750000
vt 0.250000 0.250000
vt 0.250000 0.687500
vt 0.250000 0.187500
vt 0.250000 0.625000
vt 0.250000 0.125000
vt 0.250000 0.562500
vt 0.250000 0.062500
vt 0.250000 0.500000
vt 0.265625 1.000000
vt 0.250000 0.937500
vt 0.265625 0.000000
vt 0.250000 0.437500
vt 0.218750 0.625000
vt 0.218750 0.562500
vt 0.218750 0.125000
vt 0.218750 0.062500
vt 0.218750 0.500000
vt 0.234375 1.000000
vt 0.218750 0.937500
vt 0.234375 0.000000
vt 0.218750 0.437500
vt 0.218750 0.875000
vt 0.218750 0.375000
vt 0.218750 0.812500
vt 0.218750 0.312500
vt 0.218750 0.750000
vt 0.218750 0.250000
vt 0.218750 0.687500
vt 0.218750 0.187500
vt 0.187500 0.375000
vt 0.187500 0.312500
vt 0.187500 0.812500
vt 0.187500 0.750000
vt 0.187500 0.250000
vt 0.187500 0.687500
vt 0.187500 0.187500
vt 0.187500 0.625000
vt 0.187500 0.125000
vt 0.187500 0.562500
vt 0.187500 0.062500
vt 0.187500 0.500000
vt 0.203125 1.000000
vt 0.187500 0.937500
vt 0.203125 0.000000
vt 0.187500 0.437500
vt 0.187500 0.875000
vt 0.156250 0.125000
vt 0.156250 0.062500
vt 0.156250 0.562500
vt 0.156250 0.500000
vt 0.171875 1.000000
vt 0.156250 0.937500
vt 0.171875 0.000000
vt 0.156250 0.437500
vt 0.156250 0.875000
vt 0.156250 0.375000
vt 0.156250 0.812500
vt 0.156250 0.312500
vt 0.156250 0.750000
vt 0.156250 0.250000
vt 0.156250 0.687500
vt 0.156250 0.187500
vt 0.156250 0.625000
vt 0.125000 0.312500
vt 0.125000 0.250000
vt 0.125000 0.750000
vt 0.125000 0.687500
vt 0.125000 0.187500
vt 0.125000 0.625000
vt 0.125000 0.125000
vt 0.125000 0.562500
vt 0.125000 0.062500
vt 0.125000 0.500000
vt 0.140625 1.000000
vt 0.125000 0.937500
vt 0.140625 0.000000
vt 0.125000 0.437500
vt 0.125000 0.875000
vt 0.125000 0.375000
vt 0.125000 0.812500
vt 0.109375 1.000000
vt 0.093750 0.937500
vt 0.109375 0.000000
vt 0.093750 0.062500
vt 0.093750 0.500000
vt 0.093750 0.437500
vt 0.093750 0.875000
vt 0.093750 0.375000
vt 0.093750 0.812500
vt 0.093750 0.312500
vt 0.093750 0.750000
vt 0.093750 0.250000
vt 0.093750 0.687500
vt 0.093750 0.187500
vt 0.093750 0.625000
vt 0.093750 0.125000
vt 0.093750 0.562500
vt 0.062500 0.750000
vt 0.062500 0.687500
vt 0.062500 0.250000
vt 0.062500 0.187500
vt 0.062500 0.625000
vt 0.062500 0.125000
vt 0.062500 0.562500
vt 0.062500 0.062500
vt 0.062500 0.500000
vt 0.078125 1.000000
vt 0.062500 0.937500
vt 0.078125 0.000000
vt 0.062500 0.437500
vt 0.062500 0.875000
vt 0.062500 0.375000
vt 0.062500 0.812500
vt 0.062500 0.312500
vt 0.031250 0.500000
vt 0.031250 0.437500
vt 0.031250 0.937500
vt 0.031250 0.875000
vt 0.031250 0.375000
vt 0.031250 0.812500
vt 0.031250 0.312500
vt 0.031250 0.750000
vt 0.031250 0.250000
vt 0.031250 0.687500
vt 0.031250 0.187500
vt 0.031250 0.625000
vt 0.031250 0.125000
vt 0.031250 0.562500
vt 0.031250 0.062500
vt 0.046875 1.000000
vt 0.046875 0.000000
vt 0.000000 0.250000
vt 0.000000 0.187500
vt 0.000000 0.687500
vt 0.000000 0.625000
vt 0.000000 0.125000
vt 0.000000 0.562500
vt 0.000000 0.062500
vt 0.000000 0.500000
vt 0.015625 1.000000
vt 0.000000 0.937500
vt 0.015625 0.000000
vt 0.000000 0.437500
vt 0.000000 0.875000
vt 0.000000 0.375000
vt 0.000000 0.812500
vt 0.000000 0.312500
vt 0.000000 0.750000
vt 1.000000 0.875000
vt 1.000000 0.937500
vt 0.968750 0.937500
vt 0.968750 0.875000
vt 1.000000 0.375000
vt 1.000000 0.437500
vt 0.968750 0.437500
vt 0.968750 0.375000
vt 1.000000 0.812500
vt 0.968750 0.812500
vt 1.000000 0.312500
vt 0.968750 0.312500
vt 1.000000 0.750000
vt 0.968750 0.750000
vt 1.000000 0.250000
vt 0.968750 0.250000
vt 1.000000 0.687500
vt 0.968750 0.687500
vt 1.000000 0.187500
vt 0.968750 0.187500
vt 1.000000 0.625000
vt 0.968750 0.625000
vt 1.000000 0.125000
vt 0.968750 0.125000
vt 1.000000 0.562500
vt 0.968750 0.562500
vt 1.000000 0.062500
vt 0.968750 0.062500
vt 1.000000 0.500000
vt 0.968750 0.500000
vt 0.984375 1.000000
vt 0.984375 0.000000
vt 0.937500 0.687500
vt 0.937500 0.625000
vt 0.937500 0.187500
vt 0.937500 0.125000
vt 0.937500 0.562500
vt 0.937500 0.062500
vt 0.937500 0.500000
vt 0.953125 1.000000
vt 0.937500 0.937500
vt 0.953125 0.000000
vt 0.937500 0.437500
vt 0.937500 0.875000
vt 0.937500 0.375000
vt 0.937500 0.812500
vt 0.937500 0.312500
vt 0.937500 0.750000
vt 0.937500 0.250000
vt 0.906250 0.437500
vt 0.906250 0.375000
vt 0.906250 0.875000
vt 0.906250 0.812500
vt 0.906250 0.312500
vt 0.906250 0.750000
vt 0.906250 0.250000
vt 0.906250 0.687500
vt 0.906250 0.187500
vt 0.906250 0.625000
vt 0.906250 0.125000
vt 0.906250 0.562500
vt 0.906250 0.062500
vt 0.906250 0.500000
vt 0.921875 1.000000
vt 0.906250 0.937500
vt 0.921875 0.000000
vt 0.875000 0.187500
vt 0.875000 0.125000
vt 0.875000 0.625000
vt 0.875000 0.562500
vt 0.875000 0.062500
vt 0.875000 0.500000
vt 0.890625 1.000000
vt 0.875000 0.937500
vt 0.890625 0.000000
vt 0.875000 0.437500
vt 0.875000 0.875000
vt 0.875000 0.375000
vt 0.875000 0.812500
vt 0.875000 0.312500
vt 0.875000 0.750000
vt 0.875000 0.250000
vt 0.875000 0.687500
vt 0.843750 0.375000
vt 0.843750 0.312500
vt 0.843750 0.812500
vt 0.843750 0.750000
vt 0.843750 0.250000
vt 0.843750 0.687500
vt 0.843750 0.187500
vt 0.843750 0.625000
vt 0.843750 0.125000
vt 0.843750 0.562500
vt 0.843750 0.062500
vt 0.843750 0.500000
vt 0.859375 1.000000
vt 0.843750 0.937500
vt 0.859375 0.000000
vt 0.843750 0.437500
vt 0.843750 0.875000
vt 0.812500 0.125000
vt 0.812500 0.062500
vt 0.812500 0.562500
vt 0.812500 0.500000
vt 0.828125 1.000000
vt 0.812500 0.937500
vt 0.828125 0.000000
vt 0.812500 0.437500
vt 0.812500 0.875000
vt 0.812500 0.375000
vt 0.812500 0.812500
vt 0.812500 0.312500
vt 0.812500 0.750000
vt 0.812500 0.250000
vt 0.812500 0.687500
vt 0.812500 0.187500
vt 0.812500 0.625000
vt 0.781250 0.812500
vt 0.781250 0.750000
vt 0.781250 0.312500
vt 0.781250 0.250000
vt 0.781250 0.687500
vt 0.781250 0.187500
vt 0.781250 0.625000
vt 0.781250 0.125000
vt 0.781250 0.562500
vt 0.781250 0.062500
vt 0.781250 0.500000
vt 0.796875 1.000000
vt 0.781250 0.937500
vt 0.796875 0.000000
vt 0.781250 0.437500
vt 0.781250 0.875000
vt 0.781250 0.375000
vt 0.765625 1.000000
vt 0.765625 0.000000
s 0
usemtl Kni_Steel
f 1778/1565/676 1777/1566/676 1320/1567/676 1321/1568/676
f 1301/1569/677 1775/1570/677 1313/1571/677 1314/1572/677
f 1298/1573/678 1297/1574/678 1307/1575/678
f 1306/1576/679 1778/1565/679 1321/1568/679
f 1302/1577/680 1301/1569/680 1314/1572/680 1315/1578/680
f 1772/1579/681 1298/1573/681 1307/1575/681 1308/1580/681
f 1303/1581/682 1302/1577/682 1315/1578/682 1316/1582/682
f 1299/1583/683 1772/1579/683 1308/1580/683 1309/1584/683
f 1304/1585/684 1303/1581/684 1316/1582/684 1317/1586/684
f 1773/1587/685 1299/1583/685 1309/1584/685 1310/1588/685
f 1776/1589/686 1304/1585/686 1317/1586/686 1318/1590/686
f 1774/1591/687 1773/1587/687 1310/1588/687 1311/1592/687
f 1305/1593/688 1776/1589/688 1318/1590/688 1319/1594/688
f 1300/1595/689 1774/1591/689 1311/1592/689 1312/1596/689
f 1777/1566/690 1305/1593/690 1319/1594/690 1320/1567/690
f 1775/1570/691 1300/1595/691 1312/1596/691 1313/1571/691
f 1320/1567/692 1319/1594/692 1334/1597/692 1335/1598/692
f 1313/1571/693 1312/1596/693 1327/1599/693 1328/1600/693
f 1321/1568/694 1320/1567/694 1335/1598/694 1336/1601/694
f 1314/1572/695 1313/1571/695 1328/1600/695 1329/1602/695
f 1307/1575/696 1297/1603/696 1322/1604/696
f 1306/1605/697 1321/1568/697 1336/1601/697
f 1315/1578/698 1314/1572/698 1329/1602/698 1330/1606/698
f 1308/1580/699 1307/1575/699 1322/1604/699 1323/1607/699
f 1316/1582/700 1315/1578/700 1330/1606/700 1331/1608/700
f 1309/1584/701 1308/1580/701 1323/1607/701 1324/1609/701
f 1317/1586/702 1316/1582/702 1331/1608/702 1332/1610/702
f 1310/1588/703 1309/1584/703 1324/1609/703 1325/1611/703
f 1318/1590/704 1317/1586/704 1332/1610/704 1333/1612/704
f 1311/1592/705 1310/1588/705 1325/1611/705 1326/1613/705
f 1319/1594/706 1318/1590/706 1333/1612/706 1334/1597/706
f 1312/1596/707 1311/1592/707 1326/1613/707 1327/1599/707
f 1324/1609/708 1323/1607/708 1338/1614/708 1339/1615/708
f 1332/1610/709 1331/1608/709 1346/1616/709 1347/1617/709
f 1325/1611/710 1324/1609/710 1339/1615/710 1340/1618/710
f 1333/1612/711 1332/1610/711 1347/1617/711 1348/1619/711
f 1326/1613/712 1325/1611/712 1340/1618/712 1341/1620/712
f 1334/1597/713 1333/1612/713 1348/1619/713 1349/1621/713
f 1327/1599/714 1326/1613/714 1341/1620/714 1342/1622/714
f 1335/1598/715 1334/1597/715 1349/1621/715 1350/1623/715
f 1328/1600/716 1327/1599/716 1342/1622/716 1343/1624/716
f 1336/1601/717 1335/1598/717 1350/1623/717 1351/1625/717
f 1329/1602/718 1328/1600/718 1343/1624/718 1344/1626/718
f 1322/1604/719 1297/1627/719 1337/1628/719
f 1306/1629/720 1336/1601/720 1351/1625/720
f 1330/1606/721 1329/1602/721 1344/1626/721 1345/1630/721
f 1323/1607/722 1322/1604/722 1337/1628/722 1338/1614/722
f 1331/1608/723 1330/1606/723 1345/1630/723 1346/1616/723
f 1343/1624/724 1342/1622/724 1357/1631/724 1358/1632/724
f 1351/1625/725 1350/1623/725 1365/1633/725 1366/1634/725
f 1344/1626/726 1343/1624/726 1358/1632/726 1359/1635/726
f 1337/1628/727 1297/1636/727 1352/1637/727
f 1306/1638/728 1351/1625/728 1366/1634/728
f 1345/1630/729 1344/1626/729 1359/1635/729 1360/1639/729
f 1338/1614/730 1337/1628/730 1352/1637/730 1353/1640/730
f 1346/1616/731 1345/1630/731 1360/1639/731 1361/1641/731
f 1339/1615/732 1338/1614/732 1353/1640/732 1354/1642/732
f 1347/1617/733 1346/1616/733 1361/1641/733 1362/1643/733
f 1340/1618/734 1339/1615/734 1354/1642/734 1355/1644/734
f 1348/1619/735 1347/1617/735 1362/1643/735 1363/1645/735
f 1341/1620/736 1340/1618/736 1355/1644/736 1356/1646/736
f 1349/1621/737 1348/1619/737 1363/1645/737 1364/1647/737
f 1342/1622/738 1341/1620/738 1356/1646/738 1357/1631/738
f 1350/1623/739 1349/1621/739 1364/1647/739 1365/1633/739
f 1362/1643/740 1361/1641/740 1376/1648/740 1377/1649/740
f 1355/1644/741 1354/1642/741 1369/1650/741 1370/1651/741
f 1363/1645/742 1362/1643/742 1377/1649/742 1378/1652/742
f 1356/1646/743 1355/1644/743 1370/1651/743 1371/1653/743
f 1364/1647/744 1363/1645/744 1378/1652/744 1379/1654/744
f 1357/1631/745 1356/1646/745 1371/1653/745 1372/1655/745
f 1365/1633/746 1364/1647/746 1379/1654/746 1380/1656/746
f 1358/1632/747 1357/1631/747 1372/1655/747 1373/1657/747
f 1366/1634/748 1365/1633/748 1380/1656/748 1381/1658/748
f 1359/1635/749 1358/1632/749 1373/1657/749 1374/1659/749
f 1352/1637/750 1297/1660/750 1367/1661/750
f 1306/1662/751 1366/1634/751 1381/1658/751
f 1360/1639/752 1359/1635/752 1374/1659/752 1375/1663/752
f 1353/1640/753 1352/1637/753 1367/1661/753 1368/1664/753
f 1361/1641/754 1360/1639/754 1375/1663/754 1376/1648/754
f 1354/1642/755 1353/1640/755 1368/1664/755 1369/1650/755
f 1381/1658/756 1380/1656/756 1395/1665/756 1396/1666/756
f 1374/1659/757 1373/1657/757 1388/1667/757 1389/1668/757
f 1367/1661/758 1297/1669/758 1382/1670/758
f 1306/1671/759 1381/1658/759 1396/1666/759
f 1375/1663/760 1374/1659/760 1389/1668/760 1390/1672/760
f 1368/1664/761 1367/1661/761 1382/1670/761 1383/1673/761
f 1376/1648/762 1375/1663/762 1390/1672/762 1391/1674/762
f 1369/1650/763 1368/1664/763 1383/1673/763 1384/1675/763
f 1377/1649/764 1376/1648/764 1391/1674/764 1392/1676/764
f 1370/1651/765 1369/1650/765 1384/1675/765 1385/1677/765
f 1378/1652/766 1377/1649/766 1392/1676/766 1393/1678/766
f 1371/1653/767 1370/1651/767 1385/1677/767 1386/1679/767
f 1379/1654/768 1378/1652/768 1393/1678/768 1394/1680/768
f 1372/1655/769 1371/1653/769 1386/1679/769 1387/1681/769
f 1380/1656/770 1379/1654/770 1394/1680/770 1395/1665/770
f 1373/1657/771 1372/1655/771 1387/1681/771 1388/1667/771
f 1385/1677/772 1384/1675/772 1399/1682/772 1400/1683/772
f 1393/1678/773 1392/1676/773 1407/1684/773 1408/1685/773
f 1386/1679/774 1385/1677/774 1400/1683/774 1401/1686/774
f 1394/1680/775 1393/1678/775 1408/1685/775 1409/1687/775
f 1387/1681/776 1386/1679/776 1401/1686/776 1402/1688/776
f 1395/1665/777 1394/1680/777 1409/1687/777 1410/1689/777
f 1388/1667/778 1387/1681/778 1402/1688/778 1403/1690/778
f 1396/1666/779 1395/1665/779 1410/1689/779 1411/1691/779
f 1389/1668/780 1388/1667/780 1403/1690/780 1404/1692/780
f 1382/1670/781 1297/1693/781 1397/1694/781
f 1306/1695/782 1396/1666/782 1411/1691/782
f 1390/1672/783 1389/1668/783 1404/1692/783 1405/1696/783
f 1383/1673/784 1382/1670/784 1397/1694/784 1398/1697/784
f 1391/1674/785 1390/1672/785 1405/1696/785 1406/1698/785
f 1384/1675/786 1383/1673/786 1398/1697/786 1399/1682/786
f 1392/1676/787 1391/1674/787 1406/1698/787 1407/1684/787
f 1404/1692/788 1403/1690/788 1418/1699/788 1419/1700/788
f 1397/1694/789 1297/1701/789 1412/1702/789
f 1306/1703/790 1411/1691/790 1426/1704/790
f 1405/1696/791 1404/1692/791 1419/1700/791 1420/1705/791
f 1398/1697/792 1397/1694/792 1412/1702/792 1413/1706/792
f 1406/1698/793 1405/1696/793 1420/1705/793 1421/1707/793
f 1399/1682/794 1398/1697/794 1413/1706/794 1414/1708/794
f 1407/1684/795 1406/1698/795 1421/1707/795 1422/1709/795
f 1400/1683/796 1399/1682/796 1414/1708/796 1415/1710/796
f 1408/1685/797 1407/1684/797 1422/1709/797 1423/1711/797
f 1401/1686/798 1400/1683/798 1415/1710/798 1416/1712/798
f 1409/1687/799 1408/1685/799 1423/1711/799 1424/1713/799
f 1402/1688/800 1401/1686/800 1416/1712/800 1417/1714/800
f 1410/1689/801 1409/1687/801 1424/1713/801 1425/1715/801
f 1403/1690/802 1402/1688/802 1417/1714/802 1418/1699/802
f 1411/1691/803 1410/1689/803 1425/1715/803 1426/1704/803
f 1423/1711/804 1422/1709/804 1437/1716/804 1438/1717/804
f 1416/1712/805 1415/1710/805 1430/1718/805 1431/1719/805
f 1424/1713/806 1423/1711/806 1438/1717/806 1439/1720/806
f 1417/1714/807 1416/1712/807 1431/1719/807 1432/1721/807
f 1425/1715/808 1424/1713/808 1439/1720/808 1440/1722/808
f 1418/1699/809 1417/1714/809 1432/1721/809 1433/1723/809
f 1426/1704/810 1425/1715/810 1440/1722/810 1441/1724/810
f 1419/1700/811 1418/1699/811 1433/1723/811 1434/1725/811
f 1412/1702/812 1297/1726/812 1427/1727/812
f 1306/1728/813 1426/1704/813 1441/1724/813
f 1420/1705/814 1419/1700/814 1434/1725/814 1435/1729/814
f 1413/1706/815 1412/1702/815 1427/1727/815 1428/1730/815
f 1421/1707/816 1420/1705/816 1435/1729/816 1436/1731/816
f 1414/1708/817 1413/1706/817 1428/1730/817 1429/1732/817
f 1422/1709/818 1421/1707/818 1436/1731/818 1437/1716/818
f 1415/1710/819 1414/1708/819 1429/1732/819 1430/1718/819
f 1306/1733/820 1441/1724/820 1456/1734/820
f 1435/1729/821 1434/1725/821 1449/1735/821 1450/1736/821
f 1428/1730/822 1427/1727/822 1442/1737/822 1443/1738/822
f 1436/1731/823 1435/1729/823 1450/1736/823 1451/1739/823
f 1429/1732/824 1428/1730/824 1443/1738/824 1444/1740/824
f 1437/1716/825 1436/1731/825 1451/1739/825 1452/1741/825
f 1430/1718/826 1429/1732/826 1444/1740/826 1445/1742/826
f 1438/1717/827 1437/1716/827 1452/1741/827 1453/1743/827
f 1431/1719/828 1430/1718/828 1445/1742/828 1446/1744/828
f 1439/1720/829 1438/1717/829 1453/1743/829 1454/1745/829
f 1432/1721/830 1431/1719/830 1446/1744/830 1447/1746/830
f 1440/1722/831 1439/1720/831 1454/1745/831 1455/1747/831
f 1433/1723/832 1432/1721/832 1447/1746/832 1448/1748/832
f 1441/1724/833 1440/1722/833 1455/1747/833 1456/1734/833
f 1434/1725/834 1433/1723/834 1448/1748/834 1449/1735/834
f 1427/1727/835 1297/1749/835 1442/1737/835
f 1454/1745/836 1453/1743/836 1468/1750/836 1469/1751/836
f 1447/1746/837 1446/1744/837 1461/1752/837 1462/1753/837
f 1455/1747/838 1454/1745/838 1469/1751/838 1470/1754/838
f 1448/1748/839 1447/1746/839 1462/1753/839 1463/1755/839
f 1456/1734/840 1455/1747/840 1470/1754/840 1471/1756/840
f 1449/1735/841 1448/1748/841 1463/1755/841 1464/1757/841
f 1442/1737/842 1297/1758/842 1457/1759/842
f 1306/1760/843 1456/1734/843 1471/1756/843
f 1450/1736/844 1449/1735/844 1464/1757/844 1465/1761/844
f 1443/1738/845 1442/1737/845 1457/1759/845 1458/1762/845
f 1451/1739/846 1450/1736/846 1465/1761/846 1466/1763/846
f 1444/1740/847 1443/1738/847 1458/1762/847 1459/1764/847
f 1452/1741/848 1451/1739/848 1466/1763/848 1467/1765/848
f 1445/1742/849 1444/1740/849 1459/1764/849 1460/1766/849
f 1453/1743/850 1452/1741/850 1467/1765/850 1468/1750/850
f 1446/1744/851 1445/1742/851 1460/1766/851 1461/1752/851
f 1458/1762/852 1457/1759/852 1472/1767/852 1473/1768/852
f 1466/1763/853 1465/1761/853 1480/1769/853 1481/1770/853
f 1459/1764/854 1458/1762/854 1473/1768/854 1474/1771/854
f 1467/1765/855 1466/1763/855 1481/1770/855 1482/1772/855
f 1460/1766/856 1459/1764/856 1474/1771/856 1475/1773/856
f 1468/1750/857 1467/1765/857 1482/1772/857 1483/1774/857
f 1461/1752/858 1460/1766/858 1475/1773/858 1476/1775/858
f 1469/1751/859 1468/1750/859 1483/1774/859 1484/1776/859
f 1462/1753/860 1461/1752/860 1476/1775/860 1477/1777/860
f 1470/1754/861 1469/1751/861 1484/1776/861 1485/1778/861
f 1463/1755/862 1462/1753/862 1477/1777/862 1478/1779/862
f 1471/1756/863 1470/1754/863 1485/1778/863 1486/1780/863
f 1464/1757/864 1463/1755/864 1478/1779/864 1479/1781/864
f 1457/1759/865 1297/1782/865 1472/1767/865
f 1306/1783/866 1471/1756/866 1486/1780/866
f 1465/1761/867 1464/1757/867 1479/1781/867 1480/1769/867
f 1477/1777/868 1476/1775/868 1491/1784/868 1492/1785/868
f 1485/1778/869 1484/1776/869 1499/1786/869 1500/1787/869
f 1478/1779/870 1477/1777/870 1492/1785/870 1493/1788/870
f 1486/1780/871 1485/1778/871 1500/1787/871 1501/1789/871
f 1479/1781/872 1478/1779/872 1493/1788/872 1494/1790/872
f 1472/1767/873 1297/1791/873 1487/1792/873
f 1306/1793/874 1486/1780/874 1501/1789/874
f 1480/1769/875 1479/1781/875 1494/1790/875 1495/1794/875
f 1473/1768/876 1472/1767/876 1487/1792/876 1488/1795/876
f 1481/1770/877 1480/1769/877 1495/1794/877 1496/1796/877
f 1474/1771/878 1473/1768/878 1488/1795/878 1489/1797/878
f 1482/1772/879 1481/1770/879 1496/1796/879 1497/1798/879
f 1475/1773/880 1474/1771/880 1489/1797/880 1490/1799/880
f 1483/1774/881 1482/1772/881 1497/1798/881 1498/1800/881
f 1476/1775/882 1475/1773/882 1490/1799/882 1491/1784/882
f 1484/1776/883 1483/1774/883 1498/1800/883 1499/1786/883
f 1496/1796/884 1495/1794/884 1510/1801/884 1511/1802/884
f 1489/1797/885 1488/1795/885 1503/1803/885 1504/1804/885
f 1497/1798/886 1496/1796/886 1511/1802/886 1512/1805/886
f 1490/1799/887 1489/1797/887 1504/1804/887 1505/1806/887
f 1498/1800/888 1497/1798/888 1512/1805/888 1513/1807/888
f 1491/1784/889 1490/1799/889 1505/1806/889 1506/1808/889
f 1499/1786/890 1498/1800/890 1513/1807/890 1514/1809/890
f 1492/1785/891 1491/1784/891 1506/1808/891 1507/1810/891
f 1500/1787/892 1499/1786/892 1514/1809/892 1515/1811/892
f 1493/1788/893 1492/1785/893 1507/1810/893 1508/1812/893
f 1501/1789/894 1500/1787/894 1515/1811/894 1516/1813/894
f 1494/1790/895 1493/1788/895 1508/1812/895 1509/1814/895
f 1487/1792/896 1297/1815/896 1502/1816/896
f 1306/1817/897 1501/1789/897 1516/1813/897
f 1495/1794/898 1494/1790/898 1509/1814/898 1510/1801/898
f 1488/1795/899 1487/1792/899 1502/1816/899 1503/1803/899
f 1515/1811/900 1514/1809/900 1529/1818/900 1530/1819/900
f 1508/1812/901 1507/1810/901 1522/1820/901 1523/1821/901
f 1516/1813/902 1515/1811/902 1530/1819/902 1531/1822/902
f 1509/1814/903 1508/1812/903 1523/1821/903 1524/1823/903
f 1502/1816/904 1297/1824/904 1517/1825/904
f 1306/1826/905 1516/1813/905 1531/1822/905
f 1510/1801/906 1509/1814/906 1524/1823/906 1525/1827/906
f 1503/1803/907 1502/1816/907 1517/1825/907 1518/1828/907
f 1511/1802/908 1510/1801/908 1525/1827/908 1526/1829/908
f 1504/1804/909 1503/1803/909 1518/1828/909 1519/1830/909
f 1512/1805/910 1511/1802/910 1526/1829/910 1527/1831/910
f 1505/1806/911 1504/1804/911 1519/1830/911 1520/1832/911
f 1513/1807/912 1512/1805/912 1527/1831/912 1528/1833/912
f 1506/1808/913 1505/1806/913 1520/1832/913 1521/1834/913
f 1514/1809/914 1513/1807/914 1528/1833/914 1529/1818/914
f 1507/1810/915 1506/1808/915 1521/1834/915 1522/1820/915
f 1519/1830/916 1518/1828/916 1533/1835/916 1534/1836/916
f 1527/1831/917 1526/1829/917 1541/1837/917 1542/1838/917
f 1520/1832/918 1519/1830/918 1534/1836/918 1535/1839/918
f 1528/1833/919 1527/1831/919 1542/1838/919 1543/1840/919
f 1521/1834/920 1520/1832/920 1535/1839/920 1536/1841/920
f 1529/1818/921 1528/1833/921 1543/1840/921 1544/1842/921
f 1522/1820/922 1521/1834/922 1536/1841/922 1537/1843/922
f 1530/1819/923 1529/1818/923 1544/1842/923 1545/1844/923
f 1523/1821/924 1522/1820/924 1537/1843/924 1538/1845/924
f 1531/1822/925 1530/1819/925 1545/1844/925 1546/1846/925
f 1524/1823/926 1523/1821/926 1538/1845/926 1539/1847/926
f 1517/1825/927 1297/1848/927 1532/1849/927
f 1306/1850/928 1531/1822/928 1546/1846/928
f 1525/1827/929 1524/1823/929 1539/1847/929 1540/1851/929
f 1518/1828/930 1517/1825/930 1532/1849/930 1533/1835/930
f 1526/1829/931 1525/1827/931 1540/1851/931 1541/1837/931
f 1538/1845/932 1537/1843/932 1552/1852/932 1553/1853/932
f 1546/1846/933 1545/1844/933 1560/1854/933 1561/1855/933
f 1539/1847/934 1538/1845/934 1553/1853/934 1554/1856/934
f 1532/1849/935 1297/1857/935 1547/1858/935
f 1306/1859/936 1546/1846/936 1561/1855/936
f 1540/1851/937 1539/1847/937 1554/1856/937 1555/1860/937
f 1533/1835/938 1532/1849/938 1547/1858/938 1548/1861/938
f 1541/1837/939 1540/1851/939 1555/1860/939 1556/1862/939
f 1534/1836/940 1533/1835/940 1548/1861/940 1549/1863/940
f 1542/1838/941 1541/1837/941 1556/1862/941 1557/1864/941
f 1535/1839/942 1534/1836/942 1549/1863/942 1550/1865/942
f 1543/1840/943 1542/1838/943 1557/1864/943 1558/1866/943
f 1536/1841/944 1535/1839/944 1550/1865/944 1551/1867/944
f 1544/1842/945 1543/1840/945 1558/1866/945 1559/1868/945
f 1537/1843/946 1536/1841/946 1551/1867/946 1552/1852/946
f 1545/1844/947 1544/1842/947 1559/1868/947 1560/1854/947
f 1557/1864/948 1556/1862/948 1571/1869/948 1572/1870/948
f 1550/1865/949 1549/1863/949 1564/1871/949 1565/1872/949
f 1558/1866/950 1557/1864/950 1572/1870/950 1573/1873/950
f 1551/1867/951 1550/1865/951 1565/1872/951 1566/1874/951
f 1559/1868/952 1558/1866/952 1573/1873/952 1574/1875/952
f 1552/1852/953 1551/1867/953 1566/1874/953 1567/1876/953
f 1560/1854/954 1559/1868/954 1574/1875/954 1575/1877/954
f 1553/1853/955 1552/1852/955 1567/1876/955 1568/1878/955
f 1561/1855/956 1560/1854/956 1575/1877/956 1576/1879/956
f 1554/1856/957 1553/1853/957 1568/1878/957 1569/1880/957
f 1547/1858/958 1297/1881/958 1562/1882/958
f 1306/1883/959 1561/1855/959 1576/1879/959
f 1555/1860/960 1554/1856/960 1569/1880/960 1570/1884/960
f 1548/1861/961 1547/1858/961 1562/1882/961 1563/1885/961
f 1556/1862/962 1555/1860/962 1570/1884/962 1571/1869/962
f 1549/1863/963 1548/1861/963 1563/1885/963 1564/1871/963
f 1576/1879/964 1575/1877/964 1590/1886/964 1591/1887/964
f 1569/1880/965 1568/1878/965 1583/1888/965 1584/1889/965
f 1562/1882/966 1297/1890/966 1577/1891/966
f 1306/1892/967 1576/1879/967 1591/1887/967
f 1570/1884/968 1569/1880/968 1584/1889/968 1585/1893/968
f 1563/1885/969 1562/1882/969 1577/1891/969 1578/1894/969
f 1571/1869/970 1570/1884/970 1585/1893/970 1586/1895/970
f 1564/1871/971 1563/1885/971 1578/1894/971 1579/1896/971
f 1572/1870/972 1571/1869/972 1586/1895/972 1587/1897/972
f 1565/1872/973 1564/1871/973 1579/1896/973 1580/1898/973
f 1573/1873/974 1572/1870/974 1587/1897/974 1588/1899/974
f 1566/1874/975 1565/1872/975 1580/1898/975 1581/1900/975
f 1574/1875/976 1573/1873/976 1588/1899/976 1589/1901/976
f 1567/1876/977 1566/1874/977 1581/1900/977 1582/1902/977
f 1575/1877/978 1574/1875/978 1589/1901/978 1590/1886/978
f 1568/1878/979 1567/1876/979 1582/1902/979 1583/1888/979
f 1588/1899/980 1587/1897/980 1602/1903/980 1603/1904/980
f 1581/1900/981 1580/1898/981 1595/1905/981 1596/1906/981
f 1589/1901/982 1588/1899/982 1603/1904/982 1604/1907/982
f 1582/1902/983 1581/1900/983 1596/1906/983 1597/1908/983
f 1590/1886/984 1589/1901/984 1604/1907/984 1605/1909/984
f 1583/1888/985 1582/1902/985 1597/1908/985 1598/1910/985
f 1591/1887/986 1590/1886/986 1605/1909/986 1606/1911/986
f 1584/1889/987 1583/1888/987 1598/1910/987 1599/1912/987
f 1577/1891/988 1297/1913/988 1592/1914/988
f 1306/1915/989 1591/1887/989 1606/1911/989
f 1585/1893/990 1584/1889/990 1599/1912/990 1600/1916/990
f 1578/1894/991 1577/1891/991 1592/1914/991 1593/1917/991
f 1586/1895/992 1585/1893/992 1600/1916/992 1601/1918/992
f 1579/1896/993 1578/1894/993 1593/1917/993 1594/1919/993
f 1587/1897/994 1586/1895/994 1601/1918/994 1602/1903/994
f 1580/1898/995 1579/1896/995 1594/1919/995 1595/1905/995
f 1592/1914/996 1297/1920/996 1607/1921/996
f 1306/1922/997 1606/1911/997 1621/1923/997
f 1600/1916/998 1599/1912/998 1614/1924/998 1615/1925/998
f 1593/1917/999 1592/1914/999 1607/1921/999 1608/1926/999
f 1601/1918/1000 1600/1916/1000 1615/1925/1000 1616/1927/1000
f 1594/1919/1001 1593/1917/1001 1608/1926/1001 1609/1928/1001
f 1602/1903/1002 1601/1918/1002 1616/1927/1002 1617/1929/1002
f 1595/1905/1003 1594/1919/1003 1609/1928/1003 1610/1930/1003
f 1603/1904/1004 1602/1903/1004 1617/1929/1004 1618/1931/1004
f 1596/1906/1005 1595/1905/1005 1610/1930/1005 1611/1932/1005
f 1604/1907/1006 1603/1904/1006 1618/1931/1006 1619/1933/1006
f 1597/1908/1007 1596/1906/1007 1611/1932/1007 1612/1934/1007
f 1605/1909/1008 1604/1907/1008 1619/1933/1008 1620/1935/1008
f 1598/1910/1009 1597/1908/1009 1612/1934/1009 1613/1936/1009
f 1606/1911/1010 1605/1909/1010 1620/1935/1010 1621/1923/1010
f 1599/1912/1011 1598/1910/1011 1613/1936/1011 1614/1924/1011
f 1611/1932/1012 1610/1930/1012 1625/1937/1012 1626/1938/1012
f 1619/1933/1013 1618/1931/1013 1633/1939/1013 1634/1940/1013
f 1612/1934/1014 1611/1932/1014 1626/1938/1014 1627/1941/1014
f 1620/1935/1015 1619/1933/1015 1634/1940/1015 1635/1942/1015
f 1613/1936/1016 1612/1934/1016 1627/1941/1016 1628/1943/1016
f 1621/1923/1017 1620/1935/1017 1635/1942/1017 1636/1944/1017
f 1614/1924/1018 1613/1936/1018 1628/1943/1018 1629/1945/1018
f 1607/1921/1019 1297/1946/1019 1622/1947/1019
f 1306/1948/1020 1621/1923/1020 1636/1944/1020
f 1615/1925/1021 1614/1924/1021 1629/1945/1021 1630/1949/1021
f 1608/1926/1022 1607/1921/1022 1622/1947/1022 1623/1950/1022
f 1616/1927/1023 1615/1925/1023 1630/1949/1023 1631/1951/1023
f 1609/1928/1024 1608/1926/1024 1623/1950/1024 1624/1952/1024
f 1617/1929/1025 1616/1927/1025 1631/1951/1025 1632/1953/1025
f 1610/1930/1026 1609/1928/1026 1624/1952/1026 1625/1937/1026
f 1618/1931/1027 1617/1929/1027 1632/1953/1027 1633/1939/1027
f 1630/1949/1028 1629/1945/1028 1644/1954/1028 1645/1955/1028
f 1623/1950/1029 1622/1947/1029 1637/1956/1029 1638/1957/1029
f 1631/1951/1030 1630/1949/1030 1645/1955/1030 1646/1958/1030
f 1624/1952/1031 1623/1950/1031 1638/1957/1031 1639/1959/1031
f 1632/1953/1032 1631/1951/1032 1646/1958/1032 1647/1960/1032
f 1625/1937/1033 1624/1952/1033 1639/1959/1033 1640/1961/1033
f 1633/1939/1034 1632/1953/1034 1647/1960/1034 1648/1962/1034
f 1626/1938/1035 1625/1937/1035 1640/1961/1035 1641/1963/1035
f 1634/1940/1036 1633/1939/1036 1648/1962/1036 1649/1964/1036
f 1627/1941/1037 1626/1938/1037 1641/1963/1037 1642/1965/1037
f 1635/1942/1038 1634/1940/1038 1649/1964/1038 1650/1966/1038
f 1628/1943/1039 1627/1941/1039 1642/1965/1039 1643/1967/1039
f 1636/1944/1040 1635/1942/1040 1650/1966/1040 1651/1968/1040
f 1629/1945/1041 1628/1943/1041 1643/1967/1041 1644/1954/1041
f 1622/1947/1042 1297/1969/1042 1637/1956/1042
f 1306/1970/1043 1636/1944/1043 1651/1968/1043
f 1649/1964/1044 1648/1962/1044 1663/1971/1044 1664/1972/1044
f 1642/1965/1045 1641/1963/1045 1656/1973/1045 1657/1974/1045
f 1650/1966/1046 1649/1964/1046 1664/1972/1046 1665/1975/1046
f 1643/1967/1047 1642/1965/1047 1657/1974/1047 1658/1976/1047
f 1651/1968/1048 1650/1966/1048 1665/1975/1048 1666/1977/1048
f 1644/1954/1049 1643/1967/1049 1658/1976/1049 1659/1978/1049
f 1637/1956/1050 1297/1979/1050 1652/1980/1050
f 1306/1981/1051 1651/1968/1051 1666/1977/1051
f 1645/1955/1052 1644/1954/1052 1659/1978/1052 1660/1982/1052
f 1638/1957/1053 1637/1956/1053 1652/1980/1053 1653/1983/1053
f 1646/1958/1054 1645/1955/1054 1660/1982/1054 1661/1984/1054
f 1639/1959/1055 1638/1957/1055 1653/1983/1055 1654/1985/1055
f 1647/1960/1056 1646/1958/1056 1661/1984/1056 1662/1986/1056
f 1640/1961/1057 1639/1959/1057 1654/1985/1057 1655/1987/1057
f 1648/1962/1058 1647/1960/1058 1662/1986/1058 1663/1971/1058
f 1641/1963/1059 1640/1961/1059 1655/1987/1059 1656/1973/1059
f 1653/1988/1060 1652/1989/1060 1667/1990/1060 1668/1991/1060
f 1661/1992/1061 1660/1993/1061 1675/1994/1061 1676/1995/1061
f 1654/1996/1062 1653/1988/1062 1668/1991/1062 1669/1997/1062
f 1662/1998/1063 1661/1992/1063 1676/1995/1063 1677/1999/1063
f 1655/2000/1064 1654/1996/1064 1669/1997/1064 1670/2001/1064
f 1663/2002/1065 1662/1998/1065 1677/1999/1065 1678/2003/1065
f 1656/2004/1066 1655/2000/1066 1670/2001/1066 1671/2005/1066
f 1664/2006/1067 1663/2002/1067 1678/2003/1067 1679/2007/1067
f 1657/2008/1068 1656/2004/1068 1671/2005/1068 1672/2009/1068
f 1665/2010/1069 1664/2006/1069 1679/2007/1069 1680/2011/1069
f 1658/2012/1070 1657/2008/1070 1672/2009/1070 1673/2013/1070
f 1666/2014/1071 1665/2010/1071 1680/2011/1071 1681/2015/1071
f 1659/2016/1072 1658/2012/1072 1673/2013/1072 1674/2017/1072
f 1652/1989/1073 1297/2018/1073 1667/1990/1073
f 1306/2019/1074 1666/2014/1074 1681/2015/1074
f 1660/1993/1075 1659/2016/1075 1674/2017/1075 1675/1994/1075
f 1672/2009/1076 1671/2005/1076 1686/2020/1076 1687/2021/1076
f 1680/2011/1077 1679/2007/1077 1694/2022/1077 1695/2023/1077
f 1673/2013/1078 1672/2009/1078 1687/2021/1078 1688/2024/1078
f 1681/2015/1079 1680/2011/1079 1695/2023/1079 1696/2025/1079
f 1674/2017/1080 1673/2013/1080 1688/2024/1080 1689/2026/1080
f 1667/1990/1081 1297/2027/1081 1682/2028/1081
f 1306/2029/1082 1681/2015/1082 1696/2025/1082
f 1675/1994/1083 1674/2017/1083 1689/2026/1083 1690/2030/1083
f 1668/1991/1084 1667/1990/1084 1682/2028/1084 1683/2031/1084
f 1676/1995/1085 1675/1994/1085 1690/2030/1085 1691/2032/1085
f 1669/1997/1086 1668/1991/1086 1683/2031/1086 1684/2033/1086
f 1677/1999/1087 1676/1995/1087 1691/2032/1087 1692/2034/1087
f 1670/2001/1088 1669/1997/1088 1684/2033/1088 1685/2035/1088
f 1678/2003/1089 1677/1999/1089 1692/2034/1089 1693/2036/1089
f 1671/2005/1090 1670/2001/1090 1685/2035/1090 1686/2020/1090
f 1679/2007/1091 1678/2003/1091 1693/2036/1091 1694/2022/1091
f 1691/2032/1092 1690/2030/1092 1705/2037/1092 1706/2038/1092
f 1684/2033/1093 1683/2031/1093 1698/2039/1093 1699/2040/1093
f 1692/2034/1094 1691/2032/1094 1706/2038/1094 1707/2041/1094
f 1685/2035/1095 1684/2033/1095 1699/2040/1095 1700/2042/1095
f 1693/2036/1096 1692/2034/1096 1707/2041/1096 1708/2043/1096
f 1686/2020/1097 1685/2035/1097 1700/2042/1097 1701/2044/1097
f 1694/2022/1098 1693/2036/1098 1708/2043/1098 1709/2045/1098
f 1687/2021/1099 1686/2020/1099 1701/2044/1099 1702/2046/1099
f 1695/2023/1100 1694/2022/1100 1709/2045/1100 1710/2047/1100
f 1688/2024/1101 1687/2021/1101 1702/2046/1101 1703/2048/1101
f 1696/2025/1102 1695/2023/1102 1710/2047/1102 1711/2049/1102
f 1689/2026/1103 1688/2024/1103 1703/2048/1103 1704/2050/1103
f 1682/2028/1104 1297/2051/1104 1697/2052/1104
f 1306/2053/1105 1696/2025/1105 1711/2049/1105
f 1690/2030/1106 1689/2026/1106 1704/2050/1106 1705/2037/1106
f 1683/2031/1107 1682/2028/1107 1697/2052/1107 1698/2039/1107
f 1710/2047/1108 1709/2045/1108 1724/2054/1108 1725/2055/1108
f 1703/2048/1109 1702/2046/1109 1717/2056/1109 1718/2057/1109
f 1711/2049/1110 1710/2047/1110 1725/2055/1110 1726/2058/1110
f 1704/2050/1111 1703/2048/1111 1718/2057/1111 1719/2059/1111
f 1697/2052/1112 1297/2060/1112 1712/2061/1112
f 1306/2062/1113 1711/2049/1113 1726/2058/1113
f 1705/2037/1114 1704/2050/1114 1719/2059/1114 1720/2063/1114
f 1698/2039/1115 1697/2052/1115 1712/2061/1115 1713/2064/1115
f 1706/2038/1116 1705/2037/1116 1720/2063/1116 1721/2065/1116
f 1699/2040/1117 1698/2039/1117 1713/2064/1117 1714/2066/1117
f 1707/2041/1118 1706/2038/1118 1721/2065/1118 1722/2067/1118
f 1700/2042/1119 1699/2040/1119 1714/2066/1119 1715/2068/1119
f 1708/2043/1120 1707/2041/1120 1722/2067/1120 1723/2069/1120
f 1701/2044/1121 1700/2042/1121 1715/2068/1121 1716/2070/1121
f 1709/2045/1122 1708/2043/1122 1723/2069/1122 1724/2054/1122
f 1702/2046/1123 1701/2044/1123 1716/2070/1123 1717/2056/1123
f 1722/2067/1124 1721/2065/1124 1736/2071/1124 1737/2072/1124
f 1715/2068/1125 1714/2066/1125 1729/2073/1125 1730/2074/1125
f 1723/2069/1126 1722/2067/1126 1737/2072/1126 1738/2075/1126
f 1716/2070/1127 1715/2068/1127 1730/2074/1127 1731/2076/1127
f 1724/2054/1128 1723/2069/1128 1738/2075/1128 1739/2077/1128
f 1717/2056/1129 1716/2070/1129 1731/2076/1129 1732/2078/1129
f 1725/2055/1130 1724/2054/1130 1739/2077/1130 1740/2079/1130
f 1718/2057/1131 1717/2056/1131 1732/2078/1131 1733/2080/1131
f 1726/2058/1132 1725/2055/1132 1740/2079/1132 1741/2081/1132
f 1719/2059/1133 1718/2057/1133 1733/2080/1133 1734/2082/1133
f 1712/2061/1134 1297/2083/1134 1727/2084/1134
f 1306/2085/1135 1726/2058/1135 1741/2081/1135
f 1720/2063/1136 1719/2059/1136 1734/2082/1136 1735/2086/1136
f 1713/2064/1137 1712/2061/1137 1727/2084/1137 1728/2087/1137
f 1721/2065/1138 1720/2063/1138 1735/2086/1138 1736/2071/1138
f 1714/2066/1139 1713/2064/1139 1728/2087/1139 1729/2073/1139
f 1741/2081/1140 1740/2079/1140 1755/2088/1140 1756/2089/1140
f 1734/2082/1141 1733/2080/1141 1748/2090/1141 1749/2091/1141
f 1727/2084/1142 1297/2092/1142 1742/2093/1142
f 1306/2094/1143 1741/2081/1143 1756/2089/1143
f 1735/2086/1144 1734/2082/1144 1749/2091/1144 1750/2095/1144
f 1728/2087/1145 1727/2084/1145 1742/2093/1145 1743/2096/1145
f 1736/2071/1146 1735/2086/1146 1750/2095/1146 1751/2097/1146
f 1729/2073/1147 1728/2087/1147 1743/2096/1147 1744/2098/1147
f 1737/2072/1148 1736/2071/1148 1751/2097/1148 1752/2099/1148
f 1730/2074/1149 1729/2073/1149 1744/2098/1149 1745/2100/1149
f 1738/2075/1150 1737/2072/1150 1752/2099/1150 1753/2101/1150
f 1731/2076/1151 1730/2074/1151 1745/2100/1151 1746/2102/1151
f 1739/2077/1152 1738/2075/1152 1753/2101/1152 1754/2103/1152
f 1732/2078/1153 1731/2076/1153 1746/2102/1153 1747/2104/1153
f 1740/2079/1154 1739/2077/1154 1754/2103/1154 1755/2088/1154
f 1733/2080/1155 1732/2078/1155 1747/2104/1155 1748/2090/1155
f 1745/2100/1156 1744/2098/1156 1759/2105/1156 1760/2106/1156
f 1753/2101/1157 1752/2099/1157 1767/2107/1157 1768/2108/1157
f 1746/2102/1158 1745/2100/1158 1760/2106/1158 1761/2109/1158
f 1754/2103/1159 1753/2101/1159 1768/2108/1159 1769/2110/1159
f 1747/2104/1160 1746/2102/1160 1761/2109/1160 1762/2111/1160
f 1755/2088/1161 1754/2103/1161 1769/2110/1161 1770/2112/1161
f 1748/2090/1162 1747/2104/1162 1762/2111/1162 1763/2113/1162
f 1756/2089/1163 1755/2088/1163 1770/2112/1163 1771/2114/1163
f 1749/2091/1164 1748/2090/1164 1763/2113/1164 1764/2115/1164
f 1742/2093/1165 1297/2116/1165 1757/2117/1165
f 1306/2118/1166 1756/2089/1166 1771/2114/1166
f 1750/2095/1167 1749/2091/1167 1764/2115/1167 1765/2119/1167
f 1743/2096/1168 1742/2093/1168 1757/2117/1168 1758/2120/1168
f 1751/2097/1169 1750/2095/1169 1765/2119/1169 1766/2121/1169
f 1744/2098/1170 1743/2096/1170 1758/2120/1170 1759/2105/1170
f 1752/2099/1171 1751/2097/1171 1766/2121/1171 1767/2107/1171
f 1764/2115/1172 1763/2113/1172 1775/1570/1172 1301/1569/1172
f 1757/2117/1173 1297/2122/1173 1298/1573/1173
f 1306/2123/1174 1771/2114/1174 1778/1565/1174
f 1765/2119/1175 1764/2115/1175 1301/1569/1175 1302/1577/1175
f 1758/2120/1176 1757/2117/1176 1298/1573/1176 1772/1579/1176
f 1766/2121/1177 1765/2119/1177 1302/1577/1177 1303/1581/1177
f 1759/2105/1178 1758/2120/1178 1772/1579/1178 1299/1583/1178
f 1767/2107/1179 1766/2121/1179 1303/1581/1179 1304/1585/1179
f 1760/2106/1180 1759/2105/1180 1299/1583/1180 1773/1587/1180
f 1768/2108/1181 1767/2107/1181 1304/1585/1181 1776/1589/1181
f 1761/2109/1182 1760/2106/1182 1773/1587/1182 1774/1591/1182
f 1769/2110/1183 1768/2108/1183 1776/1589/1183 1305/1593/1183
f 1762/2111/1184 1761/2109/1184 1774/1591/1184 1300/1595/1184
f 1770/2112/1185 1769/2110/1185 1305/1593/1185 1777/1566/1185
f 1763/2113/1186 1762/2111/1186 1300/1595/1186 1775/1570/1186
f 1771/2114/1187 1770/2112/1187 1777/1566/1187 1778/1565/1187
o Sphere.001
v 0.520000 1.842000 0.000000
v 0.520000 1.838311 -0.051504
v 0.520000 1.809642 -0.146671
v 0.520000 1.723475 -0.243904
v 0.520000 1.650000 -0.264000
v 0.520000 1.612543 -0.258927
v 0.520000 1.576525 -0.243904
v 0.520000 1.543330 -0.219508
v 0.520000 1.490358 -0.146671
v 0.520000 1.458000 0.000000
v 0.528221 1.838311 -0.050514
v 0.536126 1.827385 -0.099087
v 0.543411 1.809642 -0.143852
v 0.549797 1.785764 -0.183089
v 0.555038 1.756670 -0.215290
v 0.558932 1.723475 -0.239218
v 0.561330 1.687457 -0.253952
v 0.562140 1.650000 -0.258927
v 0.561330 1.612543 -0.253952
v 0.558932 1.576525 -0.239218
v 0.555038 1.543330 -0.215290
v 0.549797 1.514235 -0.183089
v 0.543411 1.490358 -0.143852
v 0.536126 1.472615 -0.099087
v 0.528221 1.461689 -0.050514
v 0.536126 1.838311 -0.047583
v 0.551632 1.827385 -0.093338
v 0.565923 1.809642 -0.135506
v 0.578449 1.785764 -0.172466
v 0.588729 1.756670 -0.202799
v 0.596367 1.723475 -0.225338
v 0.601071 1.687457 -0.239218
v 0.602660 1.650000 -0.243904
v 0.601071 1.612543 -0.239218
v 0.596367 1.576525 -0.225338
v 0.588729 1.543330 -0.202799
v 0.578449 1.514235 -0.172466
v 0.565923 1.490358 -0.135506
v 0.551632 1.472615 -0.093338
v 0.536126 1.461689 -0.047583
v 0.543411 1.838311 -0.042824
v 0.565923 1.827385 -0.084002
v 0.586670 1.809642 -0.121952
v 0.604855 1.785764 -0.155216
v 0.619779 1.756670 -0.182514
v 0.630868 1.723475 -0.202799
v 0.637697 1.687457 -0.215290
v 0.640003 1.650000 -0.219508
v 0.637697 1.612543 -0.215290
v 0.630868 1.576525 -0.202799
v 0.619779 1.543330 -0.182514
v 0.604855 1.514235 -0.155216
v 0.586670 1.490358 -0.121952
v 0.565923 1.472615 -0.084002
v 0.543411 1.461689 -0.042824
v 0.549797 1.838311 -0.036419
v 0.578449 1.827385 -0.071438
v 0.604855 1.809642 -0.103712
v 0.628000 1.785764 -0.132000
v 0.646995 1.756670 -0.155216
v 0.661109 1.723475 -0.172466
v 0.669800 1.687457 -0.183089
v 0.672735 1.650000 -0.186676
v 0.669800 1.612543 -0.183089
v 0.661109 1.576525 -0.172466
v 0.646995 1.543330 -0.155216
v 0.628000 1.514235 -0.132000
v 0.604855 1.490358 -0.103712
v 0.578449 1.472615 -0.071438
v 0.549797 1.461689 -0.036419
v 0.555038 1.838311 -0.028614
v 0.588729 1.827385 -0.056128
v 0.619779 1.809642 -0.081486
v 0.646995 1.785764 -0.103712
v 0.669330 1.756670 -0.121952
v 0.685926 1.723475 -0.135506
v 0.696146 1.687457 -0.143852
v 0.699597 1.650000 -0.146670
v 0.696146 1.612543 -0.143852
v 0.685926 1.576525 -0.135506
v 0.669330 1.543330 -0.121952
v 0.646995 1.514235 -0.103712
v 0.619779 1.490358 -0.081486
v 0.588729 1.472615 -0.056128
v 0.555038 1.461689 -0.028614
v 0.558932 1.838311 -0.019710
v 0.596367 1.827385 -0.038662
v 0.630868 1.809642 -0.056128
v 0.661109 1.785764 -0.071438
v 0.685926 1.756670 -0.084002
v 0.704368 1.723475 -0.093338
v 0.715723 1.687457 -0.099087
v 0.719558 1.650000 -0.101028
v 0.715723 1.612543 -0.099087
v 0.704368 1.576525 -0.093338
v 0.685926 1.543330 -0.084002
v 0.661109 1.514235 -0.071438
v 0.630868 1.490358 -0.056128
v 0.596367 1.472615 -0.038662
v 0.558932 1.461689 -0.019710
v 0.561330 1.838311 -0.010048
v 0.601071 1.827385 -0.019710
v 0.637697 1.809642 -0.028614
v 0.669800 1.785764 -0.036419
v 0.696146 1.756670 -0.042824
v 0.715723 1.723475 -0.047583
v 0.727779 1.687457 -0.050514
v 0.731850 1.650000 -0.051504
v 0.727779 1.612543 -0.050514
v 0.715723 1.576525 -0.047583
v 0.696146 1.543330 -0.042824
v 0.669800 1.514235 -0.036419
v 0.637697 1.490358 -0.028614
v 0.601071 1.472615 -0.019710
v 0.561330 1.461689 -0.010048
v 0.562140 1.838311 0.000000
v 0.602660 1.827385 0.000000
v 0.640003 1.809642 0.000000
v 0.672735 1.785764 -0.000000
v 0.699597 1.756670 0.000000
v 0.719558 1.723475 0.000000
v 0.731850 1.687457 0.000000
v 0.736000 1.650000 0.000000
v 0.731850 1.612543 0.000000
v 0.719558 1.576525 0.000000
v 0.699597 1.543330 0.000000
v 0.672735 1.514235 -0.000000
v 0.640003 1.490358 0.000000
v 0.602660 1.472615 0.000000
v 0.562140 1.461689 0.000000
v 0.561330 1.838311 0.010048
v 0.601071 1.827385 0.019710
v 0.637697 1.809642 0.028614
v 0.669800 1.785764 0.036419
v 0.696146 1.756670 0.042824
v 0.715723 1.723475 0.047583
v 0.727779 1.687457 0.050514
v 0.731850 1.650000 0.051504
v 0.727779 1.612543 0.050514
v 0.715723 1.576525 0.047583
v 0.696146 1.543330 0.042824
v 0.669800 1.514235 0.036419
v 0.637697 1.490358 0.028614
v 0.601071 1.472615 0.019710
v 0.561330 1.461689 0.010048
v 0.558932 1.838311 0.019710
v 0.596367 1.827385 0.038662
v 0.630868 1.809642 0.056128
v 0.661109 1.785764 0.071438
v 0.685926 1.756670 0.084002
v 0.704367 1.723475 0.093338
v 0.715723 1.687457 0.099087
v 0.719558 1.650000 0.101028
v 0.715723 1.612543 0.099087
v 0.704367 1.576525 0.093338
v 0.685926 1.543330 0.084002
v 0.661109 1.514235 0.071438
v 0.630868 1.490358 0.056128
v 0.596367 1.472615 0.038662
v 0.558932 1.461689 0.019710
v 0.555038 1.838311 0.028614
v 0.588729 1.827385 0.056128
v 0.619779 1.809642 0.081486
v 0.646995 1.785764 0.103712
v 0.669330 1.756670 0.121952
v 0.685926 1.723475 0.135506
v 0.696146 1.687457 0.143852
v 0.699597 1.650000 0.146670
v 0.696146 1.612543 0.143852
v 0.685926 1.576525 0.135506
v 0.669330 1.543330 0.121952
v 0.646995 1.514235 0.103712
v 0.619779 1.490358 0.081486
v 0.588729 1.472615 0.056128
v 0.555038 1.461689 0.028614
v 0.549797 1.838311 0.036419
v 0.578449 1.827385 0.071438
v 0.604855 1.809642 0.103712
v 0.628000 1.785764 0.132000
v 0.646994 1.756670 0.155216
v 0.661109 1.723475 0.172466
v 0.669800 1.687457 0.183089
v 0.672735 1.650000 0.186676
v 0.669800 1.612543 0.183089
v 0.661109 1.576525 0.172466
v 0.646994 1.543330 0.155216
v 0.628000 1.514235 0.132000
v 0.604855 1.490358 0.103712
v 0.578449 1.472615 0.071438
v 0.549797 1.461689 0.036419
v 0.543411 1.838311 0.042824
v 0.565923 1.827385 0.084002
v 0.586670 1.809642 0.121952
v 0.604855 1.785764 0.155216
v 0.619779 1.756670 0.182514
v 0.630868 1.723475 0.202799
v 0.637697 1.687457 0.215290
v 0.640003 1.650000 0.219508
v 0.637697 1.612543 0.215290
v 0.630868 1.576525 0.202799
v 0.619779 1.543330 0.182514
v 0.604855 1.514235 0.155216
v 0.586670 1.490358 0.121952
v 0.565923 1.472615 0.084002
v 0.543411 1.461689 0.042824
v 0.536126 1.838311 0.047583
v 0.551632 1.827385 0.093338
v 0.565923 1.809642 0.135506
v 0.578449 1.785764 0.172466
v 0.588729 1.756670 0.202799
v 0.596367 1.723475 0.225338
v 0.601071 1.687457 0.239218
v 0.602660 1.650000 0.243904
v 0.601071 1.612543 0.239218
v 0.596367 1.576525 0.225338
v 0.588729 1.543330 0.202799
v 0.578449 1.514235 0.172466
v 0.565923 1.490358 0.135506
v 0.551632 1.472615 0.093338
v 0.536126 1.461689 0.047583
v 0.528221 1.838311 0.050514
v 0.536126 1.827385 0.099087
v 0.543411 1.809642 0.143852
v 0.549797 1.785764 0.183089
v 0.555038 1.756670 0.215290
v 0.558932 1.723475 0.239218
v 0.561330 1.687457 0.253952
v 0.562139 1.650000 0.258927
v 0.561330 1.612543 0.253952
v 0.558932 1.576525 0.239218
v 0.555038 1.543330 0.215290
v 0.549797 1.514235 0.183089
v 0.543411 1.490358 0.143852
v 0.536126 1.472615 0.099087
v 0.528221 1.461689 0.050514
v 0.520000 1.838311 0.051504
v 0.520000 1.827385 0.101028
v 0.520000 1.809642 0.146670
v 0.520000 1.785764 0.186676
v 0.520000 1.756670 0.219508
v 0.520000 1.723475 0.243904
v 0.520000 1.687457 0.258927
v 0.520000 1.650000 0.264000
v 0.520000 1.612543 0.258927
v 0.520000 1.576525 0.243904
v 0.520000 1.543330 0.219508
v 0.520000 1.514235 0.186676
v 0.520000 1.490358 0.146670
v 0.520000 1.472615 0.101028
v 0.520000 1.461689 0.051504
v 0.511779 1.838311 0.050514
v 0.503874 1.827385 0.099087
v 0.496589 1.809642 0.143852
v 0.490203 1.785764 0.183089
v 0.484962 1.756670 0.215290
v 0.481068 1.723475 0.239218
v 0.478670 1.687457 0.253952
v 0.477860 1.650000 0.258927
v 0.478670 1.612543 0.253952
v 0.481068 1.576525 0.239218
v 0.484962 1.543330 0.215290
v 0.490203 1.514235 0.183089
v 0.496589 1.490358 0.143852
v 0.503874 1.472615 0.099087
v 0.511779 1.461689 0.050514
v 0.503874 1.838311 0.047583
v 0.488367 1.827385 0.093338
v 0.474077 1.809642 0.135506
v 0.461551 1.785764 0.172466
v 0.451271 1.756670 0.202799
v 0.443632 1.723475 0.225338
v 0.438929 1.687457 0.239218
v 0.437340 1.650000 0.243904
v 0.438929 1.612543 0.239218
v 0.443632 1.576525 0.225338
v 0.451271 1.543330 0.202799
v 0.461551 1.514235 0.172466
v 0.474077 1.490358 0.135506
v 0.488367 1.472615 0.093338
v 0.503874 1.461689 0.047583
v 0.496589 1.838311 0.042824
v 0.474077 1.827385 0.084002
v 0.453330 1.809642 0.121952
v 0.435145 1.785764 0.155216
v 0.420221 1.756670 0.182514
v 0.409132 1.723475 0.202799
v 0.402303 1.687457 0.215290
v 0.399997 1.650000 0.219508
v 0.402303 1.612543 0.215290
v 0.409132 1.576525 0.202799
v 0.420221 1.543330 0.182514
v 0.435145 1.514235 0.155216
v 0.453330 1.490358 0.121952
v 0.474077 1.472615 0.084002
v 0.496589 1.461689 0.042824
v 0.490203 1.838311 0.036419
v 0.461551 1.827385 0.071438
v 0.435145 1.809642 0.103712
v 0.412000 1.785764 0.132000
v 0.393005 1.756670 0.155215
v 0.378891 1.723475 0.172466
v 0.370200 1.687457 0.183089
v 0.367265 1.650000 0.186676
v 0.370200 1.612543 0.183089
v 0.378891 1.576525 0.172466
v 0.393005 1.543330 0.155215
v 0.412000 1.514235 0.132000
v 0.435145 1.490358 0.103712
v 0.461551 1.472615 0.071438
v 0.490203 1.461689 0.036419
v 0.484962 1.838311 0.028614
v 0.451271 1.827385 0.056128
v 0.420221 1.809642 0.081486
v 0.393005 1.785764 0.103712
v 0.370670 1.756670 0.121952
v 0.354074 1.723475 0.135506
v 0.343854 1.687457 0.143852
v 0.340403 1.650000 0.146670
v 0.343854 1.612543 0.143852
v 0.354074 1.576525 0.135506
v 0.370670 1.543330 0.121952
v 0.393005 1.514235 0.103712
v 0.420221 1.490358 0.081486
v 0.451271 1.472615 0.056128
v 0.484962 1.461689 0.028614
v 0.481068 1.838311 0.019710
v 0.443632 1.827385 0.038662
v 0.409132 1.809642 0.056128
v 0.378891 1.785764 0.071438
v 0.354074 1.756670 0.084002
v 0.335633 1.723475 0.093338
v 0.324277 1.687457 0.099087
v 0.320442 1.650000 0.101028
v 0.324277 1.612543 0.099087
v 0.335633 1.576525 0.093338
v 0.354074 1.543330 0.084002
v 0.378891 1.514235 0.071438
v 0.409132 1.490358 0.056128
v 0.443632 1.472615 0.038662
v 0.481068 1.461689 0.019710
v 0.478670 1.838311 0.010048
v 0.438929 1.827385 0.019710
v 0.402303 1.809642 0.028614
v 0.370200 1.785764 0.036419
v 0.343854 1.756670 0.042824
v 0.324277 1.723475 0.047583
v 0.312221 1.687457 0.050514
v 0.308151 1.650000 0.051504
v 0.312221 1.612543 0.050514
v 0.324277 1.576525 0.047583
v 0.343854 1.543330 0.042824
v 0.370200 1.514235 0.036419
v 0.402303 1.490358 0.028614
v 0.438929 1.472615 0.019710
v 0.478670 1.461689 0.010048
v 0.477861 1.838311 -0.000000
v 0.437340 1.827385 -0.000000
v 0.399997 1.809642 -0.000000
v 0.367265 1.785764 0.000000
v 0.340403 1.756670 -0.000000
v 0.320442 1.723475 -0.000000
v 0.308151 1.687457 -0.000000
v 0.304000 1.650000 -0.000000
v 0.308151 1.612543 -0.000000
v 0.320442 1.576525 -0.000000
v 0.340403 1.543330 -0.000000
v 0.367265 1.514235 0.000000
v 0.399997 1.490358 -0.000000
v 0.437340 1.472615 -0.000000
v 0.477861 1.461689 -0.000000
v 0.478670 1.838311 -0.010048
v 0.438929 1.827385 -0.019710
v 0.402303 1.809642 -0.028614
v 0.370200 1.785764 -0.036419
v 0.343854 1.756670 -0.042824
v 0.324277 1.723475 -0.047583
v 0.312221 1.687457 -0.050514
v 0.308151 1.650000 -0.051504
v 0.312221 1.612543 -0.050514
v 0.324277 1.576525 -0.047583
v 0.343854 1.543330 -0.042824
v 0.370200 1.514235 -0.036419
v 0.402303 1.490358 -0.028614
v 0.438929 1.472615 -0.019710
v 0.478670 1.461689 -0.010048
v 0.481068 1.838311 -0.019710
v 0.443633 1.827385 -0.038662
v 0.409132 1.809642 -0.056128
v 0.378891 1.785764 -0.071438
v 0.354074 1.756670 -0.084002
v 0.335633 1.723475 -0.093338
v 0.324277 1.687457 -0.099087
v 0.320442 1.650000 -0.101028
v 0.324277 1.612543 -0.099087
v 0.335633 1.576525 -0.093338
v 0.354074 1.543330 -0.084002
v 0.378891 1.514235 -0.071438
v 0.409132 1.490358 -0.056128
v 0.443633 1.472615 -0.038662
v 0.481068 1.461689 -0.019710
v 0.484962 1.838311 -0.028614
v 0.451271 1.827385 -0.056128
v 0.420221 1.809642 -0.081486
v 0.393005 1.785764 -0.103712
v 0.370670 1.756670 -0.121952
v 0.354074 1.723475 -0.135506
v 0.343854 1.687457 -0.143852
v 0.340403 1.650000 -0.146670
v 0.343854 1.612543 -0.143852
v 0.354074 1.576525 -0.135506
v 0.370670 1.543330 -0.121952
v 0.393005 1.514235 -0.103712
v 0.420221 1.490358 -0.081486
v 0.451271 1.472615 -0.056128
v 0.484962 1.461689 -0.028614
v 0.490203 1.838311 -0.036419
v 0.461551 1.827385 -0.071438
v 0.435145 1.809642 -0.103712
v 0.412000 1.785764 -0.132000
v 0.393006 1.756670 -0.155215
v 0.378891 1.723475 -0.172466
v 0.370200 1.687457 -0.183089
v 0.367265 1.650000 -0.186676
v 0.370200 1.612543 -0.183089
v 0.378891 1.576525 -0.172466
v 0.393006 1.543330 -0.155215
v 0.412000 1.514235 -0.132000
v 0.435145 1.490358 -0.103712
v 0.461551 1.472615 -0.071438
v 0.490203 1.461689 -0.036419
v 0.496589 1.838311 -0.042824
v 0.474077 1.827385 -0.084002
v 0.453330 1.809642 -0.121952
v 0.435145 1.785764 -0.155216
v 0.420221 1.756670 -0.182514
v 0.409132 1.723475 -0.202799
v 0.402303 1.687457 -0.215290
v 0.399997 1.650000 -0.219508
v 0.402303 1.612543 -0.215290
v 0.409132 1.576525 -0.202799
v 0.420221 1.543330 -0.182514
v 0.435145 1.514235 -0.155216
v 0.453330 1.490358 -0.121952
v 0.474077 1.472615 -0.084002
v 0.496589 1.461689 -0.042824
v 0.503874 1.838311 -0.047583
v 0.488368 1.827385 -0.093338
v 0.474077 1.809642 -0.135506
v 0.461551 1.785764 -0.172466
v 0.451271 1.756670 -0.202799
v 0.443633 1.723475 -0.225338
v 0.438929 1.687457 -0.239217
v 0.437340 1.650000 -0.243904
v 0.438929 1.612543 -0.239217
v 0.443633 1.576525 -0.225338
v 0.451271 1.543330 -0.202799
v 0.461551 1.514235 -0.172466
v 0.474077 1.490358 -0.135506
v 0.488368 1.472615 -0.093338
v 0.503874 1.461689 -0.047583
v 0.511779 1.838311 -0.050514
v 0.503874 1.827385 -0.099087
v 0.496589 1.809642 -0.143852
v 0.490203 1.785764 -0.183089
v 0.484962 1.756670 -0.215290
v 0.481068 1.723475 -0.239217
v 0.478670 1.687457 -0.253952
v 0.477861 1.650000 -0.258927
v 0.478670 1.612543 -0.253952
v 0.481068 1.576525 -0.239217
v 0.484962 1.543330 -0.215290
v 0.490203 1.514235 -0.183089
v 0.496589 1.490358 -0.143852
v 0.503874 1.472615 -0.099087
v 0.511779 1.461689 -0.050514
v 0.520000 1.827385 -0.101028
v 0.520000 1.785764 -0.186676
v 0.520000 1.756670 -0.219508
v 0.520000 1.687457 -0.258927
v 0.520000 1.514235 -0.186676
v 0.520000 1.472615 -0.101028
v 0.520000 1.461689 -0.051504
vn 0.0259 -0.9762 -0.2154
vn 0.1184 0.1333 -0.9840
vn 0.0086 0.9974 -0.0714
vn 0.0086 -0.9974 -0.0714
vn 0.1184 -0.1333 -0.9840
vn 0.0259 0.9762 -0.2154
vn 0.1104 -0.3826 -0.9173
vn 0.0436 0.9312 -0.3620
vn 0.0965 -0.5894 -0.8020
vn 0.0616 0.8571 -0.5115
vn 0.0796 -0.7460 -0.6611
vn 0.0796 0.7460 -0.6611
vn 0.0616 -0.8571 -0.5115
vn 0.0965 0.5894 -0.8020
vn 0.0436 -0.9312 -0.3620
vn 0.1104 0.3826 -0.9173
vn 0.1287 -0.9289 -0.3472
vn 0.3220 0.3767 -0.8685
vn 0.0767 -0.9753 -0.2069
vn 0.3446 0.1309 -0.9296
vn 0.0255 0.9973 -0.0687
vn 0.0255 -0.9973 -0.0687
vn 0.3446 -0.1309 -0.9296
vn 0.0767 0.9753 -0.2069
vn 0.3220 -0.3767 -0.8685
vn 0.1287 0.9289 -0.3472
vn 0.2826 -0.5825 -0.7621
vn 0.1815 0.8529 -0.4895
vn 0.2338 -0.7400 -0.6306
vn 0.2338 0.7400 -0.6306
vn 0.1815 -0.8529 -0.4895
vn 0.2826 0.5825 -0.7621
vn 0.2081 0.9248 -0.3186
vn 0.4493 -0.5703 -0.6877
vn 0.2921 0.8454 -0.4472
vn 0.3742 -0.7293 -0.5728
vn 0.3742 0.7293 -0.5728
vn 0.2921 -0.8454 -0.4472
vn 0.4493 0.5703 -0.6877
vn 0.2081 -0.9248 -0.3186
vn 0.5088 0.3666 -0.7789
vn 0.1244 -0.9738 -0.1904
vn 0.5425 0.1269 -0.8304
vn 0.0413 0.9971 -0.0633
vn 0.0414 -0.9971 -0.0633
vn 0.5425 -0.1269 -0.8304
vn 0.1244 0.9738 -0.1904
vn 0.5088 -0.3666 -0.7789
vn 0.6622 0.3545 -0.6602
vn 0.1670 -0.9718 -0.1665
vn 0.7029 0.1222 -0.7007
vn 0.0556 0.9969 -0.0555
vn 0.0556 -0.9969 -0.0555
vn 0.7029 -0.1222 -0.7007
vn 0.1670 0.9718 -0.1665
vn 0.6622 -0.3545 -0.6602
vn 0.2785 0.9194 -0.2776
vn 0.5889 -0.5555 -0.5871
vn 0.3887 0.8359 -0.3875
vn 0.4944 -0.7160 -0.4929
vn 0.4944 0.7160 -0.4929
vn 0.3887 -0.8359 -0.3875
vn 0.5889 0.5555 -0.5871
vn 0.2785 -0.9194 -0.2776
vn 0.6984 -0.5407 -0.4690
vn 0.4680 0.8260 -0.3143
vn 0.5909 -0.7024 -0.3968
vn 0.5909 0.7024 -0.3968
vn 0.4680 -0.8260 -0.3143
vn 0.6984 0.5407 -0.4690
vn 0.3372 -0.9138 -0.2264
vn 0.7799 0.3427 -0.5237
vn 0.2031 -0.9696 -0.1364
vn 0.8244 0.1176 -0.5536
vn 0.0678 0.9967 -0.0455
vn 0.0678 -0.9967 -0.0455
vn 0.8244 -0.1176 -0.5536
vn 0.2031 0.9696 -0.1364
vn 0.7799 -0.3427 -0.5237
vn 0.3372 0.9138 -0.2264
vn 0.2312 -0.9676 -0.1011
vn 0.9103 0.1138 -0.3981
vn 0.0773 0.9964 -0.0338
vn 0.0773 -0.9964 -0.0338
vn 0.9103 -0.1138 -0.3981
vn 0.2312 0.9676 -0.1011
vn 0.8640 -0.3327 -0.3779
vn 0.3826 0.9086 -0.1673
vn 0.7781 -0.5280 -0.3403
vn 0.5282 0.8171 -0.2310
vn 0.6627 -0.6905 -0.2898
vn 0.6627 0.6905 -0.2898
vn 0.5282 -0.8171 -0.2310
vn 0.7781 0.5280 -0.3403
vn 0.3826 -0.9086 -0.1673
vn 0.8640 0.3327 -0.3779
vn 0.5685 0.8105 -0.1411
vn 0.7100 -0.6818 -0.1762
vn 0.7100 0.6818 -0.1762
vn 0.5685 -0.8105 -0.1411
vn 0.8297 0.5189 -0.2059
vn 0.4134 -0.9048 -0.1026
vn 0.9176 0.3257 -0.2278
vn 0.2505 -0.9661 -0.0622
vn 0.9645 0.1111 -0.2394
vn 0.0839 0.9963 -0.0208
vn 0.0839 -0.9963 -0.0208
vn 0.9645 -0.1111 -0.2394
vn 0.2505 0.9661 -0.0622
vn 0.9176 -0.3257 -0.2278
vn 0.4134 0.9048 -0.1026
vn 0.8297 -0.5189 -0.2059
vn 0.9907 0.1098 -0.0798
vn 0.0872 0.9962 -0.0070
vn 0.0872 -0.9962 -0.0070
vn 0.9907 -0.1098 -0.0798
vn 0.2603 0.9653 -0.0210
vn 0.9437 -0.3220 -0.0760
vn 0.4289 0.9027 -0.0346
vn 0.8550 -0.5141 -0.0689
vn 0.5887 0.8070 -0.0474
vn 0.7335 -0.6772 -0.0591
vn 0.7335 0.6772 -0.0591
vn 0.5887 -0.8070 -0.0474
vn 0.8550 0.5141 -0.0689
vn 0.4289 -0.9027 -0.0346
vn 0.9437 0.3220 -0.0760
vn 0.2603 -0.9653 -0.0210
vn 0.7335 -0.6772 0.0591
vn 0.7335 0.6772 0.0591
vn 0.5887 -0.8070 0.0474
vn 0.8550 0.5141 0.0689
vn 0.4289 -0.9027 0.0346
vn 0.9437 0.3220 0.0760
vn 0.2603 -0.9653 0.0210
vn 0.9907 0.1098 0.0798
vn 0.0872 0.9962 0.0070
vn 0.0872 -0.9962 0.0070
vn 0.9907 -0.1098 0.0798
vn 0.2603 0.9653 0.0210
vn 0.9437 -0.3220 0.0760
vn 0.4289 0.9027 0.0346
vn 0.8550 -0.5141 0.0689
vn 0.5887 0.8070 0.0474
vn 0.0839 -0.9963 0.0208
vn 0.9645 -0.1111 0.2394
vn 0.2505 0.9661 0.0622
vn 0.9176 -0.3257 0.2278
vn 0.4134 0.9048 0.1026
vn 0.8297 -0.5189 0.2059
vn 0.5685 0.8105 0.1411
vn 0.7100 -0.6818 0.1762
vn 0.7100 0.6818 0.1762
vn 0.5685 -0.8105 0.1411
vn 0.8297 0.5189 0.2059
vn 0.4134 -0.9048 0.1026
vn 0.9176 0.3257 0.2278
vn 0.2505 -0.9661 0.0622
vn 0.9645 0.1111 0.2394
vn 0.0839 0.9963 0.0208
vn 0.5282 -0.8171 0.2310
vn 0.7781 0.5280 0.3403
vn 0.3826 -0.9086 0.1673
vn 0.8640 0.3327 0.3779
vn 0.2312 -0.9676 0.1011
vn 0.9103 0.1138 0.3981
vn 0.0773 0.9964 0.0338
vn 0.0773 -0.9964 0.0338
vn 0.9103 -0.1138 0.3981
vn 0.2312 0.9676 0.1011
vn 0.8640 -0.3327 0.3779
vn 0.3826 0.9086 0.1673
vn 0.7781 -0.5280 0.3403
vn 0.5282 0.8171 0.2310
vn 0.6627 -0.6905 0.2898
vn 0.6627 0.6905 0.2898
vn 0.2031 0.9696 0.1364
vn 0.7799 -0.3427 0.5237
vn 0.3372 0.9138 0.2264
vn 0.6984 -0.5407 0.4690
vn 0.4680 0.8260 0.3143
vn 0.5909 -0.7024 0.3968
vn 0.5909 0.7024 0.3968
vn 0.4680 -0.8260 0.3143
vn 0.6984 0.5407 0.4690
vn 0.3372 -0.9138 0.2264
vn 0.7799 0.3427 0.5237
vn 0.2031 -0.9696 0.1364
vn 0.8244 0.1176 0.5536
vn 0.0678 0.9967 0.0455
vn 0.0678 -0.9967 0.0455
vn 0.8244 -0.1176 0.5536
vn 0.5889 0.5555 0.5871
vn 0.2785 -0.9194 0.2776
vn 0.6622 0.3545 0.6602
vn 0.1670 -0.9718 0.1665
vn 0.7029 0.1222 0.7007
vn 0.0556 0.9969 0.0555
vn 0.0556 -0.9969 0.0555
vn 0.7029 -0.1222 0.7007
vn 0.1670 0.9718 0.1665
vn 0.6622 -0.3545 0.6602
vn 0.2785 0.9194 0.2776
vn 0.5889 -0.5555 0.5871
vn 0.3887 0.8359 0.3875
vn 0.4944 -0.7160 0.4929
vn 0.4944 0.7160 0.4929
vn 0.3887 -0.8359 0.3875
vn 0.5088 -0.3666 0.7789
vn 0.2081 0.9248 0.3186
vn 0.4493 -0.5703 0.6877
vn 0.2921 0.8454 0.4472
vn 0.3742 -0.7293 0.5728
vn 0.3742 0.7293 0.5728
vn 0.2921 -0.8454 0.4472
vn 0.4493 0.5703 0.6877
vn 0.2081 -0.9248 0.3186
vn 0.5088 0.3666 0.7789
vn 0.1244 -0.9738 0.1904
vn 0.5425 0.1269 0.8304
vn 0.0413 0.9971 0.0633
vn 0.0413 -0.9971 0.0633
vn 0.5425 -0.1269 0.8304
vn 0.1244 0.9738 0.1904
vn 0.1287 -0.9289 0.3472
vn 0.3220 0.3767 0.8685
vn 0.0767 -0.9753 0.2069
vn 0.3446 0.1309 0.9296
vn 0.0255 0.9973 0.0687
vn 0.0255 -0.9973 0.0687
vn 0.3446 -0.1309 0.9296
vn 0.0767 0.9753 0.2069
vn 0.3220 -0.3767 0.8685
vn 0.1287 0.9289 0.3472
vn 0.2826 -0.5825 0.7621
vn 0.1815 0.8529 0.4895
vn 0.2338 -0.7400 0.6306
vn 0.2338 0.7400 0.6306
vn 0.1815 -0.8529 0.4895
vn 0.2826 0.5825 0.7621
vn 0.0436 0.9312 0.3620
vn 0.0965 -0.5894 0.8020
vn 0.0616 0.8571 0.5115
vn 0.0796 -0.7460 0.6611
vn 0.0796 0.7460 0.6611
vn 0.0616 -0.8571 0.5115
vn 0.0965 0.5894 0.8020
vn 0.0436 -0.9312 0.3620
vn 0.1104 0.3826 0.9173
vn 0.0259 -0.9762 0.2154
vn 0.1184 0.1333 0.9840
vn 0.0086 0.9974 0.0714
vn 0.0086 -0.9974 0.0714
vn 0.1184 -0.1333 0.9840
vn 0.0259 0.9762 0.2154
vn 0.1104 -0.3826 0.9173
vn -0.1104 0.3826 0.9173
vn -0.0259 -0.9762 0.2154
vn -0.1184 0.1333 0.9840
vn -0.0086 0.9974 0.0714
vn -0.0086 -0.9974 0.0714
vn -0.1184 -0.1333 0.9840
vn -0.0259 0.9762 0.2154
vn -0.1104 -0.3826 0.9173
vn -0.0436 0.9312 0.3620
vn -0.0965 -0.5894 0.8020
vn -0.0616 0.8571 0.5115
vn -0.0796 -0.7460 0.6611
vn -0.0796 0.7460 0.6611
vn -0.0616 -0.8571 0.5115
vn -0.0965 0.5894 0.8020
vn -0.0436 -0.9312 0.3620
vn -0.2826 -0.5825 0.7621
vn -0.1815 0.8529 0.4895
vn -0.2338 -0.7400 0.6306
vn -0.2338 0.7400 0.6306
vn -0.1815 -0.8529 0.4895
vn -0.2826 0.5825 0.7621
vn -0.1287 -0.9289 0.3472
vn -0.3220 0.3767 0.8685
vn -0.0767 -0.9753 0.2069
vn -0.3446 0.1309 0.9296
vn -0.0255 0.9973 0.0687
vn -0.0255 -0.9973 0.0687
vn -0.3446 -0.1309 0.9296
vn -0.0767 0.9753 0.2069
vn -0.3220 -0.3767 0.8685
vn -0.1287 0.9289 0.3472
vn -0.1244 -0.9738 0.1904
vn -0.5425 0.1269 0.8304
vn -0.0413 0.9971 0.0633
vn -0.0414 -0.9971 0.0633
vn -0.5425 -0.1269 0.8304
vn -0.1244 0.9738 0.1904
vn -0.5088 -0.3666 0.7789
vn -0.2081 0.9248 0.3186
vn -0.4493 -0.5703 0.6877
vn -0.2921 0.8454 0.4472
vn -0.3742 -0.7293 0.5728
vn -0.3742 0.7293 0.5728
vn -0.2921 -0.8454 0.4472
vn -0.4493 0.5703 0.6877
vn -0.2081 -0.9248 0.3186
vn -0.5088 0.3666 0.7789
vn -0.4944 -0.7160 0.4929
vn -0.4944 0.7160 0.4929
vn -0.3887 -0.8359 0.3875
vn -0.5889 0.5555 0.5871
vn -0.2785 -0.9194 0.2776
vn -0.6622 0.3545 0.6602
vn -0.1670 -0.9718 0.1665
vn -0.7029 0.1222 0.7007
vn -0.0556 0.9969 0.0555
vn -0.0556 -0.9969 0.0555
vn -0.7029 -0.1222 0.7007
vn -0.1670 0.9718 0.1665
vn -0.6622 -0.3545 0.6602
vn -0.2785 0.9194 0.2776
vn -0.5889 -0.5555 0.5871
vn -0.3887 0.8359 0.3875
vn -0.0678 0.9967 0.0455
vn -0.0678 -0.9967 0.0455
vn -0.8244 -0.1176 0.5536
vn -0.2031 0.9696 0.1364
vn -0.7799 -0.3427 0.5237
vn -0.3372 0.9138 0.2264
vn -0.6984 -0.5407 0.4690
vn -0.4680 0.8260 0.3143
vn -0.5909 -0.7024 0.3968
vn -0.5909 0.7024 0.3968
vn -0.4680 -0.8260 0.3143
vn -0.6984 0.5407 0.4690
vn -0.3372 -0.9138 0.2264
vn -0.7799 0.3427 0.5237
vn -0.2031 -0.9696 0.1364
vn -0.8244 0.1176 0.5536
vn -0.6628 0.6905 0.2898
vn -0.5282 -0.8171 0.2310
vn -0.7781 0.5280 0.3403
vn -0.3826 -0.9086 0.1673
vn -0.8640 0.3327 0.3779
vn -0.2312 -0.9676 0.1011
vn -0.9103 0.1138 0.3981
vn -0.0773 0.9964 0.0338
vn -0.0773 -0.9964 0.0338
vn -0.9103 -0.1138 0.3981
vn -0.2312 0.9676 0.1011
vn -0.8640 -0.3327 0.3779
vn -0.3826 0.9086 0.1673
vn -0.7781 -0.5280 0.3403
vn -0.5282 0.8171 0.2310
vn -0.6628 -0.6905 0.2898
vn -0.9645 -0.1111 0.2394
vn -0.2505 0.9661 0.0622
vn -0.9176 -0.3257 0.2278
vn -0.4134 0.9048 0.1026
vn -0.8297 -0.5189 0.2059
vn -0.5685 0.8105 0.1411
vn -0.7100 -0.6818 0.1762
vn -0.7100 0.6818 0.1762
vn -0.5685 -0.8105 0.1411
vn -0.8297 0.5189 0.2059
vn -0.4134 -0.9048 0.1026
vn -0.9176 0.3257 0.2278
vn -0.2505 -0.9661 0.0622
vn -0.9645 0.1111 0.2394
vn -0.0839 0.9963 0.0208
vn -0.0839 -0.9963 0.0208
vn -0.5887 -0.8070 0.0474
vn -0.8550 0.5141 0.0689
vn -0.4289 -0.9027 0.0346
vn -0.9437 0.3220 0.0760
vn -0.2603 -0.9653 0.0210
vn -0.9907 0.1098 0.0798
vn -0.0872 0.9962 0.0070
vn -0.0872 -0.9962 0.0070
vn -0.9907 -0.1098 0.0798
vn -0.2603 0.9653 0.0210
vn -0.9437 -0.3220 0.0760
vn -0.4289 0.9027 0.0346
vn -0.8550 -0.5141 0.0689
vn -0.5887 0.8070 0.0474
vn -0.7335 -0.6772 0.0591
vn -0.7335 0.6772 0.0591
vn -0.2603 0.9653 -0.0210
vn -0.9437 -0.3220 -0.0760
vn -0.4289 0.9027 -0.0346
vn -0.8550 -0.5141 -0.0689
vn -0.5887 0.8070 -0.0474
vn -0.7335 -0.6772 -0.0591
vn -0.7335 0.6772 -0.0591
vn -0.5887 -0.8070 -0.0474
vn -0.8550 0.5141 -0.0689
vn -0.4289 -0.9027 -0.0346
vn -0.9437 0.3220 -0.0760
vn -0.2603 -0.9653 -0.0210
vn -0.9907 0.1098 -0.0798
vn -0.0872 0.9962 -0.0070
vn -0.0872 -0.9962 -0.0070
vn -0.9907 -0.1098 -0.0798
vn -0.8297 0.5189 -0.2059
vn -0.4134 -0.9048 -0.1026
vn -0.9176 0.3257 -0.2278
vn -0.2505 -0.9661 -0.0622
vn -0.9645 0.1111 -0.2394
vn -0.0839 0.9963 -0.0208
vn -0.0839 -0.9963 -0.0208
vn -0.9645 -0.1111 -0.2394
vn -0.2505 0.9661 -0.0622
vn -0.9176 -0.3257 -0.2278
vn -0.4134 0.9048 -0.1026
vn -0.8297 -0.5189 -0.2059
vn -0.5685 0.8105 -0.1411
vn -0.7100 -0.6818 -0.1762
vn -0.7100 0.6818 -0.1762
vn -0.5685 -0.8105 -0.1411
vn -0.8640 -0.3327 -0.3779
vn -0.3826 0.9086 -0.1673
vn -0.7781 -0.5280 -0.3403
vn -0.5282 0.8171 -0.2310
vn -0.6628 -0.6905 -0.2898
vn -0.6628 0.6905 -0.2898
vn -0.5282 -0.8171 -0.2310
vn -0.7781 0.5280 -0.3403
vn -0.3826 -0.9086 -0.1673
vn -0.8640 0.3327 -0.3779
vn -0.2312 -0.9676 -0.1011
vn -0.9103 0.1138 -0.3981
vn -0.0773 0.9964 -0.0338
vn -0.0773 -0.9964 -0.0338
vn -0.9103 -0.1138 -0.3981
vn -0.2312 0.9676 -0.1011
vn -0.3372 -0.9138 -0.2264
vn -0.7799 0.3427 -0.5237
vn -0.2031 -0.9696 -0.1364
vn -0.8244 0.1176 -0.5536
vn -0.0678 0.9967 -0.0455
vn -0.0678 -0.9967 -0.0455
vn -0.8244 -0.1176 -0.5536
vn -0.2031 0.9696 -0.1364
vn -0.7799 -0.3427 -0.5237
vn -0.3372 0.9138 -0.2264
vn -0.6984 -0.5407 -0.4690
vn -0.4680 0.8260 -0.3143
vn -0.5909 -0.7024 -0.3968
vn -0.5909 0.7024 -0.3968
vn -0.4680 -0.8260 -0.3143
vn -0.6984 0.5407 -0.4690
vn -0.5889 -0.5555 -0.5871
vn -0.3887 0.8359 -0.3875
vn -0.4944 -0.7160 -0.4929
vn -0.4944 0.7160 -0.4929
vn -0.3887 -0.8359 -0.3875
vn -0.5889 0.5555 -0.5871
vn -0.2785 -0.9194 -0.2776
vn -0.6622 0.3545 -0.6602
vn -0.1670 -0.9718 -0.1665
vn -0.7029 0.1222 -0.7007
vn -0.0556 0.9969 -0.0555
vn -0.0556 -0.9969 -0.0555
vn -0.7029 -0.1222 -0.7007
vn -0.1670 0.9718 -0.1665
vn -0.6622 -0.3545 -0.6602
vn -0.2785 0.9194 -0.2776
vn -0.1244 -0.9738 -0.1904
vn -0.5425 0.1269 -0.8304
vn -0.0414 0.9971 -0.0633
vn -0.0414 -0.9971 -0.0633
vn -0.5425 -0.1269 -0.8304
vn -0.1244 0.9738 -0.1904
vn -0.5088 -0.3666 -0.7789
vn -0.2081 0.9248 -0.3186
vn -0.4493 -0.5703 -0.6877
vn -0.2921 0.8454 -0.4472
vn -0.3742 -0.7293 -0.5728
vn -0.3742 0.7293 -0.5728
vn -0.2921 -0.8454 -0.4472
vn -0.4493 0.5703 -0.6877
vn -0.2081 -0.9248 -0.3186
vn -0.5088 0.3666 -0.7789
vn -0.1815 0.8529 -0.4895
vn -0.2338 -0.7400 -0.6306
vn -0.2338 0.7400 -0.6306
vn -0.1815 -0.8529 -0.4895
vn -0.2826 0.5825 -0.7621
vn -0.1287 -0.9289 -0.3472
vn -0.3220 0.3767 -0.8685
vn -0.0767 -0.9753 -0.2069
vn -0.3446 0.1309 -0.9296
vn -0.0255 0.9973 -0.0687
vn -0.0255 -0.9973 -0.0687
vn -0.3446 -0.1309 -0.9296
vn -0.0767 0.9753 -0.2069
vn -0.3220 -0.3767 -0.8685
vn -0.1287 0.9289 -0.3472
vn -0.2826 -0.5825 -0.7621
vn -0.1185 0.1333 -0.9840
vn -0.0086 0.9974 -0.0714
vn -0.0086 -0.9974 -0.0714
vn -0.1185 -0.1333 -0.9840
vn -0.0259 0.9762 -0.2154
vn -0.1104 -0.3826 -0.9173
vn -0.0436 0.9312 -0.3620
vn -0.0966 -0.5894 -0.8020
vn -0.0616 0.8571 -0.5115
vn -0.0796 -0.7460 -0.6611
vn -0.0796 0.7460 -0.6611
vn -0.0616 -0.8571 -0.5115
vn -0.0965 0.5894 -0.8020
vn -0.0436 -0.9312 -0.3620
vn -0.1104 0.3826 -0.9173
vn -0.0259 -0.9762 -0.2154
vt 0.750000 0.062500
vt 0.750000 0.125000
vt 0.718750 0.125000
vt 0.718750 0.062500
vt 0.750000 0.500000
vt 0.750000 0.562500
vt 0.718750 0.562500
vt 0.718750 0.500000
vt 0.750000 0.937500
vt 0.734375 1.000000
vt 0.718750 0.937500
vt 0.734375 0.000000
vt 0.750000 0.437500
vt 0.718750 0.437500
vt 0.750000 0.875000
vt 0.718750 0.875000
vt 0.750000 0.375000
vt 0.718750 0.375000
vt 0.750000 0.812500
vt 0.718750 0.812500
vt 0.750000 0.312500
vt 0.718750 0.312500
vt 0.750000 0.750000
vt 0.718750 0.750000
vt 0.750000 0.250000
vt 0.718750 0.250000
vt 0.750000 0.687500
vt 0.718750 0.687500
vt 0.750000 0.187500
vt 0.718750 0.187500
vt 0.750000 0.625000
vt 0.718750 0.625000
vt 0.687500 0.187500
vt 0.687500 0.125000
vt 0.687500 0.625000
vt 0.687500 0.562500
vt 0.687500 0.062500
vt 0.687500 0.500000
vt 0.703125 1.000000
vt 0.687500 0.937500
vt 0.703125 0.000000
vt 0.687500 0.437500
vt 0.687500 0.875000
vt 0.687500 0.375000
vt 0.687500 0.812500
vt 0.687500 0.312500
vt 0.687500 0.750000
vt 0.687500 0.250000
vt 0.687500 0.687500
vt 0.656250 0.875000
vt 0.656250 0.812500
vt 0.656250 0.375000
vt 0.656250 0.312500
vt 0.656250 0.750000
vt 0.656250 0.250000
vt 0.656250 0.687500
vt 0.656250 0.187500
vt 0.656250 0.625000
vt 0.656250 0.125000
vt 0.656250 0.562500
vt 0.656250 0.062500
vt 0.656250 0.500000
vt 0.671875 1.000000
vt 0.656250 0.937500
vt 0.671875 0.000000
vt 0.656250 0.437500
vt 0.625000 0.625000
vt 0.625000 0.562500
vt 0.625000 0.125000
vt 0.625000 0.062500
vt 0.625000 0.500000
vt 0.640625 1.000000
vt 0.625000 0.937500
vt 0.640625 0.000000
vt 0.625000 0.437500
vt 0.625000 0.875000
vt 0.625000 0.375000
vt 0.625000 0.812500
vt 0.625000 0.312500
vt 0.625000 0.750000
vt 0.625000 0.250000
vt 0.625000 0.687500
vt 0.625000 0.187500
vt 0.593750 0.375000
vt 0.593750 0.312500
vt 0.593750 0.812500
vt 0.593750 0.750000
vt 0.593750 0.250000
vt 0.593750 0.687500
vt 0.593750 0.187500
vt 0.593750 0.625000
vt 0.593750 0.125000
vt 0.593750 0.562500
vt 0.593750 0.062500
vt 0.593750 0.500000
vt 0.609375 1.000000
vt 0.593750 0.937500
vt 0.609375 0.000000
vt 0.593750 0.437500
vt 0.593750 0.875000
vt 0.562500 0.125000
vt 0.562500 0.062500
vt 0.562500 0.562500
vt 0.562500 0.500000
vt 0.578125 1.000000
vt 0.562500 0.937500
vt 0.578125 0.000000
vt 0.562500 0.437500
vt 0.562500 0.875000
vt 0.562500 0.375000
vt 0.562500 0.812500
vt 0.562500 0.312500
vt 0.562500 0.750000
vt 0.562500 0.250000
vt 0.562500 0.687500
vt 0.562500 0.187500
vt 0.562500 0.625000
vt 0.531250 0.812500
vt 0.531250 0.750000
vt 0.531250 0.312500
vt 0.531250 0.250000
vt 0.531250 0.687500
vt 0.531250 0.187500
vt 0.531250 0.625000
vt 0.531250 0.125000
vt 0.531250 0.562500
vt 0.531250 0.062500
vt 0.531250 0.500000
vt 0.546875 1.000000
vt 0.531250 0.937500
vt 0.546875 0.000000
vt 0.531250 0.437500
vt 0.531250 0.875000
vt 0.531250 0.375000
vt 0.500000 0.562500
vt 0.500000 0.500000
vt 0.515625 1.000000
vt 0.500000 0.937500
vt 0.515625 0.000000
vt 0.500000 0.062500
vt 0.500000 0.437500
vt 0.500000 0.875000
vt 0.500000 0.375000
vt 0.500000 0.812500
vt 0.500000 0.312500
vt 0.500000 0.750000
vt 0.500000 0.250000
vt 0.500000 0.687500
vt 0.500000 0.187500
vt 0.500000 0.625000
vt 0.500000 0.125000
vt 0.468750 0.312500
vt 0.468750 0.250000
vt 0.468750 0.750000
vt 0.468750 0.687500
vt 0.468750 0.187500
vt 0.468750 0.625000
vt 0.468750 0.125000
vt 0.468750 0.562500
vt 0.468750 0.062500
vt 0.468750 0.500000
vt 0.484375 1.000000
vt 0.468750 0.937500
vt 0.484375 0.000000
vt 0.468750 0.437500
vt 0.468750 0.875000
vt 0.468750 0.375000
vt 0.468750 0.812500
vt 0.453125 0.000000
vt 0.437500 0.062500
vt 0.437500 0.500000
vt 0.437500 0.437500
vt 0.437500 0.937500
vt 0.437500 0.875000
vt 0.437500 0.375000
vt 0.437500 0.812500
vt 0.437500 0.312500
vt 0.437500 0.750000
vt 0.437500 0.250000
vt 0.437500 0.687500
vt 0.437500 0.187500
vt 0.437500 0.625000
vt 0.437500 0.125000
vt 0.437500 0.562500
vt 0.453125 1.000000
vt 0.406250 0.250000
vt 0.406250 0.187500
vt 0.406250 0.687500
vt 0.406250 0.625000
vt 0.406250 0.125000
vt 0.406250 0.562500
vt 0.406250 0.062500
vt 0.406250 0.500000
vt 0.421875 1.000000
vt 0.406250 0.937500
vt 0.421875 0.000000
vt 0.406250 0.437500
vt 0.406250 0.875000
vt 0.406250 0.375000
vt 0.406250 0.812500
vt 0.406250 0.312500
vt 0.406250 0.750000
vt 0.375000 0.937500
vt 0.375000 0.875000
vt 0.375000 0.437500
vt 0.375000 0.375000
vt 0.375000 0.812500
vt 0.375000 0.312500
vt 0.375000 0.750000
vt 0.375000 0.250000
vt 0.375000 0.687500
vt 0.375000 0.187500
vt 0.375000 0.625000
vt 0.375000 0.125000
vt 0.375000 0.562500
vt 0.375000 0.062500
vt 0.375000 0.500000
vt 0.390625 1.000000
vt 0.390625 0.000000
vt 0.343750 0.687500
vt 0.343750 0.625000
vt 0.343750 0.187500
vt 0.343750 0.125000
vt 0.343750 0.562500
vt 0.343750 0.062500
vt 0.343750 0.500000
vt 0.359375 1.000000
vt 0.343750 0.937500
vt 0.359375 0.000000
vt 0.343750 0.437500
vt 0.343750 0.875000
vt 0.343750 0.375000
vt 0.343750 0.812500
vt 0.343750 0.312500
vt 0.343750 0.750000
vt 0.343750 0.250000
vt 0.312500 0.437500
vt 0.312500 0.375000
vt 0.312500 0.875000
vt 0.312500 0.812500
vt 0.312500 0.312500
vt 0.312500 0.750000
vt 0.312500 0.250000
vt 0.312500 0.687500
vt 0.312500 0.187500
vt 0.312500 0.625000
vt 0.312500 0.125000
vt 0.312500 0.562500
vt 0.312500 0.062500
vt 0.312500 0.500000
vt 0.328125 1.000000
vt 0.312500 0.937500
vt 0.328125 0.000000
vt 0.281250 0.187500
vt 0.281250 0.125000
vt 0.281250 0.625000
vt 0.281250 0.562500
vt 0.281250 0.062500
vt 0.281250 0.500000
vt 0.296875 1.000000
vt 0.281250 0.937500
vt 0.296875 0.000000
vt 0.281250 0.437500
vt 0.281250 0.875000
vt 0.281250 0.375000
vt 0.281250 0.812500
vt 0.281250 0.312500
vt 0.281250 0.750000
vt 0.281250 0.250000
vt 0.281250 0.687500
vt 0.250000 0.875000
vt 0.250000 0.812500
vt 0.250000 0.375000
vt 0.250000 0.312500
vt 0.250000 0.750000
vt 0.250000 0.250000
vt 0.250000 0.687500
vt 0.250000 0.187500
vt 0.250000 0.625000
vt 0.250000 0.125000
vt 0.250000 0.562500
vt 0.250000 0.062500
vt 0.250000 0.500000
vt 0.265625 1.000000
vt 0.250000 0.937500
vt 0.265625 0.000000
vt 0.250000 0.437500
vt 0.218750 0.625000
vt 0.218750 0.562500
vt 0.218750 0.125000
vt 0.218750 0.062500
vt 0.218750 0.500000
vt 0.234375 1.000000
vt 0.218750 0.937500
vt 0.234375 0.000000
vt 0.218750 0.437500
vt 0.218750 0.875000
vt 0.218750 0.375000
vt 0.218750 0.812500
vt 0.218750 0.312500
vt 0.218750 0.750000
vt 0.218750 0.250000
vt 0.218750 0.687500
vt 0.218750 0.187500
vt 0.187500 0.375000
vt 0.187500 0.312500
vt 0.187500 0.812500
vt 0.187500 0.750000
vt 0.187500 0.250000
vt 0.187500 0.687500
vt 0.187500 0.187500
vt 0.187500 0.625000
vt 0.187500 0.125000
vt 0.187500 0.562500
vt 0.187500 0.062500
vt 0.187500 0.500000
vt 0.203125 1.000000
vt 0.187500 0.937500
vt 0.203125 0.000000
vt 0.187500 0.437500
vt 0.187500 0.875000
vt 0.156250 0.125000
vt 0.156250 0.062500
vt 0.156250 0.562500
vt 0.156250 0.500000
vt 0.171875 1.000000
vt 0.156250 0.937500
vt 0.171875 0.000000
vt 0.156250 0.437500
vt 0.156250 0.875000
vt 0.156250 0.375000
vt 0.156250 0.812500
vt 0.156250 0.312500
vt 0.156250 0.750000
vt 0.156250 0.250000
vt 0.156250 0.687500
vt 0.156250 0.187500
vt 0.156250 0.625000
vt 0.125000 0.312500
vt 0.125000 0.250000
vt 0.125000 0.750000
vt 0.125000 0.687500
vt 0.125000 0.187500
vt 0.125000 0.625000
vt 0.125000 0.125000
vt 0.125000 0.562500
vt 0.125000 0.062500
vt 0.125000 0.500000
vt 0.140625 1.000000
vt 0.125000 0.937500
vt 0.140625 0.000000
vt 0.125000 0.437500
vt 0.125000 0.875000
vt 0.125000 0.375000
vt 0.125000 0.812500
vt 0.109375 1.000000
vt 0.093750 0.937500
vt 0.109375 0.000000
vt 0.093750 0.062500
vt 0.093750 0.500000
vt 0.093750 0.437500
vt 0.093750 0.875000
vt 0.093750 0.375000
vt 0.093750 0.812500
vt 0.093750 0.312500
vt 0.093750 0.750000
vt 0.093750 0.250000
vt 0.093750 0.687500
vt 0.093750 0.187500
vt 0.093750 0.625000
vt 0.093750 0.125000
vt 0.093750 0.562500
vt 0.062500 0.750000
vt 0.062500 0.687500
vt 0.062500 0.250000
vt 0.062500 0.187500
vt 0.062500 0.625000
vt 0.062500 0.125000
vt 0.062500 0.562500
vt 0.062500 0.062500
vt 0.062500 0.500000
vt 0.078125 1.000000
vt 0.062500 0.937500
vt 0.078125 0.000000
vt 0.062500 0.437500
vt 0.062500 0.875000
vt 0.062500 0.375000
vt 0.062500 0.812500
vt 0.062500 0.312500
vt 0.031250 0.500000
vt 0.031250 0.437500
vt 0.031250 0.937500
vt 0.031250 0.875000
vt 0.031250 0.375000
vt 0.031250 0.812500
vt 0.031250 0.312500
vt 0.031250 0.750000
vt 0.031250 0.250000
vt 0.031250 0.687500
vt 0.031250 0.187500
vt 0.031250 0.625000
vt 0.031250 0.125000
vt 0.031250 0.562500
vt 0.031250 0.062500
vt 0.046875 1.000000
vt 0.046875 0.000000
vt 0.000000 0.250000
vt 0.000000 0.187500
vt 0.000000 0.687500
vt 0.000000 0.625000
vt 0.000000 0.125000
vt 0.000000 0.562500
vt 0.000000 0.062500
vt 0.000000 0.500000
vt 0.015625 1.000000
vt 0.000000 0.937500
vt 0.015625 0.000000
vt 0.000000 0.437500
vt 0.000000 0.875000
vt 0.000000 0.375000
vt 0.000000 0.812500
vt 0.000000 0.312500
vt 0.000000 0.750000
vt 1.000000 0.875000
vt 1.000000 0.937500
vt 0.968750 0.937500
vt 0.968750 0.875000
vt 1.000000 0.375000
vt 1.000000 0.437500
vt 0.968750 0.437500
vt 0.968750 0.375000
vt 1.000000 0.812500
vt 0.968750 0.812500
vt 1.000000 0.312500
vt 0.968750 0.312500
vt 1.000000 0.750000
vt 0.968750 0.750000
vt 1.000000 0.250000
vt 0.968750 0.250000
vt 1.000000 0.687500
vt 0.968750 0.687500
vt 1.000000 0.187500
vt 0.968750 0.187500
vt 1.000000 0.625000
vt 0.968750 0.625000
vt 1.000000 0.125000
vt 0.968750 0.125000
vt 1.000000 0.562500
vt 0.968750 0.562500
vt 1.000000 0.062500
vt 0.968750 0.062500
vt 1.000000 0.500000
vt 0.968750 0.500000
vt 0.984375 1.000000
vt 0.984375 0.000000
vt 0.937500 0.687500
vt 0.937500 0.625000
vt 0.937500 0.187500
vt 0.937500 0.125000
vt 0.937500 0.562500
vt 0.937500 0.062500
vt 0.937500 0.500000
vt 0.953125 1.000000
vt 0.937500 0.937500
vt 0.953125 0.000000
vt 0.937500 0.437500
vt 0.937500 0.875000
vt 0.937500 0.375000
vt 0.937500 0.812500
vt 0.937500 0.312500
vt 0.937500 0.750000
vt 0.937500 0.250000
vt 0.906250 0.437500
vt 0.906250 0.375000
vt 0.906250 0.875000
vt 0.906250 0.812500
vt 0.906250 0.312500
vt 0.906250 0.750000
vt 0.906250 0.250000
vt 0.906250 0.687500
vt 0.906250 0.187500
vt 0.906250 0.625000
vt 0.906250 0.125000
vt 0.906250 0.562500
vt 0.906250 0.062500
vt 0.906250 0.500000
vt 0.921875 1.000000
vt 0.906250 0.937500
vt 0.921875 0.000000
vt 0.875000 0.187500
vt 0.875000 0.125000
vt 0.875000 0.625000
vt 0.875000 0.562500
vt 0.875000 0.062500
vt 0.875000 0.500000
vt 0.890625 1.000000
vt 0.875000 0.937500
vt 0.890625 0.000000
vt 0.875000 0.437500
vt 0.875000 0.875000
vt 0.875000 0.375000
vt 0.875000 0.812500
vt 0.875000 0.312500
vt 0.875000 0.750000
vt 0.875000 0.250000
vt 0.875000 0.687500
vt 0.843750 0.375000
vt 0.843750 0.312500
vt 0.843750 0.812500
vt 0.843750 0.750000
vt 0.843750 0.250000
vt 0.843750 0.687500
vt 0.843750 0.187500
vt 0.843750 0.625000
vt 0.843750 0.125000
vt 0.843750 0.562500
vt 0.843750 0.062500
vt 0.843750 0.500000
vt 0.859375 1.000000
vt 0.843750 0.937500
vt 0.859375 0.000000
vt 0.843750 0.437500
vt 0.843750 0.875000
vt 0.812500 0.125000
vt 0.812500 0.062500
vt 0.812500 0.562500
vt 0.812500 0.500000
vt 0.828125 1.000000
vt 0.812500 0.937500
vt 0.828125 0.000000
vt 0.812500 0.437500
vt 0.812500 0.875000
vt 0.812500 0.375000
vt 0.812500 0.812500
vt 0.812500 0.312500
vt 0.812500 0.750000
vt 0.812500 0.250000
vt 0.812500 0.687500
vt 0.812500 0.187500
vt 0.812500 0.625000
vt 0.781250 0.812500
vt 0.781250 0.750000
vt 0.781250 0.312500
vt 0.781250 0.250000
vt 0.781250 0.687500
vt 0.781250 0.187500
vt 0.781250 0.625000
vt 0.781250 0.125000
vt 0.781250 0.562500
vt 0.781250 0.062500
vt 0.781250 0.500000
vt 0.796875 1.000000
vt 0.781250 0.937500
vt 0.796875 0.000000
vt 0.781250 0.437500
vt 0.781250 0.875000
vt 0.781250 0.375000
vt 0.765625 1.000000
vt 0.765625 0.000000
s 0
usemtl Kni_Steel
f 2260/2124/1188 2259/2125/1188 1802/2126/1188 1803/2127/1188
f 1783/2128/1189 2257/2129/1189 1795/2130/1189 1796/2131/1189
f 1780/2132/1190 1779/2133/1190 1789/2134/1190
f 1788/2135/1191 2260/2124/1191 1803/2127/1191
f 1784/2136/1192 1783/2128/1192 1796/2131/1192 1797/2137/1192
f 2254/2138/1193 1780/2132/1193 1789/2134/1193 1790/2139/1193
f 1785/2140/1194 1784/2136/1194 1797/2137/1194 1798/2141/1194
f 1781/2142/1195 2254/2138/1195 1790/2139/1195 1791/2143/1195
f 1786/2144/1196 1785/2140/1196 1798/2141/1196 1799/2145/1196
f 2255/2146/1197 1781/2142/1197 1791/2143/1197 1792/2147/1197
f 2258/2148/1198 1786/2144/1198 1799/2145/1198 1800/2149/1198
f 2256/2150/1199 2255/2146/1199 1792/2147/1199 1793/2151/1199
f 1787/2152/1200 2258/2148/1200 1800/2149/1200 1801/2153/1200
f 1782/2154/1201 2256/2150/1201 1793/2151/1201 1794/2155/1201
f 2259/2125/1202 1787/2152/1202 1801/2153/1202 1802/2126/1202
f 2257/2129/1203 1782/2154/1203 1794/2155/1203 1795/2130/1203
f 1802/2126/1204 1801/2153/1204 1816/2156/1204 1817/2157/1204
f 1795/2130/1205 1794/2155/1205 1809/2158/1205 1810/2159/1205
f 1803/2127/1206 1802/2126/1206 1817/2157/1206 1818/2160/1206
f 1796/2131/1207 1795/2130/1207 1810/2159/1207 1811/2161/1207
f 1789/2134/1208 1779/2162/1208 1804/2163/1208
f 1788/2164/1209 1803/2127/1209 1818/2160/1209
f 1797/2137/1210 1796/2131/1210 1811/2161/1210 1812/2165/1210
f 1790/2139/1211 1789/2134/1211 1804/2163/1211 1805/2166/1211
f 1798/2141/1212 1797/2137/1212 1812/2165/1212 1813/2167/1212
f 1791/2143/1213 1790/2139/1213 1805/2166/1213 1806/2168/1213
f 1799/2145/1214 1798/2141/1214 1813/2167/1214 1814/2169/1214
f 1792/2147/1215 1791/2143/1215 1806/2168/1215 1807/2170/1215
f 1800/2149/1216 1799/2145/1216 1814/2169/1216 1815/2171/1216
f 1793/2151/1217 1792/2147/1217 1807/2170/1217 1808/2172/1217
f 1801/2153/1218 1800/2149/1218 1815/2171/1218 1816/2156/1218
f 1794/2155/1219 1793/2151/1219 1808/2172/1219 1809/2158/1219
f 1806/2168/1220 1805/2166/1220 1820/2173/1220 1821/2174/1220
f 1814/2169/1221 1813/2167/1221 1828/2175/1221 1829/2176/1221
f 1807/2170/1222 1806/2168/1222 1821/2174/1222 1822/2177/1222
f 1815/2171/1223 1814/2169/1223 1829/2176/1223 1830/2178/1223
f 1808/2172/1224 1807/2170/1224 1822/2177/1224 1823/2179/1224
f 1816/2156/1225 1815/2171/1225 1830/2178/1225 1831/2180/1225
f 1809/2158/1226 1808/2172/1226 1823/2179/1226 1824/2181/1226
f 1817/2157/1227 1816/2156/1227 1831/2180/1227 1832/2182/1227
f 1810/2159/1228 1809/2158/1228 1824/2181/1228 1825/2183/1228
f 1818/2160/1229 1817/2157/1229 1832/2182/1229 1833/2184/1229
f 1811/2161/1230 1810/2159/1230 1825/2183/1230 1826/2185/1230
f 1804/2163/1231 1779/2186/1231 1819/2187/1231
f 1788/2188/1232 1818/2160/1232 1833/2184/1232
f 1812/2165/1233 1811/2161/1233 1826/2185/1233 1827/2189/1233
f 1805/2166/1234 1804/2163/1234 1819/2187/1234 1820/2173/1234
f 1813/2167/1235 1812/2165/1235 1827/2189/1235 1828/2175/1235
f 1825/2183/1236 1824/2181/1236 1839/2190/1236 1840/2191/1236
f 1833/2184/1237 1832/2182/1237 1847/2192/1237 1848/2193/1237
f 1826/2185/1238 1825/2183/1238 1840/2191/1238 1841/2194/1238
f 1819/2187/1239 1779/2195/1239 1834/2196/1239
f 1788/2197/1240 1833/2184/1240 1848/2193/1240
f 1827/2189/1241 1826/2185/1241 1841/2194/1241 1842/2198/1241
f 1820/2173/1242 1819/2187/1242 1834/2196/1242 1835/2199/1242
f 1828/2175/1243 1827/2189/1243 1842/2198/1243 1843/2200/1243
f 1821/2174/1244 1820/2173/1244 1835/2199/1244 1836/2201/1244
f 1829/2176/1245 1828/2175/1245 1843/2200/1245 1844/2202/1245
f 1822/2177/1246 1821/2174/1246 1836/2201/1246 1837/2203/1246
f 1830/2178/1247 1829/2176/1247 1844/2202/1247 1845/2204/1247
f 1823/2179/1248 1822/2177/1248 1837/2203/1248 1838/2205/1248
f 1831/2180/1249 1830/2178/1249 1845/2204/1249 1846/2206/1249
f 1824/2181/1250 1823/2179/1250 1838/2205/1250 1839/2190/1250
f 1832/2182/1251 1831/2180/1251 1846/2206/1251 1847/2192/1251
f 1844/2202/1252 1843/2200/1252 1858/2207/1252 1859/2208/1252
f 1837/2203/1253 1836/2201/1253 1851/2209/1253 1852/2210/1253
f 1845/2204/1254 1844/2202/1254 1859/2208/1254 1860/2211/1254
f 1838/2205/1255 1837/2203/1255 1852/2210/1255 1853/2212/1255
f 1846/2206/1256 1845/2204/1256 1860/2211/1256 1861/2213/1256
f 1839/2190/1257 1838/2205/1257 1853/2212/1257 1854/2214/1257
f 1847/2192/1258 1846/2206/1258 1861/2213/1258 1862/2215/1258
f 1840/2191/1259 1839/2190/1259 1854/2214/1259 1855/2216/1259
f 1848/2193/1260 1847/2192/1260 1862/2215/1260 1863/2217/1260
f 1841/2194/1261 1840/2191/1261 1855/2216/1261 1856/2218/1261
f 1834/2196/1262 1779/2219/1262 1849/2220/1262
f 1788/2221/1263 1848/2193/1263 1863/2217/1263
f 1842/2198/1264 1841/2194/1264 1856/2218/1264 1857/2222/1264
f 1835/2199/1265 1834/2196/1265 1849/2220/1265 1850/2223/1265
f 1843/2200/1266 1842/2198/1266 1857/2222/1266 1858/2207/1266
f 1836/2201/1267 1835/2199/1267 1850/2223/1267 1851/2209/1267
f 1863/2217/1268 1862/2215/1268 1877/2224/1268 1878/2225/1268
f 1856/2218/1269 1855/2216/1269 1870/2226/1269 1871/2227/1269
f 1849/2220/1270 1779/2228/1270 1864/2229/1270
f 1788/2230/1271 1863/2217/1271 1878/2225/1271
f 1857/2222/1272 1856/2218/1272 1871/2227/1272 1872/2231/1272
f 1850/2223/1273 1849/2220/1273 1864/2229/1273 1865/2232/1273
f 1858/2207/1274 1857/2222/1274 1872/2231/1274 1873/2233/1274
f 1851/2209/1275 1850/2223/1275 1865/2232/1275 1866/2234/1275
f 1859/2208/1276 1858/2207/1276 1873/2233/1276 1874/2235/1276
f 1852/2210/1277 1851/2209/1277 1866/2234/1277 1867/2236/1277
f 1860/2211/1278 1859/2208/1278 1874/2235/1278 1875/2237/1278
f 1853/2212/1279 1852/2210/1279 1867/2236/1279 1868/2238/1279
f 1861/2213/1280 1860/2211/1280 1875/2237/1280 1876/2239/1280
f 1854/2214/1281 1853/2212/1281 1868/2238/1281 1869/2240/1281
f 1862/2215/1282 1861/2213/1282 1876/2239/1282 1877/2224/1282
f 1855/2216/1283 1854/2214/1283 1869/2240/1283 1870/2226/1283
f 1867/2236/1284 1866/2234/1284 1881/2241/1284 1882/2242/1284
f 1875/2237/1285 1874/2235/1285 1889/2243/1285 1890/2244/1285
f 1868/2238/1286 1867/2236/1286 1882/2242/1286 1883/2245/1286
f 1876/2239/1287 1875/2237/1287 1890/2244/1287 1891/2246/1287
f 1869/2240/1288 1868/2238/1288 1883/2245/1288 1884/2247/1288
f 1877/2224/1289 1876/2239/1289 1891/2246/1289 1892/2248/1289
f 1870/2226/1290 1869/2240/1290 1884/2247/1290 1885/2249/1290
f 1878/2225/1291 1877/2224/1291 1892/2248/1291 1893/2250/1291
f 1871/2227/1292 1870/2226/1292 1885/2249/1292 1886/2251/1292
f 1864/2229/1293 1779/2252/1293 1879/2253/1293
f 1788/2254/1294 1878/2225/1294 1893/2250/1294
f 1872/2231/1295 1871/2227/1295 1886/2251/1295 1887/2255/1295
f 1865/2232/1296 1864/2229/1296 1879/2253/1296 1880/2256/1296
f 1873/2233/1297 1872/2231/1297 1887/2255/1297 1888/2257/1297
f 1866/2234/1298 1865/2232/1298 1880/2256/1298 1881/2241/1298
f 1874/2235/1299 1873/2233/1299 1888/2257/1299 1889/2243/1299
f 1886/2251/1300 1885/2249/1300 1900/2258/1300 1901/2259/1300
f 1879/2253/1301 1779/2260/1301 1894/2261/1301
f 1788/2262/1302 1893/2250/1302 1908/2263/1302
f 1887/2255/1303 1886/2251/1303 1901/2259/1303 1902/2264/1303
f 1880/2256/1304 1879/2253/1304 1894/2261/1304 1895/2265/1304
f 1888/2257/1305 1887/2255/1305 1902/2264/1305 1903/2266/1305
f 1881/2241/1306 1880/2256/1306 1895/2265/1306 1896/2267/1306
f 1889/2243/1307 1888/2257/1307 1903/2266/1307 1904/2268/1307
f 1882/2242/1308 1881/2241/1308 1896/2267/1308 1897/2269/1308
f 1890/2244/1309 1889/2243/1309 1904/2268/1309 1905/2270/1309
f 1883/2245/1310 1882/2242/1310 1897/2269/1310 1898/2271/1310
f 1891/2246/1311 1890/2244/1311 1905/2270/1311 1906/2272/1311
f 1884/2247/1312 1883/2245/1312 1898/2271/1312 1899/2273/1312
f 1892/2248/1313 1891/2246/1313 1906/2272/1313 1907/2274/1313
f 1885/2249/1314 1884/2247/1314 1899/2273/1314 1900/2258/1314
f 1893/2250/1315 1892/2248/1315 1907/2274/1315 1908/2263/1315
f 1905/2270/1316 1904/2268/1316 1919/2275/1316 1920/2276/1316
f 1898/2271/1317 1897/2269/1317 1912/2277/1317 1913/2278/1317
f 1906/2272/1318 1905/2270/1318 1920/2276/1318 1921/2279/1318
f 1899/2273/1319 1898/2271/1319 1913/2278/1319 1914/2280/1319
f 1907/2274/1320 1906/2272/1320 1921/2279/1320 1922/2281/1320
f 1900/2258/1321 1899/2273/1321 1914/2280/1321 1915/2282/1321
f 1908/2263/1322 1907/2274/1322 1922/2281/1322 1923/2283/1322
f 1901/2259/1323 1900/2258/1323 1915/2282/1323 1916/2284/1323
f 1894/2261/1324 1779/2285/1324 1909/2286/1324
f 1788/2287/1325 1908/2263/1325 1923/2283/1325
f 1902/2264/1326 1901/2259/1326 1916/2284/1326 1917/2288/1326
f 1895/2265/1327 1894/2261/1327 1909/2286/1327 1910/2289/1327
f 1903/2266/1328 1902/2264/1328 1917/2288/1328 1918/2290/1328
f 1896/2267/1329 1895/2265/1329 1910/2289/1329 1911/2291/1329
f 1904/2268/1330 1903/2266/1330 1918/2290/1330 1919/2275/1330
f 1897/2269/1331 1896/2267/1331 1911/2291/1331 1912/2277/1331
f 1788/2292/1332 1923/2283/1332 1938/2293/1332
f 1917/2288/1333 1916/2284/1333 1931/2294/1333 1932/2295/1333
f 1910/2289/1334 1909/2286/1334 1924/2296/1334 1925/2297/1334
f 1918/2290/1335 1917/2288/1335 1932/2295/1335 1933/2298/1335
f 1911/2291/1336 1910/2289/1336 1925/2297/1336 1926/2299/1336
f 1919/2275/1337 1918/2290/1337 1933/2298/1337 1934/2300/1337
f 1912/2277/1338 1911/2291/1338 1926/2299/1338 1927/2301/1338
f 1920/2276/1339 1919/2275/1339 1934/2300/1339 1935/2302/1339
f 1913/2278/1340 1912/2277/1340 1927/2301/1340 1928/2303/1340
f 1921/2279/1341 1920/2276/1341 1935/2302/1341 1936/2304/1341
f 1914/2280/1342 1913/2278/1342 1928/2303/1342 1929/2305/1342
f 1922/2281/1343 1921/2279/1343 1936/2304/1343 1937/2306/1343
f 1915/2282/1344 1914/2280/1344 1929/2305/1344 1930/2307/1344
f 1923/2283/1345 1922/2281/1345 1937/2306/1345 1938/2293/1345
f 1916/2284/1346 1915/2282/1346 1930/2307/1346 1931/2294/1346
f 1909/2286/1347 1779/2308/1347 1924/2296/1347
f 1936/2304/1348 1935/2302/1348 1950/2309/1348 1951/2310/1348
f 1929/2305/1349 1928/2303/1349 1943/2311/1349 1944/2312/1349
f 1937/2306/1350 1936/2304/1350 1951/2310/1350 1952/2313/1350
f 1930/2307/1351 1929/2305/1351 1944/2312/1351 1945/2314/1351
f 1938/2293/1352 1937/2306/1352 1952/2313/1352 1953/2315/1352
f 1931/2294/1353 1930/2307/1353 1945/2314/1353 1946/2316/1353
f 1924/2296/1354 1779/2317/1354 1939/2318/1354
f 1788/2319/1355 1938/2293/1355 1953/2315/1355
f 1932/2295/1356 1931/2294/1356 1946/2316/1356 1947/2320/1356
f 1925/2297/1357 1924/2296/1357 1939/2318/1357 1940/2321/1357
f 1933/2298/1358 1932/2295/1358 1947/2320/1358 1948/2322/1358
f 1926/2299/1359 1925/2297/1359 1940/2321/1359 1941/2323/1359
f 1934/2300/1360 1933/2298/1360 1948/2322/1360 1949/2324/1360
f 1927/2301/1361 1926/2299/1361 1941/2323/1361 1942/2325/1361
f 1935/2302/1362 1934/2300/1362 1949/2324/1362 1950/2309/1362
f 1928/2303/1363 1927/2301/1363 1942/2325/1363 1943/2311/1363
f 1940/2321/1364 1939/2318/1364 1954/2326/1364 1955/2327/1364
f 1948/2322/1365 1947/2320/1365 1962/2328/1365 1963/2329/1365
f 1941/2323/1366 1940/2321/1366 1955/2327/1366 1956/2330/1366
f 1949/2324/1367 1948/2322/1367 1963/2329/1367 1964/2331/1367
f 1942/2325/1368 1941/2323/1368 1956/2330/1368 1957/2332/1368
f 1950/2309/1369 1949/2324/1369 1964/2331/1369 1965/2333/1369
f 1943/2311/1370 1942/2325/1370 1957/2332/1370 1958/2334/1370
f 1951/2310/1371 1950/2309/1371 1965/2333/1371 1966/2335/1371
f 1944/2312/1372 1943/2311/1372 1958/2334/1372 1959/2336/1372
f 1952/2313/1373 1951/2310/1373 1966/2335/1373 1967/2337/1373
f 1945/2314/1374 1944/2312/1374 1959/2336/1374 1960/2338/1374
f 1953/2315/1375 1952/2313/1375 1967/2337/1375 1968/2339/1375
f 1946/2316/1376 1945/2314/1376 1960/2338/1376 1961/2340/1376
f 1939/2318/1377 1779/2341/1377 1954/2326/1377
f 1788/2342/1378 1953/2315/1378 1968/2339/1378
f 1947/2320/1379 1946/2316/1379 1961/2340/1379 1962/2328/1379
f 1959/2336/1380 1958/2334/1380 1973/2343/1380 1974/2344/1380
f 1967/2337/1381 1966/2335/1381 1981/2345/1381 1982/2346/1381
f 1960/2338/1382 1959/2336/1382 1974/2344/1382 1975/2347/1382
f 1968/2339/1383 1967/2337/1383 1982/2346/1383 1983/2348/1383
f 1961/2340/1384 1960/2338/1384 1975/2347/1384 1976/2349/1384
f 1954/2326/1385 1779/2350/1385 1969/2351/1385
f 1788/2352/1386 1968/2339/1386 1983/2348/1386
f 1962/2328/1387 1961/2340/1387 1976/2349/1387 1977/2353/1387
f 1955/2327/1388 1954/2326/1388 1969/2351/1388 1970/2354/1388
f 1963/2329/1389 1962/2328/1389 1977/2353/1389 1978/2355/1389
f 1956/2330/1390 1955/2327/1390 1970/2354/1390 1971/2356/1390
f 1964/2331/1391 1963/2329/1391 1978/2355/1391 1979/2357/1391
f 1957/2332/1392 1956/2330/1392 1971/2356/1392 1972/2358/1392
f 1965/2333/1393 1964/2331/1393 1979/2357/1393 1980/2359/1393
f 1958/2334/1394 1957/2332/1394 1972/2358/1394 1973/2343/1394
f 1966/2335/1395 1965/2333/1395 1980/2359/1395 1981/2345/1395
f 1978/2355/1396 1977/2353/1396 1992/2360/1396 1993/2361/1396
f 1971/2356/1397 1970/2354/1397 1985/2362/1397 1986/2363/1397
f 1979/2357/1398 1978/2355/1398 1993/2361/1398 1994/2364/1398
f 1972/2358/1399 1971/2356/1399 1986/2363/1399 1987/2365/1399
f 1980/2359/1400 1979/2357/1400 1994/2364/1400 1995/2366/1400
f 1973/2343/1401 1972/2358/1401 1987/2365/1401 1988/2367/1401
f 1981/2345/1402 1980/2359/1402 1995/2366/1402 1996/2368/1402
f 1974/2344/1403 1973/2343/1403 1988/2367/1403 1989/2369/1403
f 1982/2346/1404 1981/2345/1404 1996/2368/1404 1997/2370/1404
f 1975/2347/1405 1974/2344/1405 1989/2369/1405 1990/2371/1405
f 1983/2348/1406 1982/2346/1406 1997/2370/1406 1998/2372/1406
f 1976/2349/1407 1975/2347/1407 1990/2371/1407 1991/2373/1407
f 1969/2351/1408 1779/2374/1408 1984/2375/1408
f 1788/2376/1409 1983/2348/1409 1998/2372/1409
f 1977/2353/1410 1976/2349/1410 1991/2373/1410 1992/2360/1410
f 1970/2354/1411 1969/2351/1411 1984/2375/1411 1985/2362/1411
f 1997/2370/1412 1996/2368/1412 2011/2377/1412 2012/2378/1412
f 1990/2371/1413 1989/2369/1413 2004/2379/1413 2005/2380/1413
f 1998/2372/1414 1997/2370/1414 2012/2378/1414 2013/2381/1414
f 1991/2373/1415 1990/2371/1415 2005/2380/1415 2006/2382/1415
f 1984/2375/1416 1779/2383/1416 1999/2384/1416
f 1788/2385/1417 1998/2372/1417 2013/2381/1417
f 1992/2360/1418 1991/2373/1418 2006/2382/1418 2007/2386/1418
f 1985/2362/1419 1984/2375/1419 1999/2384/1419 2000/2387/1419
f 1993/2361/1420 1992/2360/1420 2007/2386/1420 2008/2388/1420
f 1986/2363/1421 1985/2362/1421 2000/2387/1421 2001/2389/1421
f 1994/2364/1422 1993/2361/1422 2008/2388/1422 2009/2390/1422
f 1987/2365/1423 1986/2363/1423 2001/2389/1423 2002/2391/1423
f 1995/2366/1424 1994/2364/1424 2009/2390/1424 2010/2392/1424
f 1988/2367/1425 1987/2365/1425 2002/2391/1425 2003/2393/1425
f 1996/2368/1426 1995/2366/1426 2010/2392/1426 2011/2377/1426
f 1989/2369/1427 1988/2367/1427 2003/2393/1427 2004/2379/1427
f 2001/2389/1428 2000/2387/1428 2015/2394/1428 2016/2395/1428
f 2009/2390/1429 2008/2388/1429 2023/2396/1429 2024/2397/1429
f 2002/2391/1430 2001/2389/1430 2016/2395/1430 2017/2398/1430
f 2010/2392/1431 2009/2390/1431 2024/2397/1431 2025/2399/1431
f 2003/2393/1432 2002/2391/1432 2017/2398/1432 2018/2400/1432
f 2011/2377/1433 2010/2392/1433 2025/2399/1433 2026/2401/1433
f 2004/2379/1434 2003/2393/1434 2018/2400/1434 2019/2402/1434
f 2012/2378/1435 2011/2377/1435 2026/2401/1435 2027/2403/1435
f 2005/2380/1436 2004/2379/1436 2019/2402/1436 2020/2404/1436
f 2013/2381/1437 2012/2378/1437 2027/2403/1437 2028/2405/1437
f 2006/2382/1438 2005/2380/1438 2020/2404/1438 2021/2406/1438
f 1999/2384/1439 1779/2407/1439 2014/2408/1439
f 1788/2409/1440 2013/2381/1440 2028/2405/1440
f 2007/2386/1441 2006/2382/1441 2021/2406/1441 2022/2410/1441
f 2000/2387/1442 1999/2384/1442 2014/2408/1442 2015/2394/1442
f 2008/2388/1443 2007/2386/1443 2022/2410/1443 2023/2396/1443
f 2020/2404/1444 2019/2402/1444 2034/2411/1444 2035/2412/1444
f 2028/2405/1445 2027/2403/1445 2042/2413/1445 2043/2414/1445
f 2021/2406/1446 2020/2404/1446 2035/2412/1446 2036/2415/1446
f 2014/2408/1447 1779/2416/1447 2029/2417/1447
f 1788/2418/1448 2028/2405/1448 2043/2414/1448
f 2022/2410/1449 2021/2406/1449 2036/2415/1449 2037/2419/1449
f 2015/2394/1450 2014/2408/1450 2029/2417/1450 2030/2420/1450
f 2023/2396/1451 2022/2410/1451 2037/2419/1451 2038/2421/1451
f 2016/2395/1452 2015/2394/1452 2030/2420/1452 2031/2422/1452
f 2024/2397/1453 2023/2396/1453 2038/2421/1453 2039/2423/1453
f 2017/2398/1454 2016/2395/1454 2031/2422/1454 2032/2424/1454
f 2025/2399/1455 2024/2397/1455 2039/2423/1455 2040/2425/1455
f 2018/2400/1456 2017/2398/1456 2032/2424/1456 2033/2426/1456
f 2026/2401/1457 2025/2399/1457 2040/2425/1457 2041/2427/1457
f 2019/2402/1458 2018/2400/1458 2033/2426/1458 2034/2411/1458
f 2027/2403/1459 2026/2401/1459 2041/2427/1459 2042/2413/1459
f 2039/2423/1460 2038/2421/1460 2053/2428/1460 2054/2429/1460
f 2032/2424/1461 2031/2422/1461 2046/2430/1461 2047/2431/1461
f 2040/2425/1462 2039/2423/1462 2054/2429/1462 2055/2432/1462
f 2033/2426/1463 2032/2424/1463 2047/2431/1463 2048/2433/1463
f 2041/2427/1464 2040/2425/1464 2055/2432/1464 2056/2434/1464
f 2034/2411/1465 2033/2426/1465 2048/2433/1465 2049/2435/1465
f 2042/2413/1466 2041/2427/1466 2056/2434/1466 2057/2436/1466
f 2035/2412/1467 2034/2411/1467 2049/2435/1467 2050/2437/1467
f 2043/2414/1468 2042/2413/1468 2057/2436/1468 2058/2438/1468
f 2036/2415/1469 2035/2412/1469 2050/2437/1469 2051/2439/1469
f 2029/2417/1470 1779/2440/1470 2044/2441/1470
f 1788/2442/1471 2043/2414/1471 2058/2438/1471
f 2037/2419/1472 2036/2415/1472 2051/2439/1472 2052/2443/1472
f 2030/2420/1473 2029/2417/1473 2044/2441/1473 2045/2444/1473
f 2038/2421/1474 2037/2419/1474 2052/2443/1474 2053/2428/1474
f 2031/2422/1475 2030/2420/1475 2045/2444/1475 2046/2430/1475
f 2058/2438/1476 2057/2436/1476 2072/2445/1476 2073/2446/1476
f 2051/2439/1477 2050/2437/1477 2065/2447/1477 2066/2448/1477
f 2044/2441/1478 1779/2449/1478 2059/2450/1478
f 1788/2451/1479 2058/2438/1479 2073/2446/1479
f 2052/2443/1480 2051/2439/1480 2066/2448/1480 2067/2452/1480
f 2045/2444/1481 2044/2441/1481 2059/2450/1481 2060/2453/1481
f 2053/2428/1482 2052/2443/1482 2067/2452/1482 2068/2454/1482
f 2046/2430/1483 2045/2444/1483 2060/2453/1483 2061/2455/1483
f 2054/2429/1484 2053/2428/1484 2068/2454/1484 2069/2456/1484
f 2047/2431/1485 2046/2430/1485 2061/2455/1485 2062/2457/1485
f 2055/2432/1486 2054/2429/1486 2069/2456/1486 2070/2458/1486
f 2048/2433/1487 2047/2431/1487 2062/2457/1487 2063/2459/1487
f 2056/2434/1488 2055/2432/1488 2070/2458/1488 2071/2460/1488
f 2049/2435/1489 2048/2433/1489 2063/2459/1489 2064/2461/1489
f 2057/2436/1490 2056/2434/1490 2071/2460/1490 2072/2445/1490
f 2050/2437/1491 2049/2435/1491 2064/2461/1491 2065/2447/1491
f 2070/2458/1492 2069/2456/1492 2084/2462/1492 2085/2463/1492
f 2063/2459/1493 2062/2457/1493 2077/2464/1493 2078/2465/1493
f 2071/2460/1494 2070/2458/1494 2085/2463/1494 2086/2466/1494
f 2064/2461/1495 2063/2459/1495 2078/2465/1495 2079/2467/1495
f 2072/2445/1496 2071/2460/1496 2086/2466/1496 2087/2468/1496
f 2065/2447/1497 2064/2461/1497 2079/2467/1497 2080/2469/1497
f 2073/2446/1498 2072/2445/1498 2087/2468/1498 2088/2470/1498
f 2066/2448/1499 2065/2447/1499 2080/2469/1499 2081/2471/1499
f 2059/2450/1500 1779/2472/1500 2074/2473/1500
f 1788/2474/1501 2073/2446/1501 2088/2470/1501
f 2067/2452/1502 2066/2448/1502 2081/2471/1502 2082/2475/1502
f 2060/2453/1503 2059/2450/1503 2074/2473/1503 2075/2476/1503
f 2068/2454/1504 2067/2452/1504 2082/2475/1504 2083/2477/1504
f 2061/2455/1505 2060/2453/1505 2075/2476/1505 2076/2478/1505
f 2069/2456/1506 2068/2454/1506 2083/2477/1506 2084/2462/1506
f 2062/2457/1507 2061/2455/1507 2076/2478/1507 2077/2464/1507
f 2074/2473/1508 1779/2479/1508 2089/2480/1508
f 1788/2481/1509 2088/2470/1509 2103/2482/1509
f 2082/2475/1510 2081/2471/1510 2096/2483/1510 2097/2484/1510
f 2075/2476/1511 2074/2473/1511 2089/2480/1511 2090/2485/1511
f 2083/2477/1512 2082/2475/1512 2097/2484/1512 2098/2486/1512
f 2076/2478/1513 2075/2476/1513 2090/2485/1513 2091/2487/1513
f 2084/2462/1514 2083/2477/1514 2098/2486/1514 2099/2488/1514
f 2077/2464/1515 2076/2478/1515 2091/2487/1515 2092/2489/1515
f 2085/2463/1516 2084/2462/1516 2099/2488/1516 2100/2490/1516
f 2078/2465/1517 2077/2464/1517 2092/2489/1517 2093/2491/1517
f 2086/2466/1518 2085/2463/1518 2100/2490/1518 2101/2492/1518
f 2079/2467/1519 2078/2465/1519 2093/2491/1519 2094/2493/1519
f 2087/2468/1520 2086/2466/1520 2101/2492/1520 2102/2494/1520
f 2080/2469/1521 2079/2467/1521 2094/2493/1521 2095/2495/1521
f 2088/2470/1522 2087/2468/1522 2102/2494/1522 2103/2482/1522
f 2081/2471/1523 2080/2469/1523 2095/2495/1523 2096/2483/1523
f 2093/2491/1524 2092/2489/1524 2107/2496/1524 2108/2497/1524
f 2101/2492/1525 2100/2490/1525 2115/2498/1525 2116/2499/1525
f 2094/2493/1526 2093/2491/1526 2108/2497/1526 2109/2500/1526
f 2102/2494/1527 2101/2492/1527 2116/2499/1527 2117/2501/1527
f 2095/2495/1528 2094/2493/1528 2109/2500/1528 2110/2502/1528
f 2103/2482/1529 2102/2494/1529 2117/2501/1529 2118/2503/1529
f 2096/2483/1530 2095/2495/1530 2110/2502/1530 2111/2504/1530
f 2089/2480/1531 1779/2505/1531 2104/2506/1531
f 1788/2507/1532 2103/2482/1532 2118/2503/1532
f 2097/2484/1533 2096/2483/1533 2111/2504/1533 2112/2508/1533
f 2090/2485/1534 2089/2480/1534 2104/2506/1534 2105/2509/1534
f 2098/2486/1535 2097/2484/1535 2112/2508/1535 2113/2510/1535
f 2091/2487/1536 2090/2485/1536 2105/2509/1536 2106/2511/1536
f 2099/2488/1537 2098/2486/1537 2113/2510/1537 2114/2512/1537
f 2092/2489/1538 2091/2487/1538 2106/2511/1538 2107/2496/1538
f 2100/2490/1539 2099/2488/1539 2114/2512/1539 2115/2498/1539
f 2112/2508/1540 2111/2504/1540 2126/2513/1540 2127/2514/1540
f 2105/2509/1541 2104/2506/1541 2119/2515/1541 2120/2516/1541
f 2113/2510/1542 2112/2508/1542 2127/2514/1542 2128/2517/1542
f 2106/2511/1543 2105/2509/1543 2120/2516/1543 2121/2518/1543
f 2114/2512/1544 2113/2510/1544 2128/2517/1544 2129/2519/1544
f 2107/2496/1545 2106/2511/1545 2121/2518/1545 2122/2520/1545
f 2115/2498/1546 2114/2512/1546 2129/2519/1546 2130/2521/1546
f 2108/2497/1547 2107/2496/1547 2122/2520/1547 2123/2522/1547
f 2116/2499/1548 2115/2498/1548 2130/2521/1548 2131/2523/1548
f 2109/2500/1549 2108/2497/1549 2123/2522/1549 2124/2524/1549
f 2117/2501/1550 2116/2499/1550 2131/2523/1550 2132/2525/1550
f 2110/2502/1551 2109/2500/1551 2124/2524/1551 2125/2526/1551
f 2118/2503/1552 2117/2501/1552 2132/2525/1552 2133/2527/1552
f 2111/2504/1553 2110/2502/1553 2125/2526/1553 2126/2513/1553
f 2104/2506/1554 1779/2528/1554 2119/2515/1554
f 1788/2529/1555 2118/2503/1555 2133/2527/1555
f 2131/2523/1556 2130/2521/1556 2145/2530/1556 2146/2531/1556
f 2124/2524/1557 2123/2522/1557 2138/2532/1557 2139/2533/1557
f 2132/2525/1558 2131/2523/1558 2146/2531/1558 2147/2534/1558
f 2125/2526/1559 2124/2524/1559 2139/2533/1559 2140/2535/1559
f 2133/2527/1560 2132/2525/1560 2147/2534/1560 2148/2536/1560
f 2126/2513/1561 2125/2526/1561 2140/2535/1561 2141/2537/1561
f 2119/2515/1562 1779/2538/1562 2134/2539/1562
f 1788/2540/1563 2133/2527/1563 2148/2536/1563
f 2127/2514/1564 2126/2513/1564 2141/2537/1564 2142/2541/1564
f 2120/2516/1565 2119/2515/1565 2134/2539/1565 2135/2542/1565
f 2128/2517/1566 2127/2514/1566 2142/2541/1566 2143/2543/1566
f 2121/2518/1567 2120/2516/1567 2135/2542/1567 2136/2544/1567
f 2129/2519/1568 2128/2517/1568 2143/2543/1568 2144/2545/1568
f 2122/2520/1569 2121/2518/1569 2136/2544/1569 2137/2546/1569
f 2130/2521/1570 2129/2519/1570 2144/2545/1570 2145/2530/1570
f 2123/2522/1571 2122/2520/1571 2137/2546/1571 2138/2532/1571
f 2135/2547/1572 2134/2548/1572 2149/2549/1572 2150/2550/1572
f 2143/2551/1573 2142/2552/1573 2157/2553/1573 2158/2554/1573
f 2136/2555/1574 2135/2547/1574 2150/2550/1574 2151/2556/1574
f 2144/2557/1575 2143/2551/1575 2158/2554/1575 2159/2558/1575
f 2137/2559/1576 2136/2555/1576 2151/2556/1576 2152/2560/1576
f 2145/2561/1577 2144/2557/1577 2159/2558/1577 2160/2562/1577
f 2138/2563/1578 2137/2559/1578 2152/2560/1578 2153/2564/1578
f 2146/2565/1579 2145/2561/1579 2160/2562/1579 2161/2566/1579
f 2139/2567/1580 2138/2563/1580 2153/2564/1580 2154/2568/1580
f 2147/2569/1581 2146/2565/1581 2161/2566/1581 2162/2570/1581
f 2140/2571/1582 2139/2567/1582 2154/2568/1582 2155/2572/1582
f 2148/2573/1583 2147/2569/1583 2162/2570/1583 2163/2574/1583
f 2141/2575/1584 2140/2571/1584 2155/2572/1584 2156/2576/1584
f 2134/2548/1585 1779/2577/1585 2149/2549/1585
f 1788/2578/1586 2148/2573/1586 2163/2574/1586
f 2142/2552/1587 2141/2575/1587 2156/2576/1587 2157/2553/1587
f 2154/2568/1588 2153/2564/1588 2168/2579/1588 2169/2580/1588
f 2162/2570/1589 2161/2566/1589 2176/2581/1589 2177/2582/1589
f 2155/2572/1590 2154/2568/1590 2169/2580/1590 2170/2583/1590
f 2163/2574/1591 2162/2570/1591 2177/2582/1591 2178/2584/1591
f 2156/2576/1592 2155/2572/1592 2170/2583/1592 2171/2585/1592
f 2149/2549/1593 1779/2586/1593 2164/2587/1593
f 1788/2588/1594 2163/2574/1594 2178/2584/1594
f 2157/2553/1595 2156/2576/1595 2171/2585/1595 2172/2589/1595
f 2150/2550/1596 2149/2549/1596 2164/2587/1596 2165/2590/1596
f 2158/2554/1597 2157/2553/1597 2172/2589/1597 2173/2591/1597
f 2151/2556/1598 2150/2550/1598 2165/2590/1598 2166/2592/1598
f 2159/2558/1599 2158/2554/1599 2173/2591/1599 2174/2593/1599
f 2152/2560/1600 2151/2556/1600 2166/2592/1600 2167/2594/1600
f 2160/2562/1601 2159/2558/1601 2174/2593/1601 2175/2595/1601
f 2153/2564/1602 2152/2560/1602 2167/2594/1602 2168/2579/1602
f 2161/2566/1603 2160/2562/1603 2175/2595/1603 2176/2581/1603
f 2173/2591/1604 2172/2589/1604 2187/2596/1604 2188/2597/1604
f 2166/2592/1605 2165/2590/1605 2180/2598/1605 2181/2599/1605
f 2174/2593/1606 2173/2591/1606 2188/2597/1606 2189/2600/1606
f 2167/2594/1607 2166/2592/1607 2181/2599/1607 2182/2601/1607
f 2175/2595/1608 2174/2593/1608 2189/2600/1608 2190/2602/1608
f 2168/2579/1609 2167/2594/1609 2182/2601/1609 2183/2603/1609
f 2176/2581/1610 2175/2595/1610 2190/2602/1610 2191/2604/1610
f 2169/2580/1611 2168/2579/1611 2183/2603/1611 2184/2605/1611
f 2177/2582/1612 2176/2581/1612 2191/2604/1612 2192/2606/1612
f 2170/2583/1613 2169/2580/1613 2184/2605/1613 2185/2607/1613
f 2178/2584/1614 2177/2582/1614 2192/2606/1614 2193/2608/1614
f 2171/2585/1615 2170/2583/1615 2185/2607/1615 2186/2609/1615
f 2164/2587/1616 1779/2610/1616 2179/2611/1616
f 1788/2612/1617 2178/2584/1617 2193/2608/1617
f 2172/2589/1618 2171/2585/1618 2186/2609/1618 2187/2596/1618
f 2165/2590/1619 2164/2587/1619 2179/2611/1619 2180/2598/1619
f 2192/2606/1620 2191/2604/1620 2206/2613/1620 2207/2614/1620
f 2185/2607/1621 2184/2605/1621 2199/2615/1621 2200/2616/1621
f 2193/2608/1622 2192/2606/1622 2207/2614/1622 2208/2617/1622
f 2186/2609/1623 2185/2607/1623 2200/2616/1623 2201/2618/1623
f 2179/2611/1624 1779/2619/1624 2194/2620/1624
f 1788/2621/1625 2193/2608/1625 2208/2617/1625
f 2187/2596/1626 2186/2609/1626 2201/2618/1626 2202/2622/1626
f 2180/2598/1627 2179/2611/1627 2194/2620/1627 2195/2623/1627
f 2188/2597/1628 2187/2596/1628 2202/2622/1628 2203/2624/1628
f 2181/2599/1629 2180/2598/1629 2195/2623/1629 2196/2625/1629
f 2189/2600/1630 2188/2597/1630 2203/2624/1630 2204/2626/1630
f 2182/2601/1631 2181/2599/1631 2196/2625/1631 2197/2627/1631
f 2190/2602/1632 2189/2600/1632 2204/2626/1632 2205/2628/1632
f 2183/2603/1633 2182/2601/1633 2197/2627/1633 2198/2629/1633
f 2191/2604/1634 2190/2602/1634 2205/2628/1634 2206/2613/1634
f 2184/2605/1635 2183/2603/1635 2198/2629/1635 2199/2615/1635
f 2204/2626/1636 2203/2624/1636 2218/2630/1636 2219/2631/1636
f 2197/2627/1637 2196/2625/1637 2211/2632/1637 2212/2633/1637
f 2205/2628/1638 2204/2626/1638 2219/2631/1638 2220/2634/1638
f 2198/2629/1639 2197/2627/1639 2212/2633/1639 2213/2635/1639
f 2206/2613/1640 2205/2628/1640 2220/2634/1640 2221/2636/1640
f 2199/2615/1641 2198/2629/1641 2213/2635/1641 2214/2637/1641
f 2207/2614/1642 2206/2613/1642 2221/2636/1642 2222/2638/1642
f 2200/2616/1643 2199/2615/1643 2214/2637/1643 2215/2639/1643
f 2208/2617/1644 2207/2614/1644 2222/2638/1644 2223/2640/1644
f 2201/2618/1645 2200/2616/1645 2215/2639/1645 2216/2641/1645
f 2194/2620/1646 1779/2642/1646 2209/2643/1646
f 1788/2644/1647 2208/2617/1647 2223/2640/1647
f 2202/2622/1648 2201/2618/1648 2216/2641/1648 2217/2645/1648
f 2195/2623/1649 2194/2620/1649 2209/2643/1649 2210/2646/1649
f 2203/2624/1650 2202/2622/1650 2217/2645/1650 2218/2630/1650
f 2196/2625/1651 2195/2623/1651 2210/2646/1651 2211/2632/1651
f 2223/2640/1652 2222/2638/1652 2237/2647/1652 2238/2648/1652
f 2216/2641/1653 2215/2639/1653 2230/2649/1653 2231/2650/1653
f 2209/2643/1654 1779/2651/1654 2224/2652/1654
f 1788/2653/1655 2223/2640/1655 2238/2648/1655
f 2217/2645/1656 2216/2641/1656 2231/2650/1656 2232/2654/1656
f 2210/2646/1657 2209/2643/1657 2224/2652/1657 2225/2655/1657
f 2218/2630/1658 2217/2645/1658 2232/2654/1658 2233/2656/1658
f 2211/2632/1659 2210/2646/1659 2225/2655/1659 2226/2657/1659
f 2219/2631/1660 2218/2630/1660 2233/2656/1660 2234/2658/1660
f 2212/2633/1661 2211/2632/1661 2226/2657/1661 2227/2659/1661
f 2220/2634/1662 2219/2631/1662 2234/2658/1662 2235/2660/1662
f 2213/2635/1663 2212/2633/1663 2227/2659/1663 2228/2661/1663
f 2221/2636/1664 2220/2634/1664 2235/2660/1664 2236/2662/1664
f 2214/2637/1665 2213/2635/1665 2228/2661/1665 2229/2663/1665
f 2222/2638/1666 2221/2636/1666 2236/2662/1666 2237/2647/1666
f 2215/2639/1667 2214/2637/1667 2229/2663/1667 2230/2649/1667
f 2227/2659/1668 2226/2657/1668 2241/2664/1668 2242/2665/1668
f 2235/2660/1669 2234/2658/1669 2249/2666/1669 2250/2667/1669
f 2228/2661/1670 2227/2659/1670 2242/2665/1670 2243/2668/1670
f 2236/2662/1671 2235/2660/1671 2250/2667/1671 2251/2669/1671
f 2229/2663/1672 2228/2661/1672 2243/2668/1672 2244/2670/1672
f 2237/2647/1673 2236/2662/1673 2251/2669/1673 2252/2671/1673
f 2230/2649/1674 2229/2663/1674 2244/2670/1674 2245/2672/1674
f 2238/2648/1675 2237/2647/1675 2252/2671/1675 2253/2673/1675
f 2231/2650/1676 2230/2649/1676 2245/2672/1676 2246/2674/1676
f 2224/2652/1677 1779/2675/1677 2239/2676/1677
f 1788/2677/1678 2238/2648/1678 2253/2673/1678
f 2232/2654/1679 2231/2650/1679 2246/2674/1679 2247/2678/1679
f 2225/2655/1680 2224/2652/1680 2239/2676/1680 2240/2679/1680
f 2233/2656/1681 2232/2654/1681 2247/2678/1681 2248/2680/1681
f 2226/2657/1682 2225/2655/1682 2240/2679/1682 2241/2664/1682
f 2234/2658/1683 2233/2656/1683 2248/2680/1683 2249/2666/1683
f 2246/2674/1684 2245/2672/1684 2257/2129/1684 1783/2128/1684
f 2239/2676/1685 1779/2681/1685 1780/2132/1685
f 1788/2682/1686 2253/2673/1686 2260/2124/1686
f 2247/2678/1687 2246/2674/1687 1783/2128/1687 1784/2136/1687
f 2240/2679/1688 2239/2676/1688 1780/2132/1688 2254/2138/1688
f 2248/2680/1689 2247/2678/1689 1784/2136/1689 1785/2140/1689
f 2241/2664/1690 2240/2679/1690 2254/2138/1690 1781/2142/1690
f 2249/2666/1691 2248/2680/1691 1785/2140/1691 1786/2144/1691
f 2242/2665/1692 2241/2664/1692 1781/2142/1692 2255/2146/1692
f 2250/2667/1693 2249/2666/1693 1786/2144/1693 2258/2148/1693
f 2243/2668/1694 2242/2665/1694 2255/2146/1694 2256/2150/1694
f 2251/2669/1695 2250/2667/1695 2258/2148/1695 1787/2152/1695
f 2244/2670/1696 2243/2668/1696 2256/2150/1696 1782/2154/1696
f 2252/2671/1697 2251/2669/1697 1787/2152/1697 2259/2125/1697
f 2245/2672/1698 2244/2670/1698 1782/2154/1698 2257/2129/1698
f 2253/2673/1699 2252/2671/1699 2259/2125/1699 2260/2124/1699
o Plane
v -0.300000 1.156440 0.120166
v 0.300000 1.156440 0.120166
v -0.300000 1.343560 -0.760166
v 0.300000 1.343560 -0.760166
vn -0.0000 0.9781 0.2079
vt 0.000000 0.000000
vt 1.000000 0.000000
vt 1.000000 1.000000
vt 0.000000 1.000000
s 0
usemtl Kni_CapeBlue
f 2261/2683/1700 2262/2684/1700 2264/2685/1700 2263/2686/1700
o Cylinder.003
v -0.220000 0.100000 -0.150000
v -0.220000 0.900000 -0.150000
v -0.190736 0.100000 -0.147118
v -0.190736 0.900000 -0.147118
v -0.162597 0.100000 -0.138582
v -0.162597 0.900000 -0.138582
v -0.136664 0.100000 -0.124720
v -0.136664 0.900000 -0.124720
v -0.113934 0.100000 -0.106066
v -0.113934 0.900000 -0.106066
v -0.095280 0.100000 -0.083336
v -0.095280 0.900000 -0.083336
v -0.081418 0.100000 -0.057403
v -0.081418 0.900000 -0.057403
v -0.072882 0.100000 -0.029264
v -0.072882 0.900000 -0.029264
v -0.070000 0.100000 0.000000
v -0.070000 0.900000 0.000000
v -0.072882 0.100000 0.029264
v -0.072882 0.900000 0.029264
v -0.081418 0.100000 0.057403
v -0.081418 0.900000 0.057403
v -0.095280 0.100000 0.083336
v -0.095280 0.900000 0.083336
v -0.113934 0.100000 0.106066
v -0.113934 0.900000 0.106066
v -0.136664 0.100000 0.124720
v -0.136664 0.900000 0.124720
v -0.162597 0.100000 0.138582
v -0.162597 0.900000 0.138582
v -0.190736 0.100000 0.147118
v -0.190736 0.900000 0.147118
v -0.220000 0.100000 0.150000
v -0.220000 0.900000 0.150000
v -0.249264 0.100000 0.147118
v -0.249264 0.900000 0.147118
v -0.277403 0.100000 0.138582
v -0.277403 0.900000 0.138582
v -0.303336 0.100000 0.124720
v -0.303336 0.900000 0.124720
v -0.326066 0.100000 0.106066
v -0.326066 0.900000 0.106066
v -0.344720 0.100000 0.083336
v -0.344720 0.900000 0.083336
v -0.358582 0.100000 0.057403
v -0.358582 0.900000 0.057403
v -0.367118 0.100000 0.029264
v -0.367118 0.900000 0.029264
v -0.370000 0.100000 0.000000
v -0.370000 0.900000 0.000000
v -0.367118 0.100000 -0.029264
v -0.367118 0.900000 -0.029264
v -0.358582 0.100000 -0.057403
v -0.358582 0.900000 -0.057403
v -0.344720 0.100000 -0.083336
v -0.344720 0.900000 -0.083336
v -0.326066 0.100000 -0.106066
v -0.326066 0.900000 -0.106066
v -0.303336 0.100000 -0.124720
v -0.303336 0.900000 -0.124720
v -0.277403 0.100000 -0.138582
v -0.277403 0.900000 -0.138582
v -0.249264 0.100000 -0.147118
v -0.249264 0.900000 -0.147118
vn 0.0980 -0.0000 -0.9952
vn 0.2903 -0.0000 -0.9569
vn 0.4714 -0.0000 -0.8819
vn 0.6344 -0.0000 -0.7730
vn 0.7730 -0.0000 -0.6344
vn 0.8819 -0.0000 -0.4714
vn 0.9569 -0.0000 -0.2903
vn 0.9952 -0.0000 -0.0980
vn 0.9952 -0.0000 0.0980
vn 0.9569 -0.0000 0.2903
vn 0.8819 -0.0000 0.4714
vn 0.7730 -0.0000 0.6344
vn 0.6344 -0.0000 0.7730
vn 0.4714 -0.0000 0.8819
vn 0.2903 -0.0000 0.9569
vn 0.0980 -0.0000 0.9952
vn -0.0980 -0.0000 0.9952
vn -0.2903 -0.0000 0.9569
vn -0.4714 -0.0000 0.8819
vn -0.6344 -0.0000 0.7730
vn -0.7730 -0.0000 0.6344
vn -0.8819 -0.0000 0.4714
vn -0.9569 -0.0000 0.2903
vn -0.9952 -0.0000 0.0980
vn -0.9952 -0.0000 -0.0980
vn -0.9569 -0.0000 -0.2903
vn -0.8819 -0.0000 -0.4714
vn -0.7730 -0.0000 -0.6344
vn -0.6344 -0.0000 -0.7730
vn -0.4714 -0.0000 -0.8819
vn -0.0000 1.0000 -0.0000
vn -0.2903 -0.0000 -0.9569
vn -0.0980 -0.0000 -0.9952
vn -0.0000 -1.0000 -0.0000
vt 1.000000 0.500000
vt 1.000000 1.000000
vt 0.968750 1.000000
vt 0.968750 0.500000
vt 0.937500 1.000000
vt 0.937500 0.500000
vt 0.906250 1.000000
vt 0.906250 0.500000
vt 0.875000 1.000000
vt 0.875000 0.500000
vt 0.843750 1.000000
vt 0.843750 0.500000
vt 0.812500 1.000000
vt 0.812500 0.500000
vt 0.781250 1.000000
vt 0.781250 0.500000
vt 0.750000 1.000000
vt 0.750000 0.500000
vt 0.718750 1.000000
vt 0.718750 0.500000
vt 0.687500 1.000000
vt 0.687500 0.500000
vt 0.656250 1.000000
vt 0.656250 0.500000
vt 0.625000 1.000000
vt 0.625000 0.500000
vt 0.593750 1.000000
vt 0.593750 0.500000
vt 0.562500 1.000000
vt 0.562500 0.500000
vt 0.531250 1.000000
vt 0.531250 0.500000
vt 0.500000 1.000000
vt 0.500000 0.500000
vt 0.468750 1.000000
vt 0.468750 0.500000
vt 0.437500 1.000000
vt 0.437500 0.500000
vt 0.406250 1.000000
vt 0.406250 0.500000
vt 0.375000 1.000000
vt 0.375000 0.500000
vt 0.343750 1.000000
vt 0.343750 0.500000
vt 0.312500 1.000000
vt 0.312500 0.500000
vt 0.281250 1.000000
vt 0.281250 0.500000
vt 0.250000 1.000000
vt 0.250000 0.500000
vt 0.218750 1.000000
vt 0.218750 0.500000
vt 0.187500 1.000000
vt 0.187500 0.500000
vt 0.156250 1.000000
vt 0.156250 0.500000
vt 0.125000 1.000000
vt 0.125000 0.500000
vt 0.093750 1.000000
vt 0.093750 0.500000
vt 0.062500 1.000000
vt 0.062500 0.500000
vt 0.296822 0.485388
vt 0.250000 0.490000
vt 0.203178 0.485388
vt 0.158156 0.471731
vt 0.116663 0.449553
vt 0.080294 0.419706
vt 0.050447 0.383337
vt 0.028269 0.341844
vt 0.014612 0.296822
vt 0.010000 0.250000
vt 0.014612 0.203178
vt 0.028269 0.158156
vt 0.050447 0.116663
vt 0.080294 0.080294
vt 0.116663 0.050447
vt 0.158156 0.028269
vt 0.203178 0.014612
vt 0.250000 0.010000
vt 0.296822 0.014612
vt 0.341844 0.028269
vt 0.383337 0.050447
vt 0.419706 0.080294
vt 0.449553 0.116663
vt 0.471731 0.158156
vt 0.485388 0.203178
vt 0.490000 0.250000
vt 0.485388 0.296822
vt 0.471731 0.341844
vt 0.449553 0.383337
vt 0.419706 0.419706
vt 0.383337 0.449553
vt 0.341844 0.471731
vt 0.031250 1.000000
vt 0.031250 0.500000
vt 0.000000 1.000000
vt 0.000000 0.500000
vt 0.750000 0.490000
vt 0.796822 0.485388
vt 0.841844 0.471731
vt 0.883337 0.449553
vt 0.919706 0.419706
vt 0.949553 0.383337
vt 0.971731 0.341844
vt 0.985388 0.296822
vt 0.990000 0.250000
vt 0.985388 0.203178
vt 0.971731 0.158156
vt 0.949553 0.116663
vt 0.919706 0.080294
vt 0.883337 0.050447
vt 0.841844 0.028269
vt 0.796822 0.014612
vt 0.750000 0.010000
vt 0.703178 0.014612
vt 0.658156 0.028269
vt 0.616663 0.050447
vt 0.580294 0.080294
vt 0.550447 0.116663
vt 0.528269 0.158156
vt 0.514612 0.203178
vt 0.510000 0.250000
vt 0.514612 0.296822
vt 0.528269 0.341844
vt 0.550447 0.383337
vt 0.580294 0.419706
vt 0.616663 0.449553
vt 0.658156 0.471731
vt 0.703178 0.485388
s 0
usemtl Kni_Steel
f 2265/2687/1701 2266/2688/1701 2268/2689/1701 2267/2690/1701
f 2267/2690/1702 2268/2689/1702 2270/2691/1702 2269/2692/1702
f 2269/2692/1703 2270/2691/1703 2272/2693/1703 2271/2694/1703
f 2271/2694/1704 2272/2693/1704 2274/2695/1704 2273/2696/1704
f 2273/2696/1705 2274/2695/1705 2276/2697/1705 2275/2698/1705
f 2275/2698/1706 2276/2697/1706 2278/2699/1706 2277/2700/1706
f 2277/2700/1707 2278/2699/1707 2280/2701/1707 2279/2702/1707
f 2279/2702/1708 2280/2701/1708 2282/2703/1708 2281/2704/1708
f 2281/2704/1709 2282/2703/1709 2284/2705/1709 2283/2706/1709
f 2283/2706/1710 2284/2705/1710 2286/2707/1710 2285/2708/1710
f 2285/2708/1711 2286/2707/1711 2288/2709/1711 2287/2710/1711
f 2287/2710/1712 2288/2709/1712 2290/2711/1712 2289/2712/1712
f 2289/2712/1713 2290/2711/1713 2292/2713/1713 2291/2714/1713
f 2291/2714/1714 2292/2713/1714 2294/2715/1714 2293/2716/1714
f 2293/2716/1715 2294/2715/1715 2296/2717/1715 2295/2718/1715
f 2295/2718/1716 2296/2717/1716 2298/2719/1716 2297/2720/1716
f 2297/2720/1717 2298/2719/1717 2300/2721/1717 2299/2722/1717
f 2299/2722/1718 2300/2721/1718 2302/2723/1718 2301/2724/1718
f 2301/2724/1719 2302/2723/1719 2304/2725/1719 2303/2726/1719
f 2303/2726/1720 2304/2725/1720 2306/2727/1720 2305/2728/1720
f 2305/2728/1721 2306/2727/1721 2308/2729/1721 2307/2730/1721
f 2307/2730/1722 2308/2729/1722 2310/2731/1722 2309/2732/1722
f 2309/2732/1723 2310/2731/1723 2312/2733/1723 2311/2734/1723
f 2311/2734/1724 2312/2733/1724 2314/2735/1724 2313/2736/1724
f 2313/2736/1725 2314/2735/1725 2316/2737/1725 2315/2738/1725
f 2315/2738/1726 2316/2737/1726 2318/2739/1726 2317/2740/1726
f 2317/2740/1727 2318/2739/1727 2320/2741/1727 2319/2742/1727
f 2319/2742/1728 2320/2741/1728 2322/2743/1728 2321/2744/1728
f 2321/2744/1729 2322/2743/1729 2324/2745/1729 2323/2746/1729
f 2323/2746/1730 2324/2745/1730 2326/2747/1730 2325/2748/1730
f 2268/2749/1731 2266/2750/1731 2328/2751/1731 2326/2752/1731 2324/2753/1731 2322/2754/1731 2320/2755/1731 2318/2756/1731 2316/2757/1731 2314/2758/1731 2312/2759/1731 2310/2760/1731 2308/2761/1731 2306/2762/1731 2304/2763/1731 2302/2764/1731 2300/2765/1731 2298/2766/1731 2296/2767/1731 2294/2768/1731 2292/2769/1731 2290/2770/1731 2288/2771/1731 2286/2772/1731 2284/2773/1731 2282/2774/1731 2280/2775/1731 2278/2776/1731 2276/2777/1731 2274/2778/1731 2272/2779/1731 2270/2780/1731
f 2325/2748/1732 2326/2747/1732 2328/2781/1732 2327/2782/1732
f 2327/2782/1733 2328/2781/1733 2266/2783/1733 2265/2784/1733
f 2265/2785/1734 2267/2786/1734 2269/2787/1734 2271/2788/1734 2273/2789/1734 2275/2790/1734 2277/2791/1734 2279/2792/1734 2281/2793/1734 2283/2794/1734 2285/2795/1734 2287/2796/1734 2289/2797/1734 2291/2798/1734 2293/2799/1734 2295/2800/1734 2297/2801/1734 2299/2802/1734 2301/2803/1734 2303/2804/1734 2305/2805/1734 2307/2806/1734 2309/2807/1734 2311/2808/1734 2313/2809/1734 2315/2810/1734 2317/2811/1734 2319/2812/1734 2321/2813/1734 2323/2814/1734 2325/2815/1734 2327/2816/1734
o Cylinder.004
v 0.220000 0.100000 -0.150000
v 0.220000 0.900000 -0.150000
v 0.249264 0.100000 -0.147118
v 0.249264 0.900000 -0.147118
v 0.277403 0.100000 -0.138582
v 0.277403 0.900000 -0.138582
v 0.303336 0.100000 -0.124720
v 0.303336 0.900000 -0.124720
v 0.326066 0.100000 -0.106066
v 0.326066 0.900000 -0.106066
v 0.344720 0.100000 -0.083336
v 0.344720 0.900000 -0.083336
v 0.358582 0.100000 -0.057403
v 0.358582 0.900000 -0.057403
v 0.367118 0.100000 -0.029264
v 0.367118 0.900000 -0.029264
v 0.370000 0.100000 0.000000
v 0.370000 0.900000 0.000000
v 0.367118 0.100000 0.029264
v 0.367118 0.900000 0.029264
v 0.358582 0.100000 0.057403
v 0.358582 0.900000 0.057403
v 0.344720 0.100000 0.083336
v 0.344720 0.900000 0.083336
v 0.326066 0.100000 0.106066
v 0.326066 0.900000 0.106066
v 0.303336 0.100000 0.124720
v 0.303336 0.900000 0.124720
v 0.277403 0.100000 0.138582
v 0.277403 0.900000 0.138582
v 0.249264 0.100000 0.147118
v 0.249264 0.900000 0.147118
v 0.220000 0.100000 0.150000
v 0.220000 0.900000 0.150000
v 0.190736 0.100000 0.147118
v 0.190736 0.900000 0.147118
v 0.162597 0.100000 0.138582
v 0.162597 0.900000 0.138582
v 0.136664 0.100000 0.124720
v 0.136664 0.900000 0.124720
v 0.113934 0.100000 0.106066
v 0.113934 0.900000 0.106066
v 0.095280 0.100000 0.083336
v 0.095280 0.900000 0.083336
v 0.081418 0.100000 0.057403
v 0.081418 0.900000 0.057403
v 0.072882 0.100000 0.029264
v 0.072882 0.900000 0.029264
v 0.070000 0.100000 0.000000
v 0.070000 0.900000 0.000000
v 0.072882 0.100000 -0.029264
v 0.072882 0.900000 -0.029264
v 0.081418 0.100000 -0.057403
v 0.081418 0.900000 -0.057403
v 0.095280 0.100000 -0.083336
v 0.095280 0.900000 -0.083336
v 0.113934 0.100000 -0.106066
v 0.113934 0.900000 -0.106066
v 0.136664 0.100000 -0.124720
v 0.136664 0.900000 -0.124720
v 0.162597 0.100000 -0.138582
v 0.162597 0.900000 -0.138582
v 0.190736 0.100000 -0.147118
v 0.190736 0.900000 -0.147118
vn 0.0980 -0.0000 -0.9952
vn 0.2903 -0.0000 -0.9569
vn 0.4714 -0.0000 -0.8819
vn 0.6344 -0.0000 -0.7730
vn 0.7730 -0.0000 -0.6344
vn 0.8819 -0.0000 -0.4714
vn 0.9569 -0.0000 -0.2903
vn 0.9952 -0.0000 -0.0980
vn 0.9952 -0.0000 0.0980
vn 0.9569 -0.0000 0.2903
vn 0.8819 -0.0000 0.4714
vn 0.7730 -0.0000 0.6344
vn 0.6344 -0.0000 0.7730
vn 0.4714 -0.0000 0.8819
vn 0.2903 -0.0000 0.9569
vn 0.0980 -0.0000 0.9952
vn -0.0980 -0.0000 0.9952
vn -0.2903 -0.0000 0.9569
vn -0.4714 -0.0000 0.8819
vn -0.6344 -0.0000 0.7730
vn -0.7730 -0.0000 0.6344
vn -0.8819 -0.0000 0.4714
vn -0.9569 -0.0000 0.2903
vn -0.9952 -0.0000 0.0980
vn -0.9952 -0.0000 -0.0980
vn -0.9569 -0.0000 -0.2903
vn -0.8819 -0.0000 -0.4714
vn -0.7730 -0.0000 -0.6344
vn -0.6344 -0.0000 -0.7730
vn -0.4714 -0.0000 -0.8819
vn -0.0000 1.0000 -0.0000
vn -0.2903 -0.0000 -0.9569
vn -0.0980 -0.0000 -0.9952
vn -0.0000 -1.0000 -0.0000
vt 1.000000 0.500000
vt 1.000000 1.000000
vt 0.968750 1.000000
vt 0.968750 0.500000
vt 0.937500 1.000000
vt 0.937500 0.500000
vt 0.906250 1.000000
vt 0.906250 0.500000
vt 0.875000 1.000000
vt 0.875000 0.500000
vt 0.843750 1.000000
vt 0.843750 0.500000
vt 0.812500 1.000000
vt 0.812500 0.500000
vt 0.781250 1.000000
vt 0.781250 0.500000
vt 0.750000 1.000000
vt 0.750000 0.500000
vt 0.718750 1.000000
vt 0.718750 0.500000
vt 0.687500 1.000000
vt 0.687500 0.500000
vt 0.656250 1.000000
vt 0.656250 0.500000
vt 0.625000 1.000000
vt 0.625000 0.500000
vt 0.593750 1.000000
vt 0.593750 0.500000
vt 0.562500 1.000000
vt 0.562500 0.500000
vt 0.531250 1.000000
vt 0.531250 0.500000
vt 0.500000 1.000000
vt 0.500000 0.500000
vt 0.468750 1.000000
vt 0.468750 0.500000
vt 0.437500 1.000000
vt 0.437500 0.500000
vt 0.406250 1.000000
vt 0.406250 0.500000
vt 0.375000 1.000000
vt 0.375000 0.500000
vt 0.343750 1.000000
vt 0.343750 0.500000
vt 0.312500 1.000000
vt 0.312500 0.500000
vt 0.281250 1.000000
vt 0.281250 0.500000
vt 0.250000 1.000000
vt 0.250000 0.500000
vt 0.218750 1.000000
vt 0.218750 0.500000
vt 0.187500 1.000000
vt 0.187500 0.500000
vt 0.156250 1.000000
vt 0.156250 0.500000
vt 0.125000 1.000000
vt 0.125000 0.500000
vt 0.093750 1.000000
vt 0.093750 0.500000
vt 0.062500 1.000000
vt 0.062500 0.500000
vt 0.296822 0.485388
vt 0.250000 0.490000
vt 0.203178 0.485388
vt 0.158156 0.471731
vt 0.116663 0.449553
vt 0.080294 0.419706
vt 0.050447 0.383337
vt 0.028269 0.341844
vt 0.014612 0.296822
vt 0.010000 0.250000
vt 0.014612 0.203178
vt 0.028269 0.158156
vt 0.050447 0.116663
vt 0.080294 0.080294
vt 0.116663 0.050447
vt 0.158156 0.028269
vt 0.203178 0.014612
vt 0.250000 0.010000
vt 0.296822 0.014612
vt 0.341844 0.028269
vt 0.383337 0.050447
vt 0.419706 0.080294
vt 0.449553 0.116663
vt 0.471731 0.158156
vt 0.485388 0.203178
vt 0.490000 0.250000
vt 0.485388 0.296822
vt 0.471731 0.341844
vt 0.449553 0.383337
vt 0.419706 0.419706
vt 0.383337 0.449553
vt 0.341844 0.471731
vt 0.031250 1.000000
vt 0.031250 0.500000
vt 0.000000 1.000000
vt 0.000000 0.500000
vt 0.750000 0.490000
vt 0.796822 0.485388
vt 0.841844 0.471731
vt 0.883337 0.449553
vt 0.919706 0.419706
vt 0.949553 0.383337
vt 0.971731 0.341844
vt 0.985388 0.296822
vt 0.990000 0.250000
vt 0.985388 0.203178
vt 0.971731 0.158156
vt 0.949553 0.116663
vt 0.919706 0.080294
vt 0.883337 0.050447
vt 0.841844 0.028269
vt 0.796822 0.014612
vt 0.750000 0.010000
vt 0.703178 0.014612
vt 0.658156 0.028269
vt 0.616663 0.050447
vt 0.580294 0.080294
vt 0.550447 0.116663
vt 0.528269 0.158156
vt 0.514612 0.203178
vt 0.510000 0.250000
vt 0.514612 0.296822
vt 0.528269 0.341844
vt 0.550447 0.383337
vt 0.580294 0.419706
vt 0.616663 0.449553
vt 0.658156 0.471731
vt 0.703178 0.485388
s 0
usemtl Kni_Steel
f 2329/2817/1735 2330/2818/1735 2332/2819/1735 2331/2820/1735
f 2331/2820/1736 2332/2819/1736 2334/2821/1736 2333/2822/1736
f 2333/2822/1737 2334/2821/1737 2336/2823/1737 2335/2824/1737
f 2335/2824/1738 2336/2823/1738 2338/2825/1738 2337/2826/1738
f 2337/2826/1739 2338/2825/1739 2340/2827/1739 2339/2828/1739
f 2339/2828/1740 2340/2827/1740 2342/2829/1740 2341/2830/1740
f 2341/2830/1741 2342/2829/1741 2344/2831/1741 2343/2832/1741
f 2343/2832/1742 2344/2831/1742 2346/2833/1742 2345/2834/1742
f 2345/2834/1743 2346/2833/1743 2348/2835/1743 2347/2836/1743
f 2347/2836/1744 2348/2835/1744 2350/2837/1744 2349/2838/1744
f 2349/2838/1745 2350/2837/1745 2352/2839/1745 2351/2840/1745
f 2351/2840/1746 2352/2839/1746 2354/2841/1746 2353/2842/1746
f 2353/2842/1747 2354/2841/1747 2356/2843/1747 2355/2844/1747
f 2355/2844/1748 2356/2843/1748 2358/2845/1748 2357/2846/1748
f 2357/2846/1749 2358/2845/1749 2360/2847/1749 2359/2848/1749
f 2359/2848/1750 2360/2847/1750 2362/2849/1750 2361/2850/1750
f 2361/2850/1751 2362/2849/1751 2364/2851/1751 2363/2852/1751
f 2363/2852/1752 2364/2851/1752 2366/2853/1752 2365/2854/1752
f 2365/2854/1753 2366/2853/1753 2368/2855/1753 2367/2856/1753
f 2367/2856/1754 2368/2855/1754 2370/2857/1754 2369/2858/1754
f 2369/2858/1755 2370/2857/1755 2372/2859/1755 2371/2860/1755
f 2371/2860/1756 2372/2859/1756 2374/2861/1756 2373/2862/1756
f 2373/2862/1757 2374/2861/1757 2376/2863/1757 2375/2864/1757
f 2375/2864/1758 2376/2863/1758 2378/2865/1758 2377/2866/1758
f 2377/2866/1759 2378/2865/1759 2380/2867/1759 2379/2868/1759
f 2379/2868/1760 2380/2867/1760 2382/2869/1760 2381/2870/1760
f 2381/2870/1761 2382/2869/1761 2384/2871/1761 2383/2872/1761
f 2383/2872/1762 2384/2871/1762 2386/2873/1762 2385/2874/1762
f 2385/2874/1763 2386/2873/1763 2388/2875/1763 2387/2876/1763
f 2387/2876/1764 2388/2875/1764 2390/2877/1764 2389/2878/1764
f 2332/2879/1765 2330/2880/1765 2392/2881/1765 2390/2882/1765 2388/2883/1765 2386/2884/1765 2384/2885/1765 2382/2886/1765 2380/2887/1765 2378/2888/1765 2376/2889/1765 2374/2890/1765 2372/2891/1765 2370/2892/1765 2368/2893/1765 2366/2894/1765 2364/2895/1765 2362/2896/1765 2360/2897/1765 2358/2898/1765 2356/2899/1765 2354/2900/1765 2352/2901/1765 2350/2902/1765 2348/2903/1765 2346/2904/1765 2344/2905/1765 2342/2906/1765 2340/2907/1765 2338/2908/1765 2336/2909/1765 2334/2910/1765
f 2389/2878/1766 2390/2877/1766 2392/2911/1766 2391/2912/1766
f 2391/2912/1767 2392/2911/1767 2330/2913/1767 2329/2914/1767
f 2329/2915/1768 2331/2916/1768 2333/2917/1768 2335/2918/1768 2337/2919/1768 2339/2920/1768 2341/2921/1768 2343/2922/1768 2345/2923/1768 2347/2924/1768 2349/2925/1768 2351/2926/1768 2353/2927/1768 2355/2928/1768 2357/2929/1768 2359/2930/1768 2361/2931/1768 2363/2932/1768 2365/2933/1768 2367/2934/1768 2369/2935/1768 2371/2936/1768 2373/2937/1768 2375/2938/1768 2377/2939/1768 2379/2940/1768 2381/2941/1768 2383/2942/1768 2385/2943/1768 2387/2944/1768 2389/2945/1768 2391/2946/1768
