# Blender 5.2.1 LTS
# www.blender.org
mtllib prof_boss_leg_l.mtl
o BossProf.001
v -0.118836 -0.028608 -0.175997
v -0.134455 -0.035284 -0.151604
v -0.115010 -0.054495 -0.148934
v -0.101431 -0.053989 -0.165487
v -0.138978 -0.029060 0.169545
v -0.119526 -0.068978 0.116507
v -0.114503 -0.215704 -0.050571
v -0.119630 -0.074695 -0.113424
v -0.123494 -0.062834 -0.117025
v -0.102788 -0.032166 0.170517
v -0.102721 -0.024467 0.179976
v -0.100209 -0.045745 0.148394
v -0.070538 -0.035026 0.158825
v -0.113058 -0.053483 0.139326
v -0.119156 -0.160651 0.063762
v -0.117516 -0.095195 0.093975
v -0.102135 -0.075780 0.121104
v -0.097144 -0.068702 0.128043
v -0.073250 -0.086667 0.138292
v -0.107615 -0.089827 0.108364
v -0.115848 -0.079981 0.107324
v -0.088950 -0.093879 0.123787
v -0.083119 -0.069114 0.135139
v -0.079236 -0.045874 0.151016
v -0.103251 -0.002742 0.197053
v -0.088891 -0.057218 0.145255
v -0.070096 -0.025463 0.177085
v -0.086068 -0.015814 0.182795
v -0.061569 0.005681 0.184761
v -0.062436 -0.005620 0.181523
v -0.032444 -0.011396 0.180171
v -0.054515 -0.018718 0.181056
v -0.049530 -0.028484 0.165838
v -0.060102 -0.041174 0.156033
v -0.059686 -0.058083 0.157849
v -0.074748 -0.057993 0.151861
v -0.070097 -0.068158 0.142500
v -0.055642 -0.067600 0.150937
v -0.089151 -0.008526 -0.205344
v -0.074400 0.003405 -0.214480
v -0.070999 -0.011253 -0.207702
v -0.106925 -0.018270 -0.192910
v -0.054301 0.011154 -0.219683
v -0.064939 -0.004915 -0.215417
v -0.051496 -0.014166 -0.212809
v -0.042949 0.001231 -0.214622
v -0.041858 -0.019917 -0.210738
v -0.085113 -0.055111 -0.175313
v -0.067082 -0.038215 -0.192440
v -0.065076 -0.057261 -0.184353
v -0.050389 -0.054454 -0.190593
v -0.091578 -0.067112 -0.153742
v -0.026509 0.003585 0.176887
v -0.014599 -0.016953 0.176557
v 0.014074 0.001899 0.170735
v 0.015414 -0.011102 0.173723
v -0.041911 -0.031805 0.164857
v -0.108063 -0.166748 0.080645
v -0.108689 -0.213554 0.052104
v -0.117860 -0.207393 0.029912
v -0.092438 -0.246314 0.063913
v -0.097297 -0.265749 0.039509
v -0.120354 -0.207555 0.025228
v -0.121304 -0.206642 0.015506
v -0.100289 -0.273542 0.017325
v -0.108360 -0.243847 0.023124
v -0.104794 -0.267564 0.013883
v -0.113867 -0.232888 0.021150
v -0.112446 -0.243478 0.009484
v -0.120426 -0.142298 -0.079107
v -0.102776 -0.224133 -0.079338
v -0.111007 -0.165726 -0.088510
v -0.106794 -0.066313 -0.140298
v -0.108011 -0.111338 -0.114132
v -0.094459 -0.186572 -0.106229
v -0.089157 -0.085866 -0.149905
v -0.078259 -0.070197 -0.160227
v -0.060675 -0.070457 -0.166774
v -0.070460 -0.084858 -0.164365
v -0.087405 -0.118149 -0.135184
v -0.072759 -0.131508 -0.143448
v -0.034847 -0.110375 -0.173783
v -0.052561 -0.083173 -0.172309
v -0.027227 -0.087621 -0.179282
v -0.049848 -0.023964 -0.202962
v -0.017990 -0.016699 -0.206327
v -0.037295 -0.034588 -0.197978
v -0.026865 -0.033376 -0.205284
v -0.024353 -0.028871 -0.207360
v 0.063260 0.001472 -0.182305
v -0.115366 -0.228273 0.006151
v -0.116889 -0.221870 -0.024270
v -0.102992 -0.271570 -0.001517
v -0.096736 -0.299489 -0.030701
v -0.104900 -0.270033 0.004585
v -0.098551 -0.291877 0.009901
v -0.093750 -0.304756 0.012870
v -0.094258 -0.318385 0.006356
v -0.093459 -0.329685 -0.003660
v -0.094456 -0.313992 -0.007635
v -0.097249 -0.302989 -0.000878
v -0.089564 -0.351478 0.001884
v -0.089076 -0.356375 -0.041553
v -0.097498 -0.288032 -0.048983
v -0.081313 -0.406837 -0.039860
v -0.086983 -0.374343 -0.010513
v -0.086614 -0.350418 0.007519
v -0.082872 -0.398007 -0.010826
v -0.085296 -0.377579 -0.000971
v -0.084699 -0.321936 0.045218
v -0.078170 -0.213088 0.095614
v -0.076271 -0.328011 0.062560
v -0.082306 -0.376845 0.003127
v -0.071939 -0.391845 0.027090
v -0.071117 -0.364444 0.052289
v -0.077443 -0.412083 -0.061871
v -0.086727 -0.417571 -0.048738
v -0.087557 -0.418669 -0.037469
v -0.083560 -0.424905 -0.066194
v -0.074076 -0.413572 -0.072678
v -0.083121 -0.418012 -0.063038
v -0.069207 -0.414629 -0.084674
v -0.092764 -0.291422 -0.066014
v -0.078675 -0.320324 -0.091440
v -0.047736 -0.135674 -0.160358
v -0.060357 -0.216588 -0.135003
v -0.033618 -0.199950 -0.157518
v -0.081649 -0.216162 -0.114127
v -0.056482 -0.278805 -0.127325
v -0.060066 -0.301558 -0.120507
v -0.066548 -0.336928 -0.107151
v -0.055219 -0.340771 -0.119630
v -0.076887 -0.359134 -0.084477
v -0.063791 -0.414125 -0.092545
v -0.038660 -0.337437 -0.133891
v -0.051139 -0.381642 -0.115569
v -0.069617 -0.421220 -0.097403
v -0.055499 -0.415823 -0.105359
v -0.077257 -0.421101 -0.084489
v -0.074137 -0.432580 -0.065963
v -0.086210 -0.416443 -0.026412
v -0.083768 -0.413920 -0.007570
v -0.077634 -0.428343 -0.042924
v -0.065462 -0.480446 -0.062247
v -0.069508 -0.464395 -0.031658
v -0.075864 -0.425389 -0.025216
v -0.076275 -0.426132 -0.011353
v -0.079885 -0.399557 -0.001276
v -0.076234 -0.408951 0.004780
v -0.073207 -0.423795 -0.004468
v -0.070253 -0.442347 -0.005349
v -0.073707 -0.441553 -0.014331
v -0.069751 -0.478982 -0.023337
v -0.069558 -0.492188 -0.054335
v -0.069438 -0.469987 -0.012314
v -0.050430 -0.421225 0.045895
v -0.063264 -0.441277 0.015078
v -0.037808 -0.471070 0.027048
v -0.067405 -0.499216 -0.048472
v -0.060436 -0.508597 -0.077494
v -0.064993 -0.441332 -0.083382
v -0.068419 -0.436179 -0.084536
v -0.076338 -0.427602 -0.090650
v -0.062825 -0.422086 -0.106982
v -0.070704 -0.434629 -0.096289
v -0.055417 -0.444006 -0.115580
v -0.055929 -0.424830 -0.115847
v -0.047595 -0.436842 -0.116424
v -0.052557 -0.489897 -0.087226
v -0.062735 -0.501630 -0.076087
v -0.045678 -0.460705 -0.107951
v -0.043256 -0.466621 -0.105485
v -0.039156 -0.489832 -0.102562
v -0.019733 -0.489566 -0.125092
v -0.057901 -0.446777 -0.110100
v -0.049691 -0.419690 -0.120212
v -0.042945 -0.428281 -0.126677
v -0.038880 -0.422329 -0.132050
v -0.045001 -0.413797 -0.115098
v -0.020985 -0.348399 -0.141407
v -0.027412 -0.286158 -0.146527
v -0.012306 -0.197680 -0.169263
v 0.014311 -0.255317 -0.166645
v -0.009572 -0.130884 -0.178471
v 0.007856 -0.186172 -0.177570
v 0.002586 -0.220164 -0.170429
v 0.016624 -0.127644 -0.183361
v -0.007931 -0.093062 -0.181819
v 0.035428 -0.080045 -0.178900
v 0.044651 -0.129296 -0.181905
v 0.041262 -0.088228 -0.177706
v 0.059013 -0.087637 -0.171195
v 0.078323 -0.086642 -0.159030
v 0.070206 -0.121055 -0.172431
v -0.028830 -0.398561 -0.129385
v -0.027584 -0.412926 -0.128783
v -0.017488 -0.410337 -0.133556
v -0.035465 -0.414200 -0.124379
v -0.040390 -0.434509 -0.120486
v -0.023806 -0.419072 -0.140458
v -0.025205 -0.429060 -0.139726
v -0.010660 -0.439586 -0.134413
v -0.031100 -0.440335 -0.123530
v -0.020349 -0.445600 -0.129190
v -0.025110 -0.456124 -0.139234
v 0.006057 -0.435057 -0.150211
v -0.010349 -0.420408 -0.148844
v 0.000779 -0.427659 -0.152826
v -0.002848 -0.406859 -0.140421
v -0.005150 -0.401654 -0.137224
v 0.012927 -0.389595 -0.140826
v 0.001047 -0.355081 -0.145713
v -0.004798 -0.306658 -0.152505
v 0.019590 -0.330119 -0.151032
v 0.042594 -0.335133 -0.147571
v 0.037932 -0.279517 -0.162603
v 0.032667 -0.194239 -0.179884
v 0.045775 -0.243265 -0.169580
v 0.057041 -0.265011 -0.162637
v 0.051725 -0.194691 -0.177539
v 0.080725 -0.192814 -0.164340
v 0.086627 -0.240108 -0.151963
v 0.094600 -0.183770 -0.154249
v 0.066938 -0.212579 -0.169077
v 0.076804 -0.281209 -0.150171
v 0.096145 -0.282353 -0.133073
v 0.057350 -0.345757 -0.140904
v 0.070766 -0.341190 -0.135913
v 0.062078 -0.361746 -0.138918
v 0.023054 -0.389442 -0.142920
v 0.038973 -0.376075 -0.141814
v 0.083285 -0.344984 -0.128620
v 0.013649 -0.405987 -0.149178
v 0.015595 -0.420804 -0.150862
v 0.063679 -0.375610 -0.142292
v 0.049990 -0.391741 -0.144779
v 0.086767 -0.333548 -0.126146
v 0.104887 -0.254283 -0.128609
v 0.113765 -0.279066 -0.106429
v 0.103105 -0.328249 -0.108257
v 0.099465 -0.354197 -0.121547
v 0.082946 -0.362601 -0.133501
v 0.034551 -0.394360 -0.149030
v 0.043272 -0.409653 -0.137809
v 0.062583 -0.395582 -0.130763
v 0.061881 -0.386205 -0.139456
v 0.033698 -0.421672 -0.141595
v 0.060188 -0.427873 -0.132438
v 0.065301 -0.413093 -0.126630
v 0.083714 -0.399271 -0.114840
v 0.088873 -0.380266 -0.115036
v 0.077545 -0.383558 -0.124790
v 0.076774 -0.373985 -0.135526
v 0.096857 -0.399761 -0.101794
v 0.092768 -0.424356 -0.108401
v 0.103359 -0.417220 -0.095042
v 0.099922 -0.375357 -0.104259
v 0.109466 -0.356518 -0.109320
v 0.111815 -0.344857 -0.107830
v 0.095034 -0.365325 -0.122679
v -0.059843 -0.186997 0.119234
v -0.094784 -0.171105 0.094986
v -0.090802 -0.139176 0.109669
v -0.070845 -0.125403 0.128330
v -0.037813 -0.155900 0.138502
v -0.044167 -0.097640 0.149980
v -0.001566 -0.184234 0.146459
v -0.030010 -0.240860 0.127841
v -0.017347 -0.257036 0.128590
v 0.001292 -0.231529 0.136916
v 0.024670 -0.189957 0.146876
v 0.004197 -0.278436 0.126615
v -0.042980 -0.259237 0.117672
v -0.016740 -0.300984 0.118233
v 0.024806 -0.283710 0.123275
v 0.036933 -0.189253 0.145422
v 0.063894 -0.243911 0.124076
v 0.045689 -0.261360 0.124800
v -0.012016 -0.126258 0.154087
v 0.013086 -0.121311 0.159109
v -0.008330 -0.104311 0.162472
v -0.042129 -0.071179 0.156243
v -0.083898 -0.280144 -0.092982
v -0.070567 -0.301422 0.081174
v -0.058157 -0.260491 0.105345
v -0.054282 -0.309901 0.095623
v -0.061907 -0.356451 0.072131
v -0.046135 -0.369058 0.083571
v -0.029431 -0.387236 0.086182
v -0.038064 -0.354228 0.094515
v -0.005169 -0.414567 0.081326
v -0.036565 -0.400734 0.073166
v -0.016627 -0.374812 0.095896
v 0.000904 -0.403480 0.088520
v -0.029229 -0.420632 0.064423
v -0.050692 -0.389834 0.067266
v -0.057818 -0.405423 0.045943
v -0.025846 -0.442744 0.056783
v -0.002651 -0.482905 0.058321
v 0.012948 -0.473370 0.071597
v 0.012892 -0.432928 0.082475
v 0.019701 -0.392827 0.092289
v 0.024636 -0.419732 0.089354
v 0.021385 -0.495434 0.065796
v 0.038895 -0.469114 0.074611
v 0.045830 -0.426889 0.085881
v 0.006668 -0.486688 0.063374
v 0.012994 -0.525560 0.047080
v -0.003924 -0.524369 0.042075
v -0.011782 -0.503776 0.040695
v -0.017574 -0.521219 0.038098
v 0.006306 -0.509766 0.046992
v -0.010241 -0.494346 0.045110
v -0.024908 -0.492200 0.034733
v -0.037096 -0.484611 0.023546
v -0.035210 -0.513830 0.026040
v -0.024424 -0.526310 0.031699
v -0.008635 -0.536617 0.031021
v -0.018049 -0.545578 0.022688
v -0.007040 -0.550737 0.026029
v 0.018717 -0.539678 0.033808
v 0.011687 -0.534374 0.036259
v 0.019426 -0.529794 0.045014
v 0.039198 -0.556677 0.035498
v 0.019695 -0.513874 0.051477
v 0.043707 -0.534054 0.042512
v 0.032113 -0.497990 0.067070
v 0.040909 -0.513797 0.059389
v 0.038195 -0.527902 0.054145
v 0.056758 -0.527992 0.057247
v 0.051124 -0.506105 0.061037
v 0.059495 -0.460873 0.073214
v 0.080201 -0.479064 0.057682
v 0.057105 -0.487450 0.062371
v 0.068426 -0.534026 0.049135
v 0.070272 -0.538273 0.034476
v 0.087740 -0.538136 0.037035
v 0.073399 -0.517269 0.052374
v 0.085787 -0.534193 0.040867
v 0.046608 -0.541557 0.037627
v 0.058870 -0.563127 0.036104
v 0.004647 -0.550543 0.029461
v -0.034650 -0.526827 0.021040
v -0.042379 -0.527527 0.006973
v -0.049078 -0.495507 0.002195
v -0.039254 -0.545251 -0.000631
v -0.049179 -0.516586 -0.018192
v -0.048833 -0.509470 -0.006711
v -0.051888 -0.520088 -0.028216
v -0.057672 -0.506183 -0.022883
v -0.053947 -0.514954 -0.047494
v -0.050141 -0.536060 -0.028604
v -0.064489 -0.491785 -0.016828
v -0.066963 -0.492445 -0.024540
v -0.055463 -0.505743 -0.090340
v -0.048743 -0.523761 -0.082844
v -0.037735 -0.503665 -0.107470
v -0.045737 -0.511517 -0.105359
v -0.043220 -0.520670 -0.110380
v -0.035165 -0.545819 -0.112576
v -0.035012 -0.459328 -0.134188
v -0.032879 -0.468815 -0.130863
v -0.037330 -0.450497 -0.129888
v -0.022350 -0.472190 -0.143385
v -0.037730 -0.534015 -0.110575
v -0.032006 -0.520113 -0.124612
v -0.047736 -0.530954 -0.076596
v -0.024154 -0.504996 -0.118795
v -0.003700 -0.508630 -0.138454
v -0.003625 -0.482725 -0.153408
v -0.010520 -0.463211 -0.149124
v -0.064709 -0.472738 -0.007198
v -0.021753 -0.355043 0.101706
v -0.009614 -0.351579 0.105598
v 0.009364 -0.343752 0.108121
v 0.027690 -0.371195 0.096859
v 0.068972 -0.439150 0.075425
v 0.058528 -0.183534 0.140370
v 0.043302 -0.304000 0.110654
v 0.074730 -0.275252 0.108074
v 0.068634 -0.312873 0.094233
v 0.093851 -0.249111 0.105018
v 0.080589 -0.187937 0.129250
v 0.081964 -0.226460 0.119205
v 0.026578 -0.104081 0.166042
v 0.027380 -0.120669 0.158753
v 0.047069 -0.117986 0.156327
v 0.009815 -0.102009 0.166086
v -0.021815 -0.075321 0.162194
v 0.007278 -0.077807 0.167445
v 0.044110 -0.099847 0.164440
v 0.016508 -0.026059 0.170845
v -0.011555 -0.025433 0.170168
v -0.037310 -0.045628 0.163683
v 0.066329 -0.096452 0.159052
v 0.076553 -0.031915 0.156957
v -0.034088 -0.062743 0.163224
v -0.048833 -0.058317 0.161110
v -0.056425 -0.497007 -0.012704
v -0.008288 -0.039653 -0.202289
v -0.018798 -0.046239 -0.196440
v -0.015850 -0.060023 -0.189666
v -0.040329 -0.073606 -0.171567
v -0.027765 -0.074355 -0.174040
v 0.016136 -0.041696 -0.199202
v 0.017108 -0.007345 -0.204845
v 0.017091 -0.067148 -0.187715
v -0.030412 -0.065235 -0.183205
v 0.005183 -0.078017 -0.178159
v -0.010468 -0.076950 -0.175955
v 0.016581 -0.051949 -0.193384
v 0.018604 -0.021143 -0.200356
v 0.040986 -0.013039 -0.194048
v -0.027366 -0.025465 0.168155
v -0.048917 -0.542808 -0.062110
v -0.030283 -0.533323 -0.130322
v -0.046241 -0.550782 -0.082859
v -0.031804 -0.587677 -0.131817
v -0.018883 -0.600183 -0.152704
v -0.035318 -0.604330 -0.126949
v -0.041416 -0.600710 -0.101893
v -0.020341 -0.558377 -0.140668
v 0.001837 -0.475917 -0.157801
v 0.004060 -0.467363 -0.153622
v -0.013802 -0.469909 -0.150405
v -0.006998 -0.451762 -0.134926
v -0.006540 -0.445565 -0.133850
v 0.034133 -0.435154 -0.153719
v 0.025727 -0.414057 -0.147095
v 0.028100 -0.428556 -0.152193
v 0.007171 -0.457111 -0.138239
v 0.058410 -0.434312 -0.147292
v 0.046151 -0.441500 -0.151753
v 0.017754 -0.447659 -0.140699
v 0.021470 -0.465173 -0.145040
v 0.035531 -0.450471 -0.143678
v 0.059341 -0.440546 -0.149904
v 0.073130 -0.439084 -0.143953
v 0.068415 -0.448678 -0.145475
v 0.049026 -0.454707 -0.143297
v 0.028596 -0.461250 -0.143802
v 0.059223 -0.466455 -0.140565
v 0.035176 -0.470671 -0.146977
v 0.023818 -0.475566 -0.159439
v 0.013241 -0.483289 -0.161620
v 0.029931 -0.485649 -0.163658
v 0.050390 -0.483449 -0.158377
v 0.011495 -0.490852 -0.159140
v 0.024374 -0.509467 -0.157372
v -0.000318 -0.495462 -0.145474
v 0.007056 -0.505921 -0.147041
v -0.015745 -0.513703 -0.130070
v -0.003700 -0.520998 -0.142973
v -0.023415 -0.527562 -0.136469
v -0.001132 -0.542277 -0.156998
v -0.015243 -0.538325 -0.147691
v 0.009123 -0.524976 -0.152639
v 0.044025 -0.509457 -0.164624
v 0.058559 -0.494867 -0.163108
v 0.051957 -0.475987 -0.143859
v 0.109687 -0.404097 -0.081361
v 0.110500 -0.375426 -0.086592
v 0.120947 -0.331819 -0.090734
v 0.126563 -0.328748 -0.078948
v 0.124981 -0.338159 -0.079526
v 0.117364 -0.348860 -0.098388
v 0.118494 -0.353411 -0.078226
v 0.116234 -0.374681 -0.067150
v 0.120722 -0.343110 -0.060415
v 0.114768 -0.313399 -0.089004
v 0.131077 -0.324412 -0.060825
v 0.132315 -0.313159 -0.058521
v 0.120072 -0.313598 -0.079453
v 0.124592 -0.302586 -0.065012
v 0.128831 -0.260451 -0.074158
v 0.124970 -0.173086 -0.110529
v 0.135189 -0.218458 -0.072441
v 0.111322 -0.191850 -0.131935
v 0.073083 -0.162213 -0.171931
v -0.051392 -0.568145 -0.059546
v -0.052500 -0.563392 -0.066039
v -0.051315 -0.561068 -0.045216
v -0.049692 -0.554573 -0.027947
v -0.042789 -0.582925 -0.053615
v -0.040511 -0.582682 -0.037683
v -0.045966 -0.549091 -0.017820
v -0.039436 -0.567130 -0.026392
v -0.032256 -0.585656 -0.029324
v -0.038452 -0.599433 -0.041278
v -0.043053 -0.593275 -0.074059
v -0.048534 -0.575072 -0.091812
v -0.043037 -0.674679 -0.081941
v -0.041048 -0.614756 -0.038869
v -0.040999 -0.622672 -0.061227
v -0.041158 -0.668128 -0.117646
v -0.033921 -0.727443 -0.132404
v -0.039313 -0.715062 -0.109156
v -0.038158 -0.718984 -0.081755
v -0.029888 -0.652663 -0.146773
v -0.021532 -0.715432 -0.158836
v -0.013034 -0.641891 -0.166230
v -0.001068 -0.674525 -0.177727
v 0.002664 -0.737712 -0.183476
v -0.002478 -0.599096 -0.166526
v 0.023504 -0.623017 -0.182442
v 0.009144 -0.621367 -0.177679
v 0.014296 -0.668212 -0.184747
v -0.023970 -0.761355 -0.142852
v -0.037350 -0.685717 -0.052367
v -0.030296 -0.721183 -0.048139
v -0.034196 -0.682687 -0.042832
v -0.023046 -0.733710 -0.045141
v -0.024498 -0.747465 -0.051865
v -0.023223 -0.785478 -0.063750
v -0.027558 -0.778809 -0.086608
v -0.027979 -0.777394 -0.119120
v -0.006633 -0.740895 -0.173809
v -0.009384 -0.761902 -0.166388
v 0.056503 -0.661832 -0.188382
v 0.030770 -0.661896 -0.188060
v 0.060874 -0.700536 -0.186506
v 0.069548 -0.765208 -0.182183
v 0.010786 -0.743524 -0.187098
v 0.009873 -0.765541 -0.186888
v 0.091390 -0.677732 -0.179664
v 0.095867 -0.724307 -0.173830
v 0.075976 -0.742031 -0.180336
v 0.096182 -0.757775 -0.173757
v 0.042756 -0.785106 -0.180807
v 0.020685 -0.801075 -0.182405
v 0.005570 -0.797378 -0.183093
v 0.092933 -0.794886 -0.177831
v 0.115233 -0.773488 -0.162146
v 0.111525 -0.722422 -0.164212
v 0.113758 -0.664853 -0.167006
v 0.028650 -0.587343 -0.176166
v 0.045786 -0.624757 -0.185544
v -0.033880 -0.539205 0.012531
v 0.036971 -0.021342 0.168989
v 0.051923 0.021771 0.161874
v 0.096357 -0.031858 0.146685
v 0.108676 -0.027937 0.136528
v 0.081580 -0.092863 0.153040
v 0.103595 -0.060962 0.140274
v 0.062758 -0.116575 0.151685
v 0.085653 -0.143918 0.134766
v 0.091761 -0.275045 0.097027
v 0.114933 -0.309709 0.062795
v 0.070320 -0.341918 0.084014
v 0.036966 -0.346945 0.099774
v 0.104202 -0.344042 0.054652
v 0.110971 -0.272106 0.079950
v 0.118248 -0.286383 0.065555
v 0.129325 -0.340365 0.033457
v 0.106740 -0.359764 0.042915
v 0.122709 -0.339573 0.043284
v 0.124805 -0.366378 0.026406
v 0.130624 -0.362906 0.020616
v 0.110858 -0.373294 0.034618
v 0.082933 -0.388717 0.069555
v 0.099361 -0.389131 0.043473
v 0.081968 -0.365530 0.069140
v 0.082751 -0.406775 0.071425
v 0.067634 -0.390868 0.083375
v 0.057197 -0.370652 0.087873
v 0.042747 -0.364108 0.095001
v 0.044672 -0.395657 0.089451
v 0.060900 -0.358557 0.088973
v 0.079296 -0.354444 0.076232
v 0.081218 -0.464024 0.060608
v 0.069179 -0.501949 0.051944
v 0.085246 -0.498962 0.044679
v 0.088203 -0.460064 0.054799
v 0.097392 -0.483051 0.044565
v 0.097865 -0.507171 0.034279
v 0.080956 -0.520434 0.044221
v 0.088423 -0.522752 0.032743
v 0.117571 -0.502195 0.007998
v 0.093605 -0.524861 0.025411
v 0.093664 -0.533564 0.035928
v 0.074217 -0.562588 0.029944
v 0.031385 -0.062920 -0.186547
v 0.020969 -0.080120 -0.179853
v 0.030291 -0.050024 -0.188829
v -0.038363 -0.634806 -0.049872
v -0.035722 -0.631433 -0.040235
v -0.029413 -0.683585 -0.038004
v -0.017149 -0.705102 -0.028162
v -0.005398 -0.753214 -0.028440
v -0.003638 -0.704018 -0.016877
v -0.020331 -0.790873 -0.052951
v -0.012489 -0.824533 -0.071539
v -0.020427 -0.806781 -0.092247
v -0.019854 -0.823412 -0.099491
v -0.021617 -0.810705 -0.117930
v -0.009039 -0.813870 -0.139868
v -0.022952 -0.787483 -0.132788
v 0.000343 -0.779511 -0.182807
v 0.032671 -0.816129 -0.183204
v 0.065235 -0.824803 -0.184544
v 0.000304 -0.825344 -0.178019
v -0.007250 -0.818027 -0.172705
v -0.010527 -0.785599 -0.154694
v -0.036955 -0.614820 -0.031140
v -0.030227 -0.628549 -0.033731
v -0.009182 -0.685014 -0.015638
v -0.018294 -0.647944 -0.019339
v -0.020668 -0.622249 -0.018099
v -0.007515 -0.622466 -0.005346
v -0.002309 -0.638157 -0.001992
v -0.000251 -0.650310 -0.006232
v -0.020739 -0.770019 -0.055255
v -0.016110 -0.807551 -0.052733
v -0.011530 -0.793971 -0.039965
v -0.006733 -0.810483 -0.038051
v -0.002151 -0.823891 -0.037888
v 0.011556 -0.825366 -0.022273
v 0.008940 -0.792229 -0.027293
v -0.003444 -0.779410 -0.039203
v -0.015282 -0.765464 -0.049178
v 0.013450 -0.768631 -0.017545
v 0.014553 -0.787192 -0.023246
v -0.004294 -0.720257 -0.020565
v 0.042128 -0.761613 -0.001151
v 0.022786 -0.728158 -0.006415
v 0.029671 -0.793662 -0.015655
v 0.006208 -0.846913 -0.043236
v 0.030021 -0.846447 -0.011001
v 0.024929 -0.817861 -0.010246
v 0.012320 -0.859662 -0.040734
v 0.016924 -0.875525 -0.039205
v 0.027598 -0.871322 -0.028834
v 0.020767 -0.905009 -0.038501
v 0.038404 -0.890614 -0.031437
v 0.002491 -0.881198 -0.055610
v -0.001231 -0.846030 -0.054921
v -0.005711 -0.871531 -0.064272
v -0.008495 -0.836217 -0.061251
v -0.010427 -0.860200 -0.080169
v -0.014852 -0.842306 -0.084604
v -0.017183 -0.833283 -0.103356
v -0.008699 -0.793919 -0.157577
v -0.012289 -0.836612 -0.152644
v -0.006943 -0.821904 -0.143890
v -0.012074 -0.834883 -0.162614
v -0.005554 -0.840308 -0.171497
v -0.012940 -0.853618 -0.162185
v -0.017282 -0.863638 -0.150218
v -0.014950 -0.864135 -0.139199
v -0.006462 -0.839924 -0.123540
v -0.018435 -0.880765 -0.146085
v -0.009270 -0.864863 -0.163064
v -0.013104 -0.881495 -0.154271
v -0.001296 -0.852927 -0.169953
v 0.021975 -0.842618 -0.172651
v 0.014827 -0.878950 -0.159067
v -0.005490 -0.895944 -0.150468
v 0.043301 -0.829278 -0.182942
v -0.002142 -0.917866 -0.145417
v -0.017439 -0.898447 -0.143546
v -0.014825 -0.912472 -0.141245
v 0.037908 -0.856267 -0.171435
v 0.055468 -0.846548 -0.181018
v 0.057631 -0.870879 -0.176415
v 0.102863 -0.805441 -0.174724
v 0.111626 -0.818007 -0.169866
v 0.125086 -0.727918 -0.149939
v 0.131211 -0.777330 -0.145656
v 0.125659 -0.816529 -0.152049
v 0.083114 -0.837625 -0.180868
v 0.026540 -0.864106 -0.166772
v -0.021241 -0.893283 -0.131300
v -0.022914 -0.908103 -0.129549
v -0.020966 -0.919465 -0.131088
v 0.016064 -0.896303 -0.155164
v -0.017950 -0.889568 -0.123619
v -0.004527 -0.867129 -0.118821
v -0.002462 -0.876012 -0.106389
v -0.005038 -0.846995 -0.128162
v -0.003636 -0.861439 -0.109271
v -0.032137 -0.598397 -0.032226
v -0.026917 -0.608272 -0.014470
v -0.007831 -0.609429 -0.000772
v -0.023633 -0.590587 -0.016498
v -0.012221 -0.580337 -0.001443
v -0.028031 -0.601052 -0.015670
v -0.026924 -0.572492 -0.014793
v -0.014974 -0.557893 0.016713
v -0.009005 -0.571928 0.005183
v 0.002788 -0.577331 0.015664
v -0.008393 -0.594874 0.007509
v -0.015551 -0.594526 0.001018
v 0.005023 -0.601134 0.010573
v 0.021896 -0.625078 0.012961
v 0.017939 -0.639020 0.010780
v 0.032017 -0.636471 0.018235
v 0.017412 -0.598127 0.017273
v 0.026474 -0.611156 0.019756
v 0.011667 -0.691715 -0.005047
v 0.012833 -0.716001 -0.007997
v 0.036732 -0.832036 -0.005651
v 0.042112 -0.814545 -0.003389
v -0.001800 -0.880408 -0.095165
v 0.046259 -0.896934 -0.175867
v 0.053802 -0.889928 -0.178357
v 0.085711 -0.861606 -0.181687
v 0.070928 -0.852228 -0.183409
v 0.078895 -0.887542 -0.180108
v 0.061466 -0.903757 -0.182025
v 0.074111 -0.909936 -0.182486
v 0.089122 -0.900569 -0.179987
v 0.051457 -0.919220 -0.178288
v 0.042610 -0.939998 -0.175983
v 0.034431 -0.920614 -0.172786
v 0.067166 -0.940136 -0.171514
v 0.054014 -0.959589 -0.175052
v 0.012622 -0.921632 -0.155308
v -0.017853 -0.928980 -0.130036
v 0.006998 -0.939811 -0.138585
v -0.021396 -0.921923 -0.109776
v -0.016146 -0.900900 -0.116501
v -0.024094 -0.930597 -0.109077
v -0.024299 -0.935878 -0.114505
v -0.015784 -0.921905 -0.104533
v -0.024951 -0.942406 -0.102018
v -0.019582 -0.943021 -0.120204
v -0.014797 -0.952965 -0.120832
v -0.016941 -0.936660 -0.091998
v -0.025002 -0.957085 -0.098360
v -0.016351 -0.947435 -0.078240
v -0.012162 -0.964434 -0.124431
v -0.001636 -0.964007 -0.139145
v 0.001346 -0.953976 -0.133684
v -0.018095 -0.965968 -0.113159
v -0.001316 -0.974807 -0.138074
v -0.022263 -0.974450 -0.079417
v -0.000369 -0.937493 -0.083481
v -0.001438 -0.924904 -0.094253
v 0.005576 -0.934952 -0.078050
v 0.008100 -0.919838 -0.070002
v -0.017056 -0.975263 -0.093307
v 0.013920 -0.933098 -0.067753
v 0.002301 -0.906775 -0.076071
v 0.004304 -0.920252 -0.079500
v -0.000863 -0.915045 -0.097393
v -0.001421 -0.888078 -0.096759
v 0.124653 0.000565 0.108360
v 0.142064 0.011824 0.078717
v 0.003697 -0.564952 -0.162206
v -0.021762 -0.961511 -0.065218
v -0.024159 -0.968552 -0.067219
v -0.022179 -0.983810 -0.052196
v -0.004814 -0.986340 -0.086526
v -0.016369 -0.965104 -0.049268
v -0.012180 -0.958197 -0.054270
v -0.010181 -0.972669 -0.042134
v 0.010992 -0.980028 -0.036299
v -0.016755 -0.979297 -0.039222
v -0.021599 -0.980563 -0.046098
v -0.018580 -0.988636 -0.055264
v -0.009587 -0.992302 -0.067769
v 0.008344 -0.974899 -0.156170
v -0.005177 -0.975787 -0.122993
v 0.004446 -0.981244 -0.118387
v 0.001911 -0.983878 -0.103952
v 0.012404 -0.984912 -0.140000
v 0.022804 -0.985614 -0.172812
v 0.021161 -0.944335 -0.150809
v 0.006598 -0.965556 -0.151504
v 0.003636 -0.989489 -0.112293
v 0.009548 -0.989233 -0.133084
v -0.013568 -0.999351 -0.051459
v -0.006246 -0.994591 -0.078885
v -0.013902 -1.010474 -0.087578
v -0.016229 -1.014335 -0.071253
v -0.001739 -0.992323 -0.093659
v -0.009181 -1.013707 -0.109387
v -0.010740 -1.034055 -0.079786
v -0.014958 -1.010499 -0.043774
v -0.003438 -1.033257 -0.053530
v -0.004160 -1.066527 -0.070732
v -0.005224 -1.025186 -0.039577
v -0.013706 -0.991094 -0.027254
v -0.017819 -0.993937 -0.034822
v -0.013718 -1.009458 -0.034387
v 0.000739 -1.038666 -0.032802
v 0.002679 -1.065249 -0.047218
v 0.003681 -1.071605 -0.057289
v 0.007595 -1.069772 -0.041630
v 0.001259 -1.072258 -0.072914
v 0.010597 -1.074637 -0.024571
v 0.001921 -1.101877 -0.055816
v -0.002471 -1.121328 -0.074750
v -0.006016 -1.066303 -0.098533
v -0.009777 -1.042941 -0.101505
v -0.013938 -1.023151 -0.096818
v -0.002669 -1.024067 -0.134410
v -0.003693 -1.009579 -0.120813
v -0.021317 -0.950558 -0.080329
v 0.009731 -0.947049 -0.065661
v 0.017217 -0.941895 -0.061800
v 0.028618 -0.942855 -0.040124
v 0.018276 -0.950852 -0.038512
v 0.010356 -0.961761 -0.035868
v 0.024671 -0.953127 -0.029379
v -0.003989 -0.985636 -0.026700
v 0.012910 -0.982750 -0.013542
v 0.004330 -0.989094 -0.012370
v 0.018117 -1.009604 -0.006150
v 0.009600 -1.032330 -0.025185
v 0.003014 -1.016996 -0.025984
v -0.012063 -1.003185 -0.024963
v -0.001779 -1.024036 -0.031060
v 0.010622 -1.068549 -0.028748
v 0.006277 -1.062461 -0.027675
v 0.026878 -1.029478 0.005072
v 0.022337 -1.053353 0.000457
v 0.023220 -1.059955 -0.001721
v 0.012481 -1.058876 -0.019271
v 0.016741 -1.063532 -0.016975
v 0.005914 -1.119366 -0.045901
v 0.012568 -1.112598 -0.017223
v 0.003312 -1.137559 -0.074701
v 0.019531 -1.154790 -0.032912
v 0.017361 -1.139599 -0.036466
v 0.012631 -1.126196 -0.028820
v 0.022604 -1.159152 -0.034178
v 0.015085 -1.176185 -0.042293
v 0.009908 -1.176363 -0.057398
v 0.021214 -1.178896 -0.040816
v 0.008463 -1.178561 -0.069487
v 0.077639 -1.179103 -0.066613
v 0.020182 -1.176349 -0.035684
v 0.046334 -1.176586 -0.048837
v 0.122456 -1.178259 -0.107132
v -0.003024 -1.178182 -0.104808
v 0.002490 -1.176397 -0.077905
v -0.002842 -1.175976 -0.094952
v -0.006845 -1.175240 -0.116605
v -0.006141 -1.134487 -0.113027
v -0.002801 -1.136312 -0.094953
v -0.000448 -1.072767 -0.095439
v -0.009956 -1.117851 -0.120558
v -0.008491 -1.117146 -0.098032
v -0.007346 -1.118153 -0.140319
v -0.006405 -1.176185 -0.133855
v -0.005322 -1.135495 -0.138237
v 0.000387 -1.134182 -0.154384
v -0.001260 -1.175177 -0.155259
v 0.002509 -1.141010 -0.162448
v 0.008445 -1.133346 -0.167892
v 0.000010 -1.069595 -0.117386
v -0.001723 -1.062178 -0.133685
v 0.009274 -1.028211 -0.159874
v 0.005843 -1.059321 -0.157006
v 0.015962 -1.057401 -0.172995
v 0.004931 -1.003300 -0.136852
v 0.015153 -1.064996 -0.164583
v 0.024989 -1.062675 -0.174834
v 0.020096 -1.029399 -0.173409
v 0.030390 -1.056255 -0.185170
v 0.022384 -1.095591 -0.181026
v 0.045511 -1.058703 -0.187761
v 0.021726 -1.010006 -0.166902
v 0.034013 -1.015661 -0.176790
v 0.038692 -1.000040 -0.175595
v 0.023461 -0.978760 -0.177429
v 0.016287 -0.968314 -0.165315
v 0.017039 -0.954673 -0.149712
v 0.032917 -0.987059 -0.181385
v 0.040226 -0.982874 -0.183141
v 0.031738 -0.970544 -0.180151
v 0.042706 -0.958746 -0.172860
v 0.066165 -0.957257 -0.171457
v 0.053113 -0.969137 -0.180664
v 0.052329 -0.977338 -0.177089
v 0.026878 -0.990788 -0.164579
v 0.022451 -0.992310 -0.155602
v 0.008978 -0.564614 0.031393
v 0.031428 -0.568214 0.038684
v 0.007985 -0.573081 0.022129
v 0.001261 -0.588498 0.017005
v 0.017702 -0.584950 0.028122
v 0.044199 -0.622065 0.022501
v 0.050598 -0.632295 0.024140
v 0.027911 -0.593186 0.022339
v 0.040085 -0.592144 0.024449
v -0.002487 -1.107149 -0.150858
v 0.008828 -1.065216 -0.153505
v 0.002684 -1.067503 -0.134858
v 0.013548 -1.114303 -0.176769
v 0.002796 -1.112219 -0.164179
v 0.030289 -1.119758 -0.187652
v 0.001960 -1.178245 -0.156183
v 0.042564 -1.062206 -0.182908
v 0.033899 -0.995876 -0.172002
v 0.059124 -0.981195 -0.173547
v 0.064190 -0.971283 -0.178954
v 0.057841 -0.988713 -0.180461
v 0.095553 -0.877402 -0.179055
v 0.085813 -0.922814 -0.178008
v 0.096429 -0.942937 -0.172741
v 0.089545 -0.962858 -0.170920
v 0.076762 -0.973931 -0.174765
v 0.056835 -0.996337 -0.182248
v 0.055550 -1.009236 -0.177888
v 0.076114 -0.989287 -0.164011
v 0.070353 -0.983970 -0.168082
v 0.088988 -0.995040 -0.155021
v 0.082825 -0.986234 -0.160083
v 0.108536 -0.852692 -0.168642
v 0.102887 -0.880698 -0.173456
v 0.119785 -0.838266 -0.161189
v 0.106826 -0.901078 -0.160905
v 0.094634 -0.917999 -0.174989
v 0.098891 -0.978650 -0.162947
v 0.090676 -0.988709 -0.153193
v 0.117820 -0.889263 -0.148515
v 0.122345 -0.865054 -0.154816
v 0.131504 -0.895323 -0.131108
v 0.134420 -0.904880 -0.124226
v 0.135179 -0.770089 -0.134286
v 0.136380 -0.800654 -0.134518
v 0.141445 -0.829147 -0.109866
v 0.141455 -0.803843 -0.113938
v 0.143952 -0.818826 -0.095868
v 0.144261 -0.848681 -0.088908
v 0.133651 -0.818265 -0.071084
v 0.130462 -0.846124 -0.047118
v 0.132318 -0.862330 -0.067727
v 0.145423 -0.886309 -0.092480
v 0.140176 -0.889106 -0.077331
v 0.144949 -0.869568 -0.109077
v 0.131748 -0.880506 -0.131109
v 0.143411 -0.888464 -0.109575
v 0.130194 -0.882614 -0.065618
v 0.113092 -0.889992 -0.040882
v 0.117012 -0.858539 -0.022513
v 0.106724 -0.882771 -0.028481
v 0.094479 -0.884057 -0.007591
v 0.095453 -0.863099 -0.006041
v 0.093018 -0.871835 -0.003407
v 0.100156 -0.893833 -0.019074
v 0.087048 -0.894398 -0.001952
v 0.073921 -0.892557 -0.000272
v 0.055610 -0.863730 -0.001941
v 0.064203 -0.888237 -0.006884
v 0.053628 -0.871231 -0.004309
v 0.066614 -0.904403 -0.003795
v 0.072756 -0.911977 0.000192
v 0.045558 -0.883356 -0.021583
v 0.049613 -0.898427 -0.023042
v 0.038411 -0.863585 -0.009804
v 0.032190 -0.911501 -0.029003
v 0.020324 -0.915504 -0.039625
v 0.009543 -0.907446 -0.049469
v 0.035506 -0.937460 -0.031496
v 0.027657 -0.958533 -0.025922
v 0.033601 -0.980978 0.005403
v 0.037053 -0.975849 -0.001298
v 0.017698 -0.991059 -0.000084
v 0.004463 -1.001582 -0.013146
v 0.040442 -0.988642 0.008395
v 0.032454 -1.017732 0.008261
v 0.023356 -1.067767 0.005983
v 0.018156 -1.105018 0.003146
v 0.016473 -1.128529 -0.024498
v 0.025750 -1.157738 -0.027122
v 0.040559 -1.159405 -0.044253
v 0.058951 -1.156587 -0.049021
v 0.053493 -1.158784 -0.050207
v 0.025645 -1.141622 -0.017237
v 0.025268 -1.156027 -0.015071
v 0.034581 -1.164850 0.010464
v 0.029833 -1.160312 -0.002162
v 0.020829 -1.128332 -0.002255
v 0.016988 -1.114771 -0.009922
v 0.021133 -1.109809 0.006678
v 0.033532 -1.053844 0.015539
v 0.022046 -1.101389 0.016239
v 0.037039 -1.079461 0.043055
v 0.046977 -1.046632 0.025746
v 0.048602 -1.060658 0.046827
v 0.045143 -1.071427 0.053437
v 0.035073 -1.045764 0.018797
v 0.052306 -1.036098 0.025478
v 0.028223 -1.002783 0.001998
v 0.063535 -1.048896 0.046047
v 0.066588 -1.050588 0.055090
v 0.055759 -1.070708 0.073140
v 0.070984 -1.071635 0.089386
v 0.060033 -1.057348 0.057513
v 0.070838 -1.059102 0.069258
v 0.057720 -1.080988 0.091035
v 0.074909 -1.076362 0.092505
v 0.057846 -1.087343 0.096482
v 0.028714 -1.098435 0.039871
v 0.026033 -1.105878 0.025449
v 0.031433 -1.146999 0.008488
v 0.031507 -1.161534 0.016893
v 0.031888 -1.163657 0.034849
v 0.033971 -1.151806 0.035456
v 0.030845 -1.141809 0.046041
v 0.028371 -1.132106 0.044091
v 0.033018 -1.173392 0.054792
v 0.030565 -1.169389 0.052443
v 0.032272 -1.157783 0.065161
v 0.033375 -1.116711 0.070860
v 0.032590 -1.105322 0.052284
v 0.078195 -1.160535 -0.022506
v 0.067758 -1.158994 -0.056224
v 0.083510 -1.159246 -0.062078
v 0.074721 -1.176103 -0.060471
v 0.103449 -1.176482 -0.069926
v 0.127573 -1.179023 -0.081186
v 0.119473 -1.176264 -0.121480
v 0.113896 -1.177939 -0.132252
v 0.083195 -1.177853 -0.177410
v 0.012133 -1.175979 -0.176149
v 0.025002 -1.178211 -0.183283
v 0.053110 -1.174931 -0.190319
v 0.046853 -1.133878 -0.189133
v 0.032754 -1.133492 -0.185862
v 0.017016 -1.133037 -0.176895
v 0.049995 -1.118484 -0.191851
v 0.018508 -0.537753 -0.161768
v 0.041537 -0.543284 -0.166999
v 0.045080 -0.720703 0.009242
v 0.028608 -0.650932 0.010093
v 0.041255 -0.646817 0.017559
v 0.050734 -0.641972 0.021627
v 0.054575 -0.781612 0.001668
v 0.052768 -0.832577 -0.003840
v 0.042483 -0.853554 -0.003856
v 0.059074 -0.849211 -0.002604
v 0.076708 -0.855681 -0.005682
v 0.078406 -0.872235 0.001579
v 0.074651 -0.836135 0.000236
v 0.087948 -0.832378 -0.001747
v 0.108657 -0.854399 -0.013910
v 0.093094 -0.846355 -0.009074
v 0.060629 -0.815845 0.001988
v 0.073987 -0.803817 0.004105
v 0.083320 -0.814261 0.000345
v 0.058341 -0.800693 0.001167
v 0.068904 -0.771412 0.006275
v 0.070958 -0.618719 0.025151
v 0.044128 -0.608517 0.026538
v 0.072085 -0.678156 0.021963
v 0.084939 -0.717627 0.016215
v 0.067529 -0.729387 0.015773
v 0.088714 -0.650849 0.021121
v 0.104203 -0.652204 0.014953
v 0.115770 -0.848814 -0.018543
v 0.122422 -0.839524 -0.023929
v 0.128099 -0.835577 -0.039436
v 0.112325 -0.829388 -0.012266
v 0.127323 -0.822873 -0.030815
v 0.130197 -0.806505 -0.028558
v 0.123512 -0.812415 -0.020315
v 0.140524 -0.787125 -0.061338
v 0.103571 -0.795947 -0.003362
v 0.113669 -0.781742 -0.009875
v 0.141353 -0.790528 -0.088135
v 0.139698 -0.776844 -0.052180
v 0.125434 -0.783050 -0.025496
v 0.119961 -0.734620 -0.009467
v 0.112166 -0.812784 -0.012544
v 0.090417 -0.795864 0.002300
v 0.088550 -0.763325 0.007458
v 0.110092 -0.681603 0.008188
v 0.104333 -0.717399 0.007483
v 0.104430 -0.754724 0.001913
v 0.033457 -0.581168 0.035748
v 0.021114 -0.573555 0.031821
v 0.064391 -0.604757 0.029274
v 0.056334 -0.585136 0.028183
v 0.064353 -0.588676 0.027105
v 0.069733 -0.571928 0.036148
v 0.053551 -0.576669 0.039235
v 0.080359 -0.578169 0.030630
v 0.086933 -0.585118 0.024019
v 0.089897 -0.602087 0.023666
v 0.099718 -0.613437 0.017007
v 0.112695 -0.597849 0.011408
v 0.105148 -0.583329 0.014056
v 0.117838 -0.612665 0.004939
v 0.103560 -0.571833 0.013853
v 0.129763 -0.601190 -0.006942
v 0.123028 -0.635610 0.001242
v 0.134053 -0.585574 -0.022368
v 0.121648 -0.579472 -0.005319
v 0.114420 -0.567242 0.003818
v 0.135507 -0.613616 -0.017492
v 0.140854 -0.641404 -0.027268
v 0.142197 -0.676220 -0.036076
v 0.133446 -0.662053 -0.014085
v 0.124144 -0.669560 -0.002623
v 0.147099 -0.623418 -0.050553
v 0.141942 -0.600971 -0.031962
v 0.146055 -0.602176 -0.047762
v 0.137820 -0.572230 -0.030370
v 0.131563 -0.554941 -0.012037
v 0.126042 -0.552379 0.000728
v 0.099438 -0.559095 0.013593
v 0.129294 -0.565507 -0.007461
v 0.095929 -0.562004 0.014954
v 0.090613 -0.569704 0.025586
v 0.086681 -0.557683 0.018723
v 0.077259 -0.544578 0.029409
v 0.109034 -0.545296 0.021723
v 0.064214 -1.177944 -0.185975
v 0.029700 -1.176190 -0.187284
v 0.062732 -1.141708 -0.189579
v 0.057983 -1.097819 -0.189903
v 0.040403 -1.093905 -0.188504
v 0.074232 -1.090810 -0.183510
v 0.045783 -1.052577 -0.189384
v 0.067798 -1.000094 -0.180363
v 0.068872 -1.029522 -0.181305
v 0.074226 -1.016043 -0.179215
v 0.087150 -1.019799 -0.174927
v 0.066603 -1.058341 -0.186369
v 0.078782 -1.039372 -0.178506
v 0.077980 -1.004507 -0.176781
v 0.115068 -0.981053 -0.149583
v 0.100924 -0.991861 -0.142858
v 0.106526 -0.995848 -0.136425
v 0.114761 -1.002268 -0.126729
v 0.094310 -1.011440 -0.162893
v 0.120619 -1.021689 -0.131645
v 0.103959 -1.025468 -0.156727
v 0.115179 -0.994439 -0.128768
v 0.135100 -1.026478 -0.110973
v 0.106945 -1.046478 -0.150315
v 0.089830 -1.044363 -0.170544
v 0.083294 -1.060480 -0.177371
v 0.077572 -1.065398 -0.175120
v 0.066824 -1.064037 -0.181110
v 0.101376 -1.064050 -0.156999
v 0.111443 -1.065345 -0.141255
v 0.097261 -1.068847 -0.154714
v 0.116047 -1.066175 -0.131552
v 0.086793 -1.067367 -0.167434
v 0.093061 -1.102459 -0.172588
v 0.085658 -1.108562 -0.180349
v 0.068726 -1.111789 -0.189396
v 0.106821 -1.107763 -0.156881
v 0.064856 -1.133701 -0.187713
v 0.090958 -1.063592 -0.168800
v 0.129654 -1.051555 -0.107702
v 0.123451 -1.065930 -0.115941
v 0.120821 -1.071697 -0.112679
v 0.130663 -1.064767 -0.095165
v 0.137916 -1.030217 -0.103805
v 0.122907 -0.998667 -0.117747
v 0.131999 -0.991976 -0.114417
v 0.126823 -0.983894 -0.132367
v 0.129393 -0.975714 -0.128426
v 0.113561 -0.970998 -0.160401
v 0.102871 -0.969327 -0.167552
v 0.107398 -0.944616 -0.168470
v 0.114129 -0.955706 -0.160209
v 0.119460 -0.916169 -0.150915
v 0.125297 -0.913474 -0.140315
v 0.142766 -0.903516 -0.093228
v 0.113965 -0.925286 -0.159728
v 0.124663 -0.940159 -0.120381
v 0.118974 -0.936741 -0.137018
v 0.123593 -0.960032 -0.132439
v 0.135247 -0.918567 -0.058941
v 0.131675 -0.906976 -0.051742
v 0.125315 -0.945126 -0.030314
v 0.135345 -0.925411 -0.071568
v 0.126058 -0.949754 -0.042388
v 0.129588 -0.933005 -0.106018
v 0.121927 -0.957603 -0.078402
v 0.124333 -0.955992 -0.104109
v 0.122866 -0.956610 -0.058662
v 0.022607 -0.553396 -0.166963
v 0.053076 -0.503585 -0.166034
v 0.060127 -0.549235 -0.166974
v 0.069489 -0.506794 -0.162730
v 0.066270 -0.481534 -0.139403
v 0.076626 -0.489416 -0.149523
v 0.078725 -0.486198 -0.135653
v 0.079443 -0.482542 -0.132523
v 0.080139 -0.454742 -0.139705
v 0.083953 -0.467959 -0.132612
v 0.093794 -0.446042 -0.132513
v 0.102159 -0.433398 -0.119478
v 0.079593 -0.428873 -0.120687
v 0.124298 -0.417431 -0.084132
v 0.114583 -0.405476 -0.073905
v 0.118892 -0.388104 -0.054915
v 0.119697 -0.362628 -0.038109
v 0.122756 -0.392836 -0.051266
v 0.122897 -0.380311 -0.039048
v 0.126061 -0.373299 -0.033342
v 0.137957 -0.249304 -0.050308
v 0.143276 -0.204536 -0.049382
v 0.094332 -0.130115 -0.155254
v 0.062892 -0.064712 -0.171295
v 0.080846 -0.059778 -0.158853
v 0.088014 -0.068758 -0.155217
v 0.053739 -0.025083 -0.188481
v 0.035748 -0.036143 -0.194776
v 0.048869 -0.049909 -0.175182
v 0.046343 -0.063211 -0.179752
v 0.052338 -0.035909 -0.184680
v 0.062196 -0.048611 -0.165057
v 0.064466 -0.037420 -0.173644
v 0.071217 -0.019338 -0.177093
v 0.090038 -0.005844 -0.160326
v 0.087500 -0.049108 -0.147418
v 0.082203 -0.045301 -0.151363
v 0.079129 -0.036877 -0.160973
v 0.023975 -0.934781 -0.049476
v 0.024097 -0.974432 -0.034164
v 0.025330 -0.978877 -0.030858
v 0.035466 -0.973199 -0.028063
v 0.043010 -0.973665 -0.019509
v 0.042951 -0.968798 -0.021017
v 0.064148 -0.968157 -0.007167
v 0.064507 -0.973238 0.006181
v 0.059780 -0.981551 0.010420
v 0.074076 -0.967688 -0.002494
v 0.075867 -0.994901 0.005012
v 0.080364 -0.975057 0.002985
v 0.079570 -0.984537 -0.000242
v 0.094400 -0.973833 -0.003477
v 0.080067 -0.964425 -0.002984
v 0.070480 -0.953734 0.002237
v 0.079745 -0.955397 0.001261
v 0.051915 -0.956200 -0.003110
v 0.051949 -0.949981 -0.001961
v 0.057709 -0.966254 -0.010962
v 0.051965 -0.970032 -0.014813
v 0.038072 -0.954188 -0.013116
v 0.046901 -0.940271 -0.009914
v 0.055616 -0.936024 -0.004520
v 0.045040 -0.917522 -0.014386
v 0.070066 -0.931423 -0.003739
v 0.057836 -0.920903 -0.005583
v 0.035768 -0.923665 -0.024534
v 0.087932 -0.950099 -0.000787
v 0.079797 -0.924769 -0.005753
v 0.085935 -0.910959 -0.001232
v 0.110166 -0.916177 -0.022557
v 0.084947 -0.930052 -0.009040
v 0.098137 -0.976440 -0.005489
v 0.059240 -0.999737 0.005464
v 0.062813 -1.039861 0.028490
v 0.079724 -1.046991 0.055551
v 0.081309 -1.054483 0.063294
v 0.077726 -1.046553 0.044011
v 0.081232 -1.054414 0.068990
v 0.040556 -1.099353 0.083119
v 0.033115 -1.098727 0.057113
v 0.031993 -1.140506 0.086772
v 0.039219 -1.127407 0.114760
v 0.042941 -1.145935 0.131881
v 0.035987 -1.161436 0.106979
v 0.030381 -1.166594 0.084198
v 0.121992 -1.172397 0.009413
v 0.066724 -1.175647 0.047805
v 0.031528 -1.174914 0.091018
v 0.033862 -1.177263 0.083761
v 0.041225 -1.179398 0.111666
v 0.050290 -1.126772 0.141209
v 0.060033 -1.142607 0.165207
v 0.066950 -1.129519 0.169277
v 0.060285 -1.118048 0.148404
v 0.041213 -1.104338 0.090304
v 0.052678 -1.099627 0.110548
v 0.049146 -1.114285 0.124736
v 0.082455 -1.072282 0.087629
v 0.044893 -1.162907 0.133689
v 0.033971 -1.167610 0.107438
v 0.053443 -1.164132 0.150705
v 0.089683 -1.129940 0.197949
v 0.079028 -1.141428 0.192899
v 0.106650 -1.126370 0.209689
v 0.099922 -1.136634 0.214445
v 0.073572 -1.161749 0.183001
v 0.100200 -1.154763 0.218175
v 0.074624 -1.166751 0.186838
v 0.170722 -1.177151 0.021539
v 0.034968 -1.176473 0.107348
v 0.159160 -1.171319 -0.007396
v 0.040722 -1.176598 0.125369
v 0.046259 -1.178210 0.136421
v 0.169335 -1.174735 0.009075
v 0.149085 -1.165385 -0.028523
v 0.099995 -1.158903 -0.067050
v 0.092649 -1.156771 -0.060686
v 0.131528 -1.175934 -0.084032
v 0.127265 -1.176131 -0.097396
v 0.130513 -1.176412 -0.077559
v 0.132728 -1.158708 -0.076887
v 0.126120 -1.138339 -0.103258
v 0.117922 -1.137357 -0.126886
v 0.104800 -1.177428 -0.154586
v 0.110216 -1.176123 -0.145058
v 0.082046 -1.134261 -0.180559
v 0.072395 -1.173755 -0.186156
v 0.084702 -1.173834 -0.179515
v 0.059053 -0.594840 -0.179411
v 0.081910 -0.591923 -0.173976
v 0.074818 -0.550575 -0.164258
v 0.079174 -0.626706 -0.181434
v 0.099319 -0.634709 -0.174729
v 0.113338 -0.634630 -0.165060
v 0.110065 -0.593344 -0.159318
v 0.141162 -0.740035 -0.120153
v 0.137615 -0.682965 -0.136351
v 0.127113 -0.677423 -0.153282
v 0.141976 -0.778990 -0.098590
v 0.138131 -0.770244 -0.115650
v 0.144427 -0.672767 -0.120367
v 0.147528 -0.730446 -0.095349
v 0.150738 -0.685513 -0.094714
v 0.150798 -0.629241 -0.092935
v 0.123012 -0.564058 -0.137406
v 0.125203 -0.608964 -0.148670
v 0.137652 -0.626435 -0.133999
v 0.135936 -0.573052 -0.113665
v 0.145610 -0.628321 -0.112415
v 0.128041 -0.640530 -0.151100
v 0.152312 -0.682202 -0.082387
v 0.150688 -0.706526 -0.083491
v 0.147245 -0.737726 -0.085824
v 0.029774 -0.955498 -0.161189
v 0.051278 -1.176617 0.147314
v 0.059173 -1.176910 0.160641
v 0.066984 -1.177652 0.172288
v 0.070331 -1.103363 0.131942
v 0.068512 -1.087635 0.107183
v 0.073532 -1.119186 0.164254
v 0.089843 -1.116054 0.170072
v 0.119978 -1.129953 0.221771
v 0.136575 -1.135621 0.226662
v 0.113368 -1.143162 0.225612
v 0.131957 -1.159748 0.233011
v 0.131859 -1.123295 0.217624
v 0.121341 -1.158416 0.231621
v 0.105078 -1.165415 0.224234
v 0.093945 -1.169297 0.213039
v 0.083907 -1.171747 0.199566
v 0.085235 -1.174966 0.197509
v 0.073186 -1.176589 0.181572
v 0.104679 -1.176560 0.185797
v 0.102367 -1.170843 0.216134
v 0.168393 -1.168421 0.205103
v 0.062350 -1.179718 0.154608
v 0.080067 -0.111483 0.145361
v 0.095137 -0.092520 0.143956
v 0.104446 -0.197468 0.109271
v 0.100716 -0.119445 0.128269
v 0.130381 -0.328044 0.030003
v 0.129371 -0.301658 0.027069
v 0.135072 -0.379341 0.000396
v 0.136342 -0.373432 -0.008554
v 0.134253 -0.350973 0.013985
v 0.125701 -0.354569 -0.018669
v 0.132965 -0.358590 -0.006493
v 0.127045 -0.333650 -0.000128
v 0.126046 -0.325974 -0.013697
v 0.124981 -0.341195 -0.022455
v 0.129185 -0.323448 -0.023746
v 0.122830 -0.350751 -0.032094
v 0.123764 -0.330857 -0.036901
v 0.110834 -0.426855 -0.105138
v 0.116660 -0.430283 -0.102880
v 0.123110 -0.430645 -0.092846
v 0.129837 -0.416793 -0.075976
v 0.133700 -0.413498 -0.063589
v 0.130174 -0.424024 -0.068456
v 0.116525 -0.439738 -0.102707
v 0.112034 -0.440273 -0.111381
v 0.103189 -0.457524 -0.109171
v 0.102988 -0.444549 -0.122638
v 0.094307 -0.478229 -0.116663
v 0.095191 -0.482999 -0.119155
v 0.099245 -0.470956 -0.110009
v 0.104905 -0.474639 -0.100582
v 0.117436 -0.480071 -0.101007
v 0.118435 -0.490119 -0.114899
v 0.117717 -0.439252 -0.072330
v 0.107200 -0.456483 -0.094957
v 0.113089 -0.447058 -0.080629
v 0.108935 -0.467197 -0.089942
v 0.125623 -0.466067 -0.077848
v 0.114543 -0.456064 -0.076556
v 0.130541 -0.469800 -0.074284
v 0.133009 -0.476294 -0.066010
v 0.129724 -0.451478 -0.054637
v 0.133794 -0.462331 -0.045912
v 0.127830 -0.483839 -0.089022
v 0.108032 -0.488686 -0.126458
v 0.089219 -0.494370 -0.148538
v 0.082122 -0.521605 -0.157919
v 0.095093 -0.499878 -0.147189
v 0.092756 -0.523045 -0.149637
v 0.094702 -0.552474 -0.156582
v 0.109723 -0.542753 -0.142106
v 0.118578 -0.533641 -0.123491
v 0.110912 -0.498437 -0.132674
v 0.110333 -0.522271 -0.129393
v 0.117969 -0.523615 -0.115638
v 0.078153 -1.038723 0.028177
v 0.075597 -1.039188 0.037504
v 0.072652 -1.030430 0.025916
v 0.087067 -0.441206 0.063284
v 0.094913 -0.411378 0.058120
v 0.099521 -0.441224 0.048882
v 0.100832 -0.421489 0.043080
v 0.099988 -0.463309 0.037437
v 0.106638 -0.444960 0.036830
v 0.108108 -0.428124 0.020064
v 0.104611 -0.484851 0.036482
v 0.113544 -0.492667 0.021553
v 0.107488 -0.515735 0.007150
v 0.102925 -0.526528 0.010590
v 0.114986 -0.521870 -0.011448
v 0.120678 -0.495870 0.003343
v 0.129659 -0.513273 -0.023672
v 0.128220 -0.503983 -0.016482
v 0.123178 -0.490433 -0.018349
v 0.124252 -0.491915 -0.036670
v 0.110551 -0.472072 0.019791
v 0.120756 -0.481475 -0.007168
v 0.122456 -0.460218 0.001189
v 0.114387 -0.446448 0.020054
v 0.114720 -0.430109 -0.003686
v 0.110496 -0.401918 0.033592
v 0.110652 -0.416355 0.012413
v 0.117102 -0.402314 0.020466
v 0.126049 -0.383477 0.011087
v 0.110402 -0.383790 0.028490
v 0.128995 -0.396256 0.001174
v 0.132455 -0.399703 -0.018525
v 0.132706 -0.406321 -0.033111
v 0.135764 -0.396584 -0.030162
v 0.135313 -0.388957 -0.033908
v 0.072581 -0.529454 0.051567
v 0.098575 -0.088076 -0.141649
v 0.109495 -0.162236 -0.138083
v 0.113294 -0.120514 -0.130125
v 0.112830 -0.068587 -0.131377
v 0.086140 -0.023600 -0.158947
v 0.082203 -0.991408 0.003788
v 0.090763 -1.013147 0.012451
v 0.093662 -1.033195 0.023077
v 0.087115 -1.039611 0.034324
v 0.085047 -1.049600 0.038446
v 0.086276 -1.052871 0.045102
v 0.094708 -1.051194 0.055375
v 0.085750 -1.060755 0.073535
v 0.083025 -1.064635 0.081140
v 0.086952 -1.069513 0.081955
v 0.109772 -1.078615 0.092660
v 0.103342 -1.066188 0.068905
v 0.094227 -1.056768 0.070618
v 0.091581 -1.065160 0.071325
v 0.113685 -1.108297 0.152995
v 0.123626 -1.119531 0.206736
v 0.140591 -1.114419 0.173685
v 0.149134 -1.157570 0.229155
v 0.085362 -1.125437 -0.180374
v 0.095459 -1.134800 -0.168929
v 0.097524 -1.175515 -0.166932
v 0.108677 -1.135984 -0.148900
v 0.099157 -1.127328 -0.166864
v 0.115688 -0.165414 0.104559
v 0.120186 -0.118653 0.107119
v 0.109915 -0.090255 0.130885
v 0.129424 -0.279281 0.043860
v 0.125467 -0.309391 0.048722
v 0.127416 -0.318591 0.007608
v 0.137599 -0.299830 -0.017259
v 0.134047 -0.313228 -0.044081
v 0.113258 -0.538024 0.015142
v 0.102910 -0.534351 0.027345
v 0.111806 -0.529278 -0.003244
v 0.123977 -0.543910 0.000361
v 0.119192 -0.531900 -0.014851
v 0.130998 -0.544423 -0.025969
v 0.127550 -0.532737 -0.029738
v 0.128807 -0.524882 -0.033846
v 0.134905 -0.532066 -0.049788
v 0.142710 -0.586579 -0.048246
v 0.140333 -0.526457 -0.053057
v 0.119908 -0.446882 -0.063540
v 0.124286 -0.433853 -0.084989
v 0.132767 -0.414040 -0.054421
v 0.120153 -0.431523 -0.058362
v 0.122584 -0.421303 -0.048942
v 0.123090 -0.432043 -0.048394
v 0.129105 -0.444849 -0.038168
v 0.122175 -0.420335 -0.037527
v 0.119055 -0.415113 -0.023868
v 0.119978 -0.430863 -0.028409
v 0.134730 -0.404476 -0.045786
v 0.133199 -0.396730 -0.045708
v 0.091917 -0.993537 0.001896
v 0.083662 -1.039044 0.023752
v 0.093143 -1.047583 0.035677
v 0.084593 -1.043290 0.027235
v 0.094297 -1.050640 0.048029
v 0.111043 -1.068769 0.068298
v 0.110987 -1.058628 0.067263
v 0.103734 -1.055906 0.063890
v 0.119656 -1.074936 0.075320
v 0.133013 -1.086458 0.091790
v 0.125800 -1.071238 0.075611
v 0.129674 -1.080712 0.078884
v 0.133728 -1.101152 0.124039
v 0.100875 -1.096669 0.127166
v 0.144189 -1.109214 0.143380
v 0.141323 -1.079359 0.074589
v 0.140878 -1.086074 0.076612
v 0.157774 -1.107650 0.117715
v 0.176966 -1.117097 0.115793
v 0.165004 -1.102041 0.079305
v 0.119792 -1.063661 0.066194
v 0.118647 -1.057390 0.061424
v 0.119456 -1.058108 0.054892
v 0.107469 -1.061428 0.054811
v 0.113452 -1.057315 0.050452
v 0.106526 -1.049704 0.050146
v 0.098952 -1.057280 0.054307
v 0.098298 -1.060669 0.059945
v 0.087624 -1.057661 0.059550
v 0.123191 -1.058927 0.046206
v 0.112823 -1.049558 0.045963
v 0.130288 -1.060327 0.033729
v 0.120589 -1.052750 0.031354
v 0.110388 -1.050017 0.035677
v 0.121593 -1.043514 0.003510
v 0.113252 -1.041031 0.012551
v 0.147752 -1.083487 0.071711
v 0.156675 -1.091682 0.065221
v 0.107585 -1.042447 0.020245
v 0.110945 -1.042348 0.027437
v 0.092452 -1.043059 0.019520
v 0.098750 -1.043815 0.025005
v 0.103147 -1.038663 0.017624
v 0.101379 -1.042776 0.032111
v 0.103017 -1.052799 0.034095
v 0.103858 -1.053694 0.041690
v 0.108390 -1.031726 0.013445
v 0.086385 -0.984807 -0.004905
v 0.093336 -0.986661 -0.010567
v 0.098308 -0.994644 -0.002881
v 0.105630 -1.015622 0.001119
v 0.123500 -1.038362 -0.003846
v 0.151954 -1.092566 0.073598
v 0.146630 -1.162398 0.229213
v 0.118218 -1.165986 0.229282
v 0.158912 -1.164696 0.221258
v 0.181348 -1.176879 0.032354
v 0.188841 -1.176414 0.056043
v 0.186690 -1.179306 0.068730
v 0.192391 -1.176407 0.082378
v 0.191377 -1.163517 0.072909
v 0.187296 -1.162433 0.050807
v 0.181646 -1.162756 0.030998
v 0.187456 -1.145419 0.052198
v 0.173322 -1.137257 0.012004
v 0.170598 -1.169342 0.004441
v 0.159524 -1.151483 -0.011819
v 0.158294 -1.123208 -0.017906
v 0.175442 -1.173546 0.016395
v 0.159509 -1.167851 -0.013055
v 0.144827 -1.160383 -0.042636
v 0.136714 -1.159783 -0.055403
v 0.137660 -1.157004 -0.060899
v 0.114943 -1.158990 -0.071523
v 0.132170 -1.157567 -0.071875
v 0.133472 -1.141437 -0.075325
v 0.136477 -1.133230 -0.077400
v 0.141851 -1.143736 -0.048254
v 0.129683 -1.110947 -0.106827
v 0.119963 -1.109871 -0.131329
v 0.106209 -1.069967 -0.140151
v 0.124378 -1.124223 -0.120825
v 0.112932 -1.126962 -0.145582
v 0.102004 -0.964614 -0.006475
v 0.097001 -0.983396 -0.015324
v 0.117292 -0.977120 -0.015936
v 0.105409 -0.988720 -0.024266
v 0.110978 -0.985494 -0.030346
v 0.102369 -0.948953 -0.008041
v 0.116046 -0.952175 -0.014137
v 0.122961 -0.964024 -0.014554
v 0.107887 -0.995814 -0.018412
v 0.104083 -0.929113 -0.020192
v 0.130666 -0.095743 0.105262
v 0.119821 -0.065936 0.120824
v 0.121307 -0.025535 0.119778
v 0.140650 -0.091687 0.085073
v 0.146354 -0.110437 0.060383
v 0.136420 -0.115931 0.082433
v 0.156388 -0.085030 0.032116
v 0.158050 -0.074732 0.013018
v 0.135091 -0.011486 0.091856
v 0.144671 -0.044289 0.066638
v 0.151385 -0.011603 0.047642
v 0.151370 -0.030790 0.042402
v 0.156256 0.011637 0.013426
v 0.156245 -0.020537 0.013959
v 0.153077 -0.071435 0.039345
v 0.154139 -0.095790 0.033893
v 0.150329 -0.166719 0.034613
v 0.144664 -0.160583 0.057842
v 0.155911 -0.131626 0.007873
v 0.153404 -0.171189 0.002379
v 0.158318 -0.095717 0.006737
v 0.160854 -0.084875 0.007997
v 0.159483 -0.088803 -0.003822
v 0.156502 -0.094768 -0.009609
v 0.160520 -0.064153 -0.002205
v 0.159452 -0.055157 0.009564
v 0.158185 -0.000335 0.008389
v 0.158804 -0.025879 -0.002754
v 0.156340 -0.041674 -0.008772
v 0.097889 -0.907960 -0.010132
v 0.127889 -0.971078 -0.021474
v 0.133176 -0.979337 -0.037973
v 0.114734 -0.992666 -0.037899
v 0.130337 -0.984165 -0.041348
v 0.138898 -0.985277 -0.055635
v 0.122650 -0.992617 -0.049338
v 0.125261 -1.001493 -0.056361
v 0.136423 -0.974871 -0.051738
v 0.127346 -0.961120 -0.034105
v 0.130350 -0.966615 -0.027900
v 0.142740 -0.991153 -0.069090
v 0.100709 -0.045197 -0.136692
v 0.108485 -0.003428 -0.138055
v 0.100051 -0.033487 -0.143567
v 0.115270 -0.048423 -0.122866
v 0.126012 -0.004218 -0.113612
v 0.121519 -0.089001 -0.114325
v 0.138416 -0.090582 -0.083605
v 0.106204 -0.060593 -0.136778
v 0.131984 -0.069663 -0.103324
v 0.146955 -0.092501 -0.061316
v 0.146531 -0.073430 -0.077121
v 0.136076 -0.043826 -0.094968
v 0.140494 -0.020610 -0.084598
v 0.126571 -0.056188 -0.107457
v 0.151691 -0.016626 -0.044933
v 0.146826 -0.041751 -0.074545
v 0.136549 -0.057378 -0.083029
v 0.141573 0.008214 -0.079903
v 0.153008 -0.036345 -0.053880
v 0.156254 -0.031754 -0.032113
v 0.144027 -0.054957 -0.065090
v 0.148292 -0.070518 -0.072502
v 0.148385 -0.137312 -0.052398
v 0.148744 -0.156169 -0.044703
v 0.153291 -0.136076 -0.028064
v 0.152433 -0.094568 -0.038788
v 0.155782 -0.075566 -0.052783
v 0.147747 -0.059529 -0.055934
v 0.155751 -0.069371 -0.049642
v 0.151498 -0.048456 -0.034696
v 0.119700 -0.930332 -0.028490
v 0.119223 -0.909806 -0.031603
v 0.108281 -0.904437 -0.023124
v 0.128810 -0.548751 -0.125539
v 0.132990 -0.541480 -0.112221
v 0.136739 -0.548186 -0.109606
v 0.124172 -0.522479 -0.097016
v 0.123515 -0.501017 -0.107803
v 0.130340 -0.513626 -0.075391
v 0.138982 -0.529367 -0.079856
v 0.119066 -0.502422 -0.120894
v 0.127043 -0.499431 -0.083654
v 0.140606 -0.518243 -0.058494
v 0.129159 -0.491962 -0.052031
v 0.141061 -0.542378 -0.060606
v 0.131277 -0.503840 -0.054441
v 0.134223 -0.508428 -0.035722
v 0.128098 -0.501505 -0.043814
v 0.137919 -0.517597 -0.041810
v 0.141810 -0.542921 -0.083684
v 0.141120 -0.556947 -0.079304
v 0.142074 -0.572297 -0.083370
v 0.142368 -0.568185 -0.068610
v 0.137434 -0.551215 -0.057004
v 0.117820 -0.701698 -0.001898
v 0.141353 -0.697074 -0.043133
v 0.146893 -0.599148 -0.088870
v 0.141612 -0.575176 -0.063816
v 0.115165 -1.070726 -0.124783
v 0.130784 -0.467610 -0.030607
v 0.129481 -0.455365 -0.025362
v 0.123204 -0.450164 -0.004644
v 0.146242 -1.119781 0.205897
v 0.148785 -1.140092 0.224593
v 0.170844 -1.164127 0.210182
v 0.182307 -1.172242 0.178773
v 0.187157 -1.179134 0.111201
v 0.192167 -1.176208 0.115902
v 0.187130 -1.177020 0.145652
v 0.188314 -1.173368 0.154572
v 0.159800 -1.157324 0.222834
v 0.161827 -1.140519 0.216031
v 0.148176 -1.127853 0.218713
v 0.161205 -1.128716 0.208408
v 0.173752 -1.140477 0.199036
v 0.168795 -1.154401 0.212227
v 0.176655 -1.154922 0.197605
v 0.170987 -1.130915 0.194193
v 0.163018 -1.122187 0.187493
v 0.171654 -1.118317 0.147429
v 0.173051 -1.126982 0.178278
v 0.179723 -1.130301 0.162712
v 0.181526 -1.126583 0.143429
v 0.183181 -1.159628 0.179050
v 0.179677 -1.138481 0.179428
v 0.178444 -1.165599 0.196199
v 0.115387 -1.016340 -0.017991
v 0.129285 -1.047681 -0.016122
v 0.139552 -1.069274 0.021162
v 0.162766 -1.100246 0.065146
v 0.132880 -0.233116 0.058229
v 0.117076 -0.226921 0.087191
v 0.146363 -0.217060 0.022109
v 0.138217 -0.266243 0.020679
v 0.152438 -0.188752 -0.002291
v 0.142730 -0.202568 0.047821
v 0.150010 -0.212055 -0.006940
v 0.145426 -0.241391 -0.009819
v 0.135409 -0.297102 -0.010788
v 0.136488 -0.303803 -0.028332
v 0.136935 -0.293345 -0.028938
v 0.130202 -0.291567 -0.047338
v 0.134486 -0.280764 -0.031450
v 0.138504 -0.259520 -0.028646
v 0.142627 -0.234289 -0.026069
v 0.140571 -0.270702 -0.012903
v 0.137600 -0.283359 0.008251
v 0.133738 -0.175570 0.077377
v 0.123665 -0.973024 -0.146129
v 0.129164 -0.405305 -0.064119
v 0.124184 -1.024487 -0.035087
v 0.128416 -1.023068 -0.050512
v 0.131827 -1.046064 -0.034051
v 0.143426 -1.076026 -0.006834
v 0.153260 -1.090313 0.016114
v 0.133922 -1.055527 -0.042121
v 0.151969 -1.101711 -0.021193
v 0.157344 -1.099298 0.003009
v 0.162728 -1.099209 0.029242
v 0.165098 -1.099848 0.054586
v 0.179548 -1.116464 0.086267
v 0.171690 -1.111362 0.037122
v 0.168998 -1.106028 0.048829
v 0.186461 -1.126642 0.104682
v 0.184064 -1.124889 0.068525
v 0.179098 -1.127433 0.034627
v 0.192183 -1.142582 0.086042
v 0.193536 -1.168615 0.101067
v 0.191362 -1.162684 0.123885
v 0.126345 -1.070063 -0.097039
v 0.142050 -1.118176 -0.068583
v 0.137755 -1.043219 -0.087034
v 0.142159 -1.023244 -0.089290
v 0.136140 -1.005583 -0.100607
v 0.141595 -1.018068 -0.076673
v 0.125234 -0.970003 -0.081632
v 0.141935 -0.982511 -0.070747
v 0.133765 -1.040112 -0.058974
v 0.144532 -0.995516 -0.083972
v 0.140934 -1.002473 -0.074263
v 0.136103 -1.058925 -0.073839
v 0.130167 -1.068208 -0.084904
v 0.134458 -1.064586 -0.064769
v 0.141670 -1.094165 -0.052694
v 0.147009 -1.106417 -0.046204
v 0.135519 -0.988209 -0.110443
v 0.136460 -0.984199 -0.102916
v 0.146919 -1.112665 -0.042997
v 0.140110 -1.125444 -0.066863
v 0.152494 -1.131443 -0.032253
v 0.151687 -1.158242 -0.029441
v 0.152652 -0.157333 -0.016764
v 0.155190 -0.116972 -0.012421
v 0.160478 -0.071335 -0.026891
v 0.156104 -0.013819 -0.008346
v 0.156586 0.013542 -0.005083
v 0.142164 -0.259894 -0.023224
v 0.149639 -0.209713 -0.018019
v 0.146928 -0.206944 -0.023553
v 0.153581 -0.176958 -0.013438
v 0.156683 -0.148976 0.000284
v 0.158928 -0.084574 -0.028283
v 0.134344 -0.735871 -0.035511
v 0.150642 -0.680405 -0.072079
v 0.150905 -0.641604 -0.072847
v 0.148435 -0.598965 -0.073201
v 0.158217 -1.105379 0.002572
v 0.152406 -1.107775 -0.019957
v 0.152527 -0.633820 -0.078480
v 0.156369 -0.142476 -0.009271
v 0.189468 -1.140559 0.131264
v 0.186546 -1.142011 0.153007
v 0.187622 -1.162392 0.156773
v 0.644558 -0.005381 0.105619
v 0.632334 0.007336 0.108350
v 0.636375 -0.014780 0.111227
v 0.656336 0.000499 0.110020
v 0.662658 0.007078 0.120318
v 0.605842 -0.011757 0.164581
v 0.612628 -0.014770 0.155796
v 0.605024 -0.009031 0.176261
v 0.607176 -0.002996 0.180720
v 0.627245 -0.008824 0.152807
v 0.611612 -0.006550 0.176157
v 0.611522 -0.008848 0.167305
v 0.617397 -0.009879 0.159070
v 0.630443 0.007214 0.169466
v 0.614614 -0.019592 0.177399
v 0.616642 -0.010753 0.183488
v 0.623089 -0.007051 0.178521
v 0.621195 -0.020381 0.179237
v 0.615786 -0.018419 0.164884
v 0.623125 -0.021858 0.169304
v 0.626577 -0.004265 0.158129
v 0.622391 -0.016237 0.161825
v 0.613420 0.006385 0.030816
v 0.607928 -0.011734 0.039808
v 0.611525 -0.013457 0.028299
v 0.619552 -0.007862 0.022164
v 0.633277 0.016098 0.019461
v 0.624605 -0.009510 0.022186
v 0.615716 -0.023591 0.028690
v 0.614958 -0.013997 0.052821
v 0.610944 -0.022234 0.037240
v 0.614829 -0.023103 0.048405
v 0.621862 -0.024230 0.027817
v 0.619363 -0.028878 0.037556
v 0.624321 -0.011469 0.055745
v 0.633752 -0.001074 0.050939
v 0.627002 -0.019374 0.052447
v 0.622854 -0.027110 0.046730
v 0.627235 -0.026258 0.037091
v 0.632271 -0.009122 0.026250
v 0.620197 0.002459 0.051799
v 0.629878 -0.021951 0.045293
v 0.633458 -0.014829 0.034564
v 0.639879 -0.000211 0.037380
v 0.654789 -0.000556 0.091993
v 0.657549 -0.010883 0.089389
v 0.628709 -0.001511 0.069984
v 0.629081 -0.004767 0.084865
v 0.633146 -0.005865 0.064884
v 0.631137 -0.019953 0.072801
v 0.630097 -0.015912 0.085879
v 0.625259 -0.033756 0.083775
v 0.637472 -0.015340 0.065278
v 0.655308 0.008001 0.058963
v 0.644223 -0.006722 0.061403
v 0.647475 -0.028858 0.067533
v 0.633780 -0.012525 0.093440
v 0.642321 -0.006334 0.096417
v 0.628195 -0.028545 0.095346
v 0.627722 -0.037815 0.077500
v 0.636175 -0.037239 0.069788
v 0.628028 -0.046484 0.084992
v 0.637757 -0.020763 0.100515
v 0.634224 -0.051290 0.078934
v 0.639843 -0.052162 0.077604
v 0.632007 -0.047906 0.098829
v 0.629331 -0.038595 0.099767
v 0.639170 -0.039130 0.105480
v 0.637357 -0.056330 0.091141
v 0.647531 -0.048955 0.078127
v 0.645742 -0.055998 0.089385
v 0.651660 -0.038270 0.078572
v 0.654771 -0.019290 0.069156
v 0.652699 -0.035837 0.089964
v 0.658646 -0.020121 0.082363
v 0.660601 -0.004558 0.074425
v 0.651148 -0.022175 0.097261
v 0.651521 -0.048681 0.087628
v 0.648528 -0.048404 0.099282
v 0.642856 -0.051063 0.101424
v 0.645916 -0.024327 0.101085
v 0.611298 -0.003993 0.187377
v 0.628206 -0.018588 0.159884
v 0.621272 -0.026274 0.160054
v 0.614003 -0.025225 0.163952
v 0.612173 -0.025875 0.177138
v 0.609770 -0.015653 0.184506
v 0.620579 -0.030408 0.171954
v 0.617866 -0.026195 0.185019
v 0.627475 -0.026757 0.171521
v 0.626845 -0.025323 0.179983
v 0.634048 -0.001036 0.157055
v 0.624256 -0.012658 0.185744
v 0.616721 -0.014686 0.189827
v 0.636527 0.005323 0.166080
v 0.619972 0.006484 0.040642
v 0.619424 0.006408 0.031957
v 0.627479 0.004674 0.046531
v 0.619885 0.008501 0.186705
v 0.614268 -0.013164 0.038721
v 0.619612 -0.019214 0.046063
v 0.620332 -0.012100 0.049005
v 0.618527 -0.019755 0.033027
v 0.621082 -0.022198 0.039543
v 0.619778 -0.012093 0.028856
v 0.627603 -0.004579 0.028827
v 0.623956 0.003360 0.026428
v 0.631973 -0.003218 0.033383
v 0.625201 -0.017628 0.034870
v 0.626858 -0.013891 0.044972
v 0.634122 -0.000445 0.072847
v 0.640869 0.001135 0.065222
v 0.636321 -0.001278 0.086017
v 0.637353 -0.016634 0.073953
v 0.650019 0.004694 0.064518
v 0.648951 -0.008344 0.068688
v 0.654372 -0.003648 0.073462
v 0.653733 -0.002686 0.084424
v 0.623578 -0.035670 0.130381
v 0.626007 -0.040016 0.144317
v 0.628510 -0.048771 0.137369
v 0.627736 -0.038034 0.121777
v 0.634893 -0.054242 0.129851
v 0.640767 -0.050209 0.120729
v 0.632802 -0.038811 0.118280
v 0.625485 -0.028447 0.143822
v 0.628568 -0.011919 0.137367
v 0.631640 -0.040857 0.150215
v 0.638193 -0.029906 0.150462
v 0.628424 -0.017224 0.124069
v 0.636302 -0.004945 0.143723
v 0.632299 -0.020497 0.146914
v 0.627946 -0.003781 0.117049
v 0.647912 -0.005781 0.144200
v 0.642448 -0.026473 0.111584
v 0.657217 -0.019634 0.117855
v 0.637033 -0.054279 0.144549
v 0.639485 -0.043846 0.150483
v 0.649171 -0.023306 0.144099
v 0.642453 -0.057502 0.134128
v 0.648659 -0.052219 0.140704
v 0.645013 -0.053430 0.125056
v 0.651830 -0.023628 0.113524
v 0.648960 -0.048063 0.123440
v 0.653051 -0.035785 0.132496
v 0.657744 -0.018499 0.131319
v 0.657156 0.000471 0.135396
v 0.630525 -0.031210 0.128749
v 0.629038 -0.034561 0.137354
v 0.634694 -0.046323 0.131049
v 0.634829 -0.046422 0.141161
v 0.634946 -0.038984 0.145546
v 0.636187 -0.014863 0.139531
v 0.635419 -0.035277 0.122471
v 0.637825 -0.017269 0.118751
v 0.644170 -0.004610 0.138572
v 0.643001 -0.039818 0.122893
v 0.646697 -0.036364 0.129638
v 0.642581 -0.022281 0.141703
v 0.645344 -0.029673 0.138268
v 0.635424 0.001512 0.115053
v 0.633262 -0.014405 0.130022
v 0.640882 -0.001418 0.111431
v 0.644819 -0.025913 0.118034
v 0.650458 -0.011161 0.115415
v 0.648535 -0.027785 0.121906
v 0.653241 -0.015355 0.122031
v 0.640974 -0.047719 0.126993
v 0.641368 -0.050677 0.134923
v 0.641939 -0.046445 0.141051
v 0.651354 -0.009633 0.133973
v 0.656550 0.009581 0.122866
v 0.633670 -0.029643 0.093799
v 0.631467 -0.035833 0.083043
v 0.634391 -0.044084 0.094775
v 0.635139 -0.044194 0.080669
v 0.643042 -0.045933 0.096006
v 0.639059 -0.039313 0.099007
v 0.637496 -0.030257 0.074595
v 0.637091 -0.014473 0.088301
v 0.645561 -0.021646 0.094643
v 0.644981 -0.045552 0.086751
v 0.645578 -0.006041 0.090425
v 0.644071 -0.030967 0.074012
v 0.643156 -0.044398 0.080292
v 0.644683 -0.018714 0.070070
v 0.650036 -0.022632 0.075109
v 0.652812 -0.018758 0.084009
v 0.641352 -0.050489 0.089028
vn -0.5752 -0.6169 -0.5372
vn -0.4471 -0.5863 -0.6755
vn -0.8213 -0.2505 -0.5125
vn -0.0832 -0.7726 0.6294
vn -0.0871 -0.8535 0.5137
vn 0.0153 -0.7712 0.6364
vn 0.1174 -0.8402 0.5294
vn -0.3959 -0.4852 0.7797
vn -0.2962 -0.7491 0.5926
vn -0.2662 -0.7380 0.6200
vn -0.2785 -0.4992 0.8205
vn -0.4081 -0.4759 0.7790
vn -0.5489 -0.1613 0.8202
vn -0.5689 -0.3010 0.7654
vn -0.6389 -0.3650 0.6772
vn -0.3389 -0.6995 0.6292
vn 0.0322 -0.7753 0.6308
vn -0.1176 -0.3683 0.9222
vn -0.1090 -0.5217 0.8461
vn 0.0886 -0.8833 0.4604
vn 0.1831 -0.6048 0.7751
vn 0.0671 -0.4235 0.9034
vn 0.3353 -0.4575 0.8236
vn 0.1731 -0.2835 0.9432
vn 0.0432 -0.0095 0.9990
vn 0.0548 -0.0024 0.9985
vn 0.0007 -0.5084 0.8611
vn 0.1212 -0.8805 0.4582
vn -0.0894 -0.5337 0.8409
vn -0.3689 -0.0720 0.9267
vn -0.4255 -0.0949 0.9000
vn -0.4824 -0.1152 0.8683
vn -0.2617 -0.7159 0.6474
vn -0.3671 -0.6437 0.6715
vn -0.3124 -0.6988 0.6435
vn -0.3269 -0.7168 0.6159
vn -0.1809 -0.4471 -0.8760
vn -0.4768 -0.4577 -0.7505
vn -0.2842 -0.6193 -0.7320
vn 0.0074 -0.2612 -0.9652
vn 0.2188 -0.2330 -0.9475
vn 0.1064 -0.1743 -0.9789
vn -0.4478 -0.5872 -0.6743
vn -0.1091 -0.5016 -0.8582
vn -0.1853 -0.5043 -0.8434
vn -0.2644 -0.5386 -0.8000
vn -0.2565 -0.5393 -0.8021
vn -0.4129 -0.3924 -0.8219
vn -0.2927 -0.3996 -0.8687
vn -0.3241 -0.7821 -0.5323
vn -0.3737 -0.7585 -0.5340
vn -0.5764 -0.6519 -0.4927
vn 0.1193 -0.2431 0.9626
vn 0.0795 0.1833 0.9798
vn 0.1308 0.1626 0.9780
vn -0.2744 0.0960 0.9568
vn -0.1100 -0.5598 0.8213
vn -0.1191 -0.5226 0.8442
vn -0.4224 -0.6599 0.6215
vn -0.5804 -0.4111 0.7029
vn -0.6369 -0.4678 0.6128
vn -0.8504 -0.2028 0.4855
vn -0.8467 -0.2687 0.4593
vn -0.9174 -0.2498 0.3098
vn -0.8544 -0.2621 0.4486
vn -0.8698 -0.2867 0.4015
vn -0.9256 -0.2668 0.2684
vn -0.8408 -0.2890 0.4578
vn -0.9098 -0.2920 0.2949
vn -0.9270 -0.2967 0.2293
vn -0.8044 -0.3168 0.5026
vn -0.9511 -0.2774 0.1359
vn -0.9539 -0.2871 0.0872
vn -0.8071 -0.3157 0.4988
vn -0.7947 -0.3048 0.5249
vn -0.9563 -0.2648 0.1239
vn -0.9671 -0.2442 0.0715
vn -0.9265 -0.1989 -0.3194
vn -0.9528 -0.3026 0.0256
vn -0.6306 -0.6933 -0.3488
vn -0.7982 -0.2864 -0.5299
vn -0.8892 -0.1906 -0.4158
vn -0.8733 -0.1675 -0.4576
vn -0.8236 -0.2040 -0.5292
vn -0.5350 -0.7084 -0.4605
vn -0.4531 -0.7589 -0.4678
vn -0.7111 -0.3388 -0.6160
vn -0.7270 -0.3172 -0.6090
vn -0.3061 -0.7966 -0.5213
vn -0.3067 0.4449 -0.8414
vn -0.6509 -0.2319 -0.7229
vn -0.4690 -0.2347 -0.8514
vn -0.6054 -0.0992 -0.7897
vn -0.3468 0.0793 -0.9346
vn -0.7097 -0.4354 -0.5538
vn -0.6763 -0.3357 -0.6557
vn -0.5706 -0.3124 -0.7595
vn -0.5669 -0.3136 -0.7617
vn -0.4131 -0.2537 -0.8746
vn -0.3817 -0.1997 -0.9024
vn -0.2848 -0.1340 -0.9492
vn -0.4124 0.1293 -0.9018
vn -0.1453 -0.7283 -0.6697
vn -0.2764 -0.7040 -0.6542
vn 0.2009 -0.1669 -0.9653
vn -0.2794 -0.7036 -0.6533
vn -0.0960 -0.5135 -0.8527
vn -0.3350 -0.6497 -0.6824
vn -0.0304 -0.4043 -0.9141
vn 0.1833 -0.0124 -0.9830
vn -0.3507 -0.7040 -0.6175
vn -0.9693 -0.2131 -0.1226
vn -0.9680 -0.2510 -0.0044
vn -0.9560 -0.2853 0.0680
vn -0.9468 -0.2310 -0.2239
vn -0.9448 -0.2244 -0.2389
vn -0.9622 -0.2602 0.0801
vn -0.8889 -0.2418 0.3890
vn -0.9508 -0.2290 0.2087
vn -0.8474 -0.2029 0.4906
vn -0.9846 -0.1665 0.0528
vn -0.9847 -0.1492 0.0898
vn -0.9702 -0.1156 -0.2129
vn -0.8710 -0.1850 0.4551
vn -0.9840 -0.1521 0.0932
vn -0.9774 -0.1809 -0.1095
vn -0.9807 -0.1937 -0.0249
vn -0.9921 -0.1238 0.0202
vn -0.9913 -0.1263 -0.0378
vn -0.9641 -0.2411 -0.1110
vn -0.9630 -0.2295 -0.1412
vn -0.9604 -0.1442 -0.2382
vn -0.9912 -0.1317 -0.0094
vn -0.9880 -0.1527 -0.0218
vn -0.9744 -0.1114 -0.1952
vn -0.9845 -0.1553 0.0813
vn -0.9852 -0.1711 -0.0008
vn -0.9783 -0.1725 0.1144
vn -0.8540 -0.1925 0.4834
vn -0.8546 -0.1902 0.4832
vn -0.9660 -0.1999 0.1641
vn -0.7358 -0.2747 0.6190
vn -0.9294 -0.1754 0.3247
vn -0.9685 -0.1724 0.1794
vn -0.7675 -0.2249 0.6004
vn -0.9785 -0.1715 0.1148
vn -0.9631 -0.1889 0.1916
vn -0.9369 -0.2375 0.2566
vn -0.9228 -0.2454 0.2970
vn -0.9386 -0.1618 0.3048
vn -0.9786 -0.1551 -0.1351
vn -0.8846 0.4308 -0.1785
vn -0.8859 0.4634 -0.0200
vn -0.7879 0.5765 -0.2165
vn -0.6646 0.6920 -0.2818
vn -0.9749 -0.2032 -0.0916
vn -0.9537 0.1734 -0.2459
vn -0.6587 0.6899 -0.3002
vn -0.4492 0.8555 -0.2577
vn -0.9713 -0.1302 -0.1992
vn -0.9489 -0.2279 -0.2184
vn -0.9263 -0.2009 -0.3187
vn -0.9235 -0.1338 -0.3596
vn -0.8994 -0.2098 -0.3834
vn -0.8222 -0.1996 -0.5331
vn -0.6911 -0.1975 -0.6952
vn -0.5709 -0.1631 -0.8047
vn -0.5748 -0.1617 -0.8021
vn -0.6916 -0.1705 -0.7019
vn -0.7435 -0.1478 -0.6522
vn -0.5835 -0.1439 -0.7993
vn -0.5697 -0.1355 -0.8106
vn -0.6954 -0.1305 -0.7066
vn -0.7857 -0.0873 -0.6124
vn -0.7524 -0.1076 -0.6499
vn -0.9358 -0.1301 -0.3277
vn -0.9372 -0.1285 -0.3241
vn -0.8471 -0.1314 -0.5150
vn -0.8495 -0.1272 -0.5120
vn -0.6384 -0.0960 -0.7637
vn -0.7541 -0.1391 -0.6418
vn -0.7656 -0.1459 -0.6265
vn -0.7580 -0.1540 -0.6338
vn -0.5253 0.7304 -0.4366
vn -0.5535 0.7003 -0.4509
vn -0.5258 0.7287 -0.4387
vn -0.8154 -0.1108 -0.5682
vn -0.5868 0.7266 -0.3573
vn -0.5905 0.7243 -0.3560
vn -0.6003 0.7378 -0.3087
vn -0.9397 0.1900 -0.2842
vn -0.9443 0.1460 -0.2950
vn -0.6316 -0.7739 0.0465
vn -0.6782 -0.7320 0.0645
vn -0.9904 0.0932 0.1019
vn -0.9899 0.0798 0.1176
vn -0.6130 -0.7568 0.2270
vn -0.9760 -0.1857 -0.1140
vn -0.9747 -0.2234 -0.0117
vn -0.6548 -0.7322 0.1876
vn -0.6550 -0.7331 0.1830
vn -0.8584 -0.5103 -0.0528
vn -0.9380 -0.2345 0.2553
vn -0.7743 -0.1990 0.6007
vn -0.9423 0.1173 0.3137
vn -0.8542 0.0031 0.5199
vn -0.6375 -0.4969 0.5888
vn -0.9355 -0.1607 0.3147
vn -0.8544 -0.3197 0.4096
vn -0.8538 -0.3383 0.3958
vn -0.8827 -0.2223 0.4140
vn -0.9090 -0.2613 0.3247
vn -0.9852 -0.1532 -0.0766
vn -0.6682 -0.5613 0.4883
vn -0.9869 -0.1571 -0.0377
vn -0.9754 -0.1800 0.1275
vn -0.9873 -0.1552 -0.0347
vn -0.9999 0.0106 -0.0107
vn -0.9573 0.1837 -0.2230
vn -0.9806 -0.1373 0.1398
vn -0.9865 -0.0685 -0.1488
vn -0.9306 -0.1150 0.3476
vn -0.8569 -0.2316 0.4605
vn -0.9256 -0.1636 0.3414
vn -0.7576 -0.3559 0.5471
vn -0.7116 -0.3989 0.5784
vn -0.7609 -0.3513 0.5455
vn -0.9261 -0.1888 0.3267
vn -0.7684 -0.1776 0.6148
vn -0.9550 -0.2160 0.2033
vn -0.9707 -0.2231 0.0890
vn -0.9749 -0.2088 0.0771
vn -0.9239 -0.3687 -0.1027
vn -0.9448 -0.2761 -0.1765
vn -0.9053 -0.1934 -0.3781
vn -0.6303 -0.7751 -0.0438
vn -0.5907 -0.8069 0.0084
vn -0.8347 -0.5172 -0.1894
vn -0.6461 0.7105 -0.2789
vn -0.8075 0.3415 -0.4809
vn -0.7868 0.2174 -0.5776
vn -0.7689 -0.0091 -0.6393
vn -0.8138 -0.2212 -0.5374
vn -0.5412 0.7376 -0.4037
vn -0.7025 0.3078 -0.6417
vn -0.7515 -0.5008 -0.4295
vn -0.3255 0.2479 -0.9125
vn -0.6694 -0.7422 0.0322
vn -0.8100 -0.5697 -0.1389
vn -0.8267 0.2293 -0.5138
vn -0.9362 0.0996 -0.3369
vn -0.7606 -0.6487 0.0270
vn -0.8993 -0.1995 -0.3891
vn -0.8005 -0.5722 -0.1781
vn -0.8140 -0.2784 -0.5098
vn -0.7486 -0.6621 -0.0335
vn -0.8364 -0.4640 -0.2917
vn -0.7869 -0.1542 -0.5975
vn -0.7356 -0.2110 -0.6437
vn -0.7391 -0.2111 -0.6397
vn -0.6584 -0.2043 -0.7244
vn -0.6857 0.2528 -0.6826
vn -0.5166 0.7574 -0.3993
vn -0.6088 -0.1277 -0.7830
vn -0.6301 -0.1388 -0.7640
vn -0.4502 -0.1193 -0.8849
vn -0.6610 -0.1179 -0.7411
vn -0.5633 -0.0791 -0.8225
vn -0.4657 -0.1448 -0.8730
vn -0.3420 -0.1787 -0.9226
vn -0.3011 -0.2008 -0.9322
vn -0.4663 -0.1410 -0.8733
vn -0.4153 -0.1075 -0.9033
vn -0.3016 -0.1510 -0.9414
vn -0.3208 -0.1164 -0.9400
vn -0.1745 -0.0710 -0.9821
vn -0.3845 -0.2722 -0.8821
vn -0.1722 -0.0886 -0.9811
vn -0.1468 -0.0602 -0.9873
vn 0.0443 0.0759 -0.9961
vn 0.0559 0.0712 -0.9959
vn 0.0657 0.0047 -0.9978
vn 0.3635 0.1244 -0.9232
vn 0.3363 0.1471 -0.9302
vn 0.3102 0.1220 -0.9428
vn -0.1184 -0.0802 -0.9897
vn -0.3561 -0.1226 -0.9264
vn -0.3480 -0.1125 -0.9307
vn -0.5698 -0.0837 -0.8175
vn -0.6023 -0.1546 -0.7832
vn -0.4590 -0.1385 -0.8776
vn -0.4107 -0.0737 -0.9088
vn -0.4642 -0.1371 -0.8751
vn -0.1945 -0.1341 -0.9717
vn -0.4347 0.7621 -0.4798
vn -0.3648 0.8354 -0.4112
vn -0.4360 0.7077 -0.5559
vn -0.5743 -0.2966 -0.7630
vn -0.5645 -0.6868 -0.4580
vn -0.4145 -0.2456 -0.8763
vn -0.4322 -0.7187 -0.5447
vn -0.3724 -0.7734 -0.5130
vn -0.4458 -0.2638 -0.8554
vn -0.1355 0.5839 -0.8005
vn -0.4697 -0.0099 -0.8828
vn -0.1803 0.7206 -0.6695
vn -0.3350 -0.7505 -0.5697
vn -0.5082 0.1748 -0.8433
vn -0.5047 -0.0421 -0.8623
vn -0.4279 0.7089 -0.5607
vn -0.4493 0.7224 -0.5257
vn -0.4359 0.7306 -0.5256
vn -0.3593 -0.5283 -0.7692
vn -0.4347 -0.1828 -0.8818
vn -0.4245 0.7301 -0.5354
vn -0.3652 0.6289 -0.6864
vn -0.3994 0.3450 -0.8494
vn -0.2318 -0.1445 -0.9620
vn -0.2366 -0.1629 -0.9578
vn -0.0837 -0.1679 -0.9822
vn -0.3892 0.6320 -0.6701
vn -0.1456 -0.2120 -0.9664
vn -0.0831 -0.1483 -0.9854
vn 0.0898 -0.2528 -0.9633
vn -0.1674 -0.1605 -0.9727
vn -0.0450 -0.2071 -0.9773
vn -0.0382 -0.2007 -0.9789
vn 0.0359 -0.1963 -0.9799
vn 0.1162 -0.1745 -0.9778
vn -0.1495 -0.1810 -0.9720
vn 0.1660 -0.2209 -0.9611
vn 0.2640 -0.1665 -0.9500
vn 0.2974 -0.1898 -0.9357
vn 0.1822 -0.2423 -0.9529
vn 0.5141 -0.1565 -0.8433
vn 0.6342 -0.1207 -0.7637
vn 0.5115 -0.1591 -0.8444
vn 0.4099 -0.1870 -0.8928
vn 0.2425 -0.2513 -0.9370
vn 0.7427 -0.1267 -0.6576
vn 0.6445 -0.1864 -0.7415
vn 0.3694 -0.2402 -0.8977
vn 0.6393 -0.2169 -0.7377
vn 0.4112 -0.2498 -0.8767
vn -0.0648 -0.1617 -0.9847
vn 0.1079 -0.1799 -0.9778
vn 0.1525 -0.2029 -0.9673
vn -0.1970 0.3115 -0.9296
vn -0.4188 0.7720 -0.4781
vn 0.4182 0.0108 -0.9083
vn 0.3523 -0.0121 -0.9358
vn 0.4843 -0.0773 -0.8715
vn -0.2524 0.4645 -0.8488
vn -0.0519 0.1060 -0.9930
vn -0.1281 0.3907 -0.9116
vn 0.0672 0.2433 -0.9676
vn 0.5872 -0.2427 -0.7722
vn 0.5100 0.0307 -0.8596
vn 0.7406 -0.1316 -0.6589
vn 0.8323 -0.1607 -0.5306
vn 0.7518 -0.2217 -0.6209
vn 0.8310 -0.1748 -0.5280
vn 0.8966 -0.1793 -0.4049
vn 0.8724 -0.0555 -0.4856
vn 0.7482 -0.0855 -0.6580
vn 0.5287 0.3270 -0.7833
vn 0.6008 0.2960 -0.7426
vn 0.4944 0.2233 -0.8401
vn 0.2527 0.2538 -0.9336
vn 0.2527 0.2563 -0.9330
vn 0.2785 -0.0889 -0.9563
vn -0.2846 0.4107 -0.8662
vn -0.2022 0.1621 -0.9658
vn -0.4217 0.5205 -0.7425
vn -0.1701 0.2609 -0.9503
vn 0.0747 0.1222 -0.9897
vn 0.5858 -0.4752 -0.6566
vn 0.5031 -0.3022 -0.8097
vn 0.5409 -0.5497 -0.6367
vn 0.4299 -0.1437 -0.8914
vn 0.3331 0.0315 -0.9424
vn 0.4673 0.1786 -0.8659
vn 0.5879 -0.0983 -0.8029
vn 0.5444 -0.2857 -0.7887
vn 0.6717 -0.1897 -0.7161
vn 0.5481 -0.0168 -0.8362
vn 0.7516 0.1040 -0.6514
vn 0.7042 -0.0123 -0.7099
vn 0.8207 -0.1585 -0.5489
vn 0.8519 -0.1173 -0.5105
vn 0.7246 -0.1588 -0.6706
vn 0.6875 -0.1938 -0.6999
vn 0.7332 -0.4963 -0.4649
vn 0.7325 -0.2263 -0.6421
vn 0.7652 -0.0724 -0.6397
vn 0.6343 -0.1759 -0.7528
vn 0.4663 -0.0964 -0.8793
vn 0.4669 -0.3018 -0.8312
vn 0.6115 -0.5682 -0.5506
vn 0.6359 -0.4985 -0.5892
vn -0.6242 -0.2359 0.7448
vn -0.7449 -0.2858 0.6029
vn -0.7485 -0.1977 0.6330
vn -0.7346 -0.2168 0.6429
vn -0.7551 -0.2412 0.6096
vn -0.6948 -0.1489 0.7036
vn -0.6143 -0.1601 0.7726
vn -0.6275 -0.2594 0.7342
vn -0.5812 -0.2195 0.7836
vn -0.4592 -0.2095 0.8632
vn -0.4883 -0.1326 0.8625
vn -0.5192 -0.1532 0.8408
vn -0.4666 -0.2197 0.8567
vn -0.5807 -0.2205 0.7837
vn -0.3107 -0.2162 0.9256
vn -0.3454 -0.1834 0.9204
vn -0.2760 -0.1723 0.9456
vn -0.3202 -0.1469 0.9359
vn -0.1523 -0.2043 0.9670
vn -0.0594 -0.2009 0.9778
vn -0.1302 -0.2204 0.9667
vn -0.3807 -0.2273 0.8963
vn -0.3358 -0.2205 0.9158
vn -0.1391 -0.2290 0.9634
vn -0.0841 -0.2776 0.9570
vn 0.0878 -0.2649 0.9603
vn 0.0955 -0.2388 0.9664
vn 0.1282 -0.2495 0.9599
vn -0.0312 -0.2162 0.9758
vn 0.2631 -0.2356 0.9356
vn 0.1957 -0.2476 0.9489
vn -0.3620 -0.2790 0.8894
vn -0.3545 -0.1894 0.9157
vn -0.4239 -0.1776 0.8881
vn -0.4756 -0.4656 0.7463
vn -0.5081 -0.1701 0.8443
vn -0.6495 -0.2019 0.7330
vn -0.9510 -0.1789 -0.2523
vn -0.9596 -0.2455 0.1372
vn -0.7941 -0.2913 0.5334
vn -0.8142 -0.2078 -0.5421
vn -0.8466 -0.1299 -0.5162
vn -0.9174 -0.1109 -0.3823
vn -0.8298 -0.1486 -0.5380
vn -0.6696 -0.1144 -0.7338
vn -0.8046 -0.1606 -0.5717
vn -0.9078 -0.1859 0.3760
vn -0.8430 -0.1752 0.5086
vn -0.9046 -0.2293 0.3593
vn -0.8270 -0.1593 0.5392
vn -0.7282 -0.1712 0.6637
vn -0.7051 -0.1897 0.6833
vn -0.6079 -0.1989 0.7687
vn -0.8333 -0.2560 0.4899
vn -0.8018 -0.2176 0.5566
vn -0.6825 -0.2218 0.6964
vn -0.7932 -0.3401 0.5052
vn -0.7126 -0.3297 0.6192
vn -0.4869 -0.3314 0.8081
vn -0.7105 -0.2331 0.6640
vn -0.5989 -0.2382 0.7645
vn -0.5554 -0.4062 0.7256
vn -0.4189 -0.5058 0.7541
vn -0.2753 -0.3998 0.8743
vn -0.2931 -0.4023 0.8673
vn -0.4151 -0.4899 0.7666
vn -0.6014 -0.4074 0.6872
vn -0.6158 -0.4469 0.6489
vn -0.7917 -0.3359 0.5102
vn -0.6438 -0.4078 0.6475
vn -0.7716 -0.3624 0.5228
vn -0.5629 -0.4975 0.6600
vn -0.6134 -0.3401 0.7128
vn -0.4773 -0.3513 0.8055
vn -0.4807 -0.2853 0.8292
vn -0.5458 -0.2856 0.7878
vn -0.5435 -0.2837 0.7900
vn -0.3099 -0.2474 0.9180
vn -0.3968 -0.3368 0.8539
vn -0.2270 -0.2836 0.9317
vn -0.3573 -0.3629 0.8606
vn -0.1857 -0.3156 0.9305
vn -0.0694 -0.2592 0.9633
vn -0.1236 -0.1300 0.9838
vn -0.1754 -0.3278 0.9283
vn 0.0671 -0.2676 0.9612
vn 0.1763 -0.2808 0.9434
vn -0.4337 -0.5275 0.7305
vn -0.4107 -0.5235 0.7465
vn -0.5606 -0.4735 0.6794
vn -0.3540 -0.1447 0.9240
vn -0.2893 -0.1172 0.9500
vn -0.3486 -0.0704 0.9346
vn -0.2893 -0.0463 0.9561
vn -0.4063 -0.3321 0.8513
vn -0.5825 -0.2646 0.7686
vn -0.5069 0.3483 0.7885
vn -0.6692 0.0202 0.7428
vn -0.5783 -0.0518 0.8142
vn -0.4126 0.0013 0.9109
vn -0.6034 -0.1681 0.7796
vn -0.3212 -0.5431 0.7758
vn -0.3482 -0.5508 0.7586
vn -0.2782 -0.4809 0.8315
vn -0.4167 -0.3445 0.8413
vn -0.1461 -0.5679 0.8100
vn -0.1255 -0.6377 0.7600
vn -0.2385 -0.7387 0.6305
vn -0.2781 -0.7280 0.6266
vn -0.1238 -0.2263 0.9662
vn -0.2588 -0.3478 0.9011
vn -0.1941 -0.1373 0.9713
vn -0.2814 -0.1924 0.9401
vn -0.1516 -0.5730 0.8054
vn -0.0942 -0.8455 0.5256
vn -0.2514 -0.7052 0.6629
vn -0.3355 -0.2709 0.9022
vn -0.2850 -0.5715 0.7696
vn -0.2224 -0.5234 0.8226
vn -0.1578 -0.3173 0.9351
vn -0.1144 -0.8996 0.4216
vn -0.1122 -0.8994 0.4225
vn -0.0892 -0.8563 0.5087
vn -0.0739 -0.2357 0.9690
vn 0.1324 -0.3726 0.9185
vn -0.0255 -0.1769 0.9839
vn 0.1762 -0.2873 0.9415
vn 0.2151 -0.3854 0.8973
vn 0.3153 -0.3827 0.8684
vn 0.4053 -0.1938 0.8934
vn -0.0710 -0.9604 0.2693
vn -0.0326 -0.9611 0.2743
vn 0.2187 -0.6057 0.7651
vn 0.3267 -0.0790 0.9418
vn 0.6065 -0.0930 0.7897
vn 0.3198 -0.6548 0.6848
vn 0.3529 -0.5564 0.7523
vn 0.7492 0.1035 0.6542
vn 0.1813 -0.4865 0.8547
vn 0.1313 0.0047 0.9913
vn -0.0658 -0.1074 0.9920
vn -0.1487 -0.5794 0.8014
vn -0.6026 -0.4772 0.6397
vn -0.6163 -0.4916 0.6152
vn -0.6841 -0.2874 0.6703
vn -0.8501 -0.2206 0.4781
vn -0.8962 -0.1239 0.4260
vn -0.9582 -0.1656 0.2334
vn -0.8541 -0.3248 0.4061
vn -0.8689 -0.0139 0.4947
vn -0.9912 -0.0970 0.0900
vn -0.9545 -0.1426 0.2621
vn -0.9490 -0.1110 0.2952
vn -0.7930 -0.4758 0.3805
vn -0.9238 -0.3830 -0.0033
vn -0.8302 -0.5529 0.0714
vn -0.8062 -0.5088 0.3021
vn -0.6006 -0.3663 0.7107
vn -0.7517 -0.6309 0.1924
vn -0.8314 0.2500 -0.4963
vn -0.8936 -0.2154 -0.3938
vn -0.7847 -0.6187 0.0386
vn -0.5837 0.4057 -0.7033
vn -0.7633 0.2565 -0.5929
vn -0.8959 -0.2074 -0.3929
vn -0.8050 -0.5842 -0.1037
vn -0.9315 -0.3039 -0.1999
vn -0.8214 0.0836 -0.5641
vn -0.7444 0.1540 -0.6498
vn -0.7273 -0.6647 -0.1710
vn -0.4667 0.4178 -0.7795
vn -0.7622 -0.3689 -0.5320
vn -0.7628 -0.3598 -0.5373
vn -0.7885 -0.4820 -0.3820
vn -0.7885 -0.5663 -0.2400
vn -0.5451 0.2470 -0.8011
vn -0.7595 -0.3605 -0.5415
vn -0.7002 -0.5650 -0.4365
vn -0.6641 -0.5872 -0.4628
vn -0.7820 0.1204 -0.6115
vn -0.8754 -0.3554 -0.3278
vn -0.9367 -0.1498 -0.3166
vn -0.8711 -0.3534 -0.3409
vn -0.7783 0.1609 -0.6070
vn -0.5132 0.5272 -0.6773
vn -0.6145 0.2069 -0.7613
vn -0.7447 -0.1749 -0.6441
vn -0.5676 -0.2684 -0.7783
vn -0.2031 0.6058 -0.7692
vn -0.4247 -0.2182 -0.8786
vn -0.9094 -0.2717 0.3149
vn -0.7755 -0.2920 0.5598
vn -0.8441 -0.1754 0.5066
vn -0.6607 -0.3365 0.6710
vn -0.6559 -0.3533 0.6670
vn -0.5218 -0.4733 0.7097
vn -0.3955 -0.3207 0.8607
vn -0.3322 -0.3443 0.8782
vn -0.1627 -0.3380 0.9270
vn -0.2036 -0.3243 0.9238
vn 0.1817 -0.2670 0.9464
vn 0.0001 -0.3070 0.9517
vn -0.0119 -0.3147 0.9491
vn 0.1025 -0.0893 0.9907
vn 0.1251 -0.1081 0.9862
vn 0.3434 -0.1433 0.9282
vn 0.2738 -0.0992 0.9567
vn 0.0834 -0.2354 0.9683
vn -0.2247 -0.2658 0.9375
vn -0.0274 -0.2458 0.9689
vn 0.2666 -0.1739 0.9480
vn 0.2276 -0.2357 0.9448
vn 0.2784 -0.2271 0.9332
vn 0.3159 -0.2765 0.9076
vn 0.2726 -0.3167 0.9085
vn 0.4093 -0.3727 0.8328
vn 0.5090 -0.3686 0.7778
vn 0.3648 -0.3203 0.8743
vn 0.4863 -0.2581 0.8348
vn 0.4079 -0.2039 0.8900
vn 0.4399 -0.2119 0.8727
vn -0.0520 -0.1667 0.9846
vn -0.0958 -0.1468 0.9845
vn 0.0511 -0.8272 0.5596
vn 0.1258 -0.1724 0.9770
vn -0.1205 -0.3366 0.9339
vn -0.1386 -0.3573 0.9236
vn -0.0403 -0.3457 0.9375
vn 0.1433 -0.1696 0.9750
vn -0.3033 -0.1320 0.9437
vn -0.1854 -0.0768 0.9797
vn -0.1833 -0.0743 0.9802
vn -0.1932 -0.2659 0.9444
vn 0.0882 0.0116 0.9960
vn -0.0044 -0.0565 0.9984
vn 0.0408 -0.4003 0.9155
vn 0.1648 -0.3901 0.9059
vn 0.1744 -0.3782 0.9091
vn 0.2946 -0.3497 0.8893
vn 0.0381 -0.0723 0.9967
vn -0.1372 -0.1005 0.9854
vn -0.1967 -0.0633 0.9784
vn -0.0254 -0.0610 0.9978
vn 0.1013 -0.0484 0.9937
vn 0.2405 -0.0343 0.9700
vn 0.2873 -0.0144 0.9577
vn 0.3725 -0.0289 0.9276
vn 0.3031 0.0519 0.9515
vn -0.1441 -0.1312 0.9808
vn -0.1582 -0.0562 0.9858
vn -0.3459 -0.1931 0.9182
vn -0.2846 0.0954 0.9539
vn -0.3026 0.0823 0.9495
vn -0.4484 -0.1248 0.8851
vn -0.4280 -0.5063 0.7486
vn -0.2592 -0.4570 0.8509
vn -0.3314 -0.3936 0.8574
vn -0.7515 -0.2670 0.6033
vn -0.8136 -0.1853 0.5511
vn -0.8435 -0.2993 0.4461
vn -0.8147 -0.3779 0.4398
vn -0.6327 -0.5350 0.5598
vn -0.8742 -0.4005 0.2746
vn -0.7749 -0.4193 0.4729
vn 0.2655 -0.0571 -0.9624
vn 0.0042 -0.4205 -0.9073
vn 0.0790 -0.1402 -0.9870
vn -0.1460 -0.2587 -0.9549
vn -0.1016 -0.2871 -0.9525
vn -0.0484 -0.4488 -0.8923
vn -0.0881 -0.6690 -0.7380
vn -0.1672 -0.8081 -0.5648
vn -0.1752 0.2968 -0.9387
vn -0.1577 0.3727 -0.9144
vn -0.2296 -0.7222 -0.6524
vn -0.1683 0.2883 -0.9426
vn -0.1899 0.3541 -0.9157
vn -0.1895 -0.4654 -0.8646
vn -0.3705 -0.6727 -0.6405
vn -0.0722 -0.5954 -0.8002
vn 0.0606 -0.5419 -0.8382
vn -0.0352 -0.4122 -0.9104
vn 0.1193 -0.0700 -0.9904
vn 0.2552 -0.2740 -0.9273
vn -0.0975 -0.6558 -0.7486
vn -0.0997 -0.5931 -0.7989
vn -0.1469 -0.6891 -0.7096
vn -0.1822 -0.7227 -0.6667
vn 0.9986 0.0146 -0.0508
vn -0.0481 0.3654 -0.9296
vn -0.0968 0.4316 -0.8968
vn 0.3470 -0.2559 -0.9023
vn 0.1552 0.2364 0.9592
vn 0.1319 -0.2069 0.9694
vn 0.1046 -0.7737 0.6248
vn 0.1411 -0.7237 0.6755
vn 0.0830 -0.9140 0.3972
vn -0.0453 -0.3773 0.9250
vn -0.1227 -0.2218 0.9673
vn -0.0327 -0.6089 0.7926
vn -0.0978 -0.6210 0.7777
vn -0.4279 -0.4816 0.7649
vn -0.2349 -0.6346 0.7363
vn -0.9727 -0.2141 -0.0898
vn -0.9964 -0.0041 -0.0846
vn -0.9309 -0.3652 0.0022
vn -0.9940 -0.1084 -0.0145
vn -0.9928 -0.0392 -0.1130
vn -0.9384 0.0377 -0.3434
vn -0.9110 -0.2165 -0.3511
vn -0.8994 -0.1243 -0.4190
vn -0.9282 0.2027 -0.3121
vn -0.9801 0.1846 -0.0730
vn -0.9575 0.2053 -0.2024
vn -0.8377 0.1711 -0.5186
vn -0.9115 0.0741 -0.4046
vn -0.8028 0.1389 -0.5798
vn -0.6793 0.1054 -0.7263
vn -0.7375 -0.1604 -0.6561
vn -0.6121 -0.5265 -0.5901
vn -0.4751 -0.1752 -0.8623
vn -0.4216 -0.1931 -0.8860
vn -0.2211 0.4739 -0.8524
vn -0.2088 0.2813 -0.9366
vn -0.5047 0.2672 -0.8209
vn 0.0065 0.6889 -0.7249
vn -0.3049 -0.2952 -0.9055
vn -0.3147 0.1849 -0.9310
vn -0.4851 0.1397 -0.8632
vn -0.6458 0.0851 -0.7587
vn -0.0408 0.7827 -0.6210
vn -0.3991 0.3570 -0.8445
vn 0.0247 0.2258 -0.9739
vn 0.5036 -0.3050 -0.8083
vn -0.1149 -0.4030 -0.9080
vn 0.0811 0.2944 -0.9522
vn 0.3575 0.6856 -0.6341
vn 0.4422 -0.1728 -0.8801
vn 0.4872 -0.1154 -0.8657
vn 0.2420 0.7503 -0.6152
vn 0.0260 0.7750 -0.6314
vn 0.1701 0.8038 -0.5701
vn -0.3388 -0.7466 -0.5725
vn 0.3394 0.8475 -0.4080
vn -0.1105 -0.4791 -0.8708
vn -0.2827 -0.2810 -0.9171
vn -0.2520 0.1836 -0.9502
vn -0.2273 0.0011 -0.9738
vn 0.1804 0.8012 -0.5705
vn -0.1363 -0.6743 -0.7258
vn 0.2206 0.4067 -0.8865
vn -0.2193 -0.4964 -0.8399
vn 0.2209 0.4048 -0.8873
vn 0.1415 -0.0387 -0.9892
vn 0.3254 0.4063 -0.8538
vn 0.0378 -0.4450 -0.8947
vn 0.1555 -0.5084 -0.8469
vn -0.1515 -0.5562 -0.8171
vn -0.1261 0.4994 -0.8572
vn -0.2468 0.0243 -0.9688
vn -0.0590 -0.2743 -0.9598
vn -0.1479 0.1065 -0.9832
vn 0.1728 0.8118 -0.5578
vn 0.2463 0.8045 -0.5405
vn -0.0081 0.3142 -0.9493
vn 0.3067 0.4893 -0.8164
vn 0.0035 0.0093 -1.0000
vn 0.2312 0.1556 -0.9604
vn 0.3240 0.0787 -0.9428
vn -0.0735 0.4531 -0.8884
vn -0.0750 0.3648 -0.9281
vn 0.3410 0.7267 -0.5963
vn -0.0643 0.3518 -0.9339
vn -0.4425 -0.2079 -0.8723
vn -0.5366 -0.5421 -0.6467
vn -0.2915 -0.2366 -0.9268
vn -0.5846 -0.4675 -0.6631
vn -0.5334 -0.2552 -0.8065
vn -0.3288 -0.3121 -0.8913
vn -0.5566 -0.2750 -0.7839
vn -0.6280 0.3150 -0.7116
vn -0.6239 0.2682 -0.7340
vn -0.4218 0.5620 -0.7115
vn -0.4543 0.5682 -0.6861
vn -0.4155 0.4861 -0.7688
vn -0.6415 0.2633 -0.7205
vn -0.5565 0.1781 -0.8115
vn -0.4711 0.2012 -0.8588
vn -0.3384 0.2126 -0.9167
vn -0.4964 0.2329 -0.8363
vn -0.1294 -0.0385 -0.9908
vn -0.1254 -0.0305 -0.9916
vn 0.1734 0.4678 -0.8666
vn 0.2691 0.8445 -0.4631
vn 0.1708 0.4790 -0.8610
vn 0.1017 0.2584 -0.9607
vn -0.0305 -0.2514 -0.9674
vn 0.4003 -0.0515 -0.9149
vn 0.8520 0.1202 -0.5095
vn 0.7437 -0.4969 -0.4472
vn 0.6917 0.3465 -0.6337
vn 0.6796 0.4095 -0.6086
vn 0.8386 -0.1005 -0.5354
vn 0.8557 -0.3780 -0.3534
vn 0.8687 0.0392 -0.4939
vn 0.9336 -0.0362 -0.3565
vn 0.9079 -0.1281 -0.3992
vn 0.9067 -0.3976 -0.1406
vn 0.9845 -0.1511 -0.0893
vn 0.9035 -0.3459 -0.2532
vn 0.9570 -0.0781 -0.2793
vn 0.9903 -0.1304 -0.0484
vn 0.9183 -0.3815 0.1058
vn 0.8098 0.3365 -0.4807
vn 0.8209 0.3183 -0.4741
vn 0.9719 -0.0602 -0.2277
vn 0.9672 -0.1500 -0.2050
vn 0.8461 0.2617 -0.4644
vn 0.9262 -0.1488 -0.3465
vn 0.9367 -0.1617 -0.3107
vn 0.9184 -0.1118 -0.3796
vn 0.9247 -0.1253 -0.3594
vn 0.8738 -0.1107 -0.4735
vn 0.8619 -0.0515 -0.5044
vn 0.8803 -0.1153 -0.4602
vn 0.7750 -0.1130 -0.6217
vn 0.4552 -0.1056 -0.8841
vn 0.3917 -0.0996 -0.9147
vn 0.2983 -0.0314 -0.9540
vn 0.1207 -0.0531 -0.9913
vn -0.9984 0.0099 0.0557
vn -0.9885 -0.1333 0.0711
vn -0.9947 -0.0205 0.1012
vn -0.8791 -0.4255 0.2148
vn -0.8787 -0.4213 0.2246
vn -0.9043 -0.4048 0.1355
vn -0.9007 -0.3720 0.2245
vn -0.6902 -0.4989 0.5241
vn -0.6250 -0.4298 0.6516
vn -0.7231 -0.3723 0.5817
vn -0.9783 -0.1508 0.1422
vn -0.7321 -0.2278 0.6420
vn -0.8046 -0.1390 0.5773
vn -0.9783 -0.1796 0.1036
vn -0.9641 -0.2640 -0.0287
vn -0.9521 -0.3051 -0.0188
vn -0.9617 -0.2735 0.0165
vn -0.9982 0.0056 -0.0602
vn -0.9905 -0.0093 0.1373
vn -0.9858 0.1578 -0.0580
vn -0.9987 0.0081 -0.0511
vn -0.9915 -0.0127 0.1296
vn -0.9968 -0.0504 -0.0617
vn -0.9937 -0.1093 0.0262
vn -0.9794 -0.0726 -0.1885
vn -0.9286 -0.0211 -0.3705
vn -0.9685 0.0532 -0.2434
vn -0.9062 0.0693 -0.4172
vn -0.9383 0.0357 -0.3441
vn -0.8986 -0.0356 -0.4374
vn -0.7619 0.0230 -0.6473
vn -0.8157 0.1068 -0.5686
vn -0.7774 0.0927 -0.6221
vn -0.6845 0.0058 -0.7290
vn -0.5295 0.1025 -0.8421
vn -0.7028 0.0232 -0.7111
vn -0.5466 0.1291 -0.8274
vn -0.6426 0.1533 -0.7507
vn -0.2867 0.2059 -0.9356
vn -0.4431 0.0859 -0.8924
vn -0.4314 0.0482 -0.9009
vn -0.2118 0.0403 -0.9765
vn -0.3688 0.0626 -0.9274
vn -0.8784 -0.1148 -0.4639
vn -0.9830 -0.1076 0.1489
vn -0.9774 -0.1546 -0.1443
vn -0.9837 -0.1797 0.0049
vn -0.9843 -0.1757 0.0163
vn -0.9592 -0.1872 0.2121
vn -0.9626 -0.1659 0.2143
vn -0.9254 -0.1422 0.3513
vn -0.6341 -0.1874 0.7502
vn -0.7057 -0.2497 0.6631
vn -0.9207 -0.2461 0.3031
vn -0.9832 -0.0837 0.1621
vn -0.7546 -0.2187 0.6187
vn -0.9689 -0.2474 0.0018
vn -0.7188 -0.0118 -0.6952
vn -0.7911 -0.1090 -0.6018
vn -0.0125 -0.0087 -0.9999
vn 0.3354 -0.0180 -0.9419
vn 0.0486 -0.0429 -0.9979
vn -0.4025 0.0080 -0.9154
vn 0.0618 -0.0583 -0.9964
vn 0.0787 -0.0128 -0.9968
vn 0.0784 -0.1734 -0.9817
vn 0.2335 -0.0207 -0.9721
vn 0.2546 -0.0509 -0.9657
vn 0.3735 -0.0799 -0.9242
vn 0.3102 0.0009 -0.9507
vn 0.3037 -0.0083 -0.9527
vn -0.3006 -0.0727 -0.9510
vn 0.1325 -0.0843 -0.9876
vn 0.0158 -0.1204 -0.9926
vn 0.2801 0.0805 -0.9566
vn 0.0360 -0.1171 -0.9925
vn 0.5231 0.0031 -0.8523
vn 0.5274 -0.0555 -0.8478
vn 0.5182 -0.0615 -0.8531
vn 0.2540 0.0273 -0.9668
vn -0.3015 0.1098 -0.9471
vn -0.1209 0.1889 -0.9745
vn -0.4613 0.1930 -0.8660
vn -0.7370 0.1850 -0.6501
vn -0.4481 0.5142 -0.7313
vn -0.9366 -0.0103 0.3502
vn -0.9610 -0.0920 0.2608
vn -0.7777 -0.4764 0.4101
vn -0.6806 -0.5561 0.4771
vn -0.6544 -0.5602 0.5078
vn -0.8072 -0.3677 0.4618
vn -0.4020 -0.2334 0.8854
vn -0.3957 -0.2368 0.8873
vn -0.5570 -0.2238 0.7998
vn -0.9584 0.1739 -0.2263
vn 0.1276 -0.1822 0.9750
vn 0.1285 -0.1734 0.9764
vn 0.3169 0.2433 0.9167
vn 0.4563 0.1287 0.8805
vn 0.4604 -0.0191 0.8875
vn 0.2721 -0.3730 0.8870
vn 0.2696 -0.1830 0.9454
vn 0.2938 -0.1773 0.9393
vn 0.4146 -0.1770 0.8926
vn 0.5234 -0.2892 0.8015
vn 0.5366 -0.3836 0.7516
vn 0.4545 -0.2720 0.8482
vn 0.2449 -0.2960 0.9232
vn 0.4233 0.0302 0.9055
vn 0.4443 -0.2811 0.8506
vn 0.5424 -0.3506 0.7635
vn 0.6300 -0.2249 0.7433
vn 0.5502 -0.3516 0.7574
vn 0.6643 -0.2512 0.7040
vn 0.6626 -0.2688 0.6991
vn 0.4835 -0.2681 0.8333
vn 0.5872 -0.1853 0.7880
vn 0.5866 -0.1847 0.7886
vn 0.7102 -0.2012 0.6747
vn 0.7112 -0.2039 0.6727
vn 0.7897 -0.1779 0.5871
vn 0.8101 -0.1748 0.5596
vn 0.4980 -0.4657 0.7315
vn 0.5468 -0.4151 0.7271
vn 0.7886 -0.2694 0.5527
vn 0.7569 -0.3048 0.5781
vn 0.5874 -0.2855 0.7572
vn 0.6549 -0.0003 0.7557
vn 0.7204 -0.3365 0.6065
vn 0.7216 0.0424 0.6910
vn 0.8003 -0.1170 0.5880
vn 0.6922 -0.2631 0.6721
vn 0.8054 -0.2984 0.5121
vn 0.6632 0.0705 0.7451
vn 0.6666 0.0411 0.7443
vn 0.5825 0.1219 0.8036
vn 0.4556 0.0373 0.8894
vn 0.2819 -0.1495 0.9477
vn 0.1941 -0.1585 0.9681
vn 0.3620 -0.1937 0.9118
vn 0.5861 -0.3316 0.7392
vn 0.6162 -0.2563 0.7447
vn 0.3503 -0.1396 0.9262
vn 0.2996 -0.2251 0.9271
vn 0.3330 -0.4552 0.8258
vn 0.4783 -0.2142 0.8517
vn 0.4374 -0.2558 0.8621
vn 0.4701 -0.1991 0.8599
vn 0.5662 -0.1942 0.8011
vn 0.5041 -0.3792 0.7759
vn 0.4553 -0.3417 0.8222
vn 0.5776 -0.1326 0.8055
vn 0.6918 -0.4730 0.5456
vn 0.7117 -0.5569 0.4282
vn 0.8079 -0.0549 0.5868
vn 0.7548 -0.4994 0.4254
vn 0.6609 0.7021 0.2651
vn 0.5256 -0.2829 0.8023
vn 0.3540 -0.5558 0.7522
vn -0.0998 -0.6882 0.7186
vn 0.5453 -0.0672 0.8355
vn 0.3735 -0.1110 0.9209
vn -0.1400 -0.0705 0.9876
vn -0.9606 -0.1853 -0.2070
vn -0.9023 0.1181 -0.4146
vn -0.6162 0.4552 -0.6427
vn -0.0484 0.2758 -0.9600
vn -0.0642 0.2883 -0.9554
vn -0.1610 -0.5463 -0.8220
vn 0.1757 -0.3389 -0.9243
vn 0.3171 -0.4576 -0.8307
vn 0.3296 -0.1373 -0.9341
vn 0.2069 -0.4611 -0.8629
vn 0.3366 -0.4795 -0.8104
vn 0.2418 -0.0833 -0.9667
vn 0.2825 -0.0338 -0.9587
vn -0.9852 -0.1623 0.0553
vn -0.9814 -0.0367 0.1886
vn -0.8834 -0.3108 0.3508
vn -0.9597 -0.0427 0.2779
vn -0.9835 -0.0283 0.1786
vn -0.9455 -0.0347 0.3237
vn -0.7485 -0.0623 0.6602
vn -0.7145 -0.0566 0.6973
vn -0.7158 -0.1660 0.6782
vn -0.7907 -0.1836 0.5840
vn -0.7401 -0.1191 0.6619
vn -0.7403 -0.1158 0.6622
vn -0.6133 -0.2282 0.7561
vn -0.6966 -0.2545 0.6708
vn -0.7531 -0.1289 0.6452
vn -0.9646 0.0102 0.2634
vn -0.9543 -0.2820 0.0987
vn -0.9589 -0.1738 -0.2245
vn -0.9256 -0.1669 -0.3397
vn -0.9801 -0.1846 0.0736
vn -0.9968 -0.0583 0.0551
vn -0.9585 -0.1907 -0.2119
vn -0.8396 -0.3262 -0.4343
vn -0.9695 -0.2352 -0.0694
vn -0.9535 -0.2701 0.1340
vn -0.8435 -0.1361 -0.5196
vn -0.4032 0.0077 -0.9151
vn 0.0215 0.0701 -0.9973
vn -0.0189 0.0831 -0.9964
vn 0.0721 0.1100 -0.9913
vn -0.3781 -0.0959 -0.9208
vn -0.6246 -0.0806 -0.7768
vn -0.9563 0.1120 -0.2701
vn -0.8178 -0.3404 0.4641
vn -0.9898 -0.0218 -0.1409
vn -0.7252 0.0293 -0.6879
vn -0.8395 -0.2235 -0.4953
vn -0.8329 -0.2121 -0.5112
vn -0.9401 0.0026 -0.3410
vn -0.7951 -0.0023 -0.6065
vn -0.8426 -0.3054 0.4437
vn -0.8617 0.2180 0.4581
vn -0.5927 -0.4201 0.6872
vn -0.8038 0.2708 0.5298
vn -0.9179 0.2874 0.2737
vn -0.6801 -0.4435 0.5838
vn -0.8054 -0.0577 0.5900
vn -0.8296 -0.1032 0.5488
vn -0.6682 -0.4521 0.5908
vn -0.6935 -0.0985 0.7136
vn -0.7083 -0.0852 0.7008
vn -0.5796 -0.3542 0.7339
vn -0.5921 -0.0653 0.8032
vn -0.6270 -0.1484 0.7648
vn -0.7605 -0.2186 0.6115
vn -0.6219 -0.2466 0.7433
vn -0.8007 -0.2641 0.5376
vn -0.9608 -0.2414 0.1366
vn -0.8217 0.0467 0.5680
vn -0.8323 -0.2039 0.5155
vn -0.9588 -0.2765 0.0650
vn -0.9599 -0.2735 0.0621
vn -0.8444 -0.1871 0.5019
vn -0.8373 -0.3478 0.4218
vn -0.8336 -0.2791 0.4767
vn -0.8433 -0.3493 0.4085
vn -0.7399 -0.2452 0.6264
vn -0.5250 0.2490 0.8139
vn -0.5271 0.2176 0.8215
vn -0.5693 0.2756 0.7746
vn -0.7044 -0.0947 0.7035
vn -0.7905 -0.2823 0.5435
vn -0.7023 -0.3148 0.6386
vn -0.6342 -0.2612 0.7277
vn -0.4973 0.0052 0.8676
vn -0.6370 0.0953 0.7649
vn -0.4555 0.2783 0.8456
vn -0.4920 -0.1419 0.8590
vn -0.7039 -0.1234 0.6995
vn -0.7880 -0.3957 0.4717
vn -0.6514 -0.0524 0.7569
vn -0.7090 -0.3934 0.5852
vn -0.7621 -0.3443 0.5483
vn -0.6213 -0.1311 0.7726
vn -0.6909 -0.1946 0.6963
vn -0.6664 -0.1225 0.7355
vn -0.7420 -0.3414 0.5770
vn -0.7564 -0.3309 0.5643
vn -0.3548 -0.0239 0.9346
vn -0.7181 -0.1428 0.6812
vn -0.8163 -0.2937 0.4974
vn -0.7632 -0.0933 0.6394
vn -0.7732 -0.0941 0.6271
vn -0.7364 -0.1151 0.6667
vn -0.9708 -0.0954 0.2201
vn -0.9564 -0.0794 0.2811
vn -0.9413 -0.1590 0.2977
vn -0.9711 -0.2386 0.0059
vn -0.9528 -0.0870 0.2907
vn -0.8185 -0.3000 -0.4900
vn -0.9686 -0.1557 -0.1940
vn -0.9712 -0.1488 -0.1863
vn -0.9717 0.0517 0.2305
vn -0.9459 0.3226 0.0356
vn -0.8335 -0.3503 -0.4273
vn -0.8620 -0.3834 -0.3317
vn -0.9729 -0.1839 -0.1398
vn -0.6298 -0.0898 -0.7716
vn -0.8289 -0.0930 -0.5516
vn -0.7991 0.0232 -0.6007
vn -0.9831 0.1826 0.0105
vn -0.5223 -0.2749 -0.8072
vn -0.9488 0.0366 -0.3136
vn -0.9575 0.1959 0.2115
vn -0.9318 0.1393 0.3351
vn -0.8710 -0.3458 -0.3489
vn -0.9861 -0.1354 -0.0966
vn -0.8861 0.2698 0.3769
vn -0.8611 0.1959 0.4692
vn -0.8992 -0.1146 -0.4222
vn -0.8387 -0.0738 -0.5396
vn -0.7241 -0.1844 -0.6646
vn -0.5467 -0.1136 -0.8296
vn -0.1125 -0.1568 -0.9812
vn -0.3838 -0.2386 -0.8921
vn -0.0750 -0.2759 -0.9583
vn 0.0676 -0.3927 -0.9172
vn -0.8365 -0.1237 -0.5337
vn -0.3046 -0.3893 -0.8693
vn -0.1961 -0.3887 -0.9003
vn -0.0440 -0.4086 -0.9116
vn 0.0508 -0.3585 -0.9321
vn -0.0590 -0.0675 -0.9960
vn -0.2884 -0.2516 -0.9239
vn -0.2270 -0.3016 -0.9260
vn -0.2109 -0.2288 -0.9504
vn -0.4524 -0.2259 -0.8627
vn -0.2101 -0.2499 -0.9452
vn -0.3149 -0.2296 -0.9209
vn -0.1812 -0.2952 -0.9381
vn -0.2249 -0.3438 -0.9117
vn -0.3117 -0.3193 -0.8949
vn -0.3793 -0.2045 -0.9024
vn -0.2452 -0.2763 -0.9293
vn 0.5225 0.0034 -0.8526
vn 0.3649 0.0700 -0.9284
vn 0.0861 0.1416 -0.9862
vn 0.5751 0.0971 -0.8123
vn 0.5815 0.0930 -0.8082
vn 0.2677 -0.0317 -0.9630
vn 0.6864 -0.0618 -0.7246
vn 0.7084 -0.0749 -0.7018
vn 0.7306 0.0315 -0.6820
vn 0.8896 0.0712 -0.4512
vn 0.7208 0.0243 -0.6927
vn 0.7826 0.0494 -0.6205
vn 0.2312 0.0437 -0.9719
vn -0.0618 -0.0541 -0.9966
vn -0.1981 0.0659 -0.9780
vn -0.3912 0.0200 -0.9201
vn -0.4553 0.1804 -0.8719
vn -0.4007 -0.2634 -0.8775
vn -0.3874 -0.4201 -0.8206
vn -0.9613 -0.0915 -0.2599
vn -0.9442 0.0686 -0.3221
vn -0.9021 -0.0978 -0.4203
vn -0.7482 -0.2409 -0.6182
vn -0.5410 0.0783 -0.8374
vn -0.9860 0.0266 -0.1646
vn -0.9421 0.2606 0.2112
vn -0.9252 0.2715 0.2650
vn -0.8001 0.3792 0.4649
vn -0.8156 0.3981 0.4199
vn -0.9906 -0.0551 0.1252
vn -0.9968 -0.0745 0.0296
vn -0.9977 -0.0570 0.0365
vn -0.9457 -0.2478 -0.2101
vn -0.8994 -0.3921 -0.1932
vn -0.9963 0.0140 0.0846
vn -0.9764 -0.1137 0.1838
vn -0.9657 -0.2595 -0.0048
vn -0.7999 -0.3502 0.4874
vn -0.6561 -0.5475 0.5194
vn -0.7119 -0.3703 0.5967
vn -0.8483 -0.0432 0.5278
vn -0.5435 -0.4301 0.7209
vn -0.6746 -0.2589 0.6913
vn -0.7964 -0.0224 0.6043
vn -0.8769 0.3907 0.2801
vn -0.8427 0.3840 0.3774
vn -0.8450 -0.1262 0.5196
vn -0.7141 -0.1933 0.6729
vn -0.8470 -0.2004 0.4924
vn -0.5520 -0.6568 0.5137
vn -0.6031 -0.4651 0.6481
vn -0.7195 -0.2388 0.6521
vn -0.7049 -0.2528 0.6628
vn -0.8182 0.2792 0.5026
vn -0.7455 0.2799 0.6049
vn -0.7109 0.1789 0.6802
vn -0.6717 -0.0798 0.7365
vn -0.5433 -0.4309 0.7205
vn -0.6560 -0.2572 0.7096
vn -0.3977 -0.4653 0.7908
vn -0.5238 -0.2933 0.7997
vn -0.5273 0.0168 0.8495
vn -0.5334 0.0038 0.8459
vn -0.5088 -0.3591 0.7824
vn -0.4480 -0.4459 0.7749
vn -0.4672 -0.0057 0.8841
vn -0.5224 -0.2881 0.8025
vn -0.4783 -0.2532 0.8409
vn -0.4444 -0.1405 0.8847
vn -0.4786 -0.1128 0.8707
vn -0.4940 -0.1993 0.8463
vn -0.4918 -0.1493 0.8578
vn -0.5137 -0.1831 0.8382
vn -0.5100 -0.3133 0.8011
vn -0.3695 -0.0065 0.9292
vn -0.9616 -0.2536 0.1045
vn -0.9457 -0.2739 -0.1750
vn -0.9295 0.0784 0.3603
vn -0.7091 -0.3024 -0.6369
vn -0.6254 0.0894 -0.7752
vn -0.5547 0.1711 -0.8143
vn -0.5635 -0.1117 -0.8185
vn -0.2212 -0.2002 -0.9545
vn -0.2839 -0.1526 -0.9466
vn 0.2024 0.0015 -0.9793
vn 0.1466 0.0496 -0.9880
vn 0.4069 -0.0684 -0.9109
vn 0.3984 -0.0699 -0.9145
vn 0.4706 0.0810 -0.8786
vn 0.4516 0.1344 -0.8820
vn 0.0664 -0.0780 -0.9947
vn -0.0802 0.1170 -0.9899
vn -0.0879 0.2096 -0.9738
vn 0.1180 -0.0912 -0.9888
vn 0.0139 0.1027 -0.9946
vn 0.1144 0.0807 -0.9901
vn -0.3696 0.0147 -0.9291
vn -0.1151 -0.1623 -0.9800
vn -0.3160 0.0293 -0.9483
vn -0.3552 0.0508 -0.9334
vn -0.3048 0.0284 -0.9520
vn -0.6161 -0.1319 -0.7765
vn -0.0626 -0.0837 -0.9945
vn 0.3336 -0.0543 -0.9412
vn -0.6712 -0.3787 -0.6372
vn -0.4450 -0.4457 -0.7767
vn -0.8149 0.3510 0.4612
vn -0.5732 -0.4516 -0.6837
vn -0.4560 -0.4321 -0.7780
vn -0.4632 -0.4693 -0.7518
vn -0.9775 0.1300 0.1659
vn -0.9090 0.3056 0.2834
vn -0.8162 -0.3202 -0.4810
vn -0.9436 -0.1201 -0.3085
vn -0.9989 0.0460 -0.0070
vn -0.8663 -0.2105 -0.4531
vn -0.9980 0.0600 -0.0207
vn -0.5392 -0.2080 -0.8161
vn -0.8383 0.2976 0.4568
vn -0.9983 -0.0110 -0.0579
vn -0.6410 -0.2629 -0.7211
vn -0.8627 -0.1987 -0.4650
vn -0.9283 -0.2053 -0.3100
vn -0.6587 0.5784 0.4812
vn -0.8805 -0.0546 -0.4709
vn -0.6155 0.1037 -0.7813
vn -0.6235 -0.0216 -0.7815
vn -0.7178 0.4852 -0.4994
vn -0.8095 -0.0816 -0.5814
vn -0.8417 -0.2522 -0.4774
vn -0.6022 0.6273 0.4937
vn -0.9480 0.2112 0.2382
vn -0.9080 -0.3659 -0.2041
vn -0.6336 0.3747 0.6769
vn -0.5673 0.5586 0.6052
vn -0.3916 0.5788 0.7153
vn -0.3314 0.6258 0.7061
vn -0.7026 0.4273 0.5691
vn -0.8447 0.2065 0.4937
vn -0.9270 -0.0435 0.3724
vn -0.6914 -0.6876 -0.2217
vn -0.7527 -0.6104 -0.2464
vn -0.9766 -0.2092 -0.0506
vn -0.9465 0.2738 0.1706
vn -0.8958 0.3454 0.2799
vn -0.9995 0.0112 0.0312
vn -0.2709 0.7522 0.6007
vn -0.7392 -0.2162 0.6379
vn -0.7077 0.3720 0.6006
vn -0.6316 0.4381 0.6397
vn -0.7818 0.1209 0.6117
vn -0.9006 -0.2280 0.3699
vn -0.9635 -0.0576 0.2615
vn -0.5176 0.2869 0.8061
vn -0.5401 0.4096 0.7352
vn -0.7915 -0.0307 0.6104
vn -0.8478 0.2842 0.4478
vn -0.8049 0.2184 0.5517
vn -0.8417 -0.3335 0.4247
vn -0.9624 -0.0262 0.2703
vn -0.9871 -0.1560 0.0366
vn -0.9910 -0.0725 0.1128
vn -0.7259 0.1489 -0.6715
vn -0.6241 0.1960 -0.7564
vn -0.6382 0.2091 -0.7409
vn -0.6776 -0.0836 -0.7307
vn -0.5331 0.0799 -0.8423
vn -0.4411 0.4562 -0.7729
vn -0.3884 0.4739 -0.7903
vn -0.9803 -0.1878 -0.0616
vn -0.6030 -0.7770 -0.1806
vn -0.6514 0.6627 0.3695
vn -0.4375 0.4989 0.7481
vn -0.4514 0.3884 0.8034
vn -0.2759 -0.0322 0.9606
vn -0.1488 -0.0285 0.9885
vn -0.8540 0.3649 0.3709
vn -0.9354 0.2464 0.2535
vn -0.2208 0.5674 0.7933
vn -0.7907 0.3678 0.4893
vn -0.6194 -0.7145 -0.3252
vn -0.8393 -0.5149 -0.1745
vn -0.9940 -0.0235 0.1071
vn -0.7654 -0.5014 -0.4035
vn -0.7403 -0.5631 -0.3673
vn -0.9589 -0.0843 -0.2708
vn -0.5339 -0.7840 -0.3168
vn -0.7046 -0.6561 -0.2704
vn -0.8800 -0.0726 -0.4694
vn -0.4296 -0.8894 -0.1562
vn -0.4825 -0.8754 -0.0291
vn -0.8013 -0.4203 -0.4256
vn -0.6948 0.4921 -0.5245
vn -0.6536 -0.0011 -0.7569
vn -0.8180 0.1272 -0.5609
vn -0.7962 0.1445 -0.5875
vn -0.5997 -0.7812 -0.1734
vn -0.5990 -0.7744 -0.2037
vn -0.9559 -0.1079 -0.2731
vn -0.9342 0.0527 -0.3529
vn -0.8534 0.4339 -0.2890
vn -0.9832 -0.0358 -0.1792
vn -0.5100 -0.8259 -0.2403
vn -0.9589 -0.0848 -0.2707
vn -0.8584 0.4924 -0.1437
vn -0.9607 0.2678 -0.0736
vn -0.8440 0.5053 -0.1799
vn -0.9887 0.0900 -0.1196
vn -0.9571 0.1724 -0.2328
vn -0.9507 -0.2994 0.0804
vn -0.9793 -0.2016 -0.0182
vn -0.9496 -0.3015 0.0860
vn -0.9557 -0.1185 0.2694
vn -0.8192 -0.5191 0.2436
vn -0.9896 0.1414 0.0260
vn -0.8450 -0.4794 -0.2369
vn -0.8716 -0.4860 -0.0646
vn -0.8487 -0.5016 0.1678
vn -0.8361 -0.5144 0.1905
vn -0.9767 -0.1364 0.1656
vn -0.8904 0.1188 0.4394
vn -0.8034 0.3088 0.5091
vn -0.9712 -0.0408 -0.2349
vn -0.9563 -0.2484 0.1539
vn -0.9191 -0.2340 0.3171
vn -0.8740 -0.0268 0.4852
vn -0.9269 -0.3639 0.0918
vn -0.9754 -0.1557 0.1559
vn -0.9507 -0.1259 0.2834
vn -0.8984 -0.2011 0.3905
vn -0.7979 -0.5425 0.2629
vn -0.7992 -0.5410 0.2619
vn -0.9865 0.0647 0.1502
vn -0.9698 0.0678 0.2344
vn -0.9768 0.0859 0.1964
vn -0.9689 -0.0213 0.2466
vn -0.9575 -0.0586 0.2823
vn -0.9698 0.1653 0.1794
vn -0.9970 0.0211 0.0751
vn -0.6931 -0.7077 0.1370
vn -0.7676 -0.6392 0.0461
vn -0.9813 -0.1894 0.0340
vn -0.9865 -0.1506 0.0646
vn -0.9747 -0.1747 -0.1395
vn -0.9503 -0.1331 -0.2816
vn -0.9527 0.0967 -0.2880
vn -0.8496 0.4707 -0.2380
vn -0.9041 0.2567 -0.3415
vn -0.8918 0.4081 -0.1952
vn -0.8868 0.2814 -0.3666
vn -0.8408 0.4786 -0.2530
vn -0.9443 -0.1199 -0.3065
vn -0.9300 -0.0428 -0.3650
vn -0.9602 0.0951 -0.2625
vn -0.6827 0.6010 0.4156
vn -0.3410 0.9102 0.2349
vn -0.2209 0.8748 0.4312
vn -0.6029 0.6834 0.4117
vn -0.2883 0.7662 0.5743
vn -0.8972 -0.3474 0.2727
vn -0.8762 -0.0024 0.4819
vn -0.4578 0.6867 0.5647
vn -0.5582 0.7793 0.2849
vn -0.6487 0.6646 0.3707
vn -0.5989 0.5709 0.5616
vn -0.4746 0.7168 0.5109
vn -0.3812 0.6080 0.6964
vn -0.4567 0.7673 0.4502
vn -0.3480 0.6443 0.6810
vn 0.1019 0.7814 0.6156
vn -0.4859 0.7424 0.4612
vn -0.2157 0.9744 0.0632
vn -0.6393 0.0585 0.7668
vn -0.6636 0.1109 0.7398
vn -0.6060 -0.4747 0.6383
vn -0.7137 -0.2729 0.6451
vn -0.4518 -0.5455 0.7059
vn -0.5600 -0.1986 0.8043
vn -0.3134 -0.4057 0.8586
vn -0.5337 -0.3069 0.7880
vn -0.6972 -0.5343 0.4780
vn -0.9625 -0.1803 0.2029
vn -0.5571 -0.1921 0.8079
vn -0.7906 -0.5637 0.2393
vn -0.7734 -0.5919 0.2269
vn -0.9656 0.1498 0.2127
vn -0.6559 0.0100 0.7548
vn -0.8604 -0.0967 0.5004
vn -0.8691 0.0707 0.4896
vn -0.8948 0.0023 0.4464
vn -0.8122 0.0415 0.5819
vn -0.7482 -0.4396 0.4969
vn -0.8663 -0.2571 0.4282
vn -0.9049 0.2831 0.3180
vn -0.6940 -0.3159 0.6470
vn -0.6260 -0.5450 0.5577
vn -0.8986 0.2507 0.3601
vn -0.9042 0.2918 0.3120
vn -0.9663 -0.0825 0.2437
vn -0.9639 0.0015 0.2663
vn -0.8828 -0.3571 0.3053
vn -0.9034 -0.3210 0.2844
vn -0.8898 -0.4183 0.1827
vn 0.2315 -0.1172 0.9657
vn -0.7889 -0.1018 0.6060
vn -0.8865 -0.0185 0.4623
vn -0.9387 -0.0059 0.3446
vn -0.9460 0.0073 0.3241
vn -0.5921 -0.7774 0.2122
vn -0.9403 -0.0081 0.3402
vn -0.5832 -0.7841 0.2123
vn -0.4343 -0.8820 0.1828
vn -0.4469 -0.8339 0.3239
vn -0.0075 -0.9999 -0.0083
vn 0.2283 -0.8530 0.4693
vn 0.2494 -0.7958 0.5519
vn 0.0056 -0.9999 -0.0147
vn -0.0024 -0.9998 -0.0191
vn -0.6347 -0.7516 0.1799
vn -0.5322 -0.8305 0.1642
vn -0.9833 0.0010 0.1818
vn -0.9573 0.0010 0.2890
vn -0.9111 -0.3239 0.2551
vn -0.7114 -0.6993 0.0697
vn -0.9475 -0.2491 0.2002
vn -0.9829 0.1747 0.0585
vn -0.9787 -0.1929 0.0697
vn -0.9541 -0.2591 0.1502
vn -0.8324 -0.5373 0.1356
vn -0.9995 0.0196 -0.0265
vn -0.9722 -0.2330 -0.0223
vn -0.9832 -0.1301 -0.1279
vn -0.9284 -0.1492 -0.3404
vn -0.9098 -0.0817 -0.4070
vn -0.9992 0.0230 -0.0334
vn -0.9723 0.0007 -0.2337
vn -0.9482 0.0382 -0.3154
vn -0.9411 0.0917 -0.3253
vn -0.9691 0.2088 -0.1312
vn -0.9794 0.2017 0.0087
vn -0.7253 -0.6790 -0.1133
vn -0.8169 -0.5527 -0.1646
vn -0.7765 -0.6006 -0.1907
vn -0.9736 -0.0285 -0.2266
vn -0.9497 -0.0295 -0.3117
vn -0.9000 0.0594 -0.4318
vn -0.8466 0.0445 -0.5304
vn -0.7722 0.1048 -0.6267
vn -0.6376 -0.6056 -0.4762
vn -0.4886 -0.6237 -0.6101
vn -0.4834 -0.6078 -0.6301
vn -0.7840 -0.4214 -0.4559
vn -0.6465 0.0843 -0.7582
vn -0.2269 -0.7697 -0.5967
vn -0.4292 0.2192 -0.8762
vn -0.7406 0.2689 -0.6158
vn -0.7869 0.3393 -0.5155
vn -0.8569 0.2614 -0.4444
vn -0.4045 0.1896 -0.8947
vn -0.5698 0.3041 -0.7634
vn -0.5146 0.1378 -0.8463
vn -0.7083 0.4003 -0.5815
vn -0.7775 0.3607 -0.5151
vn -0.8979 0.3618 -0.2509
vn -0.6149 -0.7682 -0.1785
vn -0.8064 -0.2753 -0.5234
vn -0.7950 0.1388 -0.5905
vn -0.5479 0.6184 -0.5634
vn -0.6951 0.2040 -0.6894
vn -0.6518 0.1817 -0.7363
vn -0.5690 0.6325 -0.5255
vn -0.6098 0.3847 -0.6929
vn -0.3519 0.0447 -0.9350
vn -0.6266 -0.3932 -0.6729
vn -0.2621 0.0533 -0.9636
vn -0.0373 0.2112 -0.9767
vn -0.4605 0.6715 -0.5805
vn -0.4686 0.6762 -0.5685
vn -0.3645 0.7107 -0.6017
vn -0.6711 -0.3787 -0.6374
vn -0.1994 -0.1620 -0.9664
vn 0.2872 -0.0200 -0.9577
vn -0.1101 0.5946 -0.7965
vn 0.5466 -0.3780 -0.7472
vn 0.3136 0.6133 -0.7250
vn -0.5495 -0.6368 -0.5408
vn -0.8643 -0.2022 -0.4606
vn -0.7759 0.3879 -0.4976
vn -0.8637 -0.1814 -0.4701
vn -0.7603 -0.0339 -0.6486
vn -0.4525 -0.4782 0.7527
vn -0.5547 -0.6562 0.5116
vn -0.5589 -0.3556 0.7491
vn -0.2821 0.0447 0.9583
vn -0.1053 0.3300 0.9381
vn -0.6882 -0.2133 0.6935
vn -0.5349 -0.5944 0.6005
vn -0.6996 -0.1916 0.6884
vn -0.4100 -0.5077 0.7577
vn -0.3624 -0.5876 0.7234
vn -0.4001 0.0677 0.9140
vn -0.2961 -0.0323 0.9546
vn -0.3353 -0.3219 0.8854
vn -0.0740 -0.6329 0.7707
vn -0.3494 -0.0649 0.9347
vn -0.3120 0.0440 0.9491
vn -0.0813 -0.6240 0.7772
vn -0.3134 -0.5032 0.8053
vn -0.7795 -0.4963 0.3823
vn -0.4628 0.3062 -0.8319
vn -0.9850 -0.1641 -0.0524
vn -0.9527 0.2121 -0.2177
vn -0.9232 0.0418 -0.3820
vn -0.9708 0.2056 -0.1239
vn -0.9316 0.2338 -0.2783
vn -0.7633 -0.5611 -0.3203
vn -0.7576 -0.5712 -0.3158
vn -0.7297 0.1817 -0.6591
vn -0.3915 0.1999 -0.8982
vn -0.7261 0.1843 -0.6624
vn -0.7296 0.1954 -0.6554
vn -0.3902 0.1226 -0.9125
vn -0.5307 0.0582 -0.8456
vn -0.8494 0.2181 -0.4806
vn -0.8788 0.2101 -0.4284
vn -0.6565 -0.7539 0.0246
vn -0.7054 -0.6795 -0.2016
vn -0.3115 -0.9498 -0.0290
vn -0.8265 0.3033 -0.4743
vn -0.8471 -0.1362 -0.5137
vn -0.7647 -0.0924 -0.6378
vn -0.7161 -0.1280 -0.6861
vn -0.5648 -0.0991 -0.8192
vn -0.4143 0.1855 -0.8910
vn -0.2893 -0.6841 -0.6695
vn -0.3059 0.2186 -0.9266
vn -0.7857 -0.4158 -0.4581
vn -0.6681 -0.7326 -0.1298
vn 0.4539 -0.0185 -0.8908
vn -0.0541 0.5097 -0.8586
vn 0.0627 -0.4039 -0.9127
vn 0.1552 -0.5555 -0.8169
vn -0.1152 -0.2066 -0.9716
vn 0.2109 0.1966 -0.9575
vn -0.2155 -0.4761 -0.8526
vn -0.7536 -0.5166 -0.4065
vn 0.1517 -0.5103 -0.8465
vn 0.1599 0.4889 -0.8576
vn 0.0465 0.0273 -0.9985
vn -0.0264 -0.3259 -0.9450
vn -0.0292 -0.3518 -0.9356
vn 0.0219 -0.0046 -0.9998
vn -0.0674 -0.2858 -0.9559
vn -0.0489 -0.0742 -0.9960
vn 0.2192 0.4358 -0.8730
vn 0.1289 0.4533 -0.8820
vn 0.3106 -0.0285 -0.9501
vn -0.2789 -0.2825 -0.9178
vn -0.0804 0.0999 -0.9917
vn -0.1325 0.2819 -0.9502
vn 0.2303 0.1932 -0.9538
vn 0.5585 0.5723 -0.6005
vn 0.6633 0.1589 -0.7313
vn 0.4712 0.5522 -0.6878
vn 0.5288 -0.0744 -0.8455
vn 0.5375 -0.1049 -0.8367
vn 0.2080 -0.6306 -0.7477
vn 0.2117 -0.7043 -0.6776
vn 0.6105 0.0130 -0.7919
vn 0.6992 -0.0182 -0.7147
vn 0.6221 -0.0829 -0.7785
vn 0.6484 -0.1170 -0.7522
vn 0.5662 -0.1244 -0.8148
vn 0.2359 -0.1209 -0.9642
vn 0.7023 -0.2699 -0.6587
vn 0.3876 -0.1388 -0.9113
vn 0.3518 -0.0589 -0.9342
vn 0.2605 0.0344 -0.9649
vn 0.3114 -0.5244 -0.7925
vn 0.2624 -0.7736 -0.5768
vn 0.3544 -0.0586 -0.9333
vn 0.7331 0.0371 -0.6791
vn 0.6475 0.1546 -0.7463
vn 0.8150 -0.1813 -0.5503
vn 0.7734 -0.2911 -0.5631
vn 0.7744 -0.0602 -0.6298
vn 0.8133 -0.2842 -0.5078
vn 0.7839 -0.0129 -0.6207
vn 0.7380 0.1891 -0.6478
vn 0.9231 -0.0926 -0.3731
vn 0.7860 -0.0105 -0.6182
vn 0.7239 0.0605 -0.6873
vn 0.8691 -0.0427 -0.4928
vn 0.9716 0.0399 -0.2334
vn 0.9354 0.0394 -0.3515
vn 0.9687 -0.0398 -0.2451
vn 0.9030 -0.1779 -0.3911
vn 0.9871 -0.0258 -0.1578
vn 0.9694 0.0795 -0.2323
vn 0.9035 0.2154 0.3706
vn 0.9479 0.0816 0.3080
vn 0.9997 0.0147 0.0188
vn 0.9995 0.0306 0.0024
vn 0.9450 -0.0019 0.3270
vn 0.9143 0.0715 -0.3986
vn 0.8955 -0.0202 -0.4446
vn 0.8795 -0.1551 -0.4499
vn 0.8688 -0.0578 -0.4919
vn 0.8770 -0.0145 -0.4803
vn 0.9912 -0.0779 -0.1069
vn 0.7833 0.0967 0.6140
vn 0.8820 -0.0436 0.4692
vn 0.9008 -0.2983 0.3157
vn 0.8261 -0.0280 0.5628
vn 0.8575 -0.1077 0.5031
vn 0.8906 -0.3150 0.3279
vn 0.8407 -0.4360 0.3212
vn 0.7861 -0.4405 0.4336
vn 0.4328 0.1475 0.8893
vn 0.6680 -0.1616 0.7264
vn 0.6693 -0.1678 0.7238
vn 0.7750 -0.2376 0.5855
vn 0.7642 0.2529 0.5934
vn 0.7193 -0.1465 0.6791
vn 0.3235 -0.0246 0.9459
vn 0.1103 -0.1143 0.9873
vn -0.1713 -0.0518 0.9839
vn -0.6289 -0.3596 0.6894
vn -0.6213 -0.2743 0.7340
vn -0.4991 0.0506 0.8651
vn -0.6945 0.2252 0.6834
vn -0.1762 -0.2536 0.9511
vn -0.6174 -0.4785 0.6243
vn -0.6366 -0.3232 0.7002
vn -0.6685 -0.1851 0.7203
vn -0.6037 -0.5577 0.5697
vn -0.5494 -0.4063 0.7301
vn -0.5650 -0.4129 0.7143
vn -0.4975 0.1947 0.8454
vn -0.5029 0.3008 0.8103
vn -0.5948 0.1172 0.7953
vn -0.7103 -0.0452 0.7025
vn -0.6889 -0.0726 0.7212
vn -0.6928 -0.0478 0.7196
vn -0.7426 -0.0432 0.6683
vn -0.9233 -0.2966 0.2439
vn -0.9475 -0.1954 0.2530
vn -0.8840 0.0319 0.4664
vn -0.8187 0.1660 0.5498
vn -0.5257 0.7030 0.4790
vn -0.8262 0.3545 0.4379
vn -0.7907 0.3938 0.4688
vn -0.5171 0.2399 0.8216
vn -0.1793 0.9453 0.2725
vn -0.4326 0.8096 0.3967
vn -0.2809 0.9596 0.0131
vn -0.5470 0.4958 0.6745
vn -0.5597 -0.2690 0.7838
vn -0.4792 -0.2826 0.8310
vn -0.3535 0.0491 0.9342
vn -0.3336 -0.1338 0.9332
vn -0.6702 0.1174 0.7329
vn -0.6696 0.1188 0.7332
vn -0.9645 0.0011 0.2642
vn -0.9327 -0.2365 0.2722
vn -0.7805 -0.4078 0.4739
vn -0.7630 -0.5018 0.4075
vn 0.4827 -0.1437 0.8639
vn 0.2237 -0.8297 0.5115
vn 0.4469 -0.0873 0.8903
vn -0.6784 -0.6008 0.4228
vn 0.2514 -0.8465 0.4692
vn 0.1266 -0.9820 0.1403
vn 0.2479 -0.8585 0.4490
vn 0.4201 -0.0995 0.9020
vn -0.0426 -0.9922 -0.1168
vn -0.5019 -0.8589 0.1019
vn -0.9192 -0.0396 0.3918
vn -0.8500 -0.4167 0.3223
vn -0.9481 0.0714 0.3098
vn -0.7679 -0.6377 0.0599
vn -0.8490 -0.5001 0.1707
vn -0.7685 -0.6371 0.0600
vn -0.9549 -0.1161 0.2731
vn -0.9675 -0.1661 0.1909
vn -0.8361 -0.3840 0.3919
vn -0.9259 0.1016 0.3638
vn -0.8513 0.3608 0.3809
vn -0.7731 -0.2895 0.5644
vn -0.8924 -0.3197 0.3184
vn -0.8292 -0.4099 0.3800
vn -0.9605 0.1148 0.2535
vn -0.9105 0.1527 0.3842
vn -0.8013 -0.0859 0.5920
vn -0.8896 -0.2972 0.3467
vn -0.8509 0.3260 0.4119
vn -0.8460 0.3321 0.4170
vn -0.7231 0.5149 0.4604
vn -0.7733 0.4930 0.3986
vn -0.6627 0.5989 0.4496
vn -0.8300 0.0505 0.5555
vn -0.7400 0.1749 0.6495
vn -0.5025 -0.2392 0.8309
vn -0.4760 0.2701 0.8370
vn -0.4725 0.2605 0.8419
vn -0.5346 0.1934 0.8227
vn -0.2265 0.1392 0.9640
vn -0.5193 0.6925 0.5008
vn -0.5725 0.7490 0.3334
vn -0.5810 0.7075 0.4023
vn -0.4794 0.7275 0.4908
vn -0.5936 0.6846 0.4229
vn -0.4024 0.7758 0.4860
vn -0.2868 0.5573 0.7792
vn -0.4655 0.7445 0.4787
vn -0.1902 0.4257 0.8847
vn -0.2329 0.6302 0.7407
vn -0.4137 0.8002 0.4342
vn -0.7524 0.5338 0.3859
vn -0.7507 0.5340 0.3890
vn -0.8506 0.3009 0.4311
vn -0.8899 -0.4430 0.1088
vn -0.8898 -0.4436 0.1075
vn -0.9711 0.0602 0.2311
vn -0.7097 -0.7043 0.0172
vn -0.9709 0.1163 0.2095
vn -0.7155 -0.6984 0.0181
vn -0.7844 -0.6177 -0.0564
vn -0.9844 0.1710 0.0411
vn -0.9932 0.0547 0.1032
vn -0.9697 -0.2435 0.0184
vn -0.9443 -0.3276 0.0305
vn -0.9861 -0.0589 0.1557
vn -0.9845 0.1742 -0.0213
vn -0.9509 -0.2959 -0.0906
vn -0.7505 -0.6096 -0.2550
vn -0.9858 0.1667 -0.0198
vn -0.9745 -0.2026 -0.0965
vn -0.9824 -0.0055 0.1868
vn -0.9290 -0.2291 0.2905
vn -0.9291 -0.2287 0.2907
vn -0.9555 0.2120 0.2050
vn -0.9292 0.2963 0.2209
vn -0.9701 -0.2402 0.0350
vn -0.9981 -0.0534 0.0299
vn -0.1050 -0.9758 -0.1917
vn -0.0866 -0.9745 -0.2072
vn -0.0864 -0.9667 -0.2407
vn -0.0368 -0.9834 -0.1774
vn 0.2132 -0.8181 0.5340
vn 0.3868 -0.0708 0.9194
vn 0.3792 -0.0815 0.9217
vn 0.1693 -0.8538 0.4923
vn 0.3456 -0.0912 0.9339
vn 0.3110 -0.0718 0.9477
vn 0.1501 -0.8584 0.4906
vn -0.0066 -0.9996 -0.0281
vn 0.1518 -0.8433 0.5155
vn 0.6694 -0.7041 -0.2371
vn 0.0014 -1.0000 -0.0028
vn 0.0053 -1.0000 0.0017
vn -0.6868 -0.5950 -0.4175
vn -0.8420 -0.0205 -0.5391
vn -0.7236 0.0729 -0.6863
vn -0.7230 0.0703 -0.6872
vn -0.5344 0.0461 -0.8440
vn -0.4978 -0.3834 -0.7780
vn -0.3022 -0.9176 -0.2581
vn -0.2244 0.0485 -0.9733
vn -0.1290 0.0090 -0.9916
vn -0.4895 -0.1985 -0.8491
vn -0.2271 -0.1658 -0.9596
vn -0.1985 -0.1310 -0.9713
vn -0.4926 0.0641 -0.8679
vn -0.3242 0.1457 -0.9347
vn -0.3020 0.3973 -0.8666
vn -0.2803 0.2356 -0.9306
vn -0.1493 0.2762 -0.9494
vn -0.5572 -0.1624 0.8143
vn -0.4838 -0.2886 0.8262
vn -0.4707 0.0068 0.8823
vn -0.4909 -0.1166 0.8634
vn -0.3720 -0.3873 0.8436
vn -0.3763 -0.3856 0.8424
vn -0.4733 -0.1270 0.8717
vn -0.2356 -0.2713 0.9332
vn -0.2736 -0.2454 0.9300
vn -0.4783 -0.1226 0.8696
vn -0.5109 -0.1739 0.8419
vn -0.5265 -0.1734 0.8323
vn -0.5235 -0.2784 0.8052
vn -0.4724 -0.2421 0.8475
vn -0.4594 -0.1628 0.8732
vn -0.4016 0.2740 0.8739
vn -0.1148 -0.0926 0.9891
vn -0.1111 0.0317 0.9933
vn -0.0904 0.0588 0.9942
vn -0.3916 -0.0279 0.9197
vn -0.5440 -0.1189 0.8306
vn -0.5791 -0.2288 0.7824
vn -0.5168 -0.5683 0.6403
vn -0.3012 -0.2137 0.9293
vn -0.0926 0.0674 0.9934
vn 0.0088 0.4024 0.9154
vn 0.1732 0.0036 0.9849
vn 0.1796 0.4105 0.8940
vn 0.3121 0.1935 0.9301
vn 0.1840 0.0341 0.9823
vn 0.2034 -0.4330 0.8782
vn -0.1825 0.0039 0.9832
vn -0.2861 -0.1925 0.9387
vn -0.2143 -0.2300 0.9493
vn 0.2405 -0.3797 0.8933
vn 0.2024 0.4699 0.8592
vn 0.2518 -0.0920 0.9634
vn -0.0493 -0.1197 0.9916
vn 0.2637 -0.1093 0.9584
vn -0.5248 -0.1257 0.8419
vn -0.2782 0.0100 0.9605
vn -0.1794 0.0262 0.9834
vn -0.4468 0.2400 0.8618
vn -0.1966 -0.0645 0.9784
vn -0.2379 -0.1020 0.9659
vn -0.1512 -0.2226 0.9631
vn -0.4230 -0.1370 0.8957
vn -0.3464 -0.2074 0.9149
vn -0.3378 -0.1225 0.9332
vn -0.3213 -0.1246 0.9387
vn -0.1873 -0.1014 0.9771
vn -0.1094 -0.0553 0.9925
vn -0.3092 -0.2731 0.9110
vn 0.1177 -0.2481 0.9616
vn -0.0590 -0.2854 0.9566
vn -0.1093 0.0902 0.9899
vn 0.1332 -0.0506 0.9898
vn 0.0592 -0.1249 0.9904
vn 0.1849 -0.0824 0.9793
vn 0.3618 -0.0886 0.9280
vn 0.0049 -0.1563 0.9877
vn 0.1310 -0.0458 0.9903
vn 0.1668 -0.0710 0.9834
vn 0.3536 -0.2302 0.9066
vn 0.4087 -0.3012 0.8616
vn 0.6464 -0.2162 0.7318
vn 0.7500 -0.1657 0.6404
vn 0.3961 0.2323 0.8883
vn 0.8982 -0.2275 0.3762
vn 0.9413 -0.0338 0.3360
vn 0.7072 -0.1007 0.6998
vn 0.6953 -0.1224 0.7083
vn 0.9030 -0.0922 0.4196
vn 0.8284 -0.2167 0.5165
vn 0.9401 -0.1502 0.3060
vn 0.9877 -0.0417 0.1505
vn 0.9758 0.0672 0.2079
vn 0.9626 -0.1950 0.1880
vn 0.5616 -0.1565 0.8125
vn 0.7510 0.0668 0.6570
vn 0.6106 -0.0725 0.7886
vn 0.7998 0.0531 0.5979
vn 0.9604 -0.2502 0.1223
vn 0.9707 -0.2329 0.0596
vn 0.9651 -0.1266 0.2292
vn 0.8653 0.1120 0.4886
vn 0.7894 -0.1107 0.6038
vn 0.8864 -0.0703 0.4575
vn 0.8724 -0.0619 0.4848
vn 0.5645 0.0192 0.8252
vn 0.3967 -0.0047 0.9180
vn 0.1915 -0.1764 0.9655
vn 0.3823 -0.2422 0.8918
vn 0.0316 -0.2193 0.9751
vn 0.0967 -0.1799 0.9789
vn 0.4094 -0.1031 0.9065
vn 0.5011 -0.0975 0.8599
vn 0.4079 -0.1406 0.9021
vn 0.3910 -0.1348 0.9105
vn 0.3917 -0.1221 0.9120
vn 0.3867 -0.1250 0.9137
vn 0.4071 0.0192 0.9132
vn 0.4043 -0.2702 0.8738
vn -0.9544 -0.0044 0.2984
vn -0.5771 0.1747 0.7977
vn -0.5938 -0.0820 0.8004
vn -0.3947 -0.1746 0.9021
vn -0.4797 -0.6215 0.6194
vn -0.3032 0.0374 0.9522
vn -0.3405 -0.4220 0.8402
vn -0.4362 -0.2633 0.8605
vn -0.1691 -0.6981 0.6957
vn -0.1494 0.0888 0.9848
vn -0.0699 -0.3126 0.9473
vn -0.0550 -0.7321 0.6789
vn 0.1237 -0.6745 0.7278
vn 0.2289 -0.1751 0.9576
vn -0.1265 0.1323 0.9831
vn -0.0459 -0.3847 0.9219
vn -0.1144 -0.2366 0.9649
vn 0.0475 0.2361 0.9706
vn 0.1356 0.1722 0.9757
vn 0.0539 0.2047 0.9773
vn 0.0683 -0.7836 0.6175
vn 0.1580 -0.7642 0.6253
vn 0.2707 -0.3366 0.9019
vn 0.3276 0.4085 0.8519
vn 0.1049 -0.6315 0.7682
vn 0.1348 0.0037 0.9909
vn 0.4528 -0.0173 0.8915
vn 0.1136 0.1330 0.9846
vn 0.2130 0.0168 0.9769
vn 0.2677 0.0272 0.9631
vn 0.3694 -0.0065 0.9292
vn 0.3078 -0.2690 0.9126
vn 0.4847 -0.0910 0.8700
vn 0.4608 0.0783 0.8841
vn 0.4740 0.0645 0.8781
vn 0.5536 0.0200 0.8325
vn 0.5516 -0.1655 0.8175
vn 0.7272 -0.0467 0.6849
vn 0.5873 0.0025 0.8094
vn 0.6356 -0.0500 0.7704
vn 0.6258 -0.0679 0.7770
vn 0.7847 0.0785 0.6148
vn 0.7713 -0.1653 0.6146
vn 0.8220 0.2697 0.5016
vn 0.7334 0.2261 0.6410
vn 0.7119 0.2504 0.6561
vn 0.7449 0.1145 0.6572
vn 0.7895 -0.0438 0.6121
vn 0.8301 0.0039 0.5575
vn 0.8738 -0.0030 0.4863
vn 0.9113 -0.0676 0.4062
vn 0.8064 -0.1129 0.5805
vn 0.8870 -0.1368 0.4411
vn 0.9700 -0.0238 0.2418
vn 0.9477 0.0731 0.3106
vn 0.9339 -0.0751 0.3497
vn 0.9679 0.0146 0.2508
vn 0.8981 0.0436 0.4376
vn 0.8832 0.1837 0.4315
vn 0.7185 -0.2969 0.6290
vn 0.9125 0.2842 0.2942
vn 0.9316 -0.0468 0.3605
vn 0.9320 -0.0443 0.3599
vn 0.9159 -0.0231 0.4008
vn 0.6059 -0.2142 0.7661
vn 0.6997 -0.1134 0.7054
vn 0.6127 0.2138 0.7609
vn 0.2791 0.1097 0.9540
vn 0.6442 0.4292 0.6330
vn 0.6773 0.1064 0.7280
vn 0.3018 -0.6309 0.7147
vn 0.1887 -0.5926 0.7831
vn 0.5776 -0.4263 0.6962
vn 0.7156 -0.2334 0.6584
vn -0.0198 -0.7502 0.6609
vn 0.2822 -0.4762 0.8328
vn 0.3717 -0.0140 0.9282
vn 0.5220 0.5452 0.6559
vn 0.4783 -0.3239 0.8163
vn 0.5294 -0.1430 0.8363
vn 0.4291 0.5496 0.7168
vn 0.3865 0.3743 0.8429
vn 0.0071 -1.0000 0.0048
vn 0.0048 -1.0000 -0.0000
vn -0.0150 0.0266 -0.9995
vn -0.2113 0.0505 -0.9761
vn -0.0535 0.1142 -0.9920
vn 0.2723 0.1750 -0.9462
vn 0.3287 0.1742 -0.9282
vn -0.0390 0.1763 -0.9836
vn -0.2019 -0.2424 -0.9489
vn 0.0513 -0.3244 -0.9445
vn 0.0229 0.2515 -0.9676
vn 0.3075 0.0254 -0.9512
vn 0.3200 0.0198 -0.9472
vn 0.1838 0.1561 -0.9705
vn 0.0514 -0.8243 -0.5638
vn 0.0681 -0.2583 -0.9637
vn 0.0033 -0.6782 -0.7348
vn 0.3870 0.1299 -0.9129
vn 0.3095 0.0414 -0.9500
vn 0.3366 0.0882 -0.9375
vn -0.1125 -0.1164 -0.9868
vn 0.4507 0.3873 -0.8043
vn 0.6658 0.0376 -0.7452
vn 0.3242 -0.7816 -0.5330
vn 0.7120 0.0128 -0.7021
vn 0.3229 -0.7673 -0.5541
vn 0.7207 -0.1094 -0.6845
vn 0.7225 -0.0905 -0.6854
vn 0.7063 0.4793 -0.5210
vn 0.3609 0.0786 -0.9293
vn 0.6355 0.4919 -0.5952
vn 0.7677 0.3649 -0.5267
vn 0.7770 0.2885 -0.5595
vn 0.6699 0.5237 -0.5263
vn 0.6889 0.3352 -0.6427
vn 0.7491 0.2447 -0.6156
vn 0.6666 -0.2149 -0.7138
vn 0.3586 -0.7843 -0.5063
vn 0.6663 -0.2211 -0.7122
vn 0.8250 0.0783 -0.5597
vn 0.7644 -0.2004 -0.6128
vn 0.4444 -0.6869 -0.5751
vn 0.8008 0.3623 -0.4770
vn 0.8249 -0.0545 -0.5626
vn 0.7556 -0.0906 -0.6488
vn 0.7272 -0.0429 -0.6850
vn 0.0891 0.2290 -0.9693
vn 0.4793 0.0553 -0.8759
vn 0.5564 -0.0868 -0.8264
vn 0.6082 0.0875 -0.7890
vn 0.2909 -0.6568 -0.6957
vn 0.3117 -0.6380 -0.7042
vn 0.7612 -0.0344 -0.6476
vn 0.8387 -0.0599 -0.5412
vn 0.9037 0.0099 -0.4280
vn 0.8356 -0.1236 -0.5352
vn 0.7491 0.0145 -0.6623
vn 0.4110 -0.6751 -0.6126
vn 0.3618 -0.7018 -0.6137
vn 0.4957 0.1487 -0.8557
vn 0.6518 0.2229 -0.7248
vn 0.6006 0.2410 -0.7624
vn 0.5737 0.2292 -0.7864
vn 0.1121 0.0502 -0.9924
vn 0.4477 0.1307 -0.8846
vn 0.0790 -0.1890 -0.9788
vn 0.1659 -0.1046 -0.9806
vn 0.7694 0.2223 -0.5989
vn 0.7650 0.2253 -0.6034
vn 0.7499 0.0265 -0.6611
vn 0.5848 -0.6982 -0.4130
vn 0.5524 -0.7242 -0.4128
vn 0.8991 -0.2428 -0.3642
vn 0.8950 -0.1442 -0.4222
vn 0.7099 -0.6238 -0.3269
vn 0.9249 -0.2222 -0.3086
vn 0.7921 -0.5596 -0.2436
vn 0.8519 -0.2454 -0.4627
vn 0.7637 0.2560 -0.5926
vn 0.7596 -0.1273 -0.6378
vn 0.5098 -0.7223 -0.4673
vn 0.6291 -0.6246 -0.4627
vn 0.9360 -0.1381 -0.3238
vn 0.5373 -0.1294 -0.8334
vn 0.4388 -0.6269 -0.6438
vn 0.4088 -0.5385 -0.7369
vn 0.1737 -0.1490 -0.9735
vn 0.3479 -0.0984 -0.9324
vn 0.7617 -0.0201 -0.6476
vn 0.7844 0.0140 -0.6202
vn 0.6431 0.1233 -0.7557
vn 0.7362 0.1855 -0.6509
vn 0.8809 -0.0634 -0.4690
vn 0.8827 -0.0658 -0.4654
vn 0.8820 -0.0668 -0.4664
vn 0.9842 -0.1478 -0.0972
vn 0.9255 -0.2961 -0.2361
vn 0.9214 -0.3101 -0.2344
vn 0.8821 -0.3533 -0.3115
vn 0.9156 -0.2397 -0.3229
vn 0.8671 -0.2927 -0.4030
vn 0.9160 -0.2884 -0.2789
vn 0.9461 0.1292 -0.2969
vn 0.9461 -0.0014 -0.3238
vn 0.9494 -0.2344 -0.2088
vn 0.9406 0.0520 0.3354
vn 0.9768 -0.1572 0.1452
vn 0.9704 -0.2092 0.1209
vn 0.9266 0.0545 0.3720
vn 0.9677 -0.2183 0.1259
vn 0.9675 -0.2106 0.1403
vn 0.9068 -0.4174 -0.0596
vn 0.9448 -0.3263 -0.0286
vn 0.9379 -0.3447 -0.0387
vn 0.9733 -0.2161 0.0776
vn 0.9322 0.0662 0.3559
vn 0.8008 0.3325 0.4982
vn 0.7018 0.3843 0.5998
vn -0.3164 0.2224 -0.9222
vn -0.3459 0.1876 -0.9193
vn 0.0001 -0.0038 -1.0000
vn -0.0493 0.2215 -0.9739
vn -0.0403 0.2548 -0.9662
vn -0.0295 0.2636 -0.9642
vn -0.2062 0.0836 -0.9749
vn -0.2017 0.0834 -0.9759
vn 0.0084 0.0219 -0.9997
vn 0.2275 0.1782 -0.9573
vn 0.3993 0.3389 -0.8519
vn 0.3480 0.5604 -0.7515
vn 0.4409 0.7780 -0.4475
vn 0.3199 0.8779 -0.3564
vn 0.3499 0.7890 -0.5050
vn 0.4070 0.8743 -0.2644
vn 0.4216 0.5406 -0.7280
vn 0.0666 -0.0457 -0.9967
vn 0.2464 -0.3743 -0.8940
vn 0.4779 -0.0243 -0.8781
vn 0.4156 -0.0602 -0.9076
vn 0.5722 -0.2534 -0.7800
vn 0.6496 -0.2054 -0.7320
vn 0.4357 -0.2353 -0.8688
vn 0.5433 0.4010 -0.7376
vn 0.2926 0.8641 -0.4096
vn 0.6066 0.2674 -0.7487
vn 0.2140 0.7809 -0.5868
vn 0.5177 0.1518 -0.8420
vn 0.3666 0.7110 -0.6000
vn 0.2022 0.9154 -0.3481
vn 0.2092 0.8236 -0.5271
vn 0.1958 0.8421 -0.5026
vn 0.2893 0.7904 -0.5400
vn 0.8393 0.1423 -0.5248
vn 0.3111 0.7510 -0.5825
vn 0.9548 -0.0734 -0.2879
vn 0.8181 0.3197 -0.4780
vn 0.9898 -0.1267 -0.0654
vn 0.9902 -0.1244 -0.0633
vn 0.8255 0.3105 -0.4714
vn 0.8368 0.3774 -0.3966
vn 0.9640 0.1847 -0.1916
vn 0.7578 0.1706 -0.6298
vn 0.9718 -0.0216 -0.2347
vn 0.7348 0.1420 -0.6633
vn 0.8733 -0.4821 0.0697
vn 0.8204 0.3008 -0.4862
vn 0.9448 -0.1308 -0.3004
vn 0.3440 0.0126 -0.9389
vn 0.5875 0.0312 -0.8086
vn 0.5144 0.2031 -0.8332
vn 0.3455 -0.0625 -0.9363
vn 0.4375 -0.1612 -0.8846
vn 0.0696 -0.0954 -0.9930
vn 0.3901 -0.2971 -0.8715
vn 0.0625 -0.3946 -0.9167
vn 0.4565 -0.4959 -0.7387
vn 0.4889 -0.5695 -0.6608
vn 0.5899 -0.0919 -0.8022
vn 0.4065 0.2269 -0.8851
vn 0.4916 -0.3444 -0.7998
vn 0.3580 -0.0518 -0.9323
vn 0.4396 0.0510 -0.8968
vn 0.4600 0.2091 -0.8629
vn 0.5158 -0.5648 -0.6442
vn 0.6027 -0.3608 -0.7117
vn 0.5892 -0.3345 -0.7355
vn 0.5461 -0.0010 -0.8377
vn 0.6423 0.0541 -0.7645
vn 0.5528 0.3217 -0.7687
vn 0.4723 0.3361 -0.8148
vn 0.5148 0.4566 -0.7256
vn 0.5702 -0.0559 -0.8196
vn 0.6168 -0.3634 -0.6982
vn 0.7096 -0.2758 -0.6484
vn 0.5462 -0.5769 -0.6074
vn 0.5333 -0.5442 -0.6476
vn -0.5716 0.4484 0.6872
vn -0.7428 -0.2903 0.6032
vn -0.7629 -0.4029 0.5057
vn -0.8083 -0.4269 0.4054
vn -0.3423 0.4978 0.7969
vn -0.4607 0.4439 0.7686
vn -0.2937 0.9557 0.0186
vn -0.5241 0.6895 0.4999
vn -0.4185 -0.3454 0.8400
vn -0.4163 -0.3380 0.8441
vn -0.7305 0.1940 0.6548
vn -0.2674 0.9632 0.0281
vn -0.5385 0.3194 0.7797
vn -0.1882 0.9083 0.3736
vn -0.1941 0.9275 0.3194
vn -0.1503 0.5157 0.8435
vn -0.2199 0.8261 0.5189
vn 0.2231 0.3392 0.9139
vn -0.1793 0.2147 0.9601
vn 0.3339 0.0206 0.9424
vn 0.2178 0.6952 0.6850
vn 0.9359 -0.1812 0.3022
vn 0.3861 -0.3261 0.8629
vn 0.3355 0.4683 0.8174
vn -0.1895 0.4767 0.8584
vn -0.3304 0.7014 0.6316
vn -0.1636 -0.5475 0.8207
vn -0.1315 -0.4365 0.8900
vn 0.0191 -0.4248 0.9051
vn -0.5071 -0.6927 0.5128
vn -0.2510 -0.1747 0.9521
vn -0.5222 -0.0722 0.8498
vn -0.6026 0.2943 0.7418
vn -0.6515 0.2484 0.7168
vn -0.5934 -0.1432 0.7921
vn -0.1327 0.2541 0.9580
vn -0.1726 0.2213 0.9598
vn -0.5627 0.1149 0.8186
vn -0.8765 -0.2035 0.4363
vn -0.7562 0.0661 0.6509
vn -0.5365 0.1374 0.8326
vn -0.7456 0.0253 0.6659
vn -0.0796 0.0816 0.9935
vn -0.5225 0.1878 0.8317
vn -0.5980 0.4453 0.6664
vn 0.1335 0.1710 0.9762
vn 0.1123 0.2590 0.9593
vn 0.3465 -0.2317 0.9090
vn -0.2753 -0.1537 0.9490
vn -0.4238 0.1283 0.8966
vn 0.3453 -0.2295 0.9100
vn 0.2745 0.4007 0.8741
vn 0.1276 -0.3593 0.9244
vn 0.1061 0.0174 0.9942
vn 0.1316 0.0342 0.9907
vn 0.5256 -0.4665 0.7114
vn 0.4955 -0.0562 0.8668
vn 0.4230 -0.0897 0.9017
vn 0.4453 -0.5776 0.6842
vn -0.0684 -0.3615 0.9299
vn -0.1445 0.4981 0.8550
vn -0.0047 -0.2628 0.9648
vn 0.1030 -0.2643 0.9589
vn -0.1574 0.4991 0.8522
vn -0.1256 0.5115 0.8500
vn -0.4169 0.8011 0.4294
vn -0.2634 0.9283 0.2626
vn -0.2109 0.6806 0.7017
vn -0.1536 0.9861 0.0640
vn -0.3534 0.8258 0.4395
vn -0.1260 0.3814 0.9158
vn -0.0017 0.6618 0.7497
vn -0.4114 0.9113 -0.0166
vn -0.2144 0.9178 0.3343
vn -0.1296 0.8413 0.5248
vn -0.8705 0.4184 0.2591
vn -0.8784 0.4182 0.2313
vn -0.9643 -0.1022 0.2444
vn -0.9077 0.3629 0.2107
vn -0.9646 -0.1138 0.2380
vn -0.9854 0.1303 0.1093
vn -0.9708 0.0256 0.2387
vn -0.9905 -0.1136 0.0781
vn -0.9694 0.0477 0.2410
vn -0.9351 0.3171 0.1583
vn -0.8878 0.4449 0.1177
vn -0.9857 0.1674 -0.0204
vn -0.0928 -0.9873 -0.1292
vn -0.9913 -0.1318 0.0059
vn -0.8359 -0.5459 -0.0573
vn -0.7921 -0.6076 -0.0581
vn -0.9111 0.1657 0.3774
vn -0.8878 0.1249 0.4429
vn -0.8155 0.2722 0.5107
vn -0.7464 0.4531 0.4874
vn -0.8557 0.3820 0.3490
vn -0.9704 0.1705 0.1708
vn -0.9377 0.2877 0.1949
vn -0.9550 -0.1219 0.2703
vn -0.9401 0.2715 0.2062
vn -0.9602 0.1805 0.2131
vn -0.7353 0.6208 0.2720
vn -0.7934 0.5111 0.3305
vn -0.8567 0.4083 0.3153
vn -0.7492 0.5017 0.4324
vn -0.7164 0.5409 0.4408
vn -0.7203 0.4432 0.5337
vn 0.1523 0.6292 0.7622
vn -0.2132 0.8175 0.5350
vn -0.7002 0.5765 0.4212
vn -0.8022 0.2562 0.5393
vn -0.9472 -0.0758 0.3117
vn -0.8948 0.3157 0.3158
vn -0.8938 -0.0554 0.4451
vn -0.8876 -0.0375 0.4590
vn -0.5771 0.6238 0.5271
vn -0.8410 -0.1007 0.5316
vn -0.6071 0.6252 0.4905
vn -0.7119 0.4095 0.5705
vn -0.5313 0.6172 0.5803
vn -0.7712 -0.0182 0.6364
vn -0.9315 0.0769 0.3556
vn -0.8266 -0.1668 0.5374
vn -0.8223 -0.0551 0.5664
vn -0.8363 0.2120 0.5056
vn -0.8935 0.0004 0.4490
vn -0.9223 -0.0134 0.3862
vn -0.9745 -0.1116 0.1947
vn -0.9883 -0.0115 0.1522
vn -0.0267 -0.9972 -0.0692
vn -0.0555 -0.9850 -0.1632
vn -0.0325 -0.9969 -0.0715
vn -0.0517 -0.9828 -0.1774
vn -0.1880 -0.9785 0.0852
vn -0.5397 -0.8285 0.1495
vn -0.4515 -0.8908 0.0510
vn -0.6177 -0.7845 0.0552
vn -0.9471 -0.1096 0.3017
vn -0.5041 -0.8496 0.1551
vn -0.8370 0.2931 0.4621
vn -0.0014 -1.0000 -0.0068
vn -0.0117 -0.9991 -0.0417
vn -0.0264 -0.9819 -0.1874
vn 0.6294 -0.5860 -0.5104
vn -0.0865 -0.9668 -0.2405
vn 0.1610 -0.8632 0.4785
vn 0.2892 -0.0989 0.9521
vn 0.1616 -0.8644 0.4762
vn 0.6343 -0.7589 -0.1474
vn 0.7577 -0.6061 -0.2418
vn 0.9513 -0.0189 -0.3077
vn 0.5346 -0.8301 -0.1582
vn 0.6338 -0.7723 0.0422
vn 0.1430 -0.8546 0.4993
vn 0.2706 -0.0903 0.9585
vn 0.2890 -0.0724 0.9546
vn 0.9526 -0.0182 -0.3035
vn 0.9446 -0.0079 -0.3281
vn 0.9307 -0.0137 -0.3655
vn 0.7542 -0.5843 -0.2996
vn 0.6739 -0.6795 -0.2900
vn 0.0766 -0.9956 -0.0540
vn -0.0230 -0.8481 -0.5294
vn -0.0267 -0.8793 -0.4755
vn 0.0749 0.2075 -0.9754
vn 0.4723 -0.0070 -0.8814
vn 0.2132 -0.0400 -0.9762
vn 0.3849 0.1115 -0.9162
vn 0.2143 -0.4558 -0.8639
vn 0.3976 -0.5383 -0.7431
vn 0.3161 -0.6473 -0.6936
vn -0.2317 0.0966 -0.9680
vn -0.1278 0.1184 -0.9847
vn -0.0126 0.0727 -0.9973
vn 0.1926 0.2557 -0.9474
vn 0.1982 0.2535 -0.9468
vn 0.1291 0.1438 -0.9811
vn 0.1278 0.1124 -0.9854
vn 0.2041 0.1899 -0.9604
vn 0.3322 0.0468 -0.9421
vn 0.4881 0.0102 -0.8727
vn 0.3704 0.1668 -0.9138
vn 0.4602 0.2025 -0.8644
vn 0.5665 0.0608 -0.8218
vn 0.8610 -0.0886 -0.5008
vn 0.9939 0.0423 -0.1022
vn 0.9908 0.0575 0.1225
vn 0.9231 -0.0202 0.3841
vn 0.9805 0.0880 -0.1758
vn 0.9838 0.0894 -0.1551
vn 0.9521 -0.0476 -0.3019
vn 0.8374 -0.0695 -0.5422
vn 0.9802 -0.1216 -0.1563
vn 0.9293 -0.0463 -0.3665
vn 0.9724 -0.0663 -0.2239
vn 0.9642 -0.0476 -0.2609
vn 0.9715 -0.1273 -0.2001
vn 0.9718 0.0064 -0.2359
vn 0.9664 0.0202 -0.2564
vn 0.4585 0.2298 -0.8584
vn 0.3691 0.2722 -0.8887
vn 0.5601 0.1575 -0.8133
vn 0.5733 0.2674 -0.7745
vn 0.6516 0.2483 -0.7168
vn 0.6964 0.2064 -0.6873
vn 0.8825 0.0295 -0.4693
vn 0.8908 0.1865 -0.4143
vn 0.8418 0.1696 -0.5124
vn 0.9312 0.1555 -0.3297
vn 0.6699 0.1541 -0.7263
vn 0.8216 0.1168 -0.5580
vn 0.6991 0.0556 -0.7128
vn 0.7082 0.1173 -0.6963
vn 0.7266 0.0223 -0.6867
vn 0.8691 0.0074 -0.4946
vn 0.8527 0.0212 -0.5220
vn 0.9161 0.0161 -0.4007
vn 0.9387 0.0364 -0.3429
vn 0.9918 0.0030 -0.1274
vn 0.9675 -0.0755 0.2415
vn 0.9602 -0.0922 -0.2636
vn 0.9924 -0.1099 -0.0545
vn 0.9923 -0.1081 -0.0602
vn 0.9926 -0.1127 0.0450
vn 0.9864 -0.0579 0.1539
vn 0.9686 0.0259 0.2474
vn 0.9898 -0.0690 -0.1247
vn 0.6617 -0.1268 0.7390
vn 0.6437 -0.1103 0.7573
vn -0.7623 0.0136 -0.6471
vn -0.6818 -0.1236 -0.7210
vn -0.8018 -0.3853 0.4568
vn 0.5022 -0.4706 -0.7255
vn 0.2938 -0.2229 -0.9295
vn -0.7722 -0.0204 0.6350
vn -0.6246 -0.4279 0.6532
vn -0.3903 -0.5354 0.7490
vn -0.5265 0.2458 0.8139
vn -0.5651 0.0185 0.8248
vn -0.4850 -0.6945 0.5314
vn -0.4103 -0.5360 0.7378
vn -0.4566 -0.3092 0.8342
vn 0.0495 -0.0402 -0.9980
vn -0.9098 0.0457 0.4125
vn -0.8257 -0.1479 0.5444
vn -0.8079 -0.1819 0.5605
vn -0.3954 -0.8946 0.2082
vn -0.8604 -0.0055 0.5096
vn -0.8623 0.0120 0.5063
vn -0.3904 -0.8960 0.2115
vn -0.4491 -0.8309 0.3285
vn 0.3358 -0.3135 0.8882
vn -0.3959 0.7919 0.4649
vn -0.4457 0.7857 0.4289
vn -0.4520 0.7376 0.5017
vn -0.4621 0.7451 0.4809
vn -0.3187 0.8384 0.4422
vn -0.1416 0.9153 0.3771
vn -0.4432 0.5994 0.6666
vn -0.4440 0.8031 0.3975
vn -0.2952 0.8866 0.3561
vn -0.3138 0.8506 0.4219
vn -0.2654 0.8046 0.5313
vn -0.1544 0.3463 0.9253
vn -0.1327 0.2759 0.9520
vn -0.2540 0.8386 0.4820
vn -0.0414 0.5805 0.8132
vn 0.1203 0.6166 0.7781
vn -0.7028 0.3904 0.5947
vn -0.7261 0.1279 0.6756
vn -0.5857 0.1547 0.7957
vn -0.5956 0.1733 0.7843
vn -0.7919 0.1300 0.5966
vn -0.7187 0.0646 0.6923
vn -0.8036 0.0220 0.5947
vn -0.5900 -0.5933 0.5475
vn -0.6147 -0.5889 0.5247
vn -0.0141 -0.9936 0.1119
vn -0.3260 -0.8144 0.4801
vn -0.0157 -0.9922 0.1240
vn 0.0325 -0.9817 0.1875
vn 0.0676 -0.9795 0.1897
vn -0.0141 -0.9927 0.1197
vn 0.5271 -0.5821 -0.6192
vn 0.4137 -0.3768 0.8288
vn 0.4151 -0.3755 0.8287
vn 0.5568 -0.0525 0.8290
vn 0.5289 -0.3427 0.7764
vn 0.5068 -0.3635 0.7816
vn 0.3919 -0.2240 0.8923
vn 0.4540 -0.1620 0.8761
vn 0.5930 -0.1669 0.7877
vn 0.6007 -0.1619 0.7829
vn 0.9649 -0.0091 0.2624
vn 0.9785 0.0594 0.1976
vn 0.6100 -0.5037 0.6118
vn 0.7548 -0.4064 0.5149
vn 0.7707 -0.4009 0.4954
vn 0.9922 -0.0295 0.1214
vn 0.9452 -0.1184 0.3042
vn 0.9453 -0.1186 0.3038
vn 0.9595 0.2390 -0.1492
vn 0.9507 0.2662 -0.1588
vn 0.9977 0.0102 -0.0677
vn 0.9962 -0.0207 -0.0850
vn 0.9475 -0.2067 0.2440
vn 0.9946 0.0251 -0.1004
vn 0.8583 0.3084 -0.4102
vn 0.9732 -0.2297 0.0106
vn 0.9775 -0.0071 -0.2110
vn 0.9400 -0.1212 -0.3190
vn 0.8546 0.3303 -0.4007
vn 0.9748 0.1489 -0.1661
vn 0.5638 0.5560 -0.6108
vn 0.8152 0.2660 -0.5144
vn 0.6688 0.5526 -0.4974
vn 0.9484 -0.2063 -0.2409
vn 0.7797 0.2944 -0.5526
vn 0.8955 -0.3488 -0.2764
vn 0.8406 -0.0220 -0.5411
vn 0.5654 0.5658 -0.6002
vn 0.8884 -0.0212 -0.4586
vn 0.7092 0.2366 -0.6641
vn 0.7100 0.2404 -0.6619
vn 0.7711 -0.4527 -0.4477
vn 0.6910 0.2442 -0.6803
vn 0.7404 -0.2328 -0.6306
vn 0.5828 0.4585 -0.6709
vn 0.5824 0.4597 -0.6704
vn 0.0437 0.9717 -0.2321
vn 0.7581 -0.3379 -0.5577
vn 0.7037 -0.3853 -0.5969
vn 0.9304 -0.2569 -0.2614
vn 0.8247 -0.0440 -0.5638
vn 0.1865 0.0569 -0.9808
vn 0.4398 0.0847 -0.8941
vn 0.2068 0.0521 -0.9770
vn 0.4464 0.2668 -0.8541
vn 0.2199 0.9185 -0.3286
vn 0.8404 -0.0801 -0.5360
vn 0.7092 0.4252 -0.5623
vn 0.3238 0.7878 -0.5240
vn 0.1877 0.9072 -0.3764
vn 0.9343 -0.2591 -0.2447
vn 0.8000 -0.4596 -0.3858
vn 0.9452 -0.2082 -0.2515
vn 0.8098 -0.5828 -0.0672
vn 0.7412 -0.6631 -0.1045
vn 0.7776 -0.6124 0.1423
vn 0.9031 -0.0532 -0.4261
vn 0.8728 0.1776 -0.4547
vn 0.2943 0.7273 -0.6201
vn 0.3655 0.7337 -0.5729
vn 0.4495 0.5851 -0.6750
vn 0.9287 -0.0229 -0.3701
vn 0.9288 -0.0174 -0.3702
vn 0.7236 0.5195 -0.4544
vn 0.9598 0.2240 -0.1690
vn 0.9729 0.1705 -0.1564
vn 0.9822 -0.1701 0.0799
vn 0.9689 0.0638 -0.2390
vn 0.9038 -0.3152 0.2897
vn 0.7206 0.4310 -0.5431
vn 0.7473 0.4177 -0.5168
vn 0.6806 0.6160 -0.3966
vn 0.5883 0.6747 -0.4457
vn 0.4871 0.1353 -0.8628
vn 0.6161 0.0210 -0.7874
vn 0.3503 0.7907 -0.5020
vn 0.3671 0.1096 -0.9237
vn 0.6178 0.2191 -0.7552
vn 0.6756 0.0097 -0.7372
vn 0.7258 0.4152 -0.5485
vn 0.5801 0.4527 -0.6771
vn 0.7364 0.1982 -0.6469
vn 0.7527 -0.1077 -0.6494
vn 0.5557 0.5574 -0.6169
vn 0.6610 0.5324 -0.5288
vn 0.8314 0.2773 -0.4816
vn 0.6484 0.5151 -0.5606
vn 0.8242 0.3794 -0.4205
vn 0.5987 0.2212 -0.7698
vn -0.0733 0.9969 0.0296
vn 0.0002 0.2631 0.9648
vn 0.5803 -0.0872 0.8097
vn 0.4504 -0.2827 0.8469
vn 0.7000 -0.2575 0.6661
vn 0.5240 -0.2305 0.8200
vn 0.5434 -0.1217 0.8306
vn 0.5247 -0.1330 0.8408
vn 0.7238 -0.0715 0.6863
vn 0.7471 0.0610 0.6619
vn 0.8340 0.1773 0.5225
vn 0.7536 -0.0854 0.6517
vn 0.9384 0.0386 0.3434
vn 0.8602 -0.1965 0.4706
vn 0.7339 -0.2415 0.6349
vn 0.7687 -0.2814 0.5743
vn 0.7907 -0.2684 0.5502
vn 0.8693 0.0854 0.4869
vn 0.8318 0.0885 0.5480
vn 0.6607 -0.0687 0.7475
vn 0.7538 0.1333 0.6435
vn 0.8804 0.1693 0.4430
vn 0.6862 -0.2739 0.6738
vn 0.7492 -0.2854 0.5977
vn 0.7704 -0.3909 0.5037
vn 0.8241 -0.1769 0.5381
vn 0.8730 -0.2325 0.4287
vn 0.9031 -0.1465 0.4035
vn 0.9085 -0.1631 0.3846
vn 0.8985 -0.1730 0.4035
vn 0.6987 -0.5490 0.4587
vn 0.9092 0.3657 0.1992
vn 0.8558 0.5172 0.0083
vn 0.9098 0.3656 0.1965
vn 0.8821 0.1659 0.4409
vn 0.9403 0.1622 0.2993
vn 0.9194 0.2286 0.3200
vn 0.8507 -0.0310 0.5247
vn 0.8258 -0.2832 0.4877
vn 0.9051 -0.0484 0.4224
vn 0.9207 0.3154 0.2300
vn 0.8759 0.2999 0.3780
vn 0.9528 0.1684 0.2527
vn 0.9119 -0.3360 0.2358
vn 0.7339 -0.5587 0.3863
vn 0.9527 -0.0086 0.3037
vn 0.8741 -0.1932 0.4458
vn 0.7603 0.1796 0.6243
vn 0.7285 0.1890 0.6584
vn 0.8618 -0.1716 0.4774
vn 0.7717 -0.6161 0.1576
vn 0.7822 -0.5388 0.3130
vn 0.9622 -0.0321 0.2706
vn 0.6896 -0.6831 0.2407
vn 0.6568 -0.6824 0.3209
vn 0.6711 -0.6283 0.3935
vn 0.9240 -0.3420 0.1711
vn 0.7853 -0.2562 0.5637
vn 0.6890 -0.3875 0.6125
vn 0.3297 -0.0844 0.9403
vn 0.4193 0.1407 0.8969
vn 0.6942 -0.1537 0.7032
vn 0.3878 0.1324 0.9122
vn 0.6507 0.1373 -0.7468
vn 0.5261 -0.0927 -0.8454
vn 0.5478 0.1010 -0.8305
vn 0.5338 -0.1106 -0.8383
vn 0.6152 0.1858 -0.7661
vn 0.6280 -0.0114 -0.7781
vn 0.6067 -0.0453 -0.7936
vn 0.7891 0.0450 -0.6126
vn 0.6329 -0.1825 -0.7525
vn 0.6877 -0.1262 -0.7149
vn 0.6899 0.0862 -0.7188
vn 0.6016 -0.4954 -0.6266
vn -0.0940 0.4767 0.8740
vn 0.1705 0.4882 0.8559
vn -0.0203 0.3632 0.9315
vn 0.1793 0.4808 0.8583
vn 0.1716 0.3634 0.9157
vn 0.0544 0.9964 0.0646
vn 0.2180 0.6808 0.6993
vn 0.5455 0.7877 0.2864
vn 0.2108 0.7237 0.6571
vn -0.1930 0.4771 0.8574
vn -0.0944 0.8265 0.5549
vn 0.1520 0.6329 0.7591
vn -0.0288 0.8945 0.4461
vn 0.5193 0.5301 0.6703
vn 0.1062 0.8578 0.5028
vn 0.1568 0.8919 0.4241
vn 0.6201 0.5863 0.5213
vn 0.0042 0.5846 0.8113
vn 0.3365 -0.0268 0.9413
vn 0.6326 0.5801 0.5131
vn 0.1669 0.8848 0.4350
vn -0.0905 0.8282 0.5530
vn -0.0020 0.9115 0.4113
vn -0.1492 0.9620 0.2287
vn 0.1877 0.2162 0.9581
vn -0.0821 0.3278 0.9412
vn -0.4343 0.4450 0.7831
vn 0.3900 -0.1275 -0.9120
vn 0.3768 -0.1369 -0.9161
vn 0.4142 0.0277 -0.9097
vn 0.4749 0.0087 -0.8800
vn 0.6550 -0.0039 -0.7556
vn 0.7020 0.0284 -0.7116
vn 0.5525 -0.5398 -0.6351
vn 0.8350 0.0154 -0.5501
vn 0.6483 -0.1128 -0.7530
vn 0.6636 -0.2345 -0.7104
vn 0.7281 -0.0118 -0.6853
vn 0.7002 0.0073 -0.7139
vn 0.7577 0.0357 -0.6517
vn 0.9220 -0.0017 -0.3873
vn 0.8701 -0.0138 -0.4927
vn 0.8607 -0.0107 -0.5090
vn 0.4062 -0.8360 -0.3690
vn 0.3184 -0.6577 -0.6827
vn 0.6442 -0.2288 -0.7298
vn 0.7301 -0.2108 -0.6500
vn 0.7635 -0.2149 -0.6091
vn 0.6265 -0.2059 -0.7517
vn 0.6390 -0.5507 -0.5370
vn 0.6329 -0.5432 -0.5517
vn 0.7004 -0.5321 -0.4757
vn 0.5936 -0.1557 0.7896
vn 0.6931 -0.1391 0.7073
vn 0.6607 -0.2710 0.7000
vn 0.7335 -0.1073 0.6712
vn 0.7127 -0.2737 0.6459
vn 0.7149 -0.2826 0.6395
vn 0.8360 -0.1098 0.5377
vn 0.7442 -0.1659 0.6470
vn 0.7934 -0.1815 0.5811
vn 0.7892 -0.1816 0.5866
vn 0.8941 -0.0455 0.4456
vn 0.9845 -0.1069 0.1393
vn 0.9792 0.1977 -0.0462
vn 0.9677 -0.0123 0.2516
vn 0.9402 0.1371 -0.3119
vn 0.9923 0.0245 -0.1210
vn 0.9488 -0.3124 0.0473
vn 0.9241 -0.3206 0.2081
vn 0.7997 -0.4063 0.4420
vn 0.9391 -0.3424 0.0286
vn 0.9400 -0.3365 0.0557
vn 0.8519 -0.5205 -0.0579
vn 0.8784 -0.4608 0.1265
vn 0.8645 -0.4752 0.1641
vn 0.9544 -0.1117 -0.2768
vn 0.6864 -0.0945 0.7211
vn 0.7930 0.2180 0.5688
vn 0.8172 0.0453 0.5746
vn 0.6805 0.0044 0.7327
vn 0.6413 0.6950 0.3251
vn 0.7744 0.1136 0.6225
vn 0.6346 0.7000 0.3274
vn 0.7115 0.6547 0.2552
vn 0.6556 0.7007 0.2815
vn 0.8426 0.1945 0.5022
vn 0.6972 0.6529 0.2962
vn 0.9082 0.2364 0.3454
vn 0.8475 0.1854 0.4974
vn 0.8470 0.1873 0.4975
vn 0.7022 -0.5419 0.4618
vn 0.8151 0.3812 0.4361
vn 0.7956 0.5715 0.2010
vn 0.9037 0.3585 0.2340
vn 0.8691 0.1127 0.4815
vn 0.7089 -0.4936 0.5038
vn 0.9680 0.2177 0.1251
vn 0.8705 0.3638 0.3315
vn 0.9800 0.0576 0.1906
vn 0.9447 -0.0754 0.3190
vn 0.9847 0.1435 0.0990
vn 0.9650 0.2124 0.1537
vn 0.9381 0.0303 0.3452
vn 0.8418 0.4961 -0.2129
vn 0.9760 0.2140 0.0399
vn 0.9277 -0.3035 0.2173
vn 0.9752 -0.1794 0.1299
vn 0.4791 0.6120 -0.6292
vn 0.9287 -0.0176 -0.3704
vn 0.6863 0.5550 -0.4701
vn 0.9556 -0.1936 -0.2221
vn 0.8223 0.4312 -0.3712
vn 0.9551 -0.1910 -0.2266
vn 0.9347 -0.3475 0.0745
vn 0.9179 -0.1566 -0.3647
vn 0.9786 0.0515 -0.1992
vn 0.7542 -0.6464 0.1156
vn 0.7225 -0.6506 0.2340
vn 0.7663 -0.5244 0.3712
vn 0.9574 0.0784 -0.2779
vn 0.7094 0.4232 -0.5636
vn 0.9300 0.3517 -0.1066
vn 0.9530 0.2918 -0.0816
vn 0.9592 0.0308 -0.2809
vn 0.9983 0.0486 0.0316
vn 0.6614 -0.6635 0.3498
vn 0.9388 0.2709 -0.2129
vn 0.6657 -0.5707 0.4808
vn 0.8012 -0.5932 0.0790
vn 0.7930 -0.6080 0.0381
vn 0.9742 -0.0080 0.2256
vn 0.8527 0.2288 0.4696
vn 0.9550 -0.2529 -0.1552
vn 0.9865 -0.0215 -0.1626
vn 0.9651 0.1889 0.1815
vn 0.9978 0.0301 -0.0589
vn 0.9500 -0.2331 0.2077
vn 0.9244 -0.3228 0.2031
vn 0.9923 -0.0967 0.0770
vn 0.7611 0.4661 -0.4511
vn 0.5586 0.3572 -0.7486
vn 0.6156 0.5466 -0.5676
vn 0.4362 -0.6775 0.5922
vn 0.2642 0.4450 0.8557
vn 0.4446 0.4660 0.7649
vn 0.3888 -0.4902 0.7801
vn 0.4367 0.7255 -0.5319
vn 0.5186 0.6074 0.6017
vn 0.2805 0.2180 -0.9348
vn 0.2405 0.9706 -0.0048
vn 0.5092 -0.0020 0.8607
vn 0.2030 0.0184 0.9790
vn 0.1977 0.0130 0.9802
vn 0.1535 0.0591 0.9864
vn 0.1345 0.1715 0.9760
vn 0.1743 0.9151 0.3636
vn 0.0565 0.9771 0.2052
vn 0.3213 0.8720 0.3692
vn 0.3231 0.8715 0.3690
vn 0.3139 0.8949 0.3173
vn 0.3552 0.8526 0.3834
vn -0.2305 0.6810 0.6951
vn -0.3252 0.4762 0.8170
vn -0.1944 0.2484 0.9490
vn 0.3077 0.8684 0.3888
vn 0.1123 0.8683 0.4832
vn 0.1635 0.8562 0.4901
vn 0.1379 0.9270 0.3489
vn 0.1573 0.9389 0.3063
vn 0.0857 0.9802 0.1785
vn 0.4592 0.8496 0.2595
vn 0.3337 0.8606 0.3847
vn 0.4574 0.8508 0.2586
vn 0.4471 0.8544 0.2647
vn 0.5308 0.8305 0.1687
vn 0.3081 0.2556 0.9164
vn 0.2727 0.4119 0.8695
vn 0.1555 0.9050 0.3959
vn 0.4236 0.5962 0.6821
vn 0.0823 0.9917 -0.0988
vn -0.2156 0.7924 -0.5707
vn -0.2381 0.8480 0.4735
vn 0.2168 0.5438 0.8107
vn 0.2484 0.2635 0.9321
vn 0.3902 0.1117 0.9139
vn -0.2593 0.7741 -0.5775
vn 0.3514 0.7839 0.5119
vn 0.0591 0.5959 -0.8009
vn 0.1794 0.9837 -0.0095
vn 0.2679 0.9088 -0.3198
vn 0.2136 0.8262 0.5214
vn 0.4129 0.1298 0.9015
vn 0.0050 0.9035 -0.4285
vn 0.2074 0.7113 0.6716
vn 0.4815 0.4679 0.7411
vn 0.4161 0.4805 0.7720
vn 0.1514 0.9881 -0.0281
vn 0.9647 0.2466 0.0925
vn 0.6393 0.7148 0.2835
vn 0.5883 0.7966 0.1387
vn 0.2197 0.9709 -0.0954
vn -0.4435 0.8939 0.0650
vn -0.3770 0.9141 0.1495
vn 0.5470 0.7884 0.2813
vn 0.5416 0.7919 0.2822
vn 0.6902 0.7036 0.1692
vn 0.5592 0.7968 0.2287
vn 0.7109 0.6965 0.0978
vn 0.7717 0.6236 0.1249
vn -0.1619 0.9849 0.0620
vn 0.4384 0.6429 0.6281
vn 0.2926 0.6900 0.6620
vn -0.0618 0.5182 0.8530
vn -0.1285 0.9906 0.0463
vn -0.0488 0.9803 0.1912
vn -0.0974 0.9893 -0.1087
vn 0.1811 0.9613 -0.2076
vn 0.2710 0.2293 0.9349
vn -0.2601 0.1464 0.9544
vn -0.1106 0.8199 -0.5618
vn -0.0652 0.9959 -0.0633
vn 0.2520 0.8861 0.3890
vn 0.2663 0.2194 0.9386
vn 0.2140 0.3185 0.9235
vn -0.1717 0.9516 -0.2549
vn 0.3465 0.9353 0.0718
vn -0.0377 0.8924 -0.4497
vn 0.5527 0.5977 0.5808
vn 0.0496 0.9955 0.0803
vn 0.2902 -0.3166 0.9031
vn 0.2838 -0.3839 0.8787
vn 0.4505 0.4681 0.7602
vn 0.6040 0.3499 0.7160
vn 0.5993 0.3467 0.7215
vn 0.2752 0.5627 0.7795
vn 0.4176 0.7081 0.5693
vn 0.4979 0.7069 0.5024
vn 0.5354 0.7347 0.4167
vn 0.5584 0.5624 0.6098
vn 0.5378 0.0979 0.8373
vn 0.4113 0.7933 0.4490
vn 0.7374 0.3285 0.5902
vn 0.4730 0.1639 0.8657
vn 0.8031 0.3694 0.4675
vn 0.7555 0.4283 0.4958
vn 0.8489 0.3189 0.4215
vn 0.7675 0.5219 0.3723
vn 0.7429 0.4825 0.4640
vn 0.7338 0.6768 0.0590
vn 0.5945 0.7833 0.1817
vn 0.4218 0.8187 0.3897
vn 0.4488 0.8106 0.3763
vn 0.5896 0.7846 0.1919
vn 0.5114 0.2166 0.8316
vn 0.5316 0.8309 0.1640
vn 0.3079 0.9258 0.2194
vn 0.0762 0.9787 0.1905
vn 0.0221 0.9499 0.3117
vn 0.2308 -0.1081 0.9670
vn -0.3604 -0.1364 0.9228
vn -0.4509 0.1131 0.8854
vn -0.3523 -0.7186 0.5995
vn 0.0708 -0.9811 0.1798
vn 0.0686 -0.9860 0.1522
vn 0.0263 -0.9975 0.0654
vn 0.0260 -0.9978 0.0612
vn 0.0061 -1.0000 0.0040
vn 0.1089 -0.9907 -0.0821
vn 0.4505 -0.8840 -0.1251
vn 0.5980 -0.7974 -0.0804
vn 0.9908 -0.0201 -0.1336
vn 0.9616 0.0035 -0.2743
vn 0.9526 -0.0489 -0.3003
vn 0.9267 -0.0553 -0.3718
vn 0.9277 0.2280 -0.2958
vn 0.9829 0.0414 -0.1794
vn 0.9971 0.0257 -0.0718
vn 0.9454 0.0718 -0.3179
vn 0.9615 0.0134 -0.2745
vn 0.9424 0.1425 -0.3025
vn 0.8927 0.1757 -0.4150
vn 0.8796 -0.0639 -0.4713
vn 0.8834 0.1408 -0.4469
vn 0.8900 -0.1327 -0.4363
vn 0.9058 0.0852 -0.4151
vn 0.8742 -0.1605 -0.4582
vn 0.3392 -0.8878 -0.3109
vn 0.6766 -0.5646 -0.4727
vn 0.4314 -0.8755 -0.2177
vn 0.8075 -0.2520 -0.5333
vn 0.5509 -0.7263 -0.4111
vn -0.0814 -0.9825 -0.1673
vn 0.6143 -0.6670 -0.4217
vn 0.4654 -0.8195 -0.3343
vn 0.9190 -0.1050 -0.3801
vn 0.8506 -0.3592 -0.3839
vn 0.8816 -0.2050 -0.4251
vn -0.0452 -0.9923 -0.1150
vn 0.2847 -0.1000 0.9534
vn 0.1279 -0.8865 0.4447
vn -0.0539 -0.9915 -0.1185
vn -0.0534 -0.9916 -0.1180
vn 0.0840 -0.9280 0.3629
vn 0.0847 -0.9695 0.2300
vn 0.9812 -0.1282 0.1443
vn 0.9741 0.0253 -0.2246
vn 0.6144 -0.7416 -0.2692
vn -0.2722 -0.9444 0.1846
vn 0.9664 -0.0184 -0.2564
vn 0.9559 -0.0146 -0.2933
vn 0.8784 -0.3911 -0.2746
vn 0.9102 -0.2741 -0.3105
vn 0.9218 0.2865 -0.2610
vn 0.9297 0.0166 -0.3680
vn 0.9479 -0.0463 -0.3153
vn 0.9389 -0.1733 -0.2975
vn 0.8770 0.2063 -0.4340
vn 0.8365 0.2331 -0.4960
vn 0.9085 -0.0259 -0.4172
vn 0.8897 0.0146 -0.4564
vn 0.8021 -0.2467 -0.5439
vn 0.8871 -0.2600 -0.3814
vn 0.8807 -0.2731 -0.3869
vn 0.8388 -0.0520 -0.5420
vn 0.8251 -0.1940 -0.5307
vn 0.1393 -0.4172 0.8981
vn 0.1559 0.1868 0.9700
vn 0.5336 -0.7183 0.4464
vn 0.2945 -0.0874 0.9516
vn 0.4359 -0.0678 0.8974
vn 0.6496 0.2929 0.7015
vn 0.2641 -0.8016 0.5364
vn 0.2830 -0.8770 0.3884
vn 0.7539 0.0998 0.6494
vn 0.5656 0.7271 0.3892
vn 0.7139 0.5769 0.3969
vn 0.2772 -0.8820 0.3811
vn 0.7331 0.0157 0.6799
vn 0.3604 -0.0402 0.9319
vn 0.4426 0.0790 0.8932
vn 0.3563 0.0848 0.9305
vn 0.4406 0.2266 0.8687
vn 0.8414 0.1703 0.5129
vn 0.4496 0.4459 0.7739
vn 0.6177 0.4823 0.6212
vn 0.3860 0.3997 0.8314
vn 0.4501 0.4378 0.7783
vn 0.4352 0.4426 0.7840
vn 0.5508 -0.0466 0.8334
vn 0.6676 -0.0928 0.7387
vn 0.7707 -0.0512 0.6351
vn 0.7618 -0.0429 0.6464
vn 0.6382 -0.0109 0.7698
vn 0.7616 -0.0438 0.6466
vn 0.8072 -0.0144 0.5901
vn 0.7993 -0.0138 0.6008
vn 0.8939 0.0267 0.4474
vn 0.9220 0.0699 0.3807
vn 0.8937 -0.1997 0.4018
vn 0.9570 0.0310 0.2883
vn 0.9112 -0.1983 0.3611
vn 0.9650 -0.0462 0.2580
vn 0.9521 -0.1555 0.2634
vn 0.9768 0.1652 0.1365
vn 0.9748 0.1494 0.1654
vn 0.9063 -0.0572 0.4187
vn 0.8719 0.0981 0.4798
vn 0.7756 0.1669 0.6088
vn 0.9132 -0.0448 0.4052
vn 0.9533 -0.0206 0.3015
vn 0.9898 0.0020 0.1423
vn 0.9705 -0.0643 0.2325
vn 0.9872 -0.0428 0.1538
vn 0.9653 -0.0493 0.2565
vn 0.9677 -0.0452 0.2479
vn 0.9890 -0.0517 0.1386
vn 0.9914 -0.0774 0.1053
vn 0.9865 -0.0613 0.1516
vn 0.9592 -0.2415 0.1470
vn 0.9687 -0.1730 0.1783
vn 0.9740 -0.2234 -0.0388
vn 0.9712 -0.0578 0.2310
vn 0.9940 -0.0350 -0.1037
vn 0.9221 -0.3773 -0.0861
vn 0.9928 -0.1118 -0.0418
vn 0.9990 -0.0427 0.0107
vn 0.9673 0.1782 0.1803
vn 0.9829 0.0276 0.1822
vn 0.9608 0.0196 0.2765
vn 0.9834 0.0296 0.1792
vn 0.9146 0.0234 0.4036
vn 0.8528 0.0309 0.5214
vn 0.9997 0.0232 0.0024
vn 0.9907 -0.0486 0.1270
vn 0.9575 0.1398 0.2525
vn 0.9974 0.0455 0.0557
vn 0.9844 0.1682 -0.0506
vn 0.9278 0.2800 -0.2466
vn 0.8911 0.0334 -0.4526
vn 0.9381 0.0054 0.3464
vn 0.5980 -0.0054 0.8015
vn 0.5048 -0.0803 0.8595
vn 0.4512 -0.2846 0.8458
vn 0.5778 -0.3290 0.7469
vn 0.7745 -0.2192 0.5933
vn 0.7526 0.5551 0.3541
vn 0.8113 -0.1657 0.5607
vn 0.6203 -0.6605 0.4230
vn 0.3425 -0.7909 0.5071
vn 0.8055 -0.2035 0.5566
vn 0.4962 -0.7906 0.3588
vn 0.5695 -0.6689 0.4778
vn 0.6112 -0.6118 0.5021
vn 0.9709 0.0274 0.2379
vn 0.8569 0.5139 0.0403
vn 0.7183 0.6774 -0.1585
vn 0.9553 0.1274 0.2666
vn 0.9669 0.1320 0.2185
vn 0.9643 0.1467 0.2206
vn 0.9318 0.3470 -0.1063
vn 0.9828 -0.0223 -0.1834
vn 0.9923 0.1227 0.0140
vn 0.9437 -0.0493 0.3271
vn 0.8759 0.1683 0.4523
vn 0.8289 0.1625 0.5353
vn 0.6728 0.4741 0.5680
vn 0.7230 0.4636 0.5122
vn 0.6202 0.0519 -0.7827
vn 0.5732 -0.3907 -0.7203
vn 0.7157 -0.0735 -0.6945
vn 0.7664 -0.0987 -0.6347
vn 0.8093 -0.0747 -0.5827
vn 0.6524 -0.1945 -0.7325
vn 0.6160 0.3487 -0.7064
vn 0.6448 0.2181 -0.7326
vn 0.7450 -0.2114 -0.6327
vn 0.7616 0.1287 -0.6352
vn 0.7722 0.1120 -0.6255
vn 0.8766 0.0119 -0.4811
vn 0.8764 0.0126 -0.4814
vn 0.8744 0.0157 -0.4849
vn 0.6188 0.3616 -0.6974
vn 0.8175 -0.1222 -0.5628
vn 0.8561 -0.1899 -0.4806
vn 0.8416 -0.2102 -0.4975
vn 0.8875 -0.2822 -0.3643
vn 0.5896 -0.3840 -0.7106
vn 0.8052 -0.0724 -0.5886
vn 0.7436 0.1816 -0.6435
vn 0.8027 -0.0150 -0.5962
vn 0.9022 0.0363 -0.4298
vn 0.8997 0.0234 -0.4359
vn 0.8207 0.1350 -0.5552
vn 0.8339 0.1744 -0.5236
vn 0.8824 0.0414 -0.4687
vn 0.8784 -0.2983 -0.3734
vn 0.8673 0.2100 -0.4513
vn 0.8516 0.4089 -0.3280
vn 0.8477 -0.3337 -0.4123
vn 0.8632 -0.4018 -0.3056
vn 0.9398 0.1314 -0.3155
vn 0.9621 0.0084 -0.2724
vn 0.9393 0.1918 -0.2844
vn 0.9737 0.1448 -0.1757
vn 0.9615 -0.2601 -0.0885
vn 0.8041 0.3144 -0.5046
vn 0.9346 -0.0369 -0.3538
vn 0.9395 -0.0699 -0.3354
vn 0.9318 -0.0420 -0.3606
vn 0.9803 -0.0080 -0.1972
vn 0.9791 -0.0606 -0.1943
vn 0.9700 -0.0419 -0.2397
vn 0.9236 -0.0154 -0.3829
vn 0.8180 0.4914 -0.2990
vn 0.8249 0.4832 -0.2934
vn 0.9347 -0.0013 -0.3554
vn 0.9241 -0.3317 -0.1897
vn 0.9354 0.1636 -0.3134
vn 0.9378 0.2110 -0.2757
vn 0.9228 -0.3544 -0.1510
vn 0.5023 -0.7248 -0.4715
vn 0.5195 -0.6874 -0.5076
vn 0.7413 -0.0089 -0.6712
vn 0.7837 -0.0796 -0.6161
vn 0.6174 -0.2196 0.7553
vn 0.4649 -0.0572 0.8835
vn 0.6543 0.1283 0.7453
vn 0.6055 0.1331 0.7847
vn 0.7057 0.2946 0.6444
vn 0.7514 0.1517 0.6422
vn 0.8618 -0.0866 0.4998
vn 0.8634 -0.0906 0.4962
vn 0.6486 0.1403 0.7481
vn 0.4483 0.4373 0.7796
vn 0.6357 0.3468 0.6896
vn 0.8524 0.2682 0.4489
vn 0.8666 0.2515 0.4310
vn 0.9390 0.1876 -0.2884
vn 0.8137 -0.3190 0.4859
vn 0.7796 0.2281 0.5833
vn 0.6781 0.2724 -0.6826
vn 0.6821 0.5302 -0.5036
vn 0.8938 0.0440 -0.4463
vn 0.8482 0.3053 -0.4329
vn 0.8984 0.3033 -0.3177
vn 0.9436 -0.1253 -0.3066
vn 0.6499 0.6644 -0.3690
vn 0.7209 0.5709 -0.3930
vn 0.7370 0.5253 -0.4253
vn 0.9185 0.2103 -0.3348
vn 0.9434 -0.1250 -0.3072
vn 0.8018 -0.1006 -0.5890
vn 0.8552 -0.1660 -0.4910
vn 0.9097 0.1805 -0.3741
vn 0.9767 -0.1123 -0.1830
vn 0.9857 -0.0972 -0.1376
vn 0.9890 -0.0410 -0.1418
vn 0.9547 0.0511 -0.2932
vn 0.9696 -0.2446 -0.0071
vn 0.9804 0.1666 -0.1050
vn 0.7836 0.5246 -0.3328
vn 0.9700 0.2008 -0.1372
vn 0.7586 0.5767 -0.3033
vn 0.8394 0.5435 0.0011
vn 0.7121 0.6996 0.0593
vn 0.9582 0.1180 0.2607
vn 0.9414 0.1538 0.3002
vn 0.7638 -0.4562 0.4566
vn 0.7639 -0.4170 0.4925
vn 0.7520 -0.4435 0.4876
vn 0.8698 -0.2106 0.4463
vn 0.9448 0.2185 0.2443
vn 0.9472 0.2878 0.1415
vn 0.9975 0.0127 0.0694
vn 0.9994 0.0160 0.0321
vn 0.9450 0.2550 -0.2047
vn 0.9357 0.2620 -0.2363
vn 0.8774 0.3727 -0.3019
vn 0.9814 -0.0003 -0.1919
vn 0.9904 -0.0832 -0.1104
vn 0.9732 0.1134 -0.2000
vn 0.9987 -0.0387 0.0333
vn 0.9967 0.0653 -0.0477
vn 0.9567 0.2125 -0.1991
vn 0.9966 0.0725 -0.0401
vn 0.8349 -0.1240 0.5363
vn 0.9564 0.0876 0.2785
vn 0.8179 -0.1051 0.5656
vn 0.6923 -0.2830 0.6638
vn 0.9852 0.0704 0.1560
vn 0.6575 -0.1204 0.7437
vn 0.6742 -0.1073 0.7307
vn 0.6655 -0.1143 0.7376
vn 0.6891 -0.1195 0.7147
vn 0.8679 -0.1097 0.4845
vn 0.9599 -0.1240 0.2516
vn 0.9865 -0.0175 0.1628
vn 0.9931 0.0050 -0.1172
vn 0.9555 0.1617 -0.2468
vn 0.9539 0.1583 -0.2549
vn 0.9758 0.1953 -0.0984
vn 0.9760 0.2038 -0.0763
vn 0.9717 0.2178 0.0910
vn 0.9498 0.2108 0.2311
vn 0.9736 0.2114 0.0862
vn 0.9659 0.2299 0.1194
vn 0.9309 0.1327 0.3403
vn 0.7622 0.3854 0.5200
vn 0.8529 0.1861 -0.4878
vn 0.5704 -0.7340 -0.3687
vn 0.6484 -0.6682 -0.3648
vn 0.9859 0.0950 0.1374
vn 0.9383 -0.1889 0.2897
vn 0.8797 -0.2332 0.4144
vn 0.9703 0.2001 0.1358
vn 0.9798 0.0190 0.1992
vn 0.9670 -0.0062 0.2547
vn 0.9593 0.0849 0.2693
vn 0.9409 0.1148 0.3186
vn 0.8802 0.4198 0.2215
vn 0.9338 0.2894 0.2103
vn -0.2621 -0.7588 0.5963
vn 0.0788 -0.9623 0.2604
vn 0.0837 -0.9591 0.2702
vn -0.1549 -0.2327 0.9601
vn 0.0826 -0.6390 0.7648
vn 0.1139 -0.8936 0.4341
vn 0.2498 0.2492 0.9357
vn 0.3004 0.4252 0.8538
vn 0.2019 0.8422 0.5000
vn 0.0169 0.9868 0.1613
vn 0.4940 -0.2462 0.8338
vn 0.4471 -0.7778 0.4417
vn 0.6757 -0.7094 0.2007
vn 0.5057 -0.8627 -0.0021
vn 0.4375 -0.8992 0.0083
vn 0.6677 -0.2317 0.7074
vn 0.4992 -0.2383 0.8331
vn 0.4924 0.2290 0.8397
vn 0.5358 0.2605 0.8031
vn 0.5138 0.3922 0.7630
vn 0.5671 0.4677 0.6780
vn 0.7558 0.3829 0.5312
vn 0.7247 0.1817 0.6647
vn 0.7932 0.2455 0.5572
vn 0.8753 0.1298 0.4658
vn 0.7657 0.4528 0.4568
vn 0.4035 0.8004 0.4433
vn -0.0179 0.9858 0.1672
vn 0.2991 0.9424 0.1495
vn 0.2805 0.9376 0.2056
vn 0.2904 0.9445 0.1538
vn 0.4478 0.8874 0.1094
vn 0.5655 0.8004 0.1992
vn 0.7124 0.6833 0.1597
vn 0.6754 0.7098 0.2000
vn 0.8284 0.5022 0.2480
vn 0.6684 0.7304 0.1404
vn 0.7592 0.6438 0.0957
vn 0.9082 0.3750 0.1860
vn 0.9049 0.3941 0.1606
vn 0.9610 0.1551 0.2291
vn 0.6026 0.7530 0.2643
vn 0.4510 0.8401 0.3013
vn 0.8325 0.5030 0.2323
vn 0.8640 0.4028 0.3021
vn 0.9457 0.1186 0.3025
vn 0.8788 0.0864 0.4693
vn 0.8791 0.0856 0.4688
vn 0.7593 0.0232 0.6503
vn 0.5425 -0.7522 0.3740
vn 0.5588 -0.7261 0.4007
vn 0.9676 -0.0723 0.2421
vn 0.9672 -0.0723 0.2434
vn 0.6657 -0.0953 0.7401
vn 0.8739 0.3267 0.3599
vn 0.8809 0.3186 0.3500
vn 0.8595 0.4599 0.2231
vn 0.9319 0.1354 0.3364
vn 0.7546 0.6362 0.1606
vn 0.4411 0.3737 0.8160
vn 0.5845 0.8113 0.0105
vn 0.7245 0.5113 0.4622
vn 0.6837 0.7259 0.0754
vn 0.8966 -0.1914 0.3992
vn 0.7799 -0.2004 0.5930
vn 0.8505 -0.1649 0.4994
vn 0.9593 -0.1655 0.2288
vn 0.9694 -0.1284 0.2093
vn 0.9870 -0.1233 0.1027
vn 0.9814 -0.1654 0.0972
vn 0.9820 -0.1628 0.0953
vn 0.9808 -0.1721 0.0916
vn 0.9475 -0.2096 0.2416
vn 0.9536 -0.1822 0.2398
vn 0.9910 -0.0495 -0.1240
vn 0.9893 -0.0844 -0.1191
vn 0.9914 -0.0532 -0.1192
vn 0.9167 0.2508 -0.3112
vn 0.9655 -0.1442 -0.2166
vn 0.9377 -0.2488 -0.2425
vn 0.9795 -0.1713 -0.1055
vn 0.9565 -0.1926 -0.2192
vn 0.9760 -0.1159 -0.1843
vn 0.9850 -0.0331 -0.1693
vn 0.9839 -0.1510 -0.0960
vn 0.6537 -0.0238 -0.7564
vn 0.9363 0.1161 -0.3314
vn 0.9954 -0.0473 -0.0829
vn 0.9909 -0.0856 -0.1039
vn 0.8273 -0.0335 -0.5608
vn 0.9882 -0.1531 -0.0079
vn 0.9158 -0.1492 0.3729
vn 0.9815 -0.1900 0.0242
vn 0.9563 -0.2781 0.0907
vn 0.9497 -0.2772 0.1458
vn 0.9867 -0.1617 -0.0170
vn 0.9868 -0.1077 0.1207
vn 0.9591 -0.1067 0.2621
vn 0.8943 -0.0776 0.4407
vn 0.9057 -0.1375 0.4011
vn 0.8993 -0.1501 0.4107
vn 0.8470 -0.1792 0.5005
vn 0.7978 -0.1471 0.5847
vn 0.8151 -0.0852 0.5731
vn 0.9153 -0.0511 0.3996
vn 0.8054 -0.3284 0.4934
vn 0.9738 0.0231 0.2263
vn 0.9781 -0.0027 0.2081
vn 0.8144 -0.0230 -0.5798
vn 0.9774 0.0086 -0.2113
vn 0.9217 -0.3816 -0.0699
vn 0.6788 -0.4925 -0.5447
vn 0.6775 -0.4893 -0.5491
vn 0.3606 0.7529 -0.5505
vn 0.5293 0.6619 -0.5309
vn 0.5128 0.7298 -0.4523
vn 0.3576 0.7576 -0.5460
vn 0.9593 -0.2705 0.0816
vn 0.9690 0.1931 -0.1539
vn 0.8196 0.4292 -0.3795
vn 0.9026 0.2689 0.3363
vn 0.9373 0.2121 0.2766
vn 0.9264 0.3362 0.1696
vn 0.8359 0.5486 -0.0166
vn 0.9199 0.3569 0.1626
vn 0.9847 0.0919 0.1479
vn 0.8928 0.4503 0.0150
vn 0.8916 0.4522 0.0225
vn 0.8930 0.4059 -0.1947
vn 0.9102 0.3863 -0.1495
vn 0.7203 0.6561 -0.2254
vn 0.7863 0.5958 -0.1634
vn 0.7573 0.4490 0.4742
vn 0.7996 0.5670 0.1979
vn 0.7328 0.6778 0.0599
vn 0.8198 0.5613 -0.1132
vn 0.7197 0.6925 -0.0499
vn 0.9530 0.2904 0.0869
vn 0.6652 0.7466 -0.0105
vn 0.9036 0.3713 0.2135
vn 0.7135 0.6995 -0.0415
vn 0.8110 0.5808 -0.0694
vn 0.7516 0.6548 0.0798
vn 0.8521 0.5224 -0.0312
vn 0.9234 0.3814 -0.0427
vn 0.8863 0.4337 -0.1624
vn 0.9904 0.0020 -0.1385
vn 0.9814 0.0736 -0.1776
vn 0.9866 -0.1630 0.0076
vn 0.9962 0.0663 0.0568
vn 0.4648 -0.8837 0.0546
vn 0.9317 0.3633 -0.0057
vn 0.9992 -0.0391 0.0009
vn 0.9956 0.0039 0.0938
vn 0.9928 0.0401 0.1125
vn 0.8162 -0.5646 0.1228
vn 0.9951 0.0008 0.0991
vn 0.9447 0.1279 -0.3020
vn 0.9258 0.2765 -0.2576
vn 0.9193 0.2880 -0.2684
vn 0.9087 0.3757 0.1818
vn 0.8928 0.3651 0.2638
vn 0.8969 0.1777 -0.4049
vn 0.7356 -0.5551 -0.3883
vn 0.9198 0.1608 -0.3578
vn 0.9278 0.1467 -0.3430
vn 0.8257 -0.5114 -0.2382
vn 0.9492 0.1444 -0.2796
vn 0.9202 -0.3136 -0.2342
vn 0.9582 -0.2304 -0.1694
vn 0.9614 -0.2291 -0.1524
vn 0.9432 0.1088 -0.3139
vn 0.9385 0.1101 -0.3272
vn 0.9874 -0.1261 0.0958
vn 0.9175 -0.1032 -0.3842
vn 0.9989 -0.0415 -0.0202
vn 0.9994 0.0183 -0.0287
vn 0.9673 0.2307 0.1050
vn 0.9606 0.2717 -0.0594
vn 0.6433 0.7566 -0.1175
vn 0.9338 0.3555 0.0396
vn 0.8411 -0.3593 -0.4043
vn 0.7790 0.6269 -0.0073
vn 0.9629 0.1691 -0.2105
vn 0.5905 -0.4793 -0.6493
vn 0.9520 -0.1081 0.2865
vn 0.9911 -0.1013 0.0858
vn 0.8305 -0.2516 -0.4970
vn 0.8879 0.0517 0.4572
vn 0.8441 0.2518 0.4734
vn 0.9369 -0.2002 -0.2865
vn 0.7920 -0.5894 -0.1593
vn 0.9414 0.1210 -0.3150
vn 0.9606 0.1526 -0.2322
vn 0.9529 -0.2475 -0.1752
vn 0.8866 -0.4498 -0.1080
vn 0.8941 -0.4344 -0.1090
vn 0.9667 0.1516 -0.2060
vn 0.9953 0.0760 0.0603
vn 0.9849 -0.1516 0.0840
vn 0.9626 0.2369 0.1314
vn 0.9861 0.1270 0.1070
vn 0.9012 0.3325 0.2778
vn 0.7486 -0.0701 0.6592
vn 0.9540 -0.2364 0.1841
vn 0.9405 -0.0126 0.3395
vn 0.7106 -0.2961 0.6383
vn 0.5102 -0.6034 0.6128
vn 0.8676 -0.3145 0.3852
vn 0.9902 0.1090 0.0872
vn 0.9449 -0.0182 -0.3268
vn 0.2090 -0.4761 -0.8542
vn 0.9357 0.2492 -0.2498
vn 0.6535 0.7419 -0.1502
vn 0.9161 0.3607 -0.1748
vn 0.8996 -0.2925 -0.3243
vn 0.8269 0.3203 -0.4622
vn 0.9519 0.2426 -0.1872
vn 0.9494 -0.1559 0.2725
vn 0.9317 -0.1963 0.3056
vn 0.9752 0.2125 -0.0619
vn 0.9652 0.2284 -0.1273
vn 0.9303 0.2798 -0.2372
vn 0.9182 0.2287 -0.3236
vn 0.9812 -0.0989 -0.1654
vn 0.9517 -0.2826 -0.1202
vn 0.9518 -0.2824 -0.1194
vn 0.9326 -0.3562 -0.0582
vn 0.9258 -0.2226 -0.3055
vn 0.9423 0.0964 -0.3205
vn 0.8845 -0.2887 -0.3666
vn -0.0781 -0.9689 -0.2349
vn 0.4712 -0.7647 -0.4395
vn 0.7515 -0.3460 -0.5617
vn 0.9031 0.0611 -0.4251
vn 0.9169 0.0453 -0.3966
vn 0.9597 -0.0903 -0.2662
vn 0.9843 -0.1051 -0.1420
vn 0.9970 -0.0572 -0.0512
vn 0.9042 -0.0109 -0.4269
vn 0.9044 -0.3446 -0.2515
vn 0.8888 -0.2806 -0.3624
vn 0.9098 -0.3379 -0.2411
vn 0.9189 0.2592 -0.2974
vn 0.9756 0.1032 -0.1938
vn 0.9819 -0.0979 -0.1621
vn 0.8059 0.5803 -0.1174
vn 0.9601 -0.2560 -0.1124
vn 0.9744 0.1825 -0.1315
vn 0.9119 0.0140 -0.4101
vn 1.0000 0.0085 -0.0001
vn 0.9234 0.0293 -0.3826
vn 0.9966 0.0523 -0.0645
vn 0.9928 -0.0033 -0.1195
vn 0.9920 -0.0954 0.0822
vn 0.9888 -0.1428 -0.0436
vn 0.8239 -0.0773 -0.5615
vn 0.9785 -0.1400 -0.1514
vn 0.9851 -0.0977 -0.1418
vn 0.9548 -0.0802 -0.2864
vn 0.8224 -0.0775 -0.5636
vn 0.8782 -0.0819 -0.4712
vn 0.9869 -0.1479 -0.0643
vn 0.9909 -0.0827 0.1060
vn 0.9352 -0.1062 0.3379
vn 0.9921 -0.1114 -0.0568
vn 0.9846 -0.0933 -0.1479
vn 0.9145 -0.0251 -0.4038
vn 0.8892 -0.0402 -0.4558
vn 0.8785 -0.0391 -0.4762
vn 0.9947 -0.1024 -0.0063
vn 0.9965 -0.0824 0.0150
vn 0.9900 -0.0992 -0.1000
vn 0.9938 -0.0081 -0.1108
vn 0.9895 -0.0410 -0.1383
vn 0.8873 -0.4434 -0.1268
vn 0.9600 -0.1241 0.2511
vn 0.9600 -0.1247 0.2508
vn 0.9920 -0.0612 -0.1102
vn 0.9931 -0.1057 -0.0514
vn 0.9633 -0.1202 0.2400
vn 0.9603 -0.2035 0.1910
vn 0.9725 -0.0269 0.2313
vn 0.9853 -0.0033 0.1709
vn 0.9946 0.0361 0.0976
vn 0.9909 0.0584 0.1215
vn 0.9613 -0.0010 0.2755
vn 0.9851 0.1412 -0.0986
vn 0.9887 0.1279 -0.0778
vn 0.9356 0.0571 0.3484
vn 0.9712 -0.1196 -0.2059
vn 0.9794 0.0298 -0.1999
vn 0.9677 0.0184 -0.2516
vn 0.9611 0.1545 -0.2288
vn 0.9005 0.2649 -0.3449
vn 0.9011 0.3025 -0.3106
vn 0.8610 0.4372 -0.2600
vn 0.8633 0.4276 -0.2681
vn 0.9083 0.3091 -0.2819
vn 0.9679 0.1533 -0.1992
vn 0.8170 0.5732 -0.0620
vn 0.9617 -0.1186 0.2471
vn 0.9216 -0.0053 -0.3881
vn 0.8914 -0.0057 -0.4533
vn 0.9956 -0.0646 0.0676
vn 0.9985 -0.0246 -0.0496
vn 0.9447 0.2461 -0.2167
vn 0.7036 0.6937 -0.1542
vn 0.5874 0.7567 0.2871
vn 0.9420 0.1507 0.3000
vn 0.9431 0.1607 0.2909
vn 0.9097 0.3880 0.1482
vn 0.9032 0.4137 0.1144
vn 0.9810 0.0232 0.1927
vn 0.9791 0.0858 0.1845
vn 0.9910 0.0730 0.1121
vn 0.9900 0.0395 0.1357
vn 0.9556 0.2912 0.0443
vn 0.9476 0.2768 -0.1596
vn 0.9452 0.2868 -0.1560
vn -0.3977 -0.1895 -0.8978
vn -0.7309 -0.2177 -0.6468
vn 0.9737 0.2178 -0.0665
vn 0.8531 0.1488 -0.5000
vn 0.2882 0.4975 -0.8182
vn 0.9177 0.3782 0.1214
vn 0.1503 0.9817 -0.1168
vn 0.3608 0.9248 0.1205
vn 0.0135 0.7999 0.5999
vn -0.6265 0.0471 -0.7780
vn -0.9701 0.1266 -0.2073
vn -0.8260 0.4087 0.3882
vn -0.9665 0.2428 0.0837
vn -0.9001 0.2286 -0.3709
vn -0.1032 0.3262 0.9397
vn 0.8068 0.2209 0.5480
vn 0.2098 0.5229 0.8262
vn -0.6662 0.1561 -0.7292
vn -0.9407 0.1296 -0.3134
vn -0.0272 -0.0966 -0.9949
vn -0.4833 -0.2323 -0.8441
vn -0.8373 -0.3620 -0.4097
vn -0.9423 -0.2062 -0.2637
vn -0.8195 0.2916 0.4934
vn -0.8996 -0.3288 0.2874
vn -0.8761 -0.2003 0.4385
vn -0.1669 -0.3428 -0.9244
vn -0.1062 -0.3380 -0.9352
vn 0.4465 -0.3911 -0.8048
vn -0.1560 -0.8753 -0.4578
vn -0.6005 -0.7708 -0.2127
vn -0.6157 -0.7727 0.1541
vn -0.3721 -0.8748 0.3102
vn -0.3342 0.1640 0.9281
vn 0.5706 -0.1438 0.8085
vn -0.1628 -0.4264 0.8898
vn -0.2017 -0.5099 0.8363
vn -0.0299 -0.4358 0.8995
vn 0.6827 -0.5233 -0.5100
vn 0.2763 -0.8930 -0.3553
vn 0.3185 -0.9459 0.0611
vn 0.4636 -0.2475 -0.8508
vn 0.5826 -0.6614 0.4724
vn 0.6064 -0.7676 0.2077
vn 0.7389 -0.5017 -0.4498
vn 0.8753 -0.4828 -0.0285
vn 0.8525 -0.2779 0.4428
vn -0.9900 -0.1359 -0.0367
vn -0.9959 -0.0903 0.0052
vn -0.9477 0.2759 -0.1606
vn -0.8154 -0.1908 -0.5466
vn -0.3075 -0.1793 -0.9345
vn -0.6226 -0.3140 -0.7168
vn 0.1188 -0.2487 -0.9613
vn -0.7317 -0.0957 -0.6749
vn -0.8911 -0.0401 0.4520
vn -0.8953 0.3456 0.2812
vn -0.9604 0.2447 0.1335
vn -0.9128 0.0686 -0.4026
vn -0.6700 -0.0664 -0.7394
vn -0.3141 -0.1736 -0.9334
vn -0.9475 -0.2276 -0.2246
vn -0.6330 0.3053 0.7114
vn -0.9692 -0.0012 0.2464
vn -0.9634 -0.1917 0.1873
vn -0.7795 -0.4251 -0.4600
vn -0.6123 -0.3698 -0.6988
vn 0.0050 -0.2662 -0.9639
vn -0.2722 -0.4981 -0.8233
vn -0.9272 -0.2904 0.2368
vn -0.6138 0.2587 0.7459
vn -0.4848 0.1933 0.8530
vn -0.7637 -0.6266 0.1552
vn -0.6808 -0.7220 -0.1234
vn 0.1423 -0.4315 -0.8908
vn 0.2467 -0.4514 -0.8576
vn 0.3698 -0.8130 -0.4498
vn 0.5632 -0.2988 -0.7704
vn 0.6772 -0.4131 -0.6089
vn 0.7915 -0.2833 -0.5416
vn 0.9338 -0.3576 -0.0088
vn 0.9273 -0.2769 -0.2518
vn 0.9152 -0.1695 0.3657
vn 0.9032 -0.2796 -0.3257
vn 0.9817 -0.0270 0.1888
vn 0.8644 -0.1570 0.4777
vn 0.9591 -0.1333 0.2495
vn 0.9419 -0.0687 0.3289
vn 0.9942 -0.0777 -0.0741
vn 0.8757 -0.3235 -0.3584
vn -0.0247 -0.9542 -0.2983
vn -0.2194 -0.9204 -0.3237
vn 0.7183 -0.6354 -0.2834
vn 0.7908 -0.5725 0.2167
vn -0.3523 -0.7430 0.5690
vn 0.1200 -0.9082 0.4011
vn 0.5110 -0.7454 0.4281
vn -0.3204 -0.3921 0.8624
vn -0.4982 -0.2275 0.8367
vn 0.5502 -0.0029 0.8350
vn 0.4182 -0.1739 0.8916
vn 0.5892 0.0034 0.8080
vn 0.0480 0.2641 0.9633
vn -0.5393 0.3835 0.7497
vn 0.0459 0.2594 0.9647
vn 0.4752 0.3087 0.8239
vn 0.2492 0.1895 0.9497
vn 0.7507 0.0343 0.6597
vn -0.0383 -0.3721 -0.9274
vn -0.4470 -0.5861 -0.6758
vn 0.5064 -0.4728 -0.7211
vn -0.7751 -0.4489 -0.4447
vn -0.9207 -0.3894 0.0264
vn -0.8494 -0.5080 -0.1430
vn -0.9019 -0.3712 0.2209
vn -0.8513 -0.0176 0.5244
vn -0.8789 -0.0379 0.4755
vn -0.5931 -0.1184 0.7964
vn -0.3051 -0.8939 -0.3283
vn -0.5253 -0.8432 -0.1145
vn -0.3547 -0.9089 0.2194
vn -0.7038 -0.5168 0.4875
vn 0.4367 -0.8574 -0.2724
vn 0.6784 -0.6207 -0.3931
vn 0.2815 -0.8947 0.3469
vn 0.4689 -0.8644 0.1815
vn 0.9247 -0.3364 -0.1781
vn 0.9610 -0.2518 0.1143
vn 0.9575 -0.2812 -0.0650
vn 0.7467 -0.3406 -0.5714
vn 0.8667 -0.0486 0.4964
vn 0.4905 -0.2758 0.8267
vn 0.5149 -0.2863 0.8080
vn -0.5313 -0.3711 0.7616
vn -0.1436 0.1513 0.9780
vn 0.4641 0.0557 0.8840
vn 0.8487 0.1265 -0.5135
vn 0.7987 0.5948 -0.0912
vn 0.7998 0.5933 -0.0912
vn 0.9602 -0.2731 -0.0582
vn 0.8598 0.1286 0.4942
vn 0.8742 -0.0639 0.4813
vn 0.8528 -0.2004 -0.4822
vn -0.4231 0.4438 0.7900
vn -0.1908 0.2025 0.9605
vn -0.7188 0.3967 0.5709
vn -0.3736 0.4898 0.7877
vn -0.3817 0.8062 0.4520
vn 0.5284 -0.3399 -0.7780
vn -0.4070 0.3840 -0.8288
vn -0.5730 0.6887 -0.4443
vn -0.7865 0.6100 -0.0967
vn -0.9054 0.4245 -0.0086
vn -0.5059 0.0890 -0.8580
vn 0.7430 -0.0968 0.6623
vn 0.9807 0.1950 -0.0114
vn 0.9862 0.0293 -0.1628
vn 0.3671 -0.1379 -0.9199
vn 0.7157 0.1888 0.6724
vn -0.0466 0.3078 0.9503
vn -0.7541 0.2554 0.6051
vn -0.1770 0.2013 0.9634
vn -0.9864 -0.0377 0.1602
vn -0.9448 -0.3213 0.0645
vn -0.8404 -0.4649 -0.2784
vn -0.8025 -0.5092 -0.3108
vn -0.5667 -0.5540 -0.6099
vn -0.9800 0.1960 0.0338
vn -0.7234 -0.0031 0.6904
vn -0.4285 0.2367 0.8720
vn -0.8889 0.0791 -0.4513
vn -0.9705 0.2275 -0.0802
vn -0.7553 0.3126 0.5760
vn -0.7048 0.3683 0.6063
vn -0.1853 0.2430 0.9522
vn -0.9995 -0.0247 0.0207
vn -0.0210 0.2591 0.9656
vn -0.8543 0.0847 -0.5128
vn -0.7805 -0.3109 -0.5424
vn -0.4162 -0.2429 -0.8762
vn -0.5684 -0.0021 -0.8228
vn -0.3681 -0.2188 -0.9037
vn 0.8809 -0.1377 -0.4528
vn 0.4318 -0.2081 -0.8776
vn 0.7075 -0.2292 -0.6685
vn 0.2767 -0.2871 -0.9171
vn -0.2033 -0.3394 -0.9184
vn -0.5382 -0.5188 -0.6642
vn -0.7172 -0.5473 0.4314
vn -0.6603 -0.5013 0.5592
vn -0.5897 -0.8033 0.0838
vn -0.2006 -0.4483 0.8711
vn -0.0348 -0.0018 0.9994
vn -0.4583 0.0476 0.8875
vn 0.4803 0.0458 0.8759
vn 0.6830 -0.0971 0.7239
vn 0.2906 -0.8610 0.4174
vn 0.3497 -0.5239 0.7767
vn -0.1601 -0.8606 -0.4836
vn 0.2927 -0.3618 -0.8851
vn -0.1359 -0.8890 -0.4374
vn -0.4234 -0.9040 0.0593
vn 0.3793 -0.3858 -0.8410
vn 0.3878 -0.5154 -0.7642
vn 0.7101 -0.6952 -0.1117
vn 0.7786 -0.6131 -0.1340
vn 0.9253 -0.0603 0.3743
vn 0.9582 -0.2815 -0.0511
vn 0.7278 -0.3295 -0.6014
vn 0.9647 -0.2630 -0.0156
vn 0.9800 -0.1976 -0.0217
vn 0.9571 -0.2866 -0.0438
vn 0.8468 -0.1963 0.4943
vn 0.4878 0.0300 0.8725
vn 0.6732 0.0441 0.7382
vn 0.8422 -0.0882 0.5318
vn 0.9443 -0.0409 0.3266
vn 0.9803 -0.1676 0.1041
vn 0.8158 0.4771 0.3268
vn 0.8981 0.2314 0.3739
vn 0.8996 0.4367 -0.0077
vn 0.8443 0.2622 -0.4674
vn 0.7411 -0.1981 -0.6415
vn 0.9085 -0.2973 -0.2938
vn 0.8959 -0.1768 0.4076
vn 0.7945 0.0192 0.6069
vn 0.0461 -0.2439 -0.9687
vn 0.1186 -0.1836 -0.9758
vn -0.8801 0.3761 0.2896
vn 0.9266 0.1831 0.3286
vn 0.4557 0.2993 0.8383
vn 0.6203 0.2271 0.7508
vn -0.1625 0.2324 0.9589
vn -0.5839 0.3530 0.7311
vn -0.7983 0.2969 0.5240
vn 0.2899 0.1563 0.9442
vn 0.1340 0.3112 0.9408
vn -0.5944 0.3334 0.7318
vn -0.8689 0.4210 0.2605
vn 0.1967 0.4113 0.8900
vn 0.5471 0.4907 0.6781
vn -0.8933 0.4047 0.1954
vn 0.3900 0.8690 0.3047
vn -0.0116 0.5080 -0.8613
vn -0.0061 0.8232 -0.5678
vn 0.5459 0.8378 0.0009
vn -0.5123 0.0368 -0.8580
vn -0.7374 0.0378 -0.6744
vn -0.7085 0.0618 -0.7030
vn -0.5813 -0.0910 -0.8086
vn -0.9270 0.2117 -0.3095
vn -0.9468 0.2052 -0.2479
vn -0.9228 0.3476 0.1663
vn 0.8843 -0.2676 0.3826
vn 0.8817 -0.3207 -0.3460
vn 0.9126 -0.4074 0.0341
vn 0.9751 0.0338 -0.2192
vn 0.9193 0.3908 0.0457
vn 0.2273 0.5122 -0.8282
vn 0.6802 -0.0156 -0.7329
vn 0.9688 -0.2403 -0.0602
vn 0.9618 -0.2675 0.0579
vn 0.8019 0.0365 0.5964
vn 0.7550 0.1505 0.6382
vn 0.3209 -0.3858 -0.8650
vn 0.2839 -0.3271 -0.9013
vn -0.5854 0.0152 -0.8106
vn -0.5166 -0.2229 -0.8267
vn 0.1247 0.4133 0.9020
vn 0.0532 0.3914 0.9187
vn -0.6329 0.3629 0.6839
vn 0.6905 0.7227 0.0310
vn -0.8344 0.1909 -0.5171
vn -0.8324 0.0620 -0.5507
vn 0.4481 -0.2337 -0.8629
vn 0.5113 0.2954 0.8070
vn 0.4778 0.0464 0.8772
vn 0.1163 0.2989 0.9472
vn -0.9963 0.0588 -0.0632
vn -0.5157 0.3183 0.7954
vn -0.5400 0.2821 0.7930
vn -0.9524 0.2344 0.1950
vn -0.7464 0.2248 0.6264
vn -0.9041 0.2958 0.3083
vn -0.9325 0.3298 0.1472
vn 0.2485 0.7824 -0.5710
vn 0.0479 0.8147 0.5779
vn -0.8285 0.5392 -0.1514
vn -0.6912 0.6519 0.3118
vn -0.9755 0.0899 -0.2007
vn -0.9525 0.1494 -0.2652
vn -0.9440 0.3059 -0.1234
vn -0.9666 0.1356 -0.2176
vn -0.8917 0.1036 0.4407
s 0
usemtl Prof_Pants_Navy
f 2//1 1//1 4//1
f 4//2 1//2 48//2
f 74//3 70//3 8//3
f 11//4 5//4 10//4
f 5//5 12//5 10//5
f 12//6 5//6 14//6
f 13//7 10//7 12//7
f 17//8 18//8 6//8
f 6//9 18//9 14//9
f 18//10 26//10 14//10
f 26//11 12//11 14//11
f 18//12 17//12 23//12
f 19//13 23//13 17//13
f 22//14 19//14 17//14
f 17//15 20//15 22//15
f 18//16 23//16 26//16
f 11//17 10//17 27//17
f 26//18 24//18 12//18
f 12//19 24//19 13//19
f 27//20 10//20 13//20
f 28//21 25//21 11//21
f 28//22 11//22 27//22
f 29//23 25//23 28//23
f 30//24 29//24 28//24
f 31//25 30//25 32//25
f 32//26 30//26 28//26
f 32//27 28//27 27//27
f 33//28 27//28 13//28
f 34//29 13//29 24//29
f 35//30 24//30 36//30
f 36//31 24//31 26//31
f 23//32 19//32 37//32
f 37//33 35//33 36//33
f 37//34 38//34 35//34
f 23//35 37//35 26//35
f 26//36 37//36 36//36
f 39//37 40//37 41//37
f 40//38 44//38 41//38
f 45//39 41//39 44//39
f 44//40 43//40 45//40
f 46//41 45//41 43//41
f 47//42 45//42 46//42
f 48//43 1//43 42//43
f 49//44 41//44 85//44
f 41//45 49//45 39//45
f 42//46 39//46 48//46
f 48//47 39//47 49//47
f 49//48 50//48 48//48
f 50//49 49//49 51//49
f 50//50 52//50 48//50
f 48//51 52//51 4//51
f 3//52 2//52 4//52
f 31//53 32//53 54//53
f 53//54 30//54 31//54
f 56//55 53//55 31//55
f 35//56 34//56 24//56
f 34//57 57//57 13//57
f 13//58 57//58 33//58
f 6//59 21//59 17//59
f 21//60 20//60 17//60
f 20//61 21//61 16//61
f 58//62 16//62 15//62
f 15//63 59//63 58//63
f 60//64 59//64 15//64
f 59//65 61//65 58//65
f 62//66 61//66 59//66
f 66//67 62//67 59//67
f 60//68 63//68 68//68
f 60//69 66//69 59//69
f 65//70 62//70 66//70
f 65//71 66//71 67//71
f 67//72 68//72 69//72
f 67//73 69//73 95//73
f 66//74 68//74 67//74
f 60//75 68//75 66//75
f 69//76 68//76 63//76
f 63//77 64//77 69//77
f 71//78 7//78 70//78
f 74//79 8//79 9//79
f 3//80 73//80 9//80
f 9//81 73//81 74//81
f 71//82 70//82 72//82
f 74//83 72//83 70//83
f 72//84 74//84 75//84
f 3//85 4//85 73//85
f 52//86 73//86 4//86
f 73//87 76//87 74//87
f 74//88 76//88 80//88
f 78//89 52//89 50//89
f 52//90 78//90 77//90
f 73//91 52//91 76//91
f 52//92 77//92 76//92
f 79//93 76//93 77//93
f 78//94 79//94 77//94
f 74//95 80//95 81//95
f 81//96 80//96 76//96
f 81//97 76//97 79//97
f 125//98 81//98 79//98
f 125//99 79//99 82//99
f 82//100 79//100 83//100
f 82//101 83//101 84//101
f 79//102 78//102 83//102
f 51//103 408//103 50//103
f 85//104 41//104 45//104
f 86//105 47//105 46//105
f 45//106 47//106 85//106
f 49//107 85//107 87//107
f 85//108 47//108 88//108
f 88//109 47//109 89//109
f 47//110 86//110 89//110
f 87//111 85//111 88//111
f 64//112 91//112 69//112
f 92//113 94//113 91//113
f 91//114 94//114 93//114
f 91//115 93//115 69//115
f 93//116 95//116 69//116
f 67//117 95//117 96//117
f 65//118 96//118 97//118
f 65//119 97//119 62//119
f 96//120 98//120 97//120
f 98//121 96//121 101//121
f 99//122 98//122 101//122
f 101//123 100//123 99//123
f 98//124 102//124 97//124
f 102//125 98//125 99//125
f 93//126 100//126 101//126
f 93//127 94//127 100//127
f 106//128 100//128 94//128
f 104//129 103//129 94//129
f 92//130 104//130 94//130
f 92//131 7//131 104//131
f 103//132 104//132 123//132
f 94//133 103//133 106//133
f 106//134 103//134 105//134
f 100//135 106//135 99//135
f 99//136 106//136 102//136
f 108//137 106//137 105//137
f 102//138 106//138 109//138
f 102//139 109//139 107//139
f 102//140 107//140 97//140
f 97//141 110//141 62//141
f 58//142 61//142 111//142
f 62//143 110//143 61//143
f 110//144 97//144 107//144
f 109//145 113//145 107//145
f 106//146 108//146 109//146
f 107//147 113//147 110//147
f 114//148 110//148 113//148
f 114//149 115//149 110//149
f 149//150 114//150 113//150
f 103//151 116//151 105//151
f 105//152 118//152 108//152
f 118//153 105//153 117//153
f 121//154 117//154 105//154
f 105//155 116//155 121//155
f 118//156 117//156 119//156
f 119//157 117//157 121//157
f 116//158 120//158 121//158
f 122//159 120//159 116//159
f 123//160 116//160 103//160
f 104//161 7//161 123//161
f 123//162 7//162 71//162
f 123//163 283//163 124//163
f 283//164 123//164 71//164
f 71//165 72//165 75//165
f 81//166 75//166 74//166
f 81//167 125//167 126//167
f 125//168 127//168 126//168
f 81//169 126//169 128//169
f 81//170 128//170 75//170
f 127//171 181//171 126//171
f 126//172 181//172 129//172
f 129//173 128//173 126//173
f 283//174 130//174 131//174
f 130//175 132//175 131//175
f 133//176 116//176 123//176
f 116//177 133//177 122//177
f 133//178 124//178 131//178
f 134//179 133//179 131//179
f 132//180 130//180 135//180
f 131//181 132//181 136//181
f 131//182 136//182 134//182
f 179//183 134//183 136//183
f 134//184 138//184 137//184
f 138//185 134//185 179//185
f 138//186 164//186 137//186
f 133//187 134//187 122//187
f 122//188 134//188 137//188
f 122//189 137//189 139//189
f 122//190 139//190 120//190
f 119//191 121//191 139//191
f 119//192 139//192 163//192
f 140//193 143//193 119//193
f 119//194 143//194 118//194
f 141//195 108//195 118//195
f 141//196 142//196 108//196
f 143//197 141//197 118//197
f 144//198 143//198 140//198
f 144//199 145//199 143//199
f 143//200 146//200 141//200
f 141//201 146//201 142//201
f 142//202 146//202 147//202
f 108//203 148//203 109//203
f 113//204 109//204 148//204
f 142//205 148//205 108//205
f 142//206 149//206 148//206
f 150//207 149//207 142//207
f 149//208 113//208 148//208
f 149//209 297//209 114//209
f 115//210 114//210 297//210
f 157//211 297//211 149//211
f 151//212 157//212 149//212
f 150//213 151//213 149//213
f 150//214 142//214 147//214
f 152//215 147//215 146//215
f 146//216 143//216 145//216
f 152//217 146//217 145//217
f 154//218 153//218 145//218
f 144//219 154//219 145//219
f 153//220 155//220 152//220
f 153//221 152//221 145//221
f 155//222 151//222 152//222
f 147//223 152//223 150//223
f 152//224 151//224 150//224
f 297//225 157//225 156//225
f 158//226 156//226 372//226
f 157//227 372//227 156//227
f 372//228 157//228 151//228
f 372//229 151//229 155//229
f 155//230 153//230 354//230
f 154//231 159//231 153//231
f 153//232 159//232 354//232
f 160//233 159//233 154//233
f 160//234 154//234 170//234
f 140//235 161//235 144//235
f 119//236 162//236 140//236
f 119//237 165//237 162//237
f 165//238 119//238 163//238
f 121//239 120//239 139//239
f 139//240 137//240 163//240
f 137//241 164//241 163//241
f 164//242 166//242 163//242
f 165//243 163//243 166//243
f 164//244 138//244 176//244
f 164//245 176//245 167//245
f 164//246 167//246 168//246
f 164//247 168//247 166//247
f 165//248 175//248 162//248
f 140//249 162//249 161//249
f 169//250 170//250 144//250
f 144//251 170//251 154//251
f 159//252 160//252 351//252
f 144//253 161//253 169//253
f 162//254 171//254 161//254
f 175//255 165//255 166//255
f 171//256 162//256 175//256
f 161//257 171//257 172//257
f 161//258 172//258 169//258
f 173//259 169//259 172//259
f 173//260 172//260 174//260
f 167//261 178//261 177//261
f 178//262 167//262 176//262
f 179//263 176//263 138//263
f 196//264 179//264 136//264
f 135//265 136//265 132//265
f 180//266 135//266 181//266
f 129//267 135//267 130//267
f 135//268 129//268 181//268
f 182//269 181//269 127//269
f 186//270 181//270 182//270
f 186//271 183//271 181//271
f 182//272 127//272 125//272
f 125//273 184//273 182//273
f 185//274 186//274 182//274
f 182//275 184//275 185//275
f 184//276 187//276 185//276
f 184//277 125//277 82//277
f 84//101 184//101 82//101
f 187//278 184//278 84//278
f 84//279 188//279 187//279
f 187//280 188//280 189//280
f 190//281 187//281 189//281
f 189//282 188//282 583//282
f 191//283 190//283 189//283
f 191//284 192//284 194//284
f 191//285 194//285 190//285
f 187//286 217//286 185//286
f 183//287 213//287 181//287
f 180//288 181//288 213//288
f 136//289 195//289 196//289
f 195//290 136//290 135//290
f 195//291 135//291 180//291
f 196//292 195//292 197//292
f 197//293 195//293 180//293
f 180//294 210//294 197//294
f 176//295 179//295 198//295
f 179//296 196//296 198//296
f 198//297 178//297 176//297
f 178//298 201//298 177//298
f 177//299 199//299 167//299
f 168//300 167//300 199//300
f 201//301 199//301 177//301
f 202//302 199//302 201//302
f 199//303 202//303 203//303
f 363//304 203//304 204//304
f 204//305 203//305 202//305
f 204//306 205//306 363//306
f 201//307 206//307 202//307
f 178//308 200//308 207//308
f 178//309 207//309 201//309
f 178//310 198//310 196//310
f 178//311 196//311 200//311
f 196//312 197//312 200//312
f 206//313 201//313 208//313
f 208//314 201//314 207//314
f 197//315 209//315 200//315
f 209//316 207//316 200//316
f 210//317 211//317 209//317
f 212//318 210//318 180//318
f 212//319 180//319 213//319
f 210//320 212//320 211//320
f 207//321 209//321 233//321
f 213//322 183//322 214//322
f 213//323 214//323 212//323
f 214//324 216//324 215//324
f 183//325 186//325 217//325
f 183//326 216//326 214//326
f 216//327 183//327 217//327
f 216//328 217//328 218//328
f 220//329 218//329 217//329
f 185//330 217//330 186//330
f 219//331 216//331 218//331
f 224//332 219//332 218//332
f 224//333 218//333 220//333
f 216//334 219//334 215//334
f 221//335 222//335 224//335
f 223//336 222//336 221//336
f 225//337 224//337 222//337
f 224//338 225//338 219//338
f 219//339 227//339 215//339
f 222//340 238//340 226//340
f 222//341 226//341 225//341
f 225//342 227//342 219//342
f 226//343 237//343 225//343
f 225//344 228//344 227//344
f 211//345 212//345 214//345
f 211//346 214//346 215//346
f 211//347 215//347 229//347
f 230//348 211//348 231//348
f 231//349 211//349 229//349
f 229//350 215//350 227//350
f 228//351 229//351 227//351
f 228//352 232//352 229//352
f 230//353 243//353 233//353
f 234//354 233//354 243//354
f 243//355 231//355 229//355
f 235//356 243//356 229//356
f 228//357 225//357 237//357
f 228//358 237//358 232//358
f 222//359 223//359 238//359
f 226//360 239//360 240//360
f 226//361 240//361 237//361
f 239//362 226//362 238//362
f 470//363 240//363 239//363
f 473//364 240//364 470//364
f 240//365 232//365 237//365
f 241//366 232//366 240//366
f 240//367 259//367 241//367
f 241//368 242//368 232//368
f 232//369 242//369 229//369
f 242//370 235//370 229//370
f 235//371 236//371 243//371
f 243//372 230//372 231//372
f 230//373 209//373 211//373
f 233//374 209//374 230//374
f 207//375 233//375 208//375
f 233//376 234//376 208//376
f 244//377 236//377 245//377
f 246//378 236//378 235//378
f 246//379 245//379 236//379
f 244//380 245//380 249//380
f 248//381 247//381 244//381
f 248//382 244//382 249//382
f 249//383 245//383 250//383
f 252//384 250//384 245//384
f 250//385 252//385 251//385
f 249//386 250//386 255//386
f 255//387 250//387 256//387
f 256//388 250//388 254//388
f 257//389 461//389 254//389
f 462//390 461//390 257//390
f 251//391 257//391 254//391
f 254//392 250//392 251//392
f 258//393 257//393 260//393
f 258//394 260//394 241//394
f 258//395 241//395 259//395
f 241//396 260//396 242//396
f 235//397 242//397 253//397
f 235//398 253//398 246//398
f 246//399 253//399 252//399
f 246//400 252//400 245//400
f 111//401 261//401 262//401
f 262//402 58//402 111//402
f 263//403 58//403 262//403
f 58//404 263//404 16//404
f 20//405 16//405 263//405
f 261//406 111//406 285//406
f 285//407 273//407 261//407
f 262//408 261//408 263//408
f 263//409 261//409 264//409
f 264//410 261//410 265//410
f 268//411 261//411 273//411
f 261//412 268//412 265//412
f 264//413 265//413 266//413
f 264//414 22//414 263//414
f 266//415 265//415 279//415
f 267//416 279//416 265//416
f 268//417 269//417 267//417
f 268//418 267//418 265//418
f 270//419 267//419 269//419
f 270//420 271//420 267//420
f 269//421 272//421 270//421
f 274//422 268//422 273//422
f 268//423 274//423 269//423
f 272//424 269//424 274//424
f 272//425 274//425 375//425
f 272//426 375//426 275//426
f 275//427 276//427 272//427
f 276//428 271//428 272//428
f 272//429 271//429 270//429
f 276//430 278//430 277//430
f 278//431 276//431 275//431
f 281//432 266//432 279//432
f 266//433 281//433 282//433
f 266//434 282//434 19//434
f 22//435 266//435 19//435
f 266//436 22//436 264//436
f 20//437 263//437 22//437
f 95//438 93//438 101//438
f 95//439 101//439 96//439
f 67//440 96//440 65//440
f 128//441 71//441 75//441
f 124//442 283//442 131//442
f 124//443 133//443 123//443
f 283//444 71//444 128//444
f 128//445 129//445 130//445
f 128//446 130//446 283//446
f 112//447 61//447 110//447
f 61//448 112//448 284//448
f 112//449 110//449 115//449
f 284//450 111//450 61//450
f 285//451 111//451 284//451
f 284//452 286//452 285//452
f 273//453 285//453 286//453
f 112//454 115//454 287//454
f 112//455 287//455 284//455
f 284//456 287//456 288//456
f 115//457 296//457 287//457
f 288//458 287//458 296//458
f 289//459 290//459 288//459
f 288//460 286//460 284//460
f 286//461 288//461 290//461
f 289//462 288//462 292//462
f 289//463 292//463 291//463
f 291//464 293//464 289//464
f 294//465 293//465 291//465
f 291//466 292//466 295//466
f 292//467 288//467 296//467
f 296//468 156//468 292//468
f 115//469 297//469 296//469
f 158//470 298//470 156//470
f 296//471 297//471 156//471
f 156//472 295//472 292//472
f 156//473 298//473 295//473
f 295//474 298//474 291//474
f 300//475 291//475 307//475
f 307//476 291//476 298//476
f 298//477 299//477 307//477
f 300//478 301//478 291//478
f 301//479 294//479 291//479
f 303//480 294//480 301//480
f 307//481 304//481 300//481
f 300//482 304//482 327//482
f 300//483 305//483 301//483
f 294//484 303//484 302//484
f 301//485 305//485 303//485
f 306//486 303//486 305//486
f 306//487 305//487 332//487
f 325//488 304//488 307//488
f 325//489 307//489 312//489
f 299//490 312//490 307//490
f 308//491 325//491 312//491
f 308//492 312//492 309//492
f 309//493 312//493 310//493
f 310//494 311//494 309//494
f 312//495 313//495 310//495
f 313//496 314//496 310//496
f 313//497 315//497 314//497
f 314//498 315//498 316//498
f 314//499 316//499 311//499
f 314//500 311//500 310//500
f 317//501 311//501 316//501
f 317//502 318//502 311//502
f 311//503 318//503 309//503
f 319//504 318//504 317//504
f 319//505 320//505 318//505
f 318//506 321//506 322//506
f 318//507 322//507 309//507
f 322//508 308//508 309//508
f 322//509 323//509 308//509
f 342//510 321//510 318//510
f 342//511 318//511 320//511
f 321//512 342//512 324//512
f 329//513 325//513 308//513
f 322//514 321//514 326//514
f 322//515 326//515 323//515
f 329//516 308//516 323//516
f 325//517 329//517 328//517
f 325//518 328//518 304//518
f 327//519 304//519 328//519
f 329//520 330//520 328//520
f 326//521 329//521 323//521
f 329//522 326//522 335//522
f 329//523 335//523 330//523
f 300//524 327//524 305//524
f 331//525 327//525 328//525
f 328//526 330//526 331//526
f 331//527 305//527 327//527
f 332//528 305//528 334//528
f 332//529 334//529 333//529
f 334//530 305//530 331//530
f 336//531 335//531 326//531
f 336//532 337//532 335//532
f 335//533 1446//533 330//533
f 331//534 330//534 338//534
f 338//535 1446//535 339//535
f 1446//536 335//536 339//536
f 339//537 335//537 337//537
f 339//538 576//538 338//538
f 340//539 336//539 326//539
f 340//540 341//540 336//540
f 341//541 340//541 324//541
f 326//542 321//542 340//542
f 538//543 319//543 343//543
f 343//544 319//544 317//544
f 343//545 317//545 316//545
f 343//546 316//546 344//546
f 345//547 344//547 316//547
f 344//548 345//548 348//548
f 486//549 346//549 344//549
f 345//550 316//550 315//550
f 348//551 347//551 486//551
f 344//552 348//552 486//552
f 349//553 352//553 347//553
f 349//554 347//554 350//554
f 351//555 349//555 350//555
f 354//556 351//556 350//556
f 353//557 354//557 350//557
f 353//558 399//558 372//558
f 354//559 159//559 351//559
f 355//560 170//560 169//560
f 160//561 170//561 355//561
f 160//562 356//562 351//562
f 358//563 169//563 357//563
f 169//564 358//564 355//564
f 355//565 359//565 160//565
f 356//566 160//566 365//566
f 356//567 360//567 367//567
f 358//568 359//568 355//568
f 173//569 357//569 169//569
f 362//570 171//570 175//570
f 363//571 166//571 168//571
f 175//572 166//572 361//572
f 362//573 175//573 361//573
f 171//574 174//574 172//574
f 362//575 174//575 171//575
f 166//576 363//576 361//576
f 361//577 364//577 362//577
f 362//578 364//578 174//578
f 174//579 364//579 450//579
f 358//580 366//580 359//580
f 160//581 359//581 365//581
f 360//582 356//582 365//582
f 359//583 416//583 365//583
f 416//584 359//584 366//584
f 357//585 368//585 366//585
f 368//586 357//586 173//586
f 369//587 173//587 174//587
f 370//588 364//588 425//588
f 203//589 363//589 168//589
f 203//590 168//590 199//590
f 353//591 155//591 354//591
f 353//592 372//592 155//592
f 158//593 315//593 298//593
f 315//594 313//594 299//594
f 315//595 299//595 298//595
f 312//596 299//596 313//596
f 290//597 289//597 373//597
f 289//598 293//598 373//598
f 293//599 294//599 374//599
f 373//600 293//600 374//600
f 376//601 375//601 302//601
f 302//602 375//602 374//602
f 302//603 374//603 294//603
f 302//604 303//604 567//604
f 567//605 303//605 306//605
f 564//606 306//606 377//606
f 306//607 564//607 567//607
f 302//608 567//608 376//608
f 373//609 374//609 274//609
f 274//610 374//610 375//610
f 566//611 550//611 375//611
f 566//612 375//612 376//612
f 277//613 378//613 276//613
f 275//614 550//614 379//614
f 379//615 278//615 275//615
f 379//616 381//616 380//616
f 381//617 547//617 380//617
f 380//618 277//618 379//618
f 380//619 382//619 277//619
f 378//620 277//620 383//620
f 277//621 384//621 383//621
f 267//622 271//622 386//622
f 279//623 267//623 386//623
f 280//624 279//624 386//624
f 276//625 386//625 271//625
f 279//626 280//626 281//626
f 281//627 280//627 388//627
f 388//628 280//628 385//628
f 387//629 386//629 276//629
f 281//630 389//630 282//630
f 389//631 281//631 388//631
f 389//632 388//632 390//632
f 389//633 390//633 397//633
f 391//634 390//634 385//634
f 385//635 390//635 388//635
f 385//636 280//636 386//636
f 385//637 386//637 387//637
f 391//638 385//638 387//638
f 391//639 387//639 545//639
f 391//640 392//640 390//640
f 390//641 393//641 397//641
f 397//642 393//642 394//642
f 392//643 393//643 390//643
f 392//644 391//644 539//644
f 539//645 391//645 395//645
f 539//646 395//646 396//646
f 396//647 395//647 543//647
f 396//648 540//648 539//648
f 393//649 57//649 394//649
f 394//650 398//650 397//650
f 57//651 34//651 394//651
f 34//652 35//652 398//652
f 34//653 398//653 394//653
f 37//654 19//654 282//654
f 282//655 398//655 38//655
f 397//656 398//656 282//656
f 389//657 397//657 282//657
f 158//658 372//658 345//658
f 158//659 345//659 315//659
f 345//660 399//660 348//660
f 399//661 345//661 372//661
f 399//662 353//662 350//662
f 347//663 348//663 399//663
f 347//664 399//664 350//664
f 89//665 86//665 400//665
f 88//666 89//666 400//666
f 86//667 406//667 400//667
f 51//668 49//668 87//668
f 51//669 87//669 401//669
f 51//670 401//670 402//670
f 51//671 402//671 408//671
f 50//672 408//672 78//672
f 83//673 78//673 403//673
f 404//674 403//674 78//674
f 404//675 78//675 408//675
f 404//676 83//676 403//676
f 83//677 404//677 84//677
f 402//678 401//678 400//678
f 87//679 88//679 401//679
f 401//680 88//680 400//680
f 400//681 405//681 402//681
f 402//682 405//682 407//682
f 405//683 400//683 412//683
f 412//684 400//684 406//684
f 407//685 408//685 402//685
f 408//686 407//686 409//686
f 409//687 410//687 408//687
f 404//688 408//688 410//688
f 411//689 407//689 405//689
f 410//690 84//690 404//690
f 84//691 410//691 409//691
f 406//692 413//692 412//692
f 55//693 53//693 56//693
f 54//694 56//694 31//694
f 414//695 54//695 32//695
f 32//696 27//696 414//696
f 414//697 27//697 33//697
f 414//698 33//698 57//698
f 414//699 57//699 393//699
f 54//700 393//700 392//700
f 414//701 393//701 54//701
f 38//702 37//702 282//702
f 398//703 35//703 38//703
f 351//704 356//704 367//704
f 367//705 415//705 349//705
f 367//706 349//706 351//706
f 349//707 415//707 352//707
f 417//708 415//708 367//708
f 417//709 367//709 360//709
f 365//710 416//710 422//710
f 365//711 422//711 360//711
f 360//712 491//712 417//712
f 352//713 415//713 481//713
f 481//714 415//714 417//714
f 360//715 422//715 418//715
f 420//716 491//716 418//716
f 422//717 419//717 418//717
f 368//718 173//718 369//718
f 174//719 450//719 369//719
f 450//720 364//720 370//720
f 425//721 423//721 370//721
f 423//722 445//722 448//722
f 423//723 425//723 424//723
f 424//724 425//724 371//724
f 205//725 361//725 363//725
f 205//726 204//726 426//726
f 204//727 202//727 427//727
f 204//728 427//728 426//728
f 361//729 205//729 364//729
f 364//730 205//730 425//730
f 371//731 205//731 426//731
f 425//732 205//732 371//732
f 428//733 208//733 234//733
f 429//734 234//734 243//734
f 208//735 428//735 206//735
f 428//736 234//736 430//736
f 247//737 430//737 234//737
f 247//738 234//738 429//738
f 429//739 244//739 247//739
f 247//740 432//740 430//740
f 426//741 424//741 371//741
f 424//742 426//742 431//742
f 434//743 202//743 206//743
f 247//744 248//744 432//744
f 428//745 433//745 206//745
f 427//746 202//746 434//746
f 427//747 434//747 426//747
f 426//748 434//748 431//748
f 424//749 431//749 435//749
f 434//750 206//750 433//750
f 430//751 432//751 428//751
f 436//752 434//752 433//752
f 437//753 428//753 432//753
f 428//754 437//754 433//754
f 438//755 437//755 432//755
f 437//756 439//756 440//756
f 437//757 440//757 433//757
f 433//758 440//758 436//758
f 431//759 441//759 435//759
f 441//760 431//760 434//760
f 440//761 442//761 436//761
f 436//762 441//762 434//762
f 435//763 444//763 424//763
f 444//764 435//764 443//764
f 443//765 435//765 441//765
f 460//766 443//766 441//766
f 460//767 441//767 436//767
f 460//768 436//768 442//768
f 442//769 1184//769 460//769
f 424//770 444//770 423//770
f 423//771 444//771 445//771
f 443//772 460//772 444//772
f 445//773 444//773 446//773
f 423//774 448//774 370//774
f 370//775 448//775 450//775
f 458//776 448//776 445//776
f 450//777 448//777 449//777
f 451//778 450//778 449//778
f 449//779 448//779 458//779
f 450//780 451//780 369//780
f 452//781 368//781 369//781
f 369//782 453//782 452//782
f 453//783 454//783 452//783
f 366//784 452//784 454//784
f 453//785 456//785 454//785
f 453//786 369//786 451//786
f 453//787 451//787 457//787
f 449//788 457//788 451//788
f 449//789 458//789 1026//789
f 449//790 1026//790 457//790
f 1181//791 458//791 445//791
f 1181//792 445//792 446//792
f 447//793 446//793 444//793
f 460//794 447//794 444//794
f 447//795 459//795 446//795
f 446//796 459//796 1181//796
f 442//797 440//797 439//797
f 439//798 437//798 438//798
f 254//799 461//799 256//799
f 462//800 257//800 258//800
f 463//801 259//801 240//801
f 463//802 240//802 473//802
f 466//803 258//803 259//803
f 466//804 462//804 258//804
f 259//805 463//805 466//805
f 466//806 463//806 465//806
f 463//807 464//807 465//807
f 465//808 467//808 466//808
f 466//809 467//809 468//809
f 466//810 468//810 462//810
f 461//811 462//811 468//811
f 468//812 467//812 469//812
f 465//813 469//813 467//813
f 463//814 473//814 472//814
f 463//815 472//815 464//815
f 464//816 472//816 471//816
f 465//817 464//817 471//817
f 473//818 470//818 474//818
f 470//819 239//819 475//819
f 470//820 475//820 474//820
f 476//821 477//821 239//821
f 475//822 239//822 477//822
f 476//823 239//823 238//823
f 476//824 478//824 1448//824
f 478//825 476//825 238//825
f 238//826 223//826 478//826
f 221//827 224//827 479//827
f 224//828 220//828 479//828
f 220//829 190//829 479//829
f 190//830 220//830 217//830
f 352//831 481//831 482//831
f 482//832 481//832 480//832
f 482//833 483//833 352//833
f 484//834 482//834 480//834
f 484//835 480//835 490//835
f 484//836 485//836 482//836
f 485//837 483//837 482//837
f 487//838 486//838 483//838
f 483//839 485//839 487//839
f 487//840 485//840 488//840
f 485//841 484//841 489//841
f 485//842 489//842 488//842
f 488//843 489//843 681//843
f 490//844 489//844 484//844
f 481//845 491//845 480//845
f 480//846 491//846 490//846
f 421//847 490//847 491//847
f 421//848 492//848 490//848
f 490//849 494//849 489//849
f 493//850 489//850 494//850
f 495//851 492//851 421//851
f 490//852 492//852 494//852
f 495//853 497//853 492//853
f 497//854 498//854 492//854
f 496//855 497//855 495//855
f 499//856 496//856 495//856
f 420//857 495//857 421//857
f 420//858 418//858 499//858
f 420//859 499//859 495//859
f 496//860 499//860 500//860
f 501//861 500//861 499//861
f 418//862 419//862 499//862
f 499//863 419//863 501//863
f 501//864 502//864 500//864
f 501//865 506//865 502//865
f 503//866 500//866 502//866
f 506//867 501//867 504//867
f 419//868 504//868 501//868
f 506//869 536//869 505//869
f 506//870 507//870 502//870
f 507//871 523//871 502//871
f 507//872 520//872 523//872
f 523//873 503//873 502//873
f 496//874 500//874 508//874
f 509//875 492//875 498//875
f 516//876 497//876 496//876
f 497//877 516//877 515//877
f 497//878 515//878 498//878
f 510//879 498//879 515//879
f 498//880 510//880 509//880
f 509//881 510//881 511//881
f 510//882 512//882 587//882
f 510//883 513//883 512//883
f 513//884 510//884 515//884
f 513//885 515//885 514//885
f 612//886 513//886 514//886
f 515//887 516//887 593//887
f 503//888 517//888 500//888
f 500//889 517//889 518//889
f 519//890 523//890 520//890
f 521//891 527//891 522//891
f 521//892 523//892 519//892
f 503//893 523//893 524//893
f 523//894 521//894 522//894
f 522//895 524//895 523//895
f 524//896 522//896 529//896
f 521//897 519//897 525//897
f 521//898 525//898 527//898
f 527//899 525//899 526//899
f 526//900 528//900 527//900
f 527//901 528//901 522//901
f 524//902 531//902 598//902
f 529//903 530//903 524//903
f 531//904 524//904 530//904
f 532//905 522//905 528//905
f 529//906 522//906 532//906
f 534//907 528//907 526//907
f 534//908 526//908 525//908
f 535//909 534//909 525//909
f 525//910 519//910 1311//910
f 506//911 505//911 507//911
f 537//912 505//912 536//912
f 504//913 749//913 506//913
f 454//914 416//914 366//914
f 366//915 368//915 452//915
f 486//916 352//916 483//916
f 486//917 347//917 352//917
f 346//918 486//918 487//918
f 687//919 346//919 487//919
f 346//920 687//920 688//920
f 344//921 538//921 343//921
f 290//922 373//922 274//922
f 290//923 274//923 273//923
f 290//924 273//924 286//924
f 491//925 481//925 417//925
f 54//926 539//926 56//926
f 539//927 54//927 392//927
f 55//928 56//928 539//928
f 541//929 540//929 396//929
f 396//930 543//930 541//930
f 395//931 391//931 545//931
f 378//932 387//932 276//932
f 387//933 378//933 545//933
f 545//934 378//934 383//934
f 382//935 380//935 547//935
f 548//936 547//936 381//936
f 549//937 381//937 379//937
f 550//938 275//938 375//938
f 550//939 568//939 549//939
f 550//940 549//940 379//940
f 548//941 381//941 551//941
f 551//942 381//942 549//942
f 551//943 556//943 548//943
f 547//944 548//944 552//944
f 547//945 552//945 382//945
f 277//946 382//946 384//946
f 384//947 382//947 1358//947
f 384//948 1358//948 383//948
f 382//949 1731//949 1358//949
f 382//950 552//950 1731//950
f 548//951 556//951 1479//951
f 554//952 1479//952 556//952
f 555//953 557//953 551//953
f 551//954 557//954 556//954
f 554//955 556//955 558//955
f 558//956 556//956 557//956
f 555//957 559//957 557//957
f 549//958 569//958 551//958
f 555//959 551//959 562//959
f 562//960 560//960 555//960
f 559//961 555//961 560//961
f 551//962 569//962 562//962
f 559//963 560//963 561//963
f 563//964 560//964 564//964
f 564//965 560//965 562//965
f 565//966 564//966 562//966
f 565//967 566//967 564//967
f 567//968 564//968 566//968
f 376//969 567//969 566//969
f 565//970 568//970 566//970
f 562//971 569//971 568//971
f 565//972 562//972 568//972
f 568//973 550//973 566//973
f 306//974 332//974 377//974
f 572//975 333//975 334//975
f 571//976 334//976 331//976
f 571//977 572//977 334//977
f 333//978 570//978 332//978
f 333//979 574//979 570//979
f 572//980 574//980 333//980
f 575//981 574//981 572//981
f 576//982 575//982 572//982
f 577//983 575//983 576//983
f 578//984 575//984 1423//984
f 577//985 579//985 1423//985
f 577//986 1423//986 575//986
f 579//987 577//987 1484//987
f 339//988 1111//988 580//988
f 1111//989 339//989 337//989
f 337//990 336//990 1110//990
f 581//991 1110//991 336//991
f 581//992 336//992 341//992
f 324//993 340//993 321//993
f 491//994 420//994 421//994
f 360//995 418//995 491//995
f 358//996 357//996 366//996
f 84//997 409//997 188//997
f 409//998 583//998 188//998
f 583//999 409//999 407//999
f 411//1000 582//1000 407//1000
f 405//1001 1207//1001 411//1001
f 411//1002 584//1002 582//1002
f 583//1003 407//1003 582//1003
f 1207//1004 584//1004 411//1004
f 1207//1005 405//1005 412//1005
f 1207//1006 412//1006 413//1006
f 585//1007 493//1007 494//1007
f 585//1008 494//1008 492//1008
f 493//1009 585//1009 586//1009
f 511//1010 586//1010 585//1010
f 509//1011 585//1011 492//1011
f 585//1012 509//1012 511//1012
f 586//1013 587//1013 605//1013
f 587//1014 586//1014 511//1014
f 511//1015 510//1015 587//1015
f 588//1016 587//1016 512//1016
f 587//1017 588//1017 606//1017
f 587//1018 606//1018 607//1018
f 590//1019 606//1019 588//1019
f 623//1020 588//1020 512//1020
f 623//1021 512//1021 589//1021
f 612//1022 514//1022 591//1022
f 514//1023 515//1023 592//1023
f 516//1024 496//1024 597//1024
f 597//1025 496//1025 508//1025
f 516//1026 595//1026 593//1026
f 593//1027 595//1027 594//1027
f 516//1028 597//1028 595//1028
f 596//1029 595//1029 597//1029
f 595//1030 641//1030 594//1030
f 515//1031 593//1031 592//1031
f 508//1032 500//1032 518//1032
f 503//1033 524//1033 598//1033
f 599//1034 530//1034 529//1034
f 599//1035 529//1035 600//1035
f 530//1036 599//1036 531//1036
f 601//1037 598//1037 531//1037
f 601//1038 602//1038 598//1038
f 602//1039 645//1039 642//1039
f 603//1040 602//1040 642//1040
f 602//1041 603//1041 518//1041
f 598//1042 517//1042 503//1042
f 603//1043 597//1043 508//1043
f 508//1044 518//1044 603//1044
f 518//1045 517//1045 602//1045
f 598//1046 602//1046 517//1046
f 604//1047 493//1047 586//1047
f 493//1048 604//1048 489//1048
f 605//1049 604//1049 586//1049
f 604//1050 681//1050 489//1050
f 686//1051 681//1051 604//1051
f 682//1052 604//1052 605//1052
f 587//1053 607//1053 605//1053
f 608//1054 605//1054 607//1054
f 608//1055 682//1055 605//1055
f 608//1056 607//1056 609//1056
f 609//1057 607//1057 610//1057
f 610//1058 607//1058 611//1058
f 607//1059 606//1059 611//1059
f 590//1060 588//1060 623//1060
f 512//1061 513//1061 612//1061
f 512//1062 612//1062 620//1062
f 512//1063 620//1063 589//1063
f 591//1064 514//1064 613//1064
f 591//1065 614//1065 612//1065
f 591//1066 613//1066 614//1066
f 514//1067 592//1067 613//1067
f 613//1068 592//1068 638//1068
f 614//1069 613//1069 615//1069
f 613//1070 638//1070 636//1070
f 616//1071 615//1071 613//1071
f 616//1072 613//1072 636//1072
f 615//1073 616//1073 617//1073
f 618//1074 619//1074 614//1074
f 618//1075 614//1075 629//1075
f 619//1076 612//1076 614//1076
f 619//1077 620//1077 612//1077
f 589//1078 620//1078 619//1078
f 619//1079 622//1079 589//1079
f 622//1080 621//1080 589//1080
f 589//1081 621//1081 624//1081
f 618//1082 622//1082 619//1082
f 626//1083 618//1083 629//1083
f 618//1084 626//1084 622//1084
f 617//1085 614//1085 615//1085
f 616//1086 636//1086 627//1086
f 617//1087 629//1087 614//1087
f 627//1088 617//1088 616//1088
f 627//1089 632//1089 617//1089
f 617//1090 628//1090 629//1090
f 630//1091 632//1091 627//1091
f 632//1092 630//1092 631//1092
f 617//1093 632//1093 628//1093
f 953//1094 628//1094 632//1094
f 631//1095 633//1095 634//1095
f 635//1096 631//1096 630//1096
f 636//1097 630//1097 627//1097
f 636//1098 635//1098 630//1098
f 635//1099 636//1099 637//1099
f 638//1100 637//1100 636//1100
f 639//1101 637//1101 638//1101
f 638//1102 592//1102 640//1102
f 639//1103 638//1103 640//1103
f 641//1104 639//1104 640//1104
f 640//1105 592//1105 593//1105
f 596//1106 597//1106 603//1106
f 644//1107 596//1107 642//1107
f 596//1108 603//1108 642//1108
f 642//1109 645//1109 644//1109
f 645//1110 643//1110 644//1110
f 650//1111 595//1111 596//1111
f 641//1112 595//1112 650//1112
f 644//1113 650//1113 596//1113
f 602//1114 601//1114 646//1114
f 602//1115 646//1115 645//1115
f 645//1116 646//1116 647//1116
f 645//1117 648//1117 643//1117
f 646//1118 654//1118 647//1118
f 645//1119 647//1119 648//1119
f 648//1120 649//1120 643//1120
f 644//1121 643//1121 679//1121
f 680//1122 641//1122 650//1122
f 679//1123 650//1123 644//1123
f 679//1124 643//1124 649//1124
f 677//1125 679//1125 649//1125
f 647//1126 653//1126 648//1126
f 651//1127 648//1127 653//1127
f 653//1128 647//1128 652//1128
f 654//1129 652//1129 647//1129
f 599//1130 601//1130 531//1130
f 654//1131 646//1131 601//1131
f 654//1132 601//1132 599//1132
f 599//1133 655//1133 654//1133
f 651//1134 653//1134 660//1134
f 653//1135 652//1135 657//1135
f 657//1136 652//1136 654//1136
f 657//1137 654//1137 656//1137
f 655//1138 656//1138 654//1138
f 658//1139 599//1139 600//1139
f 658//1140 655//1140 599//1140
f 656//1141 655//1141 671//1141
f 675//1142 657//1142 656//1142
f 660//1143 657//1143 661//1143
f 659//1144 657//1144 675//1144
f 675//1145 656//1145 671//1145
f 662//1146 671//1146 655//1146
f 662//1147 655//1147 658//1147
f 662//1148 658//1148 663//1148
f 663//1149 664//1149 662//1149
f 707//1150 663//1150 658//1150
f 534//1151 533//1151 528//1151
f 528//1152 665//1152 532//1152
f 529//1153 532//1153 600//1153
f 528//1154 533//1154 665//1154
f 666//1155 665//1155 533//1155
f 600//1156 532//1156 665//1156
f 534//1157 535//1157 1317//1157
f 534//1158 1317//1158 667//1158
f 534//1159 667//1159 668//1159
f 667//1160 1315//1160 668//1160
f 534//1161 668//1161 533//1161
f 913//1162 666//1162 669//1162
f 670//1163 600//1163 665//1163
f 600//1164 707//1164 658//1164
f 662//1165 664//1165 704//1165
f 662//1166 704//1166 671//1166
f 664//1167 705//1167 704//1167
f 659//1168 661//1168 657//1168
f 660//1169 653//1169 657//1169
f 651//1170 660//1170 672//1170
f 672//1171 660//1171 673//1171
f 674//1172 673//1172 660//1172
f 674//1173 660//1173 661//1173
f 717//1174 659//1174 675//1174
f 651//1175 672//1175 648//1175
f 648//1176 672//1176 649//1176
f 649//1177 672//1177 676//1177
f 649//1178 676//1178 677//1178
f 677//1179 676//1179 678//1179
f 678//1180 680//1180 677//1180
f 703//1181 680//1181 678//1181
f 678//1182 746//1182 703//1182
f 680//1183 703//1183 639//1183
f 639//1184 641//1184 680//1184
f 677//1185 680//1185 679//1185
f 594//1186 640//1186 593//1186
f 640//1187 594//1187 641//1187
f 346//1188 538//1188 344//1188
f 346//1189 688//1189 538//1189
f 487//1190 488//1190 687//1190
f 604//1191 682//1191 686//1191
f 608//1192 683//1192 682//1192
f 683//1193 608//1193 609//1193
f 682//1194 692//1194 686//1194
f 684//1195 681//1195 686//1195
f 684//1196 686//1196 685//1196
f 681//1197 684//1197 488//1197
f 684//1198 685//1198 687//1198
f 684//1199 687//1199 488//1199
f 687//1200 689//1200 688//1200
f 319//1201 538//1201 688//1201
f 689//1202 687//1202 685//1202
f 685//1203 690//1203 689//1203
f 685//1204 686//1204 692//1204
f 690//1205 685//1205 692//1205
f 690//1206 692//1206 882//1206
f 882//1207 692//1207 691//1207
f 682//1208 683//1208 691//1208
f 691//1209 692//1209 682//1209
f 683//1210 693//1210 691//1210
f 683//1211 609//1211 694//1211
f 694//1212 609//1212 695//1212
f 695//1213 609//1213 610//1213
f 695//1214 610//1214 611//1214
f 695//1215 611//1215 1029//1215
f 695//1216 696//1216 694//1216
f 694//1217 693//1217 683//1217
f 693//1218 694//1218 698//1218
f 698//1219 697//1219 693//1219
f 606//1220 699//1220 611//1220
f 606//1221 590//1221 699//1221
f 624//1222 625//1222 623//1222
f 624//1223 623//1223 589//1223
f 623//1224 625//1224 700//1224
f 629//1225 701//1225 702//1225
f 743//1226 637//1226 639//1226
f 743//1227 639//1227 703//1227
f 721//1228 676//1228 672//1228
f 674//1229 661//1229 718//1229
f 714//1230 717//1230 675//1230
f 714//1231 675//1231 704//1231
f 675//1232 671//1232 704//1232
f 707//1233 664//1233 663//1233
f 664//1234 707//1234 708//1234
f 707//1235 600//1235 670//1235
f 670//1236 706//1236 707//1236
f 665//1237 666//1237 911//1237
f 665//1238 911//1238 670//1238
f 670//1239 911//1239 706//1239
f 706//1240 911//1240 900//1240
f 708//1241 707//1241 706//1241
f 664//1242 708//1242 705//1242
f 705//1243 708//1243 709//1243
f 708//1244 706//1244 900//1244
f 709//1245 708//1245 710//1245
f 710//1246 708//1246 711//1246
f 712//1247 704//1247 709//1247
f 709//1248 710//1248 712//1248
f 712//1249 713//1249 704//1249
f 709//1250 704//1250 705//1250
f 714//1251 704//1251 713//1251
f 714//1252 713//1252 717//1252
f 716//1253 713//1253 712//1253
f 716//1254 712//1254 715//1254
f 717//1255 713//1255 768//1255
f 659//1256 718//1256 661//1256
f 721//1257 672//1257 720//1257
f 719//1258 659//1258 717//1258
f 659//1259 719//1259 718//1259
f 726//1260 718//1260 719//1260
f 673//1261 720//1261 672//1261
f 722//1262 720//1262 673//1262
f 674//1263 718//1263 723//1263
f 674//1264 723//1264 673//1264
f 673//1265 723//1265 722//1265
f 723//1266 718//1266 726//1266
f 723//1267 725//1267 722//1267
f 727//1268 726//1268 719//1268
f 720//1269 722//1269 728//1269
f 729//1270 725//1270 723//1270
f 727//1271 734//1271 726//1271
f 726//1272 734//1272 723//1272
f 723//1273 734//1273 729//1273
f 722//1274 730//1274 728//1274
f 727//1275 731//1275 734//1275
f 731//1276 727//1276 733//1276
f 727//1277 719//1277 733//1277
f 731//1278 733//1278 732//1278
f 732//1279 735//1279 731//1279
f 731//1280 735//1280 734//1280
f 730//1281 722//1281 799//1281
f 799//1282 722//1282 725//1282
f 734//1283 736//1283 729//1283
f 720//1284 724//1284 721//1284
f 724//1285 720//1285 728//1285
f 724//1286 737//1286 738//1286
f 737//1287 724//1287 728//1287
f 739//1288 738//1288 737//1288
f 745//1289 738//1289 739//1289
f 744//1290 739//1290 740//1290
f 734//1291 735//1291 763//1291
f 734//1292 741//1292 736//1292
f 751//1293 729//1293 736//1293
f 751//1294 750//1294 799//1294
f 751//1295 799//1295 725//1295
f 751//1296 725//1296 729//1296
f 728//1297 730//1297 737//1297
f 742//1298 740//1298 739//1298
f 800//1299 739//1299 737//1299
f 800//1300 801//1300 739//1300
f 739//1301 801//1301 742//1301
f 743//1302 744//1302 740//1302
f 744//1303 745//1303 739//1303
f 738//1304 745//1304 724//1304
f 724//1305 745//1305 721//1305
f 721//1306 745//1306 746//1306
f 746//1307 678//1307 721//1307
f 721//1308 678//1308 676//1308
f 637//1309 743//1309 635//1309
f 746//1310 745//1310 744//1310
f 746//1311 744//1311 743//1311
f 746//1312 743//1312 703//1312
f 416//1313 454//1313 456//1313
f 749//1314 419//1314 422//1314
f 419//1315 749//1315 504//1315
f 749//1316 422//1316 456//1316
f 749//1317 456//1317 455//1317
f 457//1318 455//1318 453//1318
f 453//1319 455//1319 456//1319
f 752//1320 751//1320 736//1320
f 741//1321 753//1321 736//1321
f 754//1322 755//1322 750//1322
f 803//1323 754//1323 804//1323
f 804//1324 754//1324 756//1324
f 804//1325 756//1325 757//1325
f 1219//1326 804//1326 757//1326
f 754//1327 750//1327 759//1327
f 759//1328 750//1328 751//1328
f 754//1329 758//1329 756//1329
f 759//1330 758//1330 754//1330
f 759//1333 751//1333 752//1333
f 763//1338 741//1338 734//1338
f 762//1339 735//1339 732//1339
f 763//1340 764//1340 741//1340
f 735//1342 762//1342 767//1342
f 769//1343 732//1343 733//1343
f 768//1344 733//1344 719//1344
f 732//1345 769//1345 762//1345
f 762//1346 769//1346 868//1346
f 735//1348 766//1348 763//1348
f 799//1405 750//1405 755//1405
f 755//1406 803//1406 800//1406
f 800//1407 730//1407 755//1407
f 755//1408 730//1408 799//1408
f 730//1409 800//1409 737//1409
f 956//1410 740//1410 742//1410
f 1218//1411 742//1411 801//1411
f 755//1412 754//1412 803//1412
f 803//1413 802//1413 800//1413
f 800//1414 802//1414 801//1414
f 803//1415 804//1415 805//1415
f 803//1416 805//1416 802//1416
f 806//1419 756//1419 758//1419
f 757//1420 756//1420 806//1420
f 767//1516 762//1516 867//1516
f 867//1517 762//1517 868//1517
f 869//1518 769//1518 733//1518
f 733//1519 768//1519 869//1519
f 768//1520 1333//1520 869//1520
f 769//1521 869//1521 868//1521
f 868//1522 872//1522 867//1522
f 867//1523 872//1523 870//1523
f 871//1526 872//1526 875//1526
f 1333//1527 872//1527 868//1527
f 868//1528 869//1528 1333//1528
f 873//1529 872//1529 1333//1529
f 719//1530 717//1530 768//1530
f 713//1531 716//1531 873//1531
f 874//1532 716//1532 715//1532
f 873//1533 716//1533 872//1533
f 871//1534 875//1534 876//1534
f 422//1540 416//1540 456//1540
f 319//1541 688//1541 320//1541
f 689//1542 881//1542 688//1542
f 879//1543 320//1543 688//1543
f 320//1544 879//1544 342//1544
f 324//1545 342//1545 880//1545
f 883//1546 881//1546 690//1546
f 688//1547 881//1547 879//1547
f 881//1548 689//1548 690//1548
f 691//1549 693//1549 882//1549
f 882//1550 697//1550 883//1550
f 884//1551 694//1551 696//1551
f 884//1552 696//1552 885//1552
f 694//1553 884//1553 698//1553
f 883//1554 697//1554 886//1554
f 1048//1555 697//1555 698//1555
f 697//1556 1048//1556 887//1556
f 697//1557 887//1557 886//1557
f 882//1558 693//1558 697//1558
f 197//1560 210//1560 209//1560
f 650//1561 679//1561 680//1561
f 716//1590 875//1590 872//1590
f 898//1591 876//1591 875//1591
f 904//1592 876//1592 898//1592
f 904//1597 897//1597 876//1597
f 874//1598 875//1598 716//1598
f 900//1599 711//1599 708//1599
f 901//1600 715//1600 712//1600
f 901//1601 712//1601 710//1601
f 903//1602 874//1602 715//1602
f 902//1603 715//1603 901//1603
f 903//1604 715//1604 902//1604
f 874//1605 898//1605 875//1605
f 874//1606 903//1606 898//1606
f 898//1607 903//1607 904//1607
f 897//1617 904//1617 908//1617
f 910//1618 904//1618 916//1618
f 912//1619 900//1619 911//1619
f 919//1620 912//1620 911//1620
f 913//1621 911//1621 666//1621
f 911//1622 913//1622 919//1622
f 912//1623 711//1623 900//1623
f 711//1624 901//1624 710//1624
f 912//1625 914//1625 711//1625
f 915//1626 901//1626 711//1626
f 901//1627 915//1627 902//1627
f 904//1628 903//1628 1161//1628
f 904//1629 1161//1629 916//1629
f 915//1631 1162//1631 902//1631
f 914//1632 915//1632 711//1632
f 915//1633 914//1633 1167//1633
f 918//1634 914//1634 912//1634
f 918//1635 912//1635 919//1635
f 918//1636 920//1636 914//1636
f 918//1637 919//1637 934//1637
f 934//1638 920//1638 918//1638
f 920//1639 1164//1639 914//1639
f 913//1640 669//1640 924//1640
f 666//1641 668//1641 669//1641
f 533//1642 668//1642 666//1642
f 668//1643 923//1643 669//1643
f 922//1644 925//1644 923//1644
f 922//1645 923//1645 668//1645
f 925//1646 924//1646 923//1646
f 924//1647 669//1647 923//1647
f 924//1648 925//1648 926//1648
f 933//1649 924//1649 926//1649
f 928//1650 929//1650 926//1650
f 929//1651 927//1651 926//1651
f 926//1652 927//1652 933//1652
f 933//1653 927//1653 931//1653
f 931//1654 927//1654 932//1654
f 924//1655 933//1655 913//1655
f 933//1656 919//1656 913//1656
f 919//1657 933//1657 934//1657
f 934//1658 933//1658 935//1658
f 920//1659 934//1659 935//1659
f 931//1660 935//1660 933//1660
f 936//1661 932//1661 927//1661
f 936//1662 927//1662 930//1662
f 929//1663 930//1663 927//1663
f 936//1664 930//1664 937//1664
f 937//1665 930//1665 939//1665
f 930//1666 929//1666 938//1666
f 939//1667 930//1667 938//1667
f 938//1668 940//1668 939//1668
f 1040//1669 941//1669 942//1669
f 1040//1670 942//1670 938//1670
f 940//1671 938//1671 942//1671
f 940//1672 944//1672 943//1672
f 1628//1673 943//1673 944//1673
f 944//1674 940//1674 942//1674
f 1037//1675 944//1675 942//1675
f 1037//1676 945//1676 944//1676
f 1037//1677 946//1677 945//1677
f 946//1678 947//1678 945//1678
f 947//1679 952//1679 945//1679
f 950//1680 945//1680 949//1680
f 949//1681 945//1681 952//1681
f 948//1682 947//1682 946//1682
f 947//1683 948//1683 951//1683
f 947//1684 951//1684 634//1684
f 947//1685 634//1685 952//1685
f 951//1686 953//1686 632//1686
f 634//1687 632//1687 631//1687
f 632//1688 634//1688 951//1688
f 952//1689 634//1689 633//1689
f 954//1690 952//1690 633//1690
f 633//1691 1245//1691 954//1691
f 633//1692 955//1692 1245//1692
f 633//1693 631//1693 956//1693
f 955//1694 633//1694 956//1694
f 956//1695 631//1695 635//1695
f 743//1696 740//1696 956//1696
f 635//1697 743//1697 956//1697
f 1218//1698 801//1698 802//1698
f 802//1699 957//1699 1218//1699
f 802//1700 805//1700 1239//1700
f 802//1701 1239//1701 957//1701
f 957//1702 1239//1702 1240//1702
f 958//1703 805//1703 804//1703
f 807//1705 959//1705 960//1705
f 807//1706 960//1706 1220//1706
f 749//1825 455//1825 1180//1825
f 1026//1826 455//1826 457//1826
f 455//1827 1026//1827 1180//1827
f 1027//1828 1180//1828 1026//1828
f 700//1829 590//1829 623//1829
f 1028//1830 700//1830 625//1830
f 700//1831 1028//1831 590//1831
f 699//1832 1029//1832 611//1832
f 1030//1833 696//1833 1029//1833
f 1029//1834 696//1834 695//1834
f 1030//1835 1029//1835 699//1835
f 696//1836 1030//1836 885//1836
f 1030//1837 1031//1837 885//1837
f 1028//1838 1030//1838 699//1838
f 1028//1839 699//1839 590//1839
f 1028//1840 625//1840 624//1840
f 621//1841 622//1841 626//1841
f 621//1842 626//1842 1032//1842
f 624//1843 621//1843 1032//1843
f 702//1844 626//1844 629//1844
f 1033//1845 702//1845 701//1845
f 1033//1846 701//1846 1035//1846
f 1035//1847 701//1847 1034//1847
f 701//1848 629//1848 1034//1848
f 1034//1849 629//1849 628//1849
f 953//1850 1034//1850 628//1850
f 953//1851 951//1851 948//1851
f 948//1852 946//1852 1034//1852
f 1035//1853 1034//1853 946//1853
f 946//1854 1037//1854 1036//1854
f 946//1855 1036//1855 1035//1855
f 1036//1856 1037//1856 941//1856
f 1037//1857 942//1857 941//1857
f 1036//1858 1041//1858 1035//1858
f 1038//1859 1035//1859 1041//1859
f 1038//1860 1033//1860 1035//1860
f 1042//1861 702//1861 1033//1861
f 1042//1862 1033//1862 1038//1862
f 1041//1863 1039//1863 1038//1863
f 1040//1864 1036//1864 941//1864
f 1040//1865 1041//1865 1036//1865
f 1038//1866 1043//1866 1042//1866
f 1043//1867 1038//1867 1044//1867
f 1032//1868 626//1868 1045//1868
f 702//1869 1042//1869 1045//1869
f 1043//1870 1045//1870 1042//1870
f 626//1871 702//1871 1045//1871
f 1045//1872 1043//1872 1032//1872
f 1043//1873 1046//1873 1032//1873
f 1032//1874 1046//1874 1051//1874
f 1032//1875 1051//1875 624//1875
f 624//1876 1051//1876 1028//1876
f 1030//1877 1028//1877 1031//1877
f 1028//1878 1051//1878 1031//1878
f 1031//1879 1051//1879 1049//1879
f 1031//1880 1049//1880 1047//1880
f 698//1881 884//1881 1048//1881
f 885//1882 1031//1882 1047//1882
f 884//1883 1047//1883 1048//1883
f 1047//1884 884//1884 885//1884
f 1052//1885 1047//1885 1049//1885
f 1049//1886 1051//1886 1050//1886
f 1052//1887 1049//1887 1050//1887
f 1053//1888 1052//1888 1050//1888
f 1070//1889 1046//1889 1069//1889
f 1043//1890 1069//1890 1046//1890
f 1039//1891 1044//1891 1038//1891
f 1057//1892 1041//1892 1054//1892
f 1041//1893 1057//1893 1039//1893
f 1054//1894 1040//1894 938//1894
f 938//1895 1055//1895 1054//1895
f 1041//1896 1040//1896 1054//1896
f 929//1897 1055//1897 938//1897
f 929//1898 1056//1898 1055//1898
f 1055//1899 1057//1899 1054//1899
f 1057//1900 1055//1900 1060//1900
f 1055//1901 1058//1901 1060//1901
f 1059//1902 1060//1902 1058//1902
f 1058//1903 1055//1903 1056//1903
f 1056//1904 928//1904 1058//1904
f 928//1905 1056//1905 929//1905
f 1058//1906 1061//1906 1059//1906
f 1068//1907 1060//1907 1062//1907
f 1060//1908 1059//1908 1066//1908
f 1062//1909 1060//1909 1063//1909
f 1063//1910 1060//1910 1066//1910
f 1061//1911 1058//1911 928//1911
f 1064//1912 1061//1912 928//1912
f 1061//1913 1065//1913 1059//1913
f 1066//1914 1059//1914 1065//1914
f 1063//1915 1066//1915 1067//1915
f 1066//1916 1065//1916 1802//1916
f 1066//1917 1802//1917 1067//1917
f 1057//1918 1060//1918 1068//1918
f 1039//1919 1057//1919 1044//1919
f 1069//1920 1043//1920 1044//1920
f 1069//1921 1044//1921 1062//1921
f 1070//1922 1051//1922 1046//1922
f 1050//1923 1051//1923 1070//1923
f 1050//1924 1072//1924 1053//1924
f 1071//1925 1053//1925 1072//1925
f 1072//1926 1050//1926 1070//1926
f 1070//1927 1073//1927 1072//1927
f 1062//1928 1070//1928 1069//1928
f 1070//1929 1062//1929 1073//1929
f 1057//1930 1068//1930 1044//1930
f 1068//1931 1062//1931 1044//1931
f 690//1933 882//1933 883//1933
f 881//1934 883//1934 1075//1934
f 883//1935 1074//1935 1075//1935
f 881//1936 1075//1936 879//1936
f 342//1937 879//1937 880//1937
f 879//1938 1075//1938 880//1938
f 1075//1939 1074//1939 880//1939
f 883//1940 886//1940 1074//1940
f 887//1941 1048//1941 1076//1941
f 1048//1942 1047//1942 1076//1942
f 886//1943 887//1943 1074//1943
f 1074//1944 887//1944 1077//1944
f 1047//1945 1083//1945 1076//1945
f 1076//1946 1078//1946 887//1946
f 1077//1947 887//1947 1078//1947
f 880//1948 1074//1948 1080//1948
f 880//1949 341//1949 324//1949
f 1080//1950 1079//1950 341//1950
f 880//1951 1080//1951 341//1951
f 1077//1952 1080//1952 1074//1952
f 1077//1953 1081//1953 1080//1953
f 1080//1954 1081//1954 1079//1954
f 341//1955 1079//1955 581//1955
f 1082//1956 1081//1956 1077//1956
f 1077//1957 1078//1957 1082//1957
f 1079//1958 1081//1958 1108//1958
f 1082//1959 1078//1959 1076//1959
f 1083//1960 1082//1960 1076//1960
f 1084//1961 1047//1961 1052//1961
f 1052//1962 1053//1962 1084//1962
f 1047//1963 1084//1963 1083//1963
f 1084//1964 1085//1964 1083//1964
f 1083//1965 1085//1965 1086//1965
f 1083//1966 1086//1966 1082//1966
f 1084//1967 1053//1967 1087//1967
f 1084//1968 1087//1968 1085//1968
f 1089//1969 1085//1969 1087//1969
f 1090//1970 1087//1970 1053//1970
f 1053//1971 1071//1971 1098//1971
f 1053//1972 1098//1972 1090//1972
f 1090//1973 1094//1973 1087//1973
f 1089//1974 1087//1974 1094//1974
f 1089//1975 1091//1975 1092//1975
f 1085//1976 1089//1976 1092//1976
f 1085//1977 1092//1977 1086//1977
f 1086//1978 1092//1978 1088//1978
f 1090//1979 1098//1979 1097//1979
f 1094//1980 1090//1980 1097//1980
f 1095//1981 1094//1981 1097//1981
f 1095//1982 1097//1982 1096//1982
f 1067//1983 1097//1983 1098//1983
f 1097//1984 1067//1984 1096//1984
f 1095//1985 1096//1985 1099//1985
f 1099//1986 1094//1986 1095//1986
f 1100//1987 1094//1987 1099//1987
f 1100//1988 1099//1988 1101//1988
f 1094//1989 1100//1989 1089//1989
f 1089//1990 1100//1990 1091//1990
f 1106//1991 1092//1991 1091//1991
f 1091//1992 1100//1992 1492//1992
f 1091//1993 1102//1993 1106//1993
f 1102//1994 1103//1994 1106//1994
f 1103//1995 1104//1995 1106//1995
f 1106//1996 1093//1996 1092//1996
f 1092//1997 1093//1997 1088//1997
f 1088//1998 1093//1998 1105//1998
f 1105//1999 1107//1999 1088//1999
f 1107//2000 1108//2000 1088//2000
f 1088//2001 1108//2001 1086//2001
f 337//2002 1105//2002 1111//2002
f 1111//2003 1105//2003 1093//2003
f 1111//2004 1093//2004 1106//2004
f 1104//2005 1111//2005 1106//2005
f 1105//2006 337//2006 1110//2006
f 1105//2007 1110//2007 1109//2007
f 1109//2008 1107//2008 1105//2008
f 1109//2009 1108//2009 1107//2009
f 1082//2010 1086//2010 1081//2010
f 1081//2011 1086//2011 1108//2011
f 581//2012 1108//2012 1109//2012
f 1108//2013 581//2013 1079//2013
f 1748//2096 1159//2096 1158//2096
f 1162//2097 1160//2097 1161//2097
f 916//2098 1160//2098 1126//2098
f 1160//2099 916//2099 1161//2099
f 1161//2100 903//2100 902//2100
f 1161//2101 902//2101 1162//2101
f 1162//2102 1163//2102 1160//2102
f 1163//2103 1162//2103 1167//2103
f 1162//2104 915//2104 1167//2104
f 914//2105 1164//2105 1167//2105
f 1165//2106 1164//2106 920//2106
f 921//2107 1165//2107 920//2107
f 935//2108 921//2108 920//2108
f 1166//2109 935//2109 931//2109
f 921//2110 935//2110 1166//2110
f 1166//2111 1176//2111 921//2111
f 1165//2112 921//2112 1176//2112
f 1164//2113 1169//2113 1167//2113
f 1164//2114 1165//2114 1169//2114
f 1176//2115 1169//2115 1165//2115
f 1170//2116 1169//2116 1168//2116
f 1168//2117 1169//2117 1176//2117
f 1168//2118 1176//2118 1178//2118
f 931//2119 932//2119 1171//2119
f 931//2120 1171//2120 1166//2120
f 1166//2121 1171//2121 1174//2121
f 1173//2122 1171//2122 1172//2122
f 1174//2123 1171//2123 1175//2123
f 1175//2124 1171//2124 1173//2124
f 1175//2125 1176//2125 1174//2125
f 1177//2126 1176//2126 1179//2126
f 1179//2127 1176//2127 1175//2127
f 1177//2128 1178//2128 1176//2128
f 1172//2129 1171//2129 932//2129
f 1172//2130 932//2130 936//2130
f 1172//2131 936//2131 937//2131
f 749//2132 536//2132 506//2132
f 1180//2133 536//2133 749//2133
f 1027//2134 1182//2134 1180//2134
f 536//2135 1308//2135 537//2135
f 1308//2136 536//2136 1180//2136
f 1180//2137 1182//2137 1308//2137
f 1181//2138 1027//2138 458//2138
f 458//2139 1027//2139 1026//2139
f 1182//2140 1027//2140 1181//2140
f 1181//2141 459//2141 1183//2141
f 459//2142 1401//2142 1183//2142
f 1401//2143 459//2143 447//2143
f 1184//2144 447//2144 460//2144
f 447//2145 1184//2145 1185//2145
f 447//2146 1185//2146 1401//2146
f 1185//2147 1184//2147 1186//2147
f 1187//2148 1186//2148 1184//2148
f 442//2149 1188//2149 1184//2149
f 439//2150 1188//2150 442//2150
f 438//2151 1190//2151 1188//2151
f 438//2152 1188//2152 439//2152
f 1189//2153 1188//2153 1190//2153
f 1188//2154 1189//2154 1187//2154
f 1188//2155 1187//2155 1184//2155
f 1191//2156 1190//2156 438//2156
f 1192//2157 432//2157 248//2157
f 1192//2158 249//2158 255//2158
f 1373//2159 255//2159 256//2159
f 249//2160 1192//2160 248//2160
f 1191//2161 438//2161 432//2161
f 1191//2162 432//2162 1192//2162
f 1192//2163 255//2163 1373//2163
f 1192//2164 1373//2164 1191//2164
f 256//2165 1193//2165 1373//2165
f 256//2166 461//2166 1194//2166
f 256//2167 1194//2167 1193//2167
f 468//2168 1195//2168 461//2168
f 461//2169 1195//2169 1194//2169
f 468//2170 469//2170 1196//2170
f 1196//2171 469//2171 1372//2171
f 1195//2172 1197//2172 1194//2172
f 1197//2173 1195//2173 1198//2173
f 468//2174 1196//2174 1198//2174
f 1196//2175 1199//2175 1198//2175
f 468//2176 1198//2176 1195//2176
f 1196//2177 1371//2177 1199//2177
f 469//2178 465//2178 471//2178
f 472//2179 473//2179 474//2179
f 1200//2180 475//2180 477//2180
f 190//2181 194//2181 479//2181
f 194//2182 1202//2182 479//2182
f 194//2183 192//2183 193//2183
f 1203//2184 192//2184 191//2184
f 1209//2185 1203//2185 191//2185
f 1209//2186 191//2186 189//2186
f 1209//2187 189//2187 582//2187
f 582//2188 189//2188 583//2188
f 1207//2189 1210//2189 584//2189
f 1208//2190 584//2190 1210//2190
f 584//2191 1208//2191 582//2191
f 582//2192 1208//2192 1209//2192
f 1207//2193 1206//2193 1210//2193
f 1206//2194 1207//2194 413//2194
f 1206//2195 413//2195 90//2195
f 1209//2196 1208//2196 1203//2196
f 1208//2197 1210//2197 1212//2197
f 1210//2198 1213//2198 1212//2198
f 1213//2199 1210//2199 1206//2199
f 1213//2200 1206//2200 90//2200
f 90//2201 1214//2201 1213//2201
f 1208//2202 1211//2202 1203//2202
f 1204//2203 1203//2203 1211//2203
f 1204//2204 1211//2204 1215//2204
f 1215//2205 1211//2205 1216//2205
f 1217//2206 1212//2206 1213//2206
f 1213//2207 1451//2207 1217//2207
f 1217//2208 1211//2208 1212//2208
f 1217//2209 1216//2209 1211//2209
f 954//2210 1242//2210 952//2210
f 955//2211 957//2211 1245//2211
f 1218//2212 955//2212 956//2212
f 742//2213 1218//2213 956//2213
f 1220//2214 1219//2214 757//2214
f 1219//2215 1220//2215 1221//2215
f 1222//2216 1220//2216 960//2216
f 1220//2217 1222//2217 1221//2217
f 1221//2218 958//2218 804//2218
f 1221//2219 804//2219 1219//2219
f 1223//2220 1221//2220 1222//2220
f 1222//2221 960//2221 1224//2221
f 1238//2222 1222//2222 1224//2222
f 1227//2223 960//2223 1225//2223
f 960//2224 1227//2224 1224//2224
f 1226//2225 1225//2225 959//2225
f 959//2226 1225//2226 960//2226
f 1229//2227 1225//2227 1226//2227
f 1229//2230 1227//2230 1225//2230
f 1230//2232 1251//2232 1229//2232
f 1231//2233 1232//2233 1229//2233
f 1229//2234 1232//2234 1227//2234
f 1224//2235 1227//2235 1232//2235
f 1232//2236 1233//2236 1235//2236
f 1232//2237 1235//2237 1224//2237
f 1234//2238 1233//2238 1232//2238
f 1237//2239 1224//2239 1235//2239
f 1233//2240 1236//2240 1235//2240
f 1224//2241 1237//2241 1238//2241
f 1236//2242 1241//2242 1240//2242
f 1236//2243 1240//2243 1239//2243
f 1236//2244 1239//2244 1235//2244
f 1233//2245 1243//2245 1241//2245
f 1233//2246 1241//2246 1236//2246
f 1240//2247 1241//2247 1242//2247
f 1245//2248 957//2248 1240//2248
f 1245//2249 1240//2249 1242//2249
f 1242//2250 1241//2250 1244//2250
f 1242//2251 954//2251 1245//2251
f 1244//2252 1241//2252 1243//2252
f 1242//2253 1244//2253 949//2253
f 952//2254 1242//2254 949//2254
f 1234//2255 1246//2255 1233//2255
f 1243//2256 1233//2256 1246//2256
f 1243//2257 1247//2257 950//2257
f 1243//2258 950//2258 1244//2258
f 950//2259 949//2259 1244//2259
f 1250//2260 1247//2260 1243//2260
f 1243//2261 1246//2261 1250//2261
f 1247//2262 1248//2262 950//2262
f 950//2263 1248//2263 945//2263
f 945//2264 1248//2264 944//2264
f 1247//2265 1249//2265 1248//2265
f 1250//2266 1249//2266 1247//2266
f 1231//2267 1229//2267 1251//2267
f 520//2381 507//2381 505//2381
f 520//2382 505//2382 537//2382
f 519//2383 520//2383 537//2383
f 1309//2384 1308//2384 1310//2384
f 1310//2385 1308//2385 1182//2385
f 1308//2386 1311//2386 537//2386
f 537//2387 1311//2387 519//2387
f 1311//2388 1308//2388 1309//2388
f 1311//2389 1312//2389 525//2389
f 525//2390 1312//2390 535//2390
f 1312//2391 1311//2391 1309//2391
f 1314//2392 1312//2392 1309//2392
f 1313//2393 535//2393 1312//2393
f 667//2394 1316//2394 1315//2394
f 925//2395 1318//2395 926//2395
f 1318//2396 1064//2396 926//2396
f 1064//2397 928//2397 926//2397
f 1319//2398 1318//2398 925//2398
f 1319//2399 925//2399 922//2399
f 922//2400 668//2400 1315//2400
f 667//2401 1317//2401 1316//2401
f 1319//2402 922//2402 1315//2402
f 1315//2403 1316//2403 1320//2403
f 1321//2404 1315//2404 1322//2404
f 1322//2405 1315//2405 1320//2405
f 1319//2406 1315//2406 1321//2406
f 1323//2407 1322//2407 1320//2407
f 1328//2408 1323//2408 1320//2408
f 1314//2409 1309//2409 1405//2409
f 1309//2410 1310//2410 1405//2410
f 1313//2411 1312//2411 1314//2411
f 1405//2412 1406//2412 1314//2412
f 1324//2413 1314//2413 1406//2413
f 1325//2414 1314//2414 1324//2414
f 1327//2415 1324//2415 1673//2415
f 1324//2416 1327//2416 1326//2416
f 1324//2417 1326//2417 1325//2417
f 1327//2418 1328//2418 1326//2418
f 1314//2419 1325//2419 1313//2419
f 1326//2420 1329//2420 1325//2420
f 535//2421 1313//2421 1329//2421
f 1313//2422 1325//2422 1329//2422
f 535//2423 1329//2423 1317//2423
f 1317//2424 1329//2424 1326//2424
f 1317//2425 1326//2425 1316//2425
f 1320//2426 1316//2426 1326//2426
f 1326//2427 1328//2427 1320//2427
f 1322//2428 1323//2428 1330//2428
f 1330//2429 1695//2429 1331//2429
f 1321//2430 1318//2430 1319//2430
f 1318//2431 1321//2431 1332//2431
f 1332//2432 1064//2432 1318//2432
f 1332//2433 1061//2433 1064//2433
f 1061//2434 1332//2434 1065//2434
f 1065//2435 1332//2435 1802//2435
f 1322//2436 1331//2436 1321//2436
f 1072//2437 1067//2437 1694//2437
f 1073//2438 1062//2438 1063//2438
f 1333//2439 768//2439 713//2439
f 1333//2440 713//2440 873//2440
f 1218//2441 957//2441 955//2441
f 236//2442 244//2442 429//2442
f 236//2443 429//2443 243//2443
f 1239//2444 805//2444 958//2444
f 1239//2445 958//2445 1221//2445
f 1223//2446 1239//2446 1221//2446
f 1238//2447 1223//2447 1222//2447
f 1238//2448 1237//2448 1223//2448
f 1237//2449 1235//2449 1239//2449
f 1237//2450 1239//2450 1223//2450
f 948//2451 1034//2451 953//2451
f 187//2452 190//2452 217//2452
f 278//2461 379//2461 277//2461
f 1208//2493 1212//2493 1211//2493
f 545//2494 1356//2494 395//2494
f 1356//2495 543//2495 395//2495
f 543//2496 1357//2496 544//2496
f 1357//2497 543//2497 1359//2497
f 1359//2498 543//2498 1356//2498
f 1356//2499 545//2499 546//2499
f 546//2500 545//2500 383//2500
f 546//2501 383//2501 1358//2501
f 1358//2502 1359//2502 546//2502
f 554//2503 1360//2503 1479//2503
f 1479//2504 1360//2504 1361//2504
f 557//2505 559//2505 1439//2505
f 557//2506 1439//2506 558//2506
f 1439//2507 1362//2507 558//2507
f 1362//2508 1363//2508 1364//2508
f 1364//2509 558//2509 1362//2509
f 554//2510 558//2510 1364//2510
f 1366//2511 1364//2511 1363//2511
f 1367//2512 1364//2512 1366//2512
f 1367//2513 1368//2513 1480//2513
f 1367//2514 1369//2514 1368//2514
f 1370//2515 1368//2515 1369//2515
f 1369//2516 1367//2516 1365//2516
f 1367//2517 1366//2517 1365//2517
f 1370//2518 1369//2518 1371//2518
f 1369//2519 1365//2519 1371//2519
f 1372//2520 1370//2520 1371//2520
f 1366//2521 1199//2521 1365//2521
f 1199//2522 1371//2522 1365//2522
f 1373//2523 1193//2523 1374//2523
f 1375//2524 1374//2524 1193//2524
f 1749//2525 1376//2525 1193//2525
f 1377//2526 1378//2526 1376//2526
f 1376//2527 1375//2527 1193//2527
f 1375//2528 1495//2528 1379//2528
f 1375//2529 1379//2529 1374//2529
f 1373//2530 1374//2530 1191//2530
f 1380//2531 1374//2531 1379//2531
f 1374//2532 1380//2532 1191//2532
f 1191//2533 1380//2533 1382//2533
f 1380//2534 1381//2534 1382//2534
f 1382//2535 1190//2535 1191//2535
f 1189//2536 1383//2536 1187//2536
f 1187//2537 1383//2537 1384//2537
f 1187//2538 1384//2538 1186//2538
f 1185//2539 1186//2539 1384//2539
f 1385//2540 1189//2540 1190//2540
f 1385//2541 1190//2541 1382//2541
f 1385//2542 1382//2542 1381//2542
f 1189//2543 1385//2543 1383//2543
f 1183//2544 1310//2544 1182//2544
f 1310//2545 1183//2545 1402//2545
f 1183//2546 1182//2546 1181//2546
f 1183//2547 1401//2547 1403//2547
f 1400//2548 1185//2548 1384//2548
f 1385//2549 1386//2549 1383//2549
f 1383//2550 1386//2550 1384//2550
f 1387//2551 1384//2551 1386//2551
f 1384//2552 1387//2552 1400//2552
f 1390//2553 1385//2553 1381//2553
f 1381//2554 1380//2554 1379//2554
f 1390//2555 1381//2555 1391//2555
f 1391//2556 1381//2556 1379//2556
f 1391//2557 1379//2557 1495//2557
f 1391//2558 1495//2558 1389//2558
f 1390//2559 1392//2559 1385//2559
f 1386//2560 1385//2560 1392//2560
f 1386//2561 1392//2561 1387//2561
f 1387//2562 1392//2562 1393//2562
f 1392//2563 1394//2563 1393//2563
f 1392//2564 1390//2564 1394//2564
f 1394//2565 1390//2565 1391//2565
f 1397//2566 1395//2566 1393//2566
f 1395//2567 1397//2567 1398//2567
f 1395//2568 1398//2568 1396//2568
f 1396//2569 1398//2569 1683//2569
f 1395//2570 1396//2570 1399//2570
f 1683//2571 1699//2571 1430//2571
f 1395//2572 1399//2572 1393//2572
f 1387//2573 1393//2573 1399//2573
f 1387//2574 1399//2574 1388//2574
f 1387//2575 1388//2575 1400//2575
f 1183//2576 1403//2576 1402//2576
f 1404//2577 1402//2577 1403//2577
f 1401//2578 1185//2578 1400//2578
f 1310//2579 1402//2579 1405//2579
f 1404//2580 1405//2580 1402//2580
f 1404//2581 1403//2581 1408//2581
f 1407//2582 1406//2582 1404//2582
f 1401//2583 1408//2583 1403//2583
f 1404//2584 1409//2584 1407//2584
f 1409//2585 1404//2585 1408//2585
f 1408//2586 1401//2586 1400//2586
f 1408//2587 1400//2587 1388//2587
f 1680//2588 1408//2588 1388//2588
f 1673//2589 1406//2589 1407//2589
f 1407//2590 1409//2590 1410//2590
f 1404//2591 1406//2591 1405//2591
f 568//2594 569//2594 549//2594
f 377//2595 332//2595 570//2595
f 570//2596 573//2596 1414//2596
f 1414//2597 377//2597 570//2597
f 1414//2598 564//2598 377//2598
f 563//2599 564//2599 1414//2599
f 1414//2600 1415//2600 563//2600
f 563//2601 1415//2601 560//2601
f 560//2602 1415//2602 561//2602
f 1416//2603 1415//2603 1414//2603
f 1416//2604 1417//2604 1415//2604
f 1436//2605 1415//2605 1417//2605
f 1416//2606 1414//2606 573//2606
f 573//2607 1418//2607 1416//2607
f 1419//2608 1416//2608 1418//2608
f 1416//2609 1419//2609 1417//2609
f 1418//2610 573//2610 574//2610
f 574//2611 573//2611 570//2611
f 574//2612 1421//2612 1418//2612
f 1421//2613 1431//2613 1418//2613
f 1421//2614 574//2614 575//2614
f 1422//2615 1421//2615 575//2615
f 1422//2616 575//2616 578//2616
f 1424//2617 1423//2617 579//2617
f 1425//2618 1423//2618 1424//2618
f 578//2619 1428//2619 1426//2619
f 1422//2620 578//2620 1426//2620
f 1428//2621 578//2621 1427//2621
f 1427//2622 578//2622 1423//2622
f 1429//2623 1428//2623 1686//2623
f 1686//2624 1430//2624 1429//2624
f 1429//2625 1426//2625 1428//2625
f 1431//2626 1421//2626 1422//2626
f 1432//2627 1431//2627 1422//2627
f 1432//2628 1422//2628 1426//2628
f 1431//2629 1433//2629 1418//2629
f 1418//2630 1433//2630 1419//2630
f 1419//2631 1433//2631 1434//2631
f 1434//2632 1435//2632 1420//2632
f 1420//2633 1419//2633 1434//2633
f 1417//2634 1419//2634 1420//2634
f 1417//2635 1437//2635 1436//2635
f 1436//2636 1437//2636 1438//2636
f 1437//2637 1417//2637 1420//2637
f 1439//2638 1436//2638 1438//2638
f 561//2639 1436//2639 1440//2639
f 1440//2640 1436//2640 1439//2640
f 1438//2641 1441//2641 1439//2641
f 1437//2642 1502//2642 1441//2642
f 1437//2643 1441//2643 1438//2643
f 1437//2644 1420//2644 1435//2644
f 1441//2645 1502//2645 1442//2645
f 1443//2646 1442//2646 1502//2646
f 1502//2647 1501//2647 1443//2647
f 1443//2648 1444//2648 1442//2648
f 1441//2649 1362//2649 1439//2649
f 559//2650 1440//2650 1439//2650
f 1446//2651 338//2651 330//2651
f 331//2652 338//2652 571//2652
f 572//2653 338//2653 576//2653
f 572//2654 571//2654 338//2654
f 1447//2655 194//2655 193//2655
f 192//2656 1203//2656 1205//2656
f 1205//2657 1203//2657 1204//2657
f 1205//2658 193//2658 192//2658
f 1447//2659 1202//2659 194//2659
f 1202//2660 223//2660 479//2660
f 479//2661 223//2661 221//2661
f 1448//2662 1202//2662 1449//2662
f 193//2663 1205//2663 1447//2663
f 1450//2664 1447//2664 1205//2664
f 1647//2665 1450//2665 1205//2665
f 1217//2666 1642//2666 1216//2666
f 1217//2712 1451//2712 1642//2712
f 1214//2713 1451//2713 1213//2713
f 1214//2714 1641//2714 1451//2714
f 253//2715 242//2715 260//2715
f 260//2716 252//2716 253//2716
f 252//2717 260//2717 251//2717
f 257//2718 251//2718 260//2718
f 1359//2719 1356//2719 546//2719
f 1358//2720 1475//2720 1359//2720
f 1477//2721 1357//2721 1359//2721
f 1359//2722 1475//2722 1476//2722
f 1476//2723 1599//2723 1359//2723
f 1359//2724 1599//2724 1477//2724
f 1604//2725 1476//2725 1475//2725
f 1358//2726 1731//2726 1475//2726
f 552//2727 548//2727 553//2727
f 553//2728 548//2728 1479//2728
f 1479//2729 1478//2729 553//2729
f 1479//2730 1361//2730 1478//2730
f 1480//2731 1360//2731 1364//2731
f 1364//2732 1360//2732 554//2732
f 1480//2733 1364//2733 1367//2733
f 1480//2734 1361//2734 1360//2734
f 1368//2735 1738//2735 1480//2735
f 1738//2736 1368//2736 1370//2736
f 1738//2737 1370//2737 1481//2737
f 1481//2738 1370//2738 1739//2738
f 1739//2739 1370//2739 1482//2739
f 1482//2740 1370//2740 1372//2740
f 1482//2741 1372//2741 469//2741
f 1482//2742 469//2742 471//2742
f 1372//2743 1371//2743 1196//2743
f 581//2744 1109//2744 1110//2744
f 1104//2745 1486//2745 1111//2745
f 1111//2746 1486//2746 1483//2746
f 1111//2747 1484//2747 580//2747
f 579//2748 1484//2748 1424//2748
f 1484//2749 1111//2749 1483//2749
f 1483//2750 1424//2750 1484//2750
f 1485//2751 1483//2751 1486//2751
f 1485//2752 1424//2752 1483//2752
f 1425//2753 1424//2753 1485//2753
f 1486//2754 1487//2754 1485//2754
f 1486//2755 1104//2755 1103//2755
f 1485//2756 1487//2756 1490//2756
f 1485//2757 1490//2757 1425//2757
f 1423//2758 1425//2758 1427//2758
f 1488//2759 1489//2759 1487//2759
f 1488//2760 1487//2760 1486//2760
f 1103//2761 1488//2761 1486//2761
f 1489//2762 1490//2762 1487//2762
f 1427//2763 1425//2763 1490//2763
f 1103//2764 1102//2764 1488//2764
f 1491//2765 1489//2765 1488//2765
f 1491//2766 1488//2766 1693//2766
f 1102//2767 1091//2767 1492//2767
f 1102//2768 1697//2768 1693//2768
f 1102//2769 1693//2769 1488//2769
f 1491//2770 1490//2770 1489//2770
f 1686//2771 1687//2771 1430//2771
f 1429//2772 1430//2772 1432//2772
f 1432//2773 1430//2773 1699//2773
f 1398//2774 1699//2774 1683//2774
f 1393//2775 1394//2775 1494//2775
f 1391//2776 1494//2776 1394//2776
f 1494//2777 1397//2777 1393//2777
f 1495//2778 1375//2778 1376//2778
f 1377//2779 1376//2779 1749//2779
f 1378//2780 1495//2780 1376//2780
f 1496//2781 1378//2781 1377//2781
f 1391//2782 1389//2782 1494//2782
f 1497//2783 1494//2783 1389//2783
f 1495//2784 1378//2784 1389//2784
f 1497//2785 1389//2785 1378//2785
f 1497//2786 1378//2786 1498//2786
f 1497//2787 1499//2787 1494//2787
f 1494//2788 1499//2788 1397//2788
f 1500//2789 1397//2789 1499//2789
f 1500//2790 1398//2790 1397//2790
f 1499//2791 1497//2791 1498//2791
f 1499//2792 1498//2792 1501//2792
f 1496//2793 1498//2793 1378//2793
f 1501//2794 1500//2794 1499//2794
f 1496//2795 1504//2795 1498//2795
f 1498//2796 1504//2796 1501//2796
f 1443//2797 1501//2797 1504//2797
f 1501//2798 1502//2798 1503//2798
f 1501//2799 1503//2799 1500//2799
f 1443//2800 1505//2800 1444//2800
f 1444//2801 1505//2801 1445//2801
f 1443//2802 1504//2802 1505//2802
f 1445//2803 1363//2803 1444//2803
f 1444//2804 1441//2804 1442//2804
f 1444//2805 1362//2805 1441//2805
f 1362//2806 1444//2806 1363//2806
f 1366//2807 1445//2807 1199//2807
f 1198//2808 1199//2808 1445//2808
f 1445//2809 1197//2809 1198//2809
f 1589//2993 1234//2993 1232//2993
f 1589//2994 1232//2994 1231//2994
f 1234//2996 1589//2996 1246//2996
f 1251//2997 1589//2997 1231//2997
f 1591//2999 1251//2999 1590//2999
f 1251//3006 1596//3006 1589//3006
f 1589//3007 1594//3007 1246//3007
f 1594//3008 1589//3008 1596//3008
f 1595//3009 1594//3009 1596//3009
f 576//3010 339//3010 577//3010
f 580//3011 577//3011 339//3011
f 577//3012 580//3012 1484//3012
f 1250//3013 1246//3013 1594//3013
f 1598//3014 1594//3014 1595//3014
f 1598//3015 1250//3015 1594//3015
f 543//3016 544//3016 541//3016
f 544//3017 1357//3017 1477//3017
f 1477//3018 1599//3018 1600//3018
f 1477//3019 1600//3019 544//3019
f 544//3020 542//3020 541//3020
f 544//3021 1600//3021 542//3021
f 1600//3022 1599//3022 1601//3022
f 1600//3023 1601//3023 542//3023
f 1602//3024 1601//3024 1599//3024
f 1602//3025 1608//3025 1601//3025
f 1602//3026 1599//3026 1604//3026
f 1608//3027 1602//3027 1605//3027
f 1603//3028 1602//3028 1604//3028
f 1602//3029 1603//3029 1614//3029
f 1602//3030 1614//3030 1605//3030
f 1608//3031 1605//3031 1613//3031
f 1613//3032 1605//3032 1606//3032
f 1601//3033 1608//3033 1607//3033
f 1607//3034 747//3034 1601//3034
f 542//3035 1601//3035 747//3035
f 1607//3036 1608//3036 748//3036
f 748//3037 1608//3037 1609//3037
f 1611//3038 1609//3038 1612//3038
f 1610//3039 1609//3039 1608//3039
f 1610//3040 1612//3040 1609//3040
f 1614//3041 1603//3041 1615//3041
f 1616//3042 1615//3042 1603//3042
f 1614//3043 1615//3043 1617//3043
f 1615//3044 1618//3044 1617//3044
f 1617//3045 1619//3045 1614//3045
f 1619//3046 1620//3046 1614//3046
f 1614//3047 1620//3047 1605//3047
f 1621//3048 1620//3048 1619//3048
f 1619//3049 1617//3049 1800//3049
f 1623//3050 1620//3050 1621//3050
f 1622//3051 1801//3051 1621//3051
f 1793//3052 1621//3052 1801//3052
f 1621//3053 1793//3053 1623//3053
f 1620//3054 1606//3054 1605//3054
f 1606//3055 1610//3055 1613//3055
f 1613//3056 1610//3056 1608//3056
f 1612//3057 1610//3057 1606//3057
f 1612//3058 1606//3058 1625//3058
f 1625//3059 1606//3059 1624//3059
f 1625//3060 1624//3060 1626//3060
f 1623//3061 1624//3061 1606//3061
f 1606//3062 1620//3062 1623//3062
f 1624//3063 1623//3063 1626//3063
f 1627//3064 1623//3064 1793//3064
f 1627//3065 1793//3065 1669//3065
f 1626//3066 1623//3066 1627//3066
f 1611//3067 1612//3067 1625//3067
f 1628//3068 944//3068 1248//3068
f 1250//3069 1598//3069 1249//3069
f 1596//3070 1251//3070 1591//3070
f 1629//3071 1596//3071 1591//3071
f 1629//3080 1591//3080 1630//3080
f 1630//3081 1636//3081 1638//3081
f 1637//3082 1638//3082 1636//3082
f 1775//3083 1637//3083 1636//3083
f 1636//3084 1630//3084 1633//3084
f 1179//3087 1637//3087 1775//3087
f 1179//3088 1175//3088 1637//3088
f 1173//3089 1637//3089 1175//3089
f 1638//3090 1629//3090 1630//3090
f 1629//3091 1638//3091 1596//3091
f 1671//3092 1173//3092 1172//3092
f 1672//3093 1671//3093 937//3093
f 937//3094 1671//3094 1172//3094
f 1640//3095 1215//3095 1216//3095
f 1216//3096 1642//3096 1640//3096
f 1642//3097 1451//3097 1641//3097
f 1642//3098 1641//3098 1643//3098
f 1641//3099 1644//3099 1643//3099
f 1640//3100 1643//3100 1215//3100
f 1643//3101 1647//3101 1215//3101
f 1205//3102 1204//3102 1647//3102
f 1447//3103 1450//3103 1645//3103
f 1447//3104 1645//3104 1202//3104
f 1202//3105 1645//3105 1449//3105
f 1448//3106 1449//3106 1646//3106
f 1645//3107 1646//3107 1449//3107
f 1646//3108 476//3108 1448//3108
f 1204//3109 1215//3109 1647//3109
f 1645//3110 1450//3110 1648//3110
f 1645//3111 1648//3111 1646//3111
f 1650//3112 1646//3112 1648//3112
f 1649//3113 1646//3113 1650//3113
f 1640//3114 1642//3114 1643//3114
f 1651//3115 1643//3115 1644//3115
f 1450//3116 1647//3116 1643//3116
f 1653//3117 1643//3117 1651//3117
f 1652//3118 1644//3118 1657//3118
f 1644//3119 1652//3119 1651//3119
f 1450//3120 1643//3120 1648//3120
f 1643//3121 1653//3121 1648//3121
f 1652//3122 1655//3122 1651//3122
f 1651//3123 1656//3123 1653//3123
f 1650//3124 1648//3124 1653//3124
f 1656//3125 1650//3125 1653//3125
f 1656//3126 1651//3126 1655//3126
f 1660//3127 1656//3127 1655//3127
f 1655//3128 1652//3128 1658//3128
f 1652//3129 1657//3129 1654//3129
f 1654//3130 1658//3130 1652//3130
f 1659//3131 1658//3131 1654//3131
f 1659//3132 1669//3132 1658//3132
f 1650//3133 1656//3133 1661//3133
f 476//3134 1646//3134 1662//3134
f 476//3135 1662//3135 477//3135
f 1662//3136 1646//3136 1649//3136
f 1662//3137 1649//3137 1664//3137
f 1662//3138 1664//3138 1663//3138
f 1665//3139 1664//3139 1649//3139
f 1660//3140 1667//3140 1656//3140
f 1667//3141 1661//3141 1656//3141
f 1668//3142 1661//3142 1667//3142
f 1661//3143 1666//3143 1650//3143
f 1658//3144 1660//3144 1655//3144
f 1668//3145 1666//3145 1661//3145
f 1669//3146 1667//3146 1660//3146
f 1669//3147 1660//3147 1658//3147
f 223//3150 1202//3150 1448//3150
f 223//3151 1448//3151 478//3151
f 1248//3152 1249//3152 1628//3152
f 1249//3153 1598//3153 1670//3153
f 1249//3154 1670//3154 1671//3154
f 1670//3155 1173//3155 1671//3155
f 943//3156 1628//3156 1672//3156
f 1628//3157 1249//3157 1672//3157
f 943//3158 939//3158 940//3158
f 937//3159 939//3159 943//3159
f 1672//3160 1249//3160 1671//3160
f 1595//3161 1670//3161 1598//3161
f 1670//3162 1595//3162 1596//3162
f 1596//3163 1173//3163 1670//3163
f 1173//3164 1596//3164 1638//3164
f 1173//3165 1638//3165 1637//3165
f 561//3166 1440//3166 559//3166
f 561//3167 1415//3167 1436//3167
f 1324//3168 1406//3168 1673//3168
f 1407//3169 1674//3169 1673//3169
f 1327//3170 1673//3170 1675//3170
f 1675//3171 1673//3171 1674//3171
f 1407//3172 1410//3172 1676//3172
f 1410//3173 1677//3173 1676//3173
f 1674//3174 1407//3174 1679//3174
f 1407//3175 1676//3175 1679//3175
f 1678//3176 1679//3176 1676//3176
f 1388//3177 1677//3177 1680//3177
f 1680//3178 1677//3178 1410//3178
f 1409//3179 1408//3179 1680//3179
f 1409//3180 1680//3180 1410//3180
f 1388//3181 1399//3181 1677//3181
f 1399//3182 1396//3182 1681//3182
f 1399//3183 1681//3183 1677//3183
f 1676//3184 1677//3184 1681//3184
f 1678//3185 1676//3185 1681//3185
f 1396//3186 1683//3186 1681//3186
f 1681//3187 1683//3187 1678//3187
f 1682//3188 1679//3188 1678//3188
f 1683//3189 1685//3189 1678//3189
f 1678//3190 1685//3190 1682//3190
f 1686//3191 1682//3191 1685//3191
f 1686//3192 1685//3192 1687//3192
f 1683//3193 1687//3193 1685//3193
f 1683//3194 1430//3194 1687//3194
f 1688//3195 1427//3195 1490//3195
f 1688//3196 1490//3196 1493//3196
f 1493//3197 1490//3197 1491//3197
f 1427//3198 1688//3198 1428//3198
f 1428//3199 1688//3199 1686//3199
f 1686//3200 1688//3200 1682//3200
f 1682//3201 1493//3201 1684//3201
f 1682//3202 1684//3202 1689//3202
f 1679//3203 1682//3203 1689//3203
f 1689//3204 1675//3204 1679//3204
f 1679//3205 1675//3205 1674//3205
f 1675//3206 1689//3206 1327//3206
f 1690//3207 1327//3207 1689//3207
f 1690//3208 1691//3208 1327//3208
f 1689//3209 1684//3209 1690//3209
f 1690//3210 1684//3210 1692//3210
f 1696//3211 1327//3211 1691//3211
f 1691//3212 1690//3212 1692//3212
f 1692//3213 1684//3213 1693//3213
f 1697//3214 1692//3214 1693//3214
f 1491//3215 1693//3215 1684//3215
f 1491//3216 1684//3216 1493//3216
f 1688//3217 1493//3217 1682//3217
f 1071//3218 1072//3218 1694//3218
f 1073//3219 1067//3219 1072//3219
f 1694//3220 1098//3220 1071//3220
f 1067//3221 1098//3221 1694//3221
f 1802//3222 1096//3222 1067//3222
f 1695//3223 1096//3223 1802//3223
f 1803//3224 1330//3224 1808//3224
f 1808//3225 1330//3225 1323//3225
f 1323//3226 1328//3226 1327//3226
f 1323//3227 1327//3227 1696//3227
f 1805//3228 1696//3228 1691//3228
f 1692//3229 1805//3229 1691//3229
f 1492//3230 1697//3230 1102//3230
f 1100//3231 1101//3231 1492//3231
f 1492//3232 1101//3232 1697//3232
f 1697//3233 1101//3233 1805//3233
f 1697//3234 1805//3234 1692//3234
f 937//3235 943//3235 1672//3235
f 1432//3239 1426//3239 1429//3239
f 1432//3240 1699//3240 1433//3240
f 1432//3241 1433//3241 1431//3241
f 1398//3242 1500//3242 1700//3242
f 1398//3243 1700//3243 1699//3243
f 1433//3244 1699//3244 1700//3244
f 1700//3245 1701//3245 1433//3245
f 1433//3246 1701//3246 1434//3246
f 1503//3247 1701//3247 1500//3247
f 1500//3248 1701//3248 1700//3248
f 1067//3302 1073//3302 1063//3302
f 1478//3312 1730//3312 553//3312
f 1731//3313 552//3313 553//3313
f 1730//3314 1731//3314 553//3314
f 1732//3315 1735//3315 1733//3315
f 1735//3316 1732//3316 1615//3316
f 1734//3317 1732//3317 1736//3317
f 1737//3318 1732//3318 1733//3318
f 1732//3319 1737//3319 1736//3319
f 1745//3320 1737//3320 1733//3320
f 1733//3321 1478//3321 1746//3321
f 1746//3322 1478//3322 1361//3322
f 1739//3323 1482//3323 1740//3323
f 1482//3324 471//3324 472//3324
f 1482//3325 472//3325 1740//3325
f 472//3326 1741//3326 1740//3326
f 1741//3327 474//3327 475//3327
f 1742//3328 475//3328 1200//3328
f 1743//3329 1742//3329 1200//3329
f 1201//3330 1744//3330 477//3330
f 475//3331 1742//3331 1741//3331
f 1744//3332 1200//3332 477//3332
f 1743//3333 1200//3333 1744//3333
f 1742//3334 1743//3334 1740//3334
f 1740//3335 1741//3335 1742//3335
f 1481//3336 1739//3336 1740//3336
f 1740//3337 1745//3337 1481//3337
f 1796//3338 1740//3338 1743//3338
f 1796//3339 1745//3339 1740//3339
f 1481//3340 1745//3340 1738//3340
f 1738//3341 1745//3341 1746//3341
f 1738//3342 1746//3342 1480//3342
f 1480//3343 1746//3343 1361//3343
f 1745//3344 1796//3344 1737//3344
f 1732//3345 1734//3345 1615//3345
f 1616//3346 1735//3346 1615//3346
f 1616//3347 1604//3347 1747//3347
f 1735//3348 1616//3348 1747//3348
f 1730//3349 1735//3349 1747//3349
f 1730//3350 1747//3350 1731//3350
f 1731//3351 1747//3351 1475//3351
f 1604//3352 1475//3352 1747//3352
f 1604//3353 1616//3353 1603//3353
f 1604//3354 1599//3354 1476//3354
f 1437//3355 1435//3355 1502//3355
f 1503//3356 1502//3356 1435//3356
f 1160//3357 1163//3357 1748//3357
f 1169//3358 1163//3358 1167//3358
f 1176//3359 1166//3359 1174//3359
f 1126//3360 1748//3360 1158//3360
f 1160//3361 1748//3361 1126//3361
f 1749//3362 1194//3362 1197//3362
f 1445//3363 1505//3363 1197//3363
f 1749//3364 1197//3364 1505//3364
f 1749//3365 1193//3365 1194//3365
f 1377//3366 1504//3366 1496//3366
f 1504//3367 1377//3367 1505//3367
f 1505//3368 1377//3368 1749//3368
f 1169//3406 1170//3406 1163//3406
f 1159//3407 1748//3407 1170//3407
f 1170//3408 1748//3408 1163//3408
f 1503//3409 1435//3409 1701//3409
f 1701//3410 1435//3410 1434//3410
f 1168//3424 1178//3424 1170//3424
f 1775//3425 1170//3425 1178//3425
f 1178//3426 1177//3426 1775//3426
f 1177//3427 1179//3427 1775//3427
f 1776//3428 1775//3428 1636//3428
f 1170//3429 1775//3429 1159//3429
f 1786//3431 1159//3431 1775//3431
f 1786//3462 1775//3462 1776//3462
f 472//3465 474//3465 1741//3465
f 1445//3466 1366//3466 1363//3466
f 1730//3467 1478//3467 1733//3467
f 1730//3468 1733//3468 1735//3468
f 477//3485 1662//3485 1663//3485
f 1663//3486 1664//3486 1791//3486
f 1792//3487 1791//3487 1664//3487
f 1791//3488 1792//3488 1809//3488
f 1665//3489 1649//3489 1666//3489
f 1666//3490 1649//3490 1650//3490
f 1666//3491 1801//3491 1665//3491
f 1667//3492 1669//3492 1793//3492
f 1668//3493 1793//3493 1666//3493
f 1801//3494 1666//3494 1793//3494
f 1793//3495 1668//3495 1667//3495
f 1627//3496 1669//3496 1659//3496
f 1659//3497 1654//3497 1794//3497
f 1626//3498 1627//3498 1794//3498
f 1627//3499 1659//3499 1794//3499
f 1794//3500 1795//3500 1626//3500
f 1626//3501 1795//3501 1625//3501
f 1795//3502 1794//3502 1654//3502
f 1746//3503 1745//3503 1733//3503
f 1737//3504 1796//3504 1797//3504
f 1796//3505 1743//3505 1744//3505
f 1744//3506 1201//3506 1798//3506
f 1791//3507 1201//3507 1663//3507
f 1663//3508 1201//3508 477//3508
f 1796//3509 1744//3509 1798//3509
f 1796//3510 1798//3510 1797//3510
f 1737//3511 1797//3511 1736//3511
f 1734//3512 1618//3512 1615//3512
f 1800//3513 1617//3513 1618//3513
f 1799//3514 1736//3514 1797//3514
f 1798//3515 1201//3515 1791//3515
f 1791//3516 1809//3516 1799//3516
f 1797//3517 1798//3517 1791//3517
f 1791//3518 1799//3518 1797//3518
f 1736//3519 1799//3519 1734//3519
f 1734//3520 1799//3520 1809//3520
f 1734//3521 1809//3521 1800//3521
f 1664//3522 1665//3522 1792//3522
f 1622//3523 1792//3523 1665//3523
f 1622//3524 1665//3524 1801//3524
f 1331//3525 1695//3525 1802//3525
f 1802//3526 1332//3526 1331//3526
f 1330//3527 1331//3527 1322//3527
f 1321//3528 1331//3528 1332//3528
f 1803//3529 1096//3529 1695//3529
f 1803//3530 1695//3530 1330//3530
f 1096//3531 1803//3531 1099//3531
f 1803//3532 1804//3532 1099//3532
f 1101//3533 1099//3533 1805//3533
f 1805//3534 1099//3534 1804//3534
f 1808//3535 1804//3535 1803//3535
f 1696//3536 1805//3536 1323//3536
f 1808//3537 1323//3537 1805//3537
f 1805//3538 1804//3538 1808//3538
f 1800//3550 1618//3550 1734//3550
f 1792//3551 1622//3551 1809//3551
f 1809//3552 1622//3552 1621//3552
f 1809//3553 1621//3553 1619//3553
f 1809//3554 1619//3554 1800//3554
f 1813//3569 1815//3569 1814//3569
f 1945//3570 1814//3570 1815//3570
f 1823//3571 1827//3571 1824//3571
f 1828//3572 1827//3572 1823//3572
f 1828//3573 1830//3573 1827//3573
f 1827//3574 1831//3574 1824//3574
f 1832//3575 1827//3575 1830//3575
f 1827//3576 1832//3576 1831//3576
f 1831//3577 1832//3577 1834//3577
f 1830//3578 1828//3578 1829//3578
f 1832//3579 1830//3579 1829//3579
f 1833//3580 1834//3580 1832//3580
f 1833//3581 1832//3581 1826//3581
f 1826//3582 1832//3582 1829//3582
f 1834//3583 1833//3583 1825//3583
f 1824//3584 1831//3584 1825//3584
f 1834//3585 1825//3585 1831//3585
f 1837//3586 1835//3586 1838//3586
f 1836//3587 1835//3587 1837//3587
f 1840//3588 1838//3588 1839//3588
f 1841//3589 1837//3589 1838//3589
f 1841//3590 1843//3590 1837//3590
f 1837//3591 1843//3591 1836//3591
f 1842//3592 1853//3592 1836//3592
f 1836//3593 1843//3593 1844//3593
f 1844//3594 1842//3594 1836//3594
f 1845//3595 1841//3595 1838//3595
f 1838//3596 1840//3596 1845//3596
f 1840//3597 1852//3597 1845//3597
f 1841//3598 1845//3598 1846//3598
f 1841//3599 1846//3599 1843//3599
f 1843//3600 1846//3600 1844//3600
f 1844//3601 1846//3601 1850//3601
f 1853//3602 1842//3602 1847//3602
f 1848//3603 1847//3603 1849//3603
f 1849//3604 1847//3604 1842//3604
f 1849//3605 1842//3605 1850//3605
f 1850//3606 1842//3606 1844//3606
f 1852//3607 1851//3607 1845//3607
f 1845//3608 1851//3608 1846//3608
f 1851//3609 1850//3609 1846//3609
f 1852//3610 1840//3610 1839//3610
f 1854//3611 1849//3611 1850//3611
f 1850//3612 1851//3612 1854//3612
f 1855//3613 1851//3613 1852//3613
f 1854//3614 1851//3614 1855//3614
f 1848//3615 1849//3615 1854//3615
f 1859//3616 1862//3616 1863//3616
f 1859//3617 1863//3617 1860//3617
f 1863//3618 1862//3618 1864//3618
f 1861//3619 1862//3619 1859//3619
f 1861//3620 1867//3620 1865//3620
f 1862//3621 1861//3621 1865//3621
f 1866//3622 1868//3622 1867//3622
f 1862//3623 1865//3623 1873//3623
f 1863//3624 1869//3624 1860//3624
f 1871//3625 1869//3625 1863//3625
f 1863//3626 1864//3626 1871//3626
f 1862//3627 1872//3627 1864//3627
f 1862//3628 1873//3628 1872//3628
f 1865//3629 1867//3629 1873//3629
f 1872//3630 1874//3630 1864//3630
f 1871//3631 1875//3631 1869//3631
f 1879//3632 1871//3632 1864//3632
f 1879//3633 1864//3633 1874//3633
f 1876//3634 1874//3634 1872//3634
f 1876//3635 1872//3635 1873//3635
f 1867//3636 1868//3636 1873//3636
f 1877//3637 1876//3637 1873//3637
f 1874//3638 1878//3638 1879//3638
f 1871//3639 1879//3639 1875//3639
f 1879//3640 1880//3640 1875//3640
f 1874//3641 1881//3641 1878//3641
f 1881//3642 1874//3642 1876//3642
f 1873//3643 1868//3643 1877//3643
f 1877//3644 1868//3644 1882//3644
f 1877//3645 1882//3645 1883//3645
f 1866//3646 1885//3646 1868//3646
f 1885//3647 1884//3647 1868//3647
f 1868//3648 1884//3648 1882//3648
f 1887//3649 1886//3649 1884//3649
f 1885//3650 1888//3650 1884//3650
f 1858//3651 1886//3651 1887//3651
f 1888//3652 1887//3652 1884//3652
f 1858//3653 1887//3653 1888//3653
f 1858//3654 1889//3654 1886//3654
f 1890//3655 1886//3655 1891//3655
f 1891//3656 1886//3656 1889//3656
f 1886//3657 1890//3657 1884//3657
f 1884//3658 1890//3658 1882//3658
f 1877//3659 1883//3659 1881//3659
f 1877//3660 1881//3660 1876//3660
f 1883//3661 1882//3661 1890//3661
f 1890//3662 1891//3662 1883//3662
f 1892//3663 1878//3663 1881//3663
f 1881//3664 1883//3664 1892//3664
f 1892//3665 1883//3665 1891//3665
f 1892//3666 1880//3666 1878//3666
f 1878//3667 1880//3667 1879//3667
f 1893//3668 1880//3668 1891//3668
f 1892//3669 1891//3669 1880//3669
f 1891//3670 1889//3670 1893//3670
f 1880//3671 1893//3671 1875//3671
f 1875//3672 1870//3672 1869//3672
f 1893//3673 1870//3673 1875//3673
f 1870//3674 1893//3674 1889//3674
f 1889//3675 1857//3675 1870//3675
f 1858//3676 1857//3676 1889//3676
f 1896//3677 1819//3677 1822//3677
f 1897//3678 1819//3678 1896//3678
f 1895//3679 1896//3679 1822//3679
f 1818//3680 1819//3680 1897//3680
f 1820//3681 1818//3681 1898//3681
f 1898//3682 1818//3682 1897//3682
f 1899//3683 1820//3683 1898//3683
f 1821//3684 1899//3684 1894//3684
f 1899//3685 1821//3685 1820//3685
f 1906//3686 1894//3686 1899//3686
f 1900//3687 1897//3687 1896//3687
f 1897//3688 1900//3688 1898//3688
f 1898//3689 1900//3689 1901//3689
f 1898//3690 1901//3690 1899//3690
f 1902//3691 1900//3691 1896//3691
f 1896//3692 1895//3692 1902//3692
f 1901//3693 1900//3693 1903//3693
f 1903//3694 1900//3694 1902//3694
f 1904//3695 1902//3695 1895//3695
f 1903//3696 1902//3696 1907//3696
f 1907//3697 1902//3697 1904//3697
f 1904//3698 1895//3698 1822//3698
f 1905//3699 1903//3699 1907//3699
f 1905//3700 1901//3700 1903//3700
f 1906//3701 1901//3701 1905//3701
f 1906//3702 1899//3702 1901//3702
f 1894//3703 1906//3703 1911//3703
f 1905//3704 1911//3704 1906//3704
f 1913//3705 1912//3705 1914//3705
f 1912//3706 1913//3706 1915//3706
f 1916//3707 1915//3707 1913//3707
f 1908//3708 1912//3708 1909//3708
f 1912//3709 1915//3709 1917//3709
f 1917//3710 1909//3710 1912//3710
f 1912//3711 1908//3711 1914//3711
f 1918//3712 1917//3712 1921//3712
f 1917//3713 1918//3713 1919//3713
f 1918//3714 1921//3714 1920//3714
f 1921//3715 1917//3715 1915//3715
f 1921//3716 1915//3716 1916//3716
f 1910//3717 1914//3717 1908//3717
f 1914//3718 1922//3718 1913//3718
f 1913//3719 1922//3719 1916//3719
f 1916//3720 1922//3720 1921//3720
f 1921//3721 1922//3721 1920//3721
f 1922//3722 1914//3722 1910//3722
f 1909//3723 1917//3723 1919//3723
f 1926//3724 1923//3724 1992//3724
f 1992//3725 1923//3725 1925//3725
f 1995//3726 1992//3726 1925//3726
f 1924//3727 1923//3727 1926//3727
f 1927//3728 1924//3728 1928//3728
f 1929//3729 1927//3729 1928//3729
f 1928//3730 1924//3730 1998//3730
f 1931//3731 1932//3731 1938//3731
f 1932//3732 1931//3732 1933//3732
f 1931//3733 1934//3733 1933//3733
f 1934//3734 1935//3734 1933//3734
f 1935//3735 1934//3735 1936//3735
f 1939//3736 1931//3736 1938//3736
f 1932//3737 1940//3737 1938//3737
f 1940//3738 1941//3738 1938//3738
f 1931//3739 1942//3739 1934//3739
f 1942//3740 1931//3740 1939//3740
f 1939//3741 1944//3741 1943//3741
f 1944//3742 1939//3742 1938//3742
f 1943//3743 1944//3743 1941//3743
f 1945//3744 1942//3744 1939//3744
f 1941//3745 1946//3745 1943//3745
f 1934//3746 1942//3746 1815//3746
f 1815//3747 1942//3747 1945//3747
f 1815//3748 1947//3748 1934//3748
f 1937//3749 1934//3749 1947//3749
f 1813//3750 1947//3750 1815//3750
f 1948//3751 1816//3751 1817//3751
f 1813//3752 1816//3752 1955//3752
f 1955//3753 1816//3753 1948//3753
f 1813//3754 1955//3754 1947//3754
f 1947//3755 1936//3755 1937//3755
f 1934//3756 1937//3756 1936//3756
f 1933//3757 1949//3757 1932//3757
f 1932//3758 1949//3758 1940//3758
f 1949//3759 1933//3759 1935//3759
f 1940//3760 1949//3760 1950//3760
f 1940//3761 1950//3761 1941//3761
f 1938//3762 1941//3762 1944//3762
f 1950//3763 1951//3763 1941//3763
f 1953//3764 1951//3764 1950//3764
f 1949//3765 1952//3765 1953//3765
f 1949//3766 1953//3766 1950//3766
f 1954//3767 1935//3767 1936//3767
f 1936//3768 1947//3768 1955//3768
f 1935//3769 1954//3769 1952//3769
f 1952//3770 1949//3770 1935//3770
f 1956//3771 1936//3771 1955//3771
f 1936//3772 1956//3772 1954//3772
f 1953//3773 1952//3773 1954//3773
f 1953//3774 1954//3774 1956//3774
f 1957//3775 1951//3775 1953//3775
f 1957//3776 1953//3776 1956//3776
f 1956//3777 1955//3777 1948//3777
f 1957//3778 1948//3778 1958//3778
f 1958//3779 1948//3779 1817//3779
f 1948//3780 1957//3780 1956//3780
f 1951//3781 1957//3781 1958//3781
f 1951//3782 1946//3782 1941//3782
f 1959//3783 1946//3783 1951//3783
f 1958//3784 1959//3784 1951//3784
f 1959//3785 1958//3785 1817//3785
f 1974//3786 1961//3786 1960//3786
f 1966//3787 1960//3787 1961//3787
f 1966//3788 1961//3788 1962//3788
f 1962//3789 1961//3789 1963//3789
f 1963//3790 1961//3790 1964//3790
f 1964//3791 1961//3791 1965//3791
f 1961//3792 1974//3792 1965//3792
f 1967//3793 1974//3793 1960//3793
f 1960//3794 1966//3794 1967//3794
f 1971//3795 1964//3795 1965//3795
f 1965//3796 1968//3796 1971//3796
f 1980//3797 1970//3797 1969//3797
f 1974//3798 1967//3798 1973//3798
f 1967//3799 1976//3799 1975//3799
f 1967//3800 1975//3800 1973//3800
f 1977//3801 1975//3801 1976//3801
f 1977//3802 1976//3802 1978//3802
f 1979//3803 1977//3803 1978//3803
f 1976//3804 1967//3804 1966//3804
f 1976//3805 1966//3805 1969//3805
f 1978//3806 1976//3806 1969//3806
f 1978//3807 1969//3807 1970//3807
f 1980//3808 1969//3808 1966//3808
f 1980//3809 1966//3809 1962//3809
f 1980//3810 1981//3810 1970//3810
f 1981//3811 1980//3811 1962//3811
f 1963//3812 1964//3812 1982//3812
f 1963//3813 1982//3813 1981//3813
f 1963//3814 1981//3814 1962//3814
f 1964//3815 1971//3815 1982//3815
f 1982//3816 1971//3816 1972//3816
f 1972//3817 1971//3817 1983//3817
f 1983//3818 1971//3818 1968//3818
f 1970//3819 1972//3819 1983//3819
f 1983//3820 1979//3820 1970//3820
f 1978//3821 1970//3821 1979//3821
f 1856//3822 1848//3822 1854//3822
f 1856//3823 1855//3823 1852//3823
f 1855//3824 1856//3824 1854//3824
f 1986//3825 1985//3825 1987//3825
f 1986//3826 1987//3826 1988//3826
f 1989//3827 1987//3827 1990//3827
f 1990//3828 1987//3828 1985//3828
f 1985//3829 1986//3829 1992//3829
f 1992//3830 1986//3830 1926//3830
f 1926//3831 1986//3831 1991//3831
f 1991//3832 1986//3832 1988//3832
f 1992//3833 1993//3833 1985//3833
f 1985//3834 1993//3834 1990//3834
f 1989//3835 1990//3835 1993//3835
f 1930//3836 1993//3836 1995//3836
f 1996//3837 1991//3837 1997//3837
f 1997//3838 1991//3838 1988//3838
f 1999//3839 1996//3839 1997//3839
f 2001//3840 1988//3840 1987//3840
f 1994//3841 1993//3841 2000//3841
f 2000//3842 1993//3842 1930//3842
f 1995//3843 1993//3843 1992//3843
f 1926//3844 1998//3844 1924//3844
f 1998//3845 1926//3845 1991//3845
f 1998//3846 1991//3846 1996//3846
f 2000//3847 1930//3847 1929//3847
f 1999//3848 1928//3848 1998//3848
f 1999//3849 1998//3849 1996//3849
f 1999//3850 2000//3850 1929//3850
f 1999//3851 1929//3851 1928//3851
f 1994//3852 2000//3852 1997//3852
f 1997//3853 2000//3853 1999//3853
f 2001//3854 1987//3854 1989//3854
f 1988//3855 2001//3855 1997//3855
f 2001//3856 1989//3856 1994//3856
f 2001//3857 1994//3857 1997//3857
f 1994//3858 1989//3858 1993//3858
f 1982//3859 1972//3859 1970//3859
f 1982//3860 1970//3860 1981//3860
f 1979//3861 1983//3861 1984//3861
f 1977//3862 1979//3862 1984//3862
usemtl Prof_Shoes_Leather
f 760//1331 736//1331 753//1331
f 760//1332 752//1332 736//1332
f 772//1334 760//1334 761//1334
f 753//1335 761//1335 760//1335
f 761//1336 753//1336 773//1336
f 765//1337 753//1337 741//1337
f 766//1341 764//1341 763//1341
f 735//1347 767//1347 766//1347
f 771//1349 770//1349 764//1349
f 764//1350 766//1350 771//1350
f 798//1351 770//1351 857//1351
f 770//1352 765//1352 764//1352
f 764//1353 765//1353 741//1353
f 772//1354 761//1354 773//1354
f 772//1355 773//1355 774//1355
f 774//1356 775//1356 772//1356
f 773//1357 776//1357 774//1357
f 775//1358 774//1358 796//1358
f 774//1359 777//1359 796//1359
f 795//1360 778//1360 775//1360
f 796//1361 795//1361 775//1361
f 778//1362 779//1362 775//1362
f 778//1363 781//1363 780//1363
f 779//1364 778//1364 780//1364
f 779//1365 772//1365 775//1365
f 760//1366 772//1366 752//1366
f 784//1367 752//1367 772//1367
f 785//1368 779//1368 780//1368
f 785//1369 780//1369 782//1369
f 784//1370 759//1370 752//1370
f 759//1371 784//1371 783//1371
f 758//1372 759//1372 783//1372
f 779//1373 784//1373 772//1373
f 785//1374 784//1374 779//1374
f 812//1375 784//1375 785//1375
f 784//1376 812//1376 783//1376
f 782//1377 780//1377 786//1377
f 786//1378 780//1378 787//1378
f 787//1379 780//1379 781//1379
f 786//1380 813//1380 782//1380
f 787//1381 788//1381 789//1381
f 787//1382 781//1382 788//1382
f 790//1383 792//1383 788//1383
f 788//1384 792//1384 789//1384
f 792//1385 791//1385 789//1385
f 792//1386 844//1386 793//1386
f 821//1387 792//1387 793//1387
f 792//1388 842//1388 844//1388
f 790//1389 842//1389 792//1389
f 790//1390 788//1390 781//1390
f 842//1391 781//1391 794//1391
f 795//1392 781//1392 778//1392
f 781//1393 795//1393 794//1393
f 795//1394 853//1394 794//1394
f 797//1395 795//1395 796//1395
f 797//1396 796//1396 777//1396
f 777//1397 776//1397 798//1397
f 797//1398 777//1398 798//1398
f 770//1399 798//1399 776//1399
f 797//1400 798//1400 857//1400
f 777//1401 774//1401 776//1401
f 773//1402 753//1402 776//1402
f 753//1403 765//1403 776//1403
f 776//1404 765//1404 770//1404
f 758//1417 783//1417 806//1417
f 783//1418 808//1418 806//1418
f 807//1421 806//1421 808//1421
f 1220//1422 806//1422 807//1422
f 783//1423 812//1423 808//1423
f 808//1424 812//1424 961//1424
f 811//1425 809//1425 962//1425
f 810//1426 809//1426 811//1426
f 962//1427 812//1427 811//1427
f 813//1428 810//1428 811//1428
f 811//1429 812//1429 813//1429
f 962//1430 961//1430 812//1430
f 812//1431 785//1431 782//1431
f 815//1432 786//1432 787//1432
f 810//1433 813//1433 786//1433
f 787//1434 789//1434 814//1434
f 814//1435 815//1435 787//1435
f 791//1436 814//1436 789//1436
f 810//1437 786//1437 815//1437
f 810//1438 816//1438 809//1438
f 816//1439 810//1439 817//1439
f 817//1440 810//1440 819//1440
f 819//1441 810//1441 815//1441
f 819//1442 820//1442 817//1442
f 817//1443 820//1443 818//1443
f 820//1444 791//1444 818//1444
f 820//1445 819//1445 815//1445
f 820//1446 815//1446 814//1446
f 791//1447 820//1447 814//1447
f 818//1448 791//1448 965//1448
f 792//1449 821//1449 822//1449
f 792//1450 822//1450 791//1450
f 823//1451 825//1451 821//1451
f 823//1452 821//1452 793//1452
f 821//1453 825//1453 826//1453
f 827//1454 824//1454 833//1454
f 828//1455 833//1455 824//1455
f 828//1456 824//1456 825//1456
f 825//1457 823//1457 829//1457
f 825//1458 829//1458 828//1458
f 831//1459 828//1459 829//1459
f 837//1460 829//1460 823//1460
f 837//1461 831//1461 829//1461
f 828//1462 831//1462 830//1462
f 828//1463 830//1463 833//1463
f 832//1464 830//1464 831//1464
f 834//1465 833//1465 830//1465
f 832//1466 834//1466 830//1466
f 835//1467 832//1467 1017//1467
f 1017//1468 832//1468 836//1468
f 836//1464 832//1464 831//1464
f 838//1469 836//1469 837//1469
f 836//1470 831//1470 837//1470
f 839//1471 838//1471 840//1471
f 841//1471 840//1471 838//1471
f 838//1472 823//1472 841//1472
f 841//1473 823//1473 793//1473
f 790//1474 781//1474 842//1474
f 793//1475 844//1475 841//1475
f 842//1476 843//1476 844//1476
f 844//1477 843//1477 840//1477
f 844//1478 840//1478 841//1478
f 836//1479 838//1479 839//1479
f 846//1480 839//1480 840//1480
f 840//1481 843//1481 847//1481
f 847//1482 843//1482 845//1482
f 845//1483 848//1483 847//1483
f 845//1484 892//1484 848//1484
f 840//1485 847//1485 846//1485
f 847//1486 849//1486 846//1486
f 849//1487 847//1487 850//1487
f 850//1488 847//1488 848//1488
f 852//1489 845//1489 843//1489
f 852//1490 843//1490 842//1490
f 794//1491 852//1491 842//1491
f 794//1492 853//1492 852//1492
f 890//1493 852//1493 853//1493
f 853//1494 795//1494 797//1494
f 853//1495 797//1495 855//1495
f 797//1496 854//1496 855//1496
f 856//1497 855//1497 854//1497
f 854//1498 860//1498 856//1498
f 889//1499 855//1499 856//1499
f 859//1500 858//1500 856//1500
f 856//1501 861//1501 859//1501
f 889//1502 856//1502 858//1502
f 861//1503 856//1503 860//1503
f 863//1504 859//1504 861//1504
f 865//1505 861//1505 860//1505
f 864//1506 860//1506 854//1506
f 857//1507 864//1507 854//1507
f 854//1508 797//1508 857//1508
f 865//1509 860//1509 866//1509
f 866//1510 860//1510 864//1510
f 866//1511 864//1511 896//1511
f 896//1512 864//1512 878//1512
f 878//1513 864//1513 857//1513
f 857//1514 770//1514 771//1514
f 766//1515 767//1515 877//1515
f 870//1524 767//1524 867//1524
f 871//1525 870//1525 872//1525
f 871//1535 897//1535 899//1535
f 767//1536 870//1536 896//1536
f 878//1537 766//1537 877//1537
f 878//1538 857//1538 771//1538
f 771//1539 766//1539 878//1539
f 812//1559 782//1559 813//1559
f 845//1562 890//1562 888//1562
f 888//1563 892//1563 845//1563
f 890//1564 845//1564 852//1564
f 888//1565 890//1565 889//1565
f 889//1566 890//1566 853//1566
f 889//1567 853//1567 855//1567
f 862//1568 858//1568 859//1568
f 1116//1569 862//1569 859//1569
f 862//1570 892//1570 858//1570
f 892//1571 862//1571 891//1571
f 862//1572 1116//1572 893//1572
f 862//1573 893//1573 891//1573
f 858//1574 892//1574 889//1574
f 892//1575 888//1575 889//1575
f 836//1576 839//1576 846//1576
f 849//1577 894//1577 846//1577
f 894//1578 836//1578 846//1578
f 850//1579 848//1579 851//1579
f 851//1580 848//1580 892//1580
f 851//1581 892//1581 891//1581
f 891//1582 1024//1582 851//1582
f 1024//1583 891//1583 893//1583
f 859//1584 895//1584 1116//1584
f 895//1585 859//1585 863//1585
f 1118//1586 861//1586 865//1586
f 896//1587 878//1587 877//1587
f 877//1588 767//1588 896//1588
f 897//1589 871//1589 876//1589
f 871//1593 905//1593 870//1593
f 905//1594 871//1594 899//1594
f 905//1595 866//1595 870//1595
f 870//1596 866//1596 896//1596
f 905//1608 906//1608 866//1608
f 866//1609 906//1609 865//1609
f 906//1610 1118//1610 865//1610
f 1119//1611 905//1611 899//1611
f 1125//1612 899//1612 907//1612
f 907//1613 899//1613 908//1613
f 908//1614 899//1614 897//1614
f 908//1615 910//1615 907//1615
f 910//1616 909//1616 907//1616
f 917//1630 910//1630 916//1630
f 1220//1704 757//1704 806//1704
f 959//1421 807//1421 808//1421
f 808//1707 961//1707 959//1707
f 809//1708 961//1708 962//1708
f 809//1709 987//1709 961//1709
f 959//1710 961//1710 963//1710
f 961//1711 987//1711 963//1711
f 987//1712 809//1712 964//1712
f 964//1713 809//1713 816//1713
f 822//1714 966//1714 791//1714
f 826//1715 822//1715 821//1715
f 822//1716 826//1716 967//1716
f 825//1717 967//1717 826//1717
f 969//1718 827//1718 833//1718
f 832//1719 1013//1719 834//1719
f 834//1720 969//1720 833//1720
f 827//1721 968//1721 824//1721
f 969//1722 970//1722 827//1722
f 827//1723 970//1723 968//1723
f 970//1724 969//1724 971//1724
f 969//1725 834//1725 971//1725
f 970//1726 1010//1726 968//1726
f 968//1727 973//1727 824//1727
f 824//1728 972//1728 825//1728
f 972//1729 967//1729 825//1729
f 973//1730 972//1730 824//1730
f 968//1731 975//1731 973//1731
f 967//1732 972//1732 976//1732
f 975//1733 968//1733 974//1733
f 976//1734 978//1734 977//1734
f 976//1735 977//1735 967//1735
f 967//1736 977//1736 822//1736
f 791//1737 966//1737 965//1737
f 979//1738 818//1738 965//1738
f 817//1739 818//1739 979//1739
f 978//1740 966//1740 977//1740
f 822//1741 977//1741 966//1741
f 965//1742 966//1742 980//1742
f 980//1743 981//1743 965//1743
f 985//1744 817//1744 979//1744
f 980//1745 966//1745 978//1745
f 984//1746 979//1746 981//1746
f 981//1747 979//1747 965//1747
f 983//1748 979//1748 984//1748
f 984//1749 990//1749 983//1749
f 983//1750 982//1750 979//1750
f 985//1751 816//1751 817//1751
f 964//1752 816//1752 985//1752
f 985//1753 979//1753 982//1753
f 985//1754 986//1754 964//1754
f 985//1755 982//1755 986//1755
f 964//1756 986//1756 987//1756
f 1253//1757 986//1757 982//1757
f 983//1758 988//1758 982//1758
f 989//1759 988//1759 983//1759
f 983//1760 992//1760 989//1760
f 990//1761 991//1761 992//1761
f 992//1762 983//1762 990//1762
f 993//1763 992//1763 991//1763
f 989//1764 992//1764 1255//1764
f 991//1765 990//1765 994//1765
f 994//1766 995//1766 991//1766
f 994//1767 996//1767 995//1767
f 996//1768 1338//1768 995//1768
f 984//1769 1258//1769 990//1769
f 990//1770 1258//1770 994//1770
f 997//1771 984//1771 981//1771
f 999//1772 1004//1772 976//1772
f 999//1773 976//1773 972//1773
f 999//1774 972//1774 973//1774
f 1000//1775 973//1775 975//1775
f 1000//1776 999//1776 973//1776
f 975//1777 974//1777 1000//1777
f 1001//1778 1000//1778 974//1778
f 1002//1779 1000//1779 1001//1779
f 1002//1780 999//1780 1000//1780
f 1003//1781 1004//1781 999//1781
f 1003//1782 999//1782 1002//1782
f 978//1783 976//1783 1004//1783
f 1002//1784 1001//1784 1007//1784
f 1005//1785 1001//1785 974//1785
f 1006//1786 1001//1786 1005//1786
f 1001//1787 1006//1787 1007//1787
f 1002//1788 1007//1788 1003//1788
f 978//1789 1004//1789 1008//1789
f 978//1790 998//1790 980//1790
f 997//1791 980//1791 998//1791
f 998//1792 978//1792 1008//1792
f 1008//1793 1009//1793 998//1793
f 1004//1794 1003//1794 1260//1794
f 1260//1795 1003//1795 1007//1795
f 1266//1796 1005//1796 974//1796
f 1266//1797 974//1797 1265//1797
f 1265//1798 974//1798 1010//1798
f 1010//1799 974//1799 968//1799
f 1011//1800 970//1800 971//1800
f 971//1801 1013//1801 1011//1801
f 1013//1802 971//1802 834//1802
f 1011//1803 1012//1803 970//1803
f 1013//1804 1012//1804 1011//1804
f 1013//1805 1014//1805 1012//1805
f 832//1806 1014//1806 1013//1806
f 832//1807 835//1807 1015//1807
f 1014//1808 832//1808 1015//1808
f 1016//1809 835//1809 1017//1809
f 1018//1810 1017//1810 836//1810
f 1018//1811 836//1811 894//1811
f 894//1812 849//1812 1019//1812
f 850//1813 1019//1813 849//1813
f 851//1814 1024//1814 850//1814
f 850//1815 1024//1815 1019//1815
f 1019//1816 1024//1816 1113//1816
f 1019//1817 1113//1817 1020//1817
f 1019//1818 1020//1818 894//1818
f 1113//1819 1023//1819 1022//1819
f 1113//1820 1022//1820 1021//1820
f 1023//1821 1024//1821 893//1821
f 893//1822 1022//1822 1023//1822
f 1022//1823 893//1823 1025//1823
f 1113//1824 1024//1824 1023//1824
f 837//1932 823//1932 838//1932
f 1112//2014 894//2014 1020//2014
f 894//2015 1112//2015 1018//2015
f 1114//2016 1021//2016 1022//2016
f 1116//2017 1025//2017 893//2017
f 1116//2018 1115//2018 1025//2018
f 1147//2019 1115//2019 1139//2019
f 1147//2020 1139//2020 1117//2020
f 1115//2021 1116//2021 895//2021
f 863//2022 861//2022 1118//2022
f 905//2023 1119//2023 906//2023
f 906//2024 1121//2024 1118//2024
f 1121//2025 1120//2025 1118//2025
f 1121//2026 1122//2026 1120//2026
f 1120//2027 1123//2027 1118//2027
f 895//2028 863//2028 1123//2028
f 1123//2029 863//2029 1118//2029
f 1139//2030 895//2030 1123//2030
f 1124//2031 1123//2031 1120//2031
f 1124//2032 1120//2032 1122//2032
f 1125//2033 1122//2033 1121//2033
f 1121//2034 906//2034 1119//2034
f 1119//2035 899//2035 1125//2035
f 910//2036 917//2036 909//2036
f 916//2037 1126//2037 917//2037
f 917//2038 1127//2038 909//2038
f 1126//2039 1127//2039 917//2039
f 1128//2040 1129//2040 909//2040
f 1128//2041 909//2041 1127//2041
f 1130//2042 909//2042 1129//2042
f 1125//2043 1121//2043 1119//2043
f 907//2044 909//2044 1130//2044
f 1129//2045 1131//2045 1130//2045
f 1132//2046 1130//2046 1131//2046
f 907//2047 1130//2047 1125//2047
f 1125//2048 1130//2048 1122//2048
f 1122//2049 1130//2049 1132//2049
f 1128//2050 1127//2050 1133//2050
f 1127//2051 1126//2051 1133//2051
f 1128//2052 1133//2052 1129//2052
f 1131//2053 1134//2053 1132//2053
f 1133//2054 1156//2054 1129//2054
f 1133//2055 1158//2055 1156//2055
f 1129//2056 1134//2056 1131//2056
f 1134//2057 1135//2057 1132//2057
f 1132//2058 1135//2058 1136//2058
f 1132//2059 1136//2059 1122//2059
f 895//2060 1139//2060 1115//2060
f 1137//2061 1123//2061 1124//2061
f 1122//2062 1136//2062 1124//2062
f 1136//2063 1137//2063 1124//2063
f 1123//2064 1137//2064 1138//2064
f 1123//2065 1138//2065 1139//2065
f 1136//2066 1135//2066 1137//2066
f 1135//2067 1141//2067 1140//2067
f 1141//2068 1135//2068 1143//2068
f 1134//2069 1143//2069 1135//2069
f 1135//2070 1140//2070 1137//2070
f 1150//2071 1144//2071 1137//2071
f 1138//2072 1137//2072 1144//2072
f 1138//2073 1145//2073 1139//2073
f 1145//2074 1138//2074 1144//2074
f 1145//2075 1146//2075 1139//2075
f 1139//2076 1146//2076 1117//2076
f 1147//2077 1025//2077 1115//2077
f 1117//2078 1146//2078 1147//2078
f 1022//2079 1025//2079 1149//2079
f 1149//2080 1025//2080 1147//2080
f 1142//2081 1148//2081 1145//2081
f 1142//2082 1145//2082 1144//2082
f 1150//2083 1137//2083 1140//2083
f 1586//2084 1142//2084 1140//2084
f 1586//2085 1140//2085 1141//2085
f 1143//2086 1134//2086 1151//2086
f 1151//2087 1152//2087 1143//2087
f 1698//2088 1143//2088 1152//2088
f 1154//2089 1152//2089 1151//2089
f 1769//2090 1152//2090 1154//2090
f 1155//2091 1151//2091 1134//2091
f 1129//2092 1773//2092 1134//2092
f 1773//2093 1129//2093 1156//2093
f 1158//2094 1133//2094 1126//2094
f 1156//2095 1158//2095 1157//2095
f 1226//2228 959//2228 963//2228
f 1226//2229 1228//2229 1229//2229
f 1230//2231 1229//2231 1228//2231
f 1553//2268 1251//2268 1230//2268
f 1252//2269 963//2269 987//2269
f 986//2270 1252//2270 987//2270
f 963//2271 1252//2271 1226//2271
f 1228//2272 1226//2272 1252//2272
f 1252//2273 986//2273 1413//2273
f 1228//2274 1252//2274 1413//2274
f 1253//2275 982//2275 988//2275
f 988//2276 989//2276 1254//2276
f 1254//2277 989//2277 1255//2277
f 988//2278 1254//2278 1256//2278
f 988//2279 1412//2279 1253//2279
f 1253//2280 1413//2280 986//2280
f 1412//2281 988//2281 1256//2281
f 1257//2282 1255//2282 993//2282
f 993//2283 1255//2283 992//2283
f 1460//2284 993//2284 991//2284
f 1259//2285 1258//2285 984//2285
f 1259//2286 984//2286 997//2286
f 1259//2287 997//2287 1009//2287
f 997//2288 981//2288 980//2288
f 1009//2289 997//2289 998//2289
f 1004//2290 1260//2290 1008//2290
f 1262//2291 1261//2291 1260//2291
f 1260//2292 1007//2292 1263//2292
f 1263//2293 1262//2293 1260//2293
f 1279//2294 1263//2294 1264//2294
f 1263//2295 1007//2295 1264//2295
f 1006//2296 1264//2296 1007//2296
f 1266//2297 1268//2297 1005//2297
f 1267//2298 1264//2298 1006//2298
f 1006//2299 1005//2299 1267//2299
f 1005//2300 1268//2300 1267//2300
f 1270//2301 1261//2301 1262//2301
f 1270//2302 1262//2302 1271//2302
f 1271//2303 1272//2303 1270//2303
f 1270//2304 1272//2304 1273//2304
f 1270//2305 1276//2305 1261//2305
f 1008//2306 1260//2306 1261//2306
f 1274//2307 1008//2307 1261//2307
f 1258//2308 1259//2308 1009//2308
f 1009//2309 1008//2309 1274//2309
f 1274//2310 1258//2310 1009//2310
f 996//2311 1274//2311 1275//2311
f 1275//2312 1274//2312 1276//2312
f 1276//2313 1274//2313 1261//2313
f 1276//2314 1270//2314 1273//2314
f 996//2315 1258//2315 1274//2315
f 994//2316 1258//2316 996//2316
f 995//2317 1277//2317 991//2317
f 995//2318 1338//2318 1337//2318
f 1275//2319 1276//2319 1273//2319
f 1272//2320 1271//2320 1282//2320
f 1278//2321 1262//2321 1263//2321
f 1278//2322 1263//2322 1279//2322
f 1280//2323 1262//2323 1278//2323
f 1280//2324 1271//2324 1262//2324
f 1273//2325 1272//2325 1339//2325
f 1271//2326 1280//2326 1285//2326
f 1272//2327 1281//2327 1339//2327
f 1282//2328 1281//2328 1272//2328
f 1283//2329 1281//2329 1284//2329
f 1286//2330 1282//2330 1287//2330
f 1287//2331 1282//2331 1285//2331
f 1351//2332 1349//2332 1287//2332
f 1271//2333 1285//2333 1282//2333
f 1287//2334 1285//2334 1280//2334
f 1278//2335 1292//2335 1280//2335
f 1292//2336 1278//2336 1279//2336
f 1267//2337 1289//2337 1279//2337
f 1279//2338 1264//2338 1267//2338
f 1269//2339 1268//2339 1266//2339
f 1288//2340 1266//2340 1265//2340
f 1269//2341 1266//2341 1288//2341
f 1265//2342 1290//2342 1288//2342
f 1269//2343 1355//2343 1292//2343
f 1291//2344 1269//2344 1292//2344
f 1269//2345 1289//2345 1268//2345
f 1267//2346 1268//2346 1289//2346
f 1279//2347 1289//2347 1291//2347
f 1269//2348 1291//2348 1289//2348
f 1291//2349 1292//2349 1279//2349
f 1355//2350 1269//2350 1564//2350
f 1564//2351 1269//2351 1288//2351
f 1290//2352 1293//2352 1288//2352
f 1290//2353 1571//2353 1293//2353
f 1294//2354 1265//2354 1010//2354
f 970//2355 1012//2355 1296//2355
f 1014//2356 1295//2356 1012//2356
f 1012//2357 1295//2357 1296//2357
f 1298//2358 1015//2358 835//2358
f 1016//2359 1298//2359 835//2359
f 1016//2360 1301//2360 1298//2360
f 1015//2361 1298//2361 1297//2361
f 1297//2362 1299//2362 1015//2362
f 1299//2363 1014//2363 1015//2363
f 1579//2364 1014//2364 1299//2364
f 1579//2365 1299//2365 1300//2365
f 1297//2366 1298//2366 1301//2366
f 1302//2367 1301//2367 1016//2367
f 1304//2368 1302//2368 1016//2368
f 1304//2369 1016//2369 1017//2369
f 1303//2370 1304//2370 1017//2370
f 1303//2371 1017//2371 1018//2371
f 1113//2372 1021//2372 1112//2372
f 1113//2373 1112//2373 1020//2373
f 1114//2374 1022//2374 1149//2374
f 1147//2375 1146//2375 1470//2375
f 1021//2376 1114//2376 1306//2376
f 1149//2377 1305//2377 1114//2377
f 1021//2378 1306//2378 1112//2378
f 1307//2379 1018//2379 1306//2379
f 1306//2380 1018//2380 1112//2380
f 1334//2453 1280//2453 1292//2453
f 1336//2454 1287//2454 1335//2454
f 1287//2455 1336//2455 1351//2455
f 1336//2456 1335//2456 1355//2456
f 1335//2457 1287//2457 1334//2457
f 1334//2458 1287//2458 1280//2458
f 1355//2459 1335//2459 1334//2459
f 1355//2460 1334//2460 1292//2460
f 1337//2462 1275//2462 1273//2462
f 1339//2463 1337//2463 1273//2463
f 1275//2464 1337//2464 1338//2464
f 1338//2465 996//2465 1275//2465
f 1340//2466 1337//2466 1339//2466
f 1337//2467 1340//2467 1519//2467
f 1283//2468 1284//2468 1341//2468
f 1281//2469 1283//2469 1340//2469
f 1283//2470 1467//2470 1340//2470
f 1281//2471 1340//2471 1339//2471
f 1283//2472 1341//2472 1345//2472
f 1342//2473 1341//2473 1343//2473
f 1342//2474 1343//2474 1344//2474
f 1467//2475 1283//2475 1345//2475
f 1345//2476 1341//2476 1342//2476
f 1712//2477 1345//2477 1342//2477
f 1284//2478 1281//2478 1282//2478
f 1284//2479 1282//2479 1286//2479
f 1284//2480 1286//2480 1343//2480
f 1286//2481 1347//2481 1343//2481
f 1348//2482 1286//2482 1287//2482
f 1286//2483 1348//2483 1347//2483
f 1287//2484 1349//2484 1348//2484
f 1348//2485 1349//2485 1350//2485
f 1350//2486 1349//2486 1351//2486
f 1350//2487 1351//2487 1352//2487
f 1348//2488 1350//2488 1353//2488
f 1352//2489 1351//2489 1336//2489
f 1350//2490 1352//2490 1353//2490
f 1354//2491 1353//2491 1352//2491
f 1355//2492 1352//2492 1336//2492
f 1411//2592 1253//2592 1412//2592
f 1253//2593 1411//2593 1413//2593
f 1228//2667 1452//2667 1230//2667
f 1453//2668 1228//2668 1413//2668
f 1452//2669 1228//2669 1453//2669
f 1454//2670 1453//2670 1413//2670
f 1454//2671 1413//2671 1411//2671
f 1455//2672 1411//2672 1412//2672
f 1455//2673 1412//2673 1256//2673
f 1457//2674 1456//2674 1256//2674
f 1255//2675 1458//2675 1254//2675
f 1459//2676 1257//2676 993//2676
f 995//2677 1337//2677 1519//2677
f 991//2678 1277//2678 1460//2678
f 993//2679 1460//2679 1459//2679
f 1277//2680 1461//2680 1460//2680
f 1461//2681 1277//2681 1462//2681
f 1461//2682 1462//2682 1463//2682
f 1459//2683 1460//2683 1461//2683
f 1459//2684 1464//2684 1257//2684
f 1464//2685 1459//2685 1465//2685
f 1465//2686 1459//2686 1461//2686
f 1465//2687 1461//2687 1463//2687
f 1277//2688 995//2688 1519//2688
f 1466//2689 1519//2689 1340//2689
f 1466//2690 1340//2690 1467//2690
f 1342//2691 1344//2691 1469//2691
f 1346//2692 1344//2692 1343//2692
f 1284//2693 1343//2693 1341//2693
f 1147//2694 1470//2694 1305//2694
f 1147//2695 1305//2695 1149//2695
f 1114//2696 1305//2696 1306//2696
f 1306//2697 1305//2697 1307//2697
f 1305//2698 1471//2698 1472//2698
f 1305//2699 1472//2699 1307//2699
f 1018//2700 1307//2700 1472//2700
f 1472//2701 1471//2701 1473//2701
f 1474//2702 1471//2702 1305//2702
f 1305//2703 1470//2703 1474//2703
f 1146//2704 1145//2704 1470//2704
f 1470//2705 1145//2705 1474//2705
f 1145//2706 1148//2706 1474//2706
f 1473//2707 1302//2707 1304//2707
f 1473//2708 1304//2708 1303//2708
f 1473//2709 1303//2709 1472//2709
f 1303//2710 1018//2710 1472//2710
f 908//2711 904//2711 910//2711
f 1454//2810 1411//2810 1507//2810
f 1506//2811 1452//2811 1453//2811
f 1508//2812 1455//2812 1256//2812
f 1508//2813 1256//2813 1456//2813
f 1455//2814 1509//2814 1411//2814
f 1411//2815 1509//2815 1507//2815
f 1510//2816 1457//2816 1256//2816
f 1510//2817 1256//2817 1254//2817
f 1534//2818 1458//2818 1255//2818
f 1463//2819 1464//2819 1465//2819
f 1512//2820 1464//2820 1463//2820
f 1512//2821 1463//2821 1526//2821
f 1526//2822 1463//2822 1511//2822
f 1512//2823 1513//2823 1464//2823
f 1513//2824 1255//2824 1464//2824
f 1511//2825 1463//2825 1462//2825
f 1511//2826 1462//2826 1514//2826
f 1462//2827 1515//2827 1517//2827
f 1462//2828 1517//2828 1514//2828
f 1526//2829 1511//2829 1516//2829
f 1516//2830 1511//2830 1514//2830
f 1517//2831 1516//2831 1514//2831
f 1515//2832 1462//2832 1518//2832
f 1519//2833 1462//2833 1277//2833
f 1462//2834 1519//2834 1518//2834
f 1520//2835 1519//2835 1466//2835
f 1518//2836 1519//2836 1520//2836
f 1466//2837 1468//2837 1520//2837
f 1522//2838 1517//2838 1515//2838
f 1523//2839 1515//2839 1518//2839
f 1522//2840 1515//2840 1523//2840
f 1523//2841 1524//2841 1522//2841
f 1524//2842 1525//2842 1522//2842
f 1517//2843 1522//2843 1521//2843
f 1517//2844 1521//2844 1516//2844
f 1513//2845 1512//2845 1527//2845
f 1527//2846 1512//2846 1526//2846
f 1527//2847 1528//2847 1513//2847
f 1513//2848 1528//2848 1529//2848
f 1530//2849 1529//2849 1528//2849
f 1529//2850 1530//2850 1532//2850
f 1532//2851 1530//2851 1531//2851
f 1532//2852 1531//2852 1458//2852
f 1529//2853 1533//2853 1513//2853
f 1532//2854 1533//2854 1529//2854
f 1513//2855 1533//2855 1255//2855
f 1464//2856 1255//2856 1257//2856
f 1534//2857 1255//2857 1533//2857
f 1532//2858 1534//2858 1533//2858
f 1534//2859 1532//2859 1458//2859
f 1510//2860 1254//2860 1531//2860
f 1531//2861 1254//2861 1458//2861
f 1536//2862 1531//2862 1530//2862
f 1536//2863 1530//2863 1535//2863
f 1535//2864 1530//2864 1528//2864
f 1528//2865 1527//2865 1526//2865
f 1535//2866 1537//2866 1536//2866
f 1536//2867 1537//2867 1538//2867
f 1538//2868 1539//2868 1536//2868
f 1536//2869 1539//2869 1551//2869
f 1550//2870 1551//2870 1539//2870
f 1537//2871 1540//2871 1538//2871
f 1541//2872 1538//2872 1540//2872
f 1538//2873 1541//2873 1545//2873
f 1537//2874 1535//2874 1542//2874
f 1542//2875 1543//2875 1537//2875
f 1540//2876 1537//2876 1728//2876
f 1541//2877 1544//2877 1545//2877
f 1538//2878 1545//2878 1539//2878
f 1539//2879 1545//2879 1549//2879
f 1544//2880 1548//2880 1546//2880
f 1544//2881 1547//2881 1545//2881
f 1544//2882 1546//2882 1547//2882
f 1549//2883 1545//2883 1547//2883
f 1549//2884 1547//2884 1455//2884
f 1549//2885 1508//2885 1550//2885
f 1549//2886 1550//2886 1539//2886
f 1536//2887 1551//2887 1510//2887
f 1536//2888 1510//2888 1531//2888
f 1457//2889 1550//2889 1456//2889
f 1456//2890 1550//2890 1508//2890
f 1455//2891 1508//2891 1549//2891
f 1510//2892 1550//2892 1457//2892
f 1510//2893 1551//2893 1550//2893
f 1509//2894 1455//2894 1547//2894
f 1546//2895 1507//2895 1509//2895
f 1546//2896 1509//2896 1547//2896
f 1507//2897 1546//2897 1548//2897
f 1507//2898 1548//2898 1454//2898
f 1454//2899 1552//2899 1453//2899
f 1556//2900 1506//2900 1453//2900
f 1506//2901 1556//2901 1555//2901
f 1452//2902 1506//2902 1230//2902
f 1230//2903 1506//2903 1553//2903
f 1553//2904 1506//2904 1555//2904
f 1553//2905 1555//2905 1554//2905
f 1556//2906 1453//2906 1552//2906
f 1552//2907 1454//2907 1548//2907
f 1541//2908 1548//2908 1544//2908
f 1540//2909 1552//2909 1541//2909
f 1548//2910 1541//2910 1552//2910
f 1555//2911 1556//2911 1597//2911
f 1552//2912 1540//2912 1557//2912
f 1597//2913 1556//2913 1726//2913
f 1557//2914 1726//2914 1556//2914
f 1557//2915 1556//2915 1552//2915
f 1537//2916 1543//2916 1728//2916
f 1528//2917 1542//2917 1535//2917
f 1526//2918 1516//2918 1528//2918
f 1516//2919 1521//2919 1528//2919
f 1528//2920 1521//2920 1542//2920
f 1542//2921 1521//2921 1522//2921
f 1558//2922 1522//2922 1525//2922
f 1518//2923 1520//2923 1523//2923
f 1467//2924 1468//2924 1466//2924
f 1467//2925 1345//2925 1702//2925
f 1344//2926 1559//2926 1469//2926
f 1560//2927 1346//2927 1347//2927
f 1347//2928 1346//2928 1343//2928
f 1353//2929 1347//2929 1348//2929
f 1705//2930 1354//2930 1352//2930
f 1705//2931 1352//2931 1708//2931
f 1352//2932 1355//2932 1708//2932
f 1355//2933 1706//2933 1708//2933
f 1706//2934 1355//2934 1564//2934
f 1562//2935 1564//2935 1288//2935
f 1564//2936 1562//2936 1563//2936
f 1563//2937 1565//2937 1564//2937
f 1566//2938 1565//2938 1563//2938
f 1568//2939 1567//2939 1563//2939
f 1568//2940 1563//2940 1562//2940
f 1568//2941 1562//2941 1571//2941
f 1562//2942 1574//2942 1571//2942
f 1567//2943 1566//2943 1563//2943
f 1767//2944 1565//2944 1566//2944
f 1568//2945 1570//2945 1569//2945
f 1568//2946 1569//2946 1567//2946
f 1765//2947 1569//2947 1570//2947
f 1568//2948 1571//2948 1572//2948
f 1568//2949 1572//2949 1570//2949
f 1571//2950 1790//2950 1572//2950
f 1572//2951 1789//2951 1570//2951
f 1570//2952 1789//2952 1573//2952
f 1583//2953 1789//2953 1572//2953
f 1562//2954 1288//2954 1574//2954
f 1574//2955 1293//2955 1571//2955
f 1288//2956 1293//2956 1574//2956
f 1790//2957 1571//2957 1575//2957
f 1575//2958 1571//2958 1290//2958
f 1294//2959 1010//2959 1577//2959
f 1294//2960 1577//2960 1576//2960
f 1578//2961 1576//2961 1577//2961
f 1578//2962 1581//2962 1576//2962
f 1790//2963 1294//2963 1576//2963
f 1790//2964 1576//2964 1581//2964
f 1010//2965 970//2965 1296//2965
f 1295//2966 1014//2966 1579//2966
f 1295//2967 1579//2967 1296//2967
f 1577//2968 1010//2968 1580//2968
f 1580//2969 1010//2969 1296//2969
f 1580//2970 1296//2970 1579//2970
f 1580//2971 1579//2971 1300//2971
f 1299//2972 1297//2972 1300//2972
f 1300//2973 1297//2973 1301//2973
f 1577//2974 1580//2974 1578//2974
f 1578//2975 1580//2975 1300//2975
f 1300//2976 1301//2976 1581//2976
f 1300//2977 1581//2977 1578//2977
f 1581//2978 1301//2978 1582//2978
f 1582//2979 1301//2979 1587//2979
f 1581//2980 1583//2980 1790//2980
f 1585//2981 1584//2981 1587//2981
f 1584//2982 1770//2982 1587//2982
f 1587//2983 1770//2983 1582//2983
f 1586//2984 1585//2984 1148//2984
f 1586//2985 1148//2985 1142//2985
f 1587//2986 1588//2986 1585//2986
f 1585//2987 1588//2987 1148//2987
f 1473//2988 1471//2988 1474//2988
f 1588//2989 1587//2989 1302//2989
f 1302//2990 1473//2990 1588//2990
f 1148//2991 1588//2991 1474//2991
f 1474//2992 1588//2992 1473//2992
f 1553//2995 1590//2995 1251//2995
f 1554//2998 1590//2998 1553//2998
f 1591//3000 1590//3000 1632//3000
f 1590//3001 1554//3001 1592//3001
f 1592//3002 1554//3002 1555//3002
f 1555//3003 1597//3003 1592//3003
f 1590//3004 1593//3004 1632//3004
f 1593//3005 1590//3005 1592//3005
f 1593//3072 1592//3072 1631//3072
f 1631//3073 1592//3073 1597//3073
f 1634//3074 1593//3074 1631//3074
f 1632//3075 1633//3075 1630//3075
f 1632//3076 1593//3076 1634//3076
f 1635//3077 1634//3077 1631//3077
f 1634//3078 1633//3078 1632//3078
f 1632//3079 1630//3079 1591//3079
f 1639//3085 1776//3085 1633//3085
f 1633//3086 1776//3086 1636//3086
f 1150//3148 1140//3148 1144//3148
f 1142//3149 1144//3149 1140//3149
f 1585//3236 1586//3236 1698//3236
f 1586//3237 1141//3237 1698//3237
f 1143//3238 1698//3238 1141//3238
f 1560//3249 1347//3249 1353//3249
f 1560//3250 1353//3250 1354//3250
f 1560//3251 1354//3251 1561//3251
f 1344//3252 1346//3252 1560//3252
f 1344//3253 1560//3253 1559//3253
f 1559//3254 1560//3254 1561//3254
f 1469//3255 1703//3255 1342//3255
f 1342//3256 1703//3256 1712//3256
f 1345//3257 1712//3257 1702//3257
f 1467//3258 1702//3258 1468//3258
f 1469//3259 1559//3259 1561//3259
f 1704//3260 1561//3260 1354//3260
f 1708//3261 1709//3261 1705//3261
f 1706//3262 1564//3262 1707//3262
f 1707//3263 1564//3263 1565//3263
f 1561//3264 1704//3264 1710//3264
f 1469//3265 1561//3265 1710//3265
f 1469//3266 1710//3266 1703//3266
f 1703//3267 1710//3267 1711//3267
f 1712//3268 1703//3268 1711//3268
f 1713//3269 1712//3269 1711//3269
f 1713//3270 1711//3270 1714//3270
f 1711//3271 1710//3271 1715//3271
f 1711//3272 1715//3272 1714//3272
f 1716//3273 1714//3273 1715//3273
f 1713//3274 1714//3274 1717//3274
f 1712//3275 1713//3275 1702//3275
f 1468//3276 1702//3276 1520//3276
f 1718//3277 1520//3277 1702//3277
f 1719//3278 1523//3278 1520//3278
f 1719//3279 1520//3279 1718//3279
f 1524//3280 1523//3280 1719//3280
f 1719//3281 1718//3281 1720//3281
f 1720//3282 1721//3282 1719//3282
f 1721//3283 1722//3283 1719//3283
f 1724//3284 1721//3284 1720//3284
f 1719//3285 1722//3285 1524//3285
f 1524//3286 1722//3286 1763//3286
f 1724//3287 1811//3287 1721//3287
f 1721//3288 1811//3288 1722//3288
f 1811//3289 1724//3289 1723//3289
f 1720//3290 1718//3290 1717//3290
f 1702//3291 1713//3291 1718//3291
f 1720//3292 1717//3292 1724//3292
f 1714//3293 1724//3293 1717//3293
f 1723//3294 1716//3294 1725//3294
f 1715//3295 1704//3295 1716//3295
f 1716//3296 1704//3296 1725//3296
f 1715//3297 1710//3297 1704//3297
f 1725//3298 1704//3298 1354//3298
f 1725//3299 1354//3299 1705//3299
f 1725//3300 1705//3300 1723//3300
f 1705//3301 1709//3301 1723//3301
f 1631//3303 1597//3303 1726//3303
f 1631//3304 1726//3304 1635//3304
f 1750//3305 1726//3305 1557//3305
f 1727//3306 1557//3306 1540//3306
f 1727//3307 1540//3307 1728//3307
f 1542//3308 1522//3308 1558//3308
f 1525//3309 1729//3309 1558//3309
f 1558//3310 1729//3310 1543//3310
f 1525//3311 1524//3311 1760//3311
f 1726//3369 1750//3369 1635//3369
f 1751//3370 1635//3370 1750//3370
f 1752//3371 1750//3371 1557//3371
f 1754//3372 1753//3372 1728//3372
f 1557//3373 1727//3373 1752//3373
f 1727//3374 1755//3374 1752//3374
f 1753//3375 1727//3375 1728//3375
f 1727//3376 1753//3376 1755//3376
f 1783//3377 1753//3377 1756//3377
f 1753//3378 1754//3378 1756//3378
f 1757//3379 1756//3379 1754//3379
f 1758//3380 1757//3380 1754//3380
f 1542//3381 1558//3381 1543//3381
f 1759//3382 1543//3382 1729//3382
f 1543//3383 1759//3383 1728//3383
f 1728//3384 1759//3384 1754//3384
f 1754//3385 1759//3385 1758//3385
f 1525//3386 1761//3386 1762//3386
f 1525//3387 1762//3387 1729//3387
f 1759//3388 1729//3388 1762//3388
f 1760//3389 1761//3389 1525//3389
f 1761//3390 1760//3390 1764//3390
f 1763//3391 1760//3391 1524//3391
f 1763//3392 1764//3392 1760//3392
f 1766//3393 1764//3393 1763//3393
f 1761//3394 1764//3394 1765//3394
f 1766//3395 1567//3395 1569//3395
f 1567//3396 1766//3396 1566//3396
f 1565//3397 1767//3397 1707//3397
f 1810//3398 1768//3398 1766//3398
f 1706//3399 1707//3399 1708//3399
f 1768//3400 1767//3400 1566//3400
f 1768//3401 1566//3401 1766//3401
f 1768//3402 1707//3402 1767//3402
f 1812//3403 1709//3403 1768//3403
f 1709//3404 1708//3404 1707//3404
f 1709//3405 1707//3405 1768//3405
f 1698//3411 1153//3411 1585//3411
f 1153//3412 1698//3412 1152//3412
f 1584//3413 1585//3413 1769//3413
f 1769//3414 1585//3414 1153//3414
f 1153//3415 1152//3415 1769//3415
f 1769//3416 1770//3416 1584//3416
f 1771//3417 1151//3417 1155//3417
f 1155//3418 1772//3418 1771//3418
f 1780//3419 1771//3419 1772//3419
f 1134//3420 1773//3420 1155//3420
f 1155//3421 1773//3421 1772//3421
f 1780//3422 1772//3422 1774//3422
f 1785//3423 1158//3423 1159//3423
f 1785//3430 1157//3430 1158//3430
f 1786//3432 1785//3432 1159//3432
f 1773//3433 1156//3433 1157//3433
f 1777//3434 1780//3434 1774//3434
f 1774//3435 1772//3435 1778//3435
f 1157//3436 1785//3436 1773//3436
f 1774//3437 1751//3437 1777//3437
f 1774//3438 1635//3438 1751//3438
f 1771//3439 1154//3439 1151//3439
f 1154//3440 1781//3440 1769//3440
f 1781//3441 1770//3441 1769//3441
f 1782//3442 1770//3442 1781//3442
f 1771//3443 1780//3443 1154//3443
f 1781//3444 1154//3444 1782//3444
f 1782//3445 1154//3445 1780//3445
f 1782//3446 1783//3446 1770//3446
f 1780//3447 1777//3447 1755//3447
f 1780//3448 1755//3448 1782//3448
f 1777//3449 1751//3449 1752//3449
f 1777//3450 1752//3450 1755//3450
f 1752//3451 1751//3451 1750//3451
f 1635//3452 1774//3452 1779//3452
f 1639//3453 1779//3453 1778//3453
f 1778//3454 1779//3454 1774//3454
f 1635//3455 1779//3455 1634//3455
f 1634//3456 1779//3456 1633//3456
f 1639//3457 1633//3457 1779//3457
f 1776//3458 1639//3458 1778//3458
f 1778//3459 1772//3459 1785//3459
f 1785//3460 1772//3460 1773//3460
f 1786//3461 1778//3461 1785//3461
f 1776//3463 1778//3463 1786//3463
f 1302//3464 1587//3464 1301//3464
f 1755//3469 1783//3469 1782//3469
f 1755//3470 1753//3470 1783//3470
f 1783//3471 1756//3471 1784//3471
f 1770//3472 1783//3472 1784//3472
f 1787//3473 1770//3473 1784//3473
f 1787//3474 1788//3474 1770//3474
f 1770//3475 1788//3475 1582//3475
f 1582//3476 1788//3476 1581//3476
f 1581//3477 1788//3477 1583//3477
f 1788//3478 1787//3478 1789//3478
f 1788//3479 1789//3479 1583//3479
f 1294//3480 1290//3480 1265//3480
f 1290//3481 1294//3481 1575//3481
f 1575//3482 1294//3482 1790//3482
f 1790//3483 1583//3483 1572//3483
f 1787//3484 1573//3484 1789//3484
f 1807//3539 1787//3539 1784//3539
f 1807//3540 1784//3540 1756//3540
f 1807//3541 1756//3541 1806//3541
f 1806//3542 1756//3542 1757//3542
f 1570//3543 1807//3543 1765//3543
f 1807//3544 1570//3544 1573//3544
f 1806//3545 1761//3545 1765//3545
f 1806//3546 1765//3546 1807//3546
f 1807//3547 1573//3547 1787//3547
f 1806//3548 1757//3548 1758//3548
f 1759//3549 1762//3549 1758//3549
f 1758//3555 1762//3555 1806//3555
f 1762//3556 1761//3556 1806//3556
f 1718//3557 1713//3557 1717//3557
f 1724//3558 1714//3558 1723//3558
f 1714//3559 1716//3559 1723//3559
f 1722//3560 1811//3560 1810//3560
f 1763//3561 1722//3561 1810//3561
f 1812//3562 1723//3562 1709//3562
f 1811//3563 1723//3563 1812//3563
f 1811//3564 1812//3564 1768//3564
f 1810//3565 1811//3565 1768//3565
f 1810//3566 1766//3566 1763//3566
f 1765//3567 1764//3567 1766//3567
f 1765//3568 1766//3568 1569//3568
