# Blender 5.2.1 LTS
# www.blender.org
mtllib rogue_arm_r.mtl
o Rogue_RightArm
v -0.347872 -0.090233 -0.154654
v -0.347709 -0.078085 -0.173563
v -0.340059 -0.102113 -0.169863
v -0.339757 -0.092923 -0.183824
v -0.347505 -0.099057 -0.140673
v -0.327975 -0.060262 -0.158108
v -0.346999 -0.066359 -0.191848
v -0.327183 -0.045238 -0.181655
v -0.327499 -0.072130 -0.138821
v -0.347018 -0.106904 -0.131344
v -0.340110 -0.122082 -0.136383
v -0.339317 -0.113349 -0.152729
v -0.338853 -0.129561 -0.126027
v -0.346313 -0.116535 -0.113748
v -0.325753 -0.100185 -0.093387
v -0.326979 -0.087518 -0.114207
v -0.344830 -0.127475 -0.097550
v -0.337869 -0.141070 -0.105128
v -0.304276 -0.143880 -0.106697
v -0.342709 -0.139259 -0.080309
v -0.337048 -0.147728 -0.091939
v -0.324272 -0.111208 -0.075263
v -0.322575 -0.120729 -0.059902
v -0.286132 -0.108588 -0.051600
v -0.256430 -0.089566 -0.059420
v -0.339912 -0.150034 -0.064330
v -0.335442 -0.154000 -0.079658
v -0.333106 -0.161049 -0.062481
v -0.302266 -0.154762 -0.087810
v -0.336512 -0.160448 -0.054688
v -0.323785 -0.146629 -0.046903
v -0.318559 -0.160551 -0.060507
v -0.307158 -0.121499 -0.144121
v -0.338125 -0.078964 -0.206195
v -0.307395 -0.105536 -0.168897
v -0.305117 -0.068748 -0.222623
v -0.266945 -0.067843 -0.186551
v -0.270200 -0.058700 -0.203192
v -0.302472 -0.054037 -0.242035
v -0.307123 -0.087640 -0.195727
v -0.345295 -0.053099 -0.211407
v -0.343332 -0.041474 -0.227492
v -0.324771 -0.029676 -0.204409
v -0.278204 -0.049781 -0.139823
v -0.335681 -0.065194 -0.227144
v -0.333013 -0.051773 -0.245678
v -0.341454 -0.032975 -0.238987
v -0.321632 -0.016647 -0.223035
v -0.330656 -0.038914 -0.262397
v -0.338687 -0.021222 -0.255161
v -0.336119 -0.011502 -0.268661
v -0.330718 0.005498 -0.288420
v -0.288178 -0.020257 -0.195663
v -0.282806 -0.038380 -0.161829
v -0.262279 -0.039576 -0.173690
v -0.267045 -0.027402 -0.195228
v -0.269562 -0.018908 -0.210002
v -0.272058 -0.004544 -0.234760
v -0.270968 -0.065510 -0.108599
v -0.332954 -0.153373 -0.051774
v -0.310316 -0.161672 -0.053468
v -0.305517 -0.133656 -0.123783
v -0.287053 -0.160892 -0.064720
v -0.317917 -0.146767 -0.040976
v -0.304245 -0.165789 -0.040349
v -0.311369 -0.151931 -0.030679
v -0.303509 -0.127251 -0.033723
v -0.300064 -0.171216 -0.026759
v -0.296818 -0.179905 -0.009328
v -0.275113 -0.170822 -0.039957
v -0.268237 -0.182869 -0.016898
v -0.302204 -0.169532 0.000033
v -0.305393 -0.160797 -0.014178
v -0.292157 -0.137896 -0.007450
v -0.296037 -0.191887 0.011643
v -0.269342 -0.143459 -0.075680
v -0.233815 -0.132217 -0.060288
v -0.230037 -0.178691 0.009959
v -0.219684 -0.176036 0.014563
v -0.214845 -0.167130 0.005700
v -0.199304 -0.140135 0.015543
v -0.222020 -0.182146 0.011615
v -0.213269 -0.179287 0.023796
v -0.220988 -0.153409 -0.018588
v -0.238365 -0.125253 -0.074823
v -0.242587 -0.117464 -0.090224
v -0.327363 -0.026724 -0.278582
v -0.333951 -0.003578 -0.278141
v -0.307211 0.021216 -0.275259
v -0.317030 -0.003458 -0.241132
v -0.291274 -0.003043 -0.225049
v -0.293004 0.012001 -0.251136
v -0.293810 0.027184 -0.277210
v -0.312571 0.008624 -0.257806
v -0.322269 -0.008669 -0.300158
v -0.292610 -0.013293 -0.289657
v -0.313926 0.010209 -0.321460
v -0.281461 0.015669 -0.318551
v -0.303015 0.030433 -0.341815
v -0.328231 0.010261 -0.299346
v -0.324972 0.018251 -0.303685
v -0.300864 0.032673 -0.289637
v -0.322411 0.022487 -0.313832
v -0.318132 0.031884 -0.322383
v -0.312897 0.040677 -0.331551
v -0.293270 0.047415 -0.310126
v -0.276318 0.039793 -0.307290
v -0.275590 0.051587 -0.324601
v -0.288636 0.058659 -0.328535
v -0.303831 0.052266 -0.348216
v -0.311671 0.020937 -0.330410
v -0.308720 0.047591 -0.339019
v -0.303815 0.035942 -0.344876
v -0.292702 0.051371 -0.360922
v -0.273131 0.061988 -0.364863
v -0.288346 0.061268 -0.368565
v -0.292659 0.068672 -0.364702
v -0.280496 0.072098 -0.378755
v -0.274678 0.049714 -0.352405
v -0.270687 0.052561 -0.341656
v -0.283246 0.081072 -0.378227
v -0.288075 0.075744 -0.367320
v -0.299234 0.060943 -0.353061
v -0.282592 0.070474 -0.347641
v -0.277248 0.080929 -0.363638
v -0.273722 0.064201 -0.342856
v -0.269327 0.077166 -0.378357
v -0.266445 0.092047 -0.388463
v -0.270683 0.077015 -0.362566
v -0.268496 0.073258 -0.366713
v -0.270905 0.091069 -0.380427
v -0.275835 0.089707 -0.386281
v -0.269777 0.094639 -0.388823
v -0.273862 0.084427 -0.388217
v -0.267275 0.095075 -0.395153
v -0.299158 -0.036890 -0.263361
v -0.280244 0.002077 -0.298918
v -0.279437 -0.009453 -0.282290
v -0.276241 -0.033236 -0.245678
v -0.265832 -0.023135 -0.224749
v -0.268736 -0.007536 -0.250917
v -0.274681 0.010071 -0.259224
v -0.275989 0.021846 -0.278466
v -0.295291 0.039697 -0.297444
v -0.276489 0.029774 -0.290878
v -0.271252 0.009776 -0.279301
v -0.277921 -0.019215 -0.267113
v -0.332441 -0.234971 0.083535
v -0.328355 -0.229035 0.075642
v -0.328381 -0.242392 0.071648
v -0.324796 -0.228898 0.106626
v -0.327461 -0.236234 0.066318
v -0.318876 -0.225940 0.093224
v -0.324486 -0.228112 0.066237
v -0.318888 -0.230105 0.061105
v -0.317923 -0.239884 0.059619
v -0.305487 -0.214063 0.099339
v -0.294529 -0.197802 0.092410
v -0.295031 -0.213117 0.087270
v -0.303432 -0.221987 0.089295
v -0.313599 -0.244392 0.062211
v -0.328967 -0.234898 0.099725
v -0.322607 -0.242738 0.100590
v -0.327838 -0.243367 0.087943
v -0.323179 -0.246283 0.076964
v -0.310484 -0.249605 0.089479
v -0.321579 -0.235277 0.109183
v -0.314969 -0.227595 0.114702
v -0.309257 -0.244764 0.102245
v -0.306291 -0.216078 0.113756
v -0.307665 -0.224333 0.115229
v -0.280836 -0.246291 0.072702
v -0.265780 -0.242271 0.056568
v -0.277675 -0.244724 0.077230
v -0.299735 -0.244708 0.097028
v -0.293379 -0.244052 0.058065
v -0.270934 -0.237995 0.050139
v -0.287499 -0.229974 0.054522
v -0.301766 -0.229758 0.058258
v -0.306291 -0.230096 0.074378
v -0.300917 -0.227338 0.080951
v -0.303903 -0.210318 0.106142
v -0.288893 -0.217297 0.108531
v -0.287668 -0.217824 0.077762
v -0.278375 0.034972 -0.338362
v -0.248791 -0.106927 -0.111562
v -0.227972 -0.141998 -0.040981
v -0.206844 -0.127148 -0.013110
v -0.212025 -0.117557 -0.023407
v -0.218032 -0.109642 -0.038313
v -0.206492 -0.126883 -0.003610
v -0.229220 -0.135225 0.032500
v -0.200122 -0.139858 0.021645
v -0.235344 -0.121590 0.006631
v -0.244530 -0.107043 -0.022805
v -0.250788 -0.150340 0.043097
v -0.218206 -0.110030 -0.042765
v -0.239577 -0.080305 -0.095086
v -0.225969 -0.098112 -0.061071
v -0.231304 -0.091102 -0.082763
v -0.224606 -0.101117 -0.061883
v -0.239199 -0.081034 -0.107591
v -0.263901 -0.078058 -0.083259
v -0.298616 -0.216027 0.114370
v -0.295867 -0.208035 0.112621
v -0.290701 -0.210783 0.114063
v -0.294038 -0.214955 0.121993
v -0.283973 -0.223684 0.111057
v -0.286226 -0.225763 0.099653
v -0.277686 -0.237625 0.084688
v -0.281870 -0.232855 0.090756
v -0.271839 -0.236679 0.080357
v -0.278298 -0.232931 0.109957
v -0.280998 -0.242213 0.117308
v -0.275964 -0.247065 0.089612
v -0.269330 -0.247229 0.082667
v -0.269959 -0.234407 0.079108
v -0.261447 -0.238012 0.069230
v -0.266761 -0.228617 0.081125
v -0.250399 -0.231297 0.089426
v -0.273530 -0.250702 0.096888
v -0.254455 -0.242693 0.080067
v -0.258545 -0.252349 0.083278
v -0.259464 -0.222823 0.086715
v -0.265605 -0.222655 0.082122
v -0.248656 -0.230069 0.087994
v -0.253555 -0.222569 0.073049
v -0.245933 -0.239161 0.064458
v -0.258537 -0.243519 0.057718
v -0.244894 -0.239440 0.053914
v -0.286918 -0.226785 0.069144
v -0.277584 -0.209996 0.071477
v -0.283447 -0.184809 0.079123
v -0.276284 -0.193017 0.073614
v -0.276932 -0.188429 0.070759
v -0.289248 -0.191329 0.085513
v -0.285144 -0.188983 0.091957
v -0.288284 -0.197538 0.105497
v -0.286922 -0.201911 0.111301
v -0.291166 -0.200372 0.128201
v -0.295018 -0.195590 0.124937
v -0.294785 -0.187754 0.110739
v -0.298690 -0.187539 0.136413
v -0.291843 -0.170827 0.121510
v -0.292849 -0.171989 0.136398
v -0.297141 -0.188674 0.150139
v -0.292491 -0.197779 0.148198
v -0.291927 -0.220243 0.135825
v -0.292225 -0.212217 0.138124
v -0.286834 -0.229921 0.119608
v -0.281655 -0.236550 0.134365
v -0.289046 -0.200133 0.136947
v -0.284835 -0.199775 0.144566
v -0.282054 -0.200295 0.162222
v -0.286821 -0.196955 0.164456
v -0.292011 -0.187667 0.163843
v -0.278560 -0.194316 0.175978
v -0.281160 -0.186167 0.177870
v -0.281961 -0.170402 0.162382
v -0.268819 -0.171049 0.176889
v -0.268960 -0.192559 0.183281
v -0.276413 -0.198124 0.170630
v -0.274074 -0.210164 0.177943
v -0.269448 -0.198921 0.176730
v -0.263960 -0.195980 0.182741
v -0.281380 -0.220494 0.171113
v -0.284617 -0.211594 0.164840
v -0.272350 -0.223605 0.177209
v -0.272985 -0.218823 0.186595
v -0.267756 -0.206376 0.187466
v -0.267204 -0.233671 0.174065
v -0.274441 -0.241971 0.165709
v -0.286825 -0.218859 0.155145
v -0.278970 -0.228232 0.145404
v -0.272551 -0.239141 0.142518
v -0.277968 -0.238903 0.150563
v -0.277761 -0.240168 0.159833
v -0.271040 -0.257895 0.147600
v -0.285470 -0.212874 0.148037
v -0.308546 -0.212308 0.055355
v -0.306512 -0.219734 0.052376
v -0.303759 -0.198674 0.042388
v -0.299284 -0.207487 0.035334
v -0.298250 -0.195273 0.059515
v -0.285538 -0.218111 0.040539
v -0.266090 -0.199656 0.008985
v -0.267772 -0.209110 0.022512
v -0.301290 -0.187527 0.027773
v -0.301051 -0.177807 0.013935
v -0.290896 -0.215821 0.059018
v -0.289981 -0.211771 0.062882
v -0.290631 -0.173315 0.041300
v -0.288048 -0.175341 0.053755
v -0.286089 -0.150947 0.017753
v -0.289344 -0.161509 0.040548
v -0.293271 -0.169374 0.046750
v -0.290247 -0.169901 0.052620
v -0.288868 -0.180777 0.065174
v -0.279791 -0.214387 0.065714
v -0.286528 -0.162821 0.035667
v -0.276339 -0.159920 0.040027
v -0.277208 -0.158837 0.047026
v -0.277763 -0.164417 0.055820
v -0.271220 -0.165507 0.054629
v -0.271602 -0.171451 0.063664
v -0.277232 -0.180348 0.075720
v -0.263567 -0.185131 0.069942
v -0.278877 -0.180995 0.084244
v -0.287351 -0.193660 0.098261
v -0.284943 -0.178887 0.091172
v -0.268202 -0.171728 0.081059
v -0.271119 -0.160585 0.091792
v -0.283586 -0.174988 0.093715
v -0.279344 -0.172213 0.102641
v -0.255135 -0.134592 0.112296
v -0.270414 -0.163353 0.098353
v -0.261260 -0.151884 0.098446
v -0.251188 -0.134926 0.102135
v -0.255628 -0.133429 0.121647
v -0.282877 -0.170504 0.115625
v -0.289065 -0.172538 0.109555
v -0.288473 -0.169949 0.149693
v -0.281633 -0.169336 0.142422
v -0.276657 -0.169949 0.153829
v -0.264184 -0.183268 0.187618
v -0.250518 -0.168869 0.187250
v -0.254849 -0.170514 0.176080
v -0.267015 -0.170445 0.166697
v -0.241539 -0.164618 0.186995
v -0.241603 -0.166990 0.179848
v -0.234152 -0.173247 0.199130
v -0.246766 -0.179633 0.194394
v -0.254639 -0.194318 0.187399
v -0.243364 -0.192707 0.189584
v -0.258682 -0.207849 0.194586
v -0.247278 -0.210964 0.197450
v -0.267619 -0.236437 0.183029
v -0.269506 -0.220188 0.191121
v -0.260682 -0.254142 0.171175
v -0.264025 -0.244644 0.173833
v -0.267771 -0.249544 0.139675
v -0.270935 -0.266285 0.118389
v -0.272459 -0.246886 0.106910
v -0.236713 -0.236496 0.083105
v -0.265704 -0.255662 0.092304
v -0.240539 -0.251712 0.081665
v -0.264362 -0.256219 0.102524
v -0.272429 -0.258553 0.109937
v -0.242190 -0.260570 0.091551
v -0.227786 -0.242279 0.081519
v -0.239702 -0.225228 0.076484
v -0.269622 -0.226627 0.050058
v -0.274204 -0.216134 0.065799
v -0.253575 -0.194107 0.011672
v -0.239147 -0.186682 0.013749
v -0.233710 -0.191030 0.015218
v -0.265545 -0.206835 0.009920
v -0.255109 -0.201274 0.008667
v -0.248709 -0.200288 0.014164
v -0.255604 -0.210695 0.022653
v -0.247699 -0.196322 0.021114
v -0.248815 -0.203128 0.022199
v -0.253749 -0.205141 0.029183
v -0.269470 -0.211983 0.026777
v -0.236570 -0.193480 0.027456
v -0.230867 -0.194745 0.023088
v -0.220560 -0.190499 0.027068
v -0.215306 -0.185167 0.022391
v -0.199010 -0.148359 0.035278
v -0.262520 -0.156010 0.043657
v -0.264553 -0.160951 0.051624
v -0.261408 -0.156797 0.058654
v -0.260118 -0.150410 0.047689
v -0.260988 -0.165979 0.063025
v -0.250835 -0.161441 0.062520
v -0.250883 -0.153999 0.062192
v -0.245661 -0.148327 0.053298
v -0.241600 -0.150628 0.050438
v -0.239300 -0.172184 0.076344
v -0.252105 -0.182170 0.067387
v -0.235632 -0.177083 0.067321
v -0.238013 -0.178502 0.069013
v -0.252623 -0.181944 0.071198
v -0.269787 -0.176721 0.074878
v -0.246957 -0.164190 0.081068
v -0.261248 -0.169394 0.080398
v -0.256613 -0.131487 0.099362
v -0.250097 -0.134544 0.089664
v -0.267035 -0.121364 0.114338
v -0.262866 -0.129597 0.126852
v -0.284009 -0.169646 0.127504
v -0.259664 -0.152899 0.154839
v -0.245188 -0.128972 0.139945
v -0.246160 -0.146503 0.159912
v -0.272131 0.032255 -0.313629
v -0.259432 -0.087253 -0.150896
v -0.254806 -0.098089 -0.130590
v -0.260777 -0.040273 -0.193939
v -0.263830 -0.076027 -0.171466
v -0.255633 -0.053645 -0.168341
v -0.249550 -0.066395 -0.143166
v -0.257010 -0.051357 -0.151360
v -0.251743 -0.062255 -0.129097
v -0.273912 -0.047669 -0.222944
v -0.263483 -0.217507 0.037829
v -0.267988 -0.220847 0.059284
v -0.274523 -0.223955 0.061137
v -0.251966 -0.219624 0.045571
v -0.258476 -0.214439 0.056945
v -0.253831 -0.224819 0.043812
v -0.238100 -0.224473 0.041393
v -0.245454 -0.203220 0.055469
v -0.245348 -0.211193 0.050356
v -0.250878 -0.203301 0.054307
v -0.264605 -0.215899 0.055345
v -0.239854 -0.194732 0.054138
v -0.247294 -0.233391 0.050261
v -0.239898 -0.238053 0.058703
v -0.244850 -0.227370 0.064002
v -0.238844 -0.231043 0.057814
v -0.232924 -0.212855 0.040051
v -0.218687 -0.220637 0.044301
v -0.217592 -0.221447 0.051046
v -0.238712 -0.195910 0.057430
v -0.243646 -0.201634 0.035988
v -0.222322 -0.192411 0.038059
v -0.231224 -0.190946 0.057624
v -0.217527 -0.183693 0.060345
v -0.224190 -0.185946 0.057444
v -0.209055 -0.179154 0.054073
v -0.220516 -0.182074 0.060372
v -0.214218 -0.188143 0.041679
v -0.223066 -0.189873 0.031938
v -0.197510 -0.152208 0.034939
v -0.216045 -0.177885 0.062011
v -0.202350 -0.155822 0.047647
v -0.229968 -0.149457 0.052884
v -0.212276 -0.165430 0.064208
v -0.236855 -0.160499 0.065483
v -0.203060 -0.170199 0.063198
v -0.243007 -0.157209 0.059924
v -0.267489 -0.267227 0.127695
v -0.265374 -0.267786 0.108440
v -0.258206 -0.274412 0.115461
v -0.257984 -0.268769 0.105273
v -0.253019 -0.260631 0.101506
v -0.231715 -0.257979 0.089399
v -0.224533 -0.250458 0.085926
v -0.236769 -0.267363 0.102525
v -0.257577 -0.274355 0.124822
v -0.254979 -0.272272 0.131813
v -0.239903 -0.273439 0.125635
v -0.230608 -0.260752 0.098313
v -0.234621 -0.230474 0.085718
v -0.227484 -0.226064 0.086120
v -0.225605 -0.214253 0.037681
v -0.224888 -0.200092 0.048726
v -0.197296 -0.195335 0.043371
v -0.209708 -0.176148 0.066075
v -0.189092 -0.185639 0.053831
v -0.191599 -0.177927 0.065496
v -0.200340 -0.171028 0.079065
v -0.218478 -0.169582 0.076408
v -0.221572 -0.177597 0.065120
v -0.228438 -0.177940 0.065865
v -0.221318 -0.171904 0.065898
v -0.264101 -0.262951 0.166493
v -0.262231 -0.263764 0.136237
v -0.261221 -0.236003 0.192329
v -0.259909 -0.267134 0.183954
v -0.260380 -0.218757 0.196211
v -0.248146 -0.242998 0.195280
v -0.231684 -0.225010 0.189869
v -0.257373 -0.276653 0.175681
v -0.256496 -0.269101 0.168700
v -0.251446 -0.283749 0.183772
v -0.251827 -0.284666 0.175754
v -0.250818 -0.277416 0.166250
v -0.257481 -0.279024 0.162411
v -0.263966 -0.276748 0.156810
v -0.264342 -0.274746 0.144597
v -0.253681 -0.285844 0.149824
v -0.239330 -0.282433 0.159291
v -0.231873 -0.287710 0.158415
v -0.242232 -0.286995 0.143110
v -0.258508 -0.280711 0.141953
v -0.251184 -0.279713 0.133823
v -0.226076 -0.271477 0.110619
v -0.225102 -0.271258 0.119870
v -0.245261 -0.284158 0.136037
v -0.227647 -0.277208 0.124592
v -0.220383 -0.281172 0.138957
v -0.229714 -0.282195 0.151754
v -0.242255 -0.287253 0.184481
v -0.220764 -0.279056 0.147275
v -0.230715 -0.290871 0.164181
v -0.219329 -0.285975 0.152189
v -0.220942 -0.291066 0.162995
v -0.238032 -0.282744 0.188883
v -0.217470 -0.287942 0.170050
v -0.251066 -0.277408 0.190159
v -0.245762 -0.272512 0.193479
v -0.221957 -0.281448 0.180437
v -0.229936 -0.277884 0.188394
v -0.212716 -0.280727 0.172882
v -0.234731 -0.270897 0.191911
v -0.239500 -0.256189 0.191686
v -0.227986 -0.268523 0.209283
v -0.220426 -0.285682 0.185906
v -0.209968 -0.285290 0.153677
v -0.211135 -0.276425 0.145148
v -0.209365 -0.271674 0.142178
v -0.204225 -0.268334 0.140371
v -0.206281 -0.290074 0.143225
v -0.199159 -0.288248 0.135602
v -0.201261 -0.263745 0.140412
v -0.190282 -0.277749 0.134171
v -0.208983 -0.262976 0.147298
v -0.201509 -0.255211 0.151040
v -0.206945 -0.281541 0.161910
v -0.202776 -0.293796 0.152131
v -0.188123 -0.288159 0.135774
v -0.197989 -0.296175 0.144394
v -0.189320 -0.294928 0.144061
v -0.189897 -0.263887 0.139244
v -0.179567 -0.255881 0.148913
v -0.177986 -0.271571 0.143299
v -0.173196 -0.257481 0.155138
v -0.199116 -0.282657 0.164570
v -0.192782 -0.292916 0.151993
v -0.209571 -0.286317 0.181104
v -0.237425 -0.235799 0.191771
v -0.235784 -0.254592 0.191226
v -0.224068 -0.251489 0.205777
v -0.227922 -0.281222 0.203369
v -0.222376 -0.263017 0.215353
v -0.213158 -0.260507 0.226645
v -0.212208 -0.265088 0.233136
v -0.206005 -0.274857 0.167624
v -0.198788 -0.273721 0.173736
v -0.223194 -0.286252 0.195656
v -0.207144 -0.287809 0.189877
v -0.226045 -0.283436 0.220958
v -0.221928 -0.273755 0.228933
v -0.225066 -0.290502 0.213791
v -0.236743 -0.293529 0.218641
v -0.228748 -0.274479 0.236736
v -0.238981 -0.297030 0.224786
v -0.226644 -0.290991 0.242066
v -0.220572 -0.261152 0.246701
v -0.233938 -0.300637 0.233196
v -0.221947 -0.302568 0.237706
v -0.219465 -0.276191 0.249884
v -0.207884 -0.296032 0.246735
v -0.214603 -0.312143 0.228046
v -0.197967 -0.313051 0.228164
v -0.236735 -0.307770 0.224163
v -0.238286 -0.306817 0.215963
v -0.234364 -0.304868 0.208054
v -0.219981 -0.294902 0.207214
v -0.207854 -0.297905 0.201818
v -0.199932 -0.297142 0.201643
v -0.223318 -0.310356 0.199315
v -0.232483 -0.315531 0.211801
v -0.220142 -0.319320 0.204865
v -0.267664 -0.119357 0.132330
v -0.250398 -0.138664 0.096434
v -0.245902 -0.135366 0.082683
v -0.262003 -0.122804 0.098554
v -0.252330 -0.124852 0.080133
v -0.254841 -0.114781 0.150228
v -0.246607 -0.101203 0.134217
v -0.258130 -0.129636 0.137984
v -0.263441 -0.120768 0.139775
v -0.253213 -0.132245 0.130167
v -0.225156 -0.134744 0.159828
v -0.231612 -0.147354 0.167857
v -0.236239 -0.156174 0.173338
v -0.234486 -0.152655 0.179663
v -0.225987 -0.160519 0.190405
v -0.219131 -0.146022 0.181219
v -0.227463 -0.139292 0.171374
v -0.210116 -0.152652 0.176841
v -0.251864 -0.105165 0.106433
v -0.247287 -0.140797 0.082818
v -0.261278 -0.148405 0.090896
v -0.240448 -0.139227 0.078679
v -0.236899 -0.141216 0.078669
v -0.228363 -0.145645 0.082714
v -0.237472 -0.129111 0.061242
v -0.227109 -0.135456 0.051884
v -0.243872 -0.108932 0.084647
v -0.234472 -0.112314 0.070323
v -0.231918 -0.109164 0.083087
v -0.239096 -0.106704 0.097496
v -0.245434 -0.126035 0.150855
v -0.241824 -0.104636 0.112584
v -0.229503 -0.093268 0.093997
v -0.233849 -0.098214 0.148918
v -0.235581 -0.101242 0.131421
v -0.219733 -0.081735 0.126869
v -0.212340 -0.064843 0.101995
v -0.219799 -0.097725 0.146412
v -0.195489 -0.069394 0.139687
v -0.211679 -0.095575 0.163861
v -0.249248 -0.130562 0.136608
v -0.235599 -0.126898 0.147949
v -0.240949 -0.129012 0.144827
v -0.226905 -0.124431 0.151835
v -0.216873 -0.166146 0.186436
v -0.240492 -0.188383 0.193716
v -0.225365 -0.201086 0.192147
v -0.219403 -0.210042 0.189141
v -0.229633 -0.192574 0.189435
v -0.224731 -0.189461 0.186538
v -0.225847 -0.186486 0.196931
v -0.225606 -0.137724 0.079216
v -0.204112 -0.154802 0.077718
v -0.216896 -0.149641 0.078889
v -0.215436 -0.143955 0.074116
v -0.216289 -0.137455 0.073013
v -0.201659 -0.151049 0.072673
v -0.198348 -0.141384 0.070699
v -0.210123 -0.134479 0.073593
v -0.234417 -0.139815 0.071528
v -0.225137 -0.115765 0.058048
v -0.219355 -0.111550 0.056136
v -0.217980 -0.113252 0.066389
v -0.214023 -0.127697 0.045792
v -0.216513 -0.140074 0.047874
v -0.211683 -0.145553 0.052985
v -0.205889 -0.134471 0.070148
v -0.187317 -0.146811 0.071984
v -0.189366 -0.142561 0.066046
v -0.205371 -0.142482 0.060768
v -0.184346 -0.137813 0.064538
v -0.199849 -0.135988 0.064833
v -0.205922 -0.139211 0.050158
v -0.193608 -0.125762 0.061891
v -0.192856 -0.117805 0.045816
v -0.188057 -0.117554 0.059100
v -0.179112 -0.148118 0.070717
v -0.240251 -0.112582 0.161990
v -0.231443 -0.123555 0.160148
v -0.220137 -0.125170 0.163763
v -0.213959 -0.135564 0.174437
v -0.219277 -0.121146 0.167857
v -0.220286 -0.123873 0.155252
v -0.209003 -0.126351 0.168729
v -0.205197 -0.120370 0.174184
v -0.209126 -0.108991 0.177733
v -0.225931 -0.110257 0.170248
v -0.239323 -0.222701 0.066152
v -0.227073 -0.219152 0.079046
v -0.227904 -0.213500 0.063248
v -0.213958 -0.206681 0.037665
v -0.193335 -0.174399 0.074682
v -0.195107 -0.175298 0.081729
v -0.186942 -0.184761 0.073965
v -0.185825 -0.183094 0.066590
v -0.195471 -0.181291 0.083134
v -0.190647 -0.159598 0.080300
v -0.163840 -0.118404 0.059618
v -0.180116 -0.151724 0.076574
v -0.194567 -0.194918 0.043231
v -0.205231 -0.215240 0.047447
v -0.202964 -0.206895 0.041243
v -0.190134 -0.204983 0.050224
v -0.183918 -0.193423 0.059035
v -0.220495 -0.199693 0.069197
v -0.223098 -0.207116 0.064749
v -0.185492 -0.197418 0.061453
v -0.219323 -0.204343 0.076606
v -0.219259 -0.191478 0.076590
v -0.217744 -0.196861 0.083634
v -0.205940 -0.186570 0.080200
v -0.197089 -0.183291 0.080642
v -0.220697 -0.211311 0.084494
v -0.181484 -0.162879 0.087570
v -0.185525 -0.157325 0.077214
v -0.175973 -0.161121 0.083946
v -0.203943 -0.193648 0.086379
v -0.196803 -0.195497 0.094314
v -0.217181 -0.203075 0.092867
v -0.215666 -0.213145 0.099074
v -0.218428 -0.220867 0.094384
v -0.222714 -0.222925 0.087862
v -0.214627 -0.228884 0.079893
v -0.212401 -0.263668 0.113337
v -0.203504 -0.254652 0.099551
v -0.223103 -0.280308 0.130039
v -0.207874 -0.271442 0.122016
v -0.195685 -0.264498 0.107911
v -0.207566 -0.252768 0.095213
v -0.230286 -0.269927 0.104709
v -0.210810 -0.238919 0.082372
v -0.210911 -0.220547 0.088070
v -0.214719 -0.224858 0.105347
v -0.206802 -0.226236 0.102924
v -0.215149 -0.206738 0.104813
v -0.203511 -0.204224 0.107434
v -0.234338 -0.244076 0.185351
v -0.231663 -0.236539 0.181922
v -0.220060 -0.220454 0.181589
v -0.203597 -0.226502 0.176086
v -0.223194 -0.225984 0.176187
v -0.225046 -0.232482 0.180329
v -0.218109 -0.237841 0.190080
v -0.223222 -0.242443 0.193429
v -0.211156 -0.255238 0.216239
v -0.213033 -0.244151 0.204424
v -0.200019 -0.252899 0.212629
v -0.218720 -0.222066 0.175023
v -0.216786 -0.222655 0.170129
v -0.210096 -0.225137 0.169292
v -0.209954 -0.231401 0.178515
v -0.205670 -0.239923 0.192545
v -0.200972 -0.244742 0.201855
v -0.197421 -0.255313 0.221856
v -0.197195 -0.259829 0.231418
v -0.215532 -0.255604 0.245721
v -0.202216 -0.250989 0.246014
v -0.212714 -0.258982 0.255085
v -0.196388 -0.280714 0.254114
v -0.187081 -0.252521 0.255788
v -0.179085 -0.313399 0.212947
v -0.201938 -0.319771 0.204536
v -0.192993 -0.307123 0.236385
v -0.173921 -0.308331 0.214497
v -0.186995 -0.294014 0.245159
v -0.178348 -0.295881 0.239249
v -0.168199 -0.298296 0.220016
v -0.181466 -0.316697 0.206053
v -0.203731 -0.314349 0.196076
v -0.193302 -0.287737 0.198214
v -0.194032 -0.282370 0.189519
v -0.195055 -0.271865 0.178344
v -0.187447 -0.273098 0.191854
v -0.191467 -0.266055 0.179406
v -0.181006 -0.283926 0.149147
v -0.182941 -0.286573 0.140289
v -0.186067 -0.252609 0.148131
v -0.198638 -0.249481 0.154676
v -0.203705 -0.238772 0.141129
v -0.198620 -0.230718 0.156240
v -0.206671 -0.256434 0.142595
v -0.224511 -0.111464 0.073008
v -0.211510 -0.065904 0.087136
v -0.204244 -0.061073 0.075132
v -0.202811 -0.067217 0.067851
v -0.198220 -0.042842 0.083633
v -0.192555 -0.046137 0.118518
v -0.194541 -0.077812 0.054675
v -0.203198 -0.090567 0.059004
v -0.211658 -0.100559 0.054294
v -0.202974 -0.088530 0.049028
v -0.190276 -0.069369 0.041596
v -0.196218 -0.101693 0.039511
v -0.179670 -0.098656 0.039321
v -0.220584 -0.085747 0.083277
v -0.220824 -0.184390 0.184213
v -0.207243 -0.211912 0.188475
v -0.193516 -0.247364 0.194410
v -0.198512 -0.239229 0.183641
v -0.205050 -0.229606 0.170609
v -0.198895 -0.224630 0.185264
v -0.202898 -0.234005 0.175155
v -0.218558 -0.202626 0.190225
v -0.207002 -0.199439 0.191362
v -0.222480 -0.182838 0.194961
v -0.208502 -0.181374 0.183441
v -0.217375 -0.178753 0.181067
v -0.215307 -0.172171 0.177494
v -0.195352 -0.214645 0.193963
v -0.188669 -0.211001 0.197142
v -0.186508 -0.228892 0.189539
v -0.208388 -0.121793 0.166316
v -0.198818 -0.122262 0.159087
v -0.193933 -0.119641 0.156869
v -0.192152 -0.119448 0.178827
v -0.183131 -0.119866 0.161690
v -0.201200 -0.136057 0.162498
v -0.212099 -0.165037 0.173152
v -0.208850 -0.157225 0.167535
v -0.205598 -0.148052 0.159938
v -0.196252 -0.158480 0.166004
v -0.186280 -0.162015 0.167766
v -0.193794 -0.180605 0.186039
v -0.204600 -0.184190 0.187147
v -0.180459 -0.207852 0.195450
v -0.192324 -0.248127 0.185849
v -0.206753 -0.245478 0.091456
v -0.203483 -0.232917 0.084265
v -0.203841 -0.223560 0.086762
v -0.204003 -0.222866 0.097133
v -0.213653 -0.233476 0.110549
v -0.209155 -0.222475 0.121772
v -0.208559 -0.234493 0.118648
v -0.198254 -0.238215 0.116905
v -0.198308 -0.234474 0.108999
v -0.214492 -0.207953 0.126747
v -0.206999 -0.234372 0.124854
v -0.200221 -0.204151 0.118090
v -0.180757 -0.182168 0.099659
v -0.156389 -0.124842 0.064756
v -0.181724 -0.107339 0.056163
v -0.176104 -0.095673 0.057072
v -0.173356 -0.111907 0.056567
v -0.176840 -0.103524 0.058616
v -0.167731 -0.109358 0.058860
v -0.168798 -0.088544 0.044606
v -0.168833 -0.084532 0.032096
v -0.154096 -0.069228 0.022635
v -0.171897 -0.088884 0.054405
v -0.167219 -0.082127 0.051914
v -0.148778 -0.065510 0.033234
v -0.184873 -0.047299 0.052123
v -0.188395 -0.025726 0.094179
v -0.184856 -0.078412 0.151904
v -0.191880 -0.091819 0.168488
v -0.192475 -0.110107 0.182783
v -0.183269 -0.108048 0.184042
v -0.201416 -0.094961 0.156650
v -0.191124 -0.090474 0.157822
v -0.184246 -0.077822 0.160877
v -0.177739 -0.065470 0.155205
v -0.166658 -0.076745 0.167369
v -0.178872 -0.066527 0.146306
v -0.185301 -0.050612 0.131050
v -0.175823 -0.094597 0.176162
v -0.166072 -0.103035 0.171875
v -0.176483 -0.120428 0.182474
v -0.201683 -0.139895 0.152566
v -0.197886 -0.133925 0.152430
v -0.194518 -0.126213 0.145839
v -0.195618 -0.144190 0.152345
v -0.188735 -0.148460 0.151087
v -0.178997 -0.180763 0.179250
v -0.182655 -0.249077 0.185023
v -0.189720 -0.256936 0.184071
v -0.172138 -0.233663 0.183150
v -0.191854 -0.256619 0.212214
v -0.183912 -0.260456 0.226780
v -0.185441 -0.260994 0.222210
v -0.191485 -0.248480 0.250610
v -0.173296 -0.297134 0.206436
v -0.165295 -0.280338 0.211347
v -0.180110 -0.302665 0.201280
v -0.182197 -0.282999 0.209454
v -0.186956 -0.290268 0.205951
v -0.183428 -0.311205 0.199792
v -0.181285 -0.272315 0.213379
v -0.177744 -0.257437 0.180528
v -0.183138 -0.272826 0.172503
v -0.172060 -0.256781 0.173196
v -0.171174 -0.258912 0.162772
v -0.176323 -0.275392 0.161035
v -0.186014 -0.281092 0.166164
v -0.175547 -0.273958 0.149999
v -0.202148 -0.230738 0.156556
v -0.187960 -0.235165 0.149452
v -0.205785 -0.228117 0.133504
v -0.207351 -0.239062 0.122766
v -0.200741 -0.245882 0.121562
v -0.201968 -0.233213 0.101864
v -0.199633 -0.237129 0.097899
v -0.213650 -0.247747 0.124632
v -0.197452 -0.249631 0.133738
v -0.209982 -0.248098 0.132777
v -0.193029 -0.242490 0.107605
v -0.205996 -0.251015 0.137461
v -0.210935 -0.101735 0.062834
v -0.194401 -0.253874 0.107404
v -0.190910 -0.263609 0.109188
v -0.202290 -0.257218 0.106411
v -0.186920 -0.249990 0.118226
v -0.195111 -0.247912 0.114146
v -0.198038 -0.249117 0.099105
v -0.184752 -0.259403 0.114057
v -0.184708 -0.254024 0.124022
v -0.195107 -0.240993 0.102191
v -0.215372 -0.210804 0.134026
v -0.209772 -0.216876 0.137342
v -0.208472 -0.220485 0.143360
v -0.199210 -0.221452 0.141422
v -0.205805 -0.225502 0.152958
v -0.196474 -0.214143 0.131621
v -0.190841 -0.199643 0.114655
v -0.175278 -0.164978 0.095370
v -0.164907 -0.163422 0.098844
v -0.170592 -0.154929 0.083367
v -0.170381 -0.152699 0.078229
v -0.159805 -0.146361 0.078834
v -0.170356 -0.166252 0.109416
v -0.187244 -0.192938 0.103642
v -0.177907 -0.197567 0.122665
v -0.160563 -0.161324 0.113444
v -0.160964 -0.154261 0.094397
v -0.154819 -0.152282 0.092849
v -0.151724 -0.147627 0.091547
v -0.169859 -0.165786 0.122233
v -0.176608 -0.184145 0.114482
v -0.170219 -0.160341 0.132950
v -0.155939 -0.151200 0.107154
v -0.162985 -0.158964 0.119890
v -0.163304 -0.157643 0.128639
v -0.167652 -0.176630 0.145987
v -0.169935 -0.173178 0.159968
v -0.174870 -0.155618 0.141591
v -0.158001 -0.144354 0.120767
v -0.171966 -0.146472 0.142052
v -0.181112 -0.144253 0.148941
v -0.178654 -0.132041 0.142057
v -0.167840 -0.129144 0.137661
v -0.151358 -0.148942 0.108514
v -0.151080 -0.143425 0.118379
v -0.142057 -0.138258 0.099504
v -0.136707 -0.129036 0.089211
v -0.138823 -0.124296 0.082176
v -0.157927 -0.132874 0.136131
v -0.134020 -0.125679 0.104258
v -0.134603 -0.115474 0.118951
v -0.163389 -0.136684 0.130495
v -0.173446 -0.124433 0.142522
v -0.152558 -0.126427 0.134272
v -0.184736 -0.109893 0.148173
v -0.190973 -0.115881 0.148917
v -0.189016 -0.266228 0.115334
v -0.202137 -0.270632 0.129461
v -0.186117 -0.262437 0.125066
v -0.191531 -0.256038 0.133505
v -0.201082 -0.212661 0.051963
v -0.180939 -0.272877 0.252542
v -0.171303 -0.277787 0.245154
v -0.205015 -0.226969 0.158640
v -0.187377 -0.226855 0.146490
v -0.181495 -0.211197 0.133740
v -0.171134 -0.189854 0.127860
v -0.167621 -0.207082 0.147511
v -0.174490 -0.206520 0.136427
v -0.179979 -0.225960 0.148148
v -0.182831 -0.157181 0.157093
v -0.181477 -0.151904 0.147631
v -0.177212 -0.162677 0.157144
v -0.199573 -0.162760 0.052012
v -0.173555 -0.008458 0.053501
v -0.189865 -0.033657 0.069142
v -0.172485 -0.025668 0.120722
v -0.167244 -0.046596 0.138625
v -0.173080 -0.056002 0.141960
v -0.171589 -0.054453 0.151169
v -0.157428 -0.059160 0.160222
v -0.189202 -0.034410 0.108597
v -0.168720 -0.001767 0.102132
v -0.153460 -0.026234 0.133329
v -0.161506 -0.037531 0.136124
v -0.165948 -0.044523 0.147659
v -0.156709 -0.082972 0.162340
v -0.172059 -0.120659 0.169106
v -0.172356 -0.106653 0.153507
v -0.182947 -0.107698 0.151552
v -0.174936 -0.116058 0.150797
v -0.166059 -0.100202 0.151429
v -0.163645 -0.100935 0.158061
v -0.164185 -0.127812 0.144504
v -0.144904 -0.118292 0.131556
v -0.150721 -0.126761 0.139984
v -0.135660 -0.123774 0.091377
v -0.143628 -0.129424 0.077610
v -0.145953 -0.122972 0.072542
v -0.160321 -0.074185 0.047207
v -0.154098 -0.067269 0.042734
v -0.180322 -0.080509 0.030170
v -0.164539 -0.062645 0.018563
v -0.172260 -0.046722 0.027431
v -0.150871 -0.048832 0.007670
v -0.179645 -0.055305 0.033447
v -0.187062 -0.066505 0.049756
v -0.177951 -0.053605 0.042544
v -0.167390 -0.040113 0.032520
v -0.156200 -0.027774 0.022502
v -0.177069 -0.252209 0.253237
v -0.165539 -0.257342 0.246922
v -0.161715 -0.284613 0.222996
v -0.155154 -0.263512 0.230442
v -0.155617 -0.266080 0.218839
v -0.159753 -0.255331 0.227200
v -0.159023 -0.263712 0.216425
v -0.186474 -0.271467 0.198858
v -0.186591 -0.262585 0.194887
v -0.192089 -0.253321 0.201677
v -0.186082 -0.262398 0.208067
v -0.180608 -0.266762 0.218483
v -0.166145 0.014786 0.077313
v -0.155586 -0.006755 0.120831
v -0.155257 0.013025 0.104215
v -0.175512 -0.001904 0.070430
v -0.145638 -0.016247 0.132227
v -0.136707 0.011577 0.121572
v -0.121978 0.010399 0.129968
v -0.134152 -0.003530 0.131325
v -0.116553 0.014463 0.137155
v -0.130327 0.000117 0.138719
v -0.103851 0.030420 0.134256
v -0.110900 0.021753 0.128022
v -0.089503 0.018668 0.147334
v -0.078290 0.030378 0.147355
v -0.100198 0.006988 0.147801
v -0.113292 -0.005307 0.148882
v -0.090420 -0.000567 0.144456
v -0.092846 -0.006582 0.139325
v -0.079460 0.003934 0.138835
v -0.110557 -0.021234 0.145838
v -0.145314 -0.016530 0.141172
v -0.128183 -0.020777 0.151040
v -0.102278 -0.016066 0.133181
v -0.098036 -0.013314 0.135446
v -0.075592 0.009507 0.137304
v -0.067176 -0.013215 0.132129
v -0.106827 -0.018870 0.128274
v -0.101424 -0.018243 0.128682
v -0.113095 -0.024974 0.130611
v -0.156126 -0.030095 0.143549
v -0.178303 -0.247838 0.246917
v -0.166820 -0.249695 0.239903
v -0.159177 -0.255882 0.237343
v -0.173411 -0.219563 0.190975
v -0.171449 -0.227409 0.154644
v -0.162888 -0.216709 0.173240
v -0.166670 -0.230222 0.165592
v -0.163738 -0.212338 0.181927
v -0.164194 -0.192162 0.162385
v -0.166831 -0.216758 0.186898
v -0.167960 -0.236735 0.174996
v -0.175038 -0.204274 0.191769
v -0.167584 -0.205456 0.185203
v -0.153102 -0.002518 0.024341
v -0.150447 0.019979 0.031338
v -0.152094 0.031613 0.044394
v -0.148011 -0.020080 0.015435
v -0.138746 -0.012365 0.008010
v -0.135462 0.007094 0.008035
v -0.133151 0.063542 0.043180
v -0.153903 0.035391 0.059297
v -0.121752 0.081770 0.053488
v -0.134202 0.038113 0.019249
v -0.146350 -0.020334 0.005889
v -0.154181 -0.027365 0.013198
v -0.162655 -0.035995 0.019360
v -0.156725 -0.117274 0.143355
v -0.151155 -0.121063 0.144543
v -0.144360 -0.116866 0.141418
v -0.148975 -0.107545 0.139628
v -0.141227 -0.115201 0.136419
v -0.139311 -0.108184 0.130141
v -0.162280 -0.094828 0.150216
v -0.132821 -0.119720 0.103943
v -0.132965 -0.117849 0.095341
v -0.120238 -0.108002 0.086684
v -0.104153 -0.090683 0.070349
v -0.130938 -0.099384 0.057719
v -0.120806 -0.080724 0.045706
v -0.133859 -0.109748 0.117251
v -0.112220 -0.098207 0.096106
v -0.140379 -0.100123 0.130013
v -0.122940 -0.075708 0.127400
v -0.108267 -0.079051 0.116057
v -0.114934 -0.099755 0.090312
v -0.084225 -0.075974 0.090513
v -0.088132 -0.076028 0.082089
v -0.099435 -0.088876 0.079903
v -0.138684 -0.104206 0.136588
v -0.147868 -0.095495 0.140088
v -0.145460 -0.094145 0.135189
v -0.157595 -0.085387 0.140214
v -0.139579 -0.076322 0.133781
v -0.159792 -0.080709 0.140869
v -0.159370 -0.088272 0.145630
v -0.144670 -0.041099 0.155034
v -0.137926 -0.052512 0.151412
v -0.155631 -0.082431 0.145507
v -0.157358 -0.075511 0.137873
v -0.152782 -0.071366 0.136170
v -0.147897 0.043120 0.073861
v -0.131063 0.038187 0.105945
v -0.116462 0.029769 0.121423
v -0.138928 0.047169 0.087849
v -0.120326 0.059453 0.094832
v -0.109695 0.066111 0.096151
v -0.154909 -0.118274 0.064079
v -0.149656 -0.126421 0.069585
v -0.150895 -0.065563 0.136878
v -0.082190 -0.074943 0.074853
v -0.106182 -0.082703 0.053546
v -0.081818 -0.062814 0.040062
v -0.072567 -0.065985 0.056511
v -0.138341 -0.074544 0.040558
v -0.148134 -0.062601 0.039367
v -0.143548 -0.056981 0.034407
v -0.138305 -0.052736 0.031406
v -0.111872 -0.042868 0.018598
v -0.103387 -0.049380 0.020427
v -0.136626 -0.053211 0.009351
v -0.129300 -0.047989 0.018941
v -0.131383 -0.031027 -0.007743
v -0.135158 -0.009531 -0.002891
v -0.107181 -0.011986 -0.027425
v -0.123870 0.000433 -0.011958
v -0.107900 0.010221 -0.023976
v -0.131363 -0.004167 0.002950
v -0.128630 0.000339 -0.004158
v -0.131704 0.006755 -0.000090
v -0.129630 0.011059 0.003888
v -0.123482 0.006739 -0.006259
v -0.121736 0.010915 -0.001422
v -0.122130 0.021237 -0.000452
v -0.121293 0.034483 0.004345
v -0.124521 0.038007 -0.004562
v -0.121572 0.048375 0.012006
v -0.121852 0.078535 0.043055
v -0.121756 0.070438 0.031256
v -0.126792 0.089412 0.037028
v -0.118833 0.081575 0.066053
v -0.125717 0.093298 0.052939
v -0.125580 0.077197 0.019369
v -0.109724 0.102702 0.016611
v -0.110164 0.087897 0.005013
v -0.124942 0.058856 0.005044
v -0.109498 0.112620 0.027456
v -0.097704 0.105093 0.017669
v -0.096054 0.117527 0.034144
v -0.106974 0.119606 0.038194
v -0.117852 0.091739 0.077008
v -0.121773 0.094679 0.066416
v -0.105305 0.115668 0.054242
v -0.101910 0.108009 0.071395
v -0.115214 0.075913 0.080511
v -0.116570 0.084741 0.081751
v -0.146690 -0.064626 0.155409
v -0.143064 -0.062187 0.141530
v -0.121919 -0.032478 0.129178
v -0.126226 -0.037572 0.148150
v -0.125907 -0.040178 0.136442
v -0.133432 -0.044570 0.132615
v -0.129535 -0.039559 0.130192
v -0.111706 -0.043214 0.128434
v -0.141726 -0.053064 0.132241
v -0.148152 -0.061207 0.133904
v -0.110018 -0.058668 0.126443
v -0.088111 -0.049445 0.121316
v -0.083519 -0.059611 0.111873
v -0.069559 -0.064870 0.046932
v -0.093377 -0.056479 0.026622
v -0.088268 -0.456478 -0.103198
v -0.106016 -0.435268 -0.082763
v -0.098940 -0.419130 -0.077616
v -0.109903 -0.432158 -0.073091
v -0.088207 -0.405412 -0.080327
v -0.062463 -0.368131 -0.081118
v -0.090281 -0.403293 -0.071825
v -0.073633 -0.381067 -0.045998
v -0.074043 -0.378208 -0.075750
v -0.063907 -0.357841 -0.069398
v -0.061216 -0.360800 -0.044676
v -0.035431 -0.313087 -0.058794
v -0.089167 -0.406270 -0.048406
v -0.082542 -0.401655 -0.044374
v -0.109100 -0.434790 -0.046781
v -0.116583 -0.035341 -0.007692
v -0.132216 -0.045888 0.026173
v -0.115906 -0.038123 0.010019
v -0.120787 -0.036197 0.019097
v -0.126899 -0.040693 0.022294
v -0.106944 -0.030150 0.004538
v -0.105427 -0.029392 -0.001654
v -0.121504 0.060863 0.021647
v -0.097094 0.089415 0.005257
v -0.108352 0.041697 -0.019121
v -0.109601 0.054956 -0.013211
v -0.110132 0.070436 -0.005355
v -0.097869 0.077060 -0.002232
v -0.090804 0.086974 0.014588
v -0.089516 0.103589 0.039439
v -0.085133 0.100100 0.054301
v -0.093954 0.115377 0.048565
v -0.088452 0.106569 0.069436
v -0.095540 0.094864 0.092479
v -0.080675 0.092084 0.090676
v -0.085660 0.072876 0.117952
v -0.111949 0.080385 0.094786
v -0.086204 -0.031632 0.126417
v -0.068828 -0.065045 0.069742
v -0.062297 -0.065532 0.066551
v -0.060078 -0.061797 0.059345
v -0.069359 -0.061774 0.079098
v -0.067716 -0.058798 0.091617
v -0.059531 -0.061945 0.083886
v -0.057029 -0.060813 0.070868
v -0.046478 -0.051410 0.047885
v -0.066437 -0.061089 0.043387
v -0.094620 -0.019359 -0.026577
v -0.096860 0.040082 -0.019716
v -0.087934 0.040441 -0.004743
v -0.096040 0.054145 -0.013143
v -0.095236 0.067558 -0.006125
v -0.089580 0.054414 -0.002624
v -0.089515 0.069535 0.006017
v -0.098594 0.061806 0.018212
v -0.092128 0.053022 0.005612
v -0.088429 0.048010 0.000842
v -0.082437 0.046678 0.006345
v -0.086665 0.051057 0.009705
v -0.078764 0.041923 0.002907
v -0.087848 0.034294 -0.006664
v -0.089280 0.023576 -0.010285
v -0.065517 0.053740 -0.005265
v -0.077018 0.063866 0.008611
v -0.091952 0.057260 0.018053
v -0.070030 0.076944 0.006616
v -0.076416 0.082925 0.020595
v -0.094890 0.055208 0.013336
v -0.098710 0.061492 0.023767
v -0.089574 0.077052 0.036548
v -0.079346 0.094369 0.044506
v -0.078804 0.090552 0.034329
v -0.100018 0.067695 0.037160
v -0.097557 0.063623 0.028532
v -0.103130 0.068749 0.028331
v -0.105589 0.073639 0.036882
v -0.090513 0.075317 0.012580
v -0.099805 0.071161 0.046066
v -0.105440 0.077883 0.046898
v -0.101405 0.073736 0.054615
v -0.103143 0.079874 0.055439
v -0.083040 0.088852 0.058453
v -0.089985 0.094625 0.023623
v -0.090923 0.099327 0.032117
v -0.027609 -0.382470 -0.108122
v -0.039796 -0.423428 -0.116034
v -0.043806 -0.330911 -0.046216
v -0.064069 -0.376069 -0.042089
v -0.098562 -0.423006 -0.045150
v -0.088295 -0.420701 -0.043114
v -0.029349 -0.420461 -0.068759
v -0.072694 -0.399382 -0.043903
v -0.032494 -0.411849 -0.063244
v -0.032662 -0.431112 -0.074588
v -0.051105 -0.359292 -0.040715
v -0.041377 -0.334562 -0.040376
v -0.031609 -0.379888 -0.054226
v -0.014068 -0.396359 -0.063104
v -0.039405 -0.347563 -0.040755
v -0.051416 -0.345787 -0.043320
v -0.028907 -0.323443 -0.038776
v -0.042043 -0.326371 -0.072494
v -0.029036 -0.303301 -0.068092
v -0.018864 -0.290625 -0.042870
v -0.031579 -0.314772 -0.041911
v -0.018970 -0.297523 -0.038590
v -0.015411 -0.306113 -0.037489
v 0.004240 -0.423577 -0.076144
v -0.104954 0.053448 0.109959
v -0.106022 0.067362 0.110008
v -0.102253 0.036696 0.122075
v -0.099461 0.038866 0.130911
v -0.083506 0.056506 0.128860
v -0.101878 0.054888 0.120335
v -0.105246 -0.045987 0.011257
v -0.100988 -0.021917 0.001139
v -0.082081 -0.024335 0.000137
v -0.082019 -0.031433 0.003693
v -0.095429 0.022911 -0.022117
v -0.095191 0.002911 -0.024491
v -0.079801 0.037952 -0.006032
v -0.091752 0.023719 -0.003082
v -0.093833 0.007474 -0.002958
v -0.097931 -0.015771 -0.001207
v -0.095446 -0.006706 -0.000987
v -0.084427 0.011783 -0.004897
v -0.077382 0.016407 -0.010443
v -0.080920 -0.019569 0.000266
v -0.075421 0.002063 -0.005269
v -0.089146 -0.015767 -0.015373
v -0.089735 -0.017292 -0.016875
v -0.059414 -0.010059 0.000822
v -0.068058 0.019551 -0.012943
v -0.071778 0.034420 -0.001878
v -0.069496 0.027887 -0.010495
v -0.062565 0.025826 -0.004197
v -0.050593 0.043726 -0.011058
v -0.055031 0.058184 -0.013771
v -0.054140 0.065883 -0.012647
v -0.062809 0.066194 -0.008544
v -0.043541 0.072451 -0.009183
v -0.063178 0.073872 -0.003212
v -0.050332 0.077227 -0.004027
v -0.041414 0.100919 0.010961
v -0.028029 0.079872 -0.013878
v -0.034204 0.086957 -0.008890
v -0.057672 0.084623 0.010577
v -0.093498 -0.023762 0.132436
v -0.036866 -0.046005 0.061892
v -0.083357 -0.032330 0.133951
v -0.078907 -0.029077 0.136945
v -0.078756 -0.021559 0.131975
v -0.073669 -0.030776 0.127112
v -0.076104 -0.036101 0.120499
v -0.070239 -0.030630 0.133629
v -0.069979 -0.046787 0.110117
v -0.059370 -0.057209 0.095475
v -0.035281 -0.042253 0.074671
v -0.036482 -0.040026 0.052889
v -0.033835 -0.036633 0.072668
v -0.023556 -0.030001 0.051562
v -0.024290 -0.027383 0.060102
v -0.040684 -0.037695 0.092763
v -0.055119 -0.053584 0.093311
v -0.066398 -0.040402 0.119197
v -0.060366 -0.047887 0.108933
v -0.067697 -0.024998 0.125430
v -0.067315 -0.019882 0.136831
v -0.047415 -0.013866 0.116711
v -0.060430 -0.017458 0.123648
v -0.057079 -0.018310 0.129113
v -0.055073 -0.006425 0.132997
v -0.050991 -0.007599 0.121585
v -0.042415 -0.022904 0.107920
v -0.036899 -0.033164 0.093524
v -0.036028 -0.024338 0.096950
v -0.022166 -0.028610 0.067340
v -0.020560 -0.023546 0.080925
v -0.022643 -0.017247 0.093589
v -0.008922 -0.014949 0.059158
v -0.007811 -0.014828 0.048409
v -0.016251 -0.020294 0.037631
v -0.014341 -0.015349 0.078029
v -0.018774 -0.007424 0.092657
v -0.003908 -0.010852 0.063884
v -0.006902 -0.004137 0.082918
v -0.031334 -0.005292 0.107831
v -0.044078 -0.012750 0.110900
v -0.053793 -0.002841 0.115202
v -0.056510 0.000075 0.118195
v -0.055124 0.007030 0.117715
v -0.057120 0.010766 0.120991
v -0.049112 0.002582 0.124334
v -0.048807 -0.003363 0.127533
v -0.055120 0.020411 0.120019
v -0.054789 0.006421 0.128201
v -0.057052 -0.015275 0.133678
v -0.061020 -0.003628 0.129659
v -0.061789 0.012048 0.130010
v -0.077424 0.011764 0.144670
v -0.065085 0.019595 0.139135
v -0.069780 0.045898 0.129777
v -0.067858 0.022592 0.145501
v -0.067724 0.017207 0.133185
v -0.073509 0.069551 0.114138
v -0.076016 0.079018 0.105226
v -0.072776 0.073484 0.095751
v -0.100199 0.076514 0.065137
v -0.095845 0.072819 0.062954
v -0.091489 0.086391 0.062457
v -0.095416 0.072513 0.072171
v -0.090762 0.069280 0.076648
v -0.080465 0.086239 0.068930
v -0.075724 0.078356 0.081029
v -0.080241 0.065111 0.087233
v -0.065538 0.059805 0.097341
v -0.071438 0.062481 0.099593
v -0.057251 0.054759 0.101555
v -0.049802 0.051030 0.104120
v -0.069004 0.058362 0.107348
v -0.057370 0.056091 0.108432
v -0.082615 0.068150 0.088991
v -0.089333 0.073464 0.078431
v -0.080877 0.091146 0.070387
v -0.082400 0.085692 0.072768
v -0.088778 -0.056542 0.020941
v -0.095819 -0.052519 0.015387
v -0.078300 -0.062569 0.033512
v -0.069509 -0.050144 0.021707
v -0.075371 -0.057915 0.029772
v -0.054090 -0.046133 0.030202
v -0.046590 -0.046262 0.039619
v -0.047047 -0.042649 0.031570
v -0.044281 -0.037256 0.030291
v -0.036865 -0.021740 0.020921
v -0.027122 -0.019571 0.023281
v -0.039621 -0.044166 0.044872
v -0.039598 -0.039554 0.041265
v -0.028024 -0.026160 0.034830
v -0.004116 -0.005467 0.051596
v -0.029422 0.005916 0.107177
v -0.050558 0.025353 0.117413
v -0.065123 0.016213 0.118842
v -0.061954 0.031914 0.118215
v -0.071204 0.036035 0.113630
v -0.077066 0.030310 0.113437
v -0.067235 0.038649 0.115466
v -0.068083 0.034059 0.120461
v -0.080826 0.026009 0.116656
v -0.073026 0.016643 0.118820
v -0.083637 0.017073 0.120002
v -0.087743 -0.046124 0.011749
v -0.066503 -0.035551 0.010909
v -0.072708 -0.030096 0.004615
v -0.069245 -0.027029 0.006169
v -0.047480 -0.016652 0.009694
v -0.058305 -0.038562 0.018169
v -0.059208 0.000741 -0.007841
v -0.039944 0.022874 -0.007177
v -0.038832 0.052460 -0.016732
v -0.035197 0.038975 -0.011034
v -0.031798 0.062727 -0.013570
v -0.014672 0.070872 -0.016595
v -0.018638 0.112616 -0.004636
v -0.038461 0.091513 -0.003397
v 0.009556 0.131538 -0.010967
v -0.047367 0.119232 0.041148
v -0.031372 0.130818 0.037120
v -0.071288 0.098017 0.062975
v -0.055917 0.095820 0.079319
v -0.051133 0.084744 0.090665
v -0.041846 0.056123 0.103910
v -0.068039 0.047544 0.112777
v -0.052628 0.046966 0.116779
v -0.065102 0.097605 0.032312
v 0.000122 -0.440339 -0.145556
v -0.026726 -0.432455 -0.128763
v 0.028680 -0.369264 -0.131670
v 0.078061 -0.368338 -0.154638
v 0.019771 -0.329748 -0.112554
v 0.068151 -0.344390 -0.141683
v 0.033903 -0.268012 -0.097955
v 0.091789 -0.266029 -0.127720
v 0.130552 -0.302241 -0.156202
v 0.141097 -0.352534 -0.174895
v 0.105003 -0.415978 -0.181964
v 0.111933 -0.196358 -0.116845
v 0.116490 -0.131829 -0.102935
v 0.091087 -0.125624 -0.087011
v 0.065157 -0.187575 -0.087917
v -0.021793 -0.336909 -0.092304
v -0.022704 -0.298792 -0.073713
v -0.052144 -0.341469 -0.072122
v -0.076273 0.080532 0.085146
v -0.049645 0.069563 0.099340
v -0.040461 0.037593 0.114610
v -0.030064 0.022576 0.111642
v -0.018778 0.013607 0.104037
v -0.049346 0.050324 0.113545
v -0.019510 0.023223 0.103494
v -0.031196 0.035087 0.108995
v -0.039278 0.071682 0.098500
v -0.039442 0.043835 0.104151
v -0.031851 0.036094 0.102207
v -0.024999 0.029717 0.098733
v -0.018809 0.023145 0.092814
v -0.023968 0.055951 0.098580
v 0.006303 0.032016 0.080347
v 0.001581 0.020032 0.073811
v -0.009776 0.038641 0.092185
v -0.006157 0.053060 0.098026
v -0.020886 0.078211 0.105250
v 0.008324 0.068409 0.093137
v -0.010731 0.085167 0.098873
v -0.039651 0.086179 0.097086
v -0.048820 0.104342 0.074617
v -0.059015 0.107531 0.057260
v -0.047454 0.120390 0.054635
v -0.034778 0.092266 0.094487
v -0.035806 0.112413 0.083067
v -0.026835 0.105342 0.095271
v -0.022702 0.096674 0.099807
v 0.004164 0.097552 0.099722
v 0.015207 0.088341 0.099554
v 0.024809 0.080675 0.095458
v 0.011985 0.107289 0.097148
v -0.041650 0.119025 0.067725
v -0.084365 0.017563 0.115462
v -0.070407 0.020759 0.126404
v -0.062330 0.104825 0.041934
v -0.057422 0.013752 -0.011265
v -0.050896 0.015550 -0.003180
v -0.019207 0.050112 -0.012562
v -0.003980 0.132441 -0.002045
v -0.016342 0.143687 0.027967
v -0.050308 0.113863 0.034665
v -0.044703 -0.008013 0.001386
v -0.045006 0.004373 -0.005117
v -0.047513 -0.028422 0.017599
v -0.036351 -0.012660 0.008956
v -0.029919 0.018321 -0.002216
v -0.043335 0.010505 0.000019
v -0.006947 0.065672 -0.014530
v -0.027387 0.129576 0.063840
v -0.013000 0.128021 0.078688
v -0.006009 0.119942 0.088464
v 0.014575 0.138689 0.089360
v 0.029072 0.144324 0.093130
v -0.030525 0.131120 0.053923
v 0.020946 0.129996 0.095536
v 0.026001 0.117962 0.095847
v 0.034990 0.099520 0.092921
v 0.041013 0.089469 0.084095
v 0.052395 0.117617 0.090195
v -0.034396 0.006109 0.006423
v -0.033622 -0.000307 0.003593
v -0.016404 0.013900 0.008407
v 0.010130 0.115158 -0.013629
v 0.016324 0.100226 -0.011502
v -0.019018 0.037091 -0.005607
v 0.000839 0.058261 -0.008565
v 0.010357 0.037350 0.017258
v 0.006681 0.056444 -0.002818
v 0.024047 0.087302 -0.004208
v 0.036330 0.122219 -0.012706
v 0.040317 0.138066 -0.016077
v 0.067059 0.148884 -0.016813
v 0.031652 0.162669 -0.013219
v 0.042984 0.134822 0.096642
v 0.059273 0.139192 0.094848
v 0.015569 0.063008 0.087405
v 0.003294 0.040715 0.089313
v -0.026187 -0.010429 0.013858
v -0.020151 -0.005105 0.017559
v -0.023803 0.002321 0.016339
v -0.016557 0.000394 0.025936
v -0.011018 -0.269925 -0.059774
v 0.002980 -0.255793 -0.038578
v 0.017534 -0.221496 -0.056462
v -0.006883 -0.271938 -0.039994
v -0.010225 -0.284940 -0.036748
v 0.001273 -0.269500 -0.035365
v 0.016270 -0.260912 -0.036020
v 0.001726 -0.286432 -0.037472
v 0.019803 -0.311875 -0.051929
v 0.018206 -0.386424 -0.067470
v 0.045155 -0.347256 -0.066159
v 0.043716 -0.445341 -0.110455
v 0.046231 -0.411157 -0.097709
v 0.008434 -0.443362 -0.087479
v 0.076737 -0.377596 -0.097257
v 0.089199 -0.417197 -0.114016
v 0.119949 -0.353273 -0.104680
v 0.108984 -0.349668 -0.098674
v 0.125271 -0.307465 -0.093477
v 0.085611 -0.334197 -0.088523
v 0.091799 -0.308452 -0.083912
v 0.070414 -0.348995 -0.085891
v 0.035300 -0.364625 -0.067388
v 0.059111 -0.381266 -0.091584
v 0.030218 -0.390070 -0.073607
v 0.013127 -0.238283 -0.038185
v -0.002657 -0.258508 -0.067259
v 0.012847 -0.247851 -0.034968
v 0.026504 -0.210495 -0.037442
v 0.021008 -0.224174 -0.036710
v 0.064252 -0.297679 -0.062019
v 0.061252 -0.317209 -0.065464
v 0.044477 -0.271053 -0.054380
v 0.083774 -0.263328 -0.064346
v 0.093641 -0.288349 -0.078879
v 0.117487 -0.260484 -0.083928
v 0.115382 -0.247465 -0.080064
v -0.015999 -0.012415 0.025998
v -0.007388 -0.008674 0.036150
v -0.007309 0.000963 0.045157
v -0.010654 0.000120 0.035381
v -0.001469 0.011500 0.028372
v -0.006145 0.018072 0.014613
v 0.029104 0.080495 0.003896
v 0.052538 0.113244 -0.002042
v -0.013803 0.017584 0.097664
v -0.012106 0.005037 0.096163
v -0.013759 0.017909 0.085297
v 0.018679 0.034253 0.060602
v 0.022936 0.061927 0.081097
v 0.028948 0.054524 0.059886
v -0.009669 0.011642 0.075590
v -0.006184 0.007965 0.086171
v -0.007337 0.008342 0.064588
v 0.011726 0.021039 0.061573
v 0.008209 0.019576 0.054015
v -0.001666 -0.001282 0.073123
v -0.000932 -0.000354 0.062965
v -0.008490 0.008592 0.056536
v 0.000131 0.009933 0.049677
v 0.014114 0.021523 0.049504
v 0.021307 0.044931 0.052833
v 0.026443 0.055486 0.052162
v 0.039466 0.071290 0.044947
v 0.036835 0.072768 0.050594
v 0.032266 0.071431 0.083036
v 0.035071 0.062958 0.060671
v 0.046261 0.079948 0.060625
v 0.055498 0.090954 0.051567
v 0.064922 0.104540 0.070512
v 0.061853 0.095039 0.059007
v 0.057468 0.089340 0.046113
v 0.018920 -0.411317 -0.076651
v -0.013218 -0.278512 -0.070497
v 0.045069 -0.154004 -0.055685
v 0.034813 -0.190202 -0.035966
v 0.041859 -0.175121 -0.033431
v 0.049179 -0.155896 -0.033849
v 0.027056 -0.200220 -0.060490
v 0.024714 -0.229196 -0.033656
v 0.033983 -0.200635 -0.032820
v 0.034452 -0.232791 -0.035723
v 0.050285 -0.162295 -0.030613
v 0.043863 -0.189941 -0.030130
v 0.061685 -0.236683 -0.053715
v 0.054696 -0.172055 -0.029751
v 0.056649 -0.136179 -0.033469
v 0.069710 -0.148571 -0.031237
v 0.058446 -0.196581 -0.035206
v 0.061992 -0.137034 -0.029625
v 0.032919 -0.192336 -0.064964
v 0.015098 -0.228061 -0.064808
v 0.015743 -0.236082 -0.071820
v -0.007941 0.002922 0.052731
v 0.057537 -0.413198 -0.162167
v 0.015747 0.031529 0.053962
v 0.016226 0.026782 0.041201
v 0.025201 0.045326 0.046595
v 0.030648 0.057379 0.034828
v 0.029026 0.067135 0.016219
v 0.045910 0.087293 0.015117
v 0.042715 0.074687 0.034290
v 0.074762 0.115563 0.013949
v 0.081868 0.133756 -0.000385
v 0.080668 0.139938 -0.012085
v 0.074899 0.141204 -0.010591
v 0.039970 -0.169793 -0.060400
v 0.051824 -0.141095 -0.059926
v 0.060536 -0.120271 -0.061271
v 0.070240 -0.098972 -0.034062
v 0.065892 -0.100660 -0.057547
v 0.085367 -0.209685 -0.055621
v 0.096153 -0.167805 -0.050045
v 0.067940 -0.245019 -0.058199
v 0.103578 -0.218250 -0.062563
v 0.078768 0.144725 0.087904
v 0.064314 0.113323 0.080128
v 0.037465 -0.445661 0.088794
v 0.043997 -0.413246 0.122459
v 0.057555 -0.438132 0.076286
v 0.040251 -0.416617 0.095890
v 0.043521 -0.423276 0.101709
v 0.047028 -0.393354 0.085793
v 0.050058 -0.420324 0.085946
v 0.044279 -0.407093 0.111644
v 0.041945 -0.397180 0.091945
v 0.052109 -0.401817 0.085638
v 0.054377 -0.370944 0.086039
v 0.065943 -0.407334 0.074567
v 0.070410 -0.443827 0.071265
v 0.081725 -0.420734 0.070054
v 0.078245 -0.362872 0.071227
v 0.041833 -0.394419 0.097218
v 0.037285 -0.411765 0.128458
v 0.045004 -0.418818 0.133236
v 0.034106 -0.406792 0.123895
v 0.037419 -0.397787 0.142125
v 0.042643 -0.416531 0.137128
v 0.039305 -0.411822 0.148889
v 0.037788 -0.436343 0.143027
v 0.042708 -0.417475 0.146539
v 0.044803 -0.416637 0.160315
v 0.045103 -0.410988 0.171728
v 0.042697 -0.393233 0.163192
v 0.039395 -0.386462 0.167224
v 0.038806 -0.387841 0.150948
v 0.034733 -0.383665 0.117545
v 0.041706 -0.337656 0.138041
v 0.040204 -0.369332 0.151943
v 0.036281 -0.376358 0.157726
v 0.036254 -0.377687 0.113828
v 0.038906 -0.352321 0.113380
v 0.048192 -0.336338 0.166257
v 0.038171 -0.374332 0.166546
v 0.041783 -0.377745 0.172130
v 0.046451 -0.386156 0.173338
v 0.046175 -0.368315 0.172047
v 0.043274 -0.434339 0.136821
v 0.044756 -0.433315 0.169520
v 0.084849 -0.384118 0.071114
v 0.087902 -0.393535 0.065755
v 0.045245 -0.399362 0.101555
v 0.035241 -0.395678 0.099870
v 0.042435 -0.380412 0.093495
v 0.036337 -0.382920 0.094566
v 0.037607 -0.406234 0.109410
v 0.032139 -0.388029 0.102511
v 0.036537 -0.348134 0.105961
v 0.054392 -0.373151 0.193979
v 0.050615 -0.416716 0.170641
v 0.054801 -0.426811 0.170611
v 0.056938 -0.416308 0.173714
v 0.060324 -0.413517 0.181016
v 0.054213 -0.412305 0.183046
v 0.063356 -0.410061 0.187680
v 0.060726 -0.440596 0.189478
v 0.065988 -0.432784 0.195998
v 0.093520 -0.422402 0.065672
v 0.088190 -0.437936 0.063103
v 0.094798 -0.387967 0.065668
v 0.038382 -0.333448 0.098254
v 0.042636 -0.330644 0.093904
v 0.040219 -0.333334 0.120836
v 0.047363 -0.320336 0.121107
v 0.050303 -0.326151 0.159561
v 0.059883 -0.331900 0.194850
v 0.061256 -0.323838 0.187464
v 0.055498 -0.314968 0.115616
v 0.061662 -0.315290 0.158728
v 0.042975 -0.328607 0.112932
v 0.045091 -0.319182 0.101872
v 0.046863 -0.342302 0.093005
v 0.050714 -0.336714 0.096066
v 0.052864 -0.323327 0.089234
v 0.051021 -0.330122 0.094937
v 0.052260 -0.335845 0.105256
v 0.058780 -0.327176 0.092217
v 0.054398 -0.328451 0.106743
v 0.064140 -0.319453 0.083223
v 0.050701 -0.342742 0.087415
v 0.045232 -0.381028 0.089008
v 0.065885 -0.344740 0.110381
v 0.058587 -0.337331 0.114752
v 0.070401 -0.345474 0.098447
v 0.065822 -0.340030 0.081281
v 0.057513 -0.341235 0.084929
v 0.063348 -0.343936 0.078335
v 0.082485 -0.345373 0.091413
v 0.090412 -0.344127 0.087829
v 0.074633 -0.342577 0.072943
v 0.092188 -0.364797 0.094588
v 0.090665 -0.348970 0.090435
v 0.089832 -0.340716 0.071535
v 0.092038 -0.340066 0.083026
v 0.096190 -0.338236 0.095341
v 0.089520 0.136869 0.080608
v 0.084500 0.135992 0.078552
v 0.077825 0.113896 0.051101
v 0.090340 0.127215 0.059679
v 0.089539 0.126395 0.051620
v 0.076803 0.108032 0.043909
v 0.092480 0.123688 0.038995
v 0.097738 -0.390019 -0.170473
v 0.052839 -0.317755 0.108544
v 0.084971 -0.313896 0.179810
v 0.053103 -0.391682 0.190037
v 0.059366 -0.371504 0.200345
v 0.058172 -0.394078 0.205480
v 0.089194 0.132701 -0.000337
v 0.089002 0.126113 0.016891
v 0.092977 0.127643 0.010735
v 0.096179 0.125186 0.024119
v 0.093096 0.139233 -0.002780
v 0.072966 -0.313617 0.109926
v 0.070145 -0.317324 0.190512
v 0.071088 -0.321273 0.196159
v 0.076884 -0.316667 0.203644
v 0.071739 -0.322109 0.208144
v 0.084066 -0.315870 0.189290
v 0.088658 -0.313508 0.198556
v 0.083377 -0.317572 0.207779
v 0.076083 -0.325714 0.212898
v 0.076741 -0.332679 0.212195
v 0.089689 -0.323041 0.203767
v 0.082418 -0.327435 0.203302
v 0.070311 -0.344619 0.216564
v 0.078277 -0.338397 0.206808
v 0.069502 -0.330762 0.213084
v 0.076852 -0.334860 0.201570
v 0.081957 -0.327878 0.193511
v 0.066310 -0.335120 0.211414
v 0.052873 -0.405710 0.191299
v 0.061067 -0.403920 0.200417
v 0.064239 -0.406710 0.191549
v 0.069270 -0.403025 0.195973
v 0.069591 -0.399188 0.204224
v 0.064304 -0.393965 0.209989
v 0.068231 -0.424485 0.205669
v 0.070968 -0.326009 0.097162
v 0.077290 -0.328191 0.083226
v 0.076271 -0.325597 0.077453
v 0.055902 -0.315026 0.090626
v 0.057729 -0.313304 0.098377
v 0.064552 -0.315016 0.102254
v 0.098678 -0.317277 0.178687
v 0.097386 -0.316950 0.200277
v 0.096526 -0.326413 0.190321
v 0.090221 -0.329006 0.172285
v 0.115855 -0.332921 0.185467
v 0.109546 -0.326614 0.191690
v 0.085878 -0.340217 0.200030
v 0.094904 -0.345742 0.204434
v 0.086857 -0.346263 0.205256
v 0.083048 -0.348317 0.209332
v 0.080630 -0.373685 0.210263
v 0.075967 -0.353260 0.209881
v 0.062920 -0.338038 0.200539
v 0.065724 -0.377367 0.215517
v 0.071774 -0.393287 0.207602
v 0.078818 -0.436449 0.203484
v 0.061492 -0.330758 0.113794
v 0.063280 -0.334931 0.125776
v 0.072032 -0.328299 0.109104
v 0.080810 -0.321151 0.074365
v 0.074397 -0.315389 0.081001
v 0.095829 -0.317970 0.124593
v 0.101340 -0.314418 0.193245
v 0.109054 -0.316856 0.185562
v 0.104632 -0.318010 0.163466
v 0.106437 -0.323876 0.118996
v 0.089166 -0.318822 0.098216
v 0.083482 -0.317008 0.085262
v 0.089591 -0.322142 0.073132
v 0.070051 -0.343745 0.131453
v 0.064334 -0.407207 0.114483
v 0.068303 -0.364756 0.103847
v 0.087880 -0.372849 0.092298
v 0.082385 -0.404451 0.094820
v 0.089599 -0.399076 0.095155
v 0.096673 -0.399635 0.115162
v 0.101425 -0.338628 0.115152
v 0.095553 -0.333725 0.114650
v 0.100949 -0.331102 0.161421
v 0.103991 -0.349893 0.117999
v 0.102512 -0.334696 0.131511
v 0.108282 -0.340730 0.139282
v 0.079634 -0.330520 0.142833
v 0.078008 -0.332138 0.168493
v 0.072850 -0.333412 0.153601
v 0.068218 -0.334016 0.138020
v 0.090152 -0.331940 0.087418
v 0.086522 -0.333113 0.076447
v 0.091279 -0.332068 0.068249
v 0.098535 -0.327509 0.085416
v 0.087100 -0.331666 0.098763
v 0.064094 -0.115738 -0.033936
v 0.071260 -0.118356 -0.029513
v 0.075926 -0.421050 0.209045
v 0.077918 -0.398991 0.209688
v 0.082810 -0.400038 0.203674
v 0.080390 -0.422100 0.203515
v 0.091700 -0.396563 0.202813
v 0.062947 -0.366646 0.212440
v 0.069706 -0.382196 0.213789
v 0.072119 -0.355387 0.215715
v 0.074223 -0.377289 0.209806
v 0.108216 -0.414625 0.193417
v 0.075664 -0.084259 -0.034460
v 0.078346 -0.076361 -0.064043
v 0.085529 -0.052484 -0.038208
v 0.078672 -0.097725 -0.030335
v 0.118468 -0.109867 -0.046573
v 0.081784 -0.073055 -0.033254
v 0.086344 -0.055255 -0.035400
v 0.079572 -0.063181 -0.058703
v 0.087916 -0.123153 -0.033791
v 0.089531 -0.035662 -0.062472
v 0.093401 -0.027196 -0.037861
v 0.093551 -0.036242 -0.035115
v 0.093398 -0.060189 -0.032469
v 0.096786 -0.013649 -0.040192
v 0.104503 -0.005538 -0.036058
v 0.097658 -0.016445 -0.066125
v 0.117991 -0.004170 -0.037763
v 0.103289 0.004756 -0.039462
v 0.102487 -0.089166 -0.034842
v 0.113728 0.018798 -0.036699
v 0.107966 0.020858 -0.040119
v 0.133943 -0.061270 -0.046961
v 0.134026 -0.126887 -0.055610
v 0.119100 -0.177507 -0.059953
v 0.067913 -0.423046 0.106445
v 0.074617 -0.430874 0.099309
v 0.068281 -0.421111 0.112246
v 0.067238 -0.400504 0.126713
v 0.070700 -0.384333 0.140297
v 0.078037 -0.397508 0.137083
v 0.072648 -0.410350 0.124225
v 0.083281 -0.416918 0.119839
v 0.072985 -0.430614 0.105364
v 0.087035 -0.422483 0.111258
v 0.081445 -0.431219 0.099471
v 0.086940 -0.423552 0.099162
v 0.092519 -0.384376 0.146818
v 0.092538 -0.402926 0.127682
v 0.099473 -0.389584 0.133122
v 0.077164 -0.377080 0.151833
v 0.075988 -0.363338 0.157802
v 0.066196 -0.340046 0.134405
v 0.070054 -0.339572 0.151069
v 0.076422 -0.343719 0.159309
v 0.073455 -0.339339 0.165991
v 0.082608 -0.350846 0.176626
v 0.080763 -0.362591 0.164748
v 0.107345 -0.394741 0.193744
v 0.103877 -0.428476 0.196883
v 0.084818 -0.374236 0.204574
v 0.114152 -0.417185 0.185270
v 0.115136 -0.370821 0.186697
v 0.120329 -0.395380 0.184060
v 0.111222 -0.440285 0.185055
v 0.082158 -0.423977 0.095941
v 0.093424 -0.411263 0.115591
v 0.105551 -0.355180 0.167349
v 0.108609 -0.361857 0.149596
v 0.101777 -0.375376 0.147751
v 0.112792 -0.342791 0.173920
v 0.114058 -0.340043 0.163426
v 0.088832 -0.343884 0.069377
v 0.086205 -0.359026 0.071296
v 0.097690 -0.329733 0.069439
v 0.105275 -0.337290 0.077769
v 0.101292 -0.339761 0.067038
v 0.086234 -0.320098 0.092453
v 0.094863 0.130503 0.067586
v 0.095926 0.124943 0.049996
v 0.076440 -0.335628 0.179899
v 0.108498 -0.335300 0.154441
v 0.112048 -0.332343 0.170312
v 0.116274 -0.339101 0.180119
v 0.108176 -0.342084 0.185918
v 0.106876 -0.342007 0.194315
v 0.118227 -0.349598 0.187085
v 0.101535 -0.345068 0.181525
v 0.089719 -0.343885 0.187277
v 0.112795 -0.345608 0.194145
v 0.122142 -0.376849 0.184496
v 0.124183 -0.349188 0.185220
v 0.098896 -0.370966 0.202091
v 0.102183 -0.343920 0.201092
v 0.077281 -0.338856 0.186043
v 0.086890 -0.365902 0.164592
v 0.083117 -0.344073 0.183015
v 0.095214 -0.368470 0.160985
v 0.075474 -0.304444 0.108355
v 0.076648 -0.284554 0.090570
v 0.075735 -0.305524 0.080698
v 0.080081 -0.304734 0.056890
v 0.078720 -0.287038 0.122920
v 0.077257 -0.302414 0.120325
v 0.089366 -0.308938 0.099341
v 0.093819 -0.309405 0.070022
v 0.079551 -0.287655 0.061355
v 0.087884 -0.256913 0.085964
v 0.101662 -0.306739 0.045385
v 0.110213 -0.297086 0.098052
v 0.116559 -0.298184 0.065500
v 0.120017 -0.298020 0.052864
v 0.119763 -0.300037 0.060841
v 0.091555 -0.275665 0.155686
v 0.097884 -0.255199 0.151313
v 0.086551 -0.294138 0.150029
v 0.090261 -0.306264 0.117634
v 0.098149 -0.299642 0.141586
v 0.115266 -0.292949 0.116156
v 0.115718 -0.289135 0.127813
v 0.080053 -0.298897 0.133221
v 0.113429 -0.297983 0.096638
v 0.116829 -0.298532 0.086709
v 0.107268 -0.324463 0.106288
v 0.111487 -0.319885 0.088129
v 0.115246 -0.300952 0.079036
v 0.111469 -0.318705 0.069063
v 0.108095 -0.332894 0.088502
v 0.109169 -0.340469 0.061260
v 0.104440 -0.337689 0.088613
v 0.104639 -0.326825 0.101862
v 0.105676 -0.330273 0.094881
v 0.109300 -0.324267 0.124291
v 0.119538 -0.289767 0.130993
v 0.111946 -0.323977 0.133196
v 0.114084 -0.324413 0.141874
v 0.115692 -0.324542 0.167209
v 0.109097 -0.319378 0.192445
v 0.118420 -0.325134 0.187050
v 0.118633 -0.321702 0.180047
v 0.118043 -0.342920 0.184393
v 0.119158 -0.448741 0.172271
v 0.116623 -0.441301 0.167817
v 0.117991 -0.061396 -0.089473
v 0.089864 -0.253472 0.069713
v 0.093986 -0.249285 0.050300
v 0.095210 -0.255337 0.082120
v 0.089371 -0.259349 0.122443
v 0.095753 -0.258623 0.105919
v 0.086409 -0.287975 0.038734
v 0.104923 -0.222741 0.079995
v 0.109724 -0.217819 0.111193
v 0.099198 -0.258424 0.125334
v 0.103380 -0.253425 0.157132
v 0.108637 -0.247282 0.169119
v 0.109108 -0.254509 0.151610
v 0.108657 -0.245424 0.158988
v 0.108981 -0.251958 0.175488
v 0.094681 -0.288243 0.165114
v 0.108143 -0.292837 0.159769
v 0.101924 -0.281736 0.177357
v 0.120205 -0.284993 0.174644
v 0.120188 -0.284391 0.140707
v 0.106617 -0.281151 0.181057
v 0.122278 -0.243102 0.191340
v 0.115604 -0.272899 0.193139
v 0.092974 -0.299249 0.023051
v 0.086427 -0.303674 0.040805
v 0.100332 -0.279046 0.012547
v 0.096993 -0.250856 0.067552
v 0.106526 -0.223477 0.055094
v 0.101372 -0.246077 0.046009
v 0.099742 -0.246844 0.032015
v 0.108424 -0.243971 0.028437
v 0.106722 -0.244754 0.017576
v 0.115375 -0.242944 0.002260
v 0.121895 -0.179505 0.067373
v 0.127142 -0.179310 0.041337
v 0.124273 -0.179625 0.052508
v 0.107679 -0.175187 0.065100
v 0.112540 -0.174601 0.032093
v 0.100873 -0.170199 0.029872
v 0.093017 -0.165091 0.077534
v 0.090126 -0.159687 0.047343
v 0.090456 -0.146488 0.042509
v 0.088387 -0.146655 0.079942
v 0.103913 -0.170460 0.086770
v 0.100041 -0.166790 0.090182
v 0.091234 -0.153814 0.087858
v 0.089762 -0.156965 0.081570
v 0.090934 -0.157746 0.093623
v 0.094922 -0.162633 0.097557
v 0.092226 -0.149677 0.097653
v 0.095085 -0.137826 0.087876
v 0.088958 -0.143508 0.063140
v 0.095361 -0.160192 0.024241
v 0.103109 -0.166920 0.022065
v 0.096538 -0.147465 0.022972
v 0.105735 -0.114309 0.040639
v 0.100970 -0.123309 0.043232
v 0.097373 -0.124804 0.055994
v 0.091841 -0.119398 0.060743
v 0.095064 -0.118358 0.044282
v 0.103173 -0.103324 0.044884
v 0.101738 -0.101700 0.064303
v 0.098302 -0.122447 0.065787
v 0.099161 -0.122407 0.081033
v 0.103055 -0.117303 0.086772
v 0.096551 -0.112693 0.065899
v 0.109238 -0.104492 0.039838
v 0.100405 -0.096268 0.043902
v 0.113093 -0.101640 0.031349
v 0.111212 -0.098105 0.022838
v 0.109072 -0.091769 0.019499
v 0.118764 -0.098923 0.023700
v 0.120619 -0.092387 0.015876
v 0.112653 -0.083042 0.016374
v 0.120235 -0.101274 0.013065
v 0.112607 -0.120210 0.020704
v 0.100212 -0.155210 0.018580
v 0.104446 -0.141717 0.018220
v 0.108601 -0.131763 0.013125
v 0.101334 -0.152127 0.012692
v 0.102692 -0.164171 0.012220
v 0.113036 -0.129050 0.009735
v 0.105867 -0.156083 0.008713
v 0.106825 -0.170681 0.017877
v 0.113033 -0.143738 0.009637
v 0.122939 -0.112034 0.009801
v 0.114071 -0.152551 0.013092
v 0.118258 -0.082373 0.010191
v 0.109127 -0.082959 0.027272
v 0.105919 -0.075598 0.041536
v 0.114601 -0.075668 0.021570
v 0.120842 -0.063325 0.011576
v 0.122696 -0.053928 0.019467
v 0.109189 -0.063014 0.043510
v 0.102503 -0.083977 0.051045
v 0.100777 -0.076100 0.047826
v 0.119990 -0.035077 0.039012
v 0.108483 -0.059033 0.052266
v 0.103989 -0.065905 0.046036
v 0.100030 -0.069125 0.054490
v 0.102742 -0.110757 0.069038
v 0.100479 -0.119172 0.094953
v 0.105841 -0.104278 0.094713
v 0.107755 -0.097900 0.078822
v 0.105607 -0.101047 0.069779
v 0.098130 -0.095132 0.062716
v 0.099214 -0.089956 0.078926
v 0.102750 -0.093891 0.081605
v 0.106488 -0.080219 0.093180
v 0.111622 -0.090898 0.086538
v 0.111911 -0.081769 0.093503
v 0.106500 -0.069017 0.090537
v 0.107360 -0.069423 0.082242
v 0.106926 -0.061910 0.075892
v 0.104842 -0.070038 0.062086
v 0.112892 -0.089718 0.098513
v 0.125048 -0.299479 0.045575
v 0.121174 -0.300049 0.007195
v 0.104880 -0.296869 0.003397
v 0.113656 -0.293569 -0.009588
v 0.115877 -0.242122 0.014817
v 0.113907 -0.168253 0.012756
v 0.120258 -0.049511 0.023589
v 0.116414 -0.040457 0.082119
v 0.114640 -0.040375 0.089963
v 0.118387 -0.030306 0.075756
v 0.116401 -0.044992 0.095240
v 0.113708 -0.060097 0.095748
v 0.108842 -0.108627 0.098941
v 0.116372 -0.102696 0.098725
v 0.119897 -0.120131 0.105030
v 0.098886 -0.133549 0.098854
v 0.107277 -0.128700 0.098268
v 0.094501 -0.135690 0.093623
v 0.087156 -0.154629 0.121051
v 0.091164 -0.139932 0.125812
v 0.089481 -0.157440 0.125932
v 0.091296 -0.156011 0.114363
v 0.089224 -0.142134 0.118093
v 0.091547 -0.164010 0.117884
v 0.087668 -0.149164 0.133215
v 0.093599 -0.140375 0.156700
v 0.099814 -0.123402 0.150693
v 0.101123 -0.125906 0.158724
v 0.090885 -0.163358 0.131785
v 0.095516 -0.137881 0.114229
v 0.098754 -0.148987 0.114967
v 0.101116 -0.119164 0.125547
v 0.107653 -0.100422 0.134691
v 0.103190 -0.113127 0.145335
v 0.094525 -0.119879 0.153776
v 0.096197 -0.124398 0.119887
v 0.106312 -0.101633 0.143420
v 0.097161 -0.113062 0.150074
v 0.100766 -0.115535 0.168731
v 0.108436 -0.102450 0.168903
v 0.098093 -0.121461 0.165447
v 0.108381 -0.095298 0.175942
v 0.106434 -0.123110 0.168422
v 0.092674 -0.152355 0.162787
v 0.089592 -0.158583 0.144442
v 0.099220 -0.167848 0.124406
v 0.099739 -0.118512 0.116189
v 0.103467 -0.105147 0.119792
v 0.107545 -0.106921 0.113647
v 0.101840 -0.097097 0.139751
v 0.103125 -0.102002 0.150530
v 0.108571 -0.093995 0.115911
v 0.110137 -0.083905 0.119529
v 0.110494 -0.093508 0.127852
v 0.114243 -0.107917 0.113800
v 0.104934 -0.078644 0.150973
v 0.104046 -0.076735 0.133911
v 0.100217 -0.087870 0.131657
v 0.104219 -0.087881 0.124536
v 0.101528 -0.095510 0.156531
v 0.115191 -0.077396 0.181124
v 0.103033 -0.073069 0.157753
v 0.118236 -0.075407 0.113067
v 0.117932 -0.063895 0.116609
v 0.105168 -0.078857 0.119799
v 0.106420 -0.065233 0.122749
v 0.110966 -0.057614 0.157650
v 0.109284 -0.065219 0.117033
v 0.108736 -0.063275 0.128593
v 0.114483 -0.037763 0.132617
v 0.116949 -0.043989 0.116392
v 0.106332 -0.067223 0.165645
v 0.113060 -0.067653 0.171355
v 0.105286 -0.064983 0.156128
v 0.108185 -0.081384 0.166599
v 0.114828 -0.103445 0.171230
v 0.115948 -0.127079 0.186388
v 0.121237 -0.112508 0.186027
v 0.120260 -0.099822 0.179614
v 0.109410 -0.144191 0.186906
v 0.100969 -0.152372 0.182438
v 0.095635 -0.160940 0.167332
v 0.107159 -0.174043 0.157280
v 0.097023 -0.166932 0.159791
v 0.108343 -0.170522 0.179117
v 0.120390 -0.174444 0.179874
v 0.102075 -0.164254 0.180180
v 0.106175 -0.163004 0.185654
v 0.108518 -0.165048 0.191568
v 0.108631 -0.151215 0.193512
v 0.116117 -0.171961 0.189711
v 0.115490 -0.164513 0.195910
v 0.115349 -0.148585 0.197064
v 0.119170 -0.154694 0.192852
v 0.122696 -0.141847 0.193143
v 0.117509 -0.124721 0.192018
v 0.119888 -0.132923 0.196428
v 0.118106 -0.093128 0.188348
v 0.113855 -0.097593 0.180865
v 0.120478 -0.079407 0.192802
v 0.135784 -0.182527 0.163119
v 0.101149 -0.421131 0.056804
v 0.098585 -0.438552 0.068587
v 0.098875 -0.421729 0.072619
v 0.093741 -0.440954 0.074130
v 0.093817 -0.381122 0.065021
v 0.096639 -0.383716 0.051213
v 0.090929 -0.351159 0.066033
v 0.097535 -0.363307 0.065488
v 0.098919 -0.376892 0.052993
v 0.097879 -0.343303 0.065031
v 0.116511 -0.279463 -0.012870
v 0.125094 -0.288578 -0.024746
v 0.120825 -0.211041 0.024988
v 0.103211 -0.171841 0.129605
v 0.110878 -0.171263 0.115171
v 0.112629 -0.166034 0.110425
v 0.126025 -0.178938 0.125442
v 0.129890 -0.181699 0.145833
v 0.104411 -0.256577 0.140395
v 0.113544 -0.244772 0.155097
v 0.103738 -0.346244 0.042583
v 0.103138 -0.341172 0.054481
v 0.110936 -0.343071 0.036152
v 0.116299 -0.342135 0.045037
v 0.122529 -0.343449 0.032531
v 0.103965 -0.353830 0.043735
v 0.111429 -0.348931 0.027004
v 0.118981 -0.346208 0.018929
v 0.140589 0.020500 -0.086495
v 0.101733 0.004665 -0.062072
v 0.113220 0.035556 -0.039244
v 0.124611 0.054829 -0.036659
v 0.117300 0.049213 -0.039485
v 0.125630 0.081462 -0.063340
v 0.110360 0.032479 -0.061014
v 0.119167 0.050668 -0.068491
v 0.111504 0.029433 -0.066742
v 0.097047 -0.437716 0.092592
v 0.094042 -0.416952 0.081350
v 0.096421 -0.403985 0.073740
v 0.098437 -0.416327 0.087437
v 0.099114 -0.426290 0.092062
v 0.101163 -0.404369 0.087360
v 0.097064 -0.393088 0.081140
v 0.097611 -0.391328 0.070725
v 0.102507 -0.389628 0.040153
v 0.101381 -0.390487 0.066719
v 0.101349 -0.392441 0.085253
v 0.101187 -0.393701 0.074823
v 0.101867 -0.414924 0.083422
v 0.109942 -0.441210 0.035555
v 0.104476 -0.379274 0.037452
v 0.106497 -0.385425 0.028706
v 0.100017 -0.159475 0.101256
v 0.121773 -0.177044 0.084804
v 0.101316 -0.150840 0.098342
v 0.115125 -0.151464 0.104930
v 0.111372 -0.158013 0.102539
v 0.103144 -0.165781 0.101268
v 0.107345 -0.169610 0.099416
v 0.116808 -0.166453 0.107472
v 0.123938 -0.172105 0.104585
v 0.123379 -0.159569 0.104999
v 0.115969 -0.133696 0.104777
v 0.114528 -0.135232 0.108233
v 0.110441 -0.147777 0.108269
v 0.118899 -0.125805 0.108377
v 0.121804 -0.053552 0.184060
v 0.121881 -0.070697 0.188119
v 0.124355 -0.173118 0.096637
v 0.123936 -0.174944 0.114351
v 0.110237 -0.435739 0.123749
v 0.106662 -0.428033 0.115672
v 0.113954 -0.392045 0.020590
v 0.106620 -0.393282 0.049994
v 0.114321 -0.393529 0.034103
v 0.115883 -0.386700 0.014843
v 0.106946 -0.432623 0.124766
v 0.108119 -0.428981 0.116102
v 0.106554 -0.418755 0.118427
v 0.110736 -0.415479 0.127293
v 0.109436 -0.421789 0.122231
v 0.114857 -0.436543 0.132675
v 0.108769 -0.415231 0.124401
v 0.110916 -0.410978 0.133818
v 0.110997 -0.436896 0.137624
v 0.113611 -0.397559 0.133583
v 0.111467 -0.406876 0.129250
v 0.113992 -0.408180 0.132540
v 0.112642 -0.395249 0.136140
v 0.115171 -0.390759 0.146892
v 0.116475 -0.391493 0.138744
v 0.119125 -0.391590 0.160782
v 0.120889 -0.389496 0.147255
v 0.118664 -0.391459 0.167710
v 0.121491 -0.390524 0.170907
v 0.125024 -0.395556 0.017829
v 0.119666 -0.243579 0.166634
v 0.132392 -0.276608 0.187979
v 0.119874 -0.173967 0.028814
v 0.119438 -0.162388 0.017081
v 0.121290 -0.026646 0.059550
v 0.123541 -0.078681 0.098550
v 0.122608 -0.046386 0.094761
v 0.121683 -0.065182 0.098353
v 0.116805 -0.068762 0.095328
v 0.119163 -0.029537 0.120573
v 0.126026 -0.041932 0.116684
v 0.114975 -0.042045 0.126938
v 0.120258 -0.026158 0.133087
v 0.122658 -0.026732 0.126974
v 0.120364 -0.027125 0.150822
v 0.117030 -0.035641 0.158751
v 0.125337 -0.170961 0.018051
v 0.122998 -0.159253 0.107900
vn -0.9215 -0.3150 -0.2273
vn -0.9130 -0.3582 -0.1954
vn -0.9158 -0.3501 -0.1970
vn -0.7633 0.5465 0.3445
vn -0.9150 -0.3358 -0.2236
vn -0.9149 -0.3227 -0.2425
vn -0.7628 0.5574 0.3278
vn -0.7618 0.5574 0.3300
vn -0.7603 0.5401 0.3608
vn -0.7620 0.5417 0.3548
vn -0.7598 0.5452 0.3542
vn -0.9990 -0.0413 0.0174
vn -0.9127 -0.3403 -0.2261
vn -0.9154 -0.3304 -0.2301
vn -0.6898 -0.6241 -0.3669
vn -0.9139 -0.3737 -0.1589
vn -0.9173 -0.3636 -0.1623
vn -0.9121 -0.3756 -0.1640
vn -0.9149 -0.3684 -0.1651
vn -0.7742 0.5147 0.3684
vn -0.7674 0.5267 0.3656
vn -0.7881 0.4952 0.3656
vn -0.7792 0.4840 0.3982
vn -0.0712 -0.8582 -0.5084
vn -0.0954 -0.8739 -0.4767
vn -0.0954 -0.8669 -0.4893
vn -0.1274 -0.8886 -0.4406
vn -0.9108 -0.3886 -0.1394
vn -0.9067 -0.3917 -0.1562
vn -0.8895 -0.4434 -0.1102
vn -0.7957 0.4500 0.4055
vn -0.8073 0.4141 0.4205
vn -0.8043 0.4612 0.3747
vn -0.3670 0.7812 0.5051
vn -0.3606 0.7873 0.5002
vn -0.3753 0.7848 0.4933
vn -0.3722 0.7848 0.4955
vn -0.3565 0.7978 0.4863
vn -0.4434 0.7391 0.5071
vn -0.8851 -0.4427 -0.1436
vn -0.8379 -0.5355 -0.1058
vn -0.1280 -0.8899 -0.4378
vn -0.1108 -0.9246 -0.3644
vn -0.7873 -0.5372 -0.3026
vn -0.6335 0.3705 0.6793
vn -0.7655 0.3738 0.5237
vn -0.8317 0.2058 0.5157
vn 0.0573 -0.9830 -0.1742
vn -0.0414 -0.9721 -0.2308
vn -0.0713 -0.8587 -0.5075
vn -0.0945 -0.8373 -0.5385
vn -0.0531 -0.8540 -0.5176
vn -0.0710 -0.8325 -0.5495
vn -0.0831 -0.8427 -0.5319
vn -0.0715 -0.8355 -0.5448
vn 0.4166 -0.7582 -0.5015
vn 0.4744 -0.7356 -0.4836
vn 0.4825 -0.7244 -0.4924
vn 0.4831 -0.7227 -0.4944
vn 0.4862 -0.7271 -0.4848
vn -0.0100 -0.8179 -0.5753
vn -0.0464 -0.8323 -0.5525
vn -0.9048 -0.3285 -0.2710
vn -0.7632 0.5637 0.3157
vn -0.3134 0.8053 0.5033
vn -0.3452 0.7960 0.4972
vn -0.7580 0.5690 0.3187
vn -0.7589 0.5722 0.3109
vn -0.3474 0.7908 0.5040
vn -0.3250 0.8112 0.4861
vn -0.3523 0.7989 0.4875
vn -0.8984 -0.3114 -0.3095
vn -0.9061 -0.3093 -0.2887
vn -0.0033 -0.7968 -0.6043
vn 0.0167 -0.7805 -0.6250
vn 0.0097 -0.8106 -0.5856
vn -0.8994 -0.2948 -0.3229
vn -0.7384 0.6047 0.2986
vn -0.7526 0.5822 0.3076
vn -0.8946 -0.2768 -0.3508
vn -0.8933 -0.2931 -0.3408
vn -0.8966 -0.2808 -0.3424
vn -0.8992 -0.2662 -0.3472
vn -0.8929 -0.2531 -0.3723
vn -0.7402 0.5978 0.3078
vn -0.7117 0.6414 0.2865
vn -0.7153 0.6245 0.3135
vn -0.7304 0.5970 0.3320
vn -0.6746 0.6717 0.3063
vn -0.6905 0.6360 0.3444
vn -0.2764 0.8088 0.5191
vn -0.3262 0.8005 0.5028
vn 0.2800 0.8751 0.3948
vn 0.2790 0.8523 0.4424
vn 0.2918 0.8398 0.4578
vn 0.2822 0.8606 0.4240
vn 0.2904 0.8620 0.4156
vn 0.8901 0.4438 0.1035
vn 0.8919 0.4413 0.0991
vn 0.2796 0.8748 0.3956
vn -0.3529 0.8002 0.4849
vn -0.3595 0.7880 0.4999
vn -0.3601 0.7876 0.5000
vn 0.0224 -0.9960 0.0866
vn 0.2681 -0.4791 0.8358
vn -0.0275 -0.9917 -0.1256
vn 0.4393 -0.7564 -0.4846
vn 0.4382 -0.7579 -0.4833
vn 0.4390 -0.7536 -0.4893
vn 0.1074 -0.6740 0.7309
vn -0.5232 -0.6879 0.5030
vn -0.0929 -0.9615 -0.2587
vn -0.7999 -0.5686 0.1917
vn -0.5236 -0.6881 0.5024
vn -0.6582 0.3620 0.6601
vn -0.7258 0.3071 0.6155
vn -0.7293 0.3121 0.6089
vn -0.8227 0.3200 0.4699
vn -0.1824 -0.9312 -0.3158
vn -0.1471 -0.9405 -0.3062
vn -0.2011 -0.8911 -0.4068
vn -0.2000 -0.8916 -0.4062
vn -0.9027 -0.4279 -0.0452
vn -0.8658 -0.4982 0.0459
vn -0.9112 -0.4092 -0.0471
vn -0.8119 0.3272 0.4834
vn -0.1181 -0.8576 -0.5006
vn -0.9418 -0.3173 -0.1108
vn -0.9275 -0.3383 -0.1588
vn 0.4012 -0.7573 -0.5153
vn 0.4511 -0.7373 -0.5028
vn 0.4410 -0.7367 -0.5127
vn 0.4409 -0.7366 -0.5128
vn 0.4222 -0.7409 -0.5223
vn 0.3187 0.3103 -0.8956
vn 0.8652 -0.3780 -0.3293
vn 0.8538 -0.3515 -0.3840
vn 0.8341 -0.3625 -0.4158
vn 0.4105 -0.7455 -0.5250
vn 0.4447 -0.7376 -0.5082
vn 0.4500 -0.7423 -0.4965
vn 0.4495 -0.7414 -0.4982
vn 0.4254 -0.7503 -0.5060
vn -0.8896 -0.2732 -0.3660
vn -0.6421 0.7016 0.3090
vn -0.3104 0.8073 0.5019
vn -0.3186 0.8118 0.4893
vn -0.2949 0.8217 0.4876
vn -0.3083 0.8139 0.4925
vn -0.8783 -0.2485 -0.4085
vn -0.8805 -0.2400 -0.4087
vn 0.1003 -0.7746 -0.6245
vn 0.1060 -0.7644 -0.6360
vn 0.1817 -0.7287 -0.6603
vn 0.1827 -0.7447 -0.6419
vn -0.8165 -0.2345 -0.5276
vn -0.8161 -0.2364 -0.5274
vn -0.8768 -0.2587 -0.4054
vn -0.9721 0.1888 -0.1391
vn -0.9354 0.3482 -0.0612
vn -0.9391 0.3288 -0.0997
vn -0.6227 0.6997 0.3502
vn -0.6383 0.7141 0.2873
vn -0.2840 0.8070 0.5177
vn -0.9355 0.3405 -0.0940
vn -0.6089 0.7303 0.3097
vn -0.6123 0.7317 0.2996
vn -0.4216 0.8029 0.4214
vn 0.9202 0.3043 0.2461
vn 0.2640 0.7919 0.5507
vn 0.2636 0.7923 0.5503
vn -0.5787 0.7526 0.3140
vn -0.5800 0.7490 0.3204
vn -0.5815 0.7476 0.3209
vn -0.8980 0.2921 -0.3289
vn -0.6076 0.7228 0.3293
vn -0.6126 0.7153 0.3362
vn -0.8288 -0.0834 -0.5533
vn -0.8370 -0.0832 -0.5409
vn -0.8367 -0.0798 -0.5419
vn -0.8551 -0.1047 -0.5078
vn -0.7502 -0.1332 -0.6477
vn -0.4269 -0.4858 -0.7628
vn 0.2489 -0.7052 -0.6639
vn -0.4663 -0.4029 -0.7875
vn 0.2549 -0.7125 -0.6537
vn 0.8965 -0.3770 -0.2330
vn 0.3286 -0.6722 -0.6634
vn -0.7638 -0.1133 -0.6354
vn -0.6861 -0.1686 -0.7077
vn -0.7777 -0.1323 -0.6145
vn -0.8542 0.4972 -0.1524
vn -0.4758 0.8075 0.3488
vn -0.4989 0.7923 0.3512
vn 0.2508 0.7858 0.5653
vn 0.2536 0.7835 0.5673
vn 0.8803 0.3433 0.3273
vn -0.8534 0.5044 -0.1315
vn 0.3319 -0.6802 -0.6536
vn 0.2602 0.7907 0.5542
vn 0.3396 0.7314 0.5915
vn 0.9313 0.2367 0.2769
vn 0.8671 -0.4044 -0.2908
vn 0.8946 -0.4005 -0.1983
vn 0.9409 -0.2951 -0.1662
vn 0.3466 0.7393 0.5774
vn 0.9311 0.2280 0.2847
vn 0.6802 0.5801 0.4481
vn -0.4938 0.8143 0.3052
vn -0.7737 0.6327 -0.0335
vn -0.5276 0.8100 0.2559
vn -0.7256 -0.0189 -0.6878
vn -0.5383 0.7992 0.2674
vn -0.7161 -0.0116 -0.6979
vn -0.6893 -0.1697 -0.7044
vn -0.6693 0.7111 -0.2156
vn 0.3724 -0.6572 -0.6553
vn 0.5388 0.7468 0.3899
vn 0.8929 -0.3582 -0.2729
vn 0.5707 0.7724 0.2788
vn -0.1959 -0.7637 -0.6151
vn 0.0368 -0.7982 -0.6013
vn 0.0821 -0.7518 -0.6542
vn 0.4869 -0.7130 -0.5045
vn 0.5017 -0.7022 -0.5052
vn 0.4963 -0.7126 -0.4959
vn 0.9004 -0.3225 -0.2922
vn 0.9010 -0.3184 -0.2945
vn 0.9201 0.3728 0.1201
vn 0.9186 0.3749 0.1249
vn 0.9217 0.3685 0.1213
vn 0.2939 0.8341 0.4668
vn 0.2964 0.8293 0.4737
vn 0.2819 0.8268 0.4868
vn -0.2877 0.8050 0.5189
vn 0.2817 0.8251 0.4897
vn 0.2718 0.8022 0.5315
vn 0.2581 0.8234 0.5054
vn 0.2534 0.8198 0.5135
vn 0.8976 0.3719 0.2364
vn 0.9182 0.3417 0.2003
vn 0.9190 0.3479 0.1853
vn 0.9235 0.3519 0.1526
vn 0.9130 0.3792 0.1504
vn 0.9039 -0.3249 -0.2783
vn 0.9043 -0.3214 -0.2811
vn -0.7643 0.6392 0.0850
vn -0.3747 0.9263 0.0389
vn -0.9235 0.2556 -0.2859
vn -0.9584 -0.0911 -0.2705
vn -0.8864 0.3214 -0.3331
vn 0.0545 0.9913 0.1197
vn -0.5531 0.7775 -0.2993
vn -0.3390 0.7036 -0.6245
vn -0.8770 -0.4805 0.0004
vn -0.6216 -0.4575 -0.6358
vn -0.6161 0.2181 -0.7569
vn -0.5549 0.0712 -0.8289
vn -0.7437 0.2345 -0.6260
vn -0.6692 0.5106 -0.5398
vn -0.3372 0.7430 -0.5781
vn 0.0361 0.9807 -0.1921
vn 0.0881 0.9951 0.0456
vn -0.0922 0.8901 -0.4463
vn -0.4376 -0.7252 -0.5316
vn -0.8996 -0.3909 0.1948
vn -0.8950 0.4034 0.1903
vn -0.7487 -0.5702 0.3381
vn -0.3287 -0.8861 -0.3270
vn -0.5792 -0.8146 -0.0295
vn -0.0809 -0.9807 -0.1782
vn -0.0215 -0.9824 -0.1854
vn -0.3444 -0.9333 0.1017
vn -0.3469 -0.9186 0.1892
vn -0.1837 -0.9131 0.3639
vn -0.6907 -0.5031 0.5194
vn -0.7818 -0.1520 0.6047
vn -0.6341 -0.0099 0.7732
vn -0.6607 0.7396 -0.1286
vn -0.1921 -0.7296 0.6564
vn 0.0048 -0.5862 0.8101
vn -0.5895 0.4965 0.6372
vn 0.0167 -0.9861 -0.1652
vn 0.0526 -0.9794 -0.1949
vn 0.2116 -0.9598 0.1843
vn 0.1807 -0.5375 0.8237
vn -0.1585 0.1990 0.9671
vn 0.1876 -0.9243 0.3325
vn 0.2384 -0.9339 0.2664
vn 0.3414 -0.9360 0.0854
vn 0.4393 -0.8861 0.1477
vn 0.0225 -0.8241 -0.5660
vn -0.1514 -0.5977 -0.7873
vn -0.1448 -0.5446 -0.8261
vn -0.2009 0.1166 -0.9726
vn -0.2410 0.2588 -0.9354
vn -0.1270 0.9474 -0.2937
vn -0.1652 0.1322 -0.9774
vn -0.6056 0.4191 -0.6765
vn -0.8437 0.5284 -0.0944
vn -0.6205 0.7066 0.3400
vn 0.4501 -0.4910 0.7458
vn 0.4154 -0.5107 0.7527
vn -0.1759 0.9840 -0.0288
vn -0.2213 0.9505 -0.2179
vn -0.5683 0.6041 -0.5587
vn -0.5490 0.5551 -0.6249
vn -0.0452 -0.8309 -0.5546
vn -0.8391 -0.1037 -0.5339
vn -0.8227 -0.2521 -0.5095
vn -0.3900 -0.5402 -0.7457
vn 0.2245 -0.7152 -0.6619
vn 0.8718 -0.4117 -0.2653
vn 0.8643 -0.4274 -0.2652
vn 0.8797 -0.4246 -0.2141
vn 0.2431 -0.7165 -0.6539
vn -0.4568 -0.4818 -0.7478
vn 0.4538 -0.7426 -0.4926
vn 0.4552 -0.7387 -0.4971
vn 0.4812 -0.7348 -0.4781
vn 0.4658 -0.7311 -0.4985
vn 0.4657 -0.7323 -0.4969
vn 0.4581 -0.7457 -0.4839
vn 0.8818 -0.2675 -0.3884
vn 0.8845 -0.2712 -0.3796
vn 0.8678 -0.2781 -0.4118
vn 0.8723 -0.2744 -0.4046
vn 0.8709 -0.2787 -0.4047
vn 0.8264 -0.3538 -0.4380
vn 0.9326 0.3158 -0.1750
vn 0.8310 -0.2806 -0.4804
vn 0.8604 -0.2864 -0.4215
vn 0.8591 0.5058 -0.0777
vn 0.2938 0.8882 0.3532
vn 0.2953 0.8935 0.3384
vn 0.2879 0.8912 0.3506
vn 0.2948 0.8781 0.3768
vn 0.2858 0.8740 0.3930
vn -0.3765 0.7785 0.5022
vn -0.3498 0.8020 0.4842
vn -0.3625 0.7953 0.4859
vn -0.3632 0.7983 0.4804
vn -0.3722 0.7848 0.4956
vn 0.2918 0.8904 0.3493
vn 0.2553 0.8996 0.3543
vn 0.2465 0.9033 0.3510
vn 0.2919 0.8904 0.3494
vn 0.8842 0.4611 -0.0747
vn 0.2617 0.8920 0.3687
vn 0.7925 0.6098 0.0022
vn 0.8960 0.4331 -0.0981
vn 0.8990 0.4301 -0.0821
vn 0.7996 0.6004 -0.0108
vn 0.2552 0.8889 0.3805
vn 0.8818 -0.2670 -0.3887
vn -0.7951 -0.5641 0.2227
vn -0.8667 -0.4940 0.0694
vn -0.0796 0.1879 0.9789
vn -0.0790 0.2390 0.9678
vn 0.5743 -0.4994 0.6487
vn 0.4358 -0.3909 0.8107
vn -0.5020 -0.6366 0.5855
vn 0.5157 0.0100 0.8567
vn -0.5329 0.7468 0.3979
vn -0.8076 -0.4956 0.3196
vn -0.8077 -0.3088 -0.5023
vn -0.8119 -0.3078 -0.4961
vn -0.8121 -0.5243 0.2560
vn -0.7460 -0.3940 -0.5369
vn -0.8100 -0.5276 0.2562
vn -0.7571 -0.6385 0.1383
vn 0.5410 -0.5243 0.6576
vn 0.1719 -0.7134 0.6793
vn 0.5694 -0.5223 0.6349
vn 0.5320 -0.6129 0.5842
vn 0.7903 -0.6066 0.0860
vn 0.5603 -0.4919 0.6664
vn -0.8778 -0.3375 -0.3399
vn -0.5359 -0.3002 -0.7891
vn -0.6545 -0.4401 -0.6147
vn 0.6159 -0.4020 0.6775
vn 0.4498 0.0619 -0.8910
vn 0.4590 0.0554 -0.8867
vn -0.9056 -0.3898 0.1669
vn -0.9273 -0.3487 0.1359
vn -0.1468 -0.3804 -0.9131
vn -0.0519 -0.2254 -0.9729
vn -0.1098 -0.2714 -0.9562
vn 0.3298 0.5263 -0.7838
vn 0.4700 0.2302 -0.8521
vn 0.5991 0.0178 -0.8005
vn -0.0992 0.6524 -0.7514
vn -0.2702 -0.5434 -0.7948
vn -0.5207 -0.8192 -0.2404
vn -0.0101 -0.9997 -0.0230
vn -0.2151 -0.9010 0.3767
vn 0.2748 -0.9558 0.1042
vn 0.2822 -0.9592 -0.0166
vn 0.0708 -0.8928 0.4449
vn -0.4928 0.1457 -0.8578
vn -0.9594 0.0383 0.2794
vn -0.5849 0.1079 -0.8039
vn -0.7542 0.1230 -0.6450
vn -0.8096 0.1695 -0.5620
vn -0.8572 0.1889 -0.4791
vn -0.6712 0.7228 0.1645
vn -0.6466 0.7033 0.2954
vn -0.5567 0.7027 0.4429
vn -0.3836 0.6921 0.6115
vn -0.0870 0.3297 0.9401
vn -0.9152 0.3095 -0.2580
vn -0.9279 0.2851 -0.2405
vn -0.8056 -0.5484 -0.2241
vn -0.8627 -0.4366 -0.2551
vn -0.9617 -0.2330 -0.1443
vn -0.9355 0.3514 -0.0358
vn -0.9544 0.2596 -0.1473
vn -0.8740 -0.4823 0.0587
vn -0.7305 -0.6718 -0.1223
vn -0.9277 0.3486 0.1335
vn -0.8848 -0.4631 0.0525
vn -0.9839 0.1581 0.0838
vn -0.9897 -0.0721 0.1235
vn -0.9024 -0.4301 -0.0267
vn -0.7626 -0.2505 -0.5964
vn -0.9052 -0.4239 -0.0313
vn -0.8311 -0.5366 0.1461
vn -0.7998 -0.2121 -0.5615
vn -0.9379 0.2681 0.2201
vn -0.8270 -0.5196 0.2147
vn -0.5903 -0.8071 -0.0118
vn -0.1835 -0.9719 0.1472
vn -0.1976 -0.9731 0.1182
vn -0.5528 -0.8310 0.0626
vn -0.8071 -0.4842 0.3377
vn -0.8373 -0.4471 0.3147
vn -0.9835 0.0894 0.1576
vn -0.8663 0.1668 0.4709
vn -0.7894 0.2617 0.5552
vn -0.7181 -0.3621 0.5943
vn -0.7144 -0.3663 0.5961
vn -0.5264 -0.3480 0.7757
vn -0.7238 0.4645 0.5103
vn -0.7714 0.4840 0.4132
vn -0.6128 0.5377 0.5791
vn -0.3599 -0.8161 0.4522
vn -0.3554 -0.8229 0.4433
vn -0.5396 -0.6535 0.5308
vn -0.7207 0.3604 0.5921
vn -0.3742 -0.6512 0.6603
vn -0.8321 0.3854 0.3987
vn -0.4702 -0.1631 0.8673
vn -0.7520 0.4800 0.4518
vn -0.7784 0.1470 0.6103
vn -0.7579 0.3055 0.5765
vn -0.5833 -0.1187 0.8035
vn -0.8426 0.3239 0.4302
vn -0.9919 -0.1271 -0.0023
vn -0.5962 -0.5007 0.6276
vn -0.8532 -0.3685 0.3690
vn -0.9429 -0.1254 0.3087
vn -0.9050 -0.3243 0.2754
vn -0.8613 -0.2844 -0.4209
vn -0.7886 -0.3261 -0.5213
vn -0.6455 -0.5262 0.5535
vn -0.6605 -0.4647 0.5898
vn -0.9170 -0.3975 -0.0338
vn -0.9404 -0.3391 -0.0253
vn -0.8135 -0.2123 -0.5414
vn -0.8623 -0.2943 -0.4122
vn -0.6912 -0.3962 0.6044
vn -0.6932 -0.4844 0.5336
vn -0.8176 -0.1864 0.5447
vn -0.8985 -0.0724 -0.4331
vn -0.8931 -0.1029 -0.4379
vn -0.8606 0.4756 0.1823
vn -0.3757 0.0008 0.9267
vn -0.3052 -0.7073 -0.6377
vn -0.2821 -0.7627 -0.5820
vn -0.2927 -0.6986 -0.6529
vn -0.0746 -0.8130 -0.5775
vn -0.9234 -0.2136 -0.3189
vn -0.9472 -0.1923 -0.2565
vn -0.2546 -0.7913 -0.5559
vn -0.9292 -0.2946 -0.2230
vn -0.9767 -0.0989 -0.1906
vn -0.2639 -0.4205 0.8681
vn 0.1710 -0.9705 0.1699
vn -0.2761 -0.6300 0.7259
vn -0.8756 0.4022 0.2674
vn -0.8736 0.4180 0.2492
vn -0.8554 0.4712 0.2149
vn -0.8312 0.4095 0.3761
vn -0.8500 0.4651 0.2473
vn -0.8574 0.0609 -0.5110
vn -0.8786 0.0656 -0.4730
vn -0.7866 -0.6142 0.0633
vn -0.8672 -0.2623 0.4232
vn -0.8539 0.4910 0.1725
vn -0.8563 0.4843 0.1792
vn -0.4494 -0.0498 0.8920
vn -0.4591 -0.0491 0.8870
vn 0.0459 -0.9897 0.1360
vn -0.3536 -0.6025 0.7155
vn -0.3534 -0.6739 0.6488
vn -0.5735 0.0446 0.8180
vn -0.8570 0.4390 0.2700
vn -0.8411 0.3703 0.3942
vn -0.6575 0.6408 0.3963
vn -0.4529 0.7476 0.4858
vn -0.1275 0.9369 -0.3255
vn -0.4267 0.7586 0.4924
vn -0.1261 0.9779 -0.1670
vn -0.2823 0.0852 0.9555
vn -0.4173 0.8318 0.3661
vn 0.1233 -0.2952 0.9475
vn -0.4205 0.7778 0.4670
vn -0.4626 0.7495 0.4736
vn 0.2324 0.8145 0.5315
vn -0.3149 0.7989 0.5124
vn -0.1490 0.4208 0.8949
vn -0.7647 0.2591 0.5900
vn -0.1821 0.1480 -0.9721
vn -0.0418 0.3964 0.9171
vn -0.1563 0.4114 -0.8980
vn -0.5321 0.1000 -0.8408
vn -0.6022 0.7964 -0.0558
vn -0.7163 0.6859 0.1284
vn -0.6595 0.7361 0.1522
vn -0.7572 -0.0356 -0.6522
vn -0.6201 0.4540 -0.6398
vn -0.5999 0.4680 -0.6489
vn -0.5896 0.4677 -0.6585
vn -0.7004 0.5446 -0.4614
vn -0.9421 -0.0073 -0.3353
vn -0.8735 -0.0875 -0.4790
vn -0.1827 0.9601 -0.2117
vn -0.6777 0.7292 0.0954
vn -0.7383 0.5683 -0.3633
vn -0.7147 0.5737 -0.4001
vn -0.7819 0.5343 -0.3213
vn -0.7908 0.6009 -0.1165
vn -0.7712 0.5693 -0.2848
vn -0.8845 0.3050 -0.3531
vn -0.8628 0.4502 -0.2300
vn -0.6461 0.7043 0.2941
vn -0.6026 0.7502 0.2724
vn -0.8588 -0.3972 -0.3236
vn -0.9108 0.3224 -0.2578
vn -0.5039 0.8631 0.0334
vn -0.8818 0.4136 0.2268
vn -0.8648 0.4073 0.2938
vn -0.1383 0.9903 -0.0143
vn -0.0952 0.9954 -0.0056
vn -0.0221 0.9977 0.0633
vn -0.5004 0.4562 0.7358
vn -0.4764 0.4711 0.7424
vn -0.0454 0.9907 -0.1283
vn -0.0135 0.9983 0.0567
vn -0.0351 0.9980 0.0529
vn -0.4170 0.8638 -0.2829
vn -0.2440 0.9686 -0.0480
vn -0.3243 0.7217 0.6115
vn -0.4460 0.4431 0.7777
vn -0.3700 0.0426 0.9281
vn -0.2959 -0.2829 0.9124
vn -0.2946 -0.2726 0.9159
vn -0.2967 -0.2744 0.9147
vn -0.2924 -0.5509 0.7817
vn -0.0466 -0.6737 0.7375
vn -0.2333 0.5096 0.8282
vn -0.4567 0.5010 0.7351
vn -0.4737 0.5193 0.7113
vn -0.9471 -0.3072 0.0925
vn -0.8981 -0.4069 -0.1671
vn -0.9533 -0.2735 -0.1285
vn -0.9370 -0.2667 -0.2254
vn -0.4985 -0.3595 0.7888
vn -0.5630 -0.2887 0.7744
vn -0.8013 -0.2158 -0.5579
vn -0.6467 -0.4349 0.6267
vn -0.9203 -0.3806 0.0909
vn -0.9021 -0.3858 -0.1935
vn -0.7964 -0.1538 -0.5849
vn -0.3336 -0.7681 -0.5466
vn -0.4974 -0.7369 -0.4577
vn -0.8716 -0.4199 0.2530
vn -0.6017 -0.7766 -0.1869
vn -0.0755 -0.2857 -0.9554
vn -0.5257 -0.8504 0.0227
vn -0.6322 -0.1961 -0.7496
vn -0.1947 -0.8607 -0.4704
vn -0.0338 -0.7416 -0.6700
vn 0.0555 -0.0905 -0.9944
vn 0.0462 0.3299 -0.9429
vn -0.4873 -0.2749 -0.8289
vn -0.1321 0.4328 -0.8917
vn -0.0986 -0.8876 -0.4500
vn 0.5389 -0.4513 0.7113
vn 0.5158 -0.4447 0.7323
vn -0.0009 -0.6802 -0.7330
vn -0.0364 -0.5272 -0.8490
vn -0.3712 0.0362 -0.9279
vn -0.2460 0.0215 -0.9690
vn -0.0406 0.9766 -0.2114
vn -0.2371 -0.7269 0.6446
vn -0.2949 -0.9332 0.2054
vn -0.5557 0.4423 -0.7040
vn -0.3326 0.9241 -0.1883
vn -0.6565 0.2848 -0.6986
vn -0.6003 0.5277 -0.6010
vn -0.7509 0.0294 -0.6598
vn -0.8293 -0.1173 -0.5463
vn -0.3270 0.8000 0.5031
vn 0.2973 0.8372 0.4591
vn -0.2604 -0.8425 -0.4717
vn -0.2227 -0.8262 -0.5174
vn 0.4375 -0.7375 -0.5146
vn 0.4428 -0.7334 -0.5157
vn 0.0012 -0.4297 -0.9030
vn -0.0248 -0.3476 -0.9373
vn 0.4545 -0.7477 -0.4841
vn 0.2534 -0.1060 -0.9615
vn -0.3273 0.4241 -0.8444
vn 0.4574 -0.7594 -0.4628
vn 0.6237 0.1849 -0.7594
vn 0.3546 -0.7812 -0.5137
vn -0.1244 -0.9723 -0.1977
vn -0.0984 -0.8067 -0.5827
vn 0.5123 -0.7206 -0.4673
vn 0.9845 -0.1688 -0.0466
vn 0.7944 0.4706 -0.3840
vn 0.7189 -0.6583 -0.2231
vn 0.2461 -0.7717 0.5865
vn 0.7135 -0.6206 0.3252
vn 0.8219 -0.0442 0.5679
vn -0.5503 -0.7846 -0.2856
vn 0.4575 -0.7594 -0.4626
vn 0.4171 -0.7544 -0.5068
vn -0.4003 -0.8760 -0.2689
vn 0.4734 -0.7965 -0.3762
vn 0.4420 -0.7535 -0.4866
vn 0.8153 -0.0328 -0.5781
vn 0.8193 -0.1518 -0.5530
vn 0.3930 -0.7471 -0.5361
vn 0.8986 0.4365 -0.0455
vn 0.8198 0.5664 0.0842
vn 0.3109 0.8177 0.4845
vn -0.3187 0.8053 0.4999
vn -0.3617 0.7964 0.4847
vn -0.3532 0.8039 0.4785
vn 0.7494 0.6620 -0.0095
vn -0.3622 0.8211 0.4411
vn -0.3484 0.8338 0.4283
vn -0.8615 0.4997 0.0901
vn -0.9367 0.3390 0.0873
vn -0.3426 0.6413 -0.6865
vn -0.3819 0.7956 0.4703
vn -0.9308 0.1215 0.3446
vn -0.1432 0.4201 0.8961
vn -0.3652 0.8225 0.4361
vn -0.2792 0.8755 0.3944
vn -0.0826 0.9848 -0.1529
vn 0.2851 0.9030 -0.3215
vn 0.2929 0.0440 0.9551
vn -0.3278 0.0395 0.9439
vn -0.1256 0.3519 0.9276
vn 0.1260 0.3219 0.9383
vn -0.0549 0.5234 -0.8503
vn -0.0308 0.4889 -0.8718
vn -0.0658 0.2257 0.9720
vn -0.2737 0.8911 0.3620
vn -0.2081 0.5551 0.8053
vn -0.2411 0.9663 -0.0902
vn -0.2686 0.9587 -0.0935
vn -0.6661 0.7424 -0.0722
vn -0.4242 0.7545 -0.5008
vn -0.2437 0.7486 -0.6167
vn -0.0305 0.4867 -0.8730
vn -0.3126 0.7765 -0.5472
vn -0.6867 0.6404 0.3440
vn -0.7398 0.5878 0.3275
vn -0.7352 0.6150 0.2851
vn -0.4714 -0.8683 -0.1546
vn -0.5080 -0.8584 -0.0707
vn -0.7843 -0.6051 -0.1368
vn -0.6670 -0.7381 -0.1010
vn -0.4142 -0.9057 0.0908
vn -0.1534 0.9735 -0.1699
vn -0.7911 0.6001 -0.1187
vn -0.1493 0.9734 -0.1740
vn -0.0884 0.9929 -0.0801
vn -0.0152 0.9989 0.0435
vn -0.0105 0.9989 0.0464
vn -0.7736 0.6240 0.1102
vn -0.6781 0.6562 0.3311
vn -0.6299 0.5985 0.4950
vn -0.6809 0.6370 0.3615
vn -0.6851 0.6399 0.3481
vn -0.7659 0.6297 0.1296
vn -0.5172 0.6555 0.5503
vn -0.5156 0.6175 0.5940
vn 0.2986 0.8352 0.4618
vn -0.3136 0.8103 0.4951
vn 0.2240 -0.7011 -0.6770
vn 0.4871 -0.7036 -0.5173
vn 0.9007 -0.3291 -0.2837
vn 0.4917 -0.7042 -0.5121
vn 0.8985 -0.3391 -0.2787
vn 0.8928 -0.3329 -0.3034
vn 0.4899 -0.7101 -0.5057
vn 0.8688 -0.4037 -0.2866
vn -0.9717 0.2315 0.0478
vn -0.9701 0.2421 0.0190
vn 0.4558 -0.7435 -0.4894
vn 0.4674 -0.7330 -0.4942
vn 0.8901 -0.2921 -0.3497
vn 0.8925 -0.2772 -0.3560
vn 0.8964 -0.2903 -0.3349
vn 0.8931 -0.2916 -0.3426
vn 0.8958 0.4414 0.0512
vn 0.8954 0.4424 0.0512
vn 0.9006 -0.2838 -0.3293
vn 0.8776 -0.3102 -0.3655
vn 0.8844 -0.2808 -0.3729
vn 0.8941 0.4477 0.0076
vn 0.2610 0.8851 0.3854
vn 0.8351 0.5501 -0.0068
vn 0.8446 0.5348 -0.0257
vn 0.8777 -0.2638 -0.4000
vn 0.4937 -0.7104 -0.5016
vn 0.8844 -0.3165 -0.3430
vn -0.4411 0.4727 -0.7629
vn 0.0734 -0.9963 0.0451
vn 0.0388 -0.9948 0.0938
vn -0.7357 -0.0355 -0.6763
vn -0.2529 0.9091 -0.3311
vn -0.4250 0.7990 -0.4253
vn -0.0287 -0.9003 -0.4344
vn -0.4837 0.7777 -0.4015
vn 0.3310 -0.7158 -0.6149
vn -0.5470 0.5982 -0.5857
vn -0.3753 0.4154 -0.8286
vn -0.1402 -0.2747 -0.9512
vn -0.4862 0.4671 -0.7385
vn -0.4557 0.6822 -0.5718
vn 0.2009 -0.3534 -0.9136
vn 0.3217 -0.4203 -0.8484
vn 0.6272 -0.7709 0.1110
vn 0.6707 -0.7143 0.1998
vn 0.6065 -0.7770 0.1688
vn 0.2049 -0.2822 -0.9372
vn 0.1535 -0.7719 -0.6170
vn 0.1518 -0.7626 -0.6288
vn 0.7051 -0.1400 -0.6951
vn 0.2946 0.0099 0.9556
vn 0.3152 -0.6786 0.6634
vn 0.6831 -0.1921 -0.7046
vn -0.3867 0.4173 -0.8223
vn 0.2405 -0.7978 -0.5529
vn 0.3788 -0.9149 -0.1395
vn 0.3605 -0.9174 -0.1686
vn -0.1458 -0.1754 -0.9736
vn -0.2722 0.1784 -0.9456
vn -0.4165 0.6735 -0.6107
vn -0.3189 0.5086 -0.7998
vn 0.7154 -0.5413 -0.4418
vn 0.5400 -0.7245 -0.4283
vn 0.3991 -0.7153 -0.5737
vn 0.5329 -0.7404 -0.4097
vn 0.4363 -0.8031 -0.4058
vn 0.1722 -0.8631 0.4748
vn 0.3916 -0.8054 -0.4450
vn 0.3611 -0.8942 0.2646
vn 0.5536 -0.7576 -0.3458
vn 0.3187 -0.9234 0.2142
vn 0.5040 -0.7429 -0.4406
vn 0.5560 -0.7709 0.3107
vn 0.4728 -0.6852 -0.5540
vn 0.3218 -0.8884 0.3273
vn 0.4836 -0.7715 0.4134
vn 0.4289 -0.8068 0.4064
vn 0.5137 -0.7686 -0.3812
vn 0.7994 -0.3853 0.4610
vn 0.3571 -0.8467 -0.3945
vn 0.1837 -0.9585 0.2179
vn 0.8709 -0.3771 -0.3153
vn 0.8805 -0.4417 -0.1720
vn 0.8003 -0.3867 0.4582
vn 0.9411 0.3193 0.1117
vn 0.4700 -0.7080 0.5271
vn 0.1238 0.2444 -0.9617
vn 0.4119 -0.7709 0.4859
vn 0.8658 -0.5005 0.0023
vn 0.8819 -0.4412 -0.1661
vn 0.9265 0.3486 0.1418
vn 0.2897 0.7829 0.5506
vn 0.2853 0.7809 0.5557
vn 0.2860 0.7444 0.6033
vn 0.4871 0.5964 0.6380
vn 0.6293 0.5785 0.5190
vn 0.4212 0.6892 0.5896
vn 0.1750 0.6910 0.7013
vn -0.1982 0.8071 0.5562
vn -0.3446 0.8165 0.4632
vn -0.1958 0.8191 0.5392
vn -0.1866 0.7409 0.6452
vn 0.4395 0.6178 0.6521
vn -0.1343 0.7804 0.6106
vn 0.6646 0.5641 0.4900
vn -0.8507 -0.4514 0.2693
vn -0.5862 -0.3277 -0.7410
vn -0.7707 -0.5321 -0.3505
vn -0.5591 -0.8069 -0.1907
vn -0.2028 -0.3068 -0.9299
vn -0.3628 -0.9319 -0.0032
vn 0.0490 -0.7480 -0.6619
vn 0.2503 -0.5926 -0.7657
vn -0.2059 -0.9512 -0.2298
vn -0.5177 -0.8490 0.1058
vn -0.3099 -0.8288 -0.4658
vn -0.5749 -0.8170 0.0436
vn -0.0048 -0.8747 -0.4846
vn -0.0074 -0.9999 -0.0142
vn -0.0952 -0.3698 -0.9242
vn -0.4535 -0.7939 0.4050
vn -0.1072 -0.7876 -0.6068
vn -0.1287 -0.4448 -0.8863
vn 0.2659 -0.3732 -0.8888
vn -0.1547 0.0321 -0.9874
vn -0.2817 0.4626 -0.8406
vn -0.0662 -0.9003 -0.4301
vn -0.1253 -0.9627 -0.2400
vn 0.7059 -0.0374 0.7074
vn 0.6913 -0.0123 0.7225
vn 0.4013 -0.8995 -0.1731
vn 0.2306 -0.5688 -0.7895
vn -0.4151 0.6756 -0.6094
vn -0.3410 0.5128 -0.7879
vn -0.3312 0.5300 -0.7806
vn -0.1769 0.6206 -0.7639
vn -0.2512 0.6321 -0.7330
vn -0.1736 0.7034 -0.6893
vn -0.0462 0.7504 -0.6594
vn 0.0809 0.9355 -0.3439
vn 0.1359 0.8843 -0.4466
vn -0.0546 0.8211 -0.5681
vn 0.1138 -0.1395 0.9837
vn 0.4799 -0.1398 0.8661
vn -0.0964 0.9607 -0.2604
vn 0.5142 0.1128 -0.8502
vn 0.2298 0.4388 -0.8687
vn -0.4399 -0.8055 0.3970
vn -0.3821 -0.6485 0.6583
vn -0.6283 -0.7024 0.3346
vn -0.5279 -0.2297 0.8176
vn -0.8210 -0.1897 -0.5385
vn -0.6915 -0.4127 0.5929
vn -0.4618 -0.6860 0.5623
vn -0.7356 -0.3151 -0.5997
vn 0.9324 0.2681 0.2423
vn 0.9097 0.2697 0.3156
vn -0.7259 0.2604 0.6366
vn -0.7918 -0.3434 0.5050
vn -0.7615 -0.3576 0.5405
vn -0.9570 -0.2450 -0.1553
vn -0.8055 -0.1854 0.5628
vn -0.5648 0.2772 0.7773
vn -0.4588 -0.1738 0.8714
vn -0.3135 -0.1939 0.9296
vn -0.5011 0.2033 0.8412
vn -0.0550 -0.0660 0.9963
vn -0.1948 0.1741 0.9653
vn 0.3541 -0.0727 0.9324
vn -0.7132 -0.2100 0.6688
vn -0.9765 -0.2065 -0.0618
vn -0.8993 -0.2091 -0.3841
vn -0.9205 -0.2022 -0.3344
vn -0.8630 -0.4423 0.2443
vn -0.7925 -0.4086 0.4528
vn -0.8183 -0.5654 0.1036
vn -0.7265 -0.5070 -0.4639
vn -0.7740 -0.3790 -0.5072
vn -0.3498 -0.4765 0.8066
vn -0.5440 -0.4100 0.7321
vn -0.9357 -0.3527 -0.0031
vn -0.9307 -0.3644 -0.0310
vn -0.8566 -0.3541 0.3753
vn -0.7793 -0.3651 0.5093
vn -0.6719 -0.4299 0.6031
vn -0.5232 -0.8054 0.2784
vn -0.0885 -0.8867 0.4537
vn -0.0771 -0.8648 0.4961
vn -0.5878 -0.6119 -0.5292
vn -0.5385 -0.6777 -0.5007
vn -0.6827 -0.7285 -0.0565
vn -0.8232 -0.2351 -0.5168
vn -0.6683 -0.3669 -0.6471
vn -0.7314 -0.6763 -0.0883
vn -0.6555 -0.4897 -0.5749
vn 0.0373 -0.9614 0.2725
vn 0.0516 -0.9987 0.0026
vn -0.0787 -0.9766 -0.2001
vn 0.1151 -0.9869 -0.1127
vn 0.1673 -0.9353 -0.3117
vn 0.0508 -0.5699 -0.8201
vn 0.1488 -0.9888 0.0078
vn -0.3724 -0.4143 -0.8305
vn -0.4122 -0.7821 -0.4673
vn -0.3744 -0.8649 -0.3344
vn -0.2498 -0.9309 -0.2664
vn 0.0565 -0.9635 0.2615
vn 0.2049 -0.9510 0.2314
vn -0.2162 -0.6507 -0.7279
vn -0.2440 -0.5778 -0.7789
vn 0.0536 -0.9186 -0.3914
vn 0.0138 -0.8640 -0.5034
vn -0.2350 -0.5406 -0.8078
vn 0.2253 -0.9608 -0.1618
vn 0.2778 -0.9523 0.1265
vn -0.3618 -0.9241 0.1229
vn -0.2741 -0.9616 0.0156
vn -0.4400 -0.8217 -0.3621
vn -0.4907 -0.5863 -0.6446
vn 0.4265 -0.8717 0.2413
vn -0.1836 -0.5942 -0.7831
vn -0.2311 -0.7112 -0.6639
vn -0.0206 -0.5818 -0.8131
vn -0.0924 -0.8954 -0.4356
vn -0.0743 -0.8807 -0.4679
vn 0.0018 -0.9843 0.1764
vn 0.1308 -0.9043 -0.4065
vn 0.2895 -0.7936 0.5351
vn 0.1662 -0.9293 0.3298
vn 0.5337 -0.8386 0.1087
vn -0.1702 -0.6022 0.7800
vn -0.1088 -0.4745 0.8735
vn 0.3734 -0.7055 0.6024
vn 0.4068 -0.6092 0.6807
vn 0.5378 -0.5906 0.6016
vn 0.2371 -0.3021 0.9233
vn 0.1761 -0.2895 0.9408
vn -0.8276 -0.5611 -0.0137
vn -0.7597 -0.6489 -0.0425
vn -0.2837 -0.7950 -0.5362
vn -0.6475 -0.6795 -0.3449
vn 0.1639 -0.6726 -0.7216
vn 0.3059 -0.9192 0.2479
vn 0.6393 -0.5646 -0.5221
vn 0.0603 -0.5452 -0.8361
vn -0.5989 0.0392 -0.7999
vn 0.5828 -0.7670 0.2684
vn -0.7037 -0.1525 -0.6939
vn -0.9332 -0.3052 -0.1895
vn -0.3200 0.1429 -0.9366
vn -0.1789 0.3425 -0.9223
vn -0.1011 0.0742 -0.9921
vn -0.4381 0.6959 -0.5690
vn -0.7608 -0.6484 0.0284
vn 0.5927 -0.7926 0.1432
vn -0.6130 -0.6096 0.5027
vn -0.4327 -0.6975 -0.5712
vn -0.5790 -0.8079 -0.1098
vn 0.0872 -0.9358 0.3416
vn 0.0799 -0.7350 -0.6733
vn 0.0166 -0.1488 -0.9887
vn 0.4714 0.2915 -0.8323
vn 0.4909 0.3369 -0.8034
vn 0.7040 0.3011 -0.6432
vn 0.9574 -0.0972 -0.2718
vn 0.5961 -0.0000 -0.8029
vn 0.0162 -0.7755 -0.6311
vn -0.3252 -0.6549 0.6822
vn 0.0147 -0.7712 0.6364
vn -0.3050 -0.8378 -0.4529
vn -0.6523 -0.7230 -0.2274
vn -0.9084 -0.1803 0.3773
vn -0.9292 -0.0446 0.3669
vn 0.1023 0.0484 0.9936
vn -0.3065 -0.6664 0.6797
vn -0.4212 -0.1502 0.8944
vn -0.2599 -0.0797 0.9624
vn 0.1475 -0.0484 0.9879
vn 0.6399 0.2188 0.7366
vn 0.3337 -0.0379 0.9419
vn -0.8195 0.2902 0.4942
vn -0.7048 0.5450 0.4542
vn -0.6899 0.5400 0.4821
vn -0.8230 0.4321 0.3688
vn 0.6828 -0.6086 0.4043
vn 0.7614 -0.4797 0.4361
vn -0.3345 -0.5847 0.7390
vn -0.4381 -0.6358 0.6355
vn 0.2032 -0.7719 -0.6025
vn -0.0956 -0.9918 -0.0851
vn -0.1413 -0.9817 -0.1279
vn -0.9937 -0.0514 0.0996
vn -0.9369 0.1316 0.3239
vn -0.9740 -0.2132 0.0771
vn -0.8017 -0.5384 -0.2596
vn -0.8322 -0.5294 -0.1649
vn -0.5101 0.6657 -0.5447
vn -0.4335 0.6114 -0.6620
vn -0.8932 0.4438 -0.0726
vn -0.4372 0.5630 -0.7013
vn -0.5864 0.6736 -0.4500
vn -0.5178 0.7657 -0.3815
vn -0.8121 0.0829 0.5776
vn -0.7962 0.0686 0.6011
vn -0.8197 0.0787 0.5674
vn -0.3767 -0.4564 0.8061
vn -0.3093 -0.3226 0.8946
vn -0.3272 -0.4464 0.8329
vn -0.2546 -0.7766 0.5763
vn -0.3518 -0.6786 0.6448
vn -0.8756 -0.2084 0.4357
vn -0.8359 0.0926 0.5410
vn -0.9533 0.1621 -0.2549
vn -0.9647 -0.2109 0.1579
vn -0.8978 0.1848 -0.3997
vn -0.8099 -0.5803 0.0858
vn -0.8176 -0.3138 -0.4828
vn -0.4299 0.5608 -0.7076
vn -0.4044 -0.7826 -0.4733
vn -0.2957 -0.7208 -0.6270
vn 0.0594 -0.7640 -0.6424
vn 0.4293 -0.5608 -0.7080
vn -0.2533 0.4831 -0.8381
vn -0.0940 0.3071 -0.9470
vn -0.3818 0.4847 -0.7869
vn -0.2486 -0.8565 0.4523
vn -0.5280 -0.5743 -0.6256
vn -0.6818 -0.3466 -0.6442
vn -0.4062 -0.3877 -0.8275
vn 0.8997 -0.3017 -0.3154
vn 0.2684 0.8888 0.3716
vn 0.8932 0.4495 0.0119
vn 0.9019 0.4317 0.0150
vn -0.9020 -0.4315 0.0166
vn -0.8210 -0.5295 -0.2135
vn -0.9933 -0.0738 -0.0892
vn -0.7713 -0.5137 -0.3759
vn -0.8330 -0.2993 -0.4653
vn -0.7634 -0.5493 -0.3398
vn -0.7338 0.5154 -0.4426
vn -0.6416 0.7154 0.2768
vn -0.7715 -0.5408 0.3351
vn -0.7791 -0.5332 0.3296
vn -0.6537 0.7566 0.0158
vn -0.7500 0.6540 -0.0992
vn -0.8137 0.2728 0.5133
vn -0.2049 -0.9599 0.1915
vn -0.3726 -0.9149 0.1553
vn -0.5892 0.6212 0.5167
vn -0.3425 0.6169 0.7086
vn -0.3463 0.6236 0.7009
vn -0.3479 0.6197 0.7035
vn -0.8879 0.4598 -0.0097
vn -0.8875 0.4607 -0.0092
vn -0.3371 0.6125 0.7150
vn -0.8896 0.4568 0.0022
vn -0.3389 0.6180 0.7093
vn -0.8957 0.4447 0.0009
vn 0.5603 0.2378 0.7934
vn -0.8878 0.4391 -0.1377
vn -0.3627 0.6072 0.7069
vn -0.3651 0.6063 0.7065
vn -0.4853 0.6023 0.6337
vn -0.7262 0.5813 -0.3669
vn -0.7650 0.5720 -0.2961
vn -0.8295 0.1987 -0.5219
vn -0.5336 0.1154 -0.8379
vn -0.7174 0.6088 0.3386
vn -0.6063 0.4474 -0.6574
vn -0.6309 0.4530 -0.6299
vn -0.7117 -0.5432 -0.4454
vn -0.3237 -0.5735 -0.7525
vn -0.3457 0.2846 -0.8942
vn -0.1042 0.0290 -0.9941
vn 0.2788 -0.2969 -0.9133
vn 0.0228 0.0656 -0.9976
vn -0.4635 -0.8251 -0.3231
vn -0.5053 -0.7834 -0.3618
vn -0.7222 -0.5377 -0.4352
vn -0.7140 -0.5458 -0.4385
vn -0.6218 0.5011 -0.6020
vn -0.7045 0.4308 -0.5640
vn -0.0121 0.9714 -0.2372
vn -0.0030 0.9855 -0.1697
vn -0.0193 0.9716 -0.2358
vn -0.6458 0.4492 -0.6174
vn -0.4629 -0.2692 0.8446
vn -0.7162 0.6332 0.2934
vn -0.7238 0.5269 -0.4456
vn -0.5610 -0.4296 0.7076
vn -0.5580 -0.4720 0.6825
vn -0.5690 0.7480 0.3417
vn 0.0388 0.9882 -0.1482
vn -0.7749 0.4334 -0.4601
vn -0.8201 0.5280 -0.2206
vn -0.0006 0.9853 -0.1706
vn 0.0279 0.9910 -0.1308
vn -0.0383 0.9856 -0.1649
vn -0.0388 0.9852 -0.1667
vn -0.7537 0.6435 0.1338
vn -0.8118 0.5474 -0.2033
vn -0.6115 0.6134 0.4998
vn -0.5889 0.6265 0.5106
vn -0.4654 0.5617 0.6840
vn -0.0636 0.9844 -0.1641
vn -0.5355 -0.4064 0.7403
vn -0.0502 -0.9479 0.3147
vn -0.0558 -0.9571 0.2844
vn 0.3369 -0.9408 0.0384
vn 0.1593 -0.9524 0.2600
vn 0.0652 -0.8746 0.4805
vn -0.2884 -0.9262 0.2429
vn 0.0537 -0.8930 0.4469
vn 0.0776 -0.9862 0.1463
vn -0.4678 0.4905 0.7352
vn -0.8865 0.4627 0.0051
vn -0.3326 0.6234 0.7076
vn 0.5301 0.2989 0.7935
vn -0.3208 0.6252 0.7115
vn -0.3137 0.6655 0.6773
vn 0.5000 0.2480 0.8297
vn -0.1139 0.4136 0.9033
vn 0.2872 -0.1274 0.9494
vn 0.2872 -0.1038 0.9522
vn 0.3790 -0.3525 -0.8556
vn 0.0487 0.3864 0.9211
vn 0.0074 0.3069 0.9517
vn -0.0420 -0.7651 0.6426
vn 0.0145 -0.6958 0.7181
vn 0.6263 -0.7291 0.2760
vn -0.1737 -0.2664 0.9481
vn -0.2325 -0.2398 0.9426
vn -0.2248 0.3271 -0.9179
vn 0.2981 -0.9509 -0.0829
vn 0.1814 -0.4494 -0.8747
vn -0.2092 0.2926 -0.9331
vn -0.5278 -0.1825 -0.8295
vn -0.4272 -0.5145 -0.7435
vn -0.0125 0.1245 -0.9921
vn -0.2646 0.7070 -0.6558
vn -0.1233 0.1003 0.9873
vn -0.0913 0.7464 -0.6593
vn -0.0398 0.1265 -0.9912
vn -0.5377 -0.2091 -0.8168
vn 0.1613 -0.1443 -0.9763
vn -0.3596 -0.5441 -0.7580
vn 0.1172 -0.9841 0.1334
vn 0.0805 -0.8948 0.4391
vn -0.5309 0.3012 -0.7921
vn -0.5305 0.8219 0.2076
vn -0.5088 0.3389 -0.7914
vn -0.5430 0.2999 -0.7844
vn -0.4834 -0.7992 -0.3572
vn -0.4989 -0.7841 -0.3691
vn 0.0393 -0.9400 0.3390
vn 0.3693 -0.6965 0.6152
vn 0.3573 -0.8254 0.4372
vn -0.2045 0.0607 -0.9770
vn -0.5044 -0.5997 -0.6212
vn -0.3321 -0.6723 -0.6616
vn -0.1739 -0.1395 -0.9748
vn 0.0134 -0.2045 -0.9788
vn -0.4420 -0.5393 -0.7168
vn 0.3667 -0.6973 0.6158
vn -0.4790 -0.8212 -0.3101
vn -0.0485 -0.2555 -0.9656
vn 0.8060 -0.5525 -0.2122
vn 0.6573 -0.7099 -0.2530
vn 0.2182 -0.5559 -0.8021
vn 0.8128 -0.5403 -0.2177
vn 0.7973 -0.5550 -0.2374
vn -0.0478 -0.2491 -0.9673
vn 0.7558 -0.6002 -0.2617
vn -0.0800 -0.2721 -0.9590
vn -0.3470 -0.8152 -0.4638
vn -0.2121 -0.8278 -0.5194
vn -0.2077 0.8525 -0.4797
vn 0.0803 0.1453 0.9861
vn 0.0573 0.1141 0.9918
vn 0.1704 -0.2062 0.9636
vn 0.2278 0.5645 0.7934
vn -0.1017 0.8241 -0.5573
vn -0.4279 -0.4728 0.7703
vn -0.5138 0.6912 0.5081
vn -0.4537 0.7018 0.5492
vn -0.4448 0.6835 0.5788
vn -0.3286 0.5745 0.7496
vn -0.9850 0.1670 0.0427
vn -0.3732 -0.6213 0.6889
vn -0.3597 -0.3888 0.8482
vn -0.3479 -0.3989 0.8485
vn -0.4002 -0.4230 0.8130
vn -0.4084 -0.4602 0.7883
vn 0.0627 -0.9765 0.2062
vn -0.8962 0.4361 0.0821
vn -0.4287 0.5069 0.7478
vn 0.0232 -0.9928 0.1172
vn -0.5619 0.6299 0.5362
vn 0.4570 -0.8677 -0.1955
vn 0.5485 -0.7777 -0.3071
vn 0.6339 -0.7720 0.0469
vn 0.4585 -0.4944 0.7385
vn 0.4564 -0.5183 0.7232
vn 0.4589 -0.5156 0.7236
vn 0.2805 -0.6049 0.7453
vn 0.3194 -0.4930 -0.8092
vn -0.2279 0.3485 -0.9092
vn -0.3011 0.6584 -0.6898
vn -0.2504 0.7027 -0.6660
vn 0.0651 0.8388 -0.5406
vn 0.1426 0.8814 -0.4503
vn 0.8275 0.4918 0.2708
vn 0.6750 0.7225 -0.1499
vn 0.8337 0.4979 0.2387
vn 0.7479 0.1080 0.6549
vn 0.5383 0.8083 0.2384
vn -0.1480 -0.7577 -0.6356
vn 0.1633 -0.0715 -0.9840
vn -0.0897 -0.7249 -0.6830
vn 0.0846 -0.4322 -0.8978
vn 0.2138 -0.4462 -0.8690
vn 0.2041 -0.4251 -0.8818
vn 0.1585 -0.4473 -0.8802
vn 0.2949 -0.3848 -0.8746
vn -0.2131 -0.8153 -0.5384
vn 0.0038 -0.8518 -0.5238
vn 0.1438 -0.0150 -0.9895
vn 0.3276 -0.1775 -0.9280
vn 0.5267 -0.2242 -0.8200
vn 0.6664 0.6798 -0.3062
vn -0.1312 0.5925 -0.7948
vn -0.1504 0.7811 -0.6061
vn 0.2620 -0.4854 -0.8341
vn 0.3079 -0.0582 -0.9496
vn 0.4047 -0.6139 -0.6778
vn 0.5783 -0.2781 -0.7669
vn 0.8109 0.1634 -0.5619
vn 0.8300 -0.0216 -0.5573
vn 0.5180 -0.5965 -0.6130
vn 0.4651 -0.8820 0.0764
vn 0.3029 -0.5658 0.7669
vn 0.2031 -0.6587 0.7244
vn 0.9491 -0.1766 -0.2609
vn 0.8021 -0.5477 -0.2381
vn 0.9872 -0.0051 -0.1593
vn 0.9768 -0.0051 -0.2140
vn 0.2014 -0.6718 0.7128
vn 0.1580 -0.7472 0.6456
vn 0.3478 -0.9375 -0.0086
vn 0.4144 -0.6780 -0.6072
vn 0.2869 -0.5828 -0.7602
vn 0.8251 -0.5239 -0.2117
vn 0.9797 -0.2006 -0.0066
vn 0.8978 -0.3958 -0.1933
vn 0.2832 -0.8294 0.4816
vn 0.2217 -0.8257 0.5187
vn 0.4599 -0.5068 -0.7291
vn 0.0471 -0.8400 -0.5406
vn 0.0111 -0.9061 -0.4230
vn 0.5538 -0.2278 -0.8009
vn 0.4398 -0.6552 -0.6142
vn 0.4394 -0.6552 -0.6146
vn -0.2766 0.5213 -0.8073
vn 0.9580 -0.2075 -0.1981
vn 0.2915 -0.7853 -0.5463
vn 0.9409 -0.0635 -0.3326
vn 0.9324 -0.1283 -0.3378
vn 0.8404 -0.2805 -0.4638
vn 0.8025 -0.2905 -0.5211
vn 0.5905 -0.5942 -0.5462
vn -0.1917 0.6827 -0.7051
vn -0.1913 0.9651 -0.1789
vn 0.5005 -0.8652 -0.0322
vn -0.0427 -0.6098 -0.7914
vn 0.5160 -0.8304 -0.2101
vn 0.4068 -0.8890 -0.2102
vn 0.1563 -0.7967 -0.5839
vn 0.1161 -0.7090 -0.6956
vn 0.2981 -0.8756 -0.3802
vn -0.2966 -0.4434 -0.8458
vn 0.3037 -0.7366 -0.6043
vn 0.3666 -0.8020 -0.4715
vn 0.0865 -0.5676 -0.8187
vn 0.0899 -0.2065 -0.9743
vn 0.1300 -0.4298 -0.8935
vn -0.1339 0.7237 -0.6770
vn 0.0699 0.9447 0.3203
vn 0.9274 -0.1156 -0.3558
vn 0.3095 0.7493 0.5855
vn 0.9870 0.0555 -0.1509
vn 0.3344 -0.8058 -0.4887
vn 0.2689 -0.9071 -0.3239
vn -0.1064 0.4960 0.8618
vn 0.8483 -0.0885 0.5220
vn 0.8584 -0.0737 0.5077
vn 0.6256 -0.4836 0.6122
vn 0.0534 -0.5885 0.8067
vn 0.7190 -0.6493 0.2477
vn 0.6186 -0.1950 0.7611
vn -0.5561 0.4995 0.6642
vn -0.3065 0.7367 0.6028
vn -0.2751 0.7465 0.6059
vn -0.5652 0.4602 0.6847
vn -0.6707 0.6195 0.4079
vn -0.7742 0.2935 0.5608
vn -0.5612 0.7769 0.2854
vn -0.4305 0.5385 0.7244
vn -0.4303 0.7420 0.5141
vn -0.3526 0.6538 0.6695
vn 0.0656 0.7328 0.6772
vn -0.0502 0.6235 0.7802
vn -0.1240 0.9566 0.2636
vn 0.7903 -0.3679 0.4900
vn -0.1479 0.5612 0.8143
vn 0.6712 -0.6764 0.3031
vn 0.6677 -0.6605 0.3434
vn 0.3248 0.6408 0.6956
vn 0.2341 0.8060 0.5437
vn 0.1637 0.7934 0.5862
vn 0.1302 0.9058 0.4031
vn -0.1094 0.9537 0.2803
vn -0.2080 0.7846 0.5841
vn -0.3291 0.7533 -0.5694
vn -0.2436 0.7425 -0.6239
vn -0.4889 0.6297 -0.6037
vn -0.7396 0.6303 -0.2361
vn -0.6317 0.6489 0.4241
vn -0.7380 0.0873 0.6691
vn -0.2259 -0.2800 0.9331
vn -0.2151 -0.2042 0.9550
vn -0.0477 -0.7963 0.6031
vn -0.0859 -0.7395 0.6677
vn -0.0540 -0.9501 0.3071
vn -0.0188 -0.9608 0.2764
vn -0.1104 -0.9417 0.3179
vn 0.1254 -0.9596 0.2519
vn 0.2594 -0.9030 0.3425
vn -0.0857 -0.7388 0.6684
vn 0.1130 -0.4988 0.8593
vn 0.1172 -0.5889 0.7997
vn 0.3214 -0.8496 0.4182
vn 0.4818 -0.7452 0.4610
vn 0.5270 -0.6892 0.4973
vn 0.3434 -0.6259 0.7002
vn 0.6785 -0.7259 0.1129
vn 0.6639 -0.6136 0.4274
vn 0.8434 -0.3441 -0.4126
vn 0.7881 -0.3188 -0.5266
vn 0.1636 -0.8145 -0.5567
vn -0.2460 -0.5717 -0.7827
vn -0.0515 0.3177 -0.9468
vn 0.3158 -0.7954 -0.5174
vn 0.8007 -0.4775 -0.3619
vn 0.7703 -0.4279 -0.4728
vn 0.7839 -0.3968 -0.4776
vn 0.7809 -0.4179 -0.4644
vn 0.7847 -0.3977 -0.4756
vn 0.4665 -0.7088 -0.5291
vn 0.3648 -0.8960 -0.2533
vn 0.5133 -0.7161 -0.4730
vn 0.6105 -0.6622 0.4345
vn 0.0755 -0.7538 0.6528
vn 0.1471 -0.9416 0.3031
vn 0.5975 -0.6611 -0.4537
vn 0.7963 -0.6049 0.0069
vn 0.6675 -0.0717 -0.7411
vn 0.8910 -0.2139 -0.4006
vn 0.3488 0.5041 -0.7901
vn -0.0714 0.6322 -0.7715
vn -0.2421 0.7538 -0.6109
vn -0.2447 0.6040 -0.7585
vn 0.7510 -0.5394 -0.3809
vn 0.8792 -0.1544 -0.4508
vn 0.8683 -0.1658 -0.4674
vn 0.8444 -0.2328 -0.4825
vn -0.2979 0.6758 0.6742
vn 0.6551 0.2745 0.7039
vn -0.8226 0.4014 -0.4028
vn -0.8422 0.5324 -0.0850
vn -0.7634 0.6167 0.1919
vn -0.0521 0.9938 -0.0982
vn -0.3525 0.6394 0.6833
vn -0.3352 0.5736 0.7474
vn -0.8167 0.4449 -0.3674
vn -0.8379 0.4323 -0.3332
vn -0.8688 0.4880 -0.0833
vn -0.8024 0.5768 0.1532
vn -0.6316 0.5980 0.4934
vn -0.8557 0.5158 -0.0400
vn -0.8342 0.4448 -0.3259
vn -0.7085 0.2620 -0.6553
vn -0.8070 0.5819 0.1007
vn -0.2373 -0.1640 -0.9575
vn -0.7882 0.5971 0.1489
vn -0.8225 0.5650 -0.0656
vn -0.6289 0.2170 -0.7466
vn -0.7832 0.6124 0.1075
vn -0.6767 0.1706 -0.7163
vn -0.6562 0.1681 -0.7356
vn 0.0543 -0.3541 -0.9336
vn -0.6338 0.2578 -0.7292
vn -0.3824 -0.0780 -0.9207
vn 0.2245 -0.3235 -0.9192
vn 0.0862 -0.1821 -0.9795
vn -0.0119 0.9602 -0.2790
vn -0.0095 0.9630 -0.2694
vn -0.7108 0.3597 -0.6044
vn -0.8070 0.5555 0.2005
vn -0.6725 0.1906 -0.7151
vn -0.7749 0.2657 -0.5735
vn -0.7987 0.3731 -0.4721
vn -0.7118 0.3494 -0.6093
vn 0.7749 -0.5807 0.2495
vn -0.0594 -0.6547 0.7536
vn -0.2884 -0.9419 0.1723
vn -0.3506 -0.9362 -0.0258
vn -0.0046 0.8750 0.4841
vn 0.0430 0.8597 0.5091
vn 0.0646 0.5232 0.8498
vn 0.6380 0.6522 0.4094
vn 0.4907 0.8498 0.1923
vn 0.5225 0.8527 -0.0033
vn 0.3977 0.8330 0.3846
vn 0.5089 0.7158 0.4782
vn -0.2859 -0.9548 0.0816
vn -0.6819 -0.5649 0.4647
vn -0.9032 -0.0708 0.4233
vn -0.8694 -0.1399 0.4740
vn 0.4494 0.8455 0.2882
vn -0.6438 -0.5798 0.4993
vn -0.9385 -0.1273 0.3210
vn 0.2328 -0.1665 0.9582
vn 0.0314 -0.1480 0.9885
vn 0.3343 0.4341 0.8365
vn 0.2807 0.3786 0.8820
vn -0.0339 -0.2247 0.9738
vn 0.8185 -0.5373 0.2036
vn -0.0544 0.4506 0.8911
vn -0.1506 0.2005 0.9681
vn -0.0243 0.3998 0.9163
vn 0.4120 0.1083 0.9047
vn 0.5115 0.2483 0.8226
vn 0.9298 -0.3160 0.1889
vn 0.0454 0.4655 0.8839
vn -0.0740 0.5202 0.8509
vn -0.5325 0.3024 0.7905
vn -0.0848 0.4958 0.8643
vn -0.4475 -0.1935 0.8731
vn -0.1220 0.2823 0.9515
vn -0.4544 -0.5090 0.7310
vn -0.4287 -0.4754 0.7683
vn -0.3695 -0.1256 0.9207
vn -0.0166 0.3406 0.9401
vn 0.5602 0.2376 0.7935
vn 0.5171 0.2322 0.8238
vn 0.1513 0.4464 0.8820
vn -0.2689 0.6076 0.7473
vn -0.0313 -0.9813 0.1901
vn 0.5446 -0.3836 0.7459
vn 0.2056 -0.9742 0.0927
vn -0.2874 -0.3743 0.8817
vn -0.0016 -0.9991 -0.0431
vn 0.5813 0.3180 0.7490
vn 0.6717 0.0664 0.7378
vn 0.7708 0.0648 0.6338
vn 0.7358 0.1709 0.6552
vn 0.9382 -0.2278 0.2606
vn 0.9262 -0.2728 0.2601
vn 0.9455 -0.2222 0.2379
vn 0.9396 -0.3422 -0.0109
vn 0.1551 0.5969 0.7872
vn 0.2786 0.6571 0.7004
vn 0.1542 0.5337 0.8315
vn 0.2231 0.8589 0.4611
vn 0.1436 0.5498 0.8228
vn 0.9333 -0.2967 0.2021
vn -0.0268 0.5285 0.8485
vn 0.0579 0.3511 0.9345
vn -0.2041 -0.4037 0.8919
vn -0.4703 -0.1097 0.8757
vn -0.3480 -0.0741 0.9346
vn 0.6204 0.5661 0.5428
vn 0.3855 -0.6577 -0.6471
vn 0.3853 -0.6639 -0.6410
vn 0.4455 -0.8377 -0.3159
vn 0.0406 -0.4613 -0.8863
vn 0.5828 -0.5127 -0.6305
vn 0.8284 -0.4247 -0.3651
vn 0.4303 0.2481 -0.8679
vn 0.3295 -0.1064 -0.9381
vn 0.1030 0.9797 0.1722
vn 0.3315 0.5173 0.7890
vn 0.5692 0.2767 0.7742
vn 0.0480 0.9944 0.0947
vn 0.3704 0.8406 0.3952
vn 0.1095 0.9869 0.1182
vn 0.9478 -0.0704 -0.3109
vn 0.9472 -0.0884 -0.3081
vn 0.8433 0.1740 -0.5085
vn 0.9661 0.1245 -0.2260
vn 0.9376 0.3476 -0.0088
vn 0.9633 0.1113 -0.2443
vn 0.2225 -0.9730 -0.0606
vn 0.2242 -0.9725 -0.0626
vn 0.3451 -0.8532 -0.3911
vn 0.3954 -0.9112 -0.1158
vn 0.4735 -0.8256 -0.3071
vn 0.5193 -0.7947 -0.3142
vn 0.5557 -0.5457 -0.6272
vn 0.6249 -0.5181 -0.5839
vn 0.6451 -0.5747 -0.5035
vn 0.3658 -0.5495 -0.7511
vn -0.0788 -0.2300 -0.9700
vn 0.7811 -0.5623 -0.2715
vn 0.7681 -0.6025 -0.2169
vn 0.2171 0.3160 -0.9236
vn 0.5647 -0.2099 -0.7981
vn 0.0117 -0.2572 -0.9663
vn 0.0047 -0.4194 -0.9078
vn 0.3485 0.0715 -0.9346
vn 0.2296 0.3201 -0.9191
vn 0.7215 -0.6473 -0.2457
vn 0.8628 -0.4356 0.2566
vn 0.7190 -0.6612 -0.2140
vn 0.8633 -0.4337 0.2580
vn 0.7883 -0.5366 0.3009
vn 0.7190 -0.6845 -0.1207
vn 0.6203 -0.7464 -0.2411
vn -0.0081 -0.4505 -0.8928
vn 0.0718 -0.4470 -0.8916
vn -0.8085 0.5783 0.1097
vn -0.8054 0.5819 0.1130
vn -0.7570 0.1875 -0.6259
vn -0.8085 0.3616 -0.4643
vn -0.7041 0.1653 -0.6906
vn -0.3762 0.5583 0.7395
vn -0.3897 0.5456 0.7419
vn -0.1093 0.9914 -0.0713
vn -0.2873 0.6615 0.6927
vn -0.2916 -0.3816 0.8771
vn -0.0946 -0.1759 0.9799
vn -0.2240 0.4846 0.8456
vn -0.2077 0.6172 0.7589
vn -0.1539 0.9787 -0.1358
vn -0.4064 0.9096 0.0860
vn -0.8811 0.4720 0.0289
vn -0.8784 0.4780 -0.0019
vn -0.8789 0.4761 0.0285
vn -0.3220 0.5299 0.7846
vn -0.8808 0.4700 0.0563
vn -0.5948 0.5838 0.5527
vn -0.7923 0.5413 0.2816
vn -0.5914 0.5789 0.5613
vn -0.3892 0.5507 0.7384
vn -0.3194 0.5456 0.7748
vn -0.2720 0.5699 0.7754
vn -0.2620 0.5917 0.7624
vn 0.5291 0.1914 0.8267
vn 0.5079 0.1565 0.8471
vn 0.5307 0.1862 0.8268
vn -0.2087 -0.6639 0.7181
vn -0.0064 -0.9999 0.0151
vn -0.2320 -0.3862 0.8928
vn 0.8341 -0.5269 0.1630
vn 0.9451 -0.1792 0.2732
vn 0.0362 -0.0003 0.9993
vn 0.9281 -0.3603 0.0941
vn 0.3881 0.5085 0.7686
vn 0.3874 0.6280 0.6750
vn 0.2013 0.0364 0.9788
vn 0.2392 0.0611 0.9690
vn 0.1098 0.6738 0.7307
vn -0.1648 0.6519 0.7402
vn -0.1598 0.6976 0.6984
vn 0.0631 -0.2064 0.9764
vn 0.0663 -0.1785 0.9817
vn 0.3643 -0.1366 0.9212
vn 0.9590 0.2612 0.1101
vn 0.9098 0.4124 -0.0478
vn 0.8962 0.4128 0.1624
vn 0.6309 0.6444 0.4321
vn -0.1668 0.8922 0.4197
vn -0.1647 0.8903 0.4245
vn 0.4166 0.9013 0.1184
vn 0.4223 0.8982 0.1222
vn 0.0055 0.9929 -0.1187
vn 0.3858 0.8377 0.3865
vn -0.0136 -0.0548 0.9984
vn 0.8822 -0.3065 -0.3574
vn 0.8795 -0.3146 -0.3571
vn 0.6629 -0.1291 -0.7375
vn 0.8637 -0.3254 -0.3848
vn 0.6440 -0.0844 -0.7604
vn 0.0799 0.3898 -0.9174
vn 0.0422 0.3873 -0.9210
vn 0.0935 0.3959 -0.9135
vn -0.0306 -0.8445 -0.5348
vn 0.1629 0.1076 -0.9808
vn 0.0645 0.2943 -0.9535
vn 0.5183 -0.5908 -0.6184
vn 0.1864 0.3247 -0.9272
vn 0.9278 -0.1523 -0.3405
vn 0.9608 0.0017 -0.2771
vn 0.9482 -0.0194 -0.3171
vn 0.0965 -0.6498 0.7539
vn 0.0967 -0.6267 0.7733
vn 0.0006 -0.7160 0.6981
vn 0.4275 -0.3314 0.8410
vn 0.4884 -0.8174 0.3054
vn 0.2308 -0.4778 0.8476
vn 0.2540 -0.3381 0.9062
vn 0.6910 -0.4996 0.5224
vn 0.9403 -0.3088 0.1431
vn 0.6202 -0.6017 0.5032
vn 0.6234 -0.7206 0.3035
vn 0.5965 -0.7446 0.2995
vn 0.8771 -0.4803 -0.0008
vn 0.9533 -0.3008 0.0279
vn 0.9411 0.0133 -0.3379
vn 0.9591 0.1997 -0.2008
vn -0.5143 0.0717 -0.8546
vn -0.0894 0.0828 -0.9925
vn 0.9680 0.1181 -0.2213
vn 0.8682 -0.1654 -0.4679
vn 0.9785 -0.2060 0.0116
vn 0.9690 0.0360 -0.2443
vn 0.3535 0.6762 0.6464
vn 0.7094 0.4037 0.5777
vn 0.9218 0.2959 0.2505
vn 0.4890 0.3314 0.8069
vn 0.2249 0.0460 0.9733
vn 0.6689 -0.3436 0.6592
vn -0.0635 0.9488 0.3093
vn 0.1224 0.9924 -0.0124
vn 0.8271 -0.4049 -0.3900
vn 0.8051 0.0944 0.5855
vn 0.8302 0.5061 0.2338
vn 0.8904 0.1683 0.4228
vn 0.3228 0.9256 0.1978
vn 0.0696 0.8723 0.4840
vn 0.1403 0.0620 0.9882
vn 0.1711 -0.4263 0.8882
vn 0.8599 -0.5059 -0.0684
vn -0.7983 0.5839 0.1479
vn -0.2275 -0.7813 -0.5812
vn 0.1519 -0.0655 -0.9862
vn 0.3788 -0.7215 -0.5796
vn 0.9169 0.3419 -0.2058
vn 0.4553 0.6902 -0.5624
vn 0.8637 -0.4872 -0.1290
vn 0.6476 -0.6690 -0.3648
vn 0.9019 -0.1754 -0.3947
vn 0.6661 0.4250 -0.6130
vn 0.2712 -0.0786 -0.9593
vn 0.5913 0.0647 -0.8038
vn 0.9441 0.2883 -0.1598
vn 0.8122 0.5620 -0.1564
vn 0.7292 0.6320 -0.2624
vn 0.7390 0.6433 -0.2002
vn 0.9562 0.2927 -0.0046
vn 0.9652 0.1013 -0.2412
vn 0.1444 0.6593 -0.7379
vn 0.3826 0.9222 -0.0557
vn -0.2075 -0.9021 -0.3784
vn -0.1266 -0.8144 -0.5664
vn 0.7710 0.6084 -0.1882
vn 0.9377 0.2697 0.2190
vn 0.9280 0.3609 -0.0930
vn 0.9422 0.3351 -0.0026
vn -0.2050 -0.6080 -0.7670
vn -0.1891 -0.8596 -0.4747
vn 0.9671 0.2429 0.0756
vn 0.9559 0.2647 -0.1273
vn 0.8666 0.4014 -0.2965
vn -0.1801 -0.8914 -0.4159
vn -0.1027 -0.7835 -0.6129
vn 0.1480 -0.7756 -0.6137
vn 0.6794 -0.3624 -0.6380
vn 0.6826 -0.3742 -0.6277
vn 0.0880 -0.9421 -0.3235
vn 0.2455 -0.9138 -0.3235
vn 0.4192 -0.4387 -0.7948
vn -0.0239 -0.9166 -0.3990
vn 0.3818 -0.4604 -0.8014
vn 0.3674 -0.5408 -0.7567
vn 0.4710 -0.7400 -0.4802
vn 0.1978 -0.9676 -0.1571
vn 0.8693 -0.3613 -0.3373
vn 0.8725 -0.3887 -0.2961
vn 0.7681 -0.5703 -0.2911
vn 0.7249 -0.6676 -0.1697
vn 0.2354 -0.7760 -0.5851
vn 0.4808 -0.6257 -0.6143
vn 0.5159 -0.4818 -0.7083
vn 0.9416 -0.3359 -0.0243
vn 0.4515 -0.8922 -0.0061
vn 0.6087 -0.5797 -0.5417
vn 0.6502 -0.5396 -0.5349
vn 0.2626 -0.9495 -0.1718
vn 0.3604 -0.8609 -0.3590
vn 0.6633 -0.5750 -0.4789
vn 0.9875 0.1517 -0.0438
vn 0.5260 -0.8256 0.2043
vn 0.2655 -0.8689 0.4177
vn 0.8475 -0.4992 -0.1804
vn 0.8918 -0.1473 -0.4277
vn 0.8519 -0.4744 -0.2217
vn 0.3272 -0.9400 0.0967
vn 0.9021 -0.1642 0.3990
vn 0.4390 -0.8859 0.1498
vn 0.9910 0.1300 -0.0327
vn 0.8886 0.3637 0.2794
vn 0.8817 0.3653 0.2986
vn 0.5875 -0.5340 0.6080
vn 0.9416 -0.3262 0.0836
vn 0.7008 -0.2560 0.6658
vn 0.8975 -0.3241 0.2989
vn 0.8598 -0.0416 0.5090
vn 0.8208 -0.0471 0.5693
vn 0.5534 -0.2162 0.8044
vn 0.6198 0.2870 0.7304
vn 0.4088 0.3843 0.8278
vn 0.4314 -0.3461 0.8331
vn 0.1675 -0.1738 0.9704
vn 0.6323 0.2928 0.7172
vn 0.2765 -0.8411 0.4648
vn 0.4155 -0.9040 0.1009
vn 0.2731 -0.8428 0.4637
vn 0.8231 -0.5645 -0.0615
vn 0.7230 -0.6874 -0.0689
vn 0.7553 -0.6319 -0.1735
vn 0.6910 -0.6074 -0.3919
vn 0.7936 -0.5403 0.2798
vn 0.8056 -0.5725 0.1527
vn 0.8479 -0.5292 -0.0333
vn 0.7171 -0.4417 0.5392
vn 0.7991 -0.4785 0.3640
vn 0.7393 -0.4461 0.5044
vn 0.0512 -0.8497 0.5248
vn 0.3249 -0.6469 0.6900
vn 0.4376 -0.4702 0.7665
vn -0.1727 -0.7302 0.6610
vn -0.3874 -0.8439 0.3712
vn -0.2877 -0.8995 0.3288
vn 0.1707 -0.2390 0.9559
vn 0.4747 -0.3969 0.7856
vn 0.3451 -0.8916 -0.2932
vn 0.8297 -0.4005 0.3887
vn 0.9407 -0.0810 0.3294
vn 0.3711 0.5043 0.7797
vn 0.4029 -0.8900 -0.2137
vn 0.1369 -0.9305 -0.3398
vn 0.2395 -0.9677 -0.0793
vn 0.2780 -0.8499 -0.4477
vn 0.4902 -0.8461 0.2094
vn 0.6312 -0.5163 0.5789
vn -0.4954 0.3272 -0.8047
vn 0.4876 -0.8528 0.1869
vn 0.5086 0.1218 0.8523
vn 0.2083 0.6589 0.7229
vn 0.4641 0.4001 0.7903
vn 0.5277 0.7783 0.3403
vn 0.2719 0.9607 -0.0565
vn 0.7180 -0.5326 -0.4482
vn 0.8436 -0.5352 -0.0428
vn 0.9847 -0.1551 0.0794
vn 0.6944 -0.2842 0.6611
vn 0.8165 -0.0656 0.5736
vn 0.6178 0.5505 0.5615
vn 0.4943 0.7298 0.4723
vn 0.5678 -0.8215 -0.0525
vn 0.5809 -0.7658 0.2758
vn 0.9052 -0.4143 -0.0951
vn 0.8746 0.3809 -0.2999
vn 0.9846 0.0625 0.1632
vn 0.9357 -0.1879 0.2985
vn 0.3581 -0.6353 0.6842
vn 0.9041 0.4249 -0.0454
vn -0.3076 0.8618 0.4034
vn -0.1925 0.6874 0.7003
vn -0.3539 0.8659 0.3534
vn 0.1555 -0.1096 0.9817
vn 0.2859 -0.3880 0.8762
vn 0.4181 -0.4040 0.8136
vn 0.7601 -0.4601 0.4588
vn 0.4445 -0.4296 0.7861
vn 0.7613 -0.4490 0.4678
vn 0.6687 0.0409 -0.7424
vn 0.6810 -0.0157 -0.7321
vn 0.4793 -0.4437 -0.7572
vn 0.4871 -0.5366 -0.6891
vn 0.8060 0.5906 0.0404
vn -0.0830 0.4331 -0.8975
vn -0.5898 -0.2342 -0.7729
vn -0.5393 -0.8305 -0.1395
vn -0.3580 -0.7980 -0.4848
vn -0.0962 -0.7849 -0.6122
vn -0.1613 -0.8396 -0.5186
vn 0.2312 -0.6651 -0.7101
vn -0.4583 0.0176 -0.8886
vn 0.2390 -0.6655 -0.7071
vn 0.7984 -0.3946 -0.4549
vn 0.6014 -0.5932 -0.5352
vn 0.7931 -0.3712 -0.4829
vn 0.9559 -0.1140 -0.2708
vn 0.9955 -0.0037 -0.0942
vn 0.7662 -0.4091 -0.4956
vn 0.5889 -0.5327 -0.6078
vn 0.2447 -0.3407 -0.9078
vn -0.2173 0.0503 -0.9748
vn 0.4442 -0.5512 -0.7063
vn 0.9765 -0.0098 -0.2152
vn 0.9510 0.2980 0.0817
vn 0.8227 0.5684 -0.0060
vn 0.7050 0.5717 0.4197
vn 0.6149 -0.1615 0.7719
vn 0.3548 -0.1741 0.9186
vn 0.6404 0.6585 0.3953
vn 0.6288 0.5761 0.5222
vn 0.6443 0.5656 0.5148
vn 0.5214 0.6944 0.4959
vn 0.5505 0.6931 0.4653
vn 0.8956 0.3219 0.3072
vn 0.1560 -0.3316 -0.9304
vn -0.8790 0.4066 -0.2490
vn -0.8761 0.4011 -0.2675
vn -0.8095 0.2547 -0.5290
vn -0.6223 0.5503 0.5567
vn -0.4197 0.5340 0.7339
vn -0.8659 0.4976 0.0511
vn -0.3516 0.5049 0.7883
vn -0.3492 0.4880 0.8000
vn -0.8631 0.5021 0.0553
vn -0.4258 0.5254 0.7366
vn -0.4279 0.4818 0.7647
vn -0.6531 0.5892 0.4757
vn -0.6626 0.5221 0.5371
vn -0.7849 0.5493 0.2869
vn -0.6119 0.5434 0.5747
vn -0.4572 0.5305 0.7138
vn -0.4326 0.4946 0.7538
vn -0.8279 0.5608 -0.0099
vn -0.8496 0.5274 0.0008
vn -0.8599 0.5076 0.0539
vn 0.4944 0.0918 0.8644
vn 0.5214 0.1555 0.8390
vn 0.8879 -0.3488 0.2999
vn -0.0204 -0.9969 -0.0762
vn 0.3120 -0.6109 -0.7276
vn 0.7219 -0.6896 -0.0574
vn 0.2007 -0.6289 -0.7512
vn 0.6953 -0.7125 0.0944
vn -0.5241 -0.5602 0.6414
vn -0.5461 -0.6360 0.5453
vn 0.6183 -0.7113 -0.3344
vn 0.3817 -0.6659 -0.6410
vn 0.9352 -0.3355 0.1133
vn 0.7800 -0.5242 -0.3418
vn 0.4565 -0.1640 0.8745
vn -0.1540 -0.2344 0.9599
vn 0.7022 -0.6611 -0.2645
vn 0.6891 -0.4620 0.5582
vn 0.6608 -0.7064 -0.2538
vn 0.9452 -0.0554 -0.3217
vn 0.8126 -0.3399 -0.4735
vn 0.7760 -0.1922 -0.6007
vn 0.6252 -0.6304 -0.4602
vn 0.4002 -0.5454 -0.7365
vn -0.0916 -0.1839 -0.9787
vn -0.2018 -0.2472 -0.9477
vn 0.8369 -0.4881 0.2478
vn 0.7993 -0.4790 0.3629
vn -0.2780 -0.3326 -0.9012
vn -0.3598 -0.2242 -0.9057
vn -0.2842 -0.2470 -0.9264
vn -0.1615 -0.2411 -0.9570
vn -0.0390 -0.5200 -0.8533
vn 0.0001 -0.5259 -0.8505
vn -0.0534 -0.5852 -0.8091
vn -0.0830 -0.5809 -0.8097
vn -0.6636 0.0692 -0.7449
vn -0.6865 0.0702 -0.7237
vn -0.6583 0.0966 -0.7465
vn -0.7017 0.1104 -0.7039
vn -0.7786 0.6241 -0.0654
vn -0.6931 0.1112 -0.7122
vn -0.7869 0.6095 0.0961
vn -0.7449 0.1646 -0.6466
vn -0.7883 0.6144 0.0320
vn -0.8762 0.4066 -0.2587
vn -0.7772 0.6287 0.0273
vn -0.7629 0.1260 -0.6342
vn -0.7693 0.6341 -0.0784
vn -0.7719 0.6307 -0.0804
vn 0.2484 -0.0790 0.9654
vn 0.5213 -0.2183 0.8250
vn 0.4385 -0.1121 0.8917
vn 0.7672 -0.2668 0.5833
vn 0.7851 -0.4084 0.4656
vn 0.9514 -0.3064 0.0298
vn 0.5893 0.0244 -0.8076
vn 0.8435 -0.3658 -0.3934
vn 0.6984 0.5871 -0.4094
vn 0.0211 0.2847 -0.9584
vn 0.0516 0.3405 -0.9388
vn 0.9219 -0.3854 -0.0384
vn 0.7002 -0.2677 -0.6619
vn 0.9909 -0.0439 -0.1275
vn 0.4110 0.8726 0.2640
vn 0.7575 0.6277 0.1796
vn 0.6656 0.7391 -0.1035
vn 0.6297 0.7185 -0.2953
vn 0.7298 0.6763 -0.1002
vn 0.8461 0.5316 -0.0402
vn 0.8975 0.2340 -0.3737
vn 0.9104 0.2747 -0.3093
vn 0.9992 -0.0040 -0.0385
vn -0.8726 0.4880 0.0210
vn -0.6400 0.5004 0.5830
vn -0.5900 0.5251 0.6134
vn -0.7911 0.5436 0.2805
vn -0.7850 0.5499 0.2853
vn -0.8788 0.4073 -0.2485
vn -0.8734 0.4870 0.0078
vn -0.4890 0.4326 0.7574
vn -0.4583 0.4440 0.7700
vn -0.7838 0.6192 0.0480
vn -0.4456 0.4571 0.7698
vn -0.4483 0.4301 0.7836
vn -0.7393 0.6714 0.0513
vn -0.5233 0.5113 0.6817
vn -0.4173 0.4420 0.7940
vn -0.4106 0.4634 0.7853
vn -0.7318 0.6572 0.1807
vn -0.6986 0.7038 0.1293
vn -0.7810 0.6244 0.0150
vn -0.3751 0.4462 0.8125
vn -0.3759 0.4261 0.8229
vn -0.4177 0.3986 0.8165
vn -0.3922 0.5077 0.7671
vn 0.2971 -0.2351 0.9255
vn 0.2171 -0.1463 0.9651
vn 0.2108 -0.1545 0.9652
vn 0.5390 -0.6618 0.5210
vn -0.3564 0.4325 0.8282
vn -0.7194 0.6939 0.0299
vn -0.3478 0.4495 0.8228
vn 0.2172 -0.1471 0.9650
vn -0.7388 0.6722 0.0480
vn -0.3612 0.4459 0.8190
vn 0.2773 -0.1342 0.9514
vn 0.5405 -0.8413 0.0100
vn 0.6659 -0.6211 0.4133
vn 0.6711 -0.6832 0.2878
vn 0.4859 -0.0987 0.8684
vn 0.1288 -0.1527 0.9798
vn 0.4305 -0.0442 0.9015
vn 0.2286 -0.2471 0.9416
vn 0.0700 -0.8927 0.4452
vn -0.2434 -0.3646 0.8988
vn -0.6286 -0.7401 0.2389
vn 0.6505 -0.7375 -0.1817
vn 0.2775 -0.1314 0.9517
vn -0.3822 0.4464 0.8091
vn -0.3587 0.4515 0.8170
vn -0.3556 0.4719 0.8068
vn -0.8360 0.5455 0.0594
vn -0.8136 0.5813 0.0074
vn -0.7787 0.6265 0.0336
vn -0.1533 0.8210 -0.5500
vn -0.1039 0.9061 -0.4100
vn -0.1171 0.9609 -0.2510
vn 0.1136 0.8278 0.5494
vn 0.1143 0.8274 0.5499
vn 0.5725 0.6044 0.5540
vn -0.1221 0.8395 -0.5294
vn -0.1641 0.6783 -0.7162
vn 0.8856 0.4447 -0.1338
vn -0.1497 0.7576 -0.6354
vn -0.1676 0.7726 -0.6123
vn -0.1742 0.8605 -0.4787
vn 0.4100 0.7857 0.4633
vn 0.6377 0.5762 0.5113
vn 0.8754 0.4828 -0.0234
vn 0.6305 0.7762 0.0064
vn 0.8356 -0.0539 0.5467
vn 0.2322 -0.6939 -0.6816
vn 0.2307 -0.4561 0.8595
vn 0.4513 -0.2023 0.8692
vn 0.5860 -0.1334 -0.7992
vn 0.1884 0.1419 -0.9718
vn 0.7952 -0.3286 -0.5096
vn 0.6912 -0.0520 -0.7208
vn 0.9807 -0.0331 -0.1928
vn 0.9243 -0.2691 -0.2707
vn 0.9137 -0.0261 -0.4056
vn 0.9091 -0.0596 -0.4122
vn 0.9535 -0.1226 -0.2755
vn 0.9019 0.3109 0.3000
vn 0.9037 -0.3404 0.2597
vn 0.9678 -0.2486 -0.0393
vn 0.7764 -0.2470 0.5798
vn 0.9697 -0.2096 0.1253
vn 0.9872 -0.1576 0.0264
vn 0.9387 -0.2140 0.2702
vn 0.7690 -0.3587 0.5291
vn 0.5964 -0.3477 0.7235
vn 0.2700 -0.1977 0.9424
vn 0.1627 -0.3692 0.9150
vn 0.5286 -0.0063 0.8489
vn 0.5466 0.0328 0.8368
vn 0.2904 0.4363 0.8516
vn 0.3691 0.4845 0.7931
vn 0.3437 0.5840 0.7354
vn 0.6668 0.1538 0.7292
vn 0.7540 0.4080 0.5148
vn 0.8898 0.4402 0.1201
vn 0.9952 0.0785 0.0578
vn 0.7779 0.1436 0.6118
vn 0.6307 0.4448 0.6359
vn 0.6104 0.6286 0.4820
vn -0.8152 0.2560 -0.5196
vn -0.7665 0.1995 -0.6105
vn -0.7558 0.1393 -0.6398
vn -0.8149 0.2576 -0.5191
vn -0.7524 0.2750 -0.5986
vn 0.2695 0.4800 0.8349
vn -0.7016 0.1370 -0.6993
vn -0.7280 0.2591 -0.6348
vn -0.7917 0.4032 -0.4591
vn -0.7797 0.4459 -0.4395
vn -0.8364 0.3526 -0.4197
vn -0.8666 0.4233 -0.2641
vn -0.8805 0.4229 -0.2141
vn -0.8679 0.4962 -0.0222
vn -0.6743 0.2751 -0.6853
vn -0.6975 0.7028 -0.1400
vn -0.7326 0.6651 -0.1451
vn -0.7799 0.5402 -0.3160
vn -0.7364 0.6638 -0.1305
vn -0.7535 0.6434 -0.1352
vn 0.8778 -0.4765 -0.0493
vn 0.8335 -0.2161 0.5085
vn 0.3353 -0.3447 0.8768
vn 0.3645 -0.1580 0.9177
vn -0.0921 0.1721 0.9808
vn -0.3824 -0.6830 0.6224
vn 0.2705 -0.7210 0.6380
vn 0.2993 -0.5821 0.7560
vn 0.5926 -0.4752 0.6503
vn 0.0289 0.3375 0.9409
vn 0.7421 -0.6543 -0.1454
vn 0.7630 -0.3457 0.5462
vn 0.8153 -0.4935 -0.3030
vn 0.7797 -0.5457 0.3069
vn 0.4829 -0.1445 0.8637
vn 0.5468 -0.1180 0.8289
vn 0.9709 -0.2022 -0.1282
vn 0.9760 -0.1190 -0.1822
vn 0.9284 -0.3596 -0.0938
vn 0.7143 -0.5835 0.3864
vn 0.6729 -0.7147 -0.1907
vn 0.6706 -0.7326 -0.1165
vn 0.7104 -0.6107 0.3497
vn 0.3131 -0.6402 -0.7015
vn 0.5590 -0.7208 -0.4098
vn 0.9682 -0.1860 0.1676
vn 0.9862 -0.0861 0.1415
vn 0.6746 -0.7189 -0.1677
vn 0.7211 -0.5263 0.4506
vn 0.6910 -0.7104 -0.1339
vn 0.7080 -0.5743 0.4111
vn 0.9732 -0.2257 0.0446
vn 0.9767 0.1266 -0.1732
vn 0.9189 0.1276 0.3732
vn 0.9208 -0.0039 0.3900
vn 0.6108 -0.7881 -0.0756
vn 0.6805 -0.6546 0.3291
vn 0.5923 -0.4683 0.6557
vn 0.3587 -0.1577 0.9200
vn 0.6185 -0.1431 0.7726
vn 0.8116 0.5665 0.1426
vn 0.6916 0.5335 0.4868
vn 0.3018 -0.0640 0.9512
vn 0.1893 0.2748 0.9427
vn 0.8586 -0.2057 0.4696
vn 0.5703 -0.0836 0.8171
vn 0.5585 0.2945 0.7755
vn 0.6198 0.5900 0.5175
vn 0.6355 0.6056 0.4790
vn 0.3553 -0.0435 0.9337
vn 0.2283 0.2194 0.9485
vn 0.5981 0.1713 0.7829
vn 0.8421 -0.5392 -0.0114
vn 0.7470 0.4226 -0.5133
vn 0.8119 -0.5250 -0.2555
vn 0.7803 -0.5521 -0.2940
vn -0.3518 0.4833 0.8017
vn 0.4221 -0.0380 0.9057
vn -0.3552 0.4811 0.8015
vn 0.7344 -0.5916 -0.3327
vn 0.4752 -0.5958 -0.6475
vn 0.7814 -0.5448 -0.3042
vn -0.8364 0.5454 0.0554
vn -0.3234 0.4575 0.8283
vn -0.4619 0.5200 0.7185
vn -0.4334 0.5545 0.7104
vn -0.5941 0.5872 0.5497
vn -0.4444 0.5808 0.6821
vn -0.5999 0.6231 0.5020
vn -0.6480 0.6400 0.4129
vn -0.4826 0.6554 0.5810
vn -0.6215 0.5599 0.5480
vn -0.6828 0.5545 0.4756
vn -0.7619 0.5592 0.3267
vn 0.4425 0.1158 -0.8893
vn 0.4409 -0.1899 -0.8772
vn 0.0362 -0.4656 -0.8843
vn 0.3035 -0.6268 -0.7176
vn 0.5380 -0.2056 -0.8175
vn 0.5444 -0.5648 -0.6202
vn 0.6640 -0.0747 -0.7440
vn 0.3212 -0.6420 -0.6962
vn 0.7318 -0.2379 -0.6386
vn 0.9193 -0.3797 0.1038
vn 0.8982 -0.3935 0.1960
vn 0.6773 -0.7351 0.0309
vn 0.5317 -0.0700 -0.8441
vn 0.2282 0.1436 0.9630
vn 0.8835 -0.3281 0.3343
vn 0.2190 0.1163 0.9688
vn 0.5393 -0.3010 0.7864
vn 0.6004 -0.6330 0.4888
vn 0.6402 -0.6364 0.4303
vn 0.5050 -0.7219 -0.4730
vn 0.6894 -0.6131 0.3858
vn 0.6358 -0.7525 -0.1717
vn 0.5908 -0.7606 -0.2691
vn 0.5958 -0.7899 -0.1449
vn 0.3008 -0.6263 -0.7192
vn 0.4156 -0.8011 -0.4306
vn 0.5915 -0.8022 -0.0814
vn 0.0715 -0.5107 -0.8568
vn -0.3945 -0.4057 -0.8245
vn -0.2101 -0.3781 -0.9016
vn -0.2896 -0.3700 -0.8827
vn -0.1679 -0.4631 -0.8703
vn -0.2579 -0.4312 -0.8646
vn -0.2699 -0.3122 -0.9109
vn 0.7973 -0.4871 0.3563
vn 0.6810 -0.6867 0.2542
vn 0.8305 -0.5320 0.1651
vn 0.6494 -0.7580 -0.0600
vn -0.1008 -0.6251 -0.7740
vn -0.6599 0.0750 -0.7476
vn -0.6579 0.0380 -0.7521
vn -0.6497 0.0570 -0.7580
vn -0.7085 0.1205 -0.6954
vn -0.7152 0.6968 -0.0543
vn -0.6545 0.0553 -0.7541
vn -0.6560 0.0558 -0.7527
vn -0.6362 0.0983 -0.7653
vn -0.7663 0.6366 -0.0867
vn -0.6416 0.1093 -0.7592
vn -0.8318 0.5542 0.0315
vn -0.7659 0.4473 -0.4620
vn -0.8876 -0.1490 -0.4358
vn -0.9006 -0.1424 -0.4107
vn -0.6826 0.6455 -0.3427
vn -0.6973 0.2612 -0.6675
vn -0.3783 0.7200 -0.5818
vn -0.3874 0.7624 -0.5184
vn -0.5566 0.0567 -0.8289
vn -0.7315 0.2725 -0.6250
vn -0.6638 0.3509 -0.6605
vn -0.9461 -0.1708 0.2753
vn -0.8414 0.4906 -0.2265
vn -0.8239 0.5610 -0.0809
vn -0.8194 0.5723 0.0341
vn -0.8685 -0.4120 0.2757
vn -0.9466 -0.2924 0.1354
vn -0.7869 0.5915 -0.1759
vn -0.9417 -0.3188 0.1079
vn -0.9275 -0.3090 0.2106
vn -0.8118 0.4527 -0.3689
vn -0.7979 0.4530 -0.3977
vn -0.9691 -0.2290 0.0919
vn -0.7574 0.4165 -0.5029
vn -0.9528 -0.2068 0.2223
vn -0.8932 -0.3300 0.3053
vn -0.0873 0.7360 -0.6713
vn 0.0088 0.7977 -0.6029
vn -0.0394 0.8418 -0.5383
vn -0.8221 0.5459 -0.1618
vn -0.8321 0.5492 -0.0779
vn -0.9307 -0.2170 0.2946
vn -0.9583 -0.2200 0.1826
vn -0.9278 0.0774 0.3650
vn -0.5769 0.7066 0.4097
vn -0.7602 0.6302 0.1579
vn -0.6917 0.6814 0.2391
vn -0.5754 0.6984 0.4257
vn -0.4845 0.6691 0.5635
vn -0.7650 0.6162 0.1873
vn -0.9576 -0.1788 0.2258
vn -0.7333 0.6137 0.2926
vn 0.4462 0.0926 0.8901
vn 0.4106 0.0038 0.9118
vn 0.8226 -0.5564 0.1171
vn 0.8905 -0.4268 0.1576
vn 0.6230 -0.5042 -0.5980
vn 0.3621 -0.0808 0.9286
vn 0.7211 -0.6631 0.2009
vn 0.6430 -0.6782 -0.3557
vn 0.6543 -0.7369 -0.1699
vn 0.3667 -0.1161 0.9231
vn 0.7940 -0.5885 0.1527
vn 0.7961 -0.5841 0.1580
vn 0.6121 -0.5971 -0.5185
vn 0.7152 -0.6778 0.1704
vn 0.6071 -0.6749 -0.4194
vn 0.6962 -0.6682 -0.2624
vn 0.6328 -0.5961 -0.4942
vn 0.1042 0.0303 0.9941
vn 0.7359 -0.6310 -0.2457
vn 0.5806 -0.6212 -0.5264
vn 0.1543 0.0795 0.9848
vn 0.0853 0.0737 0.9936
vn 0.3564 -0.2193 0.9082
vn 0.2212 0.0347 0.9746
vn 0.0731 -0.1196 0.9901
vn 0.2911 -0.1678 0.9419
vn 0.4828 -0.4689 0.7396
vn 0.4802 -0.4491 0.7535
vn 0.5911 -0.6496 0.4781
vn 0.4465 -0.7979 -0.4049
vn 0.5666 -0.8176 -0.1021
vn -0.0859 -0.9862 -0.1418
vn 0.2311 -0.7496 -0.6202
vn 0.2826 -0.7509 -0.5969
vn 0.0090 -0.6248 -0.7808
vn 0.0199 -0.6413 -0.7670
vn -0.7318 0.4763 -0.4874
vn -0.7528 0.4753 -0.4554
vn -0.7766 0.5420 -0.3210
vn -0.5275 0.3478 -0.7751
vn -0.8176 0.4794 -0.3189
vn -0.8279 0.4945 -0.2646
vn -0.8605 0.4923 0.1310
vn -0.6660 0.4472 -0.5971
vn -0.6836 0.5046 -0.5273
vn -0.8470 0.5090 0.1532
vn -0.8137 0.5571 -0.1659
vn -0.8499 0.5052 0.1500
vn -0.8505 0.5033 0.1529
vn -0.8510 0.5144 0.1058
vn -0.8242 0.5555 0.1098
vn -0.8147 0.5741 0.0823
vn 0.2415 0.2970 0.9238
vn -0.1556 -0.5437 -0.8247
vn 0.6382 -0.7667 -0.0701
vn 0.7575 -0.5190 0.3960
vn 0.1211 -0.6684 -0.7339
vn 0.7705 -0.4578 0.4436
vn -0.2725 -0.3809 -0.8835
vn -0.2679 -0.2893 -0.9190
vn 0.5888 -0.8082 -0.0097
vn 0.5853 -0.7973 -0.1476
vn 0.5277 -0.8358 -0.1514
vn 0.6576 -0.4824 0.5787
vn 0.7046 -0.5152 0.4881
vn 0.7707 -0.4575 0.4436
vn -0.5975 -0.7869 -0.1543
vn 0.6896 -0.7196 0.0809
vn 0.5161 -0.8484 -0.1177
vn -0.1707 -0.5949 -0.7854
vn -0.5859 0.2147 -0.7814
vn -0.7600 0.4609 -0.4582
vn -0.9244 -0.0512 0.3780
vn -0.9538 -0.0640 0.2936
vn -0.9456 -0.0563 0.3205
vn -0.6894 0.4450 -0.5716
vn -0.7592 0.4624 -0.4580
vn -0.7420 0.4650 -0.4829
vn -0.7384 0.5533 -0.3856
vn -0.7578 0.3850 -0.5268
vn -0.9694 -0.1186 0.2150
vn -0.9208 -0.2352 0.3111
vn -0.7080 0.3596 -0.6078
vn -0.0571 0.6183 -0.7839
vn -0.0431 0.5100 -0.8591
vn -0.6916 0.2907 -0.6612
vn -0.7097 0.2993 -0.6378
vn -0.6791 0.2446 -0.6921
vn -0.6784 0.1025 -0.7275
vn -0.9931 -0.0390 0.1108
vn -0.6477 0.1363 -0.7496
vn -0.0641 0.5203 -0.8516
vn -0.0536 0.6168 -0.7853
vn 0.8340 0.3970 -0.3832
vn 0.9125 0.3437 -0.2218
vn 0.0819 -0.8681 0.4896
vn 0.9149 0.3586 -0.1856
vn 0.8735 0.4837 -0.0551
vn 0.1362 0.9653 0.2227
vn 0.2256 0.9678 0.1115
vn 0.1927 0.9212 0.3380
vn 0.8692 0.4941 -0.0206
vn -0.4923 0.6501 0.5787
vn -0.4307 0.5961 0.6776
vn -0.4267 0.5961 0.6801
vn -0.9476 -0.1214 0.2954
vn -0.9692 -0.1734 0.1747
vn -0.9328 0.0688 0.3537
vn 0.5905 -0.6941 -0.4117
vn 0.1292 -0.1128 0.9852
vn 0.3329 -0.2924 0.8965
vn 0.0657 -0.0066 0.9978
vn 0.5588 -0.7894 -0.2541
vn 0.5964 -0.7048 0.3841
vn -0.1115 -0.9890 -0.0969
vn 0.2997 -0.9539 -0.0170
vn 0.6386 -0.7144 0.2861
vn -0.0768 -0.9970 -0.0052
vn 0.6006 -0.7516 -0.2727
vn 0.5650 -0.7907 -0.2358
vn 0.7169 -0.6936 0.0708
vn 0.6244 -0.6299 0.4619
vn 0.6375 -0.6083 0.4729
vn 0.7192 -0.6821 -0.1321
vn 0.0930 -0.9382 0.3334
vn -0.1365 -0.9596 0.2460
vn 0.6401 -0.7662 0.0564
vn 0.5624 -0.8231 -0.0785
vn 0.4656 -0.8563 -0.2235
vn 0.4554 -0.7794 -0.4302
vn -0.1915 -0.4007 -0.8960
vn -0.2724 -0.5546 -0.7862
vn -0.0298 0.1520 -0.9879
vn 0.0125 0.4228 -0.9061
vn 0.0290 0.4092 -0.9120
vn 0.8417 0.1876 -0.5063
vn 0.8288 0.2196 -0.5146
vn 0.8366 0.1771 -0.5183
vn 0.0303 0.4317 -0.9015
vn 0.2885 0.4303 -0.8554
vn -0.0170 0.4520 -0.8919
vn 0.8592 0.2511 -0.4457
vn 0.9506 -0.1570 0.2676
vn 0.8819 0.3370 0.3298
vn 0.5111 0.7764 -0.3687
vn 0.9876 0.1297 -0.0883
vn -0.4303 0.2500 -0.8674
vn 0.5727 0.7224 -0.3873
vn 0.5375 0.7389 -0.4064
vn 0.1612 0.2965 -0.9414
vn 0.8825 0.0818 -0.4632
vn 0.8488 0.1420 -0.5094
vn -0.0602 0.2970 -0.9530
vn 0.0551 0.5952 -0.8017
vn -0.5944 0.1161 -0.7957
vn 0.5461 0.7528 -0.3675
vn 0.4086 0.9060 -0.1103
vn -0.6209 0.2917 -0.7276
vn -0.6107 0.4352 -0.6615
vn -0.6097 0.4008 -0.6839
vn -0.7895 0.3444 -0.5080
vn -0.7518 0.3132 -0.5802
vn 0.2068 0.8435 -0.4958
vn 0.9112 0.3424 0.2289
vn 0.8355 -0.1452 0.5300
vn 0.8453 -0.3306 0.4198
vn 0.8849 0.4637 0.0447
vn 0.1472 0.8702 -0.4702
vn 0.1813 0.8807 -0.4377
vn -0.4460 0.6391 -0.6266
vn -0.7502 0.4973 -0.4357
vn -0.7420 0.5230 -0.4194
vn -0.7755 0.5764 -0.2575
vn -0.6026 0.6415 -0.4747
vn 0.6722 0.7249 -0.1504
vn 0.7225 0.6689 -0.1748
vn 0.6162 0.6526 -0.4409
vn 0.8658 0.4983 0.0463
vn 0.7878 -0.4090 0.4605
vn 0.7087 0.6515 -0.2705
vn 0.5674 0.8118 -0.1383
vn 0.8650 0.4572 -0.2066
vn -0.6526 0.7113 -0.2612
vn 0.4262 0.8852 -0.1868
vn -0.7601 0.6395 0.1155
vn 0.9024 0.2973 -0.3120
vn 0.8004 -0.5946 -0.0766
vn 0.8680 -0.4617 0.1827
vn 0.8037 -0.2570 0.5366
vn 0.8195 -0.3013 0.4876
vn 0.8455 -0.4221 0.3270
vn 0.9885 -0.0015 0.1515
vn 0.8260 0.2966 -0.4793
vn 0.8418 0.3039 -0.4461
vn 0.4491 0.4424 -0.7763
vn 0.8091 0.3838 -0.4451
vn 0.8313 0.3848 -0.4012
vn 0.6362 -0.6776 -0.3691
vn -0.4833 0.3425 -0.8057
vn -0.4260 0.2922 -0.8563
vn -0.7445 0.4535 -0.4899
vn -0.7869 0.4784 0.3898
vn -0.3842 0.2236 0.8958
vn -0.4694 0.2321 0.8519
vn -0.6490 0.3347 0.6832
vn -0.6759 0.4870 0.5531
vn -0.6236 0.4714 0.6236
vn -0.2210 0.1307 0.9665
vn -0.0675 0.0861 0.9940
vn 0.3665 -0.4031 0.8386
vn 0.3624 -0.2318 0.9027
vn 0.3507 -0.2633 0.8987
vn 0.3423 -0.4148 0.8431
vn 0.3494 -0.2598 0.9002
vn -0.0101 -0.0738 0.9972
vn -0.0326 -0.0655 0.9973
vn -0.4833 0.2747 0.8313
vn -0.3811 0.1666 0.9094
vn -0.4386 0.1604 0.8842
vn 0.2203 -0.2705 0.9372
vn 0.3062 -0.3023 0.9027
vn 0.0283 -0.0249 0.9993
vn -0.6809 0.4594 0.5704
vn -0.0896 -0.0426 0.9951
vn -0.8252 0.5488 -0.1338
vn -0.8635 0.4998 -0.0679
vn -0.8037 0.5454 0.2378
vn -0.8548 0.4597 0.2409
vn -0.6917 0.3884 0.6088
vn -0.4635 0.1715 0.8693
vn -0.1670 0.0570 0.9843
vn -0.7277 0.4033 0.5548
vn -0.3242 0.2317 0.9172
vn 0.0226 -0.0915 0.9955
vn 0.5940 -0.5205 0.6134
vn 0.1137 -0.3660 0.9236
vn -0.4466 0.5778 0.6832
vn -0.9561 -0.1256 0.2647
vn -0.9622 -0.0748 0.2618
vn -0.9533 -0.0742 0.2929
vn -0.2942 0.5285 0.7963
vn -0.8528 0.5013 0.1464
vn -0.9557 0.0475 0.2904
vn -0.4068 0.4597 0.7894
vn -0.4173 0.4681 0.7789
vn -0.9595 0.0464 0.2780
vn -0.4000 0.5019 0.7668
vn -0.7131 0.0788 0.6967
vn -0.4206 0.8278 0.3713
vn -0.5713 -0.8019 -0.1749
vn -0.5744 -0.7987 -0.1791
vn 0.8285 -0.5431 0.1365
vn 0.5464 -0.8318 -0.0979
vn -0.0912 -0.3230 -0.9420
vn -0.0695 -0.3959 -0.9157
vn 0.1229 0.0957 -0.9878
vn 0.0062 0.1390 -0.9903
vn 0.0278 0.1181 -0.9926
vn 0.0491 0.1548 -0.9867
vn 0.9189 -0.2308 0.3199
vn 0.9386 -0.1177 0.3244
vn 0.8968 -0.0537 0.4392
vn 0.8447 -0.1095 0.5239
vn 0.7025 -0.1758 -0.6896
vn -0.1475 -0.1197 -0.9818
vn -0.2104 0.0195 -0.9774
vn -0.4964 -0.1085 -0.8613
vn -0.5241 -0.1956 -0.8289
vn -0.1609 -0.1115 -0.9807
vn -0.1111 -0.2198 -0.9692
vn -0.4210 -0.3581 -0.8334
vn 0.0864 0.0006 -0.9963
vn 0.8759 0.1217 -0.4670
vn 0.8881 0.0654 -0.4549
vn 0.8876 0.0647 -0.4560
vn 0.8841 0.0629 -0.4630
vn 0.7489 -0.5889 0.3039
vn 0.7534 -0.5700 0.3280
vn 0.8297 -0.2163 0.5145
vn -0.0904 -0.3156 -0.9446
vn -0.0105 -0.4479 -0.8940
vn 0.0875 0.0056 -0.9961
vn 0.1485 -0.2804 -0.9483
vn -0.1746 -0.3551 -0.9184
vn -0.1428 -0.3212 -0.9362
vn 0.5335 0.7483 -0.3943
vn -0.7701 -0.0006 -0.6379
vn -0.0788 0.3355 -0.9387
vn 0.5378 0.7343 -0.4143
vn 0.5720 0.7194 -0.3940
vn -0.1083 0.2630 -0.9587
vn -0.2725 0.0436 -0.9612
vn -0.3486 -0.1230 -0.9292
vn -0.3834 -0.0375 -0.9228
vn -0.5434 0.0290 -0.8390
vn -0.6087 -0.0757 -0.7898
vn -0.4157 0.1783 -0.8918
vn -0.1235 0.1573 -0.9798
vn 0.0244 0.4354 -0.8999
vn -0.6952 0.3871 -0.6057
vn -0.3493 0.5231 -0.7774
vn -0.2130 0.6355 -0.7421
vn -0.1392 0.6284 -0.7654
vn -0.5572 0.3736 -0.7416
vn -0.3894 0.3610 -0.8474
vn -0.6139 0.5357 -0.5798
vn -0.2453 0.8096 -0.5333
vn -0.3418 0.8024 -0.4891
vn -0.0777 0.0221 0.9967
vn 0.1021 -0.0519 0.9934
vn -0.6256 -0.7484 0.2204
vn -0.1240 -0.9676 0.2200
vn 0.5687 -0.8192 -0.0741
vn 0.6271 -0.7649 0.1468
vn 0.6172 -0.7628 0.1931
vn 0.8227 -0.5577 0.1096
vn 0.0015 -0.9257 0.3782
vn 0.5168 -0.4456 0.7310
vn 0.3840 -0.2919 0.8759
vn -0.6504 -0.7385 0.1774
vn -0.3449 -0.3351 0.8768
vn -0.4764 -0.4281 0.7679
vn -0.0439 -0.4731 0.8799
vn 0.3588 0.5097 0.7820
vn 0.0743 -0.9900 -0.1197
vn 0.0189 -0.7821 0.6229
vn 0.5203 -0.4227 0.7420
vn 0.1273 -0.9909 -0.0448
vn 0.1134 -0.7524 0.6489
vn -0.0242 -0.8226 0.5680
vn -0.0872 -0.8404 0.5350
vn 0.7000 -0.6645 0.2618
vn 0.6737 -0.7152 -0.1863
vn 0.9826 -0.1711 -0.0717
vn 0.9222 -0.3392 -0.1859
vn 0.9579 -0.2754 -0.0810
vn 0.6061 -0.7444 0.2803
vn 0.7125 -0.7013 0.0249
vn 0.4553 -0.8461 -0.2770
vn 0.6956 -0.6195 0.3638
vn 0.7018 -0.5602 0.4400
vn -0.0216 -0.8138 0.5808
vn -0.2465 -0.7443 0.6206
vn -0.2284 -0.7154 0.6603
vn 0.6154 -0.7257 -0.3077
vn -0.3982 0.5114 0.7615
vn 0.5824 -0.7430 -0.3299
vn 0.5065 -0.2862 0.8133
vn -0.5716 0.3791 -0.7277
vn 0.5819 -0.6699 -0.4612
vn 0.5118 -0.2994 0.8052
vn 0.2812 -0.3434 0.8961
vn 0.6965 -0.5995 0.3943
vn -0.3953 0.5349 0.7467
vn 0.4184 -0.3620 0.8330
vn 0.1687 -0.2518 0.9530
vn -0.3590 0.5429 0.7592
vn 0.2900 0.0088 0.9570
vn 0.5892 -0.6612 -0.4644
vn 0.5754 -0.3841 0.7221
vn 0.6375 -0.3941 0.6620
vn 0.6713 -0.5947 0.4423
vn 0.6922 -0.4754 0.5430
vn 0.6841 -0.6324 0.3636
vn 0.9669 -0.1871 0.1732
vn 0.9721 -0.1618 0.1697
vn 0.6172 -0.7583 0.2097
vn 0.5522 -0.5642 0.6137
vn 0.4842 -0.7622 0.4297
vn 0.5037 -0.7376 0.4497
vn 0.8138 -0.2784 0.5102
vn 0.6962 -0.6674 0.2645
vn 0.5888 -0.7505 -0.3000
vn 0.6301 -0.7745 0.0564
vn 0.6692 -0.7267 -0.1554
vn 0.7532 -0.6405 0.1497
vn 0.8129 -0.5384 0.2220
vn 0.7987 -0.4760 0.3681
vn 0.8569 -0.2975 0.4209
vn 0.7138 -0.6176 0.3302
vn 0.5936 -0.6184 0.5149
vn 0.4578 -0.5234 0.7187
vn 0.4758 -0.5218 0.7080
vn 0.8638 -0.0064 0.5038
vn 0.8675 -0.0039 0.4974
vn 0.5131 -0.3250 0.7944
vn 0.8557 0.0924 0.5091
vn 0.7390 0.6538 0.1629
vn 0.2978 -0.1192 0.9471
vn 0.6931 -0.0886 0.7154
vn 0.7822 0.6126 0.1132
vn 0.6158 0.0975 -0.7818
vn 0.6638 -0.1823 -0.7253
vn 0.7411 0.6205 -0.2562
vn 0.8757 -0.4823 0.0219
vn 0.9550 -0.1009 -0.2788
vn 0.5146 -0.1457 0.8450
vn 0.2892 -0.1783 0.9405
vn 0.6814 0.3737 0.6293
vn 0.5487 0.2817 0.7871
vn 0.8505 -0.4403 0.2876
vn 0.6804 -0.0962 0.7265
vn -0.2920 0.4101 0.8640
vn -0.3359 0.3359 0.8800
vn 0.4286 -0.0496 0.9022
vn 0.6373 -0.6780 0.3663
vn 0.6102 -0.7022 0.3669
vn 0.2427 -0.0097 0.9700
vn 0.4668 0.0032 0.8844
vn 0.4680 -0.0055 0.8837
vn 0.6941 -0.7196 -0.0191
vn 0.1148 -0.1764 0.9776
vn 0.1018 -0.0993 0.9898
vn 0.6102 -0.5805 0.5391
vn 0.4019 0.5811 0.7076
vn 0.5050 0.5110 0.6956
vn 0.9236 0.2638 0.2781
vn 0.7104 0.6475 0.2758
vn 0.6323 0.7604 0.1482
vn 0.9200 -0.0476 -0.3890
vn 0.8616 -0.3249 -0.3899
vn 0.3765 0.5515 0.7443
vn 0.3833 0.5466 0.7445
vn -0.4281 0.4615 0.7770
vn 0.3821 0.6850 0.6202
vn 0.2586 0.7786 0.5718
vn 0.9430 0.3158 0.1051
vn 0.9293 0.3518 0.1123
vn 0.2164 0.7598 0.6130
vn 0.2173 0.8416 0.4944
vn 0.1626 0.8586 0.4862
vn 0.1527 0.9133 0.3776
vn 0.8887 -0.4494 0.0908
vn 0.6891 -0.6334 -0.3520
vn 0.9389 0.2906 -0.1844
vn 0.6220 -0.6619 -0.4182
vn 0.5397 0.7966 -0.2723
vn -0.6902 0.6439 0.3302
vn 0.6458 0.7635 -0.0048
vn 0.5700 0.8216 0.0007
vn -0.6849 0.6024 0.4099
vn -0.5345 0.5968 0.5984
vn -0.5069 0.5014 0.7012
vn 0.6284 0.6942 -0.3511
vn -0.3644 0.4941 0.7894
vn 0.3864 0.9189 -0.0796
vn 0.6502 0.6909 -0.3160
vn 0.4560 0.8767 0.1530
vn 0.4888 0.8580 -0.1577
vn 0.4850 0.8601 -0.1581
vn 0.1339 0.8920 0.4318
vn 0.9562 0.0141 -0.2925
vn 0.9105 0.4068 0.0737
vn 0.6236 -0.1891 -0.7585
vn 0.7208 -0.4363 -0.5386
vn 0.8316 -0.0483 -0.5533
vn 0.9209 0.3890 -0.0272
vn 0.8844 0.4667 -0.0055
vn 0.6359 -0.5905 -0.4969
vn 0.6552 -0.4483 -0.6081
vn 0.7118 0.0553 -0.7002
vn 0.5569 -0.6360 -0.5342
vn 0.5553 -0.5875 -0.5887
vn 0.7083 -0.2871 -0.6449
vn -0.3229 -0.9124 -0.2514
vn -0.4840 -0.8530 -0.1955
vn -0.4918 -0.8443 -0.2127
vn -0.2911 -0.9373 -0.1914
vn -0.2793 -0.9356 -0.2158
vn 0.2459 -0.6549 -0.7146
vn 0.2826 -0.7851 -0.5511
vn 0.3357 -0.7093 -0.6199
vn 0.4999 -0.7114 -0.4939
vn 0.4156 -0.7869 -0.4562
vn 0.4496 -0.7701 -0.4525
vn 0.4705 -0.7694 -0.4321
vn 0.5493 -0.7060 -0.4471
vn 0.4683 -0.7959 -0.3838
vn 0.5477 -0.6148 -0.5675
vn 0.7595 -0.4908 -0.4268
vn 0.7878 -0.3818 -0.4833
vn 0.5147 -0.7709 -0.3753
vn 0.5493 -0.7059 -0.4471
vn 0.5692 -0.6070 -0.5546
vn 0.5904 -0.7017 -0.3988
vn 0.9424 -0.2088 -0.2612
vn 0.5894 -0.7852 -0.1899
vn 0.6302 -0.7030 -0.3297
vn 0.2972 -0.8391 -0.4555
vn 0.4822 -0.8169 -0.3163
vn 0.7464 -0.6047 -0.2778
vn 0.9155 -0.3921 0.0902
vn 0.5448 -0.8270 0.1389
vn 0.6271 -0.5030 0.5948
vn 0.4369 -0.0221 0.8992
vn 0.6475 0.7269 0.2288
vn 0.5762 0.8127 -0.0859
vn 0.5841 0.6887 -0.4296
vn -0.0447 -0.1695 0.9845
vn 0.4639 0.0384 0.8850
vn -0.1450 0.0687 0.9870
vn -0.3164 0.2936 0.9021
vn -0.3096 0.1003 0.9456
vn 0.2276 0.2814 0.9322
vn -0.4343 0.0270 0.9004
vn 0.6269 -0.6238 -0.4668
vn 0.9282 0.1820 0.3247
vn 0.9475 -0.1606 -0.2765
vn 0.6257 -0.6251 -0.4667
vn 0.5726 -0.7494 -0.3324
vn 0.0487 0.8707 -0.4893
vn 0.0176 0.3709 0.9285
vn 0.8156 -0.4008 0.4174
vn -0.2501 0.2899 0.9238
vn 0.6451 0.7285 0.2305
vn 0.1955 -0.6597 -0.7257
vn 0.0201 -0.5134 -0.8579
vn 0.0207 -0.4870 -0.8732
vn 0.4110 -0.0756 -0.9085
vn 0.1511 -0.4417 -0.8844
vn 0.2731 -0.6079 -0.7456
vn 0.3974 -0.5973 -0.6966
vn 0.2348 -0.5362 -0.8108
vn 0.1672 -0.6575 -0.7347
vn 0.4222 -0.0176 -0.9063
vn 0.5721 -0.2504 -0.7810
vn 0.5939 -0.2367 -0.7689
vn 0.3515 -0.4604 -0.8151
vn 0.3607 -0.4861 -0.7960
vn 0.4335 -0.5033 -0.7475
vn 0.6038 -0.4635 -0.6486
vn 0.1989 -0.3975 -0.8958
vn -0.1722 -0.6144 -0.7700
vn -0.1593 -0.2587 -0.9527
vn -0.2602 -0.2547 -0.9314
vn -0.5170 -0.3085 -0.7985
vn -0.0646 -0.2144 -0.9746
vn 0.0020 0.2932 -0.9561
vn -0.3958 0.2724 -0.8770
vn -0.3118 0.0515 -0.9487
vn -0.1845 0.0229 -0.9826
vn -0.5049 0.4304 -0.7482
vn -0.6425 0.5737 -0.5080
vn -0.3570 0.3093 -0.8814
vn -0.6392 0.5952 -0.4871
vn -0.6578 0.5678 -0.4948
vn -0.5097 0.8072 0.2979
vn -0.7751 0.5424 -0.3242
vn -0.6295 0.7468 -0.2145
vn -0.4507 0.6568 0.6046
vn -0.5150 0.6399 0.5704
vn -0.4246 0.5519 0.7177
vn -0.3917 0.4768 0.7869
vn -0.2904 0.2858 0.9132
vn -0.1669 0.2292 0.9590
vn 0.5688 0.8217 0.0340
vn 0.0759 0.7186 0.6913
vn 0.0415 0.6717 0.7397
vn -0.2128 0.4230 0.8808
vn 0.9454 0.2698 0.1826
vn 0.9905 0.0470 -0.1296
vn 0.6322 -0.5911 -0.5009
vn -0.3694 0.7367 -0.5663
vn -0.3378 0.7997 -0.4964
vn -0.5733 0.6021 -0.5556
vn -0.5864 0.5979 -0.5465
vn -0.5978 0.6087 -0.5217
vn -0.4547 0.7427 -0.4915
vn -0.4022 0.3275 -0.8550
vn -0.4267 0.3355 -0.8398
vn -0.4296 0.3382 -0.8373
vn -0.4033 0.3289 -0.8539
vn -0.4165 0.3181 -0.8517
vn -0.4591 0.3026 -0.8353
vn -0.4442 0.3012 -0.8438
vn -0.4306 0.2826 -0.8572
vn -0.4039 0.3003 -0.8641
vn -0.3898 0.2742 -0.8791
vn -0.3539 0.2598 -0.8985
vn -0.3609 0.3139 -0.8782
vn -0.4923 0.1735 -0.8530
vn -0.6107 0.1993 -0.7663
vn -0.4809 0.2137 -0.8504
vn -0.4837 0.2169 -0.8479
vn -0.5951 0.2602 -0.7604
vn -0.4701 0.2672 -0.8412
vn -0.4466 0.2796 -0.8499
vn -0.5574 0.3126 -0.7692
vn -0.6680 0.2338 -0.7065
vn -0.6944 0.4566 -0.5562
vn -0.5290 0.3368 -0.7790
vn -0.4585 0.3431 -0.8198
vn -0.5265 0.3625 -0.7691
vn -0.5280 0.3683 -0.7652
vn -0.4281 0.3135 -0.8476
vn -0.4838 0.3415 -0.8058
vn -0.7021 0.4562 -0.5467
vn -0.5531 0.3545 -0.7540
vn -0.5203 0.4092 -0.7496
vn 0.5982 -0.5902 -0.5421
vn 0.5944 -0.5001 -0.6297
vn 0.6575 -0.5092 -0.5553
vn 0.9227 0.3845 -0.0270
vn 0.8438 -0.2749 -0.4610
vn -0.8562 0.5161 -0.0226
vn -0.6562 0.6784 0.3304
vn -0.1702 0.3046 0.9372
vn -0.2333 0.2619 0.9364
vn 0.0919 0.0380 0.9950
vn -0.2121 0.2222 0.9517
vn 0.4317 0.3701 0.8226
vn 0.2322 -0.2434 0.9417
vn 0.7340 -0.2284 0.6396
vn 0.7607 -0.0923 0.6425
vn 0.4599 -0.4598 0.7597
vn 0.4189 -0.2200 0.8810
vn 0.4896 -0.3518 0.7978
vn 0.2117 0.0489 0.9761
vn 0.5701 0.8209 0.0339
vn 0.0123 0.0220 0.9997
vn 0.2707 -0.0028 0.9627
vn 0.5484 0.2203 0.8067
vn 0.5880 0.2180 0.7789
vn 0.5493 0.4426 0.7088
vn 0.0098 0.3270 0.9450
vn 0.6588 0.7274 0.1920
vn 0.7178 0.6955 0.0339
vn 0.7197 0.6934 0.0334
vn 0.7096 0.6931 0.1272
vn 0.2772 0.2745 0.9208
vn 0.7230 0.6512 0.2305
vn 0.6051 0.0907 0.7910
vn 0.7239 0.6886 0.0424
vn 0.7468 0.6636 0.0441
vn 0.4358 0.1027 0.8942
vn 0.2857 -0.0056 0.9583
vn 0.4002 -0.0104 0.9163
vn 0.5037 -0.2533 0.8259
vn 0.5026 -0.2672 0.8222
vn 0.5187 -0.5578 0.6479
vn 0.2601 -0.6479 0.7159
vn -0.0164 -0.2849 0.9584
vn -0.2564 -0.2447 0.9351
vn -0.0309 -0.3686 0.9291
vn 0.3678 -0.0513 0.9285
vn 0.4287 0.1848 0.8843
vn -0.0305 0.4937 0.8691
vn -0.4235 0.4178 0.8038
vn -0.4937 0.0718 0.8667
vn -0.3686 0.0808 0.9261
vn -0.1617 0.4943 0.8541
vn -0.4638 0.5283 0.7112
vn -0.4755 0.6941 0.5405
vn -0.6404 0.7570 0.1298
vn -0.5821 0.8076 0.0944
vn -0.5271 0.8490 -0.0359
vn -0.4357 0.8045 0.4037
vn -0.7388 0.6726 0.0411
vn -0.6561 0.6633 0.3600
vn -0.3601 0.6623 0.6570
vn -0.3924 0.6087 0.6896
vn -0.4573 0.2098 0.8642
vn -0.4612 0.2287 0.8573
vn -0.6455 0.3514 0.6781
vn -0.6527 0.3481 0.6729
vn 0.3541 0.2964 0.8870
vn 0.1238 -0.3425 0.9313
vn 0.2655 -0.5114 0.8173
vn 0.1383 0.1478 0.9793
vn -0.0122 0.4590 0.8883
vn -0.0175 0.4428 0.8964
vn -0.6670 0.5575 0.4943
vn -0.6668 0.5579 0.4941
vn 0.9154 -0.3573 -0.1855
vn 0.4876 -0.4364 -0.7562
vn 0.0513 0.9938 0.0991
vn -0.0169 0.8812 -0.4724
vn 0.4948 -0.4252 -0.7579
vn 0.9603 0.2284 0.1601
vn 0.9968 0.0702 -0.0373
vn -0.6828 0.6651 -0.3023
vn -0.6763 0.6881 -0.2630
vn -0.6939 0.7171 -0.0661
vn -0.5305 0.7840 -0.3223
vn -0.4609 0.7685 -0.4438
vn 0.0129 -0.2562 -0.9666
vn 0.3141 0.3171 -0.8949
vn 0.6380 0.5729 -0.5145
vn 0.5641 0.5827 -0.5850
vn -0.1609 -0.2765 -0.9475
vn 0.6034 0.5217 -0.6032
vn -0.1266 -0.4149 -0.9010
vn 0.1547 -0.3489 -0.9243
vn 0.2350 -0.4553 -0.8587
vn 0.2222 0.1448 -0.9642
vn -0.1132 0.1294 -0.9851
vn -0.4506 0.4053 -0.7954
vn -0.6711 0.5597 -0.4862
vn -0.2715 0.7982 -0.5377
vn 0.2491 -0.2783 -0.9276
vn 0.1162 -0.6228 -0.7737
vn 0.1251 -0.7083 -0.6947
vn 0.2110 -0.7119 -0.6698
vn 0.5204 -0.4772 -0.7082
vn 0.5577 -0.6079 -0.5652
vn 0.2407 -0.7781 -0.5802
vn 0.3075 -0.7643 -0.5668
vn 0.2766 -0.4414 -0.8536
vn 0.0254 -0.5080 -0.8610
vn 0.1704 -0.5301 -0.8307
vn 0.6285 0.3916 -0.6720
vn 0.2720 -0.2992 -0.9146
vn -0.0922 -0.1704 -0.9810
vn 0.1155 -0.2137 -0.9701
vn -0.1363 0.1543 -0.9786
vn 0.4892 -0.6507 -0.5807
vn 0.4484 -0.6774 -0.5832
vn -0.5361 0.8408 -0.0757
vn -0.5043 0.8146 0.2864
vn -0.5096 0.8028 0.3096
vn -0.5841 0.8115 0.0148
vn -0.4281 0.7592 0.4903
vn -0.3424 0.6817 0.6466
vn -0.4255 0.7597 0.4918
vn -0.2314 0.6622 0.7127
vn -0.4723 0.4834 0.7371
vn -0.1724 0.3789 0.9093
vn -0.3149 0.1903 0.9298
vn -0.3608 0.3499 0.8645
vn 0.0553 0.0490 0.9973
vn 0.3489 -0.0626 0.9351
vn 0.6432 -0.2501 0.7237
vn -0.0033 0.1254 0.9921
vn 0.3161 0.0036 0.9487
vn 0.2084 -0.0533 0.9766
vn -0.0510 0.0043 0.9987
vn 0.1999 -0.2461 0.9484
vn -0.5434 0.3122 -0.7793
vn 0.6546 0.3726 -0.6578
vn 0.6557 0.3695 -0.6584
vn 0.2345 -0.6173 -0.7510
vn 0.2929 -0.3321 -0.8966
vn 0.4741 -0.4156 -0.7762
vn 0.2098 -0.0521 -0.9764
vn -0.4711 0.4477 -0.7600
vn 0.3224 -0.3645 -0.8736
vn 0.3438 -0.4386 -0.8303
vn 0.4281 -0.5062 -0.7487
vn 0.5864 -0.3695 -0.7209
vn 0.4579 -0.6008 -0.6553
vn 0.2187 -0.0619 -0.9738
vn 0.0656 -0.1140 -0.9913
vn 0.0962 -0.2302 -0.9684
vn 0.3029 -0.3246 -0.8960
vn 0.0634 -0.2229 -0.9728
vn -0.1321 0.0684 -0.9889
vn -0.2976 0.1430 -0.9439
vn -0.0964 0.2178 0.9712
vn 0.1744 -0.2604 0.9496
vn 0.3962 -0.3125 0.8633
vn 0.5139 -0.3783 0.7699
vn 0.5127 -0.3721 0.7737
vn 0.0036 -0.0140 0.9999
vn 0.5054 -0.2103 0.8369
vn 0.5042 -0.2059 0.8387
vn -0.0144 -0.0957 0.9953
vn 0.0131 -0.3105 0.9505
vn 0.4429 -0.4083 -0.7982
vn 0.4582 -0.4372 -0.7739
vn 0.4667 -0.4369 -0.7689
vn 0.3471 -0.6231 -0.7009
vn 0.3625 -0.6732 -0.6445
vn 0.7033 0.3562 -0.6152
vn 0.7381 0.2607 -0.6223
vn 0.4374 -0.6668 -0.6034
vn 0.4831 -0.7762 -0.4051
vn 0.6545 -0.2447 -0.7154
vn 0.7893 0.3002 -0.5357
vn -0.8509 0.4858 0.2000
vn -0.8382 0.4984 0.2213
vn -0.8683 0.4892 -0.0823
vn -0.8073 0.4608 0.3687
vn -0.5388 0.3318 0.7744
vn -0.6819 0.3373 0.6491
vn -0.5339 0.2555 0.8060
vn 0.1117 -0.1198 0.9865
vn 0.0448 -0.1222 0.9915
vn 0.0544 -0.0482 0.9974
vn -0.2401 0.0249 0.9704
vn 0.3291 -0.2620 0.9072
vn 0.3432 -0.2896 0.8935
vn -0.6892 0.3896 0.6108
vn 0.3239 -0.2828 0.9028
vn 0.2413 -0.2487 0.9381
vn 0.2345 -0.2093 0.9493
vn 0.2446 -0.2058 0.9475
vn 0.1753 -0.1411 0.9744
vn 0.2177 -0.2987 0.9292
vn 0.3656 -0.4031 0.8389
vn 0.2607 -0.3055 0.9158
vn 0.3991 -0.3460 0.8491
vn 0.3516 -0.3412 0.8717
vn 0.2935 -0.2927 0.9100
vn 0.3769 -0.3088 0.8733
vn 0.2489 -0.2397 0.9384
vn 0.2641 -0.2176 0.9396
vn 0.2736 -0.2329 0.9332
vn 0.5555 -0.3303 0.7631
vn 0.5665 -0.3315 0.7544
vn 0.5689 -0.3223 0.7566
vn 0.4084 -0.2929 0.8645
vn 0.5691 -0.3296 0.7533
vn 0.3645 -0.2891 0.8852
vn 0.5691 -0.3932 0.7221
vn -0.8495 0.4829 -0.2124
vn -0.8440 0.4814 0.2364
vn -0.8450 0.5066 -0.1712
vn -0.8465 0.5096 -0.1538
vn -0.8422 0.4827 0.2403
vn -0.5234 0.2853 0.8029
vn -0.8622 0.4592 0.2139
vn -0.9034 0.3742 0.2096
vn -0.7765 0.3404 0.5303
vn -0.5338 0.2835 0.7967
vn 0.0113 -0.0773 0.9969
vn 0.3585 -0.2554 0.8979
vn -0.5073 0.2561 0.8229
vn 0.0777 -0.0598 0.9952
vn 0.1648 -0.1169 0.9794
vn 0.4703 -0.2331 0.8512
vn 0.2483 -0.0922 0.9643
vn 0.2793 -0.2083 0.9373
vn 0.2853 -0.1746 0.9424
vn 0.4440 -0.2960 0.8457
vn 0.2623 -0.0955 0.9602
vn 0.2602 -0.0827 0.9620
vn 0.3997 -0.2538 0.8808
vn 0.5520 -0.2498 0.7955
vn 0.3962 -0.2613 0.8802
vn 0.4756 -0.2544 0.8421
vn 0.2758 -0.1474 0.9499
vn 0.4169 -0.1960 0.8876
vn -0.7458 0.5037 -0.4360
vn -0.7510 0.4306 -0.5005
vn -0.8295 0.5065 -0.2353
vn 0.5412 -0.6297 -0.5572
vn 0.6916 -0.3417 -0.6363
vn 0.7824 -0.2256 -0.5805
vn 0.5098 -0.6836 -0.5223
vn 0.8201 0.2489 -0.5153
vn 0.8220 0.2610 -0.5062
vn 0.8934 0.3028 -0.3318
vn 0.5641 -0.6565 -0.5009
vn 0.5863 -0.7116 -0.3870
vn 0.5691 -0.6498 -0.5038
vn 0.6404 -0.4642 -0.6119
vn 0.5925 -0.3658 -0.7178
vn 0.4467 -0.2272 -0.8654
vn 0.4448 -0.2236 -0.8673
vn 0.6113 -0.3754 -0.6967
vn 0.3769 -0.3421 -0.8608
vn 0.2921 -0.4653 -0.8356
vn 0.4973 -0.4861 -0.7186
vn 0.2380 -0.4531 -0.8591
vn 0.5218 -0.5592 -0.6442
vn 0.7555 0.0941 0.6484
vn 0.7786 0.0304 0.6267
vn 0.7341 0.6787 0.0205
vn 0.7945 0.6069 0.0188
vn 0.5775 -0.4349 0.6909
vn 0.6686 -0.5414 0.5097
vn 0.2577 -0.4176 0.8713
vn 0.8368 -0.2250 0.4991
vn 0.7786 -0.3766 0.5020
vn 0.6036 -0.2681 0.7509
vn 0.7448 -0.5355 0.3980
vn 0.8002 -0.3875 0.4577
vn 0.5350 -0.5890 0.6056
vn 0.7966 0.6022 -0.0531
vn 0.8522 0.0530 0.5206
vn 0.7850 0.6179 -0.0438
vn 0.8686 -0.1760 0.4632
vn 0.8889 -0.1673 0.4264
vn 0.5575 -0.7552 0.3448
vn 0.5831 -0.6915 0.4265
vn 0.9415 0.3225 0.0975
vn 0.8233 -0.4821 0.2996
vn 0.9621 -0.2688 0.0449
vn 0.7506 -0.6004 -0.2758
vn 0.9494 -0.2813 -0.1394
vn 0.8045 0.5939 -0.0076
vn 0.7363 0.6005 -0.3120
vn 0.9738 0.1840 -0.1338
vn 0.5400 -0.8353 -0.1033
vn 0.5381 -0.8383 -0.0882
vn 0.5218 -0.6729 0.5243
vn 0.5720 -0.6833 0.4538
vn 0.8416 -0.4375 -0.3167
vn 0.8416 -0.4303 -0.3265
vn 0.8016 -0.3597 0.4776
vn 0.7574 -0.3826 0.5291
vn 0.7981 -0.5091 -0.3222
vn 0.7741 -0.4227 0.4713
vn 0.8194 -0.5691 0.0683
vn 0.8701 -0.4840 -0.0929
vn 0.7776 -0.5131 -0.3634
vn 0.7668 -0.5219 -0.3738
vn 0.6078 -0.6803 0.4097
vn 0.4897 -0.5605 0.6679
vn 0.7544 -0.5769 0.3131
vn 0.7974 -0.5244 0.2986
vn 0.6942 -0.7044 -0.1480
vn 0.8317 -0.4243 0.3581
vn 0.6585 -0.3582 0.6619
vn 0.6466 -0.5424 0.5363
vn 0.6413 -0.6503 0.4072
vn 0.7028 -0.6291 0.3321
vn 0.6679 -0.6515 0.3599
vn 0.6739 -0.7159 -0.1826
vn 0.7083 -0.7058 -0.0091
vn 0.6545 -0.6273 0.4221
vn 0.6548 -0.6287 0.4195
vn 0.6961 -0.7176 0.0207
vn 0.6220 -0.6608 0.4202
vn 0.6156 -0.6433 0.4552
vn 0.7097 -0.5903 -0.3845
vn 0.5575 -0.6929 -0.4573
vn 0.5547 -0.4235 0.7162
vn 0.3003 -0.3225 0.8977
vn 0.3544 -0.3146 0.8806
vn 0.5606 -0.4018 0.7240
vn -0.9078 0.3556 0.2225
vn -0.9074 0.3678 0.2034
vn -0.8958 0.3796 0.2310
vn -0.9137 0.3523 0.2025
vn -0.9151 0.4005 -0.0480
vn -0.9102 0.3734 -0.1794
vn -0.5093 0.1404 0.8490
vn -0.4743 0.1747 0.8629
vn -0.3464 0.0851 0.9342
vn -0.7263 0.2509 0.6400
vn 0.1482 -0.1599 0.9760
vn 0.2497 -0.1790 0.9516
vn -0.4042 0.1464 0.9029
vn -0.7478 0.2456 0.6169
vn -0.6359 0.2579 0.7274
vn 0.4860 -0.3336 0.8078
vn -0.4836 0.1275 0.8660
vn 0.2525 -0.1732 0.9520
vn -0.1030 0.0413 0.9938
vn -0.9171 0.3435 0.2024
vn 0.1532 -0.0355 0.9876
vn -0.1379 0.0252 0.9901
vn 0.3352 -0.1555 0.9292
vn -0.5523 0.1936 0.8108
vn -0.6276 0.2622 0.7330
vn -0.8774 0.3733 -0.3013
vn -0.8179 0.3485 -0.4578
vn -0.8345 0.4147 -0.3629
vn -0.7714 0.3826 -0.5086
vn -0.6865 0.4465 -0.5739
vn 0.9366 -0.3252 -0.1309
vn 0.9435 0.2222 -0.2460
vn 0.9078 0.4182 -0.0324
vn 0.7022 -0.6854 -0.1927
vn 0.6999 -0.6912 -0.1799
vn 0.6077 -0.4011 0.6854
vn 0.6865 -0.6880 0.2353
vn 0.5815 -0.6952 0.4226
vn 0.8050 0.4232 -0.4158
vn 0.6362 -0.3982 0.6609
vn 0.8118 -0.5132 -0.2785
vn 0.7256 -0.6496 -0.2270
vn 0.7481 -0.5197 -0.4127
vn 0.6949 -0.5279 -0.4883
vn 0.6936 -0.4542 -0.5591
vn 0.6886 -0.4938 -0.5310
vn 0.7956 -0.4577 -0.3970
vn 0.8632 -0.4681 -0.1892
vn 0.8320 -0.3333 0.4435
vn 0.9039 -0.4259 -0.0399
vn 0.8181 -0.2980 0.4918
vn 0.7928 -0.5086 -0.3358
vn 0.9025 -0.4301 -0.0228
vn 0.7630 -0.5428 -0.3511
vn 0.7260 -0.6239 -0.2892
vn 0.6073 -0.5406 -0.5822
vn 0.6074 -0.5402 -0.5824
vn 0.7026 -0.7112 -0.0244
vn 0.6517 -0.6791 -0.3379
vn 0.4874 -0.6499 -0.5832
vn -0.3582 0.3520 0.8648
vn 0.8910 -0.3893 -0.2337
vn 0.4403 -0.5733 0.6910
vn -0.5779 0.3430 -0.7405
vn -0.8849 0.3702 -0.2828
vn -0.8251 0.3482 -0.4450
vn -0.9179 0.3390 0.2064
vn -0.5831 0.2898 -0.7589
vn -0.8621 0.3229 -0.3904
vn -0.8244 0.3145 -0.4706
vn -0.9172 0.3637 0.1624
vn -0.9283 0.3414 0.1473
vn 0.2300 -0.0672 0.9709
vn 0.3510 -0.1586 0.9229
vn 0.5457 -0.3144 0.7768
vn 0.3059 -0.2026 0.9303
vn 0.3404 -0.2343 0.9106
vn 0.5041 -0.2683 0.8210
vn 0.3747 -0.2051 0.9042
vn 0.2656 -0.1998 0.9432
vn 0.4944 -0.4165 0.7630
vn -0.7992 0.1122 -0.5905
vn -0.9957 0.0907 0.0195
vn -0.9989 0.0465 0.0004
vn -0.8370 0.0638 0.5435
vn -0.0490 -0.0112 -0.9987
vn -0.0078 0.0136 -0.9999
vn -0.7228 0.0687 -0.6876
vn -0.5918 0.1167 -0.7976
vn -0.3471 0.0423 -0.9369
vn -0.3830 0.0366 -0.9230
vn -0.9774 0.1782 -0.1141
vn -0.7843 0.0471 -0.6186
vn 0.0531 -0.8686 -0.4927
vn -0.4232 -0.8681 -0.2592
vn -0.9749 0.1473 0.1672
vn -0.7307 -0.6522 -0.2017
vn -0.4052 -0.8835 -0.2352
vn -0.8287 -0.5250 -0.1941
vn -0.8730 -0.4802 0.0849
vn -0.9798 -0.0370 0.1964
vn -0.7235 -0.6868 0.0696
vn -0.8639 -0.5016 -0.0444
vn -0.9686 0.2467 0.0314
vn -0.9725 -0.0633 0.2242
vn -0.9501 0.0208 0.3112
vn -0.9862 0.0721 0.1492
vn -0.9870 0.0646 0.1475
vn -0.9946 0.0711 0.0762
vn -0.9894 0.0497 0.1367
vn -0.9884 0.0979 0.1164
vn -0.8723 0.0917 -0.4803
vn -0.8929 -0.3577 0.2735
vn -0.9888 0.1005 0.1107
vn -0.9860 0.1153 -0.1200
vn -0.9660 0.0967 -0.2398
vn -0.9663 0.1404 0.2156
vn -0.9942 -0.0978 0.0443
vn -0.8789 -0.4715 0.0717
vn -0.8539 -0.0572 0.5172
vn -0.8491 0.5247 0.0615
vn -0.6608 0.7334 0.1592
vn -0.6292 -0.2432 0.7383
vn -0.5036 -0.6100 0.6118
vn -0.1307 0.0695 0.9890
vn -0.6898 0.3270 0.6459
vn -0.9356 0.0111 0.3530
vn -0.9304 -0.0132 0.3663
vn -0.9441 0.0299 0.3284
vn -0.9257 0.0258 0.3773
vn -0.9691 -0.0114 0.2465
vn -0.8156 -0.5567 0.1579
vn -0.8604 -0.0217 -0.5092
vn -0.7468 -0.0150 -0.6649
vn -0.9860 0.0827 0.1449
vn -0.8703 -0.4320 0.2367
vn -0.7940 0.0852 -0.6019
vn -0.8803 -0.4277 0.2052
vn -0.8504 -0.1007 -0.5164
vn -0.0651 -0.2537 -0.9651
vn -0.2928 -0.3455 -0.8916
vn -0.8303 -0.1516 -0.5362
vn -0.9237 0.1519 0.3517
vn -0.9966 0.0716 -0.0406
vn -0.1575 -0.6813 -0.7148
vn -0.1046 -0.6958 -0.7106
vn -0.9310 -0.3125 -0.1886
vn -0.8848 -0.4056 -0.2295
vn -0.9531 0.2921 0.0796
vn -0.9291 0.1034 0.3550
vn -0.9584 0.0820 0.2736
vn -0.9543 0.1105 0.2778
vn -0.9327 0.0475 0.3575
vn -0.6392 -0.6824 0.3546
vn -0.8396 0.2643 0.4746
vn -0.0837 -0.0377 0.9958
vn -0.4208 -0.1772 0.8897
vn -0.9148 0.0686 0.3980
vn -0.9261 0.1000 0.3638
vn -0.9243 0.1013 0.3680
vn -0.0571 -0.9235 0.3794
vn -0.1165 -0.9246 0.3626
vn -0.0200 -0.8838 0.4675
vn -0.1310 0.0122 -0.9913
vn 0.4757 -0.0178 -0.8794
vn 0.0595 0.0238 -0.9979
vn -0.3898 0.0387 -0.9201
vn -0.6195 0.0213 -0.7847
vn -0.0821 0.0379 -0.9959
vn -0.9934 0.1117 -0.0251
vn -0.8998 0.0693 -0.4308
vn -0.9472 0.2341 0.2192
vn -0.9094 0.1633 0.3825
vn -0.9579 0.1599 -0.2385
vn -0.9196 0.1254 0.3722
vn -0.9259 0.3219 0.1978
vn -0.8617 0.4696 0.1924
vn -0.8967 0.4224 0.1324
vn -0.9256 0.1156 0.3605
vn -0.8699 0.3838 0.3097
vn -0.5111 0.8558 0.0795
vn -0.7642 0.6106 -0.2076
vn -0.8761 0.4819 -0.0173
vn -0.9085 0.3875 0.1565
vn -0.7381 0.0805 -0.6699
vn -0.5422 0.6879 0.4825
vn -0.7631 0.4710 -0.4426
vn -0.1828 0.0096 -0.9831
vn -0.1761 0.0078 -0.9843
vn 0.3991 0.2135 -0.8917
vn 0.1322 -0.6580 -0.7413
vn 0.1310 -0.1733 -0.9761
vn 0.9846 -0.0731 -0.1587
vn -0.0273 -0.6383 -0.7693
vn 0.3634 -0.9312 0.0279
vn 0.9447 -0.2252 -0.2383
vn -0.5935 0.6607 -0.4595
vn -0.8394 0.0907 -0.5358
vn -0.8174 0.0931 -0.5685
vn -0.7216 0.0744 -0.6883
vn -0.7538 0.0639 -0.6539
vn 0.5832 0.7937 -0.1731
vn 0.5964 0.7524 -0.2797
vn 0.3953 0.9138 0.0934
vn 0.9352 -0.0026 0.3541
vn -0.3437 0.7781 -0.5257
vn -0.3634 0.7646 -0.5323
vn -0.3430 0.0011 -0.9393
vn 0.2708 0.9607 0.0613
vn 0.2947 0.8031 0.5179
vn -0.3705 0.6973 -0.6136
vn 0.0424 0.9108 0.4106
vn -0.3755 0.6978 -0.6100
vn -0.6488 0.1341 0.7490
vn 0.3034 0.4637 0.8324
vn -0.8484 0.2158 0.4833
vn -0.7587 0.0960 0.6443
vn -0.8117 0.5517 0.1917
vn -0.8540 0.5022 0.1355
vn 0.1090 0.9737 0.1999
vn -0.1488 0.8907 -0.4295
vn -0.7371 0.0526 -0.6738
vn 0.6491 -0.5408 0.5350
vn 0.6907 -0.5500 0.4695
vn 0.6968 -0.6826 -0.2204
vn 0.7478 -0.6607 -0.0651
vn -0.0196 -0.9014 0.4326
vn -0.0509 -0.9115 0.4081
vn 0.7103 -0.5916 0.3814
vn 0.0984 -0.7944 -0.5994
vn -0.4071 0.2985 -0.8632
vn -0.3619 0.3129 -0.8781
vn -0.3472 0.2966 -0.8896
vn -0.3532 0.2943 -0.8881
vn -0.7097 0.4982 -0.4981
vn -0.5797 0.3366 -0.7421
vn -0.3595 0.9059 0.2237
vn -0.5915 0.8009 -0.0933
vn -0.0999 0.9924 -0.0713
vn -0.0714 0.9973 0.0177
vn -0.0748 0.9971 0.0168
vn -0.6759 0.7193 0.1604
vn -0.6688 0.7151 0.2033
vn -0.8640 0.4122 0.2893
vn -0.7755 -0.0793 0.6264
vn -0.8296 0.0988 0.5495
vn -0.7955 0.0810 0.6005
vn -0.9370 0.1239 0.3268
vn -0.9471 0.0442 0.3178
vn -0.6224 -0.6576 0.4244
vn -0.6143 -0.6702 0.4165
vn -0.2973 -0.8565 -0.4220
vn 0.4326 -0.5616 -0.7053
vn -0.1241 -0.8825 -0.4536
vn 0.5758 -0.6328 -0.5177
vn 0.5928 -0.6797 -0.4320
vn 0.6983 -0.6913 -0.1857
vn 0.0718 -0.9778 -0.1967
vn -0.0220 -0.9942 -0.1056
vn -0.4411 0.8925 -0.0943
vn 0.0015 0.9158 0.4017
vn -0.3381 0.9120 -0.2324
vn -0.6242 0.7512 0.2146
vn -0.1525 0.9829 0.1036
vn -0.6123 0.5883 0.5283
vn -0.6202 0.5904 0.5165
vn -0.5039 0.4398 0.7434
vn -0.8877 0.4534 0.0798
vn -0.8942 0.4152 0.1674
vn -0.8056 0.4368 0.4003
vn -0.6867 0.7217 0.0876
vn -0.3857 0.5306 0.7548
vn -0.0849 0.9771 0.1954
vn -0.0346 0.8163 0.5766
vn -0.2962 0.9503 -0.0955
vn -0.4581 0.8703 -0.1809
vn -0.2751 0.7537 0.5969
vn -0.2346 0.6593 0.7144
vn 0.5611 -0.0304 0.8272
vn 0.5532 0.0278 0.8326
vn 0.5179 -0.8395 -0.1644
vn -0.1512 0.2325 0.9608
vn 0.8743 -0.1871 0.4478
vn 0.5933 -0.0251 0.8046
vn 0.7446 -0.4415 -0.5007
vn 0.8013 -0.5982 -0.0107
vn -0.6180 0.1574 0.7703
vn -0.5934 -0.4993 0.6314
vn -0.1157 -0.7851 0.6085
vn -0.2361 -0.8912 0.3873
vn 0.6192 -0.6580 0.4285
vn 0.3026 -0.8728 0.3829
vn -0.0274 -0.7525 0.6580
vn -0.8465 0.0938 0.5241
vn -0.8310 0.1038 0.5465
vn 0.3067 -0.8676 0.3915
vn 0.0751 -0.7037 0.7065
vn -0.5043 -0.5077 0.6985
vn -0.9984 0.0545 0.0136
vn -0.9848 0.1087 0.1351
vn 0.3464 -0.2793 0.8955
vn 0.4043 -0.2592 0.8771
vn 0.1161 -0.9919 -0.0520
vn -0.4534 -0.0601 -0.8893
vn 0.0340 -0.9810 -0.1912
vn 0.0564 -0.9308 -0.3613
vn 0.0268 -0.9857 0.1665
vn -0.2271 -0.9027 -0.3656
vn -0.3111 -0.8329 -0.4577
vn -0.5294 0.3252 -0.7835
vn -0.0836 0.9768 -0.1974
vn 0.1899 0.9770 0.0970
vn 0.1828 0.9828 -0.0275
vn 0.2505 0.9427 0.2202
vn 0.2429 0.9689 0.0483
vn -0.0962 0.9300 0.3547
vn 0.4733 -0.0962 0.8757
vn 0.2306 0.8348 0.4999
vn 0.4481 -0.7865 0.4251
vn 0.1086 -0.9933 0.0398
vn 0.1211 -0.9876 0.0997
vn -0.0386 -0.9737 0.2245
vn 0.4728 0.8564 -0.2073
vn 0.5195 0.7670 0.3766
vn 0.9783 0.2056 -0.0259
vn 0.8102 -0.5862 0.0054
vn 0.1231 0.7338 0.6682
vn 0.1811 0.9065 0.3813
vn 0.0343 0.6567 0.7534
vn 0.6192 0.5684 0.5417
vn 0.5345 0.4406 0.7213
vn 0.7414 -0.0461 0.6695
vn -0.0731 0.2128 0.9744
vn 0.0555 0.0313 0.9980
vn 0.9356 -0.0740 0.3453
vn 0.8462 -0.0909 0.5250
vn 0.5327 0.0227 0.8460
vn -0.9569 0.1108 0.2686
vn -0.5762 -0.2134 0.7889
vn 0.2985 -0.5549 0.7765
vn -0.8912 0.0735 0.4475
vn 0.5932 -0.3666 -0.7168
vn 0.8169 -0.1229 -0.5636
vn 0.8637 -0.4219 -0.2758
vn -0.4753 -0.1200 -0.8716
vn -0.3783 0.5461 -0.7474
vn 0.1595 0.9866 0.0346
vn 0.3312 0.9062 0.2628
vn 0.2164 0.9751 -0.0480
vn -0.0282 0.9719 -0.2338
vn 0.0992 0.9728 -0.2092
vn -0.0401 0.9818 -0.1854
vn 0.2497 0.8578 0.4492
vn 0.2432 0.9655 -0.0926
vn 0.1008 0.9534 -0.2843
vn -0.3672 0.4969 -0.7863
vn 0.1046 0.9584 -0.2655
vn 0.4259 0.8944 -0.1365
vn -0.0079 0.7513 -0.6599
vn 0.2822 0.9262 -0.2500
vn 0.6527 0.7396 -0.1640
vn 0.6289 0.7652 -0.1378
vn 0.9231 -0.1000 -0.3712
vn 0.8195 -0.4922 -0.2937
vn 0.9801 0.0342 -0.1954
vn 0.9374 -0.0004 0.3481
vn 0.5021 0.0489 0.8634
vn 0.1273 0.0569 0.9902
vn 0.1445 0.0602 0.9877
vn 0.7340 0.1079 0.6705
vn -0.5472 0.0552 0.8352
vn -0.9394 0.0765 0.3343
vn -0.9142 0.1123 0.3894
vn -0.9159 0.1272 0.3807
vn -0.4050 -0.9091 0.0977
vn -0.3555 -0.9300 0.0932
vn -0.0435 -0.9989 0.0186
vn -0.6363 -0.7394 0.2200
vn -0.8184 -0.5440 0.1852
vn -0.9541 -0.1521 0.2579
vn -0.9833 0.0674 0.1692
vn -0.9724 0.1321 0.1922
vn -0.4219 -0.9025 0.0864
vn -0.8244 -0.5291 0.2013
vn -0.2266 -0.9739 -0.0131
vn 0.1813 -0.9778 -0.1052
vn 0.9541 -0.1079 -0.2794
vn 0.2136 -0.9688 -0.1255
vn 0.3407 -0.9394 -0.0376
vn -0.2859 -0.9581 0.0203
vn -0.5890 -0.7709 -0.2424
vn -0.5635 -0.7126 -0.4179
vn -0.5348 -0.0401 -0.8440
vn 0.5716 0.8184 -0.0586
vn -0.3587 -0.9221 -0.1449
vn -0.2457 -0.9684 -0.0427
vn -0.3359 -0.9184 0.2093
vn -0.6410 -0.7518 0.1545
vn -0.5322 -0.8281 0.1759
vn -0.6151 -0.7747 -0.1468
vn -0.8555 -0.3854 0.3457
vn -0.9559 -0.1546 0.2496
vn -0.5468 0.2176 0.8085
vn 0.1138 -0.0624 0.9915
vn -0.4530 0.2196 0.8640
vn 0.4953 -0.2150 0.8417
vn 0.2194 -0.1346 0.9663
vn 0.5501 -0.2465 0.7979
vn 0.4944 -0.2241 0.8398
vn 0.5329 -0.2659 0.8033
vn -0.7803 -0.0227 0.6250
vn -0.9642 0.1062 0.2428
vn 0.3107 -0.4182 0.8535
vn 0.0259 -0.3179 0.9478
vn -0.3973 -0.0117 0.9176
vn 0.7653 -0.0877 0.6377
vn 0.7668 -0.0887 0.6358
vn 0.7673 -0.0854 0.6356
vn 0.1035 -0.0185 0.9945
vn -0.3205 0.0013 0.9472
vn -0.3780 -0.0693 0.9232
vn 0.7618 -0.2015 0.6157
vn -0.6232 0.0623 0.7796
vn -0.9643 0.1010 0.2449
vn -0.6914 0.0971 0.7160
vn 0.2972 -0.0950 0.9501
vn 0.1504 -0.0526 0.9872
vn 0.7239 -0.1140 0.6805
vn 0.3706 -0.1389 0.9184
vn 0.1968 0.1795 0.9639
vn 0.3504 -0.0403 0.9357
vn -0.8141 0.2815 -0.5079
vn -0.8412 0.3134 -0.4406
vn -0.9345 0.3439 0.0921
vn -0.9343 0.3107 0.1748
vn -0.9268 0.3456 0.1468
vn -0.4688 0.1784 0.8651
vn -0.4201 0.1863 0.8882
vn -0.4197 0.1788 0.8899
vn 0.4585 -0.2281 0.8589
vn 0.4397 -0.1612 0.8835
vn -0.6623 0.2872 0.6920
vn -0.8663 0.2547 -0.4297
vn -0.8194 0.2709 0.5052
vn -0.2227 0.1422 0.9645
vn 0.2360 -0.0461 0.9707
vn -0.4675 0.1618 0.8691
vn 0.2057 -0.0580 0.9769
vn 0.1928 -0.0199 0.9810
vn -0.2659 0.1823 0.9466
vn -0.9481 0.2935 0.1224
vn -0.9488 0.3123 0.0468
vn -0.8919 0.2735 -0.3601
vn -0.9488 0.2663 0.1697
vn -0.7993 0.2951 0.5234
vn -0.3174 0.1062 0.9423
vn -0.6810 0.2023 0.7038
vn -0.2209 0.1085 0.9692
vn -0.5744 0.2290 0.7859
vn -0.6681 0.2852 0.6873
vn -0.6074 0.1839 0.7728
vn -0.8284 0.2556 -0.4984
vn -0.9505 0.3078 0.0428
vn -0.7642 0.2463 0.5961
vn 0.1213 0.0405 0.9918
vn 0.2282 -0.0082 0.9736
vn 0.1276 -0.0222 0.9916
vn 0.4616 -0.1400 0.8760
vn 0.3139 -0.2043 0.9272
vn 0.2813 -0.1677 0.9449
vn 0.3265 -0.1760 0.9287
vn 0.3350 -0.1844 0.9240
vn 0.9215 0.0111 0.3883
vn 0.7421 0.0249 0.6699
vn 0.9758 -0.0266 -0.2171
vn 0.8735 0.3086 -0.3765
vn 0.5388 0.4723 -0.6976
vn 0.5851 0.4856 -0.6495
vn 0.9430 0.2931 -0.1577
vn 0.1519 0.7071 -0.6906
vn 0.7906 0.5640 -0.2384
vn 0.1987 0.6374 -0.7444
vn 0.8268 0.5256 0.2003
vn -0.2776 0.8301 -0.4836
vn 0.1188 0.6772 -0.7261
vn -0.2020 0.7791 -0.5935
vn -0.2658 0.5991 -0.7552
vn -0.1801 0.7062 -0.6847
vn 0.3462 0.5589 -0.7535
vn -0.1113 0.6700 -0.7340
vn -0.1171 0.6715 -0.7317
vn -0.5720 0.6551 -0.4936
vn -0.7255 0.5473 -0.4173
vn -0.5316 0.6079 -0.5898
vn -0.5349 0.6107 -0.5839
vn 0.9775 -0.0379 -0.2075
vn 0.9720 -0.0544 -0.2284
vn 0.9748 -0.0044 -0.2230
vn 0.9259 -0.0907 -0.3666
vn 0.9574 -0.1914 -0.2162
vn 0.9150 -0.3084 -0.2600
vn 0.9203 -0.3336 -0.2045
vn 0.6799 0.7142 -0.1661
vn 0.6715 0.7248 -0.1543
vn 0.6146 0.7715 -0.1642
vn 0.8546 -0.4510 -0.2574
vn 0.6674 0.7232 -0.1776
vn 0.9423 0.0049 -0.3346
vn 0.7197 0.4345 -0.5414
vn 0.7220 0.3267 -0.6099
vn 0.7678 0.3094 -0.5610
vn 0.5396 0.4708 -0.6980
vn 0.5947 0.4872 -0.6395
vn -0.0723 0.0021 0.9974
vn 0.8435 -0.0629 0.5334
vn -0.0622 -0.0160 0.9979
vn 0.5008 0.0077 0.8655
vn 0.1131 -0.0435 0.9926
vn 0.5083 -0.1188 0.8530
vn 0.8119 0.0259 0.5833
vn 0.7297 -0.0365 0.6828
vn 0.2613 -0.0483 0.9641
vn 0.3125 -0.0359 0.9492
vn 0.7970 -0.1007 0.5955
vn 0.7877 -0.1055 0.6070
vn -0.5340 0.4124 0.7381
vn 0.0008 0.4381 0.8989
vn 0.3696 0.0490 0.9279
vn 0.5222 -0.0087 0.8528
vn -0.1203 0.0997 0.9877
vn -0.5612 0.0539 0.8259
vn -0.8129 0.5807 -0.0449
vn -0.8620 0.5055 -0.0379
vn -0.5654 0.5570 -0.6084
vn -0.9472 0.2709 0.1712
vn -0.1775 0.1777 0.9679
vn -0.9299 0.1556 0.3332
vn -0.4835 0.6545 -0.5813
vn -0.8286 0.4619 -0.3164
vn -0.7157 0.6042 -0.3505
vn -0.8279 0.4618 -0.3182
vn -0.9417 0.3341 -0.0402
vn -0.7170 0.5482 -0.4306
vn -0.9631 0.2691 -0.0004
vn -0.4311 -0.0004 -0.9023
vn -0.2400 0.0393 -0.9700
vn -0.8662 -0.3778 0.3270
vn -0.1457 0.5881 -0.7956
vn -0.8489 -0.4929 0.1909
vn 0.0754 -0.1383 -0.9875
vn 0.0053 0.0070 -1.0000
vn -0.7769 0.0465 -0.6278
vn -0.0779 0.4294 -0.8998
vn -0.8612 -0.0480 -0.5059
vn 0.0054 0.4421 -0.8969
vn 0.8289 0.3930 -0.3982
vn 0.6428 0.7534 -0.1389
vn 0.5662 0.8135 0.1330
vn 0.3228 0.8760 -0.3583
vn 0.5366 -0.4272 0.7277
vn -0.1266 -0.7625 0.6345
vn 0.1483 -0.9403 0.3062
vn -0.1914 -0.9744 0.1182
vn 0.8511 -0.5232 -0.0431
vn 0.2610 -0.9643 -0.0442
vn -0.1041 -0.9906 0.0884
vn -0.9686 0.0968 0.2290
vn -0.9620 0.2692 -0.0456
vn -0.0363 -0.9873 0.1546
vn -0.3094 -0.9500 0.0415
vn -0.0816 -0.7402 0.6675
vn -0.2089 -0.9699 0.1254
vn -0.2943 -0.9255 0.2383
vn -0.8078 -0.5512 0.2089
vn -0.8413 -0.4655 0.2749
vn -0.7806 0.6213 0.0685
vn -0.9190 -0.3676 0.1427
vn -0.5223 0.6173 -0.5883
vn -0.3062 0.9361 -0.1730
vn 0.0850 0.9964 0.0040
vn 0.4710 0.7522 0.4608
vn 0.8297 0.2282 0.5094
vn -0.1190 0.8956 -0.4286
vn -0.0989 0.9948 -0.0245
vn 0.2559 -0.0549 0.9651
vn 0.7523 -0.1214 0.6475
vn 0.8119 -0.0947 0.5760
vn 0.1254 -0.0395 0.9913
vn 0.2655 -0.0475 0.9630
vn 0.5909 -0.0721 0.8035
vn 0.1035 -0.0318 0.9941
vn 0.7998 -0.0728 0.5958
vn 0.7639 -0.0964 0.6381
vn 0.7987 -0.0830 0.5960
vn 0.6198 0.7727 -0.1369
vn 0.9782 -0.0961 -0.1843
vn 0.9476 0.1787 -0.2649
vn 0.3309 0.6448 -0.6890
vn 0.3746 0.6416 -0.6694
vn 0.4190 0.6062 -0.6759
vn -0.2670 0.6754 -0.6874
vn -0.0766 0.7202 -0.6895
vn 0.3008 0.5919 -0.7478
vn -0.9987 0.0488 -0.0113
vn -0.9897 0.1236 0.0729
vn -0.9883 0.0712 0.1352
vn -0.2531 -0.9643 -0.0782
vn -0.2199 -0.9754 -0.0178
vn -0.2871 -0.9573 0.0347
vn -0.1952 -0.9706 -0.1410
vn -0.1504 -0.9766 -0.1536
vn -0.9837 0.0163 -0.1790
vn -0.9897 0.0941 -0.1083
vn 0.4583 -0.8808 0.1190
vn 0.4495 -0.8921 0.0466
vn -0.6904 -0.6958 -0.1980
vn 0.4964 -0.8635 0.0892
vn 0.4964 -0.8621 0.1017
vn -0.9278 0.3714 -0.0344
vn -0.9064 0.3526 0.2326
vn -0.9169 0.3311 0.2228
vn -0.9368 0.1583 0.3120
vn -0.9346 0.1676 0.3138
vn -0.9788 0.0601 0.1958
vn -0.2406 -0.9504 0.1971
vn -0.2138 -0.9651 0.1515
vn 0.4721 -0.8788 0.0691
vn 0.4659 -0.8462 0.2588
vn -0.2065 -0.9235 0.3233
vn -0.1746 -0.9397 0.2941
vn -0.1931 -0.9220 0.3357
vn -0.8921 0.1073 0.4389
vn 0.5428 -0.8382 0.0530
vn -0.1514 -0.9536 0.2602
vn -0.2345 -0.9720 -0.0129
vn -0.2867 -0.9570 -0.0453
vn -0.6984 -0.6849 -0.2078
vn -0.8636 0.5039 0.0193
vn -0.9710 0.2370 0.0303
vn -0.9724 0.2325 0.0172
vn -0.9149 0.2374 -0.3265
vn -0.8680 0.1866 -0.4601
vn -0.8797 0.2172 -0.4230
vn -0.9612 0.2484 0.1200
vn -0.9573 0.2666 -0.1120
vn -0.9553 0.2570 0.1457
vn -0.9582 0.2536 0.1321
vn -0.9242 0.3166 -0.2135
vn -0.9460 0.1933 -0.2604
vn -0.0607 0.9774 -0.2025
vn 0.7670 0.6287 -0.1281
vn 0.8502 0.5197 0.0845
vn 0.4883 0.8454 -0.2164
vn 0.6330 0.7273 -0.2652
vn -0.0481 0.8928 -0.4480
vn 0.4867 0.8509 -0.1976
vn 0.4152 0.8958 -0.1583
vn -0.5929 0.8017 -0.0758
vn 0.1943 0.9804 -0.0326
vn -0.9712 0.2129 0.1073
vn -0.3932 -0.8692 0.2997
vn -0.9489 0.2203 0.2260
vn -0.9411 0.2345 0.2436
vn -0.9310 0.2471 0.2685
vn 0.4157 0.8966 -0.1527
vn 0.3884 0.9174 -0.0870
vn 0.4512 0.8899 -0.0664
vn 0.5154 0.8565 -0.0284
vn 0.4677 0.8726 0.1409
vn 0.4968 -0.1365 0.8571
vn 0.4957 0.6902 0.5272
vn 0.5475 -0.0532 0.8351
vn 0.5368 0.7933 0.2872
vn 0.2245 0.8916 -0.3933
vn 0.6137 0.7426 0.2682
vn 0.5806 0.7240 0.3725
vn 0.2259 0.9390 -0.2595
vn 0.4706 -0.0626 0.8801
vn 0.4802 -0.3239 0.8152
vn -0.9390 -0.2593 0.2260
vn -0.4794 0.8458 -0.2343
vn 0.1608 0.7681 0.6197
vn 0.8418 -0.0356 -0.5386
vn -0.8140 0.2440 -0.5272
vn -0.5746 0.1573 -0.8032
vn -0.5834 0.2144 -0.7834
vn 0.8490 -0.5265 -0.0444
vn 0.5609 0.7832 -0.2685
vn 0.1267 0.9628 -0.2388
vn 0.0073 0.9616 -0.2744
vn 0.4209 -0.0177 0.9070
vn 0.5435 -0.0351 0.8387
vn 0.4551 0.7233 0.5193
vn 0.2075 -0.9693 0.1323
vn -0.9406 0.3148 -0.1269
vn -0.9397 0.3157 -0.1314
vn -0.1084 0.9751 0.1933
vn -0.9208 0.3849 0.0632
vn -0.9293 0.3590 0.0871
vn 0.0533 0.9965 0.0644
vn -0.1383 0.9806 0.1386
vn -0.9248 0.2534 -0.2839
vn -0.9269 0.2752 -0.2550
vn -0.2645 0.9304 0.2538
vn -0.9554 0.2887 0.0616
vn -0.9454 0.3113 0.0964
vn -0.0957 0.9954 0.0068
vn -0.8814 0.1229 0.4561
vn -0.8699 0.3444 0.3531
vn -0.0562 0.9905 -0.1258
vn 0.0038 0.9924 -0.1230
vn -0.1129 0.9751 -0.1906
vn 0.3198 0.7789 -0.5394
vn -0.8529 0.3979 0.3381
vn 0.0080 0.9828 -0.1846
vn -0.5538 0.4927 -0.6712
vn -0.8410 0.5325 0.0960
vn -0.1338 0.7954 0.5911
vn -0.8508 0.2312 0.4718
vn -0.1229 -0.9001 0.4180
vn -0.1421 -0.8989 0.4145
vn 0.5688 -0.8160 0.1030
vn 0.5689 -0.8224 -0.0049
vn -0.0903 -0.8563 0.5086
vn -0.0215 -0.8771 0.4799
vn -0.2498 -0.8563 0.4521
vn -0.4980 -0.4976 0.7103
vn -0.8047 0.2252 0.5493
vn -0.7941 0.2122 0.5695
vn -0.4946 -0.7460 0.4459
vn 0.7297 -0.6837 -0.0030
vn 0.6894 -0.6586 0.3018
vn -0.1781 -0.9698 0.1665
vn 0.3571 -0.9340 -0.0053
vn -0.9558 0.0463 -0.2904
vn -0.9316 -0.0398 -0.3614
vn -0.9195 -0.1292 -0.3713
vn 0.3948 -0.9137 0.0962
vn -0.8901 0.2237 -0.3970
vn -0.3038 0.9426 0.1388
vn -0.9585 0.2836 -0.0300
vn -0.3239 0.9354 0.1417
vn -0.9515 0.2994 -0.0701
vn -0.9532 0.2711 -0.1336
vn -0.4001 0.9165 -0.0036
vn -0.3195 0.9475 -0.0147
vn -0.8920 0.0952 -0.4418
vn -0.8897 0.2241 -0.3977
vn -0.8591 0.2273 -0.4585
vn -0.2901 0.9556 -0.0510
vn -0.3207 0.9470 -0.0179
vn -0.2831 0.9588 -0.0247
vn -0.8581 0.2779 -0.4318
vn -0.8963 0.3036 -0.3233
vn -0.8996 0.3232 -0.2937
vn -0.9354 0.3466 -0.0705
vn -0.8985 0.3288 -0.2909
vn -0.9081 0.3543 -0.2233
vn -0.9195 0.3633 -0.1500
vn -0.9373 0.3365 0.0911
vn -0.3355 -0.9353 -0.1125
vn -0.2849 -0.9578 -0.0378
vn -0.2734 -0.9602 -0.0573
vn -0.3410 -0.9377 -0.0669
vn -0.5706 -0.8212 -0.0060
vn -0.7385 -0.6725 -0.0496
vn -0.9974 -0.0015 -0.0722
vn -0.9245 -0.3805 0.0204
vn -0.9912 -0.1322 -0.0000
vn -0.9987 -0.0329 -0.0401
vn -0.5061 -0.8568 0.0990
vn -0.5692 -0.7952 0.2092
vn -0.7960 -0.4724 0.3785
vn -0.7434 -0.5118 0.4306
vn -0.7146 -0.5600 -0.4192
vn -0.7217 -0.6824 -0.1163
vn -0.9597 -0.0857 0.2677
vn -0.7892 -0.1686 0.5906
vn -0.8480 0.2037 0.4892
vn -0.9896 0.1374 0.0421
vn -0.9853 0.1685 0.0285
vn -0.9558 0.2304 -0.1827
vn -0.9740 -0.0560 -0.2195
vn -0.8181 -0.5482 -0.1734
vn -0.9524 0.0582 -0.2994
vn -0.5283 -0.3595 -0.7692
vn -0.8680 0.4028 -0.2903
vn -0.8894 0.4098 -0.2027
vn -0.7839 -0.5514 -0.2855
vn -0.6505 -0.7392 -0.1741
vn -0.8809 0.3884 -0.2704
vn -0.8736 0.4754 -0.1043
vn -0.9561 0.2923 0.0203
vn -0.9009 0.4155 -0.1254
vn -0.9137 0.4040 0.0446
vn -0.9153 0.3997 0.0505
vn -0.9415 0.3341 0.0434
vn -0.9383 0.3419 0.0520
vn -0.5628 -0.7899 0.2435
vn -0.8529 0.5042 -0.1351
vn -0.8697 0.4422 0.2194
vn -0.5638 0.3344 -0.7552
vn -0.5314 -0.7004 -0.4766
vn -0.3375 0.0437 -0.9403
vn -0.2768 -0.9076 -0.3158
vn -0.8457 -0.3834 -0.3711
vn -0.7845 -0.4751 -0.3986
vn -0.0579 -0.9264 -0.3720
vn -0.2809 -0.5200 -0.8066
vn -0.0097 -0.7663 -0.6424
vn -0.2765 -0.1280 -0.9524
vn -0.8015 0.4388 -0.4062
vn -0.8783 0.2819 -0.3862
vn -0.9140 0.2196 -0.3413
vn -0.8137 0.3050 -0.4949
vn -0.9313 0.3599 -0.0564
vn -0.6496 0.3258 -0.6869
vn -0.7618 0.0059 -0.6477
vn -0.5934 0.1652 -0.7878
vn -0.9358 0.3362 -0.1063
vn -0.9540 0.2987 -0.0255
vn -0.9665 -0.0997 -0.2364
vn -0.6705 0.2048 -0.7131
vn -0.5360 0.2087 -0.8180
vn -0.9684 -0.2480 -0.0282
vn -0.6553 -0.6109 -0.4442
vn -0.7772 -0.6139 -0.1385
vn -0.6825 -0.0483 -0.7293
vn 0.1168 0.0066 -0.9931
vn 0.3098 -0.1091 -0.9445
vn 0.9551 -0.0036 -0.2961
vn -0.0047 0.0066 -1.0000
vn -0.9332 0.3560 -0.0494
vn -0.6816 0.2587 -0.6845
vn -0.9345 0.2977 -0.1950
vn -0.9834 0.0920 -0.1563
vn -0.3315 0.1965 -0.9227
vn -0.2805 -0.5230 -0.8048
vn -0.8600 0.4256 -0.2815
vn -0.9158 0.2690 -0.2983
vn -0.8924 0.2866 -0.3486
vn -0.9078 0.2664 -0.3238
vn -0.7428 0.0662 -0.6663
vn -0.7406 0.1481 -0.6554
vn -0.9283 0.3288 -0.1735
vn -0.9256 0.3486 -0.1475
vn -0.8285 0.2189 -0.5154
vn -0.7280 0.2079 -0.6533
vn -0.9602 0.0924 -0.2636
vn -0.9224 0.2994 -0.2442
vn -0.9054 0.3020 -0.2984
vn -0.9212 0.3207 -0.2201
vn -0.5365 0.2651 -0.8012
vn -0.7724 0.1344 -0.6208
vn -0.9123 0.2276 -0.3405
vn -0.5828 0.7210 -0.3748
vn -0.7740 0.6205 -0.1261
vn -0.6947 -0.3973 -0.5997
vn -0.9252 0.2544 -0.2817
vn -0.9619 0.2402 -0.1308
vn -0.9285 -0.3695 -0.0377
vn -0.8662 -0.4940 -0.0749
vn -0.5086 0.3539 0.7849
vn -0.4287 -0.0873 0.8992
vn -0.6464 -0.1247 0.7528
vn -0.9200 0.3278 -0.2149
vn -0.9382 0.3029 -0.1677
vn -0.8907 0.3396 0.3023
vn -0.8116 0.1974 0.5498
vn -0.9534 0.2711 0.1322
vn -0.4192 -0.8181 0.3937
vn -0.8013 -0.5264 0.2844
vn -0.8785 -0.4349 0.1976
vn -0.9343 0.3529 -0.0502
vn -0.4362 -0.8127 0.3864
vn -0.9331 0.3044 0.1914
vn -0.7602 -0.2860 0.5833
vn -0.1599 -0.6898 0.7061
vn -0.2302 -0.5913 0.7729
vn -0.2147 -0.5881 0.7797
vn -0.9115 0.0953 0.4001
vn -0.9044 0.4112 -0.1139
vn -0.9562 0.1547 0.2483
vn -0.9561 0.2918 -0.0275
vn -0.9661 0.2582 -0.0062
vn -0.9601 0.2539 -0.1171
vn -0.8307 -0.2533 0.4957
vn -0.9800 -0.1818 0.0806
vn -0.6231 0.6254 0.4698
vn -0.9925 -0.0529 0.1105
vn -0.9042 0.4237 0.0541
vn 0.4826 -0.5447 -0.6858
vn -0.8164 0.0621 -0.5741
vn -0.7843 0.0578 -0.6177
vn -0.9127 0.2707 -0.3061
vn -0.1297 -0.9179 -0.3750
vn -0.1695 -0.9253 -0.3393
vn 0.6574 -0.5748 -0.4872
vn 0.4116 -0.9100 0.0509
vn -0.4423 -0.8183 -0.3670
vn -0.1242 -0.9646 -0.2325
vn -0.1317 -0.9618 -0.2399
vn -0.1107 -0.9428 -0.3144
vn -0.8568 0.0451 -0.5136
vn -0.8262 0.1935 -0.5291
vn -0.2296 -0.7174 -0.6577
vn 0.6089 0.0106 -0.7932
vn -0.0891 -0.3666 -0.9261
vn -0.9174 0.3853 -0.1001
vn -0.9399 0.3408 -0.0204
vn -0.9108 0.3314 0.2462
vn -0.9209 0.3818 -0.0787
vn -0.8795 0.2766 0.3872
vn -0.9326 0.2906 -0.2140
vn -0.9564 0.2696 -0.1123
vn -0.8336 0.2468 0.4942
vn -0.7607 0.2764 0.5874
vn -0.0892 -0.1054 0.9904
vn -0.7139 0.1683 0.6798
vn 0.0131 0.0198 0.9997
vn -0.6525 0.2465 0.7166
vn 0.0585 -0.0380 0.9976
vn -0.6652 0.2633 0.6987
vn 0.0929 -0.0406 0.9948
vn -0.5570 0.1806 0.8106
vn -0.5403 0.1410 0.8296
vn -0.7901 0.2406 0.5637
vn 0.0802 -0.0183 0.9966
vn -0.7889 0.2852 0.5444
vn -0.8709 0.3725 0.3206
vn -0.9132 0.3428 -0.2202
vn -0.8889 0.3604 0.2826
vn -0.9142 0.3476 -0.2085
vn -0.8789 0.0877 0.4690
vn -0.8488 0.0153 -0.5286
vn -0.9618 0.2027 0.1839
vn -0.8473 -0.2360 -0.4757
vn -0.9386 0.0879 -0.3336
vn -0.9102 0.4069 0.0776
vn -0.9269 0.3672 0.0783
vn -0.9750 -0.2219 0.0094
vn -0.5809 0.1293 -0.8037
vn -0.9269 0.3510 0.1328
vn 0.1119 -0.0334 -0.9932
vn -0.8416 0.4078 0.3542
vn -0.9579 0.2786 -0.0691
vn -0.8690 0.4141 0.2707
vn -0.5931 -0.2104 -0.7771
vn -0.6087 -0.1837 -0.7718
vn -0.9261 0.3693 0.0767
vn -0.8790 0.4183 -0.2290
vn -0.9634 0.2426 -0.1144
vn -0.8606 0.4560 0.2267
vn -0.8548 0.4503 0.2581
vn -0.8414 0.4902 0.2275
vn -0.9186 0.2407 0.3134
vn -0.8676 -0.4355 0.2402
vn -0.8922 -0.3203 0.3185
vn -0.7193 -0.6830 0.1273
vn -0.6057 -0.7823 -0.1452
vn -0.3176 -0.8505 0.4192
vn -0.3734 -0.3150 0.8725
vn -0.8496 0.3926 0.3521
vn -0.8896 0.2596 0.3757
vn -0.9689 0.1673 0.1821
vn -0.9755 -0.2194 -0.0169
vn -0.8747 -0.4604 0.1514
vn -0.9860 -0.0028 0.1666
vn -0.6492 -0.6623 0.3741
vn -0.6912 -0.5844 -0.4252
vn -0.6442 0.3234 -0.6931
vn -0.8606 0.2334 -0.4526
vn -0.8415 0.3199 0.4354
vn -0.9374 0.3462 -0.0394
vn -0.8872 0.3335 -0.3189
vn 0.0567 -0.0497 -0.9972
vn -0.5633 0.2038 -0.8007
vn -0.8891 0.2934 0.3514
vn -0.5545 -0.7804 -0.2890
vn -0.6119 -0.7651 -0.2002
vn -0.9086 0.3244 -0.2630
vn -0.5434 0.1865 -0.8185
vn -0.8871 0.2831 0.3646
vn -0.8844 0.2730 -0.3787
vn 0.0188 -0.0261 -0.9995
vn -0.5068 0.1671 -0.8457
vn -0.7193 -0.3163 -0.6185
vn -0.9012 0.1791 -0.3947
vn -0.9700 -0.2432 0.0050
vn -0.9846 -0.1748 -0.0018
vn -0.9328 0.2678 0.2411
vn -0.9723 0.2211 0.0753
vn -0.9447 0.2963 0.1408
vn -0.7536 -0.5034 -0.4227
vn -0.4017 -0.7541 -0.5196
vn -0.1900 -0.6470 -0.7384
vn -0.5784 0.3424 -0.7404
vn -0.9237 0.2045 0.3239
vn -0.8991 0.2352 0.3691
vn -0.7722 0.3172 -0.5506
vn -0.5872 0.1847 -0.7881
vn -0.7243 0.1853 -0.6641
vn -0.1432 -0.0881 -0.9858
vn -0.8602 -0.1632 -0.4832
vn -0.4332 -0.3827 -0.8160
vn -0.9465 0.3030 0.1109
vn -0.9026 0.1722 -0.3946
vn -0.2094 0.3500 -0.9131
vn -0.9646 0.2518 0.0784
vn -0.8802 0.1763 -0.4405
vn -0.9476 0.1484 -0.2829
vn -0.8909 0.3974 0.2199
vn -0.9460 0.2463 -0.2109
vn -0.9291 0.2519 -0.2706
vn -0.9189 0.2908 0.2667
vn -0.0185 -0.1934 -0.9810
vn -0.9628 0.2602 0.0727
vn -0.9625 0.2622 0.0694
vn -0.8928 -0.4371 0.1091
vn -0.8944 -0.0875 0.4387
vn -0.9392 0.2965 0.1730
vn -0.7940 0.5664 0.2206
vn -0.4422 0.6900 0.5730
vn -0.6480 -0.0335 0.7609
vn -0.9039 0.1877 0.3844
vn -0.0860 -0.1048 0.9908
vn -0.8215 0.2797 0.4968
vn -0.3133 0.1714 0.9341
vn -0.8584 0.2475 0.4493
vn -0.8233 0.2749 0.4967
vn -0.7095 0.2736 0.6494
vn -0.8071 0.4119 0.4231
vn -0.6397 0.2662 0.7210
vn -0.9156 -0.1113 0.3864
vn -0.8072 -0.5254 0.2691
vn -0.8983 -0.1613 0.4087
vn -0.5394 -0.8262 0.1625
vn -0.9511 -0.2064 0.2299
vn -0.6614 -0.7048 0.2565
vn -0.3146 -0.9343 0.1677
vn -0.7650 -0.1883 0.6159
vn -0.5417 -0.6350 0.5507
vn -0.4870 0.0257 0.8730
vn -0.9844 0.1653 0.0597
vn -0.9337 -0.0424 0.3554
vn -0.6716 -0.7409 0.0100
vn -0.6463 -0.7578 -0.0895
vn -0.5188 -0.1149 0.8471
vn -0.4452 -0.0687 0.8928
vn 0.7067 -0.0449 0.7061
vn -0.3850 -0.6093 0.6932
vn 0.5858 -0.1787 0.7905
vn -0.5146 0.1832 0.8376
vn -0.9181 0.3208 0.2328
vn 0.5556 -0.1277 0.8216
vn -0.9276 0.3577 0.1074
vn -0.9328 0.3414 0.1156
vn -0.5919 0.2417 0.7689
vn -0.6823 -0.5155 0.5184
vn -0.3010 -0.8283 0.4727
vn -0.1981 -0.8465 0.4941
vn -0.7028 -0.3595 0.6138
vn -0.7795 -0.0674 0.6228
vn -0.8790 -0.4387 0.1869
vn -0.9888 0.0507 -0.1403
vn -0.9528 -0.0552 0.2987
vn -0.0603 0.0591 -0.9964
vn 0.0567 -0.0858 -0.9947
vn -0.9732 -0.1555 -0.1696
vn -0.1599 0.0179 -0.9870
vn -0.0247 0.0314 -0.9992
vn -0.9252 0.2015 -0.3216
vn -0.9651 0.1172 -0.2342
vn 0.0635 0.3091 -0.9489
vn 0.3044 0.4689 -0.8292
vn -0.9564 0.0509 -0.2874
vn 0.2287 0.3036 -0.9249
vn -0.2688 0.1159 -0.9562
vn 0.0083 0.9939 -0.1104
vn -0.9094 0.1912 -0.3693
vn -0.0443 -0.9385 -0.3425
vn -0.8325 0.0400 -0.5525
vn -0.8416 0.0608 -0.5367
vn -0.8017 0.0233 -0.5973
vn -0.4690 0.6508 -0.5971
vn -0.8380 -0.5333 0.1156
vn -0.5708 -0.8208 0.0204
vn -0.5651 -0.8249 0.0150
vn -0.5789 -0.7978 -0.1684
vn -0.3632 -0.9244 -0.1167
vn -0.5033 0.1615 -0.8489
vn -0.0941 0.1841 -0.9784
vn -0.3403 -0.3877 -0.8566
vn -0.3214 -0.5752 -0.7523
vn -0.4785 -0.1593 -0.8635
vn -0.3316 -0.9430 -0.0277
vn -0.3079 -0.9488 -0.0701
vn -0.8856 0.2675 0.3796
vn -0.9023 0.2823 0.3258
vn -0.5523 0.8288 0.0895
vn -0.9318 0.2910 0.2167
vn -0.1197 -0.0206 -0.9926
vn -0.9601 0.0101 -0.2794
vn -0.9676 -0.0661 -0.2438
vn -0.7823 0.5578 -0.2772
vn -0.6144 0.7141 -0.3354
vn -0.0000 0.9947 -0.1031
vn -0.8793 0.2403 -0.4111
vn -0.0026 0.9946 -0.1033
vn -0.6575 0.6178 -0.4312
vn -0.0003 0.9945 -0.1047
vn -0.0280 0.9811 -0.1917
vn -0.8991 -0.0920 -0.4280
vn -0.6725 0.6062 -0.4245
vn -0.5437 0.1799 -0.8198
vn -0.5244 0.1470 -0.8387
vn -0.8553 0.2520 -0.4528
vn -0.9543 0.2939 0.0541
vn -0.5099 0.2152 0.8329
vn -0.4577 0.1686 0.8730
vn -0.9403 0.3316 0.0767
vn -0.4752 0.1180 0.8719
vn 0.0922 -0.0290 0.9953
vn 0.3895 -0.0394 0.9202
vn -0.4148 0.1243 0.9014
vn -0.4555 0.1515 0.8773
vn -0.9543 0.2866 0.0849
vn -0.9511 0.3000 0.0734
vn -0.8742 0.2528 -0.4146
vn -0.8945 0.2952 -0.3357
vn -0.8967 0.2908 -0.3338
vn 0.9796 -0.0690 0.1886
vn 0.8054 -0.1878 -0.5622
vn 0.9799 -0.0730 -0.1857
vn 0.9890 -0.1151 -0.0927
vn 0.8642 -0.0321 -0.5021
vn 0.9875 -0.1242 0.0970
vn -0.7779 0.1734 -0.6040
vn 0.8113 -0.1078 -0.5746
vn 0.9957 -0.0846 0.0380
vn 0.6691 -0.1573 -0.7263
vn -0.2624 -0.8646 -0.4286
vn 0.2827 -0.9481 -0.1454
vn 0.6967 -0.1353 -0.7045
vn -0.6292 -0.7704 0.1029
vn -0.1855 -0.9119 -0.3662
vn -0.3507 -0.9354 -0.0451
vn -0.8721 -0.4473 -0.1984
vn -0.9679 0.1389 -0.2095
vn -0.9995 -0.0245 0.0185
vn -0.9889 -0.0107 -0.1480
vn -0.6447 -0.3575 -0.6757
vn -0.9861 0.0922 -0.1383
vn -0.8969 0.0694 -0.4367
vn -0.8973 0.0691 -0.4359
vn -0.8737 -0.4252 -0.2363
vn -0.8963 0.3652 -0.2517
vn -0.9056 -0.1828 -0.3828
vn -0.8514 0.3791 -0.3626
vn -0.9363 0.0664 -0.3450
vn -0.9187 0.0772 -0.3872
vn -0.8693 0.2868 -0.4026
vn -0.8142 -0.3925 -0.4279
vn -0.6925 0.5050 -0.5152
vn -0.8860 0.0441 -0.4615
vn -0.3429 0.0718 0.9366
vn -0.3279 -0.9333 0.1466
vn -0.3072 -0.9426 0.1309
vn 0.7804 0.0914 0.6186
vn -0.4322 -0.0803 0.8982
vn -0.1483 0.3362 0.9300
vn -0.5348 -0.1175 0.8368
vn -0.5004 -0.8552 0.1347
vn -0.4882 -0.7508 0.4449
vn -0.4728 -0.2329 0.8499
vn -0.1479 0.3318 0.9317
vn -0.3308 -0.6796 0.6548
vn -0.4131 -0.2032 0.8877
vn -0.2196 -0.9680 -0.1219
vn -0.1826 -0.9764 0.1149
vn -0.3047 -0.7091 0.6358
vn -0.1395 0.4500 0.8821
vn -0.4294 0.0282 0.9027
vn -0.5372 0.1474 0.8305
vn -0.4884 0.1567 -0.8584
vn -0.6706 -0.7294 -0.1353
vn -0.9285 0.0409 -0.3691
vn 0.0190 -0.0249 -0.9995
vn -0.8544 0.2956 -0.4273
vn -0.9399 0.3383 0.0465
vn -0.9189 0.2379 0.3146
vn -0.8966 0.2000 0.3951
vn -0.7689 0.1102 0.6298
vn -0.8864 0.3217 0.3328
vn 0.5312 -0.2591 0.8067
vn 0.8457 -0.1763 -0.5037
vn -0.6559 0.7333 -0.1788
vn 0.8013 0.3027 -0.5161
vn -0.7022 0.5242 -0.4818
vn -0.7951 0.6052 -0.0390
vn -0.3385 -0.8071 0.4838
vn -0.2881 -0.8883 0.3576
vn -0.9348 0.3506 -0.0560
vn -0.9373 0.3358 0.0931
vn -0.2705 -0.9626 0.0145
vn -0.3612 -0.8969 -0.2549
vn -0.3379 -0.8537 -0.3963
vn -0.1510 -0.1338 -0.9794
vn -0.5436 -0.4570 -0.7041
vn -0.2451 -0.7262 -0.6423
vn -0.9712 0.0620 0.2300
vn -0.5923 -0.8041 -0.0511
vn -0.3880 -0.9051 -0.1740
vn -0.3547 -0.9304 -0.0926
vn -0.8086 -0.2701 -0.5226
vn -0.9697 -0.0293 0.2427
vn -0.8558 -0.2357 0.4605
vn -0.4263 -0.2621 0.8658
vn -0.9603 -0.0249 0.2777
vn 0.9996 0.0182 -0.0220
vn 0.6215 -0.3111 -0.7190
vn 0.8597 -0.0795 0.5046
vn -0.8887 -0.0577 0.4548
vn 0.8190 -0.0977 -0.5654
vn -0.8092 -0.2571 0.5283
vn -0.8639 -0.0408 0.5020
vn 0.9632 -0.2327 0.1341
vn -0.7971 -0.0214 0.6034
vn 0.9487 -0.0430 -0.3132
vn 0.9326 -0.0496 -0.3576
vn -0.9981 -0.0307 -0.0526
vn 0.9677 -0.0470 -0.2476
vn 0.9586 0.0994 -0.2670
vn 0.9950 -0.0929 0.0368
vn 0.3985 -0.7058 -0.5857
vn -0.8533 -0.0394 0.5199
vn 0.6288 -0.7590 0.1691
vn 0.2068 -0.9709 0.1206
vn 0.8636 -0.1651 0.4764
vn 0.4380 -0.0723 0.8961
vn 0.2002 -0.6880 0.6975
vn 0.9969 -0.0407 0.0671
vn 0.2214 -0.9677 -0.1210
vn 0.2762 -0.9604 0.0366
vn 0.7550 -0.0456 -0.6542
vn -0.3224 -0.9419 -0.0947
vn -0.8306 0.0594 -0.5537
vn -0.5723 0.5238 -0.6310
vn -0.2783 0.9448 0.1727
vn -0.1499 0.9884 -0.0226
vn -0.0074 -0.8232 0.5677
vn 0.0083 -0.8499 0.5268
vn -0.2444 -0.8670 -0.4342
vn -0.7031 0.1639 0.6919
vn -0.1095 -0.0871 0.9902
vn -0.0159 0.0120 0.9998
vn -0.0163 0.0124 0.9998
vn -0.9463 0.2707 0.1770
vn -0.2630 -0.6751 0.6892
vn 0.6492 0.6807 0.3395
vn -0.8050 -0.4185 0.4205
vn -0.2164 -0.1255 0.9682
vn -0.6927 0.1473 0.7060
vn 0.1188 -0.0056 0.9929
vn 0.0812 0.0190 0.9965
vn -0.5782 0.1040 0.8092
vn -0.8328 0.2677 -0.4846
vn -0.0525 0.0227 -0.9984
vn 0.0423 -0.0454 -0.9981
vn -0.8954 0.4444 0.0296
vn -0.8181 0.4229 -0.3898
vn -0.8583 0.4300 0.2802
vn -0.8315 0.4180 -0.3658
vn -0.9111 0.4085 0.0557
vn -0.9045 0.2486 0.3466
vn -0.7795 0.1410 0.6104
vn 0.4517 0.2128 -0.8664
vn -0.0095 -0.8984 -0.4391
vn -0.4733 -0.8216 0.3178
vn -0.1530 -0.8488 -0.5062
vn -0.4818 0.4587 -0.7467
vn -0.2230 -0.2191 0.9499
vn -0.8902 0.4157 -0.1865
s 0
usemtl Rogue_ShadowLeather
f 93//148 89//148 92//148
f 89//164 93//164 102//164
f 104//165 103//165 101//165
f 104//166 101//166 106//166
f 106//167 101//167 102//167
f 144//168 106//168 102//168
f 107//169 395//169 108//169
f 108//170 106//170 107//170
f 106//171 108//171 109//171
f 106//172 109//172 112//172
f 123//173 112//173 109//173
f 109//174 122//174 123//174
f 123//175 110//175 112//175
f 106//176 112//176 105//176
f 105//177 104//177 106//177
f 104//178 105//178 111//178
f 105//179 113//179 111//179
f 113//180 105//180 112//180
f 113//181 112//181 110//181
f 110//182 114//182 113//182
f 99//183 113//183 114//183
f 114//184 115//184 119//184
f 116//185 118//185 114//185
f 115//186 114//186 118//186
f 130//187 120//187 119//187
f 118//188 127//188 115//188
f 121//189 116//189 117//189
f 118//190 116//190 121//190
f 116//191 114//191 117//191
f 123//192 122//192 117//192
f 122//193 109//193 124//193
f 124//194 125//194 122//194
f 126//195 124//195 109//195
f 108//196 126//196 109//196
f 126//197 108//197 395//197
f 122//198 121//198 117//198
f 134//199 127//199 118//199
f 124//200 126//200 129//200
f 124//201 129//201 125//201
f 129//202 120//202 130//202
f 130//203 119//203 115//203
f 115//204 127//204 130//204
f 130//205 127//205 128//205
f 125//206 129//206 131//206
f 129//207 130//207 128//207
f 129//208 128//208 131//208
f 125//209 131//209 122//209
f 121//210 122//210 132//210
f 132//211 122//211 131//211
f 134//212 121//212 132//212
f 131//213 133//213 132//213
f 132//214 135//214 134//214
f 121//215 134//215 118//215
f 133//216 135//216 132//216
f 135//217 127//217 134//217
f 133//218 131//218 128//218
f 128//219 127//219 135//219
f 135//220 133//220 128//220
f 102//235 93//235 144//235
f 144//236 93//236 143//236
f 106//237 144//237 107//237
f 107//238 144//238 145//238
f 145//239 144//239 143//239
f 146//240 107//240 145//240
f 107//241 146//241 395//241
f 145//242 143//242 146//242
f 103//309 104//309 111//309
f 111//311 99//311 97//311
f 98//312 99//312 185//312
f 395//313 98//313 185//313
f 120//314 395//314 185//314
f 119//315 120//315 185//315
f 114//316 119//316 99//316
f 113//317 99//317 111//317
f 114//612 110//612 123//612
f 114//613 123//613 117//613
f 119//705 185//705 99//705
f 395//861 120//861 126//861
f 120//862 129//862 126//862
f 528//969 527//969 526//969
f 528//970 856//970 527//970
f 805//1226 636//1226 663//1226
f 636//1227 805//1227 642//1227
f 664//1231 642//1231 892//1231
f 726//1350 733//1350 729//1350
f 732//1351 731//1351 729//1351
f 846//1352 729//1352 733//1352
f 851//1353 846//1353 733//1353
f 741//1372 527//1372 859//1372
f 893//1517 642//1517 805//1517
f 809//1521 808//1521 806//1521
f 806//1522 807//1522 809//1522
f 636//1523 641//1523 663//1523
f 641//1524 808//1524 663//1524
f 663//1525 808//1525 810//1525
f 808//1526 809//1526 810//1526
f 811//1527 806//1527 759//1527
f 811//1528 807//1528 806//1528
f 812//1529 811//1529 759//1529
f 811//1530 814//1530 807//1530
f 816//1531 815//1531 811//1531
f 816//1532 811//1532 813//1532
f 813//1533 811//1533 812//1533
f 812//1534 759//1534 973//1534
f 826//1554 825//1554 827//1554
f 830//1560 827//1560 825//1560
f 830//1563 822//1563 831//1563
f 831//1564 827//1564 830//1564
f 831//1565 822//1565 832//1565
f 846//1594 732//1594 729//1594
f 846//1595 847//1595 732//1595
f 848//1596 846//1596 851//1596
f 732//1597 847//1597 984//1597
f 846//1598 848//1598 847//1598
f 848//1600 849//1600 847//1600
f 857//1617 855//1617 854//1617
f 855//1618 857//1618 856//1618
f 740//1622 859//1622 857//1622
f 857//1623 859//1623 856//1623
f 856//1624 859//1624 527//1624
f 679//1685 681//1685 889//1685
f 890//1686 889//1686 681//1686
f 891//1687 681//1687 664//1687
f 892//1688 891//1688 664//1688
f 892//1690 642//1690 893//1690
f 899//1691 892//1691 893//1691
f 889//1692 890//1692 894//1692
f 894//1693 804//1693 889//1693
f 894//1694 902//1694 804//1694
f 901//1700 902//1700 894//1700
f 894//1701 890//1701 897//1701
f 681//1702 891//1702 890//1702
f 898//1703 890//1703 891//1703
f 898//1704 891//1704 899//1704
f 899//1705 891//1705 892//1705
f 900//1706 899//1706 893//1706
f 903//1707 901//1707 894//1707
f 903//1708 894//1708 905//1708
f 894//1709 897//1709 905//1709
f 890//1710 904//1710 897//1710
f 901//1711 938//1711 902//1711
f 904//1712 890//1712 898//1712
f 904//1713 898//1713 899//1713
f 897//1714 904//1714 905//1714
f 905//1715 906//1715 903//1715
f 903//1716 907//1716 901//1716
f 909//1717 907//1717 903//1717
f 944//1718 907//1718 909//1718
f 909//1719 903//1719 906//1719
f 905//1720 910//1720 906//1720
f 906//1721 911//1721 909//1721
f 910//1722 905//1722 904//1722
f 906//1723 910//1723 923//1723
f 906//1724 923//1724 911//1724
f 911//1725 912//1725 909//1725
f 913//1726 912//1726 911//1726
f 913//1728 914//1728 924//1728
f 923//1730 913//1730 911//1730
f 910//1731 904//1731 915//1731
f 915//1732 904//1732 899//1732
f 910//1733 915//1733 916//1733
f 915//1734 899//1734 900//1734
f 900//1735 917//1735 915//1735
f 918//1736 917//1736 900//1736
f 900//1737 969//1737 918//1737
f 916//1738 915//1738 921//1738
f 921//1739 915//1739 917//1739
f 918//1740 921//1740 917//1740
f 916//1741 925//1741 920//1741
f 921//1742 922//1742 916//1742
f 916//1743 922//1743 966//1743
f 920//1744 923//1744 916//1744
f 910//1745 916//1745 923//1745
f 923//1746 914//1746 913//1746
f 914//1747 923//1747 920//1747
f 914//1748 965//1748 924//1748
f 965//1749 914//1749 920//1749
f 934//1789 933//1789 730//1789
f 732//1790 984//1790 731//1790
f 730//1791 731//1791 934//1791
f 731//1792 984//1792 934//1792
f 940//1807 896//1807 938//1807
f 896//1808 940//1808 937//1808
f 938//1809 896//1809 902//1809
f 901//1810 939//1810 938//1810
f 939//1811 901//1811 907//1811
f 939//1812 940//1812 938//1812
f 937//1813 940//1813 941//1813
f 940//1816 1028//1816 941//1816
f 907//1817 1032//1817 939//1817
f 1032//1818 907//1818 908//1818
f 908//1819 907//1819 944//1819
f 942//1820 909//1820 943//1820
f 943//1821 909//1821 912//1821
f 942//1823 944//1823 909//1823
f 908//1824 944//1824 838//1824
f 950//1834 829//1834 828//1834
f 828//1835 826//1835 950//1835
f 826//1836 827//1836 952//1836
f 952//1837 951//1837 826//1837
f 826//1838 951//1838 950//1838
f 829//1839 950//1839 949//1839
f 949//1840 956//1840 829//1840
f 948//1842 954//1842 953//1842
f 995//1844 954//1844 948//1844
f 955//1845 948//1845 829//1845
f 956//1846 955//1846 829//1846
f 1023//1847 949//1847 957//1847
f 949//1848 950//1848 957//1848
f 957//1849 950//1849 951//1849
f 952//1850 827//1850 958//1850
f 827//1851 831//1851 958//1851
f 959//1852 831//1852 832//1852
f 781//1856 961//1856 960//1856
f 962//1859 926//1859 924//1859
f 960//1860 963//1860 781//1860
f 781//1861 963//1861 959//1861
f 959//1862 964//1862 831//1862
f 964//1863 959//1863 963//1863
f 1050//1864 963//1864 960//1864
f 960//1865 961//1865 962//1865
f 920//1866 925//1866 967//1866
f 966//1867 925//1867 916//1867
f 967//1868 925//1868 966//1868
f 968//1869 918//1869 919//1869
f 969//1870 919//1870 918//1870
f 970//1871 919//1871 969//1871
f 969//1872 900//1872 893//1872
f 1091//1873 893//1873 805//1873
f 809//1874 807//1874 810//1874
f 810//1875 807//1875 814//1875
f 814//1876 811//1876 815//1876
f 971//1877 815//1877 816//1877
f 1097//1878 971//1878 972//1878
f 815//1879 971//1879 810//1879
f 810//1880 971//1880 1097//1880
f 814//1881 815//1881 810//1881
f 812//1882 973//1882 974//1882
f 813//1883 812//1883 974//1883
f 974//1884 976//1884 813//1884
f 1103//1885 813//1885 976//1885
f 1049//1886 976//1886 974//1886
f 1049//1887 974//1887 975//1887
f 973//1888 975//1888 974//1888
f 973//1889 977//1889 975//1889
f 980//1890 975//1890 977//1890
f 946//1895 947//1895 997//1895
f 979//1896 980//1896 977//1896
f 980//1897 979//1897 817//1897
f 980//1898 981//1898 1049//1898
f 980//1899 1049//1899 975//1899
f 983//1901 933//1901 934//1901
f 982//1902 933//1902 983//1902
f 983//1903 934//1903 985//1903
f 984//1904 985//1904 934//1904
f 984//1905 986//1905 985//1905
f 988//1906 986//1906 847//1906
f 847//1907 986//1907 984//1907
f 987//1908 986//1908 988//1908
f 988//1909 847//1909 852//1909
f 849//1910 852//1910 847//1910
f 996//1924 954//1924 995//1924
f 996//1925 995//1925 1085//1925
f 954//1926 1084//1926 994//1926
f 954//1927 994//1927 818//1927
f 997//1929 751//1929 994//1929
f 995//1930 948//1930 955//1930
f 998//1931 995//1931 955//1931
f 955//1932 1014//1932 998//1932
f 998//1933 1001//1933 995//1933
f 995//1934 1001//1934 999//1934
f 1001//1935 998//1935 1003//1935
f 1085//1936 995//1936 999//1936
f 999//1937 1001//1937 1000//1937
f 999//1938 1000//1938 1086//1938
f 1002//1939 1000//1939 1001//1939
f 1000//1940 1002//1940 1005//1940
f 1005//1941 1002//1941 1004//1941
f 1004//1942 1002//1942 1006//1942
f 1006//1943 1002//1943 1009//1943
f 1006//1944 1007//1944 1004//1944
f 1004//1945 1007//1945 1265//1945
f 1006//1946 1009//1946 1008//1946
f 1009//1947 1010//1947 1008//1947
f 1006//1948 1008//1948 1010//1948
f 1012//1949 1010//1949 1011//1949
f 1009//1950 1002//1950 1003//1950
f 1003//1951 1002//1951 1001//1951
f 1009//1952 1003//1952 1015//1952
f 1009//1953 1013//1953 1010//1953
f 1003//1954 998//1954 1014//1954
f 1014//1955 1015//1955 1003//1955
f 1009//1956 1015//1956 1013//1956
f 1013//1957 1016//1957 1017//1957
f 1010//1958 1013//1958 1011//1958
f 1011//1959 1013//1959 1017//1959
f 1018//1960 1010//1960 1012//1960
f 1010//1961 1353//1961 1006//1961
f 1012//1962 1019//1962 1351//1962
f 1011//1963 1305//1963 1012//1963
f 1020//1964 1021//1964 1016//1964
f 1016//1965 1301//1965 1017//1965
f 1301//1966 1016//1966 1021//1966
f 1022//1967 1020//1967 1016//1967
f 1142//1968 1013//1968 1015//1968
f 1014//1969 1023//1969 1079//1969
f 1014//1970 1079//1970 1015//1970
f 1079//1971 1023//1971 957//1971
f 1023//1972 956//1972 949//1972
f 956//1973 1023//1973 955//1973
f 1023//1974 1014//1974 955//1974
f 1025//1980 982//1980 983//1980
f 852//1982 993//1982 988//1982
f 986//1983 987//1983 985//1983
f 993//1984 843//1984 987//1984
f 993//1985 987//1985 988//1985
f 1025//1986 987//1986 843//1986
f 1025//1987 1024//1987 982//1987
f 1025//1988 983//1988 1026//1988
f 1026//1989 985//1989 987//1989
f 1026//1990 987//1990 1025//1990
f 983//1991 985//1991 1026//1991
f 776//1993 841//1993 1027//1993
f 841//1994 839//1994 853//1994
f 742//1995 941//1995 1028//1995
f 526//1996 742//1996 1028//1996
f 939//1997 1028//1997 940//1997
f 1028//1998 528//1998 526//1998
f 1029//1999 939//1999 1032//1999
f 939//2000 1029//2000 1028//2000
f 1028//2001 1029//2001 1030//2001
f 528//2002 1028//2002 1030//2002
f 856//2003 528//2003 1030//2003
f 1032//2004 908//2004 1031//2004
f 1029//2005 1031//2005 1033//2005
f 1029//2006 1034//2006 1030//2006
f 855//2007 841//2007 853//2007
f 855//2008 856//2008 1034//2008
f 1034//2009 856//2009 1030//2009
f 1033//2010 1034//2010 1029//2010
f 841//2011 1034//2011 1033//2011
f 841//2012 1033//2012 1027//2012
f 790//2015 1027//2015 1033//2015
f 1035//2016 790//2016 1033//2016
f 1033//2020 1036//2020 1035//2020
f 908//2021 838//2021 1031//2021
f 838//2022 1036//2022 1031//2022
f 1029//2023 1032//2023 1031//2023
f 1031//2024 1036//2024 1033//2024
f 1035//2025 1036//2025 838//2025
f 946//2027 1037//2027 817//2027
f 817//2028 981//2028 980//2028
f 981//2029 817//2029 1037//2029
f 1037//2030 946//2030 1038//2030
f 1038//2031 1046//2031 1037//2031
f 1040//2032 981//2032 1041//2032
f 1041//2033 981//2033 1037//2033
f 1042//2034 1037//2034 1046//2034
f 1046//2035 1038//2035 1039//2035
f 1046//2036 1039//2036 1043//2036
f 946//2037 1039//2037 1038//2037
f 997//2038 1044//2038 946//2038
f 946//2039 1044//2039 1039//2039
f 1044//2040 997//2040 994//2040
f 1042//2041 1046//2041 1113//2041
f 1040//2042 1041//2042 1047//2042
f 1048//2043 1040//2043 1047//2043
f 1047//2044 1049//2044 1048//2044
f 1048//2045 981//2045 1040//2045
f 1048//2046 1049//2046 981//2046
f 859//2047 740//2047 741//2047
f 841//2048 855//2048 1034//2048
f 1050//2049 960//2049 962//2049
f 962//2050 965//2050 1050//2050
f 1050//2051 965//2051 1051//2051
f 965//2052 962//2052 924//2052
f 920//2053 967//2053 965//2053
f 1051//2054 965//2054 967//2054
f 967//2055 1052//2055 1051//2055
f 1051//2056 1053//2056 1050//2056
f 967//2057 966//2057 1054//2057
f 922//2058 1055//2058 966//2058
f 966//2059 1055//2059 1054//2059
f 967//2060 1054//2060 1052//2060
f 1050//2061 1056//2061 963//2061
f 1056//2062 1050//2062 1053//2062
f 921//2063 918//2063 1057//2063
f 1057//2064 918//2064 968//2064
f 968//2065 1058//2065 1057//2065
f 968//2066 1059//2066 1058//2066
f 1059//2067 968//2067 919//2067
f 1060//2068 1059//2068 919//2068
f 1058//2069 1059//2069 1068//2069
f 1061//2070 1094//2070 970//2070
f 919//2071 1094//2071 1060//2071
f 921//2072 1057//2072 922//2072
f 1057//2073 1063//2073 922//2073
f 1058//2074 1068//2074 1057//2074
f 1064//2075 1063//2075 1057//2075
f 1057//2076 1068//2076 1064//2076
f 1064//2077 1067//2077 1063//2077
f 1072//2078 1054//2078 1055//2078
f 1072//2079 1055//2079 1065//2079
f 1065//2080 1055//2080 1063//2080
f 1055//2081 922//2081 1063//2081
f 1069//2082 1064//2082 1068//2082
f 1070//2083 1068//2083 1071//2083
f 1065//2084 1063//2084 1067//2084
f 1066//2085 1076//2085 1065//2085
f 1074//2086 1065//2086 1076//2086
f 1072//2087 1065//2087 1074//2087
f 1072//2088 1074//2088 1073//2088
f 1072//2089 1073//2089 1053//2089
f 1072//2090 1053//2090 1052//2090
f 1072//2091 1052//2091 1054//2091
f 1056//2092 1053//2092 1073//2092
f 1073//2093 1078//2093 1056//2093
f 1075//2094 1078//2094 1073//2094
f 1073//2095 1074//2095 1075//2095
f 1074//2096 1076//2096 1075//2096
f 1075//2097 1076//2097 1082//2097
f 1075//2098 1082//2098 1077//2098
f 1078//2099 1075//2099 1081//2099
f 1077//2100 1081//2100 1075//2100
f 1081//2101 964//2101 1078//2101
f 1078//2102 964//2102 1056//2102
f 957//2103 951//2103 952//2103
f 1080//2104 1079//2104 952//2104
f 957//2105 952//2105 1079//2105
f 964//2106 963//2106 1056//2106
f 1082//2107 1081//2107 1077//2107
f 1081//2108 1140//2108 964//2108
f 1084//2109 1044//2109 994//2109
f 1086//2110 1000//2110 1005//2110
f 1085//2111 999//2111 1086//2111
f 1086//2112 1262//2112 1085//2112
f 1085//2113 1088//2113 1087//2113
f 1085//2114 1262//2114 1088//2114
f 1087//2115 1088//2115 1137//2115
f 1087//2116 1137//2116 1123//2116
f 1088//2117 1089//2117 1137//2117
f 1087//2118 996//2118 1085//2118
f 954//2119 996//2119 1087//2119
f 1084//2120 954//2120 1087//2120
f 810//2121 1090//2121 663//2121
f 663//2122 1090//2122 805//2122
f 1062//2123 1090//2123 810//2123
f 1062//2124 1061//2124 1090//2124
f 1090//2125 1091//2125 805//2125
f 893//2126 1091//2126 969//2126
f 1091//2127 1090//2127 970//2127
f 970//2128 1090//2128 1061//2128
f 1091//2129 970//2129 969//2129
f 958//2130 831//2130 964//2130
f 964//2131 1140//2131 958//2131
f 1082//2132 1083//2132 1140//2132
f 1092//2133 1140//2133 1083//2133
f 1082//2134 1076//2134 1083//2134
f 1083//2135 1148//2135 1092//2135
f 1083//2136 1076//2136 1148//2136
f 1066//2137 1065//2137 1067//2137
f 1069//2138 1067//2138 1064//2138
f 1070//2139 1071//2139 1093//2139
f 919//2140 970//2140 1094//2140
f 1059//2141 1071//2141 1068//2141
f 1071//2142 1059//2142 1060//2142
f 1068//2143 1070//2143 1069//2143
f 1093//2144 1071//2144 1060//2144
f 1094//2145 1061//2145 1062//2145
f 1094//2146 1095//2146 1060//2146
f 1060//2147 1096//2147 1093//2147
f 810//2148 1097//2148 1062//2148
f 1098//2149 1099//2149 1097//2149
f 1099//2150 1100//2150 1097//2150
f 1097//2151 1100//2151 1101//2151
f 1102//2152 1097//2152 1101//2152
f 1170//2153 1101//2153 1100//2153
f 1097//2154 972//2154 1098//2154
f 971//2155 816//2155 972//2155
f 1098//2156 972//2156 816//2156
f 1098//2157 816//2157 1099//2157
f 1103//2158 816//2158 813//2158
f 1169//2159 1103//2159 976//2159
f 1105//2160 976//2160 1049//2160
f 1105//2161 1049//2161 1047//2161
f 1105//2162 1047//2162 1106//2162
f 1041//2163 1037//2163 1042//2163
f 1041//2164 1106//2164 1047//2164
f 1106//2165 1108//2165 1105//2165
f 1105//2166 1108//2166 1107//2166
f 1108//2167 1109//2167 1107//2167
f 1110//2168 1106//2168 1041//2168
f 1110//2169 1041//2169 1042//2169
f 1110//2170 1111//2170 1106//2170
f 1108//2171 1106//2171 1111//2171
f 1112//2172 1111//2172 1110//2172
f 1112//2173 1110//2173 1042//2173
f 1042//2174 1113//2174 1112//2174
f 1113//2175 1046//2175 1117//2175
f 1112//2176 1113//2176 1115//2176
f 1112//2177 1115//2177 1114//2177
f 1116//2178 1115//2178 1113//2178
f 1113//2179 1117//2179 1116//2179
f 1117//2180 1046//2180 1119//2180
f 1117//2181 1119//2181 1118//2181
f 1044//2182 1043//2182 1039//2182
f 1045//2183 1043//2183 1044//2183
f 1045//2184 1044//2184 1084//2184
f 1121//2185 1120//2185 1124//2185
f 1121//2186 1124//2186 1122//2186
f 1120//2187 1043//2187 1045//2187
f 1124//2188 1120//2188 1045//2188
f 1124//2189 1045//2189 1123//2189
f 1125//2190 1122//2190 1129//2190
f 1129//2191 1126//2191 1125//2191
f 1176//2192 1122//2192 1125//2192
f 1126//2193 1127//2193 1125//2193
f 1128//2194 1176//2194 1125//2194
f 1122//2195 1176//2195 1121//2195
f 1126//2196 1129//2196 1130//2196
f 1129//2197 1131//2197 1130//2197
f 1129//2198 1132//2198 1131//2198
f 1122//2199 1132//2199 1129//2199
f 1132//2200 1122//2200 1124//2200
f 1124//2201 1123//2201 1134//2201
f 1134//2202 1123//2202 1138//2202
f 1133//2203 1134//2203 1138//2203
f 1134//2204 1133//2204 1136//2204
f 1124//2205 1134//2205 1132//2205
f 1134//2206 1135//2206 1132//2206
f 1136//2207 1135//2207 1134//2207
f 1187//2208 1136//2208 1133//2208
f 1084//2209 1123//2209 1045//2209
f 1089//2210 1138//2210 1137//2210
f 1123//2211 1084//2211 1087//2211
f 1139//2212 952//2212 958//2212
f 1080//2213 952//2213 1139//2213
f 1140//2214 1080//2214 1139//2214
f 1140//2215 1139//2215 958//2215
f 1081//2216 1082//2216 1140//2216
f 1080//2217 1142//2217 1079//2217
f 1013//2218 1142//2218 1016//2218
f 1016//2219 1143//2219 1022//2219
f 1020//2220 1022//2220 1141//2220
f 1142//2221 1015//2221 1079//2221
f 1143//2222 1142//2222 1080//2222
f 1080//2223 1140//2223 1143//2223
f 1143//2224 1140//2224 1144//2224
f 1142//2225 1143//2225 1016//2225
f 1144//2226 1145//2226 1143//2226
f 1145//2227 1144//2227 1147//2227
f 1140//2228 1147//2228 1144//2228
f 1145//2229 1146//2229 1141//2229
f 1092//2230 1148//2230 1147//2230
f 1092//2231 1147//2231 1140//2231
f 1148//2232 1076//2232 1147//2232
f 1147//2233 1076//2233 1145//2233
f 1149//2234 1076//2234 1066//2234
f 1076//2235 1149//2235 1145//2235
f 1145//2236 1149//2236 1146//2236
f 1066//2237 1150//2237 1149//2237
f 1150//2238 1066//2238 1151//2238
f 1067//2239 1151//2239 1066//2239
f 1151//2240 1067//2240 1069//2240
f 1096//2241 1060//2241 1095//2241
f 1093//2242 1096//2242 1192//2242
f 1096//2243 1095//2243 1152//2243
f 1094//2244 1062//2244 1153//2244
f 1153//2245 1095//2245 1094//2245
f 1097//2246 1153//2246 1062//2246
f 1153//2247 1097//2247 1102//2247
f 1158//2248 1155//2248 1156//2248
f 1155//2249 1157//2249 1156//2249
f 1157//2250 1160//2250 1156//2250
f 1158//2251 1159//2251 1154//2251
f 1158//2252 1160//2252 1162//2252
f 1163//2253 1162//2253 1160//2253
f 1160//2254 1161//2254 1163//2254
f 1159//2255 1158//2255 1162//2255
f 1162//2256 1163//2256 1159//2256
f 1163//2257 1161//2257 1164//2257
f 1163//2258 1165//2258 1446//2258
f 1165//2259 1163//2259 1240//2259
f 1240//2260 1163//2260 1164//2260
f 1166//2261 1161//2261 1160//2261
f 1166//2262 1160//2262 1157//2262
f 1166//2263 1157//2263 1168//2263
f 1053//2264 1051//2264 1052//2264
f 1105//2265 1169//2265 976//2265
f 816//2266 1103//2266 1104//2266
f 1099//2267 816//2267 1104//2267
f 1170//2268 1100//2268 1099//2268
f 1170//2269 1099//2269 1104//2269
f 1170//2270 1173//2270 1101//2270
f 1172//2271 1101//2271 1173//2271
f 1104//2272 1103//2272 1171//2272
f 1169//2273 1171//2273 1103//2273
f 1169//2274 1175//2274 1171//2274
f 1173//2275 1104//2275 1172//2275
f 1104//2276 1171//2276 1172//2276
f 1104//2277 1173//2277 1170//2277
f 1101//2278 1172//2278 1171//2278
f 1174//2279 1171//2279 1175//2279
f 1201//2280 1175//2280 1169//2280
f 1105//2281 1107//2281 1169//2281
f 1111//2282 1112//2282 1114//2282
f 1111//2283 1114//2283 1108//2283
f 1114//2284 1115//2284 1118//2284
f 1118//2285 1115//2285 1116//2285
f 1116//2286 1117//2286 1118//2286
f 1119//2287 1046//2287 1176//2287
f 1043//2288 1121//2288 1046//2288
f 1046//2289 1121//2289 1176//2289
f 1121//2290 1043//2290 1120//2290
f 1127//2291 1128//2291 1125//2291
f 1128//2292 1118//2292 1176//2292
f 1119//2293 1176//2293 1118//2293
f 1180//2294 1128//2294 1127//2294
f 1127//2295 1130//2295 1177//2295
f 1180//2296 1127//2296 1177//2296
f 1118//2297 1128//2297 1180//2297
f 1180//2298 1179//2298 1118//2298
f 1118//2299 1179//2299 1178//2299
f 1118//2300 1178//2300 1109//2300
f 1118//2301 1108//2301 1114//2301
f 1108//2302 1118//2302 1109//2302
f 1181//2303 1180//2303 1177//2303
f 1130//2304 1127//2304 1126//2304
f 1131//2305 1236//2305 1130//2305
f 1183//2306 1236//2306 1131//2306
f 1237//2307 1236//2307 1183//2307
f 1184//2308 1183//2308 1131//2308
f 1184//2309 1131//2309 1185//2309
f 1185//2310 1132//2310 1135//2310
f 1132//2311 1185//2311 1131//2311
f 1135//2312 1186//2312 1185//2312
f 1184//2313 1185//2313 1186//2313
f 1187//2314 1133//2314 1190//2314
f 1187//2315 1190//2315 1263//2315
f 1187//2316 1263//2316 1189//2316
f 1190//2317 1138//2317 1089//2317
f 1123//2318 1137//2318 1138//2318
f 1190//2319 1133//2319 1138//2319
f 1143//2320 1145//2320 1141//2320
f 1146//2321 1149//2321 1191//2321
f 1149//2322 1150//2322 1191//2322
f 1141//2323 1146//2323 1020//2323
f 1069//2324 1070//2324 1195//2324
f 1195//2325 1070//2325 1093//2325
f 1152//2326 1095//2326 1381//2326
f 1152//2327 1192//2327 1096//2327
f 1192//2328 1195//2328 1093//2328
f 1193//2329 1192//2329 1152//2329
f 1200//2330 1194//2330 1152//2330
f 1152//2331 1194//2331 1193//2331
f 1196//2332 1069//2332 1195//2332
f 1069//2333 1196//2333 1151//2333
f 1309//2334 1151//2334 1196//2334
f 1193//2335 1194//2335 1198//2335
f 1192//2336 1193//2336 1195//2336
f 1197//2337 1196//2337 1195//2337
f 1193//2338 1198//2338 1197//2338
f 1194//2339 1199//2339 1198//2339
f 1199//2340 1194//2340 1200//2340
f 1200//2341 1152//2341 1381//2341
f 1268//2342 1171//2342 1174//2342
f 1201//2343 1169//2343 1107//2343
f 1109//2344 1178//2344 1202//2344
f 1202//2345 1178//2345 1204//2345
f 1204//2346 1178//2346 1179//2346
f 1204//2347 1203//2347 1202//2347
f 1204//2348 1205//2348 1206//2348
f 1204//2349 1206//2349 1203//2349
f 1179//2350 1181//2350 1204//2350
f 1204//2351 1181//2351 1205//2351
f 1181//2352 1179//2352 1180//2352
f 1205//2353 1207//2353 1206//2353
f 1206//2354 1207//2354 1209//2354
f 1209//2355 1210//2355 1206//2355
f 1210//2356 1212//2356 1211//2356
f 1206//2357 1210//2357 1203//2357
f 1211//2358 1212//2358 1217//2358
f 1211//2359 1213//2359 1274//2359
f 1211//2360 1274//2360 1210//2360
f 1215//2361 1203//2361 1214//2361
f 1203//2362 1215//2362 1272//2362
f 1203//2363 1272//2363 1202//2363
f 1214//2364 1203//2364 1274//2364
f 1274//2365 1203//2365 1210//2365
f 1216//2366 1213//2366 1211//2366
f 1209//2367 1212//2367 1210//2367
f 1209//2368 1221//2368 1212//2368
f 1211//2369 1217//2369 1216//2369
f 1220//2370 1217//2370 1218//2370
f 1218//2371 1217//2371 1212//2371
f 1217//2372 1220//2372 1219//2372
f 1217//2373 1219//2373 1293//2373
f 1212//2374 1221//2374 1218//2374
f 1221//2375 1209//2375 1208//2375
f 1208//2376 1209//2376 1207//2376
f 1208//2377 1207//2377 1230//2377
f 1221//2378 1208//2378 1222//2378
f 1221//2379 1222//2379 1218//2379
f 1227//2380 1218//2380 1222//2380
f 1223//2381 1218//2381 1227//2381
f 1218//2382 1223//2382 1220//2382
f 1220//2383 1223//2383 1225//2383
f 1224//2384 1225//2384 1223//2384
f 1223//2385 1227//2385 1226//2385
f 1228//2386 1226//2386 1227//2386
f 1229//2387 1226//2387 1228//2387
f 1227//2388 1222//2388 1228//2388
f 1222//2389 1208//2389 1228//2389
f 1228//2390 1230//2390 1229//2390
f 1226//2391 1229//2391 1231//2391
f 1231//2392 1229//2392 1233//2392
f 1233//2393 1229//2393 1232//2393
f 1226//2394 1231//2394 1223//2394
f 1231//2395 1233//2395 1362//2395
f 1235//2396 1231//2396 1362//2396
f 1234//2397 1233//2397 1232//2397
f 1234//2398 1232//2398 1237//2398
f 1232//2399 1229//2399 1237//2399
f 1230//2400 1228//2400 1208//2400
f 1229//2401 1230//2401 1236//2401
f 1229//2402 1236//2402 1237//2402
f 1230//2403 1207//2403 1182//2403
f 1177//2404 1182//2404 1207//2404
f 1205//2405 1177//2405 1207//2405
f 1177//2406 1205//2406 1181//2406
f 1182//2407 1177//2407 1130//2407
f 1182//2408 1130//2408 1236//2408
f 1143//2409 1141//2409 1022//2409
f 1154//2410 1159//2410 1238//2410
f 1154//2411 1238//2411 1239//2411
f 1446//2412 1159//2412 1163//2412
f 1240//2413 1164//2413 1253//2413
f 1248//2414 1164//2414 1241//2414
f 1161//2415 1241//2415 1164//2415
f 1166//2416 1167//2416 1161//2416
f 1167//2417 1166//2417 1242//2417
f 1242//2418 1166//2418 1168//2418
f 1242//2419 1243//2419 1167//2419
f 1243//2420 1245//2420 1167//2420
f 1246//2421 1243//2421 1244//2421
f 1243//2422 1246//2422 1245//2422
f 1245//2423 1246//2423 1250//2423
f 1246//2424 1244//2424 1251//2424
f 1245//2425 1250//2425 1248//2425
f 1248//2426 1241//2426 1245//2426
f 1245//2427 1241//2427 1167//2427
f 1167//2428 1241//2428 1161//2428
f 1164//2429 1248//2429 1253//2429
f 1249//2430 1253//2430 1248//2430
f 1246//2431 1251//2431 1250//2431
f 1248//2432 1250//2432 1252//2432
f 1252//2433 1249//2433 1248//2433
f 1240//2434 1253//2434 1249//2434
f 1249//2435 1252//2435 1254//2435
f 1165//2436 1255//2436 1446//2436
f 1256//2437 1255//2437 1165//2437
f 1165//2438 1240//2438 1258//2438
f 1257//2439 1165//2439 1258//2439
f 1259//2440 1257//2440 1258//2440
f 1258//2441 1254//2441 1259//2441
f 1260//2442 1259//2442 1254//2442
f 1249//2443 1258//2443 1240//2443
f 1258//2444 1249//2444 1254//2444
f 1252//2445 1260//2445 1254//2445
f 1251//2446 1244//2446 1247//2446
f 1088//2448 1262//2448 1089//2448
f 1089//2449 1263//2449 1190//2449
f 1263//2450 1089//2450 1262//2450
f 1267//2451 1263//2451 1262//2451
f 1262//2452 1086//2452 1264//2452
f 1265//2453 1264//2453 1004//2453
f 1267//2454 1264//2454 1265//2454
f 1266//2455 1267//2455 1265//2455
f 1007//2456 1266//2456 1265//2456
f 1264//2457 1267//2457 1262//2457
f 1267//2458 1266//2458 1263//2458
f 1086//2459 1005//2459 1004//2459
f 1004//2460 1264//2460 1086//2460
f 1101//2461 1171//2461 1268//2461
f 1101//2462 1268//2462 1102//2462
f 1269//2463 1174//2463 1175//2463
f 1175//2464 1201//2464 1284//2464
f 1174//2465 1269//2465 1270//2465
f 1174//2466 1270//2466 1268//2466
f 1273//2467 1201//2467 1107//2467
f 1202//2468 1272//2468 1109//2468
f 1109//2469 1272//2469 1273//2469
f 1109//2470 1273//2470 1107//2470
f 1214//2471 1275//2471 1215//2471
f 1215//2472 1275//2472 1276//2472
f 1283//2473 1215//2473 1276//2473
f 1276//2474 1277//2474 1283//2474
f 1278//2475 1277//2475 1276//2475
f 1279//2476 1278//2476 1276//2476
f 1275//2477 1279//2477 1276//2477
f 1280//2478 1275//2478 1214//2478
f 1275//2479 1280//2479 1279//2479
f 1279//2480 1282//2480 1278//2480
f 1281//2481 1278//2481 1282//2481
f 1279//2482 1280//2482 1282//2482
f 1277//2483 1278//2483 1281//2483
f 1284//2484 1201//2484 1283//2484
f 1283//2485 1201//2485 1273//2485
f 1283//2486 1273//2486 1272//2486
f 1215//2487 1283//2487 1272//2487
f 1284//2488 1283//2488 1175//2488
f 1175//2489 1283//2489 1269//2489
f 1277//2490 1269//2490 1283//2490
f 1269//2491 1277//2491 1270//2491
f 1270//2492 1271//2492 1268//2492
f 1277//2493 1281//2493 1270//2493
f 1281//2494 1282//2494 1285//2494
f 1411//2495 1282//2495 1280//2495
f 1280//2496 1286//2496 1411//2496
f 1287//2497 1274//2497 1213//2497
f 1217//2498 1293//2498 1216//2498
f 1214//2499 1274//2499 1288//2499
f 1288//2500 1274//2500 1287//2500
f 1289//2501 1288//2501 1287//2501
f 1288//2502 1286//2502 1214//2502
f 1214//2503 1286//2503 1280//2503
f 1287//2504 1290//2504 1289//2504
f 1216//2505 1290//2505 1287//2505
f 1216//2506 1287//2506 1213//2506
f 1216//2507 1293//2507 1291//2507
f 1292//2508 1291//2508 1293//2508
f 1413//2509 1291//2509 1292//2509
f 1415//2510 1292//2510 1294//2510
f 1219//2511 1295//2511 1293//2511
f 1293//2512 1295//2512 1292//2512
f 1295//2513 1296//2513 1292//2513
f 1292//2514 1296//2514 1294//2514
f 1418//2515 1299//2515 1294//2515
f 1418//2516 1294//2516 1296//2516
f 1300//2517 1418//2517 1296//2517
f 1295//2518 1300//2518 1296//2518
f 1300//2519 1295//2519 1219//2519
f 1146//2520 1021//2520 1020//2520
f 1191//2521 1021//2521 1146//2521
f 1301//2522 1021//2522 1191//2522
f 1195//2523 1193//2523 1197//2523
f 1302//2524 1198//2524 1199//2524
f 1311//2525 1198//2525 1302//2525
f 1198//2526 1311//2526 1317//2526
f 1198//2527 1317//2527 1197//2527
f 1197//2528 1310//2528 1196//2528
f 1150//2529 1151//2529 1309//2529
f 1150//2530 1307//2530 1191//2530
f 1191//2531 1303//2531 1301//2531
f 1303//2532 1304//2532 1017//2532
f 1301//2533 1303//2533 1017//2533
f 1011//2534 1017//2534 1305//2534
f 1304//2535 1305//2535 1017//2535
f 1303//2536 1191//2536 1306//2536
f 1306//2537 1191//2537 1307//2537
f 1150//2538 1309//2538 1307//2538
f 1306//2539 1308//2539 1303//2539
f 1304//2540 1303//2540 1308//2540
f 1319//2541 1309//2541 1310//2541
f 1310//2542 1309//2542 1196//2542
f 1317//2543 1310//2543 1197//2543
f 1390//2544 1302//2544 1199//2544
f 1312//2545 1311//2545 1302//2545
f 1302//2546 1390//2546 1312//2546
f 1311//2547 1312//2547 1313//2547
f 1312//2548 1314//2548 1315//2548
f 1312//2549 1315//2549 1313//2549
f 1315//2550 1330//2550 1313//2550
f 1311//2551 1316//2551 1317//2551
f 1310//2552 1317//2552 1319//2552
f 1309//2553 1319//2553 1318//2553
f 1309//2554 1318//2554 1307//2554
f 1318//2555 1306//2555 1307//2555
f 1308//2556 1306//2556 1320//2556
f 1321//2557 1305//2557 1304//2557
f 1308//2558 1320//2558 1324//2558
f 1318//2559 1322//2559 1306//2559
f 1306//2560 1323//2560 1320//2560
f 1320//2561 1323//2561 1324//2561
f 1322//2562 1323//2562 1306//2562
f 1321//2563 1304//2563 1308//2563
f 1308//2564 1324//2564 1350//2564
f 1321//2565 1019//2565 1305//2565
f 1350//2566 1321//2566 1308//2566
f 1305//2567 1019//2567 1012//2567
f 1321//2568 1325//2568 1019//2568
f 1321//2569 1350//2569 1325//2569
f 1326//2570 1324//2570 1323//2570
f 1319//2571 1327//2571 1322//2571
f 1318//2572 1319//2572 1322//2572
f 1319//2573 1317//2573 1316//2573
f 1319//2574 1316//2574 1327//2574
f 1328//2575 1316//2575 1311//2575
f 1328//2576 1311//2576 1313//2576
f 1329//2577 1328//2577 1313//2577
f 1330//2578 1331//2578 1313//2578
f 1316//2579 1328//2579 1327//2579
f 1329//2580 1313//2580 1331//2580
f 1332//2581 1329//2581 1331//2581
f 1329//2582 1327//2582 1328//2582
f 1334//2583 1315//2583 1314//2583
f 1333//2584 1330//2584 1315//2584
f 1333//2585 1315//2585 1334//2585
f 1335//2586 1334//2586 1314//2586
f 1333//2587 1331//2587 1330//2587
f 1331//2588 1333//2588 1336//2588
f 1332//2589 1331//2589 1336//2589
f 1336//2590 1337//2590 1332//2590
f 1338//2591 1339//2591 1336//2591
f 1336//2592 1339//2592 1337//2592
f 1332//2593 1340//2593 1329//2593
f 1329//2594 1340//2594 1341//2594
f 1341//2595 1327//2595 1329//2595
f 1327//2596 1341//2596 1322//2596
f 1322//2597 1326//2597 1323//2597
f 1322//2598 1341//2598 1326//2598
f 1342//2599 1326//2599 1341//2599
f 1342//2600 1341//2600 1340//2600
f 1343//2601 1342//2601 1344//2601
f 1343//2602 1326//2602 1342//2602
f 1346//2603 1326//2603 1343//2603
f 1343//2604 1344//2604 1346//2604
f 1346//2605 1344//2605 1345//2605
f 1347//2606 1324//2606 1326//2606
f 1347//2607 1326//2607 1346//2607
f 1348//2608 1344//2608 1342//2608
f 1348//2609 1342//2609 1340//2609
f 1346//2610 1349//2610 1347//2610
f 1349//2611 1325//2611 1347//2611
f 1347//2612 1350//2612 1324//2612
f 1347//2613 1325//2613 1350//2613
f 1325//2614 1351//2614 1019//2614
f 1351//2615 1325//2615 1349//2615
f 1351//2616 1018//2616 1012//2616
f 1018//2617 1353//2617 1010//2617
f 1353//2618 1018//2618 1354//2618
f 1352//2619 1351//2619 1349//2619
f 1351//2620 1352//2620 1018//2620
f 1352//2621 1357//2621 1018//2621
f 1357//2622 1354//2622 1018//2622
f 1006//2623 1353//2623 1356//2623
f 1006//2624 1356//2624 1007//2624
f 1354//2625 1356//2625 1353//2625
f 1266//2626 1007//2626 1355//2626
f 1356//2627 1355//2627 1007//2627
f 1355//2628 1356//2628 1354//2628
f 1357//2629 1352//2629 1345//2629
f 1345//2630 1482//2630 1357//2630
f 1357//2631 1482//2631 1354//2631
f 1354//2632 1482//2632 1401//2632
f 1266//2633 1355//2633 1358//2633
f 1266//2634 1358//2634 1189//2634
f 1266//2635 1189//2635 1263//2635
f 1358//2636 1359//2636 1189//2636
f 1189//2637 1359//2637 1187//2637
f 1358//2638 1373//2638 1360//2638
f 1358//2639 1360//2639 1359//2639
f 1359//2640 1188//2640 1187//2640
f 1188//2641 1186//2641 1187//2641
f 1187//2642 1186//2642 1136//2642
f 1136//2643 1186//2643 1135//2643
f 1237//2644 1183//2644 1234//2644
f 1183//2645 1184//2645 1234//2645
f 1233//2646 1234//2646 1361//2646
f 1234//2647 1363//2647 1361//2647
f 1233//2648 1361//2648 1362//2648
f 1235//2649 1362//2649 1366//2649
f 1361//2650 1364//2650 1362//2650
f 1364//2651 1365//2651 1362//2651
f 1362//2652 1365//2652 1366//2652
f 1366//2653 1365//2653 1367//2653
f 1367//2654 1365//2654 1368//2654
f 1368//2655 1365//2655 1375//2655
f 1367//2656 1368//2656 1369//2656
f 1370//2657 1369//2657 1368//2657
f 1368//2658 1375//2658 1370//2658
f 1369//2659 1370//2659 1371//2659
f 1374//2660 1371//2660 1370//2660
f 1372//2661 1371//2661 1374//2661
f 1370//2662 1373//2662 1374//2662
f 1373//2663 1370//2663 1360//2663
f 1359//2664 1360//2664 1188//2664
f 1360//2665 1370//2665 1375//2665
f 1378//2666 1377//2666 1447//2666
f 1376//2667 1375//2667 1365//2667
f 1188//2668 1377//2668 1184//2668
f 1188//2669 1184//2669 1186//2669
f 1184//2670 1377//2670 1363//2670
f 1377//2671 1378//2671 1363//2671
f 1376//2672 1365//2672 1364//2672
f 1378//2673 1361//2673 1363//2673
f 1361//2674 1378//2674 1376//2674
f 1364//2675 1361//2675 1376//2675
f 1379//2676 1153//2676 1380//2676
f 1380//2677 1153//2677 1102//2677
f 1380//2678 1102//2678 1268//2678
f 1381//2679 1095//2679 1153//2679
f 1381//2680 1153//2680 1379//2680
f 1405//2681 1382//2681 1379//2681
f 1383//2682 1379//2682 1382//2682
f 1379//2683 1383//2683 1381//2683
f 1383//2684 1200//2684 1381//2684
f 1383//2685 1382//2685 1200//2685
f 1200//2686 1382//2686 1384//2686
f 1200//2687 1384//2687 1199//2687
f 1384//2688 1385//2688 1199//2688
f 1386//2689 1385//2689 1384//2689
f 1410//2690 1492//2690 1387//2690
f 1386//2691 1387//2691 1391//2691
f 1386//2692 1391//2692 1390//2692
f 1385//2693 1386//2693 1390//2693
f 1199//2694 1385//2694 1390//2694
f 1392//2695 1387//2695 1388//2695
f 1392//2696 1391//2696 1387//2696
f 1390//2697 1391//2697 1312//2697
f 1314//2698 1312//2698 1391//2698
f 1314//2699 1391//2699 1392//2699
f 1392//2700 1388//2700 1389//2700
f 1314//2701 1392//2701 1335//2701
f 1335//2702 1568//2702 1334//2702
f 1333//2703 1334//2703 1393//2703
f 1333//2704 1338//2704 1336//2704
f 1576//2705 1337//2705 1339//2705
f 1340//2706 1394//2706 1348//2706
f 1349//2707 1346//2707 1345//2707
f 1482//2708 1345//2708 1396//2708
f 1345//2709 1344//2709 1396//2709
f 1396//2710 1344//2710 1348//2710
f 1395//2711 1348//2711 1394//2711
f 1348//2712 1397//2712 1396//2712
f 1397//2713 1398//2713 1399//2713
f 1397//2714 1399//2714 1396//2714
f 1397//2715 1348//2715 1395//2715
f 1397//2716 1400//2716 1398//2716
f 1398//2717 1400//2717 1401//2717
f 1401//2718 1400//2718 1426//2718
f 1426//2719 1354//2719 1401//2719
f 1398//2720 1401//2720 1399//2720
f 1402//2721 1399//2721 1401//2721
f 1482//2722 1396//2722 1403//2722
f 1403//2723 1396//2723 1399//2723
f 1399//2724 1402//2724 1481//2724
f 1399//2725 1481//2725 1403//2725
f 1352//2726 1349//2726 1345//2726
f 1379//2727 1380//2727 1405//2727
f 1380//2728 1268//2728 1405//2728
f 1405//2729 1268//2729 1271//2729
f 1270//2730 1281//2730 1408//2730
f 1407//2731 1271//2731 1270//2731
f 1405//2732 1406//2732 1382//2732
f 1406//2733 1410//2733 1382//2733
f 1405//2734 1271//2734 1406//2734
f 1271//2735 1407//2735 1406//2735
f 1407//2736 1270//2736 1408//2736
f 1407//2737 1408//2737 1406//2737
f 1406//2738 1408//2738 1410//2738
f 1409//2739 1408//2739 1285//2739
f 1408//2740 1409//2740 1410//2740
f 1409//2741 1492//2741 1410//2741
f 1386//2742 1410//2742 1387//2742
f 1285//2743 1408//2743 1281//2743
f 1282//2744 1411//2744 1285//2744
f 1289//2745 1290//2745 1412//2745
f 1413//2746 1290//2746 1291//2746
f 1291//2747 1290//2747 1216//2747
f 1290//2748 1414//2748 1412//2748
f 1415//2749 1413//2749 1292//2749
f 1299//2750 1298//2750 1294//2750
f 1294//2751 1298//2751 1415//2751
f 1416//2752 1415//2752 1298//2752
f 1418//2753 1417//2753 1299//2753
f 1418//2754 1297//2754 1417//2754
f 1419//2755 1298//2755 1299//2755
f 1417//2756 1297//2756 1420//2756
f 1420//2757 1488//2757 1417//2757
f 1420//2758 1421//2758 1488//2758
f 1156//2759 1160//2759 1158//2759
f 1235//2760 1223//2760 1231//2760
f 1366//2761 1367//2761 1422//2761
f 1422//2762 1367//2762 1423//2762
f 1423//2763 1367//2763 1424//2763
f 1448//2764 1367//2764 1369//2764
f 1448//2765 1369//2765 1371//2765
f 1448//2766 1371//2766 1425//2766
f 1372//2767 1374//2767 1452//2767
f 1452//2768 1374//2768 1373//2768
f 1373//2769 1427//2769 1452//2769
f 1426//2770 1427//2770 1373//2770
f 1373//2771 1358//2771 1355//2771
f 1182//2772 1236//2772 1230//2772
f 1184//2773 1363//2773 1234//2773
f 1220//2774 1428//2774 1300//2774
f 1220//2775 1300//2775 1219//2775
f 1428//2776 1489//2776 1300//2776
f 1300//2777 1489//2777 1297//2777
f 1418//2778 1300//2778 1297//2778
f 1225//2779 1428//2779 1220//2779
f 1437//2790 1438//2790 1432//2790
f 1432//2791 1438//2791 1752//2791
f 1989//2792 1441//2792 1442//2792
f 1858//2793 1442//2793 1638//2793
f 1443//2794 1442//2794 1441//2794
f 1440//2795 1443//2795 1441//2795
f 1638//2796 1442//2796 1443//2796
f 1638//2800 1443//2800 1637//2800
f 1444//2807 1238//2807 1159//2807
f 1255//2808 1159//2808 1446//2808
f 1255//2809 1445//2809 1444//2809
f 1159//2810 1255//2810 1444//2810
f 1378//2811 1447//2811 1376//2811
f 1376//2812 1447//2812 1375//2812
f 1360//2813 1375//2813 1447//2813
f 1188//2814 1360//2814 1377//2814
f 1360//2815 1447//2815 1377//2815
f 1224//2816 1223//2816 1235//2816
f 1422//2817 1235//2817 1366//2817
f 1425//2818 1371//2818 1372//2818
f 1426//2819 1400//2819 1427//2819
f 1395//2820 1427//2820 1397//2820
f 1427//2821 1400//2821 1397//2821
f 1427//2822 1449//2822 1452//2822
f 1450//2823 1395//2823 1394//2823
f 1340//2824 1332//2824 1337//2824
f 1340//2825 1337//2825 1394//2825
f 1394//2826 1337//2826 1576//2826
f 1451//2827 1450//2827 1394//2827
f 1451//2828 1394//2828 1576//2828
f 1395//2829 1449//2829 1427//2829
f 1452//2830 1456//2830 1372//2830
f 1425//2831 1372//2831 1456//2831
f 1449//2832 1395//2832 1450//2832
f 1454//2833 1449//2833 1450//2833
f 1454//2834 1450//2834 1453//2834
f 1449//2835 1454//2835 1452//2835
f 1425//2836 1455//2836 1448//2836
f 1456//2837 1452//2837 1454//2837
f 1454//2838 1457//2838 1456//2838
f 1454//2839 1453//2839 1457//2839
f 1458//2840 1457//2840 1453//2840
f 1455//2841 1425//2841 1460//2841
f 1458//2842 1456//2842 1457//2842
f 1453//2843 1450//2843 1451//2843
f 1453//2844 1575//2844 1459//2844
f 1453//2845 1459//2845 1458//2845
f 1456//2846 1458//2846 1425//2846
f 1425//2847 1458//2847 1460//2847
f 1460//2848 1458//2848 1463//2848
f 1461//2849 1463//2849 1458//2849
f 1461//2850 1458//2850 1459//2850
f 1462//2851 1461//2851 1459//2851
f 1461//2852 1525//2852 1463//2852
f 1460//2853 1464//2853 1465//2853
f 1460//2854 1465//2854 1455//2854
f 1464//2855 1460//2855 1463//2855
f 1466//2856 1465//2856 1464//2856
f 1467//2857 1465//2857 1466//2857
f 1455//2858 1424//2858 1448//2858
f 1367//2859 1448//2859 1424//2859
f 1424//2860 1455//2860 1468//2860
f 1455//2861 1465//2861 1468//2861
f 1468//2862 1465//2862 1472//2862
f 1468//2863 1423//2863 1424//2863
f 1423//2864 1469//2864 1422//2864
f 1224//2865 1235//2865 1422//2865
f 1224//2866 1422//2866 1470//2866
f 1483//2867 1224//2867 1470//2867
f 1469//2868 1470//2868 1422//2868
f 1471//2869 1483//2869 1470//2869
f 1480//2870 1471//2870 1470//2870
f 1472//2871 1469//2871 1423//2871
f 1472//2872 1423//2872 1468//2872
f 1475//2873 1472//2873 1465//2873
f 1472//2874 1475//2874 1474//2874
f 1472//2875 1474//2875 1473//2875
f 1469//2876 1472//2876 1473//2876
f 1467//2877 1475//2877 1465//2877
f 1466//2878 1478//2878 1477//2878
f 1478//2879 1466//2879 1524//2879
f 1477//2880 1479//2880 1476//2880
f 1475//2881 1476//2881 1474//2881
f 1476//2882 1499//2882 1474//2882
f 1480//2883 1470//2883 1473//2883
f 1470//2884 1469//2884 1473//2884
f 1481//2885 1402//2885 1404//2885
f 1482//2886 1404//2886 1402//2886
f 1404//2887 1403//2887 1481//2887
f 1482//2888 1403//2888 1404//2888
f 1402//2889 1401//2889 1482//2889
f 1355//2890 1354//2890 1373//2890
f 1426//2891 1373//2891 1354//2891
f 1428//2892 1483//2892 1489//2892
f 1489//2893 1483//2893 1420//2893
f 1420//2894 1483//2894 1471//2894
f 1225//2895 1224//2895 1483//2895
f 1225//2896 1483//2896 1428//2896
f 1286//2897 1484//2897 1411//2897
f 1484//2898 1286//2898 1288//2898
f 1484//2899 1288//2899 1289//2899
f 1484//2900 1289//2900 1485//2900
f 1289//2901 1412//2901 1485//2901
f 1484//2902 1485//2902 1495//2902
f 1414//2903 1290//2903 1413//2903
f 1413//2904 1486//2904 1414//2904
f 1513//2905 1414//2905 1486//2905
f 1486//2906 1413//2906 1415//2906
f 1416//2907 1298//2907 1511//2907
f 1419//2908 1299//2908 1417//2908
f 1488//2909 1487//2909 1417//2909
f 1297//2910 1489//2910 1420//2910
f 1484//2911 1491//2911 1411//2911
f 1411//2912 1490//2912 1285//2912
f 1285//2913 1490//2913 1409//2913
f 1493//2914 1409//2914 1490//2914
f 1409//2915 1388//2915 1492//2915
f 1388//2916 1387//2916 1492//2916
f 1388//2917 1409//2917 1493//2917
f 1388//2918 1493//2918 1389//2918
f 1491//2919 1490//2919 1411//2919
f 1485//2920 1412//2920 1495//2920
f 1494//2921 1495//2921 1412//2921
f 1484//2922 1495//2922 1491//2922
f 1513//2923 1412//2923 1414//2923
f 1486//2924 1415//2924 1416//2924
f 1496//2925 1486//2925 1416//2925
f 1511//2926 1298//2926 1419//2926
f 1384//2927 1382//2927 1410//2927
f 1386//2928 1384//2928 1410//2928
f 1471//2929 1502//2929 1420//2929
f 1497//2930 1502//2930 1471//2930
f 1471//2931 1480//2931 1497//2931
f 1420//2932 1502//2932 1421//2932
f 1480//2933 1473//2933 1497//2933
f 1474//2934 1498//2934 1473//2934
f 1473//2935 1498//2935 1497//2935
f 1474//2936 1499//2936 1498//2936
f 1500//2937 1498//2937 1499//2937
f 1479//2938 1499//2938 1476//2938
f 1479//2939 1503//2939 1499//2939
f 1501//2940 1500//2940 1503//2940
f 1504//2941 1503//2941 1479//2941
f 1505//2942 1477//2942 1478//2942
f 1505//2943 1478//2943 1506//2943
f 1479//2944 1477//2944 1504//2944
f 1477//2945 1505//2945 1504//2945
f 1505//2946 1507//2946 1504//2946
f 1522//2947 1503//2947 1504//2947
f 1507//2948 1522//2948 1504//2948
f 1430//2949 1239//2949 1238//2949
f 1508//2950 1491//2950 1495//2950
f 1508//2951 1509//2951 1491//2951
f 1495//2952 1494//2952 1508//2952
f 1494//2953 1412//2953 1513//2953
f 1510//2954 1494//2954 1513//2954
f 1416//2955 1511//2955 1512//2955
f 1419//2956 1417//2956 1487//2956
f 1514//2957 1486//2957 1496//2957
f 1514//2958 1513//2958 1486//2958
f 1514//2959 1572//2959 1513//2959
f 1510//2960 1513//2960 1572//2960
f 1515//2961 1514//2961 1516//2961
f 1512//2962 1496//2962 1416//2962
f 1512//2963 1511//2963 1518//2963
f 1511//2964 1519//2964 1518//2964
f 1518//2965 1517//2965 1512//2965
f 1519//2966 1520//2966 1518//2966
f 1519//2967 1511//2967 1521//2967
f 1419//2968 1521//2968 1511//2968
f 1501//2969 1503//2969 1522//2969
f 1522//2970 1507//2970 1523//2970
f 1645//2971 1523//2971 1507//2971
f 1646//2972 1507//2972 1505//2972
f 1646//2973 1505//2973 1506//2973
f 1477//2974 1476//2974 1475//2974
f 1524//2975 1466//2975 1464//2975
f 1464//2976 1525//2976 1524//2976
f 1477//2977 1475//2977 1467//2977
f 1477//2978 1467//2978 1466//2978
f 1491//2979 1509//2979 1490//2979
f 1490//2980 1509//2980 1493//2980
f 1493//2981 1509//2981 1526//2981
f 1508//2982 1494//2982 1510//2982
f 1508//2983 1510//2983 1528//2983
f 1509//2984 1508//2984 1528//2984
f 1528//2985 1527//2985 1509//2985
f 1389//2986 1493//2986 1526//2986
f 1392//2987 1389//2987 1335//2987
f 1527//2988 1526//2988 1509//2988
f 1529//2989 1527//2989 1528//2989
f 1530//2990 1165//2990 1257//2990
f 1530//2992 1256//2992 1165//2992
f 1546//3015 1547//3015 1545//3015
f 1547//3017 1548//3017 1549//3017
f 1549//3018 1548//3018 1550//3018
f 1546//3050 1548//3050 1547//3050
f 1564//3051 1550//3051 1565//3051
f 1565//3052 1550//3052 1548//3052
f 1566//3053 1564//3053 1565//3053
f 1256//3054 1445//3054 1255//3054
f 1445//3055 1256//3055 1603//3055
f 1389//3057 1526//3057 1567//3057
f 1567//3058 1526//3058 1527//3058
f 1567//3059 1527//3059 1568//3059
f 1529//3060 1528//3060 1510//3060
f 1568//3061 1527//3061 1529//3061
f 1529//3062 1570//3062 1568//3062
f 1568//3063 1570//3063 1569//3063
f 1529//3064 1510//3064 1571//3064
f 1529//3065 1571//3065 1570//3065
f 1572//3066 1571//3066 1510//3066
f 1572//3067 1514//3067 1515//3067
f 1516//3068 1514//3068 1517//3068
f 1496//3069 1517//3069 1514//3069
f 1496//3070 1512//3070 1517//3070
f 1517//3071 1573//3071 1516//3071
f 1517//3072 1518//3072 1574//3072
f 1574//3073 1518//3073 1520//3073
f 1517//3074 1574//3074 1573//3074
f 1635//3075 1574//3075 1520//3075
f 1630//3076 1574//3076 1632//3076
f 1453//3077 1451//3077 1575//3077
f 1451//3078 1576//3078 1575//3078
f 1577//3079 1459//3079 1575//3079
f 1582//3080 1577//3080 1575//3080
f 1459//3081 1577//3081 1462//3081
f 1462//3082 1584//3082 1461//3082
f 1463//3083 1525//3083 1464//3083
f 1525//3084 1461//3084 1578//3084
f 1525//3085 1578//3085 1580//3085
f 1525//3086 1579//3086 1524//3086
f 1579//3087 1525//3087 1580//3087
f 1578//3088 1461//3088 1584//3088
f 1581//3089 1462//3089 1577//3089
f 1581//3090 1577//3090 1582//3090
f 1582//3091 1575//3091 1576//3091
f 1587//3092 1581//3092 1582//3092
f 1576//3093 1339//3093 1582//3093
f 1582//3094 1339//3094 1586//3094
f 1581//3095 1583//3095 1584//3095
f 1581//3096 1584//3096 1462//3096
f 1586//3097 1587//3097 1582//3097
f 1338//3098 1586//3098 1339//3098
f 1586//3099 1338//3099 1587//3099
f 1338//3100 1333//3100 1393//3100
f 1338//3101 1393//3101 1587//3101
f 1587//3102 1583//3102 1581//3102
f 1587//3103 1623//3103 1583//3103
f 1623//3104 1588//3104 1583//3104
f 1583//3105 1588//3105 1584//3105
f 1584//3106 1588//3106 1585//3106
f 1585//3107 1588//3107 1589//3107
f 1590//3108 1585//3108 1589//3108
f 1580//3109 1578//3109 1591//3109
f 1592//3110 1580//3110 1591//3110
f 1627//3111 1592//3111 1591//3111
f 1627//3112 1593//3112 1592//3112
f 1592//3113 1594//3113 1580//3113
f 1594//3114 1592//3114 1593//3114
f 1628//3115 1631//3115 1593//3115
f 1628//3116 1593//3116 1627//3116
f 1594//3117 1597//3117 1596//3117
f 1594//3118 1596//3118 1580//3118
f 1580//3119 1595//3119 1579//3119
f 1524//3120 1579//3120 1478//3120
f 1596//3121 1595//3121 1580//3121
f 1597//3122 1595//3122 1596//3122
f 1597//3123 1594//3123 1598//3123
f 1506//3124 1595//3124 1597//3124
f 1478//3125 1595//3125 1506//3125
f 1646//3126 1506//3126 1599//3126
f 1599//3127 1506//3127 1597//3127
f 1748//3128 1599//3128 1600//3128
f 1600//3129 1599//3129 1597//3129
f 1597//3130 1598//3130 1600//3130
f 1601//3131 1593//3131 1631//3131
f 1598//3132 1601//3132 1750//3132
f 1598//3133 1750//3133 1747//3133
f 1750//3134 1601//3134 1631//3134
f 1598//3135 1594//3135 1601//3135
f 1601//3136 1594//3136 1593//3136
f 1335//3137 1567//3137 1568//3137
f 1335//3138 1389//3138 1567//3138
f 1604//3145 1605//3145 1606//3145
f 1606//3146 1607//3146 1604//3146
f 1606//3157 1612//3157 1607//3157
f 1606//3159 1613//3159 1612//3159
f 1613//3161 1615//3161 1612//3161
f 1607//3162 1616//3162 1604//3162
f 1615//3163 1617//3163 1619//3163
f 1619//3164 1612//3164 1615//3164
f 1615//3165 1618//3165 1617//3165
f 1619//3166 1616//3166 1607//3166
f 1619//3167 1607//3167 1612//3167
f 1604//3168 1636//3168 1608//3168
f 1334//3173 1568//3173 1393//3173
f 1568//3174 1569//3174 1393//3174
f 1623//3175 1393//3175 1569//3175
f 1570//3176 1571//3176 1590//3176
f 1570//3177 1590//3177 1569//3177
f 1588//3178 1623//3178 1589//3178
f 1589//3179 1623//3179 1569//3179
f 1590//3180 1589//3180 1569//3180
f 1623//3181 1587//3181 1393//3181
f 1590//3182 1625//3182 1585//3182
f 1584//3183 1585//3183 1625//3183
f 1571//3184 1626//3184 1590//3184
f 1515//3185 1626//3185 1571//3185
f 1515//3186 1571//3186 1572//3186
f 1515//3187 1516//3187 1629//3187
f 1629//3188 1516//3188 1573//3188
f 1515//3189 1628//3189 1626//3189
f 1625//3190 1578//3190 1584//3190
f 1625//3191 1590//3191 1627//3191
f 1627//3192 1590//3192 1626//3192
f 1591//3193 1625//3193 1627//3193
f 1628//3194 1515//3194 1629//3194
f 1626//3195 1628//3195 1627//3195
f 1631//3196 1628//3196 1629//3196
f 1631//3197 1629//3197 1630//3197
f 1629//3198 1573//3198 1630//3198
f 1574//3199 1630//3199 1573//3199
f 1750//3200 1631//3200 1751//3200
f 1632//3201 1631//3201 1630//3201
f 1633//3202 1632//3202 1574//3202
f 1500//3203 1499//3203 1503//3203
f 1591//3204 1578//3204 1625//3204
f 1579//3205 1595//3205 1478//3205
f 1636//3207 1604//3207 1637//3207
f 1636//3208 1637//3208 1620//3208
f 1604//3209 1616//3209 1845//3209
f 1620//3210 1637//3210 1443//3210
f 1640//3211 1637//3211 1604//3211
f 1637//3212 1640//3212 1638//3212
f 1640//3213 1604//3213 1845//3213
f 1640//3214 1845//3214 1639//3214
f 1617//3215 1865//3215 1846//3215
f 1617//3216 1618//3216 1865//3216
f 1507//3223 1646//3223 1645//3223
f 1599//3365 1746//3365 1646//3365
f 1746//3366 1599//3366 1748//3366
f 1600//3367 1598//3367 1747//3367
f 1600//3368 1747//3368 1748//3368
f 1745//3369 1746//3369 1924//3369
f 1924//3370 1746//3370 1748//3370
f 1747//3371 1750//3371 1751//3371
f 1752//3375 1438//3375 1439//3375
f 1634//3394 1633//3394 1635//3394
f 1633//3395 1574//3395 1635//3395
f 1634//3396 1758//3396 1633//3396
f 1632//3397 1633//3397 1759//3397
f 1631//3398 1632//3398 1759//3398
f 1631//3399 1759//3399 1751//3399
f 1759//3400 1760//3400 1761//3400
f 1751//3401 1759//3401 1761//3401
f 1817//3493 1794//3493 1816//3493
f 1835//3521 1834//3521 1830//3521
f 1830//3522 1833//3522 1835//3522
f 1835//3523 1833//3523 1914//3523
f 1833//3524 1829//3524 1914//3524
f 1927//3525 1832//3525 1834//3525
f 1834//3526 1835//3526 1927//3526
f 1830//3544 1744//3544 1833//3544
f 1616//3545 1619//3545 1845//3545
f 1619//3546 1617//3546 1846//3546
f 1845//3547 1619//3547 1846//3547
f 1618//3548 1642//3548 1865//3548
f 1566//3552 1644//3552 1563//3552
f 1858//3574 1640//3574 1864//3574
f 1858//3575 1638//3575 1640//3575
f 1864//3576 1640//3576 1859//3576
f 1857//3577 1859//3577 1640//3577
f 1639//3578 1857//3578 1640//3578
f 1845//3579 1846//3579 1639//3579
f 1846//3580 1860//3580 1639//3580
f 1639//3581 1860//3581 1857//3581
f 1642//3582 1861//3582 1865//3582
f 1865//3583 1861//3583 1875//3583
f 1862//3584 1859//3584 1857//3584
f 1866//3585 1858//3585 1864//3585
f 1863//3586 1859//3586 1862//3586
f 1869//3587 1862//3587 1860//3587
f 1865//3588 1860//3588 1846//3588
f 1860//3589 1862//3589 1857//3589
f 1875//3590 1860//3590 1865//3590
f 1869//3591 1860//3591 1875//3591
f 1862//3592 1869//3592 1863//3592
f 1864//3593 1859//3593 1867//3593
f 1864//3594 1870//3594 2235//3594
f 1864//3595 2235//3595 1866//3595
f 1867//3596 1870//3596 1864//3596
f 1868//3597 1859//3597 1863//3597
f 1863//3598 1869//3598 1868//3598
f 1868//3599 1867//3599 1859//3599
f 1868//3600 1869//3600 1871//3600
f 1868//3601 1871//3601 1867//3601
f 1871//3602 1870//3602 1867//3602
f 1871//3603 1874//3603 1870//3603
f 1872//3604 1866//3604 2235//3604
f 1877//3605 2235//3605 1870//3605
f 1877//3606 1870//3606 1874//3606
f 1869//3607 1873//3607 1871//3607
f 1873//3608 1869//3608 1875//3608
f 1876//3609 1871//3609 1873//3609
f 1875//3610 1861//3610 1878//3610
f 1880//3611 1642//3611 1641//3611
f 1644//3612 1880//3612 1641//3612
f 1879//3613 1642//3613 1880//3613
f 1861//3614 1642//3614 1879//3614
f 1856//3659 1904//3659 1851//3659
f 1856//3662 1907//3662 1904//3662
f 1904//3663 1907//3663 1908//3663
f 1908//3664 1909//3664 1936//3664
f 1909//3665 1908//3665 1907//3665
f 1910//3666 1856//3666 1905//3666
f 1856//3667 1910//3667 1907//3667
f 1913//3680 1915//3680 1943//3680
f 1914//3681 1915//3681 1913//3681
f 1913//3682 1916//3682 1914//3682
f 1915//3683 1914//3683 1895//3683
f 1895//3684 1914//3684 1829//3684
f 1921//3698 1922//3698 1920//3698
f 1746//3702 1645//3702 1646//3702
f 1645//3703 1746//3703 1745//3703
f 1925//3704 1924//3704 1748//3704
f 1925//3705 1748//3705 1749//3705
f 1835//3709 1914//3709 1917//3709
f 1917//3710 1914//3710 1916//3710
f 1796//3712 1928//3712 1798//3712
f 1799//3713 1796//3713 1798//3713
f 1928//3714 1796//3714 1832//3714
f 1832//3715 1927//3715 1928//3715
f 1835//3716 1917//3716 1927//3716
f 1928//3717 1927//3717 1917//3717
f 1916//3718 1929//3718 1917//3718
f 1917//3719 1929//3719 1928//3719
f 1916//3720 1913//3720 1933//3720
f 1916//3721 1933//3721 1930//3721
f 1930//3722 1931//3722 1986//3722
f 1935//3723 1986//3723 1931//3723
f 1935//3724 1932//3724 1986//3724
f 1930//3726 1934//3726 1931//3726
f 1908//3727 1936//3727 1932//3727
f 1935//3728 1908//3728 1932//3728
f 1904//3729 1908//3729 1935//3729
f 1935//3732 1938//3732 1904//3732
f 1955//3756 1951//3756 1956//3756
f 1956//3757 1951//3757 1954//3757
f 1958//3758 1956//3758 1957//3758
f 1964//3769 1962//3769 1955//3769
f 1962//3770 1964//3770 1965//3770
f 1963//3775 1962//3775 1965//3775
f 1955//3776 1967//3776 1964//3776
f 1956//3777 1968//3777 1955//3777
f 1967//3778 1955//3778 1968//3778
f 1956//3779 1958//3779 1971//3779
f 1956//3780 1971//3780 1968//3780
f 1964//3781 1967//3781 1969//3781
f 1977//3782 1969//3782 1967//3782
f 1977//3783 1967//3783 1968//3783
f 1977//3784 1968//3784 1970//3784
f 1970//3785 1973//3785 1977//3785
f 1968//3786 1971//3786 1970//3786
f 1921//3787 1971//3787 1972//3787
f 1971//3788 1921//3788 1973//3788
f 1971//3789 1973//3789 1970//3789
f 1971//3790 1958//3790 1972//3790
f 1921//3791 1972//3791 1974//3791
f 1921//3792 1974//3792 1922//3792
f 1921//3793 1920//3793 1843//3793
f 1921//3794 1843//3794 1975//3794
f 1977//3796 1843//3796 1976//3796
f 1976//3797 1969//3797 1977//3797
f 1819//3798 1976//3798 1820//3798
f 1819//3799 1815//3799 1978//3799
f 1976//3800 1819//3800 1969//3800
f 1819//3801 1978//3801 1969//3801
f 1969//3802 1978//3802 1964//3802
f 1965//3803 1964//3803 1979//3803
f 1981//3804 1979//3804 1964//3804
f 1981//3805 1964//3805 1980//3805
f 1980//3806 1964//3806 1978//3806
f 1980//3807 1978//3807 1815//3807
f 1980//3808 1815//3808 1818//3808
f 1818//3809 1981//3809 1980//3809
f 1818//3810 1982//3810 1981//3810
f 1982//3811 1818//3811 1794//3811
f 1795//3813 1983//3813 1816//3813
f 1983//3814 1795//3814 1799//3814
f 1817//3815 1816//3815 1983//3815
f 1817//3816 1985//3816 1794//3816
f 1984//3817 1817//3817 1983//3817
f 1817//3818 1984//3818 1985//3818
f 1985//3819 1982//3819 1794//3819
f 1984//3820 1983//3820 1799//3820
f 1984//3821 1799//3821 1798//3821
f 1929//3822 1798//3822 1928//3822
f 1916//3823 1930//3823 1929//3823
f 1929//3824 1930//3824 1986//3824
f 1987//3825 1988//3825 2300//3825
f 1872//3826 1858//3826 1866//3826
f 1872//3827 1989//3827 1858//3827
f 1442//3828 1858//3828 1989//3828
f 1935//3834 1939//3834 1938//3834
f 1931//3835 1939//3835 1935//3835
f 1996//3848 1994//3848 1997//3848
f 1960//3853 2224//3853 1998//3853
f 2224//3854 1960//3854 1999//3854
f 2000//3855 1999//3855 1960//3855
f 2003//3856 2000//3856 1960//3856
f 1999//3857 2001//3857 2224//3857
f 2225//3858 2001//3858 1999//3858
f 1999//3859 2000//3859 2002//3859
f 2303//3860 2000//3860 2003//3860
f 2006//3861 2003//3861 1959//3861
f 2005//3863 2004//3863 1963//3863
f 1963//3864 1965//3864 2008//3864
f 1963//3865 2008//3865 2005//3865
f 2004//3866 2005//3866 2006//3866
f 2005//3867 2007//3867 2009//3867
f 2005//3868 2009//3868 2006//3868
f 2011//3869 2006//3869 2009//3869
f 2010//3870 2003//3870 2006//3870
f 2010//3871 2006//3871 2011//3871
f 1965//3872 1979//3872 2008//3872
f 1748//3873 1747//3873 1749//3873
f 1749//3874 1747//3874 1751//3874
f 1749//3875 1751//3875 1925//3875
f 1761//3876 1925//3876 1751//3876
f 1956//3880 1954//3880 1957//3880
f 2016//3885 2015//3885 1996//3885
f 2016//3886 2017//3886 2015//3886
f 2017//3888 2019//3888 2018//3888
f 2020//3890 2014//3890 2018//3890
f 2014//3891 2020//3891 2021//3891
f 2109//3892 2021//3892 2020//3892
f 2020//3893 2018//3893 2019//3893
f 2109//3894 2020//3894 2019//3894
f 2019//3895 2218//3895 2109//3895
f 2017//3896 2218//3896 2019//3896
f 2017//3897 2016//3897 2218//3897
f 1996//3898 2022//3898 2016//3898
f 2016//3899 2023//3899 2218//3899
f 2023//3900 2016//3900 2024//3900
f 2024//3901 2016//3901 2022//3901
f 2275//3902 1996//3902 1997//3902
f 2023//3903 2024//3903 2025//3903
f 2025//3904 2024//3904 2022//3904
f 2026//3905 2023//3905 2025//3905
f 2027//3906 2026//3906 2025//3906
f 2027//3907 2025//3907 2028//3907
f 2029//3908 2027//3908 2028//3908
f 2030//3909 2029//3909 2040//3909
f 2029//3910 2028//3910 2035//3910
f 2031//3911 2029//3911 2035//3911
f 2029//3912 2031//3912 2040//3912
f 2032//3913 2028//3913 2025//3913
f 2028//3914 2032//3914 2033//3914
f 2034//3915 2028//3915 2033//3915
f 2034//3916 2035//3916 2028//3916
f 2033//3917 2036//3917 2034//3917
f 2036//3918 2033//3918 2037//3918
f 2031//3919 2035//3919 2034//3919
f 2037//3920 2038//3920 2036//3920
f 2034//3921 2039//3921 2031//3921
f 2038//3922 2034//3922 2036//3922
f 2038//3923 2122//3923 2034//3923
f 2034//3924 2122//3924 2039//3924
f 2041//3925 2029//3925 2030//3925
f 2041//3926 2027//3926 2029//3926
f 2041//3927 2030//3927 2043//3927
f 2065//3928 2042//3928 2041//3928
f 2043//3929 2030//3929 2045//3929
f 2045//3930 2030//3930 2046//3930
f 2046//3931 2047//3931 2045//3931
f 2045//3932 2047//3932 2048//3932
f 2043//3933 2045//3933 2044//3933
f 2050//3934 2049//3934 2048//3934
f 2051//3935 2046//3935 2030//3935
f 2051//3936 2030//3936 2040//3936
f 2052//3937 2040//3937 2031//3937
f 2040//3938 2052//3938 2051//3938
f 2052//3939 2092//3939 2089//3939
f 2052//3940 2089//3940 2051//3940
f 2047//3941 2046//3941 2051//3941
f 2047//3942 2050//3942 2048//3942
f 2050//3943 2047//3943 2054//3943
f 2048//3944 2049//3944 2055//3944
f 2049//3945 2057//3945 2055//3945
f 2044//3946 2048//3946 2055//3946
f 2057//3947 2049//3947 2058//3947
f 2059//3948 2049//3948 2056//3948
f 2049//3949 2059//3949 2058//3949
f 2058//3950 2060//3950 2057//3950
f 2058//3951 2059//3951 2061//3951
f 2058//3952 2061//3952 2060//3952
f 2048//3953 2044//3953 2045//3953
f 2044//3954 2064//3954 2043//3954
f 2064//3955 2044//3955 2055//3955
f 2055//3956 2057//3956 2064//3956
f 2064//3957 2057//3957 2060//3957
f 2064//3958 2067//3958 2066//3958
f 2066//3959 2043//3959 2064//3959
f 2043//3960 2065//3960 2041//3960
f 2043//3961 2066//3961 2065//3961
f 2066//3962 2067//3962 2068//3962
f 2066//3963 2068//3963 2065//3963
f 2069//3964 2065//3964 2068//3964
f 2067//3965 2070//3965 2071//3965
f 2067//3966 2071//3966 2068//3966
f 2065//3967 2069//3967 2042//3967
f 2041//3968 2042//3968 2027//3968
f 2042//3969 2069//3969 2072//3969
f 2069//3970 2068//3970 2071//3970
f 2070//3971 2073//3971 2071//3971
f 2073//3972 2110//3972 2071//3972
f 2075//3973 2110//3973 2073//3973
f 2074//3974 2073//3974 2070//3974
f 2063//3975 2067//3975 2064//3975
f 2067//3976 2063//3976 2070//3976
f 2063//3977 2064//3977 2060//3977
f 2060//3978 2061//3978 2063//3978
f 2063//3979 2074//3979 2070//3979
f 2076//3980 2061//3980 2059//3980
f 2062//3981 2077//3981 2079//3981
f 2059//3982 2077//3982 2062//3982
f 2077//3983 2078//3983 2082//3983
f 2111//3984 2077//3984 2082//3984
f 2062//3985 2076//3985 2059//3985
f 2062//3986 2080//3986 2076//3986
f 2080//3987 2079//3987 2081//3987
f 2079//3988 2080//3988 2062//3988
f 2079//3989 2077//3989 2111//3989
f 2079//3990 2111//3990 2081//3990
f 2078//3991 2077//3991 2083//3991
f 2083//3992 2077//3992 2056//3992
f 2111//3993 2082//3993 2085//3993
f 2082//3994 2086//3994 2085//3994
f 2087//3995 2082//3995 2078//3995
f 2087//3996 2078//3996 2084//3996
f 2087//3997 2084//3997 2088//3997
f 2082//3998 2087//3998 2086//3998
f 2088//3999 2086//3999 2087//3999
f 2083//4000 2084//4000 2078//4000
f 2056//4001 2077//4001 2059//4001
f 2056//4002 2094//4002 2083//4002
f 2056//4003 2049//4003 2050//4003
f 2056//4004 2050//4004 2094//4004
f 2089//4005 2050//4005 2054//4005
f 2051//4006 2089//4006 2054//4006
f 2054//4007 2047//4007 2051//4007
f 2091//4008 2053//4008 2090//4008
f 2053//4009 2091//4009 2098//4009
f 2053//4010 2092//4010 2052//4010
f 2089//4011 2093//4011 2050//4011
f 2093//4012 2089//4012 2092//4012
f 2093//4013 2096//4013 2050//4013
f 2096//4014 2095//4014 2050//4014
f 2050//4015 2095//4015 2094//4015
f 2094//4016 2095//4016 2100//4016
f 2096//4017 2093//4017 2092//4017
f 2092//4018 2053//4018 2098//4018
f 2097//4019 2095//4019 2096//4019
f 2096//4020 2092//4020 2098//4020
f 2097//4021 2096//4021 2098//4021
f 2098//4022 2099//4022 2097//4022
f 2095//4023 2097//4023 2100//4023
f 2100//4024 2101//4024 2094//4024
f 2094//4025 2101//4025 2102//4025
f 2102//4026 2086//4026 2103//4026
f 2094//4027 2102//4027 2103//4027
f 2083//4028 2094//4028 2103//4028
f 2103//4029 2088//4029 2083//4029
f 2083//4030 2088//4030 2084//4030
f 2088//4031 2103//4031 2086//4031
f 2099//4032 2098//4032 2104//4032
f 2104//4033 2098//4033 2091//4033
f 1758//4034 1634//4034 1762//4034
f 2105//4037 1972//4037 1958//4037
f 1758//4038 1760//4038 1633//4038
f 1633//4039 1760//4039 1759//4039
f 1758//4040 1762//4040 1760//4040
f 2106//4041 1957//4041 1954//4041
f 1954//4043 2013//4043 2106//4043
f 2106//4044 2013//4044 2107//4044
f 2108//4045 2106//4045 2107//4045
f 2216//4047 2014//4047 2021//4047
f 2110//4048 2072//4048 2069//4048
f 2075//4049 2306//4049 2110//4049
f 2071//4050 2110//4050 2069//4050
f 2307//4051 2085//4051 2086//4051
f 2114//4052 2086//4052 2102//4052
f 2114//4053 2102//4053 2112//4053
f 2114//4054 2307//4054 2086//4054
f 2101//4055 2112//4055 2102//4055
f 2112//4056 2101//4056 2113//4056
f 2101//4057 2100//4057 2113//4057
f 2115//4058 2113//4058 2100//4058
f 2104//4059 2310//4059 2099//4059
f 2311//4060 2097//4060 2099//4060
f 2091//4061 2117//4061 2104//4061
f 2104//4062 2117//4062 2118//4062
f 2117//4063 2091//4063 2090//4063
f 2121//4064 2118//4064 2117//4064
f 2120//4065 2117//4065 2090//4065
f 2120//4066 2121//4066 2117//4066
f 2118//4067 2121//4067 2119//4067
f 2119//4068 2121//4068 2269//4068
f 2120//4069 2090//4069 2122//4069
f 2120//4070 2261//4070 2121//4070
f 2038//4071 2120//4071 2122//4071
f 2052//4072 2031//4072 2039//4072
f 2039//4073 2122//4073 2053//4073
f 2039//4074 2053//4074 2052//4074
f 2053//4075 2122//4075 2090//4075
f 2124//4076 2123//4076 2125//4076
f 2126//4077 2123//4077 2127//4077
f 2127//4078 2123//4078 2124//4078
f 2128//4079 2123//4079 2126//4079
f 2129//4080 2124//4080 2125//4080
f 2124//4081 2129//4081 2130//4081
f 2130//4082 2131//4082 2124//4082
f 2133//4083 2129//4083 2125//4083
f 2134//4084 2126//4084 2127//4084
f 2140//4085 2127//4085 2124//4085
f 2126//4086 2134//4086 2135//4086
f 2136//4087 2140//4087 2124//4087
f 2137//4088 2131//4088 2138//4088
f 2132//4089 2131//4089 2130//4089
f 2131//4090 2139//4090 2138//4090
f 2142//4091 2138//4091 2139//4091
f 2131//4092 2137//4092 2124//4092
f 2136//4093 2124//4093 2137//4093
f 2138//4094 2141//4094 2137//4094
f 2142//4095 2139//4095 2143//4095
f 2142//4096 2144//4096 2155//4096
f 2144//4097 2142//4097 2143//4097
f 2139//4098 2145//4098 2143//4098
f 2155//4099 2144//4099 2164//4099
f 2144//4100 2146//4100 2164//4100
f 2132//4101 2145//4101 2139//4101
f 2132//4102 2139//4102 2131//4102
f 2132//4103 2147//4103 2145//4103
f 2145//4104 2147//4104 2143//4104
f 2132//4105 2130//4105 2147//4105
f 2148//4106 2185//4106 2130//4106
f 2148//4107 2130//4107 2129//4107
f 2149//4108 2129//4108 2133//4108
f 2125//4109 2123//4109 2128//4109
f 2129//4110 2149//4110 2148//4110
f 2150//4111 2125//4111 2128//4111
f 2133//4112 2125//4112 2150//4112
f 2134//4113 2127//4113 2140//4113
f 2134//4114 2140//4114 2151//4114
f 2140//4115 2136//4115 2152//4115
f 2137//4116 2158//4116 2136//4116
f 2140//4117 2152//4117 2151//4117
f 2135//4118 2134//4118 2159//4118
f 2151//4119 2153//4119 2134//4119
f 2152//4120 2136//4120 2158//4120
f 2155//4121 2154//4121 2141//4121
f 2141//4122 2154//4122 2137//4122
f 2152//4123 2156//4123 2151//4123
f 2151//4124 2156//4124 2153//4124
f 2152//4125 2158//4125 2157//4125
f 2156//4126 2152//4126 2157//4126
f 2153//4127 2159//4127 2134//4127
f 2270//4128 2135//4128 2159//4128
f 2154//4129 2158//4129 2137//4129
f 2155//4130 2141//4130 2138//4130
f 2155//4131 2164//4131 2154//4131
f 2164//4132 2162//4132 2154//4132
f 2160//4133 2164//4133 2179//4133
f 2160//4134 2161//4134 2164//4134
f 2164//4135 2161//4135 2162//4135
f 2162//4136 2163//4136 2154//4136
f 2154//4137 2163//4137 2158//4137
f 2157//4138 2158//4138 2163//4138
f 2155//4139 2138//4139 2142//4139
f 2179//4140 2164//4140 2146//4140
f 2146//4141 2165//4141 2179//4141
f 2156//4142 2157//4142 2167//4142
f 2167//4143 2153//4143 2156//4143
f 2168//4144 2167//4144 2157//4144
f 2157//4145 2169//4145 2168//4145
f 2162//4146 2169//4146 2163//4146
f 2163//4147 2169//4147 2157//4147
f 2170//4148 2162//4148 2161//4148
f 2160//4149 2166//4149 2178//4149
f 2160//4150 2178//4150 2171//4150
f 2160//4151 2171//4151 2161//4151
f 2170//4152 2172//4152 2169//4152
f 2170//4153 2169//4153 2162//4153
f 2173//4154 2170//4154 2161//4154
f 2161//4155 2174//4155 2173//4155
f 2314//4156 2173//4156 2174//4156
f 2170//4157 2173//4157 2314//4157
f 2169//4158 2172//4158 2168//4158
f 2174//4159 2161//4159 2318//4159
f 2318//4160 2161//4160 2171//4160
f 2166//4161 2160//4161 2179//4161
f 2166//4162 2179//4162 2176//4162
f 2176//4163 2178//4163 2166//4163
f 2171//4164 2178//4164 2176//4164
f 2176//4165 2177//4165 2171//4165
f 2177//4166 2176//4166 2179//4166
f 2179//4167 2165//4167 2177//4167
f 2180//4168 2143//4168 2147//4168
f 2147//4169 2181//4169 2180//4169
f 2180//4170 2144//4170 2143//4170
f 2183//4171 2180//4171 2181//4171
f 2181//4172 2147//4172 2130//4172
f 2181//4173 2182//4173 2183//4173
f 2185//4174 2181//4174 2130//4174
f 2181//4175 2185//4175 2184//4175
f 2185//4176 2148//4176 2186//4176
f 2186//4177 2188//4177 2191//4177
f 2186//4178 2191//4178 2185//4178
f 2189//4179 2188//4179 2187//4179
f 2186//4180 2148//4180 2149//4180
f 2191//4181 2188//4181 2189//4181
f 2190//4182 2189//4182 2187//4182
f 2191//4183 2192//4183 2185//4183
f 2191//4184 2189//4184 2192//4184
f 2192//4185 2184//4185 2185//4185
f 2194//4186 2184//4186 2192//4186
f 2194//4187 2192//4187 2193//4187
f 2195//4188 2193//4188 2192//4188
f 2195//4189 2192//4189 2190//4189
f 2193//4190 2196//4190 2194//4190
f 2197//4191 2194//4191 2196//4191
f 2198//4192 2197//4192 2196//4192
f 2193//4193 2195//4193 2196//4193
f 2198//4194 2199//4194 2197//4194
f 2197//4195 2201//4195 2194//4195
f 2200//4196 2184//4196 2194//4196
f 2199//4197 2201//4197 2197//4197
f 2184//4198 2200//4198 2181//4198
f 2181//4199 2200//4199 2182//4199
f 2200//4200 2194//4200 2201//4200
f 2203//4201 2146//4201 2144//4201
f 2144//4202 2180//4202 2203//4202
f 2183//4203 2203//4203 2180//4203
f 2203//4204 2202//4204 2146//4204
f 2146//4205 2202//4205 2204//4205
f 2149//4206 2188//4206 2186//4206
f 2231//4215 2214//4215 2213//4215
f 2227//4221 1922//4221 1974//4221
f 2229//4222 1972//4222 2105//4222
f 2108//4223 2217//4223 2106//4223
f 2216//4224 2108//4224 2107//4224
f 2014//4225 2216//4225 2107//4225
f 2216//4226 2217//4226 2108//4226
f 1913//4227 1943//4227 1933//4227
f 2149//4228 2133//4228 2188//4228
f 2188//4229 2133//4229 2187//4229
f 2133//4230 2219//4230 2187//4230
f 2219//4231 2133//4231 2150//4231
f 2150//4232 2128//4232 2220//4232
f 2271//4233 2135//4233 2270//4233
f 2135//4234 2221//4234 2126//4234
f 2126//4235 2221//4235 2128//4235
f 2128//4236 2221//4236 2220//4236
f 2221//4237 2135//4237 2271//4237
f 2187//4238 2219//4238 2223//4238
f 2222//4239 2223//4239 2219//4239
f 2001//4240 2225//4240 2205//4240
f 2205//4241 2224//4241 2001//4241
f 1994//4243 2224//4243 1997//4243
f 2231//4246 2215//4246 2226//4246
f 2215//4247 2227//4247 2226//4247
f 2228//4248 2226//4248 2227//4248
f 1974//4249 2228//4249 2227//4249
f 1974//4250 1972//4250 2229//4250
f 1974//4251 2229//4251 2228//4251
f 2232//4252 2226//4252 2228//4252
f 2229//4253 2230//4253 2228//4253
f 2230//4254 2233//4254 2228//4254
f 2231//4255 2226//4255 2232//4255
f 2233//4256 2232//4256 2228//4256
f 1989//4257 1872//4257 2234//4257
f 2242//4258 2234//4258 1872//4258
f 1872//4259 2235//4259 2242//4259
f 2240//4260 2235//4260 1877//4260
f 1874//4261 1871//4261 1876//4261
f 1877//4262 1874//4262 1876//4262
f 1877//4263 2236//4263 2240//4263
f 2236//4264 1877//4264 1876//4264
f 2237//4265 1876//4265 1873//4265
f 1878//4266 1873//4266 1875//4266
f 2236//4267 1876//4267 2237//4267
f 2236//4268 2237//4268 2238//4268
f 2238//4269 2240//4269 2236//4269
f 2239//4270 2240//4270 2238//4270
f 2241//4271 2240//4271 2239//4271
f 2241//4272 2242//4272 2240//4272
f 2240//4273 2242//4273 2235//4273
f 2246//4280 2248//4280 2255//4280
f 2254//4287 2253//4287 2250//4287
f 2254//4288 2250//4288 2252//4288
f 2254//4290 2252//4290 2280//4290
f 2254//4291 2280//4291 2206//4291
f 2253//4292 2254//4292 2255//4292
f 2253//4293 2255//4293 2248//4293
f 2206//4295 2208//4295 2254//4295
f 2280//4296 2256//4296 2206//4296
f 2280//4297 2281//4297 2256//4297
f 2251//4300 2211//4300 2258//4300
f 2211//4301 2214//4301 2257//4301
f 2257//4302 2214//4302 2231//4302
f 2231//4303 2232//4303 2257//4303
f 2257//4304 2258//4304 2211//4304
f 2279//4305 2251//4305 2258//4305
f 2282//4306 2258//4306 2257//4306
f 2282//4307 2257//4307 2232//4307
f 2120//4308 2038//4308 2259//4308
f 2032//4309 2025//4309 2260//4309
f 2022//4310 2260//4310 2025//4310
f 2259//4311 2261//4311 2120//4311
f 2262//4312 2261//4312 2263//4312
f 2263//4313 2261//4313 2259//4313
f 2259//4314 2038//4314 2037//4314
f 2033//4315 2265//4315 2037//4315
f 2037//4316 2265//4316 2264//4316
f 2259//4317 2037//4317 2264//4317
f 2263//4318 2259//4318 2268//4318
f 2264//4319 2265//4319 2266//4319
f 2264//4320 2266//4320 2259//4320
f 2275//4321 2265//4321 2033//4321
f 2275//4322 2267//4322 2265//4322
f 2265//4323 2267//4323 2266//4323
f 2259//4324 2266//4324 2268//4324
f 2262//4325 2269//4325 2261//4325
f 2121//4326 2261//4326 2269//4326
f 2270//4327 2262//4327 2271//4327
f 2271//4328 2262//4328 2320//4328
f 2270//4329 2269//4329 2262//4329
f 2153//4330 2167//4330 2159//4330
f 2170//4331 2175//4331 2172//4331
f 2314//4332 2312//4332 2170//4332
f 2318//4333 2171//4333 2177//4333
f 2273//4334 2177//4334 2165//4334
f 2274//4335 2165//4335 2146//4335
f 2146//4336 2204//4336 2274//4336
f 2215//4339 1922//4339 2227//4339
f 1975//4340 1843//4340 1977//4340
f 1977//4341 1973//4341 1975//4341
f 1921//4342 1975//4342 1973//4342
f 2275//4343 2033//4343 2032//4343
f 2275//4344 2032//4344 2260//4344
f 2260//4345 2022//4345 1996//4345
f 2260//4346 1996//4346 2275//4346
f 2150//4347 2220//4347 2276//4347
f 2276//4348 2222//4348 2150//4348
f 2219//4349 2150//4349 2222//4349
f 2320//4350 2221//4350 2271//4350
f 2221//4351 2266//4351 2220//4351
f 2220//4352 2266//4352 2276//4352
f 2254//4353 2208//4353 2255//4353
f 2251//4354 2280//4354 2252//4354
f 2281//4355 2280//4355 2251//4355
f 2279//4356 2281//4356 2251//4356
f 2279//4357 2258//4357 2282//4357
f 2287//4358 2284//4358 2277//4358
f 2287//4359 2285//4359 2284//4359
f 2278//4360 2284//4360 2285//4360
f 2277//4361 2286//4361 2287//4361
f 2278//4362 2285//4362 2283//4362
f 2283//4363 2285//4363 2287//4363
f 2283//4364 2287//4364 2289//4364
f 2277//4365 2288//4365 2286//4365
f 2286//4366 2283//4366 2289//4366
f 2289//4367 2287//4367 2286//4367
f 2293//4368 2286//4368 2288//4368
f 2286//4369 2290//4369 2283//4369
f 2288//4370 2294//4370 2293//4370
f 2291//4371 2283//4371 2290//4371
f 2290//4372 2295//4372 2291//4372
f 2288//4373 2292//4373 2294//4373
f 2298//4374 2291//4374 2295//4374
f 2298//4375 2295//4375 2296//4375
f 2290//4376 2286//4376 2293//4376
f 2294//4377 2290//4377 2293//4377
f 2292//4378 2288//4378 2297//4378
f 2297//4379 2296//4379 2295//4379
f 2297//4380 2299//4380 2296//4380
f 2292//4381 2295//4381 2290//4381
f 2292//4382 2290//4382 2294//4382
f 2295//4383 2292//4383 2297//4383
f 2298//4384 2300//4384 1988//4384
f 2298//4385 2296//4385 2299//4385
f 2300//4386 2298//4386 2301//4386
f 2300//4387 2301//4387 1987//4387
f 2279//4388 2302//4388 2281//4388
f 2281//4389 2302//4389 2256//4389
f 1999//4390 2002//4390 2225//4390
f 2303//4391 2002//4391 2000//4391
f 2002//4392 2303//4392 2225//4392
f 2011//4393 2009//4393 2304//4393
f 2304//4394 2009//4394 2007//4394
f 2027//4395 2042//4395 2026//4395
f 2100//4396 2097//4396 2116//4396
f 2116//4397 2097//4397 2311//4397
f 2308//4398 2104//4398 2118//4398
f 2104//4399 2308//4399 2310//4399
f 2269//4400 2272//4400 2119//4400
f 2192//4401 2189//4401 2190//4401
f 1986//4402 1937//4402 1929//4402
f 1798//4403 1929//4403 1937//4403
f 1984//4404 1798//4404 1937//4404
f 2116//4405 2115//4405 2100//4405
f 2116//4406 2311//4406 2309//4406
f 2116//4407 2309//4407 2115//4407
f 2311//4408 2099//4408 2310//4408
f 2312//4409 2175//4409 2170//4409
f 2168//4410 2172//4410 2313//4410
f 2313//4411 2172//4411 2175//4411
f 2315//4412 2174//4412 2317//4412
f 2315//4413 2314//4413 2174//4413
f 2316//4414 2312//4414 2314//4414
f 2315//4415 2316//4415 2314//4415
f 2318//4416 2317//4416 2174//4416
f 2318//4417 2177//4417 2273//4417
f 2165//4418 2274//4418 2273//4418
f 2110//4419 2306//4419 2319//4419
f 2110//4420 2319//4420 2072//4420
f 2072//4421 2305//4421 2042//4421
f 2042//4422 2305//4422 2026//4422
f 2221//4423 2320//4423 2266//4423
f 2262//4424 2263//4424 2268//4424
f 2270//4425 2272//4425 2269//4425
usemtl Rogue_DarkSteel
f 59//36 24//36 203//36
f 203//37 24//37 25//37
f 54//93 44//93 402//93
f 57//94 53//94 56//94
f 53//95 57//95 58//95
f 56//96 53//96 55//96
f 55//97 53//97 54//97
f 57//98 56//98 398//98
f 140//99 57//99 398//99
f 55//100 54//100 402//100
f 70//130 76//130 71//130
f 71//131 76//131 77//131
f 78//132 71//132 84//132
f 71//133 187//133 84//133
f 84//134 79//134 78//134
f 82//135 78//135 79//135
f 83//136 80//136 81//136
f 188//137 81//137 80//137
f 188//138 80//138 84//138
f 84//139 80//139 79//139
f 187//140 71//140 77//140
f 77//141 76//141 85//141
f 85//142 76//142 86//142
f 63//143 76//143 70//143
f 140//227 139//227 141//227
f 140//228 404//228 139//228
f 141//229 58//229 140//229
f 140//230 58//230 57//230
f 58//231 141//231 142//231
f 92//232 58//232 142//232
f 143//243 142//243 146//243
f 146//244 142//244 141//244
f 141//245 147//245 146//245
f 147//246 141//246 139//246
f 173//284 172//284 176//284
f 174//290 172//290 173//290
f 218//291 174//291 173//291
f 177//292 173//292 176//292
f 76//318 62//318 86//318
f 186//319 86//319 62//319
f 35//321 399//321 396//321
f 35//322 396//322 397//322
f 200//324 86//324 186//324
f 86//325 200//325 85//325
f 201//326 77//326 200//326
f 200//327 77//327 85//327
f 77//328 201//328 187//328
f 84//329 187//329 188//329
f 189//330 188//330 197//330
f 197//331 188//331 187//331
f 201//332 197//332 187//332
f 190//333 189//333 197//333
f 189//334 190//334 195//334
f 191//335 189//335 195//335
f 194//336 191//336 195//336
f 194//337 193//337 191//337
f 193//338 194//338 192//338
f 195//339 24//339 194//339
f 196//340 194//340 24//340
f 294//341 196//341 24//341
f 24//343 195//343 25//343
f 195//344 190//344 199//344
f 198//345 203//345 25//345
f 198//346 25//346 195//346
f 198//347 195//347 199//347
f 197//348 199//348 190//348
f 198//349 59//349 203//349
f 200//350 198//350 199//350
f 201//351 199//351 197//351
f 199//352 201//352 200//352
f 198//353 200//353 202//353
f 198//354 403//354 59//354
f 202//355 200//355 186//355
f 174//372 218//372 217//372
f 210//373 211//373 174//373
f 212//375 210//375 174//375
f 212//376 174//376 217//376
f 211//378 210//378 215//378
f 212//379 216//379 210//379
f 215//380 210//380 216//380
f 217//381 218//381 225//381
f 217//382 225//382 219//382
f 219//383 220//383 217//383
f 211//384 215//384 213//384
f 221//385 213//385 215//385
f 217//386 222//386 212//386
f 223//387 216//387 212//387
f 223//388 212//388 222//388
f 220//389 222//389 217//389
f 220//390 219//390 224//390
f 219//391 225//391 224//391
f 220//392 344//392 222//392
f 220//393 224//393 226//393
f 227//394 226//394 224//394
f 224//395 225//395 227//395
f 218//396 173//396 229//396
f 418//397 228//397 229//397
f 418//398 229//398 230//398
f 229//399 228//399 218//399
f 232//400 233//400 234//400
f 235//401 232//401 234//401
f 343//428 214//428 213//428
f 261//442 258//442 257//442
f 260//445 259//445 258//445
f 262//448 254//448 264//448
f 254//449 263//449 264//449
f 265//450 261//450 264//450
f 270//451 264//451 263//451
f 258//452 261//452 325//452
f 270//453 265//453 264//453
f 266//456 268//456 263//456
f 263//457 269//457 270//457
f 269//458 263//458 268//458
f 266//459 271//459 268//459
f 277//460 272//460 266//460
f 276//464 274//464 275//464
f 275//465 274//465 251//465
f 275//466 251//466 341//466
f 278//468 277//468 276//468
f 278//469 276//469 275//469
f 283//479 286//479 364//479
f 364//481 286//481 287//481
f 287//486 286//486 357//486
f 293//516 304//516 303//516
f 305//518 304//518 293//518
f 303//519 304//519 302//519
f 371//520 304//520 305//520
f 305//521 298//521 235//521
f 235//522 234//522 384//522
f 384//523 234//523 306//523
f 235//524 307//524 305//524
f 235//525 384//525 307//525
f 306//526 234//526 233//526
f 308//527 306//527 233//527
f 586//531 311//531 312//531
f 312//532 311//532 308//532
f 308//533 310//533 312//533
f 312//534 310//534 313//534
f 313//538 314//538 316//538
f 315//539 316//539 314//539
f 316//540 315//540 317//540
f 315//541 318//541 317//541
f 391//542 319//542 315//542
f 320//543 315//543 314//543
f 258//556 325//556 260//556
f 325//557 326//557 260//557
f 326//558 327//558 260//558
f 259//559 260//559 328//559
f 328//560 260//560 327//560
f 326//561 329//561 330//561
f 326//562 330//562 327//562
f 580//563 329//563 326//563
f 326//564 325//564 331//564
f 325//565 332//565 331//565
f 332//566 325//566 611//566
f 333//567 611//567 325//567
f 333//568 325//568 261//568
f 261//569 265//569 333//569
f 611//570 333//570 334//570
f 334//571 333//571 335//571
f 333//572 265//572 270//572
f 333//573 270//573 335//573
f 268//574 337//574 269//574
f 337//575 268//575 271//575
f 340//576 337//576 271//576
f 271//577 339//577 340//577
f 271//578 266//578 272//578
f 272//579 339//579 271//579
f 275//580 341//580 278//580
f 442//581 341//581 251//581
f 342//582 251//582 214//582
f 342//583 214//583 348//583
f 348//584 214//584 343//584
f 223//585 345//585 216//585
f 216//586 345//586 215//586
f 221//587 343//587 213//587
f 221//588 215//588 345//588
f 222//589 346//589 223//589
f 345//590 347//590 221//590
f 343//591 347//591 348//591
f 223//592 349//592 345//592
f 349//593 223//593 346//593
f 350//594 346//594 222//594
f 350//595 222//595 344//595
f 344//596 220//596 226//596
f 344//597 226//597 454//597
f 454//598 226//598 351//598
f 227//599 225//599 218//599
f 227//600 218//600 419//600
f 230//601 229//601 173//601
f 230//602 173//602 417//602
f 410//603 177//603 352//603
f 352//604 177//604 178//604
f 353//606 232//606 299//606
f 299//607 285//607 353//607
f 353//608 407//608 231//608
f 353//610 184//610 232//610
f 286//617 69//617 71//617
f 354//618 286//618 71//618
f 354//619 71//619 78//619
f 78//620 82//620 355//620
f 82//621 356//621 355//621
f 78//622 355//622 354//622
f 286//623 354//623 357//623
f 358//624 357//624 354//624
f 355//625 361//625 354//625
f 358//626 354//626 359//626
f 360//627 357//627 358//627
f 357//628 360//628 287//628
f 287//629 360//629 364//629
f 359//630 360//630 358//630
f 361//631 362//631 359//631
f 361//632 359//632 354//632
f 359//633 362//633 360//633
f 360//634 363//634 364//634
f 363//635 360//635 362//635
f 363//636 362//636 361//636
f 365//637 355//637 356//637
f 361//638 355//638 365//638
f 366//639 356//639 82//639
f 356//640 366//640 365//640
f 368//641 367//641 366//641
f 368//642 366//642 82//642
f 79//643 83//643 82//643
f 82//644 83//644 368//644
f 83//645 79//645 80//645
f 188//646 189//646 191//646
f 81//647 191//647 193//647
f 369//648 193//648 192//648
f 192//649 194//649 196//649
f 370//650 196//650 294//650
f 301//651 370//651 294//651
f 304//652 301//652 302//652
f 304//653 371//653 301//653
f 301//654 371//654 370//654
f 371//655 372//655 370//655
f 370//656 372//656 373//656
f 370//657 373//657 196//657
f 374//658 371//658 305//658
f 372//659 371//659 374//659
f 374//660 375//660 372//660
f 372//661 376//661 373//661
f 373//662 376//662 377//662
f 377//663 196//663 373//663
f 378//664 196//664 377//664
f 441//665 376//665 375//665
f 375//666 376//666 372//666
f 374//667 305//667 307//667
f 374//668 307//668 380//668
f 383//669 307//669 379//669
f 379//670 307//670 384//670
f 380//671 381//671 374//671
f 380//672 382//672 381//672
f 439//673 375//673 374//673
f 382//674 380//674 383//674
f 383//675 380//675 307//675
f 311//676 306//676 308//676
f 311//677 384//677 306//677
f 384//678 386//678 385//678
f 384//679 385//679 379//679
f 384//680 311//680 386//680
f 313//681 316//681 312//681
f 312//682 316//682 317//682
f 586//683 312//683 317//683
f 387//684 318//684 315//684
f 388//685 318//685 387//685
f 389//686 387//686 390//686
f 390//687 387//687 315//687
f 390//688 315//688 319//688
f 320//690 391//690 315//690
f 324//694 259//694 328//694
f 319//695 391//695 323//695
f 323//696 324//696 392//696
f 392//697 324//697 328//697
f 323//698 392//698 393//698
f 323//699 393//699 575//699
f 319//700 323//700 575//700
f 393//701 392//701 394//701
f 328//702 394//702 392//702
f 98//707 146//707 137//707
f 138//709 137//709 146//709
f 138//710 146//710 147//710
f 395//712 146//712 98//712
f 62//715 397//715 186//715
f 35//716 37//716 399//716
f 396//717 399//717 401//717
f 401//718 399//718 400//718
f 37//719 38//719 398//719
f 37//720 398//720 399//720
f 398//721 56//721 55//721
f 398//722 55//722 400//722
f 399//723 398//723 400//723
f 397//724 396//724 202//724
f 202//725 396//725 401//725
f 403//726 401//726 402//726
f 403//727 44//727 59//727
f 403//728 198//728 202//728
f 403//729 202//729 401//729
f 202//730 186//730 397//730
f 404//732 140//732 38//732
f 407//733 353//733 406//733
f 353//734 285//734 415//734
f 415//735 285//735 405//735
f 353//736 415//736 406//736
f 352//737 178//737 407//737
f 408//738 352//738 406//738
f 364//739 405//739 285//739
f 352//740 407//740 406//740
f 406//741 415//741 409//741
f 406//742 409//742 408//742
f 352//743 408//743 410//743
f 411//744 177//744 410//744
f 412//745 413//745 409//745
f 409//746 413//746 408//746
f 414//747 412//747 409//747
f 414//748 409//748 415//748
f 425//749 415//749 405//749
f 415//750 425//750 414//750
f 414//751 425//751 416//751
f 414//752 416//752 412//752
f 417//753 177//753 411//753
f 177//754 417//754 173//754
f 418//755 230//755 417//755
f 228//756 419//756 218//756
f 227//757 419//757 653//757
f 420//758 418//758 417//758
f 421//759 410//759 408//759
f 411//760 422//760 417//760
f 422//761 420//761 417//761
f 420//762 422//762 423//762
f 411//763 410//763 456//763
f 421//764 456//764 410//764
f 408//765 413//765 421//765
f 424//766 413//766 412//766
f 424//767 412//767 416//767
f 405//768 363//768 425//768
f 363//769 405//769 364//769
f 363//770 361//770 425//770
f 425//771 361//771 365//771
f 367//772 365//772 366//772
f 365//773 426//773 425//773
f 426//774 416//774 425//774
f 426//775 83//775 432//775
f 426//776 427//776 416//776
f 424//777 416//777 427//777
f 426//778 429//778 427//778
f 428//779 427//779 429//779
f 429//780 426//780 432//780
f 432//781 431//781 429//781
f 430//782 431//782 432//782
f 83//783 426//783 433//783
f 83//784 433//784 367//784
f 426//785 365//785 433//785
f 433//786 365//786 367//786
f 81//787 434//787 83//787
f 83//788 434//788 432//788
f 368//789 83//789 367//789
f 434//790 81//790 193//790
f 431//791 430//791 435//791
f 435//792 428//792 431//792
f 435//793 430//793 440//793
f 945//794 430//794 432//794
f 945//795 432//795 434//795
f 369//796 434//796 193//796
f 436//797 369//797 192//797
f 436//798 192//798 437//798
f 438//799 436//799 437//799
f 438//800 945//800 436//800
f 436//801 945//801 369//801
f 440//802 945//802 438//802
f 439//803 438//803 437//803
f 437//804 192//804 378//804
f 192//805 196//805 378//805
f 378//806 441//806 437//806
f 439//807 441//807 375//807
f 441//808 377//808 376//808
f 437//809 441//809 439//809
f 441//810 378//810 377//810
f 251//811 342//811 442//811
f 443//812 348//812 347//812
f 443//813 342//813 348//813
f 444//814 342//814 443//814
f 347//815 446//815 445//815
f 347//816 345//816 446//816
f 447//817 349//817 346//817
f 346//818 448//818 447//818
f 345//819 349//819 446//819
f 442//820 342//820 444//820
f 445//821 444//821 443//821
f 444//822 450//822 442//822
f 449//823 444//823 445//823
f 446//824 349//824 453//824
f 445//825 446//825 449//825
f 450//826 451//826 442//826
f 695//827 444//827 449//827
f 446//828 453//828 449//828
f 350//829 448//829 346//829
f 344//830 688//830 350//830
f 344//831 454//831 688//831
f 227//832 351//832 226//832
f 351//833 227//833 653//833
f 419//834 228//834 420//834
f 420//835 228//835 418//835
f 666//836 423//836 422//836
f 456//837 422//837 411//837
f 421//838 413//838 457//838
f 457//839 413//839 424//839
f 424//840 427//840 457//840
f 457//841 427//841 428//841
f 458//842 457//842 428//842
f 459//843 458//843 428//843
f 459//844 460//844 458//844
f 657//845 461//845 459//845
f 462//846 459//846 463//846
f 464//847 463//847 459//847
f 465//848 464//848 466//848
f 466//849 464//849 435//849
f 464//850 459//850 435//850
f 435//851 459//851 428//851
f 428//852 429//852 431//852
f 264//853 257//853 262//853
f 257//854 264//854 261//854
f 347//855 343//855 221//855
f 467//856 339//856 272//856
f 468//857 278//857 341//857
f 468//858 341//858 442//858
f 468//859 442//859 451//859
f 481//860 468//860 451//860
f 269//863 338//863 270//863
f 338//864 269//864 337//864
f 338//865 337//865 469//865
f 470//866 337//866 340//866
f 337//867 470//867 469//867
f 335//868 270//868 338//868
f 471//869 338//869 469//869
f 471//870 469//870 472//870
f 338//871 471//871 335//871
f 472//872 336//872 471//872
f 471//873 336//873 335//873
f 532//874 336//874 472//874
f 470//875 501//875 469//875
f 474//876 470//876 340//876
f 474//877 340//877 339//877
f 339//878 475//878 474//878
f 470//879 474//879 476//879
f 501//880 470//880 476//880
f 477//881 476//881 474//881
f 477//882 474//882 478//882
f 475//883 478//883 474//883
f 478//884 475//884 479//884
f 475//885 467//885 479//885
f 480//886 277//886 278//886
f 278//887 481//887 480//887
f 277//888 480//888 272//888
f 272//889 480//889 467//889
f 467//890 480//890 479//890
f 479//891 480//891 482//891
f 482//892 483//892 479//892
f 478//893 479//893 483//893
f 478//894 483//894 477//894
f 484//895 477//895 483//895
f 486//896 482//896 480//896
f 278//897 468//897 481//897
f 486//898 481//898 487//898
f 481//899 486//899 480//899
f 487//900 481//900 451//900
f 451//901 450//901 452//901
f 452//902 450//902 444//902
f 695//903 488//903 452//903
f 695//904 452//904 444//904
f 447//905 453//905 349//905
f 449//906 453//906 695//906
f 452//907 488//907 489//907
f 452//908 487//908 451//908
f 486//909 487//909 490//909
f 486//910 490//910 482//910
f 490//911 485//911 482//911
f 482//912 485//912 483//912
f 493//913 483//913 485//913
f 491//914 490//914 487//914
f 487//915 452//915 491//915
f 490//916 691//916 485//916
f 691//917 490//917 491//917
f 489//918 491//918 452//918
f 492//919 485//919 691//919
f 485//920 492//920 493//920
f 477//921 494//921 476//921
f 494//922 477//922 496//922
f 496//923 477//923 484//923
f 484//924 483//924 493//924
f 495//925 493//925 492//925
f 493//926 495//926 497//926
f 493//927 497//927 484//927
f 495//928 511//928 497//928
f 497//929 498//929 484//929
f 484//930 498//930 496//930
f 496//931 498//931 494//931
f 497//932 510//932 498//932
f 499//933 494//933 500//933
f 500//934 494//934 498//934
f 498//935 510//935 500//935
f 499//936 501//936 494//936
f 502//937 501//937 499//937
f 499//938 500//938 503//938
f 504//939 499//939 503//939
f 500//940 505//940 503//940
f 504//941 506//941 499//941
f 502//942 499//942 506//942
f 506//943 504//943 535//943
f 535//944 504//944 541//944
f 509//945 503//945 531//945
f 504//946 503//946 509//946
f 511//947 510//947 497//947
f 511//948 495//948 492//948
f 492//949 512//949 511//949
f 513//950 511//950 512//950
f 515//951 511//951 513//951
f 929//952 512//952 492//952
f 511//953 515//953 514//953
f 511//954 514//954 510//954
f 515//955 513//955 517//955
f 513//956 525//956 517//956
f 525//957 513//957 516//957
f 516//958 518//958 519//958
f 514//959 521//959 510//959
f 500//960 510//960 520//960
f 521//961 520//961 510//961
f 515//962 523//962 514//962
f 514//963 523//963 521//963
f 530//964 521//964 523//964
f 524//965 523//965 515//965
f 517//966 522//966 515//966
f 527//967 517//967 525//967
f 526//968 527//968 525//968
f 517//971 527//971 522//971
f 515//972 522//972 524//972
f 520//973 521//973 529//973
f 530//974 858//974 529//974
f 503//975 505//975 531//975
f 504//976 509//976 541//976
f 508//977 506//977 535//977
f 506//978 508//978 533//978
f 506//979 533//979 507//979
f 476//980 494//980 501//980
f 469//981 501//981 502//981
f 472//982 469//982 502//982
f 506//983 472//983 502//983
f 472//984 506//984 507//984
f 472//985 507//985 532//985
f 534//986 508//986 536//986
f 536//987 544//987 537//987
f 544//988 538//988 537//988
f 544//989 536//989 508//989
f 505//990 500//990 520//990
f 539//991 505//991 520//991
f 539//992 520//992 529//992
f 529//993 540//993 539//993
f 531//994 505//994 539//994
f 541//995 509//995 531//995
f 542//996 541//996 531//996
f 508//997 535//997 543//997
f 508//998 543//998 544//998
f 545//999 543//999 535//999
f 560//1000 545//1000 535//1000
f 560//1001 535//1001 541//1001
f 544//1002 543//1002 546//1002
f 546//1003 543//1003 545//1003
f 547//1004 546//1004 548//1004
f 545//1005 559//1005 546//1005
f 546//1006 547//1006 544//1006
f 544//1007 547//1007 538//1007
f 549//1008 547//1008 551//1008
f 553//1009 550//1009 549//1009
f 549//1010 550//1010 547//1010
f 551//1011 552//1011 549//1011
f 553//1012 549//1012 554//1012
f 552//1013 554//1013 549//1013
f 557//1014 555//1014 552//1014
f 557//1015 552//1015 551//1015
f 557//1016 551//1016 548//1016
f 551//1017 547//1017 548//1017
f 546//1018 558//1018 548//1018
f 548//1019 558//1019 557//1019
f 559//1020 558//1020 546//1020
f 557//1021 558//1021 564//1021
f 564//1022 558//1022 559//1022
f 560//1023 559//1023 545//1023
f 561//1024 560//1024 541//1024
f 561//1025 541//1025 542//1025
f 561//1026 542//1026 562//1026
f 562//1027 542//1027 735//1027
f 560//1028 561//1028 563//1028
f 561//1029 734//1029 563//1029
f 559//1030 560//1030 563//1030
f 557//1031 564//1031 555//1031
f 564//1032 563//1032 565//1032
f 559//1033 563//1033 564//1033
f 445//1034 443//1034 347//1034
f 398//1035 38//1035 140//1035
f 44//1036 403//1036 402//1036
f 402//1037 401//1037 400//1037
f 402//1038 400//1038 55//1038
f 389//1039 390//1039 566//1039
f 389//1040 569//1040 387//1040
f 318//1041 388//1041 567//1041
f 387//1042 569//1042 568//1042
f 387//1043 568//1043 388//1043
f 569//1044 570//1044 568//1044
f 570//1045 569//1045 592//1045
f 572//1046 566//1046 571//1046
f 574//1047 566//1047 390//1047
f 390//1048 573//1048 574//1048
f 566//1049 572//1049 584//1049
f 389//1050 566//1050 584//1050
f 574//1051 571//1051 566//1051
f 575//1052 573//1052 319//1052
f 319//1053 573//1053 390//1053
f 393//1054 394//1054 608//1054
f 607//1055 394//1055 576//1055
f 394//1056 577//1056 576//1056
f 577//1057 394//1057 578//1057
f 578//1058 579//1058 577//1058
f 577//1059 579//1059 582//1059
f 580//1060 581//1060 579//1060
f 576//1061 577//1061 582//1061
f 582//1062 579//1062 581//1062
f 578//1063 330//1063 579//1063
f 583//1064 581//1064 580//1064
f 330//1065 329//1065 579//1065
f 330//1066 394//1066 327//1066
f 394//1067 330//1067 578//1067
f 328//1068 327//1068 394//1068
f 569//1069 584//1069 592//1069
f 584//1070 569//1070 389//1070
f 568//1071 585//1071 388//1071
f 585//1072 568//1072 587//1072
f 586//1073 567//1073 388//1073
f 585//1074 311//1074 388//1074
f 388//1075 311//1075 586//1075
f 587//1076 568//1076 570//1076
f 588//1077 585//1077 587//1077
f 311//1078 585//1078 588//1078
f 588//1079 386//1079 311//1079
f 589//1080 386//1080 588//1080
f 386//1081 589//1081 385//1081
f 588//1082 587//1082 625//1082
f 625//1083 587//1083 591//1083
f 591//1084 587//1084 590//1084
f 590//1085 587//1085 570//1085
f 590//1086 570//1086 592//1086
f 590//1087 592//1087 593//1087
f 593//1088 592//1088 594//1088
f 592//1089 595//1089 594//1089
f 747//1090 593//1090 594//1090
f 593//1091 626//1091 590//1091
f 467//1092 475//1092 339//1092
f 567//1093 586//1093 317//1093
f 317//1094 318//1094 567//1094
f 596//1095 571//1095 574//1095
f 573//1096 596//1096 574//1096
f 572//1097 571//1097 599//1097
f 572//1098 597//1098 584//1098
f 595//1099 598//1099 594//1099
f 598//1100 595//1100 597//1100
f 584//1101 595//1101 592//1101
f 595//1102 584//1102 597//1102
f 572//1103 600//1103 597//1103
f 600//1104 572//1104 599//1104
f 600//1105 601//1105 597//1105
f 597//1106 602//1106 598//1106
f 600//1107 603//1107 601//1107
f 603//1108 604//1108 601//1108
f 604//1109 603//1109 823//1109
f 603//1110 600//1110 599//1110
f 571//1111 596//1111 643//1111
f 606//1112 596//1112 573//1112
f 573//1113 575//1113 606//1113
f 606//1114 575//1114 393//1114
f 606//1115 393//1115 596//1115
f 607//1116 596//1116 608//1116
f 608//1117 596//1117 393//1117
f 607//1118 609//1118 596//1118
f 609//1119 644//1119 596//1119
f 609//1120 607//1120 576//1120
f 582//1121 645//1121 576//1121
f 582//1122 581//1122 646//1122
f 583//1123 580//1123 610//1123
f 579//1124 329//1124 580//1124
f 331//1125 580//1125 326//1125
f 331//1126 770//1126 580//1126
f 334//1127 335//1127 336//1127
f 612//1128 336//1128 613//1128
f 532//1129 613//1129 336//1129
f 613//1130 532//1130 473//1130
f 334//1131 336//1131 612//1131
f 334//1132 612//1132 614//1132
f 616//1133 611//1133 614//1133
f 614//1134 611//1134 334//1134
f 614//1135 615//1135 616//1135
f 331//1136 611//1136 616//1136
f 332//1137 611//1137 331//1137
f 619//1138 379//1138 385//1138
f 588//1139 625//1139 617//1139
f 588//1140 617//1140 589//1140
f 619//1141 385//1141 589//1141
f 617//1142 620//1142 589//1142
f 619//1143 589//1143 620//1143
f 463//1144 379//1144 619//1144
f 383//1145 379//1145 382//1145
f 381//1146 439//1146 374//1146
f 382//1147 379//1147 463//1147
f 618//1148 463//1148 619//1148
f 617//1149 621//1149 620//1149
f 620//1150 621//1150 624//1150
f 622//1151 619//1151 620//1151
f 621//1152 617//1152 625//1152
f 635//1153 621//1153 625//1153
f 591//1154 590//1154 626//1154
f 627//1155 626//1155 628//1155
f 626//1156 627//1156 629//1156
f 626//1157 629//1157 591//1157
f 630//1158 625//1158 591//1158
f 630//1159 631//1159 625//1159
f 625//1160 631//1160 635//1160
f 635//1161 632//1161 621//1161
f 621//1162 632//1162 624//1162
f 620//1163 624//1163 623//1163
f 623//1164 624//1164 632//1164
f 618//1165 619//1165 622//1165
f 623//1166 622//1166 620//1166
f 633//1167 622//1167 623//1167
f 634//1168 623//1168 632//1168
f 632//1169 635//1169 637//1169
f 632//1170 637//1170 634//1170
f 636//1171 634//1171 637//1171
f 637//1172 635//1172 638//1172
f 638//1173 635//1173 631//1173
f 638//1174 631//1174 630//1174
f 638//1175 640//1175 637//1175
f 640//1176 639//1176 637//1176
f 636//1177 637//1177 639//1177
f 641//1178 639//1178 640//1178
f 639//1179 641//1179 636//1179
f 623//1180 634//1180 633//1180
f 642//1181 633//1181 634//1181
f 382//1182 463//1182 465//1182
f 466//1183 438//1183 439//1183
f 466//1184 439//1184 381//1184
f 466//1185 381//1185 465//1185
f 465//1186 381//1186 382//1186
f 464//1187 465//1187 463//1187
f 644//1188 643//1188 596//1188
f 571//1189 643//1189 599//1189
f 599//1190 643//1190 605//1190
f 652//1191 605//1191 643//1191
f 646//1192 645//1192 582//1192
f 648//1193 645//1193 647//1193
f 649//1194 647//1194 645//1194
f 647//1195 650//1195 651//1195
f 652//1196 647//1196 651//1196
f 647//1197 652//1197 643//1197
f 643//1198 644//1198 647//1198
f 647//1199 644//1199 648//1199
f 576//1200 645//1200 648//1200
f 576//1201 648//1201 609//1201
f 648//1202 644//1202 609//1202
f 608//1203 394//1203 607//1203
f 654//1204 351//1204 653//1204
f 653//1205 655//1205 654//1205
f 653//1206 419//1206 655//1206
f 419//1207 420//1207 423//1207
f 419//1208 423//1208 655//1208
f 671//1209 655//1209 423//1209
f 671//1210 423//1210 932//1210
f 422//1211 456//1211 656//1211
f 656//1212 456//1212 421//1212
f 656//1213 421//1213 457//1213
f 656//1214 457//1214 458//1214
f 461//1215 460//1215 459//1215
f 657//1216 459//1216 462//1216
f 657//1217 658//1217 659//1217
f 461//1218 657//1218 660//1218
f 660//1219 657//1219 659//1219
f 661//1220 659//1220 658//1220
f 658//1221 657//1221 462//1221
f 622//1222 662//1222 618//1222
f 463//1223 618//1223 662//1223
f 680//1224 662//1224 622//1224
f 680//1225 622//1225 633//1225
f 642//1228 634//1228 636//1228
f 680//1229 633//1229 664//1229
f 664//1230 633//1230 642//1230
f 463//1232 662//1232 462//1232
f 462//1233 662//1233 658//1233
f 658//1234 662//1234 661//1234
f 461//1235 660//1235 460//1235
f 656//1236 458//1236 665//1236
f 460//1237 665//1237 458//1237
f 422//1238 656//1238 667//1238
f 656//1239 665//1239 667//1239
f 422//1240 667//1240 666//1240
f 667//1241 665//1241 668//1241
f 665//1242 460//1242 669//1242
f 665//1243 669//1243 668//1243
f 667//1244 668//1244 666//1244
f 932//1245 423//1245 666//1245
f 671//1246 932//1246 670//1246
f 672//1247 670//1247 932//1247
f 670//1248 673//1248 671//1248
f 654//1249 655//1249 671//1249
f 670//1250 674//1250 673//1250
f 673//1251 674//1251 675//1251
f 672//1252 674//1252 670//1252
f 674//1253 672//1253 677//1253
f 674//1254 677//1254 676//1254
f 674//1255 676//1255 675//1255
f 682//1256 675//1256 676//1256
f 671//1257 678//1257 654//1257
f 678//1258 673//1258 675//1258
f 673//1259 678//1259 671//1259
f 676//1260 677//1260 661//1260
f 677//1261 659//1261 661//1261
f 661//1262 682//1262 676//1262
f 662//1263 680//1263 681//1263
f 662//1264 681//1264 679//1264
f 662//1265 679//1265 661//1265
f 351//1266 654//1266 454//1266
f 455//1267 454//1267 654//1267
f 454//1268 455//1268 688//1268
f 684//1269 678//1269 675//1269
f 684//1270 675//1270 682//1270
f 678//1271 684//1271 685//1271
f 678//1272 685//1272 686//1272
f 686//1273 687//1273 678//1273
f 678//1274 687//1274 654//1274
f 654//1275 687//1275 455//1275
f 455//1276 687//1276 688//1276
f 686//1277 697//1277 687//1277
f 689//1278 489//1278 488//1278
f 491//1279 489//1279 689//1279
f 690//1280 689//1280 488//1280
f 691//1281 692//1281 492//1281
f 692//1282 691//1282 491//1282
f 692//1283 491//1283 689//1283
f 875//1284 689//1284 690//1284
f 875//1285 693//1285 689//1285
f 695//1286 694//1286 690//1286
f 488//1287 695//1287 690//1287
f 695//1288 453//1288 694//1288
f 350//1289 688//1289 696//1289
f 696//1290 448//1290 350//1290
f 687//1291 697//1291 688//1291
f 795//1292 686//1292 698//1292
f 686//1293 685//1293 698//1293
f 698//1294 699//1294 795//1294
f 685//1295 684//1295 700//1295
f 684//1296 682//1296 683//1296
f 684//1297 701//1297 700//1297
f 507//1298 533//1298 702//1298
f 702//1299 532//1299 507//1299
f 702//1300 703//1300 532//1300
f 613//1301 473//1301 704//1301
f 705//1302 613//1302 704//1302
f 706//1303 704//1303 532//1303
f 704//1304 473//1304 532//1304
f 702//1305 709//1305 703//1305
f 707//1306 703//1306 709//1306
f 707//1307 709//1307 708//1307
f 702//1308 533//1308 709//1308
f 709//1309 533//1309 534//1309
f 534//1310 533//1310 508//1310
f 536//1311 537//1311 710//1311
f 536//1312 710//1312 534//1312
f 709//1313 534//1313 711//1313
f 534//1314 710//1314 711//1314
f 711//1315 710//1315 712//1315
f 717//1316 708//1316 709//1316
f 709//1317 711//1317 717//1317
f 532//1318 703//1318 706//1318
f 706//1319 703//1319 707//1319
f 713//1320 704//1320 706//1320
f 713//1321 706//1321 714//1321
f 715//1322 714//1322 706//1322
f 716//1323 715//1323 706//1323
f 718//1324 711//1324 712//1324
f 718//1325 717//1325 711//1325
f 719//1326 712//1326 710//1326
f 720//1327 537//1327 538//1327
f 722//1328 720//1328 538//1328
f 721//1329 722//1329 538//1329
f 721//1330 538//1330 547//1330
f 721//1331 547//1331 550//1331
f 721//1332 550//1332 723//1332
f 723//1333 550//1333 553//1333
f 553//1334 554//1334 724//1334
f 553//1335 724//1335 723//1335
f 555//1336 556//1336 728//1336
f 728//1337 552//1337 555//1337
f 565//1338 556//1338 555//1338
f 565//1339 727//1339 556//1339
f 565//1340 555//1340 564//1340
f 733//1341 556//1341 727//1341
f 556//1342 733//1342 726//1342
f 554//1343 552//1343 728//1343
f 730//1344 724//1344 554//1344
f 554//1345 728//1345 730//1345
f 728//1346 556//1346 726//1346
f 731//1347 728//1347 729//1347
f 728//1348 726//1348 729//1348
f 730//1349 728//1349 731//1349
f 733//1354 727//1354 734//1354
f 734//1355 565//1355 563//1355
f 561//1356 562//1356 734//1356
f 735//1357 542//1357 736//1357
f 735//1358 736//1358 738//1358
f 738//1359 736//1359 737//1359
f 739//1360 738//1360 737//1360
f 736//1361 540//1361 737//1361
f 540//1362 739//1362 737//1362
f 540//1363 736//1363 531//1363
f 736//1364 542//1364 531//1364
f 540//1365 531//1365 539//1365
f 524//1366 740//1366 530//1366
f 530//1367 529//1367 521//1367
f 523//1368 524//1368 530//1368
f 524//1369 522//1369 741//1369
f 524//1370 741//1370 740//1370
f 527//1371 741//1371 522//1371
f 742//1373 526//1373 525//1373
f 742//1374 525//1374 516//1374
f 516//1375 519//1375 742//1375
f 519//1376 743//1376 742//1376
f 519//1377 518//1377 746//1377
f 743//1378 519//1378 744//1378
f 744//1379 519//1379 869//1379
f 869//1380 519//1380 746//1380
f 869//1381 746//1381 871//1381
f 746//1382 518//1382 516//1382
f 598//1383 760//1383 594//1383
f 598//1384 602//1384 748//1384
f 602//1385 597//1385 601//1385
f 599//1386 605//1386 603//1386
f 605//1387 652//1387 651//1387
f 604//1388 823//1388 824//1388
f 748//1389 760//1389 598//1389
f 748//1390 751//1390 749//1390
f 602//1391 751//1391 748//1391
f 602//1392 601//1392 953//1392
f 601//1393 752//1393 953//1393
f 602//1394 818//1394 751//1394
f 749//1395 760//1395 748//1395
f 753//1396 872//1396 750//1396
f 754//1397 753//1397 756//1397
f 753//1398 754//1398 872//1398
f 754//1399 755//1399 872//1399
f 627//1400 755//1400 756//1400
f 758//1401 627//1401 756//1401
f 756//1402 755//1402 754//1402
f 756//1403 757//1403 758//1403
f 758//1404 757//1404 973//1404
f 758//1405 759//1405 640//1405
f 758//1406 629//1406 627//1406
f 591//1407 629//1407 630//1407
f 640//1408 638//1408 630//1408
f 629//1409 640//1409 630//1409
f 626//1410 593//1410 628//1410
f 628//1411 593//1411 747//1411
f 747//1412 594//1412 872//1412
f 872//1413 627//1413 628//1413
f 872//1414 628//1414 747//1414
f 750//1415 872//1415 760//1415
f 750//1416 760//1416 749//1416
f 760//1417 872//1417 594//1417
f 770//1418 616//1418 615//1418
f 762//1419 613//1419 705//1419
f 705//1420 704//1420 713//1420
f 715//1421 713//1421 714//1421
f 716//1422 707//1422 708//1422
f 716//1423 708//1423 717//1423
f 707//1424 716//1424 706//1424
f 991//1425 763//1425 718//1425
f 718//1426 763//1426 717//1426
f 763//1427 791//1427 717//1427
f 717//1428 764//1428 716//1428
f 715//1429 716//1429 765//1429
f 713//1430 715//1430 705//1430
f 762//1431 705//1431 766//1431
f 764//1432 766//1432 767//1432
f 705//1433 767//1433 766//1433
f 767//1434 716//1434 764//1434
f 765//1435 705//1435 715//1435
f 705//1436 765//1436 767//1436
f 613//1437 768//1437 612//1437
f 768//1438 613//1438 762//1438
f 612//1439 768//1439 614//1439
f 614//1440 768//1440 615//1440
f 769//1441 768//1441 762//1441
f 615//1442 761//1442 770//1442
f 761//1443 615//1443 771//1443
f 768//1444 769//1444 615//1444
f 615//1445 769//1445 771//1445
f 616//1446 770//1446 331//1446
f 770//1447 610//1447 580//1447
f 770//1448 761//1448 773//1448
f 773//1449 761//1449 772//1449
f 772//1450 761//1450 771//1450
f 789//1451 771//1451 769//1451
f 772//1452 771//1452 773//1452
f 762//1453 774//1453 769//1453
f 769//1454 775//1454 789//1454
f 774//1455 762//1455 776//1455
f 762//1456 766//1456 776//1456
f 774//1457 775//1457 769//1457
f 775//1458 788//1458 789//1458
f 646//1459 581//1459 583//1459
f 583//1460 649//1460 646//1460
f 649//1461 777//1461 647//1461
f 646//1462 649//1462 645//1462
f 650//1463 647//1463 777//1463
f 777//1464 778//1464 779//1464
f 777//1465 779//1465 650//1465
f 780//1466 651//1466 650//1466
f 650//1467 779//1467 781//1467
f 778//1468 777//1468 649//1468
f 782//1469 778//1469 649//1469
f 610//1470 770//1470 583//1470
f 583//1471 782//1471 649//1471
f 770//1472 783//1472 583//1472
f 782//1473 583//1473 784//1473
f 784//1474 583//1474 783//1474
f 785//1475 782//1475 784//1475
f 786//1476 785//1476 784//1476
f 785//1477 786//1477 836//1477
f 784//1478 783//1478 786//1478
f 786//1479 787//1479 942//1479
f 771//1480 786//1480 783//1480
f 783//1481 770//1481 773//1481
f 783//1482 773//1482 771//1482
f 788//1483 775//1483 790//1483
f 775//1484 774//1484 776//1484
f 791//1485 766//1485 764//1485
f 776//1486 766//1486 791//1486
f 717//1487 791//1487 764//1487
f 448//1488 696//1488 792//1488
f 448//1489 792//1489 447//1489
f 447//1490 792//1490 453//1490
f 694//1491 453//1491 792//1491
f 793//1492 792//1492 696//1492
f 793//1493 866//1493 792//1493
f 688//1494 794//1494 793//1494
f 696//1495 688//1495 793//1495
f 697//1496 686//1496 795//1496
f 698//1497 796//1497 699//1497
f 865//1498 699//1498 796//1498
f 865//1499 796//1499 798//1499
f 798//1500 799//1500 800//1500
f 798//1501 800//1501 865//1501
f 796//1502 698//1502 797//1502
f 797//1503 698//1503 685//1503
f 798//1504 796//1504 797//1504
f 797//1505 685//1505 700//1505
f 797//1506 700//1506 801//1506
f 797//1507 802//1507 798//1507
f 803//1508 801//1508 700//1508
f 803//1509 700//1509 701//1509
f 701//1510 684//1510 683//1510
f 803//1511 701//1511 888//1511
f 888//1512 701//1512 683//1512
f 895//1513 888//1513 683//1513
f 661//1514 683//1514 682//1514
f 683//1515 661//1515 804//1515
f 895//1516 683//1516 804//1516
f 806//1518 808//1518 641//1518
f 806//1519 641//1519 640//1519
f 759//1520 806//1520 640//1520
f 973//1535 759//1535 758//1535
f 757//1536 756//1536 753//1536
f 978//1537 757//1537 753//1537
f 817//1538 753//1538 750//1538
f 749//1539 817//1539 750//1539
f 753//1540 817//1540 978//1540
f 604//1541 824//1541 819//1541
f 604//1542 819//1542 828//1542
f 823//1543 603//1543 605//1543
f 651//1544 820//1544 605//1544
f 821//1545 651//1545 780//1545
f 821//1546 832//1546 822//1546
f 651//1547 821//1547 822//1547
f 651//1548 822//1548 820//1548
f 820//1549 823//1549 605//1549
f 823//1550 820//1550 824//1550
f 825//1551 819//1551 824//1551
f 824//1552 820//1552 825//1552
f 826//1553 819//1553 825//1553
f 819//1555 826//1555 828//1555
f 752//1556 601//1556 829//1556
f 953//1557 818//1557 602//1557
f 829//1558 601//1558 604//1558
f 829//1559 604//1559 828//1559
f 830//1561 825//1561 820//1561
f 830//1562 820//1562 822//1562
f 832//1566 780//1566 650//1566
f 832//1567 650//1567 959//1567
f 832//1568 821//1568 780//1568
f 782//1569 833//1569 834//1569
f 835//1570 782//1570 834//1570
f 836//1571 834//1571 833//1571
f 785//1572 833//1572 782//1572
f 785//1573 836//1573 833//1573
f 786//1574 942//1574 836//1574
f 836//1575 837//1575 834//1575
f 912//1576 834//1576 837//1576
f 787//1577 786//1577 788//1577
f 788//1578 786//1578 771//1578
f 788//1579 771//1579 789//1579
f 839//1580 776//1580 791//1580
f 791//1581 840//1581 839//1581
f 841//1582 776//1582 839//1582
f 791//1583 763//1583 840//1583
f 840//1584 763//1584 990//1584
f 991//1585 990//1585 763//1585
f 712//1586 991//1586 718//1586
f 537//1587 719//1587 710//1587
f 719//1588 537//1588 720//1588
f 712//1589 719//1589 842//1589
f 842//1590 719//1590 844//1590
f 844//1591 720//1591 843//1591
f 720//1592 844//1592 719//1592
f 724//1593 725//1593 723//1593
f 848//1599 850//1599 849//1599
f 562//1601 850//1601 848//1601
f 734//1602 727//1602 565//1602
f 851//1603 734//1603 848//1603
f 734//1604 562//1604 848//1604
f 735//1605 850//1605 562//1605
f 850//1606 852//1606 849//1606
f 852//1607 850//1607 989//1607
f 990//1608 738//1608 840//1608
f 840//1609 738//1609 739//1609
f 739//1610 540//1610 854//1610
f 858//1611 854//1611 540//1611
f 858//1612 540//1612 529//1612
f 739//1613 854//1613 855//1613
f 739//1614 855//1614 853//1614
f 739//1615 853//1615 840//1615
f 840//1616 853//1616 839//1616
f 857//1619 854//1619 858//1619
f 858//1620 530//1620 740//1620
f 857//1621 858//1621 740//1621
f 860//1625 743//1625 744//1625
f 861//1626 743//1626 745//1626
f 745//1627 743//1627 860//1627
f 862//1628 802//1628 797//1628
f 869//1629 862//1629 744//1629
f 862//1630 869//1630 802//1630
f 863//1631 798//1631 802//1631
f 863//1632 799//1632 798//1632
f 865//1633 795//1633 699//1633
f 795//1634 865//1634 866//1634
f 863//1635 864//1635 799//1635
f 867//1636 864//1636 863//1636
f 867//1637 863//1637 802//1637
f 868//1638 864//1638 867//1638
f 868//1639 867//1639 869//1639
f 869//1640 867//1640 802//1640
f 864//1641 877//1641 799//1641
f 799//1642 870//1642 800//1642
f 870//1643 799//1643 877//1643
f 876//1644 864//1644 868//1644
f 869//1645 871//1645 868//1645
f 438//1646 466//1646 440//1646
f 435//1647 440//1647 466//1647
f 430//1648 945//1648 440//1648
f 755//1649 627//1649 872//1649
f 692//1650 689//1650 693//1650
f 693//1651 875//1651 873//1651
f 873//1652 875//1652 878//1652
f 873//1653 878//1653 877//1653
f 876//1654 873//1654 877//1654
f 870//1655 877//1655 878//1655
f 875//1656 690//1656 878//1656
f 881//1657 870//1657 878//1657
f 873//1658 876//1658 879//1658
f 693//1659 873//1659 874//1659
f 873//1660 879//1660 874//1660
f 876//1661 880//1661 879//1661
f 800//1662 870//1662 881//1662
f 800//1663 881//1663 865//1663
f 866//1664 865//1664 881//1664
f 866//1665 794//1665 795//1665
f 793//1666 794//1666 866//1666
f 697//1667 794//1667 688//1667
f 794//1668 697//1668 795//1668
f 887//1669 882//1669 801//1669
f 801//1670 803//1670 887//1670
f 797//1671 882//1671 883//1671
f 797//1672 801//1672 882//1672
f 862//1673 797//1673 883//1673
f 884//1674 862//1674 883//1674
f 883//1675 882//1675 887//1675
f 883//1676 885//1676 884//1676
f 744//1677 862//1677 884//1677
f 884//1678 886//1678 744//1678
f 886//1679 860//1679 744//1679
f 885//1680 886//1680 884//1680
f 885//1681 883//1681 887//1681
f 803//1682 888//1682 887//1682
f 661//1683 679//1683 889//1683
f 804//1684 661//1684 889//1684
f 681//1689 680//1689 664//1689
f 902//1695 895//1695 804//1695
f 895//1696 902//1696 888//1696
f 887//1697 888//1697 937//1697
f 937//1698 888//1698 896//1698
f 896//1699 888//1699 902//1699
f 913//1727 834//1727 912//1727
f 835//1729 913//1729 924//1729
f 924//1750 926//1750 835//1750
f 835//1751 926//1751 927//1751
f 927//1752 779//1752 778//1752
f 927//1753 778//1753 835//1753
f 835//1754 778//1754 782//1754
f 834//1755 913//1755 835//1755
f 929//1756 492//1756 692//1756
f 693//1757 928//1757 692//1757
f 692//1758 928//1758 929//1758
f 928//1759 693//1759 874//1759
f 929//1760 930//1760 512//1760
f 930//1761 516//1761 512//1761
f 512//1762 516//1762 513//1762
f 929//1763 928//1763 930//1763
f 516//1764 931//1764 746//1764
f 871//1765 746//1765 868//1765
f 931//1766 868//1766 746//1766
f 868//1767 880//1767 876//1767
f 864//1768 876//1768 877//1768
f 928//1769 874//1769 879//1769
f 879//1770 930//1770 928//1770
f 930//1771 879//1771 880//1771
f 930//1772 931//1772 516//1772
f 931//1773 930//1773 880//1773
f 868//1774 931//1774 880//1774
f 765//1775 716//1775 767//1775
f 932//1776 666//1776 668//1776
f 932//1777 668//1777 672//1777
f 672//1778 668//1778 669//1778
f 669//1779 460//1779 660//1779
f 660//1780 659//1780 669//1780
f 669//1781 659//1781 672//1781
f 672//1782 659//1782 677//1782
f 191//1783 81//1783 188//1783
f 721//1784 723//1784 722//1784
f 845//1785 723//1785 725//1785
f 723//1786 845//1786 722//1786
f 933//1787 725//1787 724//1787
f 724//1788 730//1788 933//1788
f 881//1793 878//1793 792//1793
f 881//1794 792//1794 866//1794
f 792//1795 878//1795 694//1795
f 690//1796 694//1796 878//1796
f 886//1797 935//1797 860//1797
f 745//1798 860//1798 935//1798
f 936//1799 861//1799 745//1799
f 886//1800 745//1800 935//1800
f 885//1801 745//1801 886//1801
f 885//1802 887//1802 936//1802
f 885//1803 936//1803 745//1803
f 936//1804 887//1804 937//1804
f 861//1805 742//1805 743//1805
f 941//1806 936//1806 937//1806
f 861//1814 936//1814 941//1814
f 742//1815 861//1815 941//1815
f 943//1822 912//1822 837//1822
f 838//1825 944//1825 787//1825
f 836//1826 942//1826 837//1826
f 837//1827 942//1827 943//1827
f 434//1828 369//1828 945//1828
f 640//1829 629//1829 758//1829
f 751//1830 947//1830 749//1830
f 749//1831 947//1831 946//1831
f 817//1832 749//1832 946//1832
f 948//1833 752//1833 829//1833
f 953//1841 752//1841 948//1841
f 953//1843 954//1843 818//1843
f 781//1853 959//1853 650//1853
f 961//1854 781//1854 779//1854
f 961//1855 779//1855 927//1855
f 926//1857 961//1857 927//1857
f 961//1858 926//1858 962//1858
f 973//1891 757//1891 977//1891
f 979//1892 757//1892 978//1892
f 978//1893 817//1893 979//1893
f 757//1894 979//1894 977//1894
f 933//1900 982//1900 725//1900
f 738//1911 989//1911 735//1911
f 735//1912 989//1912 850//1912
f 989//1913 738//1913 990//1913
f 991//1914 712//1914 842//1914
f 842//1915 992//1915 991//1915
f 844//1916 992//1916 842//1916
f 843//1917 993//1917 844//1917
f 844//1918 993//1918 992//1918
f 992//1919 990//1919 991//1919
f 852//1920 992//1920 993//1920
f 852//1921 989//1921 992//1921
f 990//1922 992//1922 989//1922
f 994//1923 751//1923 818//1923
f 751//1928 997//1928 947//1928
f 843//1975 720//1975 722//1975
f 1024//1976 1025//1976 722//1976
f 722//1977 845//1977 1024//1977
f 845//1978 725//1978 1024//1978
f 982//1979 1024//1979 725//1979
f 722//1981 1025//1981 843//1981
f 734//1992 851//1992 733//1992
f 1027//2013 790//2013 775//2013
f 1027//2014 775//2014 776//2014
f 790//2017 1035//2017 788//2017
f 788//2018 1035//2018 838//2018
f 788//2019 838//2019 787//2019
f 942//2026 787//2026 944//2026
f 1261//2447 1251//2447 1247//2447
f 1432//2780 1624//2780 1429//2780
f 1431//2781 1429//2781 1430//2781
f 1431//2782 1430//2782 1238//2782
f 1431//2783 1432//2783 1429//2783
f 1434//2784 1431//2784 1433//2784
f 1433//2785 1444//2785 1435//2785
f 1433//2786 1435//2786 1436//2786
f 1433//2787 1436//2787 1434//2787
f 1432//2788 1434//2788 1437//2788
f 1437//2789 1434//2789 1436//2789
f 1443//2797 1440//2797 1436//2797
f 1436//2798 1435//2798 1443//2798
f 1435//2799 1622//2799 1443//2799
f 1556//2801 1622//2801 1603//2801
f 1603//2802 1622//2802 1435//2802
f 1238//2803 1444//2803 1433//2803
f 1444//2804 1445//2804 1435//2804
f 1603//2805 1435//2805 1445//2805
f 1433//2806 1431//2806 1238//2806
f 1530//2991 1257//2991 1531//2991
f 1257//2993 1533//2993 1531//2993
f 1535//2994 1533//2994 1534//2994
f 1534//2995 1533//2995 1257//2995
f 1533//2996 1535//2996 1531//2996
f 1537//2997 1536//2997 1535//2997
f 1535//2998 1534//2998 1537//2998
f 1534//2999 1260//2999 1537//2999
f 1534//3000 1259//3000 1260//3000
f 1260//3001 1252//3001 1538//3001
f 1538//3002 1252//3002 1250//3002
f 1534//3003 1257//3003 1259//3003
f 1537//3004 1260//3004 1538//3004
f 1250//3005 1251//3005 1552//3005
f 1250//3006 1552//3006 1538//3006
f 1540//3007 1538//3007 1552//3007
f 1539//3008 1552//3008 1251//3008
f 1539//3009 1251//3009 1261//3009
f 1602//3010 1261//3010 1543//3010
f 1541//3011 1545//3011 1544//3011
f 1542//3012 1541//3012 1553//3012
f 1553//3013 1541//3013 1544//3013
f 1547//3014 1544//3014 1545//3014
f 1544//3016 1547//3016 1549//3016
f 1550//3019 1561//3019 1551//3019
f 1553//3020 1551//3020 1540//3020
f 1540//3021 1551//3021 1561//3021
f 1540//3022 1552//3022 1554//3022
f 1553//3023 1540//3023 1554//3023
f 1554//3024 1552//3024 1539//3024
f 1553//3025 1554//3025 1542//3025
f 1603//3026 1530//3026 1556//3026
f 1532//3027 1530//3027 1531//3027
f 1556//3028 1530//3028 1621//3028
f 1621//3029 1530//3029 1532//3029
f 1532//3030 1531//3030 1555//3030
f 1531//3031 1557//3031 1555//3031
f 1532//3032 1555//3032 1559//3032
f 1532//3033 1559//3033 1558//3033
f 1610//3034 1558//3034 1559//3034
f 1609//3035 1555//3035 1557//3035
f 1609//3036 1557//3036 1536//3036
f 1536//3037 1537//3037 1538//3037
f 1531//3038 1535//3038 1557//3038
f 1536//3039 1557//3039 1535//3039
f 1536//3040 1611//3040 1609//3040
f 1562//3041 1536//3041 1538//3041
f 1560//3042 1562//3042 1538//3042
f 1561//3043 1560//3043 1538//3043
f 1538//3044 1540//3044 1561//3044
f 1562//3045 1611//3045 1536//3045
f 1643//3046 1562//3046 1563//3046
f 1563//3047 1562//3047 1560//3047
f 1550//3048 1551//3048 1549//3048
f 1561//3049 1550//3049 1564//3049
f 1603//3056 1256//3056 1530//3056
f 1602//3139 1543//3139 1542//3139
f 1602//3140 1539//3140 1261//3140
f 1554//3141 1539//3141 1602//3141
f 1542//3142 1554//3142 1602//3142
f 1605//3143 1532//3143 1558//3143
f 1532//3144 1605//3144 1604//3144
f 1532//3147 1608//3147 1621//3147
f 1608//3148 1532//3148 1604//3148
f 1610//3149 1559//3149 1609//3149
f 1559//3150 1555//3150 1609//3150
f 1610//3151 1609//3151 1613//3151
f 1610//3152 1605//3152 1558//3152
f 1611//3153 1613//3153 1609//3153
f 1618//3154 1613//3154 1611//3154
f 1610//3155 1613//3155 1606//3155
f 1605//3156 1610//3156 1606//3156
f 1618//3158 1611//3158 1614//3158
f 1613//3160 1618//3160 1615//3160
f 1620//3169 1608//3169 1636//3169
f 1608//3170 1620//3170 1621//3170
f 1622//3171 1621//3171 1620//3171
f 1621//3172 1622//3172 1556//3172
f 1443//3206 1622//3206 1620//3206
f 1614//3217 1642//3217 1618//3217
f 1642//3218 1614//3218 1641//3218
f 1614//3219 1643//3219 1641//3219
f 1614//3220 1611//3220 1562//3220
f 1614//3221 1562//3221 1643//3221
f 1643//3222 1644//3222 1641//3222
f 1647//3224 1655//3224 1652//3224
f 1655//3225 1647//3225 1650//3225
f 1651//3226 1648//3226 1654//3226
f 1651//3227 1691//3227 1650//3227
f 1652//3228 1656//3228 1653//3228
f 1657//3229 1656//3229 1652//3229
f 1649//3230 1653//3230 1656//3230
f 1649//3231 1656//3231 1658//3231
f 1649//3232 1658//3232 1659//3232
f 1661//3233 1659//3233 1658//3233
f 1655//3234 1662//3234 1730//3234
f 1655//3235 1730//3235 1652//3235
f 1648//3236 1695//3236 1654//3236
f 1648//3237 1663//3237 1695//3237
f 1664//3238 1648//3238 1687//3238
f 1663//3239 1665//3239 1695//3239
f 1667//3240 1663//3240 1648//3240
f 1667//3241 1648//3241 1664//3241
f 1663//3242 1668//3242 1665//3242
f 1666//3243 1665//3243 1668//3243
f 1663//3244 1667//3244 1668//3244
f 1667//3245 1670//3245 1668//3245
f 1667//3246 1669//3246 1670//3246
f 1675//3247 1666//3247 1672//3247
f 1675//3248 1672//3248 1673//3248
f 1666//3249 1676//3249 1696//3249
f 1666//3250 1696//3250 1665//3250
f 1678//3251 1666//3251 1675//3251
f 1676//3252 1666//3252 1678//3252
f 1677//3253 1676//3253 1678//3253
f 1678//3254 1675//3254 1679//3254
f 1679//3255 1675//3255 1683//3255
f 1677//3256 1712//3256 1676//3256
f 1676//3257 1712//3257 1681//3257
f 1676//3258 1681//3258 1680//3258
f 1682//3259 1677//3259 1678//3259
f 1674//3260 1683//3260 1675//3260
f 1675//3261 1673//3261 1674//3261
f 1683//3262 1674//3262 1684//3262
f 1678//3263 1679//3263 1683//3263
f 1686//3264 1678//3264 1683//3264
f 1684//3265 1674//3265 1685//3265
f 1673//3266 1685//3266 1674//3266
f 1684//3267 1685//3267 1686//3267
f 1683//3268 1684//3268 1686//3268
f 1698//3269 1686//3269 1685//3269
f 1698//3270 1685//3270 1755//3270
f 1685//3271 1673//3271 1672//3271
f 1685//3272 1672//3272 1755//3272
f 1672//3273 1666//3273 1668//3273
f 1668//3274 1670//3274 1671//3274
f 1687//3275 1667//3275 1664//3275
f 1667//3276 1687//3276 1669//3276
f 1670//3277 1688//3277 1671//3277
f 1672//3278 1668//3278 1671//3278
f 1660//3279 1689//3279 1690//3279
f 1655//3280 1691//3280 1662//3280
f 1693//3281 1730//3281 1662//3281
f 1693//3282 1662//3282 1694//3282
f 1694//3283 1662//3283 1692//3283
f 1692//3284 1696//3284 1694//3284
f 1691//3285 1655//3285 1650//3285
f 1654//3286 1691//3286 1651//3286
f 1662//3287 1695//3287 1692//3287
f 1695//3288 1662//3288 1691//3288
f 1665//3289 1696//3289 1692//3289
f 1692//3290 1695//3290 1665//3290
f 1696//3291 1676//3291 1680//3291
f 1680//3292 1681//3292 1697//3292
f 1680//3293 1697//3293 1696//3293
f 1682//3294 1678//3294 1686//3294
f 1781//3295 1755//3295 1672//3295
f 1699//3296 1672//3296 1671//3296
f 1671//3297 1688//3297 1699//3297
f 1700//3298 1699//3298 1688//3298
f 1700//3299 1701//3299 1699//3299
f 1701//3300 1700//3300 1702//3300
f 1702//3301 1700//3301 1705//3301
f 1705//3302 1704//3302 1702//3302
f 1703//3303 1701//3303 1702//3303
f 1699//3304 1701//3304 1703//3304
f 1703//3305 1702//3305 1704//3305
f 1660//3306 1659//3306 1661//3306
f 1707//3307 1708//3307 1709//3307
f 1689//3308 1660//3308 1661//3308
f 1658//3309 1736//3309 1661//3309
f 1656//3310 1736//3310 1658//3310
f 1729//3311 1657//3311 1652//3311
f 1710//3312 1696//3312 1697//3312
f 1696//3313 1710//3313 1694//3313
f 1719//3314 1710//3314 1697//3314
f 1681//3315 1719//3315 1697//3315
f 1712//3316 1719//3316 1681//3316
f 1682//3317 1686//3317 1698//3317
f 1677//3318 1682//3318 1714//3318
f 1712//3319 1677//3319 1713//3319
f 1714//3320 1713//3320 1677//3320
f 1715//3321 1682//3321 1698//3321
f 1716//3322 1714//3322 1682//3322
f 1713//3323 1718//3323 1717//3323
f 1713//3324 1753//3324 1719//3324
f 1713//3325 1719//3325 1712//3325
f 1719//3326 1720//3326 1710//3326
f 1711//3327 1694//3327 1710//3327
f 1720//3328 1719//3328 1753//3328
f 1711//3329 1710//3329 1720//3329
f 1711//3330 1721//3330 1694//3330
f 1694//3331 1721//3331 1693//3331
f 1721//3332 1711//3332 1722//3332
f 1711//3333 1723//3333 1724//3333
f 1711//3334 1724//3334 1722//3334
f 1725//3335 1722//3335 1724//3335
f 1723//3336 1726//3336 1724//3336
f 1727//3337 1724//3337 1726//3337
f 1724//3338 1727//3338 1725//3338
f 1729//3339 1721//3339 1722//3339
f 1693//3340 1721//3340 1730//3340
f 1721//3341 1729//3341 1730//3341
f 1730//3342 1729//3342 1652//3342
f 1656//3343 1657//3343 1736//3343
f 1731//3344 1722//3344 1725//3344
f 1731//3345 1725//3345 1732//3345
f 1722//3346 1731//3346 1733//3346
f 1731//3347 1825//3347 1733//3347
f 1722//3348 1734//3348 1735//3348
f 1722//3349 1735//3349 1729//3349
f 1735//3350 1657//3350 1729//3350
f 1734//3351 1722//3351 1737//3351
f 1737//3352 1722//3352 1733//3352
f 1735//3353 1734//3353 1736//3353
f 1737//3354 1738//3354 1734//3354
f 1734//3355 1739//3355 1736//3355
f 1740//3356 1741//3356 1826//3356
f 1741//3357 1738//3357 1737//3357
f 1738//3358 1741//3358 1744//3358
f 1744//3359 1741//3359 1740//3359
f 1743//3360 1738//3360 1744//3360
f 1738//3361 1743//3361 1742//3361
f 1738//3362 1742//3362 1734//3362
f 1734//3363 1742//3363 1739//3363
f 1657//3364 1735//3364 1736//3364
f 1695//3372 1691//3372 1654//3372
f 1432//3373 1431//3373 1434//3373
f 1432//3374 1752//3374 1624//3374
f 1752//3376 1439//3376 1624//3376
f 1711//3377 1720//3377 1791//3377
f 1711//3378 1791//3378 1723//3378
f 1792//3379 1720//3379 1753//3379
f 1713//3380 1717//3380 1753//3380
f 1793//3381 1717//3381 1763//3381
f 1763//3382 1717//3382 1718//3382
f 1763//3383 1718//3383 1754//3383
f 1714//3384 1718//3384 1713//3384
f 1716//3385 1718//3385 1714//3385
f 1682//3386 1715//3386 1716//3386
f 1756//3387 1698//3387 1755//3387
f 1715//3388 1698//3388 1806//3388
f 1806//3389 1698//3389 1756//3389
f 1757//3390 1756//3390 1755//3390
f 1755//3391 1781//3391 1757//3391
f 1781//3392 1672//3392 1703//3392
f 1703//3393 1672//3393 1699//3393
f 1791//3402 1720//3402 1792//3402
f 1793//3403 1792//3403 1753//3403
f 1753//3404 1717//3404 1793//3404
f 1764//3405 1718//3405 1716//3405
f 1718//3406 1764//3406 1754//3406
f 1764//3407 1716//3407 1715//3407
f 1715//3408 1765//3408 1764//3408
f 1765//3409 1715//3409 1806//3409
f 1767//3410 1765//3410 1806//3410
f 1806//3411 1780//3411 1767//3411
f 1780//3412 1777//3412 1767//3412
f 1765//3413 1767//3413 1766//3413
f 1767//3414 1777//3414 1771//3414
f 1764//3415 1768//3415 1754//3415
f 1768//3416 1764//3416 1765//3416
f 1768//3417 1766//3417 1769//3417
f 1766//3418 1768//3418 1765//3418
f 1766//3419 1767//3419 1770//3419
f 1771//3420 1770//3420 1767//3420
f 1771//3421 1772//3421 1773//3421
f 1771//3422 1773//3422 1770//3422
f 1774//3423 1773//3423 1772//3423
f 1771//3424 1777//3424 1775//3424
f 1772//3425 1776//3425 1774//3425
f 1772//3426 1771//3426 1775//3426
f 1774//3427 1776//3427 1778//3427
f 1774//3428 1778//3428 1779//3428
f 1780//3429 1775//3429 1777//3429
f 1757//3430 1781//3430 1782//3430
f 1781//3431 1703//3431 1704//3431
f 1781//3432 1704//3432 1782//3432
f 1704//3433 1783//3433 1782//3433
f 1784//3434 1782//3434 1783//3434
f 1784//3435 1783//3435 1704//3435
f 1706//3436 1784//3436 1704//3436
f 1706//3437 1704//3437 1705//3437
f 1784//3438 1785//3438 1782//3438
f 1782//3439 1785//3439 1786//3439
f 1782//3440 1786//3440 1757//3440
f 1784//3441 1787//3441 1785//3441
f 1706//3442 1787//3442 1784//3442
f 1544//3443 1551//3443 1553//3443
f 1544//3444 1549//3444 1551//3444
f 1788//3445 1727//3445 1726//3445
f 1723//3446 1728//3446 1790//3446
f 1727//3447 1788//3447 1812//3447
f 1727//3448 1812//3448 1810//3448
f 1788//3449 1726//3449 1789//3449
f 1789//3450 1726//3450 1790//3450
f 1790//3451 1726//3451 1723//3451
f 1791//3452 1728//3452 1723//3452
f 1814//3453 1791//3453 1792//3453
f 1821//3454 1792//3454 1793//3454
f 1818//3455 1763//3455 1754//3455
f 1754//3456 1768//3456 1794//3456
f 1794//3457 1818//3457 1754//3457
f 1766//3458 1770//3458 1769//3458
f 1795//3459 1770//3459 1773//3459
f 1770//3460 1795//3460 1769//3460
f 1796//3461 1773//3461 1774//3461
f 1774//3462 1779//3462 1796//3462
f 1779//3463 1797//3463 1796//3463
f 1799//3464 1773//3464 1796//3464
f 1800//3465 1940//3465 1778//3465
f 1800//3466 1778//3466 1776//3466
f 1778//3467 1940//3467 1926//3467
f 1926//3468 1779//3468 1778//3468
f 1801//3469 1939//3469 1800//3469
f 1800//3470 1939//3470 1931//3470
f 1802//3471 1801//3471 1800//3471
f 1802//3472 1800//3472 1776//3472
f 1776//3473 1803//3473 1802//3473
f 1802//3474 1803//3474 1804//3474
f 1776//3475 1805//3475 1803//3475
f 1804//3476 1803//3476 1805//3476
f 1805//3477 1776//3477 1772//3477
f 1772//3478 1854//3478 1805//3478
f 1854//3479 1772//3479 1775//3479
f 1852//3480 1780//3480 1806//3480
f 1807//3481 1757//3481 1786//3481
f 1808//3482 1786//3482 1785//3482
f 1808//3483 1785//3483 1787//3483
f 1810//3484 1732//3484 1727//3484
f 1727//3485 1732//3485 1725//3485
f 1811//3486 1732//3486 1810//3486
f 1813//3487 1790//3487 1728//3487
f 1814//3488 1728//3488 1791//3488
f 1814//3489 1792//3489 1821//3489
f 1821//3490 1793//3490 1923//3490
f 1815//3491 1763//3491 1818//3491
f 1769//3492 1816//3492 1768//3492
f 1816//3494 1794//3494 1768//3494
f 1816//3495 1769//3495 1795//3495
f 1815//3496 1820//3496 1763//3496
f 1763//3497 1820//3497 1793//3497
f 1728//3498 1814//3498 1813//3498
f 1820//3499 1923//3499 1793//3499
f 1820//3500 1815//3500 1819//3500
f 1822//3501 1813//3501 1814//3501
f 1822//3502 1814//3502 1821//3502
f 1731//3503 1732//3503 1823//3503
f 1823//3504 1732//3504 1898//3504
f 1811//3505 1898//3505 1732//3505
f 1811//3506 1810//3506 1839//3506
f 1823//3507 1897//3507 1731//3507
f 1824//3508 1825//3508 1731//3508
f 1737//3509 1733//3509 1827//3509
f 1737//3510 1827//3510 1826//3510
f 1737//3511 1826//3511 1741//3511
f 1827//3512 1733//3512 1825//3512
f 1826//3513 1828//3513 1740//3513
f 1740//3514 1828//3514 1829//3514
f 1829//3515 1833//3515 1740//3515
f 1740//3516 1833//3516 1744//3516
f 1844//3517 1831//3517 1832//3517
f 1832//3518 1831//3518 1834//3518
f 1836//3519 1844//3519 1832//3519
f 1834//3520 1831//3520 1830//3520
f 1844//3527 1836//3527 1812//3527
f 1812//3528 1836//3528 1810//3528
f 1839//3529 1810//3529 1838//3529
f 1838//3530 1810//3530 1836//3530
f 1836//3531 1837//3531 1838//3531
f 1840//3532 1788//3532 1789//3532
f 1789//3533 1790//3533 1841//3533
f 1841//3534 1790//3534 1842//3534
f 1842//3535 1790//3535 1813//3535
f 1821//3536 1843//3536 1822//3536
f 1812//3537 1788//3537 1840//3537
f 1844//3538 1812//3538 1840//3538
f 1840//3539 1789//3539 1841//3539
f 1744//3540 1830//3540 1831//3540
f 1744//3541 1831//3541 1844//3541
f 1744//3542 1844//3542 1840//3542
f 1840//3543 1743//3543 1744//3543
f 1644//3549 1643//3549 1563//3549
f 1564//3550 1563//3550 1561//3550
f 1563//3551 1560//3551 1561//3551
f 1807//3553 1852//3553 1757//3553
f 1757//3554 1852//3554 1756//3554
f 1853//3555 1786//3555 1808//3555
f 1786//3556 1853//3556 1807//3556
f 1847//3557 1808//3557 1787//3557
f 1849//3558 1848//3558 1847//3558
f 1847//3559 1850//3559 1849//3559
f 1850//3560 1847//3560 1809//3560
f 1850//3561 1851//3561 1849//3561
f 1847//3562 1848//3562 1808//3562
f 1808//3563 1848//3563 1855//3563
f 1808//3564 1855//3564 1853//3564
f 1775//3565 1852//3565 1807//3565
f 1756//3566 1852//3566 1806//3566
f 1775//3567 1780//3567 1852//3567
f 1854//3568 1807//3568 1853//3568
f 1807//3569 1854//3569 1775//3569
f 1854//3570 1853//3570 1855//3570
f 1856//3571 1851//3571 1850//3571
f 1905//3572 1856//3572 1809//3572
f 1809//3573 1856//3573 1850//3573
f 1881//3615 1825//3615 1824//3615
f 1881//3616 1882//3616 1825//3616
f 1884//3617 1824//3617 1885//3617
f 1883//3618 1824//3618 1884//3618
f 1887//3619 1884//3619 1886//3619
f 1887//3620 1883//3620 1884//3620
f 1824//3621 1883//3621 1881//3621
f 1883//3622 1887//3622 1888//3622
f 1889//3623 1881//3623 1883//3623
f 1889//3624 1883//3624 1888//3624
f 1882//3625 1881//3625 1889//3625
f 1889//3626 1890//3626 1891//3626
f 1886//3627 1888//3627 1887//3627
f 1888//3628 1890//3628 1889//3628
f 1894//3629 1888//3629 1886//3629
f 1894//3630 1886//3630 1893//3630
f 1886//3631 1896//3631 1941//3631
f 1941//3632 1943//3632 1886//3632
f 1886//3633 1943//3633 1893//3633
f 1888//3634 1894//3634 1912//3634
f 1895//3635 1894//3635 1915//3635
f 1894//3636 1893//3636 1915//3636
f 1915//3637 1893//3637 1943//3637
f 1885//3638 1824//3638 1731//3638
f 1885//3639 1731//3639 1897//3639
f 1900//3640 1897//3640 1823//3640
f 1811//3641 1839//3641 1898//3641
f 1899//3642 1898//3642 1839//3642
f 1899//3643 1839//3643 1838//3643
f 1838//3644 1901//3644 1899//3644
f 1901//3645 1900//3645 1899//3645
f 1899//3646 1900//3646 1823//3646
f 1899//3647 1823//3647 1898//3647
f 1838//3648 1837//3648 1901//3648
f 1901//3649 1942//3649 1900//3649
f 1900//3650 1902//3650 1897//3650
f 1897//3651 1902//3651 1903//3651
f 1885//3652 1897//3652 1896//3652
f 1897//3653 1903//3653 1896//3653
f 1886//3654 1884//3654 1885//3654
f 1896//3655 1886//3655 1885//3655
f 1804//3656 1805//3656 1855//3656
f 1805//3657 1854//3657 1855//3657
f 1804//3658 1855//3658 1848//3658
f 1906//3660 1849//3660 1851//3660
f 1938//3661 1851//3661 1904//3661
f 1891//3668 1892//3668 1911//3668
f 1882//3669 1891//3669 1911//3669
f 1882//3670 1911//3670 1827//3670
f 1882//3671 1827//3671 1825//3671
f 1828//3672 1826//3672 1827//3672
f 1911//3673 1892//3673 1827//3673
f 1892//3674 1891//3674 1890//3674
f 1890//3675 1912//3675 1892//3675
f 1888//3676 1912//3676 1890//3676
f 1912//3677 1829//3677 1892//3677
f 1827//3678 1892//3678 1828//3678
f 1828//3679 1892//3679 1829//3679
f 1912//3685 1894//3685 1895//3685
f 1895//3686 1829//3686 1912//3686
f 1736//3687 1739//3687 1661//3687
f 1739//3688 1918//3688 1661//3688
f 1841//3689 1743//3689 1840//3689
f 1742//3690 1918//3690 1739//3690
f 1841//3691 1742//3691 1743//3691
f 1918//3692 1919//3692 1661//3692
f 1919//3693 1689//3693 1661//3693
f 1689//3694 1919//3694 2212//3694
f 1842//3695 1813//3695 1822//3695
f 1742//3696 1841//3696 1842//3696
f 1822//3697 1920//3697 1842//3697
f 1920//3699 1822//3699 1843//3699
f 1843//3700 1821//3700 1923//3700
f 1820//3701 1843//3701 1923//3701
f 1926//3706 1901//3706 1837//3706
f 1837//3707 1836//3707 1797//3707
f 1797//3708 1836//3708 1832//3708
f 1796//3711 1797//3711 1832//3711
f 1934//3725 1930//3725 1933//3725
f 1906//3730 1851//3730 1801//3730
f 1801//3731 1851//3731 1938//3731
f 1801//3733 1802//3733 1906//3733
f 1804//3734 1906//3734 1802//3734
f 1804//3735 1848//3735 1849//3735
f 1849//3736 1906//3736 1804//3736
f 1942//3737 1901//3737 1940//3737
f 1926//3738 1940//3738 1901//3738
f 1942//3739 1902//3739 1900//3739
f 1941//3740 1903//3740 1902//3740
f 1941//3741 1902//3741 1934//3741
f 1934//3742 1902//3742 1942//3742
f 1943//3743 1934//3743 1933//3743
f 1934//3744 1943//3744 1941//3744
f 1896//3745 1903//3745 1941//3745
f 1944//3746 1945//3746 1946//3746
f 1945//3747 1944//3747 1948//3747
f 1948//3748 1944//3748 1949//3748
f 1951//3749 1946//3749 1947//3749
f 1951//3750 1950//3750 1946//3750
f 1946//3751 1950//3751 1944//3751
f 1947//3752 2013//3752 1951//3752
f 1954//3753 1951//3753 2013//3753
f 1952//3754 1947//3754 1946//3754
f 1945//3755 1952//3755 1946//3755
f 1951//3759 1955//3759 1950//3759
f 1955//3760 1962//3760 1950//3760
f 1990//3761 1945//3761 1953//3761
f 1948//3762 1959//3762 1993//3762
f 1960//3763 1993//3763 1959//3763
f 1961//3764 1959//3764 1948//3764
f 1961//3765 1948//3765 1966//3765
f 1966//3766 1948//3766 1949//3766
f 1962//3767 1949//3767 1944//3767
f 1962//3768 1944//3768 1950//3768
f 1949//3771 1962//3771 1963//3771
f 1949//3772 1963//3772 1966//3772
f 1966//3773 1963//3773 1961//3773
f 2004//3774 1959//3774 1961//3774
f 1976//3795 1843//3795 1820//3795
f 1795//3812 1773//3812 1799//3812
f 1837//3829 1779//3829 1926//3829
f 1800//3830 1942//3830 1940//3830
f 1934//3831 1942//3831 1800//3831
f 1800//3832 1931//3832 1934//3832
f 1801//3833 1938//3833 1939//3833
f 1779//3836 1837//3836 1797//3836
f 1945//3837 1990//3837 1952//3837
f 1952//3838 1990//3838 1991//3838
f 1992//3839 1990//3839 1953//3839
f 1945//3840 1993//3840 1953//3840
f 1993//3841 1945//3841 1948//3841
f 1953//3842 1993//3842 1994//3842
f 1994//3843 1992//3843 1953//3843
f 2018//3844 1995//3844 1952//3844
f 1991//3845 2018//3845 1952//3845
f 2015//3846 1990//3846 1992//3846
f 1996//3847 1992//3847 1994//3847
f 1994//3849 1993//3849 1998//3849
f 1959//3850 2004//3850 2006//3850
f 2003//3851 1960//3851 1959//3851
f 1993//3852 1960//3852 1998//3852
f 1961//3862 1963//3862 2004//3862
f 1995//3877 1947//3877 1952//3877
f 1995//3878 2012//3878 1947//3878
f 2013//3879 1947//3879 2012//3879
f 1995//3881 2018//3881 2014//3881
f 1990//3882 2015//3882 1991//3882
f 2015//3883 1992//3883 1996//3883
f 2017//3884 1991//3884 2015//3884
f 1991//3887 2017//3887 2018//3887
f 2014//3889 2012//3889 1995//3889
f 1690//4035 1689//4035 2212//4035
f 2212//4036 1919//4036 1918//4036
f 2012//4042 2107//4042 2013//4042
f 2014//4046 2107//4046 2012//4046
f 2207//4207 2208//4207 2206//4207
f 2255//4208 2208//4208 2207//4208
f 1709//4209 1708//4209 1690//4209
f 2210//4210 1709//4210 1690//4210
f 2211//4211 1709//4211 2210//4211
f 1690//4212 2212//4212 2210//4212
f 2210//4213 2212//4213 2213//4213
f 2214//4214 2210//4214 2213//4214
f 1842//4216 1920//4216 2215//4216
f 1918//4217 1742//4217 2212//4217
f 2212//4218 1742//4218 1842//4218
f 2215//4219 1920//4219 1922//4219
f 1842//4220 2215//4220 2212//4220
f 1994//4242 1998//4242 2224//4242
f 2212//4244 2215//4244 2213//4244
f 2215//4245 2231//4245 2213//4245
f 2245//4274 2244//4274 2209//4274
f 2243//4275 2244//4275 2246//4275
f 2245//4276 2209//4276 1707//4276
f 2245//4277 1707//4277 2250//4277
f 2250//4278 1707//4278 1709//4278
f 2245//4279 2249//4279 2244//4279
f 2249//4281 2246//4281 2244//4281
f 2245//4282 2250//4282 2249//4282
f 2246//4283 2249//4283 2248//4283
f 1709//4284 2252//4284 2250//4284
f 2250//4285 2253//4285 2249//4285
f 2248//4286 2249//4286 2253//4286
f 2252//4289 1709//4289 2251//4289
f 2247//4294 2246//4294 2255//4294
f 2251//4298 1709//4298 2211//4298
f 2211//4299 2210//4299 2214//4299
f 1566//4337 1563//4337 1564//4337
f 2243//4338 2246//4338 2247//4338
usemtl Rogue_VenomGlow
f 3//1 1//1 4//1
f 3//2 12//2 5//2
f 3//3 5//3 1//3
f 1//4 6//4 2//4
f 1//5 2//5 4//5
f 7//6 4//6 2//6
f 7//7 2//7 8//7
f 6//8 8//8 2//8
f 1//9 5//9 9//9
f 9//10 5//10 16//10
f 1//11 9//11 6//11
f 14//12 5//12 10//12
f 11//13 10//13 12//13
f 12//14 10//14 5//14
f 12//15 13//15 11//15
f 13//16 14//16 11//16
f 11//17 14//17 10//17
f 13//18 18//18 17//18
f 13//19 17//19 14//19
f 14//20 15//20 5//20
f 5//21 15//21 16//21
f 22//22 15//22 17//22
f 17//23 15//23 14//23
f 13//24 62//24 19//24
f 13//25 19//25 18//25
f 18//26 19//26 29//26
f 18//27 29//27 21//27
f 18//28 21//28 17//28
f 20//29 17//29 21//29
f 27//30 20//30 21//30
f 22//31 17//31 20//31
f 26//32 23//32 20//32
f 20//33 23//33 22//33
f 22//34 24//34 15//34
f 16//35 15//35 24//35
f 67//38 24//38 22//38
f 67//39 22//39 23//39
f 26//40 20//40 27//40
f 28//41 26//41 27//41
f 29//42 27//42 21//42
f 27//43 29//43 28//43
f 26//44 28//44 30//44
f 60//45 31//45 23//45
f 60//46 23//46 26//46
f 60//47 26//47 30//47
f 28//48 29//48 32//48
f 29//49 63//49 32//49
f 62//50 13//50 33//50
f 35//51 33//51 13//51
f 35//52 13//52 12//52
f 3//53 4//53 35//53
f 4//54 34//54 35//54
f 3//55 35//55 12//55
f 35//56 40//56 36//56
f 36//57 37//57 35//57
f 36//58 38//58 37//58
f 404//59 38//59 36//59
f 36//60 39//60 404//60
f 45//61 36//61 40//61
f 45//62 40//62 34//62
f 7//63 34//63 4//63
f 7//64 8//64 41//64
f 8//65 6//65 9//65
f 8//66 9//66 54//66
f 42//67 41//67 43//67
f 43//68 41//68 8//68
f 43//69 8//69 54//69
f 54//70 53//70 43//70
f 44//71 54//71 9//71
f 41//72 45//72 34//72
f 7//73 41//73 34//73
f 36//74 45//74 39//74
f 136//75 39//75 46//75
f 39//76 45//76 46//76
f 42//77 45//77 41//77
f 43//78 48//78 47//78
f 43//79 47//79 42//79
f 42//80 47//80 46//80
f 42//81 46//81 45//81
f 49//82 46//82 47//82
f 47//83 50//83 49//83
f 87//84 49//84 50//84
f 50//85 47//85 48//85
f 50//86 48//86 90//86
f 50//87 90//87 51//87
f 51//88 90//88 88//88
f 94//89 88//89 90//89
f 88//90 94//90 52//90
f 90//91 48//91 43//91
f 90//92 43//92 53//92
f 59//101 44//101 9//101
f 59//102 9//102 24//102
f 9//103 16//103 24//103
f 28//104 32//104 30//104
f 60//105 30//105 32//105
f 61//106 32//106 63//106
f 19//107 62//107 76//107
f 19//108 76//108 29//108
f 29//109 76//109 63//109
f 31//110 60//110 32//110
f 31//111 32//111 61//111
f 63//112 65//112 61//112
f 61//113 65//113 64//113
f 61//114 64//114 31//114
f 23//115 31//115 64//115
f 67//116 64//116 66//116
f 23//117 64//117 67//117
f 73//118 67//118 66//118
f 65//119 63//119 68//119
f 70//120 68//120 63//120
f 69//121 68//121 70//121
f 70//122 71//122 69//122
f 69//123 72//123 68//123
f 66//124 68//124 73//124
f 73//125 68//125 72//125
f 73//126 74//126 67//126
f 289//127 73//127 72//127
f 72//128 75//128 289//128
f 75//129 72//129 69//129
f 50//144 51//144 87//144
f 52//145 94//145 89//145
f 94//146 90//146 92//146
f 92//147 90//147 91//147
f 92//149 89//149 94//149
f 51//150 88//150 95//150
f 51//151 95//151 87//151
f 87//152 95//152 96//152
f 97//153 96//153 95//153
f 98//154 96//154 97//154
f 98//155 97//155 99//155
f 95//156 100//156 97//156
f 100//157 103//157 97//157
f 95//158 88//158 100//158
f 88//159 52//159 100//159
f 101//160 100//160 52//160
f 100//161 101//161 103//161
f 102//162 101//162 52//162
f 102//163 52//163 89//163
f 46//221 49//221 87//221
f 46//222 87//222 136//222
f 136//223 87//223 96//223
f 96//224 147//224 139//224
f 96//225 139//225 136//225
f 39//226 136//226 139//226
f 92//233 142//233 93//233
f 142//234 143//234 93//234
f 148//247 151//247 149//247
f 149//248 151//248 153//248
f 149//249 152//249 148//249
f 152//250 150//250 148//250
f 154//251 152//251 149//251
f 154//252 149//252 180//252
f 182//253 157//253 153//253
f 160//254 153//254 157//254
f 164//255 148//255 150//255
f 152//256 156//256 150//256
f 152//257 154//257 155//257
f 156//258 152//258 155//258
f 158//259 159//259 157//259
f 157//260 159//260 160//260
f 160//261 181//261 153//261
f 149//262 153//262 180//262
f 180//263 179//263 154//263
f 154//264 179//264 155//264
f 156//265 161//265 150//265
f 164//266 162//266 148//266
f 148//267 162//267 151//267
f 162//268 164//268 163//268
f 150//269 161//269 165//269
f 165//270 164//270 150//270
f 166//271 165//271 161//271
f 166//272 161//272 176//272
f 166//273 164//273 165//273
f 164//274 166//274 163//274
f 166//275 169//275 163//275
f 162//276 163//276 167//276
f 162//277 167//277 151//277
f 167//278 168//278 151//278
f 151//279 182//279 153//279
f 169//280 167//280 163//280
f 168//281 167//281 169//281
f 168//282 170//282 151//282
f 176//283 172//283 166//283
f 172//285 174//285 166//285
f 168//286 169//286 171//286
f 171//287 170//287 168//287
f 175//288 169//288 166//288
f 166//289 174//289 175//289
f 156//293 176//293 161//293
f 176//294 156//294 177//294
f 177//295 156//295 178//295
f 178//296 156//296 179//296
f 181//297 180//297 153//297
f 156//298 155//298 179//298
f 160//299 159//299 184//299
f 182//300 158//300 157//300
f 151//301 170//301 182//301
f 183//302 171//302 175//302
f 175//303 171//303 169//303
f 231//304 179//304 180//304
f 181//305 231//305 180//305
f 160//306 184//306 181//306
f 181//307 184//307 231//307
f 34//308 40//308 35//308
f 103//310 111//310 97//310
f 33//320 35//320 62//320
f 35//323 397//323 62//323
f 74//342 24//342 67//342
f 66//356 64//356 65//356
f 68//357 66//357 65//357
f 171//358 204//358 170//358
f 205//359 170//359 204//359
f 209//360 183//360 175//360
f 204//361 171//361 183//361
f 183//362 206//362 205//362
f 183//363 205//363 204//363
f 170//364 205//364 182//364
f 208//365 206//365 183//365
f 207//366 206//366 250//366
f 206//367 208//367 250//367
f 183//368 209//368 208//368
f 250//369 208//369 213//369
f 208//370 209//370 213//370
f 213//371 209//371 211//371
f 175//374 174//374 211//374
f 175//377 211//377 209//377
f 233//402 232//402 184//402
f 184//403 159//403 233//403
f 159//404 236//404 233//404
f 158//405 236//405 159//405
f 158//406 237//406 236//406
f 309//407 237//407 158//407
f 205//408 238//408 182//408
f 205//409 239//409 238//409
f 205//410 206//410 239//410
f 239//411 206//411 240//411
f 206//412 207//412 240//412
f 241//413 238//413 239//413
f 242//414 238//414 241//414
f 242//415 241//415 243//415
f 243//416 245//416 244//416
f 243//417 244//417 242//417
f 241//418 246//418 243//418
f 241//419 239//419 240//419
f 243//420 246//420 245//420
f 247//421 246//421 241//421
f 240//422 207//422 249//422
f 249//423 207//423 248//423
f 250//424 248//424 207//424
f 213//425 214//425 250//425
f 214//426 248//426 250//426
f 248//427 214//427 251//427
f 240//429 249//429 252//429
f 240//430 252//430 241//430
f 241//431 252//431 247//431
f 252//432 253//432 247//432
f 247//433 253//433 255//433
f 253//434 254//434 255//434
f 247//435 256//435 246//435
f 256//436 247//436 255//436
f 254//437 253//437 279//437
f 279//438 253//438 252//438
f 279//439 252//439 249//439
f 256//440 255//440 258//440
f 257//441 258//441 255//441
f 258//443 259//443 256//443
f 322//444 256//444 259//444
f 262//446 255//446 254//446
f 257//447 255//447 262//447
f 267//454 266//454 263//454
f 267//455 263//455 254//455
f 266//461 267//461 273//461
f 273//462 277//462 266//462
f 276//463 273//463 274//463
f 276//467 277//467 273//467
f 273//470 279//470 274//470
f 274//471 279//471 248//471
f 274//472 248//472 251//472
f 279//473 249//473 248//473
f 283//474 281//474 280//474
f 280//475 282//475 283//475
f 284//476 282//476 280//476
f 284//477 280//477 291//477
f 285//478 281//478 283//478
f 364//480 285//480 283//480
f 288//482 283//482 282//482
f 75//483 283//483 288//483
f 75//484 286//484 283//484
f 289//485 75//485 288//485
f 280//487 281//487 290//487
f 290//488 281//488 285//488
f 291//489 280//489 290//489
f 289//490 288//490 292//490
f 292//491 288//491 293//491
f 293//492 288//492 282//492
f 289//493 294//493 73//493
f 289//494 292//494 300//494
f 295//495 300//495 292//495
f 295//496 292//496 296//496
f 292//497 293//497 296//497
f 297//498 296//498 293//498
f 298//499 293//499 282//499
f 298//500 282//500 284//500
f 235//501 298//501 291//501
f 291//502 298//502 284//502
f 299//503 290//503 285//503
f 290//504 299//504 291//504
f 291//505 299//505 232//505
f 235//506 291//506 232//506
f 289//507 300//507 294//507
f 73//508 294//508 74//508
f 297//509 295//509 296//509
f 303//510 295//510 297//510
f 295//511 301//511 300//511
f 300//512 301//512 294//512
f 302//513 301//513 295//513
f 303//514 297//514 293//514
f 305//515 293//515 298//515
f 303//517 302//517 295//517
f 237//528 308//528 233//528
f 237//529 233//529 236//529
f 237//530 310//530 308//530
f 310//535 237//535 309//535
f 310//536 309//536 242//536
f 313//537 321//537 314//537
f 321//544 313//544 242//544
f 242//545 313//545 310//545
f 309//546 158//546 238//546
f 238//547 158//547 182//547
f 309//548 238//548 242//548
f 242//549 244//549 321//549
f 322//550 244//550 245//550
f 245//551 246//551 322//551
f 322//552 246//552 256//552
f 322//553 391//553 244//553
f 323//554 391//554 322//554
f 323//555 322//555 324//555
f 231//605 178//605 179//605
f 407//609 178//609 231//609
f 184//611 353//611 231//611
f 91//614 90//614 53//614
f 53//615 58//615 91//615
f 75//616 69//616 286//616
f 314//689 321//689 320//689
f 320//691 321//691 244//691
f 391//692 320//692 244//692
f 324//693 322//693 259//693
f 58//703 92//703 91//703
f 24//704 74//704 294//704
f 98//706 137//706 96//706
f 96//708 137//708 138//708
f 96//711 138//711 147//711
f 273//713 267//713 254//713
f 273//714 254//714 279//714
f 404//731 39//731 139//731
